,,,,,RNA-Seq,,,,,,,,,,,,,,Microarray,,,,,,,,,,,,,,,,,,,,,,,,,,,,,,,,,,,,,,,,,,,,,,,,,,,,,,,,,,,,,,,,,
,,,,,,,,,,,,,,,,,,,,,,,,,,,,,,,,,,,,,,,,,,,,,,,,,,,,,,,,,,,,,,,,,,,,,,,,,,,,,,,,,,,,
,,,,,,,,,,,,,,,,,,,,,,,,,,,,,,,,,,,UP,,,,,,,,,,,,DOWN,,,,,,,,,,,,,,,,,,,,,,,,,,,,,,,,,,,,,
Kera,,,,,,,Colon,,,,,,,,Entrenz,,,,,,,,Gene Id,,,,,,,,,,,,,,,,,,,,,,,,,,,,,,,,,,,,,,,,,,,,,,,,,,,,,,,,,,,,,
,,,,,,,,,,,,,,,Fibroblast,,,Monocyte,,,,,Fibroblast,,,,,Monocyte,,,,,,,,,,,,,,,,,,,,,,,,,,,,,,,,,,,,,,,,,,,,,,,,,,,,,,,,
Clade IIa,,Clade IIb,,Clade I,,,Clade IIa,,Clade IIb,,Clade I,,,,Zaire,,,Zaire,,,,Zaire,,,,,Zaire,,,,,,,,Keratinocyte,,,,,,,,,,,,,,,,,,,,,,,,,,,,,,,,,,,UP,,,,,,,,,,,DOWN,,,
UP,Down,UP,Down,UP,Down,,UP,Down,UP,Down,UP,Down,,,UP,Down,,UP,Down,,,,UP,,Down,,,UP,,Down,,,,,1510,,"396 elements included exclusively in ""clade IIb"":",,"19 common elements in ""clade IIa"", ""clade IIb"", ""clade I"" and ""Zaire"":",,"11 common elements in ""clade IIa"", ""clade I"" and ""Zaire"":",,,,,,"402 elements included exclusively in ""clade IIb"":",,,"8 common elements in ""clade IIa"", ""clade IIb"", ""clade I"" and ""Zaire"":",,,"3 common elements in ""clade IIa"", ""clade I"" and ""Zaire"":",,,,,,,,402+5,,,,,,,,,,,,,,,,,,,,,,,
3292,2439,2147,1890,2785,1909,,0,0,5,0,3,4,,,1348,344,,424,127,,,,340,139,,,,95,,28,,,,,Common elements in IIa IIb I :,,HCCS,,WDR37,,ABCC9,,,,,,WDR54,,,ATP1B3,,,AIMP2,,,,,,,,5 Elements excluded from 407,,,,,,,,,,,,,,,,,,,,,,,
RBM5,TSPAN6,RBM5,TSPAN6,NFYA,FUCA2,,,,EGR1,,TFF1,MT1G,,,39487,10242,,26031,1067,,,4963,OFC1,9744,ACAP1,,6231,RPS26,,26791,SNORD58A,,,,RBM5,,SPATA20,,OGFR,,SLC9A1,,,,,,TSPAN9,,,ATP5F1B,,,SP110,,,,,,,,TESK2,,,,,,,,,,,,,,,,,,,,,,,
FKBP4,FUCA2,RECQL,LAS1L,ALS2,SEMA3F,,,,FOS,,FABP1,MT1B,,,39527,563,,29586,43048,,,2549,GAB1,4298,MLLT1,,28732,TRAJ23,,3237,HOXD11,,,,RECQL,,KDM7A,,CNOT4,,PAPOLA,,,,,,POLA2,,,ITGB6,,,AFG3L2,,,,,,,,BLMH,,,,,,,,"545 elements included exclusively in ""Clade IIa"":",,"190 elements included exclusively in ""Clade I"":",,"293 elements included exclusively in ""Fibroblast"":",,,,,,,"414 elements included exclusively in ""Clade IIa"":",,"141 elements included exclusively in ""Clade I"":",,"122 elements included exclusively in ""Fibroblast"":"
RECQL,LAS1L,ARHGAP33,SEMA3F,RBM5,BAD,,,,HSPA6,,DDIT4,MT1H,,,14326,494,,10692,2039,,,23731,TMEM245,590,BCHE,,8890,EIF2B4,,1058,CENPA,,,,ARHGAP33,,PRSS21,,OVGP1,,KCND1,,,,,,CLCA4,,,TUBA1B,,,,,,,,,,,BCHE,,,,,,,,SYN1,,NFYA,,OFC1,,,,,,,PNPLA4,,GPC1,,ACAP1
ARHGAP33,SEMA3F,HCCS,LAP3,FKBP4,LAP3,,,,HSPA1A,,,MT1M,,,14286,7598,,18830,24633,,,22884,WDR37,472,ATM,,28730,TRAJ25,,28509,IGHD1-7,,,,PRSS22,,PKD1,,NFAT5,,PLEKHM2,,,,,,CYP24A1,,,ATP5MG,,,,,,,,,,,IFIT1,,,,,,,,IFFO1,,ALS2,,GAB1,,,,,,,KIAA0100,,GOLGA5,,MLLT1
PRSS22,BAD,PRSS22,SLC25A5,RBM6,AK2,,,,AL627171.2,,,,,,35927,723,,11629,253,,,4739,NEDD9,1579,CYP4A11,,28731,TRAJ24,,3131,HLF,,,,FAM214B,,SCMH1,,NEFM,,TNFAIP3,,,,,,RNASET2,,,BSG,,,,,,,,,,,LAMP1,,,,,,,,PGM3,,RBM6,,TMEM245,,,,,,,RPUSD1,,FMO4,,ATM
UPF1,LAP3,FAM214B,WDR54,RECQL,NDUFAB1,,,,,,,,,,31387,18697,,26030,39135,,,10667,FARS2,474,ATOH1,,8888,MCM3AP,,2039,DMTN,,,,SOX8,,MRC2,,ICAM5,,CCN1,,,,,,KITLG,,,IDH2,,,,,,,,,,,,,,,,,,,MTMR11,,CYTH3,,NEDD9,,,,,,,RPS20,,POLD3,,CYP4A11
FAM214B,AK2,SOX8,CROT,ARHGAP33,SLC25A13,,,,,,,,,,10730,490,,39488,39358,,,4730,NDUFV2P1,236,AKR1B1P2,,3527,IGKV3OR22-2,,28461,IGHV1-69,,,,ZFX,,SEMA3B,,ELL,,USP21,,,,,,FNIP2,,,GM2A,,,,,,,,,,,,,,,,,,,SNAPC1,,MED24,,FARS2,,,,,,,ANGEL1,,PALB2,,ATOH1
CREBBP,NDUFAB1,FBXL3,REX1BD,PRSS22,SKAP2,,,,,,,,,,27830,506,,19725,6719,,,4736,RPL10A,28610,TRBV5-5,,3529,IGKV2OR22-3,,3806,KIR2DS1,,,,MAP3K14,,AIFM2,,CLDN15,,ILF2,,,,,,MPC1,,,,,,,,,,,,,,,,,,,,,,ARID4A,,BCLAF1,,NDUFV2P1,,,,,,,GLT8D1,,WDFY1,,AKR1B1P2
KMT2E,SLC25A13,ZFX,TTC22,UPF1,SLC25A5,,,,,,,,,,27790,507,,29629,21142,,,4741,NEFM,7436,VLDLR,,5286,PIK3C2A,,28345,IGHVIII-44,,,,TMEM132A,,DSG2,,FGFR1OP2,,SPATA2,,,,,,RPL18,,,,,,,,,,,,,,,,,,,,,,GAB2,,ZNF800,,RPL10A,,,,,,,EIPR1,,PHGDH,,TRBV5-5
SOX8,SKAP2,MAP3K14,GGCT,FAM214B,COPZ2,,,,,,,,,,34126,14644,,11589,25699,,,4745,NELL1,11189,CELF3,,5287,PIK3C2B,,2433,FRA10C,,,,ZNF263,,TSPAN17,,SLC8A2,,PCBP2,,,,,,ATP2C2,,,,,,,,,,,,,,,,,,,,,,ATP6V0A1,,FAM160A2,,NELL1,,,,,,,RAI14,,SH3GLB1,,VLDLR
FBXL3,SLC25A5,TMEM132A,CCDC124,CREBBP,CROT,,,,,,,,,,18830,4080,,32327,42561,,,3658,IREB2,2308,FOXO1,,5288,PIK3C2G,,4597,MVD,,,,TNFRSF12A,,ATP9A,,PLAGL1,,,,,,,,NTHL1,,,,,,,,,,,,,,,,,,,,,,LSG1,,FSTL4,,IREB2,,,,,,,TRIT1,,HSD3B7,,CELF3
ZFX,COPZ2,AP2B1,TSR3,KMT2E,GDE1,,,,,,,,,,10690,3744,,25991,546,,,4747,NEFL,7696,ZNF137P,,5289,PIK3C3,,253,ALS3,,,,RHBDF1,,EIF2AK2,,INHBA,,,,,,,,OAT,,,,,,,,,,,,,,,,,,,,,,KIAA0556,,VMP1,,NEFL,,,,,,,CUL7,,APEX1,,FOXO1
MAP3K14,CROT,ZNF263,SYPL1,SOX8,TTC22,,,,,,,,,,25130,496,,39489,4597,,,4761,NEUROD2,7691,ZNF132,,28729,TRAJ26,,3414,IDDM15,,,,CRAMP1,,SLC2A3,,DHX38,,,,,,,,WDR18,,,,,,,,,,,,,,,,,,,,,,RRP12,,CTSA,,NEUROD2,,,,,,,MRPS10,,PSMA7,,ZNF137P
TMEM132A,GDE1,SPATA20,CYB561,ZFX,GGCT,,,,,,,,,,13390,11090,,17892,40735,,,825,CAPN3,483,ATP1B3,,5290,PIK3CA,,28601,TRBV6-6,,,,CDK11A,,SPHK2,,GATA6,,,,,,,,MCM10,,,,,,,,,,,,,,,,,,,,,,NNAT,,NFYC,,CAPN3,,,,,,,MSMO1,,PCSK1N,,ZNF132
AP2B1,REX1BD,TNFRSF12A,MPND,MAP3K14,ELAC2,,,,,,,,,,25132,7691,,10690,39164,,,826,CAPNS1,2558,GABRA5,,28727,TRAJ28,,2457,FRA14B,,,,CELSR3,,ZNF275,,XRCC4,,,,,,,,COL17A1,,,,,,,,,,,,,,,,,,,,,,ZFR,,UFD1,,CAPNS1,,,,,,,MRTO4,,UBL4A,,GABRA5
TAC1,TTC22,KDM7A,MGST1,TMEM132A,CCDC124,,,,,,,,,,27792,5232,,5287,3806,,,827,CAPN6,3402,IDDM3,,28728,TRAJ27,,3028,HSD17B10,,,,SS18L2,,MTHFD2,,UBXN7,,,,,,,,YBX1,,,,,,,,,,,,,,,,,,,,,,TRAF1,,PTGS2,,CAPN6,,,,,,,LAMA3,,CPPED1,,IDDM3
ZNF263,GGCT,PRSS21,NFIX,TAC1,TSR3,,,,,,,,,,17892,4300,,32331,24932,,,828,CAPS,489,ATP2A3,,5292,PIM1,,546,ATRX,,,,CRY1,,CACNB1,,ZNF212,,,,,,,,ASPM,,,,,,,,,,,,,,,,,,,,,,DCBLD2,,ANO8,,CAPS,,,,,,,TBC1D22A,,DNAJA3,,ATP2A3
TNFRSF12A,ELAC2,RHBDF1,UQCRC1,ZNF263,SYPL1,,,,,,,,,,17932,11189,,18790,5883,,,829,CAPZA1,2553,GABPB1,,28725,TRAJ30,,10172,ZNF256,,,,MMP25,,CBFB,,CBX6,,,,,,,,PABPC1,,,,,,,,,,,,,,,,,,,,,,UNKL,,MCCC1,,CAPZA1,,,,,,,ATP2B4,,SPG11,,GABPB1
MAP3K9,PNPLA4,CRAMP1,PRSS3,TNFRSF12A,CYB561,,,,,,,,,,5332,687,,42225,39449,,,5862,RAB2A,2311,FOXO1B,,28726,TRAJ29,,1255,CNA1,,,,IL32,,RASSF1,,,,,,,,,,TRIP13,,,,,,,,,,,,,,,,,,,,,,MED29,,CBFA2T2,,RAB2A,,,,,,,HAGH,,MCM4,,FOXO1B
BAIAP2L1,CCDC124,CDK11A,TSPAN9,MAP3K9,MPND,,,,,,,,,,32327,18698,,15187,10172,,,2592,GALT,2310,FOXO3B,,825,CAPN3,,9312,KCNB2,,,,ZNF207,,MNT,,,,,,,,,,ATP6AP1,,,,,,,,,,,,,,,,,,,,,,TNPO3,,ARG2,,GALT,,,,,,,DGKA,,TBCB,,FOXO3B
IFRD1,KIAA0100,CELSR3,ANLN,BAIAP2L1,MGST1,,,,,,,,,,39529,4111,,17932,41994,,,2591,GALNT3,10420,TESK2,,827,CAPN6,,6719,SRD5A1P1,,,,NISCH,,ATP2B1,,,,,,,,,,SMC1A,,,,,,,,,,,,,,,,,,,,,,AP3D1,,DOP1A,,GALNT3,,,,,,,MTFR1,,MEGF9,,ATP2B1
RHBDF1,RPUSD1,SS18L2,POLA2,IFRD1,NFIX,,,,,,,,,,25089,520,,10730,2433,,,2590,GALNT2,490,ATP2B1,,7125,TNNC2,,2239,GPC4,,,,FYN,,SPEG,,,,,,,,,,HMMR,,,,,,,,,,,,,,,,,,,,,,SPEN,,ZNF586,,GALNT2,,,,,,,HYAL2,,DDX50,,ATP4A
LUC7L,TSR3,CRY1,MDH1,RHBDF1,CD9,,,,,,,,,,7086,155,,8889,256,,,27285,TEKT2,495,ATP4A,,9787,DLGAP5,,2354,FOSB,,,,CLCN6,,PDE8A,,,,,,,,,,XRCC1,,,,,,,,,,,,,,,,,,,,,,DIP2B,,CD59,,TEKT2,,,,,,,NUP133,,SYNGR2,,ATP4B
CRAMP1,SYPL1,MMP25,IL20RA,LUC7L,PRSS3,,,,,,,,,,25092,2848,,2631,42540,,,2589,GALNT1,496,ATP4B,,2592,GALT,,5883,RAD9A,,,,APBA3,,CELSR1,,,,,,,,,,SCARB1,,,,,,,,,,,,,,,,,,,,,,PFKP,,ATRX,,GALNT1,,,,,,,VPS35,,CCDC34,,IDDM11
MYLIP,CYB561,IL32,CLCA4,CRAMP1,ANLN,,,,,,,,,,39489,31625,,34087,31811,,,2588,GALNS,3410,IDDM11,,2589,GALNT1,,6567,SLC16A2,,,,RNF216,,VPS9D1,,,,,,,,,,DHRS9,,,,,,,,,,,,,,,,,,,,,,DHX8,,KIZ,,GALNS,,,,,,,PIGB,,COQ5,,IDH3A
SYN1,MPND,PKD1,RALBP1,MYLIP,TMEM159,,,,,,,,,,25090,234,,4426,27227,,,830,CAPZA2,3419,IDH3A,,2587,GALR1,,3699,ITIH3,,,,KDM5D,,ZNF37A,,,,,,,,,,LMAN1,,,,,,,,,,,,,,,,,,,,,,MEF2A,,SNX5,,CAPZA2,,,,,,,GUCY2C,,CDK2AP1,,WNT6
CDK11A,MGST1,BAZ1B,CNTN1,CDK11A,PRICKLE3,,,,,,,,,,25129,3201,,1725,42598,,,2587,GALR1,10632,ATP5MG,,2585,GALK2,,5636,PRPSAP2,,,,CLK1,,ITCH,,,,,,,,,,SEMA3C,,,,,,,,,,,,,,,,,,,,,,CFAP20,,TOP3B,,GALR1,,,,,,,NDST1,,SAYSD1,,TRBV5-7
SPAG9,NFIX,ZNF207,CYP24A1,CYTH3,MVP,,,,,,,,,,34086,18710,,29627,36352,,,831,CAST,3418,IDH2,,10730,YME1L1,,28644,TRAV38-1,,,,GPRC5A,,TNS1,,,,,,,,,,WDR62,,,,,,,,,,,,,,,,,,,,,,RAD18,,GGA1,,CAST,,,,,,,RHOBTB1,,FIG4,,WNT8A
CELSR3,RPS20,STARD3NL,CPS1,SPAG9,POLR3B,,,,,,,,,,7126,18679,,19685,42954,,,2585,GALK2,7475,WNT6,,4430,MYO1B,,,,,,,PHLDB1,,MID2,,,,,,,,,,REXO2,,,,,,,,,,,,,,,,,,,,,,ADGRL1,,PICK1,,GALK2,,,,,,,NLE1,,CCND3,,TRBV5-8
AASS,UQCRC1,GIPR,NLRP2,CELSR3,DNASE1L1,,,,,,,,,,16090,7475,,39525,30437,,,832,CAPZB,28608,TRBV5-7,,4431,MSBP1,,,,,,,SAMD4A,,TRAF5,,,,,,,,,,FBLN1,,,,,,,,,,,,,,,,,,,,,,MPP5,,PPP6R2,,CAPZB,,,,,,,NOTCH3,,RAD50,,IFI16
SS18L2,CD9,NISCH,RNH1,AASS,HEBP1,,,,,,,,,,5292,7706,,32330,2354,,,5616,PRKY,7478,WNT8A,,4429,MRXS7,,,,,,,RB1CC1,,ULK2,,,,,,,,,,EDN1,,,,,,,,,,,,,,,,,,,,,,TUBE1,,HMOX1,,PRKY,,,,,,,MYDGF,,TXNDC15,,TEAD4
CRY1,PRSS3,SCMH1,DERA,SS18L2,CAPN1,,,,,,,,,,13430,3694,,8929,37259,,,4528,MTIF2,3431,SP110,,6189,RPS3A,,,,,,,PLEKHO1,,ZNF416,,,,,,,,,,NDC80,,,,,,,,,,,,,,,,,,,,,,MARK3,,VCPKMT,,MTIF2,,,,,,,ACTR6,,ATP6V0E1,,STK16
MMP25,TMEM159,FYN,RNASET2,CRY1,MDH1,,,,,,,,,,27832,472,,32291,28601,,,3690,ITGB3,28607,TRBV5-8,,1729,DIAPH1,,,,,,,GCLM,,BCORL1,,,,,,,,,,HAL,,,,,,,,,,,,,,,,,,,,,,FRYL,,DCAF11,,ITGB3,,,,,,,GRAMD4,,FANCL,,CR2
IL32,PRICKLE3,CLCN6,CD44,MMP25,SLC30A9,,,,,,,,,,26032,4246,,23330,42559,,,4541,MT-ND6,3428,IFI16,,1725,DHPS,,,,,,,UBR2,,DDHD2,,,,,,,,,,PIGS,,,,,,,,,,,,,,,,,,,,,,TMEM131,,ARFGAP1,,LRP8,,,,,,,EXOSC7,,TXNDC9,,GRIK4
MAPK8IP2,MVP,MRC2,MIPEP,IL32,COX15,,,,,,,,,,18790,30213,,30488,18428,,,5863,RGL2,7004,TEAD4,,23329,TBC1D30,,,,,,,NCAPH2,,SNX10,,,,,,,,,,PSMC5,,,,,,,,,,,,,,,,,,,,,,RAB7A,,RAB40AL,,PHLDA1,,,,,,,DNAJC10,,DARS,,IGHVII-22-1
BAZ1B,POLR3B,APBA3,IFNGR1,MAPK8IP2,IL20RA,,,,,,,,,,32287,3846,,23292,37877,,,7804,LRP8,8576,STK16,,8930,MBD4,,,,,,,VIM,,KLHL42,,,,,,,,,,TFAP2C,,,,,,,,,,,,,,,,,,,,,,TULP3,,TAF1C,,PRSS8,,,,,,,PPP2R5C,,SCAMP3,,ADRB3
ZNF207,ANGEL1,RNF216,GRN,MED24,SLC38A5,,,,,,,,,,19727,642,,25990,42745,,,22822,PHLDA1,1380,CR2,,6191,RPS4X,,,,,,,AGPAT4,,DOCK9,,,,,,,,,,AURKA,,,,,,,,,,,,,,,,,,,,,,RAB21,,KAT8,,TUBGCP2,,,,,,,CPOX,,CRYZ,,RNU1-2
STARD3NL,DNASE1L1,SEMA3B,ALG1,ZNF207,RALBP1,,,,,,,,,,2626,30217,,42188,39413,,,5652,PRSS8,2900,GRIK4,,25987,TSKU,,,,,,,TBPL1,,RCOR1,,,,,,,,,,TPX2,,,,,,,,,,,,,,,,,,,,,,MAGI3,,INTS9,,MT-TF,,,,,,,JMJD4,,NENF,,NFE2L2
IFFO1,HEBP1,KDM5D,ABCF2,GIPR,CNTN1,,,,,,,,,,34127,15692,,17925,36175,,,10844,TUBGCP2,28374,IGHVII-22-1,,6192,RPS4Y1,,,,,,,FAM13B,,PDCD7,,,,,,,,,,SLC15A1,,,,,,,,,,,,,,,,,,,,,,EPB41L3,,FCGRT,,ALDH1L1,,,,,,,ATP8B1,,CD3EAP,,MLLT3
NISCH,CAPN1,CLK1,TMSB10,NISCH,AGPS,,,,,,,,,,9786,8765,,26028,9312,,,4558,MT-TF,155,ADRB3,,25989,ULK3,,,,,,,ZCCHC8,,RAB11FIP3,,,,,,,,,,BIRC5,,,,,,,,,,,,,,,,,,,,,,ITPKC,,TRMT1,,SASH1,,,,,,,LYRM2,,RAB32,,H2BC10
SLC6A13,MDH1,GPRC5A,PEX3,SLC6A13,RNH1,,,,,,,,,,29626,14933,,13392,27116,,,10840,ALDH1L1,26870,RNU1-2,,25988,HINFP,,,,,,,EDC4,,TNRC6A,,,,,,,,,,KIF4A,,,,,,,,,,,,,,,,,,,,,,TRIP6,,VRK3,,TBC1D30,,,,,,,TNPO1,,STBD1,,FRA1E
FYN,SLC30A9,PHLDB1,ADSS,FYN,DERA,,,,,,,,,,15187,342,,13430,3699,,,23328,SASH1,3434,IFIT1,,23327,NEDD4L,,,,,,,TRIO,,UPRT,,,,,,,,,,NAT14,,,,,,,,,,,,,,,,,,,,,,ATXN7L3,,KRT37,,MBD4,,,,,,,ZMPSTE24,,GLE1,,HOXB
HIVEP2,COX15,SAMD4A,MRI1,HIVEP2,DEF6,,,,,,,,,,23332,10868,,13432,43082,,,23329,TBC1D30,4780,NFE2L2,,26030,PLEKHG3,,,,,,,RIPOR1,,SMIM24,,,,,,,,,,TMEM101,,,,,,,,,,,,,,,,,,,,,,GNAS,,AKAP10,,PPP1R11,,,,,,,IGSF9,,KDSR,,HPCA
CLCN6,IL20RA,SERPINB1,CDH1,CLCN6,EHD2,,,,,,,,,,1729,7436,,42189,35397,,,8930,MBD4,3694,ITGB6,,8929,PHOX2B,,,,,,,PHLPP2,,LZTR1,,,,,,,,,,CCDC80,,,,,,,,,,,,,,,,,,,,,,SPTLC1,,DPH1,,IGFBP3,,,,,,,TTC39A,,ZNF205,,NR3C1P1
APBA3,GLT8D1,RB1CC1,RAB27B,APBA3,CD44,,,,,,,,,,9826,25897,,31427,42413,,,6992,PPP1R11,4300,MLLT3,,28691,TRAV2,,,,,,,MED17,,XBP1,,,,,,,,,,PSME1,,,,,,,,,,,,,,,,,,,,,,PDPR,,IFT20,,IGFBP2,,,,,,,MAVS,,AHNAK,,USP20
AKAP8L,SLC38A5,PLEKHO1,CAPG,AKAP8L,MIPEP,,,,,,,,,,1689,495,,34987,1058,,,3486,IGFBP3,8346,H2BC10,,26032,SUSD5,,,,,,,OFD1,,SUN2,,,,,,,,,,MYL6,,,,,,,,,,,,,,,,,,,,,,SEC22C,,UBE4A,,TSKU,,,,,,,ANAPC5,,MIF4GD,,IFNA7
RNF216,RALBP1,GCLM,AP2S1,RNF216,IFNGR1,,,,,,,,,,29627,2292,,827,39378,,,3485,IGFBP2,2364,FRA1E,,1731,SEPTIN1,,,,,,,WDR37,,BIK,,,,,,,,,,CDC23,,,,,,,,,,,,,,,,,,,,,,HDAC6,,PRR4,,WASHC4,,,,,,,FXYD5,,HECTD3,,HOXA4
PTBP1,CNTN1,UBR2,KITLG,PTBP1,BAK1,,,,,,,,,,4429,7539,,2587,39027,,,25987,TSKU,3210,HOXB@,,26031,OSBPL3,,,,,,,HDAC9,,ZC3H7B,,,,,,,,,,TECR,,,,,,,,,,,,,,,,,,,,,,CDC6,,NPR3,,ULK3,,,,,,,RBM41,,TRMT5,,TRBV21OR9-2
MAP4K3,AGPS,NCAPH2,VAMP3,MAP4K3,GRN,,,,,,,,,,19687,3916,,39485,38165,,,23325,WASHC4,3208,HPCA,,1730,DIAPH2,,,,,,,PER3,,CGRRF1,,,,,,,,,,POLR2F,,,,,,,,,,,,,,,,,,,,,,BAMBI,,ABCB6,,USP22,,,,,,,FETUB,,YWHAH,,AGA
ERCC1,CPS1,VIM,EPN3,ERCC1,ALG1,,,,,,,,,,27789,3178,,29589,7017,,,25989,ULK3,2910,NR3C1P1,,8927,BSN,,,,,,,NEDD4L,,PCK2,,,,,,,,,,TIMP3,,,,,,,,,,,,,,,,,,,,,,CATSPERG,,ARTN,,PHOX2B,,,,,,,CMTM6,,CDC42EP1,,GSC2
ELOVL5,NLRP2,AGPAT4,RFC2,ELOVL5,TMSB10,,,,,,,,,,35027,1618,,4390,37077,,,23326,USP22,10868,USP20,,8928,FOXH1,,,,,,,ARHGEF5,,NINL,,,,,,,,,,AP1B1,,,,,,,,,,,,,,,,,,,,,,EFNA2,,FASTKD2,,BSN,,,,,,,SEL1L3,,ANAPC13,,CSDE1
KDM5D,RNH1,TBPL1,DKK3,KDM5D,PEX3,,,,,,,,,,3531,340,,4386,43047,,,25988,HINFP,3444,IFNA7,,28690,TRAV3,,,,,,,BCAR1,,CTSZ,,,,,,,,,,MCM5,,,,,,,,,,,,,,,,,,,,,,TECR,,MED28,,FOXH1,,,,,,,AAAS,,DTD2,,TRGV6
PSMC4,DERA,FAM13B,NFE2L3,PSMC4,FAM136A,,,,,,,,,,792,7604,,13390,38893,,,8929,PHOX2B,3201,HOXA4,,8925,HERC1,,,,,,,ARID4B,,TRIB3,,,,,,,,,,SYNGR1,,,,,,,,,,,,,,,,,,,,,,IGF2-AS,,RAB3GAP2,,HERC1,,,,,,,MRPS18A,,PODNL1,,TRGV10
PGM3,DEF6,ZCCHC8,LIMA1,CLK1,ADSS,,,,,,,,,,25992,18711,,24189,20412,,,8927,BSN,6959,TRBV21OR9-2,,8926,SNURF,,,,,,,RELT,,CDS2,,,,,,,,,,ACO2,,,,,,,,,,,,,,,,,,,,,,CYP2D6,,GTF3C3,,SNURF,,,,,,,TMEM14A,,GRSF1,,HTR1E
CLK1,EHD2,CHPF2,THOC3,GPRC5A,MRI1,,,,,,,,,,2586,5102,,20627,21312,,,8928,FOXH1,175,AGA,,8028,MLLT10,,,,,,,USP36,,ABCD1,,,,,,,,,,CDKN3,,,,,,,,,,,,,,,,,,,,,,FBXO7,,KLHL29,,POLR2A,,,,,,,TMED1,,FLOT2,,HLA-DOB
GPRC5A,CD44,TUBG2,FNIP2,TACC3,CDH1,,,,,,,,,,7131,11084,,31386,39030,,,8925,HERC1,2928,GSC2,,8029,CUBN,,,,,,,KMT2C,,RENBP,,,,,,,,,,DAAM1,,,,,,,,,,,,,,,,,,,,,,MIOX,,CD274,,TTC28,,,,,,,TRMT2A,,NXT1,,RNF19A
TACC3,MIPEP,EDC4,FOXN3,MATR3,RAB27B,,,,,,,,,,7128,34903,,8032,3414,,,8926,SNURF,7812,CSDE1,,8026,DGS2,,,,,,,MCOLN3,,SMARCA1,,,,,,,,,,HIF1A,,,,,,,,,,,,,,,,,,,,,,RANGAP1,,ZMYM2,,CLASP1,,,,,,,SNAP29,,LARS,,RCHY1
MTMR11,IFNGR1,TRIO,AKR7A2,PHLDB1,RETSAT,,,,,,,,,,15227,4341,,4430,39161,,,5430,POLR2A,6980,TRGV6,,3491,CCN1,,,,,,,PUM2,,KLF8,,,,,,,,,,PSME2,,,,,,,,,,,,,,,,,,,,,,MLC1,,PI3,,IGH,,,,,,,CCDC134,,KCTD1,,COL6A1
MATR3,BAK1,RIPOR1,PHPT1,SAMD4A,CAPG,,,,,,,,,,832,175,,37726,2239,,,23331,TTC28,6984,TRGV10,,8932,MBD2,,,,,,,STYK1,,PARP4,,,,,,,,,,MYBL2,,,,,,,,,,,,,,,,,,,,,,RBM23,,BTN2A2,,IGFBP7,,,,,,,TTLL1,,TIMM10,,MPPED2
PHLDB1,GRN,PNKP,OPN3,SERPINB1,AP2S1,,,,,,,,,,43127,17248,,4425,3131,,,23332,CLASP1,3354,HTR1E,,8031,NCOA4,,,,,,,OGFR,,KATNAL1,,,,,,,,,,TM9SF4,,,,,,,,,,,,,,,,,,,,,,AHSA1,,APOBEC3A,,IGFBP6,,,,,,,TAB1,,RAC1,,TRGV4
SAMD4A,EIPR1,PHLPP2,MRPL43,RNF10,MAP4,,,,,,,,,,7088,7540,,30530,35662,,,3492,IGH,3112,HLA-DOB,,8030,CCDC6,,,,,,,GPBP1,,SLC7A5,,,,,,,,,,IDH3B,,,,,,,,,,,,,,,,,,,,,,CHMP4B,,ECSIT,,IGFBP5,,,,,,,NIN,,ANP32B,,BEVI
RNF10,ALG1,AIFM2,HPF1,RB1CC1,GOPC,,,,,,,,,,34087,36699,,30532,17813,,,3491,CCN1,25897,RNF19A,,5330,PLCB2,,,,,,,ZNF112,,CD276,,,,,,,,,,GDPD3,,,,,,,,,,,,,,,,,,,,,,FMR1,,EPS8L1,,SNED1,,,,,,,PIGH,,FLOT1,,ATP5F1BP1
RB1CC1,ABCF2,MED17,TRAF3IP2,ALAS1,VAMP3,,,,,,,,,,2628,1616,,7991,40310,,,3490,IGFBP7,25898,RCHY1,,7991,TUSC3,,,,,,,BICRA,,GSR,,,,,,,,,,MT4,,,,,,,,,,,,,,,,,,,,,,ZNF106,,STARD13,,IGFBP4,,,,,,,RABGGTA,,SEC31A,,RANBP9
ALAS1,TMSB10,PHKA2,SERPINB3,BIRC3,RFC2,,,,,,,,,,6191,8822,,33228,34963,,,3489,IGFBP6,1291,COL6A1,,26027,ACOT11,,,,,,,NGFR,,KCTD9,,,,,,,,,,COTL1,,,,,,,,,,,,,,,,,,,,,,BLOC1S6,,BEX2,,POLD2,,,,,,,CDC25B,,SLC15A4,,TRIM25
BIRC3,PEX3,DSG2,YIPF1,PLEKHO1,JKAMP,,,,,,,,,,27829,17575,,2586,21977,,,3488,IGFBP5,744,MPPED2,,28686,TRAV7,,,,,,,LPAR2,,SNAPC2,,,,,,,,,,QPRT,,,,,,,,,,,,,,,,,,,,,,CSPP1,,DYNC1LI2,,MBD2,,,,,,,HM13,,WARS,,FHL2
SNAPC1,FAM136A,OFD1,NDC1,GCLM,DKK3,,,,,,,,,,7091,18707,,5327,18532,,,25992,SNED1,6977,TRGV4,,785,CACNB4,,,,,,,SUGP2,,IL27RA,,,,,,,,,,VPS35L,,,,,,,,,,,,,,,,,,,,,,ERICH1,,SMPD4,,POLE2,,,,,,,SNPH,,TPM1,,HOXD10
PLEKHO1,ADSS,WDR37,TARBP1,UBR2,MCUR1,,,,,,,,,,39528,8614,,32287,24565,,,3487,IGFBP4,506,ATP5F1B,,26025,PCDHGA12,,,,,,,SBNO2,,DENND3,,,,,,,,,,CTSH,,,,,,,,,,,,,,,,,,,,,,HNRNPL,,TEX10,,TTC33,,,,,,,TIMP1,,ZNF710,,EHD1
GCLM,MRI1,HDAC9,MPC1,HSF2,LIMA1,,,,,,,,,,28729,40299,,1729,28177,,,5425,POLD2,628,BEVI,,28685,TRAV8-1,,,,,,,ASB1,,KXD1,,,,,,,,,,CEMIP,,,,,,,,,,,,,,,,,,,,,,ERCC2,,UBAP2,,PSMA3,,,,,,,CDADC1,,FN3KRP,,DAZL
UBR2,CDH1,TSPAN17,CDH3,NCAPH2,PIK3CB,,,,,,,,,,5285,25898,,2628,3237,,,8932,MBD2,507,ATP5F1BP1,,788,SLC25A20,,,,,,,NGEF,,PLEKHA8,,,,,,,,,,TGM5,,,,,,,,,,,,,,,,,,,,,,DOT1L,,MAPKBP1,,AP1B1P1,,,,,,,MRPS31,,P3H4,,TACR1
HSF2,RAI14,PER3,DGAT2,TOMM34,THOC3,,,,,,,,,,33228,3174,,1726,20980,,,5427,POLE2,10048,RANBP9,,789,SLC25A20P1,,,,,,,KIF26A,,GARS,,,,,,,,,,NUCB1,,,,,,,,,,,,,,,,,,,,,,SF3A2,,RASGEF1B,,EHBP1,,,,,,,SLC25A15,,UCK2,,DAXX
NCAPH2,RAB27B,NEDD4L,MRPS24,VIM,SIKE1,,,,,,,,,,16130,11522,,6191,1255,,,5428,POLG,7706,TRIM25,,5325,PLAGL1,,,,,,,DDX3Y,,SERPINE1,,,,,,,,,,OLFM2,,,,,,,,,,,,,,,,,,,,,,NOVA2,,CSAD,,AP1B1P2,,,,,,,VWA8,,TARS2,,IAPP
TOMM34,RETSAT,ARHGEF5,RPL18,AGPAT4,FOXN3,,,,,,,,,,1726,12402,,35927,42580,,,23548,TTC33,2274,FHL2,,5327,PLAT,,,,,,,TFE3,,CREB3,,,,,,,,,,CNFN,,,,,,,,,,,,,,,,,,,,,,SGTA,,LINS1,,MGAT4A,,,,,,,SLC7A6OS,,NVL,,ATP5MC2P1
VIM,CAPG,BCAR1,ISOC2,BTN3A1,AKR7A2,,,,,,,,,,5325,4336,,1730,21195,,,5684,PSMA3,3916,LAMP1,,7988,ZNF212,,,,,,,ACSL4,,DVL1,,,,,,,,,,TMEM205,,,,,,,,,,,,,,,,,,,,,,DYRK1B,,RHCG,,GMEB1,,,,,,,ANTKMT,,PARP1,,IGHVIII-44
AGPAT4,AP2S1,ARID4B,INTS13,POU2F2,PHPT1,,,,,,,,,,11629,7965,,4385,28461,,,23782,AP1B1P1,3236,HOXD10,,5328,PLAU,,,,,,,INPP5A,,RAB11FIP2,,,,,,,,,,WDR83OS,,,,,,,,,,,,,,,,,,,,,,PRX,,ITGAX,,UTRN,,,,,,,BCKDK,,TBC1D7,,MOBP
BTN3A1,TRIT1,ATP9A,TM7SF3,TBPL1,OPN3,,,,,,,,,,1686,43079,,12532,39387,,,23301,EHBP1,10938,EHD1,,7089,TLE2,,,,,,,BCL3,,TRIM16L,,,,,,,,,,DLX5,,,,,,,,,,,,,,,,,,,,,,PRKD2,,DUS3L,,FUT9,,,,,,,AAGAB,,NDUFB9,,STAT2
POU2F2,CUL7,RELT,DLX3,BCLAF1,MRPL43,,,,,,,,,,29586,1659,,12491,35848,,,23781,AP1B1P2,10376,TUBA1B,,10690,FUT9,,,,,,,LRP6,,ABCC3,,,,,,,,,,GSDME,,,,,,,,,,,,,,,,,,,,,,BBC3,,ARNT,,RRH,,,,,,,CSK,,PLIN2,,MAGEA12
TBPL1,MAP4,EIF2AK2,SPA17,SLC39A9,HPF1,,,,,,,,,,34129,15691,,39486,18754,,,11320,MGAT4A,1618,DAZL,,7086,TKT,,,,,,,JMJD6,,SNX25,,,,,,,,,,CHCHD2,,,,,,,,,,,,,,,,,,,,,,CD79A,,UBR3,,JAKMIP2,,,,,,,OIP5,,KAT14,,ICAM4
SLC39A9,GOPC,USP36,ATP2C2,FAM13B,SERPINB3,,,,,,,,,,4386,14961,,42185,42545,,,6543,SLC8A2,6869,TACR1,,790,CAD,,,,,,,GBA2,,CEP164,,,,,,,,,,PSMA2,,,,,,,,,,,,,,,,,,,,,,TMEM205,,BOD1,,TRIM14,,,,,,,KLC3,,QDPR,,GPR19
FAM13B,MRPS10,KMT2C,RFXANK,ZCCHC8,GDI2,,,,,,,,,,6231,20499,,33232,6567,,,10691,GMEB1,1616,DAXX,,7085,TKCR,,,,,,,ASNS,,PITPNM1,,,,,,,,,,MAP3K8,,,,,,,,,,,,,,,,,,,,,,PDE4C,,HIST1H2BA,,ZNF623,,,,,,,CLEC11A,,RPIA,,BMPR1A
ARID4A,VAMP3,MCOLN3,TMEM161A,UBA6,TMCC3,,,,,,,,,,8889,339,,2592,41706,,,7402,UTRN,10939,AFG3L2,,2625,GATA3,,,,,,,CSNK2A2,,CAPRIN2,,,,,,,,,,DKK1,,,,,,,,,,,,,,,,,,,,,,GSK3A,,MTFR2,,DNAJC6,,,,,,,ARMC6,,RBM45,,FGF17
ZCCHC8,EPN3,PUM2,NTHL1,CUL3,YIPF1,,,,,,,,,,11589,20380,,17891,28130,,,10690,FUT9,3375,IAPP,,10692,RRH,,,,,,,PTPN21,,SH2B3,,,,,,,,,,KRT23,,,,,,,,,,,,,,,,,,,,,,EDRF1,,PLPP5,,RGP1,,,,,,,CADM4,,NBL1,,MAGEA6
CHPF2,JKAMP,PARP12,OAT,TUBG2,NDC1,,,,,,,,,,30491,628,,26032,28345,,,10692,RRH,520,ATP5MC2P1,,2629,GBA1,,,,,,,AFF4,,SLC38A1,,,,,,,,,,RUNDC3A,,,,,,,,,,,,,,,,,,,,,,TMEM97,,MRRF,,ARHGEF17,,,,,,,CORO2A,,AK4,,GPR25
UBA6,DKK3,SLC2A3,WDR3,EDC4,ALDH18A1,,,,,,,,,,32288,13309,,21487,35543,,,6548,SLC9A1,642,BLMH,,2628,GATM,,,,,,,P4HA2,,MAN1A1,,,,,,,,,,MTMR4,,,,,,,,,,,,,,,,,,,,,,PHF12,,TMEM236,,ZNF90P1,,,,,,,VSIR,,ARPC5,,GTF2H4
GAB2,NFE2L3,STYK1,WDR18,TRIO,TARBP1,,,,,,,,,,3491,12380,,5285,5636,,,9832,JAKMIP2,28345,IGHVIII-44,,2626,GATA4,,,,,,,STK10,,UST,,,,,,,,,,DHX40,,,,,,,,,,,,,,,,,,,,,,MANBA,,DHX37,,MC5R,,,,,,,CBX1,,CFAP36,,SLC6A13
ATP6V0A1,MCUR1,OGFR,MCM10,RIPOR1,GNA15,,,,,,,,,,2588,13305,,5325,3028,,,9830,TRIM14,7965,AIMP2,,9830,TRIM14,,,,,,,PVR,,FBXO9,,,,,,,,,,HDAC5,,,,,,,,,,,,,,,,,,,,,,FRG1,,FAM49B,,TOP3BP1,,,,,,,HSD17B1,,CHCHD4,,OR2J2
CUL3,LIMA1,GPBP1,ERBB3,PNKP,MRPS35,,,,,,,,,,32328,20504,,12531,20555,,,9831,ZNF623,4336,MOBP,,4387,MRX23,,,,,,,FERMT2,,ARFGEF3,,,,,,,,,,INPP4B,,,,,,,,,,,,,,,,,,,,,,LRP2BP,,INO80C,,CLDN16,,,,,,,EFTUD2,,IL17RE,,PROM1
EDC4,PIK3CB,ZNF112,KARS,PHLPP2,CDH3,,,,,,,,,,2631,489,,8031,27008,,,23531,MMD,6773,STAT2,,9831,ZNF623,,,,,,,IGF2BP2,,VEGFA,,,,,,,,,,GAB1,,,,,,,,,,,,,,,,,,,,,,CRYAB,,USP16,,CRSP5,,,,,,,CCDC86,,SLC25A46,,PFKFB4
TRIO,THOC3,WAPL,NDUFB4,THAP3,DGAT2,,,,,,,,,,43125,13093,,21486,42429,,,9825,SPATA2,4111,MAGEA12,,2632,GBE1,,,,,,,ZNF532,,DBN1,,,,,,,,,,NCAPG,,,,,,,,,,,,,,,,,,,,,,DNAJC4,,BACH1,,PNMA2,,,,,,,GALNT18,,PHAX,,ID2
RIPOR1,SIKE1,BICRA,COL17A1,MED17,MRPS24,,,,,,,,,,38626,20498,,5286,28644,,,9826,ARHGEF11,3386,ICAM4,,2631,NIPSNAP2,,,,,,,RASAL2,,CCDC88A,,,,,,,,,,CRYAB,,,,,,,,,,,,,,,,,,,,,,SNX15,,ZFAND3,,AGTPBP1,,,,,,,ELK3,,YWHAZ,,GPER1
PHLPP2,MSMO1,SPHK2,GSTO2,PHKA2,GPC1,,,,,,,,,,30488,20503,,6231,42646,,,9829,DNAJC6,2842,GPR19,,2630,GBA1LP,,,,,,,RBM7,,KDM3A,,,,,,,,,,COMMD9,,,,,,,,,,,,,,,,,,,,,,FOXRED1,,PANK4,,IQCE,,,,,,,VPS29,,DNAAF2,,KCNMB2
LSG1,FOXN3,ZNF275,ME1,OFD1,INTS13,,,,,,,,,,2591,15131,,19732,16823,,,9827,RGP1,657,BMPR1A,,9825,SPATA2,,,,,,,TRAF4,,SLC1A4,,,,,,,,,,CD81,,,,,,,,,,,,,,,,,,,,,,PRDM4,,ZFAND2B,,TRAJ23,,,,,,,PAK1IP1,,CASP7,,SLC6A7
THAP3,AKR7A2,NGFR,YBX1,WDR37,TM7SF3,,,,,,,,,,35028,2310,,25988,42815,,,9828,ARHGEF17,8822,FGF17,,9829,DNAJC6,,,,,,,GPATCH1,,LRRC42,,,,,,,,,,FOXM1,,,,,,,,,,,,,,,,,,,,,,ITFG2,,UBE2Z,,TRAJ25,,,,,,,KCTD20,,NAB2,,BPGM
MED17,MRTO4,LPAR2,ASPM,POLR2B,DLX3,,,,,,,,,,23331,29316,,38585,18612,,,7661,ZNF90P1,4105,MAGEA6,,9827,RGP1,,,,,,,STXBP2,,SLC2A1,,,,,,,,,,COPZ1,,,,,,,,,,,,,,,,,,,,,,DUSP16,,AZGP1,,TRAJ24,,,,,,,RNF8,,PHB,,PFKFB2
OFD1,LAMA3,SUGP2,ISOC1,FAM214A,RFXANK,,,,,,,,,,34089,1291,,20587,40089,,,4161,MC5R,2848,GPR25,,9828,ARHGEF17,,,,,,,DGKD,,FAAH,,,,,,,,,,C12orf57,,,,,,,,,,,,,,,,,,,,,,BTN3A3,,PTGER1,,WWC1,,,,,,,RAB23,,TUBA1A,,PFKFB3
WDR37,PHPT1,SBNO2,RHOA,HDAC9,SNX24,,,,,,,,,,23291,11305,,4429,35609,,,23751,TOP3BP1,2968,GTF2H4,,8886,DDX18,,,,,,,NFKB2,,TMED5,,,,,,,,,,COX6A1,,,,,,,,,,,,,,,,,,,,,,SOD2,,UBXN1,,WARS1,,,,,,,TRIM38,,TLCD3A,,AURKAP1
POLR2B,OPN3,UHRF1BP1,IARS2,NOP16,CNN2,,,,,,,,,,28689,20510,,42186,42862,,,10686,CLDN16,6540,SLC6A13,,,,,,,,,,LRCH4,,USP35,,,,,,,,,,PPARD,,,,,,,,,,,,,,,,,,,,,,BACH2,,GBP2,,WAS,,,,,,,MSH3,,FAM83B,,NKX2-1
FAM214A,TBC1D22A,ASB1,FGFR3,ZNF800,WDR3,,,,,,,,,,7087,4344,,9825,42543,,,10688,CRSP5,26707,OR2J2,,,,,,,,,,FAM76B,,STBD1,,,,,,,,,,GMNN,,,,,,,,,,,,,,,,,,,,,,CAP2,,ERCC3,,FBXW11,,,,,,,HYAL1,,IRF2BP2,,CRYBB1
KIAA0556,MRPL43,MTHFD2,PRR11,RSF1,KARS,,,,,,,,,,34987,26707,,14326,40745,,,10687,PNMA2,8842,PROM1,,,,,,,,,,SIRT6,,KLF12,,,,,,,,,,COX7A2,,,,,,,,,,,,,,,,,,,,,,SMOC2,,FEV,,IFT81,,,,,,,CYB561D2,,VAMP5,,BRDT
HDAC9,HPF1,SLC9A7,LAPTM4A,PER3,PACC1,,,,,,,,,,34988,3418,,2626,35457,,,23287,AGTPBP1,5210,PFKFB4,,,,,,,,,,JADE1,,DCAF4,,,,,,,,,,KIF20A,,,,,,,,,,,,,,,,,,,,,,GUCA1B,,S100P,,TRL-TAG1-1,,,,,,,GNB4,,FEM1B,,SCGB2A1
NOP16,TRAF3IP2,NGEF,SRBD1,NEDD4L,ME1,,,,,,,,,,38586,33101,,33192,42660,,,23288,IQCE,3398,ID2,,,,,,,,,,FGFR1,,MTHFD1L,,,,,,,,,,RBP1,,,,,,,,,,,,,,,,,,,,,,TENT5A,,H2AFZ,,PIK3C2A,,,,,,,PODXL2,,GPRIN1,,SNX4
RSF1,SERPINB3,MSANTD3,HES2,ARHGEF5,GOLGA5,,,,,,,,,,5287,244,,21527,26791,,,28732,TRAJ23,7074,TIAM1,,,,,,,,,,TP53INP2,,CYSTM1,,,,,,,,,,C3orf14,,,,,,,,,,,,,,,,,,,,,,CERT1,,AC093323.1,,SCN11A,,,,,,,GORASP1,,PUSL1,,DHX8
PER3,GDI2,KIF26A,ATP1B3,BCAR1,ISOC1,,,,,,,,,,38627,7478,,26026,35399,,,28730,TRAJ25,2852,GPER1,,,,,,,,,,PTPRH,,PPP3CC,,,,,,,,,,IL1A,,,,,,,,,,,,,,,,,,,,,,FAF2,,KYAT1,,PIK3C2B,,,,,,,SSR3,,LSM3,,PGK2
NEDD4L,TMCC3,DDX3Y,SLC44A1,FAM160A2,TNFRSF1A,,,,,,,,,,20592,669,,17927,42546,,,28731,TRAJ24,10242,KCNMB2,,,,,,,,,,CNOT4,,PDLIM2,,,,,,,,,,NCL,,,,,,,,,,,,,,,,,,,,,,PPP2CA,,MIR4435-2HG,,PIK3C2G,,,,,,,ACTR1B,,MORN4,,SGCD
ARHGEF5,ATP2B4,KLF6,DGCR2,HERPUD1,PKM,,,,,,,,,,23330,7812,,37686,39119,,,23286,WWC1,6534,SLC6A7,,,,,,,,,,CLDND1,,CLCC1,,,,,,,,,,PPP1R7,,,,,,,,,,,,,,,,,,,,,,NR3C1,,HAP1,,PIK3C3,,,,,,,STEAP3,,LRRC8D,,SORBS1
BCAR1,YIPF1,CACNB1,POLB,HOMER3,RHOA,,,,,,,,,,8929,25910,,7086,2457,,,5016,OVGP1,669,BPGM,,,,,,,,,,DLGAP4,,SHLD2,,,,,,,,,,RND3,,,,,,,,,,,,,,,,,,,,,,PFKFB4,,ATG13,,TRAJ26,,,,,,,TP53I3,,PITPNA,,HNRNPA1
HERPUD1,NDC1,CBFB,WIPI1,TTC17,IARS2,,,,,,,,,,10732,702,,28729,35679,,,7453,WARS1,5208,PFKFB2,,,,,,,,,,IGSF9B,,ZMIZ2,,,,,,,,,,ATP5PB,,,,,,,,,,,,,,,,,,,,,,CLCN2,,CST6,,TRAJ28,,,,,,,GPD2,,ZWILCH,,HSF2
HOMER3,ALDH18A1,RASSF1,PABPC1,FSTL4,FGFR3,,,,,,,,,,43126,20512,,40426,36647,,,7454,WAS,5209,PFKFB3,,,,,,,,,,CXCL2,,CHST3,,,,,,,,,,NCF2,,,,,,,,,,,,,,,,,,,,,,KCNIP3,,WDR73,,PIK3CB,,,,,,,TTC31,,RAB6A,,TGFBRAP1
RRP12,TARBP1,TFE3,TESK2,ARID4B,PRR11,,,,,,,,,,785,6984,,26925,40746,,,24146,CLDN15,6791,AURKAP1,,,,,,,,,,CCNT2,,P4HA1,,,,,,,,,,RGS2,,,,,,,,,,,,,,,,,,,,,,HSPE1,,BOLA1,,PIM1,,,,,,,GALNT3,,TMEM70,,HNF4G
TTC17,GNA15,ACSL4,EIF2B3,RELT,LAPTM4A,,,,,,,,,,26031,8723,,3491,39919,,,24147,FJX1,7080,NKX2-1,,,,,,,,,,XPO1,,ACADS,,,,,,,,,,MYCL,,,,,,,,,,,,,,,,,,,,,,IL18RAP,,AL161668.1,,TRAJ30,,,,,,,STK25,,RHOG,,GPX1
NNAT,MRPS35,INPP5A,RPL31,TAB2,SRBD1,,,,,,,,,,30531,3180,,29587,42648,,,23291,FBXW11,1414,CRYBB1,,,,,,,,,,CYLD,,PKN1,,,,,,,,,,SIPA1L2,,,,,,,,,,,,,,,,,,,,,,PASK,,ZNF852,,TRAJ29,,,,,,,DNAJC16,,CAVIN1,,AZGP1
ARID4B,CDH3,BCL3,TRIP13,USP36,ERLEC1,,,,,,,,,,29629,2876,,42226,38866,,,28981,IFT81,676,BRDT,,,,,,,,,,ZNF671,,LRP1,,,,,,,,,,CDC20,,,,,,,,,,,,,,,,,,,,,,SRSF7,,TMEM107,,XPOT,,,,,,,FAM20B,,MAGED1,,CYP1A1
RELT,DGAT2,LRP6,ATP6AP1,KMT2C,NUCKS1,,,,,,,,,,7127,1414,,17929,42544,,,7208,TRL-TAG1-1,4246,SCGB2A1,,,,,,,,,,ZNF264,,SDC4,,,,,,,,,,ABCD3,,,,,,,,,,,,,,,,,,,,,,PHTF1,,EIF3J-DT,,PAX4,,,,,,,FBXO6,,CDC42EP4,,KLF9
TAB2,MRPS24,FSTL3,CYBRD1,MCOLN3,HES2,,,,,,,,,,39488,3874,,2632,41247,,,5286,PIK3C2A,8723,SNX4,,,,,,,,,,REST,,LRRFIP1,,,,,,,,,,STMN1,,,,,,,,,,,,,,,,,,,,,,NID1,,RFX7,,CHST2,,,,,,,TMEM9,,ZNRF2,,STC2
USP36,ISOC2,MNT,RDH11,PUM2,ATP1B3,,,,,,,,,,23290,2308,,26889,33560,,,11280,SCN11A,1659,DHX8,,,,,,,,,,OVGP1,,RAB17,,,,,,,,,,CENPF,,,,,,,,,,,,,,,,,,,,,,LGALS8,,PGBD4,,DPF3,,,,,,,ACADM,,C5orf30,,KRTAP5-9
KMT2C,HAGH,JMJD6,ALDH3A2,RC3H2,PFN2,,,,,,,,,,2627,9732,,825,28125,,,5287,PIK3C2B,5232,PGK2,,,,,,,,,,ABCB1,,SRMS,,,,,,,,,,NRP2,,,,,,,,,,,,,,,,,,,,,,KDM5B,,MTA1,,TTC1,,,,,,,CTBS,,TRMT12,,ZBTB14
MCOLN3,INTS13,GBA2,SMC1A,MXD1,SLC44A1,,,,,,,,,,29589,3419,,22425,42762,,,5288,PIK3C2G,6444,SGCD,,,,,,,,,,DNAJA1,,SH2D3A,,,,,,,,,,SGK1,,,,,,,,,,,,,,,,,,,,,,RGS4,,SREBF2-AS1,,TTC3,,,,,,,APH1A,,ARSI,,APOBEC1
PUM2,TM7SF3,ASNS,HSD17B10,CDK17,DGCR2,,,,,,,,,,20632,233,,37725,41710,,,5289,PIK3C3,10580,SORBS1,,,,,,,,,,PPP1R15A,,VASP,,,,,,,,,,ARG1,,,,,,,,,,,,,,,,,,,,,,STAG1,,PCGF3,,GCAT,,,,,,,EEF2KMT,,EFNA5,,ZFP37
ZFR,DLX3,CSNK2A2,HMMR,STYK1,POLB,,,,,,,,,,38587,13312,,7989,28509,,,28729,TRAJ26,2760,GM2A,,,,,,,,,,ACHE,,OVOL2,,,,,,,,,,C1orf198,,,,,,,,,,,,,,,,,,,,,,MMP8,,RNPC3,,NPTXR,,,,,,,LDAH,,ATL3,,CCV
TRAF1,SPA17,PTPN21,NDE1,CCAR1,WIPI1,,,,,,,,,,10692,15566,,5292,24964,,,11054,OGFR,3178,HNRNPA1,,,,,,,,,,SRRT,,WDR60,,,,,,,,,,LTBP2,,,,,,,,,,,,,,,,,,,,,,C1orf54,,ZNF529,,CBX5,,,,,,,CPSF3,,RPS27L,,EZR
RC3H2,RFXANK,ATP2B1,XRCC1,OGFR,AP3M2,,,,,,,,,,38625,7669,,14285,37828,,,5290,PIK3CA,3298,HSF2,,,,,,,,,,NLK,,TRAF2,,,,,,,,,,MSX2,,,,,,,,,,,,,,,,,,,,,,ZNF410,,TEAD1,,PHF3,,,,,,,NEK9,,BCL9L,,VIS1
DCBLD2,TMEM161A,MAP4K4,SCARB1,BCAT1,ST6GALNAC2,,,,,,,,,,31427,5234,,11631,41859,,,28727,TRAJ28,9392,TGFBRAP1,,,,,,,,,,UIMC1,,KDM4B,,,,,,,,,,ARL4A,,,,,,,,,,,,,,,,,,,,,,AFTPH,,LCE2C,,NXPH4,,,,,,,GPAM,,C15orf61,,CEP104
UNKL,SNX24,SPEG,TP63,SFSWAP,EIF2B3,,,,,,,,,,24229,657,,12529,40743,,,5291,PIK3CB,3174,HNF4G,,,,,,,,,,ADD1,,DGCR8,,,,,,,,,,PFDN5,,,,,,,,,,,,,,,,,,,,,,TCP1,,MT1X,,RPN2,,,,,,,ARMH3,,ZFP62,,DOCK4
PARP12,CNN2,AFF4,DHRS9,GPBP1,NCK2,,,,,,,,,,39526,35799,,22428,43050,,,5292,PIM1,682,BSG,,,,,,,,,,CNOT3,,IRF5,,,,,,,,,,HJURP,,,,,,,,,,,,,,,,,,,,,,EXOSC8,,PERM1,,RPS3,,,,,,,C10orf95,,RAB40C,,APOC1P1
MXD1,WDR3,P4HA2,NSF,ZNF112,RPL31,,,,,,,,,,825,25015,,17887,24170,,,28725,TRAJ30,2876,GPX1,,,,,,,,,,PPP1R13B,,ADCY4,,,,,,,,,,MCEE,,,,,,,,,,,,,,,,,,,,,,KDM3B,,MCRS1,,RPS2,,,,,,,CAAP1,,ZNF823,,KCNA10
CDK17,DGKA,STK10,MRPS34,VMP1,CYBRD1,,,,,,,,,,33231,33817,,15191,40742,,,28726,TRAJ29,563,AZGP1,,,,,,,,,,C20orf194,,ABHD17A,,,,,,,,,,RPS10,,,,,,,,,,,,,,,,,,,,,,NFYB,,SPRR2B,,RPS3A,,,,,,,PLS1,,ATL1,,
STYK1,ERBB3,CRMP1,CLNS1A,BICRA,PDCD2,,,,,,,,,,39486,4263,,787,40169,,,11260,XPOT,1543,CYP1A1,,,,,,,,,,ESF1,,HELZ2,,,,,,,,,,MT2A,,,,,,,,,,,,,,,,,,,,,,UBIAD1,,ZSCAN25,,MRST,,,,,,,TRIM6,,L3MBTL3,,
CCAR1,KARS,PVR,CA12,U2AF2,ALDH3A2,,,,,,,,,,29587,10938,,17889,41195,,,5078,PAX4,687,KLF9,,,,,,,,,,PXN,,ZNF337,,,,,,,,,,TNFSF9,,,,,,,,,,,,,,,,,,,,,,COPS5,,MIB2,,FHL5,,,,,,,RWDD3,,TRAF3IP1,,
OGFR,NDUFB4,PDE8A,LMAN1,NGFR,HSD17B10,,,,,,,,,,25991,9392,,40386,,,,9435,CHST2,8614,STC2,,,,,,,,,,GRAMD1A,,LAMA5,,,,,,,,,,TGM3,,,,,,,,,,,,,,,,,,,,,,SPOP,,SPOUT1,,TTK,,,,,,,NT5C3A,,OXLD1,,
BCAT1,PACC1,FERMT2,SEMA3C,TAF2,TP63,,,,,,,,,,38585,3404,,26888,,,,7266,DNAJC7,3846,KRTAP5-9,,,,,,,,,,GMIP,,ARHGEF16,,,,,,,,,,MGME1,,,,,,,,,,,,,,,,,,,,,,PYROXD1,,SMG5,,TRAM1,,,,,,,WWP1,,MRPS18B,,
SFSWAP,GSTO2,IGF2BP2,ACAT1,LPAR2,NSF,,,,,,,,,,2587,13674,,14286,,,,8110,DPF3,7541,ZBTB14,,,,,,,,,,LAG3,,C12orf65,,,,,,,,,,ERGIC3,,,,,,,,,,,,,,,,,,,,,,ZNF211,,AL590705.1,,DIAPH1,,,,,,,ORMDL2,,PCOTH,,
GPBP1,ME1,ZNF532,FSCN1,CTSA,MRPS34,,,,,,,,,,7092,14180,,11591,,,,7265,TTC1,339,APOBEC1,,,,,,,,,,GPATCH2L,,ANO1,,,,,,,,,,DLGAP5,,,,,,,,,,,,,,,,,,,,,,POPDC2,,ABCF1,,NQO1,,,,,,,SMUG1,,AL392172.1,,
ZNF112,ISOC1,CELSR1,ACTB,SUGP2,CLNS1A,,,,,,,,,,8032,15818,,19726,,,,7268,TTC4,7539,ZFP37,,,,,,,,,,GOLGA3,,WDR44,,,,,,,,,,BCL11B,,,,,,,,,,,,,,,,,,,,,,MAPK8IP1,,MIR503HG,,DCTN3,,,,,,,PLA2G12A,,AL513165.1,,
WAPL,MTFR1,RASAL2,PLD1,SBNO2,CA12,,,,,,,,,,26030,13948,,41331,,,,7267,TTC3,7792,CCV,,,,,,,,,,RBM27,,SELENOS,,,,,,,,,,HAT1,,,,,,,,,,,,,,,,,,,,,,TMEM39B,,AC005534.1,,CYB5R3,,,,,,,ACSL3,,AC008267.5,,
BICRA,TNFRSF1A,VPS9D1,WDR62,ZNF76,ENO1,,,,,,,,,,30528,4298,,4391,,,,23464,GCAT,7430,EZR,,,,,,,,,,ZC3HC1,,RHPN2,,,,,,,,,,CD68,,,,,,,,,,,,,,,,,,,,,,COPA,,AC017002.1,,DHPS,,,,,,,XPO5,,AP006621.2,,
U2AF2,PKM,ZNF37A,KIFAP3,TBC1D22B,SRI,,,,,,,,,,35926,11498,,15190,,,,23466,CBX6,7435,VIS1,,,,,,,,,,UNC13D,,C19orf12,,,,,,,,,,MPDU1,,,,,,,,,,,,,,,,,,,,,,EGR2,,LINC02158,,FILIP1L,,,,,,,AARS2,,AC113189.1,,
MED29,RHOA,FNDC3B,MCM6,ZC3H15,NUP37,,,,,,,,,,13432,6540,,22429,,,,23467,NPTXR,9731,CEP104,,,,,,,,,,WHRN,,TRIM47,,,,,,,,,,SLC44A2,,,,,,,,,,,,,,,,,,,,,,BHLHE41,,AL121574.1,,ENTR1,,,,,,,KLHDC3,,AC097468.3,,
NGFR,IARS2,RBM7,REXO2,ASB1,ACAT1,,,,,,,,,,33191,29361,,8926,,,,23468,CBX5,9732,DOCK4,,,,,,,,,,BTAF1,,SPART,,,,,,,,,,RPS4Y1,,,,,,,,,,,,,,,,,,,,,,ATG101,,AC099684.1,,RPS4X,,,,,,,NCLN,,LENG9,,
TAF2,HYAL2,TRAF4,UBE2T,FAM107B,TIMM21,,,,,,,,,,24189,7080,,19686,,,,23469,PHF3,342,APOC1P1,,,,,,,,,,IL11,,KRAS,,,,,,,,,,FAM155B,,,,,,,,,,,,,,,,,,,,,,IL13RA2,,AL450322.1,,MCOPCT1,,,,,,,DYNLRB1,,DUSP14,,
TNPO3,PRR11,GPATCH1,EXOSC5,SMARCD1,FSCN1,,,,,,,,,,827,15813,,9830,,,,11247,NXPH4,3744,KCNA10,,,,,,,,,,WAC,,IMPA1,,,,,,,,,,TNNI2,,,,,,,,,,,,,,,,,,,,,,RAP2C,,TMEM44-AS1,,RPS4Y1,,,,,,,RHOT1,,MRPL45,,
LPAR2,LAPTM4A,STXBP2,CAPZB,NFYC,ACTB,,,,,,,,,,1685,7435,,4431,,,,6185,RPN2,,,,,,,,,,,,HSP90AB1,,TTC9,,,,,,,,,,CHMP2A,,,,,,,,,,,,,,,,,,,,,,PMEPA1,,AL121601.1,,DIAPH2,,,,,,,YEATS4,,AC026401.3,,
SUGP2,SRBD1,DGKD,FBLN1,NGEF,PLD1,,,,,,,,,,5327,8842,,36831,,,,6188,RPS3,,,,,,,,,,,,SIRT1,,CAMK1,,,,,,,,,,TMEM160,,,,,,,,,,,,,,,,,,,,,,MAD2L1BP,,AC243772.2,,LAMB1,,,,,,,LRRC61,,SCO2,,
SBNO2,ERLEC1,NFKB2,MAP2,ZBTB11,KIFAP3,,,,,,,,,,25990,10420,,28728,,,,6187,RPS2,,,,,,,,,,,,MZF1,,BHLHE40,,,,,,,,,,ACSS2,,,,,,,,,,,,,,,,,,,,,,NUP153,,AL663074.1,,CABP1,,,,,,,MACF1,,AL499602.1,,
AP3D1,NUP133,LRCH4,NEBL,KIF26A,MCM6,,,,,,,,,,13392,39235,,8931,,,,6189,RPS3A,,,,,,,,,,,,MYO9B,,SPIRE1,,,,,,,,,,COX4I1,,,,,,,,,,,,,,,,,,,,,,SSUH2,,AC233728.1,,NPM1P19,,,,,,,STYXL1,,AP003307.1,,
ZNF76,NUCKS1,FAM76B,EDN1,DDX3Y,UNG,,,,,,,,,,32291,13354,,14290,,,,8126,MRST,,,,,,,,,,,,CBARP,,CDC73,,,,,,,,,,COX7B,,,,,,,,,,,,,,,,,,,,,,GPCPD1,,AC139887.1,,FAM114A2,,,,,,,PEX1,,,,
UHRF1BP1,VPS35,SIRT6,ITM2A,METTL22,FMO4,,,,,,,,,,41427,33100,,8029,,,,9457,FHL5,,,,,,,,,,,,CEP170B,,ECHDC3,,,,,,,,,,GJA9,,,,,,,,,,,,,,,,,,,,,,PANK2,,FAM133B,,F2RL3,,,,,,,TPST2,,,,
TBC1D22B,HES2,JADE1,NRDC,TP53BP1,TPD52,,,,,,,,,,31426,11497,,33186,,,,7270,TTF1,,,,,,,,,,,,HCN2,,AGO4,,,,,,,,,,COQ3,,,,,,,,,,,,,,,,,,,,,,GZF1,,AC090952.1,,SLC4A7,,,,,,,EMC4,,,,
SPEN,ATP1B3,FGFR1,XRCC5,NAV3,UBE2T,,,,,,,,,,22428,11507,,35890,,,,5094,PCBP2,,,,,,,,,,,,GADD45B,,TES,,,,,,,,,,PDZD2,,,,,,,,,,,,,,,,,,,,,,HSPA2,,OLMALINC,,TLE1,,,,,,,MYO1B,,,,
ZC3H15,PIGB,MLLT10,FDFT1,OTUD5,EXOSC5,,,,,,,,,,35886,3210,,29630,,,,7272,TTK,,,,,,,,,,,,ARVCF,,ANKRD36,,,,,,,,,,CCNB1,,,,,,,,,,,,,,,,,,,,,,FBXL12,,ASH1L-AS1,,TLE2,,,,,,,OSGEPL1,,,,
ASB1,GUCY2C,ITCH,PAFAH1B3,TFE3,POLD3,,,,,,,,,,32331,4105,,8886,,,,23471,TRAM1,,,,,,,,,,,,MED15,,ALDH1L2,,,,,,,,,,EMC7,,,,,,,,,,,,,,,,,,,,,,KLF2,,NDUFB2-AS1,,TKT,,,,,,,EIF2AK4,,,,
FAM107B,PFN2,TP53INP2,KIF22,ACSL4,CAPZB,,,,,,,,,,12492,38849,,12489,,,,1729,DIAPH1,,,,,,,,,,,,CRKL,,SPRY2,,,,,,,,,,GRHL1,,,,,,,,,,,,,,,,,,,,,,STRIP2,,AC139887.2,,TKCR,,,,,,,KNSTRN,,,,
SLC9A7,SLC44A1,TNS1,PGM1,INPP5A,SLC25A43,,,,,,,,,,15225,14892,,35027,,,,1728,NQO1,,,,,,,,,,,,MFNG,,HUS1,,,,,,,,,,FST,,,,,,,,,,,,,,,,,,,,,,SHBG,,ALG11,,GATA3,,,,,,,PSMA1,,,,
DIP2B,DGCR2,PTPRH,DDX1,GRIPAP1,MAP2,,,,,,,,,,7992,18704,,11626,,,,11258,DCTN3,,,,,,,,,,,,LRP5L,,LIMD2,,,,,,,,,,TCN1,,,,,,,,,,,,,,,,,,,,,,QRICH2,,AP000640.1,,CECR2,,,,,,,SOX15,,,,
SMARCD1,POLB,RIF1,SESN1,IP6K2,NEBL,,,,,,,,,,4385,20073,,17027,,,,1727,CYB5R3,,,,,,,,,,,,DDX17,,FPGS,,,,,,,,,,OASL,,,,,,,,,,,,,,,,,,,,,,CHRNA10,,AC103974.1,,GBA1,,,,,,,MTUS1,,,,
NGEF,WIPI1,MID2,NDC80,PSME4,HOXA9,,,,,,,,,,15230,744,,35930,,,,1725,DHPS,,,,,,,,,,,,JOSD1,,KIF12,,,,,,,,,,NT5E,,,,,,,,,,,,,,,,,,,,,,SH3BP4,,LINC02739,,GATM,,,,,,,ITFG1,,,,
ZBTB11,NDST1,COL5A3,PKP1,PYGM,ITM2A,,,,,,,,,,7132,8589,,14325,,,,11259,FILIP1L,,,,,,,,,,,,RHBDD3,,FRS3,,,,,,,,,,EHF,,,,,,,,,,,,,,,,,,,,,,FAM98C,,AC073487.1,,GATA4,,,,,,,PUDP,,,,
MSANTD3,AP3M2,CNOT4,FAM135A,BCL3,VDAC3,,,,,,,,,,19690,7696,,3528,,,,10807,ENTR1,,,,,,,,,,,,CHKB,,ADCY3,,,,,,,,,,OS9,,,,,,,,,,,,,,,,,,,,,,JUND,,PSMA3-AS1,,TLE4,,,,,,,PGLS,,,,
KIF26A,ST6GALNAC2,CLDND1,OXCT1,ABCC9,XRCC5,,,,,,,,,,5286,17779,,37687,,,,6191,RPS4X,,,,,,,,,,,,BRD1,,APH1B,,,,,,,,,,MRPS9,,,,,,,,,,,,,,,,,,,,,,ZNF557,,AL442663.3,,TLE3,,,,,,,RTN4IP1,,,,
DDX3Y,EIF2B3,DLGAP4,RPS5,NEDD4,FDFT1,,,,,,,,,,20625,236,,31390,,,,27005,USP21,,,,,,,,,,,,SIX4,,LARP1B,,,,,,,,,,LMO7,,,,,,,,,,,,,,,,,,,,,,NOL11,,AL157871.5,,TLL1,,,,,,,ARPC1B,,,,
PFKP,NCK2,IGSF9B,FAT1,UFD1,PAFAH1B3,,,,,,,,,,1725,5210,,26929,,,,8130,MCOPCT1,,,,,,,,,,,,SRSF5,,CDKL2,,,,,,,,,,GALNT5,,,,,,,,,,,,,,,,,,,,,,EDA2R,,RBM15B,,GBE1,,,,,,,SAMD10,,,,
KLF6,RPL31,CXCL2,HAL,LRP6,KIF22,,,,,,,,,,2592,19609,,792,,,,6192,RPS4Y1,,,,,,,,,,,,EIF5,,CERS5,,,,,,,,,,IL1F10,,,,,,,,,,,,,,,,,,,,,,KCNC3,,AC022167.2,,NIPSNAP2,,,,,,,ATXN10,,,,
METTL22,CYBRD1,CCNT2,GSTP1,JMJD6,PGM1,,,,,,,,,,787,5208,,36791,,,,1730,DIAPH2,,,,,,,,,,,,PCNX1,,ANKRD52,,,,,,,,,,DCTN3,,,,,,,,,,,,,,,,,,,,,,PSMC3IP,,AC040977.1,,GBA1LP,,,,,,,DNMT1,,,,
TP53BP1,PDCD2,TRAF5,COL16A1,GBA2,DDX1,,,,,,,,,,17925,1543,,29590,,,,3912,LAMB1,,,,,,,,,,,,ACIN1,,JDP2,,,,,,,,,,TUBB2A,,,,,,,,,,,,,,,,,,,,,,ZNF20,,AC124283.3,,RARS1,,,,,,,DKC1,,,,
DHX8,RDH11,XPO1,RAB10,ASNS,KEAP1,,,,,,,,,,27843,10048,,22385,,,,9478,CABP1,,,,,,,,,,,,PABPN1,,UBE2Q2,,,,,,,,,,DDX60,,,,,,,,,,,,,,,,,,,,,,RRP8,,ILF3-DT,,KCNC4,,,,,,,IL13RA1,,,,
NAV3,ALDH3A2,ULK2,HADHA,CSNK2A2,SESN1,,,,,,,,,,28685,3380,,9828,,,,10828,NPM1P19,,,,,,,,,,,,DHRS2,,NEIL1,,,,,,,,,,SORL1,,,,,,,,,,,,,,,,,,,,,,CARD6,,AC011481.1,,OR5H1,,,,,,,TRIM5,,,,
MEF2A,RHOBTB1,CYLD,CD82,PTPN21,EXD2,,,,,,,,,,14288,7440,,15225,,,,10827,FAM114A2,,,,,,,,,,,,NFKBIA,,TLNRD1,,,,,,,,,,THBS1,,,,,,,,,,,,,,,,,,,,,,WBP2,,AC009005.1,,LIM2,,,,,,,MRPL35,,,,
OTUD5,HSD17B10,ZNF671,PREP,ING3,PKP1,,,,,,,,,,17885,2910,,21531,,,,9002,F2RL3,,,,,,,,,,,,PNN,,SMAD4,,,,,,,,,,IFI44,,,,,,,,,,,,,,,,,,,,,,H3F3B,,AC008737.1,,PLAAT4,,,,,,,EEFSEC,,,,
TFE3,NDE1,ZNF416,MGST2,BUD23,UBA5,,,,,,,,,,24188,3236,,24185,,,,9497,SLC4A7,,,,,,,,,,,,PABPC1L,,WTIP,,,,,,,,,,SLC44A5,,,,,,,,,,,,,,,,,,,,,,MORC4,,SLC25A53,,CLDN12,,,,,,,FIGNL1,,,,
ACSL4,TP63,ZNF264,FAT2,ZFYVE26,HSPB11,,,,,,,,,,21527,2842,,40425,,,,7088,TLE1,,,,,,,,,,,,DIDO1,,HSPG2,,,,,,,,,,HADHB,,,,,,,,,,,,,,,,,,,,,,CCDC59,,AL136115.2,,ANGPTL1,,,,,,,POLR3F,,,,
INPP5A,NLE1,REST,ACOX3,AFF4,C5orf22,,,,,,,,,,15185,3444,,1731,,,,8178,ELL,,,,,,,,,,,,GMEB2,,MOB3C,,,,,,,,,,KIF11,,,,,,,,,,,,,,,,,,,,,,DPF2,,AC090589.3,,GLRX3,,,,,,,MYH10,,,,
GRIPAP1,NSF,TXLNA,PIGS,P4HA2,COBLL1,,,,,,,,,,34991,11512,,40385,,,,7087,ICAM5,,,,,,,,,,,,RNF24,,CERS2,,,,,,,,,,CEP55,,,,,,,,,,,,,,,,,,,,,,NGF,,AC068790.6,,ATG7,,,,,,,COG6,,,,
IP6K2,MRPS34,BCORL1,PSMC5,ACADVL,DLG3,,,,,,,,,,2632,2760,,22431,,,,7089,TLE2,,,,,,,,,,,,ADNP2,,ATP8B2,,,,,,,,,,ZNF365,,,,,,,,,,,,,,,,,,,,,,PPHLN1,,AC005520.3,,IGKV1OR22-1,,,,,,,C12orf29,,,,
PSME4,NOTCH3,OVGP1,RTRAF,STK10,NFE2L1,,,,,,,,,,14325,1579,,24231,,,,7086,TKT,,,,,,,,,,,,VAPA,,PYCR2,,,,,,,,,,B4GALNT3,,,,,,,,,,,,,,,,,,,,,,LCA5,,CAHM,,ASH2L,,,,,,,GSTM3,,,,
PYGM,CLNS1A,ABCB1,TFAP2C,PVR,ITGB5,,,,,,,,,,26888,28607,,11586,,,,7085,TKCR,,,,,,,,,,,,LPIN2,,PPFIA4,,,,,,,,,,GLIPR1,,,,,,,,,,,,,,,,,,,,,,PRPH,,AC112220.2,,CLDN10,,,,,,,ARF3,,,,
BCL3,CA12,DDHD2,AURKA,MOV10L1,PALB2,,,,,,,,,,21487,13738,,28725,,,,2625,GATA3,,,,,,,,,,,,SMAD7,,ZNF514,,,,,,,,,,SNRPF,,,,,,,,,,,,,,,,,,,,,,AVIL,,AC021242.3,,CLDN1,,,,,,,IAH1,,,,
ABCC9,ENO1,DNAJA1,PIR,GSDMB,OXCT1,,,,,,,,,,4425,20408,,26891,,,,27443,CECR2,,,,,,,,,,,,ANKRD12,,RALB,,,,,,,,,,C12orf10,,,,,,,,,,,,,,,,,,,,,,PAN2,,AL355488.1,,CLDN2,,,,,,,CCNH,,,,
NEDD4,MYDGF,SNX10,SULT2B1,KDM5A,RPS5,,,,,,,,,,5331,18246,,4392,,,,2629,GBA1,,,,,,,,,,,,MIB1,,LYG1,,,,,,,,,,DIAPH3,,,,,,,,,,,,,,,,,,,,,,KCNH3,,CYFIP1,,IGKV3OR22-2,,,,,,,FADS2,,,,
LRP6,ACTR6,PPP1R15A,ASAP3,FERMT2,FAT1,,,,,,,,,,39525,1380,,15232,,,,2628,GATM,,,,,,,,,,,,SYP,,IQSEC1,,,,,,,,,,SERF2,,,,,,,,,,,,,,,,,,,,,,KLHL36,,NOL12,,IGKV1OR1-1,,,,,,,TMEM165,,,,
FSTL3,SRI,ACHE,EDEM2,PTGS2,STARD7,,,,,,,,,,12491,19964,,11625,,,,2627,GATA6,,,,,,,,,,,,ELF4,,LIMD1,,,,,,,,,,SCAMP2,,,,,,,,,,,,,,,,,,,,,,KIAA0513,,HIST1H3G,,NPY,,,,,,,ERCC5,,,,
JMJD6,NUP37,SRRT,TPX2,IGF2BP2,NOA1,,,,,,,,,,39485,8346,,25986,,,,2626,GATA4,,,,,,,,,,,,GPR50,,TM4SF19,,,,,,,,,,FANCI,,,,,,,,,,,,,,,,,,,,,,CCDC102A,,NATD1,,IGKV2OR22-3,,,,,,,TSPAN31,,,,
GBA2,ACAT1,NLK,SLC15A1,MAP3K13,GSTP1,,,,,,,,,,19685,2558,,41291,,,,7091,TLE4,,,,,,,,,,,,GABRE,,DGKQ,,,,,,,,,,CBX4,,,,,,,,,,,,,,,,,,,,,,GLUL,,AL161421.1,,NPM1P1,,,,,,,RNASEL,,,,
ASNS,GRAMD4,UIMC1,TMEM40,ZNF532,RAB10,,,,,,,,,,14330,13303,,22388,,,,7090,TLE3,,,,,,,,,,,,FGD1,,SNCA,,,,,,,,,,MIEN1,,,,,,,,,,,,,,,,,,,,,,DNAJB2,,AC048382.6,,IGKV1OR2-1,,,,,,,TMEM127,,,,
CFAP20,TIMM21,ADD1,FKBP1A,ZZEF1,HADHA,,,,,,,,,,13425,28140,,24191,,,,26127,FGFR1OP2,,,,,,,,,,,,FNDC3A,,LHFPL2,,,,,,,,,,TMEM50B,,,,,,,,,,,,,,,,,,,,,,REV1,,AL133243.3,,TAS2R38,,,,,,,C7orf25,,,,
CSNK2A2,FSCN1,KLHL42,DYNLL1,ANO8,CD82,,,,,,,,,,13385,13796,,37731,,,,7092,TLL1,,,,,,,,,,,,RGCC,,TPBG,,,,,,,,,,PSMB6,,,,,,,,,,,,,,,,,,,,,,IL6,,AC026124.2,,YME1L1,,,,,,,KDELR2,,,,
PTPN21,ACTB,CNOT3,RPL6,ZNF638,SCAMP1,,,,,,,,,,5291,3298,,14288,,,,2632,GBE1,,,,,,,,,,,,DGKH,,RBAK,,,,,,,,,,KIF2C,,,,,,,,,,,,,,,,,,,,,,MRPL47,,AL121772.3,,TCFL5,,,,,,,ZDHHC4,,,,
RAD18,PLD1,DOCK9,RBBP9,RASAL2,PREP,,,,,,,,,,831,3409,,28685,,,,2631,NIPSNAP2,,,,,,,,,,,,INTS6,,DOCK11,,,,,,,,,,SLC44A3,,,,,,,,,,,,,,,,,,,,,,ZFP37,,AC135050.6,,MYO1B,,,,,,,LRRC8A,,,,
MAP4K4,EXOSC7,ANKRD10,TMEM230,SART3,WDFY1,,,,,,,,,,23288,17780,,19692,,,,2630,GBA1LP,,,,,,,,,,,,MGRN1,,MFHAS1,,,,,,,,,,UFC1,,,,,,,,,,,,,,,,,,,,,,MDC1,,C11orf98,,MSBP1,,,,,,,CDK5RAP2,,,,
ING3,MCM6,PPP1R13B,OAS1,RBM7,SLC25A24,,,,,,,,,,35031,13355,,18825,,,,5917,RARS1,,,,,,,,,,,,CENPT,,TACC1,,,,,,,,,,TUFT1,,,,,,,,,,,,,,,,,,,,,,RNF121,,AC005005.4,,MSBP2,,,,,,,STX17,,,,
BUD23,UNG,C20orf194,RPLP0,BAZ2A,CPNE3,,,,,,,,,,9788,20940,,22389,,,,3750,KCND1,,,,,,,,,,,,NFAT5,,VLDLR,,,,,,,,,,CGN,,,,,,,,,,,,,,,,,,,,,,SDCBP,,LINC00628,,MRXS7,,,,,,,XPA,,,,
ADGRL1,TPD52,ESF1,PEBP1,SPAG5,MTIF2,,,,,,,,,,17931,17619,,17031,,,,3749,KCNC4,,,,,,,,,,,,ZNF821,,MED22,,,,,,,,,,CTSK,,,,,,,,,,,,,,,,,,,,,,HAUS2,,AC103703.1,,PTGES3,,,,,,,PDCL,,,,
ZFYVE26,UBE2T,PXN,ERP29,TRAF4,MGST2,,,,,,,,,,791,21410,,15226,,,,26341,OR5H1,,,,,,,,,,,,NDRG4,,NACC2,,,,,,,,,,RAB13,,,,,,,,,,,,,,,,,,,,,,CYP1B1,,AC092306.1,,IRF9,,,,,,,POLR1E,,,,
AFF4,DNAJC10,GRAMD1A,FXYD3,GPATCH1,EIF2AK1,,,,,,,,,,17891,19995,,10729,,,,3982,LIM2,,,,,,,,,,,,AXIN1,,ADM,,,,,,,,,,FLG,,,,,,,,,,,,,,,,,,,,,,GPR87,,AC010336.8,,ANGPTL2,,,,,,,C6orf52,,,,
MPP5,EXOSC5,GMIP,BIRC5,STXBP2,FAT2,,,,,,,,,,2629,20507,,40387,,,,5920,PLAAT4,,,,,,,,,,,,NECAB2,,TMCO3,,,,,,,,,,RHOB,,,,,,,,,,,,,,,,,,,,,,FGF2,,AC008443.9,,PRELP,,,,,,,POU2F3,,,,
P4HA2,CAPZB,LAG3,OTUB2,DGKD,RTRAF,,,,,,,,,,17889,9744,,2630,,,,9069,CLDN12,,,,,,,,,,,,CLCN7,,SEC24D,,,,,,,,,,DQX1,,,,,,,,,,,,,,,,,,,,,,ITGB7,,,,EPHX2,,,,,,,NDUFAF1,,,,
ACADVL,SLC25A43,RCOR1,BLVRB,NFKB2,ERGIC2,,,,,,,,,,23328,2968,,40427,,,,9068,ANGPTL1,,,,,,,,,,,,RHBDL1,,TMEM263,,,,,,,,,,FAHD2B,,,,,,,,,,,,,,,,,,,,,,VPS37B,,,,HMGB1P1,,,,,,,PAQR5,,,,
STK10,MAP2,GPATCH2L,MRPS33,LRCH4,PIR,,,,,,,,,,5326,698,,5289,,,,4850,CNOT4,,,,,,,,,,,,UBE2I,,PDK1,,,,,,,,,,ABCA12,,,,,,,,,,,,,,,,,,,,,,PELI2,,,,TUSC3,,,,,,,DBT,,,,
CRMP1,NEBL,PDCD7,NDUFB2,FAM76B,SULT2B1,,,,,,,,,,23650,17800,,12528,,,,10539,GLRX3,,,,,,,,,,,,CRYM,,PLOD2,,,,,,,,,,PHLDB2,,,,,,,,,,,,,,,,,,,,,,MFGE8,,,,PLCB2,,,,,,,ACTR1A,,,,
PVR,PPP2R5C,RAB11FIP3,P3H2,SIRT6,DDX18,,,,,,,,,,11626,3410,,8028,,,,10533,ATG7,,,,,,,,,,,,CAPN15,,RASSF3,,,,,,,,,,CCNA2,,,,,,,,,,,,,,,,,,,,,,EFL1,,,,PLCB3,,,,,,,WDR12,,,,
MOV10L1,HOXA9,GOLGA3,CERS4,ACTN2,EDEM2,,,,,,,,,,8886,13978,,7089,,,,3530,IGKV1OR22-1,,,,,,,,,,,,PIEZO1,,LPCAT1,,,,,,,,,,PLK2,,,,,,,,,,,,,,,,,,,,,,ARHGAP17,,,,PLCB4,,,,,,,GLCE,,,,
GSDMB,ITM2A,TNRC6A,EFNB1,JADE1,FKBP1A,,,,,,,,,,826,20850,,2589,,,,9070,ASH2L,,,,,,,,,,,,GGA2,,KCTD15,,,,,,,,,,BTF3,,,,,,,,,,,,,,,,,,,,,,ZCCHC14,,,,NPM3,,,,,,,HERC3,,,,
KDM5A,NRDC,PITPNM2,KIF4A,FGFR1,DYNLL1,,,,,,,,,,17026,8576,,15185,,,,9071,CLDN10,,,,,,,,,,,,STX4,,UCHL1,,,,,,,,,,CDCA5,,,,,,,,,,,,,,,,,,,,,,KSR1,,,,CACNB4,,,,,,,NAAA,,,,
FERMT2,VDAC3,RBM27,NAT14,MCCC1,RBBP9,,,,,,,,,,28725,6444,,37691,,,,9076,CLDN1,,,,,,,,,,,,CORO2B,,TRIM11,,,,,,,,,,NCAPG2,,,,,,,,,,,,,,,,,,,,,,ERVK3-1,,,,CACNG1,,,,,,,GSTCD,,,,
IGF2BP2,FDFT1,ZC3HC1,LAMB1,TNRC6C,TMEM230,,,,,,,,,,21526,24979,,2585,,,,9075,CLDN2,,,,,,,,,,,,AP3B2,,RAB6B,,,,,,,,,,NDUFB11,,,,,,,,,,,,,,,,,,,,,,GPN2,,,,SLC25A20,,,,,,,MAP3K12,,,,
MAP3K13,PAFAH1B3,UNC13D,FH,CBFA2T2,OAS1,,,,,,,,,,8031,41207,,7988,,,,3527,IGKV3OR22-2,,,,,,,,,,,,GABPB1,,ZKSCAN2,,,,,,,,,,POLR2K,,,,,,,,,,,,,,,,,,,,,,PFDN2,,,,SLC25A20P1,,,,,,,NIPA2,,,,
ZNF532,PGM1,UPRT,TMEM101,TP53INP2,RPLP0,,,,,,,,,,21486,17843,,785,,,,3525,IGKV1OR1-1,,,,,,,,,,,,MYEF2,,WHAMM,,,,,,,,,,EIF3H,,,,,,,,,,,,,,,,,,,,,,PRCC,,,,GPDS1,,,,,,,UNC45A,,,,
ZZEF1,DDX1,WHRN,CCDC80,THOC1,PEBP1,,,,,,,,,,14285,15132,,14329,,,,4852,NPY,,,,,,,,,,,,IKBKB,,PTPDC1,,,,,,,,,,GPR107,,,,,,,,,,,,,,,,,,,,,,TOR1AIP1,,,,PLAT,,,,,,,NOL3,,,,
TUBE1,KEAP1,BTAF1,PSME1,SLC1A3,ERP29,,,,,,,,,,26928,25905,,7125,,,,3529,IGKV2OR22-3,,,,,,,,,,,,SNX16,,DZIP1L,,,,,,,,,,ADD3,,,,,,,,,,,,,,,,,,,,,,SLC39A1,,,,PLAUR,,,,,,,PCTP,,,,
ZNF638,SESN1,IL11,HAUS4,SENP1,FXYD3,,,,,,,,,,7991,9731,,39490,,,,4870,NPM1P1,,,,,,,,,,,,SLC39A14,,GDPD5,,,,,,,,,,SYT8,,,,,,,,,,,,,,,,,,,,,,SDE2,,,,CAD,,,,,,,G6PC3,,,,
RASAL2,CPOX,WAC,SLC7A8,CIC,DHX32,,,,,,,,,,15190,7944,,39530,,,,3531,IGKV1OR2-1,,,,,,,,,,,,NEFM,,GPAT4,,,,,,,,,,SSRP1,,,,,,,,,,,,,,,,,,,,,,ARF1,,,,AUP1,,,,,,,TBCD,,,,
MARK3,EXD2,SMIM24,TGM1,DDX43,BLVRB,,,,,,,,,,24228,12426,,42190,,,,5726,TAS2R38,,,,,,,,,,,,ARHGEF10,,SPATA2L,,,,,,,,,,SESN3,,,,,,,,,,,,,,,,,,,,,,ANKMY1,,,,APLN,,,,,,,ERBB2,,,,
FNDC3B,PKP1,HIVEP1,MYL6,PTPRH,MRPS33,,,,,,,,,,27803,676,,8885,,,,10730,YME1L1,,,,,,,,,,,,KCNN4,,CDC42SE2,,,,,,,,,,VPS51,,,,,,,,,,,,,,,,,,,,,,RABL3,,,,TRIM29,,,,,,,PFKL,,,,
FRYL,UBA5,HSP90AB1,COMT,SRCAP,NDUFB2,,,,,,,,,,31389,10580,,8925,,,,10732,TCFL5,,,,,,,,,,,,LHB,,ACE,,,,,,,,,,BTBD11,,,,,,,,,,,,,,,,,,,,,,UCN2,,,,DDX18,,,,,,,TMEM91,,,,
TMEM131,JMJD4,SIRT1,KRT31,CNOT4,CERS4,,,,,,,,,,31386,27973,,7129,,,,4430,MYO1B,,,,,,,,,,,,SNRNP70,,CTBP1,,,,,,,,,,NBAS,,,,,,,,,,,,,,,,,,,,,,PDGFC,,,,TAX1BP1,,,,,,,CBLC,,,,
RAB7A,HSPB11,MZF1,CDC23,CLDND1,EFNB1,,,,,,,,,,26028,13980,,11585,,,,4431,MSBP1,,,,,,,,,,,,RELB,,SLC37A1,,,,,,,,,,HSPB8,,,,,,,,,,,,,,,,,,,,,,NKD2,,,,RPS20P3,,,,,,,MBOAT2,,,,
SART3,ATP8B1,MYO9B,TBC1D2,MOK,LAMB1,,,,,,,,,,8926,3208,,22391,,,,4432,MSBP2,,,,,,,,,,,,CLASRP,,CBS,,,,,,,,,,PFKM,,,,,,,,,,,,,,,,,,,,,,ATG12,,,,RPS25,,,,,,,CTDSP1,,,,
RBM7,C5orf22,CBARP,BLNK,HSP90AA1,SLC7A8,,,,,,,,,,36070,10604,,38629,,,,4429,MRXS7,,,,,,,,,,,,CKM,,VAV2,,,,,,,,,,SKA1,,,,,,,,,,,,,,,,,,,,,,DOK3,,,,RPS27,,,,,,,NICN1,,,,
BAZ2A,FAM135A,CEP170B,DSP,DLGAP4,TGM1,,,,,,,,,,7089,4930,,11628,,,,10725,NFAT5,,,,,,,,,,,,AMH,,LEMD2,,,,,,,,,,TMEM237,,,,,,,,,,,,,,,,,,,,,,PURB,,,,EIF2B3,,,,,,,OCIAD2,,,,
SPAG5,COBLL1,HCN2,SCD,IGSF9B,TINF2,,,,,,,,,,19725,483,,42230,,,,10726,NUDC,,,,,,,,,,,,OAZ1,,SDC3,,,,,,,,,,RAET1L,,,,,,,,,,,,,,,,,,,,,,CLTRN,,,,EIF2B2,,,,,,,PCYOX1L,,,,
TRAF4,DLG3,GADD45B,ABLIM1,CXCL2,PHGDH,,,,,,,,,,11586,16710,,28731,,,,10728,PTGES3,,,,,,,,,,,,DMPK,,SYNC,,,,,,,,,,PSD3,,,,,,,,,,,,,,,,,,,,,,ZNF7,,,,RPS26,,,,,,,PSPH,,,,
GPATCH1,NFE2L1,ARVCF,ERMP1,ARG2,COMT,,,,,,,,,,17927,21119,,18828,,,,23207,PLEKHM2,,,,,,,,,,,,CCDC130,,FLVCR1,,,,,,,,,,BUB1B,,,,,,,,,,,,,,,,,,,,,,ARHGAP39,,,,ZNF536,,,,,,,TMEM209,,,,
STXBP2,ITGB5,MED15,RAB18,STK17B,ECHDC1,,,,,,,,,,7130,14211,,16127,,,,10379,IRF9,,,,,,,,,,,,PTOV1,,TFB2M,,,,,,,,,,SSBP3,,,,,,,,,,,,,,,,,,,,,,ZNF462,,,,RPS21,,,,,,,MRPS28,,,,
DGKD,LYRM2,CRKL,PALMD,CCNT2,KRT31,,,,,,,,,,14290,7074,,28732,,,,23452,ANGPTL2,,,,,,,,,,,,TIMM44,,EIF5A2,,,,,,,,,,CCNB2,,,,,,,,,,,,,,,,,,,,,,SLC25A25,,,,RPS20P4,,,,,,,MFSD14B,,,,
NFKB2,TNPO1,LZTR1,KCNK6,XPO1,EPB41L4B,,,,,,,,,,9790,1575,,10689,,,,5549,PRELP,,,,,,,,,,,,NUMBL,,ATXN7,,,,,,,,,,SLC35B2,,,,,,,,,,,,,,,,,,,,,,LCN2,,,,RPS24,,,,,,,SH3GLB2,,,,
LRCH4,RPS5,MFNG,ATP5F1D,DOP1A,BLNK,,,,,,,,,,1730,24978,,26886,,,,2053,EPHX2,,,,,,,,,,,,CCDC9,,PPM1M,,,,,,,,,,SPPL3,,,,,,,,,,,,,,,,,,,,,,LRSAM1,,,,RPS23,,,,,,,PAXX,,,,
FAM76B,ZMPSTE24,LRP5L,2-Mar,KAT6A,FKBP5,,,,,,,,,,10725,2928,,15189,,,,10357,HMGB1P1,,,,,,,,,,,,TGFB1,,SAP30,,,,,,,,,,XDH,,,,,,,,,,,,,,,,,,,,,,NOTCH1,,,,DGCR2,,,,,,,MINDY3,,,,
SIRT6,STARD7,DDX17,NDUFB7,CYLD,SRPK1,,,,,,,,,,3488,21408,,1688,,,,7991,TUSC3,,,,,,,,,,,,ICAM5,,CASP3,,,,,,,,,,TENT5B,,,,,,,,,,,,,,,,,,,,,,TCF7L2,,,,IGKV1OR2-0,,,,,,,C11orf49,,,,
ACTN2,NOA1,XBP1,TECR,ZNF671,DSP,,,,,,,,,,17929,3317,,12490,,,,5330,PLCB2,,,,,,,,,,,,MEIS3,,MED30,,,,,,,,,,ADIPOR1,,,,,,,,,,,,,,,,,,,,,,TUT1,,,,IGKV6D-41,,,,,,,PLCH2,,,,
JADE1,GSTP1,JOSD1,TIMM13,ZNF586,ACOT7,,,,,,,,,,21488,17576,,4428,,,,5331,PLCB3,,,,,,,,,,,,CYTH2,,OSGIN2,,,,,,,,,,LCE2B,,,,,,,,,,,,,,,,,,,,,,HIKESHI,,,,EIF4G3,,,,,,,MPP7,,,,
FGFR1,COL16A1,SUN2,RANBP1,ZNF264,SH3GLB1,,,,,,,,,,23470,2364,,6189,,,,5332,PLCB4,,,,,,,,,,,,PLA2G4C,,SLC4A2,,,,,,,,,,LYPD5,,,,,,,,,,,,,,,,,,,,,,DUSP15,,,,CAPRIN1,,,,,,,TMEM218,,,,
TULP3,RAB10,LMF2,DDT,YTHDC1,SCD,,,,,,,,,,7129,3147,,5290,,,,10360,NPM3,,,,,,,,,,,,PLEKHA4,,FAM219A,,,,,,,,,,CALM3,,,,,,,,,,,,,,,,,,,,,,LSM14B,,,,SLC26A4,,,,,,,EEF1AKMT1,,,,
TNRC6C,HADHA,RHBDD3,SEC14L2,CHMP2B,ABLIM1,,,,,,,,,,786,590,,18829,,,,785,CACNB4,,,,,,,,,,,,ISYNA1,,CFL2,,,,,,,,,,ZNF385A,,,,,,,,,,,,,,,,,,,,,,PPP1R1C,,,,ADRA1A,,,,,,,TWF1,,,,
TP53INP2,CD82,CHKB,PLA2G3,REST,ERMP1,,,,,,,,,,3528,17776,,26931,,,,786,CACNG1,,,,,,,,,,,,ELL,,EML5,,,,,,,,,,JMJD8,,,,,,,,,,,,,,,,,,,,,,EIF4E,,,,MTSS1,,,,,,,IFIT5,,,,
THOC1,SCAMP1,BIK,LGALS1,WBP11,RAB18,,,,,,,,,,7090,17812,,2629,,,,788,SLC25A20,,,,,,,,,,,,ERF,,MOAP1,,,,,,,,,,GBP2,,,,,,,,,,,,,,,,,,,,,,SRFBP1,,,,TNNC2,,,,,,,MARVELD2,,,,
SLC1A3,PREP,ZC3H7B,PIK3IP1,CD59,PALMD,,,,,,,,,,19691,29707,,38589,,,,789,SLC25A20P1,,,,,,,,,,,,GRIK5,,ZNF319,,,,,,,,,,C1orf74,,,,,,,,,,,,,,,,,,,,,,QTRT2,,,,RNASE2,,,,,,,HS2ST1,,,,
SENP1,SLC25A24,BRD1,EIF3L,ATRX,H2AFY2,,,,,,,,,,40425,26870,,12530,,,,7986,GPDS1,,,,,,,,,,,,RUNDC3B,,RSKR,,,,,,,,,,SPATA18,,,,,,,,,,,,,,,,,,,,,,BICD1,,,,SPCS2,,,,,,,TSEN2,,,,
CIC,IGSF9,SOS2,SNU13,AK6,KCNK6,,,,,,,,,,12628,17723,,28691,,,,5325,PLAGL1,,,,,,,,,,,,DNAJC2,,TP53I13,,,,,,,,,,SPRR3,,,,,,,,,,,,,,,,,,,,,,C18orf25,,,,TNFAIP2,,,,,,,MMS19,,,,
DDX43,CPNE3,CGRRF1,MICALL1,OVGP1,HSD3B7,,,,,,,,,,26889,14160,,40391,,,,5326,PLAGL2,,,,,,,,,,,,TFPI2,,KIFC2,,,,,,,,,,SPRR2D,,,,,,,,,,,,,,,,,,,,,,CCDC50,,,,KIAA0586,,,,,,,MARVELD1,,,,
PTPRH,MTIF2,SIX4,POLR2F,ABCB1,ATP5F1D,,,,,,,,,,35929,14179,,40431,,,,5327,PLAT,,,,,,,,,,,,CBLL1,,FTH1,,,,,,,,,,GPR155,,,,,,,,,,,,,,,,,,,,,,BCL2L11,,,,TNFAIP1,,,,,,,AIFM1,,,,
RIF1,TTC39A,SRSF5,SLC5A1,CHERP,2-Mar,,,,,,,,,,31429,13821,,3529,,,,7988,ZNF212,,,,,,,,,,,,HOXA1,,LTBP3,,,,,,,,,,KIAA1143,,,,,,,,,,,,,,,,,,,,,,RMND5A,,,,DLGAP5,,,,,,,AASDH,,,,
RAB21,MGST2,EIF5,TOMM22,DNAJA1,NDUFB7,,,,,,,,,,23286,5209,,37692,,,,5328,PLAU,,,,,,,,,,,,GRB10,,PAFAH1B2,,,,,,,,,,NSA2,,,,,,,,,,,,,,,,,,,,,,CMIP,,,,SAE1,,,,,,,APPL1,,,,
COL5A3,EIF2AK1,DICER1,TIMP3,ERO1B,TIMM13,,,,,,,,,,24185,12376,,16985,,,,5329,PLAUR,,,,,,,,,,,,STX1A,,DDIT4,,,,,,,,,,ADGRF2,,,,,,,,,,,,,,,,,,,,,,CEBPG,,,,APC2,,,,,,,TMEM164,,,,
SRCAP,FAT2,PCNX1,DNAL4,TXLNG,POLRMT,,,,,,,,,,11942,38843,,43091,,,,790,CAD,,,,,,,,,,,,CCL24,,PXK,,,,,,,,,,CITED2,,,,,,,,,,,,,,,,,,,,,,CACNA2D1,,,,FARSB,,,,,,,PSMG3,,,,
CNOT4,ACOX3,ACIN1,AP1B1,HUWE1,RANBP1,,,,,,,,,,25988,17809,,8030,,,,550,AUP1,,,,,,,,,,,,SNX8,,BMP1,,,,,,,,,,MIOS,,,,,,,,,,,,,,,,,,,,,,ABCA10,,,,DNM1L,,,,,,,MIS18A,,,,
CLDND1,RTRAF,PABPN1,MCAT,PPP1R15A,SEC14L2,,,,,,,,,,35889,2274,,39492,,,,7518,XRCC4,,,,,,,,,,,,PLOD3,,PTPN9,,,,,,,,,,DNAAF5,,,,,,,,,,,,,,,,,,,,,,KLF10,,,,TNFRSF1A,,,,,,,CCDC107,,,,
MOK,ERGIC2,DHRS2,MCM5,HSD17B14,SPECC1L,,,,,,,,,,9069,19824,,22426,,,,8862,APLN,,,,,,,,,,,,CLDN15,,PLEKHA2,,,,,,,,,,AQP3,,,,,,,,,,,,,,,,,,,,,,GOLGA7B,,,,PEX14,,,,,,,WDR4,,,,
HSP90AA1,PIR,PCK2,TSPO,ACHE,PPM1F,,,,,,,,,,17028,6534,,15186,,,,23650,TRIM29,,,,,,,,,,,,ANKMY2,,AGPAT2,,,,,,,,,,SKA3,,,,,,,,,,,,,,,,,,,,,,ZCCHC10,,,,RMC1,,,,,,,FAM207A,,,,
DLGAP4,SULT2B1,NFKBIA,TTLL12,SRRT,SLC25A1,,,,,,,,,,30490,2852,,22427,,,,8886,DDX18,,,,,,,,,,,,URGCP,,CSGALNACT2,,,,,,,,,,SERPINA12,,,,,,,,,,,,,,,,,,,,,,SLC7A7,,,,CHD1L,,,,,,,FDPS,,,,
IGSF9B,DDX18,PNN,RPL3,BAX,SH3BP1,,,,,,,,,,36255,2311,,18788,,,,8887,TAX1BP1,,,,,,,,,,,,AEBP1,,TRIM56,,,,,,,,,,CKB,,,,,,,,,,,,,,,,,,,,,,ELMSAN1,,,,COX17,,,,,,,YDJC,,,,
MAGI3,ASAP3,NINL,SYNGR1,NLK,LGALS1,,,,,,,,,,20591,7541,,9829,,,,6225,RPS20P3,,,,,,,,,,,,CLIP2,,KLF13,,,,,,,,,,NOLC1,,,,,,,,,,,,,,,,,,,,,,SFR1,,,,PTDSS1,,,,,,,CYB561A3,,,,
CXCL2,EDEM2,PABPC1L,SAMM50,UIMC1,PIK3IP1,,,,,,,,,,9825,13770,,29588,,,,6230,RPS25,,,,,,,,,,,,KDM4C,,ZNF778,,,,,,,,,,USP54,,,,,,,,,,,,,,,,,,,,,,FAM122B,,,,SERTAD2,,,,,,,CZIB,,,,
STK17B,TMEM40,CTSZ,TXN2,ADD1,SRRD,,,,,,,,,,22429,2900,,11588,,,,6232,RPS27,,,,,,,,,,,,TESK1,,ZNF282,,,,,,,,,,WEE1,,,,,,,,,,,,,,,,,,,,,,ZNF689,,,,TNFAIP6,,,,,,,SELENON,,,,
CCNT2,FKBP1A,MRGBP,ACO2,CASS4,EIF3L,,,,,,,,,,10685,13825,,37729,,,,8891,EIF2B3,,,,,,,,,,,,MPDZ,,KRT8,,,,,,,,,,MCM7,,,,,,,,,,,,,,,,,,,,,,PRR14,,,,BMS1,,,,,,,LZIC,,,,
EPB41L3,MAVS,DIDO1,ABHD4,CNOT3,SNU13,,,,,,,,,,2630,17803,,8928,,,,8892,EIF2B2,,,,,,,,,,,,NPDC1,,RNF34,,,,,,,,,,SEC11C,,,,,,,,,,,,,,,,,,,,,,PAXIP1,,,,ACTBP8,,,,,,,FBLIM1,,,,
XPO1,RPL6,GMEB2,PYGL,KHSRP,MICALL1,,,,,,,,,,16987,14731,,18785,,,,6231,RPS26,,,,,,,,,,,,SETX,,TANC2,,,,,,,,,,CDH16,,,,,,,,,,,,,,,,,,,,,,RNF111,,,,KLHDC2,,,,,,,TGFA,,,,
KAT6A,RBBP9,RNF24,CDKN3,PPP1R13B,CBY1,,,,,,,,,,15191,22065,,14327,,,,9745,ZNF536,,,,,,,,,,,,MAPK8,,ZNF160,,,,,,,,,,HSP90B1,,,,,,,,,,,,,,,,,,,,,,ETS2,,,,CCNDBP1,,,,,,,GNPDA2,,,,
CYLD,ANAPC5,TRIB3,CNIH1,C20orf194,TOMM22,,,,,,,,,,33230,19044,,33187,,,,6227,RPS21,,,,,,,,,,,,ARHGAP21,,CDC42BPG,,,,,,,,,,B2M,,,,,,,,,,,,,,,,,,,,,,MITD1,,,,DNAJC16,,,,,,,GMPS,,,,
ZNF671,TMEM230,CDS2,PSMA3,LZTS3,DNAL4,,,,,,,,,,15231,28374,,13429,,,,6226,RPS20P4,,,,,,,,,,,,LARP4B,,FAM241B,,,,,,,,,,SCNN1G,,,,,,,,,,,,,,,,,,,,,,USF1,,,,SMUG1,,,,,,,ABHD6,,,,
ZNF264,OAS1,ADNP2,VTI1B,KIZ,MCAT,,,,,,,,,,24225,14243,,8888,,,,8888,MCM3AP,,,,,,,,,,,,PPIF,,CHD7,,,,,,,,,,NAV2,,,,,,,,,,,,,,,,,,,,,,MPZ,,,,ACTG1P7,,,,,,,ELP6,,,,
YTHDC1,RPLP0,VAPA,DAAM1,SNX5,TSPO,,,,,,,,,,42225,3402,,5330,,,,6229,RPS24,,,,,,,,,,,,NUFIP2,,DLK2,,,,,,,,,,CDT1,,,,,,,,,,,,,,,,,,,,,,CCAR2,,,,USF2,,,,,,,DTX3L,,,,
CHMP2B,PEBP1,LPIN2,HIF1A,ESF1,TTLL12,,,,,,,,,,11728,32208,,7085,,,,6228,RPS23,,,,,,,,,,,,WNT3,,ENC1,,,,,,,,,,EEF2,,,,,,,,,,,,,,,,,,,,,,SV2A,,,,INDX,,,,,,,RPN1,,,,
REST,ERP29,SMAD7,MTHFD1,SLC8B1,RPL3,,,,,,,,,,25986,24450,,22386,,,,9993,DGCR2,,,,,,,,,,,,INTS2,,RGS19,,,,,,,,,,NXN,,,,,,,,,,,,,,,,,,,,,,ANKLE1,,,,GUST,,,,,,,RFC4,,,,
WBP11,FXYD5,ANKRD12,VRK1,PXN,SAMM50,,,,,,,,,,22389,13991,,30487,,,,28867,IGKV1OR2-0,,,,,,,,,,,,CAMTA2,,SYNPO,,,,,,,,,,KLK13,,,,,,,,,,,,,,,,,,,,,,CILP2,,,,PLEKHG3,,,,,,,RPL39L,,,,
TXLNA,FXYD3,POLI,PSMB5,FUS,TXN2,,,,,,,,,,20631,10372,,17025,,,,28869,IGKV6D-41,,,,,,,,,,,,MED13,,MUS81,,,,,,,,,,KRT80,,,,,,,,,,,,,,,,,,,,,,SHKBP1,,,,DUT,,,,,,,MST1R,,,,
AK6,RBM41,MIB1,EFS,GRAMD1A,KIAA0930,,,,,,,,,,41291,13306,,8025,,,,8672,EIF4G3,,,,,,,,,,,,ENO3,,MAP3K11,,,,,,,,,,CDK2AP2,,,,,,,,,,,,,,,,,,,,,,SLC25A44,,,,TRAV2,,,,,,,GPX8,,,,
OVGP1,OTUB2,WDR13,PSME2,GMIP,KCTD17,,,,,,,,,,30492,3428,,31385,,,,4076,CAPRIN1,,,,,,,,,,,,RASD1,,PLK3,,,,,,,,,,KRT24,,,,,,,,,,,,,,,,,,,,,,UBQLN4,,,,SUSD5,,,,,,,COG5,,,,
ABCB1,DHX32,ABCD1,PLTP,LAG3,POLR3H,,,,,,,,,,30530,21412,,18792,,,,5172,SLC26A4,,,,,,,,,,,,DDX5,,HOXB2,,,,,,,,,,BSCL2,,,,,,,,,,,,,,,,,,,,,,ZNF653,,,,TRAV1-2,,,,,,,CDCA7L,,,,
CHERP,MRPS33,SYP,PYGB,NECAP1,ABHD4,,,,,,,,,,33190,13967,,5288,,,,148,ADRA1A,,,,,,,,,,,,SMURF2,,TNK1,,,,,,,,,,SAC3D1,,,,,,,,,,,,,,,,,,,,,,TYW3,,,,OSBPL3,,,,,,,CTSB,,,,
DNAJA1,NDUFB2,RENBP,PROCR,GPATCH2L,FKBP3,,,,,,,,,,23292,3112,,35029,,,,9785,DHX38,,,,,,,,,,,,WSB1,,GOLT1A,,,,,,,,,,PBK,,,,,,,,,,,,,,,,,,,,,,PKDCC,,,,TRAV3,,,,,,,PEX2,,,,
ITPKC,FETUB,ELF4,ZMYND8,SLC9A1,PYGL,,,,,,,,,,9830,20849,,13389,,,,9788,MTSS1,,,,,,,,,,,,RAB34,,DENND6A,,,,,,,,,,VASN,,,,,,,,,,,,,,,,,,,,,,INHBB,,,,CUBN,,,,,,,STOML2,,,,
ERO1B,P3H2,SMARCA1,MYBL2,PAPOLA,GNPNAT1,,,,,,,,,,25103,20534,,2625,,,,7125,TNNC2,,,,,,,,,,,,DCUN1D4,,CTBP2,,,,,,,,,,FILIP1L,,,,,,,,,,,,,,,,,,,,,,NPPC,,,,DGS2,,,,,,,REEP3,,,,
TXLNG,CERS4,GPR50,C20orf27,CCNK,CNIH1,,,,,,,,,,4430,42906,,4388,,,,6036,RNASE2,,,,,,,,,,,,CHIC2,,CCDC57,,,,,,,,,,SCNN1B,,,,,,,,,,,,,,,,,,,,,,HIPK1,,,,STAM,,,,,,,TTC8,,,,
HUWE1,LAMB1,GABRE,FERMT1,MAEA,PLEK2,,,,,,,,,,4390,15819,,20628,,,,9789,SPCS2,,,,,,,,,,,,NFKB1,,BNIP3,,,,,,,,,,PHYHIP,,,,,,,,,,,,,,,,,,,,,,EOGT,,,,LRRTM2,,,,,,,ENOX2,,,,
PPP1R15A,CMTM6,FGD1,TM9SF4,STRN4,PSMA3,,,,,,,,,,2590,11984,,35026,,,,7127,TNFAIP2,,,,,,,,,,,,UBE2D3,,EID2B,,,,,,,,,,MN1,,,,,,,,,,,,,,,,,,,,,,UCN,,,,UQCR10,,,,,,,ISCA2,,,,
HSD17B14,FH,KLF8,IDH3B,GNPTG,VTI1B,,,,,,,,,,22388,17249,,34989,,,,9786,KIAA0586,,,,,,,,,,,,NSD2,,FUT2,,,,,,,,,,CKAP2L,,,,,,,,,,,,,,,,,,,,,,ZNF148,,,,E2F1,,,,,,,POLL,,,,
TRIP6,SEL1L3,FNDC3A,JAG1,GOLGA3,DHRS7,,,,,,,,,,6228,17321,,28727,,,,7126,TNFAIP1,,,,,,,,,,,,MFSD10,,DEAF1,,,,,,,,,,BUB1,,,,,,,,,,,,,,,,,,,,,,TASOR,,,,KIFC3,,,,,,,COX11,,,,
ACHE,HAUS4,CAB39L,PXMP4,MCOLN1,MTHFD1,,,,,,,,,,16988,14202,,15192,,,,9787,DLGAP5,,,,,,,,,,,,RAPGEF2,,PHETA2,,,,,,,,,,MT1E,,,,,,,,,,,,,,,,,,,,,,HMGB2,,,,NCOA4,,,,,,,AKTIP,,,,
SRRT,SLC7A8,PARP4,CST3,PLEKHG2,VRK1,,,,,,,,,,36068,14220,,26926,,,,10055,SAE1,,,,,,,,,,,,FNBP4,,TGIF1,,,,,,,,,,PCDH7,,,,,,,,,,,,,,,,,,,,,,NPY1R,,,,CCDC6,,,,,,,TRUB2,,,,
BAX,TGM1,RGCC,AHCY,RBM27,PSMB5,,,,,,,,,,26026,7876,,12485,,,,10297,APC2,,,,,,,,,,,,B3GAT1,,MIEF2,,,,,,,,,,ROBO1,,,,,,,,,,,,,,,,,,,,,,ANKRD33B,,,,EIF2AK1,,,,,,,SLC27A4,,,,
NLK,TINF2,DGKH,PRPS2,ZC3HC1,APEX1,,,,,,,,,,16986,32202,,18791,,,,10056,FARSB,,,,,,,,,,,,HSPA8,,ERICH5,,,,,,,,,,SLC30A1,,,,,,,,,,,,,,,,,,,,,,CCDC127,,,,E2F3P1,,,,,,,NOD2,,,,
ATXN7L3,COMT,KATNAL1,PLS3,HNRNPC,EFS,,,,,,,,,,8891,3434,,30529,,,,10059,DNM1L,,,,,,,,,,,,ATG2A,,ZNF354B,,,,,,,,,,KRT4,,,,,,,,,,,,,,,,,,,,,,DACT2,,,,E2F2,,,,,,,HDHD2,,,,
UIMC1,ECHDC1,INTS6,PGK1,TOX4,PLTP,,,,,,,,,,17887,19608,,33229,,,,7132,TNFRSF1A,,,,,,,,,,,,KMT5B,,ZNF664,,,,,,,,,,NUDT9,,,,,,,,,,,,,,,,,,,,,,BMT2,,,,ACOT11,,,,,,,PPP1R14A,,,,
ADD1,KRT31,MGRN1,HTATSF1,TRPM7,PROCR,,,,,,,,,,40426,3386,,5328,,,,5195,PEX14,,,,,,,,,,,,HPX,,CUEDC1,,,,,,,,,,SHCBP1,,,,,,,,,,,,,,,,,,,,,,RAD21,,,,TRAV4,,,,,,,C19orf48,,,,
GNAS,AAAS,CENPT,VGLL1,UNC13D,ZMYND8,,,,,,,,,,8931,25039,,40432,,,,29919,RMC1,,,,,,,,,,,,TRIM3,,FKRP,,,,,,,,,,KRT15,,,,,,,,,,,,,,,,,,,,,,C9orf24,,,,TRAV7,,,,,,,IGFBP6,,,,
CASS4,EPB41L4B,NFAT5,NDFIP2,GPATCH2,NDRG3,,,,,,,,,,25085,3411,,9827,,,,10060,ABCC9,,,,,,,,,,,,CHORDC1,,TLCD5,,,,,,,,,,KRT9,,,,,,,,,,,,,,,,,,,,,,UBAP1,,,,PCDHGA12,,,,,,,TMEM99,,,,
CNOT3,TBC1D2,ZNF821,ACP5,SUCO,RAB5IF,,,,,,,,,,37685,13166,,30527,,,,9557,CHD1L,,,,,,,,,,,,CBL,,MEX3D,,,,,,,,,,RRM2,,,,,,,,,,,,,,,,,,,,,,NOXRED1,,,,TRAV8-1,,,,,,,THAP11,,,,
KHSRP,BLNK,NDRG4,GDPD3,NUP188,PSMA7,,,,,,,,,,36831,14234,,33227,,,,10063,COX17,,,,,,,,,,,,MDK,,CLDN7,,,,,,,,,,ID4,,,,,,,,,,,,,,,,,,,,,,PRPF18,,,,ECE1,,,,,,,IRF2,,,,
ANKRD10,FKBP5,AXIN1,MT4,WHRN,PTK6,,,,,,,,,,2589,17610,,18831,,,,9791,PTDSS1,,,,,,,,,,,,CARS,,CCDC149,,,,,,,,,,OVOL1,,,,,,,,,,,,,,,,,,,,,,CLMN,,,,COX6CP1,,,,,,,SNUPN,,,,
PPP1R13B,SRPK1,NECAB2,PHKB,BTAF1,C20orf27,,,,,,,,,,36791,6959,,11630,,,,9792,SERTAD2,,,,,,,,,,,,CHKA,,TNRC18,,,,,,,,,,CES4A,,,,,,,,,,,,,,,,,,,,,,ARL5B,,,,COG1,,,,,,,NFU1,,,,
C20orf194,MRPS18A,CLCN7,N4BP1,IKZF5,POFUT1,,,,,,,,,,11591,20555,,789,,,,7130,TNFAIP6,,,,,,,,,,,,RSRC2,,CRIP2,,,,,,,,,,HPSE,,,,,,,,,,,,,,,,,,,,,,ABTB2,,,,IGKV1D-43,,,,,,,FASN,,,,
LZTS3,TMEM14A,SLC7A5,CCDC113,IL11,JAG1,,,,,,,,,,24441,3398,,32329,,,,9790,BMS1,,,,,,,,,,,,STX2,,PRR36,,,,,,,,,,COQ2,,,,,,,,,,,,,,,,,,,,,,ZNF202,,,,C2CD3,,,,,,,AVEN,,,,
ESF1,DSP,RHBDL1,NME3,WAC,PXMP4,,,,,,,,,,1690,14199,,37728,,,,7128,TNFAIP3,,,,,,,,,,,,ENO2,,BCOR,,,,,,,,,,COMMD1,,,,,,,,,,,,,,,,,,,,,,SMPD1,,,,RNF167,,,,,,,CMTM8,,,,
SLC8B1,ACOT7,UBE2I,HAS3,BRPF3,CST3,,,,,,,,,,33232,17700,,36789,,,,68,ACTBP8,,,,,,,,,,,,NT5DC3,,CMTM4,,,,,,,,,,NWD2,,,,,,,,,,,,,,,,,,,,,,ATF7IP2,,,,FOXK2,,,,,,,CAVIN3,,,,
PXN,SCD,CRYM,COG4,HSP90AB1,AHCY,,,,,,,,,,8126,6980,,6192,,,,23345,SYNE1,,,,,,,,,,,,HCFC2,,AC138969.1,,,,,,,,,,ZHX3,,,,,,,,,,,,,,,,,,,,,,VPS39,,,,COCH,,,,,,,ZNF672,,,,
FUS,TMED1,CAPN15,HCFC1R1,CDC5L,PIGU,,,,,,,,,,33311,28610,,26927,,,,23588,KLHDC2,,,,,,,,,,,,RIC8B,,PTP4A2,,,,,,,,,,GLIS1,,,,,,,,,,,,,,,,,,,,,,PBX3,,,,GSDME,,,,,,,EXOSC1,,,,
GRAMD1A,ABLIM1,PIEZO1,COTL1,SIRT1,MYL12A,,,,,,,,,,43129,13334,,35025,,,,23582,CCNDBP1,,,,,,,,,,,,FGFR1OP2,,AP001062.1,,,,,,,,,,EXO1,,,,,,,,,,,,,,,,,,,,,,ZNF226,,,,OCRL,,,,,,,ZNF561,,,,
GMIP,ERMP1,GGA2,NME4,HNRNPH3,PRPS2,,,,,,,,,,30486,3375,,9831,,,,23341,DNAJC16,,,,,,,,,,,,SERINC1,,PTP4A3,,,,,,,,,,MRPL11,,,,,,,,,,,,,,,,,,,,,,ANKRD11,,,,INPP1,,,,,,,SLFN12,,,,
LAG3,RAB18,STX4,METRN,SYDE2,CCDC22,,,,,,,,,,26929,19819,,32326,,,,23583,SMUG1,,,,,,,,,,,,ULBP1,,IFNE,,,,,,,,,,NDUFA11,,,,,,,,,,,,,,,,,,,,,,SEMA6B,,,,,,,,,,,TMEM134,,,,
NECAP1,PALMD,CORO2B,ELOB,WASHC2A,PLP2,,,,,,,,,,6188,31649,,21525,,,,79,ACTG1P7,,,,,,,,,,,,SRSF3,,NRBP2,,,,,,,,,,RAB1B,,,,,,,,,,,,,,,,,,,,,,SLC43A2,,,,,,,,,,,SSH3,,,,
GPATCH2L,H2AFY2,AP3B2,QPRT,MZF1,PLS3,,,,,,,,,,34226,28345,,30525,,,,7392,USF2,,,,,,,,,,,,MRPL18,,L3MBTL1,,,,,,,,,,UBE2C,,,,,,,,,,,,,,,,,,,,,,SERPINF2,,,,,,,,,,,MAB21L3,,,,
SLC9A1,KCNK6,CD276,PYCARD,MYO9B,RBBP7,,,,,,,,,,36071,14201,,34201,,,,8259,INDX,,,,,,,,,,,,RBM24,,ZNF284,,,,,,,,,,CLTB,,,,,,,,,,,,,,,,,,,,,,RAB3IL1,,,,,,,,,,,MZT2A,,,,
SPTLC1,ATP5F1D,HOMER2,VPS35L,SETD1A,PCSK1N,,,,,,,,,,25125,20575,,17886,,,,8258,GUST,,,,,,,,,,,,BAG2,,ZNF397,,,,,,,,,,TOM1L2,,,,,,,,,,,,,,,,,,,,,,CCDC88B,,,,,,,,,,,PPP1R3B,,,,
PAPOLA,2-Mar,GABPB1,AQP9,CBARP,PGK1,,,,,,,,,,1691,3372,,11590,,,,26030,PLEKHG3,,,,,,,,,,,,E2F3,,TNFRSF18,,,,,,,,,,SLC35A4,,,,,,,,,,,,,,,,,,,,,,KIAA1586,,,,,,,,,,,GMPPB,,,,
CCNK,NDUFB7,MYEF2,RAB11A,HNRNPM,UBL4A,,,,,,,,,,12302,6977,,8026,,,,1854,DUT,,,,,,,,,,,,C6orf62,,SHTN1,,,,,,,,,,ZBTB8OS,,,,,,,,,,,,,,,,,,,,,,NKIRAS2,,,,,,,,,,,GLMN,,,,
NUDC,TIMM13,ZDHHC2,CTSH,CEP170B,HTATSF1,,,,,,,,,,12301,7848,,21485,,,,28691,TRAV2,,,,,,,,,,,,PHF1,,EPOR,,,,,,,,,,TYMS,,,,,,,,,,,,,,,,,,,,,,INSM2,,,,,,,,,,,FBXW8,,,,
MAEA,POLRMT,IKBKB,CEMIP,HCN2,VGLL1,,,,,,,,,,4431,10939,,18827,,,,26032,SUSD5,,,,,,,,,,,,PTK7,,SPRY4,,,,,,,,,,FAM89B,,,,,,,,,,,,,,,,,,,,,,ING5,,,,,,,,,,,GK5,,,,
STRN4,TRMT2A,SNX16,TGM5,GADD45B,NDFIP2,,,,,,,,,,27785,20500,,23327,,,,28692,TRAV1-2,,,,,,,,,,,,SENP6,,PEAR1,,,,,,,,,,PPFIA3,,,,,,,,,,,,,,,,,,,,,,HSPBAP1,,,,,,,,,,,FAM131A,,,,
GNPTG,RANBP1,SLC39A14,RHOV,MKNK2,ACP5,,,,,,,,,,4391,16782,,28687,,,,26031,OSBPL3,,,,,,,,,,,,BTN2A1,,WNT7B,,,,,,,,,,ZFAS1,,,,,,,,,,,,,,,,,,,,,,CSNK1G1,,,,,,,,,,,TP53I11,,,,
GOLGA3,SNAP29,MTMR9,CA2,ARVCF,ELMO3,,,,,,,,,,16087,6773,,8890,,,,28690,TRAV3,,,,,,,,,,,,TENT4A,,NOXA1,,,,,,,,,,STX19,,,,,,,,,,,,,,,,,,,,,,ATF5,,,,,,,,,,,CENPS,,,,
MCOLN1,DDT,GSR,NBN,MED15,N4BP1,,,,,,,,,,12186,14212,,13431,,,,8028,MLLT10,,,,,,,,,,,,CLK4,,PAX8-AS1,,,,,,,,,,GEMIN4,,,,,,,,,,,,,,,,,,,,,,CD2BP2,,,,,,,,,,,POLD4,,,,
PDPR,SEC14L2,PPP2CB,DECR1,CRKL,NME3,,,,,,,,,,12488,14929,,23285,,,,8029,CUBN,,,,,,,,,,,,TARS,,TDRD7,,,,,,,,,,NKPD1,,,,,,,,,,,,,,,,,,,,,,TBC1D10B,,,,,,,,,,,RPS6KB2,,,,
PLEKHG2,SPECC1L,NEFM,SFRP1,OSM,HAS3,,,,,,,,,,26891,21399,,32289,,,,8026,DGS2,,,,,,,,,,,,IRX4,,PPP1R26,,,,,,,,,,BACE2,,,,,,,,,,,,,,,,,,,,,,ARL13B,,,,,,,,,,,MTLN,,,,
PITPNM2,PPM1F,ARHGEF10,LAPTM4B,TBC1D10A,ESRP2,,,,,,,,,,36069,20321,,38705,,,,8027,STAM,,,,,,,,,,,,SLC12A7,,SLC6A9,,,,,,,,,,NLRP10,,,,,,,,,,,,,,,,,,,,,,ZEB2,,,,,,,,,,,LMNB2,,,,
RBM27,SLC25A1,KCTD9,INTS10,TOP3B,HCFC1R1,,,,,,,,,,9785,17635,,790,,,,26043,UBXN7,,,,,,,,,,,,LIFR,,MAN2A2,,,,,,,,,,XKRX,,,,,,,,,,,,,,,,,,,,,,P2RY1,,,,,,,,,,,PXMP2,,,,
ZC3HC1,PLA2G3,KCNN4,LEPROTL1,MFNG,MPG,,,,,,,,,,9828,3431,,33189,,,,26045,LRRTM2,,,,,,,,,,,,STC2,,HRH1,,,,,,,,,,EPHB3,,,,,,,,,,,,,,,,,,,,,,ZNF747,,,,,,,,,,,SHMT1,,,,
HNRNPC,SH3BP1,LHB,TUSC3,LRP5L,NME4,,,,,,,,,,8029,6869,,17888,,,,29796,UQCR10,,,,,,,,,,,,CEP70,,ZFP28,,,,,,,,,,NAA38,,,,,,,,,,,,,,,,,,,,,,YWHAG,,,,,,,,,,,B3GNT8,,,,
TOX4,LGALS1,SNRNP70,ASAH1,GGA1,METRN,,,,,,,,,,12528,7430,,4427,,,,1869,E2F1,,,,,,,,,,,,C3orf52,,PDLIM7,,,,,,,,,,OVCH2,,,,,,,,,,,,,,,,,,,,,,GPR25,,,,,,,,,,,MAN1B1,,,,
TRPM7,PIK3IP1,RELB,NUCB1,TFIP11,STUB1,,,,,,,,,,12391,17180,,17890,,,,3801,KIFC3,,,,,,,,,,,,PLXNA1,,FUT11,,,,,,,,,,TBL3,,,,,,,,,,,,,,,,,,,,,,RNF150,,,,,,,,,,,C2orf69,,,,
UNC13D,SRRD,CLASRP,ECH1,PICK1,ELOB,,,,,,,,,,6186,17577,,17926,,,,8031,NCOA4,,,,,,,,,,,,SLC4A3,,PCNX3,,,,,,,,,,CRELD2,,,,,,,,,,,,,,,,,,,,,,IRX1,,,,,,,,,,,GALNT11,,,,
GPATCH2,EIF3L,CKM,C19orf53,DDX17,CPPED1,,,,,,,,,,38629,25635,,14332,,,,8030,CCDC6,,,,,,,,,,,,INO80D,,NOL4L,,,,,,,,,,ZBTB7C,,,,,,,,,,,,,,,,,,,,,,IRX2,,,,,,,,,,,MPI,,,,
SEC22C,SNU13,AMH,OLFM2,JOSD1,HMOX2,,,,,,,,,,22391,17240,,28726,,,,10914,PAPOLA,,,,,,,,,,,,CCL20,,ZNF251,,,,,,,,,,UBALD2,,,,,,,,,,,,,,,,,,,,,,CAVIN4,,,,,,,,,,,EXOSC4,,,,
HDAC6,MICALL1,OAZ1,EPHX3,GTPBP1,DNAJA3,,,,,,,,,,8130,682,,34085,,,,27102,EIF2AK1,,,,,,,,,,,,FNDC4,,CARD11,,,,,,,,,,PSMD13,,,,,,,,,,,,,,,,,,,,,,HTRA3,,,,,,,,,,,TCAIM,,,,
CDC6,CCDC134,DMPK,ILVBL,PPP6R2,RBL2,,,,,,,,,,7270,10376,,29631,,,,1872,E2F3P1,,,,,,,,,,,,GLS,,GFPT1,,,,,,,,,,PMEL,,,,,,,,,,,,,,,,,,,,,,PPM1D,,,,,,,,,,,TMEM125,,,,
SUCO,SLC5A1,CCDC130,CASP14,RHBDD3,PYCARD,,,,,,,,,,42187,7017,,12525,,,,1870,E2F2,,,,,,,,,,,,UNC50,,TXNRD1,,,,,,,,,,SAPCD2,,,,,,,,,,,,,,,,,,,,,,GAA,,,,,,,,,,,B3GNT3,,,,
NUP188,CBY1,PTOV1,RPS16,PACSIN2,CDIPT,,,,,,,,,,3525,20544,,37688,,,,26027,ACOT11,,,,,,,,,,,,USP34,,ZNF587,,,,,,,,,,THBS2,,,,,,,,,,,,,,,,,,,,,,PTGER4,,,,,,,,,,,BBS10,,,,
WHRN,TOMM22,SNAPC2,FBL,CHKB,KNOP1,,,,,,,,,,15439,7004,,36829,,,,28689,TRAV4,,,,,,,,,,,,ZNF142,,NBR2,,,,,,,,,,FAM183A,,,,,,,,,,,,,,,,,,,,,,LGALS4,,,,,,,,,,,MED14,,,,
BTAF1,TTLL1,TIMM44,PLD3,HMOX1,AQP9,,,,,,,,,,27825,28608,,24186,,,,28686,TRAV7,,,,,,,,,,,,WNT6,,KLHL9,,,,,,,,,,NAP1L1,,,,,,,,,,,,,,,,,,,,,,RNASEH1,,,,,,,,,,,PRKRA,,,,
IKZF5,MCAT,IL27RA,POLR2I,MTMR3,RAB11A,,,,,,,,,,32405,14276,,17930,,,,26025,PCDHGA12,,,,,,,,,,,,IL1RL1,,ANKRD13B,,,,,,,,,,MT1X,,,,,,,,,,,,,,,,,,,,,,ZNF57,,,,,,,,,,,NQO1,,,,
BAMBI,TSPO,NUMBL,MYH14,EP300,SPG11,,,,,,,,,,15226,14270,,33355,,,,28685,TRAV8-1,,,,,,,,,,,,ODC1,,CDC42BPB,,,,,,,,,,CHP1,,,,,,,,,,,,,,,,,,,,,,ZNF554,,,,,,,,,,,COPG1,,,,
IL11,TTLL12,CCDC9,RPS19,BRD1,RHOV,,,,,,,,,,39530,3318,,34986,,,,1889,ECE1,,,,,,,,,,,,DLX2,,PLXNB3,,,,,,,,,,ISG15,,,,,,,,,,,,,,,,,,,,,,EIF2AK3,,,,,,,,,,,C5orf24,,,,
WAC,RPL3,TGFB1,ETFB,VCPKMT,BRF2,,,,,,,,,,8258,4780,,16086,,,,9384,COX6CP1,,,,,,,,,,,,ATF2,,FAM169A,,,,,,,,,,TPRG1,,,,,,,,,,,,,,,,,,,,,,AZU1,,,,,,,,,,,MRPS11,,,,
HIVEP1,TAB1,DENND3,RABAC1,PSMC6,TRIM35,,,,,,,,,,23341,3354,,32325,,,,9382,COG1,,,,,,,,,,,,AAK1,,SMC5,,,,,,,,,,CLDN4,,,,,,,,,,,,,,,,,,,,,,KDM2A,,,,,,,,,,,NOP10,,,,
BRPF3,SAMM50,ICAM5,CNFN,SNW1,CA2,,,,,,,,,,36433,7792,,23329,,,,28891,IGKV1D-43,,,,,,,,,,,,C2orf42,,RASGEF1A,,,,,,,,,,MAOA,,,,,,,,,,,,,,,,,,,,,,ABLIM3,,,,,,,,,,,MRPS16,,,,
HSP90AB1,TXN2,MEIS3,RAB3D,SIX4,NBN,,,,,,,,,,26925,14129,,43131,,,,26005,C2CD3,,,,,,,,,,,,BCL9,,INF2,,,,,,,,,,ALG1L,,,,,,,,,,,,,,,,,,,,,,AGFG1,,,,,,,,,,,SKA2,,,,
CDC5L,KIAA0930,CYTH2,TMEM205,SUSD6,DECR1,,,,,,,,,,30526,14200,,13391,,,,26001,RNF167,,,,,,,,,,,,CACYBP,,RPA4,,,,,,,,,,RASSF10,,,,,,,,,,,,,,,,,,,,,,SNHG11,,,,,,,,,,,NDN,,,,
SIRT1,KCTD17,PLA2G4C,PPP2R1A,SRSF5,SFRP1,,,,,,,,,,26885,6791,,14291,,,,3608,ILF2,,,,,,,,,,,,PHF13,,ZDBF2,,,,,,,,,,SEMA4A,,,,,,,,,,,,,,,,,,,,,,TRAF6,,,,,,,,,,,PYCR1,,,,
HNRNPH3,POLR3H,PLEKHA4,WDR83OS,EIF5,LAPTM4B,,,,,,,,,,5195,474,,36785,,,,3607,FOXK2,,,,,,,,,,,,ASH1L,,SPANXN5,,,,,,,,,,IPO4,,,,,,,,,,,,,,,,,,,,,,ZNF408,,,,,,,,,,,FANCF,,,,
SYDE2,ABHD4,MAST1,RPL18A,PCNX1,NIPAL2,,,,,,,,,,10060,20235,,17928,,,,1690,COCH,,,,,,,,,,,,SFPQ,,MICA,,,,,,,,,,NACA,,,,,,,,,,,,,,,,,,,,,,EIF1AD,,,,,,,,,,,ADAP2,,,,
WASHC2A,FKBP3,ARRDC2,PIK3R2,BDKRB1,EMC2,,,,,,,,,,38591,20474,,29625,,,,3624,INHBA,,,,,,,,,,,,ARHGEF2,,ZNF805,,,,,,,,,,PELI1,,,,,,,,,,,,,,,,,,,,,,UCP3,,,,,,,,,,,IRAK1,,,,
MZF1,NIN,ISYNA1,TMEM147,ACIN1,ESRP1,,,,,,,,,,36553,3168,,26029,,,,1687,GSDME,,,,,,,,,,,,DLEU2L,,TRIM27,,,,,,,,,,MRPL21,,,,,,,,,,,,,,,,,,,,,,UFSP1,,,,,,,,,,,THAP7,,,,
MYO9B,PYGL,ELL,FKBP8,PABPN1,NDRG1,,,,,,,,,,15186,2553,,27828,,,,4952,OCRL,,,,,,,,,,,,CTH,,SLFN12L,,,,,,,,,,HHLA3,,,,,,,,,,,,,,,,,,,,,,KCMF1,,,,,,,,,,,SEPTIN5,,,,
CATSPERG,GNPNAT1,KXD1,ETHE1,DHRS2,ARMC1,,,,,,,,,,27015,10632,,41329,,,,3628,INPP1,,,,,,,,,,,,RRAGC,,ITPRIPL2,,,,,,,,,,SERPINB2,,,,,,,,,,,,,,,,,,,,,,USF3,,,,,,,,,,,RNLS,,,,
SETD1A,CNIH1,ERF,PON2,DCAF11,SQLE,,,,,,,,,,3485,3374,,36825,,,,,,,,,,,,,,,,,RLF,,SIPA1,,,,,,,,,,DPP4,,,,,,,,,,,,,,,,,,,,,,B3GNT5,,,,,,,,,,,RAB11B,,,,
EFNA2,PLEK2,GRIK5,DLX5,NFKBIA,SH2D4A,,,,,,,,,,7989,19943,,22387,,,,,,,,,,,,,,,,,AKT3,,KCTD11,,,,,,,,,,PDCD1LG2,,,,,,,,,,,,,,,,,,,,,,TCEANC,,,,,,,,,,,PRMT3,,,,
CBARP,PIGH,RUNDC3B,GSDME,PNN,INTS10,,,,,,,,,,15192,14228,,28686,,,,,,,,,,,,,,,,,KIF17,,MYL5,,,,,,,,,,CFD,,,,,,,,,,,,,,,,,,,,,,POLE,,,,,,,,,,,MRPL30,,,,
HNRNPM,PSMA3,DNAJC2,OGDH,PABPC1L,LEPROTL1,,,,,,,,,,15232,13914,,41402,,,,,,,,,,,,,,,,,PRPF3,,NPEPL1,,,,,,,,,,AADACL2,,,,,,,,,,,,,,,,,,,,,,RPS6KA3,,,,,,,,,,,FAAP100,,,,
TECR,VTI1B,TFPI2,CAV1,STK4,MCM4,,,,,,,,,,7265,,,8930,,,,,,,,,,,,,,,,,CNN3,,LINC00571,,,,,,,,,,TMPRSS11F,,,,,,,,,,,,,,,,,,,,,,CD163L1,,,,,,,,,,,C15orf41,,,,
CEP170B,DHRS7,CBLL1,HIBADH,RAE1,ASAH1,,,,,,,,,,25143,,,27826,,,,,,,,,,,,,,,,,PTBP2,,AL391427.1,,,,,,,,,,GET3,,,,,,,,,,,,,,,,,,,,,,FLII,,,,,,,,,,,C2orf76,,,,
HCN2,MTHFD1,MET,EPHB6,DIDO1,GYS1,,,,,,,,,,22425,,,27786,,,,,,,,,,,,,,,,,SYF2,,AL590617.2,,,,,,,,,,MT1F,,,,,,,,,,,,,,,,,,,,,,HNRNPA0,,,,,,,,,,,SMIM29,,,,
GADD45B,VRK1,HOXA1,CHCHD2,ARFGAP1,ECH1,,,,,,,,,,26001,,,30485,,,,,,,,,,,,,,,,,RSRP1,,SLC16A1-AS1,,,,,,,,,,CTNND1,,,,,,,,,,,,,,,,,,,,,,TMEM151B,,,,,,,,,,,LYRM7,,,,
IGF2-AS,PSMB5,GRB10,HSPB1,GMEB2,C19orf53,,,,,,,,,,6225,,,14287,,,,,,,,,,,,,,,,,KMT2A,,HSBP1L1,,,,,,,,,,COPS8,,,,,,,,,,,,,,,,,,,,,,TMPRSS9,,,,,,,,,,,THSD4,,,,
MKNK2,EFS,PLEKHA8,PDAP1,RNF24,EPHX3,,,,,,,,,,36555,,,15188,,,,,,,,,,,,,,,,,SLC8A2,,SLC25A25-AS1,,,,,,,,,,PRC1,,,,,,,,,,,,,,,,,,,,,,GPR35,,,,,,,,,,,PLSCR3,,,,
ARVCF,RABGGTA,STX1A,NUDT1,FAM83D,CASP14,,,,,,,,,,34130,,,40502,,,,,,,,,,,,,,,,,KPTN,,AL021392.1,,,,,,,,,,RPL39,,,,,,,,,,,,,,,,,,,,,,ZHX2,,,,,,,,,,,GTF2F2,,,,
MED15,PLTP,GARS,PTPRZ1,MAP1LC3A,URI1,,,,,,,,,,9072,,,33225,,,,,,,,,,,,,,,,,PLAGL1,,AL109615.3,,,,,,,,,,MFAP3L,,,,,,,,,,,,,,,,,,,,,,LINC00324,,,,,,,,,,,CCDC9B,,,,
CRKL,PYGB,CCL24,MOSPD3,ZNF516,RPS16,,,,,,,,,,36254,,,40388,,,,,,,,,,,,,,,,,TGIF2,,AL357079.1,,,,,,,,,,LOR,,,,,,,,,,,,,,,,,,,,,,HES7,,,,,,,,,,,UROS,,,,
OSM,PROCR,SNX8,AP1S1,ADNP2,FBL,,,,,,,,,,12529,,,36787,,,,,,,,,,,,,,,,,SATB2,,SNHG3,,,,,,,,,,LIPN,,,,,,,,,,,,,,,,,,,,,,SPTY2D1,,,,,,,,,,,ALKBH2,,,,
TBC1D10A,ZMYND8,SERPINE1,RPA3,VAPA,GPI,,,,,,,,,,36403,,,11632,,,,,,,,,,,,,,,,,UBE2B,,ARFGAP3,,,,,,,,,,MAFB,,,,,,,,,,,,,,,,,,,,,,EGR3,,,,,,,,,,,GJB4,,,,
MFNG,NDRG3,PLOD3,PSMA2,LPIN2,PLD3,,,,,,,,,,35930,,,40389,,,,,,,,,,,,,,,,,CTNNAL1,,DBNDD2,,,,,,,,,,SMIM5,,,,,,,,,,,,,,,,,,,,,,LSMEM2,,,,,,,,,,,MYO18A,,,,
LRP5L,RAB5IF,CLDN15,POLD2,SMAD7,TBCB,,,,,,,,,,32330,,,29591,,,,,,,,,,,,,,,,,PHF19,,MIR210HG,,,,,,,,,,SDHD,,,,,,,,,,,,,,,,,,,,,,APOBEC3B,,,,,,,,,,,RABL6,,,,
TFIP11,PTK6,ANKMY2,TMEM245,ANKRD12,POLR2I,,,,,,,,,,7267,,,3527,,,,,,,,,,,,,,,,,ABCD4,,NOP14-AS1,,,,,,,,,,LY6G6C,,,,,,,,,,,,,,,,,,,,,,PCBP1-AS1,,,,,,,,,,,ZNF786,,,,
CYP2D6,C20orf27,URGCP,PLGRKT,MIB1,MRPL4,,,,,,,,,,6185,,,32332,,,,,,,,,,,,,,,,,RBM25,,HOXC-AS2,,,,,,,,,,PSORS1C2,,,,,,,,,,,,,,,,,,,,,,GPBAR1,,,,,,,,,,,HTT,,,,
DDX17,CDC25B,AEBP1,KANK1,RIOK3,ETFB,,,,,,,,,,35890,,,4387,,,,,,,,,,,,,,,,,DNMT3A,,LINC02381,,,,,,,,,,CDSN,,,,,,,,,,,,,,,,,,,,,,TDRP,,,,,,,,,,,IPP,,,,
JOSD1,HM13,CLIP2,CA9,NXT2,RABAC1,,,,,,,,,,16453,,,25989,,,,,,,,,,,,,,,,,EPCAM,,SHLD3,,,,,,,,,,HLA-E,,,,,,,,,,,,,,,,,,,,,,SCRIB,,,,,,,,,,,CDC42SE1,,,,
FBXO7,SNPH,FSD1L,TYRP1,WDR13,RAB3D,,,,,,,,,,34090,,,32285,,,,,,,,,,,,,,,,,PYROXD2,,TMEM200B,,,,,,,,,,MT1H,,,,,,,,,,,,,,,,,,,,,,AC015871.1,,,,,,,,,,,FAM114A1,,,,
GTPBP1,FERMT1,KDM4C,DDX58,SYP,PPP2R1A,,,,,,,,,,12489,,,21532,,,,,,,,,,,,,,,,,SMNDC1,,C1orf210,,,,,,,,,,MT1M,,,,,,,,,,,,,,,,,,,,,,ZNF329,,,,,,,,,,,RPE,,,,
MIOX,POFUT1,TESK1,EDF1,ELF4,DNASE2,,,,,,,,,,39490,,,25086,,,,,,,,,,,,,,,,,GNA13,,AP001453.2,,,,,,,,,,HLA-A,,,,,,,,,,,,,,,,,,,,,,IFNL1,,,,,,,,,,,MCMBP,,,,
LMF2,JAG1,CREB3,PDLIM1,KCND1,PIK3R2,,,,,,,,,,23468,,,8932,,,,,,,,,,,,,,,,,KANSL1,,GALNT4,,,,,,,,,,ERV3-1,,,,,,,,,,,,,,,,,,,,,,TEX19,,,,,,,,,,,HES5,,,,
RHBDD3,PXMP4,MPDZ,GATA3,RAB40AL,TMEM147,,,,,,,,,,22385,,,11592,,,,,,,,,,,,,,,,,DUSP1,,AC009120.2,,,,,,,,,,NDUFS3,,,,,,,,,,,,,,,,,,,,,,SATB1,,,,,,,,,,,ERO1A,,,,
PACSIN2,CST3,RAPGEF1,PHYH,GPR50,FKBP8,,,,,,,,,,19143,,,17032,,,,,,,,,,,,,,,,,GORAB,,ERVK13-1,,,,,,,,,,ATF6B,,,,,,,,,,,,,,,,,,,,,,MAFA,,,,,,,,,,,TOR4A,,,,
CHKB,AHCY,NPDC1,LIPA,CDK16,ETHE1,,,,,,,,,,33226,,,16947,,,,,,,,,,,,,,,,,KIAA1217,,AC008870.2,,,,,,,,,,LTB4R2,,,,,,,,,,,,,,,,,,,,,,GALNT9,,,,,,,,,,,DDRGK1,,,,
MTMR3,PIGU,SETX,NPM3,GABRE,PON2,,,,,,,,,,32290,,,18787,,,,,,,,,,,,,,,,,EPC1,,EPPK1,,,,,,,,,,FIS1,,,,,,,,,,,,,,,,,,,,,,GAS6,,,,,,,,,,,TMA16,,,,
EP300,MYL12A,DVL1,CUEDC2,FGD1,OGDH,,,,,,,,,,21491,,,37690,,,,,,,,,,,,,,,,,MTRF1,,GAN,,,,,,,,,,RPTN,,,,,,,,,,,,,,,,,,,,,,SS18L1,,,,,,,,,,,TTC37,,,,
RANGAP1,PRPS2,CCNJ,LHPP,ARMCX3,CAV2,,,,,,,,,,23301,,,37730,,,,,,,,,,,,,,,,,UFM1,,AC006504.1,,,,,,,,,,VPS52,,,,,,,,,,,,,,,,,,,,,,NCMAP,,,,,,,,,,,TSEN15,,,,
BRD1,CCDC22,RAB11FIP2,SH3PXD2A,FNDC3A,CAV1,,,,,,,,,,19692,,,12486,,,,,,,,,,,,,,,,,ELF1,,AC020978.5,,,,,,,,,,TINCR,,,,,,,,,,,,,,,,,,,,,,KRBA2,,,,,,,,,,,PRMT6,,,,
MLC1,PLP2,MAPK8,STN1,CAB39L,HIBADH,,,,,,,,,,38631,,,25127,,,,,,,,,,,,,,,,,HSPH1,,CORO7,,,,,,,,,,SCAMP4,,,,,,,,,,,,,,,,,,,,,,SNAI3,,,,,,,,,,,NAGA,,,,
RBM23,PLS3,SFXN3,MAP3K8,RGCC,EPHB6,,,,,,,,,,29630,,,41327,,,,,,,,,,,,,,,,,EGR1,,AC104564.3,,,,,,,,,,RPL41,,,,,,,,,,,,,,,,,,,,,,SRL,,,,,,,,,,,COX20,,,,
SOS2,RBBP7,ARHGAP21,DKK1,DGKH,HSPB1,,,,,,,,,,23464,,,29585,,,,,,,,,,,,,,,,,SOCS2,,AC127024.5,,,,,,,,,,LNCAROD,,,,,,,,,,,,,,,,,,,,,,NPIPB4,,,,,,,,,,,DCTN1,,,,
PSMC6,PGK1,LARP4B,CCDC6,INTS6,NUDT1,,,,,,,,,,22431,,,28730,,,,,,,,,,,,,,,,,CLU,,AC010327.4,,,,,,,,,,AL159166.1,,,,,,,,,,,,,,,,,,,,,,TRIM69,,,,,,,,,,,MZT1,,,,
AHSA1,HTATSF1,PPIF,RPL28,MGRN1,PTPRZ1,,,,,,,,,,3526,,,41289,,,,,,,,,,,,,,,,,TNFRSF10B,,ZNF224,,,,,,,,,,LINC01819,,,,,,,,,,,,,,,,,,,,,,ATP6V0C,,,,,,,,,,,ETFRF1,,,,
SNW1,VGLL1,NUFIP2,CYP2C18,CENPT,AIMP2,,,,,,,,,,35030,,,23853,,,,,,,,,,,,,,,,,PTK2B,,AC132192.2,,,,,,,,,,UQCRHL,,,,,,,,,,,,,,,,,,,,,,POLR1D,,,,,,,,,,,SELENOH,,,,
SIX4,TIMP1,WNT3,KRT23,NFAT5,MOSPD3,,,,,,,,,,6226,,,28690,,,,,,,,,,,,,,,,,TENT4B,,MIR4453HG,,,,,,,,,,ZSCAN31,,,,,,,,,,,,,,,,,,,,,,GPATCH8,,,,,,,,,,,TCTEX1D2,,,,
SUSD6,NDFIP2,TRIM16L,RPL19,ZNF821,IMPDH1,,,,,,,,,,34990,,,41287,,,,,,,,,,,,,,,,,ADCY7,,ZNF528-AS1,,,,,,,,,,WAKMAR2,,,,,,,,,,,,,,,,,,,,,,ZSCAN30,,,,,,,,,,,STIMATE,,,,
SRSF5,CDADC1,INTS2,RUNDC3A,NDRG4,LSM5,,,,,,,,,,43131,,,40504,,,,,,,,,,,,,,,,,ZSCAN20,,AC004918.4,,,,,,,,,,EIF4EBP3,,,,,,,,,,,,,,,,,,,,,,ZDHHC17,,,,,,,,,,,SLC35F6,,,,
EIF5,ACP5,CAMTA2,RAPGEFL1,SLC38A7,AP1S1,,,,,,,,,,8561,,,21490,,,,,,,,,,,,,,,,,LRIF1,,Z83843.1,,,,,,,,,,PSG4,,,,,,,,,,,,,,,,,,,,,,ZNF546,,,,,,,,,,,NUDT19,,,,
DICER1,MRPS31,MED13,MTMR4,SLC7A6,BLVRA,,,,,,,,,,21668,,,27788,,,,,,,,,,,,,,,,,UBL3,,AC005041.3,,,,,,,,,,PRAF2,,,,,,,,,,,,,,,,,,,,,,PTMA,,,,,,,,,,,KANSL1-AS1,,,,
PCNX1,SLC25A15,ENO3,DHX40,MON1B,POLD2,,,,,,,,,,19726,,,9787,,,,,,,,,,,,,,,,,CCDC18,,AL139246.5,,,,,,,,,,ASPRV1,,,,,,,,,,,,,,,,,,,,,,ZNF286A,,,,,,,,,,,NOL7,,,,
BDKRB1,VWA8,RASD1,PNPO,AXIN1,NMRK1,,,,,,,,,,27011,,,25232,,,,,,,,,,,,,,,,,INHBA,,AC093673.2,,,,,,,,,,H2AFJ,,,,,,,,,,,,,,,,,,,,,,CARD9,,,,,,,,,,,NUP50-DT,,,,
ACIN1,ELMO3,DDX5,RNF167,NECAB2,TMEM245,,,,,,,,,,26931,,,42231,,,,,,,,,,,,,,,,,RASSF8,,AC104506.1,,,,,,,,,,AC093866.1,,,,,,,,,,,,,,,,,,,,,,PRR19,,,,,,,,,,,LINC01806,,,,
PABPN1,PHKB,ABCC3,C1QBP,TAF1C,MEGF9,,,,,,,,,,8028,,,26025,,,,,,,,,,,,,,,,,ACOT9,,PAXIP1-AS1,,,,,,,,,,LINC02159,,,,,,,,,,,,,,,,,,,,,,FAM83G,,,,,,,,,,,PCAT6,,,,
DHRS2,N4BP1,SMURF2,BLMH,USP10,TRIM14,,,,,,,,,,17478,,,12526,,,,,,,,,,,,,,,,,ATF1,,AC103691.1,,,,,,,,,,SLC22A18AS,,,,,,,,,,,,,,,,,,,,,,DUSP28,,,,,,,,,,,DHFR,,,,
NFKBIA,CCDC113,WSB1,LGALS3BP,CLCN7,PTGR1,,,,,,,,,,3486,,,8927,,,,,,,,,,,,,,,,,MMP19,,AC080038.1,,,,,,,,,,SNHG9,,,,,,,,,,,,,,,,,,,,,,FBLL1,,,,,,,,,,,MYOSLID,,,,
PNN,NME3,RAB34,VAT1,FBXO31,PLGRKT,,,,,,,,,,37725,,,36827,,,,,,,,,,,,,,,,,NR4A1,,MLLT6,,,,,,,,,,CARD17,,,,,,,,,,,,,,,,,,,,,,VHLL,,,,,,,,,,,AL604028.1,,,,
PABPC1L,HAS3,DCUN1D4,HDAC5,RHBDL1,KANK1,,,,,,,,,,31390,,,32292,,,,,,,,,,,,,,,,,IKZF4,,AP003419.3,,,,,,,,,,HCAR3,,,,,,,,,,,,,,,,,,,,,,NKAPL,,,,,,,,,,,LINC02802,,,,
STK4,COG4,CHIC2,DHRS7B,UBE2I,CA9,,,,,,,,,,29590,,,18826,,,,,,,,,,,,,,,,,SLC36A1,,AC005363.2,,,,,,,,,,AL732437.1,,,,,,,,,,,,,,,,,,,,,,ELAVL3,,,,,,,,,,,LINC01137,,,,
RAE1,SLC7A6OS,NFKB1,SLC9A3R1,CRYM,DDX58,,,,,,,,,,24454,,,18008,,,,,,,,,,,,,,,,,LPGAT1,,AC015871.4,,,,,,,,,,C17orf49,,,,,,,,,,,,,,,,,,,,,,WDR5,,,,,,,,,,,ANKRD65,,,,
MRGBP,ESRP2,UBE2D3,FOXN1,CAPN15,EDF1,,,,,,,,,,10828,,,18907,,,,,,,,,,,,,,,,,G0S2,,EBLN3P,,,,,,,,,,LINC00520,,,,,,,,,,,,,,,,,,,,,,ZNF34,,,,,,,,,,,CDKN2AIPNL,,,,
DIDO1,HCFC1R1,NSD2,ALDOC,PIEZO1,PDLIM1,,,,,,,,,,40391,,,26027,,,,,,,,,,,,,,,,,AGO2,,AC004706.3,,,,,,,,,,GJA5,,,,,,,,,,,,,,,,,,,,,,INCA1,,,,,,,,,,,DGUOK-AS1,,,,
GMEB2,MPG,MFSD10,CWH43,GGA2,GATA3,,,,,,,,,,38589,,,40429,,,,,,,,,,,,,,,,,SLC12A4,,,,,,,,,,,,RASSF5,,,,,,,,,,,,,,,,,,,,,,AJAP1,,,,,,,,,,,MRPS17,,,,
RNF24,NME4,RAPGEF2,SULT1E1,STX4,PHYH,,,,,,,,,,21779,,,788,,,,,,,,,,,,,,,,,PARD6B,,,,,,,,,,,,LIVAR,,,,,,,,,,,,,,,,,,,,,,ZKSCAN5,,,,,,,,,,,PPIL3,,,,
CHMP4B,ANTKMT,SNX25,NMU,KAT8,DDX50,,,,,,,,,,22432,,,32286,,,,,,,,,,,,,,,,,SRSF6,,,,,,,,,,,,SNHG25,,,,,,,,,,,,,,,,,,,,,,COL27A1,,,,,,,,,,,ARPC1A,,,,
FAM83D,METRN,FNBP4,NDUFC1,CORO2B,LIPA,,,,,,,,,,7988,,,40506,,,,,,,,,,,,,,,,,SNAI1,,,,,,,,,,,,AC115522.1,,,,,,,,,,,,,,,,,,,,,,ZSCAN26,,,,,,,,,,,ARPIN,,,,
MAP1LC3A,STUB1,B3GAT1,INPP4B,AP3B2,NPM3,,,,,,,,,,25131,,,11864,,,,,,,,,,,,,,,,,RNF114,,,,,,,,,,,,MMP28,,,,,,,,,,,,,,,,,,,,,,IFNL3,,,,,,,,,,,AL591895.1,,,,
ZNF516,ELOB,HSPA8,GAB1,RPAP1,CUEDC2,,,,,,,,,,26041,,,20703,,,,,,,,,,,,,,,,,NEURL2,,,,,,,,,,,,AC103718.1,,,,,,,,,,,,,,,,,,,,,,PSMD12,,,,,,,,,,,AC007009.1,,,,
ADNP2,HMOX2,ATG2A,RPL34,GABPB1,ACBD5,,,,,,,,,,36066,,,13388,,,,,,,,,,,,,,,,,HIST1H1D,,,,,,,,,,,,,,,,,,,,,,,,,,,,,,,,,,C5AR1,,,,,,,,,,,MIR210HG,,,,
VAPA,RBL2,KMT5B,CLCN3,MYEF2,LHPP,,,,,,,,,,26932,,,42191,,,,,,,,,,,,,,,,,HIST1H1A,,,,,,,,,,,,,,,,,,,,,,,,,,,,,,,,,,DIO3,,,,,,,,,,,AP001816.1,,,,
LPIN2,PYCARD,HPX,SH3D19,INTS9,SH3PXD2A,,,,,,,,,,5726,,,25208,,,,,,,,,,,,,,,,,HIST1H2BJ,,,,,,,,,,,,,,,,,,,,,,,,,,,,,,,,,,ZNF628,,,,,,,,,,,CTSO,,,,
SMAD7,CDIPT,TRIM3,KLF3,IKBKB,CCDC6,,,,,,,,,,16127,,,12487,,,,,,,,,,,,,,,,,ATXN1,,,,,,,,,,,,,,,,,,,,,,,,,,,,,,,,,,COL4A6,,,,,,,,,,,CNPY2,,,,
ANKRD12,BCKDK,CHORDC1,NCAPG,SNX16,RPL28,,,,,,,,,,23466,,,13428,,,,,,,,,,,,,,,,,CXCL6,,,,,,,,,,,,,,,,,,,,,,,,,,,,,,,,,,NMB,,,,,,,,,,,CHURC1,,,,
POLI,KNOP1,CEP164,CRYAB,UBR5,CYP2C18,,,,,,,,,,1687,,,27827,,,,,,,,,,,,,,,,,IRF1,,,,,,,,,,,,,,,,,,,,,,,,,,,,,,,,,,ZNF81,,,,,,,,,,,AC010809.1,,,,
MIB1,AQP9,CBL,CTSC,SLC39A14,RAPGEFL1,,,,,,,,,,23467,,,19255,,,,,,,,,,,,,,,,,FAM193A,,,,,,,,,,,,,,,,,,,,,,,,,,,,,,,,,,NOL8,,,,,,,,,,,GTF2I,,,,
RIOK3,AAGAB,MDK,MTCH2,NEFM,PNPO,,,,,,,,,,36006,,,35103,,,,,,,,,,,,,,,,,MBOAT7,,,,,,,,,,,,,,,,,,,,,,,,,,,,,,,,,,NPIPB6,,,,,,,,,,,AC067852.2,,,,
NXT2,CSK,CARS,SC5D,ARHGEF10,GALK1,,,,,,,,,,4426,,,39531,,,,,,,,,,,,,,,,,FNDC11,,,,,,,,,,,,,,,,,,,,,,,,,,,,,,,,,,ZXDA,,,,,,,,,,,AC011445.2,,,,
SYP,RAB11A,PITPNM1,VWA5A,KCNN4,RNF167,,,,,,,,,,21531,,,32408,,,,,,,,,,,,,,,,,CCDC93,,,,,,,,,,,,,,,,,,,,,,,,,,,,,,,,,,AFDN-DT,,,,,,,,,,,SNHG8,,,,
ELF4,RHOV,TCIRG1,SIAE,DHDH,SLC25A11,,,,,,,,,,36027,,,12527,,,,,,,,,,,,,,,,,FOSB,,,,,,,,,,,,,,,,,,,,,,,,,,,,,,,,,,ZNF808,,,,,,,,,,,AC025165.5,,,,
KCND1,OIP5,CHKA,TMEM109,NFKBIB,C1QBP,,,,,,,,,,34225,,,30299,,,,,,,,,,,,,,,,,KDM5C,,,,,,,,,,,,,,,,,,,,,,,,,,,,,,,,,,MT-CYB,,,,,,,,,,,AC009237.14,,,,
FMR1,BRF2,CAPRIN2,RNF141,LHB,SMARCD2,,,,,,,,,,8885,,,11627,,,,,,,,,,,,,,,,,AGO3,,,,,,,,,,,,,,,,,,,,,,,,,,,,,,,,,,GPATCH3,,,,,,,,,,,ZNHIT3,,,,
GPR50,TRIM35,RSRC2,NECTIN1,SNRNP70,SYNGR2,,,,,,,,,,36249,,,18007,,,,,,,,,,,,,,,,,PCID2,,,,,,,,,,,,,,,,,,,,,,,,,,,,,,,,,,EFCAB7,,,,,,,,,,,TUBGCP5,,,,
CDK16,CA2,SH2B3,COMMD9,CLPTM1,LGALS3BP,,,,,,,,,,26892,,,11587,,,,,,,,,,,,,,,,,BCL2L12,,,,,,,,,,,,,,,,,,,,,,,,,,,,,,,,,,CHIC1,,,,,,,,,,,AC245041.2,,,,
GABRE,NBN,AKAP3,CD81,RELB,MLX,,,,,,,,,,23471,,,40390,,,,,,,,,,,,,,,,,SCAF1,,,,,,,,,,,,,,,,,,,,,,,,,,,,,,,,,,STK19,,,,,,,,,,,,,,,
FGD1,DECR1,SLC38A1,RPS13,CLASRP,VAT1,,,,,,,,,,19686,,,25203,,,,,,,,,,,,,,,,,GLIS2,,,,,,,,,,,,,,,,,,,,,,,,,,,,,,,,,,SNHG32,,,,,,,,,,,,,,,
ARMCX3,SFRP1,STX2,MLEC,FCGRT,DHRS7B,,,,,,,,,,27791,,,25985,,,,,,,,,,,,,,,,,ELK1,,,,,,,,,,,,,,,,,,,,,,,,,,,,,,,,,,LY6G5C,,,,,,,,,,,,,,,
FNDC3A,LAPTM4B,ENO2,ATP5F1B,CKM,SLC9A3R1,,,,,,,,,,12654,,,33082,,,,,,,,,,,,,,,,,INTS11,,,,,,,,,,,,,,,,,,,,,,,,,,,,,,,,,,NFKBIL1,,,,,,,,,,,,,,,
RGCC,NIPAL2,NT5DC3,METAP2,AMH,FOXN1,,,,,,,,,,36236,,,18786,,,,,,,,,,,,,,,,,HIVEP3,,,,,,,,,,,,,,,,,,,,,,,,,,,,,,,,,,HLA-C,,,,,,,,,,,,,,,
DGKH,EMC2,PRKAB1,LTA4H,OAZ1,ALDOC,,,,,,,,,,16478,,,40430,,,,,,,,,,,,,,,,,RAP1B,,,,,,,,,,,,,,,,,,,,,,,,,,,,,,,,,,C5orf51,,,,,,,,,,,,,,,
INTS6,ESRP1,HCFC2,FOXM1,TRMT1,CWH43,,,,,,,,,,36221,,,15405,,,,,,,,,,,,,,,,,FGFRL1,,,,,,,,,,,,,,,,,,,,,,,,,,,,,,,,,,COLQ,,,,,,,,,,,,,,,
MGRN1,NDRG1,RIC8B,ARPC3,DMPK,NMU,,,,,,,,,,23653,,,25987,,,,,,,,,,,,,,,,,HP1BP3,,,,,,,,,,,,,,,,,,,,,,,,,,,,,,,,,,RBMXL1,,,,,,,,,,,,,,,
CENPT,ARMC1,FGFR1OP2,SCNN1A,TBC1D17,NDUFC1,,,,,,,,,,1727,,,,,,,,,,,,,,,,,,,,SIN3B,,,,,,,,,,,,,,,,,,,,,,,,,,,,,,,,,,LAT,,,,,,,,,,,,,,,
NFAT5,SQLE,CEP85L,OAS3,CCDC130,RPL34,,,,,,,,,,29592,,,,,,,,,,,,,,,,,,,,RBM48,,,,,,,,,,,,,,,,,,,,,,,,,,,,,,,,,,FAM209B,,,,,,,,,,,,,,,
ZNF821,SH2D4A,MAN1A1,OAS2,PTOV1,CLCN3,,,,,,,,,,9071,,,,,,,,,,,,,,,,,,,,ZFP36,,,,,,,,,,,,,,,,,,,,,,,,,,,,,,,,,,ATP6V1G2,,,,,,,,,,,,,,,
NDRG4,INTS10,GABRR2,ARHGDIB,TIMM44,SH3D19,,,,,,,,,,12277,,,,,,,,,,,,,,,,,,,,ADM2,,,,,,,,,,,,,,,,,,,,,,,,,,,,,,,,,,SLC23A3,,,,,,,,,,,,,,,
SLC38A7,LEPROTL1,SERINC1,ENDOU,VRK3,KLF3,,,,,,,,,,19689,,,,,,,,,,,,,,,,,,,,ATF4,,,,,,,,,,,,,,,,,,,,,,,,,,,,,,,,,,C19orf38,,,,,,,,,,,,,,,
SLC7A6,TUSC3,UST,VDR,PPP6R1,HTATIP2,,,,,,,,,,1870,,,,,,,,,,,,,,,,,,,,LIF,,,,,,,,,,,,,,,,,,,,,,,,,,,,,,,,,,ALOX12-AS1,,,,,,,,,,,,,,,
MON1B,ASAH1,ULBP1,COPZ1,MED26,CTSC,,,,,,,,,,15229,,,,,,,,,,,,,,,,,,,,RNF112,,,,,,,,,,,,,,,,,,,,,,,,,,,,,,,,,,AC110619.1,,,,,,,,,,,,,,,
AXIN1,GYS1,SRSF3,MRPL51,AURKC,CCDC34,,,,,,,,,,17031,,,,,,,,,,,,,,,,,,,,CPA4,,,,,,,,,,,,,,,,,,,,,,,,,,,,,,,,,,ZNF579,,,,,,,,,,,,,,,
NECAB2,ECH1,MRPL18,COPS7A,CNTD2,MTCH2,,,,,,,,,,28691,,,,,,,,,,,,,,,,,,,,VGF,,,,,,,,,,,,,,,,,,,,,,,,,,,,,,,,,,BTBD19,,,,,,,,,,,,,,,
USP10,KLC3,FBXO9,USP5,PIAS4,SC5D,,,,,,,,,,15189,,,,,,,,,,,,,,,,,,,,FLNC,,,,,,,,,,,,,,,,,,,,,,,,,,,,,,,,,,AP001469.1,,,,,,,,,,,,,,,
CLCN7,C19orf53,RBM24,TPI1,NUMBL,VWA5A,,,,,,,,,,31430,,,,,,,,,,,,,,,,,,,,INO80,,,,,,,,,,,,,,,,,,,,,,,,,,,,,,,,,,AC090044.1,,,,,,,,,,,,,,,
FBXO31,EPHX3,BAG2,C12orf57,YJU2,SIAE,,,,,,,,,,36067,,,,,,,,,,,,,,,,,,,,CHAC1,,,,,,,,,,,,,,,,,,,,,,,,,,,,,,,,,,AL606970.1,,,,,,,,,,,,,,,
RHBDL1,ILVBL,E2F3,LPCAT3,CACTIN,CCND1,,,,,,,,,,36093,,,,,,,,,,,,,,,,,,,,NGDN,,,,,,,,,,,,,,,,,,,,,,,,,,,,,,,,,,MEG8,,,,,,,,,,,,,,,
UBE2I,CASP14,C6orf62,LDHB,CCDC9,PRPF19,,,,,,,,,,27845,,,,,,,,,,,,,,,,,,,,RAB2B,,,,,,,,,,,,,,,,,,,,,,,,,,,,,,,,,,AC017074.1,,,,,,,,,,,,,,,
CRYM,URI1,ARFGEF3,COX6A1,FZR1,TMEM109,,,,,,,,,,11945,,,,,,,,,,,,,,,,,,,,TEP1,,,,,,,,,,,,,,,,,,,,,,,,,,,,,,,,,,MIR34AHG,,,,,,,,,,,,,,,
CAPN15,RPS16,PHF1,TMEM14C,TGFB1,PANX1,,,,,,,,,,38054,,,,,,,,,,,,,,,,,,,,STARD8,,,,,,,,,,,,,,,,,,,,,,,,,,,,,,,,,,PIK3IP1-AS1,,,,,,,,,,,,,,,
PIEZO1,FBL,TFEB,ADTRP,ICAM5,RNF141,,,,,,,,,,21529,,,,,,,,,,,,,,,,,,,,SAT1,,,,,,,,,,,,,,,,,,,,,,,,,,,,,,,,,,ANKRD10-IT1,,,,,,,,,,,,,,,
GGA2,GPI,PTK7,ASF1A,TYK2,NECTIN1,,,,,,,,,,30628,,,,,,,,,,,,,,,,,,,,DOCK6,,,,,,,,,,,,,,,,,,,,,,,,,,,,,,,,,,AL121845.1,,,,,,,,,,,,,,,
STX4,PLD3,SENP6,TPD52L1,MEIS3,NDUFS8,,,,,,,,,,4427,,,,,,,,,,,,,,,,,,,,GADD45G,,,,,,,,,,,,,,,,,,,,,,,,,,,,,,,,,,MIR194-2HG,,,,,,,,,,,,,,,
CORO2B,POLR2I,VEGFA,PPARD,CYTH2,COQ5,,,,,,,,,,26886,,,,,,,,,,,,,,,,,,,,SAFB2,,,,,,,,,,,,,,,,,,,,,,,,,,,,,,,,,,TRAF3IP2-AS1,,,,,,,,,,,,,,,
AP3B2,MYH14,BTN2A1,ACOT13,GRWD1,MLEC,,,,,,,,,,21489,,,,,,,,,,,,,,,,,,,,KIF1A,,,,,,,,,,,,,,,,,,,,,,,,,,,,,,,,,,AL365436.2,,,,,,,,,,,,,,,
RPAP1,MRPL4,CEP72,RPS12,ZNF175,ATP5F1B,,,,,,,,,,34092,,,,,,,,,,,,,,,,,,,,SNX9,,,,,,,,,,,,,,,,,,,,,,,,,,,,,,,,,,AC080129.2,,,,,,,,,,,,,,,
HOMER2,RPS19,TENT4A,GMNN,PLA2G4C,METAP2,,,,,,,,,,11585,,,,,,,,,,,,,,,,,,,,AFDN,,,,,,,,,,,,,,,,,,,,,,,,,,,,,,,,,,EIF2AK3-DT,,,,,,,,,,,,,,,
ZNF106,ETFB,CLK4,PEX7,PLPPR2,LTA4H,,,,,,,,,,33186,,,,,,,,,,,,,,,,,,,,ZSWIM6,,,,,,,,,,,,,,,,,,,,,,,,,,,,,,,,,,AC127070.1,,,,,,,,,,,,,,,
GABPB1,RABAC1,TARS,PERP,FAM83E,MANSC1,,,,,,,,,,23656,,,,,,,,,,,,,,,,,,,,MAP1S,,,,,,,,,,,,,,,,,,,,,,,,,,,,,,,,,,AC245052.4,,,,,,,,,,,,,,,
BLOC1S6,CLEC11A,IRX4,MRPL2,BCAT2,SCNN1A,,,,,,,,,,19729,,,,,,,,,,,,,,,,,,,,CRB3,,,,,,,,,,,,,,,,,,,,,,,,,,,,,,,,,,AC073288.1,,,,,,,,,,,,,,,
MYEF2,RAB3D,SLC12A7,DNPH1,MIER2,CDK2AP1,,,,,,,,,,3690,,,,,,,,,,,,,,,,,,,,ZBTB46,,,,,,,,,,,,,,,,,,,,,,,,,,,,,,,,,,AL512306.2,,,,,,,,,,,,,,,
CSPP1,PPP2R1A,LIFR,COX7A2,PLEKHA4,OAS3,,,,,,,,,,27831,,,,,,,,,,,,,,,,,,,,TAF4,,,,,,,,,,,,,,,,,,,,,,,,,,,,,,,,,,STRC,,,,,,,,,,,,,,,
ZDHHC2,DNASE2,STC2,KIF20A,ISYNA1,OAS2,,,,,,,,,,25145,,,,,,,,,,,,,,,,,,,,ZC3H4,,,,,,,,,,,,,,,,,,,,,,,,,,,,,,,,,,GABPB1-AS1,,,,,,,,,,,,,,,
IKBKB,RPL18A,DBN1,MRPS27,ELL,ARHGDIB,,,,,,,,,,2625,,,,,,,,,,,,,,,,,,,,SESN2,,,,,,,,,,,,,,,,,,,,,,,,,,,,,,,,,,RASSF8-AS1,,,,,,,,,,,,,,,
SNX16,PIK3R2,NPHP3,SPARC,PBX4,RAB5B,,,,,,,,,,10687,,,,,,,,,,,,,,,,,,,,HIP1R,,,,,,,,,,,,,,,,,,,,,,,,,,,,,,,,,,CDK11B,,,,,,,,,,,,,,,
UBR5,ARMC6,CEP70,HMGCR,ERF,MRPL51,,,,,,,,,,13748,,,,,,,,,,,,,,,,,,,,ZNF426,,,,,,,,,,,,,,,,,,,,,,,,,,,,,,,,,,AC008906.1,,,,,,,,,,,,,,,
SLC39A14,TMEM147,C3orf52,LMNB1,GRIK5,GAPDH,,,,,,,,,,11625,,,,,,,,,,,,,,,,,,,,SLC6A8,,,,,,,,,,,,,,,,,,,,,,,,,,,,,,,,,,AC012640.1,,,,,,,,,,,,,,,
MTMR9,ETHE1,PLXNA1,EHHADH,RUNDC3B,COPS7A,,,,,,,,,,3607,,,,,,,,,,,,,,,,,,,,PNCK,,,,,,,,,,,,,,,,,,,,,,,,,,,,,,,,,,AC124852.1,,,,,,,,,,,,,,,
PPP2CB,CADM4,NKTR,TIMMDC1,DNAJC2,USP5,,,,,,,,,,13743,,,,,,,,,,,,,,,,,,,,PLXNA3,,,,,,,,,,,,,,,,,,,,,,,,,,,,,,,,,,AC025171.3,,,,,,,,,,,,,,,
ERICH1,PON2,SLC4A3,BCL6,TFPI2,TPI1,,,,,,,,,,8925,,,,,,,,,,,,,,,,,,,,ZNF236,,,,,,,,,,,,,,,,,,,,,,,,,,,,,,,,,,AP002490.1,,,,,,,,,,,,,,,
NEFM,OGDH,INO80D,CLDN16,HBP1,SPSB2,,,,,,,,,,18827,,,,,,,,,,,,,,,,,,,,PPIL4,,,,,,,,,,,,,,,,,,,,,,,,,,,,,,,,,,AC068228.1,,,,,,,,,,,,,,,
ARHGEF10,CAV2,CCL20,NIT2,SP4,LPCAT3,,,,,,,,,,29632,,,,,,,,,,,,,,,,,,,,RBM39,,,,,,,,,,,,,,,,,,,,,,,,,,,,,,,,,,AC067930.2,,,,,,,,,,,,,,,
KCNN4,CAV1,FNDC4,FAM162A,CBLL1,LDHB,,,,,,,,,,7453,,,,,,,,,,,,,,,,,,,,GGT7,,,,,,,,,,,,,,,,,,,,,,,,,,,,,,,,,,AC234917.1,,,,,,,,,,,,,,,
DHDH,HIBADH,CCDC88A,PCCB,HOXA1,RWDD1,,,,,,,,,,39532,,,,,,,,,,,,,,,,,,,,NFATC1,,,,,,,,,,,,,,,,,,,,,,,,,,,,,,,,,,Z97989.1,,,,,,,,,,,,,,,
HNRNPL,EPHB6,GLS,RBP1,DNAJB6,TMEM14C,,,,,,,,,,15458,,,,,,,,,,,,,,,,,,,,RLIM,,,,,,,,,,,,,,,,,,,,,,,,,,,,,,,,,,SNHG1,,,,,,,,,,,,,,,
NFKBIB,PDAP1,UNC50,BCHE,GRB10,ADTRP,,,,,,,,,,25091,,,,,,,,,,,,,,,,,,,,TRAF3,,,,,,,,,,,,,,,,,,,,,,,,,,,,,,,,,,AC121761.1,,,,,,,,,,,,,,,
LHB,NUDT1,USP34,RPL24,STX1A,ASF1A,,,,,,,,,,9070,,,,,,,,,,,,,,,,,,,,PDLIM4,,,,,,,,,,,,,,,,,,,,,,,,,,,,,,,,,,ZNF625,,,,,,,,,,,,,,,
SNRNP70,PTPRZ1,KDM3A,C3orf14,CCL24,HDDC2,,,,,,,,,,17029,,,,,,,,,,,,,,,,,,,,AOC3,,,,,,,,,,,,,,,,,,,,,,,,,,,,,,,,,,AC016526.2,,,,,,,,,,,,,,,
CLPTM1,AIMP2,ZNF142,UPK1B,BUD31,TPD52L1,,,,,,,,,,16272,,,,,,,,,,,,,,,,,,,,AOC2,,,,,,,,,,,,,,,,,,,,,,,,,,,,,,,,,,BCL2L2-PABPN1,,,,,,,,,,,,,,,
RELB,MOSPD3,WNT6,AADAC,CYP3A5,HINT3,,,,,,,,,,11588,,,,,,,,,,,,,,,,,,,,PPFIA1,,,,,,,,,,,,,,,,,,,,,,,,,,,,,,,,,,AC105339.3,,,,,,,,,,,,,,,
CLASRP,IMPDH1,IL1RL1,ABHD14B,ZKSCAN1,MAPK14,,,,,,,,,,40431,,,,,,,,,,,,,,,,,,,,THOC6,,,,,,,,,,,,,,,,,,,,,,,,,,,,,,,,,,AC009113.1,,,,,,,,,,,,,,,
CKM,LSM5,ODC1,SPCS1,SNX8,MCM3,,,,,,,,,,4528,,,,,,,,,,,,,,,,,,,,MAP1B,,,,,,,,,,,,,,,,,,,,,,,,,,,,,,,,,,AC107375.1,,,,,,,,,,,,,,,
ERCC2,AP1S1,PRKD3,EEF1B2,FSCN3,SAYSD1,,,,,,,,,,18825,,,,,,,,,,,,,,,,,,,,RARA,,,,,,,,,,,,,,,,,,,,,,,,,,,,,,,,,,AC051619.7,,,,,,,,,,,,,,,
DOT1L,RPA3,DLX2,IL1A,USP42,FBXL4,,,,,,,,,,19732,,,,,,,,,,,,,,,,,,,,THAP1,,,,,,,,,,,,,,,,,,,,,,,,,,,,,,,,,,AL163051.1,,,,,,,,,,,,,,,
SF3A2,BLVRA,SLC1A4,NCL,PLOD3,ACOT13,,,,,,,,,,11807,,,,,,,,,,,,,,,,,,,,DNAJB1,,,,,,,,,,,,,,,,,,,,,,,,,,,,,,,,,,AC007066.2,,,,,,,,,,,,,,,
AMH,POLD2,ATF2,ITGB6,CLDN15,RPS12,,,,,,,,,,1688,,,,,,,,,,,,,,,,,,,,ZSWIM4,,,,,,,,,,,,,,,,,,,,,,,,,,,,,,,,,,AC005674.2,,,,,,,,,,,,,,,
OAZ1,NMRK1,AAK1,REEP6,EZH2,PEX7,,,,,,,,,,41331,,,,,,,,,,,,,,,,,,,,ARFIP2,,,,,,,,,,,,,,,,,,,,,,,,,,,,,,,,,,AC092120.1,,,,,,,,,,,,,,,
DMPK,TMEM245,C2orf42,IFIH1,ANKMY2,FIG4,,,,,,,,,,16635,,,,,,,,,,,,,,,,,,,,PER2,,,,,,,,,,,,,,,,,,,,,,,,,,,,,,,,,,AC007406.5,,,,,,,,,,,,,,,
TBC1D17,TRIM14,ARID3A,RPS15,URGCP,PERP,,,,,,,,,,14470,,,,,,,,,,,,,,,,,,,,KDM6B,,,,,,,,,,,,,,,,,,,,,,,,,,,,,,,,,,AC004771.3,,,,,,,,,,,,,,,
CCDC130,CORO2A,BCL9,SPTBN1,AEBP1,CCND3,,,,,,,,,,19142,,,,,,,,,,,,,,,,,,,,KHDC4,,,,,,,,,,,,,,,,,,,,,,,,,,,,,,,,,,LINC01569,,,,,,,,,,,,,,,
PTOV1,PTGR1,CACYBP,POLE4,YKT6,PPP2R5D,,,,,,,,,,15358,,,,,,,,,,,,,,,,,,,,RBM38,,,,,,,,,,,,,,,,,,,,,,,,,,,,,,,,,,AC004771.5,,,,,,,,,,,,,,,
NOVA2,PLGRKT,LRRC42,LANCL1,CLIP2,MRPL2,,,,,,,,,,2585,,,,,,,,,,,,,,,,,,,,OSER1,,,,,,,,,,,,,,,,,,,,,,,,,,,,,,,,,,AC015727.1,,,,,,,,,,,,,,,
SGTA,KANK1,PHF13,EFEMP1,KDM4C,DNPH1,,,,,,,,,,10686,,,,,,,,,,,,,,,,,,,,CASP9,,,,,,,,,,,,,,,,,,,,,,,,,,,,,,,,,,AC005154.3,,,,,,,,,,,,,,,
TIMM44,CA9,ASH1L,FN1,TESK1,EXOC2,,,,,,,,,,42190,,,,,,,,,,,,,,,,,,,,ZMYM5,,,,,,,,,,,,,,,,,,,,,,,,,,,,,,,,,,AC090772.1,,,,,,,,,,,,,,,
PPP6R1,TYRP1,SFPQ,STAT1,FUBP3,SLC29A1,,,,,,,,,,16989,,,,,,,,,,,,,,,,,,,,SLC41A1,,,,,,,,,,,,,,,,,,,,,,,,,,,,,,,,,,AC005726.5,,,,,,,,,,,,,,,
MED26,DDX58,ARHGEF2,CHMP3,MPDZ,NUDT12,,,,,,,,,,34132,,,,,,,,,,,,,,,,,,,,WDR74,,,,,,,,,,,,,,,,,,,,,,,,,,,,,,,,,,AC093484.3,,,,,,,,,,,,,,,
AURKC,EDF1,DLEU2L,PPP1R7,NPDC1,MRPS27,,,,,,,,,,42226,,,,,,,,,,,,,,,,,,,,MED10,,,,,,,,,,,,,,,,,,,,,,,,,,,,,,,,,,AC008735.1,,,,,,,,,,,,,,,
DYRK1B,PDLIM1,CTH,SDC1,SETX,SPARC,,,,,,,,,,11628,,,,,,,,,,,,,,,,,,,,ATP13A3,,,,,,,,,,,,,,,,,,,,,,,,,,,,,,,,,,AC092068.1,,,,,,,,,,,,,,,
CNTD2,VSIR,RRAGC,RND3,ZFAND5,POLR3G,,,,,,,,,,36002,,,,,,,,,,,,,,,,,,,,ARNTL,,,,,,,,,,,,,,,,,,,,,,,,,,,,,,,,,,LINC01764,,,,,,,,,,,,,,,
PRX,LIPA,RLF,PCYOX1,HPS1,RAD50,,,,,,,,,,36557,,,,,,,,,,,,,,,,,,,,RRAS2,,,,,,,,,,,,,,,,,,,,,,,,,,,,,,,,,,AC011477.2,,,,,,,,,,,,,,,
PIAS4,NPM3,AKT3,EPHA4,MAPK8,C5orf15,,,,,,,,,,37305,,,,,,,,,,,,,,,,,,,,ZFC3H1,,,,,,,,,,,,,,,,,,,,,,,,,,,,,,,,,,MZF1-AS1,,,,,,,,,,,,,,,
NUMBL,CUEDC2,KIF17,FARSB,SFXN3,TXNDC15,,,,,,,,,,28731,,,,,,,,,,,,,,,,,,,,NUMB,,,,,,,,,,,,,,,,,,,,,,,,,,,,,,,,,,ARL14EPL,,,,,,,,,,,,,,,
YJU2,ACBD5,PRPF3,DHCR24,GBF1,ERGIC1,,,,,,,,,,31511,,,,,,,,,,,,,,,,,,,,PRPF38B,,,,,,,,,,,,,,,,,,,,,,,,,,,,,,,,,,AC022150.2,,,,,,,,,,,,,,,
PRKD2,LHPP,SLC2A1,SCP2,ARHGAP21,ATP6V0E1,,,,,,,,,,28867,,,,,,,,,,,,,,,,,,,,FKBP11,,,,,,,,,,,,,,,,,,,,,,,,,,,,,,,,,,AC024075.2,,,,,,,,,,,,,,,
CACTIN,SH3PXD2A,FAAH,TMEM59,LARP4B,EHHADH,,,,,,,,,,18927,,,,,,,,,,,,,,,,,,,,LPIN1,,,,,,,,,,,,,,,,,,,,,,,,,,,,,,,,,,AC007292.3,,,,,,,,,,,,,,,
CCDC9,STN1,TMED5,ICMT,PITRM1,TIMMDC1,,,,,,,,,,829,,,,,,,,,,,,,,,,,,,,IL6ST,,,,,,,,,,,,,,,,,,,,,,,,,,,,,,,,,,AL606834.1,,,,,,,,,,,,,,,
FZR1,CCDC6,CNN3,RPL22,UBE2S,BCL6,,,,,,,,,,30602,,,,,,,,,,,,,,,,,,,,PUM1,,,,,,,,,,,,,,,,,,,,,,,,,,,,,,,,,,AC009108.3,,,,,,,,,,,,,,,
BBC3,RPL28,PTBP2,PARK7,PPIF,CLDN16,,,,,,,,,,12454,,,,,,,,,,,,,,,,,,,,DHX34,,,,,,,,,,,,,,,,,,,,,,,,,,,,,,,,,,AL021878.2,,,,,,,,,,,,,,,
TGFB1,CYP2C18,SYF2,MECR,PBLD,FAM162A,,,,,,,,,,33989,,,,,,,,,,,,,,,,,,,,ETS1,,,,,,,,,,,,,,,,,,,,,,,,,,,,,,,,,,AC027020.2,,,,,,,,,,,,,,,
CD79A,RPL19,RSRP1,ATP5PB,NUFIP2,PRKAR2A,,,,,,,,,,18785,,,,,,,,,,,,,,,,,,,,CEMIP2,,,,,,,,,,,,,,,,,,,,,,,,,,,,,,,,,,AL158163.1,,,,,,,,,,,,,,,
ICAM5,RAPGEFL1,KMT2A,LAMTOR2,WNT3,GNAI2,,,,,,,,,,34215,,,,,,,,,,,,,,,,,,,,MSI1,,,,,,,,,,,,,,,,,,,,,,,,,,,,,,,,,,CCL5,,,,,,,,,,,,,,,
TYK2,PNPO,SLC8A2,SRM,KRT37,UMPS,,,,,,,,,,23531,,,,,,,,,,,,,,,,,,,,DMTF1,,,,,,,,,,,,,,,,,,,,,,,,,,,,,,,,,,AC018638.7,,,,,,,,,,,,,,,
MEIS3,CBX1,KPTN,C1orf21,INTS2,UPK1B,,,,,,,,,,39492,,,,,,,,,,,,,,,,,,,,KCP,,,,,,,,,,,,,,,,,,,,,,,,,,,,,,,,,,AC026740.1,,,,,,,,,,,,,,,
CYTH2,GALK1,USP35,NCF2,CAMTA2,MRPL3,,,,,,,,,,4428,,,,,,,,,,,,,,,,,,,,PHF21A,,,,,,,,,,,,,,,,,,,,,,,,,,,,,,,,,,AC013472.3,,,,,,,,,,,,,,,
GRWD1,RNF167,PLAGL1,PLA2G4A,MED13,MAPKAPK3,,,,,,,,,,40905,,,,,,,,,,,,,,,,,,,,ITGA7,,,,,,,,,,,,,,,,,,,,,,,,,,,,,,,,,,AL512413.1,,,,,,,,,,,,,,,
ZNF175,SLC25A11,FBXO30,WLS,ENO3,AADAC,,,,,,,,,,41415,,,,,,,,,,,,,,,,,,,,ESPL1,,,,,,,,,,,,,,,,,,,,,,,,,,,,,,,,,,AC008906.2,,,,,,,,,,,,,,,
PLA2G4C,C1QBP,ZNF430,RGS2,RASD1,ABHD14B,,,,,,,,,,4432,,,,,,,,,,,,,,,,,,,,MICAL1,,,,,,,,,,,,,,,,,,,,,,,,,,,,,,,,,,AC137630.3,,,,,,,,,,,,,,,
TMEM205,SMARCD2,TGIF2,MRPS15,AKAP10,SPCS1,,,,,,,,,,40387,,,,,,,,,,,,,,,,,,,,STX11,,,,,,,,,,,,,,,,,,,,,,,,,,,,,,,,,,AL596325.2,,,,,,,,,,,,,,,
PLPPR2,HSD17B1,STBD1,MYCL,DDX5,EEF1B2,,,,,,,,,,27142,,,,,,,,,,,,,,,,,,,,SLC9A5,,,,,,,,,,,,,,,,,,,,,,,,,,,,,,,,,,GAS6-DT,,,,,,,,,,,,,,,
FAM83E,MLX,KLF12,SIPA1L2,CYTH1,DGUOK,,,,,,,,,,40427,,,,,,,,,,,,,,,,,,,,RC3H1,,,,,,,,,,,,,,,,,,,,,,,,,,,,,,,,,,AC004982.2,,,,,,,,,,,,,,,
BCAT2,VAT1,SATB2,ADGRL2,PSMD11,ITGB6,,,,,,,,,,12050,,,,,,,,,,,,,,,,,,,,SERPINE2,,,,,,,,,,,,,,,,,,,,,,,,,,,,,,,,,,AC005046.1,,,,,,,,,,,,,,,
MIER2,EFTUD2,UBE2B,GBP3,EZH1,SNX17,,,,,,,,,,5329,,,,,,,,,,,,,,,,,,,,SLC41A2,,,,,,,,,,,,,,,,,,,,,,,,,,,,,,,,,,AL359921.2,,,,,,,,,,,,,,,
PLEKHA4,DHRS7B,CTNNAL1,GBP1,COL1A1,IFIH1,,,,,,,,,,7085,,,,,,,,,,,,,,,,,,,,VEZF1,,,,,,,,,,,,,,,,,,,,,,,,,,,,,,,,,,AL162591.2,,,,,,,,,,,,,,,
MAST1,SLC9A3R1,PHF19,ID3,LUC7L3,RPS15,,,,,,,,,,36678,,,,,,,,,,,,,,,,,,,,SKIL,,,,,,,,,,,,,,,,,,,,,,,,,,,,,,,,,,AF129075.2,,,,,,,,,,,,,,,
ARRDC2,FOXN1,DCAF4,CDC20,SMURF2,CLIP4,,,,,,,,,,7268,,,,,,,,,,,,,,,,,,,,ZNF189,,,,,,,,,,,,,,,,,,,,,,,,,,,,,,,,,,AP000350.6,,,,,,,,,,,,,,,
PDE4C,ALDOC,ABCD4,AKR1A1,DPH1,SPTBN1,,,,,,,,,,27805,,,,,,,,,,,,,,,,,,,,DNAJB5,,,,,,,,,,,,,,,,,,,,,,,,,,,,,,,,,,AC083880.1,,,,,,,,,,,,,,,
ISYNA1,CWH43,RBM25,TSPAN1,WSB1,POLE4,,,,,,,,,,24231,,,,,,,,,,,,,,,,,,,,KLC4,,,,,,,,,,,,,,,,,,,,,,,,,,,,,,,,,,AC116447.1,,,,,,,,,,,,,,,
ELL,SULT1E1,DNMT3A,F3,IFT20,MRPL19,,,,,,,,,,19688,,,,,,,,,,,,,,,,,,,,ZSCAN9,,,,,,,,,,,,,,,,,,,,,,,,,,,,,,,,,,AC026367.3,,,,,,,,,,,,,,,
PBX4,NMU,EPCAM,ABCD3,SUPT6H,LANCL1,,,,,,,,,,1728,,,,,,,,,,,,,,,,,,,,TJAP1,,,,,,,,,,,,,,,,,,,,,,,,,,,,,,,,,,AC037198.1,,,,,,,,,,,,,,,
ERF,RPL34,PYROXD2,DPH5,RAB34,EFEMP1,,,,,,,,,,23472,,,,,,,,,,,,,,,,,,,,IER3,,,,,,,,,,,,,,,,,,,,,,,,,,,,,,,,,,AL442125.1,,,,,,,,,,,,,,,
GSK3A,CLCN3,SMNDC1,PRDX6,DCUN1D4,FANCL,,,,,,,,,,26890,,,,,,,,,,,,,,,,,,,,ATAT1,,,,,,,,,,,,,,,,,,,,,,,,,,,,,,,,,,AC009118.3,,,,,,,,,,,,,,,
GRIK5,SH3D19,GNA13,DARS2,CHIC2,STAT1,,,,,,,,,,8928,,,,,,,,,,,,,,,,,,,,MTCH1,,,,,,,,,,,,,,,,,,,,,,,,,,,,,,,,,,AC016876.3,,,,,,,,,,,,,,,
RUNDC3B,KLF3,KANSL1,STMN1,LAMTOR3,TXNDC9,,,,,,,,,,42230,,,,,,,,,,,,,,,,,,,,VARS2,,,,,,,,,,,,,,,,,,,,,,,,,,,,,,,,,,AC004801.6,,,,,,,,,,,,,,,
DNAJC2,HTATIP2,DUSP1,NEK2,NFKB1,PDCL3,,,,,,,,,,12749,,,,,,,,,,,,,,,,,,,,MYO7A,,,,,,,,,,,,,,,,,,,,,,,,,,,,,,,,,,AL035252.3,,,,,,,,,,,,,,,
TFPI2,CTSC,MTHFD1L,CENPF,UBE2D3,CHMP3,,,,,,,,,,14329,,,,,,,,,,,,,,,,,,,,IL18BP,,,,,,,,,,,,,,,,,,,,,,,,,,,,,,,,,,ZNF8,,,,,,,,,,,,,,,
HBP1,MTCH2,CYSTM1,TXNDC12,DHX15,GORASP2,,,,,,,,,,37871,,,,,,,,,,,,,,,,,,,,CREBZF,,,,,,,,,,,,,,,,,,,,,,,,,,,,,,,,,,AC068506.1,,,,,,,,,,,,,,,
SP4,SC5D,WDR55,MESD,FBXW7,DARS,,,,,,,,,,7125,,,,,,,,,,,,,,,,,,,,CTDSPL2,,,,,,,,,,,,,,,,,,,,,,,,,,,,,,,,,,BX539320.1,,,,,,,,,,,,,,,
CBLL1,VWA5A,GORAB,RCN2,NSD2,SDC1,,,,,,,,,,5289,,,,,,,,,,,,,,,,,,,,PARP6,,,,,,,,,,,,,,,,,,,,,,,,,,,,,,,,,,AP000866.6,,,,,,,,,,,,,,,
MET,SIAE,KIAA1217,CTSD,MFSD10,COX7A2L,,,,,,,,,,14656,,,,,,,,,,,,,,,,,,,,FNBP1L,,,,,,,,,,,,,,,,,,,,,,,,,,,,,,,,,,CCDC163,,,,,,,,,,,,,,,
HOXA1,CCND1,EPC1,RPS25,RAPGEF2,PCYOX1,,,,,,,,,,14466,,,,,,,,,,,,,,,,,,,,THUMPD2,,,,,,,,,,,,,,,,,,,,,,,,,,,,,,,,,,N4BP2L2-IT2,,,,,,,,,,,,,,,
DNAJB6,CCDC86,MTRF1,NRP2,ZPR1,EPHA4,,,,,,,,,,36065,,,,,,,,,,,,,,,,,,,,FBXO11,,,,,,,,,,,,,,,,,,,,,,,,,,,,,,,,,,AL358472.4,,,,,,,,,,,,,,,
GRB10,PRPF19,UFM1,KLF7,FNBP4,FARSB,,,,,,,,,,16125,,,,,,,,,,,,,,,,,,,,DUSP5,,,,,,,,,,,,,,,,,,,,,,,,,,,,,,,,,,AC106858.1,,,,,,,,,,,,,,,
STX1A,TMEM109,ELF1,ATP10B,B3GAT1,DHCR24,,,,,,,,,,8888,,,,,,,,,,,,,,,,,,,,MYPN,,,,,,,,,,,,,,,,,,,,,,,,,,,,,,,,,,AP000547.3,,,,,,,,,,,,,,,
CCL24,PANX1,HSPH1,ELOVL4,HSPA8,SCP2,,,,,,,,,,10727,,,,,,,,,,,,,,,,,,,,AOX1,,,,,,,,,,,,,,,,,,,,,,,,,,,,,,,,,,AL157827.2,,,,,,,,,,,,,,,
BUD31,RNF141,EGR1,HMGN3,ATG2A,ICMT,,,,,,,,,,18008,,,,,,,,,,,,,,,,,,,,SEMA7A,,,,,,,,,,,,,,,,,,,,,,,,,,,,,,,,,,AC007317.1,,,,,,,,,,,,,,,
CYP3A5,GALNT18,SOCS2,SGK1,KMT5B,PARK7,,,,,,,,,,36405,,,,,,,,,,,,,,,,,,,,GPAT3,,,,,,,,,,,,,,,,,,,,,,,,,,,,,,,,,,AC083855.2,,,,,,,,,,,,,,,
ZKSCAN1,NECTIN1,CLU,ARG1,PPP6R3,SCAMP3,,,,,,,,,,42229,,,,,,,,,,,,,,,,,,,,MAPK8IP3,,,,,,,,,,,,,,,,,,,,,,,,,,,,,,,,,,AC234775.4,,,,,,,,,,,,,,,
SNX8,RPS13,TNFRSF10B,RPN2,HPX,LAMTOR2,,,,,,,,,,5863,,,,,,,,,,,,,,,,,,,,GABARAPL1,,,,,,,,,,,,,,,,,,,,,,,,,,,,,,,,,,AC073840.1,,,,,,,,,,,,,,,
FSCN3,NDUFS8,PTK2B,PPL,TRIM3,SRM,,,,,,,,,,13847,,,,,,,,,,,,,,,,,,,,CLSTN3,,,,,,,,,,,,,,,,,,,,,,,,,,,,,,,,,,AC025370.2,,,,,,,,,,,,,,,
USP42,MLEC,PPP3CC,NDUFB3,CHORDC1,FBXO2,,,,,,,,,,10729,,,,,,,,,,,,,,,,,,,,VAMP1,,,,,,,,,,,,,,,,,,,,,,,,,,,,,,,,,,AC113410.4,,,,,,,,,,,,,,,
PLOD3,ATP5F1B,PDLIM2,C1orf198,UBE4A,C1orf21,,,,,,,,,,24191,,,,,,,,,,,,,,,,,,,,GAS2L3,,,,,,,,,,,,,,,,,,,,,,,,,,,,,,,,,,AC092943.2,,,,,,,,,,,,,,,
CLDN15,LTA4H,TENT4B,PTPA,CBL,KIAA2013,,,,,,,,,,4392,,,,,,,,,,,,,,,,,,,,TDG,,,,,,,,,,,,,,,,,,,,,,,,,,,,,,,,,,AL513218.2,,,,,,,,,,,,,,,
EZH2,ELK3,ADCY7,NDUFA8,FBXO3,SLC35D1,,,,,,,,,,4746,,,,,,,,,,,,,,,,,,,,NUP58,,,,,,,,,,,,,,,,,,,,,,,,,,,,,,,,,,AL138889.3,,,,,,,,,,,,,,,
ANKMY2,ARPC3,TSHZ3,HSDL2,MDK,PLA2G4A,,,,,,,,,,23453,,,,,,,,,,,,,,,,,,,,SLC7A1,,,,,,,,,,,,,,,,,,,,,,,,,,,,,,,,,,AC008149.2,,,,,,,,,,,,,,,
URGCP,VPS29,PILRB,IFI27L2,MADD,WLS,,,,,,,,,,16380,,,,,,,,,,,,,,,,,,,,N4BP2L1,,,,,,,,,,,,,,,,,,,,,,,,,,,,,,,,,,AL353748.3,,,,,,,,,,,,,,,
AEBP1,MANSC1,PIK3CA,NPC2,CARS,UCHL5,,,,,,,,,,31660,,,,,,,,,,,,,,,,,,,,RAB15,,,,,,,,,,,,,,,,,,,,,,,,,,,,,,,,,,AC010332.3,,,,,,,,,,,,,,,
YKT6,SCNN1A,ZSCAN20,LTBP2,TCIRG1,CRYZ,,,,,,,,,,10539,,,,,,,,,,,,,,,,,,,,BAHD1,,,,,,,,,,,,,,,,,,,,,,,,,,,,,,,,,,CRIPAK,,,,,,,,,,,,,,,
CLIP2,OAS3,LRIF1,SLIRP,CHKA,MRPS15,,,,,,,,,,23469,,,,,,,,,,,,,,,,,,,,MAN2C1,,,,,,,,,,,,,,,,,,,,,,,,,,,,,,,,,,,,,,,,,,,,,,,,,
FSD1L,OAS2,CLCC1,EIF2B2,SELPLG,TSNAX,,,,,,,,,,14190,,,,,,,,,,,,,,,,,,,,DNAJA4,,,,,,,,,,,,,,,,,,,,,,,,,,,,,,,,,,,,,,,,,,,,,,,,,
KDM4C,ARHGDIB,POLK,FAM98A,KCTD10,GBP3,,,,,,,,,,37866,,,,,,,,,,,,,,,,,,,,HAPLN3,,,,,,,,,,,,,,,,,,,,,,,,,,,,,,,,,,,,,,,,,,,,,,,,,
TESK1,ENDOU,UBL3,LGALSL,IL23A,GBP1,,,,,,,,,,11946,,,,,,,,,,,,,,,,,,,,DHX38,,,,,,,,,,,,,,,,,,,,,,,,,,,,,,,,,,,,,,,,,,,,,,,,,
FUBP3,VDR,ZC3H7A,TCTN3,RSRC2,ID3,,,,,,,,,,17192,,,,,,,,,,,,,,,,,,,,TXNL4B,,,,,,,,,,,,,,,,,,,,,,,,,,,,,,,,,,,,,,,,,,,,,,,,,
MPDZ,RAB5B,SHLD2,AVPI1,PRR4,ERI3,,,,,,,,,,13429,,,,,,,,,,,,,,,,,,,,CMTM3,,,,,,,,,,,,,,,,,,,,,,,,,,,,,,,,,,,,,,,,,,,,,,,,,
RAPGEF1,MRPL51,CCDC18,MSX2,AKAP3,AKR1A1,,,,,,,,,,1692,,,,,,,,,,,,,,,,,,,,MAP1LC3B,,,,,,,,,,,,,,,,,,,,,,,,,,,,,,,,,,,,,,,,,,,,,,,,,
NPDC1,GAPDH,ZMIZ2,MOB3B,STX2,DPH5,,,,,,,,,,10853,,,,,,,,,,,,,,,,,,,,OSGIN1,,,,,,,,,,,,,,,,,,,,,,,,,,,,,,,,,,,,,,,,,,,,,,,,,
SETX,COPS7A,INHBA,LRP11,NOP2,PRDX6,,,,,,,,,,14469,,,,,,,,,,,,,,,,,,,,RHOT2,,,,,,,,,,,,,,,,,,,,,,,,,,,,,,,,,,,,,,,,,,,,,,,,,
ZFAND5,USP5,PLAU,PLEKHG1,CHD4,DARS2,,,,,,,,,,28868,,,,,,,,,,,,,,,,,,,,TCF25,,,,,,,,,,,,,,,,,,,,,,,,,,,,,,,,,,,,,,,,,,,,,,,,,
CCNJ,TPI1,CHST3,ACAT2,ENO2,IRF6,,,,,,,,,,789,,,,,,,,,,,,,,,,,,,,CTRL,,,,,,,,,,,,,,,,,,,,,,,,,,,,,,,,,,,,,,,,,,,,,,,,,
HPS1,SPSB2,P4HA1,TP53AIP1,ATN1,NEK2,,,,,,,,,,36275,,,,,,,,,,,,,,,,,,,,SGSM2,,,,,,,,,,,,,,,,,,,,,,,,,,,,,,,,,,,,,,,,,,,,,,,,,
MAPK8,LPCAT3,ACADS,PDZD11,NT5DC3,NENF,,,,,,,,,,10357,,,,,,,,,,,,,,,,,,,,TAF4B,,,,,,,,,,,,,,,,,,,,,,,,,,,,,,,,,,,,,,,,,,,,,,,,,
GBF1,LDHB,RASSF8,PLXDC2,HCFC2,TXNDC12,,,,,,,,,,23490,,,,,,,,,,,,,,,,,,,,GATA6,,,,,,,,,,,,,,,,,,,,,,,,,,,,,,,,,,,,,,,,,,,,,,,,,
ARHGAP21,RWDD1,ACOT9,TAF12,RIC8B,CD3EAP,,,,,,,,,,10055,,,,,,,,,,,,,,,,,,,,GREB1L,,,,,,,,,,,,,,,,,,,,,,,,,,,,,,,,,,,,,,,,,,,,,,,,,
LARP4B,TMEM14C,PKN1,ALG5,FGFR1OP2,MESD,,,,,,,,,,19145,,,,,,,,,,,,,,,,,,,,ZMYND15,,,,,,,,,,,,,,,,,,,,,,,,,,,,,,,,,,,,,,,,,,,,,,,,,
EDRF1,PAK1IP1,ATF1,TGFBI,COL12A1,CTSD,,,,,,,,,,7208,,,,,,,,,,,,,,,,,,,,SAT2,,,,,,,,,,,,,,,,,,,,,,,,,,,,,,,,,,,,,,,,,,,,,,,,,
PITRM1,ADTRP,MMP19,SIL1,GCNT2,IFT46,,,,,,,,,,13745,,,,,,,,,,,,,,,,,,,,ASGR1,,,,,,,,,,,,,,,,,,,,,,,,,,,,,,,,,,,,,,,,,,,,,,,,,
UBE2S,ASF1A,NR4A1,TMPO,SERINC1,RPS25,,,,,,,,,,22152,,,,,,,,,,,,,,,,,,,,CSNK1D,,,,,,,,,,,,,,,,,,,,,,,,,,,,,,,,,,,,,,,,,,,,,,,,,
PPIF,HDDC2,LRP1,EPHX2,ULBP1,MREG,,,,,,,,,,7266,,,,,,,,,,,,,,,,,,,,ZCCHC2,,,,,,,,,,,,,,,,,,,,,,,,,,,,,,,,,,,,,,,,,,,,,,,,,
PBLD,TPD52L1,HOXC11,SCPEP1,SRSF3,KLF7,,,,,,,,,,13427,,,,,,,,,,,,,,,,,,,,PMAIP1,,,,,,,,,,,,,,,,,,,,,,,,,,,,,,,,,,,,,,,,,,,,,,,,,
NUFIP2,HINT3,IKZF4,PLBD1,MRPL18,ATP10B,,,,,,,,,,20590,,,,,,,,,,,,,,,,,,,,BRD4,,,,,,,,,,,,,,,,,,,,,,,,,,,,,,,,,,,,,,,,,,,,,,,,,
WNT3,MAPK14,SLC36A1,CSTA,CD83,HMGN3,,,,,,,,,,6190,,,,,,,,,,,,,,,,,,,,PGGHG,,,,,,,,,,,,,,,,,,,,,,,,,,,,,,,,,,,,,,,,,,,,,,,,,
INTS2,KCTD20,LPGAT1,B4GALT4,RBM24,RAB32,,,,,,,,,,11727,,,,,,,,,,,,,,,,,,,,COL6A1,,,,,,,,,,,,,,,,,,,,,,,,,,,,,,,,,,,,,,,,,,,,,,,,,
CAMTA2,MCM3,G0S2,CAT,ZNF451,RNF146,,,,,,,,,,22390,,,,,,,,,,,,,,,,,,,,COL6A2,,,,,,,,,,,,,,,,,,,,,,,,,,,,,,,,,,,,,,,,,,,,,,,,,
MED13,RNF8,COQ8B,GJB6,BAG2,FBXL5,,,,,,,,,,3527,,,,,,,,,,,,,,,,,,,,EMP3,,,,,,,,,,,,,,,,,,,,,,,,,,,,,,,,,,,,,,,,,,,,,,,,,
ENO3,RAB23,AGO2,TNFSF10,E2F3,VAMP8,,,,,,,,,,12630,,,,,,,,,,,,,,,,,,,,CAPN10,,,,,,,,,,,,,,,,,,,,,,,,,,,,,,,,,,,,,,,,,,,,,,,,,
RASD1,FBXL4,SLC12A4,TMEM54,MED23,STBD1,,,,,,,,,,3487,,,,,,,,,,,,,,,,,,,,ZNF473,,,,,,,,,,,,,,,,,,,,,,,,,,,,,,,,,,,,,,,,,,,,,,,,,
DDX5,ACOT13,SDC4,GPSM2,CRYBG1,PPL,,,,,,,,,,12948,,,,,,,,,,,,,,,,,,,,EPHA2,,,,,,,,,,,,,,,,,,,,,,,,,,,,,,,,,,,,,,,,,,,,,,,,,
CYTH1,RPS12,PARD6B,RPL21,C6orf62,NDUFB3,,,,,,,,,,6036,,,,,,,,,,,,,,,,,,,,CNKSR1,,,,,,,,,,,,,,,,,,,,,,,,,,,,,,,,,,,,,,,,,,,,,,,,,
PSMD11,TRIM38,SRSF6,PRXL2A,PHF1,PTPA,,,,,,,,,,5862,,,,,,,,,,,,,,,,,,,,C1orf216,,,,,,,,,,,,,,,,,,,,,,,,,,,,,,,,,,,,,,,,,,,,,,,,,
EZH1,PEX7,SNAI1,RPL5,QKI,GLE1,,,,,,,,,,23883,,,,,,,,,,,,,,,,,,,,BCL10,,,,,,,,,,,,,,,,,,,,,,,,,,,,,,,,,,,,,,,,,,,,,,,,,
COL1A1,PERP,RNF114,ARL4A,PTK7,BSPRY,,,,,,,,,,30670,,,,,,,,,,,,,,,,,,,,FNDC7,,,,,,,,,,,,,,,,,,,,,,,,,,,,,,,,,,,,,,,,,,,,,,,,,
LUC7L3,PPP2R5D,NEURL2,CALD1,SENP6,NDUFA8,,,,,,,,,,16400,,,,,,,,,,,,,,,,,,,,ABL2,,,,,,,,,,,,,,,,,,,,,,,,,,,,,,,,,,,,,,,,,,,,,,,,,
SMURF2,MRPL2,HIST1H1D,ZWINT,PRPF4B,HDHD3,,,,,,,,,,40389,,,,,,,,,,,,,,,,,,,,PIP5K1A,,,,,,,,,,,,,,,,,,,,,,,,,,,,,,,,,,,,,,,,,,,,,,,,,
MMD,DNPH1,HIST1H1A,ITPR2,BTN2A1,HSDL2,,,,,,,,,,6187,,,,,,,,,,,,,,,,,,,,POGZ,,,,,,,,,,,,,,,,,,,,,,,,,,,,,,,,,,,,,,,,,,,,,,,,,
WSB1,EXOC2,HIST1H2BJ,PRDX4,TENT4A,KDSR,,,,,,,,,,35345,,,,,,,,,,,,,,,,,,,,DYRK3,,,,,,,,,,,,,,,,,,,,,,,,,,,,,,,,,,,,,,,,,,,,,,,,,
TMEM97,SLC29A1,ATXN1,EBPL,HMGCS1,IFI27L2,,,,,,,,,,23582,,,,,,,,,,,,,,,,,,,,TP53BP2,,,,,,,,,,,,,,,,,,,,,,,,,,,,,,,,,,,,,,,,,,,,,,,,,
SUPT6H,NUDT12,LRRFIP1,PFDN5,BRD8,NPC2,,,,,,,,,,8259,,,,,,,,,,,,,,,,,,,,RIT1,,,,,,,,,,,,,,,,,,,,,,,,,,,,,,,,,,,,,,,,,,,,,,,,,
RAB34,MRPS27,RAB17,TUBA1B,HSPA9,IRF2BPL,,,,,,,,,,15228,,,,,,,,,,,,,,,,,,,,CDC42BPA,,,,,,,,,,,,,,,,,,,,,,,,,,,,,,,,,,,,,,,,,,,,,,,,,
PHF12,SPARC,CXCL6,HJURP,CLK4,SLIRP,,,,,,,,,,8030,,,,,,,,,,,,,,,,,,,,WNT9A,,,,,,,,,,,,,,,,,,,,,,,,,,,,,,,,,,,,,,,,,,,,,,,,,
DCUN1D4,HMGCR,SH3TC1,RAB38,ARRDC3,EIF2B2,,,,,,,,,,13744,,,,,,,,,,,,,,,,,,,,PLEKHA6,,,,,,,,,,,,,,,,,,,,,,,,,,,,,,,,,,,,,,,,,,,,,,,,,
CHIC2,MSH3,IRF1,CHPF,NPR3,FAM98A,,,,,,,,,,15689,,,,,,,,,,,,,,,,,,,,THNSL2,,,,,,,,,,,,,,,,,,,,,,,,,,,,,,,,,,,,,,,,,,,,,,,,,
LAMTOR3,POLR3G,FAM193A,FAM210B,TARS,LGALSL,,,,,,,,,,9789,,,,,,,,,,,,,,,,,,,,SLC20A1,,,,,,,,,,,,,,,,,,,,,,,,,,,,,,,,,,,,,,,,,,,,,,,,,
NFKB1,LMNB1,MBOAT7,SLPI,IRX4,OGFRL1,,,,,,,,,,13120,,,,,,,,,,,,,,,,,,,,AMMECR1L,,,,,,,,,,,,,,,,,,,,,,,,,,,,,,,,,,,,,,,,,,,,,,,,,
MANBA,C5orf15,SRMS,ATP5F1E,SLC12A7,IDE,,,,,,,,,,12486,,,,,,,,,,,,,,,,,,,,HSPD1,,,,,,,,,,,,,,,,,,,,,,,,,,,,,,,,,,,,,,,,,,,,,,,,,
UBE2D3,ERGIC1,FNDC11,CSE1L,LIFR,CUTC,,,,,,,,,,7269,,,,,,,,,,,,,,,,,,,,4-Mar,,,,,,,,,,,,,,,,,,,,,,,,,,,,,,,,,,,,,,,,,,,,,,,,,
FRG1,EHHADH,CCDC93,PEPD,SEC24A,MXI1,,,,,,,,,,41546,,,,,,,,,,,,,,,,,,,,EAF1,,,,,,,,,,,,,,,,,,,,,,,,,,,,,,,,,,,,,,,,,,,,,,,,,
DHX15,TIMMDC1,C3,XG,TCERG1,TCTN3,,,,,,,,,,15188,,,,,,,,,,,,,,,,,,,,CSRNP1,,,,,,,,,,,,,,,,,,,,,,,,,,,,,,,,,,,,,,,,,,,,,,,,,
FBXW7,BCL6,SH2D3A,NAGK,STC2,LRP11,,,,,,,,,,28686,,,,,,,,,,,,,,,,,,,,NFKBIZ,,,,,,,,,,,,,,,,,,,,,,,,,,,,,,,,,,,,,,,,,,,,,,,,,
NSD2,CLDN16,TNFSF14,MCEE,CPEB4,ACAT2,,,,,,,,,,10063,,,,,,,,,,,,,,,,,,,,MYH15,,,,,,,,,,,,,,,,,,,,,,,,,,,,,,,,,,,,,,,,,,,,,,,,,
MFSD10,NIT2,FOSB,PAIP2B,SMC4,TP53AIP1,,,,,,,,,,10688,,,,,,,,,,,,,,,,,,,,SLC26A1,,,,,,,,,,,,,,,,,,,,,,,,,,,,,,,,,,,,,,,,,,,,,,,,,
RAPGEF2,FAM162A,VASP,POF1B,HGD,PDZD11,,,,,,,,,,33328,,,,,,,,,,,,,,,,,,,,CENPC,,,,,,,,,,,,,,,,,,,,,,,,,,,,,,,,,,,,,,,,,,,,,,,,,
LRP2BP,PCCB,OVOL2,LYPD3,CEP70,PLXDC2,,,,,,,,,,3490,,,,,,,,,,,,,,,,,,,,BDP1,,,,,,,,,,,,,,,,,,,,,,,,,,,,,,,,,,,,,,,,,,,,,,,,,
CRYAB,PRKAR2A,KDM5C,SNRPC,XRN1,TAF12,,,,,,,,,,20945,,,,,,,,,,,,,,,,,,,,FEM1C,,,,,,,,,,,,,,,,,,,,,,,,,,,,,,,,,,,,,,,,,,,,,,,,,
ZPR1,GNAI2,AGO3,RPS10,HES1,ALG5,,,,,,,,,,16088,,,,,,,,,,,,,,,,,,,,N4BP3,,,,,,,,,,,,,,,,,,,,,,,,,,,,,,,,,,,,,,,,,,,,,,,,,
FNBP4,HYAL1,KLC1,MEA1,USP9Y,TGFBI,,,,,,,,,,9435,,,,,,,,,,,,,,,,,,,,FAM193B,,,,,,,,,,,,,,,,,,,,,,,,,,,,,,,,,,,,,,,,,,,,,,,,,
B3GAT1,RPL24,PCID2,GLO1,FXR1,SIL1,,,,,,,,,,11802,,,,,,,,,,,,,,,,,,,,NFKBIE,,,,,,,,,,,,,,,,,,,,,,,,,,,,,,,,,,,,,,,,,,,,,,,,,
HSPA8,CYB561D2,BCL2L12,BBS2,C3orf52,SERP1,,,,,,,,,,10689,,,,,,,,,,,,,,,,,,,,PNLDC1,,,,,,,,,,,,,,,,,,,,,,,,,,,,,,,,,,,,,,,,,,,,,,,,,
DNAJC4,GNB4,SCAF1,MT1G,PLXNA1,TMPO,,,,,,,,,,12490,,,,,,,,,,,,,,,,,,,,CREB5,,,,,,,,,,,,,,,,,,,,,,,,,,,,,,,,,,,,,,,,,,,,,,,,,
SNX15,UMPS,GLIS2,MT2A,WDR48,WASHC3,,,,,,,,,,20948,,,,,,,,,,,,,,,,,,,,ZNF92,,,,,,,,,,,,,,,,,,,,,,,,,,,,,,,,,,,,,,,,,,,,,,,,,
ATG2A,PODXL2,ELK1,C16orf70,EIF1B,EPHX2,,,,,,,,,,13386,,,,,,,,,,,,,,,,,,,,GIGYF1,,,,,,,,,,,,,,,,,,,,,,,,,,,,,,,,,,,,,,,,,,,,,,,,,
KMT5B,UPK1B,WDR60,GOT2,KLHL24,RNF170,,,,,,,,,,27025,,,,,,,,,,,,,,,,,,,,TLK2,,,,,,,,,,,,,,,,,,,,,,,,,,,,,,,,,,,,,,,,,,,,,,,,,
FOXRED1,MRPL3,INTS11,NDUFA1,SLC4A3,LYPLA1,,,,,,,,,,40743,,,,,,,,,,,,,,,,,,,,OGT,,,,,,,,,,,,,,,,,,,,,,,,,,,,,,,,,,,,,,,,,,,,,,,,,
PPP6R3,MAPKAPK3,HIVEP3,SOX9,INO80D,PLBD1,,,,,,,,,,7990,,,,,,,,,,,,,,,,,,,,GCNA,,,,,,,,,,,,,,,,,,,,,,,,,,,,,,,,,,,,,,,,,,,,,,,,,
HPX,GORASP1,TRAF2,PPDPF,KANSL3,RNF2,,,,,,,,,,17890,,,,,,,,,,,,,,,,,,,,HMBOX1,,,,,,,,,,,,,,,,,,,,,,,,,,,,,,,,,,,,,,,,,,,,,,,,,
TRIM3,AADAC,RAP1B,IL1B,LMAN2L,CSTA,,,,,,,,,,13387,,,,,,,,,,,,,,,,,,,,GNRH1,,,,,,,,,,,,,,,,,,,,,,,,,,,,,,,,,,,,,,,,,,,,,,,,,
CHORDC1,ABHD14B,FGFRL1,CHCHD5,CCL20,CAT,,,,,,,,,,17025,,,,,,,,,,,,,,,,,,,,UHRF2,,,,,,,,,,,,,,,,,,,,,,,,,,,,,,,,,,,,,,,,,,,,,,,,,
CBL,SSR3,HP1BP3,SLC25A23,DNAJC27,GJB6,,,,,,,,,,13389,,,,,,,,,,,,,,,,,,,,NR6A1,,,,,,,,,,,,,,,,,,,,,,,,,,,,,,,,,,,,,,,,,,,,,,,,,
FBXO3,SPCS1,SIN3B,ALKBH7,FNDC4,ZCCHC17,,,,,,,,,,17930,,,,,,,,,,,,,,,,,,,,MIGA2,,,,,,,,,,,,,,,,,,,,,,,,,,,,,,,,,,,,,,,,,,,,,,,,,
MDK,EEF1B2,SYNGR3,TNFSF9,PCGF1,POLR3GL,,,,,,,,,,27326,,,,,,,,,,,,,,,,,,,,ZEB1,,,,,,,,,,,,,,,,,,,,,,,,,,,,,,,,,,,,,,,,,,,,,,,,,
MADD,DGUOK,KDM4B,RPL23,GLS,TNFSF10,,,,,,,,,,23345,,,,,,,,,,,,,,,,,,,,PPRC1,,,,,,,,,,,,,,,,,,,,,,,,,,,,,,,,,,,,,,,,,,,,,,,,,
CARS,ACTR1B,RBM48,SNRPD2,UNC50,TMEM54,,,,,,,,,,18787,,,,,,,,,,,,,,,,,,,,LIN7C,,,,,,,,,,,,,,,,,,,,,,,,,,,,,,,,,,,,,,,,,,,,,,,,,
CHKA,STEAP3,ZFP36,EML2,USP34,GPSM2,,,,,,,,,,6230,,,,,,,,,,,,,,,,,,,,DGKZ,,,,,,,,,,,,,,,,,,,,,,,,,,,,,,,,,,,,,,,,,,,,,,,,,
PRDM4,TP53I3,ADM2,SDCBP2,CCT4,MTIF3,,,,,,,,,,5425,,,,,,,,,,,,,,,,,,,,SLC43A1,,,,,,,,,,,,,,,,,,,,,,,,,,,,,,,,,,,,,,,,,,,,,,,,,
SELPLG,GPD2,DGCR8,TGM3,COQ10B,GTF3A,,,,,,,,,,9832,,,,,,,,,,,,,,,,,,,,CELF1,,,,,,,,,,,,,,,,,,,,,,,,,,,,,,,,,,,,,,,,,,,,,,,,,
KCTD10,ITGB6,ATF4,DTD1,SF3B1,MRPS2,,,,,,,,,,36001,,,,,,,,,,,,,,,,,,,,CCDC82,,,,,,,,,,,,,,,,,,,,,,,,,,,,,,,,,,,,,,,,,,,,,,,,,
IL23A,SNX17,BAIAP2L2,FLRT3,ZNF142,PRXL2A,,,,,,,,,,36003,,,,,,,,,,,,,,,,,,,,SERPINH1,,,,,,,,,,,,,,,,,,,,,,,,,,,,,,,,,,,,,,,,,,,,,,,,,
RSRC2,REEP6,LIF,DSTN,IL1R2,ZNF205,,,,,,,,,,9068,,,,,,,,,,,,,,,,,,,,TMEM25,,,,,,,,,,,,,,,,,,,,,,,,,,,,,,,,,,,,,,,,,,,,,,,,,
ITFG2,RPS15,RNF112,MGME1,WNT6,RPL5,,,,,,,,,,16128,,,,,,,,,,,,,,,,,,,,SPATA25,,,,,,,,,,,,,,,,,,,,,,,,,,,,,,,,,,,,,,,,,,,,,,,,,
DUSP16,TTC31,CPA4,ITPA,IL1RL1,KLHL7,,,,,,,,,,28869,,,,,,,,,,,,,,,,,,,,FERMT3,,,,,,,,,,,,,,,,,,,,,,,,,,,,,,,,,,,,,,,,,,,,,,,,,
STX2,CLIP4,DOCK4,MRPS26,ABCB6,CLTA,,,,,,,,,,8734,,,,,,,,,,,,,,,,,,,,DCUN1D2,,,,,,,,,,,,,,,,,,,,,,,,,,,,,,,,,,,,,,,,,,,,,,,,,
NOP2,SPTBN1,VGF,ID1,ID2,CALD1,,,,,,,,,,9787,,,,,,,,,,,,,,,,,,,,LATS2,,,,,,,,,,,,,,,,,,,,,,,,,,,,,,,,,,,,,,,,,,,,,,,,,
CHD4,GALNT3,FLNC,ERGIC3,ODC1,CISD1,,,,,,,,,,14880,,,,,,,,,,,,,,,,,,,,UBC,,,,,,,,,,,,,,,,,,,,,,,,,,,,,,,,,,,,,,,,,,,,,,,,,
ENO2,MRPL19,IRF5,ROMO1,DLX2,ZWINT,,,,,,,,,,32408,,,,,,,,,,,,,,,,,,,,SLC7A11,,,,,,,,,,,,,,,,,,,,,,,,,,,,,,,,,,,,,,,,,,,,,,,,,
ATN1,LANCL1,INO80,FAM83C,ATF2,PRDX4,,,,,,,,,,23465,,,,,,,,,,,,,,,,,,,,MBIP,,,,,,,,,,,,,,,,,,,,,,,,,,,,,,,,,,,,,,,,,,,,,,,,,
NT5DC3,EFEMP1,CHAC1,MMP24OS,AAK1,GIPC1,,,,,,,,,,41428,,,,,,,,,,,,,,,,,,,,FER,,,,,,,,,,,,,,,,,,,,,,,,,,,,,,,,,,,,,,,,,,,,,,,,,
PRKAB1,FN1,FXR2,UROD,C2orf42,EBPL,,,,,,,,,,14289,,,,,,,,,,,,,,,,,,,,EPS8,,,,,,,,,,,,,,,,,,,,,,,,,,,,,,,,,,,,,,,,,,,,,,,,,
HCFC2,STAT1,CDKN2D,SLURP1,BCL9,TSFM,,,,,,,,,,16603,,,,,,,,,,,,,,,,,,,,WWC2,,,,,,,,,,,,,,,,,,,,,,,,,,,,,,,,,,,,,,,,,,,,,,,,,
RIC8B,PDCL3,NGDN,CAPNS1,CACYBP,TUBA1B,,,,,,,,,,27029,,,,,,,,,,,,,,,,,,,,SACS,,,,,,,,,,,,,,,,,,,,,,,,,,,,,,,,,,,,,,,,,,,,,,,,,
FGFR1OP2,CHMP3,ADCY4,COX6B1,PHF13,ATPAF1,,,,,,,,,,19146,,,,,,,,,,,,,,,,,,,,BAG3,,,,,,,,,,,,,,,,,,,,,,,,,,,,,,,,,,,,,,,,,,,,,,,,,
COL12A1,STK25,RAB2B,FRMD8,ERRFI1,METTL8,,,,,,,,,,24094,,,,,,,,,,,,,,,,,,,,UHMK1,,,,,,,,,,,,,,,,,,,,,,,,,,,,,,,,,,,,,,,,,,,,,,,,,
BTN3A3,GORASP2,TEP1,PRDX5,SRSF4,RAB38,,,,,,,,,,36151,,,,,,,,,,,,,,,,,,,,HOMER1,,,,,,,,,,,,,,,,,,,,,,,,,,,,,,,,,,,,,,,,,,,,,,,,,
GCNT2,SDC1,RHBDF2,TRAP1,ASH1L,CHPF,,,,,,,,,,28145,,,,,,,,,,,,,,,,,,,,XRCC4,,,,,,,,,,,,,,,,,,,,,,,,,,,,,,,,,,,,,,,,,,,,,,,,,
CEP85L,COX7A2L,TMEM8A,IFI6,SFPQ,FAM210B,,,,,,,,,,12164,,,,,,,,,,,,,,,,,,,,ZNF776,,,,,,,,,,,,,,,,,,,,,,,,,,,,,,,,,,,,,,,,,,,,,,,,,
GABRR2,PCYOX1,ABHD17A,DLGAP5,ARHGEF2,VAPB,,,,,,,,,,21781,,,,,,,,,,,,,,,,,,,,ZNF256,,,,,,,,,,,,,,,,,,,,,,,,,,,,,,,,,,,,,,,,,,,,,,,,,
SERINC1,EPHA4,PHF10,BCL11B,MEF2D,ATP5F1E,,,,,,,,,,31656,,,,,,,,,,,,,,,,,,,,USP12,,,,,,,,,,,,,,,,,,,,,,,,,,,,,,,,,,,,,,,,,,,,,,,,,
ULBP1,FARSB,STARD8,COX7C,DLEU2L,CSE1L,,,,,,,,,,26930,,,,,,,,,,,,,,,,,,,,TRIM36,,,,,,,,,,,,,,,,,,,,,,,,,,,,,,,,,,,,,,,,,,,,,,,,,
SRSF3,DHCR24,SAT1,UQCR11,IVNS1ABP,PEPD,,,,,,,,,,6189,,,,,,,,,,,,,,,,,,,,PRDM8,,,,,,,,,,,,,,,,,,,,,,,,,,,,,,,,,,,,,,,,,,,,,,,,,
SOD2,DNAJC16,DOCK6,TUBA4A,PRDM2,XG,,,,,,,,,,22430,,,,,,,,,,,,,,,,,,,,HNRNPDL,,,,,,,,,,,,,,,,,,,,,,,,,,,,,,,,,,,,,,,,,,,,,,,,,
MRPL18,SCP2,GADD45G,ECHS1,SRSF11,NAGK,,,,,,,,,,43087,,,,,,,,,,,,,,,,,,,,HNRNPU,,,,,,,,,,,,,,,,,,,,,,,,,,,,,,,,,,,,,,,,,,,,,,,,,
CD83,FAM20B,SAFB2,POR,CTH,PAIP2B,,,,,,,,,,6229,,,,,,,,,,,,,,,,,,,,ASAP1,,,,,,,,,,,,,,,,,,,,,,,,,,,,,,,,,,,,,,,,,,,,,,,,,
BACH2,TMEM59,KIF1A,STEAP4,PLEKHM2,POF1B,,,,,,,,,,13426,,,,,,,,,,,,,,,,,,,,ING1,,,,,,,,,,,,,,,,,,,,,,,,,,,,,,,,,,,,,,,,,,,,,,,,,
RBM24,ICMT,SNX9,GNAI1,ZBTB17,LYPD3,,,,,,,,,,28732,,,,,,,,,,,,,,,,,,,,JAZF1,,,,,,,,,,,,,,,,,,,,,,,,,,,,,,,,,,,,,,,,,,,,,,,,,
CAP2,RPL22,AFDN,SRD5A3,EXOC8,MRS2,,,,,,,,,,40429,,,,,,,,,,,,,,,,,,,,CHD1,,,,,,,,,,,,,,,,,,,,,,,,,,,,,,,,,,,,,,,,,,,,,,,,,
ZNF451,PARK7,ZSWIM6,PAICS,RRAGC,RRP36,,,,,,,,,,10726,,,,,,,,,,,,,,,,,,,,ZUP1,,,,,,,,,,,,,,,,,,,,,,,,,,,,,,,,,,,,,,,,,,,,,,,,,
BAG2,MECR,MAP1S,DGCR6L,RLF,SNRPC,,,,,,,,,,28692,,,,,,,,,,,,,,,,,,,,TBRG1,,,,,,,,,,,,,,,,,,,,,,,,,,,,,,,,,,,,,,,,,,,,,,,,,
E2F3,LAMTOR2,CRB3,SDF2L1,AKT3,MEA1,,,,,,,,,,16452,,,,,,,,,,,,,,,,,,,,TNIK,,,,,,,,,,,,,,,,,,,,,,,,,,,,,,,,,,,,,,,,,,,,,,,,,
MED23,SRM,ZBTB46,TST,KIF17,GLO1,,,,,,,,,,830,,,,,,,,,,,,,,,,,,,,NEIL2,,,,,,,,,,,,,,,,,,,,,,,,,,,,,,,,,,,,,,,,,,,,,,,,,
CRYBG1,FBXO2,HELZ2,RAC2,PRPF3,SSR1,,,,,,,,,,7272,,,,,,,,,,,,,,,,,,,,SH3RF1,,,,,,,,,,,,,,,,,,,,,,,,,,,,,,,,,,,,,,,,,,,,,,,,,
C6orf62,FBXO6,ZNF337,KRT17,ARTN,RPP40,,,,,,,,,,36723,,,,,,,,,,,,,,,,,,,,PDLIM3,,,,,,,,,,,,,,,,,,,,,,,,,,,,,,,,,,,,,,,,,,,,,,,,,
PHF1,C1orf21,TAF4,ATP6V1F,ATP6V0B,AHNAK,,,,,,,,,,36992,,,,,,,,,,,,,,,,,,,,FLCN,,,,,,,,,,,,,,,,,,,,,,,,,,,,,,,,,,,,,,,,,,,,,,,,,
QKI,KIAA2013,LAMA5,MRPS12,CNN3,BBS2,,,,,,,,,,13388,,,,,,,,,,,,,,,,,,,,USP43,,,,,,,,,,,,,,,,,,,,,,,,,,,,,,,,,,,,,,,,,,,,,,,,,
TFEB,SLC35D1,ASS1,HAT1,PTBP2,GOT2,,,,,,,,,,5652,,,,,,,,,,,,,,,,,,,,ATP6V1C1,,,,,,,,,,,,,,,,,,,,,,,,,,,,,,,,,,,,,,,,,,,,,,,,,
SMOC2,PLA2G4A,ZC3H4,DUT,SYF2,DOK4,,,,,,,,,,37053,,,,,,,,,,,,,,,,,,,,ZFYVE27,,,,,,,,,,,,,,,,,,,,,,,,,,,,,,,,,,,,,,,,,,,,,,,,,
GUCA1B,WLS,MAP3K10,SUMF2,RSRP1,TM9SF2,,,,,,,,,,9497,,,,,,,,,,,,,,,,,,,,HSPA13,,,,,,,,,,,,,,,,,,,,,,,,,,,,,,,,,,,,,,,,,,,,,,,,,
PTK7,UCHL5,ARHGEF16,SPCS3,ARID1A,RNF113A,,,,,,,,,,5016,,,,,,,,,,,,,,,,,,,,PPM1J,,,,,,,,,,,,,,,,,,,,,,,,,,,,,,,,,,,,,,,,,,,,,,,,,
SENP6,TMEM9,SESN2,BBOX1,KMT2A,NDUFA1,,,,,,,,,,10059,,,,,,,,,,,,,,,,,,,,MIER3,,,,,,,,,,,,,,,,,,,,,,,,,,,,,,,,,,,,,,,,,,,,,,,,,
PRPF4B,MRPS15,HIP1R,CD68,SLC8A2,MIF4GD,,,,,,,,,,32286,,,,,,,,,,,,,,,,,,,,RASA2,,,,,,,,,,,,,,,,,,,,,,,,,,,,,,,,,,,,,,,,,,,,,,,,,
BTN2A1,TSNAX,ZNF426,TXNDC17,KPTN,PPDPF,,,,,,,,,,36532,,,,,,,,,,,,,,,,,,,,CLIC2,,,,,,,,,,,,,,,,,,,,,,,,,,,,,,,,,,,,,,,,,,,,,,,,,
TENT5A,ACADM,SLC6A8,MPDU1,FASTKD2,IL1B,,,,,,,,,,14327,,,,,,,,,,,,,,,,,,,,GRIP1,,,,,,,,,,,,,,,,,,,,,,,,,,,,,,,,,,,,,,,,,,,,,,,,,
CEP72,ADGRL2,PNCK,SLC44A2,PLAGL1,POLR1B,,,,,,,,,,9829,,,,,,,,,,,,,,,,,,,,KIF5A,,,,,,,,,,,,,,,,,,,,,,,,,,,,,,,,,,,,,,,,,,,,,,,,,
TENT4A,CTBS,PLXNA3,AP1M2,TNFAIP3,SLC25A23,,,,,,,,,,36095,,,,,,,,,,,,,,,,,,,,SCAF4,,,,,,,,,,,,,,,,,,,,,,,,,,,,,,,,,,,,,,,,,,,,,,,,,
HMGCS1,GBP3,ZNF236,KLK10,ALDH8A1,ALKBH7,,,,,,,,,,18828,,,,,,,,,,,,,,,,,,,,SAMD8,,,,,,,,,,,,,,,,,,,,,,,,,,,,,,,,,,,,,,,,,,,,,,,,,
BRD8,GBP1,C12orf65,KLK8,CCN2,CLPP,,,,,,,,,,12526,,,,,,,,,,,,,,,,,,,,PHKG2,,,,,,,,,,,,,,,,,,,,,,,,,,,,,,,,,,,,,,,,,,,,,,,,,
HSPA9,ID3,PPIL4,HEATR5A,MED28,RPL23,,,,,,,,,,12051,,,,,,,,,,,,,,,,,,,,EIF4A2,,,,,,,,,,,,,,,,,,,,,,,,,,,,,,,,,,,,,,,,,,,,,,,,,
CERT1,APH1A,RBM39,NEDD8,TGIF2,ATG4C,,,,,,,,,,26926,,,,,,,,,,,,,,,,,,,,BRPF1,,,,,,,,,,,,,,,,,,,,,,,,,,,,,,,,,,,,,,,,,,,,,,,,,
FAF2,ERI3,GGT7,DAD1,RAB3GAP2,SNRPD2,,,,,,,,,,30671,,,,,,,,,,,,,,,,,,,,EXOG,,,,,,,,,,,,,,,,,,,,,,,,,,,,,,,,,,,,,,,,,,,,,,,,,
CLK4,AKR1A1,ZNF227,ASH2L,GTF3C3,CENPB,,,,,,,,,,23402,,,,,,,,,,,,,,,,,,,,SMG1,,,,,,,,,,,,,,,,,,,,,,,,,,,,,,,,,,,,,,,,,,,,,,,,,
ARRDC3,TSPAN1,GSE1,RPS4Y1,SATB2,DTD1,,,,,,,,,,20586,,,,,,,,,,,,,,,,,,,,DYRK1A,,,,,,,,,,,,,,,,,,,,,,,,,,,,,,,,,,,,,,,,,,,,,,,,,
TARS,F3,NFATC1,FAM155B,UBE2B,FLRT3,,,,,,,,,,36611,,,,,,,,,,,,,,,,,,,,BRAF,,,,,,,,,,,,,,,,,,,,,,,,,,,,,,,,,,,,,,,,,,,,,,,,,
IRX4,DPH5,RLIM,GDPD2,SENP5,DSTN,,,,,,,,,,36217,,,,,,,,,,,,,,,,,,,,DUSP2,,,,,,,,,,,,,,,,,,,,,,,,,,,,,,,,,,,,,,,,,,,,,,,,,
SLC12A7,PRDX6,TRAF3,APOE,CTNNAL1,ITPA,,,,,,,,,,18788,,,,,,,,,,,,,,,,,,,,ABHD3,,,,,,,,,,,,,,,,,,,,,,,,,,,,,,,,,,,,,,,,,,,,,,,,,
PPP2CA,DARS2,PDLIM4,RPL36,PHF19,MRPS26,,,,,,,,,,38299,,,,,,,,,,,,,,,,,,,,GPRASP2,,,,,,,,,,,,,,,,,,,,,,,,,,,,,,,,,,,,,,,,,,,,,,,,,
NR3C1,IRF6,AOC3,MRPL34,PGF,ID1,,,,,,,,,,22426,,,,,,,,,,,,,,,,,,,,HIST1H2BD,,,,,,,,,,,,,,,,,,,,,,,,,,,,,,,,,,,,,,,,,,,,,,,,,
LIFR,TXNDC12,AOC2,MTRES1,AREL1,ROMO1,,,,,,,,,,36253,,,,,,,,,,,,,,,,,,,,HIST1H4H,,,,,,,,,,,,,,,,,,,,,,,,,,,,,,,,,,,,,,,,,,,,,,,,,
SEC24A,MESD,ACAP3,ACTN4,ABCD4,FAM83C,,,,,,,,,,19363,,,,,,,,,,,,,,,,,,,,B4GALT5,,,,,,,,,,,,,,,,,,,,,,,,,,,,,,,,,,,,,,,,,,,,,,,,,
TCERG1,RCN2,ANO1,LSM4,DLST,MMP24OS,,,,,,,,,,36913,,,,,,,,,,,,,,,,,,,,PPP1R15B,,,,,,,,,,,,,,,,,,,,,,,,,,,,,,,,,,,,,,,,,,,,,,,,,
STC2,CTSD,PPFIA1,TNNI2,RBM25,PSMB2,,,,,,,,,,3530,,,,,,,,,,,,,,,,,,,,RNF166,,,,,,,,,,,,,,,,,,,,,,,,,,,,,,,,,,,,,,,,,,,,,,,,,
CPEB4,IFT46,THOC6,CHMP2A,SUPT7L,HECTD3,,,,,,,,,,8026,,,,,,,,,,,,,,,,,,,,PAXBP1,,,,,,,,,,,,,,,,,,,,,,,,,,,,,,,,,,,,,,,,,,,,,,,,,
SMC4,RPS25,MAP1B,TMEM160,KLHL29,CAPNS1,,,,,,,,,,4742,,,,,,,,,,,,,,,,,,,,CIART,,,,,,,,,,,,,,,,,,,,,,,,,,,,,,,,,,,,,,,,,,,,,,,,,
HGD,MREG,WDR44,ATP5IF1,DNMT3A,PDCD2L,,,,,,,,,,36134,,,,,,,,,,,,,,,,,,,,CCDC24,,,,,,,,,,,,,,,,,,,,,,,,,,,,,,,,,,,,,,,,,,,,,,,,,
NPHP3,KLF7,RARA,SHFL,YPEL5,COX6B1,,,,,,,,,,36094,,,,,,,,,,,,,,,,,,,,CCDC17,,,,,,,,,,,,,,,,,,,,,,,,,,,,,,,,,,,,,,,,,,,,,,,,,
CEP70,ATP10B,SELENOS,ACSS2,EPCAM,FRMD8,,,,,,,,,,7986,,,,,,,,,,,,,,,,,,,,GPBP1L1,,,,,,,,,,,,,,,,,,,,,,,,,,,,,,,,,,,,,,,,,,,,,,,,,
XRN1,ELOVL4,THAP1,COX4I1,IFIT2,PRDX5,,,,,,,,,,35026,,,,,,,,,,,,,,,,,,,,CCDC117,,,,,,,,,,,,,,,,,,,,,,,,,,,,,,,,,,,,,,,,,,,,,,,,,
PFKFB4,HMGN3,RHPN2,SH3BGRL,PPP1R3C,RRAS,,,,,,,,,,790,,,,,,,,,,,,,,,,,,,,ZNF222,,,,,,,,,,,,,,,,,,,,,,,,,,,,,,,,,,,,,,,,,,,,,,,,,
HES1,RNF146,C19orf12,COX7B,PYROXD2,TRAP1,,,,,,,,,,24232,,,,,,,,,,,,,,,,,,,,NPR2,,,,,,,,,,,,,,,,,,,,,,,,,,,,,,,,,,,,,,,,,,,,,,,,,
USP9Y,FBXL5,DNAJB1,GJA9,SMNDC1,IFI6,,,,,,,,,,42308,,,,,,,,,,,,,,,,,,,,UBE2J2,,,,,,,,,,,,,,,,,,,,,,,,,,,,,,,,,,,,,,,,,,,,,,,,,
FXR1,VAMP8,ZSWIM4,CAP1,GNA13,TRMT5,,,,,,,,,,14419,,,,,,,,,,,,,,,,,,,,PKNOX1,,,,,,,,,,,,,,,,,,,,,,,,,,,,,,,,,,,,,,,,,,,,,,,,,
C3orf52,RPN2,ARFIP2,PPT1,KANSL1,PPCS,,,,,,,,,,37726,,,,,,,,,,,,,,,,,,,,PCNT,,,,,,,,,,,,,,,,,,,,,,,,,,,,,,,,,,,,,,,,,,,,,,,,,
PLXNA1,EEF2KMT,ILKAP,TUBG1,DUSP1,COX7C,,,,,,,,,,5290,,,,,,,,,,,,,,,,,,,,GPSM1,,,,,,,,,,,,,,,,,,,,,,,,,,,,,,,,,,,,,,,,,,,,,,,,,
WDR48,PPL,PER2,RPL27,CD274,UQCR11,,,,,,,,,,9827,,,,,,,,,,,,,,,,,,,,PKN3,,,,,,,,,,,,,,,,,,,,,,,,,,,,,,,,,,,,,,,,,,,,,,,,,
EIF1B,LDAH,TRIM47,ACLY,CENPL,TUBA4A,,,,,,,,,,34985,,,,,,,,,,,,,,,,,,,,BRSK1,,,,,,,,,,,,,,,,,,,,,,,,,,,,,,,,,,,,,,,,,,,,,,,,,
KLHL24,NDUFB3,KDM6B,VPS25,GORAB,ECHS1,,,,,,,,,,11941,,,,,,,,,,,,,,,,,,,,COX6B2,,,,,,,,,,,,,,,,,,,,,,,,,,,,,,,,,,,,,,,,,,,,,,,,,
NKTR,CPSF3,KHDC4,NDUFA2,KIAA1217,STEAP4,,,,,,,,,,36187,,,,,,,,,,,,,,,,,,,,TMEM190,,,,,,,,,,,,,,,,,,,,,,,,,,,,,,,,,,,,,,,,,,,,,,,,,
CLCN2,PTPA,ARHGEF11,EXOC4,EPC1,GNAI1,,,,,,,,,,38358,,,,,,,,,,,,,,,,,,,,DEDD2,,,,,,,,,,,,,,,,,,,,,,,,,,,,,,,,,,,,,,,,,,,,,,,,,
SLC4A3,BSPRY,RBM38,NINJ1,MTRF1,SRD5A3,,,,,,,,,,37093,,,,,,,,,,,,,,,,,,,,SAFB,,,,,,,,,,,,,,,,,,,,,,,,,,,,,,,,,,,,,,,,,,,,,,,,,
INO80D,NDUFA8,OSER1,TNS4,UFM1,PAICS,,,,,,,,,,34240,,,,,,,,,,,,,,,,,,,,IL6R,,,,,,,,,,,,,,,,,,,,,,,,,,,,,,,,,,,,,,,,,,,,,,,,,
KANSL3,HDHD3,CASP9,TOP2A,ELF1,SDF2L1,,,,,,,,,,30696,,,,,,,,,,,,,,,,,,,,CRTC2,,,,,,,,,,,,,,,,,,,,,,,,,,,,,,,,,,,,,,,,,,,,,,,,,
LMAN2L,HSDL2,ZMYM5,PEX11B,HSPH1,YWHAH,,,,,,,,,,40504,,,,,,,,,,,,,,,,,,,,LY6K,,,,,,,,,,,,,,,,,,,,,,,,,,,,,,,,,,,,,,,,,,,,,,,,,
CCL20,IFI27L2,SLC41A1,PIAS3,FAM53C,CDC42EP1,,,,,,,,,,22052,,,,,,,,,,,,,,,,,,,,IER2,,,,,,,,,,,,,,,,,,,,,,,,,,,,,,,,,,,,,,,,,,,,,,,,,
KCNIP3,NEK9,CCNA1,LGALS3,EGR1,TST,,,,,,,,,,23452,,,,,,,,,,,,,,,,,,,,PWWP3A,,,,,,,,,,,,,,,,,,,,,,,,,,,,,,,,,,,,,,,,,,,,,,,,,
DNAJC27,NPC2,SPART,SLC6A11,SOCS2,RAC2,,,,,,,,,,3608,,,,,,,,,,,,,,,,,,,,SQSTM1,,,,,,,,,,,,,,,,,,,,,,,,,,,,,,,,,,,,,,,,,,,,,,,,,
FNDC4,IRF2BPL,WDR74,TRIM22,CLU,KRT17,,,,,,,,,,11587,,,,,,,,,,,,,,,,,,,,MFSD12,,,,,,,,,,,,,,,,,,,,,,,,,,,,,,,,,,,,,,,,,,,,,,,,,
PCGF1,SLIRP,MED10,IMMT,TNFRSF10B,ATP6V1F,,,,,,,,,,5330,,,,,,,,,,,,,,,,,,,,DVL3,,,,,,,,,,,,,,,,,,,,,,,,,,,,,,,,,,,,,,,,,,,,,,,,,
GLS,FAM98A,ATP13A3,RPA1,PTK2B,MRPS12,,,,,,,,,,29347,,,,,,,,,,,,,,,,,,,,SAP30BP,,,,,,,,,,,,,,,,,,,,,,,,,,,,,,,,,,,,,,,,,,,,,,,,,
UNC50,LGALSL,KRAS,TBC1D14,TARDBP,MTX2,,,,,,,,,,4845,,,,,,,,,,,,,,,,,,,,KLHL10,,,,,,,,,,,,,,,,,,,,,,,,,,,,,,,,,,,,,,,,,,,,,,,,,
USP34,OGFRL1,IMPA1,COQ3,FAM117A,PSMG2,,,,,,,,,,15460,,,,,,,,,,,,,,,,,,,,ITGA5,,,,,,,,,,,,,,,,,,,,,,,,,,,,,,,,,,,,,,,,,,,,,,,,,
CCT4,IDE,ARNTL,RIDA,TENT4B,ELL3,,,,,,,,,,10844,,,,,,,,,,,,,,,,,,,,MPP3,,,,,,,,,,,,,,,,,,,,,,,,,,,,,,,,,,,,,,,,,,,,,,,,,
COQ10B,GPAM,RRAS2,ANKEF1,ADCY7,DUT,,,,,,,,,,42186,,,,,,,,,,,,,,,,,,,,SHANK1,,,,,,,,,,,,,,,,,,,,,,,,,,,,,,,,,,,,,,,,,,,,,,,,,
SF3B1,CUTC,ZFC3H1,PCNA,PSPC1,ANAPC13,,,,,,,,,,20944,,,,,,,,,,,,,,,,,,,,FMNL3,,,,,,,,,,,,,,,,,,,,,,,,,,,,,,,,,,,,,,,,,,,,,,,,,
HSPE1,MXI1,NUMB,RIN2,ZSCAN18,MBD4,,,,,,,,,,36545,,,,,,,,,,,,,,,,,,,,ZNF75A,,,,,,,,,,,,,,,,,,,,,,,,,,,,,,,,,,,,,,,,,,,,,,,,,
ZNF142,TCTN3,TTC9,RAB25,CRY2,SUMF2,,,,,,,,,,3489,,,,,,,,,,,,,,,,,,,,NXF1,,,,,,,,,,,,,,,,,,,,,,,,,,,,,,,,,,,,,,,,,,,,,,,,,
IL1R2,AVPI1,CAMK1,ALDH3B2,PILRB,SPCS3,,,,,,,,,,5428,,,,,,,,,,,,,,,,,,,,FGF19,,,,,,,,,,,,,,,,,,,,,,,,,,,,,,,,,,,,,,,,,,,,,,,,,
WNT6,ARMH3,VHL,AP3B1,ZMYM2,BBOX1,,,,,,,,,,34986,,,,,,,,,,,,,,,,,,,,KLHL21,,,,,,,,,,,,,,,,,,,,,,,,,,,,,,,,,,,,,,,,,,,,,,,,,
IL1RL1,C10orf95,BHLHE40,PEMT,TBC1D15,TXNDC17,,,,,,,,,,36038,,,,,,,,,,,,,,,,,,,,CAMK2N1,,,,,,,,,,,,,,,,,,,,,,,,,,,,,,,,,,,,,,,,,,,,,,,,,
IL18RAP,CAAP1,PRPF38B,CHI3L1,ZSCAN20,KIF1C,,,,,,,,,,20630,,,,,,,,,,,,,,,,,,,,SCNN1D,,,,,,,,,,,,,,,,,,,,,,,,,,,,,,,,,,,,,,,,,,,,,,,,,
PASK,MOB3B,SPIRE1,PIK3C2B,LRIF1,AP1M2,,,,,,,,,,16985,,,,,,,,,,,,,,,,,,,,MYSM1,,,,,,,,,,,,,,,,,,,,,,,,,,,,,,,,,,,,,,,,,,,,,,,,,
ID2,LRP11,FKBP11,TCEAL4,RASL11A,KLK10,,,,,,,,,,22884,,,,,,,,,,,,,,,,,,,,FUBP1,,,,,,,,,,,,,,,,,,,,,,,,,,,,,,,,,,,,,,,,,,,,,,,,,
ODC1,PLEKHG1,ROCK2,SLC39A11,UBL3,KLK8,,,,,,,,,,31591,,,,,,,,,,,,,,,,,,,,DNAJB4,,,,,,,,,,,,,,,,,,,,,,,,,,,,,,,,,,,,,,,,,,,,,,,,,
PRKD3,ACAT2,LPIN1,HSPBP1,RBBP6,AJUBA,,,,,,,,,,18928,,,,,,,,,,,,,,,,,,,,NTNG1,,,,,,,,,,,,,,,,,,,,,,,,,,,,,,,,,,,,,,,,,,,,,,,,,
DLX2,TP53AIP1,IL6ST,MACROD1,NAA60,DTD2,,,,,,,,,,30667,,,,,,,,,,,,,,,,,,,,SLC30A7,,,,,,,,,,,,,,,,,,,,,,,,,,,,,,,,,,,,,,,,,,,,,,,,,
SRSF7,PDZD11,CDC73,PDZD2,TRMT13,HEATR5A,,,,,,,,,,32501,,,,,,,,,,,,,,,,,,,,ZNF281,,,,,,,,,,,,,,,,,,,,,,,,,,,,,,,,,,,,,,,,,,,,,,,,,
ATF2,PLXDC2,ECHDC3,C1QTNF6,CCDC18,NEDD8,,,,,,,,,,14780,,,,,,,,,,,,,,,,,,,,DDR2,,,,,,,,,,,,,,,,,,,,,,,,,,,,,,,,,,,,,,,,,,,,,,,,,
AAK1,TAF12,PUM1,TMEM254,HNRNPA2B1,DAD1,,,,,,,,,,37058,,,,,,,,,,,,,,,,,,,,PEA15,,,,,,,,,,,,,,,,,,,,,,,,,,,,,,,,,,,,,,,,,,,,,,,,,
C2orf42,ALG5,AGO4,IPO8,INHBA,REEP5,,,,,,,,,,40741,,,,,,,,,,,,,,,,,,,,ATF3,,,,,,,,,,,,,,,,,,,,,,,,,,,,,,,,,,,,,,,,,,,,,,,,,
ARID3A,TGFBI,RNF138,SPINK5,MED13L,ASH2L,,,,,,,,,,18007,,,,,,,,,,,,,,,,,,,,RBM15,,,,,,,,,,,,,,,,,,,,,,,,,,,,,,,,,,,,,,,,,,,,,,,,,
BCL9,SIL1,DHX34,HSD17B4,RASSF8,GDPD2,,,,,,,,,,18325,,,,,,,,,,,,,,,,,,,,REL,,,,,,,,,,,,,,,,,,,,,,,,,,,,,,,,,,,,,,,,,,,,,,,,,
CACYBP,SERP1,ETS1,ERG28,ACOT9,APOE,,,,,,,,,,33542,,,,,,,,,,,,,,,,,,,,TRIM17,,,,,,,,,,,,,,,,,,,,,,,,,,,,,,,,,,,,,,,,,,,,,,,,,
PHF13,PLS1,CEMIP2,CCNB1,DDX39A,XPO7,,,,,,,,,,10807,,,,,,,,,,,,,,,,,,,,WDCP,,,,,,,,,,,,,,,,,,,,,,,,,,,,,,,,,,,,,,,,,,,,,,,,,
ERRFI1,TMPO,MSI1,EMC7,ATF1,RPL36,,,,,,,,,,14404,,,,,,,,,,,,,,,,,,,,MSX1,,,,,,,,,,,,,,,,,,,,,,,,,,,,,,,,,,,,,,,,,,,,,,,,,
SRSF4,WASHC3,DMTF1,VAV3,MMP19,MRPL34,,,,,,,,,,5920,,,,,,,,,,,,,,,,,,,,CDC42EP3,,,,,,,,,,,,,,,,,,,,,,,,,,,,,,,,,,,,,,,,,,,,,,,,,
ASH1L,EPHX2,KCP,SORT1,SPATS2,LSM4,,,,,,,,,,24118,,,,,,,,,,,,,,,,,,,,CCNYL1,,,,,,,,,,,,,,,,,,,,,,,,,,,,,,,,,,,,,,,,,,,,,,,,,
SFPQ,RNF170,TES,PTGFRN,NR4A1,UBAC1,,,,,,,,,,35107,,,,,,,,,,,,,,,,,,,,CGGBP1,,,,,,,,,,,,,,,,,,,,,,,,,,,,,,,,,,,,,,,,,,,,,,,,,
ARHGEF2,LYPLA1,PHF21A,GRHL1,IKZF4,METTL26,,,,,,,,,,20628,,,,,,,,,,,,,,,,,,,,YY1AP1,,,,,,,,,,,,,,,,,,,,,,,,,,,,,,,,,,,,,,,,,,,,,,,,,
MEF2D,SCPEP1,ITGA7,FST,MORF4L2,ATP5IF1,,,,,,,,,,32875,,,,,,,,,,,,,,,,,,,,KBTBD8,,,,,,,,,,,,,,,,,,,,,,,,,,,,,,,,,,,,,,,,,,,,,,,,,
DLEU2L,TRIM6,ESPL1,RPS15A,BAZ2B,SH3BGRL,,,,,,,,,,37979,,,,,,,,,,,,,,,,,,,,IGFN1,,,,,,,,,,,,,,,,,,,,,,,,,,,,,,,,,,,,,,,,,,,,,,,,,
IVNS1ABP,PLBD1,MICAL1,CYP2J2,SLC36A1,F12,,,,,,,,,,7680,,,,,,,,,,,,,,,,,,,,CRYBA2,,,,,,,,,,,,,,,,,,,,,,,,,,,,,,,,,,,,,,,,,,,,,,,,,
PRDM2,RNF2,STX11,DSG3,LPGAT1,CAP1,,,,,,,,,,24192,,,,,,,,,,,,,,,,,,,,CIP2A,,,,,,,,,,,,,,,,,,,,,,,,,,,,,,,,,,,,,,,,,,,,,,,,,
SRSF11,CSTA,SLC9A5,DSG1,G0S2,PPT1,,,,,,,,,,24117,,,,,,,,,,,,,,,,,,,,CWC22,,,,,,,,,,,,,,,,,,,,,,,,,,,,,,,,,,,,,,,,,,,,,,,,,
CTH,B4GALT4,RC3H1,DSC3,AGO2,TBC1D5,,,,,,,,,,29628,,,,,,,,,,,,,,,,,,,,RYBP,,,,,,,,,,,,,,,,,,,,,,,,,,,,,,,,,,,,,,,,,,,,,,,,,
PLEKHM2,CAT,SERPINE2,DSC1,CKS2,RFTN1,,,,,,,,,,4558,,,,,,,,,,,,,,,,,,,,PPP4R2,,,,,,,,,,,,,,,,,,,,,,,,,,,,,,,,,,,,,,,,,,,,,,,,,
PHTF1,GJB6,ANKRD36,TPGS2,SLC12A4,TUBG1,,,,,,,,,,7402,,,,,,,,,,,,,,,,,,,,CCNL1,,,,,,,,,,,,,,,,,,,,,,,,,,,,,,,,,,,,,,,,,,,,,,,,,
ZBTB17,ZCCHC17,ALDH1L2,TMEM258,PI3,ACLY,,,,,,,,,,4076,,,,,,,,,,,,,,,,,,,,CXCL3,,,,,,,,,,,,,,,,,,,,,,,,,,,,,,,,,,,,,,,,,,,,,,,,,
EXOC8,POLR3GL,SLC41A2,TCN1,FAM209A,VPS25,,,,,,,,,,21525,,,,,,,,,,,,,,,,,,,,CXCL1,,,,,,,,,,,,,,,,,,,,,,,,,,,,,,,,,,,,,,,,,,,,,,,,,
RRAGC,TNFSF10,SPRY2,UBAC2,PARD6B,NDUFA2,,,,,,,,,,29056,,,,,,,,,,,,,,,,,,,,RCHY1,,,,,,,,,,,,,,,,,,,,,,,,,,,,,,,,,,,,,,,,,,,,,,,,,
NID1,TMEM54,HUS1,SLC37A2,SRSF6,EXOC4,,,,,,,,,,8672,,,,,,,,,,,,,,,,,,,,SLC6A20,,,,,,,,,,,,,,,,,,,,,,,,,,,,,,,,,,,,,,,,,,,,,,,,,
LGALS8,GPSM2,VEZF1,CTSL,ZNFX1,NINJ1,,,,,,,,,,13747,,,,,,,,,,,,,,,,,,,,ZC3H12A,,,,,,,,,,,,,,,,,,,,,,,,,,,,,,,,,,,,,,,,,,,,,,,,,
RLF,RPL21,LIMD2,OASL,SNAI1,TNS4,,,,,,,,,,32285,,,,,,,,,,,,,,,,,,,,SNIP1,,,,,,,,,,,,,,,,,,,,,,,,,,,,,,,,,,,,,,,,,,,,,,,,,
AKT3,MTIF3,SKIL,CD36,RNF114,PEX11B,,,,,,,,,,38357,,,,,,,,,,,,,,,,,,,,PRKCD,,,,,,,,,,,,,,,,,,,,,,,,,,,,,,,,,,,,,,,,,,,,,,,,,
KDM5B,GTF3A,ZNF189,NT5E,NEURL2,ACTR10,,,,,,,,,,24761,,,,,,,,,,,,,,,,,,,,SFMBT1,,,,,,,,,,,,,,,,,,,,,,,,,,,,,,,,,,,,,,,,,,,,,,,,,
RGS4,MRPS2,FPGS,ORC3,USP9X,LGALS3,,,,,,,,,,5845,,,,,,,,,,,,,,,,,,,,UVSSA,,,,,,,,,,,,,,,,,,,,,,,,,,,,,,,,,,,,,,,,,,,,,,,,,
KIF17,PRXL2A,KIF12,EHF,BTN2A2,PODNL1,,,,,,,,,,9993,,,,,,,,,,,,,,,,,,,,UBXN7,,,,,,,,,,,,,,,,,,,,,,,,,,,,,,,,,,,,,,,,,,,,,,,,,
PRPF3,RPL5,CCN3,PRRG4,HIST1H1D,TRIM22,,,,,,,,,,23326,,,,,,,,,,,,,,,,,,,,MELTF,,,,,,,,,,,,,,,,,,,,,,,,,,,,,,,,,,,,,,,,,,,,,,,,,
ATP6V0B,RWDD3,RNF38,ATP5MC2,HIST1H1A,IMMT,,,,,,,,,,36028,,,,,,,,,,,,,,,,,,,,SGMS2,,,,,,,,,,,,,,,,,,,,,,,,,,,,,,,,,,,,,,,,,,,,,,,,,
CNN3,KLHL7,TLN1,OS9,HIST1H2BJ,RPA1,,,,,,,,,,28981,,,,,,,,,,,,,,,,,,,,RAD54L2,,,,,,,,,,,,,,,,,,,,,,,,,,,,,,,,,,,,,,,,,,,,,,,,,
PTBP2,NT5C3A,DNAJB5,SMPD2,ATXN1,TBC1D14,,,,,,,,,,12104,,,,,,,,,,,,,,,,,,,,NIPBL,,,,,,,,,,,,,,,,,,,,,,,,,,,,,,,,,,,,,,,,,,,,,,,,,
SYF2,CLTA,KLC4,CCT7,CXCL6,SEC61G,,,,,,,,,,36789,,,,,,,,,,,,,,,,,,,,CMYA5,,,,,,,,,,,,,,,,,,,,,,,,,,,,,,,,,,,,,,,,,,,,,,,,,
RSRP1,CALD1,ZSCAN9,TMBIM1,EFNB2,GRSF1,,,,,,,,,,34289,,,,,,,,,,,,,,,,,,,,GDF9,,,,,,,,,,,,,,,,,,,,,,,,,,,,,,,,,,,,,,,,,,,,,,,,,
ARID1A,CISD1,FRS3,COX5B,IRF1,RIDA,,,,,,,,,,34088,,,,,,,,,,,,,,,,,,,,CGAS,,,,,,,,,,,,,,,,,,,,,,,,,,,,,,,,,,,,,,,,,,,,,,,,,
STAG1,ZWINT,TJAP1,MRPS9,FAM193A,FLOT2,,,,,,,,,,11726,,,,,,,,,,,,,,,,,,,,CREBRF,,,,,,,,,,,,,,,,,,,,,,,,,,,,,,,,,,,,,,,,,,,,,,,,,
KMT2A,ITPR2,IER3,ARHGEF4,GGA3,VPS4A,,,,,,,,,,34125,,,,,,,,,,,,,,,,,,,,TMEM200A,,,,,,,,,,,,,,,,,,,,,,,,,,,,,,,,,,,,,,,,,,,,,,,,,
MMP8,WWP1,PGBD1,CKAP4,MBOAT7,ANKEF1,,,,,,,,,,34128,,,,,,,,,,,,,,,,,,,,KIAA0895,,,,,,,,,,,,,,,,,,,,,,,,,,,,,,,,,,,,,,,,,,,,,,,,,
SLC8A2,PRDX4,ATAT1,CKAP2,FNDC11,PCNA,,,,,,,,,,12451,,,,,,,,,,,,,,,,,,,,PHKG1,,,,,,,,,,,,,,,,,,,,,,,,,,,,,,,,,,,,,,,,,,,,,,,,,
KPTN,GIPC1,MTCH1,TBC1D4,CCDC93,NXT1,,,,,,,,,,11953,,,,,,,,,,,,,,,,,,,,KCNV1,,,,,,,,,,,,,,,,,,,,,,,,,,,,,,,,,,,,,,,,,,,,,,,,,
C1orf54,EBPL,VARS2,LMO7,MED1,RIN2,,,,,,,,,,31659,,,,,,,,,,,,,,,,,,,,GPR146,,,,,,,,,,,,,,,,,,,,,,,,,,,,,,,,,,,,,,,,,,,,,,,,,
PLAGL1,TSFM,MYO7A,SCEL,FOSB,RAB25,,,,,,,,,,16422,,,,,,,,,,,,,,,,,,,,GPER1,,,,,,,,,,,,,,,,,,,,,,,,,,,,,,,,,,,,,,,,,,,,,,,,,
FBXO30,ORMDL2,IL18BP,ITM2B,STK35,ALDH3B2,,,,,,,,,,12530,,,,,,,,,,,,,,,,,,,,GEM,,,,,,,,,,,,,,,,,,,,,,,,,,,,,,,,,,,,,,,,,,,,,,,,,
TNFAIP3,SMUG1,CREBZF,NUDT15,BMP2,AP3B1,,,,,,,,,,35193,,,,,,,,,,,,,,,,,,,,NFIL3,,,,,,,,,,,,,,,,,,,,,,,,,,,,,,,,,,,,,,,,,,,,,,,,,
ALDH8A1,TUBA1B,CTDSPL2,GPNMB,ZNF436,PEMT,,,,,,,,,,31392,,,,,,,,,,,,,,,,,,,,GKAP1,,,,,,,,,,,,,,,,,,,,,,,,,,,,,,,,,,,,,,,,,,,,,,,,,
CCN2,ATPAF1,PARP6,BZW2,MAX,PIK3C2B,,,,,,,,,,15757,,,,,,,,,,,,,,,,,,,,INPPL1,,,,,,,,,,,,,,,,,,,,,,,,,,,,,,,,,,,,,,,,,,,,,,,,,
ZNF430,METTL8,SPTBN5,ABHD17C,ARMCX5,RNF128,,,,,,,,,,34017,,,,,,,,,,,,,,,,,,,,PCF11,,,,,,,,,,,,,,,,,,,,,,,,,,,,,,,,,,,,,,,,,,,,,,,,,
TGIF2,PLA2G12A,FNBP1L,CIB2,CEP250,TCEAL4,,,,,,,,,,42192,,,,,,,,,,,,,,,,,,,,BEND7,,,,,,,,,,,,,,,,,,,,,,,,,,,,,,,,,,,,,,,,,,,,,,,,,
SATB2,RAB38,ADCY3,TEX2,PLAGL2,SLC39A11,,,,,,,,,,12487,,,,,,,,,,,,,,,,,,,,SNAPC4,,,,,,,,,,,,,,,,,,,,,,,,,,,,,,,,,,,,,,,,,,,,,,,,,
UBE2B,ACSL3,THUMPD2,NDUFB5,KDM5C,C1QTNF6,,,,,,,,,,18379,,,,,,,,,,,,,,,,,,,,PIP4P1,,,,,,,,,,,,,,,,,,,,,,,,,,,,,,,,,,,,,,,,,,,,,,,,,
SENP5,CHPF,FBXO11,GALNT5,AGO3,TMEM254,,,,,,,,,,29588,,,,,,,,,,,,,,,,,,,,RNASE7,,,,,,,,,,,,,,,,,,,,,,,,,,,,,,,,,,,,,,,,,,,,,,,,,
CTNNAL1,FAM210B,DUSP5,IL36G,KLC1,IPO8,,,,,,,,,,36978,,,,,,,,,,,,,,,,,,,,ZNF219,,,,,,,,,,,,,,,,,,,,,,,,,,,,,,,,,,,,,,,,,,,,,,,,,
PHF19,SLPI,MYPN,IL1RN,PCID2,LARS,,,,,,,,,,14332,,,,,,,,,,,,,,,,,,,,SLC39A13,,,,,,,,,,,,,,,,,,,,,,,,,,,,,,,,,,,,,,,,,,,,,,,,,
PGF,VAPB,AOX1,IL36RN,NR1D1,SPINK5,,,,,,,,,,3529,,,,,,,,,,,,,,,,,,,,TAF1D,,,,,,,,,,,,,,,,,,,,,,,,,,,,,,,,,,,,,,,,,,,,,,,,,
AREL1,ATP5F1E,NAB1,IL1F10,BCL2L12,HSD17B4,,,,,,,,,,28252,,,,,,,,,,,,,,,,,,,,SPRED1,,,,,,,,,,,,,,,,,,,,,,,,,,,,,,,,,,,,,,,,,,,,,,,,,
ABCD4,CSE1L,APH1B,CCDC115,SCAF1,ERG28,,,,,,,,,,10728,,,,,,,,,,,,,,,,,,,,GPR176,,,,,,,,,,,,,,,,,,,,,,,,,,,,,,,,,,,,,,,,,,,,,,,,,
DLST,PEPD,SEMA7A,NIPSNAP3A,WNK4,COX16,,,,,,,,,,19358,,,,,,,,,,,,,,,,,,,,RAB8B,,,,,,,,,,,,,,,,,,,,,,,,,,,,,,,,,,,,,,,,,,,,,,,,,
RBM25,XG,GPAT3,KLF4,GLIS2,VAV3,,,,,,,,,,8862,,,,,,,,,,,,,,,,,,,,LARP6,,,,,,,,,,,,,,,,,,,,,,,,,,,,,,,,,,,,,,,,,,,,,,,,,
ZNF410,NAGK,LARP1B,SLC31A2,CFP,SORT1,,,,,,,,,,33227,,,,,,,,,,,,,,,,,,,,SCN3B,,,,,,,,,,,,,,,,,,,,,,,,,,,,,,,,,,,,,,,,,,,,,,,,,
SUPT7L,PAIP2B,CDKL2,RPL35,ELK1,PTGFRN,,,,,,,,,,30666,,,,,,,,,,,,,,,,,,,,APBB1,,,,,,,,,,,,,,,,,,,,,,,,,,,,,,,,,,,,,,,,,,,,,,,,,
DNMT3A,POF1B,MAPK8IP3,CTSV,ATG14,YWHAQ,,,,,,,,,,22427,,,,,,,,,,,,,,,,,,,,TRIM44,,,,,,,,,,,,,,,,,,,,,,,,,,,,,,,,,,,,,,,,,,,,,,,,,
YPEL5,LYPD3,GABARAPL1,MYC,INTS11,LDHA,,,,,,,,,,35344,,,,,,,,,,,,,,,,,,,,RNF169,,,,,,,,,,,,,,,,,,,,,,,,,,,,,,,,,,,,,,,,,,,,,,,,,
AFTPH,MRS2,CLSTN3,IL33,HIVEP3,NARS,,,,,,,,,,4388,,,,,,,,,,,,,,,,,,,,CDYL2,,,,,,,,,,,,,,,,,,,,,,,,,,,,,,,,,,,,,,,,,,,,,,,,,
EPCAM,RRP36,VAMP1,DMAC1,RAP1B,KCTD1,,,,,,,,,,21492,,,,,,,,,,,,,,,,,,,,ZNF143,,,,,,,,,,,,,,,,,,,,,,,,,,,,,,,,,,,,,,,,,,,,,,,,,
IFIT2,SNRPC,GAS2L3,DCTN3,FGFRL1,RTL8C,,,,,,,,,,28726,,,,,,,,,,,,,,,,,,,,RIMKLB,,,,,,,,,,,,,,,,,,,,,,,,,,,,,,,,,,,,,,,,,,,,,,,,,
PPP1R3C,XPO5,TDG,GRHPR,UBR4,CYP2J2,,,,,,,,,,20627,,,,,,,,,,,,,,,,,,,,RRAD,,,,,,,,,,,,,,,,,,,,,,,,,,,,,,,,,,,,,,,,,,,,,,,,,
PYROXD2,AARS2,NUP58,HINT2,HP1BP3,DSG3,,,,,,,,,,4761,,,,,,,,,,,,,,,,,,,,YPEL4,,,,,,,,,,,,,,,,,,,,,,,,,,,,,,,,,,,,,,,,,,,,,,,,,
SMNDC1,KLHDC3,SLC7A1,RPS6,SIN3B,DSG1,,,,,,,,,,20729,,,,,,,,,,,,,,,,,,,,PATL1,,,,,,,,,,,,,,,,,,,,,,,,,,,,,,,,,,,,,,,,,,,,,,,,,
GNA13,MEA1,LNX2,PPIL1,METTL16,DSC3,,,,,,,,,,42232,,,,,,,,,,,,,,,,,,,,STX3,,,,,,,,,,,,,,,,,,,,,,,,,,,,,,,,,,,,,,,,,,,,,,,,,
KANSL1,GLO1,N4BP2L1,PIM1,AKAP9,DSC1,,,,,,,,,,18907,,,,,,,,,,,,,,,,,,,,MBD6,,,,,,,,,,,,,,,,,,,,,,,,,,,,,,,,,,,,,,,,,,,,,,,,,
DUSP1,SSR1,CERS5,SLC22A23,RBM48,TPGS2,,,,,,,,,,36313,,,,,,,,,,,,,,,,,,,,SP2,,,,,,,,,,,,,,,,,,,,,,,,,,,,,,,,,,,,,,,,,,,,,,,,,
WDR55,RPP40,LMBR1L,TUBB2A,ZFP36,TIMM10,,,,,,,,,,36092,,,,,,,,,,,,,,,,,,,,ZNF91,,,,,,,,,,,,,,,,,,,,,,,,,,,,,,,,,,,,,,,,,,,,,,,,,
CENPL,BBS2,ANKRD52,UQCC2,ADM2,TMEM258,,,,,,,,,,32326,,,,,,,,,,,,,,,,,,,,ENGASE,,,,,,,,,,,,,,,,,,,,,,,,,,,,,,,,,,,,,,,,,,,,,,,,,
GORAB,MT1G,SETD1B,RNF144B,ATF4,UBAC2,,,,,,,,,,18926,,,,,,,,,,,,,,,,,,,,TEPSIN,,,,,,,,,,,,,,,,,,,,,,,,,,,,,,,,,,,,,,,,,,,,,,,,,
TCP1,C16orf70,RAB15,FGFBP1,LIF,OSTF1,,,,,,,,,,35892,,,,,,,,,,,,,,,,,,,,IRGQ,,,,,,,,,,,,,,,,,,,,,,,,,,,,,,,,,,,,,,,,,,,,,,,,,
KIAA1217,GOT2,JDP2,FHDC1,APOBEC3A,CTSL,,,,,,,,,,20588,,,,,,,,,,,,,,,,,,,,ZNF641,,,,,,,,,,,,,,,,,,,,,,,,,,,,,,,,,,,,,,,,,,,,,,,,,
EPC1,DOK4,BAHD1,PRCP,RNF112,PSAT1,,,,,,,,,,11719,,,,,,,,,,,,,,,,,,,,KMT2D,,,,,,,,,,,,,,,,,,,,,,,,,,,,,,,,,,,,,,,,,,,,,,,,,
MTRF1,TM9SF2,UBE2Q2,MRPL15,CPA4,HILPDA,,,,,,,,,,14954,,,,,,,,,,,,,,,,,,,,ZNF528,,,,,,,,,,,,,,,,,,,,,,,,,,,,,,,,,,,,,,,,,,,,,,,,,
UFM1,RNF113A,NEIL1,GGH,DOCK4,SNX14,,,,,,,,,,32616,,,,,,,,,,,,,,,,,,,,SERTAD3,,,,,,,,,,,,,,,,,,,,,,,,,,,,,,,,,,,,,,,,,,,,,,,,,
ELF1,NDUFA1,MAN2C1,DDX60,VGF,ORC3,,,,,,,,,,26025,,,,,,,,,,,,,,,,,,,,NCKAP5L,,,,,,,,,,,,,,,,,,,,,,,,,,,,,,,,,,,,,,,,,,,,,,,,,
HSPH1,SOX9,DNAJA4,SORL1,MKLN1,PRRG4,,,,,,,,,,32614,,,,,,,,,,,,,,,,,,,,GPD1,,,,,,,,,,,,,,,,,,,,,,,,,,,,,,,,,,,,,,,,,,,,,,,,,
EXOSC8,PPDPF,TLNRD1,TMPRSS4,FLNC,CAPRIN1,,,,,,,,,,12649,,,,,,,,,,,,,,,,,,,,PROSER3,,,,,,,,,,,,,,,,,,,,,,,,,,,,,,,,,,,,,,,,,,,,,,,,,
FAM53C,IL1B,HAPLN3,TRIM29,CHN1,ATP5MC2,,,,,,,,,,26887,,,,,,,,,,,,,,,,,,,,AXL,,,,,,,,,,,,,,,,,,,,,,,,,,,,,,,,,,,,,,,,,,,,,,,,,
KDM3B,CHCHD5,POLG,C11orf1,TTBK2,CDK4,,,,,,,,,,32436,,,,,,,,,,,,,,,,,,,,NFKBID,,,,,,,,,,,,,,,,,,,,,,,,,,,,,,,,,,,,,,,,,,,,,,,,,
EGR1,POLR1B,CRTC3,TMPRSS13,INO80,PRADC1,,,,,,,,,,23285,,,,,,,,,,,,,,,,,,,,LENG8,,,,,,,,,,,,,,,,,,,,,,,,,,,,,,,,,,,,,,,,,,,,,,,,,
SOCS2,SLC25A23,CDR2,CASP1,ALDH1A2,CCT7,,,,,,,,,,33189,,,,,,,,,,,,,,,,,,,,TRPV3,,,,,,,,,,,,,,,,,,,,,,,,,,,,,,,,,,,,,,,,,,,,,,,,,
NFYB,ALKBH7,DHX38,SQOR,CHAC1,MPHOSPH6,,,,,,,,,,10056,,,,,,,,,,,,,,,,,,,,KLK6,,,,,,,,,,,,,,,,,,,,,,,,,,,,,,,,,,,,,,,,,,,,,,,,,
CLU,CLPP,TXNL4B,THBS1,RPAIN,EGLN1,,,,,,,,,,7679,,,,,,,,,,,,,,,,,,,,ZNF558,,,,,,,,,,,,,,,,,,,,,,,,,,,,,,,,,,,,,,,,,,,,,,,,,
TNFRSF10B,RPL23,CPNE2,RPLP1,ILF3,PIGC,,,,,,,,,,36514,,,,,,,,,,,,,,,,,,,,HID1,,,,,,,,,,,,,,,,,,,,,,,,,,,,,,,,,,,,,,,,,,,,,,,,,
PTK2B,ATG4C,CMTM3,DUOX1,KLK14,SP110,,,,,,,,,,36993,,,,,,,,,,,,,,,,,,,,TMEM88,,,,,,,,,,,,,,,,,,,,,,,,,,,,,,,,,,,,,,,,,,,,,,,,,
UBIAD1,SNRPD2,MAP1LC3B,KYAT3,NGDN,TMBIM1,,,,,,,,,,9831,,,,,,,,,,,,,,,,,,,,E4F1,,,,,,,,,,,,,,,,,,,,,,,,,,,,,,,,,,,,,,,,,,,,,,,,,
TARDBP,EML2,OSGIN1,IFI44,RAB2B,COX5B,,,,,,,,,,6227,,,,,,,,,,,,,,,,,,,,SLC3A2,,,,,,,,,,,,,,,,,,,,,,,,,,,,,,,,,,,,,,,,,,,,,,,,,
COPS5,SDCBP2,RHOT2,SLC44A5,PARP2,CKAP4,,,,,,,,,,32552,,,,,,,,,,,,,,,,,,,,SPINDOC,,,,,,,,,,,,,,,,,,,,,,,,,,,,,,,,,,,,,,,,,,,,,,,,,
SPOP,CENPB,TCF25,CLCA2,FOXA1,PWP1,,,,,,,,,,8110,,,,,,,,,,,,,,,,,,,,SETD5,,,,,,,,,,,,,,,,,,,,,,,,,,,,,,,,,,,,,,,,,,,,,,,,,
FAM117A,DTD1,CTRL,SELENOI,TEP1,CKAP2,,,,,,,,,,5094,,,,,,,,,,,,,,,,,,,,BMI1,,,,,,,,,,,,,,,,,,,,,,,,,,,,,,,,,,,,,,,,,,,,,,,,,
TENT4B,FLRT3,SGSM2,HADHB,SEC14L1,TBC1D4,,,,,,,,,,27841,,,,,,,,,,,,,,,,,,,,HIST1H1E,,,,,,,,,,,,,,,,,,,,,,,,,,,,,,,,,,,,,,,,,,,,,,,,,
ADCY7,DSTN,TAF4B,DYNC2LI1,CDKN1C,SUCLA2,,,,,,,,,,7804,,,,,,,,,,,,,,,,,,,,MFSD2A,,,,,,,,,,,,,,,,,,,,,,,,,,,,,,,,,,,,,,,,,,,,,,,,,
TSHZ3,ITPA,GATA6,PREB,SHC2,SCEL,,,,,,,,,,31596,,,,,,,,,,,,,,,,,,,,STIP1,,,,,,,,,,,,,,,,,,,,,,,,,,,,,,,,,,,,,,,,,,,,,,,,,
PYROXD1,MRPS26,GREB1L,ATRAID,STARD8,ITM2B,,,,,,,,,,31432,,,,,,,,,,,,,,,,,,,,ATXN2L,,,,,,,,,,,,,,,,,,,,,,,,,,,,,,,,,,,,,,,,,,,,,,,,,
PSPC1,NCLN,ZMYND15,MYOF,SAT1,NUDT15,,,,,,,,,,11627,,,,,,,,,,,,,,,,,,,,PPIP5K1,,,,,,,,,,,,,,,,,,,,,,,,,,,,,,,,,,,,,,,,,,,,,,,,,
ZSCAN18,DYNLRB1,SAT2,BTBD16,DOCK6,GPNMB,,,,,,,,,,12448,,,,,,,,,,,,,,,,,,,,ZNF507,,,,,,,,,,,,,,,,,,,,,,,,,,,,,,,,,,,,,,,,,,,,,,,,,
ZNF211,ROMO1,ASGR1,KIF11,ECSIT,RAC1,,,,,,,,,,7894,,,,,,,,,,,,,,,,,,,,ANKRD49,,,,,,,,,,,,,,,,,,,,,,,,,,,,,,,,,,,,,,,,,,,,,,,,,
POPDC2,FAM83C,TMC6,CEP55,GADD45G,BZW2,,,,,,,,,,23839,,,,,,,,,,,,,,,,,,,,MAT2A,,,,,,,,,,,,,,,,,,,,,,,,,,,,,,,,,,,,,,,,,,,,,,,,,
MAPK8IP1,MMP24OS,SLC16A3,ZNF365,SAFB2,ABHD17C,,,,,,,,,,40744,,,,,,,,,,,,,,,,,,,,SLC35G2,,,,,,,,,,,,,,,,,,,,,,,,,,,,,,,,,,,,,,,,,,,,,,,,,
CRY2,PSMB2,CSNK1D,RPS24,KIF1A,TEX2,,,,,,,,,,34989,,,,,,,,,,,,,,,,,,,,E2F6,,,,,,,,,,,,,,,,,,,,,,,,,,,,,,,,,,,,,,,,,,,,,,,,,
TBC1D15,UROD,SMAD4,IDH1,DDA1,ACTL6A,,,,,,,,,,5288,,,,,,,,,,,,,,,,,,,,HNRNPH1,,,,,,,,,,,,,,,,,,,,,,,,,,,,,,,,,,,,,,,,,,,,,,,,,
TMEM39B,SLURP1,ZCCHC2,UBL7,TULP4,NDUFB5,,,,,,,,,,25126,,,,,,,,,,,,,,,,,,,,ZBTB43,,,,,,,,,,,,,,,,,,,,,,,,,,,,,,,,,,,,,,,,,,,,,,,,,
ZSCAN20,CAPNS1,PMAIP1,PPA2,SNX9,EPRS,,,,,,,,,,34992,,,,,,,,,,,,,,,,,,,,XPO6,,,,,,,,,,,,,,,,,,,,,,,,,,,,,,,,,,,,,,,,,,,,,,,,,
LRIF1,PDCD2L,BRD4,PAPSS1,MLLT1,IL36G,,,,,,,,,,5172,,,,,,,,,,,,,,,,,,,,NPIPB3,,,,,,,,,,,,,,,,,,,,,,,,,,,,,,,,,,,,,,,,,,,,,,,,,
POLK,COX6B1,PGGHG,B4GALNT3,AFDN,IL1RN,,,,,,,,,,8887,,,,,,,,,,,,,,,,,,,,CXCL8,,,,,,,,,,,,,,,,,,,,,,,,,,,,,,,,,,,,,,,,,,,,,,,,,
RASL11A,FRMD8,COL6A1,TMEM117,ZSWIM6,IL36RN,,,,,,,,,,33541,,,,,,,,,,,,,,,,,,,,HIC2,,,,,,,,,,,,,,,,,,,,,,,,,,,,,,,,,,,,,,,,,,,,,,,,,
UBL3,PRDX5,COL6A2,GLIPR1,MAP1S,CCDC115,,,,,,,,,,35102,,,,,,,,,,,,,,,,,,,,ITGAM,,,,,,,,,,,,,,,,,,,,,,,,,,,,,,,,,,,,,,,,,,,,,,,,,
COPA,RRAS,EMP3,SNRPF,IQCN,DNAJC1,,,,,,,,,,27826,,,,,,,,,,,,,,,,,,,,TOR1AIP2,,,,,,,,,,,,,,,,,,,,,,,,,,,,,,,,,,,,,,,,,,,,,,,,,
RBBP6,TRAP1,WTIP,MMAB,CRB3,NIPSNAP3A,,,,,,,,,,26043,,,,,,,,,,,,,,,,,,,,OTUD3,,,,,,,,,,,,,,,,,,,,,,,,,,,,,,,,,,,,,,,,,,,,,,,,,
ZC3H7A,IFI6,RNPEPL1,GLTP,ZBTB46,TXN,,,,,,,,,,36829,,,,,,,,,,,,,,,,,,,,ZNF764,,,,,,,,,,,,,,,,,,,,,,,,,,,,,,,,,,,,,,,,,,,,,,,,,
NAA60,RHOT1,CAPN10,NABP2,TAF4,TOR1B,,,,,,,,,,14287,,,,,,,,,,,,,,,,,,,,NLGN2,,,,,,,,,,,,,,,,,,,,,,,,,,,,,,,,,,,,,,,,,,,,,,,,,
TRMT13,PPCS,ZNF787,GALNT6,OSBPL2,C9orf78,,,,,,,,,,12790,,,,,,,,,,,,,,,,,,,,CHD3,,,,,,,,,,,,,,,,,,,,,,,,,,,,,,,,,,,,,,,,,,,,,,,,,
CCDC18,COX7C,ZNF473,C12orf10,PRRC2B,SMC2,,,,,,,,,,25985,,,,,,,,,,,,,,,,,,,,CNTROB,,,,,,,,,,,,,,,,,,,,,,,,,,,,,,,,,,,,,,,,,,,,,,,,,
HNRNPA2B1,YEATS4,EPHA2,DIAPH3,ZC3H4,KLF4,,,,,,,,,,24396,,,,,,,,,,,,,,,,,,,,CHRNB1,,,,,,,,,,,,,,,,,,,,,,,,,,,,,,,,,,,,,,,,,,,,,,,,,
INHBA,LRRC61,CNKSR1,MBNL2,SESN2,NIBAN2,,,,,,,,,,33229,,,,,,,,,,,,,,,,,,,,ZNF212,,,,,,,,,,,,,,,,,,,,,,,,,,,,,,,,,,,,,,,,,,,,,,,,,
EGR2,UQCR11,C1orf216,TMX1,CCDC62,DAB2IP,,,,,,,,,,18002,,,,,,,,,,,,,,,,,,,,UBB,,,,,,,,,,,,,,,,,,,,,,,,,,,,,,,,,,,,,,,,,,,,,,,,,
MED13L,MACF1,HSPG2,RDH12,HIP1R,SLC31A2,,,,,,,,,,35932,,,,,,,,,,,,,,,,,,,,NFRKB,,,,,,,,,,,,,,,,,,,,,,,,,,,,,,,,,,,,,,,,,,,,,,,,,
RASSF8,TUBA4A,BCL10,DUOXA1,ZNF317,ANP32B,,,,,,,,,,17928,,,,,,,,,,,,,,,,,,,,FOS,,,,,,,,,,,,,,,,,,,,,,,,,,,,,,,,,,,,,,,,,,,,,,,,,
BHLHE41,ECHS1,MOB3C,SORD,EIF3G,RPL35,,,,,,,,,,15391,,,,,,,,,,,,,,,,,,,,GPRC5C,,,,,,,,,,,,,,,,,,,,,,,,,,,,,,,,,,,,,,,,,,,,,,,,,
ACOT9,POR,ZNF697,SERF2,ZNF426,MYC,,,,,,,,,,13592,,,,,,,,,,,,,,,,,,,,PFKFB3,,,,,,,,,,,,,,,,,,,,,,,,,,,,,,,,,,,,,,,,,,,,,,,,,
DDX39A,STYXL1,FNDC7,ANP32A,SLC6A8,IL33,,,,,,,,,,32332,,,,,,,,,,,,,,,,,,,,TMC7,,,,,,,,,,,,,,,,,,,,,,,,,,,,,,,,,,,,,,,,,,,,,,,,,
ATF1,STEAP4,ABL2,TSPAN3,PNCK,DMAC1,,,,,,,,,,33679,,,,,,,,,,,,,,,,,,,,KBTBD2,,,,,,,,,,,,,,,,,,,,,,,,,,,,,,,,,,,,,,,,,,,,,,,,,
MMP19,GNAI1,PIP5K1A,WDR61,PLXNA3,PPIL1,,,,,,,,,,7454,,,,,,,,,,,,,,,,,,,,KIAA0232,,,,,,,,,,,,,,,,,,,,,,,,,,,,,,,,,,,,,,,,,,,,,,,,,
SPATS2,PEX1,CERS2,PCSK6,ZNF236,KIF13A,,,,,,,,,,11247,,,,,,,,,,,,,,,,,,,,TPT1-AS1,,,,,,,,,,,,,,,,,,,,,,,,,,,,,,,,,,,,,,,,,,,,,,,,,
NR4A1,SRD5A3,POGZ,SCAMP2,UBA1,TFAP2A,,,,,,,,,,37689,,,,,,,,,,,,,,,,,,,,NAIF1,,,,,,,,,,,,,,,,,,,,,,,,,,,,,,,,,,,,,,,,,,,,,,,,,
HOXC11,PAICS,DYRK3,FANCI,PPIL4,TMEM14B,,,,,,,,,,6544,,,,,,,,,,,,,,,,,,,,JUNB,,,,,,,,,,,,,,,,,,,,,,,,,,,,,,,,,,,,,,,,,,,,,,,,,
ATG101,DGCR6L,TP53BP2,KATNB1,LATS1,SLC22A23,,,,,,,,,,28727,,,,,,,,,,,,,,,,,,,,ASXL1,,,,,,,,,,,,,,,,,,,,,,,,,,,,,,,,,,,,,,,,,,,,,,,,,
IKZF4,SDF2L1,ATP8B2,CDH13,EPS8L1,FLOT1,,,,,,,,,,16816,,,,,,,,,,,,,,,,,,,,ZNF274,,,,,,,,,,,,,,,,,,,,,,,,,,,,,,,,,,,,,,,,,,,,,,,,,
IL13RA2,TPST2,RIT1,RPS2,RBM39,RNF144B,,,,,,,,,,20587,,,,,,,,,,,,,,,,,,,,PIK3CD,,,,,,,,,,,,,,,,,,,,,,,,,,,,,,,,,,,,,,,,,,,,,,,,,
MORF4L2,TST,CDC42BPA,NDUFB10,GGT7,FGFBP1,,,,,,,,,,36398,,,,,,,,,,,,,,,,,,,,NHLH1,,,,,,,,,,,,,,,,,,,,,,,,,,,,,,,,,,,,,,,,,,,,,,,,,
BAZ2B,RAC2,PYCR2,IMPA2,CHMP1A,MRPL15,,,,,,,,,,40392,,,,,,,,,,,,,,,,,,,,FBXL14,,,,,,,,,,,,,,,,,,,,,,,,,,,,,,,,,,,,,,,,,,,,,,,,,
SLC36A1,KRT17,WNT9A,SLC39A6,NFATC1,GGH,,,,,,,,,,17558,,,,,,,,,,,,,,,,,,,,CYP4F11,,,,,,,,,,,,,,,,,,,,,,,,,,,,,,,,,,,,,,,,,,,,,,,,,
LPGAT1,EMC4,PPFIA4,GALNT1,RLIM,TRIM29,,,,,,,,,,27285,,,,,,,,,,,,,,,,,,,,JMJD1C,,,,,,,,,,,,,,,,,,,,,,,,,,,,,,,,,,,,,,,,,,,,,,,,,
G0S2,ATP6V1F,PLEKHA6,GAREM1,TRAF3,CASP1,,,,,,,,,,828,,,,,,,,,,,,,,,,,,,,LAMB2,,,,,,,,,,,,,,,,,,,,,,,,,,,,,,,,,,,,,,,,,,,,,,,,,
RAP2C,MRPS12,ARL8A,ANAPC11,PDLIM4,SQOR,,,,,,,,,,33545,,,,,,,,,,,,,,,,,,,,ISG20,,,,,,,,,,,,,,,,,,,,,,,,,,,,,,,,,,,,,,,,,,,,,,,,,
COQ8B,MYO1B,ZNF514,ZNF750,GFPT2,RPLP1,,,,,,,,,,13428,,,,,,,,,,,,,,,,,,,,CFAP53,,,,,,,,,,,,,,,,,,,,,,,,,,,,,,,,,,,,,,,,,,,,,,,,,
AGO2,MTX2,THNSL2,CBX4,AOC3,PAK6,,,,,,,,,,34085,,,,,,,,,,,,,,,,,,,,GTPBP2,,,,,,,,,,,,,,,,,,,,,,,,,,,,,,,,,,,,,,,,,,,,,,,,,
CKS2,OSGEPL1,RALB,MIEN1,AOC2,CLCA2,,,,,,,,,,11632,,,,,,,,,,,,,,,,,,,,BANP,,,,,,,,,,,,,,,,,,,,,,,,,,,,,,,,,,,,,,,,,,,,,,,,,
SLC12A4,PSMG2,SLC20A1,MVB12A,ANKHD1,SELENOI,,,,,,,,,,27902,,,,,,,,,,,,,,,,,,,,EFEMP2,,,,,,,,,,,,,,,,,,,,,,,,,,,,,,,,,,,,,,,,,,,,,,,,,
FAM209A,EIF2AK4,LYG1,IFITM3,PPFIA1,DYNC2LI1,,,,,,,,,,12198,,,,,,,,,,,,,,,,,,,,NAA16,,,,,,,,,,,,,,,,,,,,,,,,,,,,,,,,,,,,,,,,,,,,,,,,,
PARD6B,ELL3,AMMECR1L,TMEM50B,THOC6,ACTR2,,,,,,,,,,37802,,,,,,,,,,,,,,,,,,,,ZNF621,,,,,,,,,,,,,,,,,,,,,,,,,,,,,,,,,,,,,,,,,,,,,,,,,
SRSF6,KNSTRN,GULP1,APP,MAP1B,PREB,,,,,,,,,,36224,,,,,,,,,,,,,,,,,,,,LVRN,,,,,,,,,,,,,,,,,,,,,,,,,,,,,,,,,,,,,,,,,,,,,,,,,
ZNFX1,DUT,HSPD1,PSMB6,STARD3,ATRAID,,,,,,,,,,9557,,,,,,,,,,,,,,,,,,,,PHF8,,,,,,,,,,,,,,,,,,,,,,,,,,,,,,,,,,,,,,,,,,,,,,,,,
SNAI1,MBD4,4-Mar,RPS11,RARA,MYOF,,,,,,,,,,18906,,,,,,,,,,,,,,,,,,,,RELA,,,,,,,,,,,,,,,,,,,,,,,,,,,,,,,,,,,,,,,,,,,,,,,,,
PMEPA1,PSMA1,EAF1,RPL13A,PRKAB2,ANXA7,,,,,,,,,,13391,,,,,,,,,,,,,,,,,,,,EVC2,,,,,,,,,,,,,,,,,,,,,,,,,,,,,,,,,,,,,,,,,,,,,,,,,
RNF114,SUMF2,CSRNP1,PGD,THAP1,RPS24,,,,,,,,,,35025,,,,,,,,,,,,,,,,,,,,HECTD4,,,,,,,,,,,,,,,,,,,,,,,,,,,,,,,,,,,,,,,,,,,,,,,,,
NEURL2,SPCS3,IQSEC1,SH3BGRL3,DNAJB1,ATIC,,,,,,,,,,30485,,,,,,,,,,,,,,,,,,,,HSPA6,,,,,,,,,,,,,,,,,,,,,,,,,,,,,,,,,,,,,,,,,,,,,,,,,
USP9X,BBOX1,LIMD1,RPL11,ZSWIM4,METTL5,,,,,,,,,,4736,,,,,,,,,,,,,,,,,,,,NOC3L,,,,,,,,,,,,,,,,,,,,,,,,,,,,,,,,,,,,,,,,,,,,,,,,,
HIST1H1D,SOX15,NFKBIZ,IL22RA1,RFX1,IDH1,,,,,,,,,,13845,,,,,,,,,,,,,,,,,,,,PARP14,,,,,,,,,,,,,,,,,,,,,,,,,,,,,,,,,,,,,,,,,,,,,,,,,
HIST1H1A,TXNDC17,MYH15,SERBP1,DCAF15,SLC49A4,,,,,,,,,,16089,,,,,,,,,,,,,,,,,,,,TRIB1,,,,,,,,,,,,,,,,,,,,,,,,,,,,,,,,,,,,,,,,,,,,,,,,,
HIST1H2BJ,KIF1C,TRPC1,PIGK,RAF1,PPCDC,,,,,,,,,,35108,,,,,,,,,,,,,,,,,,,,PEAK1,,,,,,,,,,,,,,,,,,,,,,,,,,,,,,,,,,,,,,,,,,,,,,,,,
MAD2L1BP,AP1M2,TM4SF19,RPS8,ARFIP2,UBL7,,,,,,,,,,10840,,,,,,,,,,,,,,,,,,,,TNFRSF10D,,,,,,,,,,,,,,,,,,,,,,,,,,,,,,,,,,,,,,,,,,,,,,,,,
ATXN1,MTUS1,DGKQ,KIF2C,PER2,SEC31A,,,,,,,,,,8932,,,,,,,,,,,,,,,,,,,,MOB1B,,,,,,,,,,,,,,,,,,,,,,,,,,,,,,,,,,,,,,,,,,,,,,,,,
NUP153,KLK10,SLC26A1,CYP4B1,PNISR,RAP1GDS1,,,,,,,,,,37867,,,,,,,,,,,,,,,,,,,,NABP1,,,,,,,,,,,,,,,,,,,,,,,,,,,,,,,,,,,,,,,,,,,,,,,,,
CXCL6,KLK8,CENPC,SLC44A3,KDM6B,SEPTIN11,,,,,,,,,,14292,,,,,,,,,,,,,,,,,,,,CHD2,,,,,,,,,,,,,,,,,,,,,,,,,,,,,,,,,,,,,,,,,,,,,,,,,
SSUH2,AJUBA,SNCA,IGSF3,DLG4,SCARB2,,,,,,,,,,26342,,,,,,,,,,,,,,,,,,,,LRFN4,,,,,,,,,,,,,,,,,,,,,,,,,,,,,,,,,,,,,,,,,,,,,,,,,
SH3TC1,HEATR5A,LHFPL2,CELSR2,VPS13B,USO1,,,,,,,,,,38705,,,,,,,,,,,,,,,,,,,,RCE1,,,,,,,,,,,,,,,,,,,,,,,,,,,,,,,,,,,,,,,,,,,,,,,,,
EFNB2,NEDD8,BDP1,ALDH9A1,KHDC4,PPA2,,,,,,,,,,31961,,,,,,,,,,,,,,,,,,,,PHC3,,,,,,,,,,,,,,,,,,,,,,,,,,,,,,,,,,,,,,,,,,,,,,,,,
IRF1,DAD1,FEM1C,CREG1,DCAF8,PAPSS1,,,,,,,,,,20626,,,,,,,,,,,,,,,,,,,,RBM4,,,,,,,,,,,,,,,,,,,,,,,,,,,,,,,,,,,,,,,,,,,,,,,,,
FAM193A,REEP5,N4BP3,NECTIN4,IGHMBP2,ZCRB1,,,,,,,,,,8927,,,,,,,,,,,,,,,,,,,,KLHL15,,,,,,,,,,,,,,,,,,,,,,,,,,,,,,,,,,,,,,,,,,,,,,,,,
GGA3,ITFG1,FAM193B,UFC1,RBM38,TMEM117,,,,,,,,,,32289,,,,,,,,,,,,,,,,,,,,ADCY6,,,,,,,,,,,,,,,,,,,,,,,,,,,,,,,,,,,,,,,,,,,,,,,,,
TTF1,ASH2L,PPP1R18,SDHC,OSER1,LRIG3,,,,,,,,,,35029,,,,,,,,,,,,,,,,,,,,AKIRIN1,,,,,,,,,,,,,,,,,,,,,,,,,,,,,,,,,,,,,,,,,,,,,,,,,
MBOAT7,PUDP,NFKBIE,MRPL24,CASP9,TMEM19,,,,,,,,,,5917,,,,,,,,,,,,,,,,,,,,MSL2,,,,,,,,,,,,,,,,,,,,,,,,,,,,,,,,,,,,,,,,,,,,,,,,,
FNDC11,GDPD2,TPBG,CRABP2,ZMYM5,TMTC3,,,,,,,,,,6992,,,,,,,,,,,,,,,,,,,,ZNF266,,,,,,,,,,,,,,,,,,,,,,,,,,,,,,,,,,,,,,,,,,,,,,,,,
CCDC93,APOE,PNLDC1,TUFT1,USPL1,NEDD1,,,,,,,,,,36089,,,,,,,,,,,,,,,,,,,,RESF1,,,,,,,,,,,,,,,,,,,,,,,,,,,,,,,,,,,,,,,,,,,,,,,,,
MED1,XPO7,RBAK,CGN,SLC41A1,SLC15A4,,,,,,,,,,11798,,,,,,,,,,,,,,,,,,,,KCTD13,,,,,,,,,,,,,,,,,,,,,,,,,,,,,,,,,,,,,,,,,,,,,,,,,
C3,RPL36,CREB5,ADAMTSL4,STARD13,RITA1,,,,,,,,,,40745,,,,,,,,,,,,,,,,,,,,KLC2,,,,,,,,,,,,,,,,,,,,,,,,,,,,,,,,,,,,,,,,,,,,,,,,,
TNFSF14,MRPL34,ZNF92,CTSK,BEX2,GLTP,,,,,,,,,,32429,,,,,,,,,,,,,,,,,,,,VCPIP1,,,,,,,,,,,,,,,,,,,,,,,,,,,,,,,,,,,,,,,,,,,,,,,,,
FOSB,PGLS,GIGYF1,RFX5,SRRM1,TCHP,,,,,,,,,,37729,,,,,,,,,,,,,,,,,,,,ZNF654,,,,,,,,,,,,,,,,,,,,,,,,,,,,,,,,,,,,,,,,,,,,,,,,,
GPCPD1,RTN4IP1,TLK2,MINDY1,WDR74,NABP2,,,,,,,,,,15445,,,,,,,,,,,,,,,,,,,,TVP23C,,,,,,,,,,,,,,,,,,,,,,,,,,,,,,,,,,,,,,,,,,,,,,,,,
PANK2,MTRES1,OGT,FLG2,MED10,GALNT6,,,,,,,,,,32586,,,,,,,,,,,,,,,,,,,,CSRP2,,,,,,,,,,,,,,,,,,,,,,,,,,,,,,,,,,,,,,,,,,,,,,,,,
GZF1,ACTN4,IL2RG,ADAM15,ATP13A3,ESD,,,,,,,,,,23343,,,,,,,,,,,,,,,,,,,,DDIT3,,,,,,,,,,,,,,,,,,,,,,,,,,,,,,,,,,,,,,,,,,,,,,,,,
STK35,ARPC1B,GCNA,RAB13,ARNTL,MBNL2,,,,,,,,,,22349,,,,,,,,,,,,,,,,,,,,GOLGA8A,,,,,,,,,,,,,,,,,,,,,,,,,,,,,,,,,,,,,,,,,,,,,,,,,
BMP2,LSM4,DOCK11,S100A8,RRAS2,TMX1,,,,,,,,,,10731,,,,,,,,,,,,,,,,,,,,NRIP3,,,,,,,,,,,,,,,,,,,,,,,,,,,,,,,,,,,,,,,,,,,,,,,,,
ZNF436,UBAC1,MFHAS1,EFNA3,ZFC3H1,RDH12,,,,,,,,,,41289,,,,,,,,,,,,,,,,,,,,PPP2R2D,,,,,,,,,,,,,,,,,,,,,,,,,,,,,,,,,,,,,,,,,,,,,,,,,
MAX,SAMD10,HMBOX1,FLG,NUMB,WDR89,,,,,,,,,,18147,,,,,,,,,,,,,,,,,,,,CLCF1,,,,,,,,,,,,,,,,,,,,,,,,,,,,,,,,,,,,,,,,,,,,,,,,,
ARMCX5,ATXN10,GNRH1,DEGS1,CDK7,WARS,,,,,,,,,,31562,,,,,,,,,,,,,,,,,,,,FOSL1,,,,,,,,,,,,,,,,,,,,,,,,,,,,,,,,,,,,,,,,,,,,,,,,,
CEP250,METTL26,DOCK5,EPHX1,VHL,SORD,,,,,,,,,,24226,,,,,,,,,,,,,,,,,,,,LYSMD3,,,,,,,,,,,,,,,,,,,,,,,,,,,,,,,,,,,,,,,,,,,,,,,,,
KDM5C,ATP5IF1,TACC1,PDIA6,PRPF38B,ANP32A,,,,,,,,,,26447,,,,,,,,,,,,,,,,,,,,KCNE5,,,,,,,,,,,,,,,,,,,,,,,,,,,,,,,,,,,,,,,,,,,,,,,,,
AGO3,SHFL,VLDLR,RHOB,AP4B1,ETFA,,,,,,,,,,32329,,,,,,,,,,,,,,,,,,,,SPHK1,,,,,,,,,,,,,,,,,,,,,,,,,,,,,,,,,,,,,,,,,,,,,,,,,
PCID2,DNMT1,UHRF2,ATP6V1C2,FKBP11,TSPAN3,,,,,,,,,,30527,,,,,,,,,,,,,,,,,,,,CDC26,,,,,,,,,,,,,,,,,,,,,,,,,,,,,,,,,,,,,,,,,,,,,,,,,
NR1D1,DKC1,NR6A1,RPS27A,LPIN1,TPM1,,,,,,,,,,12252,,,,,,,,,,,,,,,,,,,,VPS37D,,,,,,,,,,,,,,,,,,,,,,,,,,,,,,,,,,,,,,,,,,,,,,,,,
BCL2L12,SH3BGRL,MED22,DQX1,IL6ST,ZNF710,,,,,,,,,,36785,,,,,,,,,,,,,,,,,,,,SYNE3,,,,,,,,,,,,,,,,,,,,,,,,,,,,,,,,,,,,,,,,,,,,,,,,,
SCAF1,F12,MIGA2,MALL,PUM1,SEC11A,,,,,,,,,,14621,,,,,,,,,,,,,,,,,,,,AC008969.1,,,,,,,,,,,,,,,,,,,,,,,,,,,,,,,,,,,,,,,,,,,,,,,,,
WNK4,CAP1,INPP5E,FAHD2B,YARS,C16orf58,,,,,,,,,,11630,,,,,,,,,,,,,,,,,,,,MIR7-3HG,,,,,,,,,,,,,,,,,,,,,,,,,,,,,,,,,,,,,,,,,,,,,,,,,
GLIS2,PPT1,NACC2,SCRN3,PRPF38A,KATNB1,,,,,,,,,,24186,,,,,,,,,,,,,,,,,,,,ANKLE2,,,,,,,,,,,,,,,,,,,,,,,,,,,,,,,,,,,,,,,,,,,,,,,,,
CFP,TBC1D5,ZEB1,ABCA12,DHX34,CDH13,,,,,,,,,,12485,,,,,,,,,,,,,,,,,,,,SMCR8,,,,,,,,,,,,,,,,,,,,,,,,,,,,,,,,,,,,,,,,,,,,,,,,,
ELK1,RFTN1,PPRC1,SUMF1,ARGLU1,MEAK7,,,,,,,,,,12669,,,,,,,,,,,,,,,,,,,,MTHFR,,,,,,,,,,,,,,,,,,,,,,,,,,,,,,,,,,,,,,,,,,,,,,,,,
ATG14,TUBG1,ADM,RPL32,ETS1,RPS2,,,,,,,,,,7271,,,,,,,,,,,,,,,,,,,,ZBTB34,,,,,,,,,,,,,,,,,,,,,,,,,,,,,,,,,,,,,,,,,,,,,,,,,
HSPA2,RPL27,LIN7C,PHLDB2,UBQLN1,NDUFB10,,,,,,,,,,17195,,,,,,,,,,,,,,,,,,,,ULK1,,,,,,,,,,,,,,,,,,,,,,,,,,,,,,,,,,,,,,,,,,,,,,,,,
INTS11,ACLY,DGKZ,TCTA,CEMIP2,GID4,,,,,,,,,,12629,,,,,,,,,,,,,,,,,,,,NR2C2,,,,,,,,,,,,,,,,,,,,,,,,,,,,,,,,,,,,,,,,,,,,,,,,,
HIVEP3,VPS25,SLC43A1,MANF,MSI1,NOB1,,,,,,,,,,15752,,,,,,,,,,,,,,,,,,,,TENM3-AS1,,,,,,,,,,,,,,,,,,,,,,,,,,,,,,,,,,,,,,,,,,,,,,,,,
RAP1B,NDUFA2,CELF1,ATP10D,DMTF1,C17orf80,,,,,,,,,,11961,,,,,,,,,,,,,,,,,,,,ZNF518B,,,,,,,,,,,,,,,,,,,,,,,,,,,,,,,,,,,,,,,,,,,,,,,,,
FGFRL1,EXOC4,CCDC82,SLC10A6,KCP,SCRN2,,,,,,,,,,11592,,,,,,,,,,,,,,,,,,,,WDR6,,,,,,,,,,,,,,,,,,,,,,,,,,,,,,,,,,,,,,,,,,,,,,,,,
FBXL12,IL13RA1,SERPINH1,SCD5,AKIRIN2,PTRH2,,,,,,,,,,16675,,,,,,,,,,,,,,,,,,,,ZFAND2A,,,,,,,,,,,,,,,,,,,,,,,,,,,,,,,,,,,,,,,,,,,,,,,,,
UBR4,TNS4,ZC3H12C,PYURF,PHF21A,AFG3L2,,,,,,,,,,32325,,,,,,,,,,,,,,,,,,,,P4HTM,,,,,,,,,,,,,,,,,,,,,,,,,,,,,,,,,,,,,,,,,,,,,,,,,
HP1BP3,TOP2A,TMEM25,CAMK2D,AMHR2,IMPA2,,,,,,,,,,28687,,,,,,,,,,,,,,,,,,,,DTX3,,,,,,,,,,,,,,,,,,,,,,,,,,,,,,,,,,,,,,,,,,,,,,,,,
SIN3B,PEX11B,SPATA25,CCNA2,ITGA7,SLC39A6,,,,,,,,,,16091,,,,,,,,,,,,,,,,,,,,CPNE7,,,,,,,,,,,,,,,,,,,,,,,,,,,,,,,,,,,,,,,,,,,,,,,,,
KLF2,PIAS3,LTO1,RPS3A,RDH5,GALNT1,,,,,,,,,,28251,,,,,,,,,,,,,,,,,,,,TAF7,,,,,,,,,,,,,,,,,,,,,,,,,,,,,,,,,,,,,,,,,,,,,,,,,
SYNGR3,ACTR10,FERMT3,NDUFS6,ESPL1,GAREM1,,,,,,,,,,27786,,,,,,,,,,,,,,,,,,,,GAK,,,,,,,,,,,,,,,,,,,,,,,,,,,,,,,,,,,,,,,,,,,,,,,,,
METTL16,LGALS3,DCUN1D2,SRD5A1,AHI1,ANAPC11,,,,,,,,,,9382,,,,,,,,,,,,,,,,,,,,TRIML2,,,,,,,,,,,,,,,,,,,,,,,,,,,,,,,,,,,,,,,,,,,,,,,,,
AKAP9,SLC6A11,TMCO3,RPL37,MICAL1,FN3KRP,,,,,,,,,,7758,,,,,,,,,,,,,,,,,,,,SAMD4B,,,,,,,,,,,,,,,,,,,,,,,,,,,,,,,,,,,,,,,,,,,,,,,,,
RBM48,TRIM5,LATS2,SKP2,STX11,ZNF750,,,,,,,,,,15441,,,,,,,,,,,,,,,,,,,,ALOXE3,,,,,,,,,,,,,,,,,,,,,,,,,,,,,,,,,,,,,,,,,,,,,,,,,
ZFP36,TRIM22,SEC24D,PLK2,EGR4,P3H4,,,,,,,,,,28891,,,,,,,,,,,,,,,,,,,,RAB39A,,,,,,,,,,,,,,,,,,,,,,,,,,,,,,,,,,,,,,,,,,,,,,,,,
ADM2,IMMT,UBC,PAM,USP15,TXNL4A,,,,,,,,,,5328,,,,,,,,,,,,,,,,,,,,CLK3,,,,,,,,,,,,,,,,,,,,,,,,,,,,,,,,,,,,,,,,,,,,,,,,,
ATF4,MRPL35,SLC7A11,BTF3,DYNC1LI2,MVB12A,,,,,,,,,,42547,,,,,,,,,,,,,,,,,,,,ARID3B,,,,,,,,,,,,,,,,,,,,,,,,,,,,,,,,,,,,,,,,,,,,,,,,,
BAIAP2L2,RPA1,TMEM263,CXCL14,SLC9A5,IFITM3,,,,,,,,,,36076,,,,,,,,,,,,,,,,,,,,PLD6,,,,,,,,,,,,,,,,,,,,,,,,,,,,,,,,,,,,,,,,,,,,,,,,,
LIF,EEFSEC,MBIP,NHP2,DHX9,APP,,,,,,,,,,2007,,,,,,,,,,,,,,,,,,,,ARL14,,,,,,,,,,,,,,,,,,,,,,,,,,,,,,,,,,,,,,,,,,,,,,,,,
RNF112,TBC1D14,FER,TENM2,LAMC1,RPL13A,,,,,,,,,,16714,,,,,,,,,,,,,,,,,,,,MROH1,,,,,,,,,,,,,,,,,,,,,,,,,,,,,,,,,,,,,,,,,,,,,,,,,
CPA4,SEC61G,EPS8,ZMAT2,RC3H1,PGD,,,,,,,,,,29858,,,,,,,,,,,,,,,,,,,,SOCS4,,,,,,,,,,,,,,,,,,,,,,,,,,,,,,,,,,,,,,,,,,,,,,,,,
VGF,FIGNL1,FAM160B1,HIGD2A,SERPINE2,SH3BGRL3,,,,,,,,,,4745,,,,,,,,,,,,,,,,,,,,FAM71E2,,,,,,,,,,,,,,,,,,,,,,,,,,,,,,,,,,,,,,,,,,,,,,,,,
STRIP2,RIDA,WWC2,PLA2G7,EPC2,IL22RA1,,,,,,,,,,18022,,,,,,,,,,,,,,,,,,,,ANKRD18A,,,,,,,,,,,,,,,,,,,,,,,,,,,,,,,,,,,,,,,,,,,,,,,,,
MKLN1,VPS4A,SAV1,TNFRSF21,ISCU,SYTL1,,,,,,,,,,5427,,,,,,,,,,,,,,,,,,,,TRNAU1AP,,,,,,,,,,,,,,,,,,,,,,,,,,,,,,,,,,,,,,,,,,,,,,,,,
FLNC,PCNA,SACS,AIG1,SLC41A2,SERBP1,,,,,,,,,,17886,,,,,,,,,,,,,,,,,,,,OAZ2,,,,,,,,,,,,,,,,,,,,,,,,,,,,,,,,,,,,,,,,,,,,,,,,,
CHN1,POLR3F,BAG3,EGFR,ZFHX2,PIGK,,,,,,,,,,11259,,,,,,,,,,,,,,,,,,,,ARHGAP45,,,,,,,,,,,,,,,,,,,,,,,,,,,,,,,,,,,,,,,,,,,,,,,,,
TTBK2,RIN2,PDK1,CDCA5,SRSF1,RPS8,,,,,,,,,,41285,,,,,,,,,,,,,,,,,,,,HIST1H2BC,,,,,,,,,,,,,,,,,,,,,,,,,,,,,,,,,,,,,,,,,,,,,,,,,
INO80,RAB25,UHMK1,MDH2,VEZF1,CYP4B1,,,,,,,,,,30525,,,,,,,,,,,,,,,,,,,,PCGF5,,,,,,,,,,,,,,,,,,,,,,,,,,,,,,,,,,,,,,,,,,,,,,,,,
ALDH1A2,ALDH3B2,HOMER1,EPHA1,TRA2B,IGSF3,,,,,,,,,,8027,,,,,,,,,,,,,,,,,,,,YOD1,,,,,,,,,,,,,,,,,,,,,,,,,,,,,,,,,,,,,,,,,,,,,,,,,
CHAC1,AP3B1,XRCC4,NCAPG2,SKIL,CELSR2,,,,,,,,,,5549,,,,,,,,,,,,,,,,,,,,ZFP3,,,,,,,,,,,,,,,,,,,,,,,,,,,,,,,,,,,,,,,,,,,,,,,,,
RPAIN,MYH10,ZNF776,SH3KBP1,SMPD4,ALDH9A1,,,,,,,,,,18832,,,,,,,,,,,,,,,,,,,,OXTR,,,,,,,,,,,,,,,,,,,,,,,,,,,,,,,,,,,,,,,,,,,,,,,,,
SHBG,PEMT,ZNF256,NDUFB11,ZNF189,TIPRL,,,,,,,,,,12199,,,,,,,,,,,,,,,,,,,,PITPNB,,,,,,,,,,,,,,,,,,,,,,,,,,,,,,,,,,,,,,,,,,,,,,,,,
FXR2,CHI3L1,USP12,EBP,TEX10,CREG1,,,,,,,,,,38005,,,,,,,,,,,,,,,,,,,,LSMEM1,,,,,,,,,,,,,,,,,,,,,,,,,,,,,,,,,,,,,,,,,,,,,,,,,
ILF3,PIK3C2B,TRIM36,ZNF185,CCN3,UCK2,,,,,,,,,,19820,,,,,,,,,,,,,,,,,,,,AEN,,,,,,,,,,,,,,,,,,,,,,,,,,,,,,,,,,,,,,,,,,,,,,,,,
CDKN2D,COG6,PRDM8,CETN2,UBAP2,MGST3,,,,,,,,,,23877,,,,,,,,,,,,,,,,,,,,SLC26A11,,,,,,,,,,,,,,,,,,,,,,,,,,,,,,,,,,,,,,,,,,,,,,,,,
KLK14,RNF128,HNRNPDL,RPL10,DNAJB5,SDHC,,,,,,,,,,11702,,,,,,,,,,,,,,,,,,,,ZNF746,,,,,,,,,,,,,,,,,,,,,,,,,,,,,,,,,,,,,,,,,,,,,,,,,
NGDN,TCEAL4,PLOD2,CCDC25,KLC4,MRPL24,,,,,,,,,,13431,,,,,,,,,,,,,,,,,,,,ZNF678,,,,,,,,,,,,,,,,,,,,,,,,,,,,,,,,,,,,,,,,,,,,,,,,,
RAB2B,SLC39A11,RASSF3,RPL7,ZSCAN9,CRABP2,,,,,,,,,,10379,,,,,,,,,,,,,,,,,,,,SETD2,,,,,,,,,,,,,,,,,,,,,,,,,,,,,,,,,,,,,,,,,,,,,,,,,
PARP2,HSPBP1,HNRNPU,POLR2K,TJAP1,LYPLAL1,,,,,,,,,,40432,,,,,,,,,,,,,,,,,,,,PHLDA2,,,,,,,,,,,,,,,,,,,,,,,,,,,,,,,,,,,,,,,,,,,,,,,,,
FOXA1,MACROD1,ASAP1,MAL2,IER3,PRUNE1,,,,,,,,,,9008,,,,,,,,,,,,,,,,,,,,PLAG1,,,,,,,,,,,,,,,,,,,,,,,,,,,,,,,,,,,,,,,,,,,,,,,,,
TEP1,C1QTNF6,LPCAT1,EIF3H,PGBD1,TARS2,,,,,,,,,,35574,,,,,,,,,,,,,,,,,,,,GPR3,,,,,,,,,,,,,,,,,,,,,,,,,,,,,,,,,,,,,,,,,,,,,,,,,
QRICH2,C12orf29,ING1,TATDN1,ATAT1,RFX5,,,,,,,,,,18829,,,,,,,,,,,,,,,,,,,,CHST15,,,,,,,,,,,,,,,,,,,,,,,,,,,,,,,,,,,,,,,,,,,,,,,,,
SEC14L1,TMEM254,JAZF1,GSDMC,MTCH1,MINDY1,,,,,,,,,,26927,,,,,,,,,,,,,,,,,,,,CYB5D1,,,,,,,,,,,,,,,,,,,,,,,,,,,,,,,,,,,,,,,,,,,,,,,,,
RHBDF2,IPO8,KCTD15,CDKN2B,VARS2,SMYD2,,,,,,,,,,39303,,,,,,,,,,,,,,,,,,,,SPACA6,,,,,,,,,,,,,,,,,,,,,,,,,,,,,,,,,,,,,,,,,,,,,,,,,
CHRNA10,SPINK5,CHD1,IFNK,MYO7A,ADAM15,,,,,,,,,,36827,,,,,,,,,,,,,,,,,,,,KCNJ14,,,,,,,,,,,,,,,,,,,,,,,,,,,,,,,,,,,,,,,,,,,,,,,,,
CDKN1C,HSD17B4,DGKE,SIGMAR1,IL18BP,S100A8,,,,,,,,,,4739,,,,,,,,,,,,,,,,,,,,CAPN12,,,,,,,,,,,,,,,,,,,,,,,,,,,,,,,,,,,,,,,,,,,,,,,,,
TMEM8A,ERG28,ZUP1,STOM,CREBZF,SNAPIN,,,,,,,,,,42543,,,,,,,,,,,,,,,,,,,,C16orf72,,,,,,,,,,,,,,,,,,,,,,,,,,,,,,,,,,,,,,,,,,,,,,,,,
SHC2,COX16,TBRG1,GSN,SLCO5A1,EFNA3,,,,,,,,,,37690,,,,,,,,,,,,,,,,,,,,RBM10,,,,,,,,,,,,,,,,,,,,,,,,,,,,,,,,,,,,,,,,,,,,,,,,,
PHF10,GSTM3,CC2D1B,ALAD,CTDSPL2,TTC13,,,,,,,,,,10691,,,,,,,,,,,,,,,,,,,,PRKCZ-AS1,,,,,,,,,,,,,,,,,,,,,,,,,,,,,,,,,,,,,,,,,,,,,,,,,
STARD8,VAV3,UCHL1,RPL7A,MAPKBP1,NVL,,,,,,,,,,10041,,,,,,,,,,,,,,,,,,,,ZNF721,,,,,,,,,,,,,,,,,,,,,,,,,,,,,,,,,,,,,,,,,,,,,,,,,
SAT1,SORT1,TNIK,PTGES,PARP6,DEGS1,,,,,,,,,,788,,,,,,,,,,,,,,,,,,,,EWSR1,,,,,,,,,,,,,,,,,,,,,,,,,,,,,,,,,,,,,,,,,,,,,,,,,
SH3BP4,PTGFRN,NEIL2,GPR107,SPTBN5,PARP1,,,,,,,,,,33308,,,,,,,,,,,,,,,,,,,,GJC1,,,,,,,,,,,,,,,,,,,,,,,,,,,,,,,,,,,,,,,,,,,,,,,,,
DOCK6,ARF3,TRIM11,COMMD3,FNBP1L,PDIA6,,,,,,,,,,31391,,,,,,,,,,,,,,,,,,,,BEGAIN,,,,,,,,,,,,,,,,,,,,,,,,,,,,,,,,,,,,,,,,,,,,,,,,,
GADD45G,YWHAQ,SH3RF1,RSU1,GTF2B,MALL,,,,,,,,,,14331,,,,,,,,,,,,,,,,,,,,FHL3,,,,,,,,,,,,,,,,,,,,,,,,,,,,,,,,,,,,,,,,,,,,,,,,,
FAM98C,IAH1,PDLIM3,CDHR1,THUMPD2,TMEM177,,,,,,,,,,36725,,,,,,,,,,,,,,,,,,,,EP400,,,,,,,,,,,,,,,,,,,,,,,,,,,,,,,,,,,,,,,,,,,,,,,,,
SAFB2,LDHA,FLCN,ADIRF,FBXO11,SCRN3,,,,,,,,,,4959,,,,,,,,,,,,,,,,,,,,HIST2H3D,,,,,,,,,,,,,,,,,,,,,,,,,,,,,,,,,,,,,,,,,,,,,,,,,
KIF1A,RPS15A,USP43,ADD3,DUSP5,LNPK,,,,,,,,,,25086,,,,,,,,,,,,,,,,,,,,FAM167B,,,,,,,,,,,,,,,,,,,,,,,,,,,,,,,,,,,,,,,,,,,,,,,,,
DDA1,NARS,RAB6B,MKI67,MYPN,SUMF1,,,,,,,,,,8892,,,,,,,,,,,,,,,,,,,,UPP1,,,,,,,,,,,,,,,,,,,,,,,,,,,,,,,,,,,,,,,,,,,,,,,,,
TULP4,CCNH,ATP6V1C1,GSTO1,AOX1,VGLL4,,,,,,,,,,25127,,,,,,,,,,,,,,,,,,,,TRIM52,,,,,,,,,,,,,,,,,,,,,,,,,,,,,,,,,,,,,,,,,,,,,,,,,
SNX9,RTL8C,ZFYVE27,ITPRIP,ITGAV,POMGNT2,,,,,,,,,,9745,,,,,,,,,,,,,,,,,,,,CBX6,,,,,,,,,,,,,,,,,,,,,,,,,,,,,,,,,,,,,,,,,,,,,,,,,
MLLT1,CYP2J2,HSPA13,PGAP2,SEMA7A,CTDSPL,,,,,,,,,,4748,,,,,,,,,,,,,,,,,,,,TTC32,,,,,,,,,,,,,,,,,,,,,,,,,,,,,,,,,,,,,,,,,,,,,,,,,
AFDN,DSG3,PPM1J,SYT8,HNRNPD,ARL6IP5,,,,,,,,,,18831,,,,,,,,,,,,,,,,,,,,SMTN,,,,,,,,,,,,,,,,,,,,,,,,,,,,,,,,,,,,,,,,,,,,,,,,,
ZSWIM6,DSG1,MIER3,SSRP1,RASGEF1B,ABHD10,,,,,,,,,,24227,,,,,,,,,,,,,,,,,,,,DENND5A,,,,,,,,,,,,,,,,,,,,,,,,,,,,,,,,,,,,,,,,,,,,,,,,,
MAP1S,DSC3,ZKSCAN2,SESN3,GPAT3,SRPRB,,,,,,,,,,21782,,,,,,,,,,,,,,,,,,,,TSPYL2,,,,,,,,,,,,,,,,,,,,,,,,,,,,,,,,,,,,,,,,,,,,,,,,,
IQCN,DSC1,RASA2,ENDOD1,MAPK8IP3,TCTA,,,,,,,,,,17032,,,,,,,,,,,,,,,,,,,,HIST2H2AC,,,,,,,,,,,,,,,,,,,,,,,,,,,,,,,,,,,,,,,,,,,,,,,,,
JUND,TPGS2,RAB39B,RPS3,RNF185,MANF,,,,,,,,,,14465,,,,,,,,,,,,,,,,,,,,HIST2H2AB,,,,,,,,,,,,,,,,,,,,,,,,,,,,,,,,,,,,,,,,,,,,,,,,,
ZNF557,FADS2,CLIC2,EI24,GABARAPL1,ATP10D,,,,,,,,,,2351,,,,,,,,,,,,,,,,,,,,HIST1H1B,,,,,,,,,,,,,,,,,,,,,,,,,,,,,,,,,,,,,,,,,,,,,,,,,
CRB3,TMEM258,GRIP1,MPZL2,AEBP2,SLC10A6,,,,,,,,,,39158,,,,,,,,,,,,,,,,,,,,CSF1,,,,,,,,,,,,,,,,,,,,,,,,,,,,,,,,,,,,,,,,,,,,,,,,,
ZBTB46,TMEM165,KIF5A,FAU,ETNK1,SCD5,,,,,,,,,,35928,,,,,,,,,,,,,,,,,,,,ACTRT3,,,,,,,,,,,,,,,,,,,,,,,,,,,,,,,,,,,,,,,,,,,,,,,,,
TAF4,UBAC2,WHAMM,TM7SF2,CLSTN3,ENOPH1,,,,,,,,,,4541,,,,,,,,,,,,,,,,,,,,DUSP8,,,,,,,,,,,,,,,,,,,,,,,,,,,,,,,,,,,,,,,,,,,,,,,,,
OSBPL2,ERCC5,SCAF4,VPS51,VAMP1,PYURF,,,,,,,,,,22387,,,,,,,,,,,,,,,,,,,,SOCS3,,,,,,,,,,,,,,,,,,,,,,,,,,,,,,,,,,,,,,,,,,,,,,,,,
ASS1,SLC37A2,SAMD8,TMEM219,COL2A1,CAMK2D,,,,,,,,,,37869,,,,,,,,,,,,,,,,,,,,ZBTB40,,,,,,,,,,,,,,,,,,,,,,,,,,,,,,,,,,,,,,,,,,,,,,,,,
PRRC2B,OSTF1,PHKG2,LYPD6B,GAS2L3,SETD7,,,,,,,,,,31425,,,,,,,,,,,,,,,,,,,,HIST2H2BE,,,,,,,,,,,,,,,,,,,,,,,,,,,,,,,,,,,,,,,,,,,,,,,,,
ZC3H4,CTSL,EIF4A2,PDCD4,TDG,CBR4,,,,,,,,,,20947,,,,,,,,,,,,,,,,,,,,CLDN6,,,,,,,,,,,,,,,,,,,,,,,,,,,,,,,,,,,,,,,,,,,,,,,,,
MAP3K10,PSAT1,BRPF1,PRSS23,NUP58,NDUFS6,,,,,,,,,,16092,,,,,,,,,,,,,,,,,,,,SERINC4,,,,,,,,,,,,,,,,,,,,,,,,,,,,,,,,,,,,,,,,,,,,,,,,,
SESN2,CD36,EXOG,DLAT,SLC7A1,SRD5A1,,,,,,,,,,9384,,,,,,,,,,,,,,,,,,,,TCTE3,,,,,,,,,,,,,,,,,,,,,,,,,,,,,,,,,,,,,,,,,,,,,,,,,
CCDC62,HILPDA,SMG1,TIMM8B,SUOX,SKP2,,,,,,,,,,36787,,,,,,,,,,,,,,,,,,,,RBM33,,,,,,,,,,,,,,,,,,,,,,,,,,,,,,,,,,,,,,,,,,,,,,,,,
HIP1R,SNX14,DYRK1A,IL18,GPR84,PAM,,,,,,,,,,18792,,,,,,,,,,,,,,,,,,,,H1FX,,,,,,,,,,,,,,,,,,,,,,,,,,,,,,,,,,,,,,,,,,,,,,,,,
ZNF317,ORC3,BRAF,TMEM86A,NPFF,SLC30A5,,,,,,,,,,23751,,,,,,,,,,,,,,,,,,,,TMEM106A,,,,,,,,,,,,,,,,,,,,,,,,,,,,,,,,,,,,,,,,,,,,,,,,,
EIF3G,PRRG4,DUSP2,BTBD11,N4BP2L1,CXCL14,,,,,,,,,,30529,,,,,,,,,,,,,,,,,,,,CA13,,,,,,,,,,,,,,,,,,,,,,,,,,,,,,,,,,,,,,,,,,,,,,,,,
ZNF426,CAPRIN1,PTPDC1,NDUFC2,KANSL2,NHP2,,,,,,,,,,37692,,,,,,,,,,,,,,,,,,,,MAFF,,,,,,,,,,,,,,,,,,,,,,,,,,,,,,,,,,,,,,,,,,,,,,,,,
SLC6A8,ATP5MC2,PRXL2C,THYN1,CSAD,TENM2,,,,,,,,,,38779,,,,,,,,,,,,,,,,,,,,PRPF39,,,,,,,,,,,,,,,,,,,,,,,,,,,,,,,,,,,,,,,,,,,,,,,,,
PNCK,CDK4,DZIP1L,TMEM45B,LMBR1L,TBC1D7,,,,,,,,,,17926,,,,,,,,,,,,,,,,,,,,SOCS1,,,,,,,,,,,,,,,,,,,,,,,,,,,,,,,,,,,,,,,,,,,,,,,,,
PLXNA3,TSPAN31,ABHD3,ACSL1,LPAR6,ZMAT2,,,,,,,,,,13751,,,,,,,,,,,,,,,,,,,,HGS,,,,,,,,,,,,,,,,,,,,,,,,,,,,,,,,,,,,,,,,,,,,,,,,,
ZNF236,SMPD2,GPRASP2,NBAS,SBNO1,HIGD2A,,,,,,,,,,35885,,,,,,,,,,,,,,,,,,,,YTHDF3,,,,,,,,,,,,,,,,,,,,,,,,,,,,,,,,,,,,,,,,,,,,,,,,,
NOL11,PRADC1,HIST1H2BD,DST,CDH24,TNFRSF21,,,,,,,,,,6112,,,,,,,,,,,,,,,,,,,,ADAMTSL5,,,,,,,,,,,,,,,,,,,,,,,,,,,,,,,,,,,,,,,,,,,,,,,,,
UBA1,MPHOSPH6,HIST1H4H,MZT2B,REM2,SLC18B1,,,,,,,,,,12680,,,,,,,,,,,,,,,,,,,,DMWD,,,,,,,,,,,,,,,,,,,,,,,,,,,,,,,,,,,,,,,,,,,,,,,,,
PPIL4,EGLN1,B4GALT5,HSPB8,FITM1,AIG1,,,,,,,,,,33774,,,,,,,,,,,,,,,,,,,,ZNF267,,,,,,,,,,,,,,,,,,,,,,,,,,,,,,,,,,,,,,,,,,,,,,,,,
SYNE1,RNASEL,GDPD5,ATP5F1A,ARMH4,EGFR,,,,,,,,,,36696,,,,,,,,,,,,,,,,,,,,IRS2,,,,,,,,,,,,,,,,,,,,,,,,,,,,,,,,,,,,,,,,,,,,,,,,,
LATS1,PIGC,PPP1R15B,HAUS1,RAB15,MDH2,,,,,,,,,,35294,,,,,,,,,,,,,,,,,,,,MATN1-AS1,,,,,,,,,,,,,,,,,,,,,,,,,,,,,,,,,,,,,,,,,,,,,,,,,
RBM39,SP110,GPAT4,ZFP36L2,WDR20,TMEM168,,,,,,,,,,30489,,,,,,,,,,,,,,,,,,,,CCDC84,,,,,,,,,,,,,,,,,,,,,,,,,,,,,,,,,,,,,,,,,,,,,,,,,
GGT7,TMBIM1,RNF166,PFKM,TCF12,EPHA1,,,,,,,,,,32844,,,,,,,,,,,,,,,,,,,,ANKRD37,,,,,,,,,,,,,,,,,,,,,,,,,,,,,,,,,,,,,,,,,,,,,,,,,
EDA2R,COX5B,SPATA2L,TMEM123,BAHD1,NSDHL,,,,,,,,,,15303,,,,,,,,,,,,,,,,,,,,NUDT17,,,,,,,,,,,,,,,,,,,,,,,,,,,,,,,,,,,,,,,,,,,,,,,,,
ZNF227,TMEM127,FAM160B2,GJA1,MAN2C1,ZNF185,,,,,,,,,,10360,,,,,,,,,,,,,,,,,,,,KPNA4,,,,,,,,,,,,,,,,,,,,,,,,,,,,,,,,,,,,,,,,,,,,,,,,,
GSE1,ARHGEF4,CDC42SE2,ANKRD22,DNAJA4,CETN2,,,,,,,,,,21485,,,,,,,,,,,,,,,,,,,,NAP1L2,,,,,,,,,,,,,,,,,,,,,,,,,,,,,,,,,,,,,,,,,,,,,,,,,
CHMP1A,CKAP4,PAXBP1,PANK1,ARRDC4,RPL10,,,,,,,,,,34201,,,,,,,,,,,,,,,,,,,,INSIG1,,,,,,,,,,,,,,,,,,,,,,,,,,,,,,,,,,,,,,,,,,,,,,,,,
NFATC1,PWP1,CIART,MR1,CYP1A1,CCDC25,,,,,,,,,,36107,,,,,,,,,,,,,,,,,,,,CEACAM19,,,,,,,,,,,,,,,,,,,,,,,,,,,,,,,,,,,,,,,,,,,,,,,,,
RLIM,CKAP2,CCDC24,CENPH,LINS1,LACTB2,,,,,,,,,,33327,,,,,,,,,,,,,,,,,,,,MIR22HG,,,,,,,,,,,,,,,,,,,,,,,,,,,,,,,,,,,,,,,,,,,,,,,,,
TRAF3,TBC1D4,RUNX1,ADGRF4,HAPLN3,MAL2,,,,,,,,,,35888,,,,,,,,,,,,,,,,,,,,POFUT2,,,,,,,,,,,,,,,,,,,,,,,,,,,,,,,,,,,,,,,,,,,,,,,,,
KCNC3,SUCLA2,CCDC17,NMRAL1,RHCG,NDUFB9,,,,,,,,,,39491,,,,,,,,,,,,,,,,,,,,RTN4RL2,,,,,,,,,,,,,,,,,,,,,,,,,,,,,,,,,,,,,,,,,,,,,,,,,
PDLIM4,SCEL,GPBP1L1,LURAP1L,ITGAX,GSDMC,,,,,,,,,,9792,,,,,,,,,,,,,,,,,,,,TSPYL4,,,,,,,,,,,,,,,,,,,,,,,,,,,,,,,,,,,,,,,,,,,,,,,,,
GFPT2,ITM2B,ACE,PID1,ARMC5,AK3,,,,,,,,,,34414,,,,,,,,,,,,,,,,,,,,SIRT7,,,,,,,,,,,,,,,,,,,,,,,,,,,,,,,,,,,,,,,,,,,,,,,,,
PSMC3IP,NUDT15,CTBP1,IMPACT,DHX38,PLIN2,,,,,,,,,,12525,,,,,,,,,,,,,,,,,,,,NANOS3,,,,,,,,,,,,,,,,,,,,,,,,,,,,,,,,,,,,,,,,,,,,,,,,,
AOC3,C7orf25,CARMIL2,SDHAF4,TXNL4B,CDKN2B,,,,,,,,,,26045,,,,,,,,,,,,,,,,,,,,TET3,,,,,,,,,,,,,,,,,,,,,,,,,,,,,,,,,,,,,,,,,,,,,,,,,
AOC2,GPNMB,FAM131B,C16orf74,CMTM3,CDKN2A,,,,,,,,,,21532,,,,,,,,,,,,,,,,,,,,C11orf95,,,,,,,,,,,,,,,,,,,,,,,,,,,,,,,,,,,,,,,,,,,,,,,,,
ANKHD1,KDELR2,CCDC117,CERS3,MAP1LC3B,SIGMAR1,,,,,,,,,,15096,,,,,,,,,,,,,,,,,,,,HES4,,,,,,,,,,,,,,,,,,,,,,,,,,,,,,,,,,,,,,,,,,,,,,,,,
ACAP3,ZDHHC4,ZNF222,ENAH,OSGIN1,STOM,,,,,,,,,,19338,,,,,,,,,,,,,,,,,,,,H2AFX,,,,,,,,,,,,,,,,,,,,,,,,,,,,,,,,,,,,,,,,,,,,,,,,,
PPFIA1,BZW2,NPR2,DIPK1A,RHOT2,GSN,,,,,,,,,,37889,,,,,,,,,,,,,,,,,,,,SRSF10,,,,,,,,,,,,,,,,,,,,,,,,,,,,,,,,,,,,,,,,,,,,,,,,,
THOC6,ABHD17C,UBE2J2,ATP5MC3,TIGD7,ALAD,,,,,,,,,,8930,,,,,,,,,,,,,,,,,,,,NDOR1,,,,,,,,,,,,,,,,,,,,,,,,,,,,,,,,,,,,,,,,,,,,,,,,,
MAP1B,CIB2,SLC37A1,ATP5PF,TCF25,SURF1,,,,,,,,,,35891,,,,,,,,,,,,,,,,,,,,SPRED3,,,,,,,,,,,,,,,,,,,,,,,,,,,,,,,,,,,,,,,,,,,,,,,,,
STARD3,TEX2,PKNOX1,SKA1,RANBP10,REXO4,,,,,,,,,,18789,,,,,,,,,,,,,,,,,,,,ZDHHC11,,,,,,,,,,,,,,,,,,,,,,,,,,,,,,,,,,,,,,,,,,,,,,,,,
RARA,ACTL6A,CBS,APCDD1,CTRL,RPL7A,,,,,,,,,,19148,,,,,,,,,,,,,,,,,,,,BEND4,,,,,,,,,,,,,,,,,,,,,,,,,,,,,,,,,,,,,,,,,,,,,,,,,
PRKAB2,NDUFB5,VAV2,PROM2,SGSM2,PTGES2,,,,,,,,,,33187,,,,,,,,,,,,,,,,,,,,FAM120AOS,,,,,,,,,,,,,,,,,,,,,,,,,,,,,,,,,,,,,,,,,,,,,,,,,
THAP1,EPRS,PCNT,GTF3C6,SSH2,COMMD3,,,,,,,,,,40390,,,,,,,,,,,,,,,,,,,,ZNF292,,,,,,,,,,,,,,,,,,,,,,,,,,,,,,,,,,,,,,,,,,,,,,,,,
DNAJB1,IL1RN,DIP2A,GRAMD2B,TAF4B,MSRB2,,,,,,,,,,14291,,,,,,,,,,,,,,,,,,,,ZNF567,,,,,,,,,,,,,,,,,,,,,,,,,,,,,,,,,,,,,,,,,,,,,,,,,
ZSWIM4,IL36RN,GPSM1,DBI,GATA6,RSU1,,,,,,,,,,35931,,,,,,,,,,,,,,,,,,,,S100A13,,,,,,,,,,,,,,,,,,,,,,,,,,,,,,,,,,,,,,,,,,,,,,,,,
RFX1,CCDC115,PKN3,OXA1L,GREB1L,GSTO1,,,,,,,,,,10914,,,,,,,,,,,,,,,,,,,,PNRC2,,,,,,,,,,,,,,,,,,,,,,,,,,,,,,,,,,,,,,,,,,,,,,,,,
ZNF20,DNAJC1,BRSK1,PDIA4,ZMYND15,ITPRIP,,,,,,,,,,29625,,,,,,,,,,,,,,,,,,,,SH2D5,,,,,,,,,,,,,,,,,,,,,,,,,,,,,,,,,,,,,,,,,,,,,,,,,
DCAF15,NIPSNAP3A,COX6B2,TMEM237,SAT2,RGS10,,,,,,,,,,16131,,,,,,,,,,,,,,,,,,,,STK40,,,,,,,,,,,,,,,,,,,,,,,,,,,,,,,,,,,,,,,,,,,,,,,,,
RAF1,LRRC8A,TMEM190,RNF20,ASGR1,PGAP2,,,,,,,,,,37801,,,,,,,,,,,,,,,,,,,,LCOR,,,,,,,,,,,,,,,,,,,,,,,,,,,,,,,,,,,,,,,,,,,,,,,,,
ARFIP2,TXN,DEDD2,RAET1L,EIF4A3,ENDOD1,,,,,,,,,,27827,,,,,,,,,,,,,,,,,,,,IARS,,,,,,,,,,,,,,,,,,,,,,,,,,,,,,,,,,,,,,,,,,,,,,,,,
RRP8,TOR1B,SAFB,TMBIM4,CSNK1D,RPS3,,,,,,,,,,8025,,,,,,,,,,,,,,,,,,,,CGB7,,,,,,,,,,,,,,,,,,,,,,,,,,,,,,,,,,,,,,,,,,,,,,,,,
ILKAP,C9orf78,IL6R,PSD3,MBD1,AASDHPPT,,,,,,,,,,3750,,,,,,,,,,,,,,,,,,,,NLGN3,,,,,,,,,,,,,,,,,,,,,,,,,,,,,,,,,,,,,,,,,,,,,,,,,
PER2,SMC2,CRTC2,DRAM2,ZCCHC2,KAT14,,,,,,,,,,18452,,,,,,,,,,,,,,,,,,,,CD55,,,,,,,,,,,,,,,,,,,,,,,,,,,,,,,,,,,,,,,,,,,,,,,,,
CARD6,KLF4,LY6K,RWDD2B,PMAIP1,EI24,,,,,,,,,,34091,,,,,,,,,,,,,,,,,,,,SIAH1,,,,,,,,,,,,,,,,,,,,,,,,,,,,,,,,,,,,,,,,,,,,,,,,,
PNISR,NIBAN2,IER2,ATP5MPL,BRD4,MPZL2,,,,,,,,,,29754,,,,,,,,,,,,,,,,,,,,MMP1,,,,,,,,,,,,,,,,,,,,,,,,,,,,,,,,,,,,,,,,,,,,,,,,,
WBP2,DAB2IP,PWWP3A,PCDH1,VAV1,COMMD7,,,,,,,,,,11590,,,,,,,,,,,,,,,,,,,,TRPV1,,,,,,,,,,,,,,,,,,,,,,,,,,,,,,,,,,,,,,,,,,,,,,,,,
H3F3B,CDK5RAP2,PPP1R16A,SH3RF2,DUS3L,TRPT1,,,,,,,,,,27149,,,,,,,,,,,,,,,,,,,,ZNF431,,,,,,,,,,,,,,,,,,,,,,,,,,,,,,,,,,,,,,,,,,,,,,,,,
KDM6B,SLC31A2,SQSTM1,UQCRB,PGGHG,TMEM219,,,,,,,,,,5857,,,,,,,,,,,,,,,,,,,,NF1,,,,,,,,,,,,,,,,,,,,,,,,,,,,,,,,,,,,,,,,,,,,,,,,,
DLG4,STX17,MFSD12,RPL30,COL6A1,LYPD6B,,,,,,,,,,21665,,,,,,,,,,,,,,,,,,,,SNHG17,,,,,,,,,,,,,,,,,,,,,,,,,,,,,,,,,,,,,,,,,,,,,,,,,
VPS13B,XPA,DVL3,HK1,COL6A2,PDCD4,,,,,,,,,,11054,,,,,,,,,,,,,,,,,,,,HIST1H2AG,,,,,,,,,,,,,,,,,,,,,,,,,,,,,,,,,,,,,,,,,,,,,,,,,
KHDC4,PDCL,SAP30BP,TYSND1,SCYL1,PRSS23,,,,,,,,,,6192,,,,,,,,,,,,,,,,,,,,STRN3,,,,,,,,,,,,,,,,,,,,,,,,,,,,,,,,,,,,,,,,,,,,,,,,,
DCAF8,RPL35,KLHL10,CD109,EMP3,DLAT,,,,,,,,,,41287,,,,,,,,,,,,,,,,,,,,PPTC7,,,,,,,,,,,,,,,,,,,,,,,,,,,,,,,,,,,,,,,,,,,,,,,,,
IGHMBP2,CTSV,ITGA5,UBE2L6,CAPN10,TIMM8B,,,,,,,,,,27788,,,,,,,,,,,,,,,,,,,,HIST1H2AD,,,,,,,,,,,,,,,,,,,,,,,,,,,,,,,,,,,,,,,,,,,,,,,,,
RBM38,MYC,MPP3,RAB11FIP1,ZNF473,UEVLD,,,,,,,,,,40845,,,,,,,,,,,,,,,,,,,,LAMB3,,,,,,,,,,,,,,,,,,,,,,,,,,,,,,,,,,,,,,,,,,,,,,,,,
OSER1,IL33,SHANK1,MAPK13,EPHA2,FAM177A1,,,,,,,,,,34207,,,,,,,,,,,,,,,,,,,,HIST3H2BB,,,,,,,,,,,,,,,,,,,,,,,,,,,,,,,,,,,,,,,,,,,,,,,,,
CASP9,DMAC1,FMNL3,BUB1B,CNKSR1,NDUFC2,,,,,,,,,,25207,,,,,,,,,,,,,,,,,,,,SERTAD1,,,,,,,,,,,,,,,,,,,,,,,,,,,,,,,,,,,,,,,,,,,,,,,,,
ZMYM5,POLR1E,LEMD2,RPUSD3,C1orf216,CDC123,,,,,,,,,,31347,,,,,,,,,,,,,,,,,,,,ZNF441,,,,,,,,,,,,,,,,,,,,,,,,,,,,,,,,,,,,,,,,,,,,,,,,,
USPL1,GRHPR,ZNF75A,SSBP3,BCL10,THYN1,,,,,,,,,,29792,,,,,,,,,,,,,,,,,,,,HIST1H4C,,,,,,,,,,,,,,,,,,,,,,,,,,,,,,,,,,,,,,,,,,,,,,,,,
SLC41A1,HINT2,NXF1,DHRS4,CCN1,QDPR,,,,,,,,,,25141,,,,,,,,,,,,,,,,,,,,MAFG,,,,,,,,,,,,,,,,,,,,,,,,,,,,,,,,,,,,,,,,,,,,,,,,,
CCNA1,RPS6,FGF19,DDX19B,MTF2,AKR1C2,,,,,,,,,,33543,,,,,,,,,,,,,,,,,,,,ZGPAT,,,,,,,,,,,,,,,,,,,,,,,,,,,,,,,,,,,,,,,,,,,,,,,,,
MORC4,PPIL1,KLHL21,DHRS1,STRIP1,MFSD6,,,,,,,,,,37817,,,,,,,,,,,,,,,,,,,,SLC25A29,,,,,,,,,,,,,,,,,,,,,,,,,,,,,,,,,,,,,,,,,,,,,,,,,
SRRM1,KIF13A,SDC3,CCNB2,FNDC7,TMEM45B,,,,,,,,,,13741,,,,,,,,,,,,,,,,,,,,ABCB8,,,,,,,,,,,,,,,,,,,,,,,,,,,,,,,,,,,,,,,,,,,,,,,,,
WDR74,PIM1,SYNC,MYO1E,C1orf162,ACSL1,,,,,,,,,,13294,,,,,,,,,,,,,,,,,,,,HIST1H3J,,,,,,,,,,,,,,,,,,,,,,,,,,,,,,,,,,,,,,,,,,,,,,,,,
MED10,TFAP2A,CAMK2N1,KCNJ15,POU2F1,DST,,,,,,,,,,23874,,,,,,,,,,,,,,,,,,,,ENTPD4,,,,,,,,,,,,,,,,,,,,,,,,,,,,,,,,,,,,,,,,,,,,,,,,,
ATP13A3,TMEM14B,SCNN1D,SLC35B2,USP21,MZT2B,,,,,,,,,,10827,,,,,,,,,,,,,,,,,,,,C6orf141,,,,,,,,,,,,,,,,,,,,,,,,,,,,,,,,,,,,,,,,,,,,,,,,,
CCDC59,SLC22A23,MYSM1,MX1,RRNAD1,GEMIN6,,,,,,,,,,15304,,,,,,,,,,,,,,,,,,,,ZNF165,,,,,,,,,,,,,,,,,,,,,,,,,,,,,,,,,,,,,,,,,,,,,,,,,
ARNTL,UQCC2,FUBP1,SPPL3,ABL2,ATP5F1A,,,,,,,,,,31289,,,,,,,,,,,,,,,,,,,,ZNF655,,,,,,,,,,,,,,,,,,,,,,,,,,,,,,,,,,,,,,,,,,,,,,,,,
RRAS2,RNF144B,DNAJB4,BABAM2,RGS16,ZFP36L2,,,,,,,,,,36109,,,,,,,,,,,,,,,,,,,,HIST1H3D,,,,,,,,,,,,,,,,,,,,,,,,,,,,,,,,,,,,,,,,,,,,,,,,,
ZFC3H1,C6orf52,NTNG1,MRPL17,SF3B4,TMEM123,,,,,,,,,,36976,,,,,,,,,,,,,,,,,,,,ZNF460,,,,,,,,,,,,,,,,,,,,,,,,,,,,,,,,,,,,,,,,,,,,,,,,,
DPF2,FGFBP1,SLC30A7,GRHL3,SETDB1,GJA1,,,,,,,,,,15309,,,,,,,,,,,,,,,,,,,,TAF13,,,,,,,,,,,,,,,,,,,,,,,,,,,,,,,,,,,,,,,,,,,,,,,,,
NUMB,FHDC1,ZNF281,GALNT14,MCL1,SLC30A6,,,,,,,,,,4852,,,,,,,,,,,,,,,,,,,,SLC9A8,,,,,,,,,,,,,,,,,,,,,,,,,,,,,,,,,,,,,,,,,,,,,,,,,
CDK7,PRCP,DDR2,TPRG1L,PIP5K1A,PELO,,,,,,,,,,16132,,,,,,,,,,,,,,,,,,,,HIST4H4,,,,,,,,,,,,,,,,,,,,,,,,,,,,,,,,,,,,,,,,,,,,,,,,,
PRPF38B,MRPL15,PEA15,XDH,ARNT,ANKRD22,,,,,,,,,,9791,,,,,,,,,,,,,,,,,,,,ZNF44,,,,,,,,,,,,,,,,,,,,,,,,,,,,,,,,,,,,,,,,,,,,,,,,,
NGF,GGH,FLVCR1,TENT5B,POGZ,RAD17,,,,,,,,,,39531,,,,,,,,,,,,,,,,,,,,FCHSD1,,,,,,,,,,,,,,,,,,,,,,,,,,,,,,,,,,,,,,,,,,,,,,,,,
AP4B1,TMPRSS4,ATF3,RHBDL2,DYRK3,MR1,,,,,,,,,,42191,,,,,,,,,,,,,,,,,,,,ZNF121,,,,,,,,,,,,,,,,,,,,,,,,,,,,,,,,,,,,,,,,,,,,,,,,,
PPHLN1,TRIM29,RBM15,COPG2,DUSP10,SCOC,,,,,,,,,,3628,,,,,,,,,,,,,,,,,,,,AKAP17A,,,,,,,,,,,,,,,,,,,,,,,,,,,,,,,,,,,,,,,,,,,,,,,,,
FKBP11,POU2F3,TFB2M,PLA2G2F,TP53BP2,TMEM87B,,,,,,,,,,5616,,,,,,,,,,,,,,,,,,,,ZNF335,,,,,,,,,,,,,,,,,,,,,,,,,,,,,,,,,,,,,,,,,,,,,,,,,
ROCK2,C11orf1,REL,CDA,S100A7,ADGRF4,,,,,,,,,,31431,,,,,,,,,,,,,,,,,,,,MIER1,,,,,,,,,,,,,,,,,,,,,,,,,,,,,,,,,,,,,,,,,,,,,,,,,
LPIN1,TMPRSS13,TRIM17,ALG8,UBAP2L,NMRAL1,,,,,,,,,,9076,,,,,,,,,,,,,,,,,,,,SZT2,,,,,,,,,,,,,,,,,,,,,,,,,,,,,,,,,,,,,,,,,,,,,,,,,
IL6ST,CASP1,WDCP,CFAP298,GATAD2B,RPIA,,,,,,,,,,36995,,,,,,,,,,,,,,,,,,,,HELZ,,,,,,,,,,,,,,,,,,,,,,,,,,,,,,,,,,,,,,,,,,,,,,,,,
PUM1,SQOR,MSX1,LAD1,ILF2,LURAP1L,,,,,,,,,,12280,,,,,,,,,,,,,,,,,,,,ZKSCAN8,,,,,,,,,,,,,,,,,,,,,,,,,,,,,,,,,,,,,,,,,,,,,,,,,
YARS,NDUFAF1,CDC42EP3,ATP5MC1,RIT1,PID1,,,,,,,,,,35925,,,,,,,,,,,,,,,,,,,,PIM3,,,,,,,,,,,,,,,,,,,,,,,,,,,,,,,,,,,,,,,,,,,,,,,,,
PRPF38A,RPLP1,CCNYL1,CBR1,CDC42BPA,SDHAF4,,,,,,,,,,33644,,,,,,,,,,,,,,,,,,,,OGA,,,,,,,,,,,,,,,,,,,,,,,,,,,,,,,,,,,,,,,,,,,,,,,,,
RNF138,PAQR5,ANTXR2,PLA2G4D,WNT9A,CERS3,,,,,,,,,,24187,,,,,,,,,,,,,,,,,,,,NRARP,,,,,,,,,,,,,,,,,,,,,,,,,,,,,,,,,,,,,,,,,,,,,,,,,
DHX34,PAK6,CGGBP1,ADIPOR1,PLEKHA6,ENAH,,,,,,,,,,1869,,,,,,,,,,,,,,,,,,,,ZXDB,,,,,,,,,,,,,,,,,,,,,,,,,,,,,,,,,,,,,,,,,,,,,,,,,
ARGLU1,DUOX1,YY1AP1,CYB5R1,ASXL2,DIPK1A,,,,,,,,,,32292,,,,,,,,,,,,,,,,,,,,YTHDF2,,,,,,,,,,,,,,,,,,,,,,,,,,,,,,,,,,,,,,,,,,,,,,,,,
ETS1,KYAT3,KBTBD8,PSMD4,THNSL2,ATP5MC3,,,,,,,,,,27102,,,,,,,,,,,,,,,,,,,,MAFK,,,,,,,,,,,,,,,,,,,,,,,,,,,,,,,,,,,,,,,,,,,,,,,,,
UBQLN1,CLCA2,IGFN1,BTG2,RABL2A,MRPL39,,,,,,,,,,29585,,,,,,,,,,,,,,,,,,,,DDX39B,,,,,,,,,,,,,,,,,,,,,,,,,,,,,,,,,,,,,,,,,,,,,,,,,
CEMIP2,DBT,CRYBA2,ALDH4A1,SLC20A1,ATP5PF,,,,,,,,,,26005,,,,,,,,,,,,,,,,,,,,ARC,,,,,,,,,,,,,,,,,,,,,,,,,,,,,,,,,,,,,,,,,,,,,,,,,
MSI1,SELENOI,CIP2A,LCE2B,AMMECR1L,APCDD1,,,,,,,,,,40388,,,,,,,,,,,,,,,,,,,,MDM4,,,,,,,,,,,,,,,,,,,,,,,,,,,,,,,,,,,,,,,,,,,,,,,,,
DMTF1,DYNC2LI1,CWC22,PGLYRP3,UBR3,PROM2,,,,,,,,,,2349,,,,,,,,,,,,,,,,,,,,DLL1,,,,,,,,,,,,,,,,,,,,,,,,,,,,,,,,,,,,,,,,,,,,,,,,,
KCP,ACTR2,EIF5A2,RGS12,HSPD1,GTF3C6,,,,,,,,,,4730,,,,,,,,,,,,,,,,,,,,SLC5A3,,,,,,,,,,,,,,,,,,,,,,,,,,,,,,,,,,,,,,,,,,,,,,,,,
AKIRIN2,PREB,RYBP,PSKH1,KANSL1L,GRAMD2B,,,,,,,,,,17175,,,,,,,,,,,,,,,,,,,,ZNF830,,,,,,,,,,,,,,,,,,,,,,,,,,,,,,,,,,,,,,,,,,,,,,,,,
LCA5,ATRAID,PPP4R2,LYPD5,HES6,DBI,,,,,,,,,,14550,,,,,,,,,,,,,,,,,,,,FOXJ3,,,,,,,,,,,,,,,,,,,,,,,,,,,,,,,,,,,,,,,,,,,,,,,,,
PHF21A,ACTR1A,ATXN7,CALM3,4-Mar,HEATR3,,,,,,,,,,37989,,,,,,,,,,,,,,,,,,,,DENND4B,,,,,,,,,,,,,,,,,,,,,,,,,,,,,,,,,,,,,,,,,,,,,,,,,
PRPH,MYOF,CCNL1,ABCG1,STK11IP,RBM45,,,,,,,,,,41329,,,,,,,,,,,,,,,,,,,,FICD,,,,,,,,,,,,,,,,,,,,,,,,,,,,,,,,,,,,,,,,,,,,,,,,,
AVIL,BTBD16,CXCL3,G6PD,EAF1,RNF20,,,,,,,,,,23731,,,,,,,,,,,,,,,,,,,,MAP3K3,,,,,,,,,,,,,,,,,,,,,,,,,,,,,,,,,,,,,,,,,,,,,,,,,
AMHR2,ANXA7,CXCL1,CSTB,CSRNP1,RRAGA,,,,,,,,,,35032,,,,,,,,,,,,,,,,,,,,L1CAM,,,,,,,,,,,,,,,,,,,,,,,,,,,,,,,,,,,,,,,,,,,,,,,,,
ITGA7,RPS24,RCHY1,ZDHHC12,NFKBIZ,TMBIM4,,,,,,,,,,34131,,,,,,,,,,,,,,,,,,,,KIAA0753,,,,,,,,,,,,,,,,,,,,,,,,,,,,,,,,,,,,,,,,,,,,,,,,,
RDH5,ATIC,SLC6A20,TLCD1,MYH15,CARNMT1,,,,,,,,,,22655,,,,,,,,,,,,,,,,,,,,GPRASP1,,,,,,,,,,,,,,,,,,,,,,,,,,,,,,,,,,,,,,,,,,,,,,,,,
PAN2,METTL5,ZC3H12A,ANO10,RUBCN,ADK,,,,,,,,,,31388,,,,,,,,,,,,,,,,,,,,TBKBP1,,,,,,,,,,,,,,,,,,,,,,,,,,,,,,,,,,,,,,,,,,,,,,,,,
ESPL1,IDH1,SNIP1,LY6E,DCAF1,DRAM2,,,,,,,,,,24147,,,,,,,,,,,,,,,,,,,,ADAMTSL4-AS1,,,,,,,,,,,,,,,,,,,,,,,,,,,,,,,,,,,,,,,,,,,,,,,,,
KCNH3,WDR12,PRKCD,RPL8,SLIT2,RWDD2B,,,,,,,,,,35346,,,,,,,,,,,,,,,,,,,,HIST2H2BF,,,,,,,,,,,,,,,,,,,,,,,,,,,,,,,,,,,,,,,,,,,,,,,,,
AHI1,SLC49A4,SFMBT1,PCYT1A,EIF2B5,SH3RF2,,,,,,,,,,17030,,,,,,,,,,,,,,,,,,,,GDI1,,,,,,,,,,,,,,,,,,,,,,,,,,,,,,,,,,,,,,,,,,,,,,,,,
MICAL1,GLCE,UVSSA,FBXO27,SLC26A1,UQCRB,,,,,,,,,,29631,,,,,,,,,,,,,,,,,,,,LIME1,,,,,,,,,,,,,,,,,,,,,,,,,,,,,,,,,,,,,,,,,,,,,,,,,
STX11,PPCDC,UBXN7,DMKN,CENPC,PTDSS1,,,,,,,,,,31428,,,,,,,,,,,,,,,,,,,,BRD2,,,,,,,,,,,,,,,,,,,,,,,,,,,,,,,,,,,,,,,,,,,,,,,,,
EGR4,UBL7,MELTF,BDH1,6-Mar,HK1,,,,,,,,,,4903,,,,,,,,,,,,,,,,,,,,TNRC6C-AS1,,,,,,,,,,,,,,,,,,,,,,,,,,,,,,,,,,,,,,,,,,,,,,,,,
USP15,HERC3,SGMS2,FDXR,MYO10,TYSND1,,,,,,,,,,26027,,,,,,,,,,,,,,,,,,,,PBX2,,,,,,,,,,,,,,,,,,,,,,,,,,,,,,,,,,,,,,,,,,,,,,,,,
KLHL36,RAP1GDS1,RAD54L2,ZNF385A,BDP1,PHF6,,,,,,,,,,550,,,,,,,,,,,,,,,,,,,,AGER,,,,,,,,,,,,,,,,,,,,,,,,,,,,,,,,,,,,,,,,,,,,,,,,,
KIAA0513,NAAA,PPM1M,EMC10,FEM1C,CD109,,,,,,,,,,24190,,,,,,,,,,,,,,,,,,,,SLC44A4,,,,,,,,,,,,,,,,,,,,,,,,,,,,,,,,,,,,,,,,,,,,,,,,,
CCDC102A,SEPTIN11,SAP30,JOSD2,ZNF300,UBE2L6,,,,,,,,,,29591,,,,,,,,,,,,,,,,,,,,HSPA1B,,,,,,,,,,,,,,,,,,,,,,,,,,,,,,,,,,,,,,,,,,,,,,,,,
SLC9A5,SCARB2,ANXA5,MED11,N4BP3,MAPK13,,,,,,,,,,6232,,,,,,,,,,,,,,,,,,,,HSPA1A,,,,,,,,,,,,,,,,,,,,,,,,,,,,,,,,,,,,,,,,,,,,,,,,,
GLUL,USO1,OTUD4,RPL26,BOD1,RPUSD3,,,,,,,,,,20015,,,,,,,,,,,,,,,,,,,,HSPA1L,,,,,,,,,,,,,,,,,,,,,,,,,,,,,,,,,,,,,,,,,,,,,,,,,
DHX9,PPA2,NIPBL,SNRNP25,HIST1H2BA,ZFYVE9,,,,,,,,,,16227,,,,,,,,,,,,,,,,,,,,MICB,,,,,,,,,,,,,,,,,,,,,,,,,,,,,,,,,,,,,,,,,,,,,,,,,
LAMC1,GSTCD,CASP3,JMJD8,FAM193B,MMP14,,,,,,,,,,16129,,,,,,,,,,,,,,,,,,,,PPP1R10,,,,,,,,,,,,,,,,,,,,,,,,,,,,,,,,,,,,,,,,,,,,,,,,,
RC3H1,PAPSS1,CMYA5,HS3ST6,RNF44,DHRS4,,,,,,,,,,2053,,,,,,,,,,,,,,,,,,,,HLA-F,,,,,,,,,,,,,,,,,,,,,,,,,,,,,,,,,,,,,,,,,,,,,,,,,
SERPINE2,ZCRB1,GDF9,BICDL2,NFKBIE,DHRS1,,,,,,,,,,33391,,,,,,,,,,,,,,,,,,,,GABBR1,,,,,,,,,,,,,,,,,,,,,,,,,,,,,,,,,,,,,,,,,,,,,,,,,
DNAJB2,TMEM117,CGAS,PAQR4,PHIP,MYO1E,,,,,,,,,,25208,,,,,,,,,,,,,,,,,,,,ATXN2,,,,,,,,,,,,,,,,,,,,,,,,,,,,,,,,,,,,,,,,,,,,,,,,,
REV1,LRIG3,CREBRF,RPL29,MTFR2,TSC22D3,,,,,,,,,,15311,,,,,,,,,,,,,,,,,,,,ZBTB48,,,,,,,,,,,,,,,,,,,,,,,,,,,,,,,,,,,,,,,,,,,,,,,,,
EPC2,TMEM19,TMEM200A,PDZK1IP1,PNLDC1,MX1,,,,,,,,,,18791,,,,,,,,,,,,,,,,,,,,ZNF155,,,,,,,,,,,,,,,,,,,,,,,,,,,,,,,,,,,,,,,,,,,,,,,,,
ISCU,TMTC3,KIAA0895,CMPK1,WTAP,PRXL2B,,,,,,,,,,21490,,,,,,,,,,,,,,,,,,,,ZNF783,,,,,,,,,,,,,,,,,,,,,,,,,,,,,,,,,,,,,,,,,,,,,,,,,
SLC41A2,NEDD1,MED30,PDPN,ZMYM4,BABAM2,,,,,,,,,,31519,,,,,,,,,,,,,,,,,,,,FAM71F2,,,,,,,,,,,,,,,,,,,,,,,,,,,,,,,,,,,,,,,,,,,,,,,,,
IL6,RITA1,PHKG1,PEF1,CREB5,MRPL17,,,,,,,,,,3658,,,,,,,,,,,,,,,,,,,,ZBTB10,,,,,,,,,,,,,,,,,,,,,,,,,,,,,,,,,,,,,,,,,,,,,,,,,
ZFHX2,MMAB,KCNV1,OMA1,ZNF92,GRHL3,,,,,,,,,,25087,,,,,,,,,,,,,,,,,,,,E2F4,,,,,,,,,,,,,,,,,,,,,,,,,,,,,,,,,,,,,,,,,,,,,,,,,
SRSF1,GLTP,OSGIN2,GBP2,GIGYF1,NCK1,,,,,,,,,,16201,,,,,,,,,,,,,,,,,,,,SAP25,,,,,,,,,,,,,,,,,,,,,,,,,,,,,,,,,,,,,,,,,,,,,,,,,
VEZF1,TCHP,GPR146,IGSF8,TLK2,TPRG1L,,,,,,,,,,37730,,,,,,,,,,,,,,,,,,,,CPT1B,,,,,,,,,,,,,,,,,,,,,,,,,,,,,,,,,,,,,,,,,,,,,,,,,
MRPL47,NABP2,GPER1,C1orf74,KDM6A,RHBDL2,,,,,,,,,,31385,,,,,,,,,,,,,,,,,,,,RFPL3S,,,,,,,,,,,,,,,,,,,,,,,,,,,,,,,,,,,,,,,,,,,,,,,,,
TRA2B,MAP3K12,SLC4A2,BPNT1,TAF1,CNOT11,,,,,,,,,,10533,,,,,,,,,,,,,,,,,,,,C1RL-AS1,,,,,,,,,,,,,,,,,,,,,,,,,,,,,,,,,,,,,,,,,,,,,,,,,
SKIL,GALNT6,GEM,MRPL55,NONO,TSR2,,,,,,,,,,27787,,,,,,,,,,,,,,,,,,,,AC108134.1,,,,,,,,,,,,,,,,,,,,,,,,,,,,,,,,,,,,,,,,,,,,,,,,,
ZFP37,ESD,PDP1,DPY30,OGT,COPG2,,,,,,,,,,33326,,,,,,,,,,,,,,,,,,,,ZNF316,,,,,,,,,,,,,,,,,,,,,,,,,,,,,,,,,,,,,,,,,,,,,,,,,
ZNF189,MBNL2,FAM219A,ARL5A,GCNA,TAGLN2,,,,,,,,,,19144,,,,,,,,,,,,,,,,,,,,HCG27,,,,,,,,,,,,,,,,,,,,,,,,,,,,,,,,,,,,,,,,,,,,,,,,,
RNF38,TMX1,NFIL3,LRATD1,ZNF711,DUSP23,,,,,,,,,,25987,,,,,,,,,,,,,,,,,,,,THUMPD3-AS1,,,,,,,,,,,,,,,,,,,,,,,,,,,,,,,,,,,,,,,,,,,,,,,,,
TLN1,RDH12,GKAP1,VSNL1,ATP6V1B2,NBL1,,,,,,,,,,15390,,,,,,,,,,,,,,,,,,,,DIO2,,,,,,,,,,,,,,,,,,,,,,,,,,,,,,,,,,,,,,,,,,,,,,,,,
DNAJB5,WDR89,C9orf64,SPATA18,HMBOX1,CDA,,,,,,,,,,21530,,,,,,,,,,,,,,,,,,,,ZNF611,,,,,,,,,,,,,,,,,,,,,,,,,,,,,,,,,,,,,,,,,,,,,,,,,
KLC4,NIPA2,CARD19,SGPP2,GNRH1,PINK1,,,,,,,,,,23884,,,,,,,,,,,,,,,,,,,,DENND1B,,,,,,,,,,,,,,,,,,,,,,,,,,,,,,,,,,,,,,,,,,,,,,,,,
ZSCAN9,DUOXA1,CFL2,BNIPL,BIN3,TOMM40L,,,,,,,,,,33302,,,,,,,,,,,,,,,,,,,,ZNF254,,,,,,,,,,,,,,,,,,,,,,,,,,,,,,,,,,,,,,,,,,,,,,,,,
TJAP1,SORD,INPPL1,BOLA3,DOCK5,ALG8,,,,,,,,,,25203,,,,,,,,,,,,,,,,,,,,ASIC3,,,,,,,,,,,,,,,,,,,,,,,,,,,,,,,,,,,,,,,,,,,,,,,,,
IER3,ANP32A,PCF11,S100A11,PLPP5,CFAP298,,,,,,,,,,25989,,,,,,,,,,,,,,,,,,,,CHUK,,,,,,,,,,,,,,,,,,,,,,,,,,,,,,,,,,,,,,,,,,,,,,,,,
MDC1,ETFA,ZNF22,IVL,UHRF2,LAD1,,,,,,,,,,14471,,,,,,,,,,,,,,,,,,,,LCAT,,,,,,,,,,,,,,,,,,,,,,,,,,,,,,,,,,,,,,,,,,,,,,,,,
ATAT1,TSPAN3,EML5,SPRR3,MRRF,CSRP1,,,,,,,,,,34045,,,,,,,,,,,,,,,,,,,,LBH,,,,,,,,,,,,,,,,,,,,,,,,,,,,,,,,,,,,,,,,,,,,,,,,,
MTCH1,WDR61,BEND7,DHX57,NR6A1,ATP5MC1,,,,,,,,,,27016,,,,,,,,,,,,,,,,,,,,DDAH2,,,,,,,,,,,,,,,,,,,,,,,,,,,,,,,,,,,,,,,,,,,,,,,,,
VARS2,PCSK6,SNAPC4,SPRR2D,MIGA2,CBR1,,,,,,,,,,16202,,,,,,,,,,,,,,,,,,,,GTF2H4,,,,,,,,,,,,,,,,,,,,,,,,,,,,,,,,,,,,,,,,,,,,,,,,,
MYO7A,UNC45A,PIP4P1,PGLYRP4,TMEM236,CYB5R1,,,,,,,,,,23425,,,,,,,,,,,,,,,,,,,,DDX47,,,,,,,,,,,,,,,,,,,,,,,,,,,,,,,,,,,,,,,,,,,,,,,,,
IL18BP,SEC11A,RNASE7,S100A9,ZEB1,PSMD4,,,,,,,,,,20943,,,,,,,,,,,,,,,,,,,,CSNK1E,,,,,,,,,,,,,,,,,,,,,,,,,,,,,,,,,,,,,,,,,,,,,,,,,
CREBZF,C16orf58,ZNF219,GPR155,HERC4,BTG2,,,,,,,,,,18478,,,,,,,,,,,,,,,,,,,,TTLL3,,,,,,,,,,,,,,,,,,,,,,,,,,,,,,,,,,,,,,,,,,,,,,,,,
RNF121,KATNB1,SLC39A13,DAPL1,ANKRD1,ALDH4A1,,,,,,,,,,11258,,,,,,,,,,,,,,,,,,,,UCA1,,,,,,,,,,,,,,,,,,,,,,,,,,,,,,,,,,,,,,,,,,,,,,,,,
SLCO5A1,NOL3,MOAP1,PMVK,PPRC1,PGLYRP3,,,,,,,,,,1889,,,,,,,,,,,,,,,,,,,,C17orf67,,,,,,,,,,,,,,,,,,,,,,,,,,,,,,,,,,,,,,,,,,,,,,,,,
SDCBP,CDH13,TAF1D,PBXIP1,LIN7C,NAE1,,,,,,,,,,7406,,,,,,,,,,,,,,,,,,,,MEG3,,,,,,,,,,,,,,,,,,,,,,,,,,,,,,,,,,,,,,,,,,,,,,,,,
CTDSPL2,MEAK7,R3HCC1L,CLDN1,DGKZ,TMEM69,,,,,,,,,,5684,,,,,,,,,,,,,,,,,,,,GOLGA8B,,,,,,,,,,,,,,,,,,,,,,,,,,,,,,,,,,,,,,,,,,,,,,,,,
HAUS2,RPS2,SPRED1,NAXE,SLC43A1,CHCHD6,,,,,,,,,,27828,,,,,,,,,,,,,,,,,,,,FNIP1,,,,,,,,,,,,,,,,,,,,,,,,,,,,,,,,,,,,,,,,,,,,,,,,,
PARP6,NDUFB10,GPR176,IGFBP7,CELF1,PSKH1,,,,,,,,,,11350,,,,,,,,,,,,,,,,,,,,ZGLP1,,,,,,,,,,,,,,,,,,,,,,,,,,,,,,,,,,,,,,,,,,,,,,,,,
FNBP1L,GID4,RAB8B,ARPC2,CCDC81,DFFA,,,,,,,,,,13114,,,,,,,,,,,,,,,,,,,,FADS3,,,,,,,,,,,,,,,,,,,,,,,,,,,,,,,,,,,,,,,,,,,,,,,,,
GTF2B,NOB1,LARP6,TMEM79,CCDC82,NR2F6,,,,,,,,,,12449,,,,,,,,,,,,,,,,,,,,CCNL2,,,,,,,,,,,,,,,,,,,,,,,,,,,,,,,,,,,,,,,,,,,,,,,,,
THUMPD2,PCTP,ZNF319,STT3B,SERPINH1,NDUFV3,,,,,,,,,,38181,,,,,,,,,,,,,,,,,,,,CYTOR,,,,,,,,,,,,,,,,,,,,,,,,,,,,,,,,,,,,,,,,,,,,,,,,,
CYP1B1,C17orf80,SCN3B,NUAK2,MTA2,RRP1B,,,,,,,,,,23992,,,,,,,,,,,,,,,,,,,,MEG9,,,,,,,,,,,,,,,,,,,,,,,,,,,,,,,,,,,,,,,,,,,,,,,,,
FBXO11,SCRN2,APBB1,CDS1,CPSF7,G6PD,,,,,,,,,,31075,,,,,,,,,,,,,,,,,,,,EXOSC6,,,,,,,,,,,,,,,,,,,,,,,,,,,,,,,,,,,,,,,,,,,,,,,,,
DUSP5,G6PC3,TRIM44,PTPN13,TMEM25,CSTB,,,,,,,,,,25101,,,,,,,,,,,,,,,,,,,,ZNF844,,,,,,,,,,,,,,,,,,,,,,,,,,,,,,,,,,,,,,,,,,,,,,,,,
GPR87,PTRH2,RNF169,RPL9,SPATA25,ZDHHC12,,,,,,,,,,28147,,,,,,,,,,,,,,,,,,,,LINC00205,,,,,,,,,,,,,,,,,,,,,,,,,,,,,,,,,,,,,,,,,,,,,,,,,
MYPN,AFG3L2,CDYL2,SMIM14,YTHDF1,TLCD1,,,,,,,,,,21748,,,,,,,,,,,,,,,,,,,,AL451042.1,,,,,,,,,,,,,,,,,,,,,,,,,,,,,,,,,,,,,,,,,,,,,,,,,
AOX1,IMPA2,ZNF143,DNASE1L3,FERMT3,ZBTB7B,,,,,,,,,,23289,,,,,,,,,,,,,,,,,,,,SH3BP5-AS1,,,,,,,,,,,,,,,,,,,,,,,,,,,,,,,,,,,,,,,,,,,,,,,,,
NAB1,SLC39A6,RIMKLB,KIAA1143,PPP4C,NLRX1,,,,,,,,,,23781,,,,,,,,,,,,,,,,,,,,INE1,,,,,,,,,,,,,,,,,,,,,,,,,,,,,,,,,,,,,,,,,,,,,,,,,
ITGAV,GALNT1,RRAD,LIPH,TAOK2,ANO10,,,,,,,,,,30271,,,,,,,,,,,,,,,,,,,,AL603832.1,,,,,,,,,,,,,,,,,,,,,,,,,,,,,,,,,,,,,,,,,,,,,,,,,
SEMA7A,GAREM1,YPEL4,TKT,ARID5B,LMNA,,,,,,,,,,24582,,,,,,,,,,,,,,,,,,,,NCBP2-AS1,,,,,,,,,,,,,,,,,,,,,,,,,,,,,,,,,,,,,,,,,,,,,,,,,
HNRNPD,ANAPC11,KIF7,PIGX,DCUN1D2,LY6E,,,,,,,,,,28148,,,,,,,,,,,,,,,,,,,,SLC26A6,,,,,,,,,,,,,,,,,,,,,,,,,,,,,,,,,,,,,,,,,,,,,,,,,
GPAT3,TBCD,RBPMS2,CCDC51,LATS2,RPL8,,,,,,,,,,39751,,,,,,,,,,,,,,,,,,,,FAM229A,,,,,,,,,,,,,,,,,,,,,,,,,,,,,,,,,,,,,,,,,,,,,,,,,
FGF2,ZNF750,PATL1,APEH,NKAPD1,PCYT1A,,,,,,,,,,16516,,,,,,,,,,,,,,,,,,,,LINC00115,,,,,,,,,,,,,,,,,,,,,,,,,,,,,,,,,,,,,,,,,,,,,,,,,
MAPK8IP3,ERBB2,STX3,C4orf3,DHX37,FBXO27,,,,,,,,,,36961,,,,,,,,,,,,,,,,,,,,LINC00685,,,,,,,,,,,,,,,,,,,,,,,,,,,,,,,,,,,,,,,,,,,,,,,,,
RNF185,TXNL4A,MBD6,NDUFAF2,UBC,FDXR,,,,,,,,,,9002,,,,,,,,,,,,,,,,,,,,AC016831.1,,,,,,,,,,,,,,,,,,,,,,,,,,,,,,,,,,,,,,,,,,,,,,,,,
GABARAPL1,PFKL,SP2,F2RL1,SLC7A11,JOSD2,,,,,,,,,,36458,,,,,,,,,,,,,,,,,,,,PARD3-AS1,,,,,,,,,,,,,,,,,,,,,,,,,,,,,,,,,,,,,,,,,,,,,,,,,
AEBP2,MVB12A,ZNF91,NDUFS4,NOCT,MED11,,,,,,,,,,3624,,,,,,,,,,,,,,,,,,,,TMEM185B,,,,,,,,,,,,,,,,,,,,,,,,,,,,,,,,,,,,,,,,,,,,,,,,,
ETNK1,TMEM91,ENGASE,SERINC5,MBIP,RPL26,,,,,,,,,,34452,,,,,,,,,,,,,,,,,,,,LINC01068,,,,,,,,,,,,,,,,,,,,,,,,,,,,,,,,,,,,,,,,,,,,,,,,,
CLSTN3,IFITM3,TEPSIN,NSA2,FER,POLR3K,,,,,,,,,,24395,,,,,,,,,,,,,,,,,,,,AC016596.1,,,,,,,,,,,,,,,,,,,,,,,,,,,,,,,,,,,,,,,,,,,,,,,,,
VAMP1,APP,IRGQ,ADGRF2,ANKRD50,SNRNP25,,,,,,,,,,33225,,,,,,,,,,,,,,,,,,,,AC007383.2,,,,,,,,,,,,,,,,,,,,,,,,,,,,,,,,,,,,,,,,,,,,,,,,,
COL2A1,CBLC,RSKR,UQCRQ,EPS8,PAQR4,,,,,,,,,,37127,,,,,,,,,,,,,,,,,,,,AL451042.2,,,,,,,,,,,,,,,,,,,,,,,,,,,,,,,,,,,,,,,,,,,,,,,,,
GAS2L3,RPS11,ZNF641,SLC35A1,WWC2,FLYWCH2,,,,,,,,,,16208,,,,,,,,,,,,,,,,,,,,IL6R-AS1,,,,,,,,,,,,,,,,,,,,,,,,,,,,,,,,,,,,,,,,,,,,,,,,,
TDG,RPL13A,TP53I13,CITED2,SACS,RPL29,,,,,,,,,,24230,,,,,,,,,,,,,,,,,,,,MELTF-AS1,,,,,,,,,,,,,,,,,,,,,,,,,,,,,,,,,,,,,,,,,,,,,,,,,
NUP58,SH3BGRL3,KMT2D,RAET1E,BAG3,PDZK1IP1,,,,,,,,,,36404,,,,,,,,,,,,,,,,,,,,AC093495.1,,,,,,,,,,,,,,,,,,,,,,,,,,,,,,,,,,,,,,,,,,,,,,,,,
SLC7A1,RPL11,ZNF528,RPS14,SETBP1,CMPK1,,,,,,,,,,27930,,,,,,,,,,,,,,,,,,,,LINC01004,,,,,,,,,,,,,,,,,,,,,,,,,,,,,,,,,,,,,,,,,,,,,,,,,
LNX2,IL22RA1,SERTAD3,PTTG1,EPG5,ZYG11B,,,,,,,,,,26029,,,,,,,,,,,,,,,,,,,,AL139260.1,,,,,,,,,,,,,,,,,,,,,,,,,,,,,,,,,,,,,,,,,,,,,,,,,
SUOX,SYTL1,NCKAP5L,STEAP1,UHMK1,AK4,,,,,,,,,,18028,,,,,,,,,,,,,,,,,,,,BX284668.2,,,,,,,,,,,,,,,,,,,,,,,,,,,,,,,,,,,,,,,,,,,,,,,,,
GPR84,SERBP1,GPD1,MIOS,SPOCK1,PDPN,,,,,,,,,,36694,,,,,,,,,,,,,,,,,,,,AC008781.1,,,,,,,,,,,,,,,,,,,,,,,,,,,,,,,,,,,,,,,,,,,,,,,,,
NPFF,PIGK,PROSER3,FABP5,HOMER1,PEF1,,,,,,,,,,33546,,,,,,,,,,,,,,,,,,,,BACH1-IT2,,,,,,,,,,,,,,,,,,,,,,,,,,,,,,,,,,,,,,,,,,,,,,,,,
N4BP2L1,RPS8,AXL,DNAAF5,XRCC4,SNX7,,,,,,,,,,23325,,,,,,,,,,,,,,,,,,,,HYI-AS1,,,,,,,,,,,,,,,,,,,,,,,,,,,,,,,,,,,,,,,,,,,,,,,,,
KANSL2,CYP4B1,NFKBID,DEFB1,ZNF547,ARPC5,,,,,,,,,,7987,,,,,,,,,,,,,,,,,,,,LINC00452,,,,,,,,,,,,,,,,,,,,,,,,,,,,,,,,,,,,,,,,,,,,,,,,,
ITGB7,IGSF3,LENG8,TMEM184A,ZNF776,IGSF8,,,,,,,,,,11139,,,,,,,,,,,,,,,,,,,,AL021707.3,,,,,,,,,,,,,,,,,,,,,,,,,,,,,,,,,,,,,,,,,,,,,,,,,
LPAR6,CELSR2,KIFC2,ALDH7A1,ZNF256,PEX19,,,,,,,,,,36552,,,,,,,,,,,,,,,,,,,,LINC01786,,,,,,,,,,,,,,,,,,,,,,,,,,,,,,,,,,,,,,,,,,,,,,,,,
SBNO1,ALDH9A1,TRPV3,COX6C,USP12,BPNT1,,,,,,,,,,26126,,,,,,,,,,,,,,,,,,,,AC091133.1,,,,,,,,,,,,,,,,,,,,,,,,,,,,,,,,,,,,,,,,,,,,,,,,,
SETD1B,TIPRL,KLK6,NUDT2,TRIM36,DPY30,,,,,,,,,,68,,,,,,,,,,,,,,,,,,,,ZNF341-AS1,,,,,,,,,,,,,,,,,,,,,,,,,,,,,,,,,,,,,,,,,,,,,,,,,
VPS37B,CREG1,ANGPTL4,KDM1B,PAN3,ARL5A,,,,,,,,,,19147,,,,,,,,,,,,,,,,,,,,ZNF674-AS1,,,,,,,,,,,,,,,,,,,,,,,,,,,,,,,,,,,,,,,,,,,,,,,,,
CDH24,MGST3,ZNF558,ATP7A,PRDM8,LRATD1,,,,,,,,,,37878,,,,,,,,,,,,,,,,,,,,APCDD1L-DT,,,,,,,,,,,,,,,,,,,,,,,,,,,,,,,,,,,,,,,,,,,,,,,,,
REM2,NECTIN4,HID1,NDUFB6,HNRNPDL,CFAP36,,,,,,,,,,6548,,,,,,,,,,,,,,,,,,,,LINC01160,,,,,,,,,,,,,,,,,,,,,,,,,,,,,,,,,,,,,,,,,,,,,,,,,
FITM1,SDHC,TMEM88,AQP3,HNRNPU,SMC6,,,,,,,,,,23853,,,,,,,,,,,,,,,,,,,,LUARIS,,,,,,,,,,,,,,,,,,,,,,,,,,,,,,,,,,,,,,,,,,,,,,,,,
PELI2,MRPL24,E4F1,MELK,FAM49B,VSNL1,,,,,,,,,,28730,,,,,,,,,,,,,,,,,,,,KF459542.1,,,,,,,,,,,,,,,,,,,,,,,,,,,,,,,,,,,,,,,,,,,,,,,,,
ARMH4,CRABP2,FTH1,GJB2,ASAP1,SGPP2,,,,,,,,,,7985,,,,,,,,,,,,,,,,,,,,LINC02818,,,,,,,,,,,,,,,,,,,,,,,,,,,,,,,,,,,,,,,,,,,,,,,,,
RAB15,LYPLAL1,SLC3A2,SKA3,INO80C,BOLA3,,,,,,,,,,11701,,,,,,,,,,,,,,,,,,,,AC093673.1,,,,,,,,,,,,,,,,,,,,,,,,,,,,,,,,,,,,,,,,,,,,,,,,,
WDR20,PRUNE1,SPINDOC,KLHDC2,UBALD1,S100A11,,,,,,,,,,20942,,,,,,,,,,,,,,,,,,,,IDI2-AS1,,,,,,,,,,,,,,,,,,,,,,,,,,,,,,,,,,,,,,,,,,,,,,,,,
TCF12,ADAMTSL4,LTBP3,NUDT5,ING1,IVL,,,,,,,,,,36439,,,,,,,,,,,,,,,,,,,,LMLN-AS1,,,,,,,,,,,,,,,,,,,,,,,,,,,,,,,,,,,,,,,,,,,,,,,,,
BAHD1,RFX5,PAFAH1B2,ATP5F1C,ADPRHL1,PGLYRP4,,,,,,,,,,18078,,,,,,,,,,,,,,,,,,,,LINC00342,,,,,,,,,,,,,,,,,,,,,,,,,,,,,,,,,,,,,,,,,,,,,,,,,
MAN2C1,MINDY1,SETD5,SPACA9,JAZF1,S100A9,,,,,,,,,,40430,,,,,,,,,,,,,,,,,,,,SNHG7,,,,,,,,,,,,,,,,,,,,,,,,,,,,,,,,,,,,,,,,,,,,,,,,,
DNAJA4,SMYD2,DDIT4,SLC39A2,TRIP12,DAPL1,,,,,,,,,,4161,,,,,,,,,,,,,,,,,,,,ERVH48-1,,,,,,,,,,,,,,,,,,,,,,,,,,,,,,,,,,,,,,,,,,,,,,,,,
ARRDC4,FLG2,UBTD2,NDRG2,SREK1,PMVK,,,,,,,,,,17888,,,,,,,,,,,,,,,,,,,,AC079807.1,,,,,,,,,,,,,,,,,,,,,,,,,,,,,,,,,,,,,,,,,,,,,,,,,
CYP1A1,ADAM15,BMI1,UBTD1,CHD1,PBXIP1,,,,,,,,,,7664,,,,,,,,,,,,,,,,,,,,LINC01783,,,,,,,,,,,,,,,,,,,,,,,,,,,,,,,,,,,,,,,,,,,,,,,,,
HAPLN3,S100A8,PXK,PSMC3,ZUP1,CLDN1,,,,,,,,,,7452,,,,,,,,,,,,,,,,,,,,HOTAIRM1,,,,,,,,,,,,,,,,,,,,,,,,,,,,,,,,,,,,,,,,,,,,,,,,,
MFGE8,SNAPIN,HIST1H1E,IFI27,OTULIN,NAXE,,,,,,,,,,27005,,,,,,,,,,,,,,,,,,,,LINC00513,,,,,,,,,,,,,,,,,,,,,,,,,,,,,,,,,,,,,,,,,,,,,,,,,
CRTC3,EFNA3,MFSD2A,SERPINA12,TBRG1,IGFBP7,,,,,,,,,,29796,,,,,,,,,,,,,,,,,,,,KRTAP5-AS1,,,,,,,,,,,,,,,,,,,,,,,,,,,,,,,,,,,,,,,,,,,,,,,,,
EFL1,TTC13,STIP1,AMOTL1,CC2D1B,ARPC2,,,,,,,,,,23287,,,,,,,,,,,,,,,,,,,,AC008443.1,,,,,,,,,,,,,,,,,,,,,,,,,,,,,,,,,,,,,,,,,,,,,,,,,
ARMC5,DEGS1,BMP1,HTRA1,ABCA5,TMEM79,,,,,,,,,,10297,,,,,,,,,,,,,,,,,,,,LINC01191,,,,,,,,,,,,,,,,,,,,,,,,,,,,,,,,,,,,,,,,,,,,,,,,,
CDR2,MBOAT2,ATXN2L,CKB,TNIK,CHCHD4,,,,,,,,,,16206,,,,,,,,,,,,,,,,,,,,MAGI2-AS3,,,,,,,,,,,,,,,,,,,,,,,,,,,,,,,,,,,,,,,,,,,,,,,,,
ARHGAP17,EPHX1,SEMA4C,DPCD,NEIL2,RPL22L1,,,,,,,,,,28690,,,,,,,,,,,,,,,,,,,,C11orf94,,,,,,,,,,,,,,,,,,,,,,,,,,,,,,,,,,,,,,,,,,,,,,,,,
DHX38,PDIA6,PPIP5K1,NOLC1,SH3RF1,CDS1,,,,,,,,,,32846,,,,,,,,,,,,,,,,,,,,AL360181.2,,,,,,,,,,,,,,,,,,,,,,,,,,,,,,,,,,,,,,,,,,,,,,,,,
TXNL4B,ATP6V1C2,ZNF507,WBP1L,PDLIM3,THOC7,,,,,,,,,,9075,,,,,,,,,,,,,,,,,,,,LURAP1L-AS1,,,,,,,,,,,,,,,,,,,,,,,,,,,,,,,,,,,,,,,,,,,,,,,,,
CPNE2,RPS27A,ANKRD49,ANAPC16,ADAMTS1,SMIM14,,,,,,,,,,12527,,,,,,,,,,,,,,,,,,,,AC073046.1,,,,,,,,,,,,,,,,,,,,,,,,,,,,,,,,,,,,,,,,,,,,,,,,,
CMTM3,MALL,TNIP2,CYB5A,FLCN,IL17RE,,,,,,,,,,4952,,,,,,,,,,,,,,,,,,,,AC019117.1,,,,,,,,,,,,,,,,,,,,,,,,,,,,,,,,,,,,,,,,,,,,,,,,,
MAP1LC3B,TMEM177,MAT2A,USP54,USP43,TMEM41A,,,,,,,,,,15498,,,,,,,,,,,,,,,,,,,,AC003092.1,,,,,,,,,,,,,,,,,,,,,,,,,,,,,,,,,,,,,,,,,,,,,,,,,
ZCCHC14,SCRN3,SLC35G2,PPFIBP2,ATP6V1C1,TKT,,,,,,,,,,16755,,,,,,,,,,,,,,,,,,,,AC007666.1,,,,,,,,,,,,,,,,,,,,,,,,,,,,,,,,,,,,,,,,,,,,,,,,,
OSGIN1,LNPK,E2F6,CYB5R2,ZFYVE27,RFT1,,,,,,,,,,980,,,,,,,,,,,,,,,,,,,,ZBTB40-IT1,,,,,,,,,,,,,,,,,,,,,,,,,,,,,,,,,,,,,,,,,,,,,,,,,
RHOT2,SUMF1,HNRNPH1,SERPINB7,HSPA13,PIGX,,,,,,,,,,5430,,,,,,,,,,,,,,,,,,,,RNF223,,,,,,,,,,,,,,,,,,,,,,,,,,,,,,,,,,,,,,,,,,,,,,,,,
TIGD7,VGLL4,ZBTB43,RPL27A,PPM1J,PGRMC2,,,,,,,,,,34644,,,,,,,,,,,,,,,,,,,,FTCD-AS1,,,,,,,,,,,,,,,,,,,,,,,,,,,,,,,,,,,,,,,,,,,,,,,,,
TCF25,CTDSP1,XPO6,LEO1,MIER3,CCDC51,,,,,,,,,,19398,,,,,,,,,,,,,,,,,,,,PITRM1-AS1,,,,,,,,,,,,,,,,,,,,,,,,,,,,,,,,,,,,,,,,,,,,,,,,,
KSR1,POMGNT2,NPIPB3,WEE1,FAM126B,SHISA5,,,,,,,,,,32207,,,,,,,,,,,,,,,,,,,,AL356356.1,,,,,,,,,,,,,,,,,,,,,,,,,,,,,,,,,,,,,,,,,,,,,,,,,
RANBP10,CTDSPL,PTPN9,MCM7,RASA2,APEH,,,,,,,,,,13849,,,,,,,,,,,,,,,,,,,,LINC01589,,,,,,,,,,,,,,,,,,,,,,,,,,,,,,,,,,,,,,,,,,,,,,,,,
CTRL,RPL32,CXCL8,A2ML1,CLIC2,DUSP7,,,,,,,,,,22520,,,,,,,,,,,,,,,,,,,,LINC00707,,,,,,,,,,,,,,,,,,,,,,,,,,,,,,,,,,,,,,,,,,,,,,,,,
SGSM2,ARL6IP5,PLEKHA2,TMED3,GRIP1,C4orf3,,,,,,,,,,18500,,,,,,,,,,,,,,,,,,,,RNF103,,,,,,,,,,,,,,,,,,,,,,,,,,,,,,,,,,,,,,,,,,,,,,,,,
SSH2,ABHD10,HIC2,SEC11C,KIF5A,PRSS12,,,,,,,,,,14784,,,,,,,,,,,,,,,,,,,,KMT2E-AS1,,,,,,,,,,,,,,,,,,,,,,,,,,,,,,,,,,,,,,,,,,,,,,,,,
TAF4B,SRPRB,AGPAT2,CDH16,MCU,NDUFAF2,,,,,,,,,,79,,,,,,,,,,,,,,,,,,,,CDRT4,,,,,,,,,,,,,,,,,,,,,,,,,,,,,,,,,,,,,,,,,,,,,,,,,
GATA6,TCTA,CSGALNACT2,HSP90B1,USP16,SLC25A46,,,,,,,,,,19801,,,,,,,,,,,,,,,,,,,,GET4,,,,,,,,,,,,,,,,,,,,,,,,,,,,,,,,,,,,,,,,,,,,,,,,,
GREB1L,NICN1,TRIM56,BEX3,BACH1,PRRC1,,,,,,,,,,23329,,,,,,,,,,,,,,,,,,,,LY6G5B,,,,,,,,,,,,,,,,,,,,,,,,,,,,,,,,,,,,,,,,,,,,,,,,,
ZMYND15,MANF,ITGAM,B2M,SCAF4,F2RL1,,,,,,,,,,27443,,,,,,,,,,,,,,,,,,,,AL139287.1,,,,,,,,,,,,,,,,,,,,,,,,,,,,,,,,,,,,,,,,,,,,,,,,,
SAT2,ATP10D,TOR1AIP2,PPIB,FGF18,AGGF1,,,,,,,,,,11260,,,,,,,,,,,,,,,,,,,,CRCP,,,,,,,,,,,,,,,,,,,,,,,,,,,,,,,,,,,,,,,,,,,,,,,,,
ASGR1,OCIAD2,TM4SF1,SCNN1G,SUPV3L1,SERINC5,,,,,,,,,,33764,,,,,,,,,,,,,,,,,,,,C8orf58,,,,,,,,,,,,,,,,,,,,,,,,,,,,,,,,,,,,,,,,,,,,,,,,,
TMC6,SLC10A6,OTUD3,NAV2,ZFAND3,CFAP97,,,,,,,,,,36647,,,,,,,,,,,,,,,,,,,,PISD,,,,,,,,,,,,,,,,,,,,,,,,,,,,,,,,,,,,,,,,,,,,,,,,,
SLC16A3,SCD5,KLF13,CHP2,SAMD8,UBLCP1,,,,,,,,,,38548,,,,,,,,,,,,,,,,,,,,HYPK,,,,,,,,,,,,,,,,,,,,,,,,,,,,,,,,,,,,,,,,,,,,,,,,,
EIF4A3,ENOPH1,ZNF764,MAPRE2,FBRS,SEPTIN8,,,,,,,,,,34843,,,,,,,,,,,,,,,,,,,,AP5Z1,,,,,,,,,,,,,,,,,,,,,,,,,,,,,,,,,,,,,,,,,,,,,,,,,
CSNK1D,PYURF,NLGN2,PDIA3,PHKG2,UQCRQ,,,,,,,,,,3749,,,,,,,,,,,,,,,,,,,,KCTD7,,,,,,,,,,,,,,,,,,,,,,,,,,,,,,,,,,,,,,,,,,,,,,,,,
MBD1,CAMK2D,CHD3,ACSF2,EIF4A2,SLC35A1,,,,,,,,,,35347,,,,,,,,,,,,,,,,,,,,NPIPB5,,,,,,,,,,,,,,,,,,,,,,,,,,,,,,,,,,,,,,,,,,,,,,,,,
ZCCHC2,SETD7,CNTROB,CERCAM,BRPF1,SFXN1,,,,,,,,,,16990,,,,,,,,,,,,,,,,,,,,P2RY11,,,,,,,,,,,,,,,,,,,,,,,,,,,,,,,,,,,,,,,,,,,,,,,,,
PMAIP1,RPS3A,ZNF778,POP5,EXOG,PDSS2,,,,,,,,,,24093,,,,,,,,,,,,,,,,,,,,ETV5,,,,,,,,,,,,,,,,,,,,,,,,,,,,,,,,,,,,,,,,,,,,,,,,,
BRD4,CBR4,CHRNB1,ATP5MG,SMG1,RAET1E,,,,,,,,,,15310,,,,,,,,,,,,,,,,,,,,RBM12,,,,,,,,,,,,,,,,,,,,,,,,,,,,,,,,,,,,,,,,,,,,,,,,,
VAV1,NDUFS6,ZNF212,STIM1,RBPMS,RPS14,,,,,,,,,,26127,,,,,,,,,,,,,,,,,,,,AL021707.5,,,,,,,,,,,,,,,,,,,,,,,,,,,,,,,,,,,,,,,,,,,,,,,,,
PGGHG,SRD5A1,ZNF282,RRM1,ODR4,PTTG1,,,,,,,,,,19504,,,,,,,,,,,,,,,,,,,,N4BP2L2,,,,,,,,,,,,,,,,,,,,,,,,,,,,,,,,,,,,,,,,,,,,,,,,,
COL6A1,RPL37,UBB,TPM4,DYRK1A,STEAP1,,,,,,,,,,30981,,,,,,,,,,,,,,,,,,,,AC008393.1,,,,,,,,,,,,,,,,,,,,,,,,,,,,,,,,,,,,,,,,,,,,,,,,,
COL6A2,SKP2,NFRKB,CDT1,TAB3,FABP5,,,,,,,,,,31132,,,,,,,,,,,,,,,,,,,,LINC02709,,,,,,,,,,,,,,,,,,,,,,,,,,,,,,,,,,,,,,,,,,,,,,,,,
SCYL1,PAM,FOS,TRAPPC2L,BRAF,ORC5,,,,,,,,,,39786,,,,,,,,,,,,,,,,,,,,NEAT1,,,,,,,,,,,,,,,,,,,,,,,,,,,,,,,,,,,,,,,,,,,,,,,,,
EMP3,SLC30A5,GPRC5C,RPL13,WDR19,DEFB1,,,,,,,,,,32772,,,,,,,,,,,,,,,,,,,,AL049543.1,,,,,,,,,,,,,,,,,,,,,,,,,,,,,,,,,,,,,,,,,,,,,,,,,
RNPEPL1,CXCL14,KRT8,CDC42EP5,SLC37A3,CDK5,,,,,,,,,,25088,,,,,,,,,,,,,,,,,,,,UBE2D3-AS1,,,,,,,,,,,,,,,,,,,,,,,,,,,,,,,,,,,,,,,,,,,,,,,,,
CAPN10,PCYOX1L,PFKFB3,C19orf33,PANK4,PHAX,,,,,,,,,,35130,,,,,,,,,,,,,,,,,,,,SOCS2-AS1,,,,,,,,,,,,,,,,,,,,,,,,,,,,,,,,,,,,,,,,,,,,,,,,,
ERVK3-1,NHP2,TMC7,LY6D,DUSP2,COX6C,,,,,,,,,,21607,,,,,,,,,,,,,,,,,,,,ZCCHC3,,,,,,,,,,,,,,,,,,,,,,,,,,,,,,,,,,,,,,,,,,,,,,,,,
ZNF787,TENM2,RNF34,EEF2,CNNM4,YWHAZ,,,,,,,,,,5078,,,,,,,,,,,,,,,,,,,,LUCAT1,,,,,,,,,,,,,,,,,,,,,,,,,,,,,,,,,,,,,,,,,,,,,,,,,
ZNF473,ZMAT2,HOXB9,NXN,ABHD3,SLC25A32,,,,,,,,,,3492,,,,,,,,,,,,,,,,,,,,BACH1-IT1,,,,,,,,,,,,,,,,,,,,,,,,,,,,,,,,,,,,,,,,,,,,,,,,,
EPHA2,HIGD2A,FOXN2,MFSD3,GPRASP2,SNAPC3,,,,,,,,,,35103,,,,,,,,,,,,,,,,,,,,ZNF436-AS1,,,,,,,,,,,,,,,,,,,,,,,,,,,,,,,,,,,,,,,,,,,,,,,,,
CNKSR1,PLA2G7,KBTBD2,TSR1,HIST1H2BD,NUDT2,,,,,,,,,,16757,,,,,,,,,,,,,,,,,,,,AC126768.2,,,,,,,,,,,,,,,,,,,,,,,,,,,,,,,,,,,,,,,,,,,,,,,,,
C1orf216,TNFRSF21,KIAA0232,GGT6,HIST1H4H,SYK,,,,,,,,,,30029,,,,,,,,,,,,,,,,,,,,MCPH1-AS1,,,,,,,,,,,,,,,,,,,,,,,,,,,,,,,,,,,,,,,,,,,,,,,,,
GPN2,SLC18B1,TPT1-AS1,KLK5,B4GALT5,KDM1B,,,,,,,,,,7661,,,,,,,,,,,,,,,,,,,,YJEFN3,,,,,,,,,,,,,,,,,,,,,,,,,,,,,,,,,,,,,,,,,,,,,,,,,
BCL10,AIG1,TANC2,KLK11,SPATA2,TMEM246,,,,,,,,,,3801,,,,,,,,,,,,,,,,,,,,AC112722.1,,,,,,,,,,,,,,,,,,,,,,,,,,,,,,,,,,,,,,,,,,,,,,,,,
CCN1,EGFR,ZNF160,KLK13,ZC3H18,MID1IP1,,,,,,,,,,29233,,,,,,,,,,,,,,,,,,,,CDK3,,,,,,,,,,,,,,,,,,,,,,,,,,,,,,,,,,,,,,,,,,,,,,,,,
MTF2,MDH2,ZNF692,KRT80,ZFAND2B,NDUFB6,,,,,,,,,,20703,,,,,,,,,,,,,,,,,,,,SHANK3,,,,,,,,,,,,,,,,,,,,,,,,,,,,,,,,,,,,,,,,,,,,,,,,,
ZNF697,PSPH,NAIF1,KRT1,PPP1R15B,MELK,,,,,,,,,,12072,,,,,,,,,,,,,,,,,,,,ZNF550,,,,,,,,,,,,,,,,,,,,,,,,,,,,,,,,,,,,,,,,,,,,,,,,,
STRIP1,TMEM168,TRIM8,ACER1,RNF166,SPTSSA,,,,,,,,,,4747,,,,,,,,,,,,,,,,,,,,AC007106.1,,,,,,,,,,,,,,,,,,,,,,,,,,,,,,,,,,,,,,,,,,,,,,,,,
FNDC7,TMEM209,CDC42BPG,NDUFV1,DEDD,GJB2,,,,,,,,,,31157,,,,,,,,,,,,,,,,,,,,MALAT1,,,,,,,,,,,,,,,,,,,,,,,,,,,,,,,,,,,,,,,,,,,,,,,,,
C1orf162,EPHA1,JUNB,CDK2AP2,B4GALT3,CRYL1,,,,,,,,,,7392,,,,,,,,,,,,,,,,,,,,AC009812.1,,,,,,,,,,,,,,,,,,,,,,,,,,,,,,,,,,,,,,,,,,,,,,,,,
POU2F1,SH3KBP1,FAM241B,NUDT8,FAM160B2,DNAAF2,,,,,,,,,,16271,,,,,,,,,,,,,,,,,,,,LINC01605,,,,,,,,,,,,,,,,,,,,,,,,,,,,,,,,,,,,,,,,,,,,,,,,,
PFDN2,EBP,CHD7,PRDX2,RAPGEF6,ARF6,,,,,,,,,,35600,,,,,,,,,,,,,,,,,,,,AC037459.2,,,,,,,,,,,,,,,,,,,,,,,,,,,,,,,,,,,,,,,,,,,,,,,,,
USP21,NSDHL,ASXL1,ATP5PD,SYNJ1,NUDT5,,,,,,,,,,40428,,,,,,,,,,,,,,,,,,,,TUG1,,,,,,,,,,,,,,,,,,,,,,,,,,,,,,,,,,,,,,,,,,,,,,,,,
PRCC,ZNF185,DLK2,TK1,PAXBP1,ATP5F1C,,,,,,,,,,19062,,,,,,,,,,,,,,,,,,,,AC091185.1,,,,,,,,,,,,,,,,,,,,,,,,,,,,,,,,,,,,,,,,,,,,,,,,,
RRNAD1,CETN2,ZNF274,GSDMA,SON,PRDX3,,,,,,,,,,26341,,,,,,,,,,,,,,,,,,,,AC100797.1,,,,,,,,,,,,,,,,,,,,,,,,,,,,,,,,,,,,,,,,,,,,,,,,,
ABL2,RPL10,PIK3CD,KRT24,UBE2Z,SLC39A2,,,,,,,,,,23782,,,,,,,,,,,,,,,,,,,,AC091564.2,,,,,,,,,,,,,,,,,,,,,,,,,,,,,,,,,,,,,,,,,,,,,,,,,
RGS16,CCDC25,ENC1,FAM234A,CIART,CASP7,,,,,,,,,,3982,,,,,,,,,,,,,,,,,,,,AP002336.1,,,,,,,,,,,,,,,,,,,,,,,,,,,,,,,,,,,,,,,,,,,,,,,,,
TOR1AIP1,MRPS28,RGS19,MLST8,CCDC24,TRUB1,,,,,,,,,,1872,,,,,,,,,,,,,,,,,,,,AC105219.2,,,,,,,,,,,,,,,,,,,,,,,,,,,,,,,,,,,,,,,,,,,,,,,,,
SF3B4,LACTB2,NHLH1,BSCL2,MORC3,UBTD1,,,,,,,,,,26743,,,,,,,,,,,,,,,,,,,,AC080023.1,,,,,,,,,,,,,,,,,,,,,,,,,,,,,,,,,,,,,,,,,,,,,,,,,
SETDB1,RPL7,FBXL14,POLR2G,SPRR2G,PACSIN3,,,,,,,,,,16126,,,,,,,,,,,,,,,,,,,,AC105219.3,,,,,,,,,,,,,,,,,,,,,,,,,,,,,,,,,,,,,,,,,,,,,,,,,
MCL1,MAL2,CYP4F11,ATG16L2,RSPRY1,IFI27,,,,,,,,,,27047,,,,,,,,,,,,,,,,,,,,AP000911.1,,,,,,,,,,,,,,,,,,,,,,,,,,,,,,,,,,,,,,,,,,,,,,,,,
PIP5K1A,TATDN1,JMJD1C,RPSA,CCDC17,AMOTL1,,,,,,,,,,11320,,,,,,,,,,,,,,,,,,,,AP006284.1,,,,,,,,,,,,,,,,,,,,,,,,,,,,,,,,,,,,,,,,,,,,,,,,,
POGZ,GSDMC,SYNPO,ENTPD3,GPBP1L1,HTRA1,,,,,,,,,,20209,,,,,,,,,,,,,,,,,,,,AC136475.3,,,,,,,,,,,,,,,,,,,,,,,,,,,,,,,,,,,,,,,,,,,,,,,,,
DYRK3,AK3,LAMB2,SAC3D1,ATP6V0D1,GPT2,,,,,,,,,,23747,,,,,,,,,,,,,,,,,,,,AP002807.1,,,,,,,,,,,,,,,,,,,,,,,,,,,,,,,,,,,,,,,,,,,,,,,,,
DUSP10,CDKN2B,ISG20,SCARA3,ZYX,DPCD,,,,,,,,,,7518,,,,,,,,,,,,,,,,,,,,EID3,,,,,,,,,,,,,,,,,,,,,,,,,,,,,,,,,,,,,,,,,,,,,,,,,
TP53BP2,CDKN2A,CFAP53,PBK,CCDC117,API5,,,,,,,,,,15681,,,,,,,,,,,,,,,,,,,,AP000941.1,,,,,,,,,,,,,,,,,,,,,,,,,,,,,,,,,,,,,,,,,,,,,,,,,
S100A7,IFNK,GTPBP2,COPS6,ZNF222,HPS6,,,,,,,,,,34654,,,,,,,,,,,,,,,,,,,,AP001922.5,,,,,,,,,,,,,,,,,,,,,,,,,,,,,,,,,,,,,,,,,,,,,,,,,
UBAP2L,SIGMAR1,BANP,RAB4A,NPR2,ALKBH3,,,,,,,,,,8178,,,,,,,,,,,,,,,,,,,,LINC02757,,,,,,,,,,,,,,,,,,,,,,,,,,,,,,,,,,,,,,,,,,,,,,,,,
SLC39A1,MFSD14B,EFEMP2,VASN,UBE2J2,WBP1L,,,,,,,,,,23548,,,,,,,,,,,,,,,,,,,,EBLN2,,,,,,,,,,,,,,,,,,,,,,,,,,,,,,,,,,,,,,,,,,,,,,,,,
GATAD2B,STOM,MUS81,RNF187,RSPH1,BORCS7,,,,,,,,,,4516,,,,,,,,,,,,,,,,,,,,CCND2-AS1,,,,,,,,,,,,,,,,,,,,,,,,,,,,,,,,,,,,,,,,,,,,,,,,,
ILF2,GSN,NAA16,NT5DC2,PKNOX1,ANAPC16,,,,,,,,,,33159,,,,,,,,,,,,,,,,,,,,ZNF432,,,,,,,,,,,,,,,,,,,,,,,,,,,,,,,,,,,,,,,,,,,,,,,,,
RIT1,ALAD,ZNF621,FILIP1L,PDXK,CYB5A,,,,,,,,,,33303,,,,,,,,,,,,,,,,,,,,AC027290.1,,,,,,,,,,,,,,,,,,,,,,,,,,,,,,,,,,,,,,,,,,,,,,,,,
SDE2,SURF1,LVRN,DTYMK,FTCD,C11orf74,,,,,,,,,,27801,,,,,,,,,,,,,,,,,,,,AP000763.3,,,,,,,,,,,,,,,,,,,,,,,,,,,,,,,,,,,,,,,,,,,,,,,,,
ARF1,REXO4,PHF8,SCNN1B,PCNT,PPFIBP2,,,,,,,,,,18786,,,,,,,,,,,,,,,,,,,,POLG2,,,,,,,,,,,,,,,,,,,,,,,,,,,,,,,,,,,,,,,,,,,,,,,,,
CDC42BPA,RPL7A,RELA,HR,DIP2A,SERPINB7,,,,,,,,,,4963,,,,,,,,,,,,,,,,,,,,AC068888.2,,,,,,,,,,,,,,,,,,,,,,,,,,,,,,,,,,,,,,,,,,,,,,,,,
WNT9A,PTGES2,EVC2,REEP4,ZNF714,AKIP1,,,,,,,,,,37967,,,,,,,,,,,,,,,,,,,,LBX2-AS1,,,,,,,,,,,,,,,,,,,,,,,,,,,,,,,,,,,,,,,,,,,,,,,,,
PLEKHA6,SH3GLB2,HECTD4,PHYHIP,GPSM1,TMX3,,,,,,,,,,15394,,,,,,,,,,,,,,,,,,,,LINC00641,,,,,,,,,,,,,,,,,,,,,,,,,,,,,,,,,,,,,,,,,,,,,,,,,
ARL8A,PTGES,HSPA6,FEN1,PKN3,A2ML1,,,,,,,,,,33753,,,,,,,,,,,,,,,,,,,,AC005519.1,,,,,,,,,,,,,,,,,,,,,,,,,,,,,,,,,,,,,,,,,,,,,,,,,
ASXL2,PAXX,NOC3L,CAVIN2,BRSK1,TMED3,,,,,,,,,,15587,,,,,,,,,,,,,,,,,,,,HIF1A-AS3,,,,,,,,,,,,,,,,,,,,,,,,,,,,,,,,,,,,,,,,,,,,,,,,,
THNSL2,COMMD3,RAPH1,SERINC2,COX6B2,BEX3,,,,,,,,,,36576,,,,,,,,,,,,,,,,,,,,AL132711.1,,,,,,,,,,,,,,,,,,,,,,,,,,,,,,,,,,,,,,,,,,,,,,,,,
RABL2A,MSRB2,PARP14,TRAPPC11,TMEM190,PPIB,,,,,,,,,,10667,,,,,,,,,,,,,,,,,,,,AL135999.1,,,,,,,,,,,,,,,,,,,,,,,,,,,,,,,,,,,,,,,,,,,,,,,,,
SLC20A1,MINDY3,MAP3K11,SLC20A2,TAOK1,CIAO2A,,,,,,,,,,14898,,,,,,,,,,,,,,,,,,,,MC1R,,,,,,,,,,,,,,,,,,,,,,,,,,,,,,,,,,,,,,,,,,,,,,,,,
AMMECR1L,RSU1,TRIB1,NDUFS5,DEDD2,CHP2,,,,,,,,,,3912,,,,,,,,,,,,,,,,,,,,CEP95,,,,,,,,,,,,,,,,,,,,,,,,,,,,,,,,,,,,,,,,,,,,,,,,,
GULP1,CDHR1,PEAK1,TSPAN5,SIK3,NAB2,,,,,,,,,,24113,,,,,,,,,,,,,,,,,,,,AC004846.2,,,,,,,,,,,,,,,,,,,,,,,,,,,,,,,,,,,,,,,,,,,,,,,,,
HSPD1,ADIRF,TNFRSF10D,NSG1,PCSK7,MRPL16,,,,,,,,,,6543,,,,,,,,,,,,,,,,,,,,AL355075.4,,,,,,,,,,,,,,,,,,,,,,,,,,,,,,,,,,,,,,,,,,,,,,,,,
KANSL1L,MKI67,MOB1B,PLA2G4F,SAFB,MAPRE2,,,,,,,,,,14547,,,,,,,,,,,,,,,,,,,,AC090607.1,,,,,,,,,,,,,,,,,,,,,,,,,,,,,,,,,,,,,,,,,,,,,,,,,
HES6,GSTO1,NABP1,INPP5D,CHTOP,PDIA3,,,,,,,,,,38836,,,,,,,,,,,,,,,,,,,,AC108449.2,,,,,,,,,,,,,,,,,,,,,,,,,,,,,,,,,,,,,,,,,,,,,,,,,
ANKMY1,ITPRIP,CHD2,TMEM129,VPS11,PHB,,,,,,,,,,21043,,,,,,,,,,,,,,,,,,,,AC009996.1,,,,,,,,,,,,,,,,,,,,,,,,,,,,,,,,,,,,,,,,,,,,,,,,,
4-Mar,RGS10,LRFN4,PPIC,IL6R,SNRPD1,,,,,,,,,,18826,,,,,,,,,,,,,,,,,,,,AL138976.2,,,,,,,,,,,,,,,,,,,,,,,,,,,,,,,,,,,,,,,,,,,,,,,,,
STK11IP,PGAP2,RCE1,ATP5ME,CRTC2,ACSF2,,,,,,,,,,918,,,,,,,,,,,,,,,,,,,,NORAD,,,,,,,,,,,,,,,,,,,,,,,,,,,,,,,,,,,,,,,,,,,,,,,,,
EAF1,C11orf49,PLK3,KLK7,PAQR6,ENDOG,,,,,,,,,,37401,,,,,,,,,,,,,,,,,,,,AC051619.8,,,,,,,,,,,,,,,,,,,,,,,,,,,,,,,,,,,,,,,,,,,,,,,,,
CSRNP1,ENDOD1,PHC3,IRS1,CCDC12,TBC1D2B,,,,,,,,,,9478,,,,,,,,,,,,,,,,,,,,LINC02137,,,,,,,,,,,,,,,,,,,,,,,,,,,,,,,,,,,,,,,,,,,,,,,,,
NFKBIZ,RPS3,HOXB2,SLC25A6,AZGP1,POP5,,,,,,,,,,12163,,,,,,,,,,,,,,,,,,,,KDM7A-DT,,,,,,,,,,,,,,,,,,,,,,,,,,,,,,,,,,,,,,,,,,,,,,,,,
MYH15,AASDHPPT,RBM4,PCSK9,LY6K,ATP5MG,,,,,,,,,,24146,,,,,,,,,,,,,,,,,,,,LINC02533,,,,,,,,,,,,,,,,,,,,,,,,,,,,,,,,,,,,,,,,,,,,,,,,,
RABL3,PLCH2,KLHL15,MN1,IER2,STIM1,,,,,,,,,,22822,,,,,,,,,,,,,,,,,,,,AC027373.1,,,,,,,,,,,,,,,,,,,,,,,,,,,,,,,,,,,,,,,,,,,,,,,,,
TRPC1,EI24,ADCY6,APEX2,ZNF394,RRM1,,,,,,,,,,4870,,,,,,,,,,,,,,,,,,,,SCX,,,,,,,,,,,,,,,,,,,,,,,,,,,,,,,,,,,,,,,,,,,,,,,,,
RUBCN,MPZL2,TNK1,NSMCE1,PTGER1,VKORC1,,,,,,,,,,16992,,,,,,,,,,,,,,,,,,,,AC132872.1,,,,,,,,,,,,,,,,,,,,,,,,,,,,,,,,,,,,,,,,,,,,,,,,,
UCN2,COMMD7,GOLT1A,SLC50A1,PWWP3A,TPM4,,,,,,,,,,15968,,,,,,,,,,,,,,,,,,,,AL118516.1,,,,,,,,,,,,,,,,,,,,,,,,,,,,,,,,,,,,,,,,,,,,,,,,,
DCAF1,TRPT1,AKIRIN1,ADRB2,ZNF333,GPX4,,,,,,,,,,12105,,,,,,,,,,,,,,,,,,,,AC092803.1,,,,,,,,,,,,,,,,,,,,,,,,,,,,,,,,,,,,,,,,,,,,,,,,,
SLIT2,FAU,MSL2,PGM2,SQSTM1,TRAPPC2L,,,,,,,,,,9457,,,,,,,,,,,,,,,,,,,,AC009041.2,,,,,,,,,,,,,,,,,,,,,,,,,,,,,,,,,,,,,,,,,,,,,,,,,
EIF2B5,TM7SF2,ZNF266,SPRR1B,MFSD12,RPL13,,,,,,,,,,4741,,,,,,,,,,,,,,,,,,,,FBXL19-AS1,,,,,,,,,,,,,,,,,,,,,,,,,,,,,,,,,,,,,,,,,,,,,,,,,
SLC26A1,TMEM219,RESF1,SPRR1A,DVL3,TUBA1A,,,,,,,,,,27052,,,,,,,,,,,,,,,,,,,,AC135050.3,,,,,,,,,,,,,,,,,,,,,,,,,,,,,,,,,,,,,,,,,,,,,,,,,
CENPC,MPP7,DENND6A,MUC15,SAP30BP,SPINT2,,,,,,,,,,33588,,,,,,,,,,,,,,,,,,,,CAPN10-DT,,,,,,,,,,,,,,,,,,,,,,,,,,,,,,,,,,,,,,,,,,,,,,,,,
PDGFC,TMEM218,KCTD13,CLIC3,SRSF2,C19orf33,,,,,,,,,,15625,,,,,,,,,,,,,,,,,,,,AL390195.2,,,,,,,,,,,,,,,,,,,,,,,,,,,,,,,,,,,,,,,,,,,,,,,,,
6-Mar,EEF1AKMT1,KLC2,CKAP2L,KLHL10,YIF1B,,,,,,,,,,12069,,,,,,,,,,,,,,,,,,,,BX255925.1,,,,,,,,,,,,,,,,,,,,,,,,,,,,,,,,,,,,,,,,,,,,,,,,,
NKD2,LYPD6B,CTBP2,BUB1,ITGA5,LY6D,,,,,,,,,,29489,,,,,,,,,,,,,,,,,,,,AC105046.1,,,,,,,,,,,,,,,,,,,,,,,,,,,,,,,,,,,,,,,,,,,,,,,,,
MYO10,PDCD4,VCPIP1,CENPX,MPP3,TLCD3A,,,,,,,,,,4850,,,,,,,,,,,,,,,,,,,,AC234775.3,,,,,,,,,,,,,,,,,,,,,,,,,,,,,,,,,,,,,,,,,,,,,,,,,
BDP1,PRSS23,ZNF654,MT1E,SHANK1,MFSD3,,,,,,,,,,11256,,,,,,,,,,,,,,,,,,,,AC012181.1,,,,,,,,,,,,,,,,,,,,,,,,,,,,,,,,,,,,,,,,,,,,,,,,,
FEM1C,DLAT,TVP23C,GPS1,FMNL3,GGT6,,,,,,,,,,11280,,,,,,,,,,,,,,,,,,,,AC012181.2,,,,,,,,,,,,,,,,,,,,,,,,,,,,,,,,,,,,,,,,,,,,,,,,,
ATG12,TIMM8B,CSRP2,DCXR,LARP4,KLK5,,,,,,,,,,36989,,,,,,,,,,,,,,,,,,,,AC010168.2,,,,,,,,,,,,,,,,,,,,,,,,,,,,,,,,,,,,,,,,,,,,,,,,,
ZNF300,IL18,DDIT3,UGP2,GRASP,KRT1,,,,,,,,,,2549,,,,,,,,,,,,,,,,,,,,AC124068.2,,,,,,,,,,,,,,,,,,,,,,,,,,,,,,,,,,,,,,,,,,,,,,,,,
N4BP3,UEVLD,GOLGA8A,PCDH7,RAVER1,ACER1,,,,,,,,,,23588,,,,,,,,,,,,,,,,,,,,TBILA,,,,,,,,,,,,,,,,,,,,,,,,,,,,,,,,,,,,,,,,,,,,,,,,,
FAM193B,TMEM86A,NRIP3,ROBO1,WDR90,SPRYD3,,,,,,,,,,16362,,,,,,,,,,,,,,,,,,,,AC007728.2,,,,,,,,,,,,,,,,,,,,,,,,,,,,,,,,,,,,,,,,,,,,,,,,,
RNF44,TWF1,PPP2R2D,SF3B5,ZNF75A,NDUFV1,,,,,,,,,,28143,,,,,,,,,,,,,,,,,,,,AC144831.1,,,,,,,,,,,,,,,,,,,,,,,,,,,,,,,,,,,,,,,,,,,,,,,,,
DOK3,FAM177A1,CLCF1,IFFO2,NEU3,NUDT8,,,,,,,,,,36037,,,,,,,,,,,,,,,,,,,,AC108134.2,,,,,,,,,,,,,,,,,,,,,,,,,,,,,,,,,,,,,,,,,,,,,,,,,
PPP1R18,NDUFC2,FOSL1,TMEM154,UBXN1,PRDX2,,,,,,,,,,23207,,,,,,,,,,,,,,,,,,,,DLGAP1-AS2,,,,,,,,,,,,,,,,,,,,,,,,,,,,,,,,,,,,,,,,,,,,,,,,,
NFKBIE,CDC123,LYSMD3,TRAPPC1,LBHD1,MRPL58,,,,,,,,,,13313,,,,,,,,,,,,,,,,,,,,AC007952.4,,,,,,,,,,,,,,,,,,,,,,,,,,,,,,,,,,,,,,,,,,,,,,,,,
PHIP,THYN1,KCNE5,GLB1,NXF1,ATP5PD,,,,,,,,,,18061,,,,,,,,,,,,,,,,,,,,AC099684.2,,,,,,,,,,,,,,,,,,,,,,,,,,,,,,,,,,,,,,,,,,,,,,,,,
PNLDC1,AKR1C2,YES1,FAXDC2,STX5,EVPL,,,,,,,,,,36150,,,,,,,,,,,,,,,,,,,,AC090617.3,,,,,,,,,,,,,,,,,,,,,,,,,,,,,,,,,,,,,,,,,,,,,,,,,
WTAP,MFSD6,CCDC57,CRTAP,FGF19,FAM234A,,,,,,,,,,29278,,,,,,,,,,,,,,,,,,,,AC135050.5,,,,,,,,,,,,,,,,,,,,,,,,,,,,,,,,,,,,,,,,,,,,,,,,,
ZMYM4,TMEM45B,SPHK1,STX8,PLPP3,MLST8,,,,,,,,,,23583,,,,,,,,,,,,,,,,,,,,AC027796.4,,,,,,,,,,,,,,,,,,,,,,,,,,,,,,,,,,,,,,,,,,,,,,,,,
CREB5,ACSL1,BNIP3,CDK1,KLHL21,POLR2G,,,,,,,,,,16086,,,,,,,,,,,,,,,,,,,,AC090617.5,,,,,,,,,,,,,,,,,,,,,,,,,,,,,,,,,,,,,,,,,,,,,,,,,
PURB,DST,CDC26,TMED10,CAMK2N1,RPSA,,,,,,,,,,14864,,,,,,,,,,,,,,,,,,,,AC125421.1,,,,,,,,,,,,,,,,,,,,,,,,,,,,,,,,,,,,,,,,,,,,,,,,,
ZNF92,MZT2B,EID2B,SLC30A1,SCNN1D,FADD,,,,,,,,,,148,,,,,,,,,,,,,,,,,,,,AC009831.1,,,,,,,,,,,,,,,,,,,,,,,,,,,,,,,,,,,,,,,,,,,,,,,,,
GIGYF1,GEMIN6,VPS37D,KRT78,MXRA8,SCARA3,,,,,,,,,,1854,,,,,,,,,,,,,,,,,,,,AC016866.1,,,,,,,,,,,,,,,,,,,,,,,,,,,,,,,,,,,,,,,,,,,,,,,,,
TLK2,ATP5F1A,SYNE3,SDR9C7,MYSM1,RAB4A,,,,,,,,,,16265,,,,,,,,,,,,,,,,,,,,OTUD7B,,,,,,,,,,,,,,,,,,,,,,,,,,,,,,,,,,,,,,,,,,,,,,,,,
CLTRN,HAUS1,AC008969.1,KRT75,FUBP1,FAM83B,,,,,,,,,,20176,,,,,,,,,,,,,,,,,,,,AP001020.2,,,,,,,,,,,,,,,,,,,,,,,,,,,,,,,,,,,,,,,,,,,,,,,,,
KDM6A,ZFP36L2,MIR7-3HG,KRT6C,DNAJB4,RNF187,,,,,,,,,,33648,,,,,,,,,,,,,,,,,,,,NARF-IT1,,,,,,,,,,,,,,,,,,,,,,,,,,,,,,,,,,,,,,,,,,,,,,,,,
TAF1,TMEM123,PNMA1,PYM1,NTNG1,IRF2BP2,,,,,,,,,,36574,,,,,,,,,,,,,,,,,,,,AC055811.3,,,,,,,,,,,,,,,,,,,,,,,,,,,,,,,,,,,,,,,,,,,,,,,,,
NONO,GJA1,ANKLE2,KRT4,C1orf52,NT5DC2,,,,,,,,,,20173,,,,,,,,,,,,,,,,,,,,AC005546.1,,,,,,,,,,,,,,,,,,,,,,,,,,,,,,,,,,,,,,,,,,,,,,,,,
OGT,SLC30A6,FUT2,NUDT9,GBP2,DEGS2,,,,,,,,,,29919,,,,,,,,,,,,,,,,,,,,AC087289.1,,,,,,,,,,,,,,,,,,,,,,,,,,,,,,,,,,,,,,,,,,,,,,,,,
IL2RG,PELO,SMCR8,PA2G4,ATXN7L2,FEN1,,,,,,,,,,,,,,,,,,,,,,,,,,,,,,AL050343.2,,,,,,,,,,,,,,,,,,,,,,,,,,,,,,,,,,,,,,,,,,,,,,,,,
GCNA,ANKRD22,MTHFR,ELOVL6,SLC30A7,TRAPPC11,,,,,,,,,,,,,,,,,,,,,,,,,,,,,,UXT-AS1,,,,,,,,,,,,,,,,,,,,,,,,,,,,,,,,,,,,,,,,,,,,,,,,,
ZNF711,IFIT5,DEAF1,SMAGP,ZNF281,TMEM223,,,,,,,,,,,,,,,,,,,,,,,,,,,,,,AC022098.1,,,,,,,,,,,,,,,,,,,,,,,,,,,,,,,,,,,,,,,,,,,,,,,,,
ATP6V1B2,PANK1,PHETA2,EMB,DDR2,SLC20A2,,,,,,,,,,,,,,,,,,,,,,,,,,,,,,PARD6G-AS1,,,,,,,,,,,,,,,,,,,,,,,,,,,,,,,,,,,,,,,,,,,,,,,,,
HMBOX1,MARVELD2,ZBTB34,POLH,PEA15,NDUFS5,,,,,,,,,,,,,,,,,,,,,,,,,,,,,,AC090236.2,,,,,,,,,,,,,,,,,,,,,,,,,,,,,,,,,,,,,,,,,,,,,,,,,
GNRH1,RAD17,ULK1,SDR16C5,FAM71A,NSG1,,,,,,,,,,,,,,,,,,,,,,,,,,,,,,AC020916.1,,,,,,,,,,,,,,,,,,,,,,,,,,,,,,,,,,,,,,,,,,,,,,,,,
BIN3,CENPH,HIC1,TRIAP1,ATF3,VAMP5,,,,,,,,,,,,,,,,,,,,,,,,,,,,,,AC067852.3,,,,,,,,,,,,,,,,,,,,,,,,,,,,,,,,,,,,,,,,,,,,,,,,,
ZNF7,SCOC,TGIF1,MTSS1,RBM15,PLA2G4F,,,,,,,,,,,,,,,,,,,,,,,,,,,,,,KF456478.1,,,,,,,,,,,,,,,,,,,,,,,,,,,,,,,,,,,,,,,,,,,,,,,,,
ARHGAP39,TMEM87B,MIEF2,RPS9,IER5,INPP5D,,,,,,,,,,,,,,,,,,,,,,,,,,,,,,LIN37,,,,,,,,,,,,,,,,,,,,,,,,,,,,,,,,,,,,,,,,,,,,,,,,,
UHRF2,ADGRF4,ERICH5,GSTA4,B3GALNT2,TMEM129,,,,,,,,,,,,,,,,,,,,,,,,,,,,,,AC026803.2,,,,,,,,,,,,,,,,,,,,,,,,,,,,,,,,,,,,,,,,,,,,,,,,,
ZNF462,NMRAL1,NR2C2,NDUFA3,MAPKAPK2,PPIC,,,,,,,,,,,,,,,,,,,,,,,,,,,,,,AC009955.2,,,,,,,,,,,,,,,,,,,,,,,,,,,,,,,,,,,,,,,,,,,,,,,,,
NR6A1,LURAP1L,SLC25A22,C9orf16,WDR26,FEM1B,,,,,,,,,,,,,,,,,,,,,,,,,,,,,,PTOV1-AS1,,,,,,,,,,,,,,,,,,,,,,,,,,,,,,,,,,,,,,,,,,,,,,,,,
SLC25A25,PID1,TENM3-AS1,SHCBP1,REL,COMMD8,,,,,,,,,,,,,,,,,,,,,,,,,,,,,,NBPF12,,,,,,,,,,,,,,,,,,,,,,,,,,,,,,,,,,,,,,,,,,,,,,,,,
MIGA2,HS2ST1,TSSK6,KRT15,TRIM17,ATP5ME,,,,,,,,,,,,,,,,,,,,,,,,,,,,,,AC022154.1,,,,,,,,,,,,,,,,,,,,,,,,,,,,,,,,,,,,,,,,,,,,,,,,,
LCN2,IMPACT,ZNF518B,KRT13,FRZB,IRS1,,,,,,,,,,,,,,,,,,,,,,,,,,,,,,AC005261.1,,,,,,,,,,,,,,,,,,,,,,,,,,,,,,,,,,,,,,,,,,,,,,,,,
LRSAM1,SDHAF4,PLEC,KRT9,WDCP,SLC25A6,,,,,,,,,,,,,,,,,,,,,,,,,,,,,,SCGB1C2,,,,,,,,,,,,,,,,,,,,,,,,,,,,,,,,,,,,,,,,,,,,,,,,,
INPP5E,C16orf74,WDR6,ZNF524,H3F3A,PCSK9,,,,,,,,,,,,,,,,,,,,,,,,,,,,,,AC073389.1,,,,,,,,,,,,,,,,,,,,,,,,,,,,,,,,,,,,,,,,,,,,,,,,,
NOTCH1,CERS3,ZNF354B,HOPX,NEURL3,APEX2,,,,,,,,,,,,,,,,,,,,,,,,,,,,,,AC008687.4,,,,,,,,,,,,,,,,,,,,,,,,,,,,,,,,,,,,,,,,,,,,,,,,,
ZEB1,ENAH,ZFAND2A,LPAR3,MSX1,NSMCE1,,,,,,,,,,,,,,,,,,,,,,,,,,,,,,AC016586.1,,,,,,,,,,,,,,,,,,,,,,,,,,,,,,,,,,,,,,,,,,,,,,,,,
HERC4,DIPK1A,P4HTM,RRM2,ERCC3,RGS14,,,,,,,,,,,,,,,,,,,,,,,,,,,,,,AL118506.1,,,,,,,,,,,,,,,,,,,,,,,,,,,,,,,,,,,,,,,,,,,,,,,,,
ANKRD1,ATP5MC3,DTX3,RPS21,CDC42EP3,PRELID1,,,,,,,,,,,,,,,,,,,,,,,,,,,,,,AC010319.3,,,,,,,,,,,,,,,,,,,,,,,,,,,,,,,,,,,,,,,,,,,,,,,,,
TCF7L2,MRPL39,CPNE7,RPS7,LCE3D,SLC50A1,,,,,,,,,,,,,,,,,,,,,,,,,,,,,,IKBKG,,,,,,,,,,,,,,,,,,,,,,,,,,,,,,,,,,,,,,,,,,,,,,,,,
PPRC1,ATP5PF,TAF7,CYP4F22,CCNYL1,ADRB2,,,,,,,,,,,,,,,,,,,,,,,,,,,,,,PTOV1-AS2,,,,,,,,,,,,,,,,,,,,,,,,,,,,,,,,,,,,,,,,,,,,,,,,,
LIN7C,TSEN2,GAK,PPIH,HELQ,GPRIN1,,,,,,,,,,,,,,,,,,,,,,,,,,,,,,AC008982.2,,,,,,,,,,,,,,,,,,,,,,,,,,,,,,,,,,,,,,,,,,,,,,,,,
TUT1,APCDD1,TRIML2,QARS,CGGBP1,PGM2,,,,,,,,,,,,,,,,,,,,,,,,,,,,,,EGLN2,,,,,,,,,,,,,,,,,,,,,,,,,,,,,,,,,,,,,,,,,,,,,,,,,
DGKZ,PROM2,SAMD4B,KRCC1,YY1AP1,SPRR1B,,,,,,,,,,,,,,,,,,,,,,,,,,,,,,RMRP,,,,,,,,,,,,,,,,,,,,,,,,,,,,,,,,,,,,,,,,,,,,,,,,,
SLC43A1,GTF3C6,ALOXE3,CALB2,KBTBD8,SPRR1A,,,,,,,,,,,,,,,,,,,,,,,,,,,,,,Z98884.2,,,,,,,,,,,,,,,,,,,,,,,,,,,,,,,,,,,,,,,,,,,,,,,,,
CELF1,MMS19,ZNF664,MRPL13,IGFN1,MUC15,,,,,,,,,,,,,,,,,,,,,,,,,,,,,,AL158152.1,,,,,,,,,,,,,,,,,,,,,,,,,,,,,,,,,,,,,,,,,,,,,,,,,
HIKESHI,MARVELD1,RAB39A,ID4,NEK10,HINT1,,,,,,,,,,,,,,,,,,,,,,,,,,,,,,AC090181.2,,,,,,,,,,,,,,,,,,,,,,,,,,,,,,,,,,,,,,,,,,,,,,,,,
CCDC81,GRAMD2B,CLK3,DPAGT1,FEV,CLIC3,,,,,,,,,,,,,,,,,,,,,,,,,,,,,,AL020997.2,,,,,,,,,,,,,,,,,,,,,,,,,,,,,,,,,,,,,,,,,,,,,,,,,
CCDC82,DBI,ARID3B,BSG,CRYBA2,CENPX,,,,,,,,,,,,,,,,,,,,,,,,,,,,,,KC877982.1,,,,,,,,,,,,,,,,,,,,,,,,,,,,,,,,,,,,,,,,,,,,,,,,,
SERPINH1,HEATR3,PLD6,SPTLC3,CIP2A,GPS1,,,,,,,,,,,,,,,,,,,,,,,,,,,,,,AC232271.1,,,,,,,,,,,,,,,,,,,,,,,,,,,,,,,,,,,,,,,,,,,,,,,,,
ZC3H12C,OXA1L,ARL14,POP7,CWC22,DCXR,,,,,,,,,,,,,,,,,,,,,,,,,,,,,,Z93241.1,,,,,,,,,,,,,,,,,,,,,,,,,,,,,,,,,,,,,,,,,,,,,,,,,
MTA2,PDIA4,MYADM,SUCLG2,AZI2,ZNF32,,,,,,,,,,,,,,,,,,,,,,,,,,,,,,AC068790.5,,,,,,,,,,,,,,,,,,,,,,,,,,,,,,,,,,,,,,,,,,,,,,,,,
CPSF7,RNF20,MROH1,STARD5,PRKCI,UGP2,,,,,,,,,,,,,,,,,,,,,,,,,,,,,,AL356488.2,,,,,,,,,,,,,,,,,,,,,,,,,,,,,,,,,,,,,,,,,,,,,,,,,
TMEM25,RRAGA,SOCS4,GNG12,RYBP,PUSL1,,,,,,,,,,,,,,,,,,,,,,,,,,,,,,MIR222HG,,,,,,,,,,,,,,,,,,,,,,,,,,,,,,,,,,,,,,,,,,,,,,,,,
DUSP15,TMBIM4,FAM71E2,COPS9,PPP4R2,SF3B5,,,,,,,,,,,,,,,,,,,,,,,,,,,,,,AL360012.1,,,,,,,,,,,,,,,,,,,,,,,,,,,,,,,,,,,,,,,,,,,,,,,,,
SPATA25,CARNMT1,ANKRD18A,FIBP,CD200R1,IFFO2,,,,,,,,,,,,,,,,,,,,,,,,,,,,,,AL049840.6,,,,,,,,,,,,,,,,,,,,,,,,,,,,,,,,,,,,,,,,,,,,,,,,,
LSM14B,ADK,TRNAU1AP,NIPAL4,NEPRO,TMEM154,,,,,,,,,,,,,,,,,,,,,,,,,,,,,,TERC,,,,,,,,,,,,,,,,,,,,,,,,,,,,,,,,,,,,,,,,,,,,,,,,,
YTHDF1,DRAM2,OAZ2,CHCHD1,WDFY3,TRAPPC1,,,,,,,,,,,,,,,,,,,,,,,,,,,,,,AC104109.2,,,,,,,,,,,,,,,,,,,,,,,,,,,,,,,,,,,,,,,,,,,,,,,,,
LTO1,RWDD2B,ARHGAP45,MRPL52,PSMD6,GLB1,,,,,,,,,,,,,,,,,,,,,,,,,,,,,,AC016773.1,,,,,,,,,,,,,,,,,,,,,,,,,,,,,,,,,,,,,,,,,,,,,,,,,
FERMT3,TIAM1,HIST1H2BC,SMPDL3A,TIPARP,GON7,,,,,,,,,,,,,,,,,,,,,,,,,,,,,,AC026367.1,,,,,,,,,,,,,,,,,,,,,,,,,,,,,,,,,,,,,,,,,,,,,,,,,
PPP4C,ATP5MPL,PCGF5,CFL1,CCNL1,CRTAP,,,,,,,,,,,,,,,,,,,,,,,,,,,,,,AC104695.4,,,,,,,,,,,,,,,,,,,,,,,,,,,,,,,,,,,,,,,,,,,,,,,,,
TAOK2,PCDH1,YOD1,RPL38,IL17RC,STX8,,,,,,,,,,,,,,,,,,,,,,,,,,,,,,AC018638.6,,,,,,,,,,,,,,,,,,,,,,,,,,,,,,,,,,,,,,,,,,,,,,,,,
ARID5B,SH3RF2,ZFP3,OVOL1,CRELD1,CDK1,,,,,,,,,,,,,,,,,,,,,,,,,,,,,,AC011337.1,,,,,,,,,,,,,,,,,,,,,,,,,,,,,,,,,,,,,,,,,,,,,,,,,
DCUN1D2,UQCRB,HOXC9,CES4A,MTMR14,TMED10,,,,,,,,,,,,,,,,,,,,,,,,,,,,,,AC013400.1,,,,,,,,,,,,,,,,,,,,,,,,,,,,,,,,,,,,,,,,,,,,,,,,,
LATS2,PTDSS1,CUEDC1,CES2,CXCL3,ADORA2B,,,,,,,,,,,,,,,,,,,,,,,,,,,,,,AL162258.2,,,,,,,,,,,,,,,,,,,,,,,,,,,,,,,,,,,,,,,,,,,,,,,,,
PPP1R1C,RPL30,OXTR,KRT2,CXCL1,KRT75,,,,,,,,,,,,,,,,,,,,,,,,,,,,,,AL390719.2,,,,,,,,,,,,,,,,,,,,,,,,,,,,,,,,,,,,,,,,,,,,,,,,,
NKAPD1,HK1,PITPNB,DHCR7,RCHY1,KRT6C,,,,,,,,,,,,,,,,,,,,,,,,,,,,,,NFYC-AS1,,,,,,,,,,,,,,,,,,,,,,,,,,,,,,,,,,,,,,,,,,,,,,,,,
UBC,TYSND1,LSMEM1,DCAKD,SPDYA,PYM1,,,,,,,,,,,,,,,,,,,,,,,,,,,,,,AC087623.3,,,,,,,,,,,,,,,,,,,,,,,,,,,,,,,,,,,,,,,,,,,,,,,,,
SLC7A11,PHF6,AEN,HPSE,SLC6A20,PA2G4,,,,,,,,,,,,,,,,,,,,,,,,,,,,,,AL645940.1,,,,,,,,,,,,,,,,,,,,,,,,,,,,,,,,,,,,,,,,,,,,,,,,,
NOCT,CD109,FKRP,COQ2,ZC3H12A,ELOVL6,,,,,,,,,,,,,,,,,,,,,,,,,,,,,,AC044849.1,,,,,,,,,,,,,,,,,,,,,,,,,,,,,,,,,,,,,,,,,,,,,,,,,
EIF4E,UBE2L6,SLC26A11,TRMT112,SNIP1,SMAGP,,,,,,,,,,,,,,,,,,,,,,,,,,,,,,AC034198.2,,,,,,,,,,,,,,,,,,,,,,,,,,,,,,,,,,,,,,,,,,,,,,,,,
SRFBP1,RAB11FIP1,ZNF707,MRPL57,KLF15,EMB,,,,,,,,,,,,,,,,,,,,,,,,,,,,,,KMT2B,,,,,,,,,,,,,,,,,,,,,,,,,,,,,,,,,,,,,,,,,,,,,,,,,
MBIP,AIFM1,ZNF746,RHOD,PRKCD,ARMC10,,,,,,,,,,,,,,,,,,,,,,,,,,,,,,POM121C,,,,,,,,,,,,,,,,,,,,,,,,,,,,,,,,,,,,,,,,,,,,,,,,,
FER,MAPK13,TLCD5,COMMD1,SFMBT1,POLH,,,,,,,,,,,,,,,,,,,,,,,,,,,,,,AL391244.2,,,,,,,,,,,,,,,,,,,,,,,,,,,,,,,,,,,,,,,,,,,,,,,,,
ANKRD50,RPUSD3,WASHC1,CKS1B,UVSSA,CDCA4,,,,,,,,,,,,,,,,,,,,,,,,,,,,,,AC113194.1,,,,,,,,,,,,,,,,,,,,,,,,,,,,,,,,,,,,,,,,,,,,,,,,,
EPS8,ZFYVE9,ZNF467,LIPM,UBXN7,SDR16C5,,,,,,,,,,,,,,,,,,,,,,,,,,,,,,AL021807.1,,,,,,,,,,,,,,,,,,,,,,,,,,,,,,,,,,,,,,,,,,,,,,,,,
FAM160B1,MMP14,ZNF678,SNCG,MELTF,RIOX2,,,,,,,,,,,,,,,,,,,,,,,,,,,,,,AL645608.7,,,,,,,,,,,,,,,,,,,,,,,,,,,,,,,,,,,,,,,,,,,,,,,,,
QTRT2,DHRS4,SETD2,KCNK7,S100P,TRIAP1,,,,,,,,,,,,,,,,,,,,,,,,,,,,,,AL021707.6,,,,,,,,,,,,,,,,,,,,,,,,,,,,,,,,,,,,,,,,,,,,,,,,,
WWC2,DDX19B,MEX3D,ARV1,AIMP1,LSM3,,,,,,,,,,,,,,,,,,,,,,,,,,,,,,ADIRF-AS1,,,,,,,,,,,,,,,,,,,,,,,,,,,,,,,,,,,,,,,,,,,,,,,,,
BICD1,DHRS1,PHLDA2,NAA20,SGMS2,MTSS1,,,,,,,,,,,,,,,,,,,,,,,,,,,,,,AC007881.3,,,,,,,,,,,,,,,,,,,,,,,,,,,,,,,,,,,,,,,,,,,,,,,,,
SAV1,AASDH,PLAG1,SAA1,H2AFZ,GSTA4,,,,,,,,,,,,,,,,,,,,,,,,,,,,,,AC004908.2,,,,,,,,,,,,,,,,,,,,,,,,,,,,,,,,,,,,,,,,,,,,,,,,,
SACS,MYO1E,GPR3,ZNRD2,RAD54L2,NDUFA3,,,,,,,,,,,,,,,,,,,,,,,,,,,,,,DCP1A,,,,,,,,,,,,,,,,,,,,,,,,,,,,,,,,,,,,,,,,,,,,,,,,,
BAG3,APPL1,CLDN7,UQCRH,NIPBL,C11orf24,,,,,,,,,,,,,,,,,,,,,,,,,,,,,,ATP6V1FNB,,,,,,,,,,,,,,,,,,,,,,,,,,,,,,,,,,,,,,,,,,,,,,,,,
SETBP1,TSC22D3,CCDC149,TOMM20,CMYA5,MTM1,,,,,,,,,,,,,,,,,,,,,,,,,,,,,,AL353708.3,,,,,,,,,,,,,,,,,,,,,,,,,,,,,,,,,,,,,,,,,,,,,,,,,
EPG5,KCNJ15,CHST15,JUP,RICTOR,TRMT61B,,,,,,,,,,,,,,,,,,,,,,,,,,,,,,AC012360.3,,,,,,,,,,,,,,,,,,,,,,,,,,,,,,,,,,,,,,,,,,,,,,,,,
C18orf25,TMEM164,TNRC18,CBX2,GDF9,C1GALT1C1,,,,,,,,,,,,,,,,,,,,,,,,,,,,,,AL731533.2,,,,,,,,,,,,,,,,,,,,,,,,,,,,,,,,,,,,,,,,,,,,,,,,,
UHMK1,MX1,CYB5D1,ATP5MD,CGAS,C9orf16,,,,,,,,,,,,,,,,,,,,,,,,,,,,,,AL365203.2,,,,,,,,,,,,,,,,,,,,,,,,,,,,,,,,,,,,,,,,,,,,,,,,,
SPOCK1,PSMG3,SPACA6,FAM174A,CREBRF,MORN4,,,,,,,,,,,,,,,,,,,,,,,,,,,,,,AL021707.8,,,,,,,,,,,,,,,,,,,,,,,,,,,,,,,,,,,,,,,,,,,,,,,,,
HOMER1,PRXL2B,KCNJ14,NWD2,TMEM200A,TMEM126B,,,,,,,,,,,,,,,,,,,,,,,,,,,,,,AL022328.2,,,,,,,,,,,,,,,,,,,,,,,,,,,,,,,,,,,,,,,,,,,,,,,,,
XRCC4,BABAM2,FBXL6,ZHX3,IL31RA,SCAND1,,,,,,,,,,,,,,,,,,,,,,,,,,,,,,LINC02604,,,,,,,,,,,,,,,,,,,,,,,,,,,,,,,,,,,,,,,,,,,,,,,,,
ZNF547,MRPL17,CAPN12,PHLDA3,DAGLB,PGAM1,,,,,,,,,,,,,,,,,,,,,,,,,,,,,,AP001437.1,,,,,,,,,,,,,,,,,,,,,,,,,,,,,,,,,,,,,,,,,,,,,,,,,
ZNF776,GRHL3,CRIP2,GLIS1,KIAA0895,KRT13,,,,,,,,,,,,,,,,,,,,,,,,,,,,,,AC018690.1,,,,,,,,,,,,,,,,,,,,,,,,,,,,,,,,,,,,,,,,,,,,,,,,,
ZNF256,GALNT14,C16orf72,EXO1,TRA2A,ZNF524,,,,,,,,,,,,,,,,,,,,,,,,,,,,,,LINC02019,,,,,,,,,,,,,,,,,,,,,,,,,,,,,,,,,,,,,,,,,,,,,,,,,
USP12,NCK1,RBM10,RPL4,SLU7,LRRC8D,,,,,,,,,,,,,,,,,,,,,,,,,,,,,,AC012510.1,,,,,,,,,,,,,,,,,,,,,,,,,,,,,,,,,,,,,,,,,,,,,,,,,
CCDC50,TPRG1L,PRKCZ-AS1,MRPL11,USP49,LPAR3,,,,,,,,,,,,,,,,,,,,,,,,,,,,,,HIST1H4K,,,,,,,,,,,,,,,,,,,,,,,,,,,,,,,,,,,,,,,,,,,,,,,,,
TRIM36,RHBDL2,ZNF721,IL20RB,LMTK2,BCL2L1,,,,,,,,,,,,,,,,,,,,,,,,,,,,,,CWC25,,,,,,,,,,,,,,,,,,,,,,,,,,,,,,,,,,,,,,,,,,,,,,,,,
PAN3,CNOT11,EWSR1,B4GAT1,PHKG1,TMEM51,,,,,,,,,,,,,,,,,,,,,,,,,,,,,,AC131009.3,,,,,,,,,,,,,,,,,,,,,,,,,,,,,,,,,,,,,,,,,,,,,,,,,
PRDM8,TSR2,GJC1,SH3PXD2B,KCNV1,CTPS1,,,,,,,,,,,,,,,,,,,,,,,,,,,,,,EPOP,,,,,,,,,,,,,,,,,,,,,,,,,,,,,,,,,,,,,,,,,,,,,,,,,
HNRNPDL,COPG2,AP2A2,BRMS1,SUN1,RPS21,,,,,,,,,,,,,,,,,,,,,,,,,,,,,,HIST1H2BM,,,,,,,,,,,,,,,,,,,,,,,,,,,,,,,,,,,,,,,,,,,,,,,,,
BCL2L11,TAGLN2,BEGAIN,RPL15,GPR146,PPIH,,,,,,,,,,,,,,,,,,,,,,,,,,,,,,AL117379.1,,,,,,,,,,,,,,,,,,,,,,,,,,,,,,,,,,,,,,,,,,,,,,,,,
HNRNPU,DUSP23,C2CD4C,RIN1,GPER1,QARS,,,,,,,,,,,,,,,,,,,,,,,,,,,,,,HIST1H2BG,,,,,,,,,,,,,,,,,,,,,,,,,,,,,,,,,,,,,,,,,,,,,,,,,
ASAP1,PLA2G2F,PRR36,YIF1A,MICALL2,MOB3A,,,,,,,,,,,,,,,,,,,,,,,,,,,,,,AC015912.3,,,,,,,,,,,,,,,,,,,,,,,,,,,,,,,,,,,,,,,,,,,,,,,,,
UBALD1,CDA,BCOR,NDUFA11,GEM,KRCC1,,,,,,,,,,,,,,,,,,,,,,,,,,,,,,HIST1H2BE,,,,,,,,,,,,,,,,,,,,,,,,,,,,,,,,,,,,,,,,,,,,,,,,,
ING1,PINK1,FHL3,RAB1B,NFIL3,MRPL13,,,,,,,,,,,,,,,,,,,,,,,,,,,,,,AC090970.2,,,,,,,,,,,,,,,,,,,,,,,,,,,,,,,,,,,,,,,,,,,,,,,,,
ADPRHL1,TOMM40L,NPIPA1,MICOS13,GKAP1,BSG,,,,,,,,,,,,,,,,,,,,,,,,,,,,,,HIST1H4F,,,,,,,,,,,,,,,,,,,,,,,,,,,,,,,,,,,,,,,,,,,,,,,,,
RMND5A,MIS18A,EP400,CD164L2,PIGA,SPTLC3,,,,,,,,,,,,,,,,,,,,,,,,,,,,,,AC106886.3,,,,,,,,,,,,,,,,,,,,,,,,,,,,,,,,,,,,,,,,,,,,,,,,,
JAZF1,ALG8,TANGO2,CHST2,GAPVD1,POP7,,,,,,,,,,,,,,,,,,,,,,,,,,,,,,AC004466.2,,,,,,,,,,,,,,,,,,,,,,,,,,,,,,,,,,,,,,,,,,,,,,,,,
CMIP,CFAP298,HIST2H3D,SNHG29,HECTD2,SUCLG2,,,,,,,,,,,,,,,,,,,,,,,,,,,,,,HIST1H3E,,,,,,,,,,,,,,,,,,,,,,,,,,,,,,,,,,,,,,,,,,,,,,,,,
TRIP12,LAD1,FAM167B,UBE2C,INPPL1,GNG12,,,,,,,,,,,,,,,,,,,,,,,,,,,,,,AC004825.2,,,,,,,,,,,,,,,,,,,,,,,,,,,,,,,,,,,,,,,,,,,,,,,,,
CEBPG,CSRP1,UPP1,WFDC5,PCF11,COPS9,,,,,,,,,,,,,,,,,,,,,,,,,,,,,,AC068473.5,,,,,,,,,,,,,,,,,,,,,,,,,,,,,,,,,,,,,,,,,,,,,,,,,
SREK1,ATP5MC1,TRIM52,ARHGAP1,RPUSD4,MANEA,,,,,,,,,,,,,,,,,,,,,,,,,,,,,,ZKSCAN2-DT,,,,,,,,,,,,,,,,,,,,,,,,,,,,,,,,,,,,,,,,,,,,,,,,,
CHD1,CBR1,CMTM4,PHYHD1,BEND7,FIBP,,,,,,,,,,,,,,,,,,,,,,,,,,,,,,AC079684.1,,,,,,,,,,,,,,,,,,,,,,,,,,,,,,,,,,,,,,,,,,,,,,,,,
DGKE,PLA2G4D,CBX6,EIF3F,QSOX2,NIPAL4,,,,,,,,,,,,,,,,,,,,,,,,,,,,,,HIST1H2AH,,,,,,,,,,,,,,,,,,,,,,,,,,,,,,,,,,,,,,,,,,,,,,,,,
CACNA2D1,CYB5R1,AC138969.1,CLTB,SNAPC4,CHCHD1,,,,,,,,,,,,,,,,,,,,,,,,,,,,,,AC011468.5,,,,,,,,,,,,,,,,,,,,,,,,,,,,,,,,,,,,,,,,,,,,,,,,,
ZUP1,BTG2,TTC32,SUGCT,TSC1,MRPL52,,,,,,,,,,,,,,,,,,,,,,,,,,,,,,AC020663.3,,,,,,,,,,,,,,,,,,,,,,,,,,,,,,,,,,,,,,,,,,,,,,,,,
OTULIN,ALDH4A1,KMT5A,CCDC85B,PIP4P1,SMPDL3A,,,,,,,,,,,,,,,,,,,,,,,,,,,,,,AL031710.2,,,,,,,,,,,,,,,,,,,,,,,,,,,,,,,,,,,,,,,,,,,,,,,,,
TBRG1,PGLYRP3,SMTN,RMI2,RNASE7,CFL1,,,,,,,,,,,,,,,,,,,,,,,,,,,,,,HIST1H4L,,,,,,,,,,,,,,,,,,,,,,,,,,,,,,,,,,,,,,,,,,,,,,,,,
ABCA10,NAE1,PTP4A2,TOM1L2,ARHGEF40,RARG,,,,,,,,,,,,,,,,,,,,,,,,,,,,,,AC048341.2,,,,,,,,,,,,,,,,,,,,,,,,,,,,,,,,,,,,,,,,,,,,,,,,,
ABCA5,TMEM69,DENND5A,AURKAIP1,ZNF219,CES2,,,,,,,,,,,,,,,,,,,,,,,,,,,,,,AL161431.1,,,,,,,,,,,,,,,,,,,,,,,,,,,,,,,,,,,,,,,,,,,,,,,,,
TNIK,CHCHD6,TSPYL2,TOMM5,CCDC186,KRT2,,,,,,,,,,,,,,,,,,,,,,,,,,,,,,HIST1H2AK,,,,,,,,,,,,,,,,,,,,,,,,,,,,,,,,,,,,,,,,,,,,,,,,,
NEIL2,RGS12,OAF,RUVBL1,ZFYVE1,TRMT112,,,,,,,,,,,,,,,,,,,,,,,,,,,,,,HIST1H3I,,,,,,,,,,,,,,,,,,,,,,,,,,,,,,,,,,,,,,,,,,,,,,,,,
SH3RF1,PSKH1,HIST2H2AC,SWI5,SLC39A13,MRPL57,,,,,,,,,,,,,,,,,,,,,,,,,,,,,,HIST1H2BH,,,,,,,,,,,,,,,,,,,,,,,,,,,,,,,,,,,,,,,,,,,,,,,,,
PDLIM3,CCDC107,HIST2H2AB,ARL4D,RAPSN,RHOD,,,,,,,,,,,,,,,,,,,,,,,,,,,,,,HIST1H3A,,,,,,,,,,,,,,,,,,,,,,,,,,,,,,,,,,,,,,,,,,,,,,,,,
ADAMTS1,DFFA,ZDHHC23,SLC35A4,TAF1D,CKS1B,,,,,,,,,,,,,,,,,,,,,,,,,,,,,,AC092747.4,,,,,,,,,,,,,,,,,,,,,,,,,,,,,,,,,,,,,,,,,,,,,,,,,
FLCN,NR2F6,HIST1H1B,GPX2,CEP57,VANGL1,,,,,,,,,,,,,,,,,,,,,,,,,,,,,,ARHGAP23,,,,,,,,,,,,,,,,,,,,,,,,,,,,,,,,,,,,,,,,,,,,,,,,,
USP43,ABCG1,CSF1,CIDEA,SPRED1,SNCG,,,,,,,,,,,,,,,,,,,,,,,,,,,,,,AL021578.1,,,,,,,,,,,,,,,,,,,,,,,,,,,,,,,,,,,,,,,,,,,,,,,,,
KLF10,WDR4,ACTRT3,ZBTB8OS,GPR176,KCNK7,,,,,,,,,,,,,,,,,,,,,,,,,,,,,,U2AF1L5,,,,,,,,,,,,,,,,,,,,,,,,,,,,,,,,,,,,,,,,,,,,,,,,,
ATP6V1C1,NDUFV3,AP001062.1,COX8A,RAB8B,DAG1,,,,,,,,,,,,,,,,,,,,,,,,,,,,,,AC245014.3,,,,,,,,,,,,,,,,,,,,,,,,,,,,,,,,,,,,,,,,,,,,,,,,,
ZFYVE27,RRP1B,PTP4A3,RNPEP,LARP6,ARV1,,,,,,,,,,,,,,,,,,,,,,,,,,,,,,HIST1H2BB,,,,,,,,,,,,,,,,,,,,,,,,,,,,,,,,,,,,,,,,,,,,,,,,,
GOLGA7B,G6PD,DUSP8,RMDN1,FRS2,NAA20,,,,,,,,,,,,,,,,,,,,,,,,,,,,,,AC005393.1,,,,,,,,,,,,,,,,,,,,,,,,,,,,,,,,,,,,,,,,,,,,,,,,,
HSPA13,CSTB,SOCS3,MYO1D,SCN3B,SAA1,,,,,,,,,,,,,,,,,,,,,,,,,,,,,,AL109614.1,,,,,,,,,,,,,,,,,,,,,,,,,,,,,,,,,,,,,,,,,,,,,,,,,
ZCCHC10,FAM207A,ZBTB40,TYMS,APBB1,MICOS10,,,,,,,,,,,,,,,,,,,,,,,,,,,,,,AC092117.1,,,,,,,,,,,,,,,,,,,,,,,,,,,,,,,,,,,,,,,,,,,,,,,,,
PPM1J,ZDHHC12,HIST2H2BE,FAM89B,TRIM44,EHBP1L1,,,,,,,,,,,,,,,,,,,,,,,,,,,,,,AC023157.3,,,,,,,,,,,,,,,,,,,,,,,,,,,,,,,,,,,,,,,,,,,,,,,,,
SLC7A7,ZBTB7B,CLDN6,SCN4B,TPP1,ZNRD2,,,,,,,,,,,,,,,,,,,,,,,,,,,,,,HIST1H2AL,,,,,,,,,,,,,,,,,,,,,,,,,,,,,,,,,,,,,,,,,,,,,,,,,
MIER3,NLRX1,SERINC4,TALDO1,MSS51,SNX33,,,,,,,,,,,,,,,,,,,,,,,,,,,,,,HIST1H4E,,,,,,,,,,,,,,,,,,,,,,,,,,,,,,,,,,,,,,,,,,,,,,,,,
FAM126B,ANO10,FAM110C,PPFIA3,RNF169,UQCRH,,,,,,,,,,,,,,,,,,,,,,,,,,,,,,HIST1H2AE,,,,,,,,,,,,,,,,,,,,,,,,,,,,,,,,,,,,,,,,,,,,,,,,,
RASA2,FDPS,TCTE3,ZFAS1,CDYL2,TOMM20,,,,,,,,,,,,,,,,,,,,,,,,,,,,,,HIST1H4D,,,,,,,,,,,,,,,,,,,,,,,,,,,,,,,,,,,,,,,,,,,,,,,,,
RAB39B,LMNA,RBM33,ZBED2,C16orf46,CNP,,,,,,,,,,,,,,,,,,,,,,,,,,,,,,HIST1H2BF,,,,,,,,,,,,,,,,,,,,,,,,,,,,,,,,,,,,,,,,,,,,,,,,,
CLIC2,LY6E,H1FX,IRX3,ZNF143,JUP,,,,,,,,,,,,,,,,,,,,,,,,,,,,,,PCGF2,,,,,,,,,,,,,,,,,,,,,,,,,,,,,,,,,,,,,,,,,,,,,,,,,
GRIP1,RPL8,JAG2,ATOX1,MAPK7,SPTBN2,,,,,,,,,,,,,,,,,,,,,,,,,,,,,,AC090246.1,,,,,,,,,,,,,,,,,,,,,,,,,,,,,,,,,,,,,,,,,,,,,,,,,
KIF5A,YDJC,TMEM106A,RPLP2,MCM7,ATP5MD,,,,,,,,,,,,,,,,,,,,,,,,,,,,,,AC005332.5,,,,,,,,,,,,,,,,,,,,,,,,,,,,,,,,,,,,,,,,,,,,,,,,,
MCU,PCYT1A,IFNE,GBA,RIMKLB,SLC25A30,,,,,,,,,,,,,,,,,,,,,,,,,,,,,,AL109923.1,,,,,,,,,,,,,,,,,,,,,,,,,,,,,,,,,,,,,,,,,,,,,,,,,
ELMSAN1,FBXO27,CA13,ACAD9,RRAD,FAM174A,,,,,,,,,,,,,,,,,,,,,,,,,,,,,,HIST1H3F,,,,,,,,,,,,,,,,,,,,,,,,,,,,,,,,,,,,,,,,,,,,,,,,,
SCAF4,DMKN,MAFF,AGTRAP,ZNF592,PITPNA,,,,,,,,,,,,,,,,,,,,,,,,,,,,,,AC135279.4,,,,,,,,,,,,,,,,,,,,,,,,,,,,,,,,,,,,,,,,,,,,,,,,,
SFR1,BDH1,NRBP2,POLR2L,AP1G1,ZBTB4,,,,,,,,,,,,,,,,,,,,,,,,,,,,,,AC139100.2,,,,,,,,,,,,,,,,,,,,,,,,,,,,,,,,,,,,,,,,,,,,,,,,,
FGF18,FDXR,PRPF39,CHID1,YPEL4,PHLDA3,,,,,,,,,,,,,,,,,,,,,,,,,,,,,,PRICKLE4,,,,,,,,,,,,,,,,,,,,,,,,,,,,,,,,,,,,,,,,,,,,,,,,,
SUPV3L1,EMC10,SOCS1,RPS27,KIF7,ZWILCH,,,,,,,,,,,,,,,,,,,,,,,,,,,,,,AC138028.6,,,,,,,,,,,,,,,,,,,,,,,,,,,,,,,,,,,,,,,,,,,,,,,,,
FAM122B,JOSD2,HGS,IMP3,TERF2IP,IL20RB,,,,,,,,,,,,,,,,,,,,,,,,,,,,,,HIST1H2AB,,,,,,,,,,,,,,,,,,,,,,,,,,,,,,,,,,,,,,,,,,,,,,,,,
SAMD8,MED11,MAPK11,IMPDH2,PATL1,B4GAT1,,,,,,,,,,,,,,,,,,,,,,,,,,,,,,HIST1H2BI,,,,,,,,,,,,,,,,,,,,,,,,,,,,,,,,,,,,,,,,,,,,,,,,,
ZNF689,RPL26,TARSL2,NDUFAF3,STX3,SH3PXD2B,,,,,,,,,,,,,,,,,,,,,,,,,,,,,,HIST1H4A,,,,,,,,,,,,,,,,,,,,,,,,,,,,,,,,,,,,,,,,,,,,,,,,,
PRR14,POLR3K,L3MBTL1,SPINK6,TSC22D4,BRMS1,,,,,,,,,,,,,,,,,,,,,,,,,,,,,,HIST1H4B,,,,,,,,,,,,,,,,,,,,,,,,,,,,,,,,,,,,,,,,,,,,,,,,,
FBRS,SNRNP25,MOSMO,PARD6G,MARS,RPL15,,,,,,,,,,,,,,,,,,,,,,,,,,,,,,AC005332.6,,,,,,,,,,,,,,,,,,,,,,,,,,,,,,,,,,,,,,,,,,,,,,,,,
PHKG2,HS3ST6,YTHDF3,CALML3,MBD6,RIN1,,,,,,,,,,,,,,,,,,,,,,,,,,,,,,HIST1H3H,,,,,,,,,,,,,,,,,,,,,,,,,,,,,,,,,,,,,,,,,,,,,,,,,
EIF4A2,BICDL2,ADAMTSL5,CALML5,TEF,MICOS13,,,,,,,,,,,,,,,,,,,,,,,,,,,,,,AC008764.8,,,,,,,,,,,,,,,,,,,,,,,,,,,,,,,,,,,,,,,,,,,,,,,,,
BRPF1,PAQR4,DMWD,NT5DC1,GOLGA2,CD164L2,,,,,,,,,,,,,,,,,,,,,,,,,,,,,,NPTN-IT1,,,,,,,,,,,,,,,,,,,,,,,,,,,,,,,,,,,,,,,,,,,,,,,,,
EXOG,FLYWCH2,ZNF267,COX14,SP2,CHST2,,,,,,,,,,,,,,,,,,,,,,,,,,,,,,DNAJB5-DT,,,,,,,,,,,,,,,,,,,,,,,,,,,,,,,,,,,,,,,,,,,,,,,,,
SMG1,CYB561A3,IRS2,MAF,ZNF91,SNHG29,,,,,,,,,,,,,,,,,,,,,,,,,,,,,,LINC01002,,,,,,,,,,,,,,,,,,,,,,,,,,,,,,,,,,,,,,,,,,,,,,,,,
RBPMS,RPL29,ZNF284,CTNNBIP1,CDK12,WFDC5,,,,,,,,,,,,,,,,,,,,,,,,,,,,,,AL627171.2,,,,,,,,,,,,,,,,,,,,,,,,,,,,,,,,,,,,,,,,,,,,,,,,,
ODR4,PDZK1IP1,MATN1-AS1,THBD,ENGASE,PHYHD1,,,,,,,,,,,,,,,,,,,,,,,,,,,,,,PCBP2-OT1,,,,,,,,,,,,,,,,,,,,,,,,,,,,,,,,,,,,,,,,,,,,,,,,,
PAXIP1,CMPK1,POLR3C,COX5A,TEPSIN,TMEM9B,,,,,,,,,,,,,,,,,,,,,,,,,,,,,,AL139424.2,,,,,,,,,,,,,,,,,,,,,,,,,,,,,,,,,,,,,,,,,,,,,,,,,
RNF111,ZYG11B,CCDC84,STX19,IRGQ,MRPL48,,,,,,,,,,,,,,,,,,,,,,,,,,,,,,DINOL,,,,,,,,,,,,,,,,,,,,,,,,,,,,,,,,,,,,,,,,,,,,,,,,,
DYRK1A,CZIB,ANKRD37,C5orf46,ZNF641,RAB6A,,,,,,,,,,,,,,,,,,,,,,,,,,,,,,AL021155.5,,,,,,,,,,,,,,,,,,,,,,,,,,,,,,,,,,,,,,,,,,,,,,,,,
ETS2,SELENON,NUDT17,LGALS7B,KMT2D,CCDC85B,,,,,,,,,,,,,,,,,,,,,,,,,,,,,,LINC02680,,,,,,,,,,,,,,,,,,,,,,,,,,,,,,,,,,,,,,,,,,,,,,,,,
TAB3,LZIC,KPNA4,TUFM,ZNF528,TMEM70,,,,,,,,,,,,,,,,,,,,,,,,,,,,,,AL162458.1,,,,,,,,,,,,,,,,,,,,,,,,,,,,,,,,,,,,,,,,,,,,,,,,,
BRAF,FBLIM1,NAP1L2,EIF3K,ZNF701,AURKAIP1,,,,,,,,,,,,,,,,,,,,,,,,,,,,,,AC084864.2,,,,,,,,,,,,,,,,,,,,,,,,,,,,,,,,,,,,,,,,,,,,,,,,,
WDR19,PDPN,INSIG1,SNX18,SERTAD3,TOMM5,,,,,,,,,,,,,,,,,,,,,,,,,,,,,,HIST1H3B,,,,,,,,,,,,,,,,,,,,,,,,,,,,,,,,,,,,,,,,,,,,,,,,,
SLC37A3,OMA1,CEACAM19,RRS1,NCKAP5L,RUVBL1,,,,,,,,,,,,,,,,,,,,,,,,,,,,,,AC104304.3,,,,,,,,,,,,,,,,,,,,,,,,,,,,,,,,,,,,,,,,,,,,,,,,,
DUSP2,SNX7,MIR22HG,RCC2,GPD1,SFN,,,,,,,,,,,,,,,,,,,,,,,,,,,,,,AC008766.1,,,,,,,,,,,,,,,,,,,,,,,,,,,,,,,,,,,,,,,,,,,,,,,,,
PRXL2C,IGSF8,ZNF397,DPM3,PROSER3,ARL4D,,,,,,,,,,,,,,,,,,,,,,,,,,,,,,AC135893.1,,,,,,,,,,,,,,,,,,,,,,,,,,,,,,,,,,,,,,,,,,,,,,,,,
CNNM4,PEX19,POFUT2,CYC1,AXL,SSNA1,,,,,,,,,,,,,,,,,,,,,,,,,,,,,,AP000867.5,,,,,,,,,,,,,,,,,,,,,,,,,,,,,,,,,,,,,,,,,,,,,,,,,
ABHD3,BPNT1,TNFRSF18,CALR,NFKBID,CHMP6,,,,,,,,,,,,,,,,,,,,,,,,,,,,,,AC010624.5,,,,,,,,,,,,,,,,,,,,,,,,,,,,,,,,,,,,,,,,,,,,,,,,,
GPRASP2,MRPL55,RTN4RL2,GADD45GIP1,LENG8,GPX2,,,,,,,,,,,,,,,,,,,,,,,,,,,,,,HIST1H3C,,,,,,,,,,,,,,,,,,,,,,,,,,,,,,,,,,,,,,,,,,,,,,,,,
HIST1H2BD,DPY30,AKR1C1,GEMIN4,ZNF444,COX8A,,,,,,,,,,,,,,,,,,,,,,,,,,,,,,AL512625.3,,,,,,,,,,,,,,,,,,,,,,,,,,,,,,,,,,,,,,,,,,,,,,,,,
HIST1H4H,ARL5A,SHTN1,ALOX12B,WDR81,RNPEP,,,,,,,,,,,,,,,,,,,,,,,,,,,,,,AL513303.1,,,,,,,,,,,,,,,,,,,,,,,,,,,,,,,,,,,,,,,,,,,,,,,,,
MITD1,LRATD1,TSPYL4,ALOX15B,TRPV3,RMDN1,,,,,,,,,,,,,,,,,,,,,,,,,,,,,,AC090617.10,,,,,,,,,,,,,,,,,,,,,,,,,,,,,,,,,,,,,,,,,,,,,,,,,
B4GALT5,SMC6,EPOR,NKPD1,KLK6,MYO1D,,,,,,,,,,,,,,,,,,,,,,,,,,,,,,BX323046.2,,,,,,,,,,,,,,,,,,,,,,,,,,,,,,,,,,,,,,,,,,,,,,,,,
SPATA2,VSNL1,C11orf96,CITED4,ZNF83,RBIS,,,,,,,,,,,,,,,,,,,,,,,,,,,,,,Z99127.4,,,,,,,,,,,,,,,,,,,,,,,,,,,,,,,,,,,,,,,,,,,,,,,,,
ZC3H18,SGPP2,SIRT7,DCTPP1,ANGPTL4,GCNT4,,,,,,,,,,,,,,,,,,,,,,,,,,,,,,AC132872.5,,,,,,,,,,,,,,,,,,,,,,,,,,,,,,,,,,,,,,,,,,,,,,,,,
PPP1R15B,BNIPL,NANOS3,PNPLA1,ZNF558,RHOG,,,,,,,,,,,,,,,,,,,,,,,,,,,,,,AC006130.3,,,,,,,,,,,,,,,,,,,,,,,,,,,,,,,,,,,,,,,,,,,,,,,,,
RNF166,BOLA3,TET3,S1PR5,HID1,TALDO1,,,,,,,,,,,,,,,,,,,,,,,,,,,,,,AC253572.2,,,,,,,,,,,,,,,,,,,,,,,,,,,,,,,,,,,,,,,,,,,,,,,,,
USF1,S100A11,SPRY4,PPA1,TMEM88,MAGEF1,,,,,,,,,,,,,,,,,,,,,,,,,,,,,,,,,,,,,,,,,,,,,,,,,,,,,,,,,,,,,,,,,,,,,,,,,,,,,,,
DEDD,IVL,PEAR1,CXCR2,E4F1,CAVIN1,,,,,,,,,,,,,,,,,,,,,,,,,,,,,,,,,,,,,,,,,,,,,,,,,,,,,,,,,,,,,,,,,,,,,,,,,,,,,,,
B4GALT3,DHX57,LCN10,SSR4,SRRM2,ZBED2,,,,,,,,,,,,,,,,,,,,,,,,,,,,,,,,,,,,,,,,,,,,,,,,,,,,,,,,,,,,,,,,,,,,,,,,,,,,,,,
MPZ,PGLYRP4,WNT7B,TCEAL8,SLC3A2,IRX3,,,,,,,,,,,,,,,,,,,,,,,,,,,,,,,,,,,,,,,,,,,,,,,,,,,,,,,,,,,,,,,,,,,,,,,,,,,,,,,
CCAR2,S100A9,C11orf95,TRAPPC5,SPINDOC,ATOX1,,,,,,,,,,,,,,,,,,,,,,,,,,,,,,,,,,,,,,,,,,,,,,,,,,,,,,,,,,,,,,,,,,,,,,,,,,,,,,,
RAPGEF6,TGFA,AGRN,HIGD1A,CTNNB1,RPLP2,,,,,,,,,,,,,,,,,,,,,,,,,,,,,,,,,,,,,,,,,,,,,,,,,,,,,,,,,,,,,,,,,,,,,,,,,,,,,,,
SYNJ1,GNPDA2,NCR3LG1,F2R,SF1,ACAD9,,,,,,,,,,,,,,,,,,,,,,,,,,,,,,,,,,,,,,,,,,,,,,,,,,,,,,,,,,,,,,,,,,,,,,,,,,,,,,,
PAXBP1,DAPL1,HES4,NPM1,SETD5,AGTRAP,,,,,,,,,,,,,,,,,,,,,,,,,,,,,,,,,,,,,,,,,,,,,,,,,,,,,,,,,,,,,,,,,,,,,,,,,,,,,,,
SON,PMVK,ZNF669,DHTKD1,HIST3H3,CD151,,,,,,,,,,,,,,,,,,,,,,,,,,,,,,,,,,,,,,,,,,,,,,,,,,,,,,,,,,,,,,,,,,,,,,,,,,,,,,,
SV2A,PBXIP1,H2AFX,HEPHL1,DNAJC7,POLR2L,,,,,,,,,,,,,,,,,,,,,,,,,,,,,,,,,,,,,,,,,,,,,,,,,,,,,,,,,,,,,,,,,,,,,,,,,,,,,,,
CIART,CLDN1,SRSF10,TMEM45A,BMI1,CHID1,,,,,,,,,,,,,,,,,,,,,,,,,,,,,,,,,,,,,,,,,,,,,,,,,,,,,,,,,,,,,,,,,,,,,,,,,,,,,,,
CCDC24,NAXE,NDOR1,RNF135,HIST1H1E,AP3S1,,,,,,,,,,,,,,,,,,,,,,,,,,,,,,,,,,,,,,,,,,,,,,,,,,,,,,,,,,,,,,,,,,,,,,,,,,,,,,,
RUNX1,IGFBP7,NOXA1,SLC9A9,MFSD2A,GRB2,,,,,,,,,,,,,,,,,,,,,,,,,,,,,,,,,,,,,,,,,,,,,,,,,,,,,,,,,,,,,,,,,,,,,,,,,,,,,,,
MORC3,ARPC2,SPRED3,PRKAG1,ATG4B,BET1L,,,,,,,,,,,,,,,,,,,,,,,,,,,,,,,,,,,,,,,,,,,,,,,,,,,,,,,,,,,,,,,,,,,,,,,,,,,,,,,
SPRR2G,TMEM79,ZDHHC11,IDH2,STIP1,RPS27,,,,,,,,,,,,,,,,,,,,,,,,,,,,,,,,,,,,,,,,,,,,,,,,,,,,,,,,,,,,,,,,,,,,,,,,,,,,,,,
RSPRY1,STT3B,BEND4,FAM89A,TNXB,IMP3,,,,,,,,,,,,,,,,,,,,,,,,,,,,,,,,,,,,,,,,,,,,,,,,,,,,,,,,,,,,,,,,,,,,,,,,,,,,,,,
CCDC17,NUAK2,FAM120AOS,MRPL41,ATXN2L,IMPDH2,,,,,,,,,,,,,,,,,,,,,,,,,,,,,,,,,,,,,,,,,,,,,,,,,,,,,,,,,,,,,,,,,,,,,,,,,,,,,,,
GPBP1L1,RPL22L1,LRRC66,TP53TG1,HEXIM2,NDUFAF3,,,,,,,,,,,,,,,,,,,,,,,,,,,,,,,,,,,,,,,,,,,,,,,,,,,,,,,,,,,,,,,,,,,,,,,,,,,,,,,
ATP6V0D1,CDS1,ZNF292,LDOC1,SLC16A4,NDUFV2,,,,,,,,,,,,,,,,,,,,,,,,,,,,,,,,,,,,,,,,,,,,,,,,,,,,,,,,,,,,,,,,,,,,,,,,,,,,,,,
CARMIL2,PTPN13,ZNF567,ATP6AP2,AHCYL1,SPINK6,,,,,,,,,,,,,,,,,,,,,,,,,,,,,,,,,,,,,,,,,,,,,,,,,,,,,,,,,,,,,,,,,,,,,,,,,,,,,,,
FAM131B,THOC7,RNFT1,BACE2,TET2,PARD6G,,,,,,,,,,,,,,,,,,,,,,,,,,,,,,,,,,,,,,,,,,,,,,,,,,,,,,,,,,,,,,,,,,,,,,,,,,,,,,,
ZYX,GMPS,S100A13,NLRP10,PPIP5K1,POGLUT3,,,,,,,,,,,,,,,,,,,,,,,,,,,,,,,,,,,,,,,,,,,,,,,,,,,,,,,,,,,,,,,,,,,,,,,,,,,,,,,
CCDC117,RPL9,PAX8-AS1,XKRX,ZBTB5,CALML3,,,,,,,,,,,,,,,,,,,,,,,,,,,,,,,,,,,,,,,,,,,,,,,,,,,,,,,,,,,,,,,,,,,,,,,,,,,,,,,
ZNF222,SMIM14,PNRC2,GLRX5,ZNF507,CALML5,,,,,,,,,,,,,,,,,,,,,,,,,,,,,,,,,,,,,,,,,,,,,,,,,,,,,,,,,,,,,,,,,,,,,,,,,,,,,,,
NPR2,ABHD6,SH2D5,LIMK2,ANKRD49,COX14,,,,,,,,,,,,,,,,,,,,,,,,,,,,,,,,,,,,,,,,,,,,,,,,,,,,,,,,,,,,,,,,,,,,,,,,,,,,,,,
UBE2J2,DNASE1L3,ZFP92,MFSD5,MAT2A,CTXN1,,,,,,,,,,,,,,,,,,,,,,,,,,,,,,,,,,,,,,,,,,,,,,,,,,,,,,,,,,,,,,,,,,,,,,,,,,,,,,,
ANKLE1,ELP6,TDRD7,ADI1,ZNF608,SLC25A20,,,,,,,,,,,,,,,,,,,,,,,,,,,,,,,,,,,,,,,,,,,,,,,,,,,,,,,,,,,,,,,,,,,,,,,,,,,,,,,
CILP2,DTX3L,STK40,RWDD4,SLC35G2,MAF,,,,,,,,,,,,,,,,,,,,,,,,,,,,,,,,,,,,,,,,,,,,,,,,,,,,,,,,,,,,,,,,,,,,,,,,,,,,,,,
RSPH1,LIPH,LCOR,EPHB3,E2F6,CTNNBIP1,,,,,,,,,,,,,,,,,,,,,,,,,,,,,,,,,,,,,,,,,,,,,,,,,,,,,,,,,,,,,,,,,,,,,,,,,,,,,,,
PKNOX1,TMEM41A,IARS,EPGN,HNRNPH1,THBD,,,,,,,,,,,,,,,,,,,,,,,,,,,,,,,,,,,,,,,,,,,,,,,,,,,,,,,,,,,,,,,,,,,,,,,,,,,,,,,
PDXK,RPN1,CGB7,TTC3,MECP2,COX5A,,,,,,,,,,,,,,,,,,,,,,,,,,,,,,,,,,,,,,,,,,,,,,,,,,,,,,,,,,,,,,,,,,,,,,,,,,,,,,,
FTCD,RFC4,NLGN3,RPS17,ASMTL,FOXE1,,,,,,,,,,,,,,,,,,,,,,,,,,,,,,,,,,,,,,,,,,,,,,,,,,,,,,,,,,,,,,,,,,,,,,,,,,,,,,,
MCM3AP,RPL39L,CD55,HCAR2,ZBTB43,LGALS7B,,,,,,,,,,,,,,,,,,,,,,,,,,,,,,,,,,,,,,,,,,,,,,,,,,,,,,,,,,,,,,,,,,,,,,,,,,,,,,,
PCNT,TKT,FUT4,C1orf116,XPO6,EIF3K,,,,,,,,,,,,,,,,,,,,,,,,,,,,,,,,,,,,,,,,,,,,,,,,,,,,,,,,,,,,,,,,,,,,,,,,,,,,,,,
ZNF714,RFT1,PPP1R26,RPL35A,RAB3B,RRS1,,,,,,,,,,,,,,,,,,,,,,,,,,,,,,,,,,,,,,,,,,,,,,,,,,,,,,,,,,,,,,,,,,,,,,,,,,,,,,,
GPSM1,PIGX,SIAH1,NAA38,NPIPB3,RCC2,,,,,,,,,,,,,,,,,,,,,,,,,,,,,,,,,,,,,,,,,,,,,,,,,,,,,,,,,,,,,,,,,,,,,,,,,,,,,,,
SHKBP1,PGRMC2,SLC6A9,SLC25A10,CXCL8,DPM3,,,,,,,,,,,,,,,,,,,,,,,,,,,,,,,,,,,,,,,,,,,,,,,,,,,,,,,,,,,,,,,,,,,,,,,,,,,,,,,
PKN3,CCDC51,MAN2A2,CAMK1D,CRCT1,CYC1,,,,,,,,,,,,,,,,,,,,,,,,,,,,,,,,,,,,,,,,,,,,,,,,,,,,,,,,,,,,,,,,,,,,,,,,,,,,,,,
BRSK1,SHISA5,MMP1,ARHGEF37,INO80E,FARSA,,,,,,,,,,,,,,,,,,,,,,,,,,,,,,,,,,,,,,,,,,,,,,,,,,,,,,,,,,,,,,,,,,,,,,,,,,,,,,,
COX6B2,APEH,HRH1,SMDT1,HIC2,CALR,,,,,,,,,,,,,,,,,,,,,,,,,,,,,,,,,,,,,,,,,,,,,,,,,,,,,,,,,,,,,,,,,,,,,,,,,,,,,,,
TMEM190,MST1R,TRPV1,RUVBL2,ITGAM,MAGED1,,,,,,,,,,,,,,,,,,,,,,,,,,,,,,,,,,,,,,,,,,,,,,,,,,,,,,,,,,,,,,,,,,,,,,,,,,,,,,,
TAOK1,DUSP7,ZNF512B,GBP6,TOR1AIP2,GADD45GIP1,,,,,,,,,,,,,,,,,,,,,,,,,,,,,,,,,,,,,,,,,,,,,,,,,,,,,,,,,,,,,,,,,,,,,,,,,,,,,,,
DEDD2,C4orf3,ZNF431,OVCH2,TM4SF1,HLA-DQB1,,,,,,,,,,,,,,,,,,,,,,,,,,,,,,,,,,,,,,,,,,,,,,,,,,,,,,,,,,,,,,,,,,,,,,,,,,,,,,,
SIK3,PRSS12,NF1,PSMG1,OTUD3,ELMOD2,,,,,,,,,,,,,,,,,,,,,,,,,,,,,,,,,,,,,,,,,,,,,,,,,,,,,,,,,,,,,,,,,,,,,,,,,,,,,,,
PCSK7,NDUFAF2,SNHG17,TNFAIP8L3,ZNF764,SHARPIN,,,,,,,,,,,,,,,,,,,,,,,,,,,,,,,,,,,,,,,,,,,,,,,,,,,,,,,,,,,,,,,,,,,,,,,,,,,,,,,
SAFB,PRRC1,HIST1H2AG,MRPL54,TMEM42,ALOX15B,,,,,,,,,,,,,,,,,,,,,,,,,,,,,,,,,,,,,,,,,,,,,,,,,,,,,,,,,,,,,,,,,,,,,,,,,,,,,,,
CHTOP,F2RL1,STRN3,NDUFB1,NLGN2,CDC42EP4,,,,,,,,,,,,,,,,,,,,,,,,,,,,,,,,,,,,,,,,,,,,,,,,,,,,,,,,,,,,,,,,,,,,,,,,,,,,,,,
VPS11,AGGF1,PPTC7,GPR1,CHD3,MAF1,,,,,,,,,,,,,,,,,,,,,,,,,,,,,,,,,,,,,,,,,,,,,,,,,,,,,,,,,,,,,,,,,,,,,,,,,,,,,,,
IL6R,NDUFS4,HIST1H2AD,MACC1,CNTROB,CITED4,,,,,,,,,,,,,,,,,,,,,,,,,,,,,,,,,,,,,,,,,,,,,,,,,,,,,,,,,,,,,,,,,,,,,,,,,,,,,,,
CRTC2,GPX8,ZFP28,TBL3,CHRNB1,DCTPP1,,,,,,,,,,,,,,,,,,,,,,,,,,,,,,,,,,,,,,,,,,,,,,,,,,,,,,,,,,,,,,,,,,,,,,,,,,,,,,,
PAQR6,SERINC5,LAMB3,COA3,ZNF212,ZADH2,,,,,,,,,,,,,,,,,,,,,,,,,,,,,,,,,,,,,,,,,,,,,,,,,,,,,,,,,,,,,,,,,,,,,,,,,,,,,,,
SLC25A44,CFAP97,HIST3H2BB,ACTG1,UBB,FAHD1,,,,,,,,,,,,,,,,,,,,,,,,,,,,,,,,,,,,,,,,,,,,,,,,,,,,,,,,,,,,,,,,,,,,,,,,,,,,,,,
CCDC12,UBLCP1,PDLIM7,UQCR10,NFRKB,ZNRF2,,,,,,,,,,,,,,,,,,,,,,,,,,,,,,,,,,,,,,,,,,,,,,,,,,,,,,,,,,,,,,,,,,,,,,,,,,,,,,,
UBQLN4,SEPTIN8,FUT11,NIPSNAP1,FOS,CCDC43,,,,,,,,,,,,,,,,,,,,,,,,,,,,,,,,,,,,,,,,,,,,,,,,,,,,,,,,,,,,,,,,,,,,,,,,,,,,,,,
LY6K,UQCRQ,SERTAD1,SPRR4,GPRC5C,S1PR5,,,,,,,,,,,,,,,,,,,,,,,,,,,,,,,,,,,,,,,,,,,,,,,,,,,,,,,,,,,,,,,,,,,,,,,,,,,,,,,
IER2,SLC35A1,ZNF100,CRELD2,PFKFB3,GPR157,,,,,,,,,,,,,,,,,,,,,,,,,,,,,,,,,,,,,,,,,,,,,,,,,,,,,,,,,,,,,,,,,,,,,,,,,,,,,,,
ZNF394,SFXN1,ZNF441,SCFD2,TMC7,PPA1,,,,,,,,,,,,,,,,,,,,,,,,,,,,,,,,,,,,,,,,,,,,,,,,,,,,,,,,,,,,,,,,,,,,,,,,,,,,,,,
PWWP3A,PDSS2,HIST1H4C,TACSTD2,ARL6IP1,CXCR2,,,,,,,,,,,,,,,,,,,,,,,,,,,,,,,,,,,,,,,,,,,,,,,,,,,,,,,,,,,,,,,,,,,,,,,,,,,,,,,
ZNF333,RAET1E,MAFG,BPIFC,SERPINB9,SSR4,,,,,,,,,,,,,,,,,,,,,,,,,,,,,,,,,,,,,,,,,,,,,,,,,,,,,,,,,,,,,,,,,,,,,,,,,,,,,,,
PPP1R16A,RPS14,ZGPAT,PROS1,HSPA4,TCEAL8,,,,,,,,,,,,,,,,,,,,,,,,,,,,,,,,,,,,,,,,,,,,,,,,,,,,,,,,,,,,,,,,,,,,,,,,,,,,,,,
SQSTM1,COG5,SLC25A29,TMEM173,AC093323.1,TRAPPC5,,,,,,,,,,,,,,,,,,,,,,,,,,,,,,,,,,,,,,,,,,,,,,,,,,,,,,,,,,,,,,,,,,,,,,,,,,,,,,,
MFSD12,PTTG1,PCNX3,NDUFA12,KBTBD2,HIGD1A,,,,,,,,,,,,,,,,,,,,,,,,,,,,,,,,,,,,,,,,,,,,,,,,,,,,,,,,,,,,,,,,,,,,,,,,,,,,,,,
DVL3,STEAP1,ABCB8,ZBTB7C,KIAA0232,F2R,,,,,,,,,,,,,,,,,,,,,,,,,,,,,,,,,,,,,,,,,,,,,,,,,,,,,,,,,,,,,,,,,,,,,,,,,,,,,,,
SAP30BP,CDCA7L,HIST1H3J,APOO,TPT1-AS1,TMEM45A,,,,,,,,,,,,,,,,,,,,,,,,,,,,,,,,,,,,,,,,,,,,,,,,,,,,,,,,,,,,,,,,,,,,,,,,,,,,,,,
SRSF2,FABP5,NOL4L,UBALD2,XKR6,RAP2B,,,,,,,,,,,,,,,,,,,,,,,,,,,,,,,,,,,,,,,,,,,,,,,,,,,,,,,,,,,,,,,,,,,,,,,,,,,,,,,
KLHL10,CTSB,ENTPD4,TMEM179B,KYAT1,RNF135,,,,,,,,,,,,,,,,,,,,,,,,,,,,,,,,,,,,,,,,,,,,,,,,,,,,,,,,,,,,,,,,,,,,,,,,,,,,,,,
ITGA5,PEX2,C6orf141,KRT6B,SOCS5,MRPS23,,,,,,,,,,,,,,,,,,,,,,,,,,,,,,,,,,,,,,,,,,,,,,,,,,,,,,,,,,,,,,,,,,,,,,,,,,,,,,,
MPP3,ORC5,ZNF165,BRCC3,ZNF692,C5orf30,,,,,,,,,,,,,,,,,,,,,,,,,,,,,,,,,,,,,,,,,,,,,,,,,,,,,,,,,,,,,,,,,,,,,,,,,,,,,,,
SHANK1,DEFB1,ZNF655,AHNAK2,NAIF1,SIAH2,,,,,,,,,,,,,,,,,,,,,,,,,,,,,,,,,,,,,,,,,,,,,,,,,,,,,,,,,,,,,,,,,,,,,,,,,,,,,,,
FMNL3,TMEM184A,HIST1H3D,MRPL40,JUNB,SLC9A9,,,,,,,,,,,,,,,,,,,,,,,,,,,,,,,,,,,,,,,,,,,,,,,,,,,,,,,,,,,,,,,,,,,,,,,,,,,,,,,
LARP4,CDK5,PDGFA,INKA1,NPTX1,LSM10,,,,,,,,,,,,,,,,,,,,,,,,,,,,,,,,,,,,,,,,,,,,,,,,,,,,,,,,,,,,,,,,,,,,,,,,,,,,,,,
GRASP,ALDH7A1,ENTPD6,P4HB,ZBTB26,COA4,,,,,,,,,,,,,,,,,,,,,,,,,,,,,,,,,,,,,,,,,,,,,,,,,,,,,,,,,,,,,,,,,,,,,,,,,,,,,,,
RAVER1,COX6C,FAR1,PSMD13,ASXL1,PRKAG1,,,,,,,,,,,,,,,,,,,,,,,,,,,,,,,,,,,,,,,,,,,,,,,,,,,,,,,,,,,,,,,,,,,,,,,,,,,,,,,
ZNF653,SLC25A32,ZNF460,NDUFA4L2,ZNF318,IDH2,,,,,,,,,,,,,,,,,,,,,,,,,,,,,,,,,,,,,,,,,,,,,,,,,,,,,,,,,,,,,,,,,,,,,,,,,,,,,,,
WDR90,SNAPC3,PHF2,KRT79,WIPF2,FAM89A,,,,,,,,,,,,,,,,,,,,,,,,,,,,,,,,,,,,,,,,,,,,,,,,,,,,,,,,,,,,,,,,,,,,,,,,,,,,,,,
ZNF75A,NUDT2,TAF13,PMEL,PPID,MRPL41,,,,,,,,,,,,,,,,,,,,,,,,,,,,,,,,,,,,,,,,,,,,,,,,,,,,,,,,,,,,,,,,,,,,,,,,,,,,,,,
NEU3,SYK,SLC9A8,POU3F1,ZNF274,LDOC1,,,,,,,,,,,,,,,,,,,,,,,,,,,,,,,,,,,,,,,,,,,,,,,,,,,,,,,,,,,,,,,,,,,,,,,,,,,,,,,
LBHD1,KDM1B,HIST4H4,IFIT1,PIK3CD,ARL6IP4,,,,,,,,,,,,,,,,,,,,,,,,,,,,,,,,,,,,,,,,,,,,,,,,,,,,,,,,,,,,,,,,,,,,,,,,,,,,,,,
NXF1,TMEM246,ZNF44,IFITM1,BPTF,ATP6AP2,,,,,,,,,,,,,,,,,,,,,,,,,,,,,,,,,,,,,,,,,,,,,,,,,,,,,,,,,,,,,,,,,,,,,,,,,,,,,,,
STX5,MID1IP1,FCHSD1,LAMP1,ATF7IP,NXPH4,,,,,,,,,,,,,,,,,,,,,,,,,,,,,,,,,,,,,,,,,,,,,,,,,,,,,,,,,,,,,,,,,,,,,,,,,,,,,,,
FGF19,ATP7A,ZNF121,KLHDC8B,NHLH1,FAM104B,,,,,,,,,,,,,,,,,,,,,,,,,,,,,,,,,,,,,,,,,,,,,,,,,,,,,,,,,,,,,,,,,,,,,,,,,,,,,,,
PLPP3,NDUFB6,AKAP17A,BICD2,FBXL14,LIMK2,,,,,,,,,,,,,,,,,,,,,,,,,,,,,,,,,,,,,,,,,,,,,,,,,,,,,,,,,,,,,,,,,,,,,,,,,,,,,,,
KLHL21,STOML2,SNHG12,NDUFA13,CYP4F11,MFSD5,,,,,,,,,,,,,,,,,,,,,,,,,,,,,,,,,,,,,,,,,,,,,,,,,,,,,,,,,,,,,,,,,,,,,,,,,,,,,,,
CAMK2N1,MELK,ZNF335,KRT5,JMJD1C,ADI1,,,,,,,,,,,,,,,,,,,,,,,,,,,,,,,,,,,,,,,,,,,,,,,,,,,,,,,,,,,,,,,,,,,,,,,,,,,,,,,
SCNN1D,SPTSSA,ZNF84,SAPCD2,MAL,RWDD4,,,,,,,,,,,,,,,,,,,,,,,,,,,,,,,,,,,,,,,,,,,,,,,,,,,,,,,,,,,,,,,,,,,,,,,,,,,,,,,
MXRA8,GJB2,MIER1,SOWAHB,LAMB2,EPGN,,,,,,,,,,,,,,,,,,,,,,,,,,,,,,,,,,,,,,,,,,,,,,,,,,,,,,,,,,,,,,,,,,,,,,,,,,,,,,,
MYSM1,CRYL1,ZNF251,TOR3A,USP19,TTC3,,,,,,,,,,,,,,,,,,,,,,,,,,,,,,,,,,,,,,,,,,,,,,,,,,,,,,,,,,,,,,,,,,,,,,,,,,,,,,,
FUBP1,REEP3,SZT2,THBS2,KLF11,TSKU,,,,,,,,,,,,,,,,,,,,,,,,,,,,,,,,,,,,,,,,,,,,,,,,,,,,,,,,,,,,,,,,,,,,,,,,,,,,,,,
DNAJB4,KLHDC2,HELZ,KRT10,LCE1D,ANXA2,,,,,,,,,,,,,,,,,,,,,,,,,,,,,,,,,,,,,,,,,,,,,,,,,,,,,,,,,,,,,,,,,,,,,,,,,,,,,,,
TYW3,ARF6,CARD11,RPS23,ISG20,PAQR7,,,,,,,,,,,,,,,,,,,,,,,,,,,,,,,,,,,,,,,,,,,,,,,,,,,,,,,,,,,,,,,,,,,,,,,,,,,,,,,
NTNG1,TTC8,ZKSCAN8,VSIG10L,HINFP,RPS17,,,,,,,,,,,,,,,,,,,,,,,,,,,,,,,,,,,,,,,,,,,,,,,,,,,,,,,,,,,,,,,,,,,,,,,,,,,,,,,
C1orf52,NUDT5,PIM3,KRT16,CFAP53,HCAR2,,,,,,,,,,,,,,,,,,,,,,,,,,,,,,,,,,,,,,,,,,,,,,,,,,,,,,,,,,,,,,,,,,,,,,,,,,,,,,,
ATXN7L2,ATP5F1C,GFPT1,KRT14,TTC36,SLC25A10,,,,,,,,,,,,,,,,,,,,,,,,,,,,,,,,,,,,,,,,,,,,,,,,,,,,,,,,,,,,,,,,,,,,,,,,,,,,,,,
SLC30A7,PRDX3,OGA,FAM183A,GTPBP2,ARHGEF37,,,,,,,,,,,,,,,,,,,,,,,,,,,,,,,,,,,,,,,,,,,,,,,,,,,,,,,,,,,,,,,,,,,,,,,,,,,,,,,
ZNF281,ENOX2,TXNRD1,PLCD1,ZNF24,GBP6,,,,,,,,,,,,,,,,,,,,,,,,,,,,,,,,,,,,,,,,,,,,,,,,,,,,,,,,,,,,,,,,,,,,,,,,,,,,,,,
DDR2,SPACA9,NRARP,NAP1L1,BANP,PSMG1,,,,,,,,,,,,,,,,,,,,,,,,,,,,,,,,,,,,,,,,,,,,,,,,,,,,,,,,,,,,,,,,,,,,,,,,,,,,,,,
PEA15,SLC39A2,ZXDB,MT1X,HCFC1,SETD3,,,,,,,,,,,,,,,,,,,,,,,,,,,,,,,,,,,,,,,,,,,,,,,,,,,,,,,,,,,,,,,,,,,,,,,,,,,,,,,
FAM71A,NDRG2,ZNF587,CHP1,RND1,TNFAIP8L3,,,,,,,,,,,,,,,,,,,,,,,,,,,,,,,,,,,,,,,,,,,,,,,,,,,,,,,,,,,,,,,,,,,,,,,,,,,,,,,
ATF3,TRUB1,TPM2,ISG15,RAD9A,SFXN4,,,,,,,,,,,,,,,,,,,,,,,,,,,,,,,,,,,,,,,,,,,,,,,,,,,,,,,,,,,,,,,,,,,,,,,,,,,,,,,
RBM15,UBTD1,YTHDF2,DHRS4L2,EFEMP2,NDUFB1,,,,,,,,,,,,,,,,,,,,,,,,,,,,,,,,,,,,,,,,,,,,,,,,,,,,,,,,,,,,,,,,,,,,,,,,,,,,,,,
IER5,ISCA2,NBR2,TMEM203,WASHC2C,TRMT12,,,,,,,,,,,,,,,,,,,,,,,,,,,,,,,,,,,,,,,,,,,,,,,,,,,,,,,,,,,,,,,,,,,,,,,,,,,,,,,
PKDCC,PACSIN3,MAFK,TPRG1,TMEM217,GPR1,,,,,,,,,,,,,,,,,,,,,,,,,,,,,,,,,,,,,,,,,,,,,,,,,,,,,,,,,,,,,,,,,,,,,,,,,,,,,,,
B3GALNT2,PSMC3,DDX39B,MORN2,NAA16,TMEM50A,,,,,,,,,,,,,,,,,,,,,,,,,,,,,,,,,,,,,,,,,,,,,,,,,,,,,,,,,,,,,,,,,,,,,,,,,,,,,,,
MAPKAPK2,IFI27,ARC,ARL4C,ZNF621,MACC1,,,,,,,,,,,,,,,,,,,,,,,,,,,,,,,,,,,,,,,,,,,,,,,,,,,,,,,,,,,,,,,,,,,,,,,,,,,,,,,
WDR26,AMOTL1,TLK1,PLA2G4E,LVRN,KREMEN1,,,,,,,,,,,,,,,,,,,,,,,,,,,,,,,,,,,,,,,,,,,,,,,,,,,,,,,,,,,,,,,,,,,,,,,,,,,,,,,
REL,HTRA1,MDM4,FAM25A,PHF8,ARSI,,,,,,,,,,,,,,,,,,,,,,,,,,,,,,,,,,,,,,,,,,,,,,,,,,,,,,,,,,,,,,,,,,,,,,,,,,,,,,,
TRIM17,GPT2,KLHL9,C6orf132,MIR4435-2HG,COA3,,,,,,,,,,,,,,,,,,,,,,,,,,,,,,,,,,,,,,,,,,,,,,,,,,,,,,,,,,,,,,,,,,,,,,,,,,,,,,,
FRZB,POLL,DLL1,LAMTOR4,KAT5,ACTG1,,,,,,,,,,,,,,,,,,,,,,,,,,,,,,,,,,,,,,,,,,,,,,,,,,,,,,,,,,,,,,,,,,,,,,,,,,,,,,,
WDCP,DPCD,ANKRD13B,COMMD6,RELA,UQCR10,,,,,,,,,,,,,,,,,,,,,,,,,,,,,,,,,,,,,,,,,,,,,,,,,,,,,,,,,,,,,,,,,,,,,,,,,,,,,,,
H3F3A,API5,SLC5A3,IGFL1,EVC2,NIPSNAP1,,,,,,,,,,,,,,,,,,,,,,,,,,,,,,,,,,,,,,,,,,,,,,,,,,,,,,,,,,,,,,,,,,,,,,,,,,,,,,,
INHBB,HPS6,CDC42BPB,PLSCR1,HECTD4,SCFD2,,,,,,,,,,,,,,,,,,,,,,,,,,,,,,,,,,,,,,,,,,,,,,,,,,,,,,,,,,,,,,,,,,,,,,,,,,,,,,,
NEURL3,ALKBH3,PLXNB3,FOCAD,HSPA6,PGP,,,,,,,,,,,,,,,,,,,,,,,,,,,,,,,,,,,,,,,,,,,,,,,,,,,,,,,,,,,,,,,,,,,,,,,,,,,,,,,
MSX1,COX11,APCDD1L,ZP3,NOC3L,TACSTD2,,,,,,,,,,,,,,,,,,,,,,,,,,,,,,,,,,,,,,,,,,,,,,,,,,,,,,,,,,,,,,,,,,,,,,,,,,,,,,,
CDC42EP3,BORCS7,FAM169A,C10orf99,PARP14,EFNA5,,,,,,,,,,,,,,,,,,,,,,,,,,,,,,,,,,,,,,,,,,,,,,,,,,,,,,,,,,,,,,,,,,,,,,,,,,,,,,,
LCE3D,ANAPC16,ZNF830,CLEC2A,GPR137,PKP3,,,,,,,,,,,,,,,,,,,,,,,,,,,,,,,,,,,,,,,,,,,,,,,,,,,,,,,,,,,,,,,,,,,,,,,,,,,,,,,
CCNYL1,CYB5A,FOXJ3,NCCRP1,MMRN2,PROS1,,,,,,,,,,,,,,,,,,,,,,,,,,,,,,,,,,,,,,,,,,,,,,,,,,,,,,,,,,,,,,,,,,,,,,,,,,,,,,,
NPPC,C11orf74,DENND4B,KRTDAP,TNKS,ATL3,,,,,,,,,,,,,,,,,,,,,,,,,,,,,,,,,,,,,,,,,,,,,,,,,,,,,,,,,,,,,,,,,,,,,,,,,,,,,,,
ANTXR2,PPFIBP2,RUSC2,IGFL3,ZBTB21,NDUFA12,,,,,,,,,,,,,,,,,,,,,,,,,,,,,,,,,,,,,,,,,,,,,,,,,,,,,,,,,,,,,,,,,,,,,,,,,,,,,,,
HELQ,CYB5R2,FICD,S100A16,TRIB1,ARMCX2,,,,,,,,,,,,,,,,,,,,,,,,,,,,,,,,,,,,,,,,,,,,,,,,,,,,,,,,,,,,,,,,,,,,,,,,,,,,,,,
CGGBP1,SERPINB7,SMC5,RPL14,RNASE8,BRI3BP,,,,,,,,,,,,,,,,,,,,,,,,,,,,,,,,,,,,,,,,,,,,,,,,,,,,,,,,,,,,,,,,,,,,,,,,,,,,,,,
HIPK1,RPL27A,MAP3K3,SBSN,THAP2,SEMA4B,,,,,,,,,,,,,,,,,,,,,,,,,,,,,,,,,,,,,,,,,,,,,,,,,,,,,,,,,,,,,,,,,,,,,,,,,,,,,,,
YY1AP1,AKIP1,L1CAM,NDUFA4,PEAK1,RPS27L,,,,,,,,,,,,,,,,,,,,,,,,,,,,,,,,,,,,,,,,,,,,,,,,,,,,,,,,,,,,,,,,,,,,,,,,,,,,,,,
KBTBD8,LEO1,RASGEF1A,RNF222,TNFRSF10D,FAF1,,,,,,,,,,,,,,,,,,,,,,,,,,,,,,,,,,,,,,,,,,,,,,,,,,,,,,,,,,,,,,,,,,,,,,,,,,,,,,,
EOGT,TMX3,KIAA0753,SP6,MOB1B,ARL15,,,,,,,,,,,,,,,,,,,,,,,,,,,,,,,,,,,,,,,,,,,,,,,,,,,,,,,,,,,,,,,,,,,,,,,,,,,,,,,
IGFN1,A2ML1,GPRASP1,CLDN4,NABP1,GAS2L1,,,,,,,,,,,,,,,,,,,,,,,,,,,,,,,,,,,,,,,,,,,,,,,,,,,,,,,,,,,,,,,,,,,,,,,,,,,,,,,
NEK10,TMED3,TBKBP1,KRT77,CHD2,TMEM179B,,,,,,,,,,,,,,,,,,,,,,,,,,,,,,,,,,,,,,,,,,,,,,,,,,,,,,,,,,,,,,,,,,,,,,,,,,,,,,,
CRYBA2,BEX3,INF2,MAOA,NUDT4,KRT6B,,,,,,,,,,,,,,,,,,,,,,,,,,,,,,,,,,,,,,,,,,,,,,,,,,,,,,,,,,,,,,,,,,,,,,,,,,,,,,,
CIP2A,PPIB,ADAMTSL4-AS1,GJB5,LRFN4,BRCC3,,,,,,,,,,,,,,,,,,,,,,,,,,,,,,,,,,,,,,,,,,,,,,,,,,,,,,,,,,,,,,,,,,,,,,,,,,,,,,,
CWC22,CIAO2A,HIST2H2BF,S100A14,RCE1,AHNAK2,,,,,,,,,,,,,,,,,,,,,,,,,,,,,,,,,,,,,,,,,,,,,,,,,,,,,,,,,,,,,,,,,,,,,,,,,,,,,,,
AZI2,CHP2,GDI1,ALG1L,HAP1,MRPL40,,,,,,,,,,,,,,,,,,,,,,,,,,,,,,,,,,,,,,,,,,,,,,,,,,,,,,,,,,,,,,,,,,,,,,,,,,,,,,,
PRKCI,MRPL16,LIME1,RASSF10,ENDOV,INKA1,,,,,,,,,,,,,,,,,,,,,,,,,,,,,,,,,,,,,,,,,,,,,,,,,,,,,,,,,,,,,,,,,,,,,,,,,,,,,,,
RYBP,AKTIP,RPA4,AKR1C3,TIGD3,P4HB,,,,,,,,,,,,,,,,,,,,,,,,,,,,,,,,,,,,,,,,,,,,,,,,,,,,,,,,,,,,,,,,,,,,,,,,,,,,,,,
PPP4R2,MAPRE2,MACO1,S100A4,PHC3,NDUFA4L2,,,,,,,,,,,,,,,,,,,,,,,,,,,,,,,,,,,,,,,,,,,,,,,,,,,,,,,,,,,,,,,,,,,,,,,,,,,,,,,
CD200R1,PDIA3,ZDBF2,SEMA4A,RBM4,KRT79,,,,,,,,,,,,,,,,,,,,,,,,,,,,,,,,,,,,,,,,,,,,,,,,,,,,,,,,,,,,,,,,,,,,,,,,,,,,,,,
NEPRO,SNRPD1,BRD2,TUBB,TCAP,POU3F1,,,,,,,,,,,,,,,,,,,,,,,,,,,,,,,,,,,,,,,,,,,,,,,,,,,,,,,,,,,,,,,,,,,,,,,,,,,,,,,
WDFY3,ACSF2,TNRC6C-AS1,PPIA,KLHL15,WDR53,,,,,,,,,,,,,,,,,,,,,,,,,,,,,,,,,,,,,,,,,,,,,,,,,,,,,,,,,,,,,,,,,,,,,,,,,,,,,,,
PSMD6,TRUB2,PBX2,ASB13,LEMD3,IFITM1,,,,,,,,,,,,,,,,,,,,,,,,,,,,,,,,,,,,,,,,,,,,,,,,,,,,,,,,,,,,,,,,,,,,,,,,,,,,,,,
TIPARP,SLC27A4,AGER,THEM5,ADCY6,KLHDC8B,,,,,,,,,,,,,,,,,,,,,,,,,,,,,,,,,,,,,,,,,,,,,,,,,,,,,,,,,,,,,,,,,,,,,,,,,,,,,,,
CCNL1,CERCAM,SPANXN5,XRCC6,LIG4,BICD2,,,,,,,,,,,,,,,,,,,,,,,,,,,,,,,,,,,,,,,,,,,,,,,,,,,,,,,,,,,,,,,,,,,,,,,,,,,,,,,
IL17RC,ENDOG,SLC44A4,IPO4,ATP2A2,KRT5,,,,,,,,,,,,,,,,,,,,,,,,,,,,,,,,,,,,,,,,,,,,,,,,,,,,,,,,,,,,,,,,,,,,,,,,,,,,,,,
CRELD1,TBC1D2B,HSPA1B,NACA,DENND4A,BCL9L,,,,,,,,,,,,,,,,,,,,,,,,,,,,,,,,,,,,,,,,,,,,,,,,,,,,,,,,,,,,,,,,,,,,,,,,,,,,,,,
MTMR14,NOD2,HSPA1A,SPTSSB,TMEM81,SOWAHB,,,,,,,,,,,,,,,,,,,,,,,,,,,,,,,,,,,,,,,,,,,,,,,,,,,,,,,,,,,,,,,,,,,,,,,,,,,,,,,
CXCL3,HDHD2,HSPA1L,SULF2,AKIRIN1,BLOC1S4,,,,,,,,,,,,,,,,,,,,,,,,,,,,,,,,,,,,,,,,,,,,,,,,,,,,,,,,,,,,,,,,,,,,,,,,,,,,,,,
CXCL1,POP5,VWA7,SDHAF3,MSL2,TOR3A,,,,,,,,,,,,,,,,,,,,,,,,,,,,,,,,,,,,,,,,,,,,,,,,,,,,,,,,,,,,,,,,,,,,,,,,,,,,,,,
RCHY1,ATP5MG,MICB,TOMM7,ZNF266,RXRA,,,,,,,,,,,,,,,,,,,,,,,,,,,,,,,,,,,,,,,,,,,,,,,,,,,,,,,,,,,,,,,,,,,,,,,,,,,,,,,
UCN,STIM1,MICA,GM2A,RESF1,KRT10,,,,,,,,,,,,,,,,,,,,,,,,,,,,,,,,,,,,,,,,,,,,,,,,,,,,,,,,,,,,,,,,,,,,,,,,,,,,,,,
SPDYA,RRM1,ZNF805,S100A2,NR1D2,RPS23,,,,,,,,,,,,,,,,,,,,,,,,,,,,,,,,,,,,,,,,,,,,,,,,,,,,,,,,,,,,,,,,,,,,,,,,,,,,,,,
SLC6A20,VKORC1,PPP1R10,ANXA4,CNIH2,SEPTIN10,,,,,,,,,,,,,,,,,,,,,,,,,,,,,,,,,,,,,,,,,,,,,,,,,,,,,,,,,,,,,,,,,,,,,,,,,,,,,,,
ZNF148,TPM4,HLA-F,LAGE3,KCTD13,KRT16,,,,,,,,,,,,,,,,,,,,,,,,,,,,,,,,,,,,,,,,,,,,,,,,,,,,,,,,,,,,,,,,,,,,,,,,,,,,,,,
ZC3H12A,GPX4,GABBR1,CYSRT1,DHX36,KRT14,,,,,,,,,,,,,,,,,,,,,,,,,,,,,,,,,,,,,,,,,,,,,,,,,,,,,,,,,,,,,,,,,,,,,,,,,,,,,,,
SNIP1,TRAPPC2L,TRIM27,PELI1,KLC2,PLCD1,,,,,,,,,,,,,,,,,,,,,,,,,,,,,,,,,,,,,,,,,,,,,,,,,,,,,,,,,,,,,,,,,,,,,,,,,,,,,,,
KLF15,RPL13,ATXN2,MRPL21,SLC22A1,PLEKHN1,,,,,,,,,,,,,,,,,,,,,,,,,,,,,,,,,,,,,,,,,,,,,,,,,,,,,,,,,,,,,,,,,,,,,,,,,,,,,,,
PRKCD,CDC42EP5,ZBTB48,MAP3K5,VCPIP1,DHRS4L2,,,,,,,,,,,,,,,,,,,,,,,,,,,,,,,,,,,,,,,,,,,,,,,,,,,,,,,,,,,,,,,,,,,,,,,,,,,,,,,
SFMBT1,PPP1R14A,ZNF155,GSTK1,ZNF654,TMEM203,,,,,,,,,,,,,,,,,,,,,,,,,,,,,,,,,,,,,,,,,,,,,,,,,,,,,,,,,,,,,,,,,,,,,,,,,,,,,,,
UVSSA,SPINT2,ZNF783,SLC28A3,TVP23C,TCEA1,,,,,,,,,,,,,,,,,,,,,,,,,,,,,,,,,,,,,,,,,,,,,,,,,,,,,,,,,,,,,,,,,,,,,,,,,,,,,,,
TASOR,C19orf33,SLFN12L,HHLA3,PSMD2,EIF4EBP1,,,,,,,,,,,,,,,,,,,,,,,,,,,,,,,,,,,,,,,,,,,,,,,,,,,,,,,,,,,,,,,,,,,,,,,,,,,,,,,
UBXN7,YIF1B,FAM71F2,MFAP5,CSRP2,ARL4C,,,,,,,,,,,,,,,,,,,,,,,,,,,,,,,,,,,,,,,,,,,,,,,,,,,,,,,,,,,,,,,,,,,,,,,,,,,,,,,
MELTF,LY6D,ZBTB10,SERPINB2,DDIT3,PLA2G4E,,,,,,,,,,,,,,,,,,,,,,,,,,,,,,,,,,,,,,,,,,,,,,,,,,,,,,,,,,,,,,,,,,,,,,,,,,,,,,,
AIMP1,MFSD3,E2F4,DPP4,ATG13,LAMTOR4,,,,,,,,,,,,,,,,,,,,,,,,,,,,,,,,,,,,,,,,,,,,,,,,,,,,,,,,,,,,,,,,,,,,,,,,,,,,,,,
SGMS2,TSR1,SAP25,SERPINB13,GOLGA8A,IGFL1,,,,,,,,,,,,,,,,,,,,,,,,,,,,,,,,,,,,,,,,,,,,,,,,,,,,,,,,,,,,,,,,,,,,,,,,,,,,,,,
RAD54L2,GGT6,RGL3,PDCD1LG2,CST6,PLSCR1,,,,,,,,,,,,,,,,,,,,,,,,,,,,,,,,,,,,,,,,,,,,,,,,,,,,,,,,,,,,,,,,,,,,,,,,,,,,,,,
HMGB2,C19orf48,CPT1B,RPS26,NRIP3,C10orf99,,,,,,,,,,,,,,,,,,,,,,,,,,,,,,,,,,,,,,,,,,,,,,,,,,,,,,,,,,,,,,,,,,,,,,,,,,,,,,,
ANXA5,KLK5,ITPRIPL2,PSAP,PPP2R2D,CLEC2A,,,,,,,,,,,,,,,,,,,,,,,,,,,,,,,,,,,,,,,,,,,,,,,,,,,,,,,,,,,,,,,,,,,,,,,,,,,,,,,
NPY1R,KLK11,RFPL3S,S100A10,CLCF1,BLOC1S5,,,,,,,,,,,,,,,,,,,,,,,,,,,,,,,,,,,,,,,,,,,,,,,,,,,,,,,,,,,,,,,,,,,,,,,,,,,,,,,
OTUD4,KRT1,C1RL-AS1,RPL37A,FOSL1,KRTDAP,,,,,,,,,,,,,,,,,,,,,,,,,,,,,,,,,,,,,,,,,,,,,,,,,,,,,,,,,,,,,,,,,,,,,,,,,,,,,,,
NIPBL,ACER1,AC108134.1,CFD,ZNF77,IGFL3,,,,,,,,,,,,,,,,,,,,,,,,,,,,,,,,,,,,,,,,,,,,,,,,,,,,,,,,,,,,,,,,,,,,,,,,,,,,,,,
ANKRD33B,SPRYD3,ZNF316,ADH5,BAIAP2,S100A16,,,,,,,,,,,,,,,,,,,,,,,,,,,,,,,,,,,,,,,,,,,,,,,,,,,,,,,,,,,,,,,,,,,,,,,,,,,,,,,
CMYA5,IGFBP6,HCG27,AADACL2,PLEKHF2,RPL14,,,,,,,,,,,,,,,,,,,,,,,,,,,,,,,,,,,,,,,,,,,,,,,,,,,,,,,,,,,,,,,,,,,,,,,,,,,,,,,
RICTOR,NDUFV1,THUMPD3-AS1,S100A6,LYSMD3,GJB3,,,,,,,,,,,,,,,,,,,,,,,,,,,,,,,,,,,,,,,,,,,,,,,,,,,,,,,,,,,,,,,,,,,,,,,,,,,,,,,
CCDC127,NUDT8,DIO2,RPL12,KCNE5,NELFB,,,,,,,,,,,,,,,,,,,,,,,,,,,,,,,,,,,,,,,,,,,,,,,,,,,,,,,,,,,,,,,,,,,,,,,,,,,,,,,
GDF9,PRDX2,ZNF611,RPS4X,IP6K1,NDUFA4,,,,,,,,,,,,,,,,,,,,,,,,,,,,,,,,,,,,,,,,,,,,,,,,,,,,,,,,,,,,,,,,,,,,,,,,,,,,,,,
CGAS,MRPL58,DENND1B,AKR1B10,SPHK1,SP6,,,,,,,,,,,,,,,,,,,,,,,,,,,,,,,,,,,,,,,,,,,,,,,,,,,,,,,,,,,,,,,,,,,,,,,,,,,,,,,
CREBRF,ATP5PD,ZNF254,TMPRSS11F,CDC26,ZNF33A,,,,,,,,,,,,,,,,,,,,,,,,,,,,,,,,,,,,,,,,,,,,,,,,,,,,,,,,,,,,,,,,,,,,,,,,,,,,,,,
TMEM200A,EVPL,ASIC3,ZNF770,VPS37D,KRT77,,,,,,,,,,,,,,,,,,,,,,,,,,,,,,,,,,,,,,,,,,,,,,,,,,,,,,,,,,,,,,,,,,,,,,,,,,,,,,,
DACT2,TK1,CHUK,RPL23A,SYNE3,C15orf61,,,,,,,,,,,,,,,,,,,,,,,,,,,,,,,,,,,,,,,,,,,,,,,,,,,,,,,,,,,,,,,,,,,,,,,,,,,,,,,
IL31RA,GSDMA,LCAT,UBL5,AC008969.1,GJB5,,,,,,,,,,,,,,,,,,,,,,,,,,,,,,,,,,,,,,,,,,,,,,,,,,,,,,,,,,,,,,,,,,,,,,,,,,,,,,,
DAGLB,TMEM99,SIPA1,GET3,MEX3C,S100A14,,,,,,,,,,,,,,,,,,,,,,,,,,,,,,,,,,,,,,,,,,,,,,,,,,,,,,,,,,,,,,,,,,,,,,,,,,,,,,,
KIAA0895,FAM234A,LBH,MT1F,MIR7-3HG,AKR1C3,,,,,,,,,,,,,,,,,,,,,,,,,,,,,,,,,,,,,,,,,,,,,,,,,,,,,,,,,,,,,,,,,,,,,,,,,,,,,,,
TRA2A,MLST8,DDAH2,SH3BGRL2,ANKLE2,S100A4,,,,,,,,,,,,,,,,,,,,,,,,,,,,,,,,,,,,,,,,,,,,,,,,,,,,,,,,,,,,,,,,,,,,,,,,,,,,,,,
BMT2,POLR2G,GTF2H4,ANKRD35,SMCR8,TUBB,,,,,,,,,,,,,,,,,,,,,,,,,,,,,,,,,,,,,,,,,,,,,,,,,,,,,,,,,,,,,,,,,,,,,,,,,,,,,,,
SLU7,ATG16L2,DDX47,CTNND1,MTHFR,PPIA,,,,,,,,,,,,,,,,,,,,,,,,,,,,,,,,,,,,,,,,,,,,,,,,,,,,,,,,,,,,,,,,,,,,,,,,,,,,,,,
USP49,RPSA,ZNF888,LRBA,TMEM80,NIF3L1,,,,,,,,,,,,,,,,,,,,,,,,,,,,,,,,,,,,,,,,,,,,,,,,,,,,,,,,,,,,,,,,,,,,,,,,,,,,,,,
LMTK2,ENTPD3,KCTD11,COPS8,WDR73,ASB13,,,,,,,,,,,,,,,,,,,,,,,,,,,,,,,,,,,,,,,,,,,,,,,,,,,,,,,,,,,,,,,,,,,,,,,,,,,,,,,
RAD21,FADD,CSNK1E,GLMP,ZBTB34,THEM5,,,,,,,,,,,,,,,,,,,,,,,,,,,,,,,,,,,,,,,,,,,,,,,,,,,,,,,,,,,,,,,,,,,,,,,,,,,,,,,
PHKG1,SCARA3,TTLL3,PPP1R14C,ULK1,EPHB4,,,,,,,,,,,,,,,,,,,,,,,,,,,,,,,,,,,,,,,,,,,,,,,,,,,,,,,,,,,,,,,,,,,,,,,,,,,,,,,
KCNV1,COPS6,REPIN1,RPL10A,FZD8,XRCC6,,,,,,,,,,,,,,,,,,,,,,,,,,,,,,,,,,,,,,,,,,,,,,,,,,,,,,,,,,,,,,,,,,,,,,,,,,,,,,,
SUN1,RAB4A,UCA1,CIPC,NR2C2,SPTSSB,,,,,,,,,,,,,,,,,,,,,,,,,,,,,,,,,,,,,,,,,,,,,,,,,,,,,,,,,,,,,,,,,,,,,,,,,,,,,,,
GPR146,RNF187,C17orf67,PRC1,ARIH2,BORCS6,,,,,,,,,,,,,,,,,,,,,,,,,,,,,,,,,,,,,,,,,,,,,,,,,,,,,,,,,,,,,,,,,,,,,,,,,,,,,,,
GPER1,NT5DC2,MEG3,RPL39,PIDD1,SULF2,,,,,,,,,,,,,,,,,,,,,,,,,,,,,,,,,,,,,,,,,,,,,,,,,,,,,,,,,,,,,,,,,,,,,,,,,,,,,,,
MICALL2,THAP11,CPEB1,APRT,JUN,SDHAF3,,,,,,,,,,,,,,,,,,,,,,,,,,,,,,,,,,,,,,,,,,,,,,,,,,,,,,,,,,,,,,,,,,,,,,,,,,,,,,,
GEM,IRF2,GOLGA8B,CCDC167,PNPLA2,ZFP62,,,,,,,,,,,,,,,,,,,,,,,,,,,,,,,,,,,,,,,,,,,,,,,,,,,,,,,,,,,,,,,,,,,,,,,,,,,,,,,
PDP1,DEGS2,MYL5,MFAP3L,SUMO4,TOMM7,,,,,,,,,,,,,,,,,,,,,,,,,,,,,,,,,,,,,,,,,,,,,,,,,,,,,,,,,,,,,,,,,,,,,,,,,,,,,,,
C9orf24,DTYMK,NPEPL1,RAET1G,TENM3-AS1,AMZ2,,,,,,,,,,,,,,,,,,,,,,,,,,,,,,,,,,,,,,,,,,,,,,,,,,,,,,,,,,,,,,,,,,,,,,,,,,,,,,,
UBAP1,HR,FNIP1,CENPW,BOLA1,GM2A,,,,,,,,,,,,,,,,,,,,,,,,,,,,,,,,,,,,,,,,,,,,,,,,,,,,,,,,,,,,,,,,,,,,,,,,,,,,,,,
NFIL3,REEP4,ZGLP1,LOR,AL161668.1,S100A2,,,,,,,,,,,,,,,,,,,,,,,,,,,,,,,,,,,,,,,,,,,,,,,,,,,,,,,,,,,,,,,,,,,,,,,,,,,,,,,
GKAP1,FEN1,FADS3,PRR9,ZNF518B,CD47,,,,,,,,,,,,,,,,,,,,,,,,,,,,,,,,,,,,,,,,,,,,,,,,,,,,,,,,,,,,,,,,,,,,,,,,,,,,,,,
C9orf64,CAVIN2,CCNL2,PNLIPRP3,WDR6,ANXA4,,,,,,,,,,,,,,,,,,,,,,,,,,,,,,,,,,,,,,,,,,,,,,,,,,,,,,,,,,,,,,,,,,,,,,,,,,,,,,,
PIGA,SERINC2,CYTOR,LIPN,ZFAND2A,LAGE3,,,,,,,,,,,,,,,,,,,,,,,,,,,,,,,,,,,,,,,,,,,,,,,,,,,,,,,,,,,,,,,,,,,,,,,,,,,,,,,
GAPVD1,TRAPPC11,MEG9,LIPK,P4HTM,METTL9,,,,,,,,,,,,,,,,,,,,,,,,,,,,,,,,,,,,,,,,,,,,,,,,,,,,,,,,,,,,,,,,,,,,,,,,,,,,,,,
CARD19,TMEM223,EXOSC6,MAFB,DTX3,TBC1D9B,,,,,,,,,,,,,,,,,,,,,,,,,,,,,,,,,,,,,,,,,,,,,,,,,,,,,,,,,,,,,,,,,,,,,,,,,,,,,,,
HECTD2,SLC20A2,ZNF844,PFDN6,KLHL11,GTF2E2,,,,,,,,,,,,,,,,,,,,,,,,,,,,,,,,,,,,,,,,,,,,,,,,,,,,,,,,,,,,,,,,,,,,,,,,,,,,,,,
INPPL1,NDUFS5,LINC00571,HSD17B8,ERN1,FITM2,,,,,,,,,,,,,,,,,,,,,,,,,,,,,,,,,,,,,,,,,,,,,,,,,,,,,,,,,,,,,,,,,,,,,,,,,,,,,,,
PCF11,TSPAN5,LINC00205,COL5A2,SUZ12,DDI2,,,,,,,,,,,,,,,,,,,,,,,,,,,,,,,,,,,,,,,,,,,,,,,,,,,,,,,,,,,,,,,,,,,,,,,,,,,,,,,
ZNF22,NSG1,AL391427.1,NBDY,CPNE7,GSTK1,,,,,,,,,,,,,,,,,,,,,,,,,,,,,,,,,,,,,,,,,,,,,,,,,,,,,,,,,,,,,,,,,,,,,,,,,,,,,,,
RPUSD4,PLA2G4F,AL451042.1,FKBPL,TAF7,RAB40C,,,,,,,,,,,,,,,,,,,,,,,,,,,,,,,,,,,,,,,,,,,,,,,,,,,,,,,,,,,,,,,,,,,,,,,,,,,,,,,
NOXRED1,INPP5D,SH3BP5-AS1,SMIM5,ZNF852,MFAP5,,,,,,,,,,,,,,,,,,,,,,,,,,,,,,,,,,,,,,,,,,,,,,,,,,,,,,,,,,,,,,,,,,,,,,,,,,,,,,,
BEND7,TMEM129,INE1,NELFE,GAK,SERPINB13,,,,,,,,,,,,,,,,,,,,,,,,,,,,,,,,,,,,,,,,,,,,,,,,,,,,,,,,,,,,,,,,,,,,,,,,,,,,,,,
PRPF18,PPIC,AL603832.1,SDHD,SELENOW,RPS26,,,,,,,,,,,,,,,,,,,,,,,,,,,,,,,,,,,,,,,,,,,,,,,,,,,,,,,,,,,,,,,,,,,,,,,,,,,,,,,
QSOX2,COMMD8,AL590617.2,LSM2,TMEM107,S100A10,,,,,,,,,,,,,,,,,,,,,,,,,,,,,,,,,,,,,,,,,,,,,,,,,,,,,,,,,,,,,,,,,,,,,,,,,,,,,,,
SNAPC4,ATP5ME,NCBP2-AS1,LY6G6C,TRIML2,TXNRD3,,,,,,,,,,,,,,,,,,,,,,,,,,,,,,,,,,,,,,,,,,,,,,,,,,,,,,,,,,,,,,,,,,,,,,,,,,,,,,,
TSC1,KLK7,MCRIP1,PSORS1C2,PER1,GPAA1,,,,,,,,,,,,,,,,,,,,,,,,,,,,,,,,,,,,,,,,,,,,,,,,,,,,,,,,,,,,,,,,,,,,,,,,,,,,,,,
PIP4P1,SLC25A6,SLC26A6,CDSN,SAMD4B,ADH5,,,,,,,,,,,,,,,,,,,,,,,,,,,,,,,,,,,,,,,,,,,,,,,,,,,,,,,,,,,,,,,,,,,,,,,,,,,,,,,
RNASE7,PCSK9,FAM229A,HLA-E,MTUS2-AS1,ZNF823,,,,,,,,,,,,,,,,,,,,,,,,,,,,,,,,,,,,,,,,,,,,,,,,,,,,,,,,,,,,,,,,,,,,,,,,,,,,,,,
ARHGEF40,APEX2,LINC00115,RACK1,ALOXE3,S100A6,,,,,,,,,,,,,,,,,,,,,,,,,,,,,,,,,,,,,,,,,,,,,,,,,,,,,,,,,,,,,,,,,,,,,,,,,,,,,,,
ZNF219,NSMCE1,LINC00685,IGFL2,RAB39A,RPL12,,,,,,,,,,,,,,,,,,,,,,,,,,,,,,,,,,,,,,,,,,,,,,,,,,,,,,,,,,,,,,,,,,,,,,,,,,,,,,,
CCDC186,RGS14,AC016831.1,UQCC3,CLK3,C1orf122,,,,,,,,,,,,,,,,,,,,,,,,,,,,,,,,,,,,,,,,,,,,,,,,,,,,,,,,,,,,,,,,,,,,,,,,,,,,,,,
ZFYVE1,PRELID1,PARD3-AS1,LGALS7,ARID3B,RPS4X,,,,,,,,,,,,,,,,,,,,,,,,,,,,,,,,,,,,,,,,,,,,,,,,,,,,,,,,,,,,,,,,,,,,,,,,,,,,,,,
SLC39A13,SLC50A1,SLC16A1-AS1,PSENEN,ZBTB18,AKR1B10,,,,,,,,,,,,,,,,,,,,,,,,,,,,,,,,,,,,,,,,,,,,,,,,,,,,,,,,,,,,,,,,,,,,,,,,,,,,,,,
RAPSN,ADRB2,TMEM185B,LGR4,EIF3J-DT,ZNF770,,,,,,,,,,,,,,,,,,,,,,,,,,,,,,,,,,,,,,,,,,,,,,,,,,,,,,,,,,,,,,,,,,,,,,,,,,,,,,,
CLMN,PGM2,HSBP1L1,ADGRG1,DNHD1,TFDP1,,,,,,,,,,,,,,,,,,,,,,,,,,,,,,,,,,,,,,,,,,,,,,,,,,,,,,,,,,,,,,,,,,,,,,,,,,,,,,,
ARL5B,SNUPN,SLC2A1-AS1,MT1H,PLD6,UBL5,,,,,,,,,,,,,,,,,,,,,,,,,,,,,,,,,,,,,,,,,,,,,,,,,,,,,,,,,,,,,,,,,,,,,,,,,,,,,,,
TAF1D,SPRR1B,LINC01068,MT1M,ARL14,ANKRD35,,,,,,,,,,,,,,,,,,,,,,,,,,,,,,,,,,,,,,,,,,,,,,,,,,,,,,,,,,,,,,,,,,,,,,,,,,,,,,,
ABTB2,SPRR1A,AC016596.1,SAMD9,AL450998.2,ATL1,,,,,,,,,,,,,,,,,,,,,,,,,,,,,,,,,,,,,,,,,,,,,,,,,,,,,,,,,,,,,,,,,,,,,,,,,,,,,,,
R3HCC1L,MUC15,AC007383.2,KRT6A,MROH1,LRBA,,,,,,,,,,,,,,,,,,,,,,,,,,,,,,,,,,,,,,,,,,,,,,,,,,,,,,,,,,,,,,,,,,,,,,,,,,,,,,,
CEP57,HINT1,AL451042.2,CALML3-AS1,PDXDC1,STK39,,,,,,,,,,,,,,,,,,,,,,,,,,,,,,,,,,,,,,,,,,,,,,,,,,,,,,,,,,,,,,,,,,,,,,,,,,,,,,,
SPRED1,CLIC3,IL6R-AS1,TMSB4X,PUF60,GLMP,,,,,,,,,,,,,,,,,,,,,,,,,,,,,,,,,,,,,,,,,,,,,,,,,,,,,,,,,,,,,,,,,,,,,,,,,,,,,,,
GPR176,NFU1,MELTF-AS1,TMEM256,SOCS4,ECI2,,,,,,,,,,,,,,,,,,,,,,,,,,,,,,,,,,,,,,,,,,,,,,,,,,,,,,,,,,,,,,,,,,,,,,,,,,,,,,,
RAB8B,CENPX,AC093495.1,NYNRIN,FAM71E2,PPP1R14C,,,,,,,,,,,,,,,,,,,,,,,,,,,,,,,,,,,,,,,,,,,,,,,,,,,,,,,,,,,,,,,,,,,,,,,,,,,,,,,
LARP6,FASN,LINC01004,SERPINB4,ANKRD18A,MSRB1,,,,,,,,,,,,,,,,,,,,,,,,,,,,,,,,,,,,,,,,,,,,,,,,,,,,,,,,,,,,,,,,,,,,,,,,,,,,,,,
FRS2,GPS1,AL139260.1,SERPINB5,TMEM86B,UBE2J1,,,,,,,,,,,,,,,,,,,,,,,,,,,,,,,,,,,,,,,,,,,,,,,,,,,,,,,,,,,,,,,,,,,,,,,,,,,,,,,
SCN3B,DCXR,BX284668.2,HLA-A,TRNAU1AP,OSTC,,,,,,,,,,,,,,,,,,,,,,,,,,,,,,,,,,,,,,,,,,,,,,,,,,,,,,,,,,,,,,,,,,,,,,,,,,,,,,,
ZNF202,ZNF32,AC008781.1,HACD2,EXOC3,APRT,,,,,,,,,,,,,,,,,,,,,,,,,,,,,,,,,,,,,,,,,,,,,,,,,,,,,,,,,,,,,,,,,,,,,,,,,,,,,,,
SMPD1,UGP2,BACH1-IT2,GPX3,OAZ2,CCDC167,,,,,,,,,,,,,,,,,,,,,,,,,,,,,,,,,,,,,,,,,,,,,,,,,,,,,,,,,,,,,,,,,,,,,,,,,,,,,,,
APBB1,AVEN,VIM-AS1,MLLT11,ZNF609,L3MBTL3,,,,,,,,,,,,,,,,,,,,,,,,,,,,,,,,,,,,,,,,,,,,,,,,,,,,,,,,,,,,,,,,,,,,,,,,,,,,,,,
TRIM44,SF3B5,HYI-AS1,ERV3-1,ARHGAP45,KIF1BP,,,,,,,,,,,,,,,,,,,,,,,,,,,,,,,,,,,,,,,,,,,,,,,,,,,,,,,,,,,,,,,,,,,,,,,,,,,,,,,
TPP1,IFFO2,LINC00452,ARL2,NRIP1,IQANK1,,,,,,,,,,,,,,,,,,,,,,,,,,,,,,,,,,,,,,,,,,,,,,,,,,,,,,,,,,,,,,,,,,,,,,,,,,,,,,,
MSS51,TMEM154,AL021707.3,NDUFS3,HIST1H2AC,RAET1G,,,,,,,,,,,,,,,,,,,,,,,,,,,,,,,,,,,,,,,,,,,,,,,,,,,,,,,,,,,,,,,,,,,,,,,,,,,,,,,
RNF169,TRAPPC1,LINC01786,ATF6B,HIST1H2BC,CENPW,,,,,,,,,,,,,,,,,,,,,,,,,,,,,,,,,,,,,,,,,,,,,,,,,,,,,,,,,,,,,,,,,,,,,,,,,,,,,,,
CDYL2,GLB1,AC091133.1,RPS29,PCGF5,PNLIPRP3,,,,,,,,,,,,,,,,,,,,,,,,,,,,,,,,,,,,,,,,,,,,,,,,,,,,,,,,,,,,,,,,,,,,,,,,,,,,,,,
C16orf46,GON7,ZNF341-AS1,LTB4R,YOD1,RTL8A,,,,,,,,,,,,,,,,,,,,,,,,,,,,,,,,,,,,,,,,,,,,,,,,,,,,,,,,,,,,,,,,,,,,,,,,,,,,,,,
ZNF143,FAXDC2,ZNF674-AS1,LTB4R2,ZFP3,TRAF3IP1,,,,,,,,,,,,,,,,,,,,,,,,,,,,,,,,,,,,,,,,,,,,,,,,,,,,,,,,,,,,,,,,,,,,,,,,,,,,,,,
MAPK7,CRTAP,APCDD1L-DT,TAX1BP3,OXTR,PFDN6,,,,,,,,,,,,,,,,,,,,,,,,,,,,,,,,,,,,,,,,,,,,,,,,,,,,,,,,,,,,,,,,,,,,,,,,,,,,,,,
MCM7,CMTM8,LINC01160,MYCBP,PITPNB,HSD17B8,,,,,,,,,,,,,,,,,,,,,,,,,,,,,,,,,,,,,,,,,,,,,,,,,,,,,,,,,,,,,,,,,,,,,,,,,,,,,,,
RIMKLB,STX8,LUARIS,ALG3,LSMEM1,OXLD1,,,,,,,,,,,,,,,,,,,,,,,,,,,,,,,,,,,,,,,,,,,,,,,,,,,,,,,,,,,,,,,,,,,,,,,,,,,,,,,
RRAD,CDK1,KF459542.1,FIS1,AEN,NBDY,,,,,,,,,,,,,,,,,,,,,,,,,,,,,,,,,,,,,,,,,,,,,,,,,,,,,,,,,,,,,,,,,,,,,,,,,,,,,,,
ATF7IP2,TMED10,LINC02818,TOMM6,SLC26A11,FKBPL,,,,,,,,,,,,,,,,,,,,,,,,,,,,,,,,,,,,,,,,,,,,,,,,,,,,,,,,,,,,,,,,,,,,,,,,,,,,,,,
ZNF592,KRT78,LINC01807,ARHGEF28,HIST3H2A,NELFE,,,,,,,,,,,,,,,,,,,,,,,,,,,,,,,,,,,,,,,,,,,,,,,,,,,,,,,,,,,,,,,,,,,,,,,,,,,,,,,
AP1G1,ADORA2B,AC093673.1,PHB2,ZNF746,LSM2,,,,,,,,,,,,,,,,,,,,,,,,,,,,,,,,,,,,,,,,,,,,,,,,,,,,,,,,,,,,,,,,,,,,,,,,,,,,,,,
YPEL4,SDR9C7,AL355304.1,AATBC,SPEM1,MRPS18B,,,,,,,,,,,,,,,,,,,,,,,,,,,,,,,,,,,,,,,,,,,,,,,,,,,,,,,,,,,,,,,,,,,,,,,,,,,,,,,
RBPMS2,KRT75,IDI2-AS1,TSTD1,WASHC1,RACK1,,,,,,,,,,,,,,,,,,,,,,,,,,,,,,,,,,,,,,,,,,,,,,,,,,,,,,,,,,,,,,,,,,,,,,,,,,,,,,,
TERF2IP,KRT6C,LMLN-AS1,RPTN,ZNF678,IGFL2,,,,,,,,,,,,,,,,,,,,,,,,,,,,,,,,,,,,,,,,,,,,,,,,,,,,,,,,,,,,,,,,,,,,,,,,,,,,,,,
VPS39,PYM1,LINC00342,IFI30,ZBTB2,UQCC3,,,,,,,,,,,,,,,,,,,,,,,,,,,,,,,,,,,,,,,,,,,,,,,,,,,,,,,,,,,,,,,,,,,,,,,,,,,,,,,
PATL1,PA2G4,SNHG7,CEBPD,SETD2,LGALS7,,,,,,,,,,,,,,,,,,,,,,,,,,,,,,,,,,,,,,,,,,,,,,,,,,,,,,,,,,,,,,,,,,,,,,,,,,,,,,,
STX3,ELOVL6,ERVH48-1,UBA52,PHLDA2,SDHAF1,,,,,,,,,,,,,,,,,,,,,,,,,,,,,,,,,,,,,,,,,,,,,,,,,,,,,,,,,,,,,,,,,,,,,,,,,,,,,,,
TSC22D4,SMAGP,AC079807.1,PPT2,ATG9B,PSENEN,,,,,,,,,,,,,,,,,,,,,,,,,,,,,,,,,,,,,,,,,,,,,,,,,,,,,,,,,,,,,,,,,,,,,,,,,,,,,,,
MARS,EMB,LINC01783,VPS52,PLAG1,LGR4,,,,,,,,,,,,,,,,,,,,,,,,,,,,,,,,,,,,,,,,,,,,,,,,,,,,,,,,,,,,,,,,,,,,,,,,,,,,,,,
MBD6,ARMC10,HOTAIRM1,CKMT1A,GPR3,SAMD9,,,,,,,,,,,,,,,,,,,,,,,,,,,,,,,,,,,,,,,,,,,,,,,,,,,,,,,,,,,,,,,,,,,,,,,,,,,,,,,
TEF,POLH,LINC00513,TINCR,RFX7,KRT6A,,,,,,,,,,,,,,,,,,,,,,,,,,,,,,,,,,,,,,,,,,,,,,,,,,,,,,,,,,,,,,,,,,,,,,,,,,,,,,,
PBX3,CDCA4,KRTAP5-AS1,CPTP,CHST15,TMSB4X,,,,,,,,,,,,,,,,,,,,,,,,,,,,,,,,,,,,,,,,,,,,,,,,,,,,,,,,,,,,,,,,,,,,,,,,,,,,,,,
GOLGA2,SDR16C5,AC008443.1,LINC01133,TMEM259,TMEM256,,,,,,,,,,,,,,,,,,,,,,,,,,,,,,,,,,,,,,,,,,,,,,,,,,,,,,,,,,,,,,,,,,,,,,,,,,,,,,,
SP2,RIOX2,LINC01191,NDUFAF8,IST1,LCMT1,,,,,,,,,,,,,,,,,,,,,,,,,,,,,,,,,,,,,,,,,,,,,,,,,,,,,,,,,,,,,,,,,,,,,,,,,,,,,,,
ZNF91,TRIAP1,MAGI2-AS3,AL512363.1,ERCC6L2,PLPP6,,,,,,,,,,,,,,,,,,,,,,,,,,,,,,,,,,,,,,,,,,,,,,,,,,,,,,,,,,,,,,,,,,,,,,,,,,,,,,,
CDK12,MTSS1,SLC25A25-AS1,LINC02660,CYB5D1,PCOTH,,,,,,,,,,,,,,,,,,,,,,,,,,,,,,,,,,,,,,,,,,,,,,,,,,,,,,,,,,,,,,,,,,,,,,,,,,,,,,,
ENGASE,RPS9,C11orf94,SCAMP4,DCAF4L1,NYNRIN,,,,,,,,,,,,,,,,,,,,,,,,,,,,,,,,,,,,,,,,,,,,,,,,,,,,,,,,,,,,,,,,,,,,,,,,,,,,,,,
TEPSIN,GSTA4,AL021392.1,OST4,SPACA6,DNAJC19,,,,,,,,,,,,,,,,,,,,,,,,,,,,,,,,,,,,,,,,,,,,,,,,,,,,,,,,,,,,,,,,,,,,,,,,,,,,,,,
IRGQ,NDUFA3,AL360181.2,FNDC10,KCNJ14,SERPINB4,,,,,,,,,,,,,,,,,,,,,,,,,,,,,,,,,,,,,,,,,,,,,,,,,,,,,,,,,,,,,,,,,,,,,,,,,,,,,,,
ZNF226,CAVIN3,LURAP1L-AS1,RPL41,C1S,SERPINB5,,,,,,,,,,,,,,,,,,,,,,,,,,,,,,,,,,,,,,,,,,,,,,,,,,,,,,,,,,,,,,,,,,,,,,,,,,,,,,,
ANKRD11,C11orf24,AC073046.1,PET100,PLCXD1,RAB12,,,,,,,,,,,,,,,,,,,,,,,,,,,,,,,,,,,,,,,,,,,,,,,,,,,,,,,,,,,,,,,,,,,,,,,,,,,,,,,
ZNF641,MTM1,AC019117.1,MIR205HG,PGBD4,HACD2,,,,,,,,,,,,,,,,,,,,,,,,,,,,,,,,,,,,,,,,,,,,,,,,,,,,,,,,,,,,,,,,,,,,,,,,,,,,,,,
KMT2D,TRMT61B,AC003092.1,LINC02541,NPLOC4,GPX3,,,,,,,,,,,,,,,,,,,,,,,,,,,,,,,,,,,,,,,,,,,,,,,,,,,,,,,,,,,,,,,,,,,,,,,,,,,,,,,
ZNF528,C1GALT1C1,AC007666.1,LNCAROD,CAPN12,RTL8B,,,,,,,,,,,,,,,,,,,,,,,,,,,,,,,,,,,,,,,,,,,,,,,,,,,,,,,,,,,,,,,,,,,,,,,,,,,,,,,
ZNF701,C9orf16,ZBTB40-IT1,RPS18,FES,MLLT11,,,,,,,,,,,,,,,,,,,,,,,,,,,,,,,,,,,,,,,,,,,,,,,,,,,,,,,,,,,,,,,,,,,,,,,,,,,,,,,
SERTAD3,ZNF672,RNF223,AL136454.1,C16orf72,ARL2,,,,,,,,,,,,,,,,,,,,,,,,,,,,,,,,,,,,,,,,,,,,,,,,,,,,,,,,,,,,,,,,,,,,,,,,,,,,,,,
NCKAP5L,TMEM126B,FTCD-AS1,AL159166.1,RBM10,VDAC1,,,,,,,,,,,,,,,,,,,,,,,,,,,,,,,,,,,,,,,,,,,,,,,,,,,,,,,,,,,,,,,,,,,,,,,,,,,,,,,
GPD1,SCAND1,PITRM1-AS1,LINC01819,PRKCZ-AS1,LEPROT,,,,,,,,,,,,,,,,,,,,,,,,,,,,,,,,,,,,,,,,,,,,,,,,,,,,,,,,,,,,,,,,,,,,,,,,,,,,,,,
PROSER3,EXOSC1,AL109615.3,AL445524.1,ZNF721,NCKIPSD,,,,,,,,,,,,,,,,,,,,,,,,,,,,,,,,,,,,,,,,,,,,,,,,,,,,,,,,,,,,,,,,,,,,,,,,,,,,,,,
AXL,PGAM1,AL356356.1,LINC01503,EWSR1,EMP2,,,,,,,,,,,,,,,,,,,,,,,,,,,,,,,,,,,,,,,,,,,,,,,,,,,,,,,,,,,,,,,,,,,,,,,,,,,,,,,
NFKBID,KRT13,AL357079.1,RPS28,GJC1,TAX1BP3,,,,,,,,,,,,,,,,,,,,,,,,,,,,,,,,,,,,,,,,,,,,,,,,,,,,,,,,,,,,,,,,,,,,,,,,,,,,,,,
LENG8,ZNF524,LINC01589,UQCRHL,MTA1,MYCBP,,,,,,,,,,,,,,,,,,,,,,,,,,,,,,,,,,,,,,,,,,,,,,,,,,,,,,,,,,,,,,,,,,,,,,,,,,,,,,,
SEMA6B,ZNF561,LINC00707,ZSCAN31,BEGAIN,ALG3,,,,,,,,,,,,,,,,,,,,,,,,,,,,,,,,,,,,,,,,,,,,,,,,,,,,,,,,,,,,,,,,,,,,,,,,,,,,,,,
ZNF444,HOPX,RNF103,AL033384.1,FHL3,SMIM30,,,,,,,,,,,,,,,,,,,,,,,,,,,,,,,,,,,,,,,,,,,,,,,,,,,,,,,,,,,,,,,,,,,,,,,,,,,,,,,
SLC43A2,LPAR3,KMT2E-AS1,AC092809.4,C19orf71,TOMM6,,,,,,,,,,,,,,,,,,,,,,,,,,,,,,,,,,,,,,,,,,,,,,,,,,,,,,,,,,,,,,,,,,,,,,,,,,,,,,,
SERPINF2,BCL2L1,CDRT4,CKMT1B,CCDC159,RTL10,,,,,,,,,,,,,,,,,,,,,,,,,,,,,,,,,,,,,,,,,,,,,,,,,,,,,,,,,,,,,,,,,,,,,,,,,,,,,,,
WDR81,TMEM51,GET4,WAKMAR2,EP400,PHB2,,,,,,,,,,,,,,,,,,,,,,,,,,,,,,,,,,,,,,,,,,,,,,,,,,,,,,,,,,,,,,,,,,,,,,,,,,,,,,,
TRPV3,CTPS1,LY6G5B,C2orf74,TENT5C,AATBC,,,,,,,,,,,,,,,,,,,,,,,,,,,,,,,,,,,,,,,,,,,,,,,,,,,,,,,,,,,,,,,,,,,,,,,,,,,,,,,
KLK6,RPS21,AL139287.1,TXNDC5,SERHL2,TSTD1,,,,,,,,,,,,,,,,,,,,,,,,,,,,,,,,,,,,,,,,,,,,,,,,,,,,,,,,,,,,,,,,,,,,,,,,,,,,,,,
ZNF83,RPS7,CRCP,CASTOR1,TANGO2,CKLF,,,,,,,,,,,,,,,,,,,,,,,,,,,,,,,,,,,,,,,,,,,,,,,,,,,,,,,,,,,,,,,,,,,,,,,,,,,,,,,
ZNF558,CYP4F22,C8orf58,NME1,HIST2H3D,CEBPZOS,,,,,,,,,,,,,,,,,,,,,,,,,,,,,,,,,,,,,,,,,,,,,,,,,,,,,,,,,,,,,,,,,,,,,,,,,,,,,,,
HID1,PPIH,PISD,PCDHGC3,FAM167B,CEBPD,,,,,,,,,,,,,,,,,,,,,,,,,,,,,,,,,,,,,,,,,,,,,,,,,,,,,,,,,,,,,,,,,,,,,,,,,,,,,,,
TMEM88,QARS,HYPK,MIF,KLHL25,UBA52,,,,,,,,,,,,,,,,,,,,,,,,,,,,,,,,,,,,,,,,,,,,,,,,,,,,,,,,,,,,,,,,,,,,,,,,,,,,,,,
E4F1,MOB3A,SNHG3,RPL36A,UPP1,PPT2,,,,,,,,,,,,,,,,,,,,,,,,,,,,,,,,,,,,,,,,,,,,,,,,,,,,,,,,,,,,,,,,,,,,,,,,,,,,,,,
SRRM2,KRCC1,ARFGAP3,ATP5MF,IFNL2,CKMT1A,,,,,,,,,,,,,,,,,,,,,,,,,,,,,,,,,,,,,,,,,,,,,,,,,,,,,,,,,,,,,,,,,,,,,,,,,,,,,,,
RAB3IL1,SLFN12,AP5Z1,SPRR2A,TRIM52,LINC01133,,,,,,,,,,,,,,,,,,,,,,,,,,,,,,,,,,,,,,,,,,,,,,,,,,,,,,,,,,,,,,,,,,,,,,,,,,,,,,,
SLC3A2,CALB2,KCTD7,ATP5PO,CBX6,NDUFAF8,,,,,,,,,,,,,,,,,,,,,,,,,,,,,,,,,,,,,,,,,,,,,,,,,,,,,,,,,,,,,,,,,,,,,,,,,,,,,,,
SPINDOC,MRPL13,NPIPB5,AMACR,ACP7,AL512363.1,,,,,,,,,,,,,,,,,,,,,,,,,,,,,,,,,,,,,,,,,,,,,,,,,,,,,,,,,,,,,,,,,,,,,,,,,,,,,,,
CTNNB1,DPAGT1,P2RY11,EIF6,NUDT14,LINC02660,,,,,,,,,,,,,,,,,,,,,,,,,,,,,,,,,,,,,,,,,,,,,,,,,,,,,,,,,,,,,,,,,,,,,,,,,,,,,,,
SF1,BSG,DBNDD2,MRPL20,KIRREL1,PARG,,,,,,,,,,,,,,,,,,,,,,,,,,,,,,,,,,,,,,,,,,,,,,,,,,,,,,,,,,,,,,,,,,,,,,,,,,,,,,,
CCDC88B,SPTLC3,ETV5,EIF4EBP3,TTC32,AC016394.1,,,,,,,,,,,,,,,,,,,,,,,,,,,,,,,,,,,,,,,,,,,,,,,,,,,,,,,,,,,,,,,,,,,,,,,,,,,,,,,
KIAA1586,POP7,RBM12,PSG4,SMTN,AL392172.1,,,,,,,,,,,,,,,,,,,,,,,,,,,,,,,,,,,,,,,,,,,,,,,,,,,,,,,,,,,,,,,,,,,,,,,,,,,,,,,
SETD5,SUCLG2,AL021707.5,PRAF2,DENND5A,OST4,,,,,,,,,,,,,,,,,,,,,,,,,,,,,,,,,,,,,,,,,,,,,,,,,,,,,,,,,,,,,,,,,,,,,,,,,,,,,,,
HIST3H3,STARD5,N4BP2L2,STMP1,DIABLO,PET100,,,,,,,,,,,,,,,,,,,,,,,,,,,,,,,,,,,,,,,,,,,,,,,,,,,,,,,,,,,,,,,,,,,,,,,,,,,,,,,
UBTD2,COPS9,AC008393.1,EFNA4,SREBF2-AS1,MIR205HG,,,,,,,,,,,,,,,,,,,,,,,,,,,,,,,,,,,,,,,,,,,,,,,,,,,,,,,,,,,,,,,,,,,,,,,,,,,,,,,
NKIRAS2,MANEA,LINC02709,UPK3B,C1QTNF12,LINC02541,,,,,,,,,,,,,,,,,,,,,,,,,,,,,,,,,,,,,,,,,,,,,,,,,,,,,,,,,,,,,,,,,,,,,,,,,,,,,,,
BMI1,NIPAL4,NEAT1,NME2,TSPYL2,RPS18,,,,,,,,,,,,,,,,,,,,,,,,,,,,,,,,,,,,,,,,,,,,,,,,,,,,,,,,,,,,,,,,,,,,,,,,,,,,,,,
HIST1H1E,CHCHD1,AL049543.1,PLA2G4B,HIST2H2AC,MHENCR,,,,,,,,,,,,,,,,,,,,,,,,,,,,,,,,,,,,,,,,,,,,,,,,,,,,,,,,,,,,,,,,,,,,,,,,,,,,,,,
INSM2,MRPL52,UBE2D3-AS1,JMJD7,HIST2H2AB,AL445524.1,,,,,,,,,,,,,,,,,,,,,,,,,,,,,,,,,,,,,,,,,,,,,,,,,,,,,,,,,,,,,,,,,,,,,,,,,,,,,,,
MFSD2A,SMPDL3A,SOCS2-AS1,ACY1,TM2D3,LINC01503,,,,,,,,,,,,,,,,,,,,,,,,,,,,,,,,,,,,,,,,,,,,,,,,,,,,,,,,,,,,,,,,,,,,,,,,,,,,,,,
ING5,TMEM134,MIR210HG,DDOST,TSSC4,AL513165.1,,,,,,,,,,,,,,,,,,,,,,,,,,,,,,,,,,,,,,,,,,,,,,,,,,,,,,,,,,,,,,,,,,,,,,,,,,,,,,,
ATG4B,CFL1,ZCCHC3,TMEM141,HIST1H1B,HGH1,,,,,,,,,,,,,,,,,,,,,,,,,,,,,,,,,,,,,,,,,,,,,,,,,,,,,,,,,,,,,,,,,,,,,,,,,,,,,,,
STIP1,RPL38,LUCAT1,APOBEC3C,MAP7D2,AC092809.4,,,,,,,,,,,,,,,,,,,,,,,,,,,,,,,,,,,,,,,,,,,,,,,,,,,,,,,,,,,,,,,,,,,,,,,,,,,,,,,
TNXB,RARG,BACH1-IT1,ASPRV1,CSF1,CKMT1B,,,,,,,,,,,,,,,,,,,,,,,,,,,,,,,,,,,,,,,,,,,,,,,,,,,,,,,,,,,,,,,,,,,,,,,,,,,,,,,
ATXN2L,SSH3,ZNF436-AS1,CEBPA,ACTRT3,AC008267.5,,,,,,,,,,,,,,,,,,,,,,,,,,,,,,,,,,,,,,,,,,,,,,,,,,,,,,,,,,,,,,,,,,,,,,,,,,,,,,,
HEXIM2,CES2,NOP14-AS1,SNHG6,PLA2G6,C2orf74,,,,,,,,,,,,,,,,,,,,,,,,,,,,,,,,,,,,,,,,,,,,,,,,,,,,,,,,,,,,,,,,,,,,,,,,,,,,,,,
SLC16A4,KRT2,AC126768.2,LINC01550,DUSP8,TMEM250,,,,,,,,,,,,,,,,,,,,,,,,,,,,,,,,,,,,,,,,,,,,,,,,,,,,,,,,,,,,,,,,,,,,,,,,,,,,,,,
AHCYL1,DHCR7,MCPH1-AS1,H2AFJ,SOCS3,TXNDC5,,,,,,,,,,,,,,,,,,,,,,,,,,,,,,,,,,,,,,,,,,,,,,,,,,,,,,,,,,,,,,,,,,,,,,,,,,,,,,,
SEMA4C,DCAKD,YJEFN3,ZBED5-AS1,SPEM2,CASTOR1,,,,,,,,,,,,,,,,,,,,,,,,,,,,,,,,,,,,,,,,,,,,,,,,,,,,,,,,,,,,,,,,,,,,,,,,,,,,,,,
TET2,TRMT112,HOXC-AS2,BCKDHA,MED12,NME1,,,,,,,,,,,,,,,,,,,,,,,,,,,,,,,,,,,,,,,,,,,,,,,,,,,,,,,,,,,,,,,,,,,,,,,,,,,,,,,
PPIP5K1,MRPL57,AC112722.1,SELENOP,ZBTB40,PCDHGC3,,,,,,,,,,,,,,,,,,,,,,,,,,,,,,,,,,,,,,,,,,,,,,,,,,,,,,,,,,,,,,,,,,,,,,,,,,,,,,,
ZBTB5,RHOD,CDK3,AC093866.1,HIST2H2BE,RDH14,,,,,,,,,,,,,,,,,,,,,,,,,,,,,,,,,,,,,,,,,,,,,,,,,,,,,,,,,,,,,,,,,,,,,,,,,,,,,,,
ZNF507,MAB21L3,LINC02381,LINC01094,CLDN6,MIF,,,,,,,,,,,,,,,,,,,,,,,,,,,,,,,,,,,,,,,,,,,,,,,,,,,,,,,,,,,,,,,,,,,,,,,,,,,,,,,
ANKRD49,VANGL1,SHANK3,TRNP1,SERINC4,RPL36A,,,,,,,,,,,,,,,,,,,,,,,,,,,,,,,,,,,,,,,,,,,,,,,,,,,,,,,,,,,,,,,,,,,,,,,,,,,,,,,
TNIP2,LIPM,ZNF550,LINC02159,TCTE3,ATP5MF,,,,,,,,,,,,,,,,,,,,,,,,,,,,,,,,,,,,,,,,,,,,,,,,,,,,,,,,,,,,,,,,,,,,,,,,,,,,,,,
MAT2A,SNCG,AC007106.1,PRKDC,RBM33,SPRR2A,,,,,,,,,,,,,,,,,,,,,,,,,,,,,,,,,,,,,,,,,,,,,,,,,,,,,,,,,,,,,,,,,,,,,,,,,,,,,,,
ZNF608,MZT2A,FOXD1,EEF1G,H1FX,ATP5PO,,,,,,,,,,,,,,,,,,,,,,,,,,,,,,,,,,,,,,,,,,,,,,,,,,,,,,,,,,,,,,,,,,,,,,,,,,,,,,,
SLC35G2,PPP1R3B,MALAT1,SLC22A18AS,TMEM106A,PRR34-AS1,,,,,,,,,,,,,,,,,,,,,,,,,,,,,,,,,,,,,,,,,,,,,,,,,,,,,,,,,,,,,,,,,,,,,,,,,,,,,,,
E2F6,KCNK7,AC009812.1,MPV17L2,CA13,AMACR,,,,,,,,,,,,,,,,,,,,,,,,,,,,,,,,,,,,,,,,,,,,,,,,,,,,,,,,,,,,,,,,,,,,,,,,,,,,,,,
HNRNPH1,DAG1,LINC01605,DPP3,MAFF,EIF6,,,,,,,,,,,,,,,,,,,,,,,,,,,,,,,,,,,,,,,,,,,,,,,,,,,,,,,,,,,,,,,,,,,,,,,,,,,,,,,
MECP2,ARV1,AC037459.2,BRK1,NELFA,MRPL20,,,,,,,,,,,,,,,,,,,,,,,,,,,,,,,,,,,,,,,,,,,,,,,,,,,,,,,,,,,,,,,,,,,,,,,,,,,,,,,
HSPBAP1,NAA20,SHLD3,SNHG9,C6orf120,STMP1,,,,,,,,,,,,,,,,,,,,,,,,,,,,,,,,,,,,,,,,,,,,,,,,,,,,,,,,,,,,,,,,,,,,,,,,,,,,,,,
ASMTL,SAA1,TMEM200B,CARD17,HIST1H2BL,EFNA4,,,,,,,,,,,,,,,,,,,,,,,,,,,,,,,,,,,,,,,,,,,,,,,,,,,,,,,,,,,,,,,,,,,,,,,,,,,,,,,
CSNK1G1,MICOS10,C1orf210,HCAR3,INPP5J,WDR92,,,,,,,,,,,,,,,,,,,,,,,,,,,,,,,,,,,,,,,,,,,,,,,,,,,,,,,,,,,,,,,,,,,,,,,,,,,,,,,
ATF5,EHBP1L1,TUG1,CARD18,LRRC37B,NME2,,,,,,,,,,,,,,,,,,,,,,,,,,,,,,,,,,,,,,,,,,,,,,,,,,,,,,,,,,,,,,,,,,,,,,,,,,,,,,,
ZBTB43,ZNRD2,AC091185.1,AL732437.1,IFITM2,JMJD7,,,,,,,,,,,,,,,,,,,,,,,,,,,,,,,,,,,,,,,,,,,,,,,,,,,,,,,,,,,,,,,,,,,,,,,,,,,,,,,
XPO6,GMPPB,AC100797.1,CAPNS2,PRPF39,ACY1,,,,,,,,,,,,,,,,,,,,,,,,,,,,,,,,,,,,,,,,,,,,,,,,,,,,,,,,,,,,,,,,,,,,,,,,,,,,,,,
RAB3B,SNX33,AC091564.2,MIR200CHG,SOCS1,TMEM141,,,,,,,,,,,,,,,,,,,,,,,,,,,,,,,,,,,,,,,,,,,,,,,,,,,,,,,,,,,,,,,,,,,,,,,,,,,,,,,
CD2BP2,UQCRH,AP002336.1,FNTB,HGS,APOBEC3C,,,,,,,,,,,,,,,,,,,,,,,,,,,,,,,,,,,,,,,,,,,,,,,,,,,,,,,,,,,,,,,,,,,,,,,,,,,,,,,
TBC1D10B,TOMM20,AC105219.2,C17orf49,IRF7,CEBPA,,,,,,,,,,,,,,,,,,,,,,,,,,,,,,,,,,,,,,,,,,,,,,,,,,,,,,,,,,,,,,,,,,,,,,,,,,,,,,,
NPIPB3,CNP,AC080023.1,TRIM34,PDE6G,SNHG6,,,,,,,,,,,,,,,,,,,,,,,,,,,,,,,,,,,,,,,,,,,,,,,,,,,,,,,,,,,,,,,,,,,,,,,,,,,,,,,
ARL13B,JUP,AC105219.3,LINC00520,TLCD2,OIP5-AS1,,,,,,,,,,,,,,,,,,,,,,,,,,,,,,,,,,,,,,,,,,,,,,,,,,,,,,,,,,,,,,,,,,,,,,,,,,,,,,,
CXCL8,CBX2,AP000911.1,CRIM1-DT,SP1,TWF2,,,,,,,,,,,,,,,,,,,,,,,,,,,,,,,,,,,,,,,,,,,,,,,,,,,,,,,,,,,,,,,,,,,,,,,,,,,,,,,
CRCT1,SPTBN2,AP006284.1,AC011374.1,PCGF3,CHCHD10,,,,,,,,,,,,,,,,,,,,,,,,,,,,,,,,,,,,,,,,,,,,,,,,,,,,,,,,,,,,,,,,,,,,,,,,,,,,,,,
ZEB2,ATP5MD,SCARNA9,SPINT1-AS1,BRWD1,SELENOP,,,,,,,,,,,,,,,,,,,,,,,,,,,,,,,,,,,,,,,,,,,,,,,,,,,,,,,,,,,,,,,,,,,,,,,,,,,,,,,
INO80E,SLC25A30,AC136475.3,BOP1,YTHDF3,TRNP1,,,,,,,,,,,,,,,,,,,,,,,,,,,,,,,,,,,,,,,,,,,,,,,,,,,,,,,,,,,,,,,,,,,,,,,,,,,,,,,
HIC2,FAM174A,AP002807.1,MRPL12,ADAMTSL5,PRKDC,,,,,,,,,,,,,,,,,,,,,,,,,,,,,,,,,,,,,,,,,,,,,,,,,,,,,,,,,,,,,,,,,,,,,,,,,,,,,,,
P2RY1,ZBTB4,EID3,ANXA8L1,DMWD,PINX1,,,,,,,,,,,,,,,,,,,,,,,,,,,,,,,,,,,,,,,,,,,,,,,,,,,,,,,,,,,,,,,,,,,,,,,,,,,,,,,
ITGAM,PHLDA3,AP000941.1,GJA5,RNPC3,AP003068.2,,,,,,,,,,,,,,,,,,,,,,,,,,,,,,,,,,,,,,,,,,,,,,,,,,,,,,,,,,,,,,,,,,,,,,,,,,,,,,,
TOR1AIP2,RPL4,AP001922.5,ANXA8,ZNF267,FPGT,,,,,,,,,,,,,,,,,,,,,,,,,,,,,,,,,,,,,,,,,,,,,,,,,,,,,,,,,,,,,,,,,,,,,,,,,,,,,,,
OTUD3,IL20RB,LINC02757,RPL17,IRS2,MPV17L2,,,,,,,,,,,,,,,,,,,,,,,,,,,,,,,,,,,,,,,,,,,,,,,,,,,,,,,,,,,,,,,,,,,,,,,,,,,,,,,
ZNF764,B4GAT1,EBLN2,TXNIP,C7orf61,DPP3,,,,,,,,,,,,,,,,,,,,,,,,,,,,,,,,,,,,,,,,,,,,,,,,,,,,,,,,,,,,,,,,,,,,,,,,,,,,,,,
ZNF747,SH3PXD2B,AL356215.1,RASSF5,LCE3E,BRK1,,,,,,,,,,,,,,,,,,,,,,,,,,,,,,,,,,,,,,,,,,,,,,,,,,,,,,,,,,,,,,,,,,,,,,,,,,,,,,,
TMEM42,BRMS1,CCND2-AS1,LIVAR,LRCH3,AP006621.2,,,,,,,,,,,,,,,,,,,,,,,,,,,,,,,,,,,,,,,,,,,,,,,,,,,,,,,,,,,,,,,,,,,,,,,,,,,,,,,
NLGN2,RPL15,ZNF432,SNHG25,ZNF529,EID1,,,,,,,,,,,,,,,,,,,,,,,,,,,,,,,,,,,,,,,,,,,,,,,,,,,,,,,,,,,,,,,,,,,,,,,,,,,,,,,
CHD3,RIN1,AC027290.1,MRPS21,MATN1-AS1,CARD18,,,,,,,,,,,,,,,,,,,,,,,,,,,,,,,,,,,,,,,,,,,,,,,,,,,,,,,,,,,,,,,,,,,,,,,,,,,,,,,
YWHAG,GLMN,AP000763.3,UPK3BL1,CCDC84,HMBS,,,,,,,,,,,,,,,,,,,,,,,,,,,,,,,,,,,,,,,,,,,,,,,,,,,,,,,,,,,,,,,,,,,,,,,,,,,,,,,
CNTROB,YIF1A,POLG2,NDUFA7,ZNF555,CAPNS2,,,,,,,,,,,,,,,,,,,,,,,,,,,,,,,,,,,,,,,,,,,,,,,,,,,,,,,,,,,,,,,,,,,,,,,,,,,,,,,
GPR25,MICOS13,AP001453.2,LINC02560,NAP1L3,MIR200CHG,,,,,,,,,,,,,,,,,,,,,,,,,,,,,,,,,,,,,,,,,,,,,,,,,,,,,,,,,,,,,,,,,,,,,,,,,,,,,,,
RNF150,CD164L2,AC068888.2,AC115522.1,ANKRD37,FNTB,,,,,,,,,,,,,,,,,,,,,,,,,,,,,,,,,,,,,,,,,,,,,,,,,,,,,,,,,,,,,,,,,,,,,,,,,,,,,,,
CHRNB1,FBXW8,GALNT4,IGFL2-AS1,NUDT17,TRIM34,,,,,,,,,,,,,,,,,,,,,,,,,,,,,,,,,,,,,,,,,,,,,,,,,,,,,,,,,,,,,,,,,,,,,,,,,,,,,,,
ZNF212,CHST2,LBX2-AS1,AC006262.2,KPNA4,SNHG19,,,,,,,,,,,,,,,,,,,,,,,,,,,,,,,,,,,,,,,,,,,,,,,,,,,,,,,,,,,,,,,,,,,,,,,,,,,,,,,
UBB,SNHG29,ATXN2-AS,RNF225,NAP1L2,AC011374.1,,,,,,,,,,,,,,,,,,,,,,,,,,,,,,,,,,,,,,,,,,,,,,,,,,,,,,,,,,,,,,,,,,,,,,,,,,,,,,,
NFRKB,GK5,LINC00641,TAF15,INSIG1,CCPG1,,,,,,,,,,,,,,,,,,,,,,,,,,,,,,,,,,,,,,,,,,,,,,,,,,,,,,,,,,,,,,,,,,,,,,,,,,,,,,,
FOS,WFDC5,AC005519.1,MMP28,CEACAM19,SPINT1-AS1,,,,,,,,,,,,,,,,,,,,,,,,,,,,,,,,,,,,,,,,,,,,,,,,,,,,,,,,,,,,,,,,,,,,,,,,,,,,,,,
GPRC5C,FAM131A,HIF1A-AS3,GTF2H5,UBE2H,BOP1,,,,,,,,,,,,,,,,,,,,,,,,,,,,,,,,,,,,,,,,,,,,,,,,,,,,,,,,,,,,,,,,,,,,,,,,,,,,,,,
PFKFB3,ARHGAP1,AL132711.1,AC008035.1,MIR22HG,AC113189.1,,,,,,,,,,,,,,,,,,,,,,,,,,,,,,,,,,,,,,,,,,,,,,,,,,,,,,,,,,,,,,,,,,,,,,,,,,,,,,,
TMC7,TP53I11,AL135999.1,CD24,ZFP91,MRPL12,,,,,,,,,,,,,,,,,,,,,,,,,,,,,,,,,,,,,,,,,,,,,,,,,,,,,,,,,,,,,,,,,,,,,,,,,,,,,,,
ARL6IP1,CENPS,MC1R,U62317.1,LCE1A,CCNQ,,,,,,,,,,,,,,,,,,,,,,,,,,,,,,,,,,,,,,,,,,,,,,,,,,,,,,,,,,,,,,,,,,,,,,,,,,,,,,,
SERPINB9,PHYHD1,CEP95,AC245041.1,POFUT2,SRSF8,,,,,,,,,,,,,,,,,,,,,,,,,,,,,,,,,,,,,,,,,,,,,,,,,,,,,,,,,,,,,,,,,,,,,,,,,,,,,,,
IRX1,TMEM9B,AC004846.2,PRAG1,RTN4RL2,ANXA8L1,,,,,,,,,,,,,,,,,,,,,,,,,,,,,,,,,,,,,,,,,,,,,,,,,,,,,,,,,,,,,,,,,,,,,,,,,,,,,,,
IRX2,EIF3F,AL355075.4,ORAI1,TEAD1,ANXA8,,,,,,,,,,,,,,,,,,,,,,,,,,,,,,,,,,,,,,,,,,,,,,,,,,,,,,,,,,,,,,,,,,,,,,,,,,,,,,,
HSPA4,POLD4,AC090607.1,RAB7B,LCE2C,TXNIP,,,,,,,,,,,,,,,,,,,,,,,,,,,,,,,,,,,,,,,,,,,,,,,,,,,,,,,,,,,,,,,,,,,,,,,,,,,,,,,
CAVIN4,MRPL48,AC108449.2,PSMB3,TSPYL4,MRPS21,,,,,,,,,,,,,,,,,,,,,,,,,,,,,,,,,,,,,,,,,,,,,,,,,,,,,,,,,,,,,,,,,,,,,,,,,,,,,,,
HOXB9,SUGCT,AC009996.1,CISD3,MT1X,AC005256.1,,,,,,,,,,,,,,,,,,,,,,,,,,,,,,,,,,,,,,,,,,,,,,,,,,,,,,,,,,,,,,,,,,,,,,,,,,,,,,,
HTRA3,CCDC85B,AC009269.4,ACACA,LCE2D,UPK3BL1,,,,,,,,,,,,,,,,,,,,,,,,,,,,,,,,,,,,,,,,,,,,,,,,,,,,,,,,,,,,,,,,,,,,,,,,,,,,,,,
FOXN2,RPS6KB2,AL138976.2,SLURP2,HIST1H1T,NDUFA7,,,,,,,,,,,,,,,,,,,,,,,,,,,,,,,,,,,,,,,,,,,,,,,,,,,,,,,,,,,,,,,,,,,,,,,,,,,,,,,
PPM1D,RMI2,AC009120.2,UPK3BL2,SIRT7,IGFL2-AS1,,,,,,,,,,,,,,,,,,,,,,,,,,,,,,,,,,,,,,,,,,,,,,,,,,,,,,,,,,,,,,,,,,,,,,,,,,,,,,,
KBTBD2,MTLN,NORAD,AC103718.1,USP7,AC006262.2,,,,,,,,,,,,,,,,,,,,,,,,,,,,,,,,,,,,,,,,,,,,,,,,,,,,,,,,,,,,,,,,,,,,,,,,,,,,,,,
KIAA0232,AURKAIP1,AC051619.8,AC108925.1,NANOS3,GTF2H5,,,,,,,,,,,,,,,,,,,,,,,,,,,,,,,,,,,,,,,,,,,,,,,,,,,,,,,,,,,,,,,,,,,,,,,,,,,,,,,
TPT1-AS1,TOMM5,AC120498.2,AC073210.3,TET3,AC008035.1,,,,,,,,,,,,,,,,,,,,,,,,,,,,,,,,,,,,,,,,,,,,,,,,,,,,,,,,,,,,,,,,,,,,,,,,,,,,,,,
XKR6,RUVBL1,LINC02137,AL136379.1,PERM1,CD24,,,,,,,,,,,,,,,,,,,,,,,,,,,,,,,,,,,,,,,,,,,,,,,,,,,,,,,,,,,,,,,,,,,,,,,,,,,,,,,
SOCS5,SFN,KDM7A-DT,AL390839.2,DNAH17,AC097468.3,,,,,,,,,,,,,,,,,,,,,,,,,,,,,,,,,,,,,,,,,,,,,,,,,,,,,,,,,,,,,,,,,,,,,,,,,,,,,,,
NAIF1,SWI5,LINC02533,,MCRS1,AC245041.1,,,,,,,,,,,,,,,,,,,,,,,,,,,,,,,,,,,,,,,,,,,,,,,,,,,,,,,,,,,,,,,,,,,,,,,,,,,,,,,
TRIM8,ARL4D,AC027373.1,,HIST1H1C,LENG9,,,,,,,,,,,,,,,,,,,,,,,,,,,,,,,,,,,,,,,,,,,,,,,,,,,,,,,,,,,,,,,,,,,,,,,,,,,,,,,
JUNB,SSNA1,SCX,,CLEC17A,DUSP14,,,,,,,,,,,,,,,,,,,,,,,,,,,,,,,,,,,,,,,,,,,,,,,,,,,,,,,,,,,,,,,,,,,,,,,,,,,,,,,
NPTX1,CHMP6,AC132872.1,,CYHR1,ORAI1,,,,,,,,,,,,,,,,,,,,,,,,,,,,,,,,,,,,,,,,,,,,,,,,,,,,,,,,,,,,,,,,,,,,,,,,,,,,,,,
GAA,GPX2,ERVK13-1,,C11orf95,RAB7B,,,,,,,,,,,,,,,,,,,,,,,,,,,,,,,,,,,,,,,,,,,,,,,,,,,,,,,,,,,,,,,,,,,,,,,,,,,,,,,
ZBTB26,CIDEA,AL118516.1,,SCGB1C1,PSMB3,,,,,,,,,,,,,,,,,,,,,,,,,,,,,,,,,,,,,,,,,,,,,,,,,,,,,,,,,,,,,,,,,,,,,,,,,,,,,,,
ASXL1,COX8A,AC120498.4,,NHS,ACACA,,,,,,,,,,,,,,,,,,,,,,,,,,,,,,,,,,,,,,,,,,,,,,,,,,,,,,,,,,,,,,,,,,,,,,,,,,,,,,,
ZNF318,RNPEP,AC008870.2,,DCUN1D3,MRPL45,,,,,,,,,,,,,,,,,,,,,,,,,,,,,,,,,,,,,,,,,,,,,,,,,,,,,,,,,,,,,,,,,,,,,,,,,,,,,,,
WIPF2,LMNB2,AC092803.1,,TUBB4B,AC026401.3,,,,,,,,,,,,,,,,,,,,,,,,,,,,,,,,,,,,,,,,,,,,,,,,,,,,,,,,,,,,,,,,,,,,,,,,,,,,,,,
PPID,RMDN1,AC009041.2,,HES4,SH3PXD2A-AS1,,,,,,,,,,,,,,,,,,,,,,,,,,,,,,,,,,,,,,,,,,,,,,,,,,,,,,,,,,,,,,,,,,,,,,,,,,,,,,,
PTGER4,MYO1D,FBXL19-AS1,,H2AFX,AC119427.1,,,,,,,,,,,,,,,,,,,,,,,,,,,,,,,,,,,,,,,,,,,,,,,,,,,,,,,,,,,,,,,,,,,,,,,,,,,,,,,
ZNF274,RBIS,AC135050.3,,C19orf54,SLURP2,,,,,,,,,,,,,,,,,,,,,,,,,,,,,,,,,,,,,,,,,,,,,,,,,,,,,,,,,,,,,,,,,,,,,,,,,,,,,,,
PIK3CD,PXMP2,CAPN10-DT,,AC010969.1,SCO2,,,,,,,,,,,,,,,,,,,,,,,,,,,,,,,,,,,,,,,,,,,,,,,,,,,,,,,,,,,,,,,,,,,,,,,,,,,,,,,
BPTF,GCNT4,AL390195.2,,SRSF10,EEF1AKMT4,,,,,,,,,,,,,,,,,,,,,,,,,,,,,,,,,,,,,,,,,,,,,,,,,,,,,,,,,,,,,,,,,,,,,,,,,,,,,,,
ATF7IP,SHMT1,BX255925.1,,NDOR1,AC108925.1,,,,,,,,,,,,,,,,,,,,,,,,,,,,,,,,,,,,,,,,,,,,,,,,,,,,,,,,,,,,,,,,,,,,,,,,,,,,,,,
LGALS4,SCN4B,AC105046.1,,PTAR1,AC073210.3,,,,,,,,,,,,,,,,,,,,,,,,,,,,,,,,,,,,,,,,,,,,,,,,,,,,,,,,,,,,,,,,,,,,,,,,,,,,,,,
NHLH1,TALDO1,AC234775.3,,SPRED3,AL499602.1,,,,,,,,,,,,,,,,,,,,,,,,,,,,,,,,,,,,,,,,,,,,,,,,,,,,,,,,,,,,,,,,,,,,,,,,,,,,,,,
FBXL14,B3GNT8,AC012181.1,,ZDHHC11,AL390839.2,,,,,,,,,,,,,,,,,,,,,,,,,,,,,,,,,,,,,,,,,,,,,,,,,,,,,,,,,,,,,,,,,,,,,,,,,,,,,,,
RNASEH1,MAN1B1,EPPK1,,BEND4,AP003307.1,,,,,,,,,,,,,,,,,,,,,,,,,,,,,,,,,,,,,,,,,,,,,,,,,,,,,,,,,,,,,,,,,,,,,,,,,,,,,,,
CYP4F11,MAGEF1,AC012181.2,,FAM120AOS,,,,,,,,,,,,,,,,,,,,,,,,,,,,,,,,,,,,,,,,,,,,,,,,,,,,,,,,,,,,,,,,,,,,,,,,,,,,,,,,
ZNF57,ZBED2,ATP2C2-AS1,,ZNF292,,,,,,,,,,,,,,,,,,,,,,,,,,,,,,,,,,,,,,,,,,,,,,,,,,,,,,,,,,,,,,,,,,,,,,,,,,,,,,,,
JMJD1C,IRX3,AC010168.2,,ZNF567,,,,,,,,,,,,,,,,,,,,,,,,,,,,,,,,,,,,,,,,,,,,,,,,,,,,,,,,,,,,,,,,,,,,,,,,,,,,,,,,
MAL,ATOX1,AC124068.2,,S100A13,,,,,,,,,,,,,,,,,,,,,,,,,,,,,,,,,,,,,,,,,,,,,,,,,,,,,,,,,,,,,,,,,,,,,,,,,,,,,,,,
ZNF554,RPLP2,PAN3-AS1,,PNRC2,,,,,,,,,,,,,,,,,,,,,,,,,,,,,,,,,,,,,,,,,,,,,,,,,,,,,,,,,,,,,,,,,,,,,,,,,,,,,,,,
LAMB2,GBA,TBILA,,ZKSCAN3,,,,,,,,,,,,,,,,,,,,,,,,,,,,,,,,,,,,,,,,,,,,,,,,,,,,,,,,,,,,,,,,,,,,,,,,,,,,,,,,
USP19,ACAD9,GAN,,SH2D5,,,,,,,,,,,,,,,,,,,,,,,,,,,,,,,,,,,,,,,,,,,,,,,,,,,,,,,,,,,,,,,,,,,,,,,,,,,,,,,,
KLF11,AGTRAP,AC007728.2,,STK40,,,,,,,,,,,,,,,,,,,,,,,,,,,,,,,,,,,,,,,,,,,,,,,,,,,,,,,,,,,,,,,,,,,,,,,,,,,,,,,,
EIF2AK3,CD151,AC006504.1,,LCOR,,,,,,,,,,,,,,,,,,,,,,,,,,,,,,,,,,,,,,,,,,,,,,,,,,,,,,,,,,,,,,,,,,,,,,,,,,,,,,,,
LCE1D,POLR2L,AC144831.1,,IARS,,,,,,,,,,,,,,,,,,,,,,,,,,,,,,,,,,,,,,,,,,,,,,,,,,,,,,,,,,,,,,,,,,,,,,,,,,,,,,,,
ISG20,CHID1,AC108134.2,,POM121,,,,,,,,,,,,,,,,,,,,,,,,,,,,,,,,,,,,,,,,,,,,,,,,,,,,,,,,,,,,,,,,,,,,,,,,,,,,,,,,
AZU1,AP3S1,DLGAP1-AS2,,CGB7,,,,,,,,,,,,,,,,,,,,,,,,,,,,,,,,,,,,,,,,,,,,,,,,,,,,,,,,,,,,,,,,,,,,,,,,,,,,,,,,
CFAP53,GRB2,AC020978.5,,NLGN3,,,,,,,,,,,,,,,,,,,,,,,,,,,,,,,,,,,,,,,,,,,,,,,,,,,,,,,,,,,,,,,,,,,,,,,,,,,,,,,,
TTC36,BET1L,AC007952.4,,CD55,,,,,,,,,,,,,,,,,,,,,,,,,,,,,,,,,,,,,,,,,,,,,,,,,,,,,,,,,,,,,,,,,,,,,,,,,,,,,,,,
GTPBP2,RPS27,CORO7,,ZNF140,,,,,,,,,,,,,,,,,,,,,,,,,,,,,,,,,,,,,,,,,,,,,,,,,,,,,,,,,,,,,,,,,,,,,,,,,,,,,,,,
ZNF24,IMP3,AC099684.2,,TSC22D2,,,,,,,,,,,,,,,,,,,,,,,,,,,,,,,,,,,,,,,,,,,,,,,,,,,,,,,,,,,,,,,,,,,,,,,,,,,,,,,,
BANP,NDUFAF3,AC090617.3,,YRDC,,,,,,,,,,,,,,,,,,,,,,,,,,,,,,,,,,,,,,,,,,,,,,,,,,,,,,,,,,,,,,,,,,,,,,,,,,,,,,,,
HCFC1,C2orf69,AC135050.5,,SIAH1,,,,,,,,,,,,,,,,,,,,,,,,,,,,,,,,,,,,,,,,,,,,,,,,,,,,,,,,,,,,,,,,,,,,,,,,,,,,,,,,
RND1,NDUFV2,AC027796.4,,MRTFA,,,,,,,,,,,,,,,,,,,,,,,,,,,,,,,,,,,,,,,,,,,,,,,,,,,,,,,,,,,,,,,,,,,,,,,,,,,,,,,,
RAD9A,SPINK6,AC090617.5,,MMP1,,,,,,,,,,,,,,,,,,,,,,,,,,,,,,,,,,,,,,,,,,,,,,,,,,,,,,,,,,,,,,,,,,,,,,,,,,,,,,,,
EFEMP2,PARD6G,AC125421.1,,TRPV1,,,,,,,,,,,,,,,,,,,,,,,,,,,,,,,,,,,,,,,,,,,,,,,,,,,,,,,,,,,,,,,,,,,,,,,,,,,,,,,,
WASHC2C,POGLUT3,AC009831.1,,ZNF431,,,,,,,,,,,,,,,,,,,,,,,,,,,,,,,,,,,,,,,,,,,,,,,,,,,,,,,,,,,,,,,,,,,,,,,,,,,,,,,,
TMEM217,GALNT11,NBPF11,,NF1,,,,,,,,,,,,,,,,,,,,,,,,,,,,,,,,,,,,,,,,,,,,,,,,,,,,,,,,,,,,,,,,,,,,,,,,,,,,,,,,
NAA16,CALML3,AC016866.1,,LCE1B,,,,,,,,,,,,,,,,,,,,,,,,,,,,,,,,,,,,,,,,,,,,,,,,,,,,,,,,,,,,,,,,,,,,,,,,,,,,,,,,
ZNF621,CALML5,AC104564.3,,SNHG17,,,,,,,,,,,,,,,,,,,,,,,,,,,,,,,,,,,,,,,,,,,,,,,,,,,,,,,,,,,,,,,,,,,,,,,,,,,,,,,,
LVRN,NT5DC1,OTUD7B,,HIST1H2AG,,,,,,,,,,,,,,,,,,,,,,,,,,,,,,,,,,,,,,,,,,,,,,,,,,,,,,,,,,,,,,,,,,,,,,,,,,,,,,,,
PHF8,COX14,AP001020.2,,STRN3,,,,,,,,,,,,,,,,,,,,,,,,,,,,,,,,,,,,,,,,,,,,,,,,,,,,,,,,,,,,,,,,,,,,,,,,,,,,,,,,
KAT5,CTXN1,RNF115,,SPRR2B,,,,,,,,,,,,,,,,,,,,,,,,,,,,,,,,,,,,,,,,,,,,,,,,,,,,,,,,,,,,,,,,,,,,,,,,,,,,,,,,
RELA,SLC25A20,NARF-IT1,,PPTC7,,,,,,,,,,,,,,,,,,,,,,,,,,,,,,,,,,,,,,,,,,,,,,,,,,,,,,,,,,,,,,,,,,,,,,,,,,,,,,,,
EVC2,MAF,NBPF15,,HIST1H2AD,,,,,,,,,,,,,,,,,,,,,,,,,,,,,,,,,,,,,,,,,,,,,,,,,,,,,,,,,,,,,,,,,,,,,,,,,,,,,,,,
HECTD4,CTNNBIP1,AC127024.5,,LAMB3,,,,,,,,,,,,,,,,,,,,,,,,,,,,,,,,,,,,,,,,,,,,,,,,,,,,,,,,,,,,,,,,,,,,,,,,,,,,,,,,
HSPA6,THBD,AC055811.3,,HIST3H2BB,,,,,,,,,,,,,,,,,,,,,,,,,,,,,,,,,,,,,,,,,,,,,,,,,,,,,,,,,,,,,,,,,,,,,,,,,,,,,,,,
KDM2A,COX5A,AC005546.1,,WDR45,,,,,,,,,,,,,,,,,,,,,,,,,,,,,,,,,,,,,,,,,,,,,,,,,,,,,,,,,,,,,,,,,,,,,,,,,,,,,,,,
NOC3L,C5orf46,AC087289.1,,SERTAD1,,,,,,,,,,,,,,,,,,,,,,,,,,,,,,,,,,,,,,,,,,,,,,,,,,,,,,,,,,,,,,,,,,,,,,,,,,,,,,,,
RAPH1,MPI,AL050343.2,,ZSCAN25,,,,,,,,,,,,,,,,,,,,,,,,,,,,,,,,,,,,,,,,,,,,,,,,,,,,,,,,,,,,,,,,,,,,,,,,,,,,,,,,
PARP14,EXOSC4,UXT-AS1,,ZNF441,,,,,,,,,,,,,,,,,,,,,,,,,,,,,,,,,,,,,,,,,,,,,,,,,,,,,,,,,,,,,,,,,,,,,,,,,,,,,,,,
ABLIM3,FOXE1,AC022098.1,,HIST1H4C,,,,,,,,,,,,,,,,,,,,,,,,,,,,,,,,,,,,,,,,,,,,,,,,,,,,,,,,,,,,,,,,,,,,,,,,,,,,,,,,
GPR137,LGALS7B,PARD6G-AS1,,MAFG,,,,,,,,,,,,,,,,,,,,,,,,,,,,,,,,,,,,,,,,,,,,,,,,,,,,,,,,,,,,,,,,,,,,,,,,,,,,,,,,
MMRN2,TUFM,AC027307.2,,IGF2R,,,,,,,,,,,,,,,,,,,,,,,,,,,,,,,,,,,,,,,,,,,,,,,,,,,,,,,,,,,,,,,,,,,,,,,,,,,,,,,,
TNKS,EIF3K,AC090236.2,,LCE1C,,,,,,,,,,,,,,,,,,,,,,,,,,,,,,,,,,,,,,,,,,,,,,,,,,,,,,,,,,,,,,,,,,,,,,,,,,,,,,,,
ZBTB21,SNX18,AC020916.1,,PCBP2,,,,,,,,,,,,,,,,,,,,,,,,,,,,,,,,,,,,,,,,,,,,,,,,,,,,,,,,,,,,,,,,,,,,,,,,,,,,,,,,
TRIB1,RRS1,AC010327.4,,ZGPAT,,,,,,,,,,,,,,,,,,,,,,,,,,,,,,,,,,,,,,,,,,,,,,,,,,,,,,,,,,,,,,,,,,,,,,,,,,,,,,,,
RNASE8,RCC2,AC067852.3,,SLC25A29,,,,,,,,,,,,,,,,,,,,,,,,,,,,,,,,,,,,,,,,,,,,,,,,,,,,,,,,,,,,,,,,,,,,,,,,,,,,,,,,
THAP2,DPM3,ZNF224,,ZNF682,,,,,,,,,,,,,,,,,,,,,,,,,,,,,,,,,,,,,,,,,,,,,,,,,,,,,,,,,,,,,,,,,,,,,,,,,,,,,,,,
PEAK1,CYC1,KF456478.1,,ABCB8,,,,,,,,,,,,,,,,,,,,,,,,,,,,,,,,,,,,,,,,,,,,,,,,,,,,,,,,,,,,,,,,,,,,,,,,,,,,,,,,
TNFRSF10D,FARSA,LIN37,,HIST1H3J,,,,,,,,,,,,,,,,,,,,,,,,,,,,,,,,,,,,,,,,,,,,,,,,,,,,,,,,,,,,,,,,,,,,,,,,,,,,,,,,
MOB1B,TCAIM,AC026803.2,,ENTPD4,,,,,,,,,,,,,,,,,,,,,,,,,,,,,,,,,,,,,,,,,,,,,,,,,,,,,,,,,,,,,,,,,,,,,,,,,,,,,,,,
NABP1,TMEM125,AC009955.2,,HIST1H4J,,,,,,,,,,,,,,,,,,,,,,,,,,,,,,,,,,,,,,,,,,,,,,,,,,,,,,,,,,,,,,,,,,,,,,,,,,,,,,,,
CHD2,CALR,PTOV1-AS1,,KANK2,,,,,,,,,,,,,,,,,,,,,,,,,,,,,,,,,,,,,,,,,,,,,,,,,,,,,,,,,,,,,,,,,,,,,,,,,,,,,,,,
NUDT4,GADD45GIP1,NBPF12,,C6orf141,,,,,,,,,,,,,,,,,,,,,,,,,,,,,,,,,,,,,,,,,,,,,,,,,,,,,,,,,,,,,,,,,,,,,,,,,,,,,,,,
LRFN4,HLA-DQB1,AC022154.1,,ZNF165,,,,,,,,,,,,,,,,,,,,,,,,,,,,,,,,,,,,,,,,,,,,,,,,,,,,,,,,,,,,,,,,,,,,,,,,,,,,,,,,
RCE1,ELMOD2,AC005261.1,,SYNGAP1,,,,,,,,,,,,,,,,,,,,,,,,,,,,,,,,,,,,,,,,,,,,,,,,,,,,,,,,,,,,,,,,,,,,,,,,,,,,,,,,
AGFG1,ALOX12B,SCGB1C2,,ZNF655,,,,,,,,,,,,,,,,,,,,,,,,,,,,,,,,,,,,,,,,,,,,,,,,,,,,,,,,,,,,,,,,,,,,,,,,,,,,,,,,
ENDOV,SHARPIN,AC132192.2,,ZNF675,,,,,,,,,,,,,,,,,,,,,,,,,,,,,,,,,,,,,,,,,,,,,,,,,,,,,,,,,,,,,,,,,,,,,,,,,,,,,,,,
TIGD3,ALOX15B,MIR4453HG,,HIST1H3D,,,,,,,,,,,,,,,,,,,,,,,,,,,,,,,,,,,,,,,,,,,,,,,,,,,,,,,,,,,,,,,,,,,,,,,,,,,,,,,,
PHC3,MAF1,AC073389.1,,MIB2,,,,,,,,,,,,,,,,,,,,,,,,,,,,,,,,,,,,,,,,,,,,,,,,,,,,,,,,,,,,,,,,,,,,,,,,,,,,,,,,
RBM4,CITED4,AC008687.4,,GZMM,,,,,,,,,,,,,,,,,,,,,,,,,,,,,,,,,,,,,,,,,,,,,,,,,,,,,,,,,,,,,,,,,,,,,,,,,,,,,,,,
TCAP,B3GNT3,AC016586.1,,ENTPD6,,,,,,,,,,,,,,,,,,,,,,,,,,,,,,,,,,,,,,,,,,,,,,,,,,,,,,,,,,,,,,,,,,,,,,,,,,,,,,,,
KLHL15,BBS10,AL118506.1,,CCDC154,,,,,,,,,,,,,,,,,,,,,,,,,,,,,,,,,,,,,,,,,,,,,,,,,,,,,,,,,,,,,,,,,,,,,,,,,,,,,,,,
LEMD3,DCTPP1,AC010422.2,,ZNF433,,,,,,,,,,,,,,,,,,,,,,,,,,,,,,,,,,,,,,,,,,,,,,,,,,,,,,,,,,,,,,,,,,,,,,,,,,,,,,,,
ADCY6,ZADH2,AC010319.3,,ZNF460,,,,,,,,,,,,,,,,,,,,,,,,,,,,,,,,,,,,,,,,,,,,,,,,,,,,,,,,,,,,,,,,,,,,,,,,,,,,,,,,
SNHG11,MED14,AC020922.3,,TAF13,,,,,,,,,,,,,,,,,,,,,,,,,,,,,,,,,,,,,,,,,,,,,,,,,,,,,,,,,,,,,,,,,,,,,,,,,,,,,,,,
LIG4,FAHD1,IKBKG,,ZNF461,,,,,,,,,,,,,,,,,,,,,,,,,,,,,,,,,,,,,,,,,,,,,,,,,,,,,,,,,,,,,,,,,,,,,,,,,,,,,,,,
ATP2A2,PRKRA,PTOV1-AS2,,SLC9A8,,,,,,,,,,,,,,,,,,,,,,,,,,,,,,,,,,,,,,,,,,,,,,,,,,,,,,,,,,,,,,,,,,,,,,,,,,,,,,,,
DENND4A,PNPLA1,AC008982.2,,HIST4H4,,,,,,,,,,,,,,,,,,,,,,,,,,,,,,,,,,,,,,,,,,,,,,,,,,,,,,,,,,,,,,,,,,,,,,,,,,,,,,,,
TMEM81,CCDC43,NBPF9,,ZNF44,,,,,,,,,,,,,,,,,,,,,,,,,,,,,,,,,,,,,,,,,,,,,,,,,,,,,,,,,,,,,,,,,,,,,,,,,,,,,,,,
AKIRIN1,S1PR5,ZNF528-AS1,,HIST1H2BK,,,,,,,,,,,,,,,,,,,,,,,,,,,,,,,,,,,,,,,,,,,,,,,,,,,,,,,,,,,,,,,,,,,,,,,,,,,,,,,,
MSL2,GPR157,EGLN2,,TEAD4,,,,,,,,,,,,,,,,,,,,,,,,,,,,,,,,,,,,,,,,,,,,,,,,,,,,,,,,,,,,,,,,,,,,,,,,,,,,,,,,
ZNF266,PPA1,RMRP,,FCHSD1,,,,,,,,,,,,,,,,,,,,,,,,,,,,,,,,,,,,,,,,,,,,,,,,,,,,,,,,,,,,,,,,,,,,,,,,,,,,,,,,
RESF1,CXCR2,Z98884.2,,ZNF121,,,,,,,,,,,,,,,,,,,,,,,,,,,,,,,,,,,,,,,,,,,,,,,,,,,,,,,,,,,,,,,,,,,,,,,,,,,,,,,,
NR1D2,SSR4,AL158152.1,,AKAP17A,,,,,,,,,,,,,,,,,,,,,,,,,,,,,,,,,,,,,,,,,,,,,,,,,,,,,,,,,,,,,,,,,,,,,,,,,,,,,,,,
CNIH2,TCEAL8,AC068790.2,,SNHG12,,,,,,,,,,,,,,,,,,,,,,,,,,,,,,,,,,,,,,,,,,,,,,,,,,,,,,,,,,,,,,,,,,,,,,,,,,,,,,,,
KCTD13,NQO1,AC090181.2,,ZNF335,,,,,,,,,,,,,,,,,,,,,,,,,,,,,,,,,,,,,,,,,,,,,,,,,,,,,,,,,,,,,,,,,,,,,,,,,,,,,,,,
DHX36,TRAPPC5,AL020997.2,,5-Mar,,,,,,,,,,,,,,,,,,,,,,,,,,,,,,,,,,,,,,,,,,,,,,,,,,,,,,,,,,,,,,,,,,,,,,,,,,,,,,,,
KLC2,HIGD1A,KC877982.1,,MIER1,,,,,,,,,,,,,,,,,,,,,,,,,,,,,,,,,,,,,,,,,,,,,,,,,,,,,,,,,,,,,,,,,,,,,,,,,,,,,,,,
SLC22A1,F2R,AC232271.1,,SZT2,,,,,,,,,,,,,,,,,,,,,,,,,,,,,,,,,,,,,,,,,,,,,,,,,,,,,,,,,,,,,,,,,,,,,,,,,,,,,,,,
VCPIP1,NPM1,Z93241.1,,QRICH1,,,,,,,,,,,,,,,,,,,,,,,,,,,,,,,,,,,,,,,,,,,,,,,,,,,,,,,,,,,,,,,,,,,,,,,,,,,,,,,,
TRAF6,DHTKD1,AC068790.5,,HELZ,,,,,,,,,,,,,,,,,,,,,,,,,,,,,,,,,,,,,,,,,,,,,,,,,,,,,,,,,,,,,,,,,,,,,,,,,,,,,,,,
ZNF654,HEPHL1,AL356488.2,,ZKSCAN8,,,,,,,,,,,,,,,,,,,,,,,,,,,,,,,,,,,,,,,,,,,,,,,,,,,,,,,,,,,,,,,,,,,,,,,,,,,,,,,,
TVP23C,TMEM45A,MIR222HG,,ZNF442,,,,,,,,,,,,,,,,,,,,,,,,,,,,,,,,,,,,,,,,,,,,,,,,,,,,,,,,,,,,,,,,,,,,,,,,,,,,,,,,
PSMD2,RAP2B,AL360012.1,,PIM3,,,,,,,,,,,,,,,,,,,,,,,,,,,,,,,,,,,,,,,,,,,,,,,,,,,,,,,,,,,,,,,,,,,,,,,,,,,,,,,,
CSRP2,RNF135,AL049840.6,,OGA,,,,,,,,,,,,,,,,,,,,,,,,,,,,,,,,,,,,,,,,,,,,,,,,,,,,,,,,,,,,,,,,,,,,,,,,,,,,,,,,
DDIT3,MRPS23,TERC,,NRARP,,,,,,,,,,,,,,,,,,,,,,,,,,,,,,,,,,,,,,,,,,,,,,,,,,,,,,,,,,,,,,,,,,,,,,,,,,,,,,,,
ZNF408,SIAH2,AC004918.4,,ZXDB,,,,,,,,,,,,,,,,,,,,,,,,,,,,,,,,,,,,,,,,,,,,,,,,,,,,,,,,,,,,,,,,,,,,,,,,,,,,,,,,
GOLGA8A,COPG1,AC104109.2,,YTHDF2,,,,,,,,,,,,,,,,,,,,,,,,,,,,,,,,,,,,,,,,,,,,,,,,,,,,,,,,,,,,,,,,,,,,,,,,,,,,,,,,
NRIP3,SLC9A9,AC016773.1,,MAFK,,,,,,,,,,,,,,,,,,,,,,,,,,,,,,,,,,,,,,,,,,,,,,,,,,,,,,,,,,,,,,,,,,,,,,,,,,,,,,,,
EIF1AD,LSM10,AC026367.1,,ZNF627,,,,,,,,,,,,,,,,,,,,,,,,,,,,,,,,,,,,,,,,,,,,,,,,,,,,,,,,,,,,,,,,,,,,,,,,,,,,,,,,
PPP2R2D,C5orf24,AC104695.4,,DDX39B,,,,,,,,,,,,,,,,,,,,,,,,,,,,,,,,,,,,,,,,,,,,,,,,,,,,,,,,,,,,,,,,,,,,,,,,,,,,,,,,
CLCF1,COA4,SRXN1,,ARC,,,,,,,,,,,,,,,,,,,,,,,,,,,,,,,,,,,,,,,,,,,,,,,,,,,,,,,,,,,,,,,,,,,,,,,,,,,,,,,,
UCP3,PRKAG1,AC018638.6,,C3orf35,,,,,,,,,,,,,,,,,,,,,,,,,,,,,,,,,,,,,,,,,,,,,,,,,,,,,,,,,,,,,,,,,,,,,,,,,,,,,,,,
FOSL1,MRPS11,Z83843.1,,MDM4,,,,,,,,,,,,,,,,,,,,,,,,,,,,,,,,,,,,,,,,,,,,,,,,,,,,,,,,,,,,,,,,,,,,,,,,,,,,,,,,
ZNF77,IDH2,AC011337.1,,DLL1,,,,,,,,,,,,,,,,,,,,,,,,,,,,,,,,,,,,,,,,,,,,,,,,,,,,,,,,,,,,,,,,,,,,,,,,,,,,,,,,
BAIAP2,NOP10,AC013400.1,,SMURF1,,,,,,,,,,,,,,,,,,,,,,,,,,,,,,,,,,,,,,,,,,,,,,,,,,,,,,,,,,,,,,,,,,,,,,,,,,,,,,,,
PLEKHF2,FAM89A,AL162258.2,,SLC5A3,,,,,,,,,,,,,,,,,,,,,,,,,,,,,,,,,,,,,,,,,,,,,,,,,,,,,,,,,,,,,,,,,,,,,,,,,,,,,,,,
LYSMD3,MRPL41,AC008972.2,,MT-ND2,,,,,,,,,,,,,,,,,,,,,,,,,,,,,,,,,,,,,,,,,,,,,,,,,,,,,,,,,,,,,,,,,,,,,,,,,,,,,,,,
KCNE5,TP53TG1,AL390719.2,,RASSF9,,,,,,,,,,,,,,,,,,,,,,,,,,,,,,,,,,,,,,,,,,,,,,,,,,,,,,,,,,,,,,,,,,,,,,,,,,,,,,,,
IP6K1,MRPS16,NFYC-AS1,,ZNF830,,,,,,,,,,,,,,,,,,,,,,,,,,,,,,,,,,,,,,,,,,,,,,,,,,,,,,,,,,,,,,,,,,,,,,,,,,,,,,,,
YES1,LDOC1,AC087623.3,,PNP,,,,,,,,,,,,,,,,,,,,,,,,,,,,,,,,,,,,,,,,,,,,,,,,,,,,,,,,,,,,,,,,,,,,,,,,,,,,,,,,
UFSP1,ARL6IP4,AC005041.3,,FOXJ3,,,,,,,,,,,,,,,,,,,,,,,,,,,,,,,,,,,,,,,,,,,,,,,,,,,,,,,,,,,,,,,,,,,,,,,,,,,,,,,,
SPHK1,ATP6AP2,AL645940.1,,HMGN2,,,,,,,,,,,,,,,,,,,,,,,,,,,,,,,,,,,,,,,,,,,,,,,,,,,,,,,,,,,,,,,,,,,,,,,,,,,,,,,,
CDC26,NXPH4,AC044849.1,,DENND4B,,,,,,,,,,,,,,,,,,,,,,,,,,,,,,,,,,,,,,,,,,,,,,,,,,,,,,,,,,,,,,,,,,,,,,,,,,,,,,,,
KCMF1,GLRX5,AC034198.2,,FICD,,,,,,,,,,,,,,,,,,,,,,,,,,,,,,,,,,,,,,,,,,,,,,,,,,,,,,,,,,,,,,,,,,,,,,,,,,,,,,,,
VPS37D,FAM104B,KMT2B,,LTN1,,,,,,,,,,,,,,,,,,,,,,,,,,,,,,,,,,,,,,,,,,,,,,,,,,,,,,,,,,,,,,,,,,,,,,,,,,,,,,,,
SYNE3,LIMK2,POM121C,,MT-ND1,,,,,,,,,,,,,,,,,,,,,,,,,,,,,,,,,,,,,,,,,,,,,,,,,,,,,,,,,,,,,,,,,,,,,,,,,,,,,,,,
USF3,MFSD5,AL139246.5,,TOP1,,,,,,,,,,,,,,,,,,,,,,,,,,,,,,,,,,,,,,,,,,,,,,,,,,,,,,,,,,,,,,,,,,,,,,,,,,,,,,,,
AC008969.1,ADI1,AL391244.2,,MAP3K3,,,,,,,,,,,,,,,,,,,,,,,,,,,,,,,,,,,,,,,,,,,,,,,,,,,,,,,,,,,,,,,,,,,,,,,,,,,,,,,,
B3GNT5,RWDD4,AC113194.1,,L1CAM,,,,,,,,,,,,,,,,,,,,,,,,,,,,,,,,,,,,,,,,,,,,,,,,,,,,,,,,,,,,,,,,,,,,,,,,,,,,,,,,
MEX3C,EPGN,AL021807.1,,SPOUT1,,,,,,,,,,,,,,,,,,,,,,,,,,,,,,,,,,,,,,,,,,,,,,,,,,,,,,,,,,,,,,,,,,,,,,,,,,,,,,,,
MIR7-3HG,SKA2,AL645608.7,,DZIP3,,,,,,,,,,,,,,,,,,,,,,,,,,,,,,,,,,,,,,,,,,,,,,,,,,,,,,,,,,,,,,,,,,,,,,,,,,,,,,,,
TCEANC,NDN,AC093673.2,,KIAA0753,,,,,,,,,,,,,,,,,,,,,,,,,,,,,,,,,,,,,,,,,,,,,,,,,,,,,,,,,,,,,,,,,,,,,,,,,,,,,,,,
PNMA1,TTC3,AL021707.6,,GPRASP1,,,,,,,,,,,,,,,,,,,,,,,,,,,,,,,,,,,,,,,,,,,,,,,,,,,,,,,,,,,,,,,,,,,,,,,,,,,,,,,,
ANKLE2,TSKU,ADIRF-AS1,,TBKBP1,,,,,,,,,,,,,,,,,,,,,,,,,,,,,,,,,,,,,,,,,,,,,,,,,,,,,,,,,,,,,,,,,,,,,,,,,,,,,,,,
SMCR8,ANXA2,AC007881.3,,SMG5,,,,,,,,,,,,,,,,,,,,,,,,,,,,,,,,,,,,,,,,,,,,,,,,,,,,,,,,,,,,,,,,,,,,,,,,,,,,,,,,
MTHFR,PAQR7,AC004908.2,,AL590705.1,,,,,,,,,,,,,,,,,,,,,,,,,,,,,,,,,,,,,,,,,,,,,,,,,,,,,,,,,,,,,,,,,,,,,,,,,,,,,,,,
TMEM80,RPS17,AL022328.1,,AC004988.1,,,,,,,,,,,,,,,,,,,,,,,,,,,,,,,,,,,,,,,,,,,,,,,,,,,,,,,,,,,,,,,,,,,,,,,,,,,,,,,,
POLE,HCAR2,DCP1A,,KPRP,,,,,,,,,,,,,,,,,,,,,,,,,,,,,,,,,,,,,,,,,,,,,,,,,,,,,,,,,,,,,,,,,,,,,,,,,,,,,,,,
ZBTB34,C1orf116,ATP6V1FNB,,ADAMTSL4-AS1,,,,,,,,,,,,,,,,,,,,,,,,,,,,,,,,,,,,,,,,,,,,,,,,,,,,,,,,,,,,,,,,,,,,,,,,,,,,,,,,
ULK1,RPL35A,AL353708.3,,HIST2H2BF,,,,,,,,,,,,,,,,,,,,,,,,,,,,,,,,,,,,,,,,,,,,,,,,,,,,,,,,,,,,,,,,,,,,,,,,,,,,,,,,
RPS6KA3,PYCR1,AC012360.3,,GDI1,,,,,,,,,,,,,,,,,,,,,,,,,,,,,,,,,,,,,,,,,,,,,,,,,,,,,,,,,,,,,,,,,,,,,,,,,,,,,,,,
FZD8,CAMK1D,AL731533.2,,LIME1,,,,,,,,,,,,,,,,,,,,,,,,,,,,,,,,,,,,,,,,,,,,,,,,,,,,,,,,,,,,,,,,,,,,,,,,,,,,,,,,
HIC1,ARHGEF37,AL355388.2,,ARRDC1-AS1,,,,,,,,,,,,,,,,,,,,,,,,,,,,,,,,,,,,,,,,,,,,,,,,,,,,,,,,,,,,,,,,,,,,,,,,,,,,,,,,
NR2C2,FANCF,AL365203.2,,PHACTR4,,,,,,,,,,,,,,,,,,,,,,,,,,,,,,,,,,,,,,,,,,,,,,,,,,,,,,,,,,,,,,,,,,,,,,,,,,,,,,,,
ARIH2,SMDT1,AL021707.8,,LINC02731,,,,,,,,,,,,,,,,,,,,,,,,,,,,,,,,,,,,,,,,,,,,,,,,,,,,,,,,,,,,,,,,,,,,,,,,,,,,,,,,
SLC25A22,RUVBL2,AC144652.1,,COL11A2,,,,,,,,,,,,,,,,,,,,,,,,,,,,,,,,,,,,,,,,,,,,,,,,,,,,,,,,,,,,,,,,,,,,,,,,,,,,,,,,
PIDD1,GBP6,AL022328.2,,BRD2,,,,,,,,,,,,,,,,,,,,,,,,,,,,,,,,,,,,,,,,,,,,,,,,,,,,,,,,,,,,,,,,,,,,,,,,,,,,,,,,
JUN,PSMG1,LINC02604,,TNRC6C-AS1,,,,,,,,,,,,,,,,,,,,,,,,,,,,,,,,,,,,,,,,,,,,,,,,,,,,,,,,,,,,,,,,,,,,,,,,,,,,,,,,
PNPLA2,SETD3,BX537318.1,,PBX2,,,,,,,,,,,,,,,,,,,,,,,,,,,,,,,,,,,,,,,,,,,,,,,,,,,,,,,,,,,,,,,,,,,,,,,,,,,,,,,,
CD163L1,TNFAIP8L3,AC104506.1,,AGER,,,,,,,,,,,,,,,,,,,,,,,,,,,,,,,,,,,,,,,,,,,,,,,,,,,,,,,,,,,,,,,,,,,,,,,,,,,,,,,,
SUMO4,SFXN4,AP001437.1,,DXO,,,,,,,,,,,,,,,,,,,,,,,,,,,,,,,,,,,,,,,,,,,,,,,,,,,,,,,,,,,,,,,,,,,,,,,,,,,,,,,,
FLII,MRPL54,AP001033.2,,SLC44A4,,,,,,,,,,,,,,,,,,,,,,,,,,,,,,,,,,,,,,,,,,,,,,,,,,,,,,,,,,,,,,,,,,,,,,,,,,,,,,,,
HNRNPA0,NDUFB1,AC018690.1,,NEU1,,,,,,,,,,,,,,,,,,,,,,,,,,,,,,,,,,,,,,,,,,,,,,,,,,,,,,,,,,,,,,,,,,,,,,,,,,,,,,,,
TENM3-AS1,GPR1,PAXIP1-AS1,,HSPA1B,,,,,,,,,,,,,,,,,,,,,,,,,,,,,,,,,,,,,,,,,,,,,,,,,,,,,,,,,,,,,,,,,,,,,,,,,,,,,,,,
TSSK6,TMEM50A,LINC02019,,HSPA1A,,,,,,,,,,,,,,,,,,,,,,,,,,,,,,,,,,,,,,,,,,,,,,,,,,,,,,,,,,,,,,,,,,,,,,,,,,,,,,,,
ZNF518B,MACC1,AC012510.1,,HSPA1L,,,,,,,,,,,,,,,,,,,,,,,,,,,,,,,,,,,,,,,,,,,,,,,,,,,,,,,,,,,,,,,,,,,,,,,,,,,,,,,,
PLEC,KREMEN1,HIST1H4K,,LINC01854,,,,,,,,,,,,,,,,,,,,,,,,,,,,,,,,,,,,,,,,,,,,,,,,,,,,,,,,,,,,,,,,,,,,,,,,,,,,,,,,
TMEM151B,COA3,CWC25,,BAG6,,,,,,,,,,,,,,,,,,,,,,,,,,,,,,,,,,,,,,,,,,,,,,,,,,,,,,,,,,,,,,,,,,,,,,,,,,,,,,,,
WDR6,ACTG1,AC131009.3,,PRRC2A,,,,,,,,,,,,,,,,,,,,,,,,,,,,,,,,,,,,,,,,,,,,,,,,,,,,,,,,,,,,,,,,,,,,,,,,,,,,,,,,
TMPRSS9,ADAP2,EPOP,,MICB,,,,,,,,,,,,,,,,,,,,,,,,,,,,,,,,,,,,,,,,,,,,,,,,,,,,,,,,,,,,,,,,,,,,,,,,,,,,,,,,
ZFAND2A,UQCR10,HIST1H2BM,,PPP1R10,,,,,,,,,,,,,,,,,,,,,,,,,,,,,,,,,,,,,,,,,,,,,,,,,,,,,,,,,,,,,,,,,,,,,,,,,,,,,,,,
P4HTM,NIPSNAP1,AL117379.1,,ABCF1,,,,,,,,,,,,,,,,,,,,,,,,,,,,,,,,,,,,,,,,,,,,,,,,,,,,,,,,,,,,,,,,,,,,,,,,,,,,,,,,
DTX3,SPRR4,HIST1H2BG,,GNL1,,,,,,,,,,,,,,,,,,,,,,,,,,,,,,,,,,,,,,,,,,,,,,,,,,,,,,,,,,,,,,,,,,,,,,,,,,,,,,,,
KLHL11,SCFD2,AC015912.3,,TRIM39,,,,,,,,,,,,,,,,,,,,,,,,,,,,,,,,,,,,,,,,,,,,,,,,,,,,,,,,,,,,,,,,,,,,,,,,,,,,,,,,
ERN1,PGP,HIST1H2BE,,HLA-G,,,,,,,,,,,,,,,,,,,,,,,,,,,,,,,,,,,,,,,,,,,,,,,,,,,,,,,,,,,,,,,,,,,,,,,,,,,,,,,,
GPR35,IRAK1,AC103691.1,,HLA-F,,,,,,,,,,,,,,,,,,,,,,,,,,,,,,,,,,,,,,,,,,,,,,,,,,,,,,,,,,,,,,,,,,,,,,,,,,,,,,,,
SUZ12,TACSTD2,AC090970.2,,AKT1S1,,,,,,,,,,,,,,,,,,,,,,,,,,,,,,,,,,,,,,,,,,,,,,,,,,,,,,,,,,,,,,,,,,,,,,,,,,,,,,,,
ZHX2,PKP3,AC005332.3,,GABBR1,,,,,,,,,,,,,,,,,,,,,,,,,,,,,,,,,,,,,,,,,,,,,,,,,,,,,,,,,,,,,,,,,,,,,,,,,,,,,,,,
CPNE7,THAP7,AC080038.1,,ATXN2,,,,,,,,,,,,,,,,,,,,,,,,,,,,,,,,,,,,,,,,,,,,,,,,,,,,,,,,,,,,,,,,,,,,,,,,,,,,,,,,
TAF7,BPIFC,HIST1H4F,,ZBTB48,,,,,,,,,,,,,,,,,,,,,,,,,,,,,,,,,,,,,,,,,,,,,,,,,,,,,,,,,,,,,,,,,,,,,,,,,,,,,,,,
GAK,PROS1,AC106886.3,,ZNF155,,,,,,,,,,,,,,,,,,,,,,,,,,,,,,,,,,,,,,,,,,,,,,,,,,,,,,,,,,,,,,,,,,,,,,,,,,,,,,,,
LINC00324,TMEM173,AC004466.2,,ZNF783,,,,,,,,,,,,,,,,,,,,,,,,,,,,,,,,,,,,,,,,,,,,,,,,,,,,,,,,,,,,,,,,,,,,,,,,,,,,,,,,
SELENOW,SEPTIN5,HIST1H3E,,FAM71F2,,,,,,,,,,,,,,,,,,,,,,,,,,,,,,,,,,,,,,,,,,,,,,,,,,,,,,,,,,,,,,,,,,,,,,,,,,,,,,,,
TRIML2,RNLS,AC004825.2,,C11orf91,,,,,,,,,,,,,,,,,,,,,,,,,,,,,,,,,,,,,,,,,,,,,,,,,,,,,,,,,,,,,,,,,,,,,,,,,,,,,,,,
PER1,NDUFA12,AC068473.5,,ZBTB10,,,,,,,,,,,,,,,,,,,,,,,,,,,,,,,,,,,,,,,,,,,,,,,,,,,,,,,,,,,,,,,,,,,,,,,,,,,,,,,,
HES7,APOO,ZKSCAN2-DT,,E2F4,,,,,,,,,,,,,,,,,,,,,,,,,,,,,,,,,,,,,,,,,,,,,,,,,,,,,,,,,,,,,,,,,,,,,,,,,,,,,,,,
SPTY2D1,ARMCX2,AC079684.1,,SAP25,,,,,,,,,,,,,,,,,,,,,,,,,,,,,,,,,,,,,,,,,,,,,,,,,,,,,,,,,,,,,,,,,,,,,,,,,,,,,,,,
SAMD4B,BRI3BP,HIST1H2AH,,CPT1B,,,,,,,,,,,,,,,,,,,,,,,,,,,,,,,,,,,,,,,,,,,,,,,,,,,,,,,,,,,,,,,,,,,,,,,,,,,,,,,,
MTUS2-AS1,SEMA4B,MLLT6,,LIN52,,,,,,,,,,,,,,,,,,,,,,,,,,,,,,,,,,,,,,,,,,,,,,,,,,,,,,,,,,,,,,,,,,,,,,,,,,,,,,,,
ALOXE3,FAF1,AC011468.5,,RFPL3S,,,,,,,,,,,,,,,,,,,,,,,,,,,,,,,,,,,,,,,,,,,,,,,,,,,,,,,,,,,,,,,,,,,,,,,,,,,,,,,,
RAB39A,RAB11B,AC020663.3,,C1RL-AS1,,,,,,,,,,,,,,,,,,,,,,,,,,,,,,,,,,,,,,,,,,,,,,,,,,,,,,,,,,,,,,,,,,,,,,,,,,,,,,,,
CLK3,PRMT3,AL031710.2,,AC108134.1,,,,,,,,,,,,,,,,,,,,,,,,,,,,,,,,,,,,,,,,,,,,,,,,,,,,,,,,,,,,,,,,,,,,,,,,,,,,,,,,
ARID3B,ARL15,HIST1H4L,,ZNF316,,,,,,,,,,,,,,,,,,,,,,,,,,,,,,,,,,,,,,,,,,,,,,,,,,,,,,,,,,,,,,,,,,,,,,,,,,,,,,,,
EGR3,GAS2L1,AC048341.2,,RNPS1,,,,,,,,,,,,,,,,,,,,,,,,,,,,,,,,,,,,,,,,,,,,,,,,,,,,,,,,,,,,,,,,,,,,,,,,,,,,,,,,
FJX1,MRPL30,AL161431.1,,HCG27,,,,,,,,,,,,,,,,,,,,,,,,,,,,,,,,,,,,,,,,,,,,,,,,,,,,,,,,,,,,,,,,,,,,,,,,,,,,,,,,
ZBTB18,TMEM179B,HIST1H2AK,,HLA-A,,,,,,,,,,,,,,,,,,,,,,,,,,,,,,,,,,,,,,,,,,,,,,,,,,,,,,,,,,,,,,,,,,,,,,,,,,,,,,,,
DNHD1,KRT6B,HIST1H3I,,THUMPD3-AS1,,,,,,,,,,,,,,,,,,,,,,,,,,,,,,,,,,,,,,,,,,,,,,,,,,,,,,,,,,,,,,,,,,,,,,,,,,,,,,,,
LSMEM2,FAAP100,AP003419.3,,DIO2,,,,,,,,,,,,,,,,,,,,,,,,,,,,,,,,,,,,,,,,,,,,,,,,,,,,,,,,,,,,,,,,,,,,,,,,,,,,,,,,
PLD6,BRCC3,HIST1H2BH,,ZNF611,,,,,,,,,,,,,,,,,,,,,,,,,,,,,,,,,,,,,,,,,,,,,,,,,,,,,,,,,,,,,,,,,,,,,,,,,,,,,,,,
ARL14,AHNAK2,HIST1H3A,,DENND1B,,,,,,,,,,,,,,,,,,,,,,,,,,,,,,,,,,,,,,,,,,,,,,,,,,,,,,,,,,,,,,,,,,,,,,,,,,,,,,,,
AL450998.2,MRPL40,AC092747.4,,SCAF8,,,,,,,,,,,,,,,,,,,,,,,,,,,,,,,,,,,,,,,,,,,,,,,,,,,,,,,,,,,,,,,,,,,,,,,,,,,,,,,,
APOBEC3B,INKA1,AC091982.3,,ZNF254,,,,,,,,,,,,,,,,,,,,,,,,,,,,,,,,,,,,,,,,,,,,,,,,,,,,,,,,,,,,,,,,,,,,,,,,,,,,,,,,
PCBP1-AS1,P4HB,ARHGAP23,,ASIC3,,,,,,,,,,,,,,,,,,,,,,,,,,,,,,,,,,,,,,,,,,,,,,,,,,,,,,,,,,,,,,,,,,,,,,,,,,,,,,,,
MYADM,NDUFA4L2,AC132872.3,,QTRT1,,,,,,,,,,,,,,,,,,,,,,,,,,,,,,,,,,,,,,,,,,,,,,,,,,,,,,,,,,,,,,,,,,,,,,,,,,,,,,,,
MROH1,KRT79,AL021578.1,,CHUK,,,,,,,,,,,,,,,,,,,,,,,,,,,,,,,,,,,,,,,,,,,,,,,,,,,,,,,,,,,,,,,,,,,,,,,,,,,,,,,,
PDXDC1,POU3F1,U2AF1L5,,LCAT,,,,,,,,,,,,,,,,,,,,,,,,,,,,,,,,,,,,,,,,,,,,,,,,,,,,,,,,,,,,,,,,,,,,,,,,,,,,,,,,
GPBAR1,WDR53,AC245014.3,,LBH,,,,,,,,,,,,,,,,,,,,,,,,,,,,,,,,,,,,,,,,,,,,,,,,,,,,,,,,,,,,,,,,,,,,,,,,,,,,,,,,
PUF60,IFITM1,HIST1H2BB,,DDAH2,,,,,,,,,,,,,,,,,,,,,,,,,,,,,,,,,,,,,,,,,,,,,,,,,,,,,,,,,,,,,,,,,,,,,,,,,,,,,,,,
SOCS4,KLHDC8B,AC005393.1,,GTF2H4,,,,,,,,,,,,,,,,,,,,,,,,,,,,,,,,,,,,,,,,,,,,,,,,,,,,,,,,,,,,,,,,,,,,,,,,,,,,,,,,
FAM71E2,BICD2,AC025287.3,,DDX47,,,,,,,,,,,,,,,,,,,,,,,,,,,,,,,,,,,,,,,,,,,,,,,,,,,,,,,,,,,,,,,,,,,,,,,,,,,,,,,,
ANKRD18A,NDUFA13,AL109614.1,,CSNK1E,,,,,,,,,,,,,,,,,,,,,,,,,,,,,,,,,,,,,,,,,,,,,,,,,,,,,,,,,,,,,,,,,,,,,,,,,,,,,,,,
TMEM86B,C15orf41,AC092117.1,,TTLL3,,,,,,,,,,,,,,,,,,,,,,,,,,,,,,,,,,,,,,,,,,,,,,,,,,,,,,,,,,,,,,,,,,,,,,,,,,,,,,,,
TRNAU1AP,KRT5,AC023157.3,,UCA1,,,,,,,,,,,,,,,,,,,,,,,,,,,,,,,,,,,,,,,,,,,,,,,,,,,,,,,,,,,,,,,,,,,,,,,,,,,,,,,,
EXOC3,C2orf76,HIST1H2AL,,CPNE1,,,,,,,,,,,,,,,,,,,,,,,,,,,,,,,,,,,,,,,,,,,,,,,,,,,,,,,,,,,,,,,,,,,,,,,,,,,,,,,,
TDRP,SOWAHB,AL442125.2,,C17orf67,,,,,,,,,,,,,,,,,,,,,,,,,,,,,,,,,,,,,,,,,,,,,,,,,,,,,,,,,,,,,,,,,,,,,,,,,,,,,,,,
OAZ2,BLOC1S4,HIST1H4E,,FOXI3,,,,,,,,,,,,,,,,,,,,,,,,,,,,,,,,,,,,,,,,,,,,,,,,,,,,,,,,,,,,,,,,,,,,,,,,,,,,,,,,
ZNF609,TOR3A,HIST1H2AE,,PPME1,,,,,,,,,,,,,,,,,,,,,,,,,,,,,,,,,,,,,,,,,,,,,,,,,,,,,,,,,,,,,,,,,,,,,,,,,,,,,,,,
ARHGAP45,RXRA,HIST1H4D,,MEG3,,,,,,,,,,,,,,,,,,,,,,,,,,,,,,,,,,,,,,,,,,,,,,,,,,,,,,,,,,,,,,,,,,,,,,,,,,,,,,,,
NRIP1,KRT10,HIST1H2BF,,ZSWIM8,,,,,,,,,,,,,,,,,,,,,,,,,,,,,,,,,,,,,,,,,,,,,,,,,,,,,,,,,,,,,,,,,,,,,,,,,,,,,,,,
HIST1H2AC,RPS23,PCGF2,,DCDC2C,,,,,,,,,,,,,,,,,,,,,,,,,,,,,,,,,,,,,,,,,,,,,,,,,,,,,,,,,,,,,,,,,,,,,,,,,,,,,,,,
HIST1H2BC,SEPTIN10,AC090246.1,,MUC5AC,,,,,,,,,,,,,,,,,,,,,,,,,,,,,,,,,,,,,,,,,,,,,,,,,,,,,,,,,,,,,,,,,,,,,,,,,,,,,,,,
PCGF5,SMIM29,AC005332.5,,FASTKD5,,,,,,,,,,,,,,,,,,,,,,,,,,,,,,,,,,,,,,,,,,,,,,,,,,,,,,,,,,,,,,,,,,,,,,,,,,,,,,,,
YOD1,LYRM7,AL109923.1,,GOLGA8B,,,,,,,,,,,,,,,,,,,,,,,,,,,,,,,,,,,,,,,,,,,,,,,,,,,,,,,,,,,,,,,,,,,,,,,,,,,,,,,,
ZFP3,VSIG10L,AC005363.2,,DDX3X,,,,,,,,,,,,,,,,,,,,,,,,,,,,,,,,,,,,,,,,,,,,,,,,,,,,,,,,,,,,,,,,,,,,,,,,,,,,,,,,
HOXC9,KRT16,HIST1H3F,,FNIP1,,,,,,,,,,,,,,,,,,,,,,,,,,,,,,,,,,,,,,,,,,,,,,,,,,,,,,,,,,,,,,,,,,,,,,,,,,,,,,,,
SCRIB,KRT14,AC135279.4,,AC073263.1,,,,,,,,,,,,,,,,,,,,,,,,,,,,,,,,,,,,,,,,,,,,,,,,,,,,,,,,,,,,,,,,,,,,,,,,,,,,,,,,
OXTR,PLEKHN1,AC139100.2,,MIF-AS1,,,,,,,,,,,,,,,,,,,,,,,,,,,,,,,,,,,,,,,,,,,,,,,,,,,,,,,,,,,,,,,,,,,,,,,,,,,,,,,,
AC015871.1,DHRS4L2,PRICKLE4,,ZGLP1,,,,,,,,,,,,,,,,,,,,,,,,,,,,,,,,,,,,,,,,,,,,,,,,,,,,,,,,,,,,,,,,,,,,,,,,,,,,,,,,
PITPNB,TMEM203,GGNBP2,,VAMP2,,,,,,,,,,,,,,,,,,,,,,,,,,,,,,,,,,,,,,,,,,,,,,,,,,,,,,,,,,,,,,,,,,,,,,,,,,,,,,,,
LSMEM1,THSD4,AC138028.6,,PPP2R2A,,,,,,,,,,,,,,,,,,,,,,,,,,,,,,,,,,,,,,,,,,,,,,,,,,,,,,,,,,,,,,,,,,,,,,,,,,,,,,,,
AEN,TCEA1,HIST1H2AB,,APOL6,,,,,,,,,,,,,,,,,,,,,,,,,,,,,,,,,,,,,,,,,,,,,,,,,,,,,,,,,,,,,,,,,,,,,,,,,,,,,,,,
SLC26A11,PLSCR3,HIST1H2BI,,FADS3,,,,,,,,,,,,,,,,,,,,,,,,,,,,,,,,,,,,,,,,,,,,,,,,,,,,,,,,,,,,,,,,,,,,,,,,,,,,,,,,
ZNF707,EIF4EBP1,AC015871.4,,CCNL2,,,,,,,,,,,,,,,,,,,,,,,,,,,,,,,,,,,,,,,,,,,,,,,,,,,,,,,,,,,,,,,,,,,,,,,,,,,,,,,,
HIST3H2A,MORN2,ZNF426-DT,,ZNF630,,,,,,,,,,,,,,,,,,,,,,,,,,,,,,,,,,,,,,,,,,,,,,,,,,,,,,,,,,,,,,,,,,,,,,,,,,,,,,,,
ZNF746,ARL4C,HIST1H4A,,CYTOR,,,,,,,,,,,,,,,,,,,,,,,,,,,,,,,,,,,,,,,,,,,,,,,,,,,,,,,,,,,,,,,,,,,,,,,,,,,,,,,,
SPEM1,PLA2G4E,HIST1H4B,,AC079305.1,,,,,,,,,,,,,,,,,,,,,,,,,,,,,,,,,,,,,,,,,,,,,,,,,,,,,,,,,,,,,,,,,,,,,,,,,,,,,,,,
ZNF467,FAM25A,AC005332.6,,AL590666.1,,,,,,,,,,,,,,,,,,,,,,,,,,,,,,,,,,,,,,,,,,,,,,,,,,,,,,,,,,,,,,,,,,,,,,,,,,,,,,,,
ZNF678,C6orf132,HIST1H3H,,AC005104.1,,,,,,,,,,,,,,,,,,,,,,,,,,,,,,,,,,,,,,,,,,,,,,,,,,,,,,,,,,,,,,,,,,,,,,,,,,,,,,,,
ZBTB2,LAMTOR4,AC008764.8,,MEG9,,,,,,,,,,,,,,,,,,,,,,,,,,,,,,,,,,,,,,,,,,,,,,,,,,,,,,,,,,,,,,,,,,,,,,,,,,,,,,,,
SETD2,COMMD6,NPTN-IT1,,EXOSC6,,,,,,,,,,,,,,,,,,,,,,,,,,,,,,,,,,,,,,,,,,,,,,,,,,,,,,,,,,,,,,,,,,,,,,,,,,,,,,,,
PHLDA2,IGFL1,DNAJB5-DT,,ZNF844,,,,,,,,,,,,,,,,,,,,,,,,,,,,,,,,,,,,,,,,,,,,,,,,,,,,,,,,,,,,,,,,,,,,,,,,,,,,,,,,
ATG9B,PLSCR1,EBLN3P,,MIR503HG,,,,,,,,,,,,,,,,,,,,,,,,,,,,,,,,,,,,,,,,,,,,,,,,,,,,,,,,,,,,,,,,,,,,,,,,,,,,,,,,
PLAG1,GTF2F2,LINC01002,,LINC00205,,,,,,,,,,,,,,,,,,,,,,,,,,,,,,,,,,,,,,,,,,,,,,,,,,,,,,,,,,,,,,,,,,,,,,,,,,,,,,,,
GPR3,FOCAD,AL627171.2,,AC009506.1,,,,,,,,,,,,,,,,,,,,,,,,,,,,,,,,,,,,,,,,,,,,,,,,,,,,,,,,,,,,,,,,,,,,,,,,,,,,,,,,
ZNF329,ZP3,AC004706.3,,ADM5,,,,,,,,,,,,,,,,,,,,,,,,,,,,,,,,,,,,,,,,,,,,,,,,,,,,,,,,,,,,,,,,,,,,,,,,,,,,,,,,
CHST15,C10orf99,PCBP2-OT1,,ATXN1L,,,,,,,,,,,,,,,,,,,,,,,,,,,,,,,,,,,,,,,,,,,,,,,,,,,,,,,,,,,,,,,,,,,,,,,,,,,,,,,,
TMEM259,CLEC2A,IQCJ-SCHIP1,,AL451042.1,,,,,,,,,,,,,,,,,,,,,,,,,,,,,,,,,,,,,,,,,,,,,,,,,,,,,,,,,,,,,,,,,,,,,,,,,,,,,,,,
IST1,BLOC1S5,AL139424.2,,SH3BP5-AS1,,,,,,,,,,,,,,,,,,,,,,,,,,,,,,,,,,,,,,,,,,,,,,,,,,,,,,,,,,,,,,,,,,,,,,,,,,,,,,,,
ERCC6L2,NCCRP1,AC016831.7,,AC005534.1,,,,,,,,,,,,,,,,,,,,,,,,,,,,,,,,,,,,,,,,,,,,,,,,,,,,,,,,,,,,,,,,,,,,,,,,,,,,,,,,
CYB5D1,KRTDAP,DINOL,,AC017002.1,,,,,,,,,,,,,,,,,,,,,,,,,,,,,,,,,,,,,,,,,,,,,,,,,,,,,,,,,,,,,,,,,,,,,,,,,,,,,,,,
DCAF4L1,CCDC9B,AL021155.5,,INE1,,,,,,,,,,,,,,,,,,,,,,,,,,,,,,,,,,,,,,,,,,,,,,,,,,,,,,,,,,,,,,,,,,,,,,,,,,,,,,,,
SPACA6,IGFL3,LINC02680,,AL603832.1,,,,,,,,,,,,,,,,,,,,,,,,,,,,,,,,,,,,,,,,,,,,,,,,,,,,,,,,,,,,,,,,,,,,,,,,,,,,,,,,
KCNJ14,S100A16,AL162458.1,,GRTP1-AS1,,,,,,,,,,,,,,,,,,,,,,,,,,,,,,,,,,,,,,,,,,,,,,,,,,,,,,,,,,,,,,,,,,,,,,,,,,,,,,,,
FBXL6,UROS,AC084864.2,,AL021707.1,,,,,,,,,,,,,,,,,,,,,,,,,,,,,,,,,,,,,,,,,,,,,,,,,,,,,,,,,,,,,,,,,,,,,,,,,,,,,,,,
C1S,RPL14,HIST1H3B,,NCBP2-AS1,,,,,,,,,,,,,,,,,,,,,,,,,,,,,,,,,,,,,,,,,,,,,,,,,,,,,,,,,,,,,,,,,,,,,,,,,,,,,,,,
PLCXD1,GJB3,AC104304.3,,LINC02158,,,,,,,,,,,,,,,,,,,,,,,,,,,,,,,,,,,,,,,,,,,,,,,,,,,,,,,,,,,,,,,,,,,,,,,,,,,,,,,,
IFNL1,NELFB,AC008766.1,,SLC26A6,,,,,,,,,,,,,,,,,,,,,,,,,,,,,,,,,,,,,,,,,,,,,,,,,,,,,,,,,,,,,,,,,,,,,,,,,,,,,,,,
NPLOC4,SBSN,AC135893.1,,FAM229A,,,,,,,,,,,,,,,,,,,,,,,,,,,,,,,,,,,,,,,,,,,,,,,,,,,,,,,,,,,,,,,,,,,,,,,,,,,,,,,,
TEX19,NDUFA4,AP000867.5,,LINC02816,,,,,,,,,,,,,,,,,,,,,,,,,,,,,,,,,,,,,,,,,,,,,,,,,,,,,,,,,,,,,,,,,,,,,,,,,,,,,,,,
CAPN12,ALKBH2,AC093928.1,,LINC00115,,,,,,,,,,,,,,,,,,,,,,,,,,,,,,,,,,,,,,,,,,,,,,,,,,,,,,,,,,,,,,,,,,,,,,,,,,,,,,,,
FES,RNF222,AC010624.5,,AL121574.1,,,,,,,,,,,,,,,,,,,,,,,,,,,,,,,,,,,,,,,,,,,,,,,,,,,,,,,,,,,,,,,,,,,,,,,,,,,,,,,,
SATB1,SP6,HIST1H3C,,LINC00685,,,,,,,,,,,,,,,,,,,,,,,,,,,,,,,,,,,,,,,,,,,,,,,,,,,,,,,,,,,,,,,,,,,,,,,,,,,,,,,,
MAFA,ZNF33A,AL512625.3,,CFLAR-AS1,,,,,,,,,,,,,,,,,,,,,,,,,,,,,,,,,,,,,,,,,,,,,,,,,,,,,,,,,,,,,,,,,,,,,,,,,,,,,,,,
C16orf72,KRT77,AL513303.1,,AC016831.1,,,,,,,,,,,,,,,,,,,,,,,,,,,,,,,,,,,,,,,,,,,,,,,,,,,,,,,,,,,,,,,,,,,,,,,,,,,,,,,,
GALNT9,GJB5,AC090617.10,,PARD3-AS1,,,,,,,,,,,,,,,,,,,,,,,,,,,,,,,,,,,,,,,,,,,,,,,,,,,,,,,,,,,,,,,,,,,,,,,,,,,,,,,,
RBM10,S100A14,BX323046.2,,TMEM185B,,,,,,,,,,,,,,,,,,,,,,,,,,,,,,,,,,,,,,,,,,,,,,,,,,,,,,,,,,,,,,,,,,,,,,,,,,,,,,,,
PRKCZ-AS1,GJB4,Z99127.4,,SRRM5,,,,,,,,,,,,,,,,,,,,,,,,,,,,,,,,,,,,,,,,,,,,,,,,,,,,,,,,,,,,,,,,,,,,,,,,,,,,,,,,
ZNF721,AKR1C3,AC132872.5,,DANCR,,,,,,,,,,,,,,,,,,,,,,,,,,,,,,,,,,,,,,,,,,,,,,,,,,,,,,,,,,,,,,,,,,,,,,,,,,,,,,,,
EWSR1,S100A4,AC006130.3,,LTA,,,,,,,,,,,,,,,,,,,,,,,,,,,,,,,,,,,,,,,,,,,,,,,,,,,,,,,,,,,,,,,,,,,,,,,,,,,,,,,,
GJC1,TUBB,AC253572.2,,LINC02094,,,,,,,,,,,,,,,,,,,,,,,,,,,,,,,,,,,,,,,,,,,,,,,,,,,,,,,,,,,,,,,,,,,,,,,,,,,,,,,,
AP2A2,PPIA,,,ST7-AS1,,,,,,,,,,,,,,,,,,,,,,,,,,,,,,,,,,,,,,,,,,,,,,,,,,,,,,,,,,,,,,,,,,,,,,,,,,,,,,,,
GAS6,NIF3L1,,,AKR1B15,,,,,,,,,,,,,,,,,,,,,,,,,,,,,,,,,,,,,,,,,,,,,,,,,,,,,,,,,,,,,,,,,,,,,,,,,,,,,,,,
BEGAIN,ASB13,,,SLC2A1-AS1,,,,,,,,,,,,,,,,,,,,,,,,,,,,,,,,,,,,,,,,,,,,,,,,,,,,,,,,,,,,,,,,,,,,,,,,,,,,,,,,
C2CD4C,THEM5,,,SPAG5-AS1,,,,,,,,,,,,,,,,,,,,,,,,,,,,,,,,,,,,,,,,,,,,,,,,,,,,,,,,,,,,,,,,,,,,,,,,,,,,,,,,
FHL3,EPHB4,,,LINC01068,,,,,,,,,,,,,,,,,,,,,,,,,,,,,,,,,,,,,,,,,,,,,,,,,,,,,,,,,,,,,,,,,,,,,,,,,,,,,,,,
C19orf71,XRCC6,,,LINC02803,,,,,,,,,,,,,,,,,,,,,,,,,,,,,,,,,,,,,,,,,,,,,,,,,,,,,,,,,,,,,,,,,,,,,,,,,,,,,,,,
CCDC159,MYO18A,,,AL121987.2,,,,,,,,,,,,,,,,,,,,,,,,,,,,,,,,,,,,,,,,,,,,,,,,,,,,,,,,,,,,,,,,,,,,,,,,,,,,,,,,
NPIPA1,SPTSSB,,,AC016596.1,,,,,,,,,,,,,,,,,,,,,,,,,,,,,,,,,,,,,,,,,,,,,,,,,,,,,,,,,,,,,,,,,,,,,,,,,,,,,,,,
EP400,BORCS6,,,AC007383.2,,,,,,,,,,,,,,,,,,,,,,,,,,,,,,,,,,,,,,,,,,,,,,,,,,,,,,,,,,,,,,,,,,,,,,,,,,,,,,,,
TENT5C,SULF2,,,AL451042.2,,,,,,,,,,,,,,,,,,,,,,,,,,,,,,,,,,,,,,,,,,,,,,,,,,,,,,,,,,,,,,,,,,,,,,,,,,,,,,,,
SERHL2,SDHAF3,,,IL6R-AS1,,,,,,,,,,,,,,,,,,,,,,,,,,,,,,,,,,,,,,,,,,,,,,,,,,,,,,,,,,,,,,,,,,,,,,,,,,,,,,,,
HIST2H3D,RABL6,,,AL139246.3,,,,,,,,,,,,,,,,,,,,,,,,,,,,,,,,,,,,,,,,,,,,,,,,,,,,,,,,,,,,,,,,,,,,,,,,,,,,,,,,
FAM167B,TOMM7,,,AP000692.1,,,,,,,,,,,,,,,,,,,,,,,,,,,,,,,,,,,,,,,,,,,,,,,,,,,,,,,,,,,,,,,,,,,,,,,,,,,,,,,,
KLHL25,AMZ2,,,MELTF-AS1,,,,,,,,,,,,,,,,,,,,,,,,,,,,,,,,,,,,,,,,,,,,,,,,,,,,,,,,,,,,,,,,,,,,,,,,,,,,,,,,
UPP1,GM2A,,,FALEC,,,,,,,,,,,,,,,,,,,,,,,,,,,,,,,,,,,,,,,,,,,,,,,,,,,,,,,,,,,,,,,,,,,,,,,,,,,,,,,,
IFNL2,S100A2,,,AC099684.1,,,,,,,,,,,,,,,,,,,,,,,,,,,,,,,,,,,,,,,,,,,,,,,,,,,,,,,,,,,,,,,,,,,,,,,,,,,,,,,,
TRIM52,CD47,,,AC093495.1,,,,,,,,,,,,,,,,,,,,,,,,,,,,,,,,,,,,,,,,,,,,,,,,,,,,,,,,,,,,,,,,,,,,,,,,,,,,,,,,
CBX6,ANXA4,,,AL450322.1,,,,,,,,,,,,,,,,,,,,,,,,,,,,,,,,,,,,,,,,,,,,,,,,,,,,,,,,,,,,,,,,,,,,,,,,,,,,,,,,
ACP7,LAGE3,,,LINC01004,,,,,,,,,,,,,,,,,,,,,,,,,,,,,,,,,,,,,,,,,,,,,,,,,,,,,,,,,,,,,,,,,,,,,,,,,,,,,,,,
NUDT14,METTL9,,,AL139260.1,,,,,,,,,,,,,,,,,,,,,,,,,,,,,,,,,,,,,,,,,,,,,,,,,,,,,,,,,,,,,,,,,,,,,,,,,,,,,,,,
KIRREL1,CYSRT1,,,AL513550.1,,,,,,,,,,,,,,,,,,,,,,,,,,,,,,,,,,,,,,,,,,,,,,,,,,,,,,,,,,,,,,,,,,,,,,,,,,,,,,,,
TTC32,TBC1D9B,,,BX284668.2,,,,,,,,,,,,,,,,,,,,,,,,,,,,,,,,,,,,,,,,,,,,,,,,,,,,,,,,,,,,,,,,,,,,,,,,,,,,,,,,
KMT5A,GTF2E2,,,AL691426.1,,,,,,,,,,,,,,,,,,,,,,,,,,,,,,,,,,,,,,,,,,,,,,,,,,,,,,,,,,,,,,,,,,,,,,,,,,,,,,,,
SMTN,FITM2,,,AC008781.1,,,,,,,,,,,,,,,,,,,,,,,,,,,,,,,,,,,,,,,,,,,,,,,,,,,,,,,,,,,,,,,,,,,,,,,,,,,,,,,,
DENND5A,DDI2,,,BACH1-IT2,,,,,,,,,,,,,,,,,,,,,,,,,,,,,,,,,,,,,,,,,,,,,,,,,,,,,,,,,,,,,,,,,,,,,,,,,,,,,,,,
DIABLO,ZNF786,,,HYI-AS1,,,,,,,,,,,,,,,,,,,,,,,,,,,,,,,,,,,,,,,,,,,,,,,,,,,,,,,,,,,,,,,,,,,,,,,,,,,,,,,,
C1QTNF12,HTT,,,LINC00452,,,,,,,,,,,,,,,,,,,,,,,,,,,,,,,,,,,,,,,,,,,,,,,,,,,,,,,,,,,,,,,,,,,,,,,,,,,,,,,,
TSPYL2,IPP,,,AL359853.1,,,,,,,,,,,,,,,,,,,,,,,,,,,,,,,,,,,,,,,,,,,,,,,,,,,,,,,,,,,,,,,,,,,,,,,,,,,,,,,,
OAF,MAP3K5,,,AC006017.1,,,,,,,,,,,,,,,,,,,,,,,,,,,,,,,,,,,,,,,,,,,,,,,,,,,,,,,,,,,,,,,,,,,,,,,,,,,,,,,,
HIST2H2AC,GSTK1,,,AL021707.3,,,,,,,,,,,,,,,,,,,,,,,,,,,,,,,,,,,,,,,,,,,,,,,,,,,,,,,,,,,,,,,,,,,,,,,,,,,,,,,,
HIST2H2AB,SLC28A3,,,LINC01786,,,,,,,,,,,,,,,,,,,,,,,,,,,,,,,,,,,,,,,,,,,,,,,,,,,,,,,,,,,,,,,,,,,,,,,,,,,,,,,,
TM2D3,MFAP5,,,U73166.1,,,,,,,,,,,,,,,,,,,,,,,,,,,,,,,,,,,,,,,,,,,,,,,,,,,,,,,,,,,,,,,,,,,,,,,,,,,,,,,,
TSSC4,CDC42SE1,,,AC124057.1,,,,,,,,,,,,,,,,,,,,,,,,,,,,,,,,,,,,,,,,,,,,,,,,,,,,,,,,,,,,,,,,,,,,,,,,,,,,,,,,
ZDHHC23,SERPINB13,,,AC091133.1,,,,,,,,,,,,,,,,,,,,,,,,,,,,,,,,,,,,,,,,,,,,,,,,,,,,,,,,,,,,,,,,,,,,,,,,,,,,,,,,
HIST1H1B,FAM114A1,,,AC016949.1,,,,,,,,,,,,,,,,,,,,,,,,,,,,,,,,,,,,,,,,,,,,,,,,,,,,,,,,,,,,,,,,,,,,,,,,,,,,,,,,
MAP7D2,RPE,,,ZNF341-AS1,,,,,,,,,,,,,,,,,,,,,,,,,,,,,,,,,,,,,,,,,,,,,,,,,,,,,,,,,,,,,,,,,,,,,,,,,,,,,,,,
CSF1,RPS26,,,AC005532.1,,,,,,,,,,,,,,,,,,,,,,,,,,,,,,,,,,,,,,,,,,,,,,,,,,,,,,,,,,,,,,,,,,,,,,,,,,,,,,,,
ACTRT3,PSAP,,,ZNF674-AS1,,,,,,,,,,,,,,,,,,,,,,,,,,,,,,,,,,,,,,,,,,,,,,,,,,,,,,,,,,,,,,,,,,,,,,,,,,,,,,,,
PLA2G6,S100A10,,,AF129075.1,,,,,,,,,,,,,,,,,,,,,,,,,,,,,,,,,,,,,,,,,,,,,,,,,,,,,,,,,,,,,,,,,,,,,,,,,,,,,,,,
SS18L1,RPL37A,,,FARP1-AS1,,,,,,,,,,,,,,,,,,,,,,,,,,,,,,,,,,,,,,,,,,,,,,,,,,,,,,,,,,,,,,,,,,,,,,,,,,,,,,,,
NCMAP,TXNRD3,,,APCDD1L-DT,,,,,,,,,,,,,,,,,,,,,,,,,,,,,,,,,,,,,,,,,,,,,,,,,,,,,,,,,,,,,,,,,,,,,,,,,,,,,,,,
DUSP8,MCMBP,,,LINC01160,,,,,,,,,,,,,,,,,,,,,,,,,,,,,,,,,,,,,,,,,,,,,,,,,,,,,,,,,,,,,,,,,,,,,,,,,,,,,,,,
SOCS3,GPAA1,,,WARS2-AS1,,,,,,,,,,,,,,,,,,,,,,,,,,,,,,,,,,,,,,,,,,,,,,,,,,,,,,,,,,,,,,,,,,,,,,,,,,,,,,,,
SPEM2,ADH5,,,LUARIS,,,,,,,,,,,,,,,,,,,,,,,,,,,,,,,,,,,,,,,,,,,,,,,,,,,,,,,,,,,,,,,,,,,,,,,,,,,,,,,,
KRBA2,HES5,,,TMEM44-AS1,,,,,,,,,,,,,,,,,,,,,,,,,,,,,,,,,,,,,,,,,,,,,,,,,,,,,,,,,,,,,,,,,,,,,,,,,,,,,,,,
MED12,ERO1A,,,KF459542.1,,,,,,,,,,,,,,,,,,,,,,,,,,,,,,,,,,,,,,,,,,,,,,,,,,,,,,,,,,,,,,,,,,,,,,,,,,,,,,,,
ZBTB40,S100A6,,,LINC02818,,,,,,,,,,,,,,,,,,,,,,,,,,,,,,,,,,,,,,,,,,,,,,,,,,,,,,,,,,,,,,,,,,,,,,,,,,,,,,,,
HIST2H2BE,RPL12,,,AL355490.2,,,,,,,,,,,,,,,,,,,,,,,,,,,,,,,,,,,,,,,,,,,,,,,,,,,,,,,,,,,,,,,,,,,,,,,,,,,,,,,,
CLDN6,C1orf122,,,LINC01807,,,,,,,,,,,,,,,,,,,,,,,,,,,,,,,,,,,,,,,,,,,,,,,,,,,,,,,,,,,,,,,,,,,,,,,,,,,,,,,,
SERINC4,RPS4X,,,TMEM253,,,,,,,,,,,,,,,,,,,,,,,,,,,,,,,,,,,,,,,,,,,,,,,,,,,,,,,,,,,,,,,,,,,,,,,,,,,,,,,,
FAM110C,AKR1B10,,,AL121601.1,,,,,,,,,,,,,,,,,,,,,,,,,,,,,,,,,,,,,,,,,,,,,,,,,,,,,,,,,,,,,,,,,,,,,,,,,,,,,,,,
TCTE3,TOR4A,,,AC093673.1,,,,,,,,,,,,,,,,,,,,,,,,,,,,,,,,,,,,,,,,,,,,,,,,,,,,,,,,,,,,,,,,,,,,,,,,,,,,,,,,
RBM33,ZNF770,,,IDI2-AS1,,,,,,,,,,,,,,,,,,,,,,,,,,,,,,,,,,,,,,,,,,,,,,,,,,,,,,,,,,,,,,,,,,,,,,,,,,,,,,,,
H1FX,DDRGK1,,,ZNF687-AS1,,,,,,,,,,,,,,,,,,,,,,,,,,,,,,,,,,,,,,,,,,,,,,,,,,,,,,,,,,,,,,,,,,,,,,,,,,,,,,,,
JAG2,TFDP1,,,TNF,,,,,,,,,,,,,,,,,,,,,,,,,,,,,,,,,,,,,,,,,,,,,,,,,,,,,,,,,,,,,,,,,,,,,,,,,,,,,,,,
TMEM106A,RPL23A,,,LMLN-AS1,,,,,,,,,,,,,,,,,,,,,,,,,,,,,,,,,,,,,,,,,,,,,,,,,,,,,,,,,,,,,,,,,,,,,,,,,,,,,,,,
CA13,UBL5,,,LINC00342,,,,,,,,,,,,,,,,,,,,,,,,,,,,,,,,,,,,,,,,,,,,,,,,,,,,,,,,,,,,,,,,,,,,,,,,,,,,,,,,
MAFF,SH3BGRL2,,,SNHG7,,,,,,,,,,,,,,,,,,,,,,,,,,,,,,,,,,,,,,,,,,,,,,,,,,,,,,,,,,,,,,,,,,,,,,,,,,,,,,,,
NELFA,ANKRD35,,,AC243772.2,,,,,,,,,,,,,,,,,,,,,,,,,,,,,,,,,,,,,,,,,,,,,,,,,,,,,,,,,,,,,,,,,,,,,,,,,,,,,,,,
C6orf120,TMA16,,,ERVH48-1,,,,,,,,,,,,,,,,,,,,,,,,,,,,,,,,,,,,,,,,,,,,,,,,,,,,,,,,,,,,,,,,,,,,,,,,,,,,,,,,
HIST1H2BL,LRBA,,,AL663074.1,,,,,,,,,,,,,,,,,,,,,,,,,,,,,,,,,,,,,,,,,,,,,,,,,,,,,,,,,,,,,,,,,,,,,,,,,,,,,,,,
INPP5J,STK39,,,AC079807.1,,,,,,,,,,,,,,,,,,,,,,,,,,,,,,,,,,,,,,,,,,,,,,,,,,,,,,,,,,,,,,,,,,,,,,,,,,,,,,,,
LRRC37B,TTC37,,,AC233728.1,,,,,,,,,,,,,,,,,,,,,,,,,,,,,,,,,,,,,,,,,,,,,,,,,,,,,,,,,,,,,,,,,,,,,,,,,,,,,,,,
IFITM2,GLMP,,,LINC01783,,,,,,,,,,,,,,,,,,,,,,,,,,,,,,,,,,,,,,,,,,,,,,,,,,,,,,,,,,,,,,,,,,,,,,,,,,,,,,,,
PRPF39,ECI2,,,HOTAIRM1,,,,,,,,,,,,,,,,,,,,,,,,,,,,,,,,,,,,,,,,,,,,,,,,,,,,,,,,,,,,,,,,,,,,,,,,,,,,,,,,
SOCS1,PPP1R14C,,,LINC00513,,,,,,,,,,,,,,,,,,,,,,,,,,,,,,,,,,,,,,,,,,,,,,,,,,,,,,,,,,,,,,,,,,,,,,,,,,,,,,,,
HGS,MSRB1,,,AC139887.1,,,,,,,,,,,,,,,,,,,,,,,,,,,,,,,,,,,,,,,,,,,,,,,,,,,,,,,,,,,,,,,,,,,,,,,,,,,,,,,,
MAPK11,RPL10A,,,KRTAP5-AS1,,,,,,,,,,,,,,,,,,,,,,,,,,,,,,,,,,,,,,,,,,,,,,,,,,,,,,,,,,,,,,,,,,,,,,,,,,,,,,,,
TARSL2,UBE2J1,,,AC008443.1,,,,,,,,,,,,,,,,,,,,,,,,,,,,,,,,,,,,,,,,,,,,,,,,,,,,,,,,,,,,,,,,,,,,,,,,,,,,,,,,
IRF7,OSTC,,,LINC01191,,,,,,,,,,,,,,,,,,,,,,,,,,,,,,,,,,,,,,,,,,,,,,,,,,,,,,,,,,,,,,,,,,,,,,,,,,,,,,,,
PDE6G,TSEN15,,,MAGI2-AS3,,,,,,,,,,,,,,,,,,,,,,,,,,,,,,,,,,,,,,,,,,,,,,,,,,,,,,,,,,,,,,,,,,,,,,,,,,,,,,,,
TLCD2,PRMT6,,,FAM133B,,,,,,,,,,,,,,,,,,,,,,,,,,,,,,,,,,,,,,,,,,,,,,,,,,,,,,,,,,,,,,,,,,,,,,,,,,,,,,,,
SP1,CIPC,,,LINC02092,,,,,,,,,,,,,,,,,,,,,,,,,,,,,,,,,,,,,,,,,,,,,,,,,,,,,,,,,,,,,,,,,,,,,,,,,,,,,,,,
BRWD1,APRT,,,HLA-B,,,,,,,,,,,,,,,,,,,,,,,,,,,,,,,,,,,,,,,,,,,,,,,,,,,,,,,,,,,,,,,,,,,,,,,,,,,,,,,,
SNAI3,CCDC167,,,AL611929.1,,,,,,,,,,,,,,,,,,,,,,,,,,,,,,,,,,,,,,,,,,,,,,,,,,,,,,,,,,,,,,,,,,,,,,,,,,,,,,,,
MOSMO,NAGA,,,C11orf94,,,,,,,,,,,,,,,,,,,,,,,,,,,,,,,,,,,,,,,,,,,,,,,,,,,,,,,,,,,,,,,,,,,,,,,,,,,,,,,,
YTHDF3,KIF1BP,,,SNHG20,,,,,,,,,,,,,,,,,,,,,,,,,,,,,,,,,,,,,,,,,,,,,,,,,,,,,,,,,,,,,,,,,,,,,,,,,,,,,,,,
SRL,IQANK1,,,AL360181.2,,,,,,,,,,,,,,,,,,,,,,,,,,,,,,,,,,,,,,,,,,,,,,,,,,,,,,,,,,,,,,,,,,,,,,,,,,,,,,,,
ADAMTSL5,COX20,,,AL020993.1,,,,,,,,,,,,,,,,,,,,,,,,,,,,,,,,,,,,,,,,,,,,,,,,,,,,,,,,,,,,,,,,,,,,,,,,,,,,,,,,
DMWD,RAET1G,,,KDM5C-IT1,,,,,,,,,,,,,,,,,,,,,,,,,,,,,,,,,,,,,,,,,,,,,,,,,,,,,,,,,,,,,,,,,,,,,,,,,,,,,,,,
NPIPB4,CENPW,,,LINC02154,,,,,,,,,,,,,,,,,,,,,,,,,,,,,,,,,,,,,,,,,,,,,,,,,,,,,,,,,,,,,,,,,,,,,,,,,,,,,,,,
TRIM69,PRR9,,,LINC01278,,,,,,,,,,,,,,,,,,,,,,,,,,,,,,,,,,,,,,,,,,,,,,,,,,,,,,,,,,,,,,,,,,,,,,,,,,,,,,,,
ATP6V0C,PNLIPRP3,,,LURAP1L-AS1,,,,,,,,,,,,,,,,,,,,,,,,,,,,,,,,,,,,,,,,,,,,,,,,,,,,,,,,,,,,,,,,,,,,,,,,,,,,,,,,
ZNF267,RTL8A,,,AC073046.1,,,,,,,,,,,,,,,,,,,,,,,,,,,,,,,,,,,,,,,,,,,,,,,,,,,,,,,,,,,,,,,,,,,,,,,,,,,,,,,,
IRS2,LIPK,,,AC090952.1,,,,,,,,,,,,,,,,,,,,,,,,,,,,,,,,,,,,,,,,,,,,,,,,,,,,,,,,,,,,,,,,,,,,,,,,,,,,,,,,
C7orf61,PFDN6,,,LINC01647,,,,,,,,,,,,,,,,,,,,,,,,,,,,,,,,,,,,,,,,,,,,,,,,,,,,,,,,,,,,,,,,,,,,,,,,,,,,,,,,
LCE3E,HSD17B8,,,OLMALINC,,,,,,,,,,,,,,,,,,,,,,,,,,,,,,,,,,,,,,,,,,,,,,,,,,,,,,,,,,,,,,,,,,,,,,,,,,,,,,,,
LRCH3,COL5A2,,,AC005540.1,,,,,,,,,,,,,,,,,,,,,,,,,,,,,,,,,,,,,,,,,,,,,,,,,,,,,,,,,,,,,,,,,,,,,,,,,,,,,,,,
MATN1-AS1,NBDY,,,ASH1L-AS1,,,,,,,,,,,,,,,,,,,,,,,,,,,,,,,,,,,,,,,,,,,,,,,,,,,,,,,,,,,,,,,,,,,,,,,,,,,,,,,,
POLR3C,FKBPL,,,LCE6A,,,,,,,,,,,,,,,,,,,,,,,,,,,,,,,,,,,,,,,,,,,,,,,,,,,,,,,,,,,,,,,,,,,,,,,,,,,,,,,,
CCDC84,NELFE,,,EGOT,,,,,,,,,,,,,,,,,,,,,,,,,,,,,,,,,,,,,,,,,,,,,,,,,,,,,,,,,,,,,,,,,,,,,,,,,,,,,,,,
POLR1D,LSM2,,,TTC28-AS1,,,,,,,,,,,,,,,,,,,,,,,,,,,,,,,,,,,,,,,,,,,,,,,,,,,,,,,,,,,,,,,,,,,,,,,,,,,,,,,,
ZNF555,RACK1,,,AC019117.1,,,,,,,,,,,,,,,,,,,,,,,,,,,,,,,,,,,,,,,,,,,,,,,,,,,,,,,,,,,,,,,,,,,,,,,,,,,,,,,,
NAP1L3,DCTN1,,,AC009404.1,,,,,,,,,,,,,,,,,,,,,,,,,,,,,,,,,,,,,,,,,,,,,,,,,,,,,,,,,,,,,,,,,,,,,,,,,,,,,,,,
ANKRD37,IGFL2,,,DIAPH2-AS1,,,,,,,,,,,,,,,,,,,,,,,,,,,,,,,,,,,,,,,,,,,,,,,,,,,,,,,,,,,,,,,,,,,,,,,,,,,,,,,,
NUDT17,MZT1,,,UBE2L5,,,,,,,,,,,,,,,,,,,,,,,,,,,,,,,,,,,,,,,,,,,,,,,,,,,,,,,,,,,,,,,,,,,,,,,,,,,,,,,,
KPNA4,UQCC3,,,AC003092.1,,,,,,,,,,,,,,,,,,,,,,,,,,,,,,,,,,,,,,,,,,,,,,,,,,,,,,,,,,,,,,,,,,,,,,,,,,,,,,,,
NAP1L2,LGALS7,,,AC007666.1,,,,,,,,,,,,,,,,,,,,,,,,,,,,,,,,,,,,,,,,,,,,,,,,,,,,,,,,,,,,,,,,,,,,,,,,,,,,,,,,
INSIG1,SDHAF1,,,MIR600HG,,,,,,,,,,,,,,,,,,,,,,,,,,,,,,,,,,,,,,,,,,,,,,,,,,,,,,,,,,,,,,,,,,,,,,,,,,,,,,,,
GPATCH8,PSENEN,,,ZBTB40-IT1,,,,,,,,,,,,,,,,,,,,,,,,,,,,,,,,,,,,,,,,,,,,,,,,,,,,,,,,,,,,,,,,,,,,,,,,,,,,,,,,
CEACAM19,LGR4,,,RNF223,,,,,,,,,,,,,,,,,,,,,,,,,,,,,,,,,,,,,,,,,,,,,,,,,,,,,,,,,,,,,,,,,,,,,,,,,,,,,,,,
UBE2H,ADGRG1,,,FTCD-AS1,,,,,,,,,,,,,,,,,,,,,,,,,,,,,,,,,,,,,,,,,,,,,,,,,,,,,,,,,,,,,,,,,,,,,,,,,,,,,,,,
MIR22HG,SAMD9,,,PITRM1-AS1,,,,,,,,,,,,,,,,,,,,,,,,,,,,,,,,,,,,,,,,,,,,,,,,,,,,,,,,,,,,,,,,,,,,,,,,,,,,,,,,
ZFP91,KRT6A,,,AL138828.1,,,,,,,,,,,,,,,,,,,,,,,,,,,,,,,,,,,,,,,,,,,,,,,,,,,,,,,,,,,,,,,,,,,,,,,,,,,,,,,,
ZSCAN30,CALML3-AS1,,,AC023669.2,,,,,,,,,,,,,,,,,,,,,,,,,,,,,,,,,,,,,,,,,,,,,,,,,,,,,,,,,,,,,,,,,,,,,,,,,,,,,,,,
LCE1A,TMSB4X,,,AL356356.1,,,,,,,,,,,,,,,,,,,,,,,,,,,,,,,,,,,,,,,,,,,,,,,,,,,,,,,,,,,,,,,,,,,,,,,,,,,,,,,,
POFUT2,TMEM256,,,LINC01589,,,,,,,,,,,,,,,,,,,,,,,,,,,,,,,,,,,,,,,,,,,,,,,,,,,,,,,,,,,,,,,,,,,,,,,,,,,,,,,,
RTN4RL2,LCMT1,,,LINC00707,,,,,,,,,,,,,,,,,,,,,,,,,,,,,,,,,,,,,,,,,,,,,,,,,,,,,,,,,,,,,,,,,,,,,,,,,,,,,,,,
ZDHHC17,ETFRF1,,,RNF103,,,,,,,,,,,,,,,,,,,,,,,,,,,,,,,,,,,,,,,,,,,,,,,,,,,,,,,,,,,,,,,,,,,,,,,,,,,,,,,,
AKR1C1,PLPP6,,,ALKBH6,,,,,,,,,,,,,,,,,,,,,,,,,,,,,,,,,,,,,,,,,,,,,,,,,,,,,,,,,,,,,,,,,,,,,,,,,,,,,,,,
ZNF546,NYNRIN,,,KMT2E-AS1,,,,,,,,,,,,,,,,,,,,,,,,,,,,,,,,,,,,,,,,,,,,,,,,,,,,,,,,,,,,,,,,,,,,,,,,,,,,,,,,
TSPYL4,DNAJC19,,,PSMD6-AS2,,,,,,,,,,,,,,,,,,,,,,,,,,,,,,,,,,,,,,,,,,,,,,,,,,,,,,,,,,,,,,,,,,,,,,,,,,,,,,,,
LCE2D,SERPINB4,,,AL157392.3,,,,,,,,,,,,,,,,,,,,,,,,,,,,,,,,,,,,,,,,,,,,,,,,,,,,,,,,,,,,,,,,,,,,,,,,,,,,,,,,
HIST1H1T,SERPINB5,,,CDRT4,,,,,,,,,,,,,,,,,,,,,,,,,,,,,,,,,,,,,,,,,,,,,,,,,,,,,,,,,,,,,,,,,,,,,,,,,,,,,,,,
C11orf96,RAB12,,,GET4,,,,,,,,,,,,,,,,,,,,,,,,,,,,,,,,,,,,,,,,,,,,,,,,,,,,,,,,,,,,,,,,,,,,,,,,,,,,,,,,
PTMA,HACD2,,,LY6G5B,,,,,,,,,,,,,,,,,,,,,,,,,,,,,,,,,,,,,,,,,,,,,,,,,,,,,,,,,,,,,,,,,,,,,,,,,,,,,,,,
SIRT7,GPX3,,,LCE1F,,,,,,,,,,,,,,,,,,,,,,,,,,,,,,,,,,,,,,,,,,,,,,,,,,,,,,,,,,,,,,,,,,,,,,,,,,,,,,,,
USP7,SELENOH,,,LINC00973,,,,,,,,,,,,,,,,,,,,,,,,,,,,,,,,,,,,,,,,,,,,,,,,,,,,,,,,,,,,,,,,,,,,,,,,,,,,,,,,
NANOS3,RTL8B,,,LINC01168,,,,,,,,,,,,,,,,,,,,,,,,,,,,,,,,,,,,,,,,,,,,,,,,,,,,,,,,,,,,,,,,,,,,,,,,,,,,,,,,
TET3,TCTEX1D2,,,AL139287.1,,,,,,,,,,,,,,,,,,,,,,,,,,,,,,,,,,,,,,,,,,,,,,,,,,,,,,,,,,,,,,,,,,,,,,,,,,,,,,,,
ZNF286A,MLLT11,,,ARHGEF25,,,,,,,,,,,,,,,,,,,,,,,,,,,,,,,,,,,,,,,,,,,,,,,,,,,,,,,,,,,,,,,,,,,,,,,,,,,,,,,,
DNAH17,ARL2,,,NDUFB2-AS1,,,,,,,,,,,,,,,,,,,,,,,,,,,,,,,,,,,,,,,,,,,,,,,,,,,,,,,,,,,,,,,,,,,,,,,,,,,,,,,,
CARD9,STIMATE,,,HLA-DOB,,,,,,,,,,,,,,,,,,,,,,,,,,,,,,,,,,,,,,,,,,,,,,,,,,,,,,,,,,,,,,,,,,,,,,,,,,,,,,,,
HIST1H1C,VDAC1,,,CRCP,,,,,,,,,,,,,,,,,,,,,,,,,,,,,,,,,,,,,,,,,,,,,,,,,,,,,,,,,,,,,,,,,,,,,,,,,,,,,,,,
CLEC17A,LEPROT,,,C8orf58,,,,,,,,,,,,,,,,,,,,,,,,,,,,,,,,,,,,,,,,,,,,,,,,,,,,,,,,,,,,,,,,,,,,,,,,,,,,,,,,
LCN10,NCKIPSD,,,PISD,,,,,,,,,,,,,,,,,,,,,,,,,,,,,,,,,,,,,,,,,,,,,,,,,,,,,,,,,,,,,,,,,,,,,,,,,,,,,,,,
CYHR1,SLC35F6,,,PI4KA,,,,,,,,,,,,,,,,,,,,,,,,,,,,,,,,,,,,,,,,,,,,,,,,,,,,,,,,,,,,,,,,,,,,,,,,,,,,,,,,
C11orf95,RPS29,,,HYPK,,,,,,,,,,,,,,,,,,,,,,,,,,,,,,,,,,,,,,,,,,,,,,,,,,,,,,,,,,,,,,,,,,,,,,,,,,,,,,,,
SCGB1C1,EMP2,,,PEG10,,,,,,,,,,,,,,,,,,,,,,,,,,,,,,,,,,,,,,,,,,,,,,,,,,,,,,,,,,,,,,,,,,,,,,,,,,,,,,,,
AGRN,LTB4R,,,CNTF,,,,,,,,,,,,,,,,,,,,,,,,,,,,,,,,,,,,,,,,,,,,,,,,,,,,,,,,,,,,,,,,,,,,,,,,,,,,,,,,
NHS,NUDT19,,,RTL5,,,,,,,,,,,,,,,,,,,,,,,,,,,,,,,,,,,,,,,,,,,,,,,,,,,,,,,,,,,,,,,,,,,,,,,,,,,,,,,,
NCR3LG1,TAX1BP3,,,AP5Z1,,,,,,,,,,,,,,,,,,,,,,,,,,,,,,,,,,,,,,,,,,,,,,,,,,,,,,,,,,,,,,,,,,,,,,,,,,,,,,,,
DCUN1D3,MYCBP,,,AC110769.1,,,,,,,,,,,,,,,,,,,,,,,,,,,,,,,,,,,,,,,,,,,,,,,,,,,,,,,,,,,,,,,,,,,,,,,,,,,,,,,,
TUBB4B,ALG3,,,KCTD7,,,,,,,,,,,,,,,,,,,,,,,,,,,,,,,,,,,,,,,,,,,,,,,,,,,,,,,,,,,,,,,,,,,,,,,,,,,,,,,,
HES4,SMIM30,,,NPIPB5,,,,,,,,,,,,,,,,,,,,,,,,,,,,,,,,,,,,,,,,,,,,,,,,,,,,,,,,,,,,,,,,,,,,,,,,,,,,,,,,
ZNF669,KANSL1-AS1,,,TTC4,,,,,,,,,,,,,,,,,,,,,,,,,,,,,,,,,,,,,,,,,,,,,,,,,,,,,,,,,,,,,,,,,,,,,,,,,,,,,,,,
PRR19,TOMM6,,,RN7SL832P,,,,,,,,,,,,,,,,,,,,,,,,,,,,,,,,,,,,,,,,,,,,,,,,,,,,,,,,,,,,,,,,,,,,,,,,,,,,,,,,
H2AFX,ARHGEF28,,,MRPS6,,,,,,,,,,,,,,,,,,,,,,,,,,,,,,,,,,,,,,,,,,,,,,,,,,,,,,,,,,,,,,,,,,,,,,,,,,,,,,,,
C19orf54,RTL10,,,AL390195.1,,,,,,,,,,,,,,,,,,,,,,,,,,,,,,,,,,,,,,,,,,,,,,,,,,,,,,,,,,,,,,,,,,,,,,,,,,,,,,,,
FAM83G,PHB2,,,P2RY11,,,,,,,,,,,,,,,,,,,,,,,,,,,,,,,,,,,,,,,,,,,,,,,,,,,,,,,,,,,,,,,,,,,,,,,,,,,,,,,,
AC010969.1,AATBC,,,ETV5,,,,,,,,,,,,,,,,,,,,,,,,,,,,,,,,,,,,,,,,,,,,,,,,,,,,,,,,,,,,,,,,,,,,,,,,,,,,,,,,
SRSF10,TSTD1,,,RBM12,,,,,,,,,,,,,,,,,,,,,,,,,,,,,,,,,,,,,,,,,,,,,,,,,,,,,,,,,,,,,,,,,,,,,,,,,,,,,,,,
DUSP28,IFI30,,,AL021707.5,,,,,,,,,,,,,,,,,,,,,,,,,,,,,,,,,,,,,,,,,,,,,,,,,,,,,,,,,,,,,,,,,,,,,,,,,,,,,,,,
NDOR1,CKLF,,,N4BP2L2,,,,,,,,,,,,,,,,,,,,,,,,,,,,,,,,,,,,,,,,,,,,,,,,,,,,,,,,,,,,,,,,,,,,,,,,,,,,,,,,
FBLL1,CEBPZOS,,,AC107959.1,,,,,,,,,,,,,,,,,,,,,,,,,,,,,,,,,,,,,,,,,,,,,,,,,,,,,,,,,,,,,,,,,,,,,,,,,,,,,,,,
PTAR1,CEBPD,,,AC008393.1,,,,,,,,,,,,,,,,,,,,,,,,,,,,,,,,,,,,,,,,,,,,,,,,,,,,,,,,,,,,,,,,,,,,,,,,,,,,,,,,
SPRED3,UBA52,,,LINC02709,,,,,,,,,,,,,,,,,,,,,,,,,,,,,,,,,,,,,,,,,,,,,,,,,,,,,,,,,,,,,,,,,,,,,,,,,,,,,,,,
ZDHHC11,PPT2,,,NEAT1,,,,,,,,,,,,,,,,,,,,,,,,,,,,,,,,,,,,,,,,,,,,,,,,,,,,,,,,,,,,,,,,,,,,,,,,,,,,,,,,
BEND4,CKMT1A,,,CRNDE,,,,,,,,,,,,,,,,,,,,,,,,,,,,,,,,,,,,,,,,,,,,,,,,,,,,,,,,,,,,,,,,,,,,,,,,,,,,,,,,
FAM120AOS,CPTP,,,AC016065.1,,,,,,,,,,,,,,,,,,,,,,,,,,,,,,,,,,,,,,,,,,,,,,,,,,,,,,,,,,,,,,,,,,,,,,,,,,,,,,,,
LRRC66,LINC01133,,,AC107959.2,,,,,,,,,,,,,,,,,,,,,,,,,,,,,,,,,,,,,,,,,,,,,,,,,,,,,,,,,,,,,,,,,,,,,,,,,,,,,,,,
ZNF292,NDUFAF8,,,AL049543.1,,,,,,,,,,,,,,,,,,,,,,,,,,,,,,,,,,,,,,,,,,,,,,,,,,,,,,,,,,,,,,,,,,,,,,,,,,,,,,,,
VHLL,AL512363.1,,,UBE2D3-AS1,,,,,,,,,,,,,,,,,,,,,,,,,,,,,,,,,,,,,,,,,,,,,,,,,,,,,,,,,,,,,,,,,,,,,,,,,,,,,,,,
ZNF567,NOL7,,,SOCS2-AS1,,,,,,,,,,,,,,,,,,,,,,,,,,,,,,,,,,,,,,,,,,,,,,,,,,,,,,,,,,,,,,,,,,,,,,,,,,,,,,,,
RNFT1,LINC02660,,,AC008443.2,,,,,,,,,,,,,,,,,,,,,,,,,,,,,,,,,,,,,,,,,,,,,,,,,,,,,,,,,,,,,,,,,,,,,,,,,,,,,,,,
NKAPL,NUP50-DT,,,SNHG10,,,,,,,,,,,,,,,,,,,,,,,,,,,,,,,,,,,,,,,,,,,,,,,,,,,,,,,,,,,,,,,,,,,,,,,,,,,,,,,,
S100A13,PARG,,,ZCCHC3,,,,,,,,,,,,,,,,,,,,,,,,,,,,,,,,,,,,,,,,,,,,,,,,,,,,,,,,,,,,,,,,,,,,,,,,,,,,,,,,
PNRC2,LINC01806,,,AC139795.2,,,,,,,,,,,,,,,,,,,,,,,,,,,,,,,,,,,,,,,,,,,,,,,,,,,,,,,,,,,,,,,,,,,,,,,,,,,,,,,,
ZKSCAN3,AC016394.1,,,LINC00926,,,,,,,,,,,,,,,,,,,,,,,,,,,,,,,,,,,,,,,,,,,,,,,,,,,,,,,,,,,,,,,,,,,,,,,,,,,,,,,,
SH2D5,PCAT6,,,LUCAT1,,,,,,,,,,,,,,,,,,,,,,,,,,,,,,,,,,,,,,,,,,,,,,,,,,,,,,,,,,,,,,,,,,,,,,,,,,,,,,,,
ZFP92,OST4,,,BACH1-IT1,,,,,,,,,,,,,,,,,,,,,,,,,,,,,,,,,,,,,,,,,,,,,,,,,,,,,,,,,,,,,,,,,,,,,,,,,,,,,,,,
STK40,FNDC10,,,ZNF436-AS1,,,,,,,,,,,,,,,,,,,,,,,,,,,,,,,,,,,,,,,,,,,,,,,,,,,,,,,,,,,,,,,,,,,,,,,,,,,,,,,,
LCOR,DHFR,,,AC139887.2,,,,,,,,,,,,,,,,,,,,,,,,,,,,,,,,,,,,,,,,,,,,,,,,,,,,,,,,,,,,,,,,,,,,,,,,,,,,,,,,
IARS,MYOSLID,,,AC126768.2,,,,,,,,,,,,,,,,,,,,,,,,,,,,,,,,,,,,,,,,,,,,,,,,,,,,,,,,,,,,,,,,,,,,,,,,,,,,,,,,
POM121,AL604028.1,,,MCPH1-AS1,,,,,,,,,,,,,,,,,,,,,,,,,,,,,,,,,,,,,,,,,,,,,,,,,,,,,,,,,,,,,,,,,,,,,,,,,,,,,,,,
CGB7,MIR205HG,,,YJEFN3,,,,,,,,,,,,,,,,,,,,,,,,,,,,,,,,,,,,,,,,,,,,,,,,,,,,,,,,,,,,,,,,,,,,,,,,,,,,,,,,
NLGN3,RPS18,,,DNAH10OS,,,,,,,,,,,,,,,,,,,,,,,,,,,,,,,,,,,,,,,,,,,,,,,,,,,,,,,,,,,,,,,,,,,,,,,,,,,,,,,,
CD55,AL136454.1,,,AC112722.1,,,,,,,,,,,,,,,,,,,,,,,,,,,,,,,,,,,,,,,,,,,,,,,,,,,,,,,,,,,,,,,,,,,,,,,,,,,,,,,,
ELAVL3,MHENCR,,,CDK3,,,,,,,,,,,,,,,,,,,,,,,,,,,,,,,,,,,,,,,,,,,,,,,,,,,,,,,,,,,,,,,,,,,,,,,,,,,,,,,,
WDR5,LINC02802,,,AF117829.1,,,,,,,,,,,,,,,,,,,,,,,,,,,,,,,,,,,,,,,,,,,,,,,,,,,,,,,,,,,,,,,,,,,,,,,,,,,,,,,,
FUT4,AL445524.1,,,ZNF674,,,,,,,,,,,,,,,,,,,,,,,,,,,,,,,,,,,,,,,,,,,,,,,,,,,,,,,,,,,,,,,,,,,,,,,,,,,,,,,,
ZNF34,LINC01137,,,SHANK3,,,,,,,,,,,,,,,,,,,,,,,,,,,,,,,,,,,,,,,,,,,,,,,,,,,,,,,,,,,,,,,,,,,,,,,,,,,,,,,,
ZNF140,LINC01503,,,ZNF550,,,,,,,,,,,,,,,,,,,,,,,,,,,,,,,,,,,,,,,,,,,,,,,,,,,,,,,,,,,,,,,,,,,,,,,,,,,,,,,,
INCA1,RPS28,,,AC007106.1,,,,,,,,,,,,,,,,,,,,,,,,,,,,,,,,,,,,,,,,,,,,,,,,,,,,,,,,,,,,,,,,,,,,,,,,,,,,,,,,
TSC22D2,ANKRD65,,,MALAT1,,,,,,,,,,,,,,,,,,,,,,,,,,,,,,,,,,,,,,,,,,,,,,,,,,,,,,,,,,,,,,,,,,,,,,,,,,,,,,,,
YRDC,HGH1,,,AC009812.1,,,,,,,,,,,,,,,,,,,,,,,,,,,,,,,,,,,,,,,,,,,,,,,,,,,,,,,,,,,,,,,,,,,,,,,,,,,,,,,,
SIAH1,AL033384.1,,,LINC01605,,,,,,,,,,,,,,,,,,,,,,,,,,,,,,,,,,,,,,,,,,,,,,,,,,,,,,,,,,,,,,,,,,,,,,,,,,,,,,,,
AJAP1,AC092809.4,,,AC037459.2,,,,,,,,,,,,,,,,,,,,,,,,,,,,,,,,,,,,,,,,,,,,,,,,,,,,,,,,,,,,,,,,,,,,,,,,,,,,,,,,
MRTFA,CDKN2AIPNL,,,TUG1,,,,,,,,,,,,,,,,,,,,,,,,,,,,,,,,,,,,,,,,,,,,,,,,,,,,,,,,,,,,,,,,,,,,,,,,,,,,,,,,
MMP1,CKMT1B,,,AC119403.1,,,,,,,,,,,,,,,,,,,,,,,,,,,,,,,,,,,,,,,,,,,,,,,,,,,,,,,,,,,,,,,,,,,,,,,,,,,,,,,,
ZKSCAN5,C2orf74,,,AC091185.1,,,,,,,,,,,,,,,,,,,,,,,,,,,,,,,,,,,,,,,,,,,,,,,,,,,,,,,,,,,,,,,,,,,,,,,,,,,,,,,,
TRPV1,DGUOK-AS1,,,ALG11,,,,,,,,,,,,,,,,,,,,,,,,,,,,,,,,,,,,,,,,,,,,,,,,,,,,,,,,,,,,,,,,,,,,,,,,,,,,,,,,
ZNF512B,TMEM250,,,AC091182.2,,,,,,,,,,,,,,,,,,,,,,,,,,,,,,,,,,,,,,,,,,,,,,,,,,,,,,,,,,,,,,,,,,,,,,,,,,,,,,,,
ZNF431,TXNDC5,,,AC090739.1,,,,,,,,,,,,,,,,,,,,,,,,,,,,,,,,,,,,,,,,,,,,,,,,,,,,,,,,,,,,,,,,,,,,,,,,,,,,,,,,
NF1,CASTOR1,,,AC100797.1,,,,,,,,,,,,,,,,,,,,,,,,,,,,,,,,,,,,,,,,,,,,,,,,,,,,,,,,,,,,,,,,,,,,,,,,,,,,,,,,
LCE1B,NME1,,,AC091564.2,,,,,,,,,,,,,,,,,,,,,,,,,,,,,,,,,,,,,,,,,,,,,,,,,,,,,,,,,,,,,,,,,,,,,,,,,,,,,,,,
COL27A1,MRPS17,,,SPON1-AS1,,,,,,,,,,,,,,,,,,,,,,,,,,,,,,,,,,,,,,,,,,,,,,,,,,,,,,,,,,,,,,,,,,,,,,,,,,,,,,,,
SNHG17,PCDHGC3,,,AP000640.1,,,,,,,,,,,,,,,,,,,,,,,,,,,,,,,,,,,,,,,,,,,,,,,,,,,,,,,,,,,,,,,,,,,,,,,,,,,,,,,,
HIST1H2AG,PPIL3,,,AP002336.1,,,,,,,,,,,,,,,,,,,,,,,,,,,,,,,,,,,,,,,,,,,,,,,,,,,,,,,,,,,,,,,,,,,,,,,,,,,,,,,,
STRN3,RDH14,,,AC105219.2,,,,,,,,,,,,,,,,,,,,,,,,,,,,,,,,,,,,,,,,,,,,,,,,,,,,,,,,,,,,,,,,,,,,,,,,,,,,,,,,
PPTC7,MIF,,,AC080023.1,,,,,,,,,,,,,,,,,,,,,,,,,,,,,,,,,,,,,,,,,,,,,,,,,,,,,,,,,,,,,,,,,,,,,,,,,,,,,,,,
HIST1H2AD,RPL36A,,,AC105219.3,,,,,,,,,,,,,,,,,,,,,,,,,,,,,,,,,,,,,,,,,,,,,,,,,,,,,,,,,,,,,,,,,,,,,,,,,,,,,,,,
LAMB3,ATP5MF,,,AC087276.1,,,,,,,,,,,,,,,,,,,,,,,,,,,,,,,,,,,,,,,,,,,,,,,,,,,,,,,,,,,,,,,,,,,,,,,,,,,,,,,,
HIST3H2BB,ARPC1A,,,AP000662.1,,,,,,,,,,,,,,,,,,,,,,,,,,,,,,,,,,,,,,,,,,,,,,,,,,,,,,,,,,,,,,,,,,,,,,,,,,,,,,,,
WDR45,SPRR2A,,,AP000911.1,,,,,,,,,,,,,,,,,,,,,,,,,,,,,,,,,,,,,,,,,,,,,,,,,,,,,,,,,,,,,,,,,,,,,,,,,,,,,,,,
SERTAD1,ATP5PO,,,AC091053.1,,,,,,,,,,,,,,,,,,,,,,,,,,,,,,,,,,,,,,,,,,,,,,,,,,,,,,,,,,,,,,,,,,,,,,,,,,,,,,,,
ZNF100,PRR34-AS1,,,AP000873.4,,,,,,,,,,,,,,,,,,,,,,,,,,,,,,,,,,,,,,,,,,,,,,,,,,,,,,,,,,,,,,,,,,,,,,,,,,,,,,,,
ZNF441,MRPL20,,,AP001893.1,,,,,,,,,,,,,,,,,,,,,,,,,,,,,,,,,,,,,,,,,,,,,,,,,,,,,,,,,,,,,,,,,,,,,,,,,,,,,,,,
HIST1H4C,ARPIN,,,AP006284.1,,,,,,,,,,,,,,,,,,,,,,,,,,,,,,,,,,,,,,,,,,,,,,,,,,,,,,,,,,,,,,,,,,,,,,,,,,,,,,,,
ZSCAN26,AL591895.1,,,SCARNA9,,,,,,,,,,,,,,,,,,,,,,,,,,,,,,,,,,,,,,,,,,,,,,,,,,,,,,,,,,,,,,,,,,,,,,,,,,,,,,,,
MAFG,STMP1,,,AC103974.1,,,,,,,,,,,,,,,,,,,,,,,,,,,,,,,,,,,,,,,,,,,,,,,,,,,,,,,,,,,,,,,,,,,,,,,,,,,,,,,,
IGF2R,EFNA4,,,LINC02324,,,,,,,,,,,,,,,,,,,,,,,,,,,,,,,,,,,,,,,,,,,,,,,,,,,,,,,,,,,,,,,,,,,,,,,,,,,,,,,,
LCE1C,UPK3B,,,LINC02739,,,,,,,,,,,,,,,,,,,,,,,,,,,,,,,,,,,,,,,,,,,,,,,,,,,,,,,,,,,,,,,,,,,,,,,,,,,,,,,,
IFNL3,WDR92,,,AC136475.3,,,,,,,,,,,,,,,,,,,,,,,,,,,,,,,,,,,,,,,,,,,,,,,,,,,,,,,,,,,,,,,,,,,,,,,,,,,,,,,,
PCBP2,NME2,,,AP002807.1,,,,,,,,,,,,,,,,,,,,,,,,,,,,,,,,,,,,,,,,,,,,,,,,,,,,,,,,,,,,,,,,,,,,,,,,,,,,,,,,
ZGPAT,PLA2G4B,,,EID3,,,,,,,,,,,,,,,,,,,,,,,,,,,,,,,,,,,,,,,,,,,,,,,,,,,,,,,,,,,,,,,,,,,,,,,,,,,,,,,,
SLC25A29,JMJD7,,,AP000941.1,,,,,,,,,,,,,,,,,,,,,,,,,,,,,,,,,,,,,,,,,,,,,,,,,,,,,,,,,,,,,,,,,,,,,,,,,,,,,,,,
ZNF682,ACY1,,,CCDC166,,,,,,,,,,,,,,,,,,,,,,,,,,,,,,,,,,,,,,,,,,,,,,,,,,,,,,,,,,,,,,,,,,,,,,,,,,,,,,,,
ABCB8,DDOST,,,AF131215.5,,,,,,,,,,,,,,,,,,,,,,,,,,,,,,,,,,,,,,,,,,,,,,,,,,,,,,,,,,,,,,,,,,,,,,,,,,,,,,,,
HIST1H3J,TMEM141,,,AP001922.5,,,,,,,,,,,,,,,,,,,,,,,,,,,,,,,,,,,,,,,,,,,,,,,,,,,,,,,,,,,,,,,,,,,,,,,,,,,,,,,,
PSMD12,AC007009.1,,,LINC02757,,,,,,,,,,,,,,,,,,,,,,,,,,,,,,,,,,,,,,,,,,,,,,,,,,,,,,,,,,,,,,,,,,,,,,,,,,,,,,,,
ENTPD4,APOBEC3C,,,EBLN2,,,,,,,,,,,,,,,,,,,,,,,,,,,,,,,,,,,,,,,,,,,,,,,,,,,,,,,,,,,,,,,,,,,,,,,,,,,,,,,,
HIST1H4J,CEBPA,,,AL356215.1,,,,,,,,,,,,,,,,,,,,,,,,,,,,,,,,,,,,,,,,,,,,,,,,,,,,,,,,,,,,,,,,,,,,,,,,,,,,,,,,
KANK2,SNHG6,,,CCND2-AS1,,,,,,,,,,,,,,,,,,,,,,,,,,,,,,,,,,,,,,,,,,,,,,,,,,,,,,,,,,,,,,,,,,,,,,,,,,,,,,,,
C6orf141,LINC01550,,,AC069234.1,,,,,,,,,,,,,,,,,,,,,,,,,,,,,,,,,,,,,,,,,,,,,,,,,,,,,,,,,,,,,,,,,,,,,,,,,,,,,,,,
ZNF165,MIR210HG,,,AC006064.3,,,,,,,,,,,,,,,,,,,,,,,,,,,,,,,,,,,,,,,,,,,,,,,,,,,,,,,,,,,,,,,,,,,,,,,,,,,,,,,,
SYNGAP1,ZBED5-AS1,,,AC092112.1,,,,,,,,,,,,,,,,,,,,,,,,,,,,,,,,,,,,,,,,,,,,,,,,,,,,,,,,,,,,,,,,,,,,,,,,,,,,,,,,
ZNF655,OIP5-AS1,,,ZNF432,,,,,,,,,,,,,,,,,,,,,,,,,,,,,,,,,,,,,,,,,,,,,,,,,,,,,,,,,,,,,,,,,,,,,,,,,,,,,,,,
ZNF675,TWF2,,,SBNO1-AS1,,,,,,,,,,,,,,,,,,,,,,,,,,,,,,,,,,,,,,,,,,,,,,,,,,,,,,,,,,,,,,,,,,,,,,,,,,,,,,,,
C5AR1,BCKDHA,,,AC027290.1,,,,,,,,,,,,,,,,,,,,,,,,,,,,,,,,,,,,,,,,,,,,,,,,,,,,,,,,,,,,,,,,,,,,,,,,,,,,,,,,
DIO3,CHCHD10,,,ZNF10,,,,,,,,,,,,,,,,,,,,,,,,,,,,,,,,,,,,,,,,,,,,,,,,,,,,,,,,,,,,,,,,,,,,,,,,,,,,,,,,
HIST1H3D,SELENOP,,,AP000763.3,,,,,,,,,,,,,,,,,,,,,,,,,,,,,,,,,,,,,,,,,,,,,,,,,,,,,,,,,,,,,,,,,,,,,,,,,,,,,,,,
PDGFA,LINC01094,,,POLG2,,,,,,,,,,,,,,,,,,,,,,,,,,,,,,,,,,,,,,,,,,,,,,,,,,,,,,,,,,,,,,,,,,,,,,,,,,,,,,,,
ZNF628,TRNP1,,,ZNF350,,,,,,,,,,,,,,,,,,,,,,,,,,,,,,,,,,,,,,,,,,,,,,,,,,,,,,,,,,,,,,,,,,,,,,,,,,,,,,,,
GZMM,PRKDC,,,AC068888.2,,,,,,,,,,,,,,,,,,,,,,,,,,,,,,,,,,,,,,,,,,,,,,,,,,,,,,,,,,,,,,,,,,,,,,,,,,,,,,,,
COL4A6,PINX1,,,AC073487.1,,,,,,,,,,,,,,,,,,,,,,,,,,,,,,,,,,,,,,,,,,,,,,,,,,,,,,,,,,,,,,,,,,,,,,,,,,,,,,,,
CCDC154,AP001816.1,,,PSMA3-AS1,,,,,,,,,,,,,,,,,,,,,,,,,,,,,,,,,,,,,,,,,,,,,,,,,,,,,,,,,,,,,,,,,,,,,,,,,,,,,,,,
FAR1,AP003068.2,,,AC010203.2,,,,,,,,,,,,,,,,,,,,,,,,,,,,,,,,,,,,,,,,,,,,,,,,,,,,,,,,,,,,,,,,,,,,,,,,,,,,,,,,
ZNF433,FPGT,,,LBX2-AS1,,,,,,,,,,,,,,,,,,,,,,,,,,,,,,,,,,,,,,,,,,,,,,,,,,,,,,,,,,,,,,,,,,,,,,,,,,,,,,,,
NMB,EEF1G,,,TEN1,,,,,,,,,,,,,,,,,,,,,,,,,,,,,,,,,,,,,,,,,,,,,,,,,,,,,,,,,,,,,,,,,,,,,,,,,,,,,,,,
ZNF460,MPV17L2,,,ATXN2-AS,,,,,,,,,,,,,,,,,,,,,,,,,,,,,,,,,,,,,,,,,,,,,,,,,,,,,,,,,,,,,,,,,,,,,,,,,,,,,,,,
PHF2,DPP3,,,AC008149.1,,,,,,,,,,,,,,,,,,,,,,,,,,,,,,,,,,,,,,,,,,,,,,,,,,,,,,,,,,,,,,,,,,,,,,,,,,,,,,,,
ZNF81,BRK1,,,AC073655.2,,,,,,,,,,,,,,,,,,,,,,,,,,,,,,,,,,,,,,,,,,,,,,,,,,,,,,,,,,,,,,,,,,,,,,,,,,,,,,,,
TAF13,EID1,,,LINC00641,,,,,,,,,,,,,,,,,,,,,,,,,,,,,,,,,,,,,,,,,,,,,,,,,,,,,,,,,,,,,,,,,,,,,,,,,,,,,,,,
ZNF461,CARD18,,,AC005519.1,,,,,,,,,,,,,,,,,,,,,,,,,,,,,,,,,,,,,,,,,,,,,,,,,,,,,,,,,,,,,,,,,,,,,,,,,,,,,,,,
SLC9A8,CTSO,,,AL160006.1,,,,,,,,,,,,,,,,,,,,,,,,,,,,,,,,,,,,,,,,,,,,,,,,,,,,,,,,,,,,,,,,,,,,,,,,,,,,,,,,
HIST4H4,HMBS,,,HIF1A-AS3,,,,,,,,,,,,,,,,,,,,,,,,,,,,,,,,,,,,,,,,,,,,,,,,,,,,,,,,,,,,,,,,,,,,,,,,,,,,,,,,
ZNF44,CAPNS2,,,AL132711.1,,,,,,,,,,,,,,,,,,,,,,,,,,,,,,,,,,,,,,,,,,,,,,,,,,,,,,,,,,,,,,,,,,,,,,,,,,,,,,,,
HIST1H2BK,MIR200CHG,,,AL135999.1,,,,,,,,,,,,,,,,,,,,,,,,,,,,,,,,,,,,,,,,,,,,,,,,,,,,,,,,,,,,,,,,,,,,,,,,,,,,,,,,
TEAD4,FNTB,,,AL121603.2,,,,,,,,,,,,,,,,,,,,,,,,,,,,,,,,,,,,,,,,,,,,,,,,,,,,,,,,,,,,,,,,,,,,,,,,,,,,,,,,
FCHSD1,CNPY2,,,AL442663.3,,,,,,,,,,,,,,,,,,,,,,,,,,,,,,,,,,,,,,,,,,,,,,,,,,,,,,,,,,,,,,,,,,,,,,,,,,,,,,,,
ZNF121,CHURC1,,,MC1R,,,,,,,,,,,,,,,,,,,,,,,,,,,,,,,,,,,,,,,,,,,,,,,,,,,,,,,,,,,,,,,,,,,,,,,,,,,,,,,,
AKAP17A,TRIM34,,,CEP95,,,,,,,,,,,,,,,,,,,,,,,,,,,,,,,,,,,,,,,,,,,,,,,,,,,,,,,,,,,,,,,,,,,,,,,,,,,,,,,,
NOL8,AC010809.1,,,AL157871.5,,,,,,,,,,,,,,,,,,,,,,,,,,,,,,,,,,,,,,,,,,,,,,,,,,,,,,,,,,,,,,,,,,,,,,,,,,,,,,,,
ZNF335,CRIM1-DT,,,AC004846.2,,,,,,,,,,,,,,,,,,,,,,,,,,,,,,,,,,,,,,,,,,,,,,,,,,,,,,,,,,,,,,,,,,,,,,,,,,,,,,,,
ZNF84,SNHG19,,,TUBB3,,,,,,,,,,,,,,,,,,,,,,,,,,,,,,,,,,,,,,,,,,,,,,,,,,,,,,,,,,,,,,,,,,,,,,,,,,,,,,,,
5-Mar,AC011374.1,,,AL355075.4,,,,,,,,,,,,,,,,,,,,,,,,,,,,,,,,,,,,,,,,,,,,,,,,,,,,,,,,,,,,,,,,,,,,,,,,,,,,,,,,
NPIPB6,CCPG1,,,AC090607.1,,,,,,,,,,,,,,,,,,,,,,,,,,,,,,,,,,,,,,,,,,,,,,,,,,,,,,,,,,,,,,,,,,,,,,,,,,,,,,,,
MIER1,SPINT1-AS1,,,AC090515.4,,,,,,,,,,,,,,,,,,,,,,,,,,,,,,,,,,,,,,,,,,,,,,,,,,,,,,,,,,,,,,,,,,,,,,,,,,,,,,,,
SZT2,BOP1,,,AC108449.2,,,,,,,,,,,,,,,,,,,,,,,,,,,,,,,,,,,,,,,,,,,,,,,,,,,,,,,,,,,,,,,,,,,,,,,,,,,,,,,,
ZXDA,MRPL12,,,AC022613.3,,,,,,,,,,,,,,,,,,,,,,,,,,,,,,,,,,,,,,,,,,,,,,,,,,,,,,,,,,,,,,,,,,,,,,,,,,,,,,,,
QRICH1,CCNQ,,,AC009996.1,,,,,,,,,,,,,,,,,,,,,,,,,,,,,,,,,,,,,,,,,,,,,,,,,,,,,,,,,,,,,,,,,,,,,,,,,,,,,,,,
AFDN-DT,GTF2I,,,AC009269.4,,,,,,,,,,,,,,,,,,,,,,,,,,,,,,,,,,,,,,,,,,,,,,,,,,,,,,,,,,,,,,,,,,,,,,,,,,,,,,,,
HELZ,SRSF8,,,AL138976.2,,,,,,,,,,,,,,,,,,,,,,,,,,,,,,,,,,,,,,,,,,,,,,,,,,,,,,,,,,,,,,,,,,,,,,,,,,,,,,,,
ZKSCAN8,ANXA8L1,,,AC012640.2,,,,,,,,,,,,,,,,,,,,,,,,,,,,,,,,,,,,,,,,,,,,,,,,,,,,,,,,,,,,,,,,,,,,,,,,,,,,,,,,
ZNF442,ANXA8,,,AC022167.1,,,,,,,,,,,,,,,,,,,,,,,,,,,,,,,,,,,,,,,,,,,,,,,,,,,,,,,,,,,,,,,,,,,,,,,,,,,,,,,,
PIM3,RPL17,,,RBM15B,,,,,,,,,,,,,,,,,,,,,,,,,,,,,,,,,,,,,,,,,,,,,,,,,,,,,,,,,,,,,,,,,,,,,,,,,,,,,,,,
OGA,MRPS21,,,AL049838.1,,,,,,,,,,,,,,,,,,,,,,,,,,,,,,,,,,,,,,,,,,,,,,,,,,,,,,,,,,,,,,,,,,,,,,,,,,,,,,,,
NRARP,AC067852.2,,,NORAD,,,,,,,,,,,,,,,,,,,,,,,,,,,,,,,,,,,,,,,,,,,,,,,,,,,,,,,,,,,,,,,,,,,,,,,,,,,,,,,,
ZXDB,AC005256.1,,,AC051619.8,,,,,,,,,,,,,,,,,,,,,,,,,,,,,,,,,,,,,,,,,,,,,,,,,,,,,,,,,,,,,,,,,,,,,,,,,,,,,,,,
TPM2,UPK3BL1,,,AC009090.1,,,,,,,,,,,,,,,,,,,,,,,,,,,,,,,,,,,,,,,,,,,,,,,,,,,,,,,,,,,,,,,,,,,,,,,,,,,,,,,,
ZNF808,NDUFA7,,,AC009088.1,,,,,,,,,,,,,,,,,,,,,,,,,,,,,,,,,,,,,,,,,,,,,,,,,,,,,,,,,,,,,,,,,,,,,,,,,,,,,,,,
YTHDF2,LINC02560,,,AC104794.3,,,,,,,,,,,,,,,,,,,,,,,,,,,,,,,,,,,,,,,,,,,,,,,,,,,,,,,,,,,,,,,,,,,,,,,,,,,,,,,,
MAFK,IGFL2-AS1,,,AL162741.1,,,,,,,,,,,,,,,,,,,,,,,,,,,,,,,,,,,,,,,,,,,,,,,,,,,,,,,,,,,,,,,,,,,,,,,,,,,,,,,,
ZNF627,AC011445.2,,,AC120498.2,,,,,,,,,,,,,,,,,,,,,,,,,,,,,,,,,,,,,,,,,,,,,,,,,,,,,,,,,,,,,,,,,,,,,,,,,,,,,,,,
DDX39B,AC006262.2,,,LINC02137,,,,,,,,,,,,,,,,,,,,,,,,,,,,,,,,,,,,,,,,,,,,,,,,,,,,,,,,,,,,,,,,,,,,,,,,,,,,,,,,
ARC,RNF225,,,KDM7A-DT,,,,,,,,,,,,,,,,,,,,,,,,,,,,,,,,,,,,,,,,,,,,,,,,,,,,,,,,,,,,,,,,,,,,,,,,,,,,,,,,
TLK1,SNHG8,,,SSSCA1-AS1,,,,,,,,,,,,,,,,,,,,,,,,,,,,,,,,,,,,,,,,,,,,,,,,,,,,,,,,,,,,,,,,,,,,,,,,,,,,,,,,
C3orf35,AC025165.5,,,LINC02533,,,,,,,,,,,,,,,,,,,,,,,,,,,,,,,,,,,,,,,,,,,,,,,,,,,,,,,,,,,,,,,,,,,,,,,,,,,,,,,,
MDM4,TAF15,,,AL035071.1,,,,,,,,,,,,,,,,,,,,,,,,,,,,,,,,,,,,,,,,,,,,,,,,,,,,,,,,,,,,,,,,,,,,,,,,,,,,,,,,
MT-ND6,GTF2H5,,,AC022167.2,,,,,,,,,,,,,,,,,,,,,,,,,,,,,,,,,,,,,,,,,,,,,,,,,,,,,,,,,,,,,,,,,,,,,,,,,,,,,,,,
DLL1,CD24,,,AC012173.1,,,,,,,,,,,,,,,,,,,,,,,,,,,,,,,,,,,,,,,,,,,,,,,,,,,,,,,,,,,,,,,,,,,,,,,,,,,,,,,,
MT-CYB,U62317.1,,,AC026803.1,,,,,,,,,,,,,,,,,,,,,,,,,,,,,,,,,,,,,,,,,,,,,,,,,,,,,,,,,,,,,,,,,,,,,,,,,,,,,,,,
SMURF1,AC009237.14,,,AC027373.1,,,,,,,,,,,,,,,,,,,,,,,,,,,,,,,,,,,,,,,,,,,,,,,,,,,,,,,,,,,,,,,,,,,,,,,,,,,,,,,,
SLC5A3,ZNHIT3,,,AL023284.4,,,,,,,,,,,,,,,,,,,,,,,,,,,,,,,,,,,,,,,,,,,,,,,,,,,,,,,,,,,,,,,,,,,,,,,,,,,,,,,,
GPATCH3,AC245041.1,,,SCX,,,,,,,,,,,,,,,,,,,,,,,,,,,,,,,,,,,,,,,,,,,,,,,,,,,,,,,,,,,,,,,,,,,,,,,,,,,,,,,,
MT-ND2,PRAG1,,,AC104794.4,,,,,,,,,,,,,,,,,,,,,,,,,,,,,,,,,,,,,,,,,,,,,,,,,,,,,,,,,,,,,,,,,,,,,,,,,,,,,,,,
APCDD1L,TUBGCP5,,,AC132872.1,,,,,,,,,,,,,,,,,,,,,,,,,,,,,,,,,,,,,,,,,,,,,,,,,,,,,,,,,,,,,,,,,,,,,,,,,,,,,,,,
RASSF9,ORAI1,,,AC100827.4,,,,,,,,,,,,,,,,,,,,,,,,,,,,,,,,,,,,,,,,,,,,,,,,,,,,,,,,,,,,,,,,,,,,,,,,,,,,,,,,
ZNF830,RAB7B,,,AL591848.3,,,,,,,,,,,,,,,,,,,,,,,,,,,,,,,,,,,,,,,,,,,,,,,,,,,,,,,,,,,,,,,,,,,,,,,,,,,,,,,,
PNP,AC245041.2,,,AL118516.1,,,,,,,,,,,,,,,,,,,,,,,,,,,,,,,,,,,,,,,,,,,,,,,,,,,,,,,,,,,,,,,,,,,,,,,,,,,,,,,,
FOXJ3,PSMB3,,,AC120498.4,,,,,,,,,,,,,,,,,,,,,,,,,,,,,,,,,,,,,,,,,,,,,,,,,,,,,,,,,,,,,,,,,,,,,,,,,,,,,,,,
HMGN2,CISD3,,,AC092803.1,,,,,,,,,,,,,,,,,,,,,,,,,,,,,,,,,,,,,,,,,,,,,,,,,,,,,,,,,,,,,,,,,,,,,,,,,,,,,,,,
DENND4B,ACACA,,,AC009041.2,,,,,,,,,,,,,,,,,,,,,,,,,,,,,,,,,,,,,,,,,,,,,,,,,,,,,,,,,,,,,,,,,,,,,,,,,,,,,,,,
RUSC2,SH3PXD2A-AS1,,,FBXL19-AS1,,,,,,,,,,,,,,,,,,,,,,,,,,,,,,,,,,,,,,,,,,,,,,,,,,,,,,,,,,,,,,,,,,,,,,,,,,,,,,,,
FICD,AC119427.1,,,AC135050.3,,,,,,,,,,,,,,,,,,,,,,,,,,,,,,,,,,,,,,,,,,,,,,,,,,,,,,,,,,,,,,,,,,,,,,,,,,,,,,,,
LTN1,SLURP2,,,CAPN10-DT,,,,,,,,,,,,,,,,,,,,,,,,,,,,,,,,,,,,,,,,,,,,,,,,,,,,,,,,,,,,,,,,,,,,,,,,,,,,,,,,
MT-ND1,EEF1AKMT4,,,AL390195.2,,,,,,,,,,,,,,,,,,,,,,,,,,,,,,,,,,,,,,,,,,,,,,,,,,,,,,,,,,,,,,,,,,,,,,,,,,,,,,,,
TOP1,UPK3BL2,,,AC009093.4,,,,,,,,,,,,,,,,,,,,,,,,,,,,,,,,,,,,,,,,,,,,,,,,,,,,,,,,,,,,,,,,,,,,,,,,,,,,,,,,
MAP3K3,AC108925.1,,,BX255925.1,,,,,,,,,,,,,,,,,,,,,,,,,,,,,,,,,,,,,,,,,,,,,,,,,,,,,,,,,,,,,,,,,,,,,,,,,,,,,,,,
L1CAM,AC073210.3,,,AC105046.1,,,,,,,,,,,,,,,,,,,,,,,,,,,,,,,,,,,,,,,,,,,,,,,,,,,,,,,,,,,,,,,,,,,,,,,,,,,,,,,,
DZIP3,AL136379.1,,,AP003469.4,,,,,,,,,,,,,,,,,,,,,,,,,,,,,,,,,,,,,,,,,,,,,,,,,,,,,,,,,,,,,,,,,,,,,,,,,,,,,,,,
KIAA0753,,,,AC234775.3,,,,,,,,,,,,,,,,,,,,,,,,,,,,,,,,,,,,,,,,,,,,,,,,,,,,,,,,,,,,,,,,,,,,,,,,,,,,,,,,
GPRASP1,,,,AC012181.1,,,,,,,,,,,,,,,,,,,,,,,,,,,,,,,,,,,,,,,,,,,,,,,,,,,,,,,,,,,,,,,,,,,,,,,,,,,,,,,,
TBKBP1,,,,AC012181.2,,,,,,,,,,,,,,,,,,,,,,,,,,,,,,,,,,,,,,,,,,,,,,,,,,,,,,,,,,,,,,,,,,,,,,,,,,,,,,,,
AC004988.1,,,,ATP2C2-AS1,,,,,,,,,,,,,,,,,,,,,,,,,,,,,,,,,,,,,,,,,,,,,,,,,,,,,,,,,,,,,,,,,,,,,,,,,,,,,,,,
KPRP,,,,AC010168.2,,,,,,,,,,,,,,,,,,,,,,,,,,,,,,,,,,,,,,,,,,,,,,,,,,,,,,,,,,,,,,,,,,,,,,,,,,,,,,,,
ADAMTSL4-AS1,,,,AL031600.2,,,,,,,,,,,,,,,,,,,,,,,,,,,,,,,,,,,,,,,,,,,,,,,,,,,,,,,,,,,,,,,,,,,,,,,,,,,,,,,,
HIST2H2BF,,,,AC124068.2,,,,,,,,,,,,,,,,,,,,,,,,,,,,,,,,,,,,,,,,,,,,,,,,,,,,,,,,,,,,,,,,,,,,,,,,,,,,,,,,
GDI1,,,,AC022167.4,,,,,,,,,,,,,,,,,,,,,,,,,,,,,,,,,,,,,,,,,,,,,,,,,,,,,,,,,,,,,,,,,,,,,,,,,,,,,,,,
LIME1,,,,PAN3-AS1,,,,,,,,,,,,,,,,,,,,,,,,,,,,,,,,,,,,,,,,,,,,,,,,,,,,,,,,,,,,,,,,,,,,,,,,,,,,,,,,
EFCAB7,,,,TBILA,,,,,,,,,,,,,,,,,,,,,,,,,,,,,,,,,,,,,,,,,,,,,,,,,,,,,,,,,,,,,,,,,,,,,,,,,,,,,,,,
ARRDC1-AS1,,,,LINC02605,,,,,,,,,,,,,,,,,,,,,,,,,,,,,,,,,,,,,,,,,,,,,,,,,,,,,,,,,,,,,,,,,,,,,,,,,,,,,,,,
CHIC1,,,,AC007728.2,,,,,,,,,,,,,,,,,,,,,,,,,,,,,,,,,,,,,,,,,,,,,,,,,,,,,,,,,,,,,,,,,,,,,,,,,,,,,,,,
PHACTR4,,,,AL360270.2,,,,,,,,,,,,,,,,,,,,,,,,,,,,,,,,,,,,,,,,,,,,,,,,,,,,,,,,,,,,,,,,,,,,,,,,,,,,,,,,
MACO1,,,,LINC02168,,,,,,,,,,,,,,,,,,,,,,,,,,,,,,,,,,,,,,,,,,,,,,,,,,,,,,,,,,,,,,,,,,,,,,,,,,,,,,,,
LINC02731,,,,AC009127.1,,,,,,,,,,,,,,,,,,,,,,,,,,,,,,,,,,,,,,,,,,,,,,,,,,,,,,,,,,,,,,,,,,,,,,,,,,,,,,,,
COL11A2,,,,AC144831.1,,,,,,,,,,,,,,,,,,,,,,,,,,,,,,,,,,,,,,,,,,,,,,,,,,,,,,,,,,,,,,,,,,,,,,,,,,,,,,,,
BRD2,,,,AC108134.2,,,,,,,,,,,,,,,,,,,,,,,,,,,,,,,,,,,,,,,,,,,,,,,,,,,,,,,,,,,,,,,,,,,,,,,,,,,,,,,,
TNRC6C-AS1,,,,DLGAP1-AS2,,,,,,,,,,,,,,,,,,,,,,,,,,,,,,,,,,,,,,,,,,,,,,,,,,,,,,,,,,,,,,,,,,,,,,,,,,,,,,,,
PBX2,,,,AC040977.1,,,,,,,,,,,,,,,,,,,,,,,,,,,,,,,,,,,,,,,,,,,,,,,,,,,,,,,,,,,,,,,,,,,,,,,,,,,,,,,,
AGER,,,,AC007952.4,,,,,,,,,,,,,,,,,,,,,,,,,,,,,,,,,,,,,,,,,,,,,,,,,,,,,,,,,,,,,,,,,,,,,,,,,,,,,,,,
STK19,,,,AC008914.1,,,,,,,,,,,,,,,,,,,,,,,,,,,,,,,,,,,,,,,,,,,,,,,,,,,,,,,,,,,,,,,,,,,,,,,,,,,,,,,,
DXO,,,,AC002558.3,,,,,,,,,,,,,,,,,,,,,,,,,,,,,,,,,,,,,,,,,,,,,,,,,,,,,,,,,,,,,,,,,,,,,,,,,,,,,,,,
SLC44A4,,,,AC100791.1,,,,,,,,,,,,,,,,,,,,,,,,,,,,,,,,,,,,,,,,,,,,,,,,,,,,,,,,,,,,,,,,,,,,,,,,,,,,,,,,
NEU1,,,,AC087392.4,,,,,,,,,,,,,,,,,,,,,,,,,,,,,,,,,,,,,,,,,,,,,,,,,,,,,,,,,,,,,,,,,,,,,,,,,,,,,,,,
SNHG32,,,,AC099684.2,,,,,,,,,,,,,,,,,,,,,,,,,,,,,,,,,,,,,,,,,,,,,,,,,,,,,,,,,,,,,,,,,,,,,,,,,,,,,,,,
HSPA1B,,,,AC090617.3,,,,,,,,,,,,,,,,,,,,,,,,,,,,,,,,,,,,,,,,,,,,,,,,,,,,,,,,,,,,,,,,,,,,,,,,,,,,,,,,
HSPA1A,,,,AC124283.3,,,,,,,,,,,,,,,,,,,,,,,,,,,,,,,,,,,,,,,,,,,,,,,,,,,,,,,,,,,,,,,,,,,,,,,,,,,,,,,,
HSPA1L,,,,AC135050.5,,,,,,,,,,,,,,,,,,,,,,,,,,,,,,,,,,,,,,,,,,,,,,,,,,,,,,,,,,,,,,,,,,,,,,,,,,,,,,,,
VWA7,,,,AC027796.4,,,,,,,,,,,,,,,,,,,,,,,,,,,,,,,,,,,,,,,,,,,,,,,,,,,,,,,,,,,,,,,,,,,,,,,,,,,,,,,,
LY6G5C,,,,AC090617.5,,,,,,,,,,,,,,,,,,,,,,,,,,,,,,,,,,,,,,,,,,,,,,,,,,,,,,,,,,,,,,,,,,,,,,,,,,,,,,,,
LINC01854,,,,AC115099.1,,,,,,,,,,,,,,,,,,,,,,,,,,,,,,,,,,,,,,,,,,,,,,,,,,,,,,,,,,,,,,,,,,,,,,,,,,,,,,,,
BAG6,,,,AC007923.1,,,,,,,,,,,,,,,,,,,,,,,,,,,,,,,,,,,,,,,,,,,,,,,,,,,,,,,,,,,,,,,,,,,,,,,,,,,,,,,,
PRRC2A,,,,AC125421.1,,,,,,,,,,,,,,,,,,,,,,,,,,,,,,,,,,,,,,,,,,,,,,,,,,,,,,,,,,,,,,,,,,,,,,,,,,,,,,,,
NFKBIL1,,,,AC022211.1,,,,,,,,,,,,,,,,,,,,,,,,,,,,,,,,,,,,,,,,,,,,,,,,,,,,,,,,,,,,,,,,,,,,,,,,,,,,,,,,
MICB,,,,AC009831.1,,,,,,,,,,,,,,,,,,,,,,,,,,,,,,,,,,,,,,,,,,,,,,,,,,,,,,,,,,,,,,,,,,,,,,,,,,,,,,,,
HLA-C,,,,AC022211.2,,,,,,,,,,,,,,,,,,,,,,,,,,,,,,,,,,,,,,,,,,,,,,,,,,,,,,,,,,,,,,,,,,,,,,,,,,,,,,,,
PPP1R10,,,,AC015813.1,,,,,,,,,,,,,,,,,,,,,,,,,,,,,,,,,,,,,,,,,,,,,,,,,,,,,,,,,,,,,,,,,,,,,,,,,,,,,,,,
GNL1,,,,AC016866.1,,,,,,,,,,,,,,,,,,,,,,,,,,,,,,,,,,,,,,,,,,,,,,,,,,,,,,,,,,,,,,,,,,,,,,,,,,,,,,,,
TRIM39,,,,OTUD7B,,,,,,,,,,,,,,,,,,,,,,,,,,,,,,,,,,,,,,,,,,,,,,,,,,,,,,,,,,,,,,,,,,,,,,,,,,,,,,,,
HLA-G,,,,AP001020.2,,,,,,,,,,,,,,,,,,,,,,,,,,,,,,,,,,,,,,,,,,,,,,,,,,,,,,,,,,,,,,,,,,,,,,,,,,,,,,,,
HLA-F,,,,AC022211.3,,,,,,,,,,,,,,,,,,,,,,,,,,,,,,,,,,,,,,,,,,,,,,,,,,,,,,,,,,,,,,,,,,,,,,,,,,,,,,,,
AKT1S1,,,,NARF-IT1,,,,,,,,,,,,,,,,,,,,,,,,,,,,,,,,,,,,,,,,,,,,,,,,,,,,,,,,,,,,,,,,,,,,,,,,,,,,,,,,
GABBR1,,,,AC055811.3,,,,,,,,,,,,,,,,,,,,,,,,,,,,,,,,,,,,,,,,,,,,,,,,,,,,,,,,,,,,,,,,,,,,,,,,,,,,,,,,
ATXN2,,,,AC005546.1,,,,,,,,,,,,,,,,,,,,,,,,,,,,,,,,,,,,,,,,,,,,,,,,,,,,,,,,,,,,,,,,,,,,,,,,,,,,,,,,
ZBTB48,,,,AC087289.1,,,,,,,,,,,,,,,,,,,,,,,,,,,,,,,,,,,,,,,,,,,,,,,,,,,,,,,,,,,,,,,,,,,,,,,,,,,,,,,,
ZNF155,,,,AL050343.2,,,,,,,,,,,,,,,,,,,,,,,,,,,,,,,,,,,,,,,,,,,,,,,,,,,,,,,,,,,,,,,,,,,,,,,,,,,,,,,,
ZNF783,,,,UXT-AS1,,,,,,,,,,,,,,,,,,,,,,,,,,,,,,,,,,,,,,,,,,,,,,,,,,,,,,,,,,,,,,,,,,,,,,,,,,,,,,,,
FAM71F2,,,,AC005789.1,,,,,,,,,,,,,,,,,,,,,,,,,,,,,,,,,,,,,,,,,,,,,,,,,,,,,,,,,,,,,,,,,,,,,,,,,,,,,,,,
C11orf91,,,,ILF3-DT,,,,,,,,,,,,,,,,,,,,,,,,,,,,,,,,,,,,,,,,,,,,,,,,,,,,,,,,,,,,,,,,,,,,,,,,,,,,,,,,
ZBTB10,,,,AC011481.1,,,,,,,,,,,,,,,,,,,,,,,,,,,,,,,,,,,,,,,,,,,,,,,,,,,,,,,,,,,,,,,,,,,,,,,,,,,,,,,,
E2F4,,,,AC005954.1,,,,,,,,,,,,,,,,,,,,,,,,,,,,,,,,,,,,,,,,,,,,,,,,,,,,,,,,,,,,,,,,,,,,,,,,,,,,,,,,
SAP25,,,,AC005262.2,,,,,,,,,,,,,,,,,,,,,,,,,,,,,,,,,,,,,,,,,,,,,,,,,,,,,,,,,,,,,,,,,,,,,,,,,,,,,,,,
RGL3,,,,AC022098.1,,,,,,,,,,,,,,,,,,,,,,,,,,,,,,,,,,,,,,,,,,,,,,,,,,,,,,,,,,,,,,,,,,,,,,,,,,,,,,,,
CPT1B,,,,PARD6G-AS1,,,,,,,,,,,,,,,,,,,,,,,,,,,,,,,,,,,,,,,,,,,,,,,,,,,,,,,,,,,,,,,,,,,,,,,,,,,,,,,,
LIN52,,,,SNHG22,,,,,,,,,,,,,,,,,,,,,,,,,,,,,,,,,,,,,,,,,,,,,,,,,,,,,,,,,,,,,,,,,,,,,,,,,,,,,,,,
C5orf51,,,,AC002398.2,,,,,,,,,,,,,,,,,,,,,,,,,,,,,,,,,,,,,,,,,,,,,,,,,,,,,,,,,,,,,,,,,,,,,,,,,,,,,,,,
RFPL3S,,,,AC008736.1,,,,,,,,,,,,,,,,,,,,,,,,,,,,,,,,,,,,,,,,,,,,,,,,,,,,,,,,,,,,,,,,,,,,,,,,,,,,,,,,
C1RL-AS1,,,,AC090236.2,,,,,,,,,,,,,,,,,,,,,,,,,,,,,,,,,,,,,,,,,,,,,,,,,,,,,,,,,,,,,,,,,,,,,,,,,,,,,,,,
AC108134.1,,,,AC020916.1,,,,,,,,,,,,,,,,,,,,,,,,,,,,,,,,,,,,,,,,,,,,,,,,,,,,,,,,,,,,,,,,,,,,,,,,,,,,,,,,
ZNF316,,,,AC020916.2,,,,,,,,,,,,,,,,,,,,,,,,,,,,,,,,,,,,,,,,,,,,,,,,,,,,,,,,,,,,,,,,,,,,,,,,,,,,,,,,
RNPS1,,,,AC067852.3,,,,,,,,,,,,,,,,,,,,,,,,,,,,,,,,,,,,,,,,,,,,,,,,,,,,,,,,,,,,,,,,,,,,,,,,,,,,,,,,
HCG27,,,,KF456478.1,,,,,,,,,,,,,,,,,,,,,,,,,,,,,,,,,,,,,,,,,,,,,,,,,,,,,,,,,,,,,,,,,,,,,,,,,,,,,,,,
HLA-A,,,,AC009005.1,,,,,,,,,,,,,,,,,,,,,,,,,,,,,,,,,,,,,,,,,,,,,,,,,,,,,,,,,,,,,,,,,,,,,,,,,,,,,,,,
COLQ,,,,LIN37,,,,,,,,,,,,,,,,,,,,,,,,,,,,,,,,,,,,,,,,,,,,,,,,,,,,,,,,,,,,,,,,,,,,,,,,,,,,,,,,
THUMPD3-AS1,,,,AC026803.2,,,,,,,,,,,,,,,,,,,,,,,,,,,,,,,,,,,,,,,,,,,,,,,,,,,,,,,,,,,,,,,,,,,,,,,,,,,,,,,,
DIO2,,,,AC009955.2,,,,,,,,,,,,,,,,,,,,,,,,,,,,,,,,,,,,,,,,,,,,,,,,,,,,,,,,,,,,,,,,,,,,,,,,,,,,,,,,
ZNF611,,,,AC007785.1,,,,,,,,,,,,,,,,,,,,,,,,,,,,,,,,,,,,,,,,,,,,,,,,,,,,,,,,,,,,,,,,,,,,,,,,,,,,,,,,
DENND1B,,,,PTOV1-AS1,,,,,,,,,,,,,,,,,,,,,,,,,,,,,,,,,,,,,,,,,,,,,,,,,,,,,,,,,,,,,,,,,,,,,,,,,,,,,,,,
SCAF8,,,,NBPF12,,,,,,,,,,,,,,,,,,,,,,,,,,,,,,,,,,,,,,,,,,,,,,,,,,,,,,,,,,,,,,,,,,,,,,,,,,,,,,,,
ZNF254,,,,AC022154.1,,,,,,,,,,,,,,,,,,,,,,,,,,,,,,,,,,,,,,,,,,,,,,,,,,,,,,,,,,,,,,,,,,,,,,,,,,,,,,,,
ASIC3,,,,AC005261.1,,,,,,,,,,,,,,,,,,,,,,,,,,,,,,,,,,,,,,,,,,,,,,,,,,,,,,,,,,,,,,,,,,,,,,,,,,,,,,,,
QTRT1,,,,SCGB1C2,,,,,,,,,,,,,,,,,,,,,,,,,,,,,,,,,,,,,,,,,,,,,,,,,,,,,,,,,,,,,,,,,,,,,,,,,,,,,,,,
CHUK,,,,AC073389.1,,,,,,,,,,,,,,,,,,,,,,,,,,,,,,,,,,,,,,,,,,,,,,,,,,,,,,,,,,,,,,,,,,,,,,,,,,,,,,,,
LCAT,,,,AC008687.4,,,,,,,,,,,,,,,,,,,,,,,,,,,,,,,,,,,,,,,,,,,,,,,,,,,,,,,,,,,,,,,,,,,,,,,,,,,,,,,,
RBMXL1,,,,AC016586.1,,,,,,,,,,,,,,,,,,,,,,,,,,,,,,,,,,,,,,,,,,,,,,,,,,,,,,,,,,,,,,,,,,,,,,,,,,,,,,,,
LBH,,,,AC008737.1,,,,,,,,,,,,,,,,,,,,,,,,,,,,,,,,,,,,,,,,,,,,,,,,,,,,,,,,,,,,,,,,,,,,,,,,,,,,,,,,
LAT,,,,AC104534.1,,,,,,,,,,,,,,,,,,,,,,,,,,,,,,,,,,,,,,,,,,,,,,,,,,,,,,,,,,,,,,,,,,,,,,,,,,,,,,,,
FAM209B,,,,AL118506.1,,,,,,,,,,,,,,,,,,,,,,,,,,,,,,,,,,,,,,,,,,,,,,,,,,,,,,,,,,,,,,,,,,,,,,,,,,,,,,,,
DDAH2,,,,AC002128.1,,,,,,,,,,,,,,,,,,,,,,,,,,,,,,,,,,,,,,,,,,,,,,,,,,,,,,,,,,,,,,,,,,,,,,,,,,,,,,,,
ATP6V1G2,,,,AC010319.3,,,,,,,,,,,,,,,,,,,,,,,,,,,,,,,,,,,,,,,,,,,,,,,,,,,,,,,,,,,,,,,,,,,,,,,,,,,,,,,,
GTF2H4,,,,AC009955.4,,,,,,,,,,,,,,,,,,,,,,,,,,,,,,,,,,,,,,,,,,,,,,,,,,,,,,,,,,,,,,,,,,,,,,,,,,,,,,,,
DDX47,,,,AC007292.2,,,,,,,,,,,,,,,,,,,,,,,,,,,,,,,,,,,,,,,,,,,,,,,,,,,,,,,,,,,,,,,,,,,,,,,,,,,,,,,,
ZNF888,,,,IKBKG,,,,,,,,,,,,,,,,,,,,,,,,,,,,,,,,,,,,,,,,,,,,,,,,,,,,,,,,,,,,,,,,,,,,,,,,,,,,,,,,
SLC23A3,,,,PTOV1-AS2,,,,,,,,,,,,,,,,,,,,,,,,,,,,,,,,,,,,,,,,,,,,,,,,,,,,,,,,,,,,,,,,,,,,,,,,,,,,,,,,
CSNK1E,,,,AP001160.4,,,,,,,,,,,,,,,,,,,,,,,,,,,,,,,,,,,,,,,,,,,,,,,,,,,,,,,,,,,,,,,,,,,,,,,,,,,,,,,,
TTLL3,,,,AC008982.2,,,,,,,,,,,,,,,,,,,,,,,,,,,,,,,,,,,,,,,,,,,,,,,,,,,,,,,,,,,,,,,,,,,,,,,,,,,,,,,,
REPIN1,,,,SLC25A53,,,,,,,,,,,,,,,,,,,,,,,,,,,,,,,,,,,,,,,,,,,,,,,,,,,,,,,,,,,,,,,,,,,,,,,,,,,,,,,,
UCA1,,,,KCNQ1OT1,,,,,,,,,,,,,,,,,,,,,,,,,,,,,,,,,,,,,,,,,,,,,,,,,,,,,,,,,,,,,,,,,,,,,,,,,,,,,,,,
CPNE1,,,,AC022150.4,,,,,,,,,,,,,,,,,,,,,,,,,,,,,,,,,,,,,,,,,,,,,,,,,,,,,,,,,,,,,,,,,,,,,,,,,,,,,,,,
C19orf38,,,,AC092327.2,,,,,,,,,,,,,,,,,,,,,,,,,,,,,,,,,,,,,,,,,,,,,,,,,,,,,,,,,,,,,,,,,,,,,,,,,,,,,,,,
C17orf67,,,,EGLN2,,,,,,,,,,,,,,,,,,,,,,,,,,,,,,,,,,,,,,,,,,,,,,,,,,,,,,,,,,,,,,,,,,,,,,,,,,,,,,,,
FOXI3,,,,RMRP,,,,,,,,,,,,,,,,,,,,,,,,,,,,,,,,,,,,,,,,,,,,,,,,,,,,,,,,,,,,,,,,,,,,,,,,,,,,,,,,
PPME1,,,,AF131215.6,,,,,,,,,,,,,,,,,,,,,,,,,,,,,,,,,,,,,,,,,,,,,,,,,,,,,,,,,,,,,,,,,,,,,,,,,,,,,,,,
MEG3,,,,Z98884.2,,,,,,,,,,,,,,,,,,,,,,,,,,,,,,,,,,,,,,,,,,,,,,,,,,,,,,,,,,,,,,,,,,,,,,,,,,,,,,,,
CPEB1,,,,AL158152.1,,,,,,,,,,,,,,,,,,,,,,,,,,,,,,,,,,,,,,,,,,,,,,,,,,,,,,,,,,,,,,,,,,,,,,,,,,,,,,,,
ZSWIM8,,,,AC090181.2,,,,,,,,,,,,,,,,,,,,,,,,,,,,,,,,,,,,,,,,,,,,,,,,,,,,,,,,,,,,,,,,,,,,,,,,,,,,,,,,
DCDC2C,,,,AL136115.2,,,,,,,,,,,,,,,,,,,,,,,,,,,,,,,,,,,,,,,,,,,,,,,,,,,,,,,,,,,,,,,,,,,,,,,,,,,,,,,,
ALOX12-AS1,,,,AL020997.2,,,,,,,,,,,,,,,,,,,,,,,,,,,,,,,,,,,,,,,,,,,,,,,,,,,,,,,,,,,,,,,,,,,,,,,,,,,,,,,,
MUC5AC,,,,KC877982.1,,,,,,,,,,,,,,,,,,,,,,,,,,,,,,,,,,,,,,,,,,,,,,,,,,,,,,,,,,,,,,,,,,,,,,,,,,,,,,,,
FASTKD5,,,,AC068790.3,,,,,,,,,,,,,,,,,,,,,,,,,,,,,,,,,,,,,,,,,,,,,,,,,,,,,,,,,,,,,,,,,,,,,,,,,,,,,,,,
GOLGA8B,,,,AC232271.1,,,,,,,,,,,,,,,,,,,,,,,,,,,,,,,,,,,,,,,,,,,,,,,,,,,,,,,,,,,,,,,,,,,,,,,,,,,,,,,,
DDX3X,,,,Z93241.1,,,,,,,,,,,,,,,,,,,,,,,,,,,,,,,,,,,,,,,,,,,,,,,,,,,,,,,,,,,,,,,,,,,,,,,,,,,,,,,,
FNIP1,,,,AC068790.4,,,,,,,,,,,,,,,,,,,,,,,,,,,,,,,,,,,,,,,,,,,,,,,,,,,,,,,,,,,,,,,,,,,,,,,,,,,,,,,,
AC073263.1,,,,AC090589.3,,,,,,,,,,,,,,,,,,,,,,,,,,,,,,,,,,,,,,,,,,,,,,,,,,,,,,,,,,,,,,,,,,,,,,,,,,,,,,,,
AC110619.1,,,,AC068790.5,,,,,,,,,,,,,,,,,,,,,,,,,,,,,,,,,,,,,,,,,,,,,,,,,,,,,,,,,,,,,,,,,,,,,,,,,,,,,,,,
MIF-AS1,,,,AL356488.2,,,,,,,,,,,,,,,,,,,,,,,,,,,,,,,,,,,,,,,,,,,,,,,,,,,,,,,,,,,,,,,,,,,,,,,,,,,,,,,,
ZNF579,,,,MIR222HG,,,,,,,,,,,,,,,,,,,,,,,,,,,,,,,,,,,,,,,,,,,,,,,,,,,,,,,,,,,,,,,,,,,,,,,,,,,,,,,,
ZGLP1,,,,AC068790.6,,,,,,,,,,,,,,,,,,,,,,,,,,,,,,,,,,,,,,,,,,,,,,,,,,,,,,,,,,,,,,,,,,,,,,,,,,,,,,,,
VAMP2,,,,AL360012.1,,,,,,,,,,,,,,,,,,,,,,,,,,,,,,,,,,,,,,,,,,,,,,,,,,,,,,,,,,,,,,,,,,,,,,,,,,,,,,,,
PPP2R2A,,,,AL049840.6,,,,,,,,,,,,,,,,,,,,,,,,,,,,,,,,,,,,,,,,,,,,,,,,,,,,,,,,,,,,,,,,,,,,,,,,,,,,,,,,
APOL6,,,,AC005520.3,,,,,,,,,,,,,,,,,,,,,,,,,,,,,,,,,,,,,,,,,,,,,,,,,,,,,,,,,,,,,,,,,,,,,,,,,,,,,,,,
FADS3,,,,TERC,,,,,,,,,,,,,,,,,,,,,,,,,,,,,,,,,,,,,,,,,,,,,,,,,,,,,,,,,,,,,,,,,,,,,,,,,,,,,,,,
CCNL2,,,,AC104109.2,,,,,,,,,,,,,,,,,,,,,,,,,,,,,,,,,,,,,,,,,,,,,,,,,,,,,,,,,,,,,,,,,,,,,,,,,,,,,,,,
ZNF630,,,,AC016773.1,,,,,,,,,,,,,,,,,,,,,,,,,,,,,,,,,,,,,,,,,,,,,,,,,,,,,,,,,,,,,,,,,,,,,,,,,,,,,,,,
BTBD19,,,,AC104695.3,,,,,,,,,,,,,,,,,,,,,,,,,,,,,,,,,,,,,,,,,,,,,,,,,,,,,,,,,,,,,,,,,,,,,,,,,,,,,,,,
CYTOR,,,,CAHM,,,,,,,,,,,,,,,,,,,,,,,,,,,,,,,,,,,,,,,,,,,,,,,,,,,,,,,,,,,,,,,,,,,,,,,,,,,,,,,,
AC079305.1,,,,AC026367.1,,,,,,,,,,,,,,,,,,,,,,,,,,,,,,,,,,,,,,,,,,,,,,,,,,,,,,,,,,,,,,,,,,,,,,,,,,,,,,,,
AL590666.1,,,,NBPF14,,,,,,,,,,,,,,,,,,,,,,,,,,,,,,,,,,,,,,,,,,,,,,,,,,,,,,,,,,,,,,,,,,,,,,,,,,,,,,,,
AC005104.1,,,,AC104695.4,,,,,,,,,,,,,,,,,,,,,,,,,,,,,,,,,,,,,,,,,,,,,,,,,,,,,,,,,,,,,,,,,,,,,,,,,,,,,,,,
MEG9,,,,AC018638.6,,,,,,,,,,,,,,,,,,,,,,,,,,,,,,,,,,,,,,,,,,,,,,,,,,,,,,,,,,,,,,,,,,,,,,,,,,,,,,,,
EXOSC6,,,,NBPF19,,,,,,,,,,,,,,,,,,,,,,,,,,,,,,,,,,,,,,,,,,,,,,,,,,,,,,,,,,,,,,,,,,,,,,,,,,,,,,,,
ZNF844,,,,AC113139.1,,,,,,,,,,,,,,,,,,,,,,,,,,,,,,,,,,,,,,,,,,,,,,,,,,,,,,,,,,,,,,,,,,,,,,,,,,,,,,,,
LINC00205,,,,AC112220.2,,,,,,,,,,,,,,,,,,,,,,,,,,,,,,,,,,,,,,,,,,,,,,,,,,,,,,,,,,,,,,,,,,,,,,,,,,,,,,,,
AP001469.1,,,,AF287957.1,,,,,,,,,,,,,,,,,,,,,,,,,,,,,,,,,,,,,,,,,,,,,,,,,,,,,,,,,,,,,,,,,,,,,,,,,,,,,,,,
AC009506.1,,,,AC011337.1,,,,,,,,,,,,,,,,,,,,,,,,,,,,,,,,,,,,,,,,,,,,,,,,,,,,,,,,,,,,,,,,,,,,,,,,,,,,,,,,
AC090044.1,,,,AC104118.1,,,,,,,,,,,,,,,,,,,,,,,,,,,,,,,,,,,,,,,,,,,,,,,,,,,,,,,,,,,,,,,,,,,,,,,,,,,,,,,,
AL606970.1,,,,AC013400.1,,,,,,,,,,,,,,,,,,,,,,,,,,,,,,,,,,,,,,,,,,,,,,,,,,,,,,,,,,,,,,,,,,,,,,,,,,,,,,,,
ADM5,,,,AL162258.2,,,,,,,,,,,,,,,,,,,,,,,,,,,,,,,,,,,,,,,,,,,,,,,,,,,,,,,,,,,,,,,,,,,,,,,,,,,,,,,,
ATXN1L,,,,AC124045.1,,,,,,,,,,,,,,,,,,,,,,,,,,,,,,,,,,,,,,,,,,,,,,,,,,,,,,,,,,,,,,,,,,,,,,,,,,,,,,,,
AL451042.1,,,,AC008972.2,,,,,,,,,,,,,,,,,,,,,,,,,,,,,,,,,,,,,,,,,,,,,,,,,,,,,,,,,,,,,,,,,,,,,,,,,,,,,,,,
SH3BP5-AS1,,,,AC008966.2,,,,,,,,,,,,,,,,,,,,,,,,,,,,,,,,,,,,,,,,,,,,,,,,,,,,,,,,,,,,,,,,,,,,,,,,,,,,,,,,
INE1,,,,AL390719.2,,,,,,,,,,,,,,,,,,,,,,,,,,,,,,,,,,,,,,,,,,,,,,,,,,,,,,,,,,,,,,,,,,,,,,,,,,,,,,,,
AL603832.1,,,,NFYC-AS1,,,,,,,,,,,,,,,,,,,,,,,,,,,,,,,,,,,,,,,,,,,,,,,,,,,,,,,,,,,,,,,,,,,,,,,,,,,,,,,,
GRTP1-AS1,,,,AC087623.3,,,,,,,,,,,,,,,,,,,,,,,,,,,,,,,,,,,,,,,,,,,,,,,,,,,,,,,,,,,,,,,,,,,,,,,,,,,,,,,,
AL021707.1,,,,AL645940.1,,,,,,,,,,,,,,,,,,,,,,,,,,,,,,,,,,,,,,,,,,,,,,,,,,,,,,,,,,,,,,,,,,,,,,,,,,,,,,,,
NCBP2-AS1,,,,AC044849.1,,,,,,,,,,,,,,,,,,,,,,,,,,,,,,,,,,,,,,,,,,,,,,,,,,,,,,,,,,,,,,,,,,,,,,,,,,,,,,,,
MCRIP1,,,,AC034198.2,,,,,,,,,,,,,,,,,,,,,,,,,,,,,,,,,,,,,,,,,,,,,,,,,,,,,,,,,,,,,,,,,,,,,,,,,,,,,,,,
SLC26A6,,,,AC021242.3,,,,,,,,,,,,,,,,,,,,,,,,,,,,,,,,,,,,,,,,,,,,,,,,,,,,,,,,,,,,,,,,,,,,,,,,,,,,,,,,
MEG8,,,,KMT2B,,,,,,,,,,,,,,,,,,,,,,,,,,,,,,,,,,,,,,,,,,,,,,,,,,,,,,,,,,,,,,,,,,,,,,,,,,,,,,,,
FAM229A,,,,AL031775.1,,,,,,,,,,,,,,,,,,,,,,,,,,,,,,,,,,,,,,,,,,,,,,,,,,,,,,,,,,,,,,,,,,,,,,,,,,,,,,,,
LINC02816,,,,POM121C,,,,,,,,,,,,,,,,,,,,,,,,,,,,,,,,,,,,,,,,,,,,,,,,,,,,,,,,,,,,,,,,,,,,,,,,,,,,,,,,
LINC00115,,,,AL391244.2,,,,,,,,,,,,,,,,,,,,,,,,,,,,,,,,,,,,,,,,,,,,,,,,,,,,,,,,,,,,,,,,,,,,,,,,,,,,,,,,
LINC00685,,,,AC113194.1,,,,,,,,,,,,,,,,,,,,,,,,,,,,,,,,,,,,,,,,,,,,,,,,,,,,,,,,,,,,,,,,,,,,,,,,,,,,,,,,
CFLAR-AS1,,,,AL021807.1,,,,,,,,,,,,,,,,,,,,,,,,,,,,,,,,,,,,,,,,,,,,,,,,,,,,,,,,,,,,,,,,,,,,,,,,,,,,,,,,
AC016831.1,,,,AL645608.7,,,,,,,,,,,,,,,,,,,,,,,,,,,,,,,,,,,,,,,,,,,,,,,,,,,,,,,,,,,,,,,,,,,,,,,,,,,,,,,,
PARD3-AS1,,,,ZSWIM8-AS1,,,,,,,,,,,,,,,,,,,,,,,,,,,,,,,,,,,,,,,,,,,,,,,,,,,,,,,,,,,,,,,,,,,,,,,,,,,,,,,,
TMEM185B,,,,AL021707.6,,,,,,,,,,,,,,,,,,,,,,,,,,,,,,,,,,,,,,,,,,,,,,,,,,,,,,,,,,,,,,,,,,,,,,,,,,,,,,,,
SRRM5,,,,AC124016.1,,,,,,,,,,,,,,,,,,,,,,,,,,,,,,,,,,,,,,,,,,,,,,,,,,,,,,,,,,,,,,,,,,,,,,,,,,,,,,,,
DANCR,,,,ADIRF-AS1,,,,,,,,,,,,,,,,,,,,,,,,,,,,,,,,,,,,,,,,,,,,,,,,,,,,,,,,,,,,,,,,,,,,,,,,,,,,,,,,
LTA,,,,AC007881.3,,,,,,,,,,,,,,,,,,,,,,,,,,,,,,,,,,,,,,,,,,,,,,,,,,,,,,,,,,,,,,,,,,,,,,,,,,,,,,,,
LINC02094,,,,AC073389.3,,,,,,,,,,,,,,,,,,,,,,,,,,,,,,,,,,,,,,,,,,,,,,,,,,,,,,,,,,,,,,,,,,,,,,,,,,,,,,,,
ST7-AS1,,,,AC006238.1,,,,,,,,,,,,,,,,,,,,,,,,,,,,,,,,,,,,,,,,,,,,,,,,,,,,,,,,,,,,,,,,,,,,,,,,,,,,,,,,
AC017074.1,,,,AC004908.2,,,,,,,,,,,,,,,,,,,,,,,,,,,,,,,,,,,,,,,,,,,,,,,,,,,,,,,,,,,,,,,,,,,,,,,,,,,,,,,,
AKR1B15,,,,DCP1A,,,,,,,,,,,,,,,,,,,,,,,,,,,,,,,,,,,,,,,,,,,,,,,,,,,,,,,,,,,,,,,,,,,,,,,,,,,,,,,,
SPAG5-AS1,,,,LINC01578,,,,,,,,,,,,,,,,,,,,,,,,,,,,,,,,,,,,,,,,,,,,,,,,,,,,,,,,,,,,,,,,,,,,,,,,,,,,,,,,
LINC01068,,,,ATP6V1FNB,,,,,,,,,,,,,,,,,,,,,,,,,,,,,,,,,,,,,,,,,,,,,,,,,,,,,,,,,,,,,,,,,,,,,,,,,,,,,,,,
LINC02803,,,,AL353708.3,,,,,,,,,,,,,,,,,,,,,,,,,,,,,,,,,,,,,,,,,,,,,,,,,,,,,,,,,,,,,,,,,,,,,,,,,,,,,,,,
AL121987.2,,,,AC090425.3,,,,,,,,,,,,,,,,,,,,,,,,,,,,,,,,,,,,,,,,,,,,,,,,,,,,,,,,,,,,,,,,,,,,,,,,,,,,,,,,
AC016596.1,,,,AC012360.3,,,,,,,,,,,,,,,,,,,,,,,,,,,,,,,,,,,,,,,,,,,,,,,,,,,,,,,,,,,,,,,,,,,,,,,,,,,,,,,,
AC007383.2,,,,AL731533.2,,,,,,,,,,,,,,,,,,,,,,,,,,,,,,,,,,,,,,,,,,,,,,,,,,,,,,,,,,,,,,,,,,,,,,,,,,,,,,,,
AL451042.2,,,,AP000240.1,,,,,,,,,,,,,,,,,,,,,,,,,,,,,,,,,,,,,,,,,,,,,,,,,,,,,,,,,,,,,,,,,,,,,,,,,,,,,,,,
IL6R-AS1,,,,AL365203.2,,,,,,,,,,,,,,,,,,,,,,,,,,,,,,,,,,,,,,,,,,,,,,,,,,,,,,,,,,,,,,,,,,,,,,,,,,,,,,,,
AL139246.3,,,,AL021707.8,,,,,,,,,,,,,,,,,,,,,,,,,,,,,,,,,,,,,,,,,,,,,,,,,,,,,,,,,,,,,,,,,,,,,,,,,,,,,,,,
AP000692.1,,,,AC133528.1,,,,,,,,,,,,,,,,,,,,,,,,,,,,,,,,,,,,,,,,,,,,,,,,,,,,,,,,,,,,,,,,,,,,,,,,,,,,,,,,
MELTF-AS1,,,,AC144652.1,,,,,,,,,,,,,,,,,,,,,,,,,,,,,,,,,,,,,,,,,,,,,,,,,,,,,,,,,,,,,,,,,,,,,,,,,,,,,,,,
FALEC,,,,PACERR,,,,,,,,,,,,,,,,,,,,,,,,,,,,,,,,,,,,,,,,,,,,,,,,,,,,,,,,,,,,,,,,,,,,,,,,,,,,,,,,
AC093495.1,,,,AL022328.2,,,,,,,,,,,,,,,,,,,,,,,,,,,,,,,,,,,,,,,,,,,,,,,,,,,,,,,,,,,,,,,,,,,,,,,,,,,,,,,,
LINC01004,,,,LINC02604,,,,,,,,,,,,,,,,,,,,,,,,,,,,,,,,,,,,,,,,,,,,,,,,,,,,,,,,,,,,,,,,,,,,,,,,,,,,,,,,
AL139260.1,,,,AP001437.1,,,,,,,,,,,,,,,,,,,,,,,,,,,,,,,,,,,,,,,,,,,,,,,,,,,,,,,,,,,,,,,,,,,,,,,,,,,,,,,,
AL513550.1,,,,AC002059.1,,,,,,,,,,,,,,,,,,,,,,,,,,,,,,,,,,,,,,,,,,,,,,,,,,,,,,,,,,,,,,,,,,,,,,,,,,,,,,,,
MIR34AHG,,,,AP000254.2,,,,,,,,,,,,,,,,,,,,,,,,,,,,,,,,,,,,,,,,,,,,,,,,,,,,,,,,,,,,,,,,,,,,,,,,,,,,,,,,
BX284668.2,,,,AP001033.2,,,,,,,,,,,,,,,,,,,,,,,,,,,,,,,,,,,,,,,,,,,,,,,,,,,,,,,,,,,,,,,,,,,,,,,,,,,,,,,,
AL691426.1,,,,AC018690.1,,,,,,,,,,,,,,,,,,,,,,,,,,,,,,,,,,,,,,,,,,,,,,,,,,,,,,,,,,,,,,,,,,,,,,,,,,,,,,,,
AC008781.1,,,,AC099329.2,,,,,,,,,,,,,,,,,,,,,,,,,,,,,,,,,,,,,,,,,,,,,,,,,,,,,,,,,,,,,,,,,,,,,,,,,,,,,,,,
BACH1-IT2,,,,LINC02019,,,,,,,,,,,,,,,,,,,,,,,,,,,,,,,,,,,,,,,,,,,,,,,,,,,,,,,,,,,,,,,,,,,,,,,,,,,,,,,,
PIK3IP1-AS1,,,,AL355488.1,,,,,,,,,,,,,,,,,,,,,,,,,,,,,,,,,,,,,,,,,,,,,,,,,,,,,,,,,,,,,,,,,,,,,,,,,,,,,,,,
VIM-AS1,,,,AL732292.2,,,,,,,,,,,,,,,,,,,,,,,,,,,,,,,,,,,,,,,,,,,,,,,,,,,,,,,,,,,,,,,,,,,,,,,,,,,,,,,,
ANKRD10-IT1,,,,AC108673.3,,,,,,,,,,,,,,,,,,,,,,,,,,,,,,,,,,,,,,,,,,,,,,,,,,,,,,,,,,,,,,,,,,,,,,,,,,,,,,,,
AL121845.1,,,,AL139124.1,,,,,,,,,,,,,,,,,,,,,,,,,,,,,,,,,,,,,,,,,,,,,,,,,,,,,,,,,,,,,,,,,,,,,,,,,,,,,,,,
HYI-AS1,,,,AC112503.2,,,,,,,,,,,,,,,,,,,,,,,,,,,,,,,,,,,,,,,,,,,,,,,,,,,,,,,,,,,,,,,,,,,,,,,,,,,,,,,,
LINC00452,,,,AC012510.1,,,,,,,,,,,,,,,,,,,,,,,,,,,,,,,,,,,,,,,,,,,,,,,,,,,,,,,,,,,,,,,,,,,,,,,,,,,,,,,,
AL359853.1,,,,AL162274.1,,,,,,,,,,,,,,,,,,,,,,,,,,,,,,,,,,,,,,,,,,,,,,,,,,,,,,,,,,,,,,,,,,,,,,,,,,,,,,,,
AC006017.1,,,,HIST1H4K,,,,,,,,,,,,,,,,,,,,,,,,,,,,,,,,,,,,,,,,,,,,,,,,,,,,,,,,,,,,,,,,,,,,,,,,,,,,,,,,
MIR194-2HG,,,,CWC25,,,,,,,,,,,,,,,,,,,,,,,,,,,,,,,,,,,,,,,,,,,,,,,,,,,,,,,,,,,,,,,,,,,,,,,,,,,,,,,,
AL021707.3,,,,AC131009.3,,,,,,,,,,,,,,,,,,,,,,,,,,,,,,,,,,,,,,,,,,,,,,,,,,,,,,,,,,,,,,,,,,,,,,,,,,,,,,,,
LINC01786,,,,AC009283.1,,,,,,,,,,,,,,,,,,,,,,,,,,,,,,,,,,,,,,,,,,,,,,,,,,,,,,,,,,,,,,,,,,,,,,,,,,,,,,,,
U73166.1,,,,AL731571.1,,,,,,,,,,,,,,,,,,,,,,,,,,,,,,,,,,,,,,,,,,,,,,,,,,,,,,,,,,,,,,,,,,,,,,,,,,,,,,,,
AC124057.1,,,,EPOP,,,,,,,,,,,,,,,,,,,,,,,,,,,,,,,,,,,,,,,,,,,,,,,,,,,,,,,,,,,,,,,,,,,,,,,,,,,,,,,,
AC091133.1,,,,AC004223.4,,,,,,,,,,,,,,,,,,,,,,,,,,,,,,,,,,,,,,,,,,,,,,,,,,,,,,,,,,,,,,,,,,,,,,,,,,,,,,,,
AC016949.1,,,,HIST1H2BM,,,,,,,,,,,,,,,,,,,,,,,,,,,,,,,,,,,,,,,,,,,,,,,,,,,,,,,,,,,,,,,,,,,,,,,,,,,,,,,,
ZNF341-AS1,,,,CYFIP1,,,,,,,,,,,,,,,,,,,,,,,,,,,,,,,,,,,,,,,,,,,,,,,,,,,,,,,,,,,,,,,,,,,,,,,,,,,,,,,,
AC005532.1,,,,AL117379.1,,,,,,,,,,,,,,,,,,,,,,,,,,,,,,,,,,,,,,,,,,,,,,,,,,,,,,,,,,,,,,,,,,,,,,,,,,,,,,,,
ZNF674-AS1,,,,HIST1H2BG,,,,,,,,,,,,,,,,,,,,,,,,,,,,,,,,,,,,,,,,,,,,,,,,,,,,,,,,,,,,,,,,,,,,,,,,,,,,,,,,
AF129075.1,,,,AL133520.1,,,,,,,,,,,,,,,,,,,,,,,,,,,,,,,,,,,,,,,,,,,,,,,,,,,,,,,,,,,,,,,,,,,,,,,,,,,,,,,,
FARP1-AS1,,,,NOL12,,,,,,,,,,,,,,,,,,,,,,,,,,,,,,,,,,,,,,,,,,,,,,,,,,,,,,,,,,,,,,,,,,,,,,,,,,,,,,,,
APCDD1L-DT,,,,HIST1H3G,,,,,,,,,,,,,,,,,,,,,,,,,,,,,,,,,,,,,,,,,,,,,,,,,,,,,,,,,,,,,,,,,,,,,,,,,,,,,,,,
LINC01160,,,,NATD1,,,,,,,,,,,,,,,,,,,,,,,,,,,,,,,,,,,,,,,,,,,,,,,,,,,,,,,,,,,,,,,,,,,,,,,,,,,,,,,,
WARS2-AS1,,,,AL138689.1,,,,,,,,,,,,,,,,,,,,,,,,,,,,,,,,,,,,,,,,,,,,,,,,,,,,,,,,,,,,,,,,,,,,,,,,,,,,,,,,
LUARIS,,,,AC015912.3,,,,,,,,,,,,,,,,,,,,,,,,,,,,,,,,,,,,,,,,,,,,,,,,,,,,,,,,,,,,,,,,,,,,,,,,,,,,,,,,
KF459542.1,,,,HIST1H2BE,,,,,,,,,,,,,,,,,,,,,,,,,,,,,,,,,,,,,,,,,,,,,,,,,,,,,,,,,,,,,,,,,,,,,,,,,,,,,,,,
TRAF3IP2-AS1,,,,AC130371.2,,,,,,,,,,,,,,,,,,,,,,,,,,,,,,,,,,,,,,,,,,,,,,,,,,,,,,,,,,,,,,,,,,,,,,,,,,,,,,,,
LINC02818,,,,AC092119.2,,,,,,,,,,,,,,,,,,,,,,,,,,,,,,,,,,,,,,,,,,,,,,,,,,,,,,,,,,,,,,,,,,,,,,,,,,,,,,,,
AL355490.2,,,,TBC1D3L,,,,,,,,,,,,,,,,,,,,,,,,,,,,,,,,,,,,,,,,,,,,,,,,,,,,,,,,,,,,,,,,,,,,,,,,,,,,,,,,
TMEM253,,,,AC090970.2,,,,,,,,,,,,,,,,,,,,,,,,,,,,,,,,,,,,,,,,,,,,,,,,,,,,,,,,,,,,,,,,,,,,,,,,,,,,,,,,
AC093673.1,,,,HIST1H4F,,,,,,,,,,,,,,,,,,,,,,,,,,,,,,,,,,,,,,,,,,,,,,,,,,,,,,,,,,,,,,,,,,,,,,,,,,,,,,,,
AL365436.2,,,,HIST1H2BO,,,,,,,,,,,,,,,,,,,,,,,,,,,,,,,,,,,,,,,,,,,,,,,,,,,,,,,,,,,,,,,,,,,,,,,,,,,,,,,,
AL355304.1,,,,AC106886.3,,,,,,,,,,,,,,,,,,,,,,,,,,,,,,,,,,,,,,,,,,,,,,,,,,,,,,,,,,,,,,,,,,,,,,,,,,,,,,,,
IDI2-AS1,,,,AC004466.2,,,,,,,,,,,,,,,,,,,,,,,,,,,,,,,,,,,,,,,,,,,,,,,,,,,,,,,,,,,,,,,,,,,,,,,,,,,,,,,,
ZNF687-AS1,,,,HIST1H3E,,,,,,,,,,,,,,,,,,,,,,,,,,,,,,,,,,,,,,,,,,,,,,,,,,,,,,,,,,,,,,,,,,,,,,,,,,,,,,,,
TNF,,,,AC004825.2,,,,,,,,,,,,,,,,,,,,,,,,,,,,,,,,,,,,,,,,,,,,,,,,,,,,,,,,,,,,,,,,,,,,,,,,,,,,,,,,
LMLN-AS1,,,,AC068473.5,,,,,,,,,,,,,,,,,,,,,,,,,,,,,,,,,,,,,,,,,,,,,,,,,,,,,,,,,,,,,,,,,,,,,,,,,,,,,,,,
AC080129.2,,,,AC131238.1,,,,,,,,,,,,,,,,,,,,,,,,,,,,,,,,,,,,,,,,,,,,,,,,,,,,,,,,,,,,,,,,,,,,,,,,,,,,,,,,
LINC00342,,,,ZKSCAN2-DT,,,,,,,,,,,,,,,,,,,,,,,,,,,,,,,,,,,,,,,,,,,,,,,,,,,,,,,,,,,,,,,,,,,,,,,,,,,,,,,,
SNHG7,,,,AC079684.1,,,,,,,,,,,,,,,,,,,,,,,,,,,,,,,,,,,,,,,,,,,,,,,,,,,,,,,,,,,,,,,,,,,,,,,,,,,,,,,,
ERVH48-1,,,,HIST1H2AH,,,,,,,,,,,,,,,,,,,,,,,,,,,,,,,,,,,,,,,,,,,,,,,,,,,,,,,,,,,,,,,,,,,,,,,,,,,,,,,,
AC079807.1,,,,AC011468.5,,,,,,,,,,,,,,,,,,,,,,,,,,,,,,,,,,,,,,,,,,,,,,,,,,,,,,,,,,,,,,,,,,,,,,,,,,,,,,,,
LINC01783,,,,AC020663.3,,,,,,,,,,,,,,,,,,,,,,,,,,,,,,,,,,,,,,,,,,,,,,,,,,,,,,,,,,,,,,,,,,,,,,,,,,,,,,,,
HOTAIRM1,,,,SYNRG,,,,,,,,,,,,,,,,,,,,,,,,,,,,,,,,,,,,,,,,,,,,,,,,,,,,,,,,,,,,,,,,,,,,,,,,,,,,,,,,
LINC00513,,,,AC022098.4,,,,,,,,,,,,,,,,,,,,,,,,,,,,,,,,,,,,,,,,,,,,,,,,,,,,,,,,,,,,,,,,,,,,,,,,,,,,,,,,
KRTAP5-AS1,,,,AL031710.2,,,,,,,,,,,,,,,,,,,,,,,,,,,,,,,,,,,,,,,,,,,,,,,,,,,,,,,,,,,,,,,,,,,,,,,,,,,,,,,,
AC008443.1,,,,HIST1H4L,,,,,,,,,,,,,,,,,,,,,,,,,,,,,,,,,,,,,,,,,,,,,,,,,,,,,,,,,,,,,,,,,,,,,,,,,,,,,,,,
EIF2AK3-DT,,,,AC048341.2,,,,,,,,,,,,,,,,,,,,,,,,,,,,,,,,,,,,,,,,,,,,,,,,,,,,,,,,,,,,,,,,,,,,,,,,,,,,,,,,
LINC01191,,,,AL512791.2,,,,,,,,,,,,,,,,,,,,,,,,,,,,,,,,,,,,,,,,,,,,,,,,,,,,,,,,,,,,,,,,,,,,,,,,,,,,,,,,
MAGI2-AS3,,,,AL161421.1,,,,,,,,,,,,,,,,,,,,,,,,,,,,,,,,,,,,,,,,,,,,,,,,,,,,,,,,,,,,,,,,,,,,,,,,,,,,,,,,
LINC02092,,,,AL161431.1,,,,,,,,,,,,,,,,,,,,,,,,,,,,,,,,,,,,,,,,,,,,,,,,,,,,,,,,,,,,,,,,,,,,,,,,,,,,,,,,
HLA-B,,,,HIST1H2AK,,,,,,,,,,,,,,,,,,,,,,,,,,,,,,,,,,,,,,,,,,,,,,,,,,,,,,,,,,,,,,,,,,,,,,,,,,,,,,,,
AL611929.1,,,,AC010503.4,,,,,,,,,,,,,,,,,,,,,,,,,,,,,,,,,,,,,,,,,,,,,,,,,,,,,,,,,,,,,,,,,,,,,,,,,,,,,,,,
C11orf94,,,,HIST1H3I,,,,,,,,,,,,,,,,,,,,,,,,,,,,,,,,,,,,,,,,,,,,,,,,,,,,,,,,,,,,,,,,,,,,,,,,,,,,,,,,
SNHG20,,,,AL121832.3,,,,,,,,,,,,,,,,,,,,,,,,,,,,,,,,,,,,,,,,,,,,,,,,,,,,,,,,,,,,,,,,,,,,,,,,,,,,,,,,
AL360181.2,,,,AL049539.1,,,,,,,,,,,,,,,,,,,,,,,,,,,,,,,,,,,,,,,,,,,,,,,,,,,,,,,,,,,,,,,,,,,,,,,,,,,,,,,,
AL020993.1,,,,AC068338.3,,,,,,,,,,,,,,,,,,,,,,,,,,,,,,,,,,,,,,,,,,,,,,,,,,,,,,,,,,,,,,,,,,,,,,,,,,,,,,,,
KDM5C-IT1,,,,HIST1H2BH,,,,,,,,,,,,,,,,,,,,,,,,,,,,,,,,,,,,,,,,,,,,,,,,,,,,,,,,,,,,,,,,,,,,,,,,,,,,,,,,
LINC02154,,,,HIST1H3A,,,,,,,,,,,,,,,,,,,,,,,,,,,,,,,,,,,,,,,,,,,,,,,,,,,,,,,,,,,,,,,,,,,,,,,,,,,,,,,,
LINC01278,,,,AC092747.4,,,,,,,,,,,,,,,,,,,,,,,,,,,,,,,,,,,,,,,,,,,,,,,,,,,,,,,,,,,,,,,,,,,,,,,,,,,,,,,,
LURAP1L-AS1,,,,ARHGAP23,,,,,,,,,,,,,,,,,,,,,,,,,,,,,,,,,,,,,,,,,,,,,,,,,,,,,,,,,,,,,,,,,,,,,,,,,,,,,,,,
AC073046.1,,,,AL021578.1,,,,,,,,,,,,,,,,,,,,,,,,,,,,,,,,,,,,,,,,,,,,,,,,,,,,,,,,,,,,,,,,,,,,,,,,,,,,,,,,
LINC01647,,,,U2AF1L5,,,,,,,,,,,,,,,,,,,,,,,,,,,,,,,,,,,,,,,,,,,,,,,,,,,,,,,,,,,,,,,,,,,,,,,,,,,,,,,,
AC005540.1,,,,HIST1H4I,,,,,,,,,,,,,,,,,,,,,,,,,,,,,,,,,,,,,,,,,,,,,,,,,,,,,,,,,,,,,,,,,,,,,,,,,,,,,,,,
LCE6A,,,,AC245014.3,,,,,,,,,,,,,,,,,,,,,,,,,,,,,,,,,,,,,,,,,,,,,,,,,,,,,,,,,,,,,,,,,,,,,,,,,,,,,,,,
EGOT,,,,AC048382.6,,,,,,,,,,,,,,,,,,,,,,,,,,,,,,,,,,,,,,,,,,,,,,,,,,,,,,,,,,,,,,,,,,,,,,,,,,,,,,,,
TTC28-AS1,,,,HIST1H2AJ,,,,,,,,,,,,,,,,,,,,,,,,,,,,,,,,,,,,,,,,,,,,,,,,,,,,,,,,,,,,,,,,,,,,,,,,,,,,,,,,
AC019117.1,,,,AC004241.3,,,,,,,,,,,,,,,,,,,,,,,,,,,,,,,,,,,,,,,,,,,,,,,,,,,,,,,,,,,,,,,,,,,,,,,,,,,,,,,,
AC009404.1,,,,HIST1H2BB,,,,,,,,,,,,,,,,,,,,,,,,,,,,,,,,,,,,,,,,,,,,,,,,,,,,,,,,,,,,,,,,,,,,,,,,,,,,,,,,
DIAPH2-AS1,,,,AC005393.1,,,,,,,,,,,,,,,,,,,,,,,,,,,,,,,,,,,,,,,,,,,,,,,,,,,,,,,,,,,,,,,,,,,,,,,,,,,,,,,,
UBE2L5,,,,AL133243.3,,,,,,,,,,,,,,,,,,,,,,,,,,,,,,,,,,,,,,,,,,,,,,,,,,,,,,,,,,,,,,,,,,,,,,,,,,,,,,,,
AC003092.1,,,,AL109614.1,,,,,,,,,,,,,,,,,,,,,,,,,,,,,,,,,,,,,,,,,,,,,,,,,,,,,,,,,,,,,,,,,,,,,,,,,,,,,,,,
AC127070.1,,,,AC092117.1,,,,,,,,,,,,,,,,,,,,,,,,,,,,,,,,,,,,,,,,,,,,,,,,,,,,,,,,,,,,,,,,,,,,,,,,,,,,,,,,
AC007666.1,,,,AC020922.4,,,,,,,,,,,,,,,,,,,,,,,,,,,,,,,,,,,,,,,,,,,,,,,,,,,,,,,,,,,,,,,,,,,,,,,,,,,,,,,,
MIR600HG,,,,AC026124.2,,,,,,,,,,,,,,,,,,,,,,,,,,,,,,,,,,,,,,,,,,,,,,,,,,,,,,,,,,,,,,,,,,,,,,,,,,,,,,,,
AC245052.4,,,,AC074050.4,,,,,,,,,,,,,,,,,,,,,,,,,,,,,,,,,,,,,,,,,,,,,,,,,,,,,,,,,,,,,,,,,,,,,,,,,,,,,,,,
ZBTB40-IT1,,,,AC023157.3,,,,,,,,,,,,,,,,,,,,,,,,,,,,,,,,,,,,,,,,,,,,,,,,,,,,,,,,,,,,,,,,,,,,,,,,,,,,,,,,
RNF223,,,,HIST1H2AL,,,,,,,,,,,,,,,,,,,,,,,,,,,,,,,,,,,,,,,,,,,,,,,,,,,,,,,,,,,,,,,,,,,,,,,,,,,,,,,,
FTCD-AS1,,,,AL121772.3,,,,,,,,,,,,,,,,,,,,,,,,,,,,,,,,,,,,,,,,,,,,,,,,,,,,,,,,,,,,,,,,,,,,,,,,,,,,,,,,
PITRM1-AS1,,,,HIST1H4E,,,,,,,,,,,,,,,,,,,,,,,,,,,,,,,,,,,,,,,,,,,,,,,,,,,,,,,,,,,,,,,,,,,,,,,,,,,,,,,,
RGL2,,,,AL513314.2,,,,,,,,,,,,,,,,,,,,,,,,,,,,,,,,,,,,,,,,,,,,,,,,,,,,,,,,,,,,,,,,,,,,,,,,,,,,,,,,
AL138828.1,,,,HIST1H2AE,,,,,,,,,,,,,,,,,,,,,,,,,,,,,,,,,,,,,,,,,,,,,,,,,,,,,,,,,,,,,,,,,,,,,,,,,,,,,,,,
AC023669.2,,,,HIST1H4D,,,,,,,,,,,,,,,,,,,,,,,,,,,,,,,,,,,,,,,,,,,,,,,,,,,,,,,,,,,,,,,,,,,,,,,,,,,,,,,,
AL356356.1,,,,HIST1H2BF,,,,,,,,,,,,,,,,,,,,,,,,,,,,,,,,,,,,,,,,,,,,,,,,,,,,,,,,,,,,,,,,,,,,,,,,,,,,,,,,
LINC01589,,,,PCGF2,,,,,,,,,,,,,,,,,,,,,,,,,,,,,,,,,,,,,,,,,,,,,,,,,,,,,,,,,,,,,,,,,,,,,,,,,,,,,,,,
LINC00707,,,,AC090246.1,,,,,,,,,,,,,,,,,,,,,,,,,,,,,,,,,,,,,,,,,,,,,,,,,,,,,,,,,,,,,,,,,,,,,,,,,,,,,,,,
RNF103,,,,ZNF670,,,,,,,,,,,,,,,,,,,,,,,,,,,,,,,,,,,,,,,,,,,,,,,,,,,,,,,,,,,,,,,,,,,,,,,,,,,,,,,,
ALKBH6,,,,AC005332.5,,,,,,,,,,,,,,,,,,,,,,,,,,,,,,,,,,,,,,,,,,,,,,,,,,,,,,,,,,,,,,,,,,,,,,,,,,,,,,,,
KMT2E-AS1,,,,AL109923.1,,,,,,,,,,,,,,,,,,,,,,,,,,,,,,,,,,,,,,,,,,,,,,,,,,,,,,,,,,,,,,,,,,,,,,,,,,,,,,,,
AC073288.1,,,,AC007546.1,,,,,,,,,,,,,,,,,,,,,,,,,,,,,,,,,,,,,,,,,,,,,,,,,,,,,,,,,,,,,,,,,,,,,,,,,,,,,,,,
PSMD6-AS2,,,,HIST1H3F,,,,,,,,,,,,,,,,,,,,,,,,,,,,,,,,,,,,,,,,,,,,,,,,,,,,,,,,,,,,,,,,,,,,,,,,,,,,,,,,
AL157392.3,,,,AL391988.1,,,,,,,,,,,,,,,,,,,,,,,,,,,,,,,,,,,,,,,,,,,,,,,,,,,,,,,,,,,,,,,,,,,,,,,,,,,,,,,,
CDRT4,,,,AC135279.4,,,,,,,,,,,,,,,,,,,,,,,,,,,,,,,,,,,,,,,,,,,,,,,,,,,,,,,,,,,,,,,,,,,,,,,,,,,,,,,,
GET4,,,,AL162274.2,,,,,,,,,,,,,,,,,,,,,,,,,,,,,,,,,,,,,,,,,,,,,,,,,,,,,,,,,,,,,,,,,,,,,,,,,,,,,,,,
LY6G5B,,,,AC009093.6,,,,,,,,,,,,,,,,,,,,,,,,,,,,,,,,,,,,,,,,,,,,,,,,,,,,,,,,,,,,,,,,,,,,,,,,,,,,,,,,
AL512306.2,,,,AC139100.2,,,,,,,,,,,,,,,,,,,,,,,,,,,,,,,,,,,,,,,,,,,,,,,,,,,,,,,,,,,,,,,,,,,,,,,,,,,,,,,,
LCE1F,,,,AC135050.6,,,,,,,,,,,,,,,,,,,,,,,,,,,,,,,,,,,,,,,,,,,,,,,,,,,,,,,,,,,,,,,,,,,,,,,,,,,,,,,,
LINC00973,,,,PRICKLE4,,,,,,,,,,,,,,,,,,,,,,,,,,,,,,,,,,,,,,,,,,,,,,,,,,,,,,,,,,,,,,,,,,,,,,,,,,,,,,,,
LINC01168,,,,AC138028.6,,,,,,,,,,,,,,,,,,,,,,,,,,,,,,,,,,,,,,,,,,,,,,,,,,,,,,,,,,,,,,,,,,,,,,,,,,,,,,,,
AL139287.1,,,,HIST1H2AB,,,,,,,,,,,,,,,,,,,,,,,,,,,,,,,,,,,,,,,,,,,,,,,,,,,,,,,,,,,,,,,,,,,,,,,,,,,,,,,,
ARHGEF25,,,,HIST1H2BI,,,,,,,,,,,,,,,,,,,,,,,,,,,,,,,,,,,,,,,,,,,,,,,,,,,,,,,,,,,,,,,,,,,,,,,,,,,,,,,,
HLA-DOB,,,,C11orf98,,,,,,,,,,,,,,,,,,,,,,,,,,,,,,,,,,,,,,,,,,,,,,,,,,,,,,,,,,,,,,,,,,,,,,,,,,,,,,,,
CRCP,,,,HIST1H4A,,,,,,,,,,,,,,,,,,,,,,,,,,,,,,,,,,,,,,,,,,,,,,,,,,,,,,,,,,,,,,,,,,,,,,,,,,,,,,,,
C8orf58,,,,HIST1H4B,,,,,,,,,,,,,,,,,,,,,,,,,,,,,,,,,,,,,,,,,,,,,,,,,,,,,,,,,,,,,,,,,,,,,,,,,,,,,,,,
PISD,,,,NKILA,,,,,,,,,,,,,,,,,,,,,,,,,,,,,,,,,,,,,,,,,,,,,,,,,,,,,,,,,,,,,,,,,,,,,,,,,,,,,,,,
PI4KA,,,,AC005332.6,,,,,,,,,,,,,,,,,,,,,,,,,,,,,,,,,,,,,,,,,,,,,,,,,,,,,,,,,,,,,,,,,,,,,,,,,,,,,,,,
HYPK,,,,AL136295.7,,,,,,,,,,,,,,,,,,,,,,,,,,,,,,,,,,,,,,,,,,,,,,,,,,,,,,,,,,,,,,,,,,,,,,,,,,,,,,,,
PEG10,,,,HIST1H3H,,,,,,,,,,,,,,,,,,,,,,,,,,,,,,,,,,,,,,,,,,,,,,,,,,,,,,,,,,,,,,,,,,,,,,,,,,,,,,,,
CNTF,,,,AC005005.4,,,,,,,,,,,,,,,,,,,,,,,,,,,,,,,,,,,,,,,,,,,,,,,,,,,,,,,,,,,,,,,,,,,,,,,,,,,,,,,,
RTL5,,,,AC008764.8,,,,,,,,,,,,,,,,,,,,,,,,,,,,,,,,,,,,,,,,,,,,,,,,,,,,,,,,,,,,,,,,,,,,,,,,,,,,,,,,
AP5Z1,,,,PLAC4,,,,,,,,,,,,,,,,,,,,,,,,,,,,,,,,,,,,,,,,,,,,,,,,,,,,,,,,,,,,,,,,,,,,,,,,,,,,,,,,
STRC,,,,UCKL1-AS1,,,,,,,,,,,,,,,,,,,,,,,,,,,,,,,,,,,,,,,,,,,,,,,,,,,,,,,,,,,,,,,,,,,,,,,,,,,,,,,,
AC110769.1,,,,LINC01348,,,,,,,,,,,,,,,,,,,,,,,,,,,,,,,,,,,,,,,,,,,,,,,,,,,,,,,,,,,,,,,,,,,,,,,,,,,,,,,,
KCTD7,,,,LINC00628,,,,,,,,,,,,,,,,,,,,,,,,,,,,,,,,,,,,,,,,,,,,,,,,,,,,,,,,,,,,,,,,,,,,,,,,,,,,,,,,
NPIPB5,,,,NPTN-IT1,,,,,,,,,,,,,,,,,,,,,,,,,,,,,,,,,,,,,,,,,,,,,,,,,,,,,,,,,,,,,,,,,,,,,,,,,,,,,,,,
RN7SL832P,,,,AC007878.1,,,,,,,,,,,,,,,,,,,,,,,,,,,,,,,,,,,,,,,,,,,,,,,,,,,,,,,,,,,,,,,,,,,,,,,,,,,,,,,,
MRPS6,,,,DNAJB5-DT,,,,,,,,,,,,,,,,,,,,,,,,,,,,,,,,,,,,,,,,,,,,,,,,,,,,,,,,,,,,,,,,,,,,,,,,,,,,,,,,
AL390195.1,,,,C2-AS1,,,,,,,,,,,,,,,,,,,,,,,,,,,,,,,,,,,,,,,,,,,,,,,,,,,,,,,,,,,,,,,,,,,,,,,,,,,,,,,,
P2RY11,,,,LINC01002,,,,,,,,,,,,,,,,,,,,,,,,,,,,,,,,,,,,,,,,,,,,,,,,,,,,,,,,,,,,,,,,,,,,,,,,,,,,,,,,
ETV5,,,,AL627171.2,,,,,,,,,,,,,,,,,,,,,,,,,,,,,,,,,,,,,,,,,,,,,,,,,,,,,,,,,,,,,,,,,,,,,,,,,,,,,,,,
RBM12,,,,PCBP2-OT1,,,,,,,,,,,,,,,,,,,,,,,,,,,,,,,,,,,,,,,,,,,,,,,,,,,,,,,,,,,,,,,,,,,,,,,,,,,,,,,,
AL021707.5,,,,LINC02635,,,,,,,,,,,,,,,,,,,,,,,,,,,,,,,,,,,,,,,,,,,,,,,,,,,,,,,,,,,,,,,,,,,,,,,,,,,,,,,,
N4BP2L2,,,,AC103703.1,,,,,,,,,,,,,,,,,,,,,,,,,,,,,,,,,,,,,,,,,,,,,,,,,,,,,,,,,,,,,,,,,,,,,,,,,,,,,,,,
GABPB1-AS1,,,,AL137077.2,,,,,,,,,,,,,,,,,,,,,,,,,,,,,,,,,,,,,,,,,,,,,,,,,,,,,,,,,,,,,,,,,,,,,,,,,,,,,,,,
AC107959.1,,,,SPEM3,,,,,,,,,,,,,,,,,,,,,,,,,,,,,,,,,,,,,,,,,,,,,,,,,,,,,,,,,,,,,,,,,,,,,,,,,,,,,,,,
AC008393.1,,,,AC012485.3,,,,,,,,,,,,,,,,,,,,,,,,,,,,,,,,,,,,,,,,,,,,,,,,,,,,,,,,,,,,,,,,,,,,,,,,,,,,,,,,
LINC02709,,,,AD000090.1,,,,,,,,,,,,,,,,,,,,,,,,,,,,,,,,,,,,,,,,,,,,,,,,,,,,,,,,,,,,,,,,,,,,,,,,,,,,,,,,
NEAT1,,,,AL139424.2,,,,,,,,,,,,,,,,,,,,,,,,,,,,,,,,,,,,,,,,,,,,,,,,,,,,,,,,,,,,,,,,,,,,,,,,,,,,,,,,
CRNDE,,,,AC016831.7,,,,,,,,,,,,,,,,,,,,,,,,,,,,,,,,,,,,,,,,,,,,,,,,,,,,,,,,,,,,,,,,,,,,,,,,,,,,,,,,
AC016065.1,,,,AC092306.1,,,,,,,,,,,,,,,,,,,,,,,,,,,,,,,,,,,,,,,,,,,,,,,,,,,,,,,,,,,,,,,,,,,,,,,,,,,,,,,,
AC107959.2,,,,DINOL,,,,,,,,,,,,,,,,,,,,,,,,,,,,,,,,,,,,,,,,,,,,,,,,,,,,,,,,,,,,,,,,,,,,,,,,,,,,,,,,
AL049543.1,,,,AC021097.2,,,,,,,,,,,,,,,,,,,,,,,,,,,,,,,,,,,,,,,,,,,,,,,,,,,,,,,,,,,,,,,,,,,,,,,,,,,,,,,,
UBE2D3-AS1,,,,AC010422.7,,,,,,,,,,,,,,,,,,,,,,,,,,,,,,,,,,,,,,,,,,,,,,,,,,,,,,,,,,,,,,,,,,,,,,,,,,,,,,,,
RASSF8-AS1,,,,Z82202.2,,,,,,,,,,,,,,,,,,,,,,,,,,,,,,,,,,,,,,,,,,,,,,,,,,,,,,,,,,,,,,,,,,,,,,,,,,,,,,,,
SOCS2-AS1,,,,AL021155.5,,,,,,,,,,,,,,,,,,,,,,,,,,,,,,,,,,,,,,,,,,,,,,,,,,,,,,,,,,,,,,,,,,,,,,,,,,,,,,,,
AC008443.2,,,,AC115284.3,,,,,,,,,,,,,,,,,,,,,,,,,,,,,,,,,,,,,,,,,,,,,,,,,,,,,,,,,,,,,,,,,,,,,,,,,,,,,,,,
SNHG10,,,,LINC02680,,,,,,,,,,,,,,,,,,,,,,,,,,,,,,,,,,,,,,,,,,,,,,,,,,,,,,,,,,,,,,,,,,,,,,,,,,,,,,,,
ZCCHC3,,,,AC083837.1,,,,,,,,,,,,,,,,,,,,,,,,,,,,,,,,,,,,,,,,,,,,,,,,,,,,,,,,,,,,,,,,,,,,,,,,,,,,,,,,
AC139795.2,,,,AL162458.1,,,,,,,,,,,,,,,,,,,,,,,,,,,,,,,,,,,,,,,,,,,,,,,,,,,,,,,,,,,,,,,,,,,,,,,,,,,,,,,,
LINC00926,,,,AC010336.8,,,,,,,,,,,,,,,,,,,,,,,,,,,,,,,,,,,,,,,,,,,,,,,,,,,,,,,,,,,,,,,,,,,,,,,,,,,,,,,,
LUCAT1,,,,AC012443.2,,,,,,,,,,,,,,,,,,,,,,,,,,,,,,,,,,,,,,,,,,,,,,,,,,,,,,,,,,,,,,,,,,,,,,,,,,,,,,,,
CDK11B,,,,AC010327.7,,,,,,,,,,,,,,,,,,,,,,,,,,,,,,,,,,,,,,,,,,,,,,,,,,,,,,,,,,,,,,,,,,,,,,,,,,,,,,,,
BACH1-IT1,,,,AC084864.2,,,,,,,,,,,,,,,,,,,,,,,,,,,,,,,,,,,,,,,,,,,,,,,,,,,,,,,,,,,,,,,,,,,,,,,,,,,,,,,,
AC008906.1,,,,AC026748.3,,,,,,,,,,,,,,,,,,,,,,,,,,,,,,,,,,,,,,,,,,,,,,,,,,,,,,,,,,,,,,,,,,,,,,,,,,,,,,,,
AC012640.1,,,,Z97192.4,,,,,,,,,,,,,,,,,,,,,,,,,,,,,,,,,,,,,,,,,,,,,,,,,,,,,,,,,,,,,,,,,,,,,,,,,,,,,,,,
AC124852.1,,,,HIST1H3B,,,,,,,,,,,,,,,,,,,,,,,,,,,,,,,,,,,,,,,,,,,,,,,,,,,,,,,,,,,,,,,,,,,,,,,,,,,,,,,,
ZNF436-AS1,,,,Z98742.4,,,,,,,,,,,,,,,,,,,,,,,,,,,,,,,,,,,,,,,,,,,,,,,,,,,,,,,,,,,,,,,,,,,,,,,,,,,,,,,,
AC126768.2,,,,AC104304.3,,,,,,,,,,,,,,,,,,,,,,,,,,,,,,,,,,,,,,,,,,,,,,,,,,,,,,,,,,,,,,,,,,,,,,,,,,,,,,,,
MCPH1-AS1,,,,AL024495.1,,,,,,,,,,,,,,,,,,,,,,,,,,,,,,,,,,,,,,,,,,,,,,,,,,,,,,,,,,,,,,,,,,,,,,,,,,,,,,,,
YJEFN3,,,,AC008443.9,,,,,,,,,,,,,,,,,,,,,,,,,,,,,,,,,,,,,,,,,,,,,,,,,,,,,,,,,,,,,,,,,,,,,,,,,,,,,,,,
DNAH10OS,,,,AC008766.1,,,,,,,,,,,,,,,,,,,,,,,,,,,,,,,,,,,,,,,,,,,,,,,,,,,,,,,,,,,,,,,,,,,,,,,,,,,,,,,,
AC112722.1,,,,AC135893.1,,,,,,,,,,,,,,,,,,,,,,,,,,,,,,,,,,,,,,,,,,,,,,,,,,,,,,,,,,,,,,,,,,,,,,,,,,,,,,,,
CDK3,,,,AP000867.5,,,,,,,,,,,,,,,,,,,,,,,,,,,,,,,,,,,,,,,,,,,,,,,,,,,,,,,,,,,,,,,,,,,,,,,,,,,,,,,,
AC025171.3,,,,AC010624.5,,,,,,,,,,,,,,,,,,,,,,,,,,,,,,,,,,,,,,,,,,,,,,,,,,,,,,,,,,,,,,,,,,,,,,,,,,,,,,,,
AF117829.1,,,,AL606500.1,,,,,,,,,,,,,,,,,,,,,,,,,,,,,,,,,,,,,,,,,,,,,,,,,,,,,,,,,,,,,,,,,,,,,,,,,,,,,,,,
AP002490.1,,,,HIST1H3C,,,,,,,,,,,,,,,,,,,,,,,,,,,,,,,,,,,,,,,,,,,,,,,,,,,,,,,,,,,,,,,,,,,,,,,,,,,,,,,,
ZNF674,,,,AL512625.3,,,,,,,,,,,,,,,,,,,,,,,,,,,,,,,,,,,,,,,,,,,,,,,,,,,,,,,,,,,,,,,,,,,,,,,,,,,,,,,,
SHANK3,,,,AL513303.1,,,,,,,,,,,,,,,,,,,,,,,,,,,,,,,,,,,,,,,,,,,,,,,,,,,,,,,,,,,,,,,,,,,,,,,,,,,,,,,,
ZNF550,,,,AL592464.3,,,,,,,,,,,,,,,,,,,,,,,,,,,,,,,,,,,,,,,,,,,,,,,,,,,,,,,,,,,,,,,,,,,,,,,,,,,,,,,,
AC007106.1,,,,AP001053.1,,,,,,,,,,,,,,,,,,,,,,,,,,,,,,,,,,,,,,,,,,,,,,,,,,,,,,,,,,,,,,,,,,,,,,,,,,,,,,,,
FOXD1,,,,AC019131.3,,,,,,,,,,,,,,,,,,,,,,,,,,,,,,,,,,,,,,,,,,,,,,,,,,,,,,,,,,,,,,,,,,,,,,,,,,,,,,,,
MALAT1,,,,AC068946.3,,,,,,,,,,,,,,,,,,,,,,,,,,,,,,,,,,,,,,,,,,,,,,,,,,,,,,,,,,,,,,,,,,,,,,,,,,,,,,,,
AC009812.1,,,,AC090617.10,,,,,,,,,,,,,,,,,,,,,,,,,,,,,,,,,,,,,,,,,,,,,,,,,,,,,,,,,,,,,,,,,,,,,,,,,,,,,,,,
LINC01605,,,,AL109615.4,,,,,,,,,,,,,,,,,,,,,,,,,,,,,,,,,,,,,,,,,,,,,,,,,,,,,,,,,,,,,,,,,,,,,,,,,,,,,,,,
AC037459.2,,,,BX323046.2,,,,,,,,,,,,,,,,,,,,,,,,,,,,,,,,,,,,,,,,,,,,,,,,,,,,,,,,,,,,,,,,,,,,,,,,,,,,,,,,
AC068228.1,,,,Z99127.4,,,,,,,,,,,,,,,,,,,,,,,,,,,,,,,,,,,,,,,,,,,,,,,,,,,,,,,,,,,,,,,,,,,,,,,,,,,,,,,,
TUG1,,,,AC132872.5,,,,,,,,,,,,,,,,,,,,,,,,,,,,,,,,,,,,,,,,,,,,,,,,,,,,,,,,,,,,,,,,,,,,,,,,,,,,,,,,
AC119403.1,,,,AC006130.3,,,,,,,,,,,,,,,,,,,,,,,,,,,,,,,,,,,,,,,,,,,,,,,,,,,,,,,,,,,,,,,,,,,,,,,,,,,,,,,,
AC091185.1,,,,AC127526.5,,,,,,,,,,,,,,,,,,,,,,,,,,,,,,,,,,,,,,,,,,,,,,,,,,,,,,,,,,,,,,,,,,,,,,,,,,,,,,,,
AC091182.2,,,,AC253572.2,,,,,,,,,,,,,,,,,,,,,,,,,,,,,,,,,,,,,,,,,,,,,,,,,,,,,,,,,,,,,,,,,,,,,,,,,,,,,,,,
AC090739.1,,,,AC092803.4,,,,,,,,,,,,,,,,,,,,,,,,,,,,,,,,,,,,,,,,,,,,,,,,,,,,,,,,,,,,,,,,,,,,,,,,,,,,,,,,
AC100797.1,,,,AL023806.4,,,,,,,,,,,,,,,,,,,,,,,,,,,,,,,,,,,,,,,,,,,,,,,,,,,,,,,,,,,,,,,,,,,,,,,,,,,,,,,,
AC091564.2,,,,,,,,,,,,,,,,,,,,,,,,,,,,,,,,,,,,,,,,,,,,,,,,,,,,,,,,,,,,,,,,,,,,,,,,,,,,,,,,,,,,
SPON1-AS1,,,,,,,,,,,,,,,,,,,,,,,,,,,,,,,,,,,,,,,,,,,,,,,,,,,,,,,,,,,,,,,,,,,,,,,,,,,,,,,,,,,,
AP002336.1,,,,,,,,,,,,,,,,,,,,,,,,,,,,,,,,,,,,,,,,,,,,,,,,,,,,,,,,,,,,,,,,,,,,,,,,,,,,,,,,,,,,
AC105219.2,,,,,,,,,,,,,,,,,,,,,,,,,,,,,,,,,,,,,,,,,,,,,,,,,,,,,,,,,,,,,,,,,,,,,,,,,,,,,,,,,,,,
AC080023.1,,,,,,,,,,,,,,,,,,,,,,,,,,,,,,,,,,,,,,,,,,,,,,,,,,,,,,,,,,,,,,,,,,,,,,,,,,,,,,,,,,,,
AC105219.3,,,,,,,,,,,,,,,,,,,,,,,,,,,,,,,,,,,,,,,,,,,,,,,,,,,,,,,,,,,,,,,,,,,,,,,,,,,,,,,,,,,,
AC087276.1,,,,,,,,,,,,,,,,,,,,,,,,,,,,,,,,,,,,,,,,,,,,,,,,,,,,,,,,,,,,,,,,,,,,,,,,,,,,,,,,,,,,
AP000662.1,,,,,,,,,,,,,,,,,,,,,,,,,,,,,,,,,,,,,,,,,,,,,,,,,,,,,,,,,,,,,,,,,,,,,,,,,,,,,,,,,,,,
AP000911.1,,,,,,,,,,,,,,,,,,,,,,,,,,,,,,,,,,,,,,,,,,,,,,,,,,,,,,,,,,,,,,,,,,,,,,,,,,,,,,,,,,,,
AC091053.1,,,,,,,,,,,,,,,,,,,,,,,,,,,,,,,,,,,,,,,,,,,,,,,,,,,,,,,,,,,,,,,,,,,,,,,,,,,,,,,,,,,,
AP000873.4,,,,,,,,,,,,,,,,,,,,,,,,,,,,,,,,,,,,,,,,,,,,,,,,,,,,,,,,,,,,,,,,,,,,,,,,,,,,,,,,,,,,
AP001893.1,,,,,,,,,,,,,,,,,,,,,,,,,,,,,,,,,,,,,,,,,,,,,,,,,,,,,,,,,,,,,,,,,,,,,,,,,,,,,,,,,,,,
AC067930.2,,,,,,,,,,,,,,,,,,,,,,,,,,,,,,,,,,,,,,,,,,,,,,,,,,,,,,,,,,,,,,,,,,,,,,,,,,,,,,,,,,,,
AP006284.1,,,,,,,,,,,,,,,,,,,,,,,,,,,,,,,,,,,,,,,,,,,,,,,,,,,,,,,,,,,,,,,,,,,,,,,,,,,,,,,,,,,,
LINC02324,,,,,,,,,,,,,,,,,,,,,,,,,,,,,,,,,,,,,,,,,,,,,,,,,,,,,,,,,,,,,,,,,,,,,,,,,,,,,,,,,,,,
AC136475.3,,,,,,,,,,,,,,,,,,,,,,,,,,,,,,,,,,,,,,,,,,,,,,,,,,,,,,,,,,,,,,,,,,,,,,,,,,,,,,,,,,,,
AP002807.1,,,,,,,,,,,,,,,,,,,,,,,,,,,,,,,,,,,,,,,,,,,,,,,,,,,,,,,,,,,,,,,,,,,,,,,,,,,,,,,,,,,,
EID3,,,,,,,,,,,,,,,,,,,,,,,,,,,,,,,,,,,,,,,,,,,,,,,,,,,,,,,,,,,,,,,,,,,,,,,,,,,,,,,,,,,,
AP000941.1,,,,,,,,,,,,,,,,,,,,,,,,,,,,,,,,,,,,,,,,,,,,,,,,,,,,,,,,,,,,,,,,,,,,,,,,,,,,,,,,,,,,
CCDC166,,,,,,,,,,,,,,,,,,,,,,,,,,,,,,,,,,,,,,,,,,,,,,,,,,,,,,,,,,,,,,,,,,,,,,,,,,,,,,,,,,,,
AF131215.5,,,,,,,,,,,,,,,,,,,,,,,,,,,,,,,,,,,,,,,,,,,,,,,,,,,,,,,,,,,,,,,,,,,,,,,,,,,,,,,,,,,,
AP001922.5,,,,,,,,,,,,,,,,,,,,,,,,,,,,,,,,,,,,,,,,,,,,,,,,,,,,,,,,,,,,,,,,,,,,,,,,,,,,,,,,,,,,
AC234917.1,,,,,,,,,,,,,,,,,,,,,,,,,,,,,,,,,,,,,,,,,,,,,,,,,,,,,,,,,,,,,,,,,,,,,,,,,,,,,,,,,,,,
LINC02757,,,,,,,,,,,,,,,,,,,,,,,,,,,,,,,,,,,,,,,,,,,,,,,,,,,,,,,,,,,,,,,,,,,,,,,,,,,,,,,,,,,,
Z97989.1,,,,,,,,,,,,,,,,,,,,,,,,,,,,,,,,,,,,,,,,,,,,,,,,,,,,,,,,,,,,,,,,,,,,,,,,,,,,,,,,,,,,
EBLN2,,,,,,,,,,,,,,,,,,,,,,,,,,,,,,,,,,,,,,,,,,,,,,,,,,,,,,,,,,,,,,,,,,,,,,,,,,,,,,,,,,,,
SNHG1,,,,,,,,,,,,,,,,,,,,,,,,,,,,,,,,,,,,,,,,,,,,,,,,,,,,,,,,,,,,,,,,,,,,,,,,,,,,,,,,,,,,
CCND2-AS1,,,,,,,,,,,,,,,,,,,,,,,,,,,,,,,,,,,,,,,,,,,,,,,,,,,,,,,,,,,,,,,,,,,,,,,,,,,,,,,,,,,,
AC069234.1,,,,,,,,,,,,,,,,,,,,,,,,,,,,,,,,,,,,,,,,,,,,,,,,,,,,,,,,,,,,,,,,,,,,,,,,,,,,,,,,,,,,
AC006064.3,,,,,,,,,,,,,,,,,,,,,,,,,,,,,,,,,,,,,,,,,,,,,,,,,,,,,,,,,,,,,,,,,,,,,,,,,,,,,,,,,,,,
AC092112.1,,,,,,,,,,,,,,,,,,,,,,,,,,,,,,,,,,,,,,,,,,,,,,,,,,,,,,,,,,,,,,,,,,,,,,,,,,,,,,,,,,,,
ZNF432,,,,,,,,,,,,,,,,,,,,,,,,,,,,,,,,,,,,,,,,,,,,,,,,,,,,,,,,,,,,,,,,,,,,,,,,,,,,,,,,,,,,
SBNO1-AS1,,,,,,,,,,,,,,,,,,,,,,,,,,,,,,,,,,,,,,,,,,,,,,,,,,,,,,,,,,,,,,,,,,,,,,,,,,,,,,,,,,,,
AC027290.1,,,,,,,,,,,,,,,,,,,,,,,,,,,,,,,,,,,,,,,,,,,,,,,,,,,,,,,,,,,,,,,,,,,,,,,,,,,,,,,,,,,,
ZNF10,,,,,,,,,,,,,,,,,,,,,,,,,,,,,,,,,,,,,,,,,,,,,,,,,,,,,,,,,,,,,,,,,,,,,,,,,,,,,,,,,,,,
AP000763.3,,,,,,,,,,,,,,,,,,,,,,,,,,,,,,,,,,,,,,,,,,,,,,,,,,,,,,,,,,,,,,,,,,,,,,,,,,,,,,,,,,,,
POLG2,,,,,,,,,,,,,,,,,,,,,,,,,,,,,,,,,,,,,,,,,,,,,,,,,,,,,,,,,,,,,,,,,,,,,,,,,,,,,,,,,,,,
ZNF350,,,,,,,,,,,,,,,,,,,,,,,,,,,,,,,,,,,,,,,,,,,,,,,,,,,,,,,,,,,,,,,,,,,,,,,,,,,,,,,,,,,,
AC068888.2,,,,,,,,,,,,,,,,,,,,,,,,,,,,,,,,,,,,,,,,,,,,,,,,,,,,,,,,,,,,,,,,,,,,,,,,,,,,,,,,,,,,
AC121761.1,,,,,,,,,,,,,,,,,,,,,,,,,,,,,,,,,,,,,,,,,,,,,,,,,,,,,,,,,,,,,,,,,,,,,,,,,,,,,,,,,,,,
ZNF625,,,,,,,,,,,,,,,,,,,,,,,,,,,,,,,,,,,,,,,,,,,,,,,,,,,,,,,,,,,,,,,,,,,,,,,,,,,,,,,,,,,,
AC010203.2,,,,,,,,,,,,,,,,,,,,,,,,,,,,,,,,,,,,,,,,,,,,,,,,,,,,,,,,,,,,,,,,,,,,,,,,,,,,,,,,,,,,
LBX2-AS1,,,,,,,,,,,,,,,,,,,,,,,,,,,,,,,,,,,,,,,,,,,,,,,,,,,,,,,,,,,,,,,,,,,,,,,,,,,,,,,,,,,,
TEN1,,,,,,,,,,,,,,,,,,,,,,,,,,,,,,,,,,,,,,,,,,,,,,,,,,,,,,,,,,,,,,,,,,,,,,,,,,,,,,,,,,,,
AC008149.1,,,,,,,,,,,,,,,,,,,,,,,,,,,,,,,,,,,,,,,,,,,,,,,,,,,,,,,,,,,,,,,,,,,,,,,,,,,,,,,,,,,,
AC073655.2,,,,,,,,,,,,,,,,,,,,,,,,,,,,,,,,,,,,,,,,,,,,,,,,,,,,,,,,,,,,,,,,,,,,,,,,,,,,,,,,,,,,
LINC00641,,,,,,,,,,,,,,,,,,,,,,,,,,,,,,,,,,,,,,,,,,,,,,,,,,,,,,,,,,,,,,,,,,,,,,,,,,,,,,,,,,,,
AC016526.2,,,,,,,,,,,,,,,,,,,,,,,,,,,,,,,,,,,,,,,,,,,,,,,,,,,,,,,,,,,,,,,,,,,,,,,,,,,,,,,,,,,,
AC005519.1,,,,,,,,,,,,,,,,,,,,,,,,,,,,,,,,,,,,,,,,,,,,,,,,,,,,,,,,,,,,,,,,,,,,,,,,,,,,,,,,,,,,
AL160006.1,,,,,,,,,,,,,,,,,,,,,,,,,,,,,,,,,,,,,,,,,,,,,,,,,,,,,,,,,,,,,,,,,,,,,,,,,,,,,,,,,,,,
BCL2L2-PABPN1,,,,,,,,,,,,,,,,,,,,,,,,,,,,,,,,,,,,,,,,,,,,,,,,,,,,,,,,,,,,,,,,,,,,,,,,,,,,,,,,,,,,
HIF1A-AS3,,,,,,,,,,,,,,,,,,,,,,,,,,,,,,,,,,,,,,,,,,,,,,,,,,,,,,,,,,,,,,,,,,,,,,,,,,,,,,,,,,,,
AL132711.1,,,,,,,,,,,,,,,,,,,,,,,,,,,,,,,,,,,,,,,,,,,,,,,,,,,,,,,,,,,,,,,,,,,,,,,,,,,,,,,,,,,,
AL135999.1,,,,,,,,,,,,,,,,,,,,,,,,,,,,,,,,,,,,,,,,,,,,,,,,,,,,,,,,,,,,,,,,,,,,,,,,,,,,,,,,,,,,
AL121603.2,,,,,,,,,,,,,,,,,,,,,,,,,,,,,,,,,,,,,,,,,,,,,,,,,,,,,,,,,,,,,,,,,,,,,,,,,,,,,,,,,,,,
MC1R,,,,,,,,,,,,,,,,,,,,,,,,,,,,,,,,,,,,,,,,,,,,,,,,,,,,,,,,,,,,,,,,,,,,,,,,,,,,,,,,,,,,
CEP95,,,,,,,,,,,,,,,,,,,,,,,,,,,,,,,,,,,,,,,,,,,,,,,,,,,,,,,,,,,,,,,,,,,,,,,,,,,,,,,,,,,,
AC004846.2,,,,,,,,,,,,,,,,,,,,,,,,,,,,,,,,,,,,,,,,,,,,,,,,,,,,,,,,,,,,,,,,,,,,,,,,,,,,,,,,,,,,
TUBB3,,,,,,,,,,,,,,,,,,,,,,,,,,,,,,,,,,,,,,,,,,,,,,,,,,,,,,,,,,,,,,,,,,,,,,,,,,,,,,,,,,,,
AL355075.4,,,,,,,,,,,,,,,,,,,,,,,,,,,,,,,,,,,,,,,,,,,,,,,,,,,,,,,,,,,,,,,,,,,,,,,,,,,,,,,,,,,,
AC090607.1,,,,,,,,,,,,,,,,,,,,,,,,,,,,,,,,,,,,,,,,,,,,,,,,,,,,,,,,,,,,,,,,,,,,,,,,,,,,,,,,,,,,
AC090515.4,,,,,,,,,,,,,,,,,,,,,,,,,,,,,,,,,,,,,,,,,,,,,,,,,,,,,,,,,,,,,,,,,,,,,,,,,,,,,,,,,,,,
AC108449.2,,,,,,,,,,,,,,,,,,,,,,,,,,,,,,,,,,,,,,,,,,,,,,,,,,,,,,,,,,,,,,,,,,,,,,,,,,,,,,,,,,,,
AC105339.3,,,,,,,,,,,,,,,,,,,,,,,,,,,,,,,,,,,,,,,,,,,,,,,,,,,,,,,,,,,,,,,,,,,,,,,,,,,,,,,,,,,,
AC022613.3,,,,,,,,,,,,,,,,,,,,,,,,,,,,,,,,,,,,,,,,,,,,,,,,,,,,,,,,,,,,,,,,,,,,,,,,,,,,,,,,,,,,
AC009996.1,,,,,,,,,,,,,,,,,,,,,,,,,,,,,,,,,,,,,,,,,,,,,,,,,,,,,,,,,,,,,,,,,,,,,,,,,,,,,,,,,,,,
AL138976.2,,,,,,,,,,,,,,,,,,,,,,,,,,,,,,,,,,,,,,,,,,,,,,,,,,,,,,,,,,,,,,,,,,,,,,,,,,,,,,,,,,,,
AC012640.2,,,,,,,,,,,,,,,,,,,,,,,,,,,,,,,,,,,,,,,,,,,,,,,,,,,,,,,,,,,,,,,,,,,,,,,,,,,,,,,,,,,,
AC009113.1,,,,,,,,,,,,,,,,,,,,,,,,,,,,,,,,,,,,,,,,,,,,,,,,,,,,,,,,,,,,,,,,,,,,,,,,,,,,,,,,,,,,
AC107375.1,,,,,,,,,,,,,,,,,,,,,,,,,,,,,,,,,,,,,,,,,,,,,,,,,,,,,,,,,,,,,,,,,,,,,,,,,,,,,,,,,,,,
AC051619.7,,,,,,,,,,,,,,,,,,,,,,,,,,,,,,,,,,,,,,,,,,,,,,,,,,,,,,,,,,,,,,,,,,,,,,,,,,,,,,,,,,,,
AC022167.1,,,,,,,,,,,,,,,,,,,,,,,,,,,,,,,,,,,,,,,,,,,,,,,,,,,,,,,,,,,,,,,,,,,,,,,,,,,,,,,,,,,,
AL049838.1,,,,,,,,,,,,,,,,,,,,,,,,,,,,,,,,,,,,,,,,,,,,,,,,,,,,,,,,,,,,,,,,,,,,,,,,,,,,,,,,,,,,
NORAD,,,,,,,,,,,,,,,,,,,,,,,,,,,,,,,,,,,,,,,,,,,,,,,,,,,,,,,,,,,,,,,,,,,,,,,,,,,,,,,,,,,,
AC051619.8,,,,,,,,,,,,,,,,,,,,,,,,,,,,,,,,,,,,,,,,,,,,,,,,,,,,,,,,,,,,,,,,,,,,,,,,,,,,,,,,,,,,
AC009090.1,,,,,,,,,,,,,,,,,,,,,,,,,,,,,,,,,,,,,,,,,,,,,,,,,,,,,,,,,,,,,,,,,,,,,,,,,,,,,,,,,,,,
AC009088.1,,,,,,,,,,,,,,,,,,,,,,,,,,,,,,,,,,,,,,,,,,,,,,,,,,,,,,,,,,,,,,,,,,,,,,,,,,,,,,,,,,,,
AC104794.3,,,,,,,,,,,,,,,,,,,,,,,,,,,,,,,,,,,,,,,,,,,,,,,,,,,,,,,,,,,,,,,,,,,,,,,,,,,,,,,,,,,,
AL162741.1,,,,,,,,,,,,,,,,,,,,,,,,,,,,,,,,,,,,,,,,,,,,,,,,,,,,,,,,,,,,,,,,,,,,,,,,,,,,,,,,,,,,
LINC02137,,,,,,,,,,,,,,,,,,,,,,,,,,,,,,,,,,,,,,,,,,,,,,,,,,,,,,,,,,,,,,,,,,,,,,,,,,,,,,,,,,,,
KDM7A-DT,,,,,,,,,,,,,,,,,,,,,,,,,,,,,,,,,,,,,,,,,,,,,,,,,,,,,,,,,,,,,,,,,,,,,,,,,,,,,,,,,,,,
SSSCA1-AS1,,,,,,,,,,,,,,,,,,,,,,,,,,,,,,,,,,,,,,,,,,,,,,,,,,,,,,,,,,,,,,,,,,,,,,,,,,,,,,,,,,,,
LINC02533,,,,,,,,,,,,,,,,,,,,,,,,,,,,,,,,,,,,,,,,,,,,,,,,,,,,,,,,,,,,,,,,,,,,,,,,,,,,,,,,,,,,
AL035071.1,,,,,,,,,,,,,,,,,,,,,,,,,,,,,,,,,,,,,,,,,,,,,,,,,,,,,,,,,,,,,,,,,,,,,,,,,,,,,,,,,,,,
AC012173.1,,,,,,,,,,,,,,,,,,,,,,,,,,,,,,,,,,,,,,,,,,,,,,,,,,,,,,,,,,,,,,,,,,,,,,,,,,,,,,,,,,,,
AC026803.1,,,,,,,,,,,,,,,,,,,,,,,,,,,,,,,,,,,,,,,,,,,,,,,,,,,,,,,,,,,,,,,,,,,,,,,,,,,,,,,,,,,,
AC027373.1,,,,,,,,,,,,,,,,,,,,,,,,,,,,,,,,,,,,,,,,,,,,,,,,,,,,,,,,,,,,,,,,,,,,,,,,,,,,,,,,,,,,
AL023284.4,,,,,,,,,,,,,,,,,,,,,,,,,,,,,,,,,,,,,,,,,,,,,,,,,,,,,,,,,,,,,,,,,,,,,,,,,,,,,,,,,,,,
SCX,,,,,,,,,,,,,,,,,,,,,,,,,,,,,,,,,,,,,,,,,,,,,,,,,,,,,,,,,,,,,,,,,,,,,,,,,,,,,,,,,,,,
AC104794.4,,,,,,,,,,,,,,,,,,,,,,,,,,,,,,,,,,,,,,,,,,,,,,,,,,,,,,,,,,,,,,,,,,,,,,,,,,,,,,,,,,,,
AC132872.1,,,,,,,,,,,,,,,,,,,,,,,,,,,,,,,,,,,,,,,,,,,,,,,,,,,,,,,,,,,,,,,,,,,,,,,,,,,,,,,,,,,,
AC100827.4,,,,,,,,,,,,,,,,,,,,,,,,,,,,,,,,,,,,,,,,,,,,,,,,,,,,,,,,,,,,,,,,,,,,,,,,,,,,,,,,,,,,
AL591848.3,,,,,,,,,,,,,,,,,,,,,,,,,,,,,,,,,,,,,,,,,,,,,,,,,,,,,,,,,,,,,,,,,,,,,,,,,,,,,,,,,,,,
AL118516.1,,,,,,,,,,,,,,,,,,,,,,,,,,,,,,,,,,,,,,,,,,,,,,,,,,,,,,,,,,,,,,,,,,,,,,,,,,,,,,,,,,,,
AC092803.1,,,,,,,,,,,,,,,,,,,,,,,,,,,,,,,,,,,,,,,,,,,,,,,,,,,,,,,,,,,,,,,,,,,,,,,,,,,,,,,,,,,,
AL163051.1,,,,,,,,,,,,,,,,,,,,,,,,,,,,,,,,,,,,,,,,,,,,,,,,,,,,,,,,,,,,,,,,,,,,,,,,,,,,,,,,,,,,
AC009041.2,,,,,,,,,,,,,,,,,,,,,,,,,,,,,,,,,,,,,,,,,,,,,,,,,,,,,,,,,,,,,,,,,,,,,,,,,,,,,,,,,,,,
FBXL19-AS1,,,,,,,,,,,,,,,,,,,,,,,,,,,,,,,,,,,,,,,,,,,,,,,,,,,,,,,,,,,,,,,,,,,,,,,,,,,,,,,,,,,,
AC135050.3,,,,,,,,,,,,,,,,,,,,,,,,,,,,,,,,,,,,,,,,,,,,,,,,,,,,,,,,,,,,,,,,,,,,,,,,,,,,,,,,,,,,
CAPN10-DT,,,,,,,,,,,,,,,,,,,,,,,,,,,,,,,,,,,,,,,,,,,,,,,,,,,,,,,,,,,,,,,,,,,,,,,,,,,,,,,,,,,,
AL390195.2,,,,,,,,,,,,,,,,,,,,,,,,,,,,,,,,,,,,,,,,,,,,,,,,,,,,,,,,,,,,,,,,,,,,,,,,,,,,,,,,,,,,
AC009093.4,,,,,,,,,,,,,,,,,,,,,,,,,,,,,,,,,,,,,,,,,,,,,,,,,,,,,,,,,,,,,,,,,,,,,,,,,,,,,,,,,,,,
BX255925.1,,,,,,,,,,,,,,,,,,,,,,,,,,,,,,,,,,,,,,,,,,,,,,,,,,,,,,,,,,,,,,,,,,,,,,,,,,,,,,,,,,,,
AC105046.1,,,,,,,,,,,,,,,,,,,,,,,,,,,,,,,,,,,,,,,,,,,,,,,,,,,,,,,,,,,,,,,,,,,,,,,,,,,,,,,,,,,,
AP003469.4,,,,,,,,,,,,,,,,,,,,,,,,,,,,,,,,,,,,,,,,,,,,,,,,,,,,,,,,,,,,,,,,,,,,,,,,,,,,,,,,,,,,
AC007066.2,,,,,,,,,,,,,,,,,,,,,,,,,,,,,,,,,,,,,,,,,,,,,,,,,,,,,,,,,,,,,,,,,,,,,,,,,,,,,,,,,,,,
AC234775.3,,,,,,,,,,,,,,,,,,,,,,,,,,,,,,,,,,,,,,,,,,,,,,,,,,,,,,,,,,,,,,,,,,,,,,,,,,,,,,,,,,,,
AC012181.1,,,,,,,,,,,,,,,,,,,,,,,,,,,,,,,,,,,,,,,,,,,,,,,,,,,,,,,,,,,,,,,,,,,,,,,,,,,,,,,,,,,,
AC012181.2,,,,,,,,,,,,,,,,,,,,,,,,,,,,,,,,,,,,,,,,,,,,,,,,,,,,,,,,,,,,,,,,,,,,,,,,,,,,,,,,,,,,
AC010168.2,,,,,,,,,,,,,,,,,,,,,,,,,,,,,,,,,,,,,,,,,,,,,,,,,,,,,,,,,,,,,,,,,,,,,,,,,,,,,,,,,,,,
AL031600.2,,,,,,,,,,,,,,,,,,,,,,,,,,,,,,,,,,,,,,,,,,,,,,,,,,,,,,,,,,,,,,,,,,,,,,,,,,,,,,,,,,,,
AC124068.2,,,,,,,,,,,,,,,,,,,,,,,,,,,,,,,,,,,,,,,,,,,,,,,,,,,,,,,,,,,,,,,,,,,,,,,,,,,,,,,,,,,,
AC022167.4,,,,,,,,,,,,,,,,,,,,,,,,,,,,,,,,,,,,,,,,,,,,,,,,,,,,,,,,,,,,,,,,,,,,,,,,,,,,,,,,,,,,
TBILA,,,,,,,,,,,,,,,,,,,,,,,,,,,,,,,,,,,,,,,,,,,,,,,,,,,,,,,,,,,,,,,,,,,,,,,,,,,,,,,,,,,,
AC005674.2,,,,,,,,,,,,,,,,,,,,,,,,,,,,,,,,,,,,,,,,,,,,,,,,,,,,,,,,,,,,,,,,,,,,,,,,,,,,,,,,,,,,
LINC02605,,,,,,,,,,,,,,,,,,,,,,,,,,,,,,,,,,,,,,,,,,,,,,,,,,,,,,,,,,,,,,,,,,,,,,,,,,,,,,,,,,,,
AC007728.2,,,,,,,,,,,,,,,,,,,,,,,,,,,,,,,,,,,,,,,,,,,,,,,,,,,,,,,,,,,,,,,,,,,,,,,,,,,,,,,,,,,,
AL360270.2,,,,,,,,,,,,,,,,,,,,,,,,,,,,,,,,,,,,,,,,,,,,,,,,,,,,,,,,,,,,,,,,,,,,,,,,,,,,,,,,,,,,
AC092120.1,,,,,,,,,,,,,,,,,,,,,,,,,,,,,,,,,,,,,,,,,,,,,,,,,,,,,,,,,,,,,,,,,,,,,,,,,,,,,,,,,,,,
LINC02168,,,,,,,,,,,,,,,,,,,,,,,,,,,,,,,,,,,,,,,,,,,,,,,,,,,,,,,,,,,,,,,,,,,,,,,,,,,,,,,,,,,,
AC009127.1,,,,,,,,,,,,,,,,,,,,,,,,,,,,,,,,,,,,,,,,,,,,,,,,,,,,,,,,,,,,,,,,,,,,,,,,,,,,,,,,,,,,
AC007406.5,,,,,,,,,,,,,,,,,,,,,,,,,,,,,,,,,,,,,,,,,,,,,,,,,,,,,,,,,,,,,,,,,,,,,,,,,,,,,,,,,,,,
AC144831.1,,,,,,,,,,,,,,,,,,,,,,,,,,,,,,,,,,,,,,,,,,,,,,,,,,,,,,,,,,,,,,,,,,,,,,,,,,,,,,,,,,,,
AC108134.2,,,,,,,,,,,,,,,,,,,,,,,,,,,,,,,,,,,,,,,,,,,,,,,,,,,,,,,,,,,,,,,,,,,,,,,,,,,,,,,,,,,,
DLGAP1-AS2,,,,,,,,,,,,,,,,,,,,,,,,,,,,,,,,,,,,,,,,,,,,,,,,,,,,,,,,,,,,,,,,,,,,,,,,,,,,,,,,,,,,
AC007952.4,,,,,,,,,,,,,,,,,,,,,,,,,,,,,,,,,,,,,,,,,,,,,,,,,,,,,,,,,,,,,,,,,,,,,,,,,,,,,,,,,,,,
AC008914.1,,,,,,,,,,,,,,,,,,,,,,,,,,,,,,,,,,,,,,,,,,,,,,,,,,,,,,,,,,,,,,,,,,,,,,,,,,,,,,,,,,,,
AC004771.3,,,,,,,,,,,,,,,,,,,,,,,,,,,,,,,,,,,,,,,,,,,,,,,,,,,,,,,,,,,,,,,,,,,,,,,,,,,,,,,,,,,,
AC002558.3,,,,,,,,,,,,,,,,,,,,,,,,,,,,,,,,,,,,,,,,,,,,,,,,,,,,,,,,,,,,,,,,,,,,,,,,,,,,,,,,,,,,
AC100791.1,,,,,,,,,,,,,,,,,,,,,,,,,,,,,,,,,,,,,,,,,,,,,,,,,,,,,,,,,,,,,,,,,,,,,,,,,,,,,,,,,,,,
AC087392.4,,,,,,,,,,,,,,,,,,,,,,,,,,,,,,,,,,,,,,,,,,,,,,,,,,,,,,,,,,,,,,,,,,,,,,,,,,,,,,,,,,,,
AC099684.2,,,,,,,,,,,,,,,,,,,,,,,,,,,,,,,,,,,,,,,,,,,,,,,,,,,,,,,,,,,,,,,,,,,,,,,,,,,,,,,,,,,,
LINC01569,,,,,,,,,,,,,,,,,,,,,,,,,,,,,,,,,,,,,,,,,,,,,,,,,,,,,,,,,,,,,,,,,,,,,,,,,,,,,,,,,,,,
AC090617.3,,,,,,,,,,,,,,,,,,,,,,,,,,,,,,,,,,,,,,,,,,,,,,,,,,,,,,,,,,,,,,,,,,,,,,,,,,,,,,,,,,,,
AC004771.5,,,,,,,,,,,,,,,,,,,,,,,,,,,,,,,,,,,,,,,,,,,,,,,,,,,,,,,,,,,,,,,,,,,,,,,,,,,,,,,,,,,,
AC135050.5,,,,,,,,,,,,,,,,,,,,,,,,,,,,,,,,,,,,,,,,,,,,,,,,,,,,,,,,,,,,,,,,,,,,,,,,,,,,,,,,,,,,
AC027796.4,,,,,,,,,,,,,,,,,,,,,,,,,,,,,,,,,,,,,,,,,,,,,,,,,,,,,,,,,,,,,,,,,,,,,,,,,,,,,,,,,,,,
AC090617.5,,,,,,,,,,,,,,,,,,,,,,,,,,,,,,,,,,,,,,,,,,,,,,,,,,,,,,,,,,,,,,,,,,,,,,,,,,,,,,,,,,,,
AC115099.1,,,,,,,,,,,,,,,,,,,,,,,,,,,,,,,,,,,,,,,,,,,,,,,,,,,,,,,,,,,,,,,,,,,,,,,,,,,,,,,,,,,,
AC015727.1,,,,,,,,,,,,,,,,,,,,,,,,,,,,,,,,,,,,,,,,,,,,,,,,,,,,,,,,,,,,,,,,,,,,,,,,,,,,,,,,,,,,
AC007923.1,,,,,,,,,,,,,,,,,,,,,,,,,,,,,,,,,,,,,,,,,,,,,,,,,,,,,,,,,,,,,,,,,,,,,,,,,,,,,,,,,,,,
AC125421.1,,,,,,,,,,,,,,,,,,,,,,,,,,,,,,,,,,,,,,,,,,,,,,,,,,,,,,,,,,,,,,,,,,,,,,,,,,,,,,,,,,,,
AC005154.3,,,,,,,,,,,,,,,,,,,,,,,,,,,,,,,,,,,,,,,,,,,,,,,,,,,,,,,,,,,,,,,,,,,,,,,,,,,,,,,,,,,,
AC022211.1,,,,,,,,,,,,,,,,,,,,,,,,,,,,,,,,,,,,,,,,,,,,,,,,,,,,,,,,,,,,,,,,,,,,,,,,,,,,,,,,,,,,
AC009831.1,,,,,,,,,,,,,,,,,,,,,,,,,,,,,,,,,,,,,,,,,,,,,,,,,,,,,,,,,,,,,,,,,,,,,,,,,,,,,,,,,,,,
AC022211.2,,,,,,,,,,,,,,,,,,,,,,,,,,,,,,,,,,,,,,,,,,,,,,,,,,,,,,,,,,,,,,,,,,,,,,,,,,,,,,,,,,,,
NBPF11,,,,,,,,,,,,,,,,,,,,,,,,,,,,,,,,,,,,,,,,,,,,,,,,,,,,,,,,,,,,,,,,,,,,,,,,,,,,,,,,,,,,
AC015813.1,,,,,,,,,,,,,,,,,,,,,,,,,,,,,,,,,,,,,,,,,,,,,,,,,,,,,,,,,,,,,,,,,,,,,,,,,,,,,,,,,,,,
AC016866.1,,,,,,,,,,,,,,,,,,,,,,,,,,,,,,,,,,,,,,,,,,,,,,,,,,,,,,,,,,,,,,,,,,,,,,,,,,,,,,,,,,,,
OTUD7B,,,,,,,,,,,,,,,,,,,,,,,,,,,,,,,,,,,,,,,,,,,,,,,,,,,,,,,,,,,,,,,,,,,,,,,,,,,,,,,,,,,,
AP001020.2,,,,,,,,,,,,,,,,,,,,,,,,,,,,,,,,,,,,,,,,,,,,,,,,,,,,,,,,,,,,,,,,,,,,,,,,,,,,,,,,,,,,
AC090772.1,,,,,,,,,,,,,,,,,,,,,,,,,,,,,,,,,,,,,,,,,,,,,,,,,,,,,,,,,,,,,,,,,,,,,,,,,,,,,,,,,,,,
AC005726.5,,,,,,,,,,,,,,,,,,,,,,,,,,,,,,,,,,,,,,,,,,,,,,,,,,,,,,,,,,,,,,,,,,,,,,,,,,,,,,,,,,,,
AC093484.3,,,,,,,,,,,,,,,,,,,,,,,,,,,,,,,,,,,,,,,,,,,,,,,,,,,,,,,,,,,,,,,,,,,,,,,,,,,,,,,,,,,,
RNF115,,,,,,,,,,,,,,,,,,,,,,,,,,,,,,,,,,,,,,,,,,,,,,,,,,,,,,,,,,,,,,,,,,,,,,,,,,,,,,,,,,,,
AC022211.3,,,,,,,,,,,,,,,,,,,,,,,,,,,,,,,,,,,,,,,,,,,,,,,,,,,,,,,,,,,,,,,,,,,,,,,,,,,,,,,,,,,,
NARF-IT1,,,,,,,,,,,,,,,,,,,,,,,,,,,,,,,,,,,,,,,,,,,,,,,,,,,,,,,,,,,,,,,,,,,,,,,,,,,,,,,,,,,,
NBPF15,,,,,,,,,,,,,,,,,,,,,,,,,,,,,,,,,,,,,,,,,,,,,,,,,,,,,,,,,,,,,,,,,,,,,,,,,,,,,,,,,,,,
AC055811.3,,,,,,,,,,,,,,,,,,,,,,,,,,,,,,,,,,,,,,,,,,,,,,,,,,,,,,,,,,,,,,,,,,,,,,,,,,,,,,,,,,,,
AC005546.1,,,,,,,,,,,,,,,,,,,,,,,,,,,,,,,,,,,,,,,,,,,,,,,,,,,,,,,,,,,,,,,,,,,,,,,,,,,,,,,,,,,,
AC087289.1,,,,,,,,,,,,,,,,,,,,,,,,,,,,,,,,,,,,,,,,,,,,,,,,,,,,,,,,,,,,,,,,,,,,,,,,,,,,,,,,,,,,
AL050343.2,,,,,,,,,,,,,,,,,,,,,,,,,,,,,,,,,,,,,,,,,,,,,,,,,,,,,,,,,,,,,,,,,,,,,,,,,,,,,,,,,,,,
UXT-AS1,,,,,,,,,,,,,,,,,,,,,,,,,,,,,,,,,,,,,,,,,,,,,,,,,,,,,,,,,,,,,,,,,,,,,,,,,,,,,,,,,,,,
AC005789.1,,,,,,,,,,,,,,,,,,,,,,,,,,,,,,,,,,,,,,,,,,,,,,,,,,,,,,,,,,,,,,,,,,,,,,,,,,,,,,,,,,,,
AC008735.1,,,,,,,,,,,,,,,,,,,,,,,,,,,,,,,,,,,,,,,,,,,,,,,,,,,,,,,,,,,,,,,,,,,,,,,,,,,,,,,,,,,,
AC005954.1,,,,,,,,,,,,,,,,,,,,,,,,,,,,,,,,,,,,,,,,,,,,,,,,,,,,,,,,,,,,,,,,,,,,,,,,,,,,,,,,,,,,
AC005262.2,,,,,,,,,,,,,,,,,,,,,,,,,,,,,,,,,,,,,,,,,,,,,,,,,,,,,,,,,,,,,,,,,,,,,,,,,,,,,,,,,,,,
AC022098.1,,,,,,,,,,,,,,,,,,,,,,,,,,,,,,,,,,,,,,,,,,,,,,,,,,,,,,,,,,,,,,,,,,,,,,,,,,,,,,,,,,,,
AC092068.1,,,,,,,,,,,,,,,,,,,,,,,,,,,,,,,,,,,,,,,,,,,,,,,,,,,,,,,,,,,,,,,,,,,,,,,,,,,,,,,,,,,,
PARD6G-AS1,,,,,,,,,,,,,,,,,,,,,,,,,,,,,,,,,,,,,,,,,,,,,,,,,,,,,,,,,,,,,,,,,,,,,,,,,,,,,,,,,,,,
LINC01764,,,,,,,,,,,,,,,,,,,,,,,,,,,,,,,,,,,,,,,,,,,,,,,,,,,,,,,,,,,,,,,,,,,,,,,,,,,,,,,,,,,,
AC027307.2,,,,,,,,,,,,,,,,,,,,,,,,,,,,,,,,,,,,,,,,,,,,,,,,,,,,,,,,,,,,,,,,,,,,,,,,,,,,,,,,,,,,
SNHG22,,,,,,,,,,,,,,,,,,,,,,,,,,,,,,,,,,,,,,,,,,,,,,,,,,,,,,,,,,,,,,,,,,,,,,,,,,,,,,,,,,,,
AC002398.2,,,,,,,,,,,,,,,,,,,,,,,,,,,,,,,,,,,,,,,,,,,,,,,,,,,,,,,,,,,,,,,,,,,,,,,,,,,,,,,,,,,,
AC008736.1,,,,,,,,,,,,,,,,,,,,,,,,,,,,,,,,,,,,,,,,,,,,,,,,,,,,,,,,,,,,,,,,,,,,,,,,,,,,,,,,,,,,
AC011477.2,,,,,,,,,,,,,,,,,,,,,,,,,,,,,,,,,,,,,,,,,,,,,,,,,,,,,,,,,,,,,,,,,,,,,,,,,,,,,,,,,,,,
AC090236.2,,,,,,,,,,,,,,,,,,,,,,,,,,,,,,,,,,,,,,,,,,,,,,,,,,,,,,,,,,,,,,,,,,,,,,,,,,,,,,,,,,,,
AC020916.1,,,,,,,,,,,,,,,,,,,,,,,,,,,,,,,,,,,,,,,,,,,,,,,,,,,,,,,,,,,,,,,,,,,,,,,,,,,,,,,,,,,,
AC020916.2,,,,,,,,,,,,,,,,,,,,,,,,,,,,,,,,,,,,,,,,,,,,,,,,,,,,,,,,,,,,,,,,,,,,,,,,,,,,,,,,,,,,
AC067852.3,,,,,,,,,,,,,,,,,,,,,,,,,,,,,,,,,,,,,,,,,,,,,,,,,,,,,,,,,,,,,,,,,,,,,,,,,,,,,,,,,,,,
KF456478.1,,,,,,,,,,,,,,,,,,,,,,,,,,,,,,,,,,,,,,,,,,,,,,,,,,,,,,,,,,,,,,,,,,,,,,,,,,,,,,,,,,,,
LIN37,,,,,,,,,,,,,,,,,,,,,,,,,,,,,,,,,,,,,,,,,,,,,,,,,,,,,,,,,,,,,,,,,,,,,,,,,,,,,,,,,,,,
MZF1-AS1,,,,,,,,,,,,,,,,,,,,,,,,,,,,,,,,,,,,,,,,,,,,,,,,,,,,,,,,,,,,,,,,,,,,,,,,,,,,,,,,,,,,
AC026803.2,,,,,,,,,,,,,,,,,,,,,,,,,,,,,,,,,,,,,,,,,,,,,,,,,,,,,,,,,,,,,,,,,,,,,,,,,,,,,,,,,,,,
AC009955.2,,,,,,,,,,,,,,,,,,,,,,,,,,,,,,,,,,,,,,,,,,,,,,,,,,,,,,,,,,,,,,,,,,,,,,,,,,,,,,,,,,,,
AC007785.1,,,,,,,,,,,,,,,,,,,,,,,,,,,,,,,,,,,,,,,,,,,,,,,,,,,,,,,,,,,,,,,,,,,,,,,,,,,,,,,,,,,,
PTOV1-AS1,,,,,,,,,,,,,,,,,,,,,,,,,,,,,,,,,,,,,,,,,,,,,,,,,,,,,,,,,,,,,,,,,,,,,,,,,,,,,,,,,,,,
NBPF12,,,,,,,,,,,,,,,,,,,,,,,,,,,,,,,,,,,,,,,,,,,,,,,,,,,,,,,,,,,,,,,,,,,,,,,,,,,,,,,,,,,,
AC022154.1,,,,,,,,,,,,,,,,,,,,,,,,,,,,,,,,,,,,,,,,,,,,,,,,,,,,,,,,,,,,,,,,,,,,,,,,,,,,,,,,,,,,
AC005261.1,,,,,,,,,,,,,,,,,,,,,,,,,,,,,,,,,,,,,,,,,,,,,,,,,,,,,,,,,,,,,,,,,,,,,,,,,,,,,,,,,,,,
ARL14EPL,,,,,,,,,,,,,,,,,,,,,,,,,,,,,,,,,,,,,,,,,,,,,,,,,,,,,,,,,,,,,,,,,,,,,,,,,,,,,,,,,,,,
SCGB1C2,,,,,,,,,,,,,,,,,,,,,,,,,,,,,,,,,,,,,,,,,,,,,,,,,,,,,,,,,,,,,,,,,,,,,,,,,,,,,,,,,,,,
AC073389.1,,,,,,,,,,,,,,,,,,,,,,,,,,,,,,,,,,,,,,,,,,,,,,,,,,,,,,,,,,,,,,,,,,,,,,,,,,,,,,,,,,,,
AC008687.4,,,,,,,,,,,,,,,,,,,,,,,,,,,,,,,,,,,,,,,,,,,,,,,,,,,,,,,,,,,,,,,,,,,,,,,,,,,,,,,,,,,,
AC016586.1,,,,,,,,,,,,,,,,,,,,,,,,,,,,,,,,,,,,,,,,,,,,,,,,,,,,,,,,,,,,,,,,,,,,,,,,,,,,,,,,,,,,
AC104534.1,,,,,,,,,,,,,,,,,,,,,,,,,,,,,,,,,,,,,,,,,,,,,,,,,,,,,,,,,,,,,,,,,,,,,,,,,,,,,,,,,,,,
AL118506.1,,,,,,,,,,,,,,,,,,,,,,,,,,,,,,,,,,,,,,,,,,,,,,,,,,,,,,,,,,,,,,,,,,,,,,,,,,,,,,,,,,,,
AC010422.2,,,,,,,,,,,,,,,,,,,,,,,,,,,,,,,,,,,,,,,,,,,,,,,,,,,,,,,,,,,,,,,,,,,,,,,,,,,,,,,,,,,,
AC002128.1,,,,,,,,,,,,,,,,,,,,,,,,,,,,,,,,,,,,,,,,,,,,,,,,,,,,,,,,,,,,,,,,,,,,,,,,,,,,,,,,,,,,
AC022150.2,,,,,,,,,,,,,,,,,,,,,,,,,,,,,,,,,,,,,,,,,,,,,,,,,,,,,,,,,,,,,,,,,,,,,,,,,,,,,,,,,,,,
AC024075.2,,,,,,,,,,,,,,,,,,,,,,,,,,,,,,,,,,,,,,,,,,,,,,,,,,,,,,,,,,,,,,,,,,,,,,,,,,,,,,,,,,,,
AC010319.3,,,,,,,,,,,,,,,,,,,,,,,,,,,,,,,,,,,,,,,,,,,,,,,,,,,,,,,,,,,,,,,,,,,,,,,,,,,,,,,,,,,,
AC009955.4,,,,,,,,,,,,,,,,,,,,,,,,,,,,,,,,,,,,,,,,,,,,,,,,,,,,,,,,,,,,,,,,,,,,,,,,,,,,,,,,,,,,
AC020922.3,,,,,,,,,,,,,,,,,,,,,,,,,,,,,,,,,,,,,,,,,,,,,,,,,,,,,,,,,,,,,,,,,,,,,,,,,,,,,,,,,,,,
AC007292.2,,,,,,,,,,,,,,,,,,,,,,,,,,,,,,,,,,,,,,,,,,,,,,,,,,,,,,,,,,,,,,,,,,,,,,,,,,,,,,,,,,,,
IKBKG,,,,,,,,,,,,,,,,,,,,,,,,,,,,,,,,,,,,,,,,,,,,,,,,,,,,,,,,,,,,,,,,,,,,,,,,,,,,,,,,,,,,
PTOV1-AS2,,,,,,,,,,,,,,,,,,,,,,,,,,,,,,,,,,,,,,,,,,,,,,,,,,,,,,,,,,,,,,,,,,,,,,,,,,,,,,,,,,,,
AP001160.4,,,,,,,,,,,,,,,,,,,,,,,,,,,,,,,,,,,,,,,,,,,,,,,,,,,,,,,,,,,,,,,,,,,,,,,,,,,,,,,,,,,,
AC008982.2,,,,,,,,,,,,,,,,,,,,,,,,,,,,,,,,,,,,,,,,,,,,,,,,,,,,,,,,,,,,,,,,,,,,,,,,,,,,,,,,,,,,
NBPF9,,,,,,,,,,,,,,,,,,,,,,,,,,,,,,,,,,,,,,,,,,,,,,,,,,,,,,,,,,,,,,,,,,,,,,,,,,,,,,,,,,,,
AC007292.3,,,,,,,,,,,,,,,,,,,,,,,,,,,,,,,,,,,,,,,,,,,,,,,,,,,,,,,,,,,,,,,,,,,,,,,,,,,,,,,,,,,,
KCNQ1OT1,,,,,,,,,,,,,,,,,,,,,,,,,,,,,,,,,,,,,,,,,,,,,,,,,,,,,,,,,,,,,,,,,,,,,,,,,,,,,,,,,,,,
AC022150.4,,,,,,,,,,,,,,,,,,,,,,,,,,,,,,,,,,,,,,,,,,,,,,,,,,,,,,,,,,,,,,,,,,,,,,,,,,,,,,,,,,,,
AC092327.2,,,,,,,,,,,,,,,,,,,,,,,,,,,,,,,,,,,,,,,,,,,,,,,,,,,,,,,,,,,,,,,,,,,,,,,,,,,,,,,,,,,,
EGLN2,,,,,,,,,,,,,,,,,,,,,,,,,,,,,,,,,,,,,,,,,,,,,,,,,,,,,,,,,,,,,,,,,,,,,,,,,,,,,,,,,,,,
RMRP,,,,,,,,,,,,,,,,,,,,,,,,,,,,,,,,,,,,,,,,,,,,,,,,,,,,,,,,,,,,,,,,,,,,,,,,,,,,,,,,,,,,
AL606834.1,,,,,,,,,,,,,,,,,,,,,,,,,,,,,,,,,,,,,,,,,,,,,,,,,,,,,,,,,,,,,,,,,,,,,,,,,,,,,,,,,,,,
AF131215.6,,,,,,,,,,,,,,,,,,,,,,,,,,,,,,,,,,,,,,,,,,,,,,,,,,,,,,,,,,,,,,,,,,,,,,,,,,,,,,,,,,,,
Z98884.2,,,,,,,,,,,,,,,,,,,,,,,,,,,,,,,,,,,,,,,,,,,,,,,,,,,,,,,,,,,,,,,,,,,,,,,,,,,,,,,,,,,,
AL158152.1,,,,,,,,,,,,,,,,,,,,,,,,,,,,,,,,,,,,,,,,,,,,,,,,,,,,,,,,,,,,,,,,,,,,,,,,,,,,,,,,,,,,
AC068790.2,,,,,,,,,,,,,,,,,,,,,,,,,,,,,,,,,,,,,,,,,,,,,,,,,,,,,,,,,,,,,,,,,,,,,,,,,,,,,,,,,,,,
AC090181.2,,,,,,,,,,,,,,,,,,,,,,,,,,,,,,,,,,,,,,,,,,,,,,,,,,,,,,,,,,,,,,,,,,,,,,,,,,,,,,,,,,,,
AL020997.2,,,,,,,,,,,,,,,,,,,,,,,,,,,,,,,,,,,,,,,,,,,,,,,,,,,,,,,,,,,,,,,,,,,,,,,,,,,,,,,,,,,,
KC877982.1,,,,,,,,,,,,,,,,,,,,,,,,,,,,,,,,,,,,,,,,,,,,,,,,,,,,,,,,,,,,,,,,,,,,,,,,,,,,,,,,,,,,
AC068790.3,,,,,,,,,,,,,,,,,,,,,,,,,,,,,,,,,,,,,,,,,,,,,,,,,,,,,,,,,,,,,,,,,,,,,,,,,,,,,,,,,,,,
AC232271.1,,,,,,,,,,,,,,,,,,,,,,,,,,,,,,,,,,,,,,,,,,,,,,,,,,,,,,,,,,,,,,,,,,,,,,,,,,,,,,,,,,,,
AC009108.3,,,,,,,,,,,,,,,,,,,,,,,,,,,,,,,,,,,,,,,,,,,,,,,,,,,,,,,,,,,,,,,,,,,,,,,,,,,,,,,,,,,,
Z93241.1,,,,,,,,,,,,,,,,,,,,,,,,,,,,,,,,,,,,,,,,,,,,,,,,,,,,,,,,,,,,,,,,,,,,,,,,,,,,,,,,,,,,
AC068790.4,,,,,,,,,,,,,,,,,,,,,,,,,,,,,,,,,,,,,,,,,,,,,,,,,,,,,,,,,,,,,,,,,,,,,,,,,,,,,,,,,,,,
AC068790.5,,,,,,,,,,,,,,,,,,,,,,,,,,,,,,,,,,,,,,,,,,,,,,,,,,,,,,,,,,,,,,,,,,,,,,,,,,,,,,,,,,,,
AL356488.2,,,,,,,,,,,,,,,,,,,,,,,,,,,,,,,,,,,,,,,,,,,,,,,,,,,,,,,,,,,,,,,,,,,,,,,,,,,,,,,,,,,,
MIR222HG,,,,,,,,,,,,,,,,,,,,,,,,,,,,,,,,,,,,,,,,,,,,,,,,,,,,,,,,,,,,,,,,,,,,,,,,,,,,,,,,,,,,
AL021878.2,,,,,,,,,,,,,,,,,,,,,,,,,,,,,,,,,,,,,,,,,,,,,,,,,,,,,,,,,,,,,,,,,,,,,,,,,,,,,,,,,,,,
AL360012.1,,,,,,,,,,,,,,,,,,,,,,,,,,,,,,,,,,,,,,,,,,,,,,,,,,,,,,,,,,,,,,,,,,,,,,,,,,,,,,,,,,,,
AL049840.6,,,,,,,,,,,,,,,,,,,,,,,,,,,,,,,,,,,,,,,,,,,,,,,,,,,,,,,,,,,,,,,,,,,,,,,,,,,,,,,,,,,,
AC027020.2,,,,,,,,,,,,,,,,,,,,,,,,,,,,,,,,,,,,,,,,,,,,,,,,,,,,,,,,,,,,,,,,,,,,,,,,,,,,,,,,,,,,
TERC,,,,,,,,,,,,,,,,,,,,,,,,,,,,,,,,,,,,,,,,,,,,,,,,,,,,,,,,,,,,,,,,,,,,,,,,,,,,,,,,,,,,
AC104109.2,,,,,,,,,,,,,,,,,,,,,,,,,,,,,,,,,,,,,,,,,,,,,,,,,,,,,,,,,,,,,,,,,,,,,,,,,,,,,,,,,,,,
AC016773.1,,,,,,,,,,,,,,,,,,,,,,,,,,,,,,,,,,,,,,,,,,,,,,,,,,,,,,,,,,,,,,,,,,,,,,,,,,,,,,,,,,,,
AC104695.3,,,,,,,,,,,,,,,,,,,,,,,,,,,,,,,,,,,,,,,,,,,,,,,,,,,,,,,,,,,,,,,,,,,,,,,,,,,,,,,,,,,,
AC026367.1,,,,,,,,,,,,,,,,,,,,,,,,,,,,,,,,,,,,,,,,,,,,,,,,,,,,,,,,,,,,,,,,,,,,,,,,,,,,,,,,,,,,
AL158163.1,,,,,,,,,,,,,,,,,,,,,,,,,,,,,,,,,,,,,,,,,,,,,,,,,,,,,,,,,,,,,,,,,,,,,,,,,,,,,,,,,,,,
NBPF14,,,,,,,,,,,,,,,,,,,,,,,,,,,,,,,,,,,,,,,,,,,,,,,,,,,,,,,,,,,,,,,,,,,,,,,,,,,,,,,,,,,,
AC104695.4,,,,,,,,,,,,,,,,,,,,,,,,,,,,,,,,,,,,,,,,,,,,,,,,,,,,,,,,,,,,,,,,,,,,,,,,,,,,,,,,,,,,
SRXN1,,,,,,,,,,,,,,,,,,,,,,,,,,,,,,,,,,,,,,,,,,,,,,,,,,,,,,,,,,,,,,,,,,,,,,,,,,,,,,,,,,,,
AC018638.6,,,,,,,,,,,,,,,,,,,,,,,,,,,,,,,,,,,,,,,,,,,,,,,,,,,,,,,,,,,,,,,,,,,,,,,,,,,,,,,,,,,,
NBPF19,,,,,,,,,,,,,,,,,,,,,,,,,,,,,,,,,,,,,,,,,,,,,,,,,,,,,,,,,,,,,,,,,,,,,,,,,,,,,,,,,,,,
CCL5,,,,,,,,,,,,,,,,,,,,,,,,,,,,,,,,,,,,,,,,,,,,,,,,,,,,,,,,,,,,,,,,,,,,,,,,,,,,,,,,,,,,
AC018638.7,,,,,,,,,,,,,,,,,,,,,,,,,,,,,,,,,,,,,,,,,,,,,,,,,,,,,,,,,,,,,,,,,,,,,,,,,,,,,,,,,,,,
AC113139.1,,,,,,,,,,,,,,,,,,,,,,,,,,,,,,,,,,,,,,,,,,,,,,,,,,,,,,,,,,,,,,,,,,,,,,,,,,,,,,,,,,,,
AF287957.1,,,,,,,,,,,,,,,,,,,,,,,,,,,,,,,,,,,,,,,,,,,,,,,,,,,,,,,,,,,,,,,,,,,,,,,,,,,,,,,,,,,,
AC026740.1,,,,,,,,,,,,,,,,,,,,,,,,,,,,,,,,,,,,,,,,,,,,,,,,,,,,,,,,,,,,,,,,,,,,,,,,,,,,,,,,,,,,
AC011337.1,,,,,,,,,,,,,,,,,,,,,,,,,,,,,,,,,,,,,,,,,,,,,,,,,,,,,,,,,,,,,,,,,,,,,,,,,,,,,,,,,,,,
AC104118.1,,,,,,,,,,,,,,,,,,,,,,,,,,,,,,,,,,,,,,,,,,,,,,,,,,,,,,,,,,,,,,,,,,,,,,,,,,,,,,,,,,,,
AC013400.1,,,,,,,,,,,,,,,,,,,,,,,,,,,,,,,,,,,,,,,,,,,,,,,,,,,,,,,,,,,,,,,,,,,,,,,,,,,,,,,,,,,,
AL162258.2,,,,,,,,,,,,,,,,,,,,,,,,,,,,,,,,,,,,,,,,,,,,,,,,,,,,,,,,,,,,,,,,,,,,,,,,,,,,,,,,,,,,
AC013472.3,,,,,,,,,,,,,,,,,,,,,,,,,,,,,,,,,,,,,,,,,,,,,,,,,,,,,,,,,,,,,,,,,,,,,,,,,,,,,,,,,,,,
AC124045.1,,,,,,,,,,,,,,,,,,,,,,,,,,,,,,,,,,,,,,,,,,,,,,,,,,,,,,,,,,,,,,,,,,,,,,,,,,,,,,,,,,,,
AL512413.1,,,,,,,,,,,,,,,,,,,,,,,,,,,,,,,,,,,,,,,,,,,,,,,,,,,,,,,,,,,,,,,,,,,,,,,,,,,,,,,,,,,,
AC008906.2,,,,,,,,,,,,,,,,,,,,,,,,,,,,,,,,,,,,,,,,,,,,,,,,,,,,,,,,,,,,,,,,,,,,,,,,,,,,,,,,,,,,
AC008966.2,,,,,,,,,,,,,,,,,,,,,,,,,,,,,,,,,,,,,,,,,,,,,,,,,,,,,,,,,,,,,,,,,,,,,,,,,,,,,,,,,,,,
AL390719.2,,,,,,,,,,,,,,,,,,,,,,,,,,,,,,,,,,,,,,,,,,,,,,,,,,,,,,,,,,,,,,,,,,,,,,,,,,,,,,,,,,,,
NFYC-AS1,,,,,,,,,,,,,,,,,,,,,,,,,,,,,,,,,,,,,,,,,,,,,,,,,,,,,,,,,,,,,,,,,,,,,,,,,,,,,,,,,,,,
AC087623.3,,,,,,,,,,,,,,,,,,,,,,,,,,,,,,,,,,,,,,,,,,,,,,,,,,,,,,,,,,,,,,,,,,,,,,,,,,,,,,,,,,,,
AL645940.1,,,,,,,,,,,,,,,,,,,,,,,,,,,,,,,,,,,,,,,,,,,,,,,,,,,,,,,,,,,,,,,,,,,,,,,,,,,,,,,,,,,,
AC044849.1,,,,,,,,,,,,,,,,,,,,,,,,,,,,,,,,,,,,,,,,,,,,,,,,,,,,,,,,,,,,,,,,,,,,,,,,,,,,,,,,,,,,
AC034198.2,,,,,,,,,,,,,,,,,,,,,,,,,,,,,,,,,,,,,,,,,,,,,,,,,,,,,,,,,,,,,,,,,,,,,,,,,,,,,,,,,,,,
KMT2B,,,,,,,,,,,,,,,,,,,,,,,,,,,,,,,,,,,,,,,,,,,,,,,,,,,,,,,,,,,,,,,,,,,,,,,,,,,,,,,,,,,,
AL031775.1,,,,,,,,,,,,,,,,,,,,,,,,,,,,,,,,,,,,,,,,,,,,,,,,,,,,,,,,,,,,,,,,,,,,,,,,,,,,,,,,,,,,
POM121C,,,,,,,,,,,,,,,,,,,,,,,,,,,,,,,,,,,,,,,,,,,,,,,,,,,,,,,,,,,,,,,,,,,,,,,,,,,,,,,,,,,,
AC137630.3,,,,,,,,,,,,,,,,,,,,,,,,,,,,,,,,,,,,,,,,,,,,,,,,,,,,,,,,,,,,,,,,,,,,,,,,,,,,,,,,,,,,
AL391244.2,,,,,,,,,,,,,,,,,,,,,,,,,,,,,,,,,,,,,,,,,,,,,,,,,,,,,,,,,,,,,,,,,,,,,,,,,,,,,,,,,,,,
AC113194.1,,,,,,,,,,,,,,,,,,,,,,,,,,,,,,,,,,,,,,,,,,,,,,,,,,,,,,,,,,,,,,,,,,,,,,,,,,,,,,,,,,,,
AL021807.1,,,,,,,,,,,,,,,,,,,,,,,,,,,,,,,,,,,,,,,,,,,,,,,,,,,,,,,,,,,,,,,,,,,,,,,,,,,,,,,,,,,,
AL645608.7,,,,,,,,,,,,,,,,,,,,,,,,,,,,,,,,,,,,,,,,,,,,,,,,,,,,,,,,,,,,,,,,,,,,,,,,,,,,,,,,,,,,
AL596325.2,,,,,,,,,,,,,,,,,,,,,,,,,,,,,,,,,,,,,,,,,,,,,,,,,,,,,,,,,,,,,,,,,,,,,,,,,,,,,,,,,,,,
ZSWIM8-AS1,,,,,,,,,,,,,,,,,,,,,,,,,,,,,,,,,,,,,,,,,,,,,,,,,,,,,,,,,,,,,,,,,,,,,,,,,,,,,,,,,,,,
AL021707.6,,,,,,,,,,,,,,,,,,,,,,,,,,,,,,,,,,,,,,,,,,,,,,,,,,,,,,,,,,,,,,,,,,,,,,,,,,,,,,,,,,,,
AC124016.1,,,,,,,,,,,,,,,,,,,,,,,,,,,,,,,,,,,,,,,,,,,,,,,,,,,,,,,,,,,,,,,,,,,,,,,,,,,,,,,,,,,,
GAS6-DT,,,,,,,,,,,,,,,,,,,,,,,,,,,,,,,,,,,,,,,,,,,,,,,,,,,,,,,,,,,,,,,,,,,,,,,,,,,,,,,,,,,,
ADIRF-AS1,,,,,,,,,,,,,,,,,,,,,,,,,,,,,,,,,,,,,,,,,,,,,,,,,,,,,,,,,,,,,,,,,,,,,,,,,,,,,,,,,,,,
AC007881.3,,,,,,,,,,,,,,,,,,,,,,,,,,,,,,,,,,,,,,,,,,,,,,,,,,,,,,,,,,,,,,,,,,,,,,,,,,,,,,,,,,,,
AC073389.3,,,,,,,,,,,,,,,,,,,,,,,,,,,,,,,,,,,,,,,,,,,,,,,,,,,,,,,,,,,,,,,,,,,,,,,,,,,,,,,,,,,,
AC006238.1,,,,,,,,,,,,,,,,,,,,,,,,,,,,,,,,,,,,,,,,,,,,,,,,,,,,,,,,,,,,,,,,,,,,,,,,,,,,,,,,,,,,
AC004908.2,,,,,,,,,,,,,,,,,,,,,,,,,,,,,,,,,,,,,,,,,,,,,,,,,,,,,,,,,,,,,,,,,,,,,,,,,,,,,,,,,,,,
AL022328.1,,,,,,,,,,,,,,,,,,,,,,,,,,,,,,,,,,,,,,,,,,,,,,,,,,,,,,,,,,,,,,,,,,,,,,,,,,,,,,,,,,,,
DCP1A,,,,,,,,,,,,,,,,,,,,,,,,,,,,,,,,,,,,,,,,,,,,,,,,,,,,,,,,,,,,,,,,,,,,,,,,,,,,,,,,,,,,
LINC01578,,,,,,,,,,,,,,,,,,,,,,,,,,,,,,,,,,,,,,,,,,,,,,,,,,,,,,,,,,,,,,,,,,,,,,,,,,,,,,,,,,,,
AC004982.2,,,,,,,,,,,,,,,,,,,,,,,,,,,,,,,,,,,,,,,,,,,,,,,,,,,,,,,,,,,,,,,,,,,,,,,,,,,,,,,,,,,,
ATP6V1FNB,,,,,,,,,,,,,,,,,,,,,,,,,,,,,,,,,,,,,,,,,,,,,,,,,,,,,,,,,,,,,,,,,,,,,,,,,,,,,,,,,,,,
AL353708.3,,,,,,,,,,,,,,,,,,,,,,,,,,,,,,,,,,,,,,,,,,,,,,,,,,,,,,,,,,,,,,,,,,,,,,,,,,,,,,,,,,,,
AC090425.3,,,,,,,,,,,,,,,,,,,,,,,,,,,,,,,,,,,,,,,,,,,,,,,,,,,,,,,,,,,,,,,,,,,,,,,,,,,,,,,,,,,,
AC012360.3,,,,,,,,,,,,,,,,,,,,,,,,,,,,,,,,,,,,,,,,,,,,,,,,,,,,,,,,,,,,,,,,,,,,,,,,,,,,,,,,,,,,
AL731533.2,,,,,,,,,,,,,,,,,,,,,,,,,,,,,,,,,,,,,,,,,,,,,,,,,,,,,,,,,,,,,,,,,,,,,,,,,,,,,,,,,,,,
AL355388.2,,,,,,,,,,,,,,,,,,,,,,,,,,,,,,,,,,,,,,,,,,,,,,,,,,,,,,,,,,,,,,,,,,,,,,,,,,,,,,,,,,,,
AP000240.1,,,,,,,,,,,,,,,,,,,,,,,,,,,,,,,,,,,,,,,,,,,,,,,,,,,,,,,,,,,,,,,,,,,,,,,,,,,,,,,,,,,,
AL365203.2,,,,,,,,,,,,,,,,,,,,,,,,,,,,,,,,,,,,,,,,,,,,,,,,,,,,,,,,,,,,,,,,,,,,,,,,,,,,,,,,,,,,
AC005046.1,,,,,,,,,,,,,,,,,,,,,,,,,,,,,,,,,,,,,,,,,,,,,,,,,,,,,,,,,,,,,,,,,,,,,,,,,,,,,,,,,,,,
AL359921.2,,,,,,,,,,,,,,,,,,,,,,,,,,,,,,,,,,,,,,,,,,,,,,,,,,,,,,,,,,,,,,,,,,,,,,,,,,,,,,,,,,,,
AL021707.8,,,,,,,,,,,,,,,,,,,,,,,,,,,,,,,,,,,,,,,,,,,,,,,,,,,,,,,,,,,,,,,,,,,,,,,,,,,,,,,,,,,,
AL162591.2,,,,,,,,,,,,,,,,,,,,,,,,,,,,,,,,,,,,,,,,,,,,,,,,,,,,,,,,,,,,,,,,,,,,,,,,,,,,,,,,,,,,
AC133528.1,,,,,,,,,,,,,,,,,,,,,,,,,,,,,,,,,,,,,,,,,,,,,,,,,,,,,,,,,,,,,,,,,,,,,,,,,,,,,,,,,,,,
PACERR,,,,,,,,,,,,,,,,,,,,,,,,,,,,,,,,,,,,,,,,,,,,,,,,,,,,,,,,,,,,,,,,,,,,,,,,,,,,,,,,,,,,
AL022328.2,,,,,,,,,,,,,,,,,,,,,,,,,,,,,,,,,,,,,,,,,,,,,,,,,,,,,,,,,,,,,,,,,,,,,,,,,,,,,,,,,,,,
LINC02604,,,,,,,,,,,,,,,,,,,,,,,,,,,,,,,,,,,,,,,,,,,,,,,,,,,,,,,,,,,,,,,,,,,,,,,,,,,,,,,,,,,,
BX537318.1,,,,,,,,,,,,,,,,,,,,,,,,,,,,,,,,,,,,,,,,,,,,,,,,,,,,,,,,,,,,,,,,,,,,,,,,,,,,,,,,,,,,
AP001437.1,,,,,,,,,,,,,,,,,,,,,,,,,,,,,,,,,,,,,,,,,,,,,,,,,,,,,,,,,,,,,,,,,,,,,,,,,,,,,,,,,,,,
AC002059.1,,,,,,,,,,,,,,,,,,,,,,,,,,,,,,,,,,,,,,,,,,,,,,,,,,,,,,,,,,,,,,,,,,,,,,,,,,,,,,,,,,,,
AF129075.2,,,,,,,,,,,,,,,,,,,,,,,,,,,,,,,,,,,,,,,,,,,,,,,,,,,,,,,,,,,,,,,,,,,,,,,,,,,,,,,,,,,,
AP000254.2,,,,,,,,,,,,,,,,,,,,,,,,,,,,,,,,,,,,,,,,,,,,,,,,,,,,,,,,,,,,,,,,,,,,,,,,,,,,,,,,,,,,
AP000350.6,,,,,,,,,,,,,,,,,,,,,,,,,,,,,,,,,,,,,,,,,,,,,,,,,,,,,,,,,,,,,,,,,,,,,,,,,,,,,,,,,,,,
AC018690.1,,,,,,,,,,,,,,,,,,,,,,,,,,,,,,,,,,,,,,,,,,,,,,,,,,,,,,,,,,,,,,,,,,,,,,,,,,,,,,,,,,,,
AC099329.2,,,,,,,,,,,,,,,,,,,,,,,,,,,,,,,,,,,,,,,,,,,,,,,,,,,,,,,,,,,,,,,,,,,,,,,,,,,,,,,,,,,,
LINC02019,,,,,,,,,,,,,,,,,,,,,,,,,,,,,,,,,,,,,,,,,,,,,,,,,,,,,,,,,,,,,,,,,,,,,,,,,,,,,,,,,,,,
AC083880.1,,,,,,,,,,,,,,,,,,,,,,,,,,,,,,,,,,,,,,,,,,,,,,,,,,,,,,,,,,,,,,,,,,,,,,,,,,,,,,,,,,,,
AL732292.2,,,,,,,,,,,,,,,,,,,,,,,,,,,,,,,,,,,,,,,,,,,,,,,,,,,,,,,,,,,,,,,,,,,,,,,,,,,,,,,,,,,,
AC108673.3,,,,,,,,,,,,,,,,,,,,,,,,,,,,,,,,,,,,,,,,,,,,,,,,,,,,,,,,,,,,,,,,,,,,,,,,,,,,,,,,,,,,
AL139124.1,,,,,,,,,,,,,,,,,,,,,,,,,,,,,,,,,,,,,,,,,,,,,,,,,,,,,,,,,,,,,,,,,,,,,,,,,,,,,,,,,,,,
AC112503.2,,,,,,,,,,,,,,,,,,,,,,,,,,,,,,,,,,,,,,,,,,,,,,,,,,,,,,,,,,,,,,,,,,,,,,,,,,,,,,,,,,,,
AC012510.1,,,,,,,,,,,,,,,,,,,,,,,,,,,,,,,,,,,,,,,,,,,,,,,,,,,,,,,,,,,,,,,,,,,,,,,,,,,,,,,,,,,,
AL162274.1,,,,,,,,,,,,,,,,,,,,,,,,,,,,,,,,,,,,,,,,,,,,,,,,,,,,,,,,,,,,,,,,,,,,,,,,,,,,,,,,,,,,
HIST1H4K,,,,,,,,,,,,,,,,,,,,,,,,,,,,,,,,,,,,,,,,,,,,,,,,,,,,,,,,,,,,,,,,,,,,,,,,,,,,,,,,,,,,
CWC25,,,,,,,,,,,,,,,,,,,,,,,,,,,,,,,,,,,,,,,,,,,,,,,,,,,,,,,,,,,,,,,,,,,,,,,,,,,,,,,,,,,,
AC131009.3,,,,,,,,,,,,,,,,,,,,,,,,,,,,,,,,,,,,,,,,,,,,,,,,,,,,,,,,,,,,,,,,,,,,,,,,,,,,,,,,,,,,
AC009283.1,,,,,,,,,,,,,,,,,,,,,,,,,,,,,,,,,,,,,,,,,,,,,,,,,,,,,,,,,,,,,,,,,,,,,,,,,,,,,,,,,,,,
AL731571.1,,,,,,,,,,,,,,,,,,,,,,,,,,,,,,,,,,,,,,,,,,,,,,,,,,,,,,,,,,,,,,,,,,,,,,,,,,,,,,,,,,,,
EPOP,,,,,,,,,,,,,,,,,,,,,,,,,,,,,,,,,,,,,,,,,,,,,,,,,,,,,,,,,,,,,,,,,,,,,,,,,,,,,,,,,,,,
AC004223.4,,,,,,,,,,,,,,,,,,,,,,,,,,,,,,,,,,,,,,,,,,,,,,,,,,,,,,,,,,,,,,,,,,,,,,,,,,,,,,,,,,,,
HIST1H2BM,,,,,,,,,,,,,,,,,,,,,,,,,,,,,,,,,,,,,,,,,,,,,,,,,,,,,,,,,,,,,,,,,,,,,,,,,,,,,,,,,,,,
AL117379.1,,,,,,,,,,,,,,,,,,,,,,,,,,,,,,,,,,,,,,,,,,,,,,,,,,,,,,,,,,,,,,,,,,,,,,,,,,,,,,,,,,,,
HIST1H2BG,,,,,,,,,,,,,,,,,,,,,,,,,,,,,,,,,,,,,,,,,,,,,,,,,,,,,,,,,,,,,,,,,,,,,,,,,,,,,,,,,,,,
AL133520.1,,,,,,,,,,,,,,,,,,,,,,,,,,,,,,,,,,,,,,,,,,,,,,,,,,,,,,,,,,,,,,,,,,,,,,,,,,,,,,,,,,,,
AL138689.1,,,,,,,,,,,,,,,,,,,,,,,,,,,,,,,,,,,,,,,,,,,,,,,,,,,,,,,,,,,,,,,,,,,,,,,,,,,,,,,,,,,,
AC015912.3,,,,,,,,,,,,,,,,,,,,,,,,,,,,,,,,,,,,,,,,,,,,,,,,,,,,,,,,,,,,,,,,,,,,,,,,,,,,,,,,,,,,
HIST1H2BE,,,,,,,,,,,,,,,,,,,,,,,,,,,,,,,,,,,,,,,,,,,,,,,,,,,,,,,,,,,,,,,,,,,,,,,,,,,,,,,,,,,,
AC130371.2,,,,,,,,,,,,,,,,,,,,,,,,,,,,,,,,,,,,,,,,,,,,,,,,,,,,,,,,,,,,,,,,,,,,,,,,,,,,,,,,,,,,
AC092119.2,,,,,,,,,,,,,,,,,,,,,,,,,,,,,,,,,,,,,,,,,,,,,,,,,,,,,,,,,,,,,,,,,,,,,,,,,,,,,,,,,,,,
TBC1D3L,,,,,,,,,,,,,,,,,,,,,,,,,,,,,,,,,,,,,,,,,,,,,,,,,,,,,,,,,,,,,,,,,,,,,,,,,,,,,,,,,,,,
AC090970.2,,,,,,,,,,,,,,,,,,,,,,,,,,,,,,,,,,,,,,,,,,,,,,,,,,,,,,,,,,,,,,,,,,,,,,,,,,,,,,,,,,,,
AC005332.3,,,,,,,,,,,,,,,,,,,,,,,,,,,,,,,,,,,,,,,,,,,,,,,,,,,,,,,,,,,,,,,,,,,,,,,,,,,,,,,,,,,,
HIST1H4F,,,,,,,,,,,,,,,,,,,,,,,,,,,,,,,,,,,,,,,,,,,,,,,,,,,,,,,,,,,,,,,,,,,,,,,,,,,,,,,,,,,,
HIST1H2BO,,,,,,,,,,,,,,,,,,,,,,,,,,,,,,,,,,,,,,,,,,,,,,,,,,,,,,,,,,,,,,,,,,,,,,,,,,,,,,,,,,,,
AC106886.3,,,,,,,,,,,,,,,,,,,,,,,,,,,,,,,,,,,,,,,,,,,,,,,,,,,,,,,,,,,,,,,,,,,,,,,,,,,,,,,,,,,,
AC004466.2,,,,,,,,,,,,,,,,,,,,,,,,,,,,,,,,,,,,,,,,,,,,,,,,,,,,,,,,,,,,,,,,,,,,,,,,,,,,,,,,,,,,
HIST1H3E,,,,,,,,,,,,,,,,,,,,,,,,,,,,,,,,,,,,,,,,,,,,,,,,,,,,,,,,,,,,,,,,,,,,,,,,,,,,,,,,,,,,
AC004825.2,,,,,,,,,,,,,,,,,,,,,,,,,,,,,,,,,,,,,,,,,,,,,,,,,,,,,,,,,,,,,,,,,,,,,,,,,,,,,,,,,,,,
AC068473.5,,,,,,,,,,,,,,,,,,,,,,,,,,,,,,,,,,,,,,,,,,,,,,,,,,,,,,,,,,,,,,,,,,,,,,,,,,,,,,,,,,,,
AC131238.1,,,,,,,,,,,,,,,,,,,,,,,,,,,,,,,,,,,,,,,,,,,,,,,,,,,,,,,,,,,,,,,,,,,,,,,,,,,,,,,,,,,,
AC116447.1,,,,,,,,,,,,,,,,,,,,,,,,,,,,,,,,,,,,,,,,,,,,,,,,,,,,,,,,,,,,,,,,,,,,,,,,,,,,,,,,,,,,
ZKSCAN2-DT,,,,,,,,,,,,,,,,,,,,,,,,,,,,,,,,,,,,,,,,,,,,,,,,,,,,,,,,,,,,,,,,,,,,,,,,,,,,,,,,,,,,
AC079684.1,,,,,,,,,,,,,,,,,,,,,,,,,,,,,,,,,,,,,,,,,,,,,,,,,,,,,,,,,,,,,,,,,,,,,,,,,,,,,,,,,,,,
HIST1H2AH,,,,,,,,,,,,,,,,,,,,,,,,,,,,,,,,,,,,,,,,,,,,,,,,,,,,,,,,,,,,,,,,,,,,,,,,,,,,,,,,,,,,
AC011468.5,,,,,,,,,,,,,,,,,,,,,,,,,,,,,,,,,,,,,,,,,,,,,,,,,,,,,,,,,,,,,,,,,,,,,,,,,,,,,,,,,,,,
AC020663.3,,,,,,,,,,,,,,,,,,,,,,,,,,,,,,,,,,,,,,,,,,,,,,,,,,,,,,,,,,,,,,,,,,,,,,,,,,,,,,,,,,,,
SYNRG,,,,,,,,,,,,,,,,,,,,,,,,,,,,,,,,,,,,,,,,,,,,,,,,,,,,,,,,,,,,,,,,,,,,,,,,,,,,,,,,,,,,
AC022098.4,,,,,,,,,,,,,,,,,,,,,,,,,,,,,,,,,,,,,,,,,,,,,,,,,,,,,,,,,,,,,,,,,,,,,,,,,,,,,,,,,,,,
AL031710.2,,,,,,,,,,,,,,,,,,,,,,,,,,,,,,,,,,,,,,,,,,,,,,,,,,,,,,,,,,,,,,,,,,,,,,,,,,,,,,,,,,,,
HIST1H4L,,,,,,,,,,,,,,,,,,,,,,,,,,,,,,,,,,,,,,,,,,,,,,,,,,,,,,,,,,,,,,,,,,,,,,,,,,,,,,,,,,,,
AC048341.2,,,,,,,,,,,,,,,,,,,,,,,,,,,,,,,,,,,,,,,,,,,,,,,,,,,,,,,,,,,,,,,,,,,,,,,,,,,,,,,,,,,,
AL512791.2,,,,,,,,,,,,,,,,,,,,,,,,,,,,,,,,,,,,,,,,,,,,,,,,,,,,,,,,,,,,,,,,,,,,,,,,,,,,,,,,,,,,
AL161431.1,,,,,,,,,,,,,,,,,,,,,,,,,,,,,,,,,,,,,,,,,,,,,,,,,,,,,,,,,,,,,,,,,,,,,,,,,,,,,,,,,,,,
HIST1H2AK,,,,,,,,,,,,,,,,,,,,,,,,,,,,,,,,,,,,,,,,,,,,,,,,,,,,,,,,,,,,,,,,,,,,,,,,,,,,,,,,,,,,
AC010503.4,,,,,,,,,,,,,,,,,,,,,,,,,,,,,,,,,,,,,,,,,,,,,,,,,,,,,,,,,,,,,,,,,,,,,,,,,,,,,,,,,,,,
HIST1H3I,,,,,,,,,,,,,,,,,,,,,,,,,,,,,,,,,,,,,,,,,,,,,,,,,,,,,,,,,,,,,,,,,,,,,,,,,,,,,,,,,,,,
AL121832.3,,,,,,,,,,,,,,,,,,,,,,,,,,,,,,,,,,,,,,,,,,,,,,,,,,,,,,,,,,,,,,,,,,,,,,,,,,,,,,,,,,,,
AL049539.1,,,,,,,,,,,,,,,,,,,,,,,,,,,,,,,,,,,,,,,,,,,,,,,,,,,,,,,,,,,,,,,,,,,,,,,,,,,,,,,,,,,,
AC068338.3,,,,,,,,,,,,,,,,,,,,,,,,,,,,,,,,,,,,,,,,,,,,,,,,,,,,,,,,,,,,,,,,,,,,,,,,,,,,,,,,,,,,
HIST1H2BH,,,,,,,,,,,,,,,,,,,,,,,,,,,,,,,,,,,,,,,,,,,,,,,,,,,,,,,,,,,,,,,,,,,,,,,,,,,,,,,,,,,,
HIST1H3A,,,,,,,,,,,,,,,,,,,,,,,,,,,,,,,,,,,,,,,,,,,,,,,,,,,,,,,,,,,,,,,,,,,,,,,,,,,,,,,,,,,,
AC026367.3,,,,,,,,,,,,,,,,,,,,,,,,,,,,,,,,,,,,,,,,,,,,,,,,,,,,,,,,,,,,,,,,,,,,,,,,,,,,,,,,,,,,
AC092747.4,,,,,,,,,,,,,,,,,,,,,,,,,,,,,,,,,,,,,,,,,,,,,,,,,,,,,,,,,,,,,,,,,,,,,,,,,,,,,,,,,,,,
AC091982.3,,,,,,,,,,,,,,,,,,,,,,,,,,,,,,,,,,,,,,,,,,,,,,,,,,,,,,,,,,,,,,,,,,,,,,,,,,,,,,,,,,,,
ARHGAP23,,,,,,,,,,,,,,,,,,,,,,,,,,,,,,,,,,,,,,,,,,,,,,,,,,,,,,,,,,,,,,,,,,,,,,,,,,,,,,,,,,,,
AC132872.3,,,,,,,,,,,,,,,,,,,,,,,,,,,,,,,,,,,,,,,,,,,,,,,,,,,,,,,,,,,,,,,,,,,,,,,,,,,,,,,,,,,,
AL021578.1,,,,,,,,,,,,,,,,,,,,,,,,,,,,,,,,,,,,,,,,,,,,,,,,,,,,,,,,,,,,,,,,,,,,,,,,,,,,,,,,,,,,
U2AF1L5,,,,,,,,,,,,,,,,,,,,,,,,,,,,,,,,,,,,,,,,,,,,,,,,,,,,,,,,,,,,,,,,,,,,,,,,,,,,,,,,,,,,
AC037198.1,,,,,,,,,,,,,,,,,,,,,,,,,,,,,,,,,,,,,,,,,,,,,,,,,,,,,,,,,,,,,,,,,,,,,,,,,,,,,,,,,,,,
HIST1H4I,,,,,,,,,,,,,,,,,,,,,,,,,,,,,,,,,,,,,,,,,,,,,,,,,,,,,,,,,,,,,,,,,,,,,,,,,,,,,,,,,,,,
AC245014.3,,,,,,,,,,,,,,,,,,,,,,,,,,,,,,,,,,,,,,,,,,,,,,,,,,,,,,,,,,,,,,,,,,,,,,,,,,,,,,,,,,,,
AL442125.1,,,,,,,,,,,,,,,,,,,,,,,,,,,,,,,,,,,,,,,,,,,,,,,,,,,,,,,,,,,,,,,,,,,,,,,,,,,,,,,,,,,,
AC009118.3,,,,,,,,,,,,,,,,,,,,,,,,,,,,,,,,,,,,,,,,,,,,,,,,,,,,,,,,,,,,,,,,,,,,,,,,,,,,,,,,,,,,
HIST1H2AJ,,,,,,,,,,,,,,,,,,,,,,,,,,,,,,,,,,,,,,,,,,,,,,,,,,,,,,,,,,,,,,,,,,,,,,,,,,,,,,,,,,,,
AC016876.3,,,,,,,,,,,,,,,,,,,,,,,,,,,,,,,,,,,,,,,,,,,,,,,,,,,,,,,,,,,,,,,,,,,,,,,,,,,,,,,,,,,,
AC004241.3,,,,,,,,,,,,,,,,,,,,,,,,,,,,,,,,,,,,,,,,,,,,,,,,,,,,,,,,,,,,,,,,,,,,,,,,,,,,,,,,,,,,
HIST1H2BB,,,,,,,,,,,,,,,,,,,,,,,,,,,,,,,,,,,,,,,,,,,,,,,,,,,,,,,,,,,,,,,,,,,,,,,,,,,,,,,,,,,,
AC005393.1,,,,,,,,,,,,,,,,,,,,,,,,,,,,,,,,,,,,,,,,,,,,,,,,,,,,,,,,,,,,,,,,,,,,,,,,,,,,,,,,,,,,
AC025287.3,,,,,,,,,,,,,,,,,,,,,,,,,,,,,,,,,,,,,,,,,,,,,,,,,,,,,,,,,,,,,,,,,,,,,,,,,,,,,,,,,,,,
AL109614.1,,,,,,,,,,,,,,,,,,,,,,,,,,,,,,,,,,,,,,,,,,,,,,,,,,,,,,,,,,,,,,,,,,,,,,,,,,,,,,,,,,,,
AC092117.1,,,,,,,,,,,,,,,,,,,,,,,,,,,,,,,,,,,,,,,,,,,,,,,,,,,,,,,,,,,,,,,,,,,,,,,,,,,,,,,,,,,,
AC004801.6,,,,,,,,,,,,,,,,,,,,,,,,,,,,,,,,,,,,,,,,,,,,,,,,,,,,,,,,,,,,,,,,,,,,,,,,,,,,,,,,,,,,
AC020922.4,,,,,,,,,,,,,,,,,,,,,,,,,,,,,,,,,,,,,,,,,,,,,,,,,,,,,,,,,,,,,,,,,,,,,,,,,,,,,,,,,,,,
AC074050.4,,,,,,,,,,,,,,,,,,,,,,,,,,,,,,,,,,,,,,,,,,,,,,,,,,,,,,,,,,,,,,,,,,,,,,,,,,,,,,,,,,,,
AC023157.3,,,,,,,,,,,,,,,,,,,,,,,,,,,,,,,,,,,,,,,,,,,,,,,,,,,,,,,,,,,,,,,,,,,,,,,,,,,,,,,,,,,,
HIST1H2AL,,,,,,,,,,,,,,,,,,,,,,,,,,,,,,,,,,,,,,,,,,,,,,,,,,,,,,,,,,,,,,,,,,,,,,,,,,,,,,,,,,,,
AL442125.2,,,,,,,,,,,,,,,,,,,,,,,,,,,,,,,,,,,,,,,,,,,,,,,,,,,,,,,,,,,,,,,,,,,,,,,,,,,,,,,,,,,,
HIST1H4E,,,,,,,,,,,,,,,,,,,,,,,,,,,,,,,,,,,,,,,,,,,,,,,,,,,,,,,,,,,,,,,,,,,,,,,,,,,,,,,,,,,,
AL513314.2,,,,,,,,,,,,,,,,,,,,,,,,,,,,,,,,,,,,,,,,,,,,,,,,,,,,,,,,,,,,,,,,,,,,,,,,,,,,,,,,,,,,
HIST1H2AE,,,,,,,,,,,,,,,,,,,,,,,,,,,,,,,,,,,,,,,,,,,,,,,,,,,,,,,,,,,,,,,,,,,,,,,,,,,,,,,,,,,,
HIST1H4D,,,,,,,,,,,,,,,,,,,,,,,,,,,,,,,,,,,,,,,,,,,,,,,,,,,,,,,,,,,,,,,,,,,,,,,,,,,,,,,,,,,,
HIST1H2BF,,,,,,,,,,,,,,,,,,,,,,,,,,,,,,,,,,,,,,,,,,,,,,,,,,,,,,,,,,,,,,,,,,,,,,,,,,,,,,,,,,,,
PCGF2,,,,,,,,,,,,,,,,,,,,,,,,,,,,,,,,,,,,,,,,,,,,,,,,,,,,,,,,,,,,,,,,,,,,,,,,,,,,,,,,,,,,
AC090246.1,,,,,,,,,,,,,,,,,,,,,,,,,,,,,,,,,,,,,,,,,,,,,,,,,,,,,,,,,,,,,,,,,,,,,,,,,,,,,,,,,,,,
ZNF670,,,,,,,,,,,,,,,,,,,,,,,,,,,,,,,,,,,,,,,,,,,,,,,,,,,,,,,,,,,,,,,,,,,,,,,,,,,,,,,,,,,,
AC005332.5,,,,,,,,,,,,,,,,,,,,,,,,,,,,,,,,,,,,,,,,,,,,,,,,,,,,,,,,,,,,,,,,,,,,,,,,,,,,,,,,,,,,
AL109923.1,,,,,,,,,,,,,,,,,,,,,,,,,,,,,,,,,,,,,,,,,,,,,,,,,,,,,,,,,,,,,,,,,,,,,,,,,,,,,,,,,,,,
AC007546.1,,,,,,,,,,,,,,,,,,,,,,,,,,,,,,,,,,,,,,,,,,,,,,,,,,,,,,,,,,,,,,,,,,,,,,,,,,,,,,,,,,,,
HIST1H3F,,,,,,,,,,,,,,,,,,,,,,,,,,,,,,,,,,,,,,,,,,,,,,,,,,,,,,,,,,,,,,,,,,,,,,,,,,,,,,,,,,,,
AL391988.1,,,,,,,,,,,,,,,,,,,,,,,,,,,,,,,,,,,,,,,,,,,,,,,,,,,,,,,,,,,,,,,,,,,,,,,,,,,,,,,,,,,,
AC135279.4,,,,,,,,,,,,,,,,,,,,,,,,,,,,,,,,,,,,,,,,,,,,,,,,,,,,,,,,,,,,,,,,,,,,,,,,,,,,,,,,,,,,
AL035252.3,,,,,,,,,,,,,,,,,,,,,,,,,,,,,,,,,,,,,,,,,,,,,,,,,,,,,,,,,,,,,,,,,,,,,,,,,,,,,,,,,,,,
AL162274.2,,,,,,,,,,,,,,,,,,,,,,,,,,,,,,,,,,,,,,,,,,,,,,,,,,,,,,,,,,,,,,,,,,,,,,,,,,,,,,,,,,,,
AC009093.6,,,,,,,,,,,,,,,,,,,,,,,,,,,,,,,,,,,,,,,,,,,,,,,,,,,,,,,,,,,,,,,,,,,,,,,,,,,,,,,,,,,,
AC139100.2,,,,,,,,,,,,,,,,,,,,,,,,,,,,,,,,,,,,,,,,,,,,,,,,,,,,,,,,,,,,,,,,,,,,,,,,,,,,,,,,,,,,
ZNF8,,,,,,,,,,,,,,,,,,,,,,,,,,,,,,,,,,,,,,,,,,,,,,,,,,,,,,,,,,,,,,,,,,,,,,,,,,,,,,,,,,,,
PRICKLE4,,,,,,,,,,,,,,,,,,,,,,,,,,,,,,,,,,,,,,,,,,,,,,,,,,,,,,,,,,,,,,,,,,,,,,,,,,,,,,,,,,,,
GGNBP2,,,,,,,,,,,,,,,,,,,,,,,,,,,,,,,,,,,,,,,,,,,,,,,,,,,,,,,,,,,,,,,,,,,,,,,,,,,,,,,,,,,,
AC138028.6,,,,,,,,,,,,,,,,,,,,,,,,,,,,,,,,,,,,,,,,,,,,,,,,,,,,,,,,,,,,,,,,,,,,,,,,,,,,,,,,,,,,
HIST1H2AB,,,,,,,,,,,,,,,,,,,,,,,,,,,,,,,,,,,,,,,,,,,,,,,,,,,,,,,,,,,,,,,,,,,,,,,,,,,,,,,,,,,,
AC068506.1,,,,,,,,,,,,,,,,,,,,,,,,,,,,,,,,,,,,,,,,,,,,,,,,,,,,,,,,,,,,,,,,,,,,,,,,,,,,,,,,,,,,
HIST1H2BI,,,,,,,,,,,,,,,,,,,,,,,,,,,,,,,,,,,,,,,,,,,,,,,,,,,,,,,,,,,,,,,,,,,,,,,,,,,,,,,,,,,,
ZNF426-DT,,,,,,,,,,,,,,,,,,,,,,,,,,,,,,,,,,,,,,,,,,,,,,,,,,,,,,,,,,,,,,,,,,,,,,,,,,,,,,,,,,,,
HIST1H4A,,,,,,,,,,,,,,,,,,,,,,,,,,,,,,,,,,,,,,,,,,,,,,,,,,,,,,,,,,,,,,,,,,,,,,,,,,,,,,,,,,,,
HIST1H4B,,,,,,,,,,,,,,,,,,,,,,,,,,,,,,,,,,,,,,,,,,,,,,,,,,,,,,,,,,,,,,,,,,,,,,,,,,,,,,,,,,,,
NKILA,,,,,,,,,,,,,,,,,,,,,,,,,,,,,,,,,,,,,,,,,,,,,,,,,,,,,,,,,,,,,,,,,,,,,,,,,,,,,,,,,,,,
AC005332.6,,,,,,,,,,,,,,,,,,,,,,,,,,,,,,,,,,,,,,,,,,,,,,,,,,,,,,,,,,,,,,,,,,,,,,,,,,,,,,,,,,,,
AL136295.7,,,,,,,,,,,,,,,,,,,,,,,,,,,,,,,,,,,,,,,,,,,,,,,,,,,,,,,,,,,,,,,,,,,,,,,,,,,,,,,,,,,,
HIST1H3H,,,,,,,,,,,,,,,,,,,,,,,,,,,,,,,,,,,,,,,,,,,,,,,,,,,,,,,,,,,,,,,,,,,,,,,,,,,,,,,,,,,,
BX539320.1,,,,,,,,,,,,,,,,,,,,,,,,,,,,,,,,,,,,,,,,,,,,,,,,,,,,,,,,,,,,,,,,,,,,,,,,,,,,,,,,,,,,
AP000866.6,,,,,,,,,,,,,,,,,,,,,,,,,,,,,,,,,,,,,,,,,,,,,,,,,,,,,,,,,,,,,,,,,,,,,,,,,,,,,,,,,,,,
AC008764.8,,,,,,,,,,,,,,,,,,,,,,,,,,,,,,,,,,,,,,,,,,,,,,,,,,,,,,,,,,,,,,,,,,,,,,,,,,,,,,,,,,,,
PLAC4,,,,,,,,,,,,,,,,,,,,,,,,,,,,,,,,,,,,,,,,,,,,,,,,,,,,,,,,,,,,,,,,,,,,,,,,,,,,,,,,,,,,
UCKL1-AS1,,,,,,,,,,,,,,,,,,,,,,,,,,,,,,,,,,,,,,,,,,,,,,,,,,,,,,,,,,,,,,,,,,,,,,,,,,,,,,,,,,,,
LINC01348,,,,,,,,,,,,,,,,,,,,,,,,,,,,,,,,,,,,,,,,,,,,,,,,,,,,,,,,,,,,,,,,,,,,,,,,,,,,,,,,,,,,
CCDC163,,,,,,,,,,,,,,,,,,,,,,,,,,,,,,,,,,,,,,,,,,,,,,,,,,,,,,,,,,,,,,,,,,,,,,,,,,,,,,,,,,,,
N4BP2L2-IT2,,,,,,,,,,,,,,,,,,,,,,,,,,,,,,,,,,,,,,,,,,,,,,,,,,,,,,,,,,,,,,,,,,,,,,,,,,,,,,,,,,,,
NPTN-IT1,,,,,,,,,,,,,,,,,,,,,,,,,,,,,,,,,,,,,,,,,,,,,,,,,,,,,,,,,,,,,,,,,,,,,,,,,,,,,,,,,,,,
AC007878.1,,,,,,,,,,,,,,,,,,,,,,,,,,,,,,,,,,,,,,,,,,,,,,,,,,,,,,,,,,,,,,,,,,,,,,,,,,,,,,,,,,,,
DNAJB5-DT,,,,,,,,,,,,,,,,,,,,,,,,,,,,,,,,,,,,,,,,,,,,,,,,,,,,,,,,,,,,,,,,,,,,,,,,,,,,,,,,,,,,
C2-AS1,,,,,,,,,,,,,,,,,,,,,,,,,,,,,,,,,,,,,,,,,,,,,,,,,,,,,,,,,,,,,,,,,,,,,,,,,,,,,,,,,,,,
AL358472.4,,,,,,,,,,,,,,,,,,,,,,,,,,,,,,,,,,,,,,,,,,,,,,,,,,,,,,,,,,,,,,,,,,,,,,,,,,,,,,,,,,,,
LINC01002,,,,,,,,,,,,,,,,,,,,,,,,,,,,,,,,,,,,,,,,,,,,,,,,,,,,,,,,,,,,,,,,,,,,,,,,,,,,,,,,,,,,
AL627171.2,,,,,,,,,,,,,,,,,,,,,,,,,,,,,,,,,,,,,,,,,,,,,,,,,,,,,,,,,,,,,,,,,,,,,,,,,,,,,,,,,,,,
PCBP2-OT1,,,,,,,,,,,,,,,,,,,,,,,,,,,,,,,,,,,,,,,,,,,,,,,,,,,,,,,,,,,,,,,,,,,,,,,,,,,,,,,,,,,,
LINC02635,,,,,,,,,,,,,,,,,,,,,,,,,,,,,,,,,,,,,,,,,,,,,,,,,,,,,,,,,,,,,,,,,,,,,,,,,,,,,,,,,,,,
AL137077.2,,,,,,,,,,,,,,,,,,,,,,,,,,,,,,,,,,,,,,,,,,,,,,,,,,,,,,,,,,,,,,,,,,,,,,,,,,,,,,,,,,,,
IQCJ-SCHIP1,,,,,,,,,,,,,,,,,,,,,,,,,,,,,,,,,,,,,,,,,,,,,,,,,,,,,,,,,,,,,,,,,,,,,,,,,,,,,,,,,,,,
AC106858.1,,,,,,,,,,,,,,,,,,,,,,,,,,,,,,,,,,,,,,,,,,,,,,,,,,,,,,,,,,,,,,,,,,,,,,,,,,,,,,,,,,,,
SPEM3,,,,,,,,,,,,,,,,,,,,,,,,,,,,,,,,,,,,,,,,,,,,,,,,,,,,,,,,,,,,,,,,,,,,,,,,,,,,,,,,,,,,
AP000547.3,,,,,,,,,,,,,,,,,,,,,,,,,,,,,,,,,,,,,,,,,,,,,,,,,,,,,,,,,,,,,,,,,,,,,,,,,,,,,,,,,,,,
AC012485.3,,,,,,,,,,,,,,,,,,,,,,,,,,,,,,,,,,,,,,,,,,,,,,,,,,,,,,,,,,,,,,,,,,,,,,,,,,,,,,,,,,,,
AD000090.1,,,,,,,,,,,,,,,,,,,,,,,,,,,,,,,,,,,,,,,,,,,,,,,,,,,,,,,,,,,,,,,,,,,,,,,,,,,,,,,,,,,,
AL139424.2,,,,,,,,,,,,,,,,,,,,,,,,,,,,,,,,,,,,,,,,,,,,,,,,,,,,,,,,,,,,,,,,,,,,,,,,,,,,,,,,,,,,
DINOL,,,,,,,,,,,,,,,,,,,,,,,,,,,,,,,,,,,,,,,,,,,,,,,,,,,,,,,,,,,,,,,,,,,,,,,,,,,,,,,,,,,,
AC021097.2,,,,,,,,,,,,,,,,,,,,,,,,,,,,,,,,,,,,,,,,,,,,,,,,,,,,,,,,,,,,,,,,,,,,,,,,,,,,,,,,,,,,
AC010422.7,,,,,,,,,,,,,,,,,,,,,,,,,,,,,,,,,,,,,,,,,,,,,,,,,,,,,,,,,,,,,,,,,,,,,,,,,,,,,,,,,,,,
Z82202.2,,,,,,,,,,,,,,,,,,,,,,,,,,,,,,,,,,,,,,,,,,,,,,,,,,,,,,,,,,,,,,,,,,,,,,,,,,,,,,,,,,,,
AL021155.5,,,,,,,,,,,,,,,,,,,,,,,,,,,,,,,,,,,,,,,,,,,,,,,,,,,,,,,,,,,,,,,,,,,,,,,,,,,,,,,,,,,,
AL157827.2,,,,,,,,,,,,,,,,,,,,,,,,,,,,,,,,,,,,,,,,,,,,,,,,,,,,,,,,,,,,,,,,,,,,,,,,,,,,,,,,,,,,
AC115284.3,,,,,,,,,,,,,,,,,,,,,,,,,,,,,,,,,,,,,,,,,,,,,,,,,,,,,,,,,,,,,,,,,,,,,,,,,,,,,,,,,,,,
LINC02680,,,,,,,,,,,,,,,,,,,,,,,,,,,,,,,,,,,,,,,,,,,,,,,,,,,,,,,,,,,,,,,,,,,,,,,,,,,,,,,,,,,,
AC083837.1,,,,,,,,,,,,,,,,,,,,,,,,,,,,,,,,,,,,,,,,,,,,,,,,,,,,,,,,,,,,,,,,,,,,,,,,,,,,,,,,,,,,
AL162458.1,,,,,,,,,,,,,,,,,,,,,,,,,,,,,,,,,,,,,,,,,,,,,,,,,,,,,,,,,,,,,,,,,,,,,,,,,,,,,,,,,,,,
AC007317.1,,,,,,,,,,,,,,,,,,,,,,,,,,,,,,,,,,,,,,,,,,,,,,,,,,,,,,,,,,,,,,,,,,,,,,,,,,,,,,,,,,,,
AC083855.2,,,,,,,,,,,,,,,,,,,,,,,,,,,,,,,,,,,,,,,,,,,,,,,,,,,,,,,,,,,,,,,,,,,,,,,,,,,,,,,,,,,,
AC234775.4,,,,,,,,,,,,,,,,,,,,,,,,,,,,,,,,,,,,,,,,,,,,,,,,,,,,,,,,,,,,,,,,,,,,,,,,,,,,,,,,,,,,
AC073840.1,,,,,,,,,,,,,,,,,,,,,,,,,,,,,,,,,,,,,,,,,,,,,,,,,,,,,,,,,,,,,,,,,,,,,,,,,,,,,,,,,,,,
AC012443.2,,,,,,,,,,,,,,,,,,,,,,,,,,,,,,,,,,,,,,,,,,,,,,,,,,,,,,,,,,,,,,,,,,,,,,,,,,,,,,,,,,,,
AC010327.7,,,,,,,,,,,,,,,,,,,,,,,,,,,,,,,,,,,,,,,,,,,,,,,,,,,,,,,,,,,,,,,,,,,,,,,,,,,,,,,,,,,,
AC025370.2,,,,,,,,,,,,,,,,,,,,,,,,,,,,,,,,,,,,,,,,,,,,,,,,,,,,,,,,,,,,,,,,,,,,,,,,,,,,,,,,,,,,
AC084864.2,,,,,,,,,,,,,,,,,,,,,,,,,,,,,,,,,,,,,,,,,,,,,,,,,,,,,,,,,,,,,,,,,,,,,,,,,,,,,,,,,,,,
AC026748.3,,,,,,,,,,,,,,,,,,,,,,,,,,,,,,,,,,,,,,,,,,,,,,,,,,,,,,,,,,,,,,,,,,,,,,,,,,,,,,,,,,,,
Z97192.4,,,,,,,,,,,,,,,,,,,,,,,,,,,,,,,,,,,,,,,,,,,,,,,,,,,,,,,,,,,,,,,,,,,,,,,,,,,,,,,,,,,,
AC113410.4,,,,,,,,,,,,,,,,,,,,,,,,,,,,,,,,,,,,,,,,,,,,,,,,,,,,,,,,,,,,,,,,,,,,,,,,,,,,,,,,,,,,
HIST1H3B,,,,,,,,,,,,,,,,,,,,,,,,,,,,,,,,,,,,,,,,,,,,,,,,,,,,,,,,,,,,,,,,,,,,,,,,,,,,,,,,,,,,
Z98742.4,,,,,,,,,,,,,,,,,,,,,,,,,,,,,,,,,,,,,,,,,,,,,,,,,,,,,,,,,,,,,,,,,,,,,,,,,,,,,,,,,,,,
AC104304.3,,,,,,,,,,,,,,,,,,,,,,,,,,,,,,,,,,,,,,,,,,,,,,,,,,,,,,,,,,,,,,,,,,,,,,,,,,,,,,,,,,,,
AL024495.1,,,,,,,,,,,,,,,,,,,,,,,,,,,,,,,,,,,,,,,,,,,,,,,,,,,,,,,,,,,,,,,,,,,,,,,,,,,,,,,,,,,,
AC008766.1,,,,,,,,,,,,,,,,,,,,,,,,,,,,,,,,,,,,,,,,,,,,,,,,,,,,,,,,,,,,,,,,,,,,,,,,,,,,,,,,,,,,
AC135893.1,,,,,,,,,,,,,,,,,,,,,,,,,,,,,,,,,,,,,,,,,,,,,,,,,,,,,,,,,,,,,,,,,,,,,,,,,,,,,,,,,,,,
AC092943.2,,,,,,,,,,,,,,,,,,,,,,,,,,,,,,,,,,,,,,,,,,,,,,,,,,,,,,,,,,,,,,,,,,,,,,,,,,,,,,,,,,,,
AP000867.5,,,,,,,,,,,,,,,,,,,,,,,,,,,,,,,,,,,,,,,,,,,,,,,,,,,,,,,,,,,,,,,,,,,,,,,,,,,,,,,,,,,,
AC093928.1,,,,,,,,,,,,,,,,,,,,,,,,,,,,,,,,,,,,,,,,,,,,,,,,,,,,,,,,,,,,,,,,,,,,,,,,,,,,,,,,,,,,
AC010624.5,,,,,,,,,,,,,,,,,,,,,,,,,,,,,,,,,,,,,,,,,,,,,,,,,,,,,,,,,,,,,,,,,,,,,,,,,,,,,,,,,,,,
AL606500.1,,,,,,,,,,,,,,,,,,,,,,,,,,,,,,,,,,,,,,,,,,,,,,,,,,,,,,,,,,,,,,,,,,,,,,,,,,,,,,,,,,,,
AL513218.2,,,,,,,,,,,,,,,,,,,,,,,,,,,,,,,,,,,,,,,,,,,,,,,,,,,,,,,,,,,,,,,,,,,,,,,,,,,,,,,,,,,,
HIST1H3C,,,,,,,,,,,,,,,,,,,,,,,,,,,,,,,,,,,,,,,,,,,,,,,,,,,,,,,,,,,,,,,,,,,,,,,,,,,,,,,,,,,,
AL138889.3,,,,,,,,,,,,,,,,,,,,,,,,,,,,,,,,,,,,,,,,,,,,,,,,,,,,,,,,,,,,,,,,,,,,,,,,,,,,,,,,,,,,
AL512625.3,,,,,,,,,,,,,,,,,,,,,,,,,,,,,,,,,,,,,,,,,,,,,,,,,,,,,,,,,,,,,,,,,,,,,,,,,,,,,,,,,,,,
AL513303.1,,,,,,,,,,,,,,,,,,,,,,,,,,,,,,,,,,,,,,,,,,,,,,,,,,,,,,,,,,,,,,,,,,,,,,,,,,,,,,,,,,,,
AL592464.3,,,,,,,,,,,,,,,,,,,,,,,,,,,,,,,,,,,,,,,,,,,,,,,,,,,,,,,,,,,,,,,,,,,,,,,,,,,,,,,,,,,,
AC008149.2,,,,,,,,,,,,,,,,,,,,,,,,,,,,,,,,,,,,,,,,,,,,,,,,,,,,,,,,,,,,,,,,,,,,,,,,,,,,,,,,,,,,
AP001053.1,,,,,,,,,,,,,,,,,,,,,,,,,,,,,,,,,,,,,,,,,,,,,,,,,,,,,,,,,,,,,,,,,,,,,,,,,,,,,,,,,,,,
AC019131.3,,,,,,,,,,,,,,,,,,,,,,,,,,,,,,,,,,,,,,,,,,,,,,,,,,,,,,,,,,,,,,,,,,,,,,,,,,,,,,,,,,,,
AC068946.3,,,,,,,,,,,,,,,,,,,,,,,,,,,,,,,,,,,,,,,,,,,,,,,,,,,,,,,,,,,,,,,,,,,,,,,,,,,,,,,,,,,,
AC090617.10,,,,,,,,,,,,,,,,,,,,,,,,,,,,,,,,,,,,,,,,,,,,,,,,,,,,,,,,,,,,,,,,,,,,,,,,,,,,,,,,,,,,
AL109615.4,,,,,,,,,,,,,,,,,,,,,,,,,,,,,,,,,,,,,,,,,,,,,,,,,,,,,,,,,,,,,,,,,,,,,,,,,,,,,,,,,,,,
BX323046.2,,,,,,,,,,,,,,,,,,,,,,,,,,,,,,,,,,,,,,,,,,,,,,,,,,,,,,,,,,,,,,,,,,,,,,,,,,,,,,,,,,,,
Z99127.4,,,,,,,,,,,,,,,,,,,,,,,,,,,,,,,,,,,,,,,,,,,,,,,,,,,,,,,,,,,,,,,,,,,,,,,,,,,,,,,,,,,,
AC132872.5,,,,,,,,,,,,,,,,,,,,,,,,,,,,,,,,,,,,,,,,,,,,,,,,,,,,,,,,,,,,,,,,,,,,,,,,,,,,,,,,,,,,
AC006130.3,,,,,,,,,,,,,,,,,,,,,,,,,,,,,,,,,,,,,,,,,,,,,,,,,,,,,,,,,,,,,,,,,,,,,,,,,,,,,,,,,,,,
AL353748.3,,,,,,,,,,,,,,,,,,,,,,,,,,,,,,,,,,,,,,,,,,,,,,,,,,,,,,,,,,,,,,,,,,,,,,,,,,,,,,,,,,,,
AC127526.5,,,,,,,,,,,,,,,,,,,,,,,,,,,,,,,,,,,,,,,,,,,,,,,,,,,,,,,,,,,,,,,,,,,,,,,,,,,,,,,,,,,,
AC253572.2,,,,,,,,,,,,,,,,,,,,,,,,,,,,,,,,,,,,,,,,,,,,,,,,,,,,,,,,,,,,,,,,,,,,,,,,,,,,,,,,,,,,
AC092803.4,,,,,,,,,,,,,,,,,,,,,,,,,,,,,,,,,,,,,,,,,,,,,,,,,,,,,,,,,,,,,,,,,,,,,,,,,,,,,,,,,,,,
AL023806.4,,,,,,,,,,,,,,,,,,,,,,,,,,,,,,,,,,,,,,,,,,,,,,,,,,,,,,,,,,,,,,,,,,,,,,,,,,,,,,,,,,,,
AC010332.3,,,,,,,,,,,,,,,,,,,,,,,,,,,,,,,,,,,,,,,,,,,,,,,,,,,,,,,,,,,,,,,,,,,,,,,,,,,,,,,,,,,,
CRIPAK,,,,,,,,,,,,,,,,,,,,,,,,,,,,,,,,,,,,,,,,,,,,,,,,,,,,,,,,,,,,,,,,,,,,,,,,,,,,,,,,,,,,
