NAME	# MATCHING PROBE SETS	MATCHING PROBE SET(S)	
HTR4	1	ENSG00000164270	
HTR6	1	ENSG00000158748	
HTR7	1	ENSG00000148680	
BBX	1	ENSG00000114439	
ENSG00000242816	1	ENSG00000242816	
EXOC3-AS1	1	ENSG00000221990	
WDR83OS	1	ENSG00000105583	
DHDH	1	ENSG00000104808	
BCR	1	ENSG00000186716	
VOPP1	1	ENSG00000154978	
CLEC20A	1	ENSG00000188585	
COL13A1	1	ENSG00000197467	
FOXP1-IT1	1	ENSG00000242094	
BNC2-AS1	1	ENSG00000234779	
GTF2IRD2B	1	ENSG00000174428	
MYOM3-AS1	1	ENSG00000230703	
SPAG5-AS1	1	ENSG00000227543	
DHFR	1	ENSG00000228716	
DELEC1	1	ENSG00000173077	
STRC	1	ENSG00000242866	
STRN	1	ENSG00000115808	
BBC3	1	ENSG00000105327	
STUM	1	ENSG00000203685	
MYBPC3	1	ENSG00000134571	
MYBPC1	1	ENSG00000196091	
MYBPC2	1	ENSG00000086967	
FLJ20021	1	ENSG00000254531	
BGN	1	ENSG00000182492	
TMEFF1	1	ENSG00000241697	
TMEFF2	1	ENSG00000144339	
TRDD2	1	ENSG00000237235	
TRDD3	1	ENSG00000228985	
TRDD1	1	ENSG00000223997	
VCAN-AS1	1	ENSG00000249835	
PAXBP1-AS1	1	ENSG00000238197	
STX6	1	ENSG00000135823	
STX5	1	ENSG00000162236	
STX4	1	ENSG00000103496	
STX3	1	ENSG00000166900	
BID	1	ENSG00000015475	
STX2	1	ENSG00000111450	
SPDEF	1	ENSG00000124664	
MBD3	1	ENSG00000071655	
MBD4	1	ENSG00000129071	
MBD5	1	ENSG00000204406	
MBD6	1	ENSG00000166987	
BIK	1	ENSG00000100290	
MBD1	1	ENSG00000141644	
MBD2	1	ENSG00000134046	
ENSG00000205890	1	ENSG00000205890	
TMEM217B	1	ENSG00000286105	
FBXO27	1	ENSG00000161243	
FBXO28	1	ENSG00000143756	
FBXO25	1	ENSG00000147364	
FBXO24	1	ENSG00000106336	
FBXO21	1	ENSG00000135108	
MCHR2-AS1	1	ENSG00000229315	
FBXO22	1	ENSG00000167196	
FADS3	1	ENSG00000221968	
FADS2	1	ENSG00000134824	
FNTA	1	ENSG00000168522	
MYBPHL	1	ENSG00000221986	
IGHD2OR15-2B	1	ENSG00000282268	
FADS6	1	ENSG00000172782	
FNTB	1	ENSG00000257365	
IGHD2OR15-2A	1	ENSG00000282599	
FADS1	1	ENSG00000149485	
RXYLT1-AS1	1	ENSG00000255850	
STX8	1	ENSG00000170310	
FBXO16	1	ENSG00000214050	
STX7	1	ENSG00000079950	
FBXO17	1	ENSG00000269190	
FBXO15	1	ENSG00000141665	
MIR583HG	1	ENSG00000250551	
FBXO10	1	ENSG00000147912	
FBXO11	1	ENSG00000138081	
MINPP1	1	ENSG00000107789	
BLK	1	ENSG00000136573	
BLM	1	ENSG00000197299	
PDZRN3-AS1	1	ENSG00000239677	
IREB2	1	ENSG00000136381	
FBXO47	1	ENSG00000204952	
FBXO48	1	ENSG00000204923	
FBXO45	1	ENSG00000174013	
FBXO46	1	ENSG00000177051	
FBXO43	1	ENSG00000156509	
FBXO44	1	ENSG00000132879	
FBXO41	1	ENSG00000163013	
FBXO42	1	ENSG00000037637	
FBXO40	1	ENSG00000163833	
FAM111A-DT	1	ENSG00000245571	
FAM90A8	1	ENSG00000285937	
FAM90A9	1	ENSG00000285607	
MBIP	1	ENSG00000151332	
BMF	1	ENSG00000104081	
HTR1E	1	ENSG00000168830	
HTR1F	1	ENSG00000179097	
FBXO38	1	ENSG00000145868	
FBXO39	1	ENSG00000177294	
HTR1D	1	ENSG00000179546	
STYX	1	ENSG00000198252	
FBXO36	1	ENSG00000153832	
HTR1A	1	ENSG00000178394	
HTR1B	1	ENSG00000135312	
FAM90A7	1	ENSG00000285975	
FBXO34	1	ENSG00000178974	
RGMB-AS1	1	ENSG00000246763	
BMX	1	ENSG00000102010	
FBXO32	1	ENSG00000156804	
FBXO33	1	ENSG00000165355	
FBXO30	1	ENSG00000118496	
FBXO31	1	ENSG00000103264	
FAM90A1	1	ENSG00000171847	
AGAP1-IT1	1	ENSG00000235529	
HTR2B	1	ENSG00000135914	
EDRF1-DT	1	ENSG00000224023	
PPWD1	1	ENSG00000113593	
HTR2C	1	ENSG00000147246	
HTR2A	1	ENSG00000102468	
HCFC1-AS1	1	ENSG00000235802	
BOC	1	ENSG00000144857	
SPDL1	1	ENSG00000040275	
MBL2	1	ENSG00000165471	
BOK	1	ENSG00000176720	
SLC36A1	1	ENSG00000123643	
SLC36A3	1	ENSG00000186334	
SLC36A2	1	ENSG00000186335	
ASTN2-AS1	1	ENSG00000229105	
VPS13C	1	ENSG00000129003	
HTR3E	1	ENSG00000186038	
VPS13D	1	ENSG00000048707	
DHPS	1	ENSG00000095059	
HTR3C	1	ENSG00000178084	
VPS13A	1	ENSG00000197969	
VPS13B	1	ENSG00000132549	
HTR3D	1	ENSG00000186090	
HTR3A	1	ENSG00000166736	
LOC124904478	1	ENSG00000223881	
HTR3B	1	ENSG00000149305	
RABGGTB	1	ENSG00000137955	
RABGGTA	1	ENSG00000100949	
C1D	1	ENSG00000197223	
BPI	1	ENSG00000101425	
TOLLIP-DT	1	ENSG00000255153	
C1S	1	ENSG00000182326	
C1R	1	ENSG00000159403	
IL2RG	1	ENSG00000147168	
CNPY2-AS1	1	ENSG00000257303	
TSPOAP1	1	ENSG00000005379	
BBLN	1	ENSG00000171159	
SLC36A4	1	ENSG00000180773	
MYG1-AS1	1	ENSG00000257605	
GPKOW	1	ENSG00000068394	
TRDJ2	1	ENSG00000211827	
TRDJ3	1	ENSG00000211828	
FOXP1-DT	1	ENSG00000270562	
TRDJ1	1	ENSG00000211825	
HTR5A	1	ENSG00000157219	
IL2RA	1	ENSG00000134460	
ANKRD62P1-PARP4P3	1	ENSG00000189295	
TRDJ4	1	ENSG00000211826	
IL2RB	1	ENSG00000100385	
CDRT15	1	ENSG00000223510	
LGALSL	1	ENSG00000119862	
PEX26	1	ENSG00000215193	
LGALS4	1	ENSG00000171747	
C4B	1	ENSG00000224389	
LGALS3	1	ENSG00000131981	
C4A	1	ENSG00000244731	
LGALS2	1	ENSG00000100079	
LGALS1	1	ENSG00000100097	
IL36A	1	ENSG00000136694	
IL36B	1	ENSG00000136696	
H2BC12L	1	ENSG00000234289	
MCIDAS	1	ENSG00000234602	
FOXD3-AS1	1	ENSG00000230798	
BSG	1	ENSG00000172270	
LGALS9	1	ENSG00000168961	
LGALS8	1	ENSG00000116977	
BSN	1	ENSG00000164061	
LGALS7	1	ENSG00000205076	
INHBA-AS1	1	ENSG00000224116	
BSX	1	ENSG00000188909	
SEZ6L-AS1	1	ENSG00000224192	
DMD-AS3	1	ENSG00000236828	
BTC	1	ENSG00000174808	
CFDP1	1	ENSG00000153774	
BTD	1	ENSG00000169814	
CRISPLD1	1	ENSG00000121005	
CRISPLD2	1	ENSG00000103196	
SUB1	1	ENSG00000113387	
BTK	1	ENSG00000010671	
TBC1D26-AS1	1	ENSG00000233002	
DOCK9-DT	1	ENSG00000260992	
DHX8	1	ENSG00000067596	
DHX9	1	ENSG00000135829	
NKAIN2	1	ENSG00000188580	
NKAIN1	1	ENSG00000084628	
NKAIN4	1	ENSG00000101198	
MC2R	1	ENSG00000185231	
NKAIN3	1	ENSG00000185942	
RACGAP1	1	ENSG00000161800	
BBS2	1	ENSG00000125124	
SLC10A4	1	ENSG00000145248	
BBS1	1	ENSG00000174483	
SLC10A5	1	ENSG00000253598	
XBP1	1	ENSG00000100219	
SLC10A6	1	ENSG00000145283	
SLC10A7	1	ENSG00000120519	
TRDV2	1	ENSG00000211821	
SLC10A1	1	ENSG00000100652	
TRDV3	1	ENSG00000256590	
SLC10A2	1	ENSG00000125255	
SPDYC	1	ENSG00000204710	
SLC10A3	1	ENSG00000126903	
TRDV1	1	ENSG00000211804	
SUCO	1	ENSG00000094975	
IL36G	1	ENSG00000136688	
PEX5L	1	ENSG00000114757	
MC1R	1	ENSG00000258839	
SPDYA	1	ENSG00000163806	
C8B	1	ENSG00000021852	
C8A	1	ENSG00000157131	
MC4R	1	ENSG00000166603	
C8G	1	ENSG00000176919	
SUFU	1	ENSG00000107882	
RNF213-AS1	1	ENSG00000263069	
BBS9	1	ENSG00000122507	
MIR223HG	1	ENSG00000274536	
BBS7	1	ENSG00000138686	
BBS5	1	ENSG00000163093	
BBS4	1	ENSG00000140463	
PCYT1B	1	ENSG00000102230	
ZHX2	1	ENSG00000178764	
PCYT1A	1	ENSG00000161217	
ZHX3	1	ENSG00000174306	
ENSG00000288111	1	ENSG00000288111	
CACYBP	1	ENSG00000116161	
EIPR1-IT1	1	ENSG00000224885	
ZHX1	1	ENSG00000165156	
RNF144A	1	ENSG00000151692	
MC3R	1	ENSG00000124089	
RNF144B	1	ENSG00000137393	
TAX1BP1	1	ENSG00000106052	
ERCC6L2-AS1	1	ENSG00000175611	
TAX1BP3	1	ENSG00000213977	
SAMD4A-AS1	1	ENSG00000285774	
PEX16	1	ENSG00000121680	
PEX19	1	ENSG00000162735	
PEX10	1	ENSG00000157911	
PEX12	1	ENSG00000108733	
PEX13	1	ENSG00000162928	
PEX14	1	ENSG00000142655	
MC5R	1	ENSG00000176136	
PRDM4-AS1	1	ENSG00000258136	
TILRLS	1	ENSG00000251206	
PPM1J-DT	1	ENSG00000261595	
INPPL1	1	ENSG00000165458	
IGF1R	1	ENSG00000140443	
PPIP5K1	1	ENSG00000168781	
PPIP5K2	1	ENSG00000145725	
ENPP2	1	ENSG00000136960	
ENPP1	1	ENSG00000197594	
ENPP4	1	ENSG00000001561	
ENPP3	1	ENSG00000154269	
ENPP6	1	ENSG00000164303	
ENSG00000254775	1	ENSG00000254775	
ENPP5	1	ENSG00000112796	
ENPP7	1	ENSG00000182156	
NDFIP2-AS1	1	ENSG00000232132	
DHDDS	1	ENSG00000117682	
CCDC15-DT	1	ENSG00000285825	
HTRA3	1	ENSG00000170801	
HTRA4	1	ENSG00000169495	
HTRA1	1	ENSG00000166033	
DAPP1	1	ENSG00000070190	
HTRA2	1	ENSG00000115317	
BRINP3-DT	1	ENSG00000237457	
HULC	1	ENSG00000285219	
ZNF350-AS1	1	ENSG00000269235	
CHCHD10	1	ENSG00000250479	
IGF2R	1	ENSG00000197081	
BSPRY	1	ENSG00000119411	
DIAPH2-AS1	1	ENSG00000236256	
CA1	1	ENSG00000133742	
ZIC2	1	ENSG00000043355	
CA3	1	ENSG00000164879	
GTF2A1-AS1	1	ENSG00000273783	
CA2	1	ENSG00000104267	
ZIC3	1	ENSG00000156925	
ZIC1	1	ENSG00000152977	
CA4	1	ENSG00000167434	
CA7	1	ENSG00000168748	
CA6	1	ENSG00000131686	
CA9	1	ENSG00000107159	
CA8	1	ENSG00000178538	
SUN3	1	ENSG00000164744	
SUN2	1	ENSG00000100242	
SUN1	1	ENSG00000164828	
ATP6AP1	1	ENSG00000071553	
CAD	1	ENSG00000084774	
ATP6AP2	1	ENSG00000182220	
HUNK	1	ENSG00000142149	
ENSG00000254718	1	ENSG00000254718	
IGHV2OR16-5	1	ENSG00000259303	
SUN5	1	ENSG00000167098	
CAT	1	ENSG00000121691	
MSH2-OT1	1	ENSG00000235760	
SHANK3	1	ENSG00000251322	
SHANK2	1	ENSG00000162105	
SHANK1	1	ENSG00000161681	
DAPL1	1	ENSG00000163331	
CBL	1	ENSG00000110395	
GACAT3	1	ENSG00000236289	
GACAT2	1	ENSG00000265962	
GACAT1	1	ENSG00000232991	
SV2C	1	ENSG00000122012	
SV2B	1	ENSG00000185518	
TBX22	1	ENSG00000122145	
SV2A	1	ENSG00000159164	
CBS	1	ENSG00000160200	
TBX21	1	ENSG00000073861	
TBX20	1	ENSG00000164532	
CLVS2	1	ENSG00000146352	
ENSG00000230782	1	ENSG00000230782	
ENSG00000254753	1	ENSG00000254753	
CLVS1	1	ENSG00000177182	
ENSG00000242775	1	ENSG00000242775	
ZIC4	1	ENSG00000174963	
CCK	1	ENSG00000187094	
ZIC5	1	ENSG00000139800	
SUOX	1	ENSG00000139531	
TBX19	1	ENSG00000143178	
TBX18	1	ENSG00000112837	
CD2	1	ENSG00000116824	
ENSG00000254746	1	ENSG00000254746	
TBX15	1	ENSG00000092607	
CD4	1	ENSG00000010610	
CCS	1	ENSG00000173992	
NOPCHAP1	1	ENSG00000151131	
CD6	1	ENSG00000013725	
CD5	1	ENSG00000110448	
TBX10	1	ENSG00000167800	
CD7	1	ENSG00000173762	
CD9	1	ENSG00000010278	
MNX1-AS1	1	ENSG00000243479	
MNX1-AS2	1	ENSG00000235029	
CDA	1	ENSG00000158825	
CLEC10A	1	ENSG00000132514	
EPS15-AS1	1	ENSG00000227070	
SCN11A	1	ENSG00000168356	
ENSG00000278903	1	ENSG00000278903	
ENSG00000230960	1	ENSG00000230960	
SSTR5-AS1	1	ENSG00000261713	
CLEC11A	1	ENSG00000105472	
HUS1	1	ENSG00000136273	
CEL	1	ENSG00000170835	
NUP93	1	ENSG00000102900	
BCAN	1	ENSG00000132692	
SCN10A	1	ENSG00000185313	
BCAM	1	ENSG00000187244	
HECW2	1	ENSG00000138411	
HECW1	1	ENSG00000002746	
SRFBP1	1	ENSG00000151304	
NUP98	1	ENSG00000110713	
CFB	1	ENSG00000243649	
CFD	1	ENSG00000197766	
CFH	1	ENSG00000000971	
CFI	1	ENSG00000205403	
CFP	1	ENSG00000126759	
RRP7A	1	ENSG00000189306	
NUP85	1	ENSG00000125450	
NUP88	1	ENSG00000108559	
CGA	1	ENSG00000135346	
C3orf18	1	ENSG00000088543	
SPIN4-AS1	1	ENSG00000233661	
MCAM	1	ENSG00000076706	
CGN	1	ENSG00000143375	
C3orf14	1	ENSG00000114405	
MCAT	1	ENSG00000100294	
TMEM225B	1	ENSG00000244219	
MOCS2	1	ENSG00000164172	
MOCS3	1	ENSG00000124217	
STON1	1	ENSG00000243244	
CHM	1	ENSG00000188419	
STON2	1	ENSG00000140022	
ENSG00000230922	1	ENSG00000230922	
POTEF-AS1	1	ENSG00000224087	
MCEE	1	ENSG00000124370	
FGD5-AS1	1	ENSG00000225733	
RRP12	1	ENSG00000052749	
CIC	1	ENSG00000079432	
RRP15	1	ENSG00000067533	
ZIK1	1	ENSG00000171649	
EDARADD	1	ENSG00000186197	
CT45A10	1	ENSG00000269586	
ECRG4	1	ENSG00000119147	
CIT	1	ENSG00000122966	
PCOTH	1	ENSG00000205861	
PLIN4	1	ENSG00000167676	
PLIN3	1	ENSG00000105355	
PLIN2	1	ENSG00000147872	
PLIN1	1	ENSG00000166819	
RCCD1	1	ENSG00000166965	
MOCS1	1	ENSG00000124615	
PLIN5	1	ENSG00000214456	
TRBV12-1	1	ENSG00000244661	
DCAF12L2	1	ENSG00000198354	
DCAF12L1	1	ENSG00000198889	
TRBV12-2	1	ENSG00000211739	
TRBV12-3	1	ENSG00000274752	
TRBV12-4	1	ENSG00000276953	
TRBV12-5	1	ENSG00000275158	
LOC124904503	1	ENSG00000287354	
MIR4307HG	1	ENSG00000257612	
RASSF10	1	ENSG00000189431	
RRP36	1	ENSG00000124541	
CKB	1	ENSG00000166165	
PAIP2	1	ENSG00000120727	
ZIM2	1	ENSG00000269699	
ZIM3	1	ENSG00000141946	
PAIP1	1	ENSG00000172239	
BCHE	1	ENSG00000114200	
HIPK4	1	ENSG00000160396	
CKM	1	ENSG00000104879	
ARHGEF9-IT1	1	ENSG00000231729	
MCF2	1	ENSG00000101977	
MOCOS	1	ENSG00000075643	
G0S2	1	ENSG00000123689	
RRP1B	1	ENSG00000160208	
HIPK1	1	ENSG00000163349	
HIPK3	1	ENSG00000110422	
HIPK2	1	ENSG00000064393	
ENSG00000227305	1	ENSG00000227305	
FOSB	1	ENSG00000125740	
CLC	1	ENSG00000105205	
TMEM229A	1	ENSG00000234224	
TMEM229B	1	ENSG00000198133	
DNM3OS	1	ENSG00000230630	
CLU	1	ENSG00000120885	
OIP5	1	ENSG00000104147	
TMEM252-DT	1	ENSG00000226337	
UICLM	1	ENSG00000233392	
DIO1	1	ENSG00000211452	
DIO2	1	ENSG00000211448	
DIO3	1	ENSG00000197406	
FAM91A1	1	ENSG00000176853	
MTNR1A	1	ENSG00000168412	
MTNR1B	1	ENSG00000134640	
CNP	1	ENSG00000173786	
EDRF1-AS1	1	ENSG00000236991	
ECI1-AS1	1	ENSG00000261663	
CD300LB	1	ENSG00000178789	
CD300LD	1	ENSG00000204345	
CD300LF	1	ENSG00000186074	
CD300LG	1	ENSG00000161649	
MCL1	1	ENSG00000143384	
TCEANC	1	ENSG00000176896	
BCL9	1	ENSG00000116128	
UBOX5	1	ENSG00000185019	
BCL6	1	ENSG00000113916	
CPD	1	ENSG00000108582	
BCL3	1	ENSG00000069399	
BCL2	1	ENSG00000171791	
CPE	1	ENSG00000109472	
OSCP1	1	ENSG00000116885	
CPM	1	ENSG00000135678	
CPO	1	ENSG00000144410	
MCM7	1	ENSG00000166508	
CPQ	1	ENSG00000104324	
MCM8	1	ENSG00000125885	
COL14A1	1	ENSG00000187955	
SMAD3-AS1	1	ENSG00000259202	
MCM9	1	ENSG00000111877	
CPZ	1	ENSG00000109625	
KBTBD13	1	ENSG00000234438	
KBTBD12	1	ENSG00000187715	
CEP170B	1	ENSG00000099814	
OIT3	1	ENSG00000138315	
CLEC12A-AS1	1	ENSG00000231560	
CR2	1	ENSG00000117322	
CR1	1	ENSG00000203710	
GGPS1	1	ENSG00000152904	
DIS3	1	ENSG00000083520	
SGIP1	1	ENSG00000118473	
SAPCD2	1	ENSG00000186193	
SAPCD1	1	ENSG00000228727	
MCM3	1	ENSG00000112118	
XCL2	1	ENSG00000143185	
CRH	1	ENSG00000147571	
MCM4	1	ENSG00000104738	
XCL1	1	ENSG00000143184	
MCM5	1	ENSG00000100297	
MCM6	1	ENSG00000076003	
IGKV3D-7	1	ENSG00000228325	
CRK	1	ENSG00000167193	
MCM2	1	ENSG00000073111	
CRP	1	ENSG00000132693	
ICMT-DT	1	ENSG00000225077	
CRX	1	ENSG00000105392	
C1RL-AS1	1	ENSG00000205885	
STOX2	1	ENSG00000173320	
SVBP	1	ENSG00000177868	
IL21R	1	ENSG00000103522	
CSK	1	ENSG00000103653	
BCO2	1	ENSG00000197580	
BCO1	1	ENSG00000135697	
STOX1	1	ENSG00000165730	
SLC35A2	1	ENSG00000102100	
SLC35A1	1	ENSG00000164414	
SLC35A4	1	ENSG00000176087	
ITGA9-AS1	1	ENSG00000235257	
SLC35A3	1	ENSG00000117620	
LOC124904576	1	ENSG00000224521	
CPPED1	1	ENSG00000103381	
KBTBD11	1	ENSG00000176595	
ASXL1	1	ENSG00000171456	
MAB21L3	1	ENSG00000173212	
MAB21L4	1	ENSG00000172478	
CTH	1	ENSG00000116761	
ASXL3	1	ENSG00000141431	
MAB21L1	1	ENSG00000180660	
ASXL2	1	ENSG00000143970	
MAB21L2	1	ENSG00000181541	
LIFR-AS1	1	ENSG00000244968	
BCOR	1	ENSG00000183337	
DSG2-AS1	1	ENSG00000264859	
SLC35B3	1	ENSG00000124786	
SLC35B2	1	ENSG00000157593	
IL1RN	1	ENSG00000136689	
SLC35B4	1	ENSG00000205060	
STAG1-DT	1	ENSG00000261758	
SLC35B1	1	ENSG00000121073	
IL23R	1	ENSG00000162594	
ADAMTS16-DT	1	ENSG00000250579	
WDR5B-DT	1	ENSG00000272758	
SCAANT1	1	ENSG00000280620	
ARFIP2	1	ENSG00000132254	
ARFIP1	1	ENSG00000164144	
SLC35A5	1	ENSG00000138459	
ENSG00000276289	1	ENSG00000276289	
TANGO6	1	ENSG00000103047	
IL1R1	1	ENSG00000115594	
SLC35C2	1	ENSG00000080189	
IL1R2	1	ENSG00000115590	
TANGO2	1	ENSG00000183597	
SLC35C1	1	ENSG00000181830	
MIR133A1HG	1	ENSG00000265142	
GSK3B-DT	1	ENSG00000242622	
ARHGAP29-AS1	1	ENSG00000226835	
IL23A	1	ENSG00000110944	
SLC35D1	1	ENSG00000116704	
SH2D2A	1	ENSG00000027869	
SLC35D3	1	ENSG00000182747	
SLC35D2	2	ENSG00000130958:ENSG00000285269	
XCR1	1	ENSG00000173578	
SLC35E1	1	ENSG00000127526	
SLC35E4	1	ENSG00000100036	
SLC35E3	1	ENSG00000175782	
SH2D1A	1	ENSG00000183918	
SH2D1B	1	ENSG00000198574	
IL6-AS1	1	ENSG00000179428	
SLC35F6	1	ENSG00000213699	
SLC35F3	1	ENSG00000183780	
CAB39L	1	ENSG00000102547	
SLC35F2	1	ENSG00000110660	
SLC35F5	1	ENSG00000115084	
MCUB	1	ENSG00000005059	
SLC35F4	1	ENSG00000151812	
SLC25A48-AS1	1	ENSG00000251045	
SLC35F1	1	ENSG00000196376	
SIPA1L2	1	ENSG00000116991	
SIPA1L3	1	ENSG00000105738	
TTC39C-AS1	1	ENSG00000264745	
SIPA1L1	1	ENSG00000197555	
SOX5-AS1	1	ENSG00000256120	
IGHD2-21	1	ENSG00000211912	
SLC35G4	1	ENSG00000236396	
SLC35G3	1	ENSG00000164729	
SLC35G6	1	ENSG00000259224	
SLC35G5	1	ENSG00000177710	
SLC35G2	1	ENSG00000168917	
SLC35G1	1	ENSG00000176273	
FABP6-AS1	1	ENSG00000247699	
C1QTNF12	1	ENSG00000184163	
AMER1	1	ENSG00000184675	
AMER2	1	ENSG00000165566	
AMER3	1	ENSG00000178171	
RSF1-IT1	1	ENSG00000255409	
RSF1-IT2	1	ENSG00000254985	
RGPD6	1	ENSG00000183054	
RGPD5	1	ENSG00000015568	
RGPD8	1	ENSG00000169629	
RGPD2	1	ENSG00000185304	
RGPD1	1	ENSG00000187627	
AGAP2-AS1	1	ENSG00000255737	
RGPD4	1	ENSG00000196862	
RGPD3	1	ENSG00000153165	
BEGAIN	1	ENSG00000183092	
TCEAL8	1	ENSG00000180964	
TCEAL7	1	ENSG00000182916	
TCEAL6	1	ENSG00000204071	
TCEAL5	1	ENSG00000204065	
ST6GAL2-IT1	1	ENSG00000238250	
TCEAL4	1	ENSG00000133142	
TCEAL3	1	ENSG00000196507	
TCEAL2	1	ENSG00000184905	
TCEAL1	1	ENSG00000172465	
TCEAL9	1	ENSG00000185222	
SVIL	1	ENSG00000197321	
SVIP	1	ENSG00000198168	
IKBKB-DT	1	ENSG00000253408	
SPCS3	1	ENSG00000129128	
ENSG00000278899	1	ENSG00000278899	
SPCS2	1	ENSG00000118363	
SPCS1	1	ENSG00000114902	
SCTR-AS1	1	ENSG00000231013	
QPCT	1	ENSG00000115828	
IGHD2-15	1	ENSG00000211918	
SIPA1	1	ENSG00000213445	
FGGY-DT	1	ENSG00000224609	
CLEC18C	1	ENSG00000157335	
CLEC18B	1	ENSG00000140839	
CLEC18A	1	ENSG00000157322	
OR5H15	1	ENSG00000233412	
OR5H14	1	ENSG00000236032	
C3orf62	1	ENSG00000188315	
CSKMT	1	ENSG00000214756	
PBX1-AS1	1	ENSG00000233693	
FPGT	1	ENSG00000254685	
FPGS	1	ENSG00000136877	
IGHVII-33-1	1	ENSG00000254203	
CLEC19A	1	ENSG00000261210	
C3orf70	1	ENSG00000187068	
SPECC1L	1	ENSG00000100014	
TIMELESS	1	ENSG00000111602	
IGHV3OR15-7	1	ENSG00000259490	
NUPR2	1	ENSG00000185290	
NUPR1	1	ENSG00000176046	
CD2BP2-DT	1	ENSG00000260219	
CLEC16A	1	ENSG00000038532	
C3orf85	1	ENSG00000241224	
PARM1-AS1	1	ENSG00000249717	
CAMSAP1	1	ENSG00000130559	
CAMSAP2	1	ENSG00000118200	
C3orf80	1	ENSG00000180044	
NPC1L1	1	ENSG00000015520	
C3orf84	1	ENSG00000236980	
AMELX	1	ENSG00000125363	
AMELY	1	ENSG00000099721	
PNPT1	1	ENSG00000138035	
STX17-DT	1	ENSG00000255145	
CLEC17A	1	ENSG00000187912	
LDLRAD4-AS1	1	ENSG00000267690	
CAMSAP3	1	ENSG00000076826	
DAP	1	ENSG00000112977	
DAO	1	ENSG00000110887	
TPBGL-AS1	1	ENSG00000255136	
C3orf22	1	ENSG00000180697	
DBI	1	ENSG00000155368	
CLEC14A	1	ENSG00000176435	
DBH	1	ENSG00000123454	
C3orf20	1	ENSG00000131379	
DBP	1	ENSG00000105516	
DBT	1	ENSG00000137992	
CTNNA2-AS1	1	ENSG00000229385	
STPG1	1	ENSG00000001460	
C3orf38	1	ENSG00000179021	
STPG3	1	ENSG00000197768	
STPG2	1	ENSG00000163116	
SVOP	1	ENSG00000166111	
DCD	1	ENSG00000161634	
DCC	1	ENSG00000187323	
STPG4	1	ENSG00000239605	
C3orf33	1	ENSG00000174928	
DCK	1	ENSG00000156136	
DCN	1	ENSG00000011465	
C1QTNF9B	1	ENSG00000205863	
ZAP70	1	ENSG00000115085	
DCT	1	ENSG00000080166	
DCX	1	ENSG00000077279	
DNASE2	1	ENSG00000105612	
ENSG00000230894	1	ENSG00000230894	
DNASE1	1	ENSG00000213918	
HNRNPD-DT	1	ENSG00000272677	
SWINGN	1	ENSG00000260910	
DDC	1	ENSG00000132437	
C3orf49	1	ENSG00000163632	
CLEC12A	1	ENSG00000172322	
CLEC12B	1	ENSG00000256660	
DDO	1	ENSG00000203797	
ENSG00000266850	1	ENSG00000266850	
DDN	1	ENSG00000181418	
DDT	1	ENSG00000099977	
ITPRIP-AS1	1	ENSG00000228261	
C3orf52	1	ENSG00000114529	
DEK	1	ENSG00000124795	
DES	1	ENSG00000175084	
MT-ND6	1	ENSG00000198695	
LIF-AS1	1	ENSG00000232530	
MDC1	1	ENSG00000137337	
MT-ND4	1	ENSG00000198886	
MT-ND5	1	ENSG00000198786	
NEXMIF	1	ENSG00000050030	
LIF-AS2	1	ENSG00000268812	
KLF7-IT1	1	ENSG00000237892	
MT-ND2	1	ENSG00000198763	
MT-ND3	1	ENSG00000198840	
MT-ND1	1	ENSG00000198888	
IL4I1	1	ENSG00000104951	
VASH1-DT	1	ENSG00000258569	
SAGSIN1	1	ENSG00000286075	
AR	1	ENSG00000169083	
CGGBP1	1	ENSG00000163320	
GRID2IP	1	ENSG00000215045	
DHH	1	ENSG00000139549	
ACTL7A	1	ENSG00000187003	
ACTL7B	1	ENSG00000148156	
FPR1	1	ENSG00000171051	
FPR3	1	ENSG00000187474	
FPR2	1	ENSG00000171049	
C2CD4D-AS1	1	ENSG00000234614	
C2	1	ENSG00000166278	
C3	1	ENSG00000125730	
DYNC2LI1	1	ENSG00000138036	
C5	1	ENSG00000106804	
C6	1	ENSG00000039537	
C7	1	ENSG00000112936	
C9	1	ENSG00000113600	
LEMD1-DT	1	ENSG00000224717	
SEMA6A-AS1	1	ENSG00000248445	
SEMA6A-AS2	1	ENSG00000249167	
CP	1	ENSG00000047457	
ENSG00000227463	1	ENSG00000227463	
CS	1	ENSG00000062485	
DMRTC1B	1	ENSG00000184911	
HISLA	1	ENSG00000258867	
LRSAM1	1	ENSG00000148356	
RNF185-AS1	1	ENSG00000254835	
RPLP1	1	ENSG00000137818	
RPLP0	1	ENSG00000089157	
QPRT	1	ENSG00000103485	
ECSIT	1	ENSG00000130159	
IGLV2-33	1	ENSG00000211656	
IGLV2-34	1	ENSG00000253120	
RPLP2	1	ENSG00000177600	
ACTL6B	1	ENSG00000077080	
ACTL6A	1	ENSG00000136518	
SIRT4	1	ENSG00000089163	
SIRT5	1	ENSG00000124523	
SIRT6	1	ENSG00000077463	
SIRT7	1	ENSG00000187531	
F2	1	ENSG00000180210	
SIRT1	1	ENSG00000096717	
F3	1	ENSG00000117525	
SIRT2	1	ENSG00000068903	
ELAPOR2	1	ENSG00000164659	
ELAPOR1	1	ENSG00000116299	
SIRT3	1	ENSG00000142082	
F5	1	ENSG00000198734	
F7	1	ENSG00000057593	
F8	1	ENSG00000185010	
F9	1	ENSG00000101981	
BDH2	1	ENSG00000164039	
BDH1	1	ENSG00000161267	
CDC42EP5	1	ENSG00000167617	
TGIF2LX	1	ENSG00000153779	
CDC42EP4	1	ENSG00000179604	
CDC42EP3	1	ENSG00000163171	
TGIF2LY	1	ENSG00000176679	
CDC42EP2	1	ENSG00000149798	
CDC42EP1	1	ENSG00000128283	
DLD	1	ENSG00000091140	
MDFI	1	ENSG00000112559	
FH	1	ENSG00000091483	
ARL14EPL	1	ENSG00000268223	
CCNDBP1	1	ENSG00000166946	
HLA-DMA	1	ENSG00000204257	
HLA-DMB	1	ENSG00000242574	
GGT2P	1	ENSG00000133475	
DMD	1	ENSG00000198947	
CSMD3	1	ENSG00000164796	
CSMD2	1	ENSG00000121904	
GC	1	ENSG00000145321	
CSMD1	1	ENSG00000183117	
MDH1	1	ENSG00000014641	
GK	1	ENSG00000198814	
MDH2	1	ENSG00000146701	
TTLL7	1	ENSG00000137941	
TTLL6	1	ENSG00000170703	
TTLL5	1	ENSG00000119685	
TTLL4	1	ENSG00000135912	
TTLL3	1	ENSG00000214021	
TTLL2	1	ENSG00000120440	
TTLL1	1	ENSG00000100271	
TTLL9	1	ENSG00000131044	
TTLL8	1	ENSG00000138892	
HP	1	ENSG00000257017	
HR	1	ENSG00000168453	
SRI-AS1	1	ENSG00000254003	
HPGDS	1	ENSG00000163106	
PABPC4L	1	ENSG00000254535	
HLA-DOA	1	ENSG00000204252	
HLA-DOB	1	ENSG00000241106	
IK	1	ENSG00000113141	
VPS33A	1	ENSG00000139719	
FRMD3-AS1	1	ENSG00000229109	
VPS33B	1	ENSG00000184056	
PIGBOS1	1	ENSG00000225973	
NSMAF	1	ENSG00000035681	
EXOSC10-AS1	1	ENSG00000230337	
ECSCR	1	ENSG00000249751	
DPT	1	ENSG00000143196	
IGLV2-11	1	ENSG00000211668	
IGLV2-14	1	ENSG00000211666	
IGLV2-18	1	ENSG00000211664	
MDN1	1	ENSG00000112159	
KL	1	ENSG00000133116	
NOP53-AS1	1	ENSG00000269656	
DR1	1	ENSG00000117505	
BDNF	1	ENSG00000176697	
KY	1	ENSG00000174611	
ZC3HC1	1	ENSG00000091732	
IGLV2-23	1	ENSG00000211660	
MDM2	1	ENSG00000135679	
HLA-DRA	1	ENSG00000204287	
MDM4	1	ENSG00000198625	
IGLV2-28	1	ENSG00000253451	
MDM1	1	ENSG00000111554	
SH2D4A	1	ENSG00000104611	
SH2D4B	1	ENSG00000178217	
MB	1	ENSG00000198125	
DSE	1	ENSG00000111817	
MDP1	1	ENSG00000213920	
HSPA2-AS1	1	ENSG00000259116	
SPG11	1	ENSG00000104133	
DSP	1	ENSG00000096696	
DST	1	ENSG00000151914	
SH2D3A	1	ENSG00000125731	
GOLPH3-DT	1	ENSG00000272086	
SH2D3C	1	ENSG00000095370	
VPS37C	1	ENSG00000167987	
VPS37D	1	ENSG00000176428	
VPS37A	1	ENSG00000155975	
VPS37B	1	ENSG00000139722	
BDP1	1	ENSG00000145734	
DTL	1	ENSG00000143476	
OSTM1-AS1	1	ENSG00000225174	
RNFT2	1	ENSG00000135119	
COL15A1	1	ENSG00000204291	
HSD17B14	1	ENSG00000087076	
HSD17B13	1	ENSG00000170509	
HSD17B12	1	ENSG00000149084	
HSD17B11	1	ENSG00000198189	
HSD17B10	1	ENSG00000072506	
RNFT1	1	ENSG00000189050	
SLITRK2	1	ENSG00000185985	
SLITRK1	1	ENSG00000178235	
SLITRK4	1	ENSG00000179542	
SLITRK3	1	ENSG00000121871	
SLITRK6	1	ENSG00000184564	
SLITRK5	1	ENSG00000165300	
LINGO2	1	ENSG00000174482	
LINGO1	1	ENSG00000169783	
DUT	1	ENSG00000128951	
LINGO4	1	ENSG00000213171	
LINGO3	1	ENSG00000220008	
PDCD6-DT	1	ENSG00000248925	
PC	1	ENSG00000173599	
NECTIN1-DT	1	ENSG00000254854	
PABPC1L	1	ENSG00000101104	
MDGA2	1	ENSG00000139915	
MDGA1	1	ENSG00000112139	
SPG21	1	ENSG00000090487	
VPS35L	1	ENSG00000103544	
DHFR2	1	ENSG00000178700	
RETREG3	1	ENSG00000141699	
TCF12-DT	1	ENSG00000285331	
RGSL1	1	ENSG00000121446	
TXNDC11	1	ENSG00000153066	
TXNDC12	1	ENSG00000117862	
TXNDC15	1	ENSG00000113621	
TXNDC16	1	ENSG00000087301	
TXNDC17	1	ENSG00000129235	
ALDH1A2-AS1	1	ENSG00000259285	
SLC34A3	1	ENSG00000198569	
SLC34A2	1	ENSG00000157765	
SLC34A1	1	ENSG00000131183	
TIMD4	1	ENSG00000145850	
MDS2	1	ENSG00000197880	
LOC102724701	2	ENSG00000275496:ENSG00000280145	
DXO	1	ENSG00000204348	
TMEM72-AS1	1	ENSG00000224812	
EPHA10	1	ENSG00000183317	
KIF9-AS1	1	ENSG00000227398	
C1orf21-DT	1	ENSG00000271387	
MST1R	1	ENSG00000164078	
SLC2A1-DT	1	ENSG00000227533	
OSGEP	1	ENSG00000092094	
SI	1	ENSG00000090402	
SWI5	1	ENSG00000175854	
DYM	1	ENSG00000141627	
NSMCE1-DT	1	ENSG00000245888	
TF	1	ENSG00000091513	
TG	1	ENSG00000042832	
TH	1	ENSG00000180176	
HDHD5-AS1	1	ENSG00000185837	
EPCAM-DT	1	ENSG00000234690	
RETREG2	1	ENSG00000144567	
RETREG1	1	ENSG00000154153	
AKAP13-AS1	1	ENSG00000259367	
PCSK2	1	ENSG00000125851	
PCSK1	1	ENSG00000175426	
SLC7A14	1	ENSG00000013293	
SLC7A13	1	ENSG00000164893	
PCSK9	1	ENSG00000169174	
SLC7A11	1	ENSG00000151012	
PCSK7	1	ENSG00000160613	
SLC7A10	1	ENSG00000130876	
PCSK6	1	ENSG00000140479	
PCSK5	1	ENSG00000099139	
PCSK4	1	ENSG00000115257	
CLYBL	1	ENSG00000125246	
GNGT1	1	ENSG00000127928	
GNGT2	1	ENSG00000167083	
HYAL1	1	ENSG00000114378	
HYAL2	1	ENSG00000068001	
HYAL3	1	ENSG00000186792	
HYAL4	1	ENSG00000106302	
L3HYPDH	1	ENSG00000126790	
THUMPD3-AS1	1	ENSG00000206573	
UBE2H-DT	1	ENSG00000244036	
G2E3	1	ENSG00000092140	
IGHMBP2	1	ENSG00000132740	
ALS2CL	1	ENSG00000178038	
PLEKHG4B	1	ENSG00000153404	
NDUFA6-DT	1	ENSG00000237037	
MIR99AHG	1	ENSG00000215386	
XG	1	ENSG00000124343	
XK	1	ENSG00000047597	
ZFAND3-DT	1	ENSG00000225945	
THEMIS2	1	ENSG00000130775	
GLB1L	1	ENSG00000163521	
LBX2-AS1	1	ENSG00000257702	
ENSG00000288302	1	ENSG00000288302	
TRBV11-1	1	ENSG00000211720	
TRBV11-2	1	ENSG00000241657	
TRBV11-3	1	ENSG00000276597	
ATP11AUN	1	ENSG00000197595	
PAMR1	1	ENSG00000149090	
PLCG1-AS1	1	ENSG00000226648	
IGHVIII-76-1	1	ENSG00000253310	
DKC1	1	ENSG00000130826	
PHAF1	1	ENSG00000125149	
ZNF337-AS1	1	ENSG00000213742	
HCAR2	1	ENSG00000182782	
TRGC1	1	ENSG00000211689	
HCAR3	1	ENSG00000255398	
EBP	1	ENSG00000147155	
HCAR1	1	ENSG00000196917	
ENSG00000278961	1	ENSG00000278961	
TRGC2	1	ENSG00000227191	
CARNMT1-AS1	1	ENSG00000203321	
CFAP20DC-DT	1	ENSG00000243295	
ECD	1	ENSG00000122882	
PHOX2B	1	ENSG00000109132	
PHOX2A	1	ENSG00000165462	
STT3A	1	ENSG00000134910	
IGHV3OR16-6	1	ENSG00000270864	
IGHV3OR16-7	1	ENSG00000271620	
IGHV3OR16-8	1	ENSG00000271130	
STT3B	1	ENSG00000163527	
IGHV3OR16-9	1	ENSG00000270472	
EDA	1	ENSG00000158813	
TTLL1-AS1	1	ENSG00000230319	
MEA1	1	ENSG00000124733	
RGPD4-AS1	1	ENSG00000230651	
EED	1	ENSG00000074266	
DARS2	1	ENSG00000117593	
DARS1	1	ENSG00000115866	
PCDH10-DT	1	ENSG00000250241	
IGHV1OR16-4	1	ENSG00000259997	
ENSG00000266977	1	ENSG00000266977	
ENSG00000266976	1	ENSG00000266976	
IGHV1OR16-1	1	ENSG00000261704	
IGHV1OR16-2	1	ENSG00000259852	
IGHV1OR16-3	1	ENSG00000260048	
ACVR1B	1	ENSG00000135503	
EFS	1	ENSG00000100842	
ACVR1C	1	ENSG00000123612	
MDH1B	1	ENSG00000138400	
EGF	1	ENSG00000138798	
SWT1	1	ENSG00000116668	
ACVR2B	1	ENSG00000114739	
ACVR2A	1	ENSG00000121989	
ENSG00000278932	1	ENSG00000278932	
INAFM2	1	ENSG00000259330	
INAFM1	1	ENSG00000257704	
EHF	1	ENSG00000135373	
RPL30	1	ENSG00000156482	
RPL32	1	ENSG00000144713	
TMEM200B	1	ENSG00000253304	
RPL31	1	ENSG00000071082	
TMEM200A	1	ENSG00000164484	
ZNF561-AS1	1	ENSG00000267106	
RPL34	1	ENSG00000109475	
TMEM200C	1	ENSG00000206432	
ABCA12	1	ENSG00000144452	
ABCA13	1	ENSG00000179869	
GPR174	1	ENSG00000147138	
GPR173	1	ENSG00000184194	
GPR176	1	ENSG00000166073	
GPR171	1	ENSG00000174946	
RPL36	1	ENSG00000130255	
ADNP2	1	ENSG00000101544	
RPL35	1	ENSG00000136942	
RPL38	1	ENSG00000172809	
RPL37	1	ENSG00000145592	
ANKS1A	1	ENSG00000064999	
RPL39	1	ENSG00000198918	
ANKS1B	1	ENSG00000185046	
GPR179	1	ENSG00000277399	
MED1	1	ENSG00000125686	
MECR	1	ENSG00000116353	
RPL21	1	ENSG00000122026	
RPL23	1	ENSG00000125691	
RPL22	1	ENSG00000116251	
MED8	1	ENSG00000159479	
MED9	1	ENSG00000141026	
AARSD1	1	ENSG00000266967	
MED4	1	ENSG00000136146	
DKK1	1	ENSG00000107984	
MED6	1	ENSG00000133997	
DKK2	1	ENSG00000155011	
DKK3	1	ENSG00000050165	
MED7	1	ENSG00000155868	
DKK4	1	ENSG00000104371	
GPR162	1	ENSG00000250510	
ABCA10	1	ENSG00000154263	
GPR161	1	ENSG00000143147	
GPR160	1	ENSG00000173890	
RPL24	1	ENSG00000114391	
RPL27	1	ENSG00000131469	
RPL26	1	ENSG00000161970	
RPL29	1	ENSG00000162244	
RPL28	1	ENSG00000108107	
GPLD1	1	ENSG00000112293	
OSER1	1	ENSG00000132823	
MEG3	1	ENSG00000214548	
VPS26C	1	ENSG00000157538	
VPS26A	1	ENSG00000122958	
VPS26B	1	ENSG00000151502	
MEFV	1	ENSG00000103313	
MEG8	1	ENSG00000225746	
KIF18B-DT	1	ENSG00000267334	
MEG9	2	ENSG00000223403:ENSG00000258861	
OCSTAMP	1	ENSG00000149635	
RPL41	1	ENSG00000229117	
SLC16A12	1	ENSG00000152779	
PRRC2C	1	ENSG00000117523	
SLC16A11	1	ENSG00000174326	
SLC16A10	1	ENSG00000112394	
RPL3L	1	ENSG00000140986	
SLC16A14	1	ENSG00000163053	
SLC16A13	1	ENSG00000174327	
PRRC2A	1	ENSG00000204469	
MIR3936HG	1	ENSG00000233006	
GPR180	1	ENSG00000152749	
GPR183	1	ENSG00000169508	
GPR182	1	ENSG00000166856	
SPEF2	1	ENSG00000152582	
SPEF1	1	ENSG00000101222	
ELL	1	ENSG00000105656	
MEI1	1	ENSG00000167077	
ELN	1	ENSG00000049540	
MEI4	1	ENSG00000269964	
PCOLCE-AS1	1	ENSG00000224729	
GPR132	1	ENSG00000183484	
ZAR1L	1	ENSG00000189167	
GPR137	1	ENSG00000173264	
FIBCD1-AS1	1	ENSG00000236658	
EMB	1	ENSG00000170571	
GPR139	1	ENSG00000180269	
EMD	1	ENSG00000102119	
GPR135	1	ENSG00000181619	
ZC3H10	1	ENSG00000135482	
EN2	1	ENSG00000164778	
EN1	1	ENSG00000163064	
GCFC2	1	ENSG00000005436	
AFTPH	1	ENSG00000119844	
RFX5-AS1	1	ENSG00000237976	
ENG	1	ENSG00000106991	
PCYOX1	1	ENSG00000116005	
RPL10	1	ENSG00000147403	
RPL12	1	ENSG00000197958	
RPL11	1	ENSG00000142676	
GPR152	1	ENSG00000175514	
GPR151	1	ENSG00000173250	
GPR153	1	ENSG00000158292	
GPR150	1	ENSG00000178015	
LIMD1-AS1	1	ENSG00000230530	
RPL14	1	ENSG00000188846	
RPL13	1	ENSG00000167526	
RPL15	1	ENSG00000174748	
RPL18	1	ENSG00000063177	
GPR156	1	ENSG00000175697	
GPR155	1	ENSG00000163328	
RPL17	1	ENSG00000265681	
GPR158	1	ENSG00000151025	
RPL19	1	ENSG00000108298	
GPR157	1	ENSG00000180758	
F10	1	ENSG00000126218	
F12	1	ENSG00000131187	
F11	1	ENSG00000088926	
BET1-AS1	1	ENSG00000236861	
CERNA2	1	ENSG00000285972	
CERNA1	1	ENSG00000259577	
NMNAT3	1	ENSG00000163864	
NMNAT2	1	ENSG00000157064	
GPR141	1	ENSG00000187037	
GPR143	1	ENSG00000101850	
GPR142	1	ENSG00000257008	
NMNAT1	1	ENSG00000173614	
CERNA3	1	ENSG00000253603	
MSRB2	1	ENSG00000148450	
GPR149	1	ENSG00000174948	
GPR148	1	ENSG00000173302	
MSRB3	1	ENSG00000174099	
ANKS4B	1	ENSG00000175311	
GPR146	1	ENSG00000164849	
MSRB1	1	ENSG00000198736	
COL16A1	1	ENSG00000084636	
EPO	1	ENSG00000130427	
EPX	1	ENSG00000121053	
LRP1-AS	1	ENSG00000259125	
VSTM2A-OT1	1	ENSG00000224223	
MEN1	1	ENSG00000133895	
RNF43	1	ENSG00000108375	
RNF44	1	ENSG00000146083	
F2R	1	ENSG00000181104	
RNF40	1	ENSG00000103549	
RNF41	1	ENSG00000181852	
MELK	1	ENSG00000165304	
GAPDHS	1	ENSG00000105679	
ERF	1	ENSG00000105722	
ERH	1	ENSG00000100632	
ERG	1	ENSG00000157554	
MRPS35-DT	1	ENSG00000256377	
PAUPAR	1	ENSG00000281880	
ABHD4	1	ENSG00000100439	
GPR119	1	ENSG00000147262	
ABHD3	1	ENSG00000158201	
ABHD2	1	ENSG00000140526	
ABHD1	1	ENSG00000143994	
ABHD8	1	ENSG00000127220	
ACTMAP	1	ENSG00000188493	
ABHD6	1	ENSG00000163686	
ABHD5	1	ENSG00000011198	
MACROH2A2	1	ENSG00000099284	
MACROH2A1	1	ENSG00000113648	
NCK1-DT	1	ENSG00000239213	
STRA8	1	ENSG00000146857	
OARD1	1	ENSG00000124596	
CAMTA1-AS1	1	ENSG00000225126	
ESD	1	ENSG00000139684	
CAMTA1-AS3	1	ENSG00000237365	
CAMTA1-AS2	1	ENSG00000237728	
STRA6	1	ENSG00000137868	
PKNOX2-AS1	1	ENSG00000254932	
LAMC1-AS1	1	ENSG00000224468	
GPR108	1	ENSG00000125734	
PALB2	1	ENSG00000083093	
TDRD12	1	ENSG00000173809	
GPR107	1	ENSG00000148358	
TDRD10	1	ENSG00000163239	
GPR101	1	ENSG00000165370	
TDRD15	1	ENSG00000218819	
RNF10	1	ENSG00000022840	
CALCOCO1	1	ENSG00000012822	
RNF11	1	ENSG00000123091	
SFT2D3	1	ENSG00000173349	
RNF13	1	ENSG00000082996	
RNF14	1	ENSG00000013561	
CALCOCO2	1	ENSG00000136436	
TREM2	1	ENSG00000095970	
ADRA1D	1	ENSG00000171873	
ADRA1B	1	ENSG00000170214	
ADRA1A	1	ENSG00000120907	
TREM1	1	ENSG00000124731	
RPL7A	1	ENSG00000148303	
RNF17	1	ENSG00000132972	
PDCD6IP	1	ENSG00000170248	
LOLI1	1	ENSG00000241219	
MEPE	1	ENSG00000152595	
RANGAP1	1	ENSG00000100401	
ADRA2C	1	ENSG00000184160	
ADRA2B	1	ENSG00000274286	
COASY	1	ENSG00000068120	
ADRA2A	1	ENSG00000150594	
EVC	1	ENSG00000072840	
IL3RA	1	ENSG00000185291	
SPEM3	1	ENSG00000283439	
SPEM2	1	ENSG00000184560	
EVL	1	ENSG00000196405	
SPEM1	1	ENSG00000181323	
PTPRJ-AS1	1	ENSG00000254879	
SFT2D2	1	ENSG00000213064	
SSX2IP	1	ENSG00000117155	
SFT2D1	1	ENSG00000198818	
RNF31	1	ENSG00000092098	
SMARCD1	1	ENSG00000066117	
RNF32	1	ENSG00000105982	
SMARCD2	1	ENSG00000108604	
SMARCD3	1	ENSG00000082014	
RNF34	1	ENSG00000170633	
RNF38	1	ENSG00000137075	
ITLN1	1	ENSG00000179914	
ITLN2	1	ENSG00000158764	
MAP3K20-AS1	1	ENSG00000238133	
MYL6B-AS1	1	ENSG00000257809	
MESD	1	ENSG00000117899	
PUF60	1	ENSG00000179950	
RNF39	1	ENSG00000204618	
MEST	1	ENSG00000106484	
SMARCE1	1	ENSG00000073584	
RNF20	1	ENSG00000155827	
RNF24	1	ENSG00000101236	
RNF25	1	ENSG00000163481	
RNF26	1	ENSG00000173456	
CTDP1-DT	1	ENSG00000178412	
PNRC1	1	ENSG00000146278	
PNRC2	1	ENSG00000189266	
TRMT61A	1	ENSG00000166166	
TRMT61B	1	ENSG00000171103	
BET1	1	ENSG00000105829	
POT1-AS1	1	ENSG00000224897	
STIM2-AS1	1	ENSG00000240005	
EYS	1	ENSG00000188107	
AFG3L2	1	ENSG00000141385	
COX7A2L	1	ENSG00000115944	
AKAP9	1	ENSG00000127914	
RELCH	1	ENSG00000134444	
EZR	1	ENSG00000092820	
ANKRA2	1	ENSG00000164331	
BEX4	1	ENSG00000102409	
GPM6A	1	ENSG00000150625	
BEX3	1	ENSG00000166681	
BEX2	1	ENSG00000133134	
BEX1	1	ENSG00000133169	
C17orf107	1	ENSG00000205710	
C17orf100	1	ENSG00000256806	
NHLH2	1	ENSG00000177551	
GNG10	1	ENSG00000242616	
NHLH1	1	ENSG00000171786	
GPM6B	1	ENSG00000046653	
C17orf113	1	ENSG00000267221	
C17orf114	1	ENSG00000262165	
TREX1	1	ENSG00000213689	
SLC33A1	1	ENSG00000169359	
TREX2	1	ENSG00000183479	
IGFL2	1	ENSG00000204866	
IGFL3	1	ENSG00000188624	
IGFL1	1	ENSG00000188293	
GNG12	1	ENSG00000172380	
GNG11	1	ENSG00000127920	
GNG14	1	ENSG00000283980	
GNG13	1	ENSG00000127588	
SRGAP2-AS1	1	ENSG00000230806	
CDAN1	1	ENSG00000140326	
IGFL4	1	ENSG00000204869	
TTBK2-AS1	1	ENSG00000246283	
ITM2A	1	ENSG00000078596	
RAB40AL	1	ENSG00000102128	
ITM2B	1	ENSG00000136156	
ITM2C	1	ENSG00000135916	
BEX5	1	ENSG00000184515	
ACVRL1	1	ENSG00000139567	
OLA1	1	ENSG00000138430	
QRFP	1	ENSG00000188710	
SNRK-AS1	1	ENSG00000234617	
ANKRD9	1	ENSG00000156381	
EPM2AIP1	1	ENSG00000178567	
GLIPR1	1	ENSG00000139278	
GLIPR2	1	ENSG00000122694	
ANKRD1	1	ENSG00000148677	
TNFAIP8L1	1	ENSG00000185361	
PSMD14-DT	1	ENSG00000235724	
CPB2-AS1	1	ENSG00000235903	
GNPNAT1	1	ENSG00000100522	
TNFAIP8L3	1	ENSG00000183578	
DLAT	1	ENSG00000150768	
TNFAIP8L2	1	ENSG00000163154	
ANKRD2	1	ENSG00000165887	
ANKRD7	1	ENSG00000106013	
ANKRD6	1	ENSG00000135299	
RSPRY1	1	ENSG00000159579	
LRRC8D-DT	1	ENSG00000272931	
AVPR1B	1	ENSG00000198049	
STRBP	1	ENSG00000165209	
AVPR1A	1	ENSG00000166148	
IGFN1	1	ENSG00000163395	
MSS51	1	ENSG00000166343	
PALD1	1	ENSG00000107719	
MKLN1-AS	1	ENSG00000236753	
RPUSD4	1	ENSG00000165526	
MDFIC	1	ENSG00000135272	
RPUSD1	1	ENSG00000007376	
RPUSD2	1	ENSG00000166133	
FRG2	1	ENSG00000205097	
FRG1	1	ENSG00000109536	
RPUSD3	1	ENSG00000156990	
STRAP	1	ENSG00000023734	
RCC2-AS1	1	ENSG00000227751	
GAGE12G	1	ENSG00000215269	
GAGE12H	1	ENSG00000224902	
GAGE12E	1	ENSG00000216649	
GAGE12F	1	ENSG00000236362	
GAGE12C	1	ENSG00000237671	
GAGE12D	1	ENSG00000227488	
RPS10-NUDT3	1	ENSG00000270800	
GAGE12B	1	ENSG00000236737	
AKAP8	1	ENSG00000105127	
AKAP7	1	ENSG00000118507	
AKAP6	1	ENSG00000151320	
AKAP5	1	ENSG00000179841	
AKAP4	1	ENSG00000147081	
AKAP3	1	ENSG00000111254	
AKAP1	1	ENSG00000121057	
NCR3LG1	1	ENSG00000188211	
GAGE12J	1	ENSG00000224659	
MUC12-AS1	1	ENSG00000227053	
OLAH	1	ENSG00000152463	
NUDT16-DT	1	ENSG00000250608	
FAH	1	ENSG00000103876	
PDZK1IP1	1	ENSG00000162366	
UBE2E1-AS1	1	ENSG00000223791	
FAP	1	ENSG00000078098	
DLC1	1	ENSG00000164741	
FAS	1	ENSG00000026103	
BMAL2	1	ENSG00000029153	
FAU	1	ENSG00000149806	
BMAL1	1	ENSG00000133794	
SIRPD	1	ENSG00000125900	
SIRPG	1	ENSG00000089012	
SDR9C7	1	ENSG00000170426	
TNFRSF14-AS1	1	ENSG00000238164	
FBL	1	ENSG00000105202	
CHMP1B-AS1	1	ENSG00000267165	
NUSAP1	1	ENSG00000137804	
SIRPA	1	ENSG00000198053	
TBCCD1	1	ENSG00000113838	
ENSG00000264449	1	ENSG00000264449	
ANGEL2	1	ENSG00000174606	
ANGEL1	1	ENSG00000013523	
PAM16	1	ENSG00000217930	
GLTPD2	1	ENSG00000182327	
TBL1XR1	1	ENSG00000177565	
RGS9BP	1	ENSG00000186326	
ELMO1	1	ENSG00000155849	
ELMO2	1	ENSG00000062598	
ELMO3	1	ENSG00000102890	
RELL1	1	ENSG00000181826	
RELL2	1	ENSG00000164620	
IL21-AS1	1	ENSG00000227145	
BZW1-AS1	1	ENSG00000230408	
TRBV10-1	1	ENSG00000211717	
TRBV10-2	1	ENSG00000229769	
TRBV10-3	1	ENSG00000275791	
ANTKMT	1	ENSG00000103254	
ZC3H18	1	ENSG00000158545	
ZC3H13	1	ENSG00000123200	
ZC3H14	1	ENSG00000100722	
ZC3H15	1	ENSG00000065548	
ENSG00000276422	1	ENSG00000276422	
TGFB2	1	ENSG00000092969	
TGFB1	1	ENSG00000105329	
TGFB3	1	ENSG00000119699	
ADGRA1-AS1	1	ENSG00000256925	
BFAR	1	ENSG00000103429	
NFKBIA	1	ENSG00000100906	
DLG1	1	ENSG00000075711	
FER	1	ENSG00000151422	
DLG2	1	ENSG00000150672	
DLG3	1	ENSG00000082458	
DLG4	1	ENSG00000132535	
FES	1	ENSG00000182511	
DLG5	1	ENSG00000151208	
FEV	1	ENSG00000163497	
CLASRP	1	ENSG00000104859	
TGFBI	1	ENSG00000120708	
PALS2	1	ENSG00000105926	
GRSF1	1	ENSG00000132463	
NFKBIE	1	ENSG00000146232	
NFKBID	1	ENSG00000167604	
PALS1	1	ENSG00000072415	
NFKBIB	1	ENSG00000104825	
DHTKD1	1	ENSG00000181192	
NAV2-IT1	1	ENSG00000255270	
ARHGEF19-AS1	1	ENSG00000234166	
ZC3H7A	1	ENSG00000122299	
ZC3H7B	1	ENSG00000100403	
NFKBIZ	1	ENSG00000144802	
FGB	1	ENSG00000171564	
FGA	1	ENSG00000171560	
FGG	1	ENSG00000171557	
BBOX1-AS1	1	ENSG00000254560	
FGR	1	ENSG00000000938	
PALLD	1	ENSG00000129116	
CHMP3	1	ENSG00000115561	
CHMP6	1	ENSG00000176108	
ECT2L	1	ENSG00000203734	
CHMP7	1	ENSG00000147457	
CHMP5	1	ENSG00000086065	
RGS18	1	ENSG00000150681	
RGS17	1	ENSG00000091844	
RGS19	1	ENSG00000171700	
RGS14	1	ENSG00000169220	
RGS13	1	ENSG00000127074	
RGS16	1	ENSG00000143333	
PALM3	1	ENSG00000187867	
RPH3AL-AS1	1	ENSG00000262061	
DLL1	1	ENSG00000198719	
RPH3AL-AS2	1	ENSG00000262294	
STRN4	1	ENSG00000090372	
DLL3	1	ENSG00000090932	
STRN3	1	ENSG00000196792	
ENSG00000227496	1	ENSG00000227496	
DLL4	1	ENSG00000128917	
IGFBPL1	1	ENSG00000137142	
PALMD	1	ENSG00000099260	
ACBD3-AS1	1	ENSG00000234478	
RGS21	1	ENSG00000253148	
RGS20	1	ENSG00000147509	
RGS22	1	ENSG00000132554	
CLASP1	1	ENSG00000074054	
CLASP2	1	ENSG00000163539	
ZNF114-AS1	1	ENSG00000268186	
DLK1	1	ENSG00000185559	
DLK2	1	ENSG00000171462	
RGS10	1	ENSG00000148908	
ENSG00000239482	1	ENSG00000239482	
RGS12	1	ENSG00000159788	
RGS11	1	ENSG00000076344	
FLJ12825	1	ENSG00000248265	
NOC2L	1	ENSG00000188976	
FLICR	1	ENSG00000286181	
TUB-AS1	1	ENSG00000248332	
SLC5A4-AS1	1	ENSG00000242082	
EVX1-AS	1	ENSG00000253405	
FRS2	1	ENSG00000166225	
LDOC1	1	ENSG00000182195	
FRS3	1	ENSG00000137218	
RABL3	1	ENSG00000144840	
NOBOX	1	ENSG00000106410	
RABL6	1	ENSG00000196642	
FLG	1	ENSG00000143631	
IGHV7-34-1	1	ENSG00000253325	
CDCA2	1	ENSG00000184661	
CDCA3	1	ENSG00000111665	
CDCA4	1	ENSG00000170779	
CDCA5	1	ENSG00000146670	
CDCA7	1	ENSG00000144354	
CDCA8	1	ENSG00000134690	
ENSG00000225032	1	ENSG00000225032	
PLCB2-AS1	1	ENSG00000259307	
DCHS1-AS1	1	ENSG00000255390	
FUCA1	1	ENSG00000179163	
FUCA2	1	ENSG00000001036	
XNDC1N	1	ENSG00000254469	
FN1	1	ENSG00000115414	
C12orf75-AS1	1	ENSG00000257642	
MAGOHB	1	ENSG00000111196	
TPBGL	1	ENSG00000261594	
TTC32-DT	1	ENSG00000271991	
CFAP97D1	1	ENSG00000231256	
CFAP97D2	1	ENSG00000283361	
PANX1	1	ENSG00000110218	
PANX2	1	ENSG00000073150	
OLR1	1	ENSG00000173391	
PANX3	1	ENSG00000154143	
SPHK2	1	ENSG00000063176	
SPHK1	1	ENSG00000176170	
FOS	1	ENSG00000170345	
SLC7A4	1	ENSG00000099960	
SLC7A5	1	ENSG00000103257	
SLC7A6	1	ENSG00000103064	
SLC7A7	1	ENSG00000155465	
SLC7A8	1	ENSG00000092068	
SLC7A9	1	ENSG00000021488	
WWOX-AS1	1	ENSG00000260969	
NUP62CL	1	ENSG00000198088	
CACUL1	1	ENSG00000151893	
ELOF1	1	ENSG00000130165	
DLST	1	ENSG00000119689	
SREBF2-AS1	1	ENSG00000184068	
NOC4L	1	ENSG00000184967	
SLC7A1	1	ENSG00000139514	
SLC7A2	1	ENSG00000003989	
SLC7A3	1	ENSG00000165349	
RAPGEF4-AS1	1	ENSG00000228016	
FRZB	1	ENSG00000162998	
MFN1	1	ENSG00000171109	
MFN2	1	ENSG00000116688	
P4HTM	1	ENSG00000178467	
PPP1R13B-DT	1	ENSG00000258735	
HOXA10-AS	1	ENSG00000253187	
TRAPPC10	1	ENSG00000160218	
NOC3L	1	ENSG00000173145	
RABIF	1	ENSG00000183155	
FRYL	1	ENSG00000075539	
FRK	1	ENSG00000111816	
HYCC1	1	ENSG00000122591	
HYCC2	1	ENSG00000155744	
RAI1-AS1	1	ENSG00000237328	
PLOD3	1	ENSG00000106397	
PLOD2	1	ENSG00000152952	
PLOD1	1	ENSG00000083444	
FRY	1	ENSG00000073910	
PSG11-AS1	1	ENSG00000282943	
GARIN3	1	ENSG00000170613	
GARIN4	1	ENSG00000162771	
ADORA3	1	ENSG00000282608	
GARIN2	1	ENSG00000172717	
ADORA1	1	ENSG00000163485	
GARIN6	1	ENSG00000180219	
SYBU	1	ENSG00000147642	
LINCMD1	1	ENSG00000225613	
TFIP11-DT	1	ENSG00000261188	
BNIP3L	1	ENSG00000104765	
MIR219A2HG	1	ENSG00000207955	
FST	1	ENSG00000134363	
MFNG	1	ENSG00000100060	
IL6ST	1	ENSG00000134352	
FTL	1	ENSG00000087086	
COL17A1	1	ENSG00000065618	
FTO	1	ENSG00000140718	
CHODL	1	ENSG00000154645	
DLX1	1	ENSG00000144355	
DLX2	1	ENSG00000115844	
DLX3	1	ENSG00000064195	
DLX4	1	ENSG00000108813	
DLX5	1	ENSG00000105880	
DLX6	1	ENSG00000006377	
FTX	1	ENSG00000230590	
CORO1A	1	ENSG00000102879	
CORO1B	1	ENSG00000172725	
CORO1C	1	ENSG00000110880	
SLC14A1	1	ENSG00000141469	
SLC14A2	1	ENSG00000132874	
FUS	1	ENSG00000089280	
LBX1-AS1	1	ENSG00000227128	
ELOA2	1	ENSG00000206181	
FUZ	1	ENSG00000010361	
CORO2A	1	ENSG00000106789	
CORO2B	1	ENSG00000103647	
ATP10A-DT	1	ENSG00000259011	
NDC80	1	ENSG00000080986	
SYCN	1	ENSG00000179751	
TOB1-AS1	1	ENSG00000229980	
CPEB2-DT	1	ENSG00000247624	
ARHGAP28-AS1	1	ENSG00000266441	
CDC73	1	ENSG00000134371	
RLBP1	1	ENSG00000140522	
PKN2-AS1	1	ENSG00000237505	
COMMD10	1	ENSG00000145781	
MFRP	1	ENSG00000235718	
SYF2	1	ENSG00000117614	
YJU2B	1	ENSG00000104957	
FXN	1	ENSG00000165060	
SLC5A11	1	ENSG00000158865	
SLC5A12	1	ENSG00000148942	
PIK3IP1-DT	1	ENSG00000228839	
SLC5A10	1	ENSG00000154025	
RCHY1	1	ENSG00000163743	
FSCB	1	ENSG00000189139	
EHBP1	1	ENSG00000115504	
CDC42	1	ENSG00000070831	
CDC45	1	ENSG00000093009	
FYN	1	ENSG00000010810	
FSD2	1	ENSG00000186628	
FSD1	1	ENSG00000105255	
MIF-AS1	1	ENSG00000218537	
GADD45GIP1	1	ENSG00000179271	
CDC5L	1	ENSG00000096401	
PCBP2-OT1	1	ENSG00000282977	
STUB1	1	ENSG00000103266	
FSBP	1	ENSG00000265817	
TRAV36DV7	1	ENSG00000211815	
FLJ46284	1	ENSG00000248858	
CARHSP1-DT	1	ENSG00000261481	
CDC20	1	ENSG00000117399	
SLC9A3-AS1	1	ENSG00000225138	
CDC23	1	ENSG00000094880	
HYKK	1	ENSG00000188266	
CDC26	1	ENSG00000176386	
CDC27	1	ENSG00000004897	
ATP6V1E1	1	ENSG00000131100	
ATP6V1E2	1	ENSG00000250565	
ATP6V1G1	1	ENSG00000136888	
PCSEAT	1	ENSG00000286027	
ATP6V1G2	1	ENSG00000213760	
MARCHF6-DT	1	ENSG00000259802	
CDC40	1	ENSG00000168438	
PYURF	1	ENSG00000145337	
CDC34	1	ENSG00000099804	
CDC37	1	ENSG00000105401	
TRIB3	1	ENSG00000101255	
TRIB1	1	ENSG00000173334	
TRIB2	1	ENSG00000071575	
ZNF324B	1	ENSG00000249471	
OMA1	1	ENSG00000162600	
IGKV1OR22-1	1	ENSG00000253481	
CDKN2AIP	1	ENSG00000168564	
IGKV1OR22-5	1	ENSG00000230481	
PRSS45P	1	ENSG00000188086	
ATP6V1C1	1	ENSG00000155097	
ATP6V1C2	1	ENSG00000143882	
SMIM10L2B	1	ENSG00000196972	
SMIM10L2A	1	ENSG00000178947	
DSG1-AS1	1	ENSG00000266729	
CDC16	1	ENSG00000130177	
CIBAR1	1	ENSG00000188343	
CIBAR2	1	ENSG00000153789	
SLC2A4RG	1	ENSG00000125520	
SYNM	1	ENSG00000182253	
AGBL4-IT1	1	ENSG00000225623	
CRTAC1	1	ENSG00000095713	
ZNF587B	1	ENSG00000269343	
LOC124904072	1	ENSG00000261978	
FSHB	1	ENSG00000131808	
GAA	1	ENSG00000171298	
CLSTN2-AS1	1	ENSG00000250433	
SYN3	1	ENSG00000185666	
SYN2	1	ENSG00000157152	
SYN1	1	ENSG00000008056	
GAK	1	ENSG00000178950	
MRGPRF-AS1	1	ENSG00000256508	
GAL	1	ENSG00000069482	
NFILZ	1	ENSG00000268480	
GAN	1	ENSG00000261609	
FSHR	1	ENSG00000170820	
DMC1	1	ENSG00000100206	
NPY4R2	1	ENSG00000264717	
SYNC	1	ENSG00000162520	
XPC-AS1	1	ENSG00000228242	
NFIL3	1	ENSG00000165030	
NCKAP5-AS1	1	ENSG00000233729	
NCKAP5-AS2	1	ENSG00000226953	
ATP6V1G3	1	ENSG00000151418	
ZNF585B	1	ENSG00000245680	
ZNF585A	1	ENSG00000196967	
GCA	1	ENSG00000115271	
GCG	1	ENSG00000115263	
GCK	1	ENSG00000106633	
HYPK	1	ENSG00000242028	
CFHR2	1	ENSG00000080910	
CFHR1	1	ENSG00000244414	
CFHR4	1	ENSG00000134365	
CFHR3	1	ENSG00000116785	
CFHR5	1	ENSG00000134389	
SRP19	1	ENSG00000153037	
SYS1	1	ENSG00000204070	
PCDH11Y	1	ENSG00000099715	
AMHR2	1	ENSG00000135409	
GDA	1	ENSG00000119125	
RPP30	1	ENSG00000148688	
PCDH11X	1	ENSG00000102290	
WASHC2C	1	ENSG00000172661	
SRP14	1	ENSG00000140319	
WASHC2A	1	ENSG00000099290	
BORCS8	1	ENSG00000254901	
BORCS7	1	ENSG00000166275	
RPP38	1	ENSG00000152464	
BORCS6	1	ENSG00000196544	
VPS13C-DT	1	ENSG00000259251	
BORCS5	1	ENSG00000165714	
KIF5C-AS1	1	ENSG00000231079	
GEM	1	ENSG00000164949	
SPOCD1	1	ENSG00000134668	
RPP21	1	ENSG00000241370	
FETUB	1	ENSG00000090512	
RPP25	1	ENSG00000178718	
ENTPD1-AS1	1	ENSG00000226688	
SYCE3	1	ENSG00000217442	
SYCE2	1	ENSG00000161860	
SYCE1	1	ENSG00000171772	
GFY	1	ENSG00000261949	
SYT5	1	ENSG00000129990	
SYT4	1	ENSG00000132872	
SYT3	1	ENSG00000213023	
MGAM	1	ENSG00000257335	
SYT2	1	ENSG00000143858	
SYT1	1	ENSG00000067715	
PRKX-AS1	1	ENSG00000236188	
NEUROG2-AS1	1	ENSG00000249509	
RPP40	1	ENSG00000124787	
GGH	1	ENSG00000137563	
SYT9	1	ENSG00000170743	
SYT8	1	ENSG00000149043	
SPCS3-AS1	1	ENSG00000248980	
SYT7	1	ENSG00000011347	
MANBAL	1	ENSG00000101363	
SYT6	1	ENSG00000134207	
GGN	1	ENSG00000179168	
GH2	1	ENSG00000136487	
GH1	1	ENSG00000259384	
MIR194-2HG	1	ENSG00000229719	
DMKN	1	ENSG00000161249	
IGLV4-60	1	ENSG00000211639	
GHR	1	ENSG00000112964	
TGIF1	1	ENSG00000177426	
TGIF2	1	ENSG00000118707	
SPIDR	1	ENSG00000164808	
GIP	1	ENSG00000159224	
IGLV4-69	1	ENSG00000211637	
SAMMSON	1	ENSG00000240405	
ATP6V1B2	1	ENSG00000147416	
ATP6V1B1	1	ENSG00000116039	
CASC11	1	ENSG00000249375	
TLR8-AS1	1	ENSG00000233338	
REP15	1	ENSG00000174236	
ANKHD1-DT	1	ENSG00000249637	
GAPDH-DT	1	ENSG00000255966	
GK3	1	ENSG00000229894	
GK2	1	ENSG00000196475	
GK5	1	ENSG00000175066	
SPOCK2	1	ENSG00000107742	
SPOCK3	1	ENSG00000196104	
SPOCK1	1	ENSG00000152377	
CASC19	1	ENSG00000254166	
CASC18	1	ENSG00000257859	
ENTR1	1	ENSG00000165689	
CASC17	1	ENSG00000260785	
RPP14	1	ENSG00000163684	
CASC16	1	ENSG00000249231	
CASC15	1	ENSG00000272168	
ATF7IP	1	ENSG00000171681	
CASC23	1	ENSG00000255420	
CASC22	1	ENSG00000260887	
FAHD1	1	ENSG00000180185	
CASC20	1	ENSG00000229876	
KICS2	1	ENSG00000174206	
MIR4500HG	1	ENSG00000228824	
BCDIN3D-AS1	1	ENSG00000258057	
GLA	1	ENSG00000102393	
ZNF197-AS1	1	ENSG00000233509	
ANKLE2	1	ENSG00000176915	
ACSL3-AS1	1	ENSG00000234193	
ENSG00000264734	1	ENSG00000264734	
ANKLE1	1	ENSG00000160117	
G2E3-AS1	1	ENSG00000257636	
DMP1	1	ENSG00000152592	
ANKRD20A1	1	ENSG00000260691	
GLS	1	ENSG00000115419	
CSPP1	1	ENSG00000104218	
AP1S2	1	ENSG00000182287	
AP1S1	1	ENSG00000106367	
AP1S3	1	ENSG00000152056	
SPANXB1	1	ENSG00000227234	
GML	1	ENSG00000104499	
ENSG00000249109	1	ENSG00000249109	
ENSG00000225140	1	ENSG00000225140	
ADPRH	1	ENSG00000144843	
ADPRS	1	ENSG00000116863	
ADPRM	1	ENSG00000170222	
SPANXA2	1	ENSG00000203926	
GNE	1	ENSG00000159921	
SPANXA1	1	ENSG00000198021	
PRR7-AS1	1	ENSG00000246334	
SEH1L	1	ENSG00000085415	
TRGJP	1	ENSG00000211691	
GNS	1	ENSG00000135677	
OR5M11	1	ENSG00000255223	
OR5M10	1	ENSG00000254834	
IGHA1	1	ENSG00000211895	
IGHA2	1	ENSG00000211890	
LYPLAL1-DT	1	ENSG00000228063	
KXD1-AS1	1	ENSG00000268983	
DMPK	1	ENSG00000104936	
GRTP1	1	ENSG00000139835	
SNAI3	1	ENSG00000185669	
GP2	1	ENSG00000169347	
GP6	1	ENSG00000088053	
GP5	1	ENSG00000178732	
ENSG00000225166	1	ENSG00000225166	
H19	1	ENSG00000130600	
GP9	1	ENSG00000169704	
ATG10-AS1	1	ENSG00000248192	
SNAI1	1	ENSG00000124216	
SNAI2	1	ENSG00000019549	
GPI	1	ENSG00000105220	
YJEFN3	1	ENSG00000250067	
GK-AS1	1	ENSG00000243055	
GPT	1	ENSG00000167701	
TIMP2	1	ENSG00000035862	
TIMP3	1	ENSG00000100234	
TIMP1	1	ENSG00000102265	
TEAD1	1	ENSG00000187079	
TEAD2	1	ENSG00000074219	
TIMP4	1	ENSG00000157150	
TEAD3	1	ENSG00000007866	
TEAD4	1	ENSG00000197905	
NUTF2	1	ENSG00000102898	
APP-DT	1	ENSG00000273492	
GCHFR	1	ENSG00000137880	
TMSB15A	1	ENSG00000158164	
TMSB15B	1	ENSG00000158427	
TRGJ1	1	ENSG00000211690	
TRGJ2	1	ENSG00000211687	
TMSB15C	1	ENSG00000269226	
CACTIN	1	ENSG00000105298	
EGLN3-AS1	1	ENSG00000258897	
MGLL	1	ENSG00000074416	
SOCS2-AS1	1	ENSG00000246985	
GRN	1	ENSG00000030582	
GRP	1	ENSG00000134443	
SGMS1	1	ENSG00000198964	
TIMM9	1	ENSG00000100575	
SGMS2	1	ENSG00000164023	
APOLD1	1	ENSG00000178878	
SCAF8	1	ENSG00000213079	
GPNMB	1	ENSG00000136235	
GSC	1	ENSG00000133937	
ACAD9-DT	1	ENSG00000287110	
FBXL9P	1	ENSG00000125122	
GSN	1	ENSG00000148180	
DMTN	1	ENSG00000158856	
MGMT	1	ENSG00000170430	
GSS	1	ENSG00000100983	
GSR	1	ENSG00000104687	
SLC8B1	1	ENSG00000089060	
SCAF1	1	ENSG00000126461	
SCAF4	1	ENSG00000156304	
SLC8A3	1	ENSG00000100678	
ENSG00000237101	1	ENSG00000237101	
ANKRD13C	1	ENSG00000118454	
RAB3B	1	ENSG00000169213	
RAB3C	1	ENSG00000152932	
ANKRD13B	1	ENSG00000198720	
RAB3A	1	ENSG00000105649	
ANKRD13D	1	ENSG00000172932	
RAB3D	1	ENSG00000105514	
SYAP1	1	ENSG00000169895	
IL5RA	1	ENSG00000091181	
SLC8A1	1	ENSG00000183023	
SLC8A2	1	ENSG00000118160	
RAB43	1	ENSG00000172780	
IGHG3	1	ENSG00000211897	
IGHG4	1	ENSG00000211892	
RAB44	1	ENSG00000255587	
RAB41	1	ENSG00000147127	
IGHG1	1	ENSG00000211896	
RAB42	1	ENSG00000188060	
IGHG2	1	ENSG00000211893	
SLC39A9	1	ENSG00000029364	
SLC39A6	1	ENSG00000141424	
SLC39A5	1	ENSG00000139540	
SLC39A8	1	ENSG00000138821	
SLC39A7	1	ENSG00000112473	
SLC39A2	1	ENSG00000165794	
SLC39A1	1	ENSG00000143570	
ANKRD13A	1	ENSG00000076513	
SLC39A4	1	ENSG00000147804	
SLC39A3	1	ENSG00000141873	
RAB2A	1	ENSG00000104388	
TRGV3	1	ENSG00000211699	
RAB2B	1	ENSG00000129472	
TRGV4	1	ENSG00000211698	
TRGV1	1	ENSG00000211701	
TRGV2	1	ENSG00000233306	
TRGV9	1	ENSG00000211695	
PANCR	1	ENSG00000250103	
TRGV7	1	ENSG00000249978	
TRGV8	1	ENSG00000211696	
TRGV5	1	ENSG00000211697	
TRGV6	1	ENSG00000226212	
RAB32	1	ENSG00000118508	
LBHD1	1	ENSG00000162194	
RAB30	1	ENSG00000137502	
TRGVA	1	ENSG00000225992	
RAB31	1	ENSG00000168461	
TRGVB	1	ENSG00000231202	
RAB36	1	ENSG00000100228	
RAB37	1	ENSG00000172794	
RAB34	1	ENSG00000109113	
EIF4E1B	1	ENSG00000175766	
DMWD	1	ENSG00000185800	
RAB35	1	ENSG00000111737	
RAB38	1	ENSG00000123892	
RAB5B	1	ENSG00000111540	
RAB5C	1	ENSG00000108774	
MROCKI	1	ENSG00000227502	
RAB6A	1	ENSG00000175582	
RAB6B	1	ENSG00000154917	
AP1M2	1	ENSG00000129354	
NIFK-AS1	1	ENSG00000236859	
AP1M1	1	ENSG00000072958	
LNMICC	1	ENSG00000254027	
RAB4A	1	ENSG00000168118	
RAB4B	1	ENSG00000167578	
SCP2D1	1	ENSG00000132631	
ENSG00000227741	1	ENSG00000227741	
P4HA1	1	ENSG00000122884	
P4HA2	1	ENSG00000072682	
IGHGP	1	ENSG00000253755	
P4HA3	1	ENSG00000149380	
TAF12-DT	1	ENSG00000229388	
CSPG5	1	ENSG00000114646	
CSPG4	1	ENSG00000173546	
RAB5A	1	ENSG00000144566	
ADPGK	1	ENSG00000159322	
FTCD	1	ENSG00000160282	
AP1G2	1	ENSG00000213983	
AP1G1	1	ENSG00000166747	
RBM25-AS1	1	ENSG00000258813	
SLC13A1	1	ENSG00000081800	
SLC13A2	1	ENSG00000007216	
SLC13A3	1	ENSG00000158296	
SLC13A4	1	ENSG00000164707	
SLC25A28-DT	1	ENSG00000260475	
CHPF2	1	ENSG00000033100	
PTPRD-DT	1	ENSG00000226717	
IGHJ6	1	ENSG00000211900	
IGHJ4	1	ENSG00000240041	
IGHJ5	1	ENSG00000242472	
AOPEP	1	ENSG00000148120	
IGHJ2	1	ENSG00000211904	
IGHJ3	1	ENSG00000242887	
IGHJ1	1	ENSG00000211905	
TBC1D22A-AS1	1	ENSG00000280080	
RAB1A	1	ENSG00000138069	
NUTM1	1	ENSG00000184507	
RAB1B	1	ENSG00000174903	
FRG1-DT	1	ENSG00000245685	
FBXL22	1	ENSG00000197361	
LBHD2	1	ENSG00000283071	
RAB21	1	ENSG00000080371	
FBXL20	1	ENSG00000108306	
RAB20	1	ENSG00000139832	
MSTO1	1	ENSG00000125459	
RAB25	1	ENSG00000132698	
PRKAR1B-AS2	1	ENSG00000229380	
RAB26	1	ENSG00000167964	
RAB23	1	ENSG00000112210	
RAB24	1	ENSG00000169228	
PRKAR1B-AS1	1	ENSG00000237181	
RAB29	1	ENSG00000117280	
PENK-AS1	1	ENSG00000254254	
RAB28	1	ENSG00000157869	
SLC13A5	1	ENSG00000141485	
RNGTT	1	ENSG00000111880	
FBXL19	1	ENSG00000099364	
FBXL17	1	ENSG00000145743	
FBXL18	1	ENSG00000155034	
SYNGAP1-AS1	1	ENSG00000274259	
FBXL15	1	ENSG00000107872	
FBXL16	1	ENSG00000127585	
FBXL13	1	ENSG00000161040	
FBXL14	1	ENSG00000171823	
FBXL12	1	ENSG00000127452	
TNRC6C	1	ENSG00000078687	
RAB10	1	ENSG00000084733	
VAPA	1	ENSG00000101558	
RAB14	1	ENSG00000119396	
VAPB	1	ENSG00000124164	
PSAT1	1	ENSG00000135069	
RAB15	1	ENSG00000139998	
RAB12	1	ENSG00000206418	
RAB13	1	ENSG00000143545	
RAB18	1	ENSG00000099246	
RAB19	1	ENSG00000146955	
RAB17	1	ENSG00000124839	
TNRC6A	1	ENSG00000090905	
TNRC6B	1	ENSG00000100354	
PANK4	1	ENSG00000157881	
PANK2	1	ENSG00000125779	
TRAF3IP3	1	ENSG00000009790	
PANK3	1	ENSG00000120137	
TRAF3IP2	1	ENSG00000056972	
CALML5	1	ENSG00000178372	
PANK1	1	ENSG00000152782	
CALML6	1	ENSG00000169885	
TRAF3IP1	1	ENSG00000204104	
MIR548XHG	1	ENSG00000224141	
CALML3	1	ENSG00000178363	
CALML4	1	ENSG00000129007	
KAT5	1	ENSG00000172977	
FTH1	1	ENSG00000167996	
MIR202HG	1	ENSG00000166917	
LONP1	1	ENSG00000196365	
LONP2	1	ENSG00000102910	
KAT8	1	ENSG00000103510	
KAT7	1	ENSG00000136504	
ENSG00000286081	1	ENSG00000286081	
TKTL2	1	ENSG00000151005	
GRK5-IT1	1	ENSG00000228485	
TKTL1	1	ENSG00000007350	
ATP6V0E1	1	ENSG00000113732	
ESCO1	1	ENSG00000141446	
XXYLT1-AS1	1	ENSG00000233303	
XXYLT1-AS2	1	ENSG00000230266	
TINF2	1	ENSG00000092330	
AP1B1	1	ENSG00000100280	
AP1AR	1	ENSG00000138660	
ESCO2	1	ENSG00000171320	
LUCAT1	1	ENSG00000248323	
DNA2	1	ENSG00000138346	
ATP6V0D1	1	ENSG00000159720	
ATP6V0D2	1	ENSG00000147614	
IGLV10-54	1	ENSG00000211642	
TWIST2	1	ENSG00000233608	
TWIST1	1	ENSG00000122691	
MYL12A	1	ENSG00000101608	
MYL12B	1	ENSG00000118680	
DND1	1	ENSG00000256453	
ATP6V0A2	1	ENSG00000185344	
ATP6V0A4	1	ENSG00000105929	
TNRC18	1	ENSG00000182095	
ENSG00000286060	1	ENSG00000286060	
ATP6V0A1	1	ENSG00000033627	
VAT1	1	ENSG00000108828	
VASP	1	ENSG00000125753	
FUT8-AS1	1	ENSG00000276116	
GATD1-DT	1	ENSG00000255284	
TINCR	1	ENSG00000223573	
VASN	1	ENSG00000168140	
TYMSOS	1	ENSG00000176912	
HAL	1	ENSG00000084110	
FUBP3	1	ENSG00000107164	
FUBP1	1	ENSG00000162613	
ENSG00000286071	1	ENSG00000286071	
COL18A1	1	ENSG00000182871	
ZFAS1	1	ENSG00000177410	
PDE11A-AS1	1	ENSG00000229941	
HBB	1	ENSG00000244734	
HBD	1	ENSG00000223609	
HBM	1	ENSG00000206177	
DNER	1	ENSG00000187957	
LUNAR1	1	ENSG00000278090	
TINAG	1	ENSG00000137251	
RALGPS1	1	ENSG00000136828	
GABPA	1	ENSG00000154727	
RAB8A	1	ENSG00000167461	
RALGPS2	1	ENSG00000116191	
RAB8B	1	ENSG00000166128	
VAV3	1	ENSG00000134215	
HBZ	1	ENSG00000130656	
RAB6C	1	ENSG00000222014	
RAB6D	1	ENSG00000233087	
SCAT8	1	ENSG00000236345	
GPBAR1	1	ENSG00000179921	
RENBP	1	ENSG00000102032	
VAV1	1	ENSG00000141968	
VAV2	1	ENSG00000160293	
HCK	1	ENSG00000101336	
CDCP1	1	ENSG00000163814	
CDCP2	1	ENSG00000157211	
RAB7B	1	ENSG00000276600	
SCAT2	1	ENSG00000257596	
RAB7A	1	ENSG00000075785	
SCAT1	1	ENSG00000267123	
ENSG00000286024	1	ENSG00000286024	
HDC	1	ENSG00000140287	
ZNF2	1	ENSG00000275111	
ZNF3	1	ENSG00000166526	
ZNF8	1	ENSG00000278129	
ZNF7	1	ENSG00000147789	
PSMC3IP	1	ENSG00000131470	
DUOX1	1	ENSG00000137857	
IBA57-DT	1	ENSG00000203684	
FTMT	1	ENSG00000181867	
UBTD2	1	ENSG00000168246	
UBTD1	1	ENSG00000165886	
GABRE	1	ENSG00000102287	
ATP6V0E2	1	ENSG00000171130	
HDX	1	ENSG00000165259	
GABRD	1	ENSG00000187730	
DUOX2	1	ENSG00000140279	
GABRQ	1	ENSG00000268089	
GABRP	1	ENSG00000094755	
GREM1-AS1	1	ENSG00000259721	
PLAC8L1	1	ENSG00000173261	
VAX1	1	ENSG00000148704	
VAX2	1	ENSG00000116035	
CAPZA3	1	ENSG00000177938	
CAPZA1	1	ENSG00000116489	
CAPZA2	1	ENSG00000198898	
RAB9A	1	ENSG00000123595	
RAB9B	1	ENSG00000123570	
HFE	1	ENSG00000010704	
FAIM2	1	ENSG00000135472	
ENSG00000225096	1	ENSG00000225096	
VASH1-AS1	1	ENSG00000258301	
ENSG00000237070	1	ENSG00000237070	
TRAPPC12	1	ENSG00000171853	
TRAPPC11	1	ENSG00000168538	
TRAPPC14	1	ENSG00000146826	
TRAPPC13	1	ENSG00000113597	
NANOS1	1	ENSG00000188613	
NANOS2	1	ENSG00000188425	
SZT2	1	ENSG00000198198	
TRAPPC2L	1	ENSG00000167515	
HGD	1	ENSG00000113924	
ENSG00000286010	1	ENSG00000286010	
SPDYE13	1	ENSG00000286038	
HGF	1	ENSG00000019991	
NANOS3	1	ENSG00000187556	
SPDYE14	1	ENSG00000286137	
SPDYE15	1	ENSG00000286014	
SPDYE16	1	ENSG00000185040	
KAZN	1	ENSG00000189337	
TRAPPC2B	1	ENSG00000256060	
HGS	1	ENSG00000185359	
ENSG00000250041	1	ENSG00000250041	
TRAPPC3L	1	ENSG00000173626	
SPDYE21	1	ENSG00000230358	
TRHDE	1	ENSG00000072657	
A2M-AS1	1	ENSG00000245105	
ENSG00000250075	1	ENSG00000250075	
ENSG00000250078	1	ENSG00000250078	
RPL26L1-AS1	1	ENSG00000204758	
SEPSECS	1	ENSG00000109618	
SPDYE2B	1	ENSG00000173678	
TANK-AS1	1	ENSG00000224467	
NTM-AS1	1	ENSG00000224795	
ENSG00000274015	1	ENSG00000274015	
IGHV1OR15-6	1	ENSG00000270685	
IGHV1OR15-1	1	ENSG00000270505	
IGHV1OR15-2	1	ENSG00000259337	
IGHV1OR15-3	1	ENSG00000271288	
IGHV1OR15-4	1	ENSG00000270356	
ENSG00000225050	1	ENSG00000225050	
HAPLN3	1	ENSG00000140511	
IGHV1OR15-9	1	ENSG00000188403	
HAPLN4	1	ENSG00000187664	
HAPLN1	1	ENSG00000145681	
HK2	1	ENSG00000159399	
HAPLN2	1	ENSG00000132702	
HK1	1	ENSG00000156515	
HK3	1	ENSG00000160883	
HJV	1	ENSG00000168509	
TMPRSS11A	1	ENSG00000187054	
TMPRSS11B	1	ENSG00000185873	
AXIN1	1	ENSG00000103126	
AXIN2	1	ENSG00000168646	
TMPRSS11E	1	ENSG00000087128	
TMPRSS11F	1	ENSG00000198092	
DNM1	1	ENSG00000106976	
DNM2	1	ENSG00000079805	
TMPRSS11D	1	ENSG00000153802	
DNM3	1	ENSG00000197959	
TRAPPC6A	1	ENSG00000007255	
TRAPPC6B	1	ENSG00000182400	
DNLZ	1	ENSG00000213221	
HLF	1	ENSG00000108924	
RNF113A	1	ENSG00000125352	
RNF113B	1	ENSG00000139797	
HLX	1	ENSG00000136630	
LEPROTL1	1	ENSG00000104660	
TP73-AS2	1	ENSG00000235131	
RENO1	1	ENSG00000287431	
IGLV10-67	1	ENSG00000253794	
TP73-AS3	1	ENSG00000227589	
TAF11L12	1	ENSG00000249156	
ENSG00000262003	1	ENSG00000262003	
TAF11L13	1	ENSG00000283776	
TAF11L14	1	ENSG00000250782	
TAF11L10	1	ENSG00000284356	
TAF11L11	1	ENSG00000283740	
ENSG00000225084	1	ENSG00000225084	
MAPKBP1	1	ENSG00000137802	
EPB41L4A-AS1	1	ENSG00000224032	
OR10AD1	1	ENSG00000172640	
NCBP2-AS1	1	ENSG00000225578	
HPD	1	ENSG00000158104	
ARF4-AS1	1	ENSG00000272146	
HPN	1	ENSG00000105707	
FIGNL2	1	ENSG00000261308	
HPR	1	ENSG00000261701	
GIGYF2	1	ENSG00000204120	
HPX	1	ENSG00000110169	
FIGNL1	1	ENSG00000132436	
ENSG00000237250	1	ENSG00000237250	
ENSG00000250230	1	ENSG00000250230	
GPR17	1	ENSG00000144230	
GPR15	1	ENSG00000154165	
GPR12	1	ENSG00000132975	
EXOC6B	1	ENSG00000144036	
DPY19L3-DT	1	ENSG00000267213	
ENSG00000225280	1	ENSG00000225280	
BHMT	1	ENSG00000145692	
HRC	1	ENSG00000130528	
HRG	1	ENSG00000113905	
GPR18	1	ENSG00000125245	
GPR19	1	ENSG00000183150	
HRK	1	ENSG00000135116	
GPR27	1	ENSG00000170837	
GPR25	1	ENSG00000170128	
GPR26	1	ENSG00000154478	
GPR21	1	ENSG00000188394	
GPR22	1	ENSG00000172209	
GPR20	1	ENSG00000204882	
MAFA-AS1	1	ENSG00000254338	
SH3BGRL2	1	ENSG00000198478	
SH3BGRL3	1	ENSG00000142669	
ATP8A1-DT	1	ENSG00000260519	
GPR39	1	ENSG00000183840	
GPR37	1	ENSG00000170775	
SEMA3F-AS1	1	ENSG00000235016	
GPR34	1	ENSG00000171659	
GPR35	1	ENSG00000178623	
GPR32	1	ENSG00000142511	
GPR33	1	ENSG00000214943	
ENSG00000237208	1	ENSG00000237208	
GPR31	1	ENSG00000120436	
DNTT	1	ENSG00000107447	
MANEAL	1	ENSG00000185090	
ENSG00000227885	1	ENSG00000227885	
MIR3663HG	1	ENSG00000234474	
VN1R1	1	ENSG00000178201	
VN1R2	1	ENSG00000196131	
TIMM23B-AGAP6	1	ENSG00000178440	
VN1R4	1	ENSG00000228567	
ERVFRD-1	1	ENSG00000244476	
GPR45	1	ENSG00000135973	
GPR42	1	ENSG00000126251	
HTT	1	ENSG00000197386	
SRPX2	1	ENSG00000102359	
MICALL1	1	ENSG00000100139	
AP2S1	1	ENSG00000042753	
MICALL2	1	ENSG00000164877	
SRSF10	1	ENSG00000188529	
SRSF11	1	ENSG00000116754	
SRSF12	1	ENSG00000154548	
GPR55	1	ENSG00000135898	
GPR52	1	ENSG00000203737	
GPR50	1	ENSG00000102195	
PRKCA-AS1	1	ENSG00000264630	
IGKJ3	1	ENSG00000211595	
IGKJ4	1	ENSG00000211594	
IGKJ1	1	ENSG00000211597	
IGKJ2	1	ENSG00000211596	
EXOC1L	1	ENSG00000250821	
IGKJ5	1	ENSG00000211593	
ENSG00000215841	1	ENSG00000215841	
MICB-DT	1	ENSG00000286940	
SH2D7	1	ENSG00000183476	
GPR68	1	ENSG00000119714	
GPR65	1	ENSG00000140030	
GPR63	1	ENSG00000112218	
GPR61	1	ENSG00000156097	
GPR62	1	ENSG00000180929	
SLC9C1	1	ENSG00000172139	
SLC9C2	1	ENSG00000162753	
CARD8-AS1	1	ENSG00000268001	
SH2D6	1	ENSG00000152292	
SH2D5	1	ENSG00000189410	
AP2M1	1	ENSG00000161203	
IGHV5-51	1	ENSG00000211966	
SLC38A1	1	ENSG00000111371	
GPR78	1	ENSG00000155269	
ILF3-DT	1	ENSG00000267100	
GPR75	1	ENSG00000119737	
SLC9B1	1	ENSG00000164037	
SLC9B2	1	ENSG00000164038	
SLC9A2	1	ENSG00000115616	
SLC9A3	1	ENSG00000066230	
SLC9A4	1	ENSG00000180251	
SLC9A5	1	ENSG00000135740	
SLC9A6	1	ENSG00000198689	
SLC9A7	1	ENSG00000065923	
SLC9A8	1	ENSG00000197818	
SLC9A9	1	ENSG00000181804	
SNRNP200	1	ENSG00000144028	
GPR87	1	ENSG00000138271	
GPR88	1	ENSG00000181656	
GPR85	1	ENSG00000164604	
GPR83	1	ENSG00000123901	
GPR84	1	ENSG00000139572	
MAP3K2-DT	1	ENSG00000236682	
GPR82	1	ENSG00000171657	
SLC9A1	1	ENSG00000090020	
ENSG00000227857	1	ENSG00000227857	
SLC38A7	1	ENSG00000103042	
SLC38A6	1	ENSG00000139974	
HYI	1	ENSG00000178922	
SLC38A9	1	ENSG00000177058	
SLC38A8	1	ENSG00000166558	
SLC38A3	1	ENSG00000188338	
PRKAG2-AS2	1	ENSG00000242048	
SLC38A2	1	ENSG00000134294	
SLC38A5	1	ENSG00000017483	
SLC38A4	1	ENSG00000139209	
PRKAG2-AS1	1	ENSG00000239911	
LOC102724323	1	ENSG00000231964	
NFKB1	1	ENSG00000109320	
NFKB2	1	ENSG00000077150	
GNL3L	1	ENSG00000130119	
ENSG00000227863	1	ENSG00000227863	
UBLCP1	1	ENSG00000164332	
NFE2L3	1	ENSG00000050344	
ENSG00000225209	1	ENSG00000225209	
NFE2L1	1	ENSG00000082641	
NFE2L2	1	ENSG00000116044	
LOC389831	1	ENSG00000276256	
TSSK1B	1	ENSG00000212122	
VBP1	1	ENSG00000155959	
PLCB1-IT1	1	ENSG00000225479	
GIGYF1	1	ENSG00000146830	
L3MBTL4	1	ENSG00000154655	
ENSG00000227809	1	ENSG00000227809	
GTF3C1	1	ENSG00000077235	
GTF3C2	1	ENSG00000115207	
GTF3C3	1	ENSG00000119041	
GTF3C4	1	ENSG00000125484	
GTF3C5	1	ENSG00000148308	
GTF3C6	1	ENSG00000155115	
SLC39A13-AS1	1	ENSG00000255197	
SH2B3	1	ENSG00000111252	
SH2B2	1	ENSG00000160999	
SH2B1	1	ENSG00000178188	
SLC12A2	1	ENSG00000064651	
SLC12A3	1	ENSG00000070915	
SLC12A4	1	ENSG00000124067	
SLC12A5	1	ENSG00000124140	
SLC12A1	1	ENSG00000074803	
SEC62-AS1	1	ENSG00000240373	
AHCYL2	1	ENSG00000158467	
AHCYL1	1	ENSG00000168710	
BPIFA1	1	ENSG00000198183	
BPIFA3	1	ENSG00000131059	
BPIFA2	1	ENSG00000131050	
AFTPH-DT	1	ENSG00000260101	
SLC12A6	1	ENSG00000140199	
SLC12A7	1	ENSG00000113504	
SLC12A8	1	ENSG00000221955	
SLC12A9	1	ENSG00000146828	
PAQR8	1	ENSG00000170915	
PAQR9	1	ENSG00000188582	
PAQR6	1	ENSG00000160781	
PAQR7	1	ENSG00000182749	
PAQR4	1	ENSG00000162073	
PAQR5	1	ENSG00000137819	
PAQR3	1	ENSG00000163291	
HNF1B	1	ENSG00000275410	
HNF1A	1	ENSG00000135100	
PPP1R3G	1	ENSG00000219607	
PPP1R3F	1	ENSG00000049769	
STX1B	1	ENSG00000099365	
PPP1R3C	1	ENSG00000119938	
PPP1R3B	1	ENSG00000173281	
PPP1R3E	1	ENSG00000235194	
PPP1R3D	1	ENSG00000132825	
PPP1R42	1	ENSG00000178125	
VSIG10L2	1	ENSG00000283703	
STX1A	1	ENSG00000106089	
PPP1R37	1	ENSG00000104866	
L3MBTL1	1	ENSG00000185513	
PPP1R36	1	ENSG00000165807	
L3MBTL3	1	ENSG00000198945	
L3MBTL2	1	ENSG00000100395	
PPP1R32	1	ENSG00000162148	
PPP1R35	1	ENSG00000160813	
PPP1R3A	1	ENSG00000154415	
MAP3K4-AS1	1	ENSG00000272841	
PPP1R2B	1	ENSG00000231989	
PPP1R2C	1	ENSG00000102055	
PPP1R26	1	ENSG00000196422	
PPP1R27	1	ENSG00000182676	
PPP1R21	1	ENSG00000162869	
BPIFB2	1	ENSG00000078898	
BPIFB1	1	ENSG00000125999	
PPP1R1A	1	ENSG00000135447	
BPIFB4	1	ENSG00000186191	
BPIFB3	1	ENSG00000186190	
ID2	1	ENSG00000115738	
PPP1R1C	1	ENSG00000150722	
BPIFB6	1	ENSG00000167104	
ID1	1	ENSG00000125968	
PPP1R1B	1	ENSG00000131771	
ID4	1	ENSG00000172201	
ID3	1	ENSG00000117318	
ANKRD18B	1	ENSG00000230453	
ANKRD18A	1	ENSG00000180071	
ENSG00000286190	1	ENSG00000286190	
PPP1R17	1	ENSG00000106341	
PPP1R11	1	ENSG00000204619	
PPP1R10	1	ENSG00000204569	
ENSG00000286162	1	ENSG00000286162	
KIF14	1	ENSG00000118193	
HNF4G	1	ENSG00000164749	
MIA2	1	ENSG00000150527	
KIF12	1	ENSG00000136883	
MIA3	1	ENSG00000154305	
AP2A1	1	ENSG00000196961	
IDE	1	ENSG00000119912	
KIF11	1	ENSG00000138160	
KIF17	1	ENSG00000117245	
PPP1R18	1	ENSG00000146112	
AP2A2	1	ENSG00000183020	
KIF15	1	ENSG00000163808	
SPANXN1	1	ENSG00000203923	
EPHA2-AS1	1	ENSG00000227959	
SPANXN3	1	ENSG00000189252	
KIF19	1	ENSG00000196169	
SPANXN2	1	ENSG00000268988	
SPANXN5	1	ENSG00000204363	
SPANXN4	1	ENSG00000189326	
IRS4-AS1	1	ENSG00000237863	
HNF4A	1	ENSG00000101076	
IDS	1	ENSG00000010404	
KIF1C	1	ENSG00000129250	
KIF1B	1	ENSG00000054523	
KIF1A	1	ENSG00000130294	
NDEL1	1	ENSG00000166579	
TMEM109-DT	1	ENSG00000256944	
TLCD3A	1	ENSG00000167695	
ZNRF3-IT1	1	ENSG00000235786	
KIF25	1	ENSG00000125337	
KIF24	1	ENSG00000186638	
PRSS23-AS1	1	ENSG00000255471	
KIF23	1	ENSG00000137807	
KIF22	1	ENSG00000079616	
MMEL1	1	ENSG00000142606	
TLCD3B	1	ENSG00000149926	
KIF27	1	ENSG00000165115	
OOEP	1	ENSG00000203907	
KIF2A	1	ENSG00000068796	
KIF2C	1	ENSG00000142945	
KIF2B	1	ENSG00000141200	
STX12	1	ENSG00000117758	
LANCL1-AS1	1	ENSG00000234281	
STX17	1	ENSG00000136874	
STX16	1	ENSG00000124222	
STX19	1	ENSG00000178750	
STX18	1	ENSG00000168818	
XIAP	1	ENSG00000101966	
FUOM	1	ENSG00000148803	
COL19A1	1	ENSG00000082293	
STX11	1	ENSG00000135604	
STX10	1	ENSG00000104915	
MICA	1	ENSG00000204520	
MICB	1	ENSG00000204516	
ERCC6L2	1	ENSG00000182150	
MIB2	1	ENSG00000197530	
AP2B1	1	ENSG00000006125	
DOHH	1	ENSG00000129932	
MIAT	1	ENSG00000225783	
MIB1	1	ENSG00000101752	
ENSG00000274175	1	ENSG00000274175	
FOXD2-AS1	1	ENSG00000237424	
MIDN	1	ENSG00000167470	
ERCC6L	1	ENSG00000186871	
IHH	1	ENSG00000163501	
ENSG00000286126	1	ENSG00000286126	
LIM2-AS1	1	ENSG00000268889	
KIF5C	1	ENSG00000168280	
KIF5B	1	ENSG00000170759	
KIF5A	1	ENSG00000155980	
G6PD	1	ENSG00000160211	
ENSG00000286131	1	ENSG00000286131	
MID1	1	ENSG00000101871	
MID2	1	ENSG00000080561	
DOK1	1	ENSG00000115325	
DOK2	1	ENSG00000147443	
DOK3	1	ENSG00000146094	
DOK4	1	ENSG00000125170	
DOK5	1	ENSG00000101134	
DOK6	1	ENSG00000206052	
DOK7	1	ENSG00000175920	
TMED10	1	ENSG00000170348	
ENSG00000286101	1	ENSG00000286101	
RNU6ATAC35P	1	ENSG00000221571	
SEL1L	1	ENSG00000071537	
PSEN2	1	ENSG00000143801	
PSEN1	1	ENSG00000080815	
FUT2	1	ENSG00000176920	
FUT1	1	ENSG00000174951	
FUT4	1	ENSG00000196371	
FUT3	1	ENSG00000171124	
FUT6	1	ENSG00000156413	
FUT5	1	ENSG00000130383	
FUT8	1	ENSG00000033170	
FUT7	1	ENSG00000180549	
KIF3B	1	ENSG00000101350	
KIF3A	1	ENSG00000131437	
FUT9	1	ENSG00000172461	
ENSG00000250195	1	ENSG00000250195	
KIF3C	1	ENSG00000084731	
TWF2-DT	1	ENSG00000243224	
ITPRID2	1	ENSG00000138434	
ITPRID1	1	ENSG00000180347	
PHF10	1	ENSG00000130024	
TTC3-AS1	1	ENSG00000228677	
PHF12	1	ENSG00000109118	
PHF11	1	ENSG00000136147	
AGBL5-AS1	1	ENSG00000231636	
DOLK	1	ENSG00000175283	
IL2	1	ENSG00000109471	
IL4	1	ENSG00000113520	
IL3	1	ENSG00000164399	
IL6	1	ENSG00000136244	
IL5	1	ENSG00000113525	
IL7	1	ENSG00000104432	
KIF4B	1	ENSG00000226650	
KIF4A	1	ENSG00000090889	
IL9	1	ENSG00000145839	
PHF14	1	ENSG00000106443	
PHF13	1	ENSG00000116273	
ADNP-AS1	1	ENSG00000259456	
PHF19	1	ENSG00000119403	
SNED1	1	ENSG00000162804	
ILK	1	ENSG00000166333	
OR10AG1	1	ENSG00000174970	
PPP1R9A	1	ENSG00000158528	
PPP1R9B	1	ENSG00000108819	
B4GALT1-AS1	1	ENSG00000233554	
IGLC3	1	ENSG00000211679	
IGLC4	1	ENSG00000254029	
IGLC1	1	ENSG00000211675	
B3GALT5-AS1	1	ENSG00000184809	
IGLC2	1	ENSG00000211677	
ADAMTS19-AS1	1	ENSG00000249421	
ENSG00000276760	1	ENSG00000276760	
CNPPD1	1	ENSG00000115649	
COPG2IT1	1	ENSG00000286214	
TMCC2-AS1	1	ENSG00000225063	
VCAN	1	ENSG00000038427	
LMBRD1	1	ENSG00000168216	
LMBRD2	1	ENSG00000164187	
INA	1	ENSG00000148798	
INS	1	ENSG00000254647	
PDLIM1	1	ENSG00000107438	
PDLIM3	1	ENSG00000154553	
PDLIM2	1	ENSG00000120913	
TAS1R2	1	ENSG00000179002	
TAS1R1	1	ENSG00000173662	
PDLIM5	1	ENSG00000163110	
WARS2-AS1	1	ENSG00000231365	
PDLIM4	1	ENSG00000131435	
TAS1R3	1	ENSG00000169962	
PDLIM7	1	ENSG00000196923	
MBTPS1	1	ENSG00000140943	
IGLC7	1	ENSG00000211685	
IGLC5	1	ENSG00000254030	
MIIP	1	ENSG00000116691	
IGLC6	1	ENSG00000222037	
MAPK14	1	ENSG00000112062	
MAPK15	1	ENSG00000181085	
U2SURP	1	ENSG00000163714	
MAPK12	1	ENSG00000188130	
MAPK13	1	ENSG00000156711	
MAPK10	1	ENSG00000109339	
MAPK11	1	ENSG00000185386	
DOCK7-DT	1	ENSG00000235545	
ENSG00000276759	1	ENSG00000276759	
CHPT1	1	ENSG00000111666	
PMFBP1	1	ENSG00000118557	
MBTPS2	1	ENSG00000012174	
SERPINE2	1	ENSG00000135919	
SERPINE3	1	ENSG00000253309	
SERPINE1	1	ENSG00000106366	
ACAP2-IT1	1	ENSG00000229325	
IPP	1	ENSG00000197429	
ATP13A3-DT	1	ENSG00000233058	
DCANP1	1	ENSG00000251380	
DUS4L	1	ENSG00000105865	
EARS2	1	ENSG00000103356	
PRIMA1	1	ENSG00000175785	
TRIQK	1	ENSG00000205133	
SERPINF1	1	ENSG00000132386	
SERPINF2	1	ENSG00000167711	
BIN3	1	ENSG00000147439	
ENSG00000249341	1	ENSG00000249341	
BIN2	1	ENSG00000110934	
BIN1	1	ENSG00000136717	
YME1L1	1	ENSG00000136758	
SERPING1	1	ENSG00000149131	
DUS3L	1	ENSG00000141994	
ENSG00000237378	1	ENSG00000237378	
MAPKAP1	1	ENSG00000119487	
RAD21	1	ENSG00000164754	
SERPINH1	1	ENSG00000149257	
DDX3ILA1	1	ENSG00000232756	
ENSG00000264985	1	ENSG00000264985	
SIVA1	1	ENSG00000184990	
TRIP4	1	ENSG00000103671	
ISX	1	ENSG00000175329	
TRIP6	1	ENSG00000087077	
SERPINI2	1	ENSG00000114204	
RAD17	1	ENSG00000152942	
SERPINI1	1	ENSG00000163536	
DUS1L	1	ENSG00000169718	
RAD18	1	ENSG00000070950	
ITK	1	ENSG00000113263	
SERPINA3	1	ENSG00000196136	
SERPINA1	1	ENSG00000197249	
SPIN4	1	ENSG00000186767	
SPIN3	1	ENSG00000204271	
SRP54	1	ENSG00000100883	
SERPINA9	1	ENSG00000170054	
SERPINA6	1	ENSG00000170099	
SERPINA7	1	ENSG00000123561	
SERPINA4	1	ENSG00000100665	
SERPINA5	1	ENSG00000188488	
FCRLA	1	ENSG00000132185	
TRIM8	1	ENSG00000171206	
TRIM9	1	ENSG00000100505	
FCRLB	1	ENSG00000162746	
TRIM6	1	ENSG00000121236	
CSRP3	1	ENSG00000129170	
PIP4P2	1	ENSG00000155099	
TRIM7	1	ENSG00000146054	
PIP4P1	1	ENSG00000165782	
CSRP2	1	ENSG00000175183	
C14orf178	1	ENSG00000197734	
TRIM4	1	ENSG00000146833	
CSRP1	1	ENSG00000159176	
TRIM5	1	ENSG00000132256	
TRIM2	1	ENSG00000109654	
TRIM3	1	ENSG00000110171	
SPIN1	1	ENSG00000106723	
RACK1	1	ENSG00000204628	
AP3S2	1	ENSG00000157823	
AP3S1	1	ENSG00000177879	
SERPINB3	1	ENSG00000057149	
FCRL1	1	ENSG00000163534	
MIOX	1	ENSG00000100253	
FCRL2	1	ENSG00000132704	
SERPINB4	1	ENSG00000206073	
ENSG00000240973	1	ENSG00000240973	
SERPINB1	1	ENSG00000021355	
SERPINB2	1	ENSG00000197632	
FCRL5	1	ENSG00000143297	
MIOS	1	ENSG00000164654	
FCRL6	1	ENSG00000181036	
FCRL3	1	ENSG00000160856	
ITPK1	1	ENSG00000100605	
FCRL4	1	ENSG00000163518	
SERPINB9	1	ENSG00000170542	
SERPINB7	1	ENSG00000166396	
NUDT16L1	1	ENSG00000168101	
SERPINB8	1	ENSG00000166401	
SERPINB5	1	ENSG00000206075	
SERPINB6	1	ENSG00000124570	
ITPKB	1	ENSG00000143772	
ITPKC	1	ENSG00000086544	
IVD	1	ENSG00000128928	
FALEC	1	ENSG00000228126	
ITPKA	1	ENSG00000137825	
IVL	1	ENSG00000163207	
ENSG00000237320	1	ENSG00000237320	
SERPINC1	1	ENSG00000117601	
ENSG00000249317	1	ENSG00000249317	
CEP72-DT	1	ENSG00000249650	
CHRND	1	ENSG00000135902	
SRP72	1	ENSG00000174780	
CHRNG	1	ENSG00000196811	
CHRNE	1	ENSG00000108556	
TMEM18-DT	1	ENSG00000233296	
MISP	1	ENSG00000099812	
SERPIND1	1	ENSG00000099937	
ZFTRAF1	1	ENSG00000187954	
GTF2H1	1	ENSG00000110768	
C14orf180	1	ENSG00000184601	
ENSG00000249328	1	ENSG00000249328	
GTF2H2	1	ENSG00000145736	
SRP68	1	ENSG00000167881	
GTF2H3	1	ENSG00000111358	
GTF2H4	1	ENSG00000213780	
GTF2H5	1	ENSG00000272047	
PRKG2-AS1	1	ENSG00000251059	
MIR4527HG	1	ENSG00000267761	
SEMA5A	1	ENSG00000112902	
CHRM2	1	ENSG00000181072	
SEMA5B	1	ENSG00000082684	
CHRM3	1	ENSG00000133019	
CHRM1	1	ENSG00000168539	
CHRM4	1	ENSG00000180720	
CIBAR1-DT	1	ENSG00000246662	
CHRM5	1	ENSG00000184984	
FABP12	1	ENSG00000197416	
ENSG00000203987	1	ENSG00000203987	
IYD	1	ENSG00000009765	
SPART-AS1	1	ENSG00000120664	
TECTA	1	ENSG00000109927	
TPD52	1	ENSG00000076554	
TECTB	1	ENSG00000119913	
SEMA6B	1	ENSG00000167680	
BIVM	1	ENSG00000134897	
SEMA6C	1	ENSG00000143434	
ANKRD36C	1	ENSG00000174501	
SEMA6A	1	ENSG00000092421	
SEMA6D	1	ENSG00000137872	
MITF	1	ENSG00000187098	
SCN1A-AS1	1	ENSG00000236107	
GTF2F1	1	ENSG00000125651	
GTF2F2	1	ENSG00000188342	
XIST	1	ENSG00000229807	
TTPAL	1	ENSG00000124120	
ANKRD36B	1	ENSG00000196912	
SEMA7A	1	ENSG00000138623	
ITPR1	1	ENSG00000150995	
RHOBTB3	1	ENSG00000164292	
ITPR2	1	ENSG00000123104	
ITPR3	1	ENSG00000096433	
VTCN1	1	ENSG00000134258	
GTF2E1	1	ENSG00000153767	
RHOBTB1	1	ENSG00000072422	
GTF2E2	1	ENSG00000197265	
RHOBTB2	1	ENSG00000008853	
AP1G2-AS1	1	ENSG00000258727	
ANKRD34B	1	ENSG00000189127	
ANKRD34A	1	ENSG00000272031	
SLC37A2	1	ENSG00000134955	
SLC37A1	1	ENSG00000160190	
ANKRD34C	1	ENSG00000235711	
TECRL	1	ENSG00000205678	
NSFL1C	1	ENSG00000088833	
RAD9B	1	ENSG00000151164	
CDC42-AS1	1	ENSG00000285752	
RAD9A	1	ENSG00000172613	
LMBR1L	1	ENSG00000139636	
ANKRD33B	1	ENSG00000164236	
SYCP2	1	ENSG00000196074	
SYCP1	1	ENSG00000198765	
GADL1	1	ENSG00000144644	
DNALI1	1	ENSG00000163879	
OPA1	1	ENSG00000198836	
OPA3	1	ENSG00000125741	
HYDIN	1	ENSG00000157423	
SLC37A4	1	ENSG00000137700	
SLC37A3	1	ENSG00000157800	
PLPBP	1	ENSG00000147471	
NIPSNAP1	1	ENSG00000184117	
NIPSNAP2	1	ENSG00000146729	
PTP4A1	1	ENSG00000112245	
PTP4A2	1	ENSG00000184007	
PTP4A3	1	ENSG00000184489	
GTF2A1	1	ENSG00000165417	
GTF2A2	1	ENSG00000140307	
SEMA3C	1	ENSG00000075223	
SEMA3D	1	ENSG00000153993	
SEMA3A	1	ENSG00000075213	
SEMA3B	1	ENSG00000012171	
SEMA3G	1	ENSG00000010319	
SEMA3E	1	ENSG00000170381	
SEMA3F	1	ENSG00000001617	
DPCD	1	ENSG00000166171	
AP3M2	1	ENSG00000070718	
AP3M1	1	ENSG00000185009	
EEF2KMT	1	ENSG00000118894	
SEMA4A	1	ENSG00000196189	
ANKRD30B	1	ENSG00000180777	
SEMA4D	1	ENSG00000187764	
ANKRD30A	1	ENSG00000148513	
CDC42BPG	1	ENSG00000171219	
SEMA4B	1	ENSG00000185033	
ADRM1	1	ENSG00000130706	
SEMA4C	1	ENSG00000168758	
MIR181A2HG	1	ENSG00000224020	
SEMA4F	1	ENSG00000135622	
CFLAR	1	ENSG00000003402	
SEMA4G	1	ENSG00000095539	
RNF32-DT	1	ENSG00000182648	
CDC42BPB	1	ENSG00000198752	
CDC42BPA	1	ENSG00000143776	
TRIT1	1	ENSG00000043514	
TPCN2	1	ENSG00000162341	
TPCN1	1	ENSG00000186815	
RAD52	1	ENSG00000002016	
RAD50	1	ENSG00000113522	
RAD51	1	ENSG00000051180	
SYCP3	1	ENSG00000139351	
ENSG00000203900	1	ENSG00000203900	
DPF1	1	ENSG00000011332	
DPF2	1	ENSG00000133884	
DPF3	1	ENSG00000205683	
TIPIN	1	ENSG00000075131	
SLC11A1	1	ENSG00000018280	
SLC11A2	1	ENSG00000110911	
BOLA1	1	ENSG00000178096	
ZPBP	1	ENSG00000042813	
MIR181A1HG	1	ENSG00000229989	
PLPP7	1	ENSG00000160539	
PLPP6	1	ENSG00000205808	
PLPP5	1	ENSG00000147535	
PLPP4	1	ENSG00000203805	
TCERG1L	1	ENSG00000176769	
GRWD1	1	ENSG00000105447	
BOLA3	1	ENSG00000163170	
PAPPA	1	ENSG00000182752	
BOLA2	1	ENSG00000183336	
WDPCP	1	ENSG00000143951	
PLPP3	1	ENSG00000162407	
PLPP2	1	ENSG00000141934	
PLPP1	1	ENSG00000067113	
PTDSS2	1	ENSG00000174915	
PTDSS1	1	ENSG00000156471	
SGPL1	1	ENSG00000166224	
DPH1	1	ENSG00000108963	
DPH2	1	ENSG00000132768	
DPH3	1	ENSG00000154813	
PPP4R1-AS1	1	ENSG00000263627	
NAALAD2	1	ENSG00000077616	
DPH5	1	ENSG00000117543	
DPH6	1	ENSG00000134146	
DPH7	1	ENSG00000148399	
IGKV6-21	1	ENSG00000211611	
SRPK2	1	ENSG00000135250	
SRPK3	1	ENSG00000184343	
SRPK1	1	ENSG00000096063	
VCX2	1	ENSG00000177504	
SESTD1	1	ENSG00000187231	
NODAL	1	ENSG00000156574	
ENSG00000286289	1	ENSG00000286289	
DAZAP2	1	ENSG00000183283	
DAZAP1	1	ENSG00000071626	
HILPDA	1	ENSG00000135245	
HPS1-AS1	1	ENSG00000287261	
EML4-AS1	1	ENSG00000224875	
AP3B1	1	ENSG00000132842	
AP3B2	1	ENSG00000103723	
CTTN-DT	1	ENSG00000246889	
CEACAM3	1	ENSG00000170956	
CEACAM1	1	ENSG00000079385	
CEACAM7	1	ENSG00000007306	
ADRB3	1	ENSG00000188778	
CEACAM6	1	ENSG00000086548	
CEACAM5	1	ENSG00000105388	
CEACAM4	1	ENSG00000105352	
CEACAM8	1	ENSG00000124469	
ENSG00000286264	1	ENSG00000286264	
PAPLN	1	ENSG00000100767	
ANKMY2	1	ENSG00000106524	
JHY	1	ENSG00000109944	
ANKMY1	1	ENSG00000144504	
IGHV5-78	1	ENSG00000211978	
SDCBP2-AS1	1	ENSG00000234684	
C1GALT1	1	ENSG00000106392	
AP3D1	1	ENSG00000065000	
PTPN23-DT	1	ENSG00000260236	
PEF1-AS1	1	ENSG00000235790	
RAB3GAP2	1	ENSG00000118873	
ZNF354A	1	ENSG00000169131	
TMEM212-AS1	1	ENSG00000234717	
RAB3GAP1	1	ENSG00000115839	
ZNF354C	1	ENSG00000177932	
ZNF354B	1	ENSG00000178338	
ENSG00000286244	1	ENSG00000286244	
SYDE2	1	ENSG00000097096	
SYDE1	1	ENSG00000105137	
C14orf132	1	ENSG00000227051	
DLX2-DT	1	ENSG00000236651	
IPCEF1	1	ENSG00000074706	
DPM1	1	ENSG00000000419	
DPM2	1	ENSG00000136908	
DPM3	1	ENSG00000179085	
ENSG00000274276	1	ENSG00000274276	
TIPRL	1	ENSG00000143155	
PSMB8-AS1	1	ENSG00000204261	
ENSG00000250284	1	ENSG00000250284	
ENSG00000250286	1	ENSG00000250286	
TEDC1	1	ENSG00000185347	
ENSG00000286224	1	ENSG00000286224	
TEDC2	1	ENSG00000162062	
ADRB1	1	ENSG00000043591	
ADRB2	1	ENSG00000169252	
PALM2AKAP2	1	ENSG00000157654	
DPP3	1	ENSG00000254986	
DPP4	1	ENSG00000197635	
DPP6	1	ENSG00000130226	
DPP7	1	ENSG00000176978	
DPP8	1	ENSG00000074603	
COQ7-DT	1	ENSG00000261465	
DPP9	1	ENSG00000142002	
CASKIN2	1	ENSG00000177303	
CASKIN1	1	ENSG00000167971	
C10orf105	1	ENSG00000214688	
RSPH10B2	1	ENSG00000169402	
OPN4	1	ENSG00000122375	
OPN3	1	ENSG00000054277	
OPN5	1	ENSG00000124818	
ENSG00000274253	1	ENSG00000274253	
JMY	1	ENSG00000152409	
SRPRA	1	ENSG00000182934	
SRPRB	1	ENSG00000144867	
RADIL	1	ENSG00000157927	
SERTAD4-AS1	1	ENSG00000203706	
TAS2R7	1	ENSG00000121377	
TAS2R9	1	ENSG00000121381	
TAS2R8	1	ENSG00000121314	
C10orf120	1	ENSG00000183559	
ENSG00000262231	1	ENSG00000262231	
IQCJ-SCHIP1	1	ENSG00000283154	
SLC7A11-AS1	1	ENSG00000250033	
BDKRB2	1	ENSG00000168398	
BDKRB1	1	ENSG00000100739	
TAS2R1	1	ENSG00000169777	
TAS2R3	1	ENSG00000127362	
TAS2R5	1	ENSG00000127366	
TAS2R4	1	ENSG00000127364	
RASA3-IT1	1	ENSG00000232487	
TSPAN14-AS1	1	ENSG00000226659	
C10orf143	1	ENSG00000237489	
JPX	1	ENSG00000225470	
REPS2	1	ENSG00000169891	
S1PR1	1	ENSG00000170989	
C14orf119	1	ENSG00000179933	
S1PR3	1	ENSG00000213694	
S1PR2	1	ENSG00000267534	
S1PR5	1	ENSG00000180739	
ENSG00000250274	1	ENSG00000250274	
S1PR4	1	ENSG00000125910	
REPS1	1	ENSG00000135597	
RWDD1	1	ENSG00000111832	
RWDD3	1	ENSG00000122481	
RWDD4	1	ENSG00000182552	
KDF1	1	ENSG00000175707	
SGPP2	1	ENSG00000163082	
SGPP1	1	ENSG00000126821	
DPRX	1	ENSG00000204595	
XPNPEP1	1	ENSG00000108039	
XPNPEP2	1	ENSG00000122121	
XPNPEP3	1	ENSG00000196236	
ZPR1	1	ENSG00000109917	
ITSN2	1	ENSG00000198399	
JRK	1	ENSG00000234616	
ENSG00000237479	1	ENSG00000237479	
IGHV3-20	1	ENSG00000211946	
IGHV3-21	1	ENSG00000211947	
IGHV3-22	1	ENSG00000253957	
ITSN1	1	ENSG00000205726	
IGHV3-23	1	ENSG00000211949	
IGHV3-25	1	ENSG00000253441	
IGHV3-29	1	ENSG00000270474	
ANKFY1	1	ENSG00000185722	
ENSG00000237471	1	ENSG00000237471	
LOC105374682	1	ENSG00000249981	
HEMK1	1	ENSG00000114735	
CXADR	1	ENSG00000154639	
IGHV3-30	1	ENSG00000270550	
IGHV3-32	1	ENSG00000254289	
IGHV3-33	1	ENSG00000211955	
IGHV3-35	1	ENSG00000211957	
IGHV3-36	1	ENSG00000253240	
IGHV3-37	1	ENSG00000253359	
IGHV3-38	1	ENSG00000211958	
FAM242A	1	ENSG00000231934	
MTHFD1	1	ENSG00000100714	
LRATD1	1	ENSG00000162981	
FAM242E	1	ENSG00000229697	
MTHFD2	1	ENSG00000065911	
LRATD2	1	ENSG00000168672	
EWSR1	1	ENSG00000182944	
OPTC	1	ENSG00000188770	
FAM242D	1	ENSG00000231248	
FAM242C	1	ENSG00000250432	
FAM242B	1	ENSG00000287889	
JTB	1	ENSG00000143543	
FAM242F	1	ENSG00000275239	
OPTN	1	ENSG00000123240	
FAM246A	1	ENSG00000286102	
ANKRD65-AS1	1	ENSG00000225905	
ITGB1-DT	1	ENSG00000229656	
ENSG00000249476	1	ENSG00000249476	
FAM245B	1	ENSG00000285662	
FAM245A	1	ENSG00000228055	
NPBWR2	1	ENSG00000125522	
LTA4H	1	ENSG00000111144	
HEXIM1	1	ENSG00000186834	
HEXIM2	1	ENSG00000168517	
JUN	1	ENSG00000177606	
HLA-DRB5	1	ENSG00000198502	
JUP	1	ENSG00000173801	
TMLHE-AS1	1	ENSG00000224533	
EIF2AK1	1	ENSG00000086232	
IGHV3-11	1	ENSG00000211941	
FTCD-AS1	1	ENSG00000237338	
EIF2AK3	1	ENSG00000172071	
IGHV3-13	1	ENSG00000211942	
EIF2AK2	1	ENSG00000055332	
MDC1-AS1	1	ENSG00000224328	
IGHV3-15	1	ENSG00000211943	
EIF2AK4	1	ENSG00000128829	
IGHV3-16	1	ENSG00000211944	
ENTPD3-AS1	1	ENSG00000223797	
IGHV3-19	1	ENSG00000253883	
TSPAN5-DT	1	ENSG00000260641	
HLA-DRB1	1	ENSG00000196126	
PSME3IP1	1	ENSG00000172775	
DPYS	1	ENSG00000147647	
KDM8	1	ENSG00000155666	
ENSG00000249419	1	ENSG00000249419	
TRBV6-4	1	ENSG00000211713	
ENSG00000250406	1	ENSG00000250406	
TRBV6-1	1	ENSG00000211706	
TFCP2L1	1	ENSG00000115112	
TRBV6-2	1	ENSG00000283063	
TRBV6-7	1	ENSG00000253188	
TRBV6-8	1	ENSG00000253534	
TRG-AS1	1	ENSG00000281103	
TRBV6-5	1	ENSG00000211721	
TRBV6-6	1	ENSG00000211724	
NHSL2	1	ENSG00000204131	
NHSL1	1	ENSG00000135540	
ENSG00000225457	1	ENSG00000225457	
DUSP4	1	ENSG00000120875	
CHST8	1	ENSG00000124302	
DUSP5	1	ENSG00000138166	
CHST9	1	ENSG00000154080	
DUSP2	1	ENSG00000158050	
CHST6	1	ENSG00000183196	
DUSP3	1	ENSG00000108861	
CHST7	1	ENSG00000147119	
DUSP1	1	ENSG00000120129	
DUSP8	1	ENSG00000184545	
FAM247B	1	ENSG00000278044	
DUSP9	1	ENSG00000130829	
DUSP6	1	ENSG00000139318	
DUSP7	1	ENSG00000164086	
FAM246B	1	ENSG00000286175	
DPYD	1	ENSG00000188641	
CHST1	1	ENSG00000175264	
CHST4	1	ENSG00000140835	
CHST5	1	ENSG00000135702	
CHST2	1	ENSG00000175040	
CHST3	1	ENSG00000122863	
SLC1A3-AS1	1	ENSG00000250155	
ZC3H12A-DT	1	ENSG00000233621	
ABRACL	1	ENSG00000146386	
CST11	1	ENSG00000125831	
MYB-AS1	1	ENSG00000236703	
ATAD1	1	ENSG00000138138	
ATAD5	1	ENSG00000176208	
ATAD2	1	ENSG00000156802	
FLRT2-AS1	1	ENSG00000205562	
PASD1	1	ENSG00000166049	
ENSG00000237461	1	ENSG00000237461	
EFEMP2	1	ENSG00000172638	
EFEMP1	1	ENSG00000115380	
MRPL20-AS1	1	ENSG00000224870	
KMT5B	1	ENSG00000110066	
KMT5A	1	ENSG00000183955	
UGT2B10	1	ENSG00000109181	
IFNA13	1	ENSG00000233816	
PCYT2	1	ENSG00000185813	
UGT2B11	1	ENSG00000213759	
IFNA14	1	ENSG00000228083	
KMT5C	1	ENSG00000133247	
IFNA16	1	ENSG00000147885	
IFNA17	1	ENSG00000234829	
UGT2B15	1	ENSG00000196620	
UGT2B17	1	ENSG00000197888	
ENSG00000225420	1	ENSG00000225420	
SRSF2	1	ENSG00000161547	
SRSF3	1	ENSG00000112081	
SRSF4	1	ENSG00000116350	
SRSF5	1	ENSG00000100650	
PTPRCAP	1	ENSG00000213402	
SRSF6	1	ENSG00000124193	
SRSF7	1	ENSG00000115875	
SRSF8	1	ENSG00000263465	
SRSF9	1	ENSG00000111786	
IFNA10	1	ENSG00000186803	
KMT2E	1	ENSG00000005483	
KMT2D	1	ENSG00000167548	
KMT2A	1	ENSG00000118058	
KMT2C	1	ENSG00000055609	
KMT2B	1	ENSG00000272333	
ZNF248-AS1	1	ENSG00000236514	
LOXHD1	1	ENSG00000167210	
TTC12-DT	1	ENSG00000255129	
TMEM26-AS1	1	ENSG00000237233	
AP4S1	1	ENSG00000100478	
KDSR	1	ENSG00000119537	
VIRMA-DT	1	ENSG00000253704	
IFNA21	1	ENSG00000137080	
IQCA1-AS1	1	ENSG00000232893	
BFSP2	1	ENSG00000170819	
BFSP1	1	ENSG00000125864	
ADSS1	1	ENSG00000185100	
ADSS2	1	ENSG00000035687	
CLPTM1L	1	ENSG00000049656	
IGHV3-60	1	ENSG00000253742	
IGHV3-62	1	ENSG00000253132	
IGHV3-63	1	ENSG00000253936	
IGHV3-64	1	ENSG00000223648	
IGHV3-65	1	ENSG00000253209	
IGHV3-66	1	ENSG00000211972	
RESF1	1	ENSG00000174718	
AP4M1	1	ENSG00000221838	
DNAJC3-DT	1	ENSG00000247400	
DAPK1-IT1	1	ENSG00000236709	
NKX3-2	1	ENSG00000109705	
NKX3-1	1	ENSG00000167034	
IGHV3-71	1	ENSG00000254056	
IGHV3-72	1	ENSG00000225698	
IGHV3-73	1	ENSG00000211976	
VPS9D1	1	ENSG00000075399	
IGHV3-74	1	ENSG00000224650	
COPDA1	1	ENSG00000253364	
IGHV3-75	1	ENSG00000254176	
IGHV3-76	1	ENSG00000253247	
IGHV3-79	1	ENSG00000275747	
IGHV3-41	1	ENSG00000278473	
IGHV3-42	1	ENSG00000254228	
IGHV3-43	1	ENSG00000232216	
SRSF1	1	ENSG00000136450	
UGT2B28	1	ENSG00000135226	
IGHV3-47	1	ENSG00000229092	
IGHV3-48	1	ENSG00000211964	
IGHV3-49	1	ENSG00000211965	
MTHFSD	1	ENSG00000103248	
E2F1	1	ENSG00000101412	
E2F2	1	ENSG00000007968	
E2F3	1	ENSG00000112242	
E2F4	1	ENSG00000205250	
E2F5	1	ENSG00000133740	
E2F6	1	ENSG00000169016	
E2F7	1	ENSG00000165891	
E2F8	1	ENSG00000129173	
KC6	1	ENSG00000267313	
IGHV3-50	1	ENSG00000253241	
STARD7-AS1	1	ENSG00000204685	
IGHV3-52	1	ENSG00000253545	
IGHV3-53	1	ENSG00000211967	
SMIM10L1	1	ENSG00000256537	
IGHV3-54	1	ENSG00000275475	
STYK1	1	ENSG00000060140	
IGHV3-57	1	ENSG00000253759	
MAP1LC3B2	1	ENSG00000258102	
KCP	1	ENSG00000135253	
ODAD1	1	ENSG00000105479	
ODAD3	1	ENSG00000198003	
ODAD2	1	ENSG00000169126	
ODAD4	1	ENSG00000204815	
ICAM2	1	ENSG00000108622	
ICAM3	1	ENSG00000076662	
ICAM4	1	ENSG00000105371	
ICAM5	1	ENSG00000105376	
IKZF1	1	ENSG00000185811	
IKZF2	1	ENSG00000030419	
IKZF3	1	ENSG00000161405	
IKZF4	1	ENSG00000123411	
ICAM1	1	ENSG00000090339	
IKZF5	1	ENSG00000095574	
SRD5A3-AS1	1	ENSG00000249700	
TOPAZ1	1	ENSG00000173769	
KDR	1	ENSG00000128052	
ZNF426-DT	1	ENSG00000278611	
GAREM2	1	ENSG00000157833	
GAREM1	1	ENSG00000141441	
KEL	1	ENSG00000197993	
NKX2-2-AS1	1	ENSG00000258197	
TMEM63A	1	ENSG00000196187	
TMEM63B	1	ENSG00000137216	
TMEM63C	1	ENSG00000165548	
FAM9B	1	ENSG00000177138	
PPP1CB-DT	1	ENSG00000226833	
FAM9A	1	ENSG00000183304	
FAM9C	1	ENSG00000187268	
MAGI2-AS1	1	ENSG00000251276	
MAGI2-AS2	1	ENSG00000226978	
BRI3BP	1	ENSG00000184992	
RSPH1-DT	1	ENSG00000239930	
MAGI2-AS3	1	ENSG00000234456	
MON1A	1	ENSG00000164077	
MON1B	1	ENSG00000103111	
AP4E1	1	ENSG00000081014	
KHK	1	ENSG00000138030	
UIMC1	1	ENSG00000087206	
UFL1-AS1	1	ENSG00000233797	
PHGDH	1	ENSG00000092621	
KIN	1	ENSG00000151657	
ANKFN1	1	ENSG00000153930	
KIT	1	ENSG00000157404	
ERICH2-DT	1	ENSG00000234350	
AFAP1-AS1	1	ENSG00000272620	
KIZ	1	ENSG00000088970	
SOX2-OT	1	ENSG00000242808	
ENSG00000286389	1	ENSG00000286389	
ENSG00000286383	1	ENSG00000286383	
ZNF451-AS1	1	ENSG00000226803	
ENSG00000286380	1	ENSG00000286380	
IGKV1-9	1	ENSG00000241755	
ELF3-AS1	1	ENSG00000234678	
IGKV1-8	1	ENSG00000240671	
IGKV1-6	1	ENSG00000239855	
IGKV1-5	1	ENSG00000243466	
PCHILR	1	ENSG00000260884	
SGSM1	1	ENSG00000167037	
SEMG2	1	ENSG00000124157	
SGSM3	1	ENSG00000100359	
SEMG1	1	ENSG00000124233	
SGSM2	1	ENSG00000141258	
ENSG00000286391	1	ENSG00000286391	
KLB	1	ENSG00000134962	
ENSG00000286369	1	ENSG00000286369	
ZNF252P-AS1	1	ENSG00000255559	
FAM3B	1	ENSG00000183844	
FAM3A	1	ENSG00000071889	
FAM3D	1	ENSG00000198643	
FAM3C	1	ENSG00000196937	
MMGT1	1	ENSG00000169446	
ACOT11	1	ENSG00000162390	
PHGR1	1	ENSG00000233041	
THOC7-AS1	1	ENSG00000240549	
ACOT12	1	ENSG00000172497	
ACOT13	1	ENSG00000112304	
KMO	1	ENSG00000117009	
CCNB1IP1	1	ENSG00000100814	
TYROBP	1	ENSG00000011600	
BAZ2B-AS1	1	ENSG00000224152	
RNF186-AS1	1	ENSG00000235434	
TSG101	1	ENSG00000074319	
TRBV5-1	1	ENSG00000211734	
TRBV5-4	1	ENSG00000230099	
TRBV5-5	1	ENSG00000211725	
TRBV5-2	1	ENSG00000242771	
TRBV5-3	1	ENSG00000211715	
INAVA	1	ENSG00000163362	
TRBV5-6	1	ENSG00000211728	
ENSG00000286346	1	ENSG00000286346	
TRBV5-7	1	ENSG00000211731	
FAM90A10	1	ENSG00000285950	
FAM90A17	1	ENSG00000285720	
FAM90A18	1	ENSG00000285913	
FAM90A16	1	ENSG00000285620	
FAM90A14	1	ENSG00000285814	
TCAF2	1	ENSG00000170379	
TCAF1	1	ENSG00000198420	
ENSG00000286352	1	ENSG00000286352	
AP4B1	1	ENSG00000134262	
UVSSA	1	ENSG00000163945	
ENSG00000286322	1	ENSG00000286322	
LMNB2	1	ENSG00000176619	
LTB4R	1	ENSG00000213903	
LMNB1	1	ENSG00000113368	
APCDD1L-DT	1	ENSG00000231290	
ENSG00000250378	1	ENSG00000250378	
LCMT1-AS2	1	ENSG00000260034	
LCMT1-AS1	1	ENSG00000260448	
MKKS	3	ENSG00000285508:ENSG00000125863:ENSG00000285723	
XIAP-AS1	1	ENSG00000237331	
ENSG00000286330	1	ENSG00000286330	
KIF26B-AS1	1	ENSG00000232192	
ENSG00000286339	1	ENSG00000286339	
IFIT1B	1	ENSG00000204010	
BTBD3-AS1	1	ENSG00000236526	
SFSWAP	1	ENSG00000061936	
NT5C2	1	ENSG00000076685	
FAM241B	1	ENSG00000171224	
FAM241A	1	ENSG00000174749	
TRDMT1	1	ENSG00000107614	
URGCP	1	ENSG00000106608	
ENSG00000286315	1	ENSG00000286315	
YY1AP1	1	ENSG00000163374	
ENSG00000286313	1	ENSG00000286313	
ENSG00000274333	1	ENSG00000274333	
FAM240C	1	ENSG00000216921	
FAM240B	1	ENSG00000283329	
COL7A1	1	ENSG00000114270	
FAM240A	1	ENSG00000283473	
LOC102724250	1	ENSG00000271254	
LRP2BP-AS1	1	ENSG00000250410	
DQX1	1	ENSG00000144045	
WDR86	1	ENSG00000187260	
WDR83	1	ENSG00000123154	
WDR89	1	ENSG00000140006	
WDR87	1	ENSG00000171804	
WDR88	1	ENSG00000166359	
RASSF3-DT	1	ENSG00000256670	
ENSG00000249574	1	ENSG00000249574	
WDR93	1	ENSG00000140527	
WDR90	1	ENSG00000161996	
WDR91	1	ENSG00000105875	
XAGE1B	1	ENSG00000204382	
WDR74	1	ENSG00000133316	
XAGE1A	1	ENSG00000204379	
WDR75	1	ENSG00000115368	
WDR72	1	ENSG00000166415	
WDR73	1	ENSG00000177082	
HCFC2	1	ENSG00000111727	
ENSG00000286535	1	ENSG00000286535	
KNSTRN	1	ENSG00000128944	
WDR76	1	ENSG00000092470	
WDR77	1	ENSG00000116455	
HCFC1	1	ENSG00000172534	
WDR81	1	ENSG00000167716	
WDR82	1	ENSG00000164091	
PARD3	1	ENSG00000148498	
ENSG00000274559	1	ENSG00000274559	
WDR64	1	ENSG00000162843	
WDR62	1	ENSG00000075702	
ENSG00000286502	1	ENSG00000286502	
XKRX	1	ENSG00000182489	
BLOC1S4	1	ENSG00000186222	
BLOC1S5	1	ENSG00000188428	
BLOC1S6	1	ENSG00000104164	
WDR70	1	ENSG00000082068	
BLOC1S1	1	ENSG00000135441	
BLOC1S2	1	ENSG00000196072	
BLOC1S3	1	ENSG00000189114	
HLA-DQA2	1	ENSG00000237541	
HLA-DQA1	1	ENSG00000196735	
WDR59	1	ENSG00000103091	
WDR53	1	ENSG00000185798	
WDR54	1	ENSG00000005448	
WDR55	1	ENSG00000120314	
XKR8	1	ENSG00000158156	
XKR7	1	ENSG00000260903	
XKR9	1	ENSG00000221947	
MKS1	1	ENSG00000011143	
WDR5B	1	ENSG00000196981	
SGO1-AS1	1	ENSG00000231304	
LIX1-AS1	1	ENSG00000251513	
XKR4	1	ENSG00000206579	
XKR3	1	ENSG00000172967	
XKR6	1	ENSG00000171044	
XKR5	1	ENSG00000275591	
WDR49	1	ENSG00000174776	
FANK1	1	ENSG00000203780	
WDR47	1	ENSG00000085433	
WDR48	1	ENSG00000114742	
IGKV1OR2-11	1	ENSG00000270187	
PHF20	1	ENSG00000025293	
PHF23	1	ENSG00000040633	
WDR41	1	ENSG00000164253	
WDR45	1	ENSG00000196998	
WDR46	1	ENSG00000227057	
WDR43	1	ENSG00000163811	
WDR44	1	ENSG00000131725	
ETS2-AS1	1	ENSG00000205622	
PHF24	1	ENSG00000122733	
WDR38	1	ENSG00000136918	
HELLS	1	ENSG00000119969	
WDR36	1	ENSG00000134987	
WDR37	1	ENSG00000047056	
WDR31	1	ENSG00000148225	
USP30-AS1	1	ENSG00000256262	
WDR35	1	ENSG00000118965	
WDR33	1	ENSG00000136709	
DBH-AS1	1	ENSG00000225756	
IGLJ2	1	ENSG00000211676	
IGLJ3	1	ENSG00000211678	
IGLJ1	1	ENSG00000211674	
KIFC2	1	ENSG00000167702	
KIFBP	1	ENSG00000198954	
KIFC1	1	ENSG00000237649	
KIFC3	1	ENSG00000140859	
IGLJ6	1	ENSG00000211682	
IGLJ7	1	ENSG00000211684	
IGLJ4	1	ENSG00000211680	
HLA-DQB2	1	ENSG00000232629	
HLA-DQB1	1	ENSG00000179344	
IGLJ5	1	ENSG00000211681	
WDR27	1	ENSG00000184465	
WDR25	1	ENSG00000176473	
WDR26	1	ENSG00000162923	
AP5Z1	1	ENSG00000242802	
TRBV7-2	1	ENSG00000282939	
WDR20	1	ENSG00000140153	
TRBV7-3	1	ENSG00000211714	
TRBV7-1	1	ENSG00000211707	
TRBV7-6	1	ENSG00000211727	
WDR24	1	ENSG00000127580	
TRBV7-7	1	ENSG00000253291	
TRBV7-4	1	ENSG00000253409	
TRBV7-5	1	ENSG00000227550	
TRBV7-9	1	ENSG00000278030	
BCL2L1-AS1	1	ENSG00000236559	
WDR17	1	ENSG00000150627	
WDR18	1	ENSG00000065268	
WDR19	1	ENSG00000157796	
WDR12	1	ENSG00000138442	
WDR13	1	ENSG00000101940	
CD200R1L-AS1	1	ENSG00000242770	
WDR11	1	ENSG00000120008	
SLC8A1-AS1	1	ENSG00000227028	
PHF5A	1	ENSG00000100410	
IGLL1	1	ENSG00000128322	
RERGL	1	ENSG00000111404	
N6AMT1	1	ENSG00000156239	
MROH2A	1	ENSG00000185038	
MROH2B	1	ENSG00000171495	
PARK7	1	ENSG00000116288	
SLC26A11	1	ENSG00000181045	
LARGE1	1	ENSG00000133424	
AP5S1	1	ENSG00000125843	
LARGE2	1	ENSG00000165905	
KIRREL3-AS3	1	ENSG00000218109	
KIRREL3-AS2	1	ENSG00000254960	
KIRREL3-AS1	1	ENSG00000257271	
IFNAR2	1	ENSG00000159110	
KERA	1	ENSG00000139330	
PTPRK-AS1	1	ENSG00000227945	
ADTRP	1	ENSG00000111863	
WDR86-AS1	1	ENSG00000243836	
IFNAR1	1	ENSG00000142166	
DRC7	1	ENSG00000159625	
PARM1	1	ENSG00000169116	
FAM149B1	1	ENSG00000138286	
SLC38A10	1	ENSG00000157637	
SLC38A11	1	ENSG00000169507	
CRPPA-AS1	1	ENSG00000229688	
ORC5	1	ENSG00000164815	
ORC4	1	ENSG00000115947	
ORC6	1	ENSG00000091651	
ORC1	1	ENSG00000085840	
ORC3	1	ENSG00000135336	
ORC2	1	ENSG00000115942	
MAP3K20	1	ENSG00000091436	
MAP3K21	1	ENSG00000143674	
DRD1	1	ENSG00000184845	
DRD2	1	ENSG00000149295	
MYO18B-AS1	1	ENSG00000231933	
DRD3	1	ENSG00000151577	
DRD4	1	ENSG00000069696	
DRD5	1	ENSG00000169676	
OSBPL9	1	ENSG00000117859	
FANCI	1	ENSG00000140525	
OSBPL8	1	ENSG00000091039	
UVRAG	1	ENSG00000198382	
OSBPL7	1	ENSG00000006025	
CHTOP	1	ENSG00000160679	
MIR122HG	1	ENSG00000267391	
OSBPL6	1	ENSG00000079156	
OSBPL5	1	ENSG00000021762	
FANCM	1	ENSG00000187790	
FANCL	1	ENSG00000115392	
OSBPL3	1	ENSG00000070882	
OSBPL2	1	ENSG00000130703	
IQCA1L	1	ENSG00000278685	
FANCA	1	ENSG00000187741	
FANCC	1	ENSG00000158169	
FANCB	1	ENSG00000181544	
FANCE	1	ENSG00000112039	
CRIM1-DT	1	ENSG00000260025	
FANCG	1	ENSG00000221829	
FANCF	1	ENSG00000183161	
MAP3K15	1	ENSG00000180815	
MAP3K19	1	ENSG00000176601	
IQCJ-SCHIP1-AS1	1	ENSG00000241211	
MAP3K10	1	ENSG00000130758	
MAP3K13	1	ENSG00000073803	
DRC1	1	ENSG00000157856	
MAP3K14	1	ENSG00000006062	
BCL2L2	1	ENSG00000129473	
DRC3	1	ENSG00000171962	
MAP3K11	1	ENSG00000173327	
LAT	1	ENSG00000213658	
MAP3K12	1	ENSG00000139625	
BCL2L1	1	ENSG00000171552	
LBH	1	ENSG00000213626	
PHACTR3	1	ENSG00000087495	
PHACTR2	1	ENSG00000112419	
PHACTR1	1	ENSG00000112137	
LBP	1	ENSG00000129988	
LBR	1	ENSG00000143815	
CSTL1	1	ENSG00000125823	
PHACTR4	1	ENSG00000204138	
CKAP2L	1	ENSG00000169607	
PLRG1	1	ENSG00000171566	
TIRAP	1	ENSG00000150455	
DNAJC3	1	ENSG00000102580	
DNAJC2	1	ENSG00000105821	
DNAJC1	1	ENSG00000136770	
DNAJC7	1	ENSG00000168259	
ACTBL2	1	ENSG00000169067	
DNAJC6	1	ENSG00000116675	
LCK	1	ENSG00000182866	
DNAJC5	1	ENSG00000101152	
DNAJC4	1	ENSG00000110011	
DNAJC9	1	ENSG00000213551	
DNAJC8	1	ENSG00000126698	
LCT	1	ENSG00000115850	
NSRP1	1	ENSG00000126653	
SPATA17-AS1	1	ENSG00000234070	
HCG17	1	ENSG00000270604	
HCG18	1	ENSG00000231074	
HCG15	1	ENSG00000227214	
ITPR2-AS1	1	ENSG00000256234	
DNAJB2	1	ENSG00000135924	
DNAJB1	1	ENSG00000132002	
CLDN10-AS1	1	ENSG00000223392	
DNAJB6	1	ENSG00000105993	
DNAJB5	1	ENSG00000137094	
DNAJB4	1	ENSG00000162616	
DNAJB9	1	ENSG00000128590	
HCG14	1	ENSG00000224157	
DNAJB8	1	ENSG00000179407	
HCG11	1	ENSG00000228223	
DNAJB7	1	ENSG00000172404	
DRGX	1	ENSG00000165606	
ITPK1-AS1	1	ENSG00000258730	
HCG27	1	ENSG00000206344	
WDR97	1	ENSG00000179698	
RPRD2	1	ENSG00000163125	
DNAJA1	1	ENSG00000086061	
DNAJA4	1	ENSG00000140403	
DNAJA3	1	ENSG00000103423	
LEP	1	ENSG00000174697	
DNAJA2	1	ENSG00000069345	
DRG1	1	ENSG00000185721	
HCG24	1	ENSG00000230313	
NECTIN1-AS1	1	ENSG00000255247	
DRG2	1	ENSG00000108591	
HCG25	1	ENSG00000232940	
HCG22	1	ENSG00000228789	
HCG20	1	ENSG00000228022	
IGKV2OR2-7D	1	ENSG00000271015	
HCG21	1	ENSG00000233529	
IFITM3	1	ENSG00000142089	
VEZT	1	ENSG00000028203	
IFITM1	1	ENSG00000185885	
IFITM2	1	ENSG00000185201	
PARS2	1	ENSG00000162396	
MLC1	1	ENSG00000100427	
HS6ST1	1	ENSG00000136720	
HS6ST2	1	ENSG00000171004	
HS6ST3	1	ENSG00000185352	
FHAD1-AS1	1	ENSG00000233485	
RPS15	1	ENSG00000115268	
RPS14	1	ENSG00000164587	
RPS17	1	ENSG00000182774	
RPS16	1	ENSG00000105193	
RPS19	1	ENSG00000105372	
RPS18	1	ENSG00000231500	
PART1	1	ENSG00000152931	
RPS11	1	ENSG00000142534	
RPS10	1	ENSG00000124614	
RPS13	1	ENSG00000110700	
IFITM5	1	ENSG00000206013	
RPS12	1	ENSG00000112306	
SRRM2	1	ENSG00000167978	
SRRM3	1	ENSG00000177679	
SRRM4	1	ENSG00000139767	
SRRM5	1	ENSG00000226763	
P3H2	1	ENSG00000090530	
HLA-B	1	ENSG00000234745	
P3H1	1	ENSG00000117385	
HLA-C	1	ENSG00000204525	
P3H4	1	ENSG00000141696	
P3H3	1	ENSG00000110811	
HLA-A	1	ENSG00000206503	
HLA-F	1	ENSG00000204642	
HLA-G	1	ENSG00000204632	
IGKV2OR2-10	1	ENSG00000276050	
SRRM1	1	ENSG00000133226	
HLA-E	1	ENSG00000204592	
MTHFD2L	1	ENSG00000163738	
CSTF3	1	ENSG00000176102	
SRP14-DT	1	ENSG00000248508	
CSTF2	1	ENSG00000101811	
LHB	1	ENSG00000104826	
BHLHE22-AS1	1	ENSG00000254102	
CBARP	1	ENSG00000099625	
FXR1	1	ENSG00000114416	
HELZ2	1	ENSG00000130589	
SCFD1	1	ENSG00000092108	
AP5M1	1	ENSG00000053770	
FXR2	1	ENSG00000129245	
CHTF8	1	ENSG00000168802	
SCFD2	1	ENSG00000184178	
GJA10	1	ENSG00000135355	
CSTF1	1	ENSG00000101138	
MLEC	1	ENSG00000110917	
TMEM74B	1	ENSG00000125895	
LIF	1	ENSG00000128342	
PARVA	1	ENSG00000197702	
PARVB	1	ENSG00000188677	
RPS26	1	ENSG00000197728	
RPS25	1	ENSG00000118181	
RPS28	1	ENSG00000233927	
RPS27	1	ENSG00000177954	
PARVG	1	ENSG00000138964	
RPS29	1	ENSG00000213741	
RPS20	1	ENSG00000008988	
RPS21	1	ENSG00000171858	
RPS24	1	ENSG00000138326	
RPS23	1	ENSG00000186468	
HOTAIR	1	ENSG00000228630	
PWRN4	1	ENSG00000260232	
AHCTF1	1	ENSG00000153207	
ORM1	1	ENSG00000229314	
UBXN1	1	ENSG00000162191	
ORM2	1	ENSG00000228278	
MICOS10-DT	1	ENSG00000235185	
UBXN8	1	ENSG00000104691	
UBXN7	1	ENSG00000163960	
UBXN4	1	ENSG00000144224	
FEZF2	1	ENSG00000153266	
FEZF1	1	ENSG00000128610	
UBXN6	1	ENSG00000167671	
PWRN1	1	ENSG00000259905	
PWRN2	1	ENSG00000260551	
PARP6	1	ENSG00000137817	
PARP3	1	ENSG00000041880	
PARP4	1	ENSG00000102699	
PARP1	1	ENSG00000143799	
PARP2	1	ENSG00000129484	
IGKV2-4	1	ENSG00000253435	
PARP9	1	ENSG00000138496	
MLF1	1	ENSG00000178053	
MLF2	1	ENSG00000089693	
PARP8	1	ENSG00000151883	
AMIGO3	1	ENSG00000176020	
ICA1L	1	ENSG00000163596	
AMIGO1	1	ENSG00000181754	
AMIGO2	1	ENSG00000139211	
DRP2	1	ENSG00000102385	
MTHFD1L	1	ENSG00000120254	
RPRML	1	ENSG00000179673	
IGHVII-51-2	1	ENSG00000253941	
PIRAT1	1	ENSG00000237803	
MLH1	1	ENSG00000076242	
MLH3	1	ENSG00000119684	
ATAT1	1	ENSG00000137343	
CD40LG	1	ENSG00000102245	
BLID	1	ENSG00000259571	
IGHVIII-5-1	1	ENSG00000253387	
ENSG00000286484	1	ENSG00000286484	
IGHVIII-5-2	1	ENSG00000254053	
DOCK10	1	ENSG00000135905	
DOCK11	1	ENSG00000147251	
ENSG00000286498	1	ENSG00000286498	
MLIP	1	ENSG00000146147	
ENSG00000286496	1	ENSG00000286496	
TMEM9B-AS1	1	ENSG00000254860	
AP5B1	1	ENSG00000254470	
LOX	1	ENSG00000113083	
CERCAM	1	ENSG00000167123	
LPA	1	ENSG00000198670	
ZNF213-AS1	1	ENSG00000263072	
ENSG00000286462	1	ENSG00000286462	
LPL	1	ENSG00000175445	
LPO	1	ENSG00000167419	
PSG11	1	ENSG00000243130	
ENSG00000286469	1	ENSG00000286469	
CUZD1	1	ENSG00000138161	
LPP	1	ENSG00000145012	
CDH20	1	ENSG00000101542	
GAGE2E	1	ENSG00000275113	
CDH22	1	ENSG00000149654	
CDH23	1	ENSG00000107736	
CDH24	1	ENSG00000139880	
GAGE2A	1	ENSG00000189064	
CDH26	1	ENSG00000124215	
ENSG00000286477	1	ENSG00000286477	
NEK2-DT	1	ENSG00000231057	
MLKL	1	ENSG00000168404	
BLMH	1	ENSG00000108578	
GPSM1	1	ENSG00000160360	
GPSM2	1	ENSG00000121957	
ENSG00000286441	1	ENSG00000286441	
STAT4-AS1	1	ENSG00000231858	
IL6ST-DT	1	ENSG00000227908	
ASNSD1	1	ENSG00000138381	
MLNR	1	ENSG00000102539	
GAGE13	1	ENSG00000274274	
GAGE10	1	ENSG00000215274	
ENSG00000286447	1	ENSG00000286447	
ST8SIA6-AS1	1	ENSG00000204832	
FHAD1	1	ENSG00000142621	
MFSD8	1	ENSG00000164073	
RPS4X	1	ENSG00000198034	
MFSD9	1	ENSG00000135953	
MFSD6	1	ENSG00000151690	
MFSD5	1	ENSG00000182544	
MFSD3	1	ENSG00000167700	
BLNK	1	ENSG00000095585	
MFSD1	1	ENSG00000118855	
TOPBP1	1	ENSG00000163781	
ENSG00000250493	1	ENSG00000250493	
GPSM3	1	ENSG00000213654	
HGSNAT	1	ENSG00000165102	
FN1-DT	1	ENSG00000230695	
CYP3A43	1	ENSG00000021461	
LSR	1	ENSG00000105699	
RPS3A	1	ENSG00000145425	
LSS	1	ENSG00000160285	
MMP20-AS1	1	ENSG00000256916	
FCHSD1	1	ENSG00000197948	
FCHSD2	1	ENSG00000137478	
DDAH1	1	ENSG00000153904	
DDAH2	1	ENSG00000213722	
CDH10	1	ENSG00000040731	
COL6A2	1	ENSG00000142173	
CDH11	1	ENSG00000140937	
COL6A1	1	ENSG00000142156	
CDH12	1	ENSG00000154162	
LTA	1	ENSG00000226979	
CDH13	1	ENSG00000140945	
COL6A3	1	ENSG00000163359	
TERF2IP	1	ENSG00000166848	
AKNAD1	1	ENSG00000162641	
COL6A6	1	ENSG00000206384	
CDH15	1	ENSG00000129910	
COL6A5	1	ENSG00000172752	
LTB	1	ENSG00000227507	
CDH16	1	ENSG00000166589	
CDH17	1	ENSG00000079112	
CDH18	1	ENSG00000145526	
LTF	1	ENSG00000012223	
CDH19	1	ENSG00000071991	
CST9L	1	ENSG00000101435	
HEMGN	1	ENSG00000136929	
ENSG00000286421	1	ENSG00000286421	
LTK	1	ENSG00000062524	
PRPF31-AS1	1	ENSG00000237017	
RASA2-IT1	1	ENSG00000250170	
CHSY1	1	ENSG00000131873	
CHSY3	1	ENSG00000198108	
LUM	1	ENSG00000139329	
MLPH	1	ENSG00000115648	
SNX30-DT	1	ENSG00000226609	
PITHD1	1	ENSG00000057757	
PAXBP1	1	ENSG00000159086	
GAGE1	1	ENSG00000205777	
USP6NL	1	ENSG00000148429	
ENSG00000286641	1	ENSG00000286641	
ZDBF2	1	ENSG00000204186	
NKX1-2	1	ENSG00000229544	
ENSG00000272008	1	ENSG00000272008	
TAF11L2	1	ENSG00000284373	
NKX1-1	1	ENSG00000235608	
ENSG00000235059	1	ENSG00000235059	
GABARAPL2	1	ENSG00000034713	
STARD3	1	ENSG00000131748	
GABARAPL1	1	ENSG00000139112	
STARD4	1	ENSG00000164211	
STARD5	1	ENSG00000172345	
STARD6	1	ENSG00000174448	
STARD7	1	ENSG00000084090	
STARD8	1	ENSG00000130052	
STARD9	1	ENSG00000159433	
DNTTIP1	1	ENSG00000101457	
DNTTIP2	1	ENSG00000067334	
ENSG00000286658	1	ENSG00000286658	
ENSG00000250685	1	ENSG00000250685	
TMEM246-AS1	1	ENSG00000225376	
CLNS1A	1	ENSG00000074201	
AKIP1	1	ENSG00000166452	
CHMP3-AS1	1	ENSG00000228363	
CDIP1	1	ENSG00000089486	
HACD1	1	ENSG00000165996	
LXN	1	ENSG00000079257	
HS3ST3A1	1	ENSG00000153976	
HACD3	1	ENSG00000074696	
LY9	1	ENSG00000122224	
HACD2	1	ENSG00000206527	
BLACAT1	1	ENSG00000281406	
HACD4	1	ENSG00000188921	
FAM221B	1	ENSG00000204930	
FAM221A	1	ENSG00000188732	
GUCD1	1	ENSG00000138867	
MANEA-DT	1	ENSG00000261366	
VTI1A	1	ENSG00000151532	
PPARGC1A	1	ENSG00000109819	
PPARGC1B	1	ENSG00000155846	
VTI1B	1	ENSG00000100568	
LYN	1	ENSG00000254087	
FYB2	1	ENSG00000187889	
FYB1	1	ENSG00000082074	
HACE1	1	ENSG00000085382	
INCA1	1	ENSG00000196388	
APCDD1L	1	ENSG00000198768	
NR0B1	1	ENSG00000169297	
BBIP1	1	ENSG00000214413	
LYZ	1	ENSG00000090382	
NR0B2	1	ENSG00000131910	
FAM220A	1	ENSG00000178397	
PCDHGA10	1	ENSG00000253846	
PCDHGA11	1	ENSG00000253873	
PCDHGA12	1	ENSG00000253159	
CDIN1	1	ENSG00000186073	
EFCC1	1	ENSG00000114654	
FAM224A	1	ENSG00000233522	
PQBP1	1	ENSG00000102103	
FAM223B	1	ENSG00000272681	
FAM223A	1	ENSG00000279245	
FLVCR1	1	ENSG00000162769	
FLVCR2	1	ENSG00000119686	
HLA-DPA1	1	ENSG00000231389	
NSUN4	1	ENSG00000117481	
NSUN5	1	ENSG00000130305	
NSUN2	1	ENSG00000037474	
KU-MEL-3	1	ENSG00000205444	
NSUN3	1	ENSG00000178694	
NSUN6	1	ENSG00000241058	
NSUN7	1	ENSG00000179299	
ENSG00000286615	1	ENSG00000286615	
DYNLL1	1	ENSG00000088986	
DYNLL2	1	ENSG00000264364	
FAM222B	1	ENSG00000173065	
FAM222A	1	ENSG00000139438	
SH3RF3-AS1	1	ENSG00000259863	
DOCK8-AS1	1	ENSG00000183784	
DOCK8-AS2	1	ENSG00000227155	
STYXL2	1	ENSG00000198842	
FAM226B	1	ENSG00000269911	
STYXL1	1	ENSG00000127952	
YTHDF3-DT	1	ENSG00000270673	
TAF11L9	1	ENSG00000283988	
TAF11L8	1	ENSG00000283967	
ANKIB1	1	ENSG00000001629	
PIWIL4-AS1	1	ENSG00000255929	
TAF11L7	1	ENSG00000284465	
OR14A16	1	ENSG00000196772	
TAF11L6	1	ENSG00000284042	
TAF11L5	1	ENSG00000284234	
TAF11L4	1	ENSG00000284283	
TAF11L3	1	ENSG00000284439	
FAM225B	1	ENSG00000225684	
FAM225A	1	ENSG00000231528	
STXBP5L	1	ENSG00000145087	
FAM224B	1	ENSG00000230663	
HLA-DPB1	1	ENSG00000223865	
CELF2-DT	1	ENSG00000270111	
FAM228A	1	ENSG00000186453	
CXCL17	1	ENSG00000189377	
CXCL13	1	ENSG00000156234	
CXCL14	1	ENSG00000145824	
CXCL16	1	ENSG00000161921	
FAM228B	1	ENSG00000219626	
ATCAY	1	ENSG00000167654	
ENSG00000225655	1	ENSG00000225655	
OSBP	1	ENSG00000110048	
PRPF4B	1	ENSG00000112739	
FAM227B	1	ENSG00000166262	
FAM227A	1	ENSG00000184949	
MAG	1	ENSG00000105695	
MAF	1	ENSG00000178573	
MAK	1	ENSG00000111837	
FSCN1	1	ENSG00000075618	
MAL	1	ENSG00000172005	
FSCN3	1	ENSG00000106328	
FSCN2	1	ENSG00000186765	
GTF2I-AS1	1	ENSG00000232729	
DSC1	1	ENSG00000134765	
DSC2	1	ENSG00000134755	
DSC3	1	ENSG00000134762	
ENSG00000237654	1	ENSG00000237654	
MAX	1	ENSG00000125952	
TROAP	1	ENSG00000135451	
MAZ	1	ENSG00000103495	
GLIS3	1	ENSG00000107249	
ENSG00000250626	1	ENSG00000250626	
ENSG00000249635	1	ENSG00000249635	
KRCC1	1	ENSG00000172086	
GLIS1	1	ENSG00000174332	
GLIS2	1	ENSG00000126603	
ENSG00000249631	1	ENSG00000249631	
CNTNAP3C	1	ENSG00000283378	
ENSG00000225676	1	ENSG00000225676	
CNTNAP3B	1	ENSG00000154529	
DSEL	1	ENSG00000171451	
HACL1	1	ENSG00000131373	
E4F1	1	ENSG00000167967	
MBP	1	ENSG00000197971	
FAM229B	1	ENSG00000203778	
FAM229A	1	ENSG00000225828	
USP6NL-AS1	1	ENSG00000271360	
MCC	1	ENSG00000171444	
AICDA	1	ENSG00000111732	
CXCL10	1	ENSG00000169245	
CXCL11	1	ENSG00000169248	
CXCL12	1	ENSG00000107562	
EML2-AS1	1	ENSG00000267757	
MCU	1	ENSG00000156026	
EHBP1-AS1	1	ENSG00000231609	
ARHGAP11A	1	ENSG00000198826	
ARHGAP11B	1	ENSG00000285077	
ADD3-AS1	1	ENSG00000203876	
CDCA7L	1	ENSG00000164649	
FSD1L	1	ENSG00000106701	
ENSG00000225612	1	ENSG00000225612	
MDK	1	ENSG00000110492	
ME1	1	ENSG00000065833	
ME3	1	ENSG00000151376	
ME2	1	ENSG00000082212	
LAMTOR5-AS1	1	ENSG00000224699	
DSG1	1	ENSG00000134760	
ITPRID2-DT	1	ENSG00000260742	
DSG2	1	ENSG00000046604	
MIR3667HG	1	ENSG00000188511	
DSG3	1	ENSG00000134757	
DSG4	1	ENSG00000175065	
MET	1	ENSG00000105976	
MFF	1	ENSG00000168958	
CTHRC1	1	ENSG00000164932	
HSDL2-AS1	1	ENSG00000230185	
MMAA	1	ENSG00000151611	
MMAB	1	ENSG00000139428	
MGA	1	ENSG00000174197	
DHODH	1	ENSG00000102967	
PCNX4-DT	1	ENSG00000258553	
MGP	1	ENSG00000111341	
ENSG00000225649	1	ENSG00000225649	
P4HB	1	ENSG00000185624	
SPON2	1	ENSG00000159674	
OR5BS1P	1	ENSG00000198678	
SPON1	1	ENSG00000262655	
MYOZ3-AS1	1	ENSG00000250309	
RESP18	1	ENSG00000182698	
TMEM88B	1	ENSG00000205116	
MIA	1	ENSG00000261857	
NSMCE3	1	ENSG00000185115	
NSMCE2	1	ENSG00000156831	
NSMCE1	1	ENSG00000169189	
MMD2	1	ENSG00000136297	
MIF	1	ENSG00000240972	
GNPAT	1	ENSG00000116906	
MIP	1	ENSG00000135517	
TMEM87A	1	ENSG00000103978	
TMEM87B	1	ENSG00000153214	
DSN1	1	ENSG00000149636	
PCAT14	1	ENSG00000280623	
PCAT19	1	ENSG00000267107	
PCAT18	1	ENSG00000265369	
TMEM86A	1	ENSG00000151117	
TMEM86B	1	ENSG00000180089	
IGKV3-7	1	ENSG00000243063	
PDK1-AS1	1	ENSG00000225205	
COL9A1	1	ENSG00000112280	
COL9A3	1	ENSG00000092758	
COL9A2	1	ENSG00000049089	
MKX	1	ENSG00000150051	
RCOR3	1	ENSG00000117625	
GLIPR1L1	1	ENSG00000173401	
RCOR2	1	ENSG00000167771	
GLIPR1L2	1	ENSG00000180481	
RCOR1	1	ENSG00000089902	
FKBP11	1	ENSG00000134285	
FKBP10	1	ENSG00000141756	
MOGAT3	1	ENSG00000106384	
FKBP15	1	ENSG00000119321	
DOC2A	1	ENSG00000149927	
FKBP14	1	ENSG00000106080	
MOGAT2	1	ENSG00000166391	
MOGAT1	1	ENSG00000124003	
DOC2B	1	ENSG00000272636	
BMI1	1	ENSG00000168283	
MLN	1	ENSG00000096395	
REV3L	1	ENSG00000009413	
MLX	1	ENSG00000108788	
UTP14A	1	ENSG00000156697	
UTP14C	1	ENSG00000253797	
ANKDD1B	1	ENSG00000189045	
TMC3-AS1	1	ENSG00000259343	
ANKDD1A	1	ENSG00000166839	
MME	1	ENSG00000196549	
MMD	1	ENSG00000108960	
OSMR	1	ENSG00000145623	
MAP3K9-DT	1	ENSG00000259153	
MN1	1	ENSG00000169184	
KIAA1671-AS1	1	ENSG00000203280	
RABGAP1	1	ENSG00000011454	
MNT	1	ENSG00000070444	
PGRMC1	1	ENSG00000101856	
PGRMC2	1	ENSG00000164040	
CARS1-AS1	1	ENSG00000247473	
MOG	1	ENSG00000204655	
MOK	1	ENSG00000080823	
DSPP	1	ENSG00000152591	
FKBP1A	1	ENSG00000088832	
MOS	1	ENSG00000172680	
FKBP1C	1	ENSG00000198225	
FKBP1B	1	ENSG00000119782	
ADGB-DT	1	ENSG00000237468	
CTCF-DT	1	ENSG00000259804	
PLVAP	1	ENSG00000130300	
MPG	1	ENSG00000103152	
MPI	1	ENSG00000178802	
MPL	1	ENSG00000117400	
WBP1L	1	ENSG00000166272	
MPO	1	ENSG00000005381	
STEAP2-AS1	1	ENSG00000227646	
MPZ	1	ENSG00000158887	
SNIP1	1	ENSG00000163877	
OSR2	1	ENSG00000164920	
HERPUD2-AS1	1	ENSG00000271122	
OSR1	1	ENSG00000143867	
WBP11	1	ENSG00000084463	
MR1	1	ENSG00000153029	
KIF23-AS1	1	ENSG00000259426	
LY86-AS1	1	ENSG00000216863	
UTP25	1	ENSG00000117597	
ENSG00000286585	1	ENSG00000286585	
UTP23	1	ENSG00000147679	
SCIRT	1	ENSG00000237686	
MRO	1	ENSG00000134042	
MIATNB	1	ENSG00000244625	
TAC4	1	ENSG00000176358	
UTP20	1	ENSG00000120800	
TAC3	1	ENSG00000166863	
TAC1	1	ENSG00000006128	
MSC	1	ENSG00000178860	
OST4	1	ENSG00000228474	
ENSG00000286598	1	ENSG00000286598	
ZFHX3	1	ENSG00000140836	
ENSG00000286595	1	ENSG00000286595	
ZFHX2	1	ENSG00000136367	
LIX1L-AS1	1	ENSG00000234222	
SLC52A2	1	ENSG00000185803	
SLC52A3	1	ENSG00000101276	
DSTN	1	ENSG00000125868	
SLC52A1	1	ENSG00000132517	
MSN	1	ENSG00000147065	
SHISAL1	1	ENSG00000138944	
MT4	1	ENSG00000102891	
MT3	1	ENSG00000087250	
ZFHX4	1	ENSG00000091656	
BMP7	1	ENSG00000101144	
ANKHD1	1	ENSG00000131503	
BMP6	1	ENSG00000153162	
BMP5	1	ENSG00000112175	
BMP4	1	ENSG00000125378	
BMP3	1	ENSG00000152785	
BMP2	1	ENSG00000125845	
BMP1	1	ENSG00000168487	
OSTC	1	ENSG00000198856	
TAB3	1	ENSG00000157625	
TAB2	1	ENSG00000055208	
TAB1	1	ENSG00000100324	
OSTN	1	ENSG00000188729	
LSM14B	1	ENSG00000149657	
LSM14A	1	ENSG00000257103	
PSIP1	1	ENSG00000164985	
MTR	1	ENSG00000116984	
LRRFIP2	1	ENSG00000093167	
LRRFIP1	1	ENSG00000124831	
KRTAP10-1	1	ENSG00000215455	
HS3ST3B1	1	ENSG00000125430	
DYNLT5	1	ENSG00000152760	
UTP15	1	ENSG00000164338	
ENSG00000286575	1	ENSG00000286575	
MMP7	1	ENSG00000137673	
DYNLT1	1	ENSG00000146425	
UTP11	1	ENSG00000183520	
DYNLT2	1	ENSG00000184786	
MMP1	1	ENSG00000196611	
MMP2	1	ENSG00000087245	
DYNLT3	1	ENSG00000165169	
MMP3	1	ENSG00000149968	
DYNLT4	1	ENSG00000188396	
MMP8	1	ENSG00000118113	
UTP18	1	ENSG00000011260	
MMP9	1	ENSG00000100985	
CDHR1	1	ENSG00000148600	
CDHR2	1	ENSG00000074276	
CDHR3	1	ENSG00000128536	
SPOPL	1	ENSG00000144228	
CDHR4	1	ENSG00000187492	
CDHR5	1	ENSG00000099834	
MVD	1	ENSG00000167508	
HEPN1	1	ENSG00000221932	
MVK	1	ENSG00000110921	
MVP	1	ENSG00000013364	
AADACL2-AS1	1	ENSG00000242908	
TRBV3-1	1	ENSG00000237702	
TAF9	1	ENSG00000273841	
FKTN-AS1	1	ENSG00000228317	
ENSG00000286546	1	ENSG00000286546	
BSN-AS1	1	ENSG00000235120	
BMS1	1	ENSG00000165733	
EPS8L1	1	ENSG00000131037	
EPS8L2	1	ENSG00000177106	
EPS8L3	1	ENSG00000198758	
KRTAP10-3	1	ENSG00000212935	
IGHVII-78-1	1	ENSG00000253674	
KRTAP10-2	1	ENSG00000205445	
KRTAP10-5	1	ENSG00000241123	
KRTAP10-4	1	ENSG00000215454	
KRTAP10-7	1	ENSG00000272804	
KRTAP10-6	1	ENSG00000188155	
MX2	1	ENSG00000183486	
KRTAP10-9	1	ENSG00000221837	
MX1	1	ENSG00000157601	
KRTAP10-8	1	ENSG00000187766	
ELN-AS1	1	ENSG00000232415	
ENSG00000286559	1	ENSG00000286559	
ENSG00000286557	1	ENSG00000286557	
SCIMP	1	ENSG00000161929	
BMT2	1	ENSG00000164603	
TAF8	1	ENSG00000137413	
TAF7	1	ENSG00000178913	
HOXD-AS2	1	ENSG00000237380	
TAF6	1	ENSG00000106290	
TAF5	1	ENSG00000148835	
TAF4	1	ENSG00000130699	
TAF3	1	ENSG00000165632	
TAF2	1	ENSG00000064313	
TAF1	1	ENSG00000147133	
ENSG00000286760	1	ENSG00000286760	
TLNRD1	1	ENSG00000140406	
TPGS1	1	ENSG00000141933	
TPGS2	1	ENSG00000134779	
DENND5B-AS1	1	ENSG00000255867	
MYC	1	ENSG00000136997	
MYB	1	ENSG00000118513	
CDK20	1	ENSG00000156345	
MMUT	1	ENSG00000146085	
SUCLA2-AS1	1	ENSG00000227848	
NKX2-8	1	ENSG00000136327	
IAH1	1	ENSG00000134330	
NKX2-6	1	ENSG00000180053	
ENSG00000286776	1	ENSG00000286776	
ENSG00000274792	1	ENSG00000274792	
FAM230D	1	ENSG00000187979	
FAM230C	1	ENSG00000279516	
FAM230B	1	ENSG00000215498	
FAM230A	1	ENSG00000277870	
FAM230H	1	ENSG00000206142	
FAM230G	1	ENSG00000188280	
FAM230F	1	ENSG00000276095	
FAM230E	1	ENSG00000182824	
ENSG00000235189	1	ENSG00000235189	
FAM230J	1	ENSG00000274044	
FAM230I	1	ENSG00000178248	
NBAT1	1	ENSG00000260455	
CDKN2B-AS1	1	ENSG00000240498	
ENSG00000286743	1	ENSG00000286743	
NKX2-1	1	ENSG00000136352	
PSMG3-AS1	1	ENSG00000230487	
CNTFR-AS1	1	ENSG00000237159	
NKX2-5	1	ENSG00000183072	
NKX2-4	1	ENSG00000125816	
NKX2-3	1	ENSG00000119919	
NKX2-2	1	ENSG00000125820	
CDK17	1	ENSG00000059758	
FZD1	1	ENSG00000157240	
CDK18	1	ENSG00000117266	
WNT10B	1	ENSG00000169884	
DNAH12	1	ENSG00000174844	
FZD3	1	ENSG00000104290	
DNAH11	1	ENSG00000105877	
WNT10A	1	ENSG00000135925	
CDK19	1	ENSG00000155111	
FZD2	1	ENSG00000180340	
DNAH10	1	ENSG00000197653	
FZD5	1	ENSG00000163251	
DNAH17	1	ENSG00000187775	
SLC12A9-AS1	1	ENSG00000236305	
FZD4	1	ENSG00000174804	
FZD7	1	ENSG00000155760	
FZD6	1	ENSG00000164930	
DNAH14	1	ENSG00000185842	
FZD9	1	ENSG00000188763	
FZD8	1	ENSG00000177283	
FHDC1	1	ENSG00000137460	
ENSG00000286753	1	ENSG00000286753	
CDK10	1	ENSG00000185324	
RPL30-AS1	1	ENSG00000245970	
CDK12	1	ENSG00000167258	
CDK13	1	ENSG00000065883	
CDK14	1	ENSG00000058091	
ODAPH	1	ENSG00000174792	
CDK15	1	ENSG00000138395	
CDK16	1	ENSG00000102225	
FAM236B	1	ENSG00000268994	
FAM236A	1	ENSG00000275520	
ENSG00000286718	1	ENSG00000286718	
ENSG00000235138	1	ENSG00000235138	
ENSG00000235143	1	ENSG00000235143	
ENSG00000286737	1	ENSG00000286737	
ENSG00000249787	1	ENSG00000249787	
FAM234B	1	ENSG00000084444	
ENSG00000249782	1	ENSG00000249782	
FAM234A	1	ENSG00000167930	
TAL2	1	ENSG00000186051	
TAL1	1	ENSG00000162367	
ENSG00000235154	1	ENSG00000235154	
GCNT1	1	ENSG00000187210	
PATE1	1	ENSG00000171053	
GRAMD4	1	ENSG00000075240	
TANK	1	ENSG00000136560	
ENSG00000247131	1	ENSG00000247131	
PATE4	1	ENSG00000237353	
PATE2	1	ENSG00000196844	
PATE3	1	ENSG00000236027	
GCNT2	1	ENSG00000111846	
GCNT3	1	ENSG00000140297	
GCNT4	1	ENSG00000176928	
LINC-PINT	1	ENSG00000231721	
GCNT7	1	ENSG00000124091	
DTD1	1	ENSG00000125821	
DTD2	1	ENSG00000129480	
SAAL1	1	ENSG00000166788	
GUCA2B	1	ENSG00000044012	
TCAIM	1	ENSG00000179152	
TRMT1	1	ENSG00000104907	
FAM237B	1	ENSG00000283267	
GUCA2A	1	ENSG00000197273	
FAM237A	1	ENSG00000235118	
ENSG00000286710	1	ENSG00000286710	
FAM236D	1	ENSG00000225396	
FAM236C	1	ENSG00000283594	
EEF1AKMT4	1	ENSG00000284753	
TRMT5	1	ENSG00000126814	
TRMT6	1	ENSG00000089195	
LAMTOR2	1	ENSG00000116586	
LAMTOR1	1	ENSG00000149357	
EEF1AKMT3	1	ENSG00000123427	
LAMTOR4	1	ENSG00000188186	
LAMTOR3	1	ENSG00000109270	
EEF1AKMT2	1	ENSG00000203791	
EEF1AKMT1	1	ENSG00000150456	
LAMTOR5	1	ENSG00000134248	
ENSG00000250781	1	ENSG00000250781	
ENSG00000249738	1	ENSG00000249738	
GUCA1B	1	ENSG00000112599	
GUCA1A	1	ENSG00000048545	
GUCA1C	1	ENSG00000138472	
MACROD1	1	ENSG00000133315	
SENCR	1	ENSG00000254703	
NBN	1	ENSG00000104320	
MACROD2	1	ENSG00000172264	
LZTS2	1	ENSG00000107816	
LZTS1	1	ENSG00000061337	
ZNF225-AS1	1	ENSG00000186019	
LZTS3	1	ENSG00000088899	
CDH18-AS1	1	ENSG00000249854	
TAP2	1	ENSG00000204267	
TAP1	1	ENSG00000168394	
NCL	1	ENSG00000115053	
IAPP	1	ENSG00000121351	
MALAT1	1	ENSG00000251562	
ENSG00000237761	1	ENSG00000237761	
NKAPD1	1	ENSG00000150776	
KRBA2	1	ENSG00000184619	
ERICH3-AS1	1	ENSG00000234497	
KRBA1	1	ENSG00000133619	
NEUROD1	1	ENSG00000162992	
NEUROD2	1	ENSG00000171532	
NEUROD4	1	ENSG00000123307	
LOC105374988	1	ENSG00000284607	
NEUROD6	1	ENSG00000164600	
NDN	1	ENSG00000182636	
NDP	1	ENSG00000124479	
WDTC1	1	ENSG00000142784	
NEB	1	ENSG00000183091	
NF1	1	ENSG00000196712	
NF2	1	ENSG00000186575	
LZTR1	1	ENSG00000099949	
NES	1	ENSG00000132688	
BNC2	1	ENSG00000173068	
BNC1	1	ENSG00000169594	
PGPEP1	1	ENSG00000130517	
TASL	1	ENSG00000120280	
NAV2-AS6	1	ENSG00000270607	
ENSG00000237720	1	ENSG00000237720	
NAV2-AS5	1	ENSG00000255043	
NAV2-AS4	1	ENSG00000254622	
NAV2-AS3	1	ENSG00000254542	
NAV2-AS2	1	ENSG00000254453	
NAV2-AS1	1	ENSG00000254894	
NGB	1	ENSG00000165553	
VSTM2L	1	ENSG00000132821	
NGF	1	ENSG00000134259	
PATL1	1	ENSG00000166889	
PATL2	1	ENSG00000229474	
VSTM2A	1	ENSG00000170419	
VSTM2B	1	ENSG00000187135	
ENSG00000249713	1	ENSG00000249713	
MIR7515HG	1	ENSG00000236172	
FZR1	1	ENSG00000105325	
LHX2-AS1	1	ENSG00000236668	
CD44-AS1	1	ENSG00000255443	
NHS	1	ENSG00000188158	
PAXIP1-AS2	1	ENSG00000214106	
UGGT2	1	ENSG00000102595	
UGGT1	1	ENSG00000136731	
ARMCX5-GPRASP2	2	ENSG00000271147:ENSG00000286237	
EGFLAM-AS4	1	ENSG00000248730	
EGFLAM-AS3	1	ENSG00000249071	
EGFLAM-AS2	1	ENSG00000248572	
EGFLAM-AS1	1	ENSG00000249491	
MND1	1	ENSG00000121211	
NIN	1	ENSG00000100503	
MNDA	1	ENSG00000163563	
METAP1	1	ENSG00000164024	
METAP2	1	ENSG00000111142	
CCDC13-AS2	1	ENSG00000225611	
CCDC13-AS1	1	ENSG00000173811	
RBM26-AS1	1	ENSG00000227354	
HABP4	1	ENSG00000130956	
UBAP2L	1	ENSG00000143569	
HABP2	1	ENSG00000148702	
C21orf91-OT1	1	ENSG00000240770	
PIMREG	1	ENSG00000129195	
COL8A2	1	ENSG00000171812	
IGKV4-1	1	ENSG00000211598	
COL8A1	1	ENSG00000144810	
NR4A1AS	1	ENSG00000259884	
DUXAP8	1	ENSG00000206195	
ARHGAP26-IT1	1	ENSG00000230789	
MTARC2	1	ENSG00000117791	
MTARC1	1	ENSG00000186205	
NLK	1	ENSG00000087095	
NLN	1	ENSG00000123213	
OTOA	1	ENSG00000155719	
OTOG	1	ENSG00000188162	
OTOF	1	ENSG00000115155	
PATZ1	1	ENSG00000100105	
SNHG1	1	ENSG00000255717	
NMB	1	ENSG00000197696	
DTNA	1	ENSG00000134769	
DTNB	1	ENSG00000138101	
IGHVII-53-1	1	ENSG00000253714	
SNHG8	1	ENSG00000269893	
KTI12	1	ENSG00000198841	
SNHG9	1	ENSG00000255198	
SNHG6	1	ENSG00000245910	
NMI	1	ENSG00000123609	
SNHG7	1	ENSG00000233016	
ENSG00000237707	1	ENSG00000237707	
SNHG4	1	ENSG00000281398	
SNHG5	1	ENSG00000203875	
SNHG3	1	ENSG00000242125	
KCND3-IT1	1	ENSG00000232558	
NMS	1	ENSG00000204640	
NMU	1	ENSG00000109255	
TMEM11-DT	1	ENSG00000235530	
TAGAP-AS1	1	ENSG00000271913	
IGKV1D-8	1	ENSG00000239819	
UBAP1L	1	ENSG00000246922	
FHIP1A-DT	1	ENSG00000251611	
PRPF19	1	ENSG00000110107	
FMR1NB	1	ENSG00000176988	
RPTOR	1	ENSG00000141564	
NNT	1	ENSG00000112992	
CPEB1-AS1	1	ENSG00000259462	
NOG	1	ENSG00000183691	
KREMEN1	1	ENSG00000183762	
AMPD1	1	ENSG00000116748	
AMPD2	1	ENSG00000116337	
KREMEN2	1	ENSG00000131650	
AMPD3	1	ENSG00000133805	
OTOS	1	ENSG00000178602	
MIOS-DT	1	ENSG00000272894	
OTOR	1	ENSG00000125879	
PRPF18	1	ENSG00000165630	
NPB	1	ENSG00000183979	
CXCR5	1	ENSG00000160683	
CXCR4	1	ENSG00000121966	
NPL	1	ENSG00000135838	
CXCR6	1	ENSG00000172215	
NPS	1	ENSG00000214285	
CXCR1	1	ENSG00000163464	
NPW	1	ENSG00000183971	
NPY	1	ENSG00000122585	
CXCR3	1	ENSG00000186810	
CXCR2	1	ENSG00000180871	
MYCL-AS1	1	ENSG00000236546	
FAF1-AS1	1	ENSG00000225767	
MAGI1-IT1	1	ENSG00000272610	
SYT15-AS1	1	ENSG00000231187	
ZDHHC11B	1	ENSG00000206077	
PRPF39	1	ENSG00000185246	
PRPF31	1	ENSG00000105618	
TMCC1-DT	1	ENSG00000271270	
NEUROG1	1	ENSG00000181965	
NEUROG2	1	ENSG00000178403	
NEUROG3	1	ENSG00000122859	
TRBV4-1	1	ENSG00000211710	
TRBV4-2	1	ENSG00000211745	
NRK	1	ENSG00000123572	
NRM	1	ENSG00000137404	
TTTY4	1	ENSG00000226906	
NRL	1	ENSG00000129535	
TTTY3	1	ENSG00000231141	
TTTY2	1	ENSG00000212855	
TTTY1	1	ENSG00000129845	
CYP51A1-AS1	1	ENSG00000188693	
TTTY8	1	ENSG00000183385	
TTTY7	1	ENSG00000147753	
TTTY6	1	ENSG00000131538	
TTTY5	1	ENSG00000215560	
DLG5-AS1	1	ENSG00000233871	
NSF	1	ENSG00000073969	
SPNS3	1	ENSG00000182557	
SPNS2	1	ENSG00000183018	
WRNIP1	1	ENSG00000124535	
TRNT1	1	ENSG00000072756	
SPNS1	1	ENSG00000169682	
RAI14	1	ENSG00000039560	
NTM	1	ENSG00000182667	
LZTS1-AS1	1	ENSG00000253733	
LTBP4	1	ENSG00000090006	
DTX1	1	ENSG00000135144	
DTX2	1	ENSG00000091073	
LTBP2	1	ENSG00000119681	
LTBP3	1	ENSG00000168056	
DTX3	1	ENSG00000178498	
DTX4	1	ENSG00000110042	
NTS	1	ENSG00000133636	
LTBP1	1	ENSG00000049323	
OTX2	1	ENSG00000165588	
OTX1	1	ENSG00000115507	
OSGEPL1-AS1	1	ENSG00000253559	
TBCD	1	ENSG00000141556	
TBCC	1	ENSG00000124659	
TBCB	1	ENSG00000105254	
TBCA	1	ENSG00000171530	
MIR124-1HG	1	ENSG00000253230	
TBCK	1	ENSG00000145348	
TBCE	1	ENSG00000284770	
DOCK6	1	ENSG00000130158	
ENSG00000286685	1	ENSG00000286685	
CXCL6	1	ENSG00000124875	
DOCK5	1	ENSG00000147459	
DOCK4	1	ENSG00000128512	
CXCL9	1	ENSG00000138755	
EMSY-DT	1	ENSG00000255135	
ENSG00000286683	1	ENSG00000286683	
DOCK3	1	ENSG00000088538	
CXCL8	1	ENSG00000169429	
SPO11	1	ENSG00000054796	
DOCK9	1	ENSG00000088387	
NVL	1	ENSG00000143748	
DOCK8	1	ENSG00000107099	
DOCK7	1	ENSG00000116641	
LMOD1	1	ENSG00000163431	
FOXP4-AS1	1	ENSG00000234753	
CXCL1	1	ENSG00000163739	
CXCL3	1	ENSG00000163734	
CXCL2	1	ENSG00000081041	
LMOD3	1	ENSG00000163380	
CXCL5	1	ENSG00000163735	
LMOD2	1	ENSG00000170807	
SENP6	1	ENSG00000112701	
SENP7	1	ENSG00000138468	
SENP5	1	ENSG00000119231	
SENP8	1	ENSG00000166192	
FLOT1	1	ENSG00000137312	
FLOT2	1	ENSG00000132589	
VHLL	1	ENSG00000189030	
MRGPRX4	1	ENSG00000179817	
GLIDR	1	ENSG00000278175	
RUBCN	1	ENSG00000145016	
MRGPRX3	1	ENSG00000179826	
MRGPRX2	1	ENSG00000183695	
MRGPRX1	1	ENSG00000170255	
SENP2	1	ENSG00000163904	
SENP3	1	ENSG00000161956	
SENP1	1	ENSG00000079387	
TRNP1	1	ENSG00000253368	
MNS1	1	ENSG00000138587	
DOCK2	1	ENSG00000134516	
DOCK1	1	ENSG00000150760	
GCOM1	1	ENSG00000137878	
PRKAR2B-AS1	1	ENSG00000243193	
NXN	1	ENSG00000167693	
ENSG00000260071	1	ENSG00000260071	
LTC4S	1	ENSG00000213316	
CDIPT	1	ENSG00000103502	
ENSG00000260063	1	ENSG00000260063	
NYX	1	ENSG00000188937	
ENSG00000286679	1	ENSG00000286679	
ENSG00000286884	1	ENSG00000286884	
LINC01871	1	ENSG00000235576	
SLC4A1AP	1	ENSG00000163798	
LINC01870	1	ENSG00000223826	
ENSG00000235293	1	ENSG00000235293	
ENSG00000260257	1	ENSG00000260257	
ANXA2R-OT1	1	ENSG00000177738	
TBK1	1	ENSG00000183735	
SYNGAP1	1	ENSG00000197283	
LINC01866	1	ENSG00000237670	
LINC01865	1	ENSG00000233684	
LINC01868	1	ENSG00000234169	
LINC01867	1	ENSG00000225444	
LINC01861	1	ENSG00000251183	
MNX1	1	ENSG00000130675	
LINC01864	1	ENSG00000267522	
LINC01863	1	ENSG00000253959	
ENSG00000259269	1	ENSG00000259269	
ENSG00000286894	1	ENSG00000286894	
KCNQ5-DT	1	ENSG00000285844	
PHKA1	1	ENSG00000067177	
PHKA2	1	ENSG00000044446	
ENSG00000286896	1	ENSG00000286896	
SEPTIN14P23	1	ENSG00000228786	
LINC01859	1	ENSG00000261558	
LINC01858	1	ENSG00000261615	
C4B-AS1	1	ENSG00000229776	
LINC01855	1	ENSG00000267517	
LINC01854	1	ENSG00000204460	
LINC01857	1	ENSG00000224137	
LINC01856	1	ENSG00000237574	
LINC01851	1	ENSG00000233605	
LINC01850	1	ENSG00000227708	
LINC01853	1	ENSG00000224028	
LINC01852	1	ENSG00000236914	
LINC01891	1	ENSG00000231682	
LINC01890	1	ENSG00000228329	
LINC01893	1	ENSG00000264260	
LINC01892	1	ENSG00000265514	
DOCK9-AS1	1	ENSG00000229918	
SHANK2-AS1	1	ENSG00000226627	
ENSG00000260279	1	ENSG00000260279	
SHANK2-AS2	1	ENSG00000236262	
SHANK2-AS3	1	ENSG00000171671	
OR51C1P	1	ENSG00000197674	
LINC01888	1	ENSG00000237576	
LINC01887	1	ENSG00000266604	
C14orf93	1	ENSG00000100802	
LINC01889	1	ENSG00000235491	
LINC01884	1	ENSG00000233587	
LINC01883	1	ENSG00000235009	
LINC01886	1	ENSG00000224568	
LINC01885	1	ENSG00000237880	
LINC01880	1	ENSG00000232002	
SYNM-AS2	1	ENSG00000261054	
SDR42E1	1	ENSG00000184860	
LINC01882	1	ENSG00000260302	
ENSG00000286871	1	ENSG00000286871	
SDR42E2	1	ENSG00000183921	
IL31RA	1	ENSG00000164509	
NR2F1	1	ENSG00000175745	
NR2F2	1	ENSG00000185551	
AIF1L	1	ENSG00000126878	
NR2F6	1	ENSG00000160113	
PNN-AS1	1	ENSG00000259083	
SYNM-AS1	1	ENSG00000259475	
TBL3	1	ENSG00000183751	
TBL2	1	ENSG00000106638	
LINC01877	1	ENSG00000238217	
LINC01876	1	ENSG00000226383	
LINC01879	1	ENSG00000276397	
LINC01878	1	ENSG00000234308	
LINC01873	1	ENSG00000232164	
LINC01872	1	ENSG00000268318	
LINC01875	1	ENSG00000225942	
LINC01874	1	ENSG00000223985	
DUBR	1	ENSG00000243701	
ENSG00000286847	1	ENSG00000286847	
LINC01829	1	ENSG00000236780	
LINC01826	1	ENSG00000232740	
LINC01825	1	ENSG00000223466	
LINC01828	1	ENSG00000235885	
LINC01827	1	ENSG00000234919	
LINC01822	1	ENSG00000229621	
LINC01821	1	ENSG00000225539	
LINC01824	1	ENSG00000226488	
LINC01823	1	ENSG00000224655	
LINC01820	1	ENSG00000228100	
SIGLEC10-AS1	1	ENSG00000255441	
SIGLEC10-AS2	1	ENSG00000254760	
RAB3IL1	1	ENSG00000167994	
LOC105376805	1	ENSG00000238142	
LINC01819	1	ENSG00000231826	
LINC01818	1	ENSG00000230645	
LINC01815	1	ENSG00000235519	
OAF	1	ENSG00000184232	
LINC01814	1	ENSG00000236008	
LINC01817	1	ENSG00000231420	
LINC01816	1	ENSG00000231327	
LINC01811	1	ENSG00000226320	
LINC01810	1	ENSG00000237266	
LINC01813	1	ENSG00000229805	
ENSG00000259219	1	ENSG00000259219	
L2HGDH	1	ENSG00000087299	
LINC01812	1	ENSG00000237013	
ERGIC3	1	ENSG00000125991	
PDE7B-AS1	1	ENSG00000237596	
ERGIC2	1	ENSG00000087502	
ERGIC1	1	ENSG00000113719	
OAT	1	ENSG00000065154	
ENSG00000286821	1	ENSG00000286821	
ENSG00000286822	1	ENSG00000286822	
ENSG00000286820	1	ENSG00000286820	
NEURL1B	1	ENSG00000214357	
LINC01848	1	ENSG00000254106	
LINC01847	1	ENSG00000253311	
LINC01849	1	ENSG00000234988	
LINC01844	1	ENSG00000236714	
LINC01843	1	ENSG00000251169	
LINC01846	1	ENSG00000248901	
LINC01845	1	ENSG00000253298	
IL12RB1	1	ENSG00000096996	
LINC01840	1	ENSG00000230215	
LINC01842	1	ENSG00000267147	
IL12RB2	1	ENSG00000081985	
LINC01841	1	ENSG00000266913	
ENSG00000262884	1	ENSG00000262884	
DAB2IP	1	ENSG00000136848	
COL3A1	1	ENSG00000168542	
USP27X-DT	1	ENSG00000234390	
LINC01837	1	ENSG00000267489	
LINC01836	1	ENSG00000267530	
LINC01839	1	ENSG00000227509	
ENSG00000286827	1	ENSG00000286827	
LINC01838	1	ENSG00000269037	
OCM	1	ENSG00000122543	
LINC01833	1	ENSG00000259439	
ERVV-2	1	ENSG00000268964	
LINC01832	1	ENSG00000224231	
LINC01834	1	ENSG00000261316	
ERVV-1	1	ENSG00000269526	
LINC01831	1	ENSG00000225765	
CDKN3	1	ENSG00000100526	
LINC01830	2	ENSG00000234207:ENSG00000228999	
TAF1A-AS1	1	ENSG00000225265	
EXOC3L1	1	ENSG00000179044	
EXOC3L2	1	ENSG00000283632	
EXOC3L4	1	ENSG00000205436	
ENSG00000262833	1	ENSG00000262833	
MFSD13A	1	ENSG00000138111	
IBSP	1	ENSG00000029559	
PSKH2	1	ENSG00000147613	
ENSG00000237870	1	ENSG00000237870	
PSKH1	1	ENSG00000159792	
CDKL2	1	ENSG00000138769	
CDKL3	1	ENSG00000006837	
CDKL4	1	ENSG00000205111	
CDKL5	1	ENSG00000008086	
OR14C36	1	ENSG00000177174	
TBR1	1	ENSG00000136535	
POLRMT	1	ENSG00000099821	
TC2N	1	ENSG00000165929	
BCL10-AS1	1	ENSG00000223653	
CDKL1	1	ENSG00000100490	
INO80C	1	ENSG00000153391	
INO80B	1	ENSG00000115274	
KHDRBS1	1	ENSG00000121774	
KHDRBS2	1	ENSG00000112232	
INO80E	1	ENSG00000169592	
ENSG00000259200	1	ENSG00000259200	
INO80D	1	ENSG00000114933	
TXNDC9	1	ENSG00000115514	
KHDRBS3	1	ENSG00000131773	
PFN2-AS1	1	ENSG00000242791	
MOBP	1	ENSG00000168314	
TNS1-AS1	1	ENSG00000223923	
TXNDC2	1	ENSG00000168454	
TXNDC8	1	ENSG00000204193	
TXNDC5	1	ENSG00000239264	
ENSG00000259203	1	ENSG00000259203	
BOD1	1	ENSG00000145919	
FOXD1-AS1	1	ENSG00000247993	
OGA	1	ENSG00000198408	
TMEM51-AS2	1	ENSG00000204464	
ENSG00000247228	1	ENSG00000247228	
TMPRSS12	1	ENSG00000186452	
TMPRSS13	1	ENSG00000137747	
TMPRSS15	1	ENSG00000154646	
MOB4	1	ENSG00000115540	
IBTK	1	ENSG00000005700	
MOB2	1	ENSG00000182208	
OGN	1	ENSG00000106809	
TMEM51-AS1	1	ENSG00000175147	
CNTROB	1	ENSG00000170037	
SP140L	1	ENSG00000185404	
EPHA1-AS1	1	ENSG00000229153	
OGT	1	ENSG00000147162	
ENSG00000249818	1	ENSG00000249818	
PWWP4	1	ENSG00000278803	
ENSG00000250803	1	ENSG00000250803	
C14orf28	1	ENSG00000179476	
SMIM10	1	ENSG00000184785	
SMIM12	1	ENSG00000163866	
SMIM11	1	ENSG00000205670	
SMIM14	1	ENSG00000163683	
SMIM13	1	ENSG00000224531	
SMIM15	1	ENSG00000188725	
ENSG00000237843	1	ENSG00000237843	
SMIM18	1	ENSG00000253457	
SMIM17	1	ENSG00000268182	
SMIM19	1	ENSG00000176209	
TRBV22OR9-2	1	ENSG00000234122	
C14orf39	1	ENSG00000179008	
MMS22L	1	ENSG00000146263	
YAE1-DT	1	ENSG00000227172	
MGC16275	1	ENSG00000246731	
LINC01899	1	ENSG00000265352	
LINC01898	1	ENSG00000261194	
SMIM21	1	ENSG00000206026	
LINC01895	1	ENSG00000259256	
SMIM20	1	ENSG00000250317	
LINC01894	1	ENSG00000264345	
SMIM23	1	ENSG00000185662	
LINC01897	1	ENSG00000267209	
LINC01896	1	ENSG00000263146	
SMIM22	1	ENSG00000267795	
SMIM24	1	ENSG00000095932	
SMIM27	1	ENSG00000235453	
SMIM26	1	ENSG00000232388	
SMIM29	1	ENSG00000186577	
SMIM28	1	ENSG00000262543	
GTPBP10	1	ENSG00000105793	
TBXT	1	ENSG00000164458	
PHKG1	1	ENSG00000164776	
PHKG2	1	ENSG00000156873	
MIR1302-9HG	1	ENSG00000227518	
SMIM30	1	ENSG00000214194	
SMIM32	1	ENSG00000271824	
SMIM31	1	ENSG00000248771	
SMIM34	1	ENSG00000243627	
SMIM33	1	ENSG00000283288	
TBX1	1	ENSG00000184058	
SMIM36	1	ENSG00000261873	
SMIM35	1	ENSG00000255274	
SMIM38	1	ENSG00000284713	
SMIM39	1	ENSG00000284479	
TBX6	1	ENSG00000149922	
TBX5	1	ENSG00000089225	
SF1-DT	1	ENSG00000269038	
TBX4	1	ENSG00000121075	
TBX3	1	ENSG00000135111	
ENSG00000225881	1	ENSG00000225881	
TBX2	1	ENSG00000121068	
MFSD14A	1	ENSG00000156875	
MFSD14B	1	ENSG00000148110	
SUCLA2	1	ENSG00000136143	
ENSG00000225884	1	ENSG00000225884	
TRBV29OR9-2	1	ENSG00000223394	
SMIM41	1	ENSG00000284791	
SMIM40	1	ENSG00000286920	
SMIM43	1	ENSG00000164112	
SMIM42	1	ENSG00000288460	
SMIM45	1	ENSG00000205704	
SMIM44	1	ENSG00000284638	
SMARCB1	1	ENSG00000099956	
HERC5	1	ENSG00000138646	
HERC4	1	ENSG00000148634	
HERC3	1	ENSG00000138641	
C1GALT1C1	1	ENSG00000171155	
HERC2	1	ENSG00000128731	
HERC1	1	ENSG00000103657	
FARSA-AS1	1	ENSG00000266975	
PTGFRN	1	ENSG00000134247	
HERC6	1	ENSG00000138642	
SMARCC1	1	ENSG00000173473	
SMARCC2	1	ENSG00000139613	
OMD	1	ENSG00000127083	
OMG	1	ENSG00000126861	
TALDO1	1	ENSG00000177156	
TRAF3IP2-AS1	1	ENSG00000231889	
MOGS	1	ENSG00000115275	
OMP	1	ENSG00000254550	
SERPINB9P1	1	ENSG00000230438	
RANBP17	1	ENSG00000204764	
SMARCA5	1	ENSG00000153147	
SMARCA1	1	ENSG00000102038	
SMARCA2	1	ENSG00000080503	
SMARCA4	1	ENSG00000127616	
ZUP1	1	ENSG00000153975	
ECHDC1	1	ENSG00000093144	
GNRH2	1	ENSG00000125787	
RANBP10	1	ENSG00000141084	
ECHDC2	1	ENSG00000121310	
GNRH1	1	ENSG00000147437	
NOL10	1	ENSG00000115761	
ECHDC3	1	ENSG00000134463	
NOL11	1	ENSG00000130935	
NOL12	1	ENSG00000273899	
PAK1IP1	1	ENSG00000111845	
ICA1	1	ENSG00000003147	
NUDCD3	1	ENSG00000015676	
BOLL	1	ENSG00000152430	
NUDCD2	1	ENSG00000170584	
ARLNC1	1	ENSG00000260896	
NUDCD1	1	ENSG00000120526	
GNRHR	1	ENSG00000109163	
FRY-AS1	1	ENSG00000237637	
SLC32A1	1	ENSG00000101438	
GBX2-AS1	1	ENSG00000233611	
KIF7	1	ENSG00000166813	
KIF6	1	ENSG00000164627	
DYNLRB2-AS1	1	ENSG00000259867	
DUS2	1	ENSG00000167264	
SLC25A25-AS1	1	ENSG00000234771	
KIF9	1	ENSG00000088727	
DEPDC7	1	ENSG00000121690	
DEPDC1	1	ENSG00000024526	
DEPDC5	1	ENSG00000100150	
EEF1E1	1	ENSG00000124802	
DEPDC4	1	ENSG00000166153	
CERS3-AS1	1	ENSG00000259430	
JAZF1-AS1	1	ENSG00000234336	
HSD17B3	1	ENSG00000130948	
HSD17B4	1	ENSG00000133835	
HSD17B6	1	ENSG00000025423	
HSD17B7	1	ENSG00000132196	
HSD17B8	1	ENSG00000204228	
CYP17A1	1	ENSG00000148795	
RANBP3L	1	ENSG00000164188	
OS9	1	ENSG00000135506	
BAZ1A-AS1	1	ENSG00000258738	
HSD17B1	1	ENSG00000108786	
HSD17B2	1	ENSG00000086696	
PGGT1B	1	ENSG00000164219	
CHRNA10	1	ENSG00000129749	
MON2	1	ENSG00000061987	
RBM33-DT	1	ENSG00000216895	
OSM	1	ENSG00000099985	
PDXP-DT	1	ENSG00000233360	
PICART1	1	ENSG00000246640	
BOP1	1	ENSG00000261236	
NOL4L	1	ENSG00000197183	
SMAD1-AS2	1	ENSG00000250582	
TCEA3	1	ENSG00000204219	
SMAD1-AS1	1	ENSG00000250902	
TCEA2	1	ENSG00000171703	
TCAP	1	ENSG00000173991	
TCEA1	1	ENSG00000187735	
OTC	1	ENSG00000036473	
ENSG00000284188	1	ENSG00000284188	
ICE1	1	ENSG00000164151	
ICE2	1	ENSG00000128915	
LOXL3	1	ENSG00000115318	
LOXL4	1	ENSG00000138131	
OTP	1	ENSG00000171540	
NR3C1	1	ENSG00000113580	
DUX4	1	ENSG00000260596	
LOXL1	1	ENSG00000129038	
LOXL2	1	ENSG00000134013	
NR3C2	1	ENSG00000151623	
EEF1B2	1	ENSG00000114942	
TEKT1	1	ENSG00000167858	
TEKT2	1	ENSG00000092850	
TEKT3	1	ENSG00000125409	
RPP38-DT	1	ENSG00000176236	
TEKT4	1	ENSG00000163060	
DUXA	1	ENSG00000258873	
TEKT5	1	ENSG00000153060	
DUXB	1	ENSG00000282757	
MORC3	1	ENSG00000159256	
MORC4	1	ENSG00000133131	
BORA	1	ENSG00000136122	
CDH3-AS1	1	ENSG00000260577	
EEF1A1	1	ENSG00000156508	
MIR124-2HG	1	ENSG00000254377	
UMLILO	1	ENSG00000228277	
EFCAB10-AS1	1	ENSG00000272604	
EEF1A2	1	ENSG00000101210	
ODF3B	1	ENSG00000177989	
TCF7	1	ENSG00000081059	
LINC01808	1	ENSG00000237992	
LINC01807	1	ENSG00000232023	
ODF2L	1	ENSG00000122417	
SHARPIN	1	ENSG00000179526	
LINC01809	1	ENSG00000232548	
LINC01804	1	ENSG00000231031	
LINC01803	1	ENSG00000228909	
LINC01806	1	ENSG00000227403	
LINC01805	1	ENSG00000223863	
LINC01800	1	ENSG00000234572	
LINC01802	1	ENSG00000225064	
VILL	1	ENSG00000136059	
LINC01801	1	ENSG00000267767	
MORC1	1	ENSG00000114487	
MORC2	1	ENSG00000133422	
QSER1	1	ENSG00000060749	
KRTAP12-1	1	ENSG00000187175	
KRTAP12-3	1	ENSG00000205439	
KRTAP12-2	1	ENSG00000221864	
KRTAP12-4	1	ENSG00000212933	
VIL1	1	ENSG00000127831	
NXF2B	1	ENSG00000269437	
AMOTL2	1	ENSG00000114019	
TCF4	1	ENSG00000196628	
TCF3	1	ENSG00000071564	
AMOTL1	1	ENSG00000166025	
GALK2	1	ENSG00000156958	
GALK1	1	ENSG00000108479	
ENSG00000259188	1	ENSG00000259188	
TCHH	1	ENSG00000159450	
OXT	1	ENSG00000101405	
TCHP	1	ENSG00000139437	
RB1CC1	1	ENSG00000023287	
GDAP1L1	1	ENSG00000124194	
ENSG00000247193	1	ENSG00000247193	
DSCR4-IT1	1	ENSG00000223608	
UST-AS2	1	ENSG00000236591	
UST-AS1	1	ENSG00000227660	
ENSG00000259175	1	ENSG00000259175	
ENSG00000259170	1	ENSG00000259170	
CHI3L2	1	ENSG00000064886	
CHI3L1	1	ENSG00000133048	
RAD51-AS1	1	ENSG00000245849	
ENSG00000286790	1	ENSG00000286790	
KCTD21-AS1	1	ENSG00000246174	
PPP3CB-AS1	1	ENSG00000221817	
ENSG00000286798	1	ENSG00000286798	
GALNS	1	ENSG00000141012	
TCIM	1	ENSG00000176907	
LINC01750	1	ENSG00000231437	
ENSG00000260378	1	ENSG00000260378	
THY1-AS1	1	ENSG00000263873	
LINC01749	1	ENSG00000272259	
LINC01748	1	ENSG00000226476	
LINC01745	1	ENSG00000225919	
RASSF8-AS1	1	ENSG00000246695	
LINC01744	1	ENSG00000236497	
LINC01747	1	ENSG00000230400	
DHRS4L2	1	ENSG00000187630	
LINC01746	1	ENSG00000274469	
LINC01741	1	ENSG00000236720	
LINC01740	1	ENSG00000228067	
LINC01743	1	ENSG00000242042	
LINC01742	1	ENSG00000275852	
KIRREL1-IT1	1	ENSG00000226520	
FNDC3B	1	ENSG00000075420	
ATG10	1	ENSG00000152348	
FNDC3A	1	ENSG00000102531	
ATG14	1	ENSG00000126775	
ATG13	1	ENSG00000175224	
GABRG3	1	ENSG00000182256	
GABRG2	1	ENSG00000113327	
ATG12	1	ENSG00000145782	
GABRG1	1	ENSG00000163285	
LINC01738	1	ENSG00000227947	
LINC01737	1	ENSG00000232964	
LINC01739	1	ENSG00000229537	
LINC01734	1	ENSG00000230324	
ERVW-1	1	ENSG00000242950	
LINC01733	1	ENSG00000226203	
LINC01736	1	ENSG00000228058	
LINC01735	1	ENSG00000261453	
LINC01730	1	ENSG00000275491	
TCL6	1	ENSG00000187621	
LINC01732	1	ENSG00000237292	
OTULINL	1	ENSG00000145569	
LINC01731	1	ENSG00000234283	
ATP6V0D1-DT	1	ENSG00000270049	
LINC01770	1	ENSG00000225285	
LINC01772	1	ENSG00000226029	
PRKRIP1	1	ENSG00000128563	
ENSG00000286988	1	ENSG00000286988	
RNPC3	1	ENSG00000185946	
RBM12B-DT	1	ENSG00000253848	
FLRT2	1	ENSG00000185070	
FLRT3	1	ENSG00000125848	
FLRT1	1	ENSG00000126500	
LINC01767	1	ENSG00000223956	
LINC01766	1	ENSG00000224910	
LINC01768	1	ENSG00000228420	
ICOS	1	ENSG00000163600	
LINC01763	1	ENSG00000225446	
LINC01762	1	ENSG00000233154	
LINC01765	1	ENSG00000233730	
LINC01764	1	ENSG00000267308	
STARD13	1	ENSG00000133121	
LINC01761	1	ENSG00000233907	
ICMT	1	ENSG00000116237	
LINC01760	1	ENSG00000228504	
STARD10	1	ENSG00000214530	
NR1D2	1	ENSG00000174738	
NR1D1	1	ENSG00000126368	
NEXN-AS1	1	ENSG00000235927	
GNPTG	1	ENSG00000090581	
TCN2	1	ENSG00000185339	
TCN1	1	ENSG00000134827	
PAH	1	ENSG00000171759	
ATG2A	1	ENSG00000110046	
FNDC10	1	ENSG00000228594	
LINC01756	1	ENSG00000230523	
FNDC11	1	ENSG00000125531	
LINC01755	1	ENSG00000233079	
LINC01758	1	ENSG00000229639	
IGKV2OR22-3	1	ENSG00000253460	
LINC01757	1	ENSG00000228105	
IGKV2OR22-4	1	ENSG00000253691	
FARSA	1	ENSG00000179115	
LINC01752	1	ENSG00000224961	
PAM	1	ENSG00000145730	
LINC01751	1	ENSG00000261249	
LINC01754	1	ENSG00000224565	
NLGN4Y-AS1	1	ENSG00000228787	
ATG2B	1	ENSG00000066739	
FARSB	1	ENSG00000116120	
LINC01753	1	ENSG00000230250	
GABRB3	1	ENSG00000166206	
GABRB2	1	ENSG00000145864	
GABRB1	1	ENSG00000163288	
ENSG00000262999	1	ENSG00000262999	
ENSG00000286967	1	ENSG00000286967	
VSIG10	1	ENSG00000176834	
FARS2	1	ENSG00000145982	
LINC01709	1	ENSG00000226715	
LINC01708	1	ENSG00000224445	
AIFM3	1	ENSG00000183773	
AIFM1	1	ENSG00000156709	
LINC01705	1	ENSG00000232679	
AIFM2	1	ENSG00000042286	
LINC01704	1	ENSG00000231666	
LINC01707	1	ENSG00000223883	
LINC01706	1	ENSG00000224711	
PBK	1	ENSG00000168078	
LINC01701	1	ENSG00000232212	
COL10A1	1	ENSG00000123500	
LINC01700	1	ENSG00000232837	
LINC01703	1	ENSG00000225518	
LINC01702	1	ENSG00000235200	
UBL7-DT	1	ENSG00000247240	
SGMS1-AS1	1	ENSG00000226200	
HADHB	1	ENSG00000138029	
HADHA	1	ENSG00000084754	
COL2A1	1	ENSG00000139219	
HEATR5A	1	ENSG00000129493	
HEATR5B	1	ENSG00000008869	
LUADT1	1	ENSG00000196634	
TCP1	1	ENSG00000120438	
ENSG00000259362	1	ENSG00000259362	
NR1I3	1	ENSG00000143257	
NR1I2	1	ENSG00000144852	
PDC	1	ENSG00000116703	
DHRSX	1	ENSG00000169084	
PDF	1	ENSG00000258429	
GPC5-AS2	1	ENSG00000232885	
LINC01727	1	ENSG00000279082	
ENSG00000286939	1	ENSG00000286939	
LINC01726	1	ENSG00000280350	
LINC01729	1	ENSG00000225640	
LINC01728	1	ENSG00000233277	
GPC5-AS1	1	ENSG00000235984	
LINC01723	1	ENSG00000234265	
LINC01722	1	ENSG00000233048	
LINC01725	1	ENSG00000233008	
LINC01724	1	ENSG00000227421	
LINC01721	1	ENSG00000230133	
LINC01720	1	ENSG00000231175	
FARP2	1	ENSG00000006607	
GABRA2	1	ENSG00000151834	
GABRA1	1	ENSG00000022355	
FARP1	1	ENSG00000152767	
ENSG00000259351	1	ENSG00000259351	
GABRA6	1	ENSG00000145863	
GABRA5	1	ENSG00000186297	
GABRA4	1	ENSG00000109158	
NR1H2	1	ENSG00000131408	
GABRA3	1	ENSG00000011677	
NR1H4	1	ENSG00000012504	
NR1H3	1	ENSG00000025434	
ENSG00000286958	1	ENSG00000286958	
DHRS1	1	ENSG00000157379	
DHRS2	1	ENSG00000100867	
DHRS3	1	ENSG00000162496	
DHRS4	1	ENSG00000157326	
LINC01719	1	ENSG00000233396	
DHRS7	1	ENSG00000100612	
DHRS9	1	ENSG00000073737	
LINC01716	1	ENSG00000225657	
LINC01718	1	ENSG00000229606	
LINC01717	1	ENSG00000232812	
LINC01712	1	ENSG00000231364	
LINC01711	1	ENSG00000268941	
LINC01714	1	ENSG00000227634	
LINC01713	1	ENSG00000228482	
LINC01710	1	ENSG00000225561	
PF4	1	ENSG00000163737	
ENSG00000286923	1	ENSG00000286923	
CYSLTR1	1	ENSG00000173198	
CYSLTR2	1	ENSG00000152207	
ENSG00000286917	1	ENSG00000286917	
MPC1	1	ENSG00000060762	
MPC2	1	ENSG00000143158	
MB21D2	1	ENSG00000180611	
PGD	1	ENSG00000142657	
PGC	1	ENSG00000096088	
MIR100HG	1	ENSG00000255248	
PGF	1	ENSG00000119630	
ENSG00000286929	1	ENSG00000286929	
PGP	1	ENSG00000184207	
PGR	1	ENSG00000082175	
STAMBP	1	ENSG00000124356	
TCTA	1	ENSG00000145022	
KRBOX1-AS1	1	ENSG00000206552	
DPYD-IT1	1	ENSG00000232542	
ENSG00000260316	1	ENSG00000260316	
DVL1	1	ENSG00000107404	
DVL2	1	ENSG00000004975	
DVL3	1	ENSG00000161202	
PI3	1	ENSG00000124102	
MPDZ	1	ENSG00000107186	
ENSG00000262966	1	ENSG00000262966	
CTC-338M12.4	1	ENSG00000233937	
RUVBL1-AS1	1	ENSG00000239608	
PIP	1	ENSG00000159763	
PIR	1	ENSG00000087842	
RSL24D1	1	ENSG00000137876	
LINC01792	1	ENSG00000237166	
TWSG1-DT	1	ENSG00000264964	
LINC01791	1	ENSG00000267777	
LINC01794	1	ENSG00000233128	
LINC01793	1	ENSG00000222030	
LINC01790	1	ENSG00000230173	
TCIRG1	1	ENSG00000110719	
ADAMTS4	1	ENSG00000158859	
ADAMTS5	1	ENSG00000154736	
ADAMTS2	1	ENSG00000087116	
ADAMTS3	1	ENSG00000156140	
ADAMTS1	1	ENSG00000154734	
RNPEP	1	ENSG00000176393	
NPIPA3	1	ENSG00000224712	
LINC01789	1	ENSG00000229457	
LINC01788	1	ENSG00000229051	
NPIPA2	1	ENSG00000254852	
NPIPA1	1	ENSG00000183426	
HMGCS2	1	ENSG00000134240	
ADAMTS8	1	ENSG00000134917	
NPIPA7	1	ENSG00000214967	
DDX19A-DT	1	ENSG00000261777	
LINC01785	1	ENSG00000268038	
ADAMTS9	1	ENSG00000163638	
LINC01784	1	ENSG00000228338	
ADAMTS6	1	ENSG00000049192	
NPIPA5	1	ENSG00000183793	
LINC01787	1	ENSG00000231987	
ADAMTS7	1	ENSG00000136378	
LINC01786	1	ENSG00000230415	
TRPC7	1	ENSG00000069018	
LINC01781	1	ENSG00000234184	
LINC01780	1	ENSG00000232650	
TRPC5	1	ENSG00000072315	
LINC01783	1	ENSG00000233421	
TRPC6	1	ENSG00000137672	
LINC01782	1	ENSG00000267204	
HMGCS1	1	ENSG00000112972	
TRPC3	1	ENSG00000138741	
TRPC4	1	ENSG00000133107	
TRPC1	1	ENSG00000144935	
BPGM	1	ENSG00000172331	
PKM	1	ENSG00000067225	
POLR1A	1	ENSG00000068654	
POLR1B	1	ENSG00000125630	
POLR1C	1	ENSG00000171453	
NOS1AP	1	ENSG00000198929	
POLR1D	1	ENSG00000186184	
LINC01778	1	ENSG00000223382	
POLR1E	1	ENSG00000137054	
LINC01777	1	ENSG00000235054	
POLR1F	1	ENSG00000105849	
POLR1G	1	ENSG00000117877	
LINC01779	1	ENSG00000235933	
POLR1H	1	ENSG00000066379	
LINC01774	1	ENSG00000236950	
LINC01776	1	ENSG00000226053	
LINC01775	1	ENSG00000267201	
NUFIP1	1	ENSG00000083635	
NPIPB9	1	ENSG00000196993	
NUFIP2	1	ENSG00000108256	
PLG	1	ENSG00000122194	
BPHL	1	ENSG00000137274	
PLN	1	ENSG00000198523	
POLR2A	1	ENSG00000181222	
POLR2B	1	ENSG00000047315	
POLR2C	1	ENSG00000102978	
POLR2D	1	ENSG00000144231	
ENSG00000250954	1	ENSG00000250954	
POLR2E	1	ENSG00000099817	
POLR2F	1	ENSG00000100142	
POLR2G	1	ENSG00000168002	
POLR2H	1	ENSG00000163882	
POLR2I	1	ENSG00000105258	
POLR2J	1	ENSG00000005075	
POLR2K	1	ENSG00000147669	
POLR2L	1	ENSG00000177700	
POLR2M	1	ENSG00000255529	
NPIPA9	2	ENSG00000183889:ENSG00000233024	
NPIPA8	1	ENSG00000214940	
TRPA1	1	ENSG00000104321	
ENSG00000237987	1	ENSG00000237987	
PPP1R14B-AS1	1	ENSG00000256940	
PML	1	ENSG00000140464	
POLR3A	1	ENSG00000148606	
POLR3B	1	ENSG00000013503	
POLR3C	1	ENSG00000186141	
POLR3D	1	ENSG00000168495	
POLR3E	1	ENSG00000058600	
POLR3F	1	ENSG00000132664	
NPIPB4	1	ENSG00000185864	
POLR3G	1	ENSG00000113356	
NPIPB3	1	ENSG00000169246	
LINC01799	1	ENSG00000230525	
POLR3H	1	ENSG00000100413	
NPIPB2	1	ENSG00000234719	
NPIPB8	1	ENSG00000255524	
LINC01796	1	ENSG00000277527	
POLR3K	1	ENSG00000161980	
LINC01795	1	ENSG00000225226	
NPIPB7	1	ENSG00000233232	
NPIPB6	1	ENSG00000198156	
LINC01798	1	ENSG00000232046	
LINC01797	1	ENSG00000237179	
NPIPB5	1	ENSG00000243716	
SMIM47	1	ENSG00000261341	
KLHDC7A	1	ENSG00000179023	
KLHDC7B	1	ENSG00000130487	
PNN	1	ENSG00000100941	
PNP	1	ENSG00000198805	
PYDC2-AS1	1	ENSG00000223812	
POR	1	ENSG00000127948	
ZW10	1	ENSG00000086827	
SUCLG2	1	ENSG00000172340	
SUCLG1	1	ENSG00000163541	
NOL4L-DT	1	ENSG00000204393	
KRTAP10-10	1	ENSG00000221859	
KRTAP10-11	1	ENSG00000243489	
KRTAP10-12	1	ENSG00000189169	
PPL	1	ENSG00000118898	
TRPM1	1	ENSG00000134160	
TRPM2	1	ENSG00000142185	
PPY	1	ENSG00000108849	
TRPM7	1	ENSG00000092439	
TRPM8	1	ENSG00000144481	
TRPM5	1	ENSG00000070985	
TRPM6	1	ENSG00000119121	
TRPM3	1	ENSG00000083067	
TRPM4	1	ENSG00000130529	
KLHDC8B	1	ENSG00000185909	
KLHDC8A	1	ENSG00000162873	
FNDC1-IT1	1	ENSG00000235086	
RNPS1	1	ENSG00000205937	
PRL	1	ENSG00000172179	
SPPL3	1	ENSG00000157837	
GABRR3	1	ENSG00000183185	
GABRR2	1	ENSG00000111886	
GABRR1	1	ENSG00000146276	
XPO1	1	ENSG00000082898	
XPO4	1	ENSG00000132953	
XPO6	1	ENSG00000169180	
PRY	1	ENSG00000169789	
PRX	1	ENSG00000105227	
XPO5	1	ENSG00000124571	
PSD	1	ENSG00000059915	
NUP153-AS1	1	ENSG00000272269	
MPND	1	ENSG00000008382	
PTGER4	1	ENSG00000171522	
C1QB	1	ENSG00000173369	
C1QA	1	ENSG00000173372	
PTH	1	ENSG00000152266	
PTGER1	1	ENSG00000160951	
PTGER2	1	ENSG00000125384	
PTGER3	1	ENSG00000050628	
ENSG00000213963	1	ENSG00000213963	
PTN	1	ENSG00000105894	
PTS	1	ENSG00000150787	
KRT7-AS	1	ENSG00000257671	
MIR200CHG	1	ENSG00000257084	
ZMYM4-AS1	1	ENSG00000227409	
EIF5-DT	1	ENSG00000259775	
MPP1	1	ENSG00000130830	
MPP2	1	ENSG00000108852	
MPP3	1	ENSG00000161647	
MPP4	1	ENSG00000082126	
SLC31A2	1	ENSG00000136867	
SLC31A1	1	ENSG00000136868	
PTGES2	1	ENSG00000148334	
PTGES3	1	ENSG00000110958	
XPO7	1	ENSG00000130227	
PKDREJ	1	ENSG00000130943	
MPP7	1	ENSG00000150054	
KBTBD3	1	ENSG00000182359	
KBTBD4	1	ENSG00000123444	
KBTBD6	1	ENSG00000165572	
XPOT	1	ENSG00000184575	
KBTBD2	1	ENSG00000170852	
KBTBD7	1	ENSG00000120696	
KBTBD8	1	ENSG00000163376	
C1QC	1	ENSG00000159189	
ENSG00000225929	1	ENSG00000225929	
RIPOR3	1	ENSG00000042062	
RIPOR2	1	ENSG00000111913	
RIPOR1	1	ENSG00000039523	
HDAC4-AS1	1	ENSG00000222020	
PVR	1	ENSG00000073008	
BACE1-AS	1	ENSG00000278768	
C1RL	1	ENSG00000139178	
HTR5A-AS1	1	ENSG00000220575	
RAI14-DT	1	ENSG00000271874	
XPR1	1	ENSG00000143324	
IDI1	1	ENSG00000067064	
PXK	1	ENSG00000168297	
IDI2	1	ENSG00000148377	
PXN	1	ENSG00000089159	
KLHDC10	1	ENSG00000128607	
BPTF	1	ENSG00000171634	
MPST	1	ENSG00000128309	
IDH1	1	ENSG00000138413	
IDH2	1	ENSG00000182054	
ENSG00000284294	1	ENSG00000284294	
TRPV2	1	ENSG00000187688	
IL21R-AS1	1	ENSG00000259954	
OR2W1-AS1	1	ENSG00000277661	
SREK1IP1	1	ENSG00000153006	
TRPV3	1	ENSG00000167723	
TRPV1	1	ENSG00000196689	
DGAT2L6	1	ENSG00000184210	
PYY	1	ENSG00000131096	
TRPV6	1	ENSG00000165125	
TRPV4	1	ENSG00000111199	
TRPV5	1	ENSG00000127412	
LMO7-AS1	1	ENSG00000261105	
PZP	1	ENSG00000126838	
NR2E1	1	ENSG00000112333	
NR2E3	1	ENSG00000278570	
TRPS1	1	ENSG00000104447	
KRTAP11-1	1	ENSG00000182591	
TRPT1	1	ENSG00000149743	
ENSG00000260288	1	ENSG00000260288	
PFDN1	1	ENSG00000113068	
PFDN2	1	ENSG00000143256	
CD300LD-AS1	1	ENSG00000182352	
PFDN4	1	ENSG00000101132	
PFDN5	1	ENSG00000123349	
PFDN6	1	ENSG00000204220	
ATF6B	1	ENSG00000213676	
NR2C2	1	ENSG00000177463	
NR2C1	1	ENSG00000120798	
MCRIP2	1	ENSG00000172366	
MCRIP1	1	ENSG00000225663	
BPY2	1	ENSG00000183753	
RAMAC	1	ENSG00000169612	
EHMT2	1	ENSG00000204371	
CLDN14-AS1	1	ENSG00000233818	
TMEM94	1	ENSG00000177728	
TRBV8-1	1	ENSG00000243889	
EHMT1	1	ENSG00000181090	
TMEM95	1	ENSG00000182896	
TRBV8-2	1	ENSG00000239944	
TMEM97	1	ENSG00000109084	
TMEM91	1	ENSG00000142046	
TMEM92	1	ENSG00000167105	
PSMD8	1	ENSG00000099341	
PSMD9	1	ENSG00000110801	
RABGEF1	1	ENSG00000154710	
PSMD6	1	ENSG00000163636	
PSMD7	1	ENSG00000103035	
DYM-AS1	1	ENSG00000264269	
TDO2	1	ENSG00000151790	
PSMD4	1	ENSG00000159352	
PSMD5	1	ENSG00000095261	
TMEM88	1	ENSG00000167874	
PSMD2	1	ENSG00000175166	
TMEM89	1	ENSG00000183396	
PSMD3	1	ENSG00000108344	
PSMD1	1	ENSG00000173692	
TMEM8B	1	ENSG00000137103	
TMEM80	1	ENSG00000177042	
TMEM81	1	ENSG00000174529	
TMEM82	1	ENSG00000162460	
RUFY1	1	ENSG00000176783	
MOSMO	1	ENSG00000185716	
RUFY4	1	ENSG00000188282	
RUFY3	1	ENSG00000018189	
PSME3	1	ENSG00000131467	
TMEM78	1	ENSG00000177800	
PSME4	1	ENSG00000068878	
TMEM79	1	ENSG00000163472	
RUFY2	1	ENSG00000204130	
PSME1	1	ENSG00000092010	
PSME2	1	ENSG00000100911	
IDNK	1	ENSG00000148057	
IDO2	1	ENSG00000188676	
IDO1	1	ENSG00000131203	
TTYH3	1	ENSG00000136295	
TTYH2	1	ENSG00000141540	
TTYH1	1	ENSG00000167614	
AGAP2	1	ENSG00000135439	
CLCNKB	1	ENSG00000184908	
AGAP1	1	ENSG00000157985	
CLCNKA	1	ENSG00000186510	
AGAP4	1	ENSG00000188234	
SLC1A2-AS2	1	ENSG00000255542	
AGAP3	1	ENSG00000133612	
SLC1A2-AS1	1	ENSG00000255004	
HESX1	1	ENSG00000163666	
PSMF1	1	ENSG00000125818	
PUSL1	1	ENSG00000169972	
RBM38-AS1	1	ENSG00000218018	
HAGLR	1	ENSG00000224189	
ABTB2	1	ENSG00000166016	
ABTB1	1	ENSG00000114626	
TMEM98	1	ENSG00000006042	
TDP2	1	ENSG00000111802	
TDP1	1	ENSG00000042088	
ABTB3	1	ENSG00000151136	
HIF1A-AS1	1	ENSG00000258777	
PSMG3	1	ENSG00000157778	
PSMG4	1	ENSG00000180822	
HIF1A-AS3	1	ENSG00000258667	
PSMG1	1	ENSG00000183527	
PSMG2	1	ENSG00000128789	
TMEM9B	1	ENSG00000175348	
WFIKKN1	1	ENSG00000127578	
ODF3L2	1	ENSG00000181781	
WFIKKN2	1	ENSG00000173714	
EFCAB3	1	ENSG00000172421	
TMEM51	1	ENSG00000171729	
TDRP	1	ENSG00000180190	
EFCAB5	1	ENSG00000176927	
TMEM52	1	ENSG00000178821	
ODF3L1	1	ENSG00000182950	
TMEM53	1	ENSG00000126106	
EFCAB6	1	ENSG00000186976	
RCSD1	1	ENSG00000198771	
EFCAB7	1	ENSG00000203965	
EFCAB8	1	ENSG00000215529	
EFCAB9	1	ENSG00000214360	
TMEM47	1	ENSG00000147027	
TRMT112	1	ENSG00000173113	
TMEM43	1	ENSG00000170876	
TMEM44	1	ENSG00000145014	
FASTK	1	ENSG00000164896	
EFCAB2	1	ENSG00000203666	
ENSG00000272447	1	ENSG00000272447	
IGHV4OR15-8	1	ENSG00000259261	
MYT1L-AS1	1	ENSG00000225619	
NINJ2-AS1	1	ENSG00000177406	
LEFTY1	1	ENSG00000243709	
TMEM40	1	ENSG00000088726	
TMEM42	1	ENSG00000169964	
PSMA5	1	ENSG00000143106	
MZT2B	1	ENSG00000152082	
PSMA6	1	ENSG00000100902	
TMEM37	1	ENSG00000171227	
MZT2A	1	ENSG00000173272	
PSMA3	1	ENSG00000100567	
MBLAC1	1	ENSG00000214309	
PSMA4	1	ENSG00000041357	
MBLAC2	1	ENSG00000176055	
PSMA1	1	ENSG00000129084	
PSMA2	1	ENSG00000106588	
TMEM33	1	ENSG00000109133	
IER3-AS1	1	ENSG00000272273	
SMTNL2	1	ENSG00000188176	
SMTNL1	1	ENSG00000214872	
GOT1L1	1	ENSG00000169154	
DMAC1	1	ENSG00000137038	
DMAC2	1	ENSG00000105341	
IDUA	1	ENSG00000127415	
COL11A1	1	ENSG00000060718	
ZNF518B	1	ENSG00000178163	
COL11A2	1	ENSG00000204248	
TMEM72	1	ENSG00000187783	
ZNF518A	1	ENSG00000177853	
TMEM74	1	ENSG00000164841	
PSMA7	1	ENSG00000101182	
TMEM70	1	ENSG00000175606	
PSMA8	1	ENSG00000154611	
TMEM71	1	ENSG00000165071	
PSMB6	1	ENSG00000142507	
TMEM69	1	ENSG00000159596	
PSMB7	1	ENSG00000136930	
PSMB4	1	ENSG00000159377	
BTAF1	1	ENSG00000095564	
PSMB5	1	ENSG00000100804	
PSMB2	1	ENSG00000126067	
TMEM65	1	ENSG00000164983	
PSMB3	1	ENSG00000277791	
TMEM67	1	ENSG00000164953	
PSMB1	1	ENSG00000008018	
TMEM68	1	ENSG00000167904	
CLPTM1	1	ENSG00000104853	
LEFTY2	1	ENSG00000143768	
TRMT10A	1	ENSG00000145331	
TRMT10B	1	ENSG00000165275	
TRMT10C	1	ENSG00000174173	
TMEM61	1	ENSG00000143001	
TMEM62	1	ENSG00000137842	
HORMAD2-AS1	1	ENSG00000227117	
TMEM64	1	ENSG00000180694	
PLXDC2	1	ENSG00000120594	
PLXDC1	1	ENSG00000161381	
PSMB8	1	ENSG00000204264	
TMEM60	1	ENSG00000135211	
PSMB9	1	ENSG00000240065	
ANK3-DT	1	ENSG00000254271	
SPSB3	1	ENSG00000162032	
SPSB2	1	ENSG00000111671	
TMEM59	1	ENSG00000116209	
PSMC5	1	ENSG00000087191	
SPSB1	1	ENSG00000171621	
PSMC6	1	ENSG00000100519	
TMEM54	1	ENSG00000121900	
PSMC3	1	ENSG00000165916	
PSMC4	1	ENSG00000013275	
PSMC1	1	ENSG00000100764	
CMKLR2-AS	1	ENSG00000279220	
PSMC2	1	ENSG00000161057	
ZNRF3-AS1	1	ENSG00000177993	
SPSB4	1	ENSG00000175093	
NOMO3	1	ENSG00000103226	
AGBL5-IT1	1	ENSG00000229122	
WARS2-IT1	1	ENSG00000224238	
ZNF497-AS1	1	ENSG00000269054	
SESN3	1	ENSG00000149212	
SESN1	1	ENSG00000080546	
SCMH1	1	ENSG00000010803	
SESN2	1	ENSG00000130766	
HDAC11-AS1	1	ENSG00000244502	
TRAV14DV4	1	ENSG00000211792	
ENSG00000259422	1	ENSG00000259422	
NOMO1	1	ENSG00000103512	
NOMO2	1	ENSG00000185164	
TMEM132E-DT	1	ENSG00000197322	
UBALD1	1	ENSG00000153443	
UBALD2	1	ENSG00000185262	
SQSTM1	1	ENSG00000161011	
TRABD2B	1	ENSG00000269113	
TRABD2A	1	ENSG00000186854	
PTOV1-AS1	1	ENSG00000268006	
PTOV1-AS2	1	ENSG00000269352	
TMEM31	1	ENSG00000179363	
CYP19A1	1	ENSG00000137869	
TMEM25	1	ENSG00000149582	
TMEM26	1	ENSG00000196932	
ENSG00000235480	1	ENSG00000235480	
QKI	1	ENSG00000112531	
TMEM17	1	ENSG00000186889	
TMEM11	1	ENSG00000178307	
TMEM18	1	ENSG00000151353	
TMEM19	1	ENSG00000139291	
ZNF512B	1	ENSG00000196700	
FASLG	1	ENSG00000117560	
ENSG00000235415	1	ENSG00000235415	
ENSG00000223438	1	ENSG00000223438	
RDH10-AS1	1	ENSG00000250295	
ENSG00000223446	1	ENSG00000223446	
USP27X	1	ENSG00000273820	
ANO1-AS1	1	ENSG00000254902	
ENSG00000247416	1	ENSG00000247416	
NOVA1-DT	1	ENSG00000257842	
GANAB	1	ENSG00000089597	
FARP1-AS1	1	ENSG00000231194	
TRIM8-DT	1	ENSG00000272933	
ERRFI1	1	ENSG00000116285	
KEAP1	1	ENSG00000079999	
AADACL2	1	ENSG00000197953	
AADACL3	1	ENSG00000188984	
AADACL4	1	ENSG00000204518	
CD101-AS1	1	ENSG00000236137	
KIF21A	1	ENSG00000139116	
MYCBP2-AS1	1	ENSG00000236051	
KIF21B	1	ENSG00000116852	
TET2-AS1	1	ENSG00000251586	
SCN1B	1	ENSG00000105711	
SCN1A	1	ENSG00000144285	
ST6GAL1	1	ENSG00000073849	
ST6GAL2	1	ENSG00000144057	
RSAD2	1	ENSG00000134321	
SFMBT1	1	ENSG00000163935	
MYCBP2-AS2	1	ENSG00000229521	
SFMBT2	1	ENSG00000198879	
MRGPRG-AS1	1	ENSG00000236301	
RSAD1	1	ENSG00000136444	
DIAPH3-AS1	1	ENSG00000227528	
DIAPH3-AS2	1	ENSG00000223815	
KIF20A	1	ENSG00000112984	
KIF20B	1	ENSG00000138182	
CFTR-AS1	1	ENSG00000232661	
TGOLN2	1	ENSG00000152291	
SYMPK	1	ENSG00000125755	
SCN3B	1	ENSG00000166257	
SCN3A	1	ENSG00000153253	
IGHVII-30-1	1	ENSG00000253491	
SCN2A	1	ENSG00000136531	
SCN2B	1	ENSG00000149575	
ENSG00000176593	1	ENSG00000176593	
PTGDR2	1	ENSG00000183134	
TECR	1	ENSG00000099797	
N4BP2L1	1	ENSG00000139597	
N4BP2L2	1	ENSG00000244754	
EDA2R	1	ENSG00000131080	
LARP1B	1	ENSG00000138709	
SCML2	1	ENSG00000102098	
SCML1	1	ENSG00000047634	
SCML4	1	ENSG00000146285	
CDC42-IT1	1	ENSG00000230068	
GPR155-DT	1	ENSG00000226853	
SUPT3H	1	ENSG00000196284	
NR5A1	1	ENSG00000136931	
NR5A2	1	ENSG00000116833	
SAGE1	1	ENSG00000181433	
ZNF780B	1	ENSG00000128000	
ZNF780A	1	ENSG00000197782	
PHOX2B-AS1	1	ENSG00000250467	
RAMP2	1	ENSG00000131477	
RAMP3	1	ENSG00000122679	
LCIIAR	1	ENSG00000256802	
STAMBPL1	1	ENSG00000138134	
CAMK2N1	1	ENSG00000162545	
CAMK2N2	1	ENSG00000163888	
CLLU1-AS1	1	ENSG00000205057	
TEFM	1	ENSG00000172171	
TMEM30A-DT	1	ENSG00000225793	
NKX2-1-AS1	1	ENSG00000253563	
KIF26A	1	ENSG00000066735	
KIF26B	1	ENSG00000162849	
RAMP1	1	ENSG00000132329	
DCLRE1B	1	ENSG00000118655	
DCLRE1A	1	ENSG00000198924	
DCLRE1C	1	ENSG00000152457	
FRRS1L	1	ENSG00000260230	
SCN9A	1	ENSG00000169432	
OSTF1	1	ENSG00000134996	
SLC30A7	1	ENSG00000162695	
SLC30A6	1	ENSG00000152683	
SLC30A9	1	ENSG00000014824	
SLC30A8	1	ENSG00000164756	
SLC30A3	1	ENSG00000115194	
SLC30A2	1	ENSG00000158014	
SLC30A5	1	ENSG00000145740	
ATG9B	1	ENSG00000181652	
SLC30A4	1	ENSG00000104154	
ATG9A	1	ENSG00000198925	
LMTK3	1	ENSG00000142235	
LMTK2	1	ENSG00000164715	
SLC30A1	1	ENSG00000170385	
ATAD3B	1	ENSG00000160072	
ATAD3A	1	ENSG00000197785	
SUPT7L	1	ENSG00000119760	
ATAD3C	1	ENSG00000215915	
NPSR1-AS1	1	ENSG00000197085	
HNRNPUL1	1	ENSG00000105323	
HNRNPUL2	1	ENSG00000214753	
SCN8A	1	ENSG00000196876	
SUPT6H	1	ENSG00000109111	
NKAPL	1	ENSG00000189134	
CBR1-AS1	1	ENSG00000230212	
SPTA1	1	ENSG00000163554	
COPB2-DT	1	ENSG00000248932	
CALHM1	1	ENSG00000185933	
CALHM2	1	ENSG00000138172	
NIBAN1	1	ENSG00000135842	
NIBAN3	1	ENSG00000167483	
NIBAN2	1	ENSG00000136830	
ODC1-DT	1	ENSG00000257135	
INHBB	1	ENSG00000163083	
INHBA	1	ENSG00000122641	
CALHM3	1	ENSG00000183128	
SUPT5H	1	ENSG00000196235	
CALHM4	1	ENSG00000164451	
INHBC	1	ENSG00000175189	
CALHM5	1	ENSG00000178033	
INHBE	1	ENSG00000139269	
CALHM6	1	ENSG00000188820	
COL5A1	1	ENSG00000130635	
COL5A3	1	ENSG00000080573	
COL5A2	1	ENSG00000204262	
SEPTIN12	1	ENSG00000140623	
SEPTIN14	1	ENSG00000154997	
SEPTIN11	1	ENSG00000138758	
C1orf167-AS1	1	ENSG00000177553	
SEPTIN10	1	ENSG00000186522	
SCN5A	1	ENSG00000183873	
IGKV3OR22-2	1	ENSG00000254264	
ENSG00000284391	1	ENSG00000284391	
CPVL-AS2	1	ENSG00000272568	
CPVL-AS1	1	ENSG00000229452	
ATG4C	1	ENSG00000125703	
ATG4B	1	ENSG00000168397	
SCN4A	1	ENSG00000007314	
ATG4A	1	ENSG00000101844	
SCN4B	1	ENSG00000177098	
ATG4D	1	ENSG00000130734	
BCL2A1	1	ENSG00000140379	
HMMR-AS1	1	ENSG00000251018	
ATAD2B	1	ENSG00000119778	
SCN7A	1	ENSG00000136546	
STK4-DT	1	ENSG00000227477	
PDAP1	1	ENSG00000106244	
ENSG00000284377	1	ENSG00000284377	
TEN1	1	ENSG00000257949	
CLUAP1	1	ENSG00000103351	
RAN	1	ENSG00000132341	
CFAP95-DT	1	ENSG00000225626	
RB1	1	ENSG00000139687	
LINC01990	1	ENSG00000273125	
SYNE1-AS1	1	ENSG00000234577	
LINC01992	1	ENSG00000260019	
GABPB2	1	ENSG00000143458	
LINC01991	1	ENSG00000224187	
TRRAP	1	ENSG00000196367	
COL12A1	1	ENSG00000111799	
LRP8-DT	1	ENSG00000225675	
RAX	1	ENSG00000134438	
GABPB1	1	ENSG00000104064	
GABARAPL1-AS1	1	ENSG00000255958	
ZXDA	1	ENSG00000198205	
CFAP58-DT	1	ENSG00000231233	
CHODL-AS1	1	ENSG00000231755	
TEPP	1	ENSG00000159648	
ZXDB	1	ENSG00000198455	
ZXDC	1	ENSG00000070476	
LINC01987	1	ENSG00000267790	
LINC01986	1	ENSG00000223587	
LINC01989	1	ENSG00000261156	
LINC01988	1	ENSG00000283036	
LINC01983	1	ENSG00000223783	
IER5	1	ENSG00000162783	
NFRKB	1	ENSG00000170322	
LINC01982	1	ENSG00000263317	
IER2	1	ENSG00000160888	
LINC01985	1	ENSG00000227260	
IER3	1	ENSG00000137331	
LINC01981	1	ENSG00000229243	
LINC01980	1	ENSG00000225548	
TEP1	1	ENSG00000129566	
LINC01979	1	ENSG00000262585	
CLPSL1	1	ENSG00000204140	
LINC01976	1	ENSG00000261514	
LINC01975	1	ENSG00000263312	
LINC01978	1	ENSG00000262188	
HPRT1	1	ENSG00000165704	
CLPSL2	1	ENSG00000196748	
LINC01977	1	ENSG00000262772	
LINC01972	1	ENSG00000230401	
CNTN4-AS1	1	ENSG00000237990	
LINC01971	1	ENSG00000278200	
CNTN4-AS2	1	ENSG00000227588	
LINC01974	1	ENSG00000262031	
LINC01973	1	ENSG00000204283	
RD3	1	ENSG00000198570	
C4orf51	1	ENSG00000237136	
C4orf50	1	ENSG00000181215	
POM121	1	ENSG00000196313	
TERC	1	ENSG00000270141	
NOLC1	1	ENSG00000166197	
POU2F2-AS1	1	ENSG00000254887	
POU2F2-AS2	1	ENSG00000259436	
GALR3	1	ENSG00000128310	
TERT	1	ENSG00000164362	
CHST11	1	ENSG00000171310	
CHST12	1	ENSG00000136213	
GALR2	1	ENSG00000182687	
GALR1	1	ENSG00000166573	
CHST10	1	ENSG00000115526	
CHST15	1	ENSG00000182022	
CHST13	1	ENSG00000180767	
CHST14	1	ENSG00000169105	
SERF2	1	ENSG00000140264	
C4orf54	1	ENSG00000248713	
BRAP	1	ENSG00000089234	
CT47A12	1	ENSG00000226685	
CT47A11	1	ENSG00000226929	
CT47A10	1	ENSG00000224089	
RDX	1	ENSG00000137710	
PTPRN2-AS1	1	ENSG00000233038	
UPF3B	1	ENSG00000125351	
BRAF	1	ENSG00000157764	
UPF3A	1	ENSG00000169062	
GALNTL5	1	ENSG00000106648	
REL	1	ENSG00000162924	
LINC01998	1	ENSG00000243321	
LINC01997	1	ENSG00000241383	
REN	1	ENSG00000143839	
GALNTL6	1	ENSG00000174473	
LINC01999	1	ENSG00000267772	
LINC01994	1	ENSG00000241098	
LINC01993	1	ENSG00000204277	
LINC01996	1	ENSG00000261863	
LINC01995	1	ENSG00000244247	
RET	1	ENSG00000165731	
ENSG00000259582	1	ENSG00000259582	
TCF25	1	ENSG00000141002	
TCF24	1	ENSG00000261787	
TCF23	1	ENSG00000163792	
TCF21	1	ENSG00000118526	
TCF20	1	ENSG00000100207	
LOC105374516	1	ENSG00000250092	
AGK-DT	1	ENSG00000261570	
ENSG00000260573	1	ENSG00000260573	
MRC2	1	ENSG00000011028	
NPTN-IT1	1	ENSG00000281183	
DSTYK	1	ENSG00000133059	
CYP26C1-DT	1	ENSG00000226425	
LINC01947	1	ENSG00000254130	
LINC01946	1	ENSG00000223647	
RFK	1	ENSG00000135002	
LINC01948	1	ENSG00000248727	
MRC1	1	ENSG00000260314	
LINC01943	1	ENSG00000280721	
LINC01942	1	ENSG00000253428	
LINC01945	1	ENSG00000236485	
LINC01944	1	ENSG00000254299	
LINC01941	1	ENSG00000226813	
LINC01940	1	ENSG00000227744	
TCF19	1	ENSG00000137310	
BRD3	1	ENSG00000169925	
BRD2	1	ENSG00000204256	
BRD1	1	ENSG00000100425	
TCF15	1	ENSG00000125878	
IFNGR1	1	ENSG00000027697	
RBM15-AS1	1	ENSG00000227963	
TESC	1	ENSG00000088992	
IFNGR2	1	ENSG00000159128	
TCF12	1	ENSG00000140262	
TET2	1	ENSG00000168769	
TET1	1	ENSG00000138336	
MRAP	1	ENSG00000170262	
LINC01939	1	ENSG00000228799	
MRAS	1	ENSG00000158186	
LINC01936	1	ENSG00000235997	
LINC01935	1	ENSG00000224095	
LINC01938	1	ENSG00000254066	
TET3	1	ENSG00000187605	
LINC01937	1	ENSG00000234279	
RGN	1	ENSG00000130988	
LINC01932	1	ENSG00000253315	
LINC01931	1	ENSG00000162947	
HCLS1	1	ENSG00000180353	
LINC01934	1	ENSG00000234663	
LINC01933	1	ENSG00000254226	
RGR	1	ENSG00000148604	
SF3B4	1	ENSG00000143368	
SF3B5	1	ENSG00000169976	
SF3B2	1	ENSG00000087365	
ENSG00000260592	1	ENSG00000260592	
LINC01970	1	ENSG00000265692	
SF3B3	1	ENSG00000189091	
SF3B6	1	ENSG00000115128	
MIR2052HG	1	ENSG00000254349	
ENSG00000260599	1	ENSG00000260599	
ENSG00000284526	1	ENSG00000284526	
RHD	1	ENSG00000187010	
PCBP3-AS1	1	ENSG00000205424	
LINC01969	1	ENSG00000249406	
LINC01968	1	ENSG00000237222	
MFSD12-AS1	1	ENSG00000267436	
RHO	1	ENSG00000163914	
LINC01965	1	ENSG00000256637	
HAFML	1	ENSG00000248388	
LINC01964	1	ENSG00000260840	
BRD9	1	ENSG00000028310	
LINC01967	1	ENSG00000235493	
BRD8	1	ENSG00000112983	
LINC01966	1	ENSG00000268580	
BRD7	1	ENSG00000166164	
LINC01961	1	ENSG00000234148	
SF3B1	1	ENSG00000115524	
LINC01960	1	ENSG00000260868	
LINC01963	1	ENSG00000260804	
BRD4	1	ENSG00000141867	
LINC01962	1	ENSG00000248473	
SF3A3	1	ENSG00000183431	
SF3A1	1	ENSG00000099995	
ENSG00000260581	1	ENSG00000260581	
BRF2	1	ENSG00000104221	
SF3A2	1	ENSG00000104897	
BRF1	1	ENSG00000185024	
AGBL5	1	ENSG00000084693	
MORN1	1	ENSG00000116151	
AGBL4	1	ENSG00000186094	
MORN4	1	ENSG00000171160	
AGBL1	1	ENSG00000273540	
LINC01958	1	ENSG00000283436	
MORN5	1	ENSG00000185681	
LINC01957	1	ENSG00000251542	
AGBL3	1	ENSG00000146856	
MORN2	1	ENSG00000188010	
MORN3	1	ENSG00000139714	
AGBL2	1	ENSG00000165923	
LINC01954	1	ENSG00000271952	
HYLS1	1	ENSG00000198331	
LINC01953	1	ENSG00000236193	
LINC01956	1	ENSG00000258910	
LINC01955	1	ENSG00000281477	
LINC01950	1	ENSG00000251027	
BRDT	1	ENSG00000137948	
LINC01951	1	ENSG00000204754	
PUS10	1	ENSG00000162927	
ENSG00000259541	1	ENSG00000259541	
ENSG00000259540	1	ENSG00000259540	
ITGA2B	1	ENSG00000005961	
NKX6-3	1	ENSG00000165066	
ENSG00000259530	1	ENSG00000259530	
MREG	1	ENSG00000118242	
NKX6-2	1	ENSG00000148826	
PURPL	1	ENSG00000250337	
KCNIP1-OT1	1	ENSG00000253647	
MAN1B1-DT	1	ENSG00000268996	
TEX2	1	ENSG00000136478	
CACNB1	1	ENSG00000067191	
CTDNEP1	1	ENSG00000175826	
CACNB2	1	ENSG00000165995	
CACNB3	1	ENSG00000167535	
CACNB4	1	ENSG00000182389	
TEX9	1	ENSG00000151575	
OTULIN-DT	1	ENSG00000261360	
BRI3	1	ENSG00000164713	
MRI1	1	ENSG00000037757	
KLC1	1	ENSG00000126214	
RLF	1	ENSG00000117000	
LMNTD2-AS1	1	ENSG00000254815	
RAD51AP1	1	ENSG00000111247	
KLC4	1	ENSG00000137171	
KLC3	1	ENSG00000104892	
KLC2	1	ENSG00000174996	
RAD51AP2	1	ENSG00000214842	
BTBD1	1	ENSG00000064726	
BTBD3	1	ENSG00000132640	
BTBD2	1	ENSG00000133243	
SAFB2	1	ENSG00000130254	
NKX6-1	1	ENSG00000163623	
DCST1-AS1	1	ENSG00000232093	
BTBD7	1	ENSG00000011114	
GCSAM	1	ENSG00000174500	
BTBD6	1	ENSG00000184887	
BTBD9	1	ENSG00000183826	
BTBD8	1	ENSG00000189195	
ZZEF1	1	ENSG00000074755	
ABR-AS1	1	ENSG00000235361	
SNAI3-AS1	1	ENSG00000260630	
ITGA10	1	ENSG00000143127	
ITGA11	1	ENSG00000137809	
ZNF474-AS1	1	ENSG00000249610	
DPP3-DT	1	ENSG00000255517	
SRXN1	1	ENSG00000271303	
ATOX1-AS1	1	ENSG00000253921	
DUSP19	1	ENSG00000162999	
BRK1	1	ENSG00000254999	
DUSP18	1	ENSG00000167065	
DUSP15	1	ENSG00000149599	
DUSP16	1	ENSG00000111266	
DUSP13	1	ENSG00000079393	
DUSP14	1	ENSG00000276023	
DUSP11	1	ENSG00000144048	
ALDH1L1-AS2	1	ENSG00000246022	
DUSP12	1	ENSG00000081721	
DUSP10	1	ENSG00000143507	
ALDH1L1-AS1	1	ENSG00000250218	
EFHD2	1	ENSG00000142634	
EFHD1	1	ENSG00000115468	
C4orf36	1	ENSG00000163633	
C4orf33	1	ENSG00000151470	
REXO1	1	ENSG00000079313	
DUSP28	1	ENSG00000188542	
DUSP29	1	ENSG00000188716	
REXO2	1	ENSG00000076043	
DUSP26	1	ENSG00000133878	
ZNF778-DT	1	ENSG00000259877	
REXO4	1	ENSG00000148300	
REXO5	1	ENSG00000005189	
DUSP22	1	ENSG00000112679	
POM121L2	1	ENSG00000158553	
DUSP23	1	ENSG00000158716	
RP1	1	ENSG00000104237	
SLC16A12-AS1	1	ENSG00000234452	
DALRD3	1	ENSG00000178149	
DUSP21	1	ENSG00000189037	
FAM27E5	1	ENSG00000178130	
RP2	1	ENSG00000102218	
FAM27E3	1	ENSG00000274026	
EFHC1	1	ENSG00000096093	
C4orf48	1	ENSG00000243449	
RP9	1	ENSG00000164610	
C4orf47	1	ENSG00000205129	
EFHC2	1	ENSG00000183690	
C4orf46	1	ENSG00000205208	
C4orf45	1	ENSG00000164123	
DRICH1	1	ENSG00000189269	
MRLN	1	ENSG00000227877	
RPE	1	ENSG00000197713	
AMBRA1	1	ENSG00000110497	
MRM1	1	ENSG00000278619	
MRM2	1	ENSG00000122687	
MRM3	1	ENSG00000171861	
CACNG6	1	ENSG00000130433	
DCAF15	1	ENSG00000132017	
CACNG7	1	ENSG00000105605	
DCAF16	1	ENSG00000163257	
DCAF17	1	ENSG00000115827	
CACNG8	1	ENSG00000142408	
C4orf19	1	ENSG00000154274	
C4orf17	1	ENSG00000138813	
TSHZ3-AS1	1	ENSG00000267662	
CACNG1	1	ENSG00000108878	
DCAF10	1	ENSG00000122741	
DCAF11	1	ENSG00000100897	
CACNG2	1	ENSG00000166862	
CACNG3	1	ENSG00000006116	
DCAF12	1	ENSG00000198876	
CACNG4	1	ENSG00000075461	
DCAF13	1	ENSG00000164934	
CACNG5	1	ENSG00000075429	
DDHD2	1	ENSG00000085788	
DMXL1-DT	1	ENSG00000249494	
SALRNA3	1	ENSG00000281264	
DDHD1	1	ENSG00000100523	
KLF4	1	ENSG00000136826	
KLF3	1	ENSG00000109787	
OXR1	1	ENSG00000164830	
KLF2	1	ENSG00000127528	
SALRNA2	1	ENSG00000280515	
KLF1	1	ENSG00000105610	
SALRNA1	1	ENSG00000258952	
KLF8	1	ENSG00000102349	
KLF7	1	ENSG00000118263	
KLF6	1	ENSG00000067082	
KLF5	1	ENSG00000102554	
KLF9	1	ENSG00000119138	
RUNDC1	1	ENSG00000198863	
CCL3-AS1	1	ENSG00000277089	
OXTR	1	ENSG00000180914	
HPSE2	1	ENSG00000172987	
DIXDC1	1	ENSG00000150764	
RRH	1	ENSG00000180245	
RS1	1	ENSG00000102104	
UTS2R	1	ENSG00000181408	
OXSM	1	ENSG00000151093	
BROX	1	ENSG00000162819	
UTS2B	1	ENSG00000188958	
XRN1	1	ENSG00000114127	
XRN2	1	ENSG00000088930	
TFAM	1	ENSG00000108064	
WDR11-DT	1	ENSG00000227165	
TELO2	1	ENSG00000100726	
IGSF8	1	ENSG00000162729	
IGSF5	1	ENSG00000183067	
IGSF6	1	ENSG00000140749	
ANP32A	1	ENSG00000140350	
IGSF3	1	ENSG00000143061	
KLK1	1	ENSG00000167748	
GRPEL2-AS1	1	ENSG00000253618	
IGSF1	1	ENSG00000147255	
KLK5	1	ENSG00000167754	
KLK4	1	ENSG00000167749	
KLK3	1	ENSG00000142515	
KLK2	1	ENSG00000167751	
KLK9	1	ENSG00000213022	
KLK8	1	ENSG00000129455	
IGSF9	1	ENSG00000085552	
KLK7	1	ENSG00000169035	
KLK6	1	ENSG00000167755	
WDR35-DT	1	ENSG00000227210	
BCL11B	1	ENSG00000127152	
BCL11A	1	ENSG00000119866	
PYHIN1	1	ENSG00000163564	
GCSIR	1	ENSG00000232520	
FAM169BP	1	ENSG00000283597	
ANKEF1	1	ENSG00000132623	
PITPNM2-AS1	1	ENSG00000251497	
SPRTN	1	ENSG00000010072	
ANP32E	1	ENSG00000143401	
ANP32D	1	ENSG00000139223	
ANP32B	1	ENSG00000136938	
MRS2	1	ENSG00000124532	
KLLN	1	ENSG00000227268	
BRS3	1	ENSG00000102239	
SERP2	1	ENSG00000151778	
SERP1	1	ENSG00000120742	
QARS1	1	ENSG00000172053	
KIF13A	1	ENSG00000137177	
FFAR4	1	ENSG00000186188	
KIF13B	1	ENSG00000197892	
FFAR3	1	ENSG00000185897	
LRFN5-DT	1	ENSG00000258636	
FFAR2	1	ENSG00000126262	
FFAR1	1	ENSG00000126266	
PSLNR	1	ENSG00000225255	
LRIG3-DT	1	ENSG00000257443	
HYMAI	1	ENSG00000283122	
TFE3	1	ENSG00000068323	
TFEB	1	ENSG00000112561	
TFEC	1	ENSG00000105967	
TFF3	1	ENSG00000160180	
TFF2	1	ENSG00000160181	
MAPRE3	1	ENSG00000084764	
TFF1	1	ENSG00000160182	
MAPRE1	1	ENSG00000101367	
FATE1	1	ENSG00000147378	
MRRF	1	ENSG00000148187	
MAPRE2	1	ENSG00000166974	
PRNCR1	1	ENSG00000282961	
SPRR4	1	ENSG00000184148	
SPRR3	1	ENSG00000163209	
IFI6	1	ENSG00000126709	
SPRR5	1	ENSG00000283227	
HRAT17	1	ENSG00000234520	
MIR222HG	1	ENSG00000270069	
RYK	1	ENSG00000163785	
PUS7L	1	ENSG00000129317	
ENSG00000223502	1	ENSG00000223502	
ENSG00000223504	1	ENSG00000223504	
GALNT12	1	ENSG00000119514	
GALNT11	1	ENSG00000178234	
GALNT14	1	ENSG00000158089	
GALNT13	1	ENSG00000144278	
GALNT16	1	ENSG00000100626	
GALNT15	1	ENSG00000131386	
GALNT18	1	ENSG00000110328	
GALNT17	1	ENSG00000185274	
GALNT10	1	ENSG00000164574	
EFTUD2	1	ENSG00000108883	
LINC01907	1	ENSG00000226125	
LINC01906	1	ENSG00000265786	
LINC01909	1	ENSG00000266258	
LINC01908	1	ENSG00000265374	
LINC01903	1	ENSG00000265555	
LINC01902	1	ENSG00000283503	
LINC01905	1	ENSG00000267057	
LINC01904	1	ENSG00000259837	
LINC01901	1	ENSG00000267413	
LINC01900	1	ENSG00000265758	
KRTAP13-2	1	ENSG00000182816	
KRTAP13-1	1	ENSG00000198390	
KRTAP13-4	1	ENSG00000186971	
KRTAP13-3	1	ENSG00000240432	
ZNF687-AS1	1	ENSG00000232671	
OXA1L	1	ENSG00000155463	
COL4A2	1	ENSG00000134871	
KIF16B	1	ENSG00000089177	
COL4A1	1	ENSG00000187498	
COL4A4	1	ENSG00000081052	
COL4A3	1	ENSG00000169031	
COL4A6	1	ENSG00000197565	
COL4A5	1	ENSG00000188153	
SUCNR1	1	ENSG00000198829	
C5AR2	1	ENSG00000134830	
C5AR1	1	ENSG00000197405	
PSORS1C3	1	ENSG00000204528	
ADIPOR1	1	ENSG00000159346	
ADIPOR2	1	ENSG00000006831	
PSORS1C1	1	ENSG00000204540	
ARHGAP15-AS1	1	ENSG00000231758	
PSORS1C2	1	ENSG00000204538	
LINC01929	1	ENSG00000267013	
LINC01928	1	ENSG00000267425	
PCSK1N	1	ENSG00000102109	
LINC01925	1	ENSG00000264265	
LINC01924	1	ENSG00000267134	
LINC01927	1	ENSG00000266312	
LINC01926	1	ENSG00000267593	
LINC01921	1	ENSG00000223874	
LINC01920	1	ENSG00000236049	
CHL1-AS2	1	ENSG00000224318	
LINC01923	1	ENSG00000236653	
DMAP1	1	ENSG00000178028	
CHL1-AS1	1	ENSG00000234661	
LINC01922	1	ENSG00000259779	
NR4A2	1	ENSG00000153234	
HMGA2-AS1	1	ENSG00000197301	
LINC01918	1	ENSG00000226508	
NR4A1	1	ENSG00000123358	
LINC01917	1	ENSG00000260433	
KIF18A	1	ENSG00000121621	
RALYL	1	ENSG00000184672	
NR4A3	1	ENSG00000119508	
SYNDIG1L	1	ENSG00000183379	
KIF18B	1	ENSG00000186185	
LINC01919	1	ENSG00000263438	
LINC01914	1	ENSG00000234362	
LINC01913	1	ENSG00000214691	
LINC01916	1	ENSG00000264232	
LINC01915	1	ENSG00000265485	
LINC01910	1	ENSG00000266278	
LINC01912	1	ENSG00000264699	
LINC01911	1	ENSG00000231040	
RABGAP1L-DT	1	ENSG00000227373	
ETV7-AS1	1	ENSG00000224666	
EEF1A1-AS1	1	ENSG00000229862	
PELO-AS1	1	ENSG00000248898	
ARAP2	1	ENSG00000047365	
CKAP2	1	ENSG00000136108	
ARAP3	1	ENSG00000120318	
ZNF516-AS1	1	ENSG00000265778	
ARAP1	1	ENSG00000186635	
CKAP5	1	ENSG00000175216	
CKAP4	1	ENSG00000136026	
AGAP9	1	ENSG00000204172	
IFNG	1	ENSG00000111537	
AGAP6	1	ENSG00000204149	
AGAP5	1	ENSG00000172650	
IFNE	1	ENSG00000184995	
SAG	1	ENSG00000130561	
IFNK	1	ENSG00000147896	
KCNQ1DN	1	ENSG00000237941	
LEMD1-AS1	1	ENSG00000226235	
SLFN5	1	ENSG00000166750	
TFPI	1	ENSG00000003436	
TFPT	1	ENSG00000105619	
TCFL5	1	ENSG00000101190	
HAGHL	1	ENSG00000103253	
SPRY4	1	ENSG00000187678	
SCLT1	1	ENSG00000151466	
RYR3-DT	1	ENSG00000259446	
SCD	1	ENSG00000099194	
SPRY3	1	ENSG00000168939	
SPRY2	1	ENSG00000136158	
SPRY1	1	ENSG00000164056	
KLC4-AS1	1	ENSG00000272170	
PGLYRP4	1	ENSG00000163218	
PGLYRP3	1	ENSG00000159527	
PGLYRP2	1	ENSG00000161031	
TFRC	1	ENSG00000072274	
SCT	1	ENSG00000070031	
SCX	1	ENSG00000260428	
PTPDC1	1	ENSG00000158079	
COMTD1	1	ENSG00000165644	
CAPNS1	1	ENSG00000126247	
LINC02717	1	ENSG00000285735	
LINC02716	1	ENSG00000205106	
CAPNS2	1	ENSG00000256812	
LINC02719	1	ENSG00000254580	
LINC02718	1	ENSG00000255418	
LINC02713	1	ENSG00000255502	
SP2-AS1	1	ENSG00000234494	
LINC02712	1	ENSG00000273409	
LINC02715	1	ENSG00000254659	
LINC02714	1	ENSG00000251226	
PGLYRP1	1	ENSG00000008438	
LINC02711	1	ENSG00000255183	
LINC02710	1	ENSG00000255269	
SDS	1	ENSG00000135094	
UNC5A	1	ENSG00000113763	
UNC5B	1	ENSG00000107731	
UNC5C	1	ENSG00000182168	
UNC5D	1	ENSG00000156687	
LINC02709	1	ENSG00000245522	
LINC02706	1	ENSG00000255344	
HCP5B	1	ENSG00000281831	
TFR2	1	ENSG00000106327	
LINC02705	1	ENSG00000254952	
DDIT3	1	ENSG00000175197	
LINC02708	1	ENSG00000227306	
UNC50	1	ENSG00000115446	
DDIT4	1	ENSG00000168209	
LINC02707	1	ENSG00000255427	
LINC02702	1	ENSG00000237937	
LINC02701	1	ENSG00000250508	
LINC02704	1	ENSG00000255079	
LINC02703	1	ENSG00000257067	
LINC02700	1	ENSG00000255666	
SF1	1	ENSG00000168066	
LINC02740	1	ENSG00000255109	
SET	1	ENSG00000119335	
FAXDC2	1	ENSG00000170271	
ADAMTS12	1	ENSG00000151388	
ADAMTS10	1	ENSG00000142303	
ADAMTS16	1	ENSG00000145536	
ADAMTS15	1	ENSG00000166106	
ADAMTS14	1	ENSG00000138316	
ADAMTS13	1	ENSG00000160323	
LINC02739	1	ENSG00000255008	
IGF2-AS	1	ENSG00000099869	
ADAMTS19	1	ENSG00000145808	
CAMK2G-AS1	1	ENSG00000224195	
ADAMTS18	1	ENSG00000140873	
KCNQ1OT1	1	ENSG00000269821	
ADAMTS17	1	ENSG00000140470	
LINC02735	1	ENSG00000255433	
LINC02734	1	ENSG00000255382	
SFN	1	ENSG00000175793	
LINC02737	1	ENSG00000256684	
LINC02736	1	ENSG00000279243	
LINC02731	1	ENSG00000204241	
LINC02730	1	ENSG00000255406	
LINC02733	1	ENSG00000255553	
LINC02732	1	ENSG00000254416	
KRTAP16-1	1	ENSG00000212657	
L1CAM	1	ENSG00000198910	
MOV10	1	ENSG00000155363	
LINC02728	1	ENSG00000251323	
LINC02727	1	ENSG00000254823	
LINC02729	1	ENSG00000255335	
LINC02724	1	ENSG00000181908	
LINC02723	1	ENSG00000231680	
HYOU1	1	ENSG00000149428	
LINC02726	1	ENSG00000255193	
LINC02725	1	ENSG00000273415	
DZIP1	1	ENSG00000134874	
LINC02720	1	ENSG00000255178	
DZIP3	1	ENSG00000198919	
LINC02722	1	ENSG00000255169	
LINC02721	1	ENSG00000255133	
SHB	1	ENSG00000107338	
SHD	1	ENSG00000105251	
MMP21	1	ENSG00000154485	
MMP20	1	ENSG00000137674	
SHF	1	ENSG00000138606	
SHE	1	ENSG00000169291	
MMP25	1	ENSG00000008516	
SHH	1	ENSG00000164690	
MMP24	1	ENSG00000125966	
MMP27	1	ENSG00000137675	
MMP26	1	ENSG00000167346	
MMP28	1	ENSG00000271447	
MMP10	1	ENSG00000166670	
MMP12	1	ENSG00000262406	
MMP11	1	ENSG00000099953	
MMP14	1	ENSG00000157227	
MMP13	1	ENSG00000137745	
MMP16	1	ENSG00000156103	
MMP15	1	ENSG00000102996	
MMP17	1	ENSG00000198598	
MMP19	1	ENSG00000123342	
HHIP-AS1	1	ENSG00000248890	
TRUB1	1	ENSG00000165832	
TRUB2	1	ENSG00000167112	
EMX2OS	1	ENSG00000229847	
ENSG00000285976	1	ENSG00000285976	
RICTOR	1	ENSG00000164327	
BMP8A	1	ENSG00000183682	
BMP8B	1	ENSG00000116985	
BBOX1	1	ENSG00000129151	
OXR1-AS1	1	ENSG00000253582	
ARCN1	1	ENSG00000095139	
SKI	1	ENSG00000157933	
GRK3-AS1	1	ENSG00000234884	
MTCH1	1	ENSG00000137409	
MTCH2	1	ENSG00000109919	
PDCD7	1	ENSG00000090470	
PDCD6	1	ENSG00000249915	
PDCD5	1	ENSG00000105185	
SLA	1	ENSG00000155926	
MSI1	1	ENSG00000135097	
MSI2	1	ENSG00000153944	
SLK	1	ENSG00000065613	
PLS3-AS1	1	ENSG00000271826	
SLN	1	ENSG00000170290	
NFATC2IP	1	ENSG00000176953	
LINC02797	1	ENSG00000285808	
LINC02796	1	ENSG00000227016	
CYLD-AS1	1	ENSG00000261644	
LINC02799	1	ENSG00000235887	
LINC02798	1	ENSG00000227082	
LINC02793	1	ENSG00000285823	
LINC02792	1	ENSG00000285462	
IGHVIII-38-1	1	ENSG00000253989	
LINC02795	1	ENSG00000285210	
LINC02794	1	ENSG00000226133	
LINC02791	1	ENSG00000235446	
LINC02790	1	ENSG00000237435	
NRP2-AS1	1	ENSG00000225216	
ENSG00000285964	1	ENSG00000285964	
MSH6	1	ENSG00000116062	
VMAC	1	ENSG00000187650	
MSH2	1	ENSG00000095002	
SMO	1	ENSG00000128602	
MSH3	1	ENSG00000113318	
MSH4	1	ENSG00000057468	
MSH5	1	ENSG00000204410	
SMS	1	ENSG00000102172	
LINC02789	1	ENSG00000231718	
LINC02786	1	ENSG00000284623	
LINC02785	1	ENSG00000226822	
LINC02788	1	ENSG00000285532	
LINC02787	1	ENSG00000229201	
LINC00163	1	ENSG00000234880	
FAM222A-AS1	1	ENSG00000255650	
LINC00165	1	ENSG00000261706	
LINC00160	1	ENSG00000230978	
LINC00161	1	ENSG00000226935	
RAP1B	1	ENSG00000127314	
SNN	1	ENSG00000184602	
RAP1A	1	ENSG00000116473	
NDOR1	1	ENSG00000188566	
ZKSCAN7	1	ENSG00000196345	
ZKSCAN8	1	ENSG00000198315	
TMEM139-AS1	1	ENSG00000231840	
ZKSCAN3	1	ENSG00000189298	
ZKSCAN2	1	ENSG00000155592	
ZKSCAN5	1	ENSG00000196652	
ZKSCAN4	1	ENSG00000187626	
DLG1-AS1	1	ENSG00000227375	
ZKSCAN1	1	ENSG00000106261	
LINC00158	1	ENSG00000185433	
LINC00159	1	ENSG00000230323	
NOP14	1	ENSG00000087269	
NOP16	1	ENSG00000048162	
ITGAL-AS1	1	ENSG00000261332	
RFXANK	1	ENSG00000064490	
G6PC1	1	ENSG00000131482	
PPP2CA-DT	1	ENSG00000270177	
ENSG00000285940	1	ENSG00000285940	
LRCH2	1	ENSG00000130224	
G6PC2	1	ENSG00000152254	
JAKMIP3-AS1	1	ENSG00000235010	
LRCH1	1	ENSG00000136141	
G6PC3	1	ENSG00000141349	
SON	1	ENSG00000159140	
SP2	1	ENSG00000167182	
SP1	1	ENSG00000185591	
SP4	1	ENSG00000105866	
SP3	1	ENSG00000172845	
SP6	1	ENSG00000189120	
SP5	1	ENSG00000204335	
SP8	1	ENSG00000164651	
SP7	1	ENSG00000170374	
LRCH4	1	ENSG00000077454	
LRCH3	1	ENSG00000186001	
SP9	1	ENSG00000217236	
NOP10	1	ENSG00000182117	
LINC02760	1	ENSG00000254516	
BMP10	1	ENSG00000163217	
LINC02762	1	ENSG00000250303	
LINC02761	1	ENSG00000255362	
ENSG00000246308	1	ENSG00000246308	
MTCL1	1	ENSG00000168502	
DYSF	1	ENSG00000135636	
ENSG00000285910	1	ENSG00000285910	
ENSG00000248964	1	ENSG00000248964	
MSLN	1	ENSG00000102854	
BIRC6-AS1	1	ENSG00000230046	
BICD1	1	ENSG00000151746	
BICD2	1	ENSG00000185963	
BMP15	1	ENSG00000130385	
UNC80	1	ENSG00000144406	
SPN	1	ENSG00000197471	
SPR	1	ENSG00000116096	
PRADC1	1	ENSG00000135617	
SPDYE2	1	ENSG00000205238	
SPDYE1	1	ENSG00000136206	
LINC02757	1	ENSG00000255363	
LINC02756	1	ENSG00000255332	
SPX	1	ENSG00000134548	
LINC02759	1	ENSG00000255175	
LINC02758	1	ENSG00000248990	
LINC02753	1	ENSG00000248844	
LINC02752	1	ENSG00000254401	
LINC02755	1	ENSG00000254530	
LINC02754	2	ENSG00000287312:ENSG00000251637	
MSMB	1	ENSG00000263639	
LINC02751	1	ENSG00000254946	
LINC02750	1	ENSG00000254518	
IGBP1-AS2	1	ENSG00000220925	
MSL2	1	ENSG00000174579	
MSL3	1	ENSG00000005302	
IGBP1-AS1	1	ENSG00000203588	
ADAMTS20	1	ENSG00000173157	
MSL1	1	ENSG00000188895	
LINC02749	1	ENSG00000254480	
ENSG00000285914	1	ENSG00000285914	
BMP2K	1	ENSG00000138756	
LINC02746	1	ENSG00000282916	
LINC02745	1	ENSG00000255300	
ENSG00000261924	1	ENSG00000261924	
LINC02748	1	ENSG00000255187	
LINC02747	1	ENSG00000255774	
LINC02742	1	ENSG00000249867	
GAPDH	1	ENSG00000111640	
LINC02741	1	ENSG00000255388	
LINC02744	1	ENSG00000254863	
LINC02743	1	ENSG00000255258	
LINC02782	1	ENSG00000231510	
LINC02781	1	ENSG00000284674	
BLTP3A	1	ENSG00000065060	
LINC02784	1	ENSG00000235741	
BLTP3B	1	ENSG00000111647	
LINC02783	1	ENSG00000204362	
SRC	1	ENSG00000197122	
SRF	1	ENSG00000112658	
LINC02780	1	ENSG00000284668	
SRI	1	ENSG00000075142	
SRL	1	ENSG00000185739	
SRM	1	ENSG00000116649	
SRR	1	ENSG00000167720	
FAM120A2P	1	ENSG00000204352	
KRIT1	1	ENSG00000001631	
BSND	1	ENSG00000162399	
LINC02779	1	ENSG00000231529	
LINC02778	1	ENSG00000238242	
SRY	1	ENSG00000184895	
LINC00112	1	ENSG00000232401	
LINC02775	1	ENSG00000283518	
LINC00113	1	ENSG00000225298	
LINC02774	1	ENSG00000226828	
LINC00114	1	ENSG00000223806	
LINC02777	1	ENSG00000232453	
LINC00115	1	ENSG00000225880	
NOP56	1	ENSG00000101361	
LINC02771	1	ENSG00000224535	
LINC02770	1	ENSG00000228215	
NOP58	1	ENSG00000055044	
LINC02773	1	ENSG00000237980	
SSB	1	ENSG00000138385	
LINC00111	1	ENSG00000227702	
LINC02772	1	ENSG00000271736	
PRKCZ-AS1	1	ENSG00000182873	
SPDYE4	1	ENSG00000183318	
SPDYE3	1	ENSG00000214300	
SPDYE6	1	ENSG00000260097	
SPDYE5	1	ENSG00000170092	
SPDYE8	1	ENSG00000273520	
MSMP	1	ENSG00000215183	
BICC1	1	ENSG00000122870	
ENSG00000246331	1	ENSG00000246331	
DYTN	1	ENSG00000232125	
SPDYE9	1	ENSG00000262461	
NECAP2	1	ENSG00000157191	
NECAP1	1	ENSG00000089818	
UROC1	1	ENSG00000159650	
ENSG00000258308	1	ENSG00000258308	
SST	1	ENSG00000157005	
ST7	1	ENSG00000004866	
IGF2BP2-AS1	1	ENSG00000163915	
PDCD4	1	ENSG00000150593	
LINC02768	1	ENSG00000229291	
LINC00106	1	ENSG00000236871	
LINC02767	1	ENSG00000284237	
PDCD2	1	ENSG00000071994	
PDCD1	1	ENSG00000188389	
LINC02769	1	ENSG00000259815	
LINC02764	1	ENSG00000255484	
NOP53	1	ENSG00000105373	
LINC00102	1	ENSG00000230542	
LINC02763	1	ENSG00000254968	
UNC79	1	ENSG00000133958	
LINC02766	1	ENSG00000229484	
ENSG00000234352	1	ENSG00000234352	
LINC02765	1	ENSG00000234476	
STH	1	ENSG00000256762	
MT1M	1	ENSG00000205364	
MT1X	1	ENSG00000187193	
AKAP1-DT	1	ENSG00000263004	
RCBTB1	1	ENSG00000136144	
IGLV8-61	1	ENSG00000211638	
RCBTB2	1	ENSG00000136161	
ARHGAP11A-DT	1	ENSG00000262728	
MT2A	1	ENSG00000125148	
STS	1	ENSG00000101846	
TNFSF10	1	ENSG00000121858	
TNFSF11	1	ENSG00000120659	
ENSG00000236951	1	ENSG00000236951	
LINC00092	1	ENSG00000225194	
CYP39A1	1	ENSG00000146233	
SNORC	1	ENSG00000182600	
MT1A	1	ENSG00000205362	
IDH1-AS1	1	ENSG00000231908	
MT1F	1	ENSG00000198417	
MT1G	1	ENSG00000125144	
MTCP1	1	ENSG00000214827	
MT1H	1	ENSG00000205358	
MT1B	1	ENSG00000169688	
MT1E	1	ENSG00000169715	
MYCBP2	1	ENSG00000005810	
TGFA	1	ENSG00000163235	
STK38L	1	ENSG00000211455	
IGLVIV-66-1	1	ENSG00000253874	
TNFSF18	1	ENSG00000120337	
APOBEC3C	1	ENSG00000244509	
MSR1	1	ENSG00000038945	
APOBEC3D	1	ENSG00000243811	
APOBEC3F	1	ENSG00000128394	
TNFSF14	1	ENSG00000125735	
AFDN-DT	1	ENSG00000198221	
APOBEC3G	1	ENSG00000239713	
TGDS	1	ENSG00000088451	
APOBEC3H	1	ENSG00000100298	
DDIAS	1	ENSG00000165490	
TNFSF15	1	ENSG00000181634	
TNFSF12	1	ENSG00000239697	
TNFSF13	1	ENSG00000161955	
IGF2	1	ENSG00000167244	
IGF1	1	ENSG00000017427	
BST2	1	ENSG00000130303	
BST1	1	ENSG00000109743	
MSRA	1	ENSG00000175806	
ITGBL1	1	ENSG00000198542	
APOBEC3A	1	ENSG00000128383	
LDHAL6A	1	ENSG00000166800	
LDHAL6B	1	ENSG00000171989	
APOBEC3B	1	ENSG00000179750	
IGHM	1	ENSG00000211899	
SIRPG-AS1	1	ENSG00000237914	
MSTN	1	ENSG00000138379	
CFAP61-AS1	1	ENSG00000243810	
DMBX1	1	ENSG00000197587	
TMSB15B-AS1	1	ENSG00000231728	
VMO1	1	ENSG00000182853	
RAC2	1	ENSG00000128340	
RAC3	1	ENSG00000169750	
INSYN1-AS1	1	ENSG00000260469	
RAC1	1	ENSG00000136238	
SYK	1	ENSG00000165025	
LINC00051	1	ENSG00000254008	
MST1	1	ENSG00000173531	
LINC00052	1	ENSG00000259527	
GAB1	1	ENSG00000109458	
GAB3	1	ENSG00000160219	
GAB2	1	ENSG00000033327	
SYP	1	ENSG00000102003	
GAB4	1	ENSG00000215568	
ITGB8-AS1	1	ENSG00000271133	
RAP2C	1	ENSG00000123728	
CNKSR2	1	ENSG00000149970	
CNKSR1	1	ENSG00000142675	
RAP2A	1	ENSG00000125249	
RAP2B	1	ENSG00000181467	
LOXL2-AS1	1	ENSG00000253837	
CNKSR3	1	ENSG00000153721	
TLCD4	1	ENSG00000152078	
IGHD	1	ENSG00000211898	
IGHE	1	ENSG00000211891	
MICU3	1	ENSG00000155970	
TLCD2	1	ENSG00000185561	
TLCD1	1	ENSG00000160606	
MICU2	1	ENSG00000165487	
ENSG00000224935	1	ENSG00000224935	
MICU1	1	ENSG00000107745	
TLCD5	1	ENSG00000181264	
C1QTNF7-AS1	1	ENSG00000249252	
GNB1-DT	1	ENSG00000231050	
SH3BGRL	1	ENSG00000131171	
ZFP14	1	ENSG00000142065	
IGKC	1	ENSG00000211592	
FHIP1A	1	ENSG00000164142	
FHIP1B	1	ENSG00000051009	
MSX1	1	ENSG00000163132	
DNAH8-AS1	1	ENSG00000231150	
RAE1	1	ENSG00000101146	
TP53RK-DT	1	ENSG00000271784	
GAD1	1	ENSG00000128683	
IGIP	1	ENSG00000182700	
GAD2	1	ENSG00000136750	
ENSG00000236935	1	ENSG00000236935	
VMP1	1	ENSG00000062716	
PDCL3	1	ENSG00000115539	
PDCL2	1	ENSG00000163440	
FHIP2A	1	ENSG00000151553	
FHIP2B	1	ENSG00000158863	
TACC3	1	ENSG00000013810	
CACHD1	1	ENSG00000158966	
SAMSN1-AS1	1	ENSG00000223662	
RAD1	1	ENSG00000113456	
TACC1	1	ENSG00000147526	
TACC2	1	ENSG00000138162	
CLYBL-AS2	1	ENSG00000227659	
CLYBL-AS1	1	ENSG00000234303	
ZFP28	1	ENSG00000196867	
OR1C1	1	ENSG00000221888	
DENND5B	1	ENSG00000170456	
TACO1	1	ENSG00000136463	
TGM1	1	ENSG00000092295	
DMBT1	1	ENSG00000187908	
TGM7	1	ENSG00000159495	
DENND5A	1	ENSG00000184014	
TGM6	1	ENSG00000166948	
TGM5	1	ENSG00000104055	
RAG2	1	ENSG00000175097	
TGM4	1	ENSG00000163810	
TGM3	1	ENSG00000125780	
RAG1	1	ENSG00000166349	
TGM2	1	ENSG00000198959	
OR1B1	1	ENSG00000280094	
MSX2	1	ENSG00000120149	
RADX	1	ENSG00000147231	
FAM131B-AS1	1	ENSG00000272619	
FAM131B-AS2	1	ENSG00000232533	
CARTPT	1	ENSG00000164326	
PSPC1	1	ENSG00000121390	
ITGA6-AS1	1	ENSG00000232788	
DENND6B	1	ENSG00000205593	
BBOF1	1	ENSG00000119636	
DENND6A	1	ENSG00000174839	
RAF1	1	ENSG00000132155	
OR1A2	1	ENSG00000172150	
OR1A1	1	ENSG00000172146	
RAI1	1	ENSG00000108557	
IL36RN	1	ENSG00000136695	
RAI2	1	ENSG00000131831	
DENND4B	1	ENSG00000198837	
DENND4A	1	ENSG00000174485	
DENND4C	1	ENSG00000137145	
TLX1NB	1	ENSG00000236311	
TAT	1	ENSG00000198650	
OR1G1	1	ENSG00000183024	
SFTA1P	1	ENSG00000225383	
TBP	1	ENSG00000112592	
OR1F1	1	ENSG00000168124	
DDR1-DT	1	ENSG00000237775	
MRPS30-DT	1	ENSG00000251141	
PRICKLE2-AS2	1	ENSG00000241101	
PRICKLE2-AS1	2	ENSG00000241572:ENSG00000241111	
PRICKLE2-AS3	1	ENSG00000226017	
SCAMP1-AS1	1	ENSG00000245556	
RALA	1	ENSG00000006451	
RALB	1	ENSG00000144118	
GALT	1	ENSG00000213930	
OR1E2	1	ENSG00000127780	
OR1E1	1	ENSG00000180016	
P4HA2-AS1	1	ENSG00000237714	
PALLD-AS1	1	ENSG00000249623	
IGLV3-1	1	ENSG00000211673	
IGLV3-7	1	ENSG00000254077	
IGLV3-6	1	ENSG00000253448	
IGLV3-9	1	ENSG00000211670	
MTA1	1	ENSG00000182979	
OXCT1	1	ENSG00000083720	
IGKV1-39	1	ENSG00000242371	
IGLV3-2	1	ENSG00000253963	
TGS1	1	ENSG00000137574	
TDG	1	ENSG00000139372	
MVB12B	1	ENSG00000196814	
IGLV3-4	1	ENSG00000226420	
IGKV1-37	1	ENSG00000239862	
MVB12A	1	ENSG00000141971	
SLIT1	1	ENSG00000187122	
DROSHA	1	ENSG00000113360	
IGKV1-35	1	ENSG00000253461	
RALY	1	ENSG00000125970	
SLIT3	1	ENSG00000184347	
OXCT2	1	ENSG00000198754	
IGKV1-32	1	ENSG00000253870	
SLIT2	1	ENSG00000145147	
IGKV1-33	1	ENSG00000242076	
MTA2	1	ENSG00000149480	
MTA3	1	ENSG00000057935	
OR1D5	1	ENSG00000262628	
HSD3B7	1	ENSG00000099377	
OR1D2	1	ENSG00000184166	
HSD3B2	1	ENSG00000203859	
HSD3B1	1	ENSG00000203857	
GALC	1	ENSG00000054983	
GALE	1	ENSG00000117308	
TEC	1	ENSG00000135605	
TNIP1	1	ENSG00000145901	
TEF	1	ENSG00000167074	
TNIP2	1	ENSG00000168884	
TNIP3	1	ENSG00000050730	
GALM	1	ENSG00000143891	
SLIRP	1	ENSG00000119705	
TEK	1	ENSG00000120156	
MACORIS	1	ENSG00000237797	
GALP	1	ENSG00000197487	
IPO13	1	ENSG00000117408	
IPO11	1	ENSG00000086200	
TES	1	ENSG00000135269	
CAPN15	1	ENSG00000103326	
MTBP	1	ENSG00000172167	
TFG	1	ENSG00000114354	
IGKV1-16	1	ENSG00000240864	
IGKV1-17	1	ENSG00000240382	
IGKV1-12	1	ENSG00000243290	
IGKV1-13	1	ENSG00000253497	
HOMER3	1	ENSG00000051128	
GAMT	1	ENSG00000130005	
MBNL1	1	ENSG00000152601	
MBNL2	1	ENSG00000139793	
TAAR8	1	ENSG00000146385	
DNAAF3	1	ENSG00000167646	
DNAAF2	1	ENSG00000165506	
TAAR9	1	ENSG00000237110	
TAAR6	1	ENSG00000146383	
DNAAF1	1	ENSG00000154099	
YPEL3-DT	1	ENSG00000250616	
DNAAF6	1	ENSG00000080572	
TAAR5	1	ENSG00000135569	
TAAR2	1	ENSG00000146378	
DNAAF5	1	ENSG00000164818	
DNAAF4	1	ENSG00000256061	
AP4B1-AS1	1	ENSG00000226167	
TAAR1	1	ENSG00000146399	
DNAAF9	1	ENSG00000088854	
GANC	1	ENSG00000214013	
DNAAF8	1	ENSG00000166246	
CPNE2-DT	1	ENSG00000260148	
MTAP	1	ENSG00000099810	
IGKV1-27	1	ENSG00000244575	
IGKV1-22	1	ENSG00000253578	
MTDH	1	ENSG00000147649	
LINC02617	1	ENSG00000256288	
LINC02619	1	ENSG00000249382	
GAR1	1	ENSG00000109534	
LINC02614	1	ENSG00000241288	
LINC02613	1	ENSG00000231367	
LINC02616	1	ENSG00000261761	
LINC02615	1	ENSG00000251432	
LINC02610	1	ENSG00000186235	
LINC02612	1	ENSG00000224048	
FAM120AOS	1	ENSG00000188938	
LINC02611	1	ENSG00000226791	
BTF3	1	ENSG00000145741	
HOMER1	1	ENSG00000152413	
HOMER2	1	ENSG00000103942	
LINC02607	1	ENSG00000228971	
LINC02606	1	ENSG00000284693	
LINC02609	1	ENSG00000233593	
LINC02608	1	ENSG00000226251	
LINC02603	1	ENSG00000230262	
LINC02605	1	ENSG00000261618	
LINC02604	1	ENSG00000273142	
LINC02601	1	ENSG00000223714	
GAPT	1	ENSG00000175857	
LINC02600	1	ENSG00000250986	
CDKN1C	1	ENSG00000129757	
BTG4	1	ENSG00000137707	
SETD4	1	ENSG00000185917	
DENND1C	1	ENSG00000205744	
BTG3	1	ENSG00000154640	
SETD5	1	ENSG00000168137	
DENND1B	1	ENSG00000213047	
CDKN1A	1	ENSG00000124762	
BTG2	1	ENSG00000159388	
RARG	1	ENSG00000172819	
SETD2	1	ENSG00000181555	
CDKN1B	1	ENSG00000111276	
BTG1	1	ENSG00000133639	
SETD3	1	ENSG00000183576	
TERLR1	1	ENSG00000249201	
SETD9	1	ENSG00000155542	
SETD6	1	ENSG00000103037	
DENND1A	1	ENSG00000119522	
SETD7	1	ENSG00000145391	
ENSG00000283458	1	ENSG00000283458	
ADAMTSL1	1	ENSG00000178031	
ADAMTSL5	1	ENSG00000185761	
ADAMTSL4	1	ENSG00000143382	
MTG1	1	ENSG00000148824	
MTG2	1	ENSG00000101181	
ADAMTSL3	1	ENSG00000156218	
DENND11	1	ENSG00000257093	
DENND10	1	ENSG00000119979	
ADAMTSL2	1	ENSG00000197859	
TK2	1	ENSG00000166548	
GAST	1	ENSG00000184502	
TK1	1	ENSG00000167900	
HK2-DT	1	ENSG00000272711	
CDH8-AS1	1	ENSG00000260115	
DENND2D	1	ENSG00000162777	
DENND2C	1	ENSG00000175984	
ENSG00000283462	1	ENSG00000283462	
KRTAP15-1	1	ENSG00000186970	
DENND2B	1	ENSG00000166444	
DENND2A	1	ENSG00000146966	
FAM3D-AS1	1	ENSG00000244383	
COPZ2	1	ENSG00000005243	
COPZ1	1	ENSG00000111481	
MTF1	1	ENSG00000188786	
MTF2	1	ENSG00000143033	
RARA	1	ENSG00000131759	
GAS2	1	ENSG00000148935	
RARB	1	ENSG00000077092	
GAS1	1	ENSG00000180447	
SINHCAF	1	ENSG00000139146	
TKT	1	ENSG00000163931	
GAS6	1	ENSG00000183087	
LNX1-AS1	1	ENSG00000250930	
GART	1	ENSG00000159131	
GAS5	1	ENSG00000234741	
GAS8	1	ENSG00000141013	
GAS7	1	ENSG00000007237	
LNX1-AS2	1	ENSG00000248494	
CEP295NL	1	ENSG00000178404	
OLFML3	1	ENSG00000116774	
ARRDC1-AS1	1	ENSG00000203993	
OLFML1	1	ENSG00000183801	
MBNL3	1	ENSG00000076770	
CDKN2D	1	ENSG00000129355	
CDKN2B	1	ENSG00000147883	
CDKN2C	1	ENSG00000123080	
CDKN2A	1	ENSG00000147889	
IL10RB	1	ENSG00000243646	
IL10RA	1	ENSG00000110324	
GATC	1	ENSG00000257218	
GATB	1	ENSG00000059691	
SNCAIP	1	ENSG00000064692	
CDKN2A-DT	1	ENSG00000224854	
FMNL1-AS1	1	ENSG00000233175	
GATM	1	ENSG00000171766	
OSTM1	1	ENSG00000081087	
GAU1	1	ENSG00000255474	
COQ8B	1	ENSG00000123815	
COQ8A	1	ENSG00000163050	
LINC02683	1	ENSG00000254438	
LINC02682	1	ENSG00000254661	
LINC02685	1	ENSG00000254654	
LINC02684	1	ENSG00000255512	
LINC02681	1	ENSG00000229649	
LINC02680	1	ENSG00000285737	
TNC	1	ENSG00000041982	
ENSG00000246465	1	ENSG00000246465	
TNF	1	ENSG00000232810	
TNN	1	ENSG00000120332	
ZNF217-AS1	1	ENSG00000197670	
TNR	1	ENSG00000116147	
LINC02679	1	ENSG00000226676	
LINC02676	1	ENSG00000234752	
LINC02675	1	ENSG00000264404	
LINC02672	1	ENSG00000227121	
LINC02671	1	ENSG00000224714	
LINC02674	1	ENSG00000234952	
LINC02673	1	ENSG00000260151	
WWTR1-IT1	1	ENSG00000241985	
LINC02670	1	ENSG00000224788	
LARP4B	1	ENSG00000107929	
RFX3-DT	1	ENSG00000232104	
KNCN	1	ENSG00000162456	
H4C16	1	ENSG00000197837	
H4C15	1	ENSG00000270276	
H4C14	1	ENSG00000270882	
H4C13	1	ENSG00000275126	
H4C12	1	ENSG00000273542	
H4C11	1	ENSG00000197238	
LINC02669	1	ENSG00000233321	
LINC02668	1	ENSG00000226762	
TOX	1	ENSG00000198846	
LINC02665	1	ENSG00000223581	
LINC02664	1	ENSG00000272381	
LINC02667	1	ENSG00000224190	
LINC02666	1	ENSG00000283141	
ENSG00000258471	1	ENSG00000258471	
INSIG2	1	ENSG00000125629	
INSIG1	1	ENSG00000186480	
MTLN	1	ENSG00000175701	
KNG1	1	ENSG00000113889	
MTM1	1	ENSG00000171100	
TPO	1	ENSG00000115705	
ESPNL	1	ENSG00000144488	
TPR	1	ENSG00000047410	
BTLA	1	ENSG00000186265	
LINC02698	1	ENSG00000256717	
LINC02697	1	ENSG00000255327	
LINC02699	1	ENSG00000254456	
LINC02694	1	ENSG00000175779	
LINC02693	1	ENSG00000212719	
ENSG00000258460	1	ENSG00000258460	
LINC02696	1	ENSG00000254427	
LINC02695	1	ENSG00000254699	
LINC02690	1	ENSG00000255226	
LINC02692	1	ENSG00000198454	
LINC02691	1	ENSG00000258913	
SYNJ2	1	ENSG00000078269	
RAX2	1	ENSG00000173976	
COPS4	1	ENSG00000138663	
COPRS	1	ENSG00000172301	
COPS3	1	ENSG00000141030	
COPS6	1	ENSG00000168090	
COPS5	1	ENSG00000121022	
SYNJ1	1	ENSG00000159082	
COPS2	1	ENSG00000166200	
LINC00028	1	ENSG00000233354	
LINC00029	1	ENSG00000125514	
ZNF775-AS1	1	ENSG00000239377	
COPS8	1	ENSG00000198612	
LINC02687	1	ENSG00000255267	
LINC02686	1	ENSG00000254594	
LINC02689	1	ENSG00000285985	
COPS9	1	ENSG00000172428	
LINC02688	1	ENSG00000254872	
LINC02641	2	ENSG00000286344:ENSG00000230131	
BMPR2	1	ENSG00000204217	
LINC02640	1	ENSG00000233590	
ATP6AP1-DT	1	ENSG00000197180	
TRH	1	ENSG00000170893	
SYNE4	1	ENSG00000181392	
WDFY3-AS1	1	ENSG00000251260	
MTO1	1	ENSG00000135297	
SYNE3	1	ENSG00000176438	
SYNE2	1	ENSG00000054654	
SYNE1	1	ENSG00000131018	
WDFY3-AS2	1	ENSG00000180769	
TRO	1	ENSG00000067445	
THBD	1	ENSG00000178726	
LINC02639	1	ENSG00000230573	
ENSG00000258419	1	ENSG00000258419	
LINC02636	1	ENSG00000224222	
PROX1-AS1	1	ENSG00000230461	
LINC02635	1	ENSG00000283000	
SERAC1	1	ENSG00000122335	
LINC02637	1	ENSG00000272430	
LINC02632	1	ENSG00000234864	
LINC02631	1	ENSG00000237772	
LINC02634	1	ENSG00000233200	
LINC02633	1	ENSG00000224265	
LINC02630	1	ENSG00000227313	
SECISBP2L	1	ENSG00000138593	
LANCL1	1	ENSG00000115365	
AVPR2	1	ENSG00000126895	
PGM5-AS1	1	ENSG00000224958	
TSN	1	ENSG00000211460	
TST	1	ENSG00000128311	
ESPL1	1	ENSG00000135476	
LINC02629	1	ENSG00000223470	
LINC02628	1	ENSG00000226412	
LANCL2	1	ENSG00000132434	
LINC02625	1	ENSG00000233643	
LANCL3	1	ENSG00000147036	
LINC02624	1	ENSG00000229775	
LINC02627	1	ENSG00000229466	
LINC02626	1	ENSG00000236799	
LINC02621	1	ENSG00000234756	
LINC02620	1	ENSG00000225768	
LINC02623	1	ENSG00000234944	
LINC02622	1	ENSG00000259267	
LINC02661	1	ENSG00000223381	
MTPN	1	ENSG00000105887	
LINC02660	1	ENSG00000226005	
LINC02663	1	ENSG00000228636	
LINC02662	1	ENSG00000231326	
NUP107-DT	1	ENSG00000247363	
TTK	1	ENSG00000112742	
TTC7B-AS1	1	ENSG00000259163	
TTL	1	ENSG00000114999	
TTN	1	ENSG00000155657	
TTR	1	ENSG00000118271	
LINC02658	1	ENSG00000234973	
LINC02659	1	ENSG00000236769	
LINC02654	1	ENSG00000226140	
ALOXE3	1	ENSG00000179148	
LINC02653	1	ENSG00000236373	
LINC02656	1	ENSG00000212743	
LINC02655	1	ENSG00000231082	
TUB	1	ENSG00000166402	
LINC02650	1	ENSG00000233945	
LINC02652	1	ENSG00000237128	
LINC02651	1	ENSG00000235645	
MTOR	1	ENSG00000198793	
GLOD4	1	ENSG00000167699	
GLOD5	1	ENSG00000171433	
LINC02647	1	ENSG00000223993	
LINC02646	1	ENSG00000236303	
LINC02649	1	ENSG00000215244	
LINC02648	1	ENSG00000225948	
LINC02643	1	ENSG00000230109	
LINC02642	1	ENSG00000232591	
LINC02645	1	ENSG00000234170	
LINC02644	1	ENSG00000230720	
TCERG1	1	ENSG00000113649	
C12orf57	1	ENSG00000111678	
MTRR	1	ENSG00000124275	
C12orf56	1	ENSG00000185306	
WDSUB1	1	ENSG00000196151	
ZMYND8	1	ENSG00000101040	
PITPNB	1	ENSG00000180957	
PITPNA	1	ENSG00000174238	
GBA1	1	ENSG00000177628	
MKI67	1	ENSG00000148773	
GBA2	1	ENSG00000070610	
KIAA0930	1	ENSG00000100364	
SYNPR	1	ENSG00000163630	
IGKV2D-19	1	ENSG00000253765	
IGKV2D-18	1	ENSG00000254220	
C12orf60	1	ENSG00000182993	
IGKV2D-10	1	ENSG00000253906	
BTRC	1	ENSG00000166167	
SYNPO	1	ENSG00000171992	
ABCA9-AS1	1	ENSG00000231749	
IGKV2D-14	1	ENSG00000254292	
KNL1	1	ENSG00000137812	
IGHVIII-11-1	1	ENSG00000254215	
THEG	1	ENSG00000105549	
IGKV2D-29	1	ENSG00000243264	
IGKV2D-28	1	ENSG00000242534	
IGKV2D-23	1	ENSG00000254345	
C12orf50	1	ENSG00000165805	
C12orf54	1	ENSG00000177627	
IGKV2D-26	1	ENSG00000211623	
IGKV2D-24	1	ENSG00000241566	
DIP2A-IT1	1	ENSG00000223692	
IGKV2D-30	1	ENSG00000239571	
TXK	1	ENSG00000074966	
MTTP	1	ENSG00000138823	
ST20-AS1	1	ENSG00000259642	
SLC7A14-AS1	1	ENSG00000285051	
SLC26A10P	1	ENSG00000135502	
TXN	1	ENSG00000136810	
IGKV2D-38	1	ENSG00000254009	
IGKV2D-36	1	ENSG00000253127	
IGKV2D-40	1	ENSG00000251039	
SYNRG	1	ENSG00000275066	
TYR	1	ENSG00000077498	
ZZZ3	1	ENSG00000036549	
VNN1	1	ENSG00000112299	
VNN2	1	ENSG00000112303	
C12orf71	1	ENSG00000214700	
RBAK	1	ENSG00000146587	
C12orf76	1	ENSG00000174456	
C12orf75	1	ENSG00000235162	
CD109-AS1	1	ENSG00000231652	
TENM1	1	ENSG00000009694	
TENM2	1	ENSG00000145934	
TENM3	1	ENSG00000218336	
TENM4	1	ENSG00000149256	
GBE1	1	ENSG00000114480	
SEC61G	1	ENSG00000132432	
SEC61B	1	ENSG00000106803	
LINC02599	1	ENSG00000233858	
LINC02598	1	ENSG00000256155	
LINC02595	1	ENSG00000231566	
LINC02594	1	ENSG00000267440	
LINC02596	1	ENSG00000233431	
LINC02591	1	ENSG00000263590	
LINC02593	1	ENSG00000223764	
SUGT1-DT	1	ENSG00000273723	
SCNM1	1	ENSG00000163156	
LINC02587	1	ENSG00000229108	
AVPI1	1	ENSG00000119986	
L3MBTL2-AS1	1	ENSG00000235513	
RBFA	1	ENSG00000101546	
C12orf40	1	ENSG00000180116	
C12orf43	1	ENSG00000157895	
C12orf42	1	ENSG00000179088	
MTX1	1	ENSG00000173171	
MTX2	1	ENSG00000128654	
C12orf29	1	ENSG00000133641	
MTX3	1	ENSG00000177034	
GBF1	1	ENSG00000107862	
NR6A1	1	ENSG00000148200	
COPG2	1	ENSG00000158623	
COPG1	1	ENSG00000181789	
FRA10AC1	1	ENSG00000148690	
TCAF2C	1	ENSG00000283528	
IHO1	1	ENSG00000173421	
CCL4L2	1	ENSG00000276070	
RHOXF2B	1	ENSG00000203989	
GOLGA6L9	1	ENSG00000197978	
BMPER	1	ENSG00000164619	
GOLGA6L6	1	ENSG00000277322	
GOLGA6L7	1	ENSG00000261649	
GOLGA6L4	1	ENSG00000184206	
PAPLN-AS1	1	ENSG00000258376	
IL11RA	1	ENSG00000137070	
SLC6A17-AS1	1	ENSG00000227091	
GOLGA6L2	1	ENSG00000174450	
STIMATE	1	ENSG00000213533	
CDPF1	1	ENSG00000205643	
GOLGA6L1	1	ENSG00000273976	
RSBN1	1	ENSG00000081019	
MBNL1-AS1	1	ENSG00000229619	
ZCCHC8	1	ENSG00000033030	
ZCCHC7	1	ENSG00000147905	
COPB2	1	ENSG00000184432	
SLC30A6-DT	1	ENSG00000272716	
COPB1	1	ENSG00000129083	
ZCCHC9	1	ENSG00000131732	
ALOX15	1	ENSG00000161905	
GSCAR	1	ENSG00000250377	
ALOX12	1	ENSG00000108839	
ZMAT1	1	ENSG00000166432	
THPO	1	ENSG00000090534	
ZMAT2	1	ENSG00000146007	
UBB	1	ENSG00000170315	
ZMAT3	1	ENSG00000172667	
ZMAT4	1	ENSG00000165061	
UBD	1	ENSG00000213886	
ZMAT5	1	ENSG00000100319	
UBC	1	ENSG00000150991	
LSINCT5	1	ENSG00000281560	
MPIG6B	1	ENSG00000204420	
ZCCHC4	1	ENSG00000168228	
RBIS	1	ENSG00000176731	
ZCCHC3	1	ENSG00000247315	
ZCCHC2	1	ENSG00000141664	
GLP1R	1	ENSG00000112164	
ST7-OT4	1	ENSG00000214188	
UCN	1	ENSG00000163794	
THRB	1	ENSG00000151090	
THRA	1	ENSG00000126351	
RBM3	1	ENSG00000102317	
RBM4	1	ENSG00000173933	
IGLV4-3	1	ENSG00000211672	
ARHGAP44-AS1	1	ENSG00000265489	
RBM7	1	ENSG00000076053	
RBM5	1	ENSG00000003756	
RBM6	1	ENSG00000004534	
GLP2R	1	ENSG00000065325	
RBL2	1	ENSG00000103479	
GAP43	1	ENSG00000172020	
RBL1	1	ENSG00000080839	
CD2AP-DT	1	ENSG00000270761	
RBKS	1	ENSG00000171174	
TSGA10IP	1	ENSG00000175513	
BICRA	1	ENSG00000063169	
MUC1	1	ENSG00000185499	
MUC2	1	ENSG00000198788	
EOLA1-DT	1	ENSG00000241769	
POC1A	1	ENSG00000164087	
MUC7	1	ENSG00000171195	
POC1B	1	ENSG00000139323	
BUB3	1	ENSG00000154473	
TENT2	1	ENSG00000164329	
GBP2	1	ENSG00000162645	
GBP1	1	ENSG00000117228	
MUC4	1	ENSG00000145113	
BUB1	1	ENSG00000169679	
GBP4	1	ENSG00000162654	
GBP3	1	ENSG00000117226	
MUC6	1	ENSG00000184956	
CAPN13	1	ENSG00000162949	
CAPN14	1	ENSG00000214711	
CAPN11	1	ENSG00000137225	
CAPN12	1	ENSG00000182472	
CAPN10	1	ENSG00000142330	
FSIP1	1	ENSG00000150667	
RBMX	1	ENSG00000147274	
FSIP2	1	ENSG00000188738	
LINC02960	1	ENSG00000275198	
CYYR1-AS1	1	ENSG00000197934	
OR2M7	1	ENSG00000177186	
OR2M5	1	ENSG00000162727	
OR2M4	1	ENSG00000171180	
OR2M3	1	ENSG00000228198	
OR2M2	1	ENSG00000198601	
RBPJ	1	ENSG00000168214	
MEIKIN	1	ENSG00000239642	
ING2-DT	1	ENSG00000232648	
ZFYVE28	1	ENSG00000159733	
P3R3URF	1	ENSG00000250719	
ZFYVE26	1	ENSG00000072121	
ZFYVE27	1	ENSG00000155256	
UBASH3B	1	ENSG00000154127	
LINC02959	1	ENSG00000267599	
LINC02958	1	ENSG00000265752	
PABPC4-AS1	1	ENSG00000228060	
LINC02955	1	ENSG00000256995	
ARHGEF38-IT1	1	ENSG00000249885	
LINC02954	1	ENSG00000256733	
LINC02957	1	ENSG00000260454	
UBASH3A	1	ENSG00000160185	
LINC02956	1	ENSG00000259854	
F10-AS1	1	ENSG00000231882	
LINC02951	1	ENSG00000255503	
LINC02950	1	ENSG00000254153	
IGSF21-AS1	1	ENSG00000230035	
LINC02953	1	ENSG00000255980	
LINC02952	1	ENSG00000255606	
GBP6	1	ENSG00000183347	
GBP5	1	ENSG00000154451	
GBP7	1	ENSG00000213512	
OR2L8	1	ENSG00000279263	
OR2L5	1	ENSG00000197454	
ZFYVE21	1	ENSG00000100711	
OR2L3	1	ENSG00000198128	
OR2L2	1	ENSG00000203663	
RBP7	1	ENSG00000162444	
RBP4	1	ENSG00000138207	
ZFYVE16	1	ENSG00000039319	
RBP5	1	ENSG00000139194	
RBP2	1	ENSG00000114113	
LINC02948	1	ENSG00000253182	
LINC02947	1	ENSG00000253140	
RBP3	1	ENSG00000265203	
ZFYVE19	1	ENSG00000166140	
RBP1	1	ENSG00000114115	
NR2F2-AS1	1	ENSG00000247809	
LINC02949	1	ENSG00000253505	
LINC02944	1	ENSG00000238276	
LINC02943	1	ENSG00000237609	
LINC02946	1	ENSG00000287036	
LINC02945	1	ENSG00000249815	
LINC02940	1	ENSG00000235888	
LINC02942	1	ENSG00000237074	
LINC02941	1	ENSG00000236013	
LINC02980	1	ENSG00000272462	
LINC02982	1	ENSG00000215246	
LINC02981	1	ENSG00000214870	
LINC00320	1	ENSG00000224924	
CEP85L	1	ENSG00000111860	
OR2K2	1	ENSG00000171133	
THY1	1	ENSG00000154096	
ENSG00000283599	1	ENSG00000283599	
LINC00319	1	ENSG00000188660	
WBP2NL	1	ENSG00000183066	
MACROD2-IT1	1	ENSG00000227927	
LINC00314	1	ENSG00000178457	
LINC02977	1	ENSG00000259953	
LINC00315	1	ENSG00000184274	
LINC02976	1	ENSG00000231113	
LINC00316	1	ENSG00000237664	
LINC02979	1	ENSG00000267480	
LINC00317	1	ENSG00000238265	
LINC02978	1	ENSG00000265743	
LINC00310	1	ENSG00000227456	
LINC02973	1	ENSG00000272002	
LINC00311	1	ENSG00000179219	
LINC02972	1	ENSG00000249790	
LINC02975	1	ENSG00000224307	
LINC00313	1	ENSG00000185186	
LINC02974	1	ENSG00000266288	
EDEM3	1	ENSG00000116406	
LINC02971	1	ENSG00000237520	
LINC02970	1	ENSG00000273812	
EDEM1	1	ENSG00000134109	
EDEM2	1	ENSG00000088298	
OR2J3	1	ENSG00000204701	
OR2J2	1	ENSG00000204700	
OR2J1	1	ENSG00000204702	
PTRHD1	1	ENSG00000184924	
COL1A1	1	ENSG00000108821	
COL1A2	1	ENSG00000164692	
LINC00307	1	ENSG00000227342	
LINC00308	1	ENSG00000184856	
LINC00309	1	ENSG00000230923	
LINC00303	1	ENSG00000176754	
LINC02966	1	ENSG00000234997	
LINC00304	1	ENSG00000180422	
LINC02965	1	ENSG00000269086	
LINC00305	1	ENSG00000179676	
LINC02968	1	ENSG00000223511	
LINC02967	1	ENSG00000274173	
LINC02961	1	ENSG00000279261	
LINC02964	1	ENSG00000286122	
LINC02963	1	ENSG00000255652	
DENND3-AS1	1	ENSG00000253210	
SUCLG2-DT	1	ENSG00000241316	
TAB3-AS2	1	ENSG00000235512	
TAB3-AS1	1	ENSG00000231542	
LLCFC1	1	ENSG00000165131	
LINC02919	1	ENSG00000237494	
TUBA1C	1	ENSG00000167553	
LINC02918	1	ENSG00000237950	
TUBA1B	1	ENSG00000123416	
TUBA1A	1	ENSG00000167552	
LINC02915	1	ENSG00000175746	
LINC02914	1	ENSG00000176605	
PP7080	1	ENSG00000188242	
LINC02917	1	ENSG00000239941	
LINC02916	1	ENSG00000230555	
LINC02911	1	ENSG00000261190	
LINC02910	1	ENSG00000176659	
LINC02913	1	ENSG00000179082	
RBMY1F	1	ENSG00000169800	
RBMY1E	1	ENSG00000242389	
RBMY1J	1	ENSG00000226941	
RBSN	1	ENSG00000131381	
LINC02908	1	ENSG00000180539	
LINC02907	1	ENSG00000178243	
LINC02909	1	ENSG00000226397	
RILPL2	1	ENSG00000150977	
LINC02904	1	ENSG00000177335	
RILPL1	1	ENSG00000188026	
LINC02903	1	ENSG00000205174	
LINC02906	1	ENSG00000279847	
LINC02900	1	ENSG00000249647	
LINC02902	1	ENSG00000221845	
LINC02901	1	ENSG00000203711	
RBMY1D	1	ENSG00000244395	
DSCAML1	1	ENSG00000177103	
RBMY1B	1	ENSG00000242875	
KATNIP	1	ENSG00000047578	
MIEF2	1	ENSG00000177427	
MIEF1	1	ENSG00000100335	
UNG	1	ENSG00000076248	
GLRA1	1	ENSG00000145888	
TUBA3E	1	ENSG00000152086	
TUBA3D	1	ENSG00000075886	
GLRA2	1	ENSG00000101958	
PDE6B-AS1	1	ENSG00000242686	
UNK	1	ENSG00000132478	
GLRA3	1	ENSG00000145451	
TUBA3C	1	ENSG00000198033	
GBX2	1	ENSG00000168505	
LINC02937	2	ENSG00000230537:ENSG00000237422	
GBX1	1	ENSG00000164900	
LINC02936	1	ENSG00000227359	
LINC02939	1	ENSG00000235159	
LINC02938	1	ENSG00000230731	
LINC02933	1	ENSG00000266289	
LINC02932	1	ENSG00000243144	
LINC02935	1	ENSG00000225292	
LINC02934	1	ENSG00000204929	
LINC02931	1	ENSG00000224765	
LINC02930	1	ENSG00000274461	
MED28-DT	1	ENSG00000249502	
GHET1	1	ENSG00000281189	
GLRA4	1	ENSG00000188828	
ASPRV1	1	ENSG00000244617	
LINC02929	1	ENSG00000285551	
LINC02926	1	ENSG00000230310	
LINC02925	1	ENSG00000234869	
LINC02928	1	ENSG00000273257	
SERBP1	1	ENSG00000142864	
LINC02927	1	ENSG00000230153	
LINC02922	1	ENSG00000235629	
ETFBKMT	1	ENSG00000139160	
LINC02924	1	ENSG00000232874	
LINC02923	1	ENSG00000235497	
LINC02920	1	ENSG00000236471	
LINC00383	1	ENSG00000235221	
LINC00384	1	ENSG00000232117	
MSANTD2-AS1	1	ENSG00000245498	
LINC00385	1	ENSG00000232643	
ENSG00000258572	1	ENSG00000258572	
LINC00380	1	ENSG00000234625	
LINC00381	1	ENSG00000226240	
LINC00382	1	ENSG00000229175	
ENSG00000283536	1	ENSG00000283536	
SMCHD1	1	ENSG00000101596	
LINC00376	1	ENSG00000227564	
LINC00377	1	ENSG00000229246	
LINC00378	1	ENSG00000225249	
ENSG00000271551	1	ENSG00000271551	
LINC00379	1	ENSG00000229557	
PPP1R16B	1	ENSG00000101445	
LINC00373	1	ENSG00000231019	
LINC00374	1	ENSG00000232954	
AREL1	1	ENSG00000119682	
LINC00375	1	ENSG00000226370	
LINC00370	1	ENSG00000223617	
PPP1R16A	1	ENSG00000160972	
ZNF8-DT	1	ENSG00000268516	
MUL1	1	ENSG00000090432	
OR2T8	1	ENSG00000177462	
TUBA4B	1	ENSG00000243910	
TUBA4A	1	ENSG00000127824	
OR2T6	1	ENSG00000198104	
RBX1	1	ENSG00000100387	
OR2T5	1	ENSG00000203661	
OR2T4	1	ENSG00000196944	
RBMXL3	1	ENSG00000175718	
OR2T3	1	ENSG00000196539	
RBMXL2	1	ENSG00000170748	
OR2T2	1	ENSG00000196240	
OR2T1	1	ENSG00000175143	
RBMXL1	1	ENSG00000213516	
LINC00365	1	ENSG00000224511	
LINC00366	1	ENSG00000229437	
OVCH1-AS1	1	ENSG00000257599	
LINC00368	1	ENSG00000225870	
TUBGCP2	1	ENSG00000130640	
OR2S2	1	ENSG00000278889	
KIF1C-AS1	1	ENSG00000227495	
LINC00398	1	ENSG00000237879	
LINC00399	1	ENSG00000229792	
LINC00395	1	ENSG00000231061	
TIA1	1	ENSG00000116001	
LINC00396	1	ENSG00000231428	
LINC00397	1	ENSG00000223404	
LINC00390	1	ENSG00000226519	
BICRAL	1	ENSG00000112624	
LINC00391	1	ENSG00000238230	
LINC00392	1	ENSG00000228295	
LINC00393	1	ENSG00000224853	
UST	1	ENSG00000111962	
TUBGCP5	1	ENSG00000275835	
TUBGCP6	1	ENSG00000128159	
TUBGCP3	1	ENSG00000126216	
TUBGCP4	1	ENSG00000137822	
LINC00387	1	ENSG00000231914	
LINC00388	1	ENSG00000229788	
MOXD1	1	ENSG00000079931	
PPP1R13B	1	ENSG00000088808	
LINC00342	1	ENSG00000232931	
TGFB2-OT1	1	ENSG00000281453	
PPP1R13L	1	ENSG00000104881	
OR2Y1	1	ENSG00000174339	
LINC00336	1	ENSG00000197251	
LINC02999	1	ENSG00000250564	
UTY	1	ENSG00000183878	
LINC00339	1	ENSG00000218510	
LINC00332	1	ENSG00000230710	
LINC02995	1	ENSG00000253955	
LINC00333	1	ENSG00000233349	
LINC02994	1	ENSG00000250546	
LINC00334	1	ENSG00000182586	
LINC02997	1	ENSG00000249364	
LINC02991	1	ENSG00000196758	
LINC02990	1	ENSG00000253931	
LINC00330	1	ENSG00000235097	
LINC02993	1	ENSG00000287115	
PPP1R12A	1	ENSG00000058272	
LINC00331	1	ENSG00000225427	
D21S2088E	1	ENSG00000228592	
H2BC6-AS1	1	ENSG00000283064	
FXYD6-AS1	1	ENSG00000254528	
LINC02988	1	ENSG00000285554	
LINC00326	1	ENSG00000231023	
LINC02987	1	ENSG00000267575	
LINC00327	1	ENSG00000232977	
LINC02989	1	ENSG00000255400	
ENSG00000258525	1	ENSG00000258525	
PPP1R12B	1	ENSG00000077157	
LINC02984	1	ENSG00000237807	
PPP1R12C	1	ENSG00000125503	
LINC02983	1	ENSG00000234432	
LINC00322	1	ENSG00000237864	
LINC00323	1	ENSG00000226496	
LINC02986	1	ENSG00000260317	
LINC00324	1	ENSG00000178977	
LINC02985	1	ENSG00000256546	
PPP1R15A	1	ENSG00000087074	
PPP1R15B	1	ENSG00000158615	
LINC00362	1	ENSG00000229483	
LINC00363	1	ENSG00000232849	
LINC00364	1	ENSG00000230040	
KATNB1	1	ENSG00000140854	
FURIN	1	ENSG00000140564	
MIEN1	1	ENSG00000141741	
OR2W3	1	ENSG00000238243	
KATNA1	1	ENSG00000186625	
OR2W1	1	ENSG00000204704	
TIFA	1	ENSG00000145365	
FLJ40288	1	ENSG00000183470	
LINC00358	1	ENSG00000229578	
LINC00354	1	ENSG00000226903	
LINC00355	1	ENSG00000227674	
LINC00350	1	ENSG00000225316	
PPP1R14A	1	ENSG00000167641	
LINC00351	1	ENSG00000226317	
PPP1R14B	1	ENSG00000173457	
LINC00352	1	ENSG00000227893	
PPP1R14C	1	ENSG00000198729	
LINC00353	1	ENSG00000236176	
TIE1	1	ENSG00000066056	
OR2V2	1	ENSG00000182613	
OR2V1	1	ENSG00000185372	
OPN1MW2	1	ENSG00000166160	
OPN1MW3	1	ENSG00000269433	
LINC00347	1	ENSG00000236678	
LINC00348	1	ENSG00000226846	
LINC00349	1	ENSG00000231238	
CDR2L	1	ENSG00000109089	
PPP1R14D	1	ENSG00000166143	
LINC00343	1	ENSG00000226620	
LINC00345	1	ENSG00000235660	
CRADD-AS1	1	ENSG00000258274	
LRIG2-DT	1	ENSG00000238198	
GCC2	1	ENSG00000135968	
GCC1	1	ENSG00000179562	
LOC286083	1	ENSG00000275427	
UXT	1	ENSG00000126756	
TCL1B	1	ENSG00000213231	
TCL1A	1	ENSG00000100721	
POF1B	1	ENSG00000124429	
DHX57	1	ENSG00000163214	
DHX58	1	ENSG00000108771	
OXER1	1	ENSG00000162881	
RCC1	1	ENSG00000180198	
ZBTB44-DT	1	ENSG00000175773	
PABIR1	1	ENSG00000187866	
ADPGK-AS1	1	ENSG00000260898	
MUSK	1	ENSG00000030304	
GCAT	1	ENSG00000100116	
PABIR2	1	ENSG00000156504	
PABIR3	1	ENSG00000156500	
DHX40	1	ENSG00000108406	
MXRA8	1	ENSG00000162576	
MXRA7	1	ENSG00000182534	
PEX11G	1	ENSG00000104883	
MXRA5	1	ENSG00000101825	
MMADHC	1	ENSG00000168288	
GCDH	1	ENSG00000105607	
PAXIP1	1	ENSG00000157212	
PEX11A	1	ENSG00000166821	
PEX11B	1	ENSG00000131779	
PTTG1IP	1	ENSG00000183255	
LOC105371745	1	ENSG00000270240	
DHX30	1	ENSG00000132153	
DHX32	1	ENSG00000089876	
DHX33	1	ENSG00000005100	
DHX34	1	ENSG00000134815	
MIER3	1	ENSG00000155545	
DHX35	1	ENSG00000101452	
MIER2	1	ENSG00000105556	
DHX36	1	ENSG00000174953	
MIER1	1	ENSG00000198160	
DHX37	1	ENSG00000150990	
ZBED2	1	ENSG00000177494	
DHX38	1	ENSG00000140829	
ZBED1	1	ENSG00000214717	
RCE1	1	ENSG00000173653	
ZBED6	1	ENSG00000257315	
ZBED5	1	ENSG00000236287	
ZBED4	1	ENSG00000100426	
ZBED3	1	ENSG00000132846	
RCC2	1	ENSG00000179051	
OR2Z1	1	ENSG00000181733	
DHX29	1	ENSG00000067248	
BMP2K-DT	1	ENSG00000260278	
DHX15	1	ENSG00000109606	
C2CD5-AS1	1	ENSG00000250166	
DHX16	1	ENSG00000204560	
LINC00299	1	ENSG00000236790	
FLJ42969	1	ENSG00000248599	
LINC00297	1	ENSG00000224329	
LINC00298	1	ENSG00000235665	
STARD3NL	1	ENSG00000010270	
LINC00293	1	ENSG00000253314	
LINC00294	1	ENSG00000280798	
LINC00290	1	ENSG00000248197	
TRAV1-1	1	ENSG00000255569	
TRAV1-2	1	ENSG00000256553	
OR3A3	1	ENSG00000159961	
OR3A2	1	ENSG00000221882	
OR3A1	1	ENSG00000180090	
ESAM-AS1	1	ENSG00000250073	
GCH1	1	ENSG00000131979	
NORAD	1	ENSG00000260032	
GCGR	1	ENSG00000215644	
MAD2L2	1	ENSG00000116670	
GARS1	1	ENSG00000106105	
ENSG00000234519	1	ENSG00000234519	
MAD2L1	1	ENSG00000164109	
PHRF1	1	ENSG00000070047	
BRWD1-IT1	1	ENSG00000237373	
TPRA1	1	ENSG00000163870	
RPP25L	1	ENSG00000164967	
TERB1	1	ENSG00000249961	
TERB2	1	ENSG00000167014	
ERICH6B	1	ENSG00000165837	
VCL	1	ENSG00000035403	
GCM2	1	ENSG00000124827	
GCM1	1	ENSG00000137270	
NDRG4	1	ENSG00000103034	
VCP	1	ENSG00000165280	
NDRG3	1	ENSG00000101079	
VCX	1	ENSG00000182583	
NDRG2	1	ENSG00000165795	
HS1BP3-IT1	1	ENSG00000231948	
NDRG1	1	ENSG00000104419	
VCY	1	ENSG00000129864	
TAF5L	1	ENSG00000135801	
MCPH1-AS1	1	ENSG00000249898	
GCN1	1	ENSG00000089154	
GCKR	1	ENSG00000084734	
VDR	1	ENSG00000111424	
NFXL1	1	ENSG00000170448	
GATA6-AS1	1	ENSG00000266010	
GULP1	1	ENSG00000144366	
RCL1	1	ENSG00000120158	
GCLC	1	ENSG00000001084	
TAF4B	1	ENSG00000141384	
FAM181A-AS1	1	ENSG00000258584	
JARID2-DT	1	ENSG00000271888	
GCLM	1	ENSG00000023909	
CNRIP1	1	ENSG00000119865	
IFT74-AS1	1	ENSG00000234676	
DNAH17-AS1	1	ENSG00000267432	
ATXN1-AS1	1	ENSG00000229931	
GATAD1	1	ENSG00000157259	
GLRX3	1	ENSG00000108010	
GLRX5	1	ENSG00000182512	
GLRX2	1	ENSG00000023572	
GCNA	1	ENSG00000147174	
RCN3	1	ENSG00000142552	
RCN1	1	ENSG00000049449	
RCN2	1	ENSG00000117906	
PSRC1	1	ENSG00000134222	
VGF	1	ENSG00000128564	
MMRN1	1	ENSG00000138722	
MMRN2	1	ENSG00000173269	
TUBAL3	1	ENSG00000178462	
TAF1L	1	ENSG00000122728	
TAF1D	1	ENSG00000166012	
TNKS2	1	ENSG00000107854	
TAF1B	1	ENSG00000115750	
TAF1C	1	ENSG00000103168	
TAF1A	1	ENSG00000143498	
PHEX-AS1	1	ENSG00000224204	
VHL	1	ENSG00000134086	
CCDC144NL-AS1	1	ENSG00000233098	
TAF15	1	ENSG00000270647	
TAF12	1	ENSG00000120656	
TAF13	1	ENSG00000197780	
TAF10	1	ENSG00000166337	
TAF11	1	ENSG00000064995	
OGFR-AS1	1	ENSG00000229873	
VIM	1	ENSG00000026025	
VIP	1	ENSG00000146469	
RPL26L1	1	ENSG00000037241	
VIT	1	ENSG00000205221	
RAPH1	1	ENSG00000173166	
OR1K1	1	ENSG00000165204	
RD3L	1	ENSG00000227729	
GCSH	1	ENSG00000140905	
LINC02838	1	ENSG00000285536	
LINC02837	1	ENSG00000264464	
LINC02839	1	ENSG00000254123	
LINC02834	1	ENSG00000285686	
LINC02833	1	ENSG00000258742	
LINC02836	1	ENSG00000237567	
LINC02835	1	ENSG00000285711	
LINC02830	1	ENSG00000224899	
BVES	1	ENSG00000112276	
LINC02832	1	ENSG00000227308	
LINC02831	1	ENSG00000224173	
MIR142HG	1	ENSG00000265206	
SYT9-AS1	1	ENSG00000251364	
KRTAP17-1	1	ENSG00000186860	
OR1J4	1	ENSG00000239590	
OR1J2	1	ENSG00000197233	
OR1J1	1	ENSG00000136834	
FAM78B-AS1	1	ENSG00000203307	
ALG9-IT1	1	ENSG00000254450	
LINC02827	1	ENSG00000236908	
LINC02826	1	ENSG00000275212	
LIN28B-AS1	1	ENSG00000203809	
LINC02829	1	ENSG00000229274	
LINC02828	1	ENSG00000224164	
LINC02823	1	ENSG00000258100	
LINC02822	1	ENSG00000286021	
LINC02825	1	ENSG00000256494	
LINC02824	1	ENSG00000255998	
LINC02821	1	ENSG00000257139	
LINC02820	1	ENSG00000258815	
LINC02861	1	ENSG00000262185	
LINC02860	1	ENSG00000222004	
OR1I1	1	ENSG00000094661	
SLAIN2	1	ENSG00000109171	
A1BG	1	ENSG00000121410	
SLAIN1	1	ENSG00000139737	
LINC02856	1	ENSG00000285594	
LINC02855	1	ENSG00000254209	
LINC02858	1	ENSG00000285869	
LINC02857	1	ENSG00000230852	
LINC02852	1	ENSG00000285866	
LINC02851	1	ENSG00000229611	
LINC02854	1	ENSG00000238131	
REPIN1-AS1	1	ENSG00000240449	
LINC02853	1	ENSG00000259245	
GSDMD	1	ENSG00000104518	
GSDMC	1	ENSG00000147697	
GSDMB	1	ENSG00000073605	
LINC02850	1	ENSG00000236436	
GSDMA	1	ENSG00000167914	
TMEM190	1	ENSG00000160472	
TMEM192	1	ENSG00000170088	
FLJ40194	1	ENSG00000177369	
A1CF	1	ENSG00000148584	
TMEM196	1	ENSG00000173452	
TMEM198	1	ENSG00000188760	
ZFAT-AS1	1	ENSG00000248492	
TMEM199	1	ENSG00000244045	
ASAH2B	1	ENSG00000204147	
LINC02849	1	ENSG00000285768	
LINC02848	1	ENSG00000226581	
LINC02845	1	ENSG00000253644	
LINC02844	1	ENSG00000253679	
CHRFAM7A	1	ENSG00000166664	
LINC02847	1	ENSG00000253702	
LINC02846	1	ENSG00000260193	
LINC02841	1	ENSG00000267407	
LINC02840	1	ENSG00000224893	
LINC02843	1	ENSG00000228189	
GSDME	1	ENSG00000105928	
LINC02842	1	ENSG00000254119	
TMEM181	1	ENSG00000146433	
TMEM182	1	ENSG00000170417	
TMEM186	1	ENSG00000184857	
TMEM187	1	ENSG00000177854	
ENSG00000268055	1	ENSG00000268055	
TMSB4X	1	ENSG00000205542	
TMSB4Y	1	ENSG00000154620	
LDLRAP1	1	ENSG00000157978	
GPRASP1	1	ENSG00000198932	
GPRASP2	1	ENSG00000158301	
GPRASP3	1	ENSG00000198908	
SNAP47-AS1	1	ENSG00000230005	
TACR2	1	ENSG00000075073	
TACR3	1	ENSG00000169836	
TMEM171	1	ENSG00000157111	
TACR1	1	ENSG00000115353	
TMEM174	1	ENSG00000164325	
OR1N2	1	ENSG00000171501	
TMEM175	1	ENSG00000127419	
OR1N1	1	ENSG00000171505	
TMEM177	1	ENSG00000144120	
TMEM179	1	ENSG00000258986	
CACNA1C-IT3	1	ENSG00000256721	
CACNA1C-IT1	1	ENSG00000256837	
HOXD13	1	ENSG00000128714	
TMEM160	1	ENSG00000130748	
HOXD12	1	ENSG00000170178	
HOXD11	1	ENSG00000128713	
ENSG00000283674	1	ENSG00000283674	
HOXD10	1	ENSG00000128710	
TMEM163	1	ENSG00000152128	
OR1M1	1	ENSG00000170929	
TMEM164	1	ENSG00000157600	
TMEM165	1	ENSG00000134851	
LINC02819	1	ENSG00000224943	
TMEM168	1	ENSG00000146802	
TMEM169	1	ENSG00000163449	
LINC02816	1	ENSG00000225857	
LINC02815	1	ENSG00000282111	
LINC02818	1	ENSG00000231966	
LINC02817	1	ENSG00000234754	
LINC02812	1	ENSG00000230138	
LINC02811	1	ENSG00000284678	
LINC02814	1	ENSG00000236975	
LINC02813	1	ENSG00000225334	
LGR4-AS1	1	ENSG00000254862	
LINC02810	1	ENSG00000236648	
OR1L8	1	ENSG00000171496	
OR1L6	1	ENSG00000171459	
OR1L4	1	ENSG00000136939	
OR1L3	1	ENSG00000171481	
OR1L1	1	ENSG00000173679	
TMEM154	1	ENSG00000170006	
LINC02809	1	ENSG00000276255	
TMEM156	1	ENSG00000121895	
LINC02808	1	ENSG00000284696	
TMEM158	1	ENSG00000249992	
LINC02805	1	ENSG00000232265	
LINC02806	1	ENSG00000238107	
LINC02801	1	ENSG00000284240	
LINC02800	1	ENSG00000230023	
LINC02803	1	ENSG00000227740	
LINC02802	1	ENSG00000232527	
LINC00265	1	ENSG00000188185	
LINC00261	1	ENSG00000259974	
DOCK4-AS1	1	ENSG00000225572	
CCDC88C-DT	1	ENSG00000258798	
ZFP36	1	ENSG00000128016	
OR1S2	1	ENSG00000197887	
OR1S1	1	ENSG00000280204	
ZFP30	1	ENSG00000120784	
TMSB10	1	ENSG00000034510	
ZFP37	1	ENSG00000136866	
LINC00251	1	ENSG00000280725	
ENSG00000256020	1	ENSG00000256020	
LINC00254	1	ENSG00000281219	
SYPL2	1	ENSG00000143028	
HYOU1-AS1	1	ENSG00000255114	
SYPL1	1	ENSG00000008282	
ZFP41	1	ENSG00000181638	
SETBP1-DT	1	ENSG00000267414	
ZFP42	1	ENSG00000179059	
PHPT1	1	ENSG00000054148	
LINC00244	1	ENSG00000279418	
MAD1L1	1	ENSG00000002822	
CALCRL	1	ENSG00000064989	
SSBP3-AS1	1	ENSG00000198711	
LINC00280	1	ENSG00000229643	
ILDR1	1	ENSG00000145103	
ILDR2	1	ENSG00000143195	
VTN	1	ENSG00000109072	
OR1Q1	1	ENSG00000165202	
HMBOX1	1	ENSG00000147421	
ZFP57	1	ENSG00000204644	
ENSG00000283627	1	ENSG00000283627	
LINC00278	1	ENSG00000231535	
LINC00279	1	ENSG00000286217	
ESRRA	1	ENSG00000173153	
LINC00273	1	ENSG00000256642	
LINC00276	1	ENSG00000230448	
ZG16B	1	ENSG00000162078	
DARS1-AS1	1	ENSG00000231890	
ESRRB	1	ENSG00000119715	
LINC00272	1	ENSG00000203729	
ESRRG	1	ENSG00000196482	
TRMT9B	1	ENSG00000250305	
ZFP69	1	ENSG00000187815	
ENSG00000283638	1	ENSG00000283638	
ZFP62	1	ENSG00000196670	
ZFP64	1	ENSG00000020256	
TADA3	1	ENSG00000171148	
TADA1	1	ENSG00000152382	
LINC00269	1	ENSG00000215162	
LINC02881	1	ENSG00000277288	
LINC02880	1	ENSG00000175967	
LINC02883	1	ENSG00000259416	
LINC02882	1	ENSG00000251138	
LINC00221	1	ENSG00000270816	
ZFP82	1	ENSG00000181007	
LINC02878	1	ENSG00000181097	
LINC02877	1	ENSG00000237787	
LINC00216	1	ENSG00000279636	
HIF1AN	1	ENSG00000166135	
LINC02874	1	ENSG00000257137	
LINC02873	1	ENSG00000175728	
PROSER2-AS1	1	ENSG00000225778	
LINC02876	1	ENSG00000227011	
LINC02875	1	ENSG00000187013	
LINC02870	1	ENSG00000180066	
LINC02872	1	ENSG00000204446	
LINC02871	1	ENSG00000125899	
LINC00210	1	ENSG00000231814	
STAM-DT	1	ENSG00000260589	
VWF	1	ENSG00000110799	
ZFP92	1	ENSG00000189420	
ZFP91	1	ENSG00000186660	
ZFP90	1	ENSG00000184939	
LINC00208	1	ENSG00000170983	
ESRP2	1	ENSG00000103067	
ESRP1	1	ENSG00000104413	
LINC00205	1	ENSG00000223768	
LINC02866	1	ENSG00000253665	
SNRPA1	1	ENSG00000131876	
LINC02869	1	ENSG00000228208	
LINC00207	1	ENSG00000187012	
LINC02868	1	ENSG00000203864	
PKHD1L1	1	ENSG00000205038	
LINC00200	1	ENSG00000229205	
LINC02863	1	ENSG00000238160	
LINC02862	1	ENSG00000237571	
LINC02865	1	ENSG00000229922	
LINC02864	1	ENSG00000263711	
LINC00240	1	ENSG00000224843	
LINC00242	1	ENSG00000229214	
LINC00243	1	ENSG00000214894	
VXN	1	ENSG00000169085	
LINC00237	1	ENSG00000225127	
ADGRL1-AS1	1	ENSG00000267169	
CCNY-AS1	1	ENSG00000271335	
PRRT1B	1	ENSG00000283526	
LINC02899	1	ENSG00000248874	
SNRPB2	1	ENSG00000125870	
LINC00239	1	ENSG00000258512	
LINC02896	1	ENSG00000259215	
LINC02895	1	ENSG00000259380	
LINC02898	1	ENSG00000205086	
DPH5-DT	1	ENSG00000233184	
LINC00235	1	ENSG00000277142	
LINC02897	1	ENSG00000221953	
CDRT4	1	ENSG00000239704	
LINC02891	1	ENSG00000249923	
RCVRN	1	ENSG00000109047	
LINC02894	1	ENSG00000261437	
ERVMER34-1	1	ENSG00000226887	
LINC02893	1	ENSG00000269994	
TXNRD3	1	ENSG00000197763	
CDRT7	1	ENSG00000259944	
TXNRD2	1	ENSG00000184470	
CDRT8	1	ENSG00000265163	
TXNRD1	1	ENSG00000198431	
LINC02890	1	ENSG00000260905	
LINC02889	1	ENSG00000236039	
LINC00226	1	ENSG00000276210	
LINC02888	1	ENSG00000236318	
ENSG00000232058	1	ENSG00000232058	
LINC00229	1	ENSG00000234300	
CBLN4	1	ENSG00000054803	
LINC00222	1	ENSG00000203801	
LINC02885	1	ENSG00000286592	
MMACHC	1	ENSG00000132763	
CBLN3	1	ENSG00000139899	
LINC02884	1	ENSG00000231246	
ENSG00000256001	1	ENSG00000256001	
CBLN2	1	ENSG00000141668	
LINC02887	1	ENSG00000280279	
CBLN1	1	ENSG00000102924	
LINC02886	1	ENSG00000253712	
ERVK13-1	1	ENSG00000260565	
VIPR1	1	ENSG00000114812	
VIPR2	1	ENSG00000106018	
GDE1	1	ENSG00000006007	
RAPGEFL1	1	ENSG00000108352	
ENSG00000234647	1	ENSG00000234647	
TRMT44	1	ENSG00000155275	
ZFPL1	1	ENSG00000162300	
AGFG2	1	ENSG00000106351	
AGFG1	1	ENSG00000173744	
GARIN5B	1	ENSG00000180043	
GARIN5A	1	ENSG00000142530	
CARHSP1	1	ENSG00000153048	
PDE12	1	ENSG00000174840	
ZFPM2	1	ENSG00000169946	
CBLL2	1	ENSG00000175809	
CBLL1	1	ENSG00000105879	
ZFPM1	1	ENSG00000179588	
NECAB2	1	ENSG00000103154	
KPRP	1	ENSG00000203786	
NECAB1	1	ENSG00000123119	
NECAB3	1	ENSG00000125967	
PDE1C	1	ENSG00000154678	
PDE1B	1	ENSG00000123360	
PDE1A	1	ENSG00000115252	
TRMT2A	1	ENSG00000099899	
TRMT2B	1	ENSG00000188917	
APPBP2-DT	1	ENSG00000259349	
VPS8	1	ENSG00000156931	
LARRPM	1	ENSG00000287966	
TRMT1L	1	ENSG00000121486	
ODF2-AS1	1	ENSG00000225951	
CD81-AS1	1	ENSG00000238184	
CBLIF	1	ENSG00000134812	
PDE2A	1	ENSG00000186642	
GDF2	1	ENSG00000263761	
GDF1	1	ENSG00000130283	
DDIT4L	1	ENSG00000145358	
IFNLR1	1	ENSG00000185436	
GDF3	1	ENSG00000184344	
GDF6	1	ENSG00000156466	
HSPBAP1	1	ENSG00000169087	
GDF5	1	ENSG00000125965	
GDF7	1	ENSG00000143869	
GDF9	1	ENSG00000164404	
CORO6	1	ENSG00000167549	
PDE3A	1	ENSG00000172572	
TRMT12	1	ENSG00000183665	
TRMT13	1	ENSG00000122435	
TRMT11	1	ENSG00000066651	
CORO7	1	ENSG00000262246	
INKA2	1	ENSG00000197852	
INKA1	1	ENSG00000185614	
OR2A1	1	ENSG00000221970	
RDH8	1	ENSG00000080511	
GDI1	1	ENSG00000203879	
SH3KBP1	1	ENSG00000147010	
GDI2	1	ENSG00000057608	
LINC00184	1	ENSG00000224939	
ZBTB8OS	1	ENSG00000176261	
URB1-AS1	1	ENSG00000256073	
LINC00174	1	ENSG00000179406	
ATP6V0B	1	ENSG00000117410	
LINC00173	1	ENSG00000196668	
IGHVIII-13-1	1	ENSG00000253412	
BBS10	1	ENSG00000179941	
BBS12	1	ENSG00000181004	
DUSP5-DT	1	ENSG00000273143	
WAC	1	ENSG00000095787	
RDH5	1	ENSG00000135437	
KPTN	1	ENSG00000118162	
ATP6V0C	1	ENSG00000185883	
RAPSN	1	ENSG00000165917	
LILRA6	1	ENSG00000244482	
AHI1-DT	1	ENSG00000231028	
WAS	1	ENSG00000015285	
LILRA1	1	ENSG00000104974	
LILRA2	1	ENSG00000239998	
LILRA4	1	ENSG00000239961	
LILRA5	1	ENSG00000187116	
LOC286177	1	ENSG00000253614	
MSRB3-AS1	1	ENSG00000250748	
TLDC2	1	ENSG00000101342	
IQSEC3-AS1	1	ENSG00000256540	
IQSEC3-AS2	1	ENSG00000256948	
CORIN	1	ENSG00000145244	
C16orf46-DT	1	ENSG00000245059	
LILRB1	1	ENSG00000104972	
LILRB2	1	ENSG00000131042	
LILRB3	1	ENSG00000204577	
LILRB4	1	ENSG00000186818	
LILRB5	1	ENSG00000105609	
TJP1	1	ENSG00000104067	
TPPP3	1	ENSG00000159713	
TPPP2	1	ENSG00000179636	
BSG-AS1	1	ENSG00000267751	
LINC00189	1	ENSG00000215533	
TJP3	1	ENSG00000105289	
TJP2	1	ENSG00000119139	
PPP1R26-AS1	1	ENSG00000225361	
AMY2A	1	ENSG00000243480	
SPANXA2-OT1	1	ENSG00000277215	
AMY2B	1	ENSG00000240038	
TMEM140	1	ENSG00000146859	
TMEM141	1	ENSG00000244187	
TMEM143	1	ENSG00000161558	
TMEM144	1	ENSG00000164124	
RDM1	1	ENSG00000278023	
TMEM145	1	ENSG00000167619	
TMEM147	1	ENSG00000105677	
PDE8B	1	ENSG00000113231	
PDE8A	1	ENSG00000073417	
TMEM14A	1	ENSG00000096092	
TMEM14B	1	ENSG00000137210	
TMEM14C	1	ENSG00000111843	
OR2D3	1	ENSG00000178358	
OR2D2	1	ENSG00000166368	
AMY1A	1	ENSG00000237763	
AMY1B	1	ENSG00000174876	
AMY1C	1	ENSG00000187733	
TMEM130	1	ENSG00000166448	
TMEM131	1	ENSG00000075568	
TMEM134	1	ENSG00000172663	
TMEM135	1	ENSG00000166575	
LMX1A	1	ENSG00000162761	
TMEM138	1	ENSG00000149483	
TMEM139	1	ENSG00000178826	
LMX1B	1	ENSG00000136944	
UGDH-AS1	1	ENSG00000249348	
PDE9A	1	ENSG00000160191	
ATP6V1A	1	ENSG00000114573	
OR2C3	1	ENSG00000196242	
OR2C1	1	ENSG00000168158	
C16orf95-DT	1	ENSG00000270006	
SEL1L2	1	ENSG00000101251	
SEL1L3	1	ENSG00000091490	
TMEM121	1	ENSG00000184986	
TMEM123	1	ENSG00000152558	
TMEM125	1	ENSG00000179178	
PODXL	1	ENSG00000128567	
TMEM127	1	ENSG00000135956	
TMEM128	1	ENSG00000132406	
BICD1-AS1	1	ENSG00000257530	
TMEM129	1	ENSG00000168936	
ATP6V1H	1	ENSG00000047249	
SUDS3	1	ENSG00000111707	
OR2B6	1	ENSG00000124657	
ATP6V1D	1	ENSG00000100554	
S1PR1-DT	1	ENSG00000225938	
ATP6V1F	1	ENSG00000128524	
OR2B3	1	ENSG00000204703	
OR2B2	1	ENSG00000168131	
TMEM114	1	ENSG00000232258	
TMEM115	1	ENSG00000126062	
GDNF	1	ENSG00000168621	
TMEM116	1	ENSG00000198270	
TMEM117	1	ENSG00000139173	
TMEM119	1	ENSG00000183160	
OR2A7	1	ENSG00000243896	
OR2A5	1	ENSG00000221836	
OR2A4	1	ENSG00000180658	
OR2A2	1	ENSG00000221989	
PDE3B	1	ENSG00000152270	
ELAVL4	1	ENSG00000162374	
FRMD6-AS2	3	ENSG00000258808:ENSG00000277050:ENSG00000258537	
ELAVL1	1	ENSG00000066044	
ELAVL2	1	ENSG00000107105	
ELAVL3	1	ENSG00000196361	
TMEM100	1	ENSG00000166292	
TMEM101	1	ENSG00000091947	
UPK1B	1	ENSG00000114638	
TMEM102	1	ENSG00000181284	
UPK1A	1	ENSG00000105668	
TMEM104	1	ENSG00000109066	
TMEM105	1	ENSG00000185332	
TMEM107	1	ENSG00000179029	
TMEM108	1	ENSG00000144868	
PDE4B	1	ENSG00000184588	
PDE4A	1	ENSG00000065989	
TMEM109	1	ENSG00000110108	
GARIN1B	1	ENSG00000135248	
PDE4D	1	ENSG00000113448	
OR2H2	1	ENSG00000204657	
GARIN1A	1	ENSG00000205085	
PDE4C	1	ENSG00000105650	
OR2H1	1	ENSG00000204688	
UPK3B	1	ENSG00000243566	
UPK3A	1	ENSG00000100373	
PDE5A	1	ENSG00000138735	
OR2G6	1	ENSG00000188558	
POLDIP2	1	ENSG00000004142	
OR2G3	1	ENSG00000177476	
POLDIP3	1	ENSG00000100227	
OR2G2	1	ENSG00000177489	
SLC25A34-AS1	1	ENSG00000224459	
IER5L	1	ENSG00000188483	
WIZ	1	ENSG00000011451	
DBF4B	1	ENSG00000161692	
SLC22A18AS	1	ENSG00000254827	
PDE6D	1	ENSG00000156973	
PDE6C	1	ENSG00000095464	
PDE6B	1	ENSG00000133256	
PDE6A	1	ENSG00000132915	
PDE6H	1	ENSG00000139053	
OR2F2	1	ENSG00000221910	
PDE6G	1	ENSG00000185527	
OR2F1	1	ENSG00000213215	
ZFC3H1	1	ENSG00000133858	
PDE7B	1	ENSG00000171408	
PDE7A	1	ENSG00000205268	
MGC15885	1	ENSG00000259458	
TAB2-AS1	1	ENSG00000225924	
PRMT5-AS1	1	ENSG00000237054	
TESK1	1	ENSG00000107140	
TESK2	1	ENSG00000070759	
OR4Q3	1	ENSG00000182652	
NDST2	1	ENSG00000166507	
NDST1	1	ENSG00000070614	
NDST4	1	ENSG00000138653	
NDST3	1	ENSG00000164100	
C3AR1	1	ENSG00000171860	
EBLN3P	1	ENSG00000281649	
WLS	1	ENSG00000116729	
C8orf90	1	ENSG00000226490	
ISM1-AS1	1	ENSG00000226263	
OR4P4	1	ENSG00000181927	
MCEMP1	1	ENSG00000183019	
H2AL3	1	ENSG00000229674	
PDGFB	1	ENSG00000100311	
GATA6	1	ENSG00000141448	
TPRG1L	1	ENSG00000158109	
GATA5	1	ENSG00000130700	
PDGFA	1	ENSG00000197461	
GATA4	1	ENSG00000136574	
GATA3	1	ENSG00000107485	
GATA2	1	ENSG00000179348	
GATA1	1	ENSG00000102145	
CIAO3	1	ENSG00000103245	
CIAO1	1	ENSG00000144021	
PDGFD	1	ENSG00000170962	
PDGFC	1	ENSG00000145431	
OVAAL	1	ENSG00000236719	
OR4N5	1	ENSG00000184394	
OR4N4	1	ENSG00000183706	
RDUR	1	ENSG00000214407	
OR4N2	1	ENSG00000176294	
HNRNPA1L3	1	ENSG00000224578	
HNRNPA1L2	1	ENSG00000139675	
LIN54	1	ENSG00000189308	
ENSG00000256195	1	ENSG00000256195	
SLC25A21-AS1	1	ENSG00000258708	
HOXC13	1	ENSG00000123364	
HOXC12	1	ENSG00000123407	
HOXC11	1	ENSG00000123388	
HOXC10	1	ENSG00000180818	
INTS6L-AS1	1	ENSG00000225235	
GLTC1	1	ENSG00000255306	
HM13-IT1	1	ENSG00000235313	
TCP11L1	1	ENSG00000176148	
TCP11L2	1	ENSG00000166046	
LIN52	1	ENSG00000205659	
GATD1	1	ENSG00000177225	
TPSG1	1	ENSG00000116176	
GATD3	1	ENSG00000160221	
PHF20L1	1	ENSG00000129292	
CDC20B	1	ENSG00000164287	
SAMD5	1	ENSG00000203727	
TPSD1	1	ENSG00000095917	
SAMD7	1	ENSG00000187033	
SAMD8	1	ENSG00000156671	
SAMD9	1	ENSG00000205413	
LIN37	1	ENSG00000267796	
OR4S2	1	ENSG00000174982	
OR4S1	1	ENSG00000176555	
CYMP-AS1	1	ENSG00000235407	
WRN	1	ENSG00000165392	
FAM201A	1	ENSG00000204860	
SAMD1	1	ENSG00000141858	
SAMD3	1	ENSG00000164483	
LIMS4	1	ENSG00000256671	
LIMS3	1	ENSG00000256977	
TMEM270	1	ENSG00000175877	
TMEM271	1	ENSG00000273238	
TMEM272	1	ENSG00000281106	
TMEM273	1	ENSG00000204161	
CROCC2	1	ENSG00000226321	
TMEM275	1	ENSG00000282881	
FAM200C	1	ENSG00000221886	
FAM200B	1	ENSG00000237765	
FAM200A	1	ENSG00000221909	
WT1	1	ENSG00000184937	
SLMAP	1	ENSG00000163681	
TRAV8-4	1	ENSG00000211790	
TRAV8-5	1	ENSG00000256379	
TRAV8-6	1	ENSG00000211795	
TRAV8-7	1	ENSG00000211808	
EBAG9	1	ENSG00000147654	
TRAV8-1	1	ENSG00000211782	
LIMS2	1	ENSG00000072163	
TRAV8-2	1	ENSG00000211786	
LIMS1	1	ENSG00000169756	
TRAV8-3	1	ENSG00000211787	
LINC02320	1	ENSG00000258404	
LINC02322	1	ENSG00000258556	
LINC02321	1	ENSG00000258884	
FAM204A	1	ENSG00000165669	
LINC02317	1	ENSG00000258678	
CEP250	1	ENSG00000126001	
LINC02316	1	ENSG00000258912	
LINC02319	1	ENSG00000258694	
LINC02318	1	ENSG00000258390	
LINC02313	1	ENSG00000258474	
LINC02312	1	ENSG00000258869	
LINC02315	1	ENSG00000251363	
LINC02314	1	ENSG00000259082	
SPAG11B	1	ENSG00000164871	
LINC02311	1	ENSG00000258718	
SPAG11A	1	ENSG00000178287	
CDC25C	1	ENSG00000158402	
NCCRP1	1	ENSG00000188505	
CDC25A	1	ENSG00000164045	
CDC25B	1	ENSG00000101224	
TPST2	1	ENSG00000128294	
TPST1	1	ENSG00000169902	
OR4X2	1	ENSG00000172208	
OR4X1	1	ENSG00000176567	
LINC02309	1	ENSG00000258994	
LINC02306	1	ENSG00000257986	
LINC02305	1	ENSG00000258532	
LINC02308	1	ENSG00000258675	
LINC02307	1	ENSG00000258969	
LINC02302	1	ENSG00000258998	
LINC02301	1	ENSG00000258743	
LINC02304	1	ENSG00000259110	
ENSG00000232197	1	ENSG00000232197	
LINC02303	1	ENSG00000258616	
LINC02342	1	ENSG00000280580	
LINC02341	1	ENSG00000283554	
LINC02344	1	ENSG00000227911	
LINC02343	1	ENSG00000271850	
LINC02340	1	ENSG00000275294	
LIN7A	1	ENSG00000111052	
LIN7C	1	ENSG00000148943	
LIN7B	1	ENSG00000104863	
TKFC	1	ENSG00000149476	
LINC02339	1	ENSG00000279797	
LINC02338	1	ENSG00000277448	
ENSG00000271776	1	ENSG00000271776	
LINC02335	1	ENSG00000278630	
LINC02334	1	ENSG00000274317	
LINC02337	1	ENSG00000215881	
LINC02336	1	ENSG00000271395	
LINC02331	1	ENSG00000235269	
HHATL	1	ENSG00000010282	
LINC02330	1	ENSG00000258770	
LINC02333	1	ENSG00000271564	
LINC02332	1	ENSG00000259054	
CTAG2	1	ENSG00000126890	
FAM205C	1	ENSG00000187791	
DDX11-AS1	1	ENSG00000245614	
FAM205A	1	ENSG00000205108	
LINC02328	1	ENSG00000258733	
LINC02327	1	ENSG00000258038	
LINC02329	1	ENSG00000258814	
LINC02324	1	ENSG00000255002	
LINC02323	1	ENSG00000259230	
LINC02326	1	ENSG00000257523	
LINC02325	1	ENSG00000246084	
F11-AS1	1	ENSG00000251165	
LRGUK	1	ENSG00000155530	
LEAP2	1	ENSG00000164406	
TSPAN12	1	ENSG00000106025	
TSPAN11	1	ENSG00000110900	
TSPAN10	1	ENSG00000182612	
TAGAP	1	ENSG00000164691	
CEP290	1	ENSG00000198707	
APAF1	1	ENSG00000120868	
CEP295	1	ENSG00000166004	
SEZ6L	1	ENSG00000100095	
TTC39A-AS1	1	ENSG00000261664	
HAND2	1	ENSG00000164107	
HAND1	1	ENSG00000113196	
EHHADH-AS1	1	ENSG00000223358	
LINC02300	1	ENSG00000258175	
ENSG00000258792	1	ENSG00000258792	
PBXIP1	1	ENSG00000163346	
TSPAN33	1	ENSG00000158457	
TSPAN32	1	ENSG00000064201	
TSPAN31	1	ENSG00000135452	
KCTD20	1	ENSG00000112078	
KCTD21	1	ENSG00000188997	
H2AZ1	1	ENSG00000164032	
H2AZ2	1	ENSG00000105968	
MARCKSL1	1	ENSG00000175130	
MID1IP1	1	ENSG00000165175	
KIAA1549L	1	ENSG00000110427	
SYT16	1	ENSG00000139973	
SYT15	1	ENSG00000204176	
SYT14	1	ENSG00000143469	
FAM209B	1	ENSG00000213714	
SYT13	1	ENSG00000019505	
FAM209A	1	ENSG00000124103	
REC8	1	ENSG00000100918	
SYT17	1	ENSG00000103528	
SUGCT	1	ENSG00000175600	
TSPAN16	1	ENSG00000130167	
TSPAN15	1	ENSG00000099282	
TSPAN14	1	ENSG00000108219	
MGAM2	1	ENSG00000257743	
TSPAN13	1	ENSG00000106537	
SYT12	1	ENSG00000173227	
SYT11	1	ENSG00000132718	
TSPAN19	1	ENSG00000231738	
SYT10	1	ENSG00000110975	
TSPAN18	1	ENSG00000157570	
TSPAN17	1	ENSG00000048140	
PIK3AP1	1	ENSG00000155629	
RECK	1	ENSG00000122707	
KDM2B-DT	1	ENSG00000256742	
DMGDH	1	ENSG00000132837	
LINC02287	1	ENSG00000258499	
SMARCAL1	1	ENSG00000138375	
LINC02286	1	ENSG00000258098	
ENSG00000271709	1	ENSG00000271709	
LINC02289	1	ENSG00000258819	
LINC02288	1	ENSG00000246548	
LINC02283	1	ENSG00000248184	
LINC02282	1	ENSG00000257056	
LINC02285	1	ENSG00000259004	
LINC02284	1	ENSG00000259719	
NTAQ1	1	ENSG00000156795	
LINC02281	1	ENSG00000257748	
LINC02280	1	ENSG00000260792	
CHUK-DT	1	ENSG00000227492	
MCCC1-AS1	1	ENSG00000243368	
OR5B3	1	ENSG00000172769	
OR5B2	1	ENSG00000172365	
LINC02279	1	ENSG00000258933	
LINC02276	1	ENSG00000250141	
LINC02275	1	ENSG00000248319	
KCTD19	1	ENSG00000168676	
LINC02278	1	ENSG00000251635	
LINC02277	1	ENSG00000258487	
LINC02272	1	ENSG00000251283	
LINC02271	1	ENSG00000240152	
LINC02274	1	ENSG00000258586	
LINC02273	1	ENSG00000245954	
LINC02270	1	ENSG00000251210	
ARGFX	1	ENSG00000186103	
KCTD10	1	ENSG00000110906	
KCTD13	1	ENSG00000174943	
KCTD14	1	ENSG00000151364	
KCTD11	1	ENSG00000213859	
MGARP	1	ENSG00000137463	
KCTD12	1	ENSG00000178695	
BCORL1	1	ENSG00000085185	
KCTD17	1	ENSG00000100379	
OR5A2	1	ENSG00000172324	
LINC02269	1	ENSG00000250708	
KCTD18	1	ENSG00000155729	
OR5A1	1	ENSG00000172320	
LINC02268	1	ENSG00000248174	
KCTD15	1	ENSG00000153885	
KCTD16	1	ENSG00000183775	
LPAR1	1	ENSG00000198121	
LPAR2	1	ENSG00000064547	
LPAR3	1	ENSG00000171517	
LPAR4	1	ENSG00000147145	
MBTD1	1	ENSG00000011258	
PP12613	1	ENSG00000226757	
CEP192	1	ENSG00000101639	
ENSG00000232124	1	ENSG00000232124	
DMAC2L	1	ENSG00000125375	
STAT5A	1	ENSG00000126561	
LINC02298	1	ENSG00000257556	
STAT5B	1	ENSG00000173757	
LINC02297	1	ENSG00000257504	
LINC02299	1	ENSG00000258979	
LINC02294	1	ENSG00000257845	
LINC02293	1	ENSG00000257185	
REG4	1	ENSG00000134193	
LINC02296	1	ENSG00000258859	
LINC02295	1	ENSG00000258511	
OSGIN1	1	ENSG00000140961	
LINC02290	1	ENSG00000258502	
LINC02292	1	ENSG00000258630	
OSGIN2	1	ENSG00000164823	
LINC02291	1	ENSG00000197176	
NTAN1	1	ENSG00000157045	
AIMP1	1	ENSG00000164022	
AIMP2	1	ENSG00000106305	
EIF1AX-AS1	1	ENSG00000225037	
LPAR5	1	ENSG00000184574	
LPAR6	1	ENSG00000139679	
ENSG00000258747	1	ENSG00000258747	
KYAT3	1	ENSG00000137944	
KYAT1	1	ENSG00000171097	
MRAP2	1	ENSG00000135324	
SUGP2	1	ENSG00000064607	
SUGP1	1	ENSG00000105705	
IL21	1	ENSG00000138684	
LINC02243	1	ENSG00000236091	
IL22	1	ENSG00000127318	
LINC02242	1	ENSG00000249736	
LINC02245	1	ENSG00000237638	
IL20	1	ENSG00000162891	
LINC02244	1	ENSG00000259590	
IL25	1	ENSG00000166090	
IL26	1	ENSG00000111536	
LINC02241	1	ENSG00000251629	
IL24	1	ENSG00000162892	
LINC02240	1	ENSG00000260192	
IL27	1	ENSG00000197272	
B3GNTL1	1	ENSG00000175711	
LINC02239	1	ENSG00000248908	
LINC02236	1	ENSG00000251365	
SPTAN1	1	ENSG00000197694	
LINC02235	1	ENSG00000254689	
LINC02238	1	ENSG00000223479	
OXGR1	1	ENSG00000165621	
LINC02237	1	ENSG00000253434	
IL10	1	ENSG00000136634	
LINC02232	1	ENSG00000250125	
IL11	1	ENSG00000095752	
LINC02231	1	ENSG00000248995	
OR5F1	1	ENSG00000149133	
LINC02234	1	ENSG00000248202	
LINC02233	1	ENSG00000250488	
ATMIN	1	ENSG00000166454	
IL15	1	ENSG00000164136	
PABPC4	1	ENSG00000090621	
LINC02230	1	ENSG00000251543	
IL13	1	ENSG00000169194	
PABPC5	1	ENSG00000174740	
IL18	1	ENSG00000150782	
IL19	1	ENSG00000142224	
IL16	1	ENSG00000172349	
RNF157-AS1	1	ENSG00000267128	
IL1A	1	ENSG00000115008	
IL1B	1	ENSG00000125538	
LINC02229	1	ENSG00000250313	
PABPC3	1	ENSG00000151846	
LINC02228	1	ENSG00000251273	
PABPC1	1	ENSG00000070756	
LINC02225	1	ENSG00000249584	
LINC02224	1	ENSG00000249203	
LINC02227	1	ENSG00000276778	
LINC02226	1	ENSG00000245729	
LINC02265	1	ENSG00000249241	
LINC02264	1	ENSG00000229565	
TAGLN	1	ENSG00000149591	
LINC02267	1	ENSG00000248510	
LINC02266	1	ENSG00000272727	
LINC02261	1	ENSG00000249699	
LINC02260	1	ENSG00000250456	
LINC02263	1	ENSG00000228358	
LINC02262	1	ENSG00000224932	
RELA	1	ENSG00000173039	
RELB	1	ENSG00000104856	
REM1	1	ENSG00000088320	
RELN	1	ENSG00000189056	
PDZD11	1	ENSG00000120509	
MGAT5	1	ENSG00000152127	
ENSG00000258716	1	ENSG00000258716	
MGAT3	1	ENSG00000128268	
PKNOX2-DT	1	ENSG00000254880	
MGAT1	1	ENSG00000131446	
MGAT2	1	ENSG00000168282	
LINC02258	1	ENSG00000257912	
RELT	1	ENSG00000054967	
XDH	1	ENSG00000158125	
LINC02257	1	ENSG00000238042	
REM2	1	ENSG00000139890	
LINC02259	1	ENSG00000259783	
IL32	1	ENSG00000008517	
LINC02254	1	ENSG00000259664	
H2BC9	1	ENSG00000275713	
IL33	1	ENSG00000137033	
LINC02253	1	ENSG00000259485	
LINC02256	1	ENSG00000261064	
H2BC7	1	ENSG00000277224	
IL31	1	ENSG00000204671	
H2BC8	1	ENSG00000273802	
LINC02255	1	ENSG00000277718	
H2BC5	1	ENSG00000158373	
LINC02250	1	ENSG00000235731	
IL37	1	ENSG00000125571	
H2BC6	1	ENSG00000274290	
IL34	1	ENSG00000157368	
LINC02252	1	ENSG00000261304	
H2BC3	1	ENSG00000276410	
H2BC4	1	ENSG00000180596	
LINC02251	1	ENSG00000258483	
H2BC1	1	ENSG00000146047	
VEGFB	1	ENSG00000173511	
VEGFC	1	ENSG00000150630	
VEGFD	1	ENSG00000165197	
VEGFA	1	ENSG00000112715	
KITLG	1	ENSG00000049130	
HNRNPA2B1	1	ENSG00000122566	
AGGF1	1	ENSG00000164252	
LINC02247	1	ENSG00000223729	
LINC02246	1	ENSG00000281903	
LINC02249	1	ENSG00000225930	
OR5C1	1	ENSG00000148215	
LINC02248	1	ENSG00000235160	
OR5K4	1	ENSG00000196098	
OR5K3	1	ENSG00000206536	
OR5K2	1	ENSG00000231861	
OR5K1	1	ENSG00000232382	
TMEM260	1	ENSG00000070269	
TMEM262	1	ENSG00000187066	
TMEM263	1	ENSG00000151135	
SEMA5A-AS1	1	ENSG00000251370	
TMEM265	1	ENSG00000281991	
TMEM266	1	ENSG00000169758	
TMEM267	1	ENSG00000151881	
TMEM268	1	ENSG00000157693	
TMEM269	1	ENSG00000274386	
IL6R	1	ENSG00000160712	
TPTE2	1	ENSG00000132958	
GEN1	1	ENSG00000178295	
IL4R	1	ENSG00000077238	
OR5J2	1	ENSG00000174957	
DNAJB5-DT	1	ENSG00000281491	
TMEM250	1	ENSG00000238227	
TMEM252	1	ENSG00000181778	
TMEM253	1	ENSG00000232070	
TMEM254	1	ENSG00000133678	
TMEM256	1	ENSG00000205544	
TMEM258	1	ENSG00000134825	
TMEM259	1	ENSG00000182087	
C21orf140	1	ENSG00000222018	
EPHA5-AS1	1	ENSG00000250846	
CLRN1-AS1	1	ENSG00000239265	
OR5I1	1	ENSG00000167825	
CACNA1B	1	ENSG00000148408	
CACNA1A	1	ENSG00000141837	
CACNA1D	1	ENSG00000157388	
CACNA1C	1	ENSG00000151067	
CACNA1F	1	ENSG00000102001	
HOXB13	1	ENSG00000159184	
CACNA1E	1	ENSG00000198216	
TMEM240	1	ENSG00000205090	
TMEM241	1	ENSG00000134490	
CACNA1H	1	ENSG00000196557	
CACNA1G	1	ENSG00000006283	
TMEM242	1	ENSG00000215712	
TMEM243	1	ENSG00000135185	
C8orf48	1	ENSG00000164743	
CACNA1I	1	ENSG00000100346	
TMEM244	1	ENSG00000203756	
TMEM245	1	ENSG00000106771	
SNTG2	1	ENSG00000172554	
TMEM247	1	ENSG00000284701	
TMEM248	1	ENSG00000106609	
SNTG1	1	ENSG00000147481	
TMEM249	1	ENSG00000261587	
CACNA1S	1	ENSG00000081248	
OR5H6	1	ENSG00000230301	
PDHA2	1	ENSG00000163114	
PDHA1	1	ENSG00000131828	
VCAM1	1	ENSG00000162692	
OR5H2	1	ENSG00000197938	
OR5H1	1	ENSG00000231192	
C8orf33	1	ENSG00000182307	
C8orf34	1	ENSG00000165084	
TMEM230	1	ENSG00000089063	
TJAP1	1	ENSG00000137221	
TMEM231	1	ENSG00000205084	
TMEM232	1	ENSG00000186952	
TMEM233	1	ENSG00000224982	
TMEM234	1	ENSG00000160055	
TMEM235	1	ENSG00000204278	
TMEM236	1	ENSG00000148483	
TMEM237	1	ENSG00000155755	
TMEM238	1	ENSG00000233493	
TMEM239	1	ENSG00000198326	
MANSC4	1	ENSG00000205693	
MANSC1	1	ENSG00000111261	
TROAP-AS1	1	ENSG00000258334	
MXD1	1	ENSG00000059728	
IL7R	1	ENSG00000168685	
MXD3	1	ENSG00000213347	
MXD4	1	ENSG00000123933	
RERE	1	ENSG00000142599	
PHTF2	1	ENSG00000006576	
KCNAB1-AS2	1	ENSG00000240596	
KCNAB1-AS1	1	ENSG00000242370	
PHTF1	1	ENSG00000116793	
RERG	1	ENSG00000134533	
TMEM220	1	ENSG00000187824	
TMEM221	1	ENSG00000188051	
TMEM222	1	ENSG00000186501	
TMEM223	1	ENSG00000168569	
GRM7-AS1	1	ENSG00000236202	
TMEM225	1	ENSG00000204300	
GET1	1	ENSG00000182093	
GET3	1	ENSG00000198356	
GRM7-AS2	1	ENSG00000237665	
GRM7-AS3	1	ENSG00000226258	
SNTA1	1	ENSG00000101400	
GET4	1	ENSG00000239857	
SLC12A5-AS1	1	ENSG00000204044	
LOC124901882	1	ENSG00000254340	
TMEM210	1	ENSG00000185863	
TMEM212	1	ENSG00000186329	
TMEM213	1	ENSG00000214128	
C8orf58	1	ENSG00000241852	
TMEM214	1	ENSG00000119777	
SETBP1	1	ENSG00000152217	
RER1	1	ENSG00000157916	
TMEM215	1	ENSG00000188133	
TMEM216	1	ENSG00000187049	
TMEM217	1	ENSG00000172738	
TMEM218	1	ENSG00000150433	
TMEM219	1	ENSG00000149932	
IL9R	1	ENSG00000124334	
OR5M9	1	ENSG00000150269	
OR5M8	1	ENSG00000181371	
OR5M3	1	ENSG00000174937	
OR5M1	1	ENSG00000255012	
C8orf82	1	ENSG00000213563	
RETN	1	ENSG00000104918	
C8orf88	1	ENSG00000253250	
LOC124901872	1	ENSG00000287747	
C8orf89	1	ENSG00000274443	
H2BK1	1	ENSG00000285480	
TMEM201	1	ENSG00000188807	
TMEM202	1	ENSG00000187806	
PABPN1	1	ENSG00000100836	
TMEM203	1	ENSG00000187713	
TMEM204	1	ENSG00000131634	
MKNK1	1	ENSG00000079277	
TMEM205	1	ENSG00000105518	
MKNK2	1	ENSG00000099875	
MXI1	1	ENSG00000119950	
TMEM207	1	ENSG00000198398	
TMEM208	1	ENSG00000168701	
TMEM209	1	ENSG00000146842	
IGKV5-2	1	ENSG00000211599	
ZNF804B	1	ENSG00000182348	
OR5L2	1	ENSG00000205030	
ZNF804A	1	ENSG00000170396	
OR5L1	1	ENSG00000279395	
C8orf74	1	ENSG00000171060	
NRSN2-AS1	1	ENSG00000225377	
C8orf76	1	ENSG00000189376	
REST	1	ENSG00000084093	
KRAS	1	ENSG00000133703	
NDUFV1-DT	1	ENSG00000184224	
SUGT1	1	ENSG00000165416	
SNTB1	1	ENSG00000172164	
SNTB2	1	ENSG00000168807	
EMC10	1	ENSG00000161671	
NYNRIN	1	ENSG00000205978	
DSCAM-AS1	1	ENSG00000235123	
REV1	1	ENSG00000135945	
GTPBP6	1	ENSG00000178605	
GTPBP8	1	ENSG00000163607	
SCRIB	1	ENSG00000180900	
GTPBP2	1	ENSG00000172432	
GTPBP1	1	ENSG00000100226	
GTPBP4	1	ENSG00000107937	
GTPBP3	1	ENSG00000130299	
PLEKHS1	1	ENSG00000148735	
CTBP2	1	ENSG00000175029	
CTBP1	1	ENSG00000159692	
XPA	1	ENSG00000136936	
XPC	1	ENSG00000154767	
PCDHA1	1	ENSG00000204970	
PCDHA5	1	ENSG00000204965	
GSG1L	1	ENSG00000169181	
PCDHA4	1	ENSG00000204967	
PCDHA3	1	ENSG00000255408	
PCDHA2	1	ENSG00000204969	
PCDHA9	1	ENSG00000204961	
PCDHA8	1	ENSG00000204962	
PCDHA7	1	ENSG00000204963	
PCDHA6	1	ENSG00000081842	
TPRG1	1	ENSG00000188001	
SETD1B	1	ENSG00000139718	
SETD1A	1	ENSG00000099381	
PCDHB2	1	ENSG00000112852	
PCDHB1	1	ENSG00000171815	
PCDHB6	1	ENSG00000113211	
PCDHB5	1	ENSG00000113209	
PCDHB4	1	ENSG00000081818	
MMS19	1	ENSG00000155229	
PCDHB3	1	ENSG00000113205	
PCDHB9	1	ENSG00000177839	
PCDHB8	1	ENSG00000120322	
PCDHB7	1	ENSG00000113212	
KRI1	1	ENSG00000129347	
SPOUT1	1	ENSG00000198917	
TIRAP-AS1	1	ENSG00000255062	
TAF7L	1	ENSG00000102387	
PLEKHN1	1	ENSG00000187583	
HLTF-AS1	1	ENSG00000239718	
ZNF277-AS1	1	ENSG00000226851	
SMAD5-AS1	1	ENSG00000164621	
PPEF1-AS1	1	ENSG00000237221	
TERF1	1	ENSG00000147601	
TERF2	1	ENSG00000132604	
FAM210B	1	ENSG00000124098	
GAS6-DT	1	ENSG00000272695	
TAF6L	1	ENSG00000162227	
FAM210A	1	ENSG00000177150	
AEBP2	1	ENSG00000139154	
FMR1-IT1	1	ENSG00000236337	
PLEKHO1	1	ENSG00000023902	
PLEKHO2	1	ENSG00000241839	
TRAV9-1	1	ENSG00000211783	
TRAV9-2	1	ENSG00000211793	
ANKRD33B-AS1	1	ENSG00000250106	
CDC123	1	ENSG00000151465	
NDUFA4L2	1	ENSG00000185633	
CTNS-AS1	1	ENSG00000262903	
NMBR-AS1	1	ENSG00000236822	
TAF9B	1	ENSG00000187325	
PLCL2-AS1	1	ENSG00000226441	
RUNX1T1	1	ENSG00000079102	
CHKB-DT	1	ENSG00000205559	
YTHDF1	1	ENSG00000149658	
YTHDF2	1	ENSG00000198492	
YTHDF3	1	ENSG00000185728	
MKLN1	1	ENSG00000128585	
TMEM39A	1	ENSG00000176142	
TMEM39B	1	ENSG00000121775	
SCRG1	1	ENSG00000164106	
CEP126	1	ENSG00000110318	
MTFMT	1	ENSG00000103707	
LINC02201	1	ENSG00000251538	
TXNL4B	1	ENSG00000140830	
LINC02200	1	ENSG00000250358	
PLXND1	1	ENSG00000004399	
CEP120	1	ENSG00000168944	
SLC26A5-AS1	1	ENSG00000234715	
CDC14C	1	ENSG00000218305	
VIRMA	1	ENSG00000164944	
CDC14A	1	ENSG00000079335	
FAM216B	1	ENSG00000179813	
CDC14B	1	ENSG00000081377	
CEP128	1	ENSG00000100629	
FAM216A	1	ENSG00000204856	
SALL1	1	ENSG00000103449	
SALL2	1	ENSG00000165821	
SALL3	1	ENSG00000256463	
SALL4	1	ENSG00000101115	
ARMC2-AS1	1	ENSG00000230290	
PHYHD1	1	ENSG00000175287	
PLXNC1	1	ENSG00000136040	
TXNL4A	1	ENSG00000141759	
CEDORA	1	ENSG00000260788	
PLEKHJ1	1	ENSG00000104886	
TLE4	1	ENSG00000106829	
RARS2	1	ENSG00000146282	
TLE3	1	ENSG00000140332	
TLE2	1	ENSG00000065717	
RARS1	1	ENSG00000113643	
SNRPN	1	ENSG00000128739	
CEP135	1	ENSG00000174799	
TLE1	1	ENSG00000196781	
HARBI1	1	ENSG00000180423	
CEP131	1	ENSG00000141577	
SPICE1	1	ENSG00000163611	
VRK1	1	ENSG00000100749	
VRK2	1	ENSG00000028116	
VRK3	1	ENSG00000105053	
ILF2	1	ENSG00000143621	
FAM215B	1	ENSG00000232300	
TLE7	1	ENSG00000260734	
TLE6	1	ENSG00000104953	
FAM215A	1	ENSG00000267496	
TLE5	1	ENSG00000104964	
ILF3	1	ENSG00000129351	
LTB4R2	1	ENSG00000213906	
SNRPG	1	ENSG00000143977	
SNRPE	1	ENSG00000182004	
ATP2B2-IT2	1	ENSG00000224771	
SNRPF	1	ENSG00000139343	
ATP2B2-IT1	1	ENSG00000236999	
SNRPC	1	ENSG00000124562	
SNRPA	1	ENSG00000077312	
SNRPB	1	ENSG00000125835	
LINC02221	1	ENSG00000250814	
CEP104	1	ENSG00000116198	
LINC02220	1	ENSG00000248457	
LINC02223	1	ENSG00000249937	
LINC02222	1	ENSG00000248717	
FAM114A1	1	ENSG00000197712	
FAM114A2	1	ENSG00000055147	
FAM218A	1	ENSG00000250486	
AEBP1	1	ENSG00000106624	
SCRT2	1	ENSG00000215397	
DDRGK1	1	ENSG00000198171	
PLXNA2	1	ENSG00000076356	
LINC02218	1	ENSG00000249662	
PLXNA1	1	ENSG00000114554	
LINC02217	1	ENSG00000248455	
LINC02219	1	ENSG00000253787	
LINC02214	1	ENSG00000251311	
LINC02213	1	ENSG00000249160	
PLXNA4	1	ENSG00000221866	
LINC02216	1	ENSG00000249551	
PLXNA3	1	ENSG00000130827	
LINC02215	1	ENSG00000249128	
SEC16B	1	ENSG00000120341	
CEP112	1	ENSG00000154240	
LINC02212	1	ENSG00000249396	
LINC02211	1	ENSG00000245662	
LPP-AS1	1	ENSG00000224563	
LPP-AS2	1	ENSG00000270959	
SEC16A	1	ENSG00000148396	
FAM217A	1	ENSG00000145975	
MIR4453HG	1	ENSG00000268471	
EZHIP	1	ENSG00000187690	
SCRT1	1	ENSG00000261678	
GFAP	1	ENSG00000131095	
FAM217B	1	ENSG00000196227	
LRFN3	1	ENSG00000126243	
LRFN2	1	ENSG00000156564	
TICAM2-AS1	1	ENSG00000249249	
LRFN5	1	ENSG00000165379	
LRFN4	1	ENSG00000173621	
LRFN1	1	ENSG00000128011	
PLXNB3	1	ENSG00000198753	
PLEKHM1	1	ENSG00000225190	
LINC02207	1	ENSG00000258476	
PLEKHM2	1	ENSG00000116786	
PLXNB2	1	ENSG00000196576	
LINC02206	1	ENSG00000259289	
PLXNB1	1	ENSG00000164050	
LINC02209	1	ENSG00000253279	
LINC02208	1	ENSG00000250891	
ENSG00000256286	1	ENSG00000256286	
LINC02203	1	ENSG00000284988	
LINC02202	1	ENSG00000245812	
PLEKHM3	1	ENSG00000178385	
ADORA2A-AS1	1	ENSG00000178803	
LINC02205	1	ENSG00000259473	
LINC02204	1	ENSG00000280639	
PLEKHF2	1	ENSG00000175895	
PLEKHF1	1	ENSG00000166289	
CEP164	1	ENSG00000110274	
PIK3C2G	1	ENSG00000139144	
CRTC3-AS1	1	ENSG00000259736	
PIK3C2A	1	ENSG00000011405	
PIK3C2B	1	ENSG00000133056	
SCRN1	1	ENSG00000136193	
ASIC4-AS1	1	ENSG00000227432	
SCRN3	1	ENSG00000144306	
SCRN2	1	ENSG00000141295	
TLK2	1	ENSG00000146872	
TLK1	1	ENSG00000198586	
CEP170	1	ENSG00000143702	
RFC5	1	ENSG00000111445	
PLEKHG3	1	ENSG00000126822	
PLEKHG4	1	ENSG00000196155	
PLEKHG1	1	ENSG00000120278	
RFC3	1	ENSG00000133119	
PLEKHG2	1	ENSG00000090924	
RFC4	1	ENSG00000163918	
RFC1	1	ENSG00000035928	
PLEKHG7	1	ENSG00000187510	
RFC2	1	ENSG00000049541	
CEMIP2	1	ENSG00000135048	
PLEKHG5	1	ENSG00000171680	
PLEKHG6	1	ENSG00000008323	
KRTAP19-2	1	ENSG00000186965	
FAM219B	1	ENSG00000178761	
KRTAP19-1	1	ENSG00000184351	
FAM219A	1	ENSG00000164970	
KRTAP19-4	1	ENSG00000186967	
KRTAP19-3	1	ENSG00000244025	
KRTAP19-6	1	ENSG00000186925	
KRTAP19-5	1	ENSG00000186977	
KRTAP19-8	1	ENSG00000206102	
KRTAP19-7	1	ENSG00000244362	
CYP4A22-AS1	1	ENSG00000225506	
MTFR1	1	ENSG00000066855	
ALMS1-IT1	1	ENSG00000230002	
MTFR2	1	ENSG00000146410	
POTEH-AS1	1	ENSG00000236666	
LGALSL-DT	1	ENSG00000223935	
PLEKHH2	1	ENSG00000152527	
PLEKHH3	1	ENSG00000068137	
MTFP1	1	ENSG00000242114	
P2RY8	1	ENSG00000182162	
ENSG00000283828	1	ENSG00000283828	
P2RY6	1	ENSG00000171631	
TAT-AS1	1	ENSG00000260886	
P2RY4	1	ENSG00000186912	
P2RY2	1	ENSG00000175591	
P2RY1	1	ENSG00000169860	
RFFL	1	ENSG00000092871	
PLEKHH1	1	ENSG00000054690	
SEC11A	1	ENSG00000140612	
SEC11C	1	ENSG00000166562	
ENSG00000271858	1	ENSG00000271858	
KRR1	1	ENSG00000111615	
CEP152	1	ENSG00000103995	
TPRKB	1	ENSG00000144034	
GFER	1	ENSG00000127554	
P2RX7	1	ENSG00000089041	
P2RX6	1	ENSG00000099957	
ENSG00000283839	1	ENSG00000283839	
P2RX5	1	ENSG00000083454	
TAFA4	1	ENSG00000163377	
P2RX4	1	ENSG00000135124	
TAFA5	1	ENSG00000219438	
P2RX3	1	ENSG00000109991	
TAFA2	1	ENSG00000198673	
KIAA0586	1	ENSG00000100578	
TAFA3	1	ENSG00000184599	
P2RX2	1	ENSG00000187848	
P2RX1	1	ENSG00000108405	
TAFA1	1	ENSG00000183662	
TLL2	1	ENSG00000095587	
CEP162	1	ENSG00000135315	
TLL1	1	ENSG00000038295	
ENSG00000271860	1	ENSG00000271860	
LINC02166	1	ENSG00000260259	
LINC02165	1	ENSG00000261014	
LINC02168	1	ENSG00000261703	
LINC02167	1	ENSG00000261122	
LINC02162	1	ENSG00000249830	
LINC02161	1	ENSG00000250437	
GFI1	1	ENSG00000162676	
LINC02164	1	ENSG00000261811	
LINC02160	1	ENSG00000251443	
KDM7A-DT	1	ENSG00000260231	
DZIP1L	1	ENSG00000158163	
TTC14-DT	1	ENSG00000239774	
CIAO2A	1	ENSG00000166797	
CIAO2B	1	ENSG00000166595	
LINC02159	1	ENSG00000253417	
VRTN	1	ENSG00000133980	
LMLN-AS1	1	ENSG00000232832	
LINC02155	1	ENSG00000254120	
IL15RA	1	ENSG00000134470	
LINC02154	1	ENSG00000235385	
LINC02157	1	ENSG00000259763	
LINC02156	1	ENSG00000257906	
KRT4	1	ENSG00000170477	
LINC02151	1	ENSG00000236437	
KRT3	1	ENSG00000186442	
LINC02150	1	ENSG00000248150	
KRT2	1	ENSG00000172867	
LINC02153	1	ENSG00000253199	
KRT1	1	ENSG00000167768	
LINC02152	1	ENSG00000261319	
KRT8	1	ENSG00000170421	
FLT3LG	1	ENSG00000090554	
KRT7	1	ENSG00000135480	
KRT5	1	ENSG00000186081	
HPYR1	1	ENSG00000253521	
KRT9	1	ENSG00000171403	
ARHGEF7-IT1	1	ENSG00000233644	
TLN2	1	ENSG00000171914	
TLN1	1	ENSG00000137076	
LINC02148	1	ENSG00000250427	
LINC02147	1	ENSG00000249797	
LINC02149	1	ENSG00000249332	
LINC02188	1	ENSG00000261175	
SPTBN4	1	ENSG00000160460	
SPTBN5	1	ENSG00000137877	
LINC02189	1	ENSG00000260026	
LINC02184	1	ENSG00000260854	
LINC02183	1	ENSG00000283304	
FUT10	1	ENSG00000172728	
LINC02186	1	ENSG00000261856	
FUT11	1	ENSG00000196968	
LINC02185	1	ENSG00000262097	
LINC02180	1	ENSG00000261749	
LINC02182	1	ENSG00000260420	
LINC02181	1	ENSG00000232190	
HTATSF1	1	ENSG00000102241	
SPTBN1	1	ENSG00000115306	
ENSG00000258874	1	ENSG00000258874	
SPTBN2	1	ENSG00000173898	
LINC02177	1	ENSG00000261617	
LINC02176	1	ENSG00000260340	
LINC02179	1	ENSG00000261623	
LINC02178	1	ENSG00000261092	
SETDB1	1	ENSG00000143379	
LINC02173	1	ENSG00000249613	
TCP11X1	1	ENSG00000268235	
TCP11X2	1	ENSG00000215029	
LINC02172	1	ENSG00000251632	
LINC02175	1	ENSG00000262155	
SETDB2	1	ENSG00000136169	
LINC02174	1	ENSG00000249297	
TPRX1	1	ENSG00000178928	
LINC02171	1	ENSG00000250632	
LINC02169	1	ENSG00000259517	
LINC02122	1	ENSG00000248474	
OR4E2	1	ENSG00000221977	
LINC02121	1	ENSG00000250529	
GFM1	1	ENSG00000168827	
LINC02124	1	ENSG00000259947	
OR4E1	1	ENSG00000276240	
DIP2C-AS1	1	ENSG00000180525	
LINC02123	1	ENSG00000250668	
GFM2	1	ENSG00000164347	
CFAP20DC-AS1	1	ENSG00000242428	
LINC02120	1	ENSG00000248279	
LIMD1	1	ENSG00000144791	
LIMD2	1	ENSG00000136490	
SH3PXD2A	1	ENSG00000107957	
SIX3-AS1	1	ENSG00000236502	
SH3PXD2B	1	ENSG00000174705	
LINC02119	1	ENSG00000248461	
SOSTDC1	1	ENSG00000171243	
OR4D9	1	ENSG00000172742	
LINC02118	1	ENSG00000248789	
OR4D6	1	ENSG00000166884	
LINC02115	1	ENSG00000248757	
OR4D5	1	ENSG00000171014	
LINC02114	1	ENSG00000249521	
LINC02117	1	ENSG00000248539	
LINC02116	1	ENSG00000250417	
PSENEN	1	ENSG00000205155	
IZUMO3	1	ENSG00000205442	
LINC02111	1	ENSG00000250822	
OR4D2	1	ENSG00000255713	
OR4D1	1	ENSG00000141194	
IZUMO2	1	ENSG00000161652	
LINC02110	1	ENSG00000251518	
LINC02113	1	ENSG00000249515	
IZUMO4	1	ENSG00000099840	
LINC02112	1	ENSG00000249781	
IZUMO1	1	ENSG00000182264	
CBFA2T2	1	ENSG00000078699	
CBFA2T3	1	ENSG00000129993	
LIME1	1	ENSG00000203896	
TLR1	1	ENSG00000174125	
ENSG00000258803	1	ENSG00000258803	
MIR17HG	1	ENSG00000215417	
TLR9	1	ENSG00000239732	
LINC02108	1	ENSG00000250127	
TLR8	1	ENSG00000101916	
TLR7	1	ENSG00000196664	
TLR6	1	ENSG00000174130	
OR4C6	1	ENSG00000181903	
LINC02109	1	ENSG00000259786	
VGLL2	1	ENSG00000170162	
OR4C5	1	ENSG00000176540	
TLR5	1	ENSG00000187554	
LINC02104	1	ENSG00000271334	
VGLL1	1	ENSG00000102243	
TLR4	1	ENSG00000136869	
LINC02103	1	ENSG00000249785	
VGLL4	1	ENSG00000144560	
TLR3	1	ENSG00000164342	
OR4C3	1	ENSG00000176547	
LINC02106	1	ENSG00000251573	
TLR2	1	ENSG00000137462	
VGLL3	1	ENSG00000206538	
LINC02105	1	ENSG00000250447	
LINC02144	1	ENSG00000248708	
LINC02143	1	ENSG00000253236	
LINC02146	1	ENSG00000249490	
LINC02145	1	ENSG00000250490	
LINC02140	1	ENSG00000261803	
LINC02142	1	ENSG00000223597	
LINC02141	1	ENSG00000261807	
SIAH2-AS1	1	ENSG00000244265	
RFNG	1	ENSG00000169733	
PHYHIP	1	ENSG00000168490	
LIMA1	1	ENSG00000050405	
KIAA0513	1	ENSG00000135709	
APBB2	1	ENSG00000163697	
APBB1	1	ENSG00000166313	
LINC02137	1	ENSG00000260186	
APBB3	1	ENSG00000113108	
LINC02136	1	ENSG00000261348	
LINC02139	1	ENSG00000278214	
OR4B1	1	ENSG00000175619	
LINC02138	1	ENSG00000205015	
LINC02133	1	ENSG00000261231	
LINC02132	1	ENSG00000268804	
LINC02135	1	ENSG00000268532	
LINC02134	1	ENSG00000260450	
LINC02131	1	ENSG00000261154	
LINC02130	1	ENSG00000260009	
SORBS2	1	ENSG00000154556	
SORBS1	1	ENSG00000095637	
GPC1-AS1	1	ENSG00000218416	
SORBS3	1	ENSG00000120896	
ENO1-AS1	1	ENSG00000230679	
LINC02129	1	ENSG00000261045	
APBA1	1	ENSG00000107282	
OR4A5	1	ENSG00000221840	
APBA3	1	ENSG00000011132	
LINC02126	1	ENSG00000259847	
APBA2	1	ENSG00000034053	
LINC02125	1	ENSG00000250514	
LINC02128	1	ENSG00000261241	
LINC02127	1	ENSG00000261637	
TPSB2	1	ENSG00000197253	
H2AB3	1	ENSG00000277745	
RASEF	1	ENSG00000165105	
H2AB1	1	ENSG00000274183	
H2AB2	1	ENSG00000277858	
HOXA13	1	ENSG00000106031	
HAPSTR1	1	ENSG00000182831	
HOXA11	1	ENSG00000005073	
HOXA10	1	ENSG00000253293	
HCFC1R1	1	ENSG00000103145	
COTL1	1	ENSG00000103187	
TMEM38A	1	ENSG00000072954	
TMEM38B	1	ENSG00000095209	
H2AC8	1	ENSG00000277075	
MIGA2	1	ENSG00000148343	
MIGA1	1	ENSG00000180488	
H2AC6	1	ENSG00000180573	
H2AC7	1	ENSG00000196866	
H2AC4	1	ENSG00000278463	
ANXA13	1	ENSG00000104537	
ANXA11	1	ENSG00000122359	
NOSIP	1	ENSG00000142546	
ANXA10	1	ENSG00000109511	
H2AC1	1	ENSG00000164508	
LZTFL1	1	ENSG00000163818	
MYCL	1	ENSG00000116990	
MYCN	1	ENSG00000134323	
PRKAR2A-AS1	1	ENSG00000224424	
EFNA5	1	ENSG00000184349	
GS1-24F4.2	1	ENSG00000245857	
EFNA4	1	ENSG00000243364	
EFNB2	1	ENSG00000125266	
EFNB1	1	ENSG00000090776	
MYG1	1	ENSG00000139637	
EFNB3	1	ENSG00000108947	
TCEAL3-AS1	1	ENSG00000224031	
OR4F6	1	ENSG00000184140	
OR4F5	1	ENSG00000186092	
OR4F4	1	ENSG00000177693	
OR4F3	1	ENSG00000230178	
EFNA1	1	ENSG00000169242	
EFNA3	1	ENSG00000143590	
EFNA2	1	ENSG00000099617	
TLX3	1	ENSG00000164438	
TLX2	1	ENSG00000115297	
GOLGA7B-DT	1	ENSG00000227356	
TLX1	1	ENSG00000107807	
MYF6	1	ENSG00000111046	
PI4KA	1	ENSG00000241973	
DYNLRB2	1	ENSG00000168589	
DYNLRB1	1	ENSG00000125971	
PI4KB	1	ENSG00000143393	
TMEM35A	1	ENSG00000126950	
MYF5	1	ENSG00000111049	
TMEM35B	1	ENSG00000243749	
PDC-AS1	1	ENSG00000229739	
EFCAB6-DT	1	ENSG00000261251	
MEGF10	1	ENSG00000145794	
MEGF11	1	ENSG00000157890	
MIDEAS	1	ENSG00000156030	
OR4M2	1	ENSG00000274102	
OR4M1	1	ENSG00000176299	
GFUS	1	ENSG00000104522	
LINC02199	1	ENSG00000250198	
LINC02198	1	ENSG00000249352	
GPR176-DT	1	ENSG00000246863	
LINC02195	1	ENSG00000236481	
LINC02194	1	ENSG00000260264	
AKTIP	1	ENSG00000166971	
LINC02197	1	ENSG00000250387	
LINC02196	1	ENSG00000250974	
LINC02191	1	ENSG00000261636	
OR4L1	1	ENSG00000176246	
LINC02190	1	ENSG00000261475	
LINC02193	1	ENSG00000260923	
LINC02192	1	ENSG00000261325	
MYH1	1	ENSG00000109061	
MYH2	1	ENSG00000125414	
MYH3	1	ENSG00000109063	
RASA3	1	ENSG00000185989	
RASA4	1	ENSG00000105808	
RASA1	1	ENSG00000145715	
RASA2	1	ENSG00000155903	
RFT1	1	ENSG00000163933	
MYH8	1	ENSG00000133020	
MYH9	1	ENSG00000100345	
MYH4	1	ENSG00000264424	
MYH6	1	ENSG00000197616	
MYH7	1	ENSG00000092054	
OR4K5	1	ENSG00000176281	
BRAT1	1	ENSG00000106009	
OR4K2	1	ENSG00000165762	
OR4K1	1	ENSG00000155249	
CIART	1	ENSG00000159208	
RASD2	1	ENSG00000100302	
RASD1	1	ENSG00000108551	
MKNK1-AS1	1	ENSG00000269956	
TMEM30A	1	ENSG00000112697	
TMEM30B	1	ENSG00000182107	
ZNF571-AS1	1	ENSG00000267470	
LIMK2	1	ENSG00000182541	
LIMK1	1	ENSG00000106683	
ANXA2R	1	ENSG00000177721	
PRMT5-DT	1	ENSG00000257285	
KISS1	1	ENSG00000170498	
GTF3C2-AS2	1	ENSG00000234072	
GTF3C2-AS1	1	ENSG00000234945	
ZNF691-DT	1	ENSG00000228192	
OPA1-AS1	1	ENSG00000224855	
FZD10	1	ENSG00000111432	
GHITM	1	ENSG00000165678	
MYLK	1	ENSG00000065534	
XYLB	1	ENSG00000093217	
RFX2	1	ENSG00000087903	
RFX3	1	ENSG00000080298	
RFX1	1	ENSG00000132005	
ZMYND10-AS1	1	ENSG00000235058	
OR6T1	1	ENSG00000181499	
MYL4	1	ENSG00000198336	
MYL5	1	ENSG00000215375	
MYL6	1	ENSG00000092841	
RFX8	1	ENSG00000196460	
MYL7	1	ENSG00000106631	
CTBP1-DT	1	ENSG00000196810	
RFX6	1	ENSG00000185002	
MYL1	1	ENSG00000168530	
RFX7	1	ENSG00000181827	
MYL2	1	ENSG00000111245	
RFX4	1	ENSG00000111783	
RFX5	1	ENSG00000143390	
MYL3	1	ENSG00000160808	
MYL9	1	ENSG00000101335	
P4HA3-AS1	1	ENSG00000246211	
MYNN	1	ENSG00000085274	
GABARAP	1	ENSG00000170296	
OR6S1	1	ENSG00000181803	
IL22RA2	1	ENSG00000164485	
HSD11B1	1	ENSG00000117594	
HSD11B2	1	ENSG00000176387	
MYO6	1	ENSG00000196586	
OR8B12	1	ENSG00000170953	
TMA7	1	ENSG00000232112	
SNUPN	1	ENSG00000169371	
MYMK	1	ENSG00000187616	
IL22RA1	1	ENSG00000142677	
MYMX	1	ENSG00000262179	
LYPD6B	1	ENSG00000150556	
NOSTRIN	1	ENSG00000163072	
VSIR	1	ENSG00000107738	
MYPN	1	ENSG00000138347	
OR6Y1	1	ENSG00000197532	
B3GALT2	1	ENSG00000162630	
B3GALT1	1	ENSG00000172318	
MYOG	1	ENSG00000122180	
TMC1	1	ENSG00000165091	
MYOC	1	ENSG00000034971	
MYOF	1	ENSG00000138119	
TMC8	1	ENSG00000167895	
TMC7	1	ENSG00000170537	
TMC6	1	ENSG00000141524	
TMC5	1	ENSG00000103534	
TMC4	1	ENSG00000167608	
TMC3	1	ENSG00000188869	
TMC2	1	ENSG00000149488	
OR6X1	1	ENSG00000221931	
MYOT	1	ENSG00000120729	
LOC105371361	1	ENSG00000261838	
TMF1	1	ENSG00000144747	
MYRF	1	ENSG00000124920	
OVCA2	1	ENSG00000262664	
AXDND1	1	ENSG00000162779	
NKILA	1	ENSG00000278709	
GGA2	1	ENSG00000103365	
GGA1	1	ENSG00000100083	
GGA3	1	ENSG00000125447	
UHRF1BP1L-DT	1	ENSG00000257696	
TCOF1	1	ENSG00000070814	
CTBP1-AS	1	ENSG00000280927	
ATRNL1	1	ENSG00000107518	
HECW2-AS1	1	ENSG00000229056	
BYSL	1	ENSG00000112578	
OR6V1	1	ENSG00000225781	
RPL22L1	1	ENSG00000163584	
LINC02562	1	ENSG00000260265	
LINC02561	1	ENSG00000224034	
LINC02564	1	ENSG00000262352	
LINC02563	1	ENSG00000263520	
LINC02560	1	ENSG00000268307	
UCKL1-AS1	1	ENSG00000280213	
ZC3HAV1L	1	ENSG00000146858	
YY1	1	ENSG00000100811	
YY2	1	ENSG00000230797	
LINC02559	1	ENSG00000236464	
LINC02558	1	ENSG00000230866	
LINC02555	1	ENSG00000260943	
LINC02554	1	ENSG00000226741	
TCP11	1	ENSG00000124678	
LINC02557	1	ENSG00000225413	
LINC02556	1	ENSG00000236611	
LINC02551	1	ENSG00000254842	
LINC02550	1	ENSG00000271584	
LINC02553	1	ENSG00000255039	
LINC02552	1	ENSG00000256422	
ZFP69B	1	ENSG00000187801	
TNNI3K	1	ENSG00000116783	
MYT1	1	ENSG00000196132	
PCF11-AS1	1	ENSG00000269939	
SAP30	1	ENSG00000164105	
SAP25	1	ENSG00000205307	
LINC02548	1	ENSG00000255411	
ENSG00000256389	1	ENSG00000256389	
LINC02547	1	ENSG00000254486	
LINC02549	1	ENSG00000226497	
LINC02544	1	ENSG00000261039	
FLVCR1-DT	1	ENSG00000198468	
LINC02543	1	ENSG00000232947	
MALT1-AS1	1	ENSG00000267226	
LINC02546	1	ENSG00000255117	
LINC02545	1	ENSG00000254930	
LINC02584	1	ENSG00000254417	
LINC02583	1	ENSG00000187600	
LINC02585	1	ENSG00000228350	
LINC02580	1	ENSG00000230587	
LINC02582	1	ENSG00000261780	
TACSTD2	1	ENSG00000184292	
LCT-AS1	1	ENSG00000226806	
NCMAP-DT	1	ENSG00000264443	
LINC02577	1	ENSG00000228742	
LINC02576	1	ENSG00000232613	
LINC02579	1	ENSG00000233694	
LINC02578	1	ENSG00000235201	
LINC02573	1	ENSG00000233236	
LINC02572	1	ENSG00000229536	
LINC02575	1	ENSG00000228709	
LINC02574	1	ENSG00000233975	
LINC02571	1	ENSG00000256166	
LINC02570	1	ENSG00000237923	
B3GALT4	1	ENSG00000235863	
B3GALT6	1	ENSG00000176022	
B3GALT5	1	ENSG00000183778	
B3GALT9	1	ENSG00000214654	
GABPB1-AS1	1	ENSG00000244879	
GGCT	1	ENSG00000006625	
TMIE	1	ENSG00000181585	
RGCC	1	ENSG00000102760	
GGCX	1	ENSG00000115486	
LRIT2	1	ENSG00000204033	
LRIT1	1	ENSG00000148602	
LRIT3	1	ENSG00000183423	
LINC02569	1	ENSG00000235781	
LINC02566	1	ENSG00000115934	
LINC02565	1	ENSG00000267726	
LINC02568	1	ENSG00000259459	
LINC02567	1	ENSG00000237552	
LINC02520	1	ENSG00000204110	
ADARB2-AS1	1	ENSG00000205696	
LECT2	1	ENSG00000145826	
EFCAB14	1	ENSG00000159658	
EFCAB13	1	ENSG00000178852	
EFCAB12	1	ENSG00000172771	
EFCAB11	1	ENSG00000140025	
EFCAB10	1	ENSG00000185055	
ATP7B	1	ENSG00000123191	
CCNT2-AS1	1	ENSG00000224043	
LINC02519	1	ENSG00000226194	
LINC02518	1	ENSG00000232316	
LINC02515	1	ENSG00000250620	
LINC02514	1	ENSG00000250042	
PDILT	1	ENSG00000169340	
LINC02517	1	ENSG00000249145	
LINC02516	1	ENSG00000261083	
ATP7A	1	ENSG00000165240	
LINC02511	1	ENSG00000248869	
EDIL3	1	ENSG00000164176	
LINC02510	1	ENSG00000250341	
CTNNBL1	1	ENSG00000132792	
LINC02513	1	ENSG00000248227	
LINC02512	1	ENSG00000251061	
TMCO5A	1	ENSG00000166069	
KSR1	1	ENSG00000141068	
OVCH1	1	ENSG00000187950	
OVCH2	1	ENSG00000183378	
KSR2	1	ENSG00000171435	
ENSG00000283982	1	ENSG00000283982	
KIAA2012-AS1	1	ENSG00000222035	
DDOST	1	ENSG00000244038	
NT5C3A	1	ENSG00000122643	
NT5C3B	1	ENSG00000141698	
RUNX1-AS1	1	ENSG00000286153	
LINC02508	1	ENSG00000251619	
METTL14-DT	1	ENSG00000281731	
LINC02507	1	ENSG00000251688	
SGSM2-AS1	1	ENSG00000263345	
OR7A5	1	ENSG00000188269	
LINC02509	1	ENSG00000250263	
LINC02504	1	ENSG00000248339	
SNURF	1	ENSG00000273173	
LINC02503	1	ENSG00000249614	
LINC02506	1	ENSG00000251129	
LINC02505	1	ENSG00000248215	
LINC02500	1	ENSG00000249460	
SEC22B	1	ENSG00000265808	
SEC22A	1	ENSG00000121542	
LINC02502	1	ENSG00000250392	
SEC22C	1	ENSG00000093183	
LINC02501	1	ENSG00000249882	
SRRM2-AS1	1	ENSG00000205913	
LINC02540	1	ENSG00000236635	
SEC23A	1	ENSG00000100934	
FOCAD	1	ENSG00000188352	
LINC02542	1	ENSG00000226453	
LINC02541	1	ENSG00000230943	
LINC02537	1	ENSG00000283215	
SAP18	1	ENSG00000150459	
LINC02536	1	ENSG00000281248	
LINC02539	1	ENSG00000234956	
LINC02538	1	ENSG00000272549	
LINC02533	1	ENSG00000260239	
SEC23B	1	ENSG00000101310	
ATP9B	1	ENSG00000166377	
LINC02532	1	ENSG00000235142	
ATP9A	1	ENSG00000054793	
LINC02535	1	ENSG00000234155	
LINC02534	1	ENSG00000228777	
SEC24B	1	ENSG00000138802	
LINC02531	1	ENSG00000220908	
SEC24A	1	ENSG00000113615	
LINC02530	1	ENSG00000234015	
NICN1	1	ENSG00000145029	
IMMT	1	ENSG00000132305	
ATOX1	1	ENSG00000177556	
CTCFL	1	ENSG00000124092	
NOVA1	1	ENSG00000139910	
DOP1B	1	ENSG00000142197	
LINC02529	1	ENSG00000234777	
DOP1A	1	ENSG00000083097	
NOVA2	1	ENSG00000104967	
NT5C1A	1	ENSG00000116981	
ENSG00000283959	1	ENSG00000283959	
NT5C1B	1	ENSG00000185013	
LINC02526	1	ENSG00000229654	
LINC02525	1	ENSG00000230269	
LINC02527	1	ENSG00000227012	
SEC24D	1	ENSG00000150961	
LINC02522	1	ENSG00000231056	
SEC24C	1	ENSG00000176986	
LINC02521	1	ENSG00000228718	
LINC02524	1	ENSG00000233534	
ARNT2-DT	1	ENSG00000259495	
LINC02523	1	ENSG00000224506	
OR7G2	1	ENSG00000170923	
OR7G1	1	ENSG00000161807	
TMEM41A	1	ENSG00000163900	
PLEKHB2	1	ENSG00000115762	
TMEM41B	1	ENSG00000166471	
ZAN	1	ENSG00000146839	
PLEKHB1	1	ENSG00000021300	
ENSG00000271945	1	ENSG00000271945	
SMARCAL1-AS1	1	ENSG00000235042	
TMPO	1	ENSG00000120802	
A2ML1-AS1	1	ENSG00000256661	
IMP3	1	ENSG00000177971	
A2ML1-AS2	1	ENSG00000256904	
IMP4	1	ENSG00000136718	
TMEM123-DT	1	ENSG00000255337	
PLEKHD1	1	ENSG00000175985	
PCDH10	1	ENSG00000138650	
PCDH15	1	ENSG00000150275	
PCDH12	1	ENSG00000113555	
BRCC3	1	ENSG00000185515	
PCDH19	1	ENSG00000165194	
PCDH18	1	ENSG00000189184	
PCDH17	1	ENSG00000118946	
OR7D4	1	ENSG00000174667	
OR7D2	1	ENSG00000188000	
SEC31B	1	ENSG00000075826	
PAG1	1	ENSG00000076641	
SEC31A	1	ENSG00000138674	
PIK3CD-AS2	1	ENSG00000231789	
PIK3CD-AS1	1	ENSG00000179840	
XRCC6	1	ENSG00000196419	
XRCC4	1	ENSG00000152422	
XRCC5	1	ENSG00000079246	
XRCC2	1	ENSG00000196584	
PCDH20	1	ENSG00000280165	
XRCC3	1	ENSG00000126215	
EAF1	1	ENSG00000144597	
EAF2	1	ENSG00000145088	
XRCC1	1	ENSG00000073050	
PNMA8A	1	ENSG00000182013	
PNMA8B	1	ENSG00000204851	
PNMA8C	1	ENSG00000277531	
ATOSB	1	ENSG00000005238	
ATP4B	1	ENSG00000186009	
ATOSA	1	ENSG00000047346	
ATP4A	1	ENSG00000105675	
TRDN-AS1	1	ENSG00000235535	
PAF1	1	ENSG00000006712	
PAEP	1	ENSG00000122133	
RGL3	1	ENSG00000205517	
RGL4	1	ENSG00000159496	
ENSG00000232377	1	ENSG00000232377	
OR7C2	1	ENSG00000127529	
RGL1	1	ENSG00000143344	
OR7C1	1	ENSG00000127530	
SHISAL2A	1	ENSG00000182183	
KIAA0825	1	ENSG00000185261	
RGL2	1	ENSG00000237441	
VSX1	1	ENSG00000100987	
SHISAL2B	1	ENSG00000145642	
ENSG00000256321	1	ENSG00000256321	
VSX2	1	ENSG00000119614	
BARHL1	1	ENSG00000125492	
LINC02485	1	ENSG00000248456	
BARHL2	1	ENSG00000143032	
LINC02484	1	ENSG00000248685	
LINC02487	1	ENSG00000203688	
LINC02481	1	ENSG00000246526	
LINC02480	1	ENSG00000251040	
LINC02483	1	ENSG00000251383	
LINC02482	1	ENSG00000251580	
TMEM14B-DT	1	ENSG00000272097	
BRCA1	1	ENSG00000012048	
BRCA2	1	ENSG00000139618	
PNMA6F	1	ENSG00000225110	
PNMA6E	1	ENSG00000214897	
ARIH2	1	ENSG00000177479	
QSOX1	1	ENSG00000116260	
QSOX2	1	ENSG00000165661	
ARIH1	1	ENSG00000166233	
PRR15-DT	1	ENSG00000223813	
LINC02478	1	ENSG00000285373	
LINC02477	1	ENSG00000249425	
LINC02479	1	ENSG00000251326	
NXPE3	1	ENSG00000144815	
VKORC1	1	ENSG00000167397	
NBPF4	1	ENSG00000196427	
LINC02474	1	ENSG00000228437	
NXPE4	1	ENSG00000137634	
LHX8-AS1	1	ENSG00000224149	
LINC02473	1	ENSG00000261121	
LINC02476	1	ENSG00000225546	
NBPF3	1	ENSG00000142794	
LINC02475	1	ENSG00000251350	
LINC02470	1	ENSG00000225231	
NBPF9	1	ENSG00000269713	
NXPE1	1	ENSG00000095110	
NBPF6	1	ENSG00000186086	
LINC02472	1	ENSG00000248338	
ZFR	1	ENSG00000056097	
NXPE2	1	ENSG00000204361	
LINC02471	1	ENSG00000223914	
SORCS1	1	ENSG00000108018	
ZFY	1	ENSG00000067646	
SORCS3	1	ENSG00000156395	
RGMB	1	ENSG00000174136	
ZFX	1	ENSG00000005889	
SORCS2	1	ENSG00000184985	
NBPF1	1	ENSG00000219481	
RGMA	1	ENSG00000182175	
PNMA6A	1	ENSG00000235961	
ENSG00000258928	1	ENSG00000258928	
ATP2A1-AS1	1	ENSG00000260442	
ENSG00000258926	1	ENSG00000258926	
MZB1	1	ENSG00000170476	
LINC02466	1	ENSG00000246876	
LINC02469	1	ENSG00000248408	
LINC02468	1	ENSG00000256499	
DYNC1LI2-DT	1	ENSG00000246777	
INPP1	1	ENSG00000151689	
ATP23	1	ENSG00000166896	
C19orf48P	1	ENSG00000167747	
PAK1	1	ENSG00000149269	
PAK6	1	ENSG00000137843	
PAK3	1	ENSG00000077264	
PAK2	1	ENSG00000180370	
LINC02499	1	ENSG00000250436	
PAK5	1	ENSG00000101349	
PAK4	1	ENSG00000130669	
LINC02496	1	ENSG00000249066	
LINC02498	1	ENSG00000283083	
LINC02497	1	ENSG00000251182	
PLEKHA1	1	ENSG00000107679	
LINC02492	1	ENSG00000250590	
IGHVII-74-1	1	ENSG00000254134	
PLEKHA2	1	ENSG00000169499	
LINC02494	1	ENSG00000250340	
LINC02493	1	ENSG00000250819	
PLEKHA5	1	ENSG00000052126	
PLEKHA6	1	ENSG00000143850	
PLEKHA3	1	ENSG00000116095	
LINC02490	1	ENSG00000259237	
PLEKHA4	1	ENSG00000105559	
PLEKHA7	1	ENSG00000166689	
PLEKHA8	1	ENSG00000106086	
RGP1	1	ENSG00000107185	
DPY19L1	1	ENSG00000173852	
DPY19L2	1	ENSG00000177990	
DPY19L3	1	ENSG00000178904	
DPY19L4	1	ENSG00000156162	
STK17A	1	ENSG00000164543	
STK17B	1	ENSG00000081320	
NPHP3-AS1	1	ENSG00000248724	
LINC02489	1	ENSG00000255007	
LINC02488	1	ENSG00000249362	
OR7G3	1	ENSG00000170920	
FHOD3	1	ENSG00000134775	
LENG8-AS1	1	ENSG00000226696	
FHOD1	1	ENSG00000135723	
JADE1	1	ENSG00000077684	
JADE3	1	ENSG00000102221	
KNDC1	1	ENSG00000171798	
JADE2	1	ENSG00000043143	
WWTR1-AS1	1	ENSG00000241313	
RGS4	1	ENSG00000117152	
RGS5	1	ENSG00000143248	
RGS2	1	ENSG00000116741	
RGS3	1	ENSG00000138835	
RGS1	1	ENSG00000090104	
PALM	1	ENSG00000099864	
TMEM108-AS1	1	ENSG00000251011	
GGT1	1	ENSG00000100031	
RGS8	1	ENSG00000135824	
ARID2	1	ENSG00000189079	
RGS9	1	ENSG00000108370	
RGS6	1	ENSG00000182732	
RGS7	1	ENSG00000182901	
TMX4	1	ENSG00000125827	
GPANK1	1	ENSG00000204438	
TMX3	1	ENSG00000166479	
TMX2	1	ENSG00000213593	
TMX1	1	ENSG00000139921	
MZF1	1	ENSG00000099326	
NXPH2	1	ENSG00000144227	
CCL3L1	1	ENSG00000276085	
YTHDC1	1	ENSG00000083896	
NXPH3	1	ENSG00000182575	
YTHDC2	1	ENSG00000047188	
NXPH4	1	ENSG00000182379	
CYP11A1	1	ENSG00000140459	
DSP-AS1	1	ENSG00000261189	
NXPH1	1	ENSG00000122584	
GGT5	1	ENSG00000099998	
GGT7	1	ENSG00000131067	
GGT6	1	ENSG00000167741	
IGKV7-3	1	ENSG00000197794	
VTA1	1	ENSG00000009844	
CACFD1	1	ENSG00000160325	
PAN2	1	ENSG00000135473	
PAN3	1	ENSG00000152520	
CYP11B2	1	ENSG00000179142	
CYP11B1	1	ENSG00000160882	
ENSG00000234953	1	ENSG00000234953	
PICALM	1	ENSG00000073921	
TMEM45B	1	ENSG00000151715	
GSK3B	1	ENSG00000082701	
GSK3A	1	ENSG00000105723	
TRIAP1	1	ENSG00000170855	
ADIPOQ-AS1	1	ENSG00000226482	
OXA1L-DT	1	ENSG00000258458	
TMEM191C	1	ENSG00000206140	
TMEM191B	1	ENSG00000278558	
MRPL20-DT	1	ENSG00000272455	
HSDL2	1	ENSG00000119471	
HSDL1	1	ENSG00000103160	
ANKRD44-DT	1	ENSG00000225979	
ZP1	1	ENSG00000149506	
EAPP	1	ENSG00000129518	
ZP3	1	ENSG00000188372	
ZP2	1	ENSG00000103310	
ZP4	1	ENSG00000116996	
PAOX	1	ENSG00000148832	
TMEM45A	1	ENSG00000181458	
ACSL6-AS1	1	ENSG00000223548	
PARG	1	ENSG00000227345	
PARN	1	ENSG00000140694	
HSPA12A-AS1	1	ENSG00000232767	
PARL	1	ENSG00000175193	
ATOH7	1	ENSG00000179774	
ATOH8	1	ENSG00000168874	
NCF4-AS1	1	ENSG00000183822	
SMNDC1	1	ENSG00000119953	
ATOH1	1	ENSG00000172238	
R3HDML	1	ENSG00000101074	
CHURC1	1	ENSG00000258289	
TRBV23OR9-2	1	ENSG00000229063	
BOK-AS1	1	ENSG00000234235	
TMEM161B-DT	1	ENSG00000247828	
R3HDM4	1	ENSG00000198858	
R3HDM1	1	ENSG00000048991	
R3HDM2	1	ENSG00000179912	
PATJ	1	ENSG00000132849	
ARIH2OS	1	ENSG00000221883	
IRX4-AS1	1	ENSG00000249116	
SYTL1	1	ENSG00000142765	
LGALS14	1	ENSG00000006659	
LGALS16	1	ENSG00000249861	
PASK	1	ENSG00000115687	
SYTL5	1	ENSG00000147041	
SYTL4	1	ENSG00000102362	
SYTL3	1	ENSG00000164674	
ACTR3-AS1	1	ENSG00000228857	
SYTL2	1	ENSG00000137501	
LGALS13	1	ENSG00000105198	
LGALS12	1	ENSG00000133317	
ETS1-AS1	1	ENSG00000254588	
LINS1	1	ENSG00000140471	
CDC42SE1	1	ENSG00000197622	
LINP1	1	ENSG00000223784	
SNU13	1	ENSG00000100138	
IGHVIII-2-1	1	ENSG00000253780	
MTUS1-DT	1	ENSG00000253944	
POU5F1B	1	ENSG00000212993	
INE2	1	ENSG00000281371	
INE1	1	ENSG00000224975	
SPON1-AS1	1	ENSG00000254418	
KIAA0319L	1	ENSG00000142687	
NXNL1	1	ENSG00000171773	
NXNL2	1	ENSG00000130045	
MTHFR	1	ENSG00000177000	
MTHFS	1	ENSG00000136371	
OR5P3	1	ENSG00000182334	
INO80	1	ENSG00000128908	
OR5P2	1	ENSG00000183303	
GLUD1	1	ENSG00000148672	
GLUD2	1	ENSG00000182890	
LILRB1-AS1	1	ENSG00000224730	
CDC42SE2	1	ENSG00000158985	
PPP2R2B-IT1	1	ENSG00000249553	
CYB561D1	1	ENSG00000174151	
ING1	1	ENSG00000153487	
CYB561D2	1	ENSG00000114395	
ING4	1	ENSG00000111653	
ING5	1	ENSG00000168395	
ING2	1	ENSG00000168556	
OR5W2	1	ENSG00000187612	
POLG-DT	1	ENSG00000261441	
ING3	1	ENSG00000071243	
PAXX	1	ENSG00000148362	
DNM3-IT1	1	ENSG00000233540	
STPG3-AS1	1	ENSG00000275549	
IGHV3-69-1	1	ENSG00000282600	
SANBR	1	ENSG00000162929	
HSBP1	1	ENSG00000230989	
TNNC1	1	ENSG00000114854	
TNNC2	1	ENSG00000101470	
PAX4	1	ENSG00000106331	
PAX3	1	ENSG00000135903	
PAWR	1	ENSG00000177425	
PAX6	1	ENSG00000007372	
PAX5	1	ENSG00000196092	
TTLL7-IT1	1	ENSG00000233061	
PAX2	1	ENSG00000075891	
PAX1	1	ENSG00000125813	
OR5V1	1	ENSG00000243729	
INF2	1	ENSG00000203485	
PAX8	1	ENSG00000125618	
PAX7	1	ENSG00000009709	
PAX9	1	ENSG00000198807	
ARHGEF17-AS1	1	ENSG00000257038	
CTDP1	1	ENSG00000060069	
DYRK3-AS1	1	ENSG00000237605	
METTL7B	1	ENSG00000170439	
METTL7A	1	ENSG00000185432	
RHBG	1	ENSG00000132677	
FZD10-AS1	1	ENSG00000250208	
LGALS7B	1	ENSG00000178934	
OR5T3	1	ENSG00000172489	
MZT1	1	ENSG00000204899	
KTN1	1	ENSG00000126777	
OR5T2	1	ENSG00000181718	
OR5T1	1	ENSG00000181698	
HYI-AS1	1	ENSG00000229348	
ZYX	1	ENSG00000159840	
RHAG	1	ENSG00000112077	
NOTUM	1	ENSG00000185269	
INHA	1	ENSG00000123999	
GALNT9-AS1	1	ENSG00000256943	
LINC02441	1	ENSG00000256643	
GHDC	1	ENSG00000167925	
LINC02440	1	ENSG00000255618	
LINC02443	1	ENSG00000256115	
LINC02442	1	ENSG00000256077	
BZW2	1	ENSG00000136261	
BZW1	1	ENSG00000082153	
TUBB8	1	ENSG00000261456	
BRPF3-AS1	1	ENSG00000246982	
TUBB6	1	ENSG00000176014	
TUBB3	1	ENSG00000258947	
TUBB1	1	ENSG00000101162	
LINC02438	1	ENSG00000248238	
SMARCAD1	1	ENSG00000163104	
LINC02437	1	ENSG00000248517	
LINC02439	1	ENSG00000255814	
STK32A	1	ENSG00000169302	
LINC02434	1	ENSG00000248370	
STK32B	1	ENSG00000152953	
LINC02433	1	ENSG00000234111	
STK32C	1	ENSG00000165752	
LINC02436	1	ENSG00000250754	
LINC02435	1	ENSG00000251526	
LINC02430	1	ENSG00000250252	
LINC02432	1	ENSG00000248810	
LINC02431	1	ENSG00000248872	
CYB561A3	1	ENSG00000162144	
INIP	1	ENSG00000148153	
RALGAPB	1	ENSG00000170471	
CEBPB-AS1	1	ENSG00000277449	
LINC02427	1	ENSG00000271538	
LINC02426	1	ENSG00000257747	
LINC02429	1	ENSG00000251266	
TNIK	1	ENSG00000154310	
LINC02428	1	ENSG00000248740	
RHCG	1	ENSG00000140519	
LINC02423	1	ENSG00000256750	
LINC02422	1	ENSG00000255760	
RHCE	1	ENSG00000188672	
LINC02425	1	ENSG00000256259	
LINC02424	1	ENSG00000258220	
LINC02463	1	ENSG00000257683	
METTL2B	1	ENSG00000165055	
LINC02462	1	ENSG00000251291	
LINC02465	1	ENSG00000249618	
LINC02464	1	ENSG00000257677	
TNKS	1	ENSG00000173273	
METTL2A	1	ENSG00000087995	
LINC02461	1	ENSG00000258331	
LINC02460	1	ENSG00000255714	
RHEX	1	ENSG00000263961	
ITPRIPL2	1	ENSG00000205730	
ITPRIPL1	1	ENSG00000198885	
PITRM1	1	ENSG00000107959	
LINC02459	1	ENSG00000257476	
H2BW1	1	ENSG00000123569	
LINC02456	1	ENSG00000283052	
H2BW2	1	ENSG00000101812	
LINC02455	1	ENSG00000256672	
LINC02458	1	ENSG00000246363	
LINC02457	1	ENSG00000258018	
LINC02452	1	ENSG00000283422	
LINC02451	1	ENSG00000257164	
LINC02454	1	ENSG00000256268	
LINC02453	1	ENSG00000245017	
SMC2-DT	1	ENSG00000270332	
TNK2	1	ENSG00000061938	
CEP350	1	ENSG00000135837	
LINC02450	1	ENSG00000257114	
TNK1	1	ENSG00000174292	
GOSR2-DT	1	ENSG00000261886	
RHEB	1	ENSG00000106615	
LINC02449	1	ENSG00000215241	
LINC02448	1	ENSG00000257230	
LINC02445	1	ENSG00000257750	
LINC02444	1	ENSG00000258123	
LINC02447	1	ENSG00000245468	
TUBA8	1	ENSG00000183785	
LINC02446	1	ENSG00000256039	
RAB17-DT	1	ENSG00000234949	
SCPEP1	1	ENSG00000121064	
METTL14	1	ENSG00000145388	
METTL13	1	ENSG00000010165	
DMRTB1	1	ENSG00000143006	
MCM8-AS1	1	ENSG00000278719	
METTL16	1	ENSG00000127804	
METTL15	1	ENSG00000169519	
METTL18	1	ENSG00000171806	
METTL17	1	ENSG00000165792	
RPAP3-DT	1	ENSG00000257433	
INMT	1	ENSG00000241644	
METTL23	1	ENSG00000181038	
METTL22	1	ENSG00000067365	
DMRTA2	1	ENSG00000142700	
METTL25	1	ENSG00000127720	
METTL24	1	ENSG00000053328	
TNMD	1	ENSG00000000005	
DMRTA1	1	ENSG00000176399	
METTL27	1	ENSG00000165171	
METTL26	1	ENSG00000130731	
LINC02421	1	ENSG00000255970	
TEX36-AS1	1	ENSG00000237675	
LINC02420	1	ENSG00000256172	
LOC105371430	1	ENSG00000241525	
LINC02419	1	ENSG00000256906	
ENSG00000268472	1	ENSG00000268472	
TNNI1	1	ENSG00000159173	
LINC02416	1	ENSG00000257924	
TNNI2	1	ENSG00000130598	
ETFRF1	1	ENSG00000205707	
LINC02415	1	ENSG00000248703	
TNNI3	1	ENSG00000129991	
LINC02418	1	ENSG00000214039	
LINC02417	1	ENSG00000257048	
LINC02412	1	ENSG00000258171	
CTNNAL1	1	ENSG00000119326	
LINC02411	1	ENSG00000256022	
LINC02414	1	ENSG00000256424	
LINC02413	1	ENSG00000257345	
LINC02410	1	ENSG00000258292	
ZFP3-DT	1	ENSG00000262693	
LINC02409	1	ENSG00000257920	
LINC02408	1	ENSG00000203585	
ENSG00000268460	1	ENSG00000268460	
RAB30-DT	1	ENSG00000246067	
LINC02405	1	ENSG00000249345	
LINC02404	1	ENSG00000257893	
TNP2	1	ENSG00000178279	
LINC02406	1	ENSG00000258144	
TNP1	1	ENSG00000118245	
LINC02401	1	ENSG00000257762	
LINC02400	1	ENSG00000257784	
LINC02403	1	ENSG00000257541	
LINC02402	1	ENSG00000257510	
HSF2BP	1	ENSG00000160207	
IGLV2-8	1	ENSG00000278196	
INSC	1	ENSG00000188487	
IGLV2-5	1	ENSG00000253234	
TNS4	1	ENSG00000131746	
TNS3	1	ENSG00000136205	
TNS2	1	ENSG00000111077	
TNS1	1	ENSG00000079308	
LINC02397	1	ENSG00000205056	
LINC02396	1	ENSG00000258135	
LINC02399	1	ENSG00000257725	
LINC02398	1	ENSG00000256287	
TMEM52B	1	ENSG00000165685	
LINC02393	1	ENSG00000256597	
LINC02392	1	ENSG00000258183	
SACM1L	1	ENSG00000211456	
LINC02395	1	ENSG00000257771	
LINC02394	1	ENSG00000258332	
EBF1	1	ENSG00000164330	
USP17L30	1	ENSG00000228856	
EBF2	1	ENSG00000221818	
EBF3	1	ENSG00000108001	
LINC02391	1	ENSG00000277851	
EBF4	1	ENSG00000088881	
LINC02390	1	ENSG00000256582	
RUNX3	1	ENSG00000020633	
ENSG00000268403	1	ENSG00000268403	
RUNX2	1	ENSG00000124813	
RUNX1	1	ENSG00000159216	
OR6C6	1	ENSG00000188324	
OR6C4	1	ENSG00000179626	
OR6C3	1	ENSG00000205329	
OR6C2	1	ENSG00000179695	
LINC02389	1	ENSG00000255693	
OR6C1	1	ENSG00000205330	
INTU	1	ENSG00000164066	
FHL1P1	1	ENSG00000239219	
EBI3	1	ENSG00000105246	
FSIP2-AS1	1	ENSG00000231646	
FSIP2-AS2	1	ENSG00000226747	
INSIG1-DT	1	ENSG00000273117	
OR6B3	1	ENSG00000178586	
OR6B2	1	ENSG00000182083	
GSTT2B	1	ENSG00000133433	
OR6B1	1	ENSG00000221813	
TMEM50A	1	ENSG00000183726	
TMEM50B	1	ENSG00000142188	
INSR	1	ENSG00000171105	
CIDEA	1	ENSG00000176194	
AMMECR1	1	ENSG00000101935	
CIDEB	1	ENSG00000136305	
NOTCH2NLA	1	ENSG00000264343	
CIDEC	1	ENSG00000187288	
NOTCH2NLC	1	ENSG00000286219	
NOTCH2NLB	1	ENSG00000286019	
NARF-AS1	1	ENSG00000266445	
DMRTC1	1	ENSG00000269502	
DMRTC2	1	ENSG00000142025	
NARF-AS2	1	ENSG00000265458	
TH2LCRR	1	ENSG00000223442	
OR6A2	1	ENSG00000184933	
ENSG00000256442	1	ENSG00000256442	
NOTCH2NLR	1	ENSG00000286106	
INVS	1	ENSG00000119509	
LINC02364	1	ENSG00000250190	
LINC02363	1	ENSG00000180712	
LINC02366	1	ENSG00000256888	
IGHV7-4-1	1	ENSG00000282122	
LINC02365	1	ENSG00000254233	
LINC02360	1	ENSG00000248300	
LINC02362	1	ENSG00000249096	
LINC02361	1	ENSG00000256576	
EPB41L4B	1	ENSG00000095203	
EPB41L4A	1	ENSG00000129595	
UCHL1	1	ENSG00000154277	
C5orf64-AS1	1	ENSG00000251575	
TSPAN9-IT1	1	ENSG00000256197	
LINC02357	1	ENSG00000283314	
LINC02356	1	ENSG00000257595	
LINC02359	1	ENSG00000284848	
LINC02358	1	ENSG00000251256	
LINC02353	1	ENSG00000251329	
LINC02352	1	ENSG00000259448	
LINC02355	1	ENSG00000248210	
LINC02354	1	ENSG00000257488	
LINC02351	1	ENSG00000277987	
LINC02350	1	ENSG00000255595	
RHOG	1	ENSG00000177105	
RHOH	1	ENSG00000168421	
TUBG2	1	ENSG00000037042	
RHOF	1	ENSG00000139725	
IL17RE	1	ENSG00000163701	
UCHL3	1	ENSG00000118939	
TUBG1	1	ENSG00000131462	
IL17RD	1	ENSG00000144730	
RHOC	1	ENSG00000155366	
ZNF503-AS1	1	ENSG00000226051	
IL17RC	1	ENSG00000163702	
RHOD	1	ENSG00000173156	
ZNF503-AS2	1	ENSG00000237149	
IL17RB	1	ENSG00000056736	
RHOA	1	ENSG00000067560	
UCHL5	1	ENSG00000116750	
RHOB	1	ENSG00000143878	
IL17RA	1	ENSG00000177663	
TNNT1	1	ENSG00000105048	
TNNT2	1	ENSG00000118194	
RHOJ	1	ENSG00000126785	
TNNT3	1	ENSG00000130595	
MYO1B-AS1	1	ENSG00000227542	
LINC02349	1	ENSG00000259284	
RHOU	1	ENSG00000116574	
RHOV	1	ENSG00000104140	
LINC02346	1	ENSG00000206187	
LINC02345	1	ENSG00000259225	
RHOQ	1	ENSG00000119729	
LINC02348	1	ENSG00000286733	
LINC02347	1	ENSG00000214043	
USP17L27	1	ENSG00000235780	
LINC02386	1	ENSG00000257756	
USP17L26	1	ENSG00000229579	
SMIM2-IT1	1	ENSG00000235285	
LINC02385	1	ENSG00000257193	
USP17L29	1	ENSG00000231637	
LINC02388	1	ENSG00000257259	
TNXB	1	ENSG00000168477	
USP17L28	1	ENSG00000231051	
LINC02387	1	ENSG00000256232	
LINC02382	1	ENSG00000250968	
LINC02381	1	ENSG00000250742	
LINC02384	1	ENSG00000251301	
LINC02383	1	ENSG00000248143	
TUBD1	1	ENSG00000108423	
LINC02380	1	ENSG00000248505	
USP17L21	1	ENSG00000249811	
USP17L20	1	ENSG00000250745	
USP17L23	1	ENSG00000250913	
USP17L22	1	ENSG00000248933	
USP17L25	1	ENSG00000230430	
PBLD	1	ENSG00000108187	
USP17L24	1	ENSG00000232264	
KIAA0753	1	ENSG00000198920	
LINC02379	1	ENSG00000251649	
RORA-AS2	1	ENSG00000259482	
RORA-AS1	1	ENSG00000245534	
LINC02378	1	ENSG00000256994	
RANBP2	1	ENSG00000153201	
LINC02375	1	ENSG00000256362	
RANBP1	1	ENSG00000099901	
OR6F1	1	ENSG00000169214	
USP17L15	1	ENSG00000223569	
LINC02374	1	ENSG00000249747	
LINC02377	1	ENSG00000250102	
USP17L18	1	ENSG00000250844	
RANBP3	1	ENSG00000031823	
USP17L17	1	ENSG00000249104	
LINC02376	1	ENSG00000256292	
LINC02371	1	ENSG00000274659	
LINC02370	1	ENSG00000230294	
USP17L19	1	ENSG00000248920	
LINC02373	1	ENSG00000257507	
LINC02372	1	ENSG00000249873	
RANBP9	1	ENSG00000010017	
TUBE1	1	ENSG00000074935	
USP17L10	1	ENSG00000231396	
RANBP6	1	ENSG00000137040	
USP17L12	1	ENSG00000227551	
USP17L11	1	ENSG00000233136	
USP17L13	1	ENSG00000232399	
GHRH	1	ENSG00000118702	
R3HCC1	1	ENSG00000104679	
GHRL	1	ENSG00000157017	
LINC02368	1	ENSG00000256659	
LINC02367	1	ENSG00000260423	
LINC02369	1	ENSG00000256551	
GOLT1B	1	ENSG00000111711	
GOLT1A	1	ENSG00000174567	
OR6M1	1	ENSG00000196099	
ARHGAP39	1	ENSG00000147799	
SSC4D	1	ENSG00000146700	
ARHGAP36	1	ENSG00000147256	
ARHGAP35	1	ENSG00000160007	
ARHGAP44	1	ENSG00000006740	
ARHGAP42	1	ENSG00000165895	
ARHGAP40	1	ENSG00000124143	
PRRT3-AS1	1	ENSG00000230082	
PDIA3	1	ENSG00000167004	
GHSR	1	ENSG00000121853	
PDIA2	1	ENSG00000185615	
PDIA6	1	ENSG00000143870	
PDIA5	1	ENSG00000065485	
LGALS9C	1	ENSG00000171916	
PDIA4	1	ENSG00000155660	
LGALS9B	1	ENSG00000170298	
ARHGAP45	1	ENSG00000180448	
CMPK1	1	ENSG00000162368	
CMPK2	1	ENSG00000134326	
LRIF1	1	ENSG00000121931	
AIPL1	1	ENSG00000129221	
OR6K6	1	ENSG00000180433	
OR6K3	1	ENSG00000203757	
OR6K2	1	ENSG00000196171	
TMEM59L	1	ENSG00000105696	
BTF3L4	1	ENSG00000134717	
ARHGAP19	1	ENSG00000213390	
ARHGAP18	1	ENSG00000146376	
ARHGAP17	1	ENSG00000140750	
ARHGAP15	1	ENSG00000075884	
ARHGAP12	1	ENSG00000165322	
ARHGAP22	1	ENSG00000128805	
ARHGAP21	1	ENSG00000107863	
ARHGAP20	1	ENSG00000137727	
OR6J1	1	ENSG00000255804	
ASPSCR1	1	ENSG00000169696	
ARHGAP29	1	ENSG00000137962	
ARHGAP28	1	ENSG00000088756	
SSC5D	1	ENSG00000179954	
ARHGAP27	1	ENSG00000159314	
ARHGAP26	1	ENSG00000145819	
ARHGAP25	1	ENSG00000163219	
ARHGAP24	1	ENSG00000138639	
ARHGAP23	1	ENSG00000275832	
ARHGAP33	1	ENSG00000004777	
ARHGAP32	1	ENSG00000134909	
LATS2-AS1	1	ENSG00000233851	
ARHGAP31	1	ENSG00000031081	
ARHGAP30	1	ENSG00000186517	
EBPL	1	ENSG00000123179	
ULBP2	1	ENSG00000131015	
ULBP1	1	ENSG00000111981	
ULBP3	1	ENSG00000131019	
OR6Q1	1	ENSG00000279051	
FDCSP	1	ENSG00000181617	
PAN3-AS1	1	ENSG00000261485	
ENSG00000219445	1	ENSG00000219445	
OR6P1	1	ENSG00000186440	
ARHGAP10	1	ENSG00000071205	
PPP1R15B-AS1	1	ENSG00000226330	
OSER1-DT	1	ENSG00000223891	
MTIF2	1	ENSG00000085760	
DLEU2L	1	ENSG00000116652	
MTIF3	1	ENSG00000122033	
TOB2	1	ENSG00000183864	
TOB1	1	ENSG00000141232	
RASSF10-DT	1	ENSG00000254670	
NT5DC1	1	ENSG00000178425	
NT5DC4	1	ENSG00000144130	
NT5DC2	1	ENSG00000168268	
NT5DC3	1	ENSG00000111696	
LRIG1	1	ENSG00000144749	
LRIG3	1	ENSG00000139263	
LRIG2	1	ENSG00000198799	
MAPT-AS1	1	ENSG00000264589	
OR6N2	1	ENSG00000188340	
OR6N1	1	ENSG00000197403	
PIKFYVE	1	ENSG00000115020	
SSBP1	1	ENSG00000106028	
TRAV26-1	1	ENSG00000211807	
SSBP2	1	ENSG00000145687	
TRAV26-2	1	ENSG00000211812	
SSBP3	1	ENSG00000157216	
SSBP4	1	ENSG00000130511	
NUP107	1	ENSG00000111581	
TEX41	1	ENSG00000226674	
TEX43	1	ENSG00000196900	
TEX44	1	ENSG00000177673	
TEX45	1	ENSG00000198723	
SPINT4	1	ENSG00000149651	
TEX46	1	ENSG00000227868	
SPINT3	1	ENSG00000101446	
TEX47	1	ENSG00000164645	
SPINT2	1	ENSG00000167642	
TEX48	1	ENSG00000230601	
ALKBH7	1	ENSG00000125652	
TEX49	1	ENSG00000257987	
ALKBH6	1	ENSG00000239382	
ALKBH8	1	ENSG00000137760	
ALKBH3	1	ENSG00000166199	
ALKBH2	1	ENSG00000189046	
ALKBH5	1	ENSG00000091542	
ALKBH4	1	ENSG00000160993	
ALKBH1	1	ENSG00000100601	
FGFR1OP2	1	ENSG00000111790	
TEX50	1	ENSG00000232113	
TEX51	1	ENSG00000237524	
TEX52	1	ENSG00000283297	
TEX53	1	ENSG00000230054	
PKD1L1-AS1	1	ENSG00000136275	
SGSM3-AS1	1	ENSG00000229999	
TEX54	1	ENSG00000283268	
TEX55	1	ENSG00000163424	
SPINT1	1	ENSG00000166145	
ASPHD1	1	ENSG00000174939	
ASPHD2	1	ENSG00000128203	
SAR1A	1	ENSG00000079332	
SAR1B	1	ENSG00000152700	
TEX22	1	ENSG00000226174	
TEX26	1	ENSG00000175664	
TEX28	1	ENSG00000278057	
TEX29	1	ENSG00000153495	
LOH12CR2	1	ENSG00000205791	
LUARIS	1	ENSG00000231638	
ATRIP	1	ENSG00000164053	
TOE1	1	ENSG00000132773	
TEX30	1	ENSG00000151287	
NCAPH2	1	ENSG00000025770	
TEX33	1	ENSG00000185264	
PBX3	1	ENSG00000167081	
PBX2	1	ENSG00000204304	
TEX35	1	ENSG00000240021	
TEX36	1	ENSG00000175018	
PBX4	1	ENSG00000105717	
TEX37	1	ENSG00000172073	
TEX38	1	ENSG00000186118	
PBX1	1	ENSG00000185630	
SEC24B-AS1	1	ENSG00000247950	
NCAPG2	1	ENSG00000146918	
SNX12	1	ENSG00000147164	
SNX13	1	ENSG00000071189	
SNX10	1	ENSG00000086300	
SNX11	1	ENSG00000002919	
IL18BP	1	ENSG00000137496	
SLC18A1	1	ENSG00000036565	
SLC18A2	1	ENSG00000165646	
PCCA-AS1	1	ENSG00000234650	
SLC18A3	1	ENSG00000187714	
CHD9NB	1	ENSG00000277639	
TEX10	1	ENSG00000136891	
TEX11	1	ENSG00000120498	
TEX12	1	ENSG00000150783	
TEX14	1	ENSG00000121101	
TSBP1-AS1	1	ENSG00000225914	
TEX15	1	ENSG00000133863	
PABPC5-AS1	1	ENSG00000234161	
TTC28-AS1	1	ENSG00000235954	
TEX19	1	ENSG00000182459	
GHRLOS	1	ENSG00000240288	
SLC18B1	1	ENSG00000146409	
NFE2L1-DT	1	ENSG00000263412	
SNX32	1	ENSG00000172803	
SNX33	1	ENSG00000173548	
SNX30	1	ENSG00000148158	
SNX31	1	ENSG00000174226	
SNX29	1	ENSG00000048471	
RIDA	1	ENSG00000132541	
SNX27	1	ENSG00000143376	
SNX25	1	ENSG00000109762	
SOX9-AS1	1	ENSG00000234899	
RIC3	1	ENSG00000166405	
RIC1	1	ENSG00000107036	
SNX24	1	ENSG00000064652	
APEX2	1	ENSG00000169188	
SNX21	1	ENSG00000124104	
SNX22	1	ENSG00000157734	
SNX20	1	ENSG00000167208	
SNX18	1	ENSG00000178996	
SNX19	1	ENSG00000120451	
GID4	1	ENSG00000141034	
SNX16	1	ENSG00000104497	
SNX17	1	ENSG00000115234	
APEX1	1	ENSG00000100823	
SNX14	1	ENSG00000135317	
SHKBP1	1	ENSG00000160410	
GID8	1	ENSG00000101193	
SNX15	1	ENSG00000110025	
NCAPD2	1	ENSG00000010292	
NCAPD3	1	ENSG00000151503	
IRAG1-AS1	1	ENSG00000177112	
RIF1	1	ENSG00000080345	
TMEM167B	1	ENSG00000215717	
TMEM167A	1	ENSG00000174695	
LAPTM4B	1	ENSG00000104341	
LAPTM4A	1	ENSG00000068697	
TOM1	1	ENSG00000100284	
CTNNBIP1	1	ENSG00000178585	
PAX8-AS1	1	ENSG00000189223	
SDCBP2	1	ENSG00000125775	
OR9A4	1	ENSG00000258083	
OR9A2	1	ENSG00000179468	
ARL8A	1	ENSG00000143862	
ARL8B	1	ENSG00000134108	
PLXNB3-AS1	1	ENSG00000232725	
TOMT	1	ENSG00000284844	
PKMYT1	1	ENSG00000127564	
AMDHD1	1	ENSG00000139344	
AMDHD2	1	ENSG00000162066	
ENSG00000183154	1	ENSG00000183154	
PCA3	1	ENSG00000225937	
MAGOH-DT	1	ENSG00000226754	
IGSF22-AS1	1	ENSG00000254966	
UCKL1	1	ENSG00000198276	
NOXA1	1	ENSG00000188747	
PARAL1	1	ENSG00000243961	
RHPN1-AS1	1	ENSG00000254389	
TRIM75	1	ENSG00000250374	
TRIM77	1	ENSG00000214414	
RIGI	1	ENSG00000107201	
TRIM71	1	ENSG00000206557	
ZNF892	1	ENSG00000233757	
TRIM72	1	ENSG00000177238	
ZNF891	1	ENSG00000214029	
TRIM73	1	ENSG00000178809	
TRIM74	1	ENSG00000155428	
ECE1	1	ENSG00000117298	
ECE2	1	ENSG00000145194	
RPS6KA2-IT1	1	ENSG00000232082	
ZKSCAN7-AS1	1	ENSG00000236869	
IGHVII-28-1	1	ENSG00000253149	
ARL5B	1	ENSG00000165997	
ARL5C	1	ENSG00000141748	
TRIM68	1	ENSG00000167333	
TRIM69	1	ENSG00000185880	
ZNF888	1	ENSG00000213793	
TRIM64	1	ENSG00000204450	
TRIM65	1	ENSG00000141569	
ARL5A	1	ENSG00000162980	
TRIM66	1	ENSG00000166436	
TRIM67	1	ENSG00000119283	
TRIM60	1	ENSG00000176979	
TRIM61	1	ENSG00000183439	
ZNF880	1	ENSG00000221923	
TRIM62	1	ENSG00000116525	
TRIM63	1	ENSG00000158022	
SPNS2-AS1	1	ENSG00000229782	
ARL4C	1	ENSG00000188042	
ARL4D	1	ENSG00000175906	
ARL4A	1	ENSG00000122644	
PCCA	1	ENSG00000175198	
COL18A1-AS2	1	ENSG00000224574	
COL18A1-AS1	1	ENSG00000183535	
PCCB	1	ENSG00000114054	
ZNF879	1	ENSG00000234284	
ZNF878	1	ENSG00000257446	
TRIM58	1	ENSG00000162722	
TRIM59	1	ENSG00000213186	
ZNF875	1	ENSG00000181666	
TOP1	1	ENSG00000198900	
TRIM54	1	ENSG00000138100	
DCTPP1	1	ENSG00000179958	
TRIM55	1	ENSG00000147573	
TRIM56	1	ENSG00000169871	
TRIM50	1	ENSG00000146755	
TRIM51	1	ENSG00000124900	
TRIM52	1	ENSG00000183718	
UBQLN1	1	ENSG00000135018	
TRIM46	1	ENSG00000163462	
TRIM47	1	ENSG00000132481	
TRIM48	1	ENSG00000150244	
ZNF865	1	ENSG00000261221	
TRIM49	1	ENSG00000168930	
TRIM42	1	ENSG00000155890	
ZNF862	1	ENSG00000106479	
TRIM43	1	ENSG00000144015	
UBQLN4	1	ENSG00000160803	
RILP	1	ENSG00000167705	
TRIM44	1	ENSG00000166326	
UBQLN3	1	ENSG00000175520	
TRIM45	1	ENSG00000134253	
UBQLN2	1	ENSG00000188021	
ZNF860	1	ENSG00000197385	
TRIM40	1	ENSG00000204614	
TRIM41	1	ENSG00000146063	
CABLES1	1	ENSG00000134508	
KIAA0232	1	ENSG00000170871	
TM6SF1	1	ENSG00000136404	
EFR3B	1	ENSG00000084710	
CABLES2	1	ENSG00000149679	
MBD3L2B	1	ENSG00000196589	
TM6SF2	1	ENSG00000213996	
DBNDD1	1	ENSG00000003249	
DBNDD2	1	ENSG00000244274	
TRIM39	1	ENSG00000204599	
UBQLNL	1	ENSG00000175518	
TRIM35	1	ENSG00000104228	
TRIM36	1	ENSG00000152503	
TRIM37	1	ENSG00000108395	
TRIM38	1	ENSG00000112343	
ZNF853	1	ENSG00000236609	
ZNF852	1	ENSG00000178917	
TRIM31	1	ENSG00000204616	
TRIM32	1	ENSG00000119401	
TRIM33	1	ENSG00000197323	
ZNF850	1	ENSG00000267041	
TRIM34	1	ENSG00000258659	
OR9K2	1	ENSG00000170605	
ECI1	1	ENSG00000167969	
RFESD	1	ENSG00000175449	
ECI2	1	ENSG00000198721	
MTFR1L	1	ENSG00000117640	
EFR3A	1	ENSG00000132294	
RINL	1	ENSG00000187994	
TRIM28	1	ENSG00000130726	
TRIM29	1	ENSG00000137699	
TRIM24	1	ENSG00000122779	
TRIM25	1	ENSG00000121060	
ARL16	1	ENSG00000214087	
TRIM26	1	ENSG00000234127	
TRIM27	1	ENSG00000204713	
TRIM21	1	ENSG00000132109	
TP63	1	ENSG00000073282	
TRIM22	1	ENSG00000132274	
TRIM23	1	ENSG00000113595	
ARL10	1	ENSG00000175414	
ARL11	1	ENSG00000152213	
GIN1	1	ENSG00000145723	
ARL14	1	ENSG00000179674	
ARL15	1	ENSG00000185305	
COL6A2-DT	1	ENSG00000227438	
ECH1	1	ENSG00000104823	
TMEM170B	1	ENSG00000205269	
TMEM170A	1	ENSG00000166822	
PSMD6-AS1	1	ENSG00000243410	
PSMD6-AS2	1	ENSG00000239653	
TRIM17	1	ENSG00000162931	
TRIM13	1	ENSG00000204977	
TRIM14	1	ENSG00000106785	
RIN3	1	ENSG00000100599	
TRIM15	1	ENSG00000204610	
TRIM16	1	ENSG00000221926	
RIN1	1	ENSG00000174791	
RIN2	1	ENSG00000132669	
TP53	1	ENSG00000141510	
TRIM10	1	ENSG00000204613	
TRIM11	1	ENSG00000154370	
OR9I1	1	ENSG00000172377	
GIPR	1	ENSG00000010310	
PIN1-DT	1	ENSG00000267289	
SYNGR1	1	ENSG00000100321	
APELA	1	ENSG00000248329	
SYNGR2	1	ENSG00000108639	
SARAF	1	ENSG00000133872	
B4GALNT1	1	ENSG00000135454	
PCK1	1	ENSG00000124253	
B4GALNT3	1	ENSG00000139044	
B4GALNT2	1	ENSG00000167080	
PCK2	1	ENSG00000100889	
B4GALNT4	1	ENSG00000182272	
HARS1	1	ENSG00000170445	
PHETA2	1	ENSG00000177096	
HARS2	1	ENSG00000112855	
PHETA1	1	ENSG00000198324	
POLA1	1	ENSG00000101868	
POLA2	1	ENSG00000014138	
EWSAT1	1	ENSG00000212766	
OR9G4	1	ENSG00000172457	
TP73	1	ENSG00000078900	
OR9G1	1	ENSG00000174914	
HERPUD2	1	ENSG00000122557	
COX7B	1	ENSG00000131174	
ECM1	1	ENSG00000143369	
ECM2	1	ENSG00000106823	
COX7C	1	ENSG00000127184	
HERPUD1	1	ENSG00000051108	
PCM1	1	ENSG00000078674	
PCLO	1	ENSG00000186472	
NMRK2	1	ENSG00000077009	
NMRK1	1	ENSG00000106733	
LPGAT1-AS1	1	ENSG00000229258	
MCF2L2	1	ENSG00000053524	
GIT1	1	ENSG00000108262	
ATPAF2	1	ENSG00000171953	
COX8A	1	ENSG00000176340	
COX8C	1	ENSG00000187581	
PAPOLA-DT	1	ENSG00000260806	
TOX4	1	ENSG00000092203	
TOX3	1	ENSG00000103460	
TOX2	1	ENSG00000124191	
ATPAF1	1	ENSG00000123472	
PCNA	1	ENSG00000132646	
NOXO1	1	ENSG00000196408	
COX5B	1	ENSG00000135940	
COX5A	1	ENSG00000178741	
PCNP	1	ENSG00000081154	
PCNT	1	ENSG00000160299	
GIT2	1	ENSG00000139436	
ATP2B1-AS1	1	ENSG00000271614	
TMEM176B	1	ENSG00000106565	
TMEM176A	1	ENSG00000002933	
COX6C	1	ENSG00000164919	
CYP8B1	1	ENSG00000180432	
YIF1A	1	ENSG00000174851	
YIF1B	1	ENSG00000167645	
RIT1	1	ENSG00000143622	
RIT2	1	ENSG00000152214	
UBE2Q1-AS1	1	ENSG00000229780	
IL18R1	1	ENSG00000115604	
NUP188	1	ENSG00000095319	
MILIP	1	ENSG00000265688	
PLPPR5-AS1	1	ENSG00000232825	
SPINK4	1	ENSG00000122711	
SPINK2	1	ENSG00000128040	
SPINK1	1	ENSG00000164266	
SPINK8	1	ENSG00000229453	
SPINK7	1	ENSG00000145879	
SPINK6	1	ENSG00000178172	
SPINK5	1	ENSG00000133710	
RANBP3-DT	1	ENSG00000266983	
PCP2	1	ENSG00000174788	
PCP4	1	ENSG00000183036	
POLG2	1	ENSG00000256525	
SPINK9	1	ENSG00000204909	
COX19	1	ENSG00000240230	
COX16	1	ENSG00000133983	
COX15	1	ENSG00000014919	
COX18	1	ENSG00000163626	
COX17	1	ENSG00000138495	
OR9Q2	1	ENSG00000186513	
OR9Q1	1	ENSG00000186509	
GLYAT	1	ENSG00000149124	
NUP160	1	ENSG00000030066	
TIMM50	1	ENSG00000105197	
PKD2L2-DT	1	ENSG00000250159	
COX11	1	ENSG00000166260	
COX14	1	ENSG00000178449	
ECT2	1	ENSG00000114346	
COX10	1	ENSG00000006695	
BHLHA9	1	ENSG00000205899	
NUP155	1	ENSG00000113569	
ANKRD40CL	1	ENSG00000167117	
TIMM44	1	ENSG00000104980	
NUP153	1	ENSG00000124789	
MKRN1	1	ENSG00000133606	
MKRN2	1	ENSG00000075975	
MKRN3	1	ENSG00000179455	
COX20	1	ENSG00000203667	
SWSAP1	1	ENSG00000173928	
TNFAIP8	1	ENSG00000145779	
TNFAIP6	1	ENSG00000123610	
TNFAIP2	1	ENSG00000185215	
TNFAIP3	1	ENSG00000118503	
PCTP	1	ENSG00000141179	
TNFAIP1	1	ENSG00000109079	
NUP133	1	ENSG00000069248	
SHROOM2	1	ENSG00000146950	
SHROOM3	1	ENSG00000138771	
SHROOM1	1	ENSG00000164403	
SYNGR3	1	ENSG00000127561	
SYNGR4	1	ENSG00000105467	
SHROOM4	1	ENSG00000158352	
RALY-AS1	1	ENSG00000285230	
OXLD1	1	ENSG00000204237	
POLD3	1	ENSG00000077514	
POLD4	1	ENSG00000175482	
LRP4-AS1	1	ENSG00000247675	
POLD1	1	ENSG00000062822	
POLD2	1	ENSG00000106628	
TIMM8B	1	ENSG00000150779	
TIMM8A	1	ENSG00000126953	
TPBG	1	ENSG00000146242	
POLE4	1	ENSG00000115350	
POLE2	1	ENSG00000100479	
POLE3	1	ENSG00000148229	
SARDH	1	ENSG00000123453	
WIPF1	1	ENSG00000115935	
WIPF2	1	ENSG00000171475	
LOC101928416	1	ENSG00000255916	
WIPF3	1	ENSG00000122574	
NPIPB13	1	ENSG00000198064	
NPIPB12	1	ENSG00000169203	
NPIPB11	1	ENSG00000254206	
NPIPB15	1	ENSG00000196436	
GJA1	1	ENSG00000152661	
EVA1A	1	ENSG00000115363	
GJA3	1	ENSG00000121743	
ZMIZ1	1	ENSG00000108175	
EVA1B	1	ENSG00000142694	
ZMIZ2	1	ENSG00000122515	
EVA1C	1	ENSG00000166979	
GJA5	1	ENSG00000265107	
GJA4	1	ENSG00000187513	
GJA9	1	ENSG00000131233	
PXDC1	1	ENSG00000168994	
GJA8	1	ENSG00000121634	
NUP214	1	ENSG00000126883	
NUP210	1	ENSG00000132182	
ARMC9	1	ENSG00000135931	
ARMC7	1	ENSG00000125449	
ARMC8	1	ENSG00000114098	
ARMC1	1	ENSG00000104442	
ARMC2	1	ENSG00000118690	
ARMC5	1	ENSG00000140691	
ARMC6	1	ENSG00000105676	
ARMC3	1	ENSG00000165309	
LINC-ROR	1	ENSG00000258609	
LIPT2	1	ENSG00000175536	
TPH2	1	ENSG00000139287	
LIPT1	1	ENSG00000144182	
TPH1	1	ENSG00000129167	
NUP205	1	ENSG00000155561	
AKAP17A	1	ENSG00000197976	
ARPP19	1	ENSG00000128989	
GJC1	1	ENSG00000182963	
GJC3	1	ENSG00000176402	
GJC2	1	ENSG00000198835	
POM121C	1	ENSG00000272391	
PCCA-DT	1	ENSG00000274605	
FDFT1	1	ENSG00000079459	
ARPP21	1	ENSG00000172995	
GJB2	1	ENSG00000165474	
GJB1	1	ENSG00000169562	
GJB4	1	ENSG00000189433	
GJB3	1	ENSG00000188910	
GJB6	1	ENSG00000121742	
GJB5	1	ENSG00000189280	
GJB7	1	ENSG00000164411	
REC114	1	ENSG00000183324	
BMF-AS1	1	ENSG00000259409	
GJE1	1	ENSG00000203733	
DPP9-AS1	1	ENSG00000205790	
TPI1	1	ENSG00000111669	
CDYL2	1	ENSG00000166446	
GJD2	1	ENSG00000159248	
GJD4	1	ENSG00000177291	
GJD3	1	ENSG00000183153	
RPL34-DT	1	ENSG00000234492	
SPTY2D1	1	ENSG00000179119	
LMNB1-DT	1	ENSG00000251072	
SLC17A9	1	ENSG00000101194	
SLC17A5	1	ENSG00000119899	
SLC17A6	1	ENSG00000091664	
MPHOSPH6-DT	1	ENSG00000261029	
SLC17A7	1	ENSG00000104888	
SLC17A8	1	ENSG00000179520	
SLC17A1	1	ENSG00000124568	
JADRR	1	ENSG00000280711	
SLC17A2	1	ENSG00000112337	
SLC17A3	1	ENSG00000124564	
SLC17A4	1	ENSG00000146039	
TPK1	1	ENSG00000196511	
PBDC1	1	ENSG00000102390	
SYVN1	1	ENSG00000162298	
AGMAT	1	ENSG00000116771	
PCYOX1L	1	ENSG00000145882	
MRE11	1	ENSG00000020922	
TPMT	1	ENSG00000137364	
TMEM179B	1	ENSG00000185475	
IPO7	1	ENSG00000205339	
IPO4	1	ENSG00000196497	
IPO5	1	ENSG00000065150	
EDC3	1	ENSG00000179151	
EDC4	1	ENSG00000038358	
NPEPPS	1	ENSG00000141279	
IPO8	1	ENSG00000133704	
IPO9	1	ENSG00000198700	
ENSG00000124835	1	ENSG00000124835	
TPM4	1	ENSG00000167460	
TMEM178B	1	ENSG00000261115	
TPM3	1	ENSG00000143549	
TMEM178A	1	ENSG00000152154	
SWAP70	1	ENSG00000133789	
TPM2	1	ENSG00000198467	
ANO3-AS1	1	ENSG00000254819	
TPM1	1	ENSG00000140416	
IPMK	1	ENSG00000151151	
DYRK1A	1	ENSG00000157540	
DYRK1B	1	ENSG00000105204	
EDAR	1	ENSG00000135960	
ZNF799	1	ENSG00000196466	
IPPK	1	ENSG00000127080	
ZNF793	1	ENSG00000188227	
ZNF792	1	ENSG00000180884	
ZNF791	1	ENSG00000173875	
ZNF790	1	ENSG00000197863	
GLT8D1	1	ENSG00000016864	
GLT8D2	1	ENSG00000120820	
ZNF789	1	ENSG00000198556	
ZNF787	1	ENSG00000142409	
TPPP	1	ENSG00000171368	
ZNF786	1	ENSG00000197362	
ZNF785	1	ENSG00000197162	
PSPC1-AS2	1	ENSG00000226352	
ZNF784	1	ENSG00000179922	
ZNF783	1	ENSG00000204946	
ZNF782	1	ENSG00000196597	
AKIRIN2	1	ENSG00000135334	
ZNF781	1	ENSG00000196381	
AKIRIN1	1	ENSG00000174574	
PXDNL	1	ENSG00000147485	
STK24-AS1	1	ENSG00000224418	
PDCL	1	ENSG00000136940	
TPP2	1	ENSG00000134900	
ZNF778	1	ENSG00000170100	
AKT3-IT1	1	ENSG00000228939	
TPP1	1	ENSG00000166340	
ZNF777	1	ENSG00000196453	
ZNF776	1	ENSG00000152443	
MAPK6-DT	1	ENSG00000259438	
ZNF775	1	ENSG00000196456	
ZNF774	1	ENSG00000196391	
ZNF773	1	ENSG00000152439	
MIR31HG	1	ENSG00000171889	
ZNF772	1	ENSG00000197128	
ZNF771	1	ENSG00000179965	
ZNF770	1	ENSG00000198146	
ZNF768	1	ENSG00000169957	
ENSG00000254055	1	ENSG00000254055	
OR8D4	1	ENSG00000181518	
ZNF766	1	ENSG00000196214	
ZNF765	1	ENSG00000196417	
TNPO1	1	ENSG00000083312	
ZNF764	1	ENSG00000169951	
OR8D2	1	ENSG00000279116	
TNPO2	1	ENSG00000105576	
OR8D1	1	ENSG00000196341	
ZNF763	1	ENSG00000197054	
TNPO3	1	ENSG00000064419	
ILKAP	1	ENSG00000132323	
ZNF761	1	ENSG00000160336	
TPRN	1	ENSG00000176058	
OR6C70	1	ENSG00000184954	
OR6C76	1	ENSG00000185821	
OR6C75	1	ENSG00000187857	
OR6C74	1	ENSG00000197706	
ENSG00000268686	1	ENSG00000268686	
WIPI1	1	ENSG00000070540	
EDF1	1	ENSG00000107223	
WIPI2	1	ENSG00000157954	
ZNF75D	1	ENSG00000186376	
ZNF75A	1	ENSG00000162086	
NPEPL1	1	ENSG00000215440	
ZNF750	1	ENSG00000141579	
DDC-AS1	1	ENSG00000226122	
OR6C65	1	ENSG00000205328	
TPTE	1	ENSG00000274391	
PDHB	1	ENSG00000168291	
OR8B8	1	ENSG00000197125	
ZNF749	1	ENSG00000186230	
ZNF747	1	ENSG00000169955	
CAMTA2-AS1	1	ENSG00000262678	
ZNF746	1	ENSG00000181220	
OR8B4	1	ENSG00000280090	
OR6C68	1	ENSG00000205327	
OR8B3	1	ENSG00000284609	
OR8B2	1	ENSG00000284680	
ZNF740	1	ENSG00000139651	
ZNF738	1	ENSG00000172687	
ZNF737	1	ENSG00000237440	
ZNF736	1	ENSG00000234444	
ZNF735	1	ENSG00000223614	
OR8A1	1	ENSG00000196119	
ZNF732	1	ENSG00000186777	
ZNF730	1	ENSG00000183850	
TPT1	1	ENSG00000133112	
UMODL1	1	ENSG00000177398	
OR8I2	1	ENSG00000172154	
TMEM183A	1	ENSG00000163444	
ENSG00000268650	1	ENSG00000268650	
ENSG00000268655	1	ENSG00000268655	
ENSG00000254019	1	ENSG00000254019	
ZNF846	1	ENSG00000196605	
PDK4	1	ENSG00000004799	
ZNF845	1	ENSG00000213799	
PDK3	1	ENSG00000067992	
ZNF844	1	ENSG00000223547	
ZNF843	1	ENSG00000176723	
ZNF841	1	ENSG00000197608	
PDK2	1	ENSG00000005882	
PDK1	1	ENSG00000152256	
OR8H3	1	ENSG00000181761	
OR8H2	1	ENSG00000181767	
KRTAP5-AS1	1	ENSG00000233930	
PDHX	1	ENSG00000110435	
OR8H1	1	ENSG00000181693	
MIR4458HG	1	ENSG00000247516	
DNMT3L-AS1	1	ENSG00000232010	
ENSG00000254007	1	ENSG00000254007	
ZNF839	1	ENSG00000022976	
ZNF837	1	ENSG00000152475	
RUNDC3A-AS1	1	ENSG00000267750	
ZNF836	1	ENSG00000196267	
ZNF835	1	ENSG00000127903	
HSBP1L1	1	ENSG00000226742	
ZNF831	1	ENSG00000124203	
ZNF830	1	ENSG00000198783	
OR8G5	1	ENSG00000255298	
OR8G1	1	ENSG00000197849	
TMEM185B	1	ENSG00000226479	
TMEM185A	1	ENSG00000269556	
STXBP3	1	ENSG00000116266	
STXBP4	1	ENSG00000166263	
STXBP1	1	ENSG00000136854	
STXBP2	1	ENSG00000076944	
GSKIP	1	ENSG00000100744	
ENSG00000268674	1	ENSG00000268674	
TRBV24OR9-2	1	ENSG00000215206	
DDN-AS1	1	ENSG00000257913	
ZNF829	1	ENSG00000185869	
ZNF827	1	ENSG00000151612	
ZNF823	1	ENSG00000197933	
ZNF821	1	ENSG00000102984	
STXBP5	1	ENSG00000164506	
STXBP6	1	ENSG00000168952	
TMEM184A	1	ENSG00000164855	
FOXP1-AS1	1	ENSG00000244203	
TMEM184C	1	ENSG00000164168	
TMEM184B	1	ENSG00000198792	
TPX2	1	ENSG00000088325	
ZNF816	1	ENSG00000180257	
ZNF814	1	ENSG00000204514	
ZNF813	1	ENSG00000198346	
HAR1A	1	ENSG00000225978	
HAR1B	1	ENSG00000231133	
ZCCHC13	1	ENSG00000187969	
ZCCHC12	1	ENSG00000174460	
ZCCHC10	1	ENSG00000155329	
ZCCHC18	1	ENSG00000166707	
ZCCHC17	1	ENSG00000121766	
IPO9-AS1	1	ENSG00000231871	
ZCCHC14	1	ENSG00000140948	
ZNF808	1	ENSG00000198482	
ZNF805	1	ENSG00000204524	
ZNF800	1	ENSG00000048405	
INKA2-AS1	1	ENSG00000227811	
ZCCHC24	1	ENSG00000165424	
TMEM202-AS1	1	ENSG00000261423	
EDN1	1	ENSG00000078401	
EDN2	1	ENSG00000127129	
EDN3	1	ENSG00000124205	
PPHLN1	1	ENSG00000134283	
CYP7B1	1	ENSG00000172817	
TOMM22-DT	1	ENSG00000228274	
VWA8	1	ENSG00000102763	
BDNF-AS	1	ENSG00000245573	
VWA1	1	ENSG00000179403	
VWA2	1	ENSG00000165816	
VWA7	1	ENSG00000204396	
OR8K5	1	ENSG00000181752	
OR8K3	1	ENSG00000280314	
ARHGAP31-AS1	1	ENSG00000241155	
OR8K1	1	ENSG00000150261	
VWCE	1	ENSG00000167992	
CYP7A1	1	ENSG00000167910	
CPXCR1	1	ENSG00000147183	
PDPR	1	ENSG00000090857	
PDPN	1	ENSG00000162493	
CDRT15L2	1	ENSG00000214819	
TRAM1L1	1	ENSG00000174599	
OR8J3	1	ENSG00000167822	
DBX2-AS1	1	ENSG00000257319	
OR8J1	1	ENSG00000172487	
ENSG00000229042	1	ENSG00000229042	
MIR4432HG	1	ENSG00000228590	
PDP1	1	ENSG00000164951	
MPHOSPH9	1	ENSG00000051825	
PDP2	1	ENSG00000172840	
TRIML2	1	ENSG00000179046	
VWC2	1	ENSG00000188730	
F2RL1	1	ENSG00000164251	
TRIML1	1	ENSG00000184108	
MPHOSPH8	1	ENSG00000196199	
F2RL2	1	ENSG00000164220	
F2RL3	1	ENSG00000127533	
MPHOSPH6	1	ENSG00000135698	
LGALS8-AS1	1	ENSG00000223776	
ENSG00000232628	1	ENSG00000232628	
TMEM184B-AS1	1	ENSG00000235246	
MKRN2OS	1	ENSG00000225526	
RALBP1	1	ENSG00000017797	
VWDE	1	ENSG00000146530	
KCNQ5-AS1	1	ENSG00000229154	
SPECC1	1	ENSG00000128487	
SNX10-AS1	1	ENSG00000225792	
TSGA10	1	ENSG00000135951	
TSGA13	1	ENSG00000213265	
EOLA2	1	ENSG00000197021	
MRFAP1L1	1	ENSG00000178988	
EOLA1	1	ENSG00000197620	
OR11H12	1	ENSG00000257115	
OR8U3	1	ENSG00000279961	
OR8U1	1	ENSG00000172199	
FAM86B2	1	ENSG00000145002	
CDY1B	1	ENSG00000172352	
BRD3OS	1	ENSG00000235106	
IQCE	1	ENSG00000106012	
FAM86B1	1	ENSG00000186523	
IQCC	1	ENSG00000160051	
IQCD	1	ENSG00000166578	
IQCJ	1	ENSG00000214216	
IQCG	1	ENSG00000114473	
TIAM1-AS1	1	ENSG00000237594	
IQCH	1	ENSG00000103599	
IQCM	1	ENSG00000234828	
IQCN	1	ENSG00000130518	
IQCK	1	ENSG00000174628	
THRAP3	1	ENSG00000054118	
ENSG00000205037	1	ENSG00000205037	
CDY2A	1	ENSG00000182415	
CDY2B	1	ENSG00000129873	
PDXK	1	ENSG00000160209	
PDXP	1	ENSG00000241360	
OR8S1	1	ENSG00000284723	
ERICH5	1	ENSG00000177459	
ERICH6	1	ENSG00000163645	
UXT-AS1	1	ENSG00000267064	
ERICH1	1	ENSG00000104714	
ERICH2	1	ENSG00000204334	
ERICH3	1	ENSG00000178965	
ERICH4	1	ENSG00000204978	
TSKU-AS1	1	ENSG00000255100	
S100PBP	1	ENSG00000116497	
PDX1	1	ENSG00000139515	
ERVH48-1	1	ENSG00000233056	
PPM1B-DT	1	ENSG00000273106	
MIMT1	1	ENSG00000268654	
NADK2-AS1	1	ENSG00000245711	
ZBED9-AS1	1	ENSG00000246350	
PDYN	1	ENSG00000101327	
MTMR1	1	ENSG00000063601	
MTMR2	1	ENSG00000087053	
MTMR3	1	ENSG00000100330	
MEAF6	1	ENSG00000163875	
MTMR8	1	ENSG00000102043	
MTMR9	1	ENSG00000104643	
MTMR4	1	ENSG00000108389	
MTMR6	1	ENSG00000139505	
MTMR7	1	ENSG00000003987	
NRAD1	1	ENSG00000233725	
RASSF1-AS1	1	ENSG00000281358	
MLLT11	1	ENSG00000213190	
MLLT10	1	ENSG00000078403	
SASS6	1	ENSG00000156876	
NAPEPLD	1	ENSG00000161048	
CD44-DT	1	ENSG00000255521	
LMF1-AS1	1	ENSG00000260439	
LITAF	1	ENSG00000189067	
TRIOBP	1	ENSG00000100106	
EEA1	1	ENSG00000102189	
RAB11B-AS1	1	ENSG00000269386	
TRPC7-AS1	1	ENSG00000248211	
TRPC7-AS2	1	ENSG00000250947	
OPALIN	1	ENSG00000197430	
VWA5A	1	ENSG00000110002	
SUMF2	1	ENSG00000129103	
SUMF1	1	ENSG00000144455	
SLC41A3-AS1	1	ENSG00000250012	
LCAL1	1	ENSG00000286042	
MIR29B2CHG	1	ENSG00000203709	
IFNG-AS1	1	ENSG00000255733	
FSTL1	1	ENSG00000163430	
FSTL4	1	ENSG00000053108	
FSTL3	1	ENSG00000070404	
FSTL5	1	ENSG00000168843	
CARNS1	1	ENSG00000172508	
BBS7-DT	1	ENSG00000261501	
P2RY12	1	ENSG00000169313	
P2RY13	1	ENSG00000181631	
DLG2-AS2	1	ENSG00000255311	
P2RY10	1	ENSG00000078589	
KCNJ6-AS1	1	ENSG00000233213	
SLC16A1	1	ENSG00000155380	
P2RY11	1	ENSG00000244165	
P2RY14	1	ENSG00000174944	
MEAK7	1	ENSG00000140950	
VWA3A	1	ENSG00000175267	
VWA3B	1	ENSG00000168658	
ERI3-IT1	1	ENSG00000233602	
ZNF699	1	ENSG00000196110	
ZNF697	1	ENSG00000143067	
ZNF696	1	ENSG00000185730	
ZNF695	1	ENSG00000197472	
PECR	1	ENSG00000115425	
ZNF692	1	ENSG00000171163	
ZNF691	1	ENSG00000164011	
IGHD6-25	1	ENSG00000225825	
KPNA6	1	ENSG00000025800	
SLC16A6	1	ENSG00000108932	
SLC16A7	1	ENSG00000118596	
KPNA7	1	ENSG00000185467	
SLC16A8	1	ENSG00000100156	
ZNF689	1	ENSG00000156853	
KPNA4	1	ENSG00000186432	
SLC16A9	1	ENSG00000165449	
KPNA5	1	ENSG00000196911	
ZNF688	1	ENSG00000229809	
ZNF687	1	ENSG00000143373	
SLC16A2	1	ENSG00000147100	
KPNA2	1	ENSG00000182481	
KPNA3	1	ENSG00000102753	
SLC16A3	1	ENSG00000141526	
SLC16A4	1	ENSG00000168679	
KPNA1	1	ENSG00000114030	
ZNF684	1	ENSG00000117010	
SLC16A5	1	ENSG00000170190	
ZNF683	1	ENSG00000176083	
ZNF682	1	ENSG00000197124	
ZNF681	1	ENSG00000196172	
ZNF680	1	ENSG00000173041	
ACAP3	1	ENSG00000131584	
ACAP2	1	ENSG00000114331	
ACAP1	1	ENSG00000072818	
ZNF679	1	ENSG00000197123	
ZNF678	1	ENSG00000181450	
ZNF677	1	ENSG00000197928	
ZNF676	1	ENSG00000196109	
ZNF675	1	ENSG00000197372	
PVALB	1	ENSG00000100362	
KPNB1	1	ENSG00000108424	
KIAA0408	1	ENSG00000189367	
ZNF674	1	ENSG00000251192	
ZNF672	1	ENSG00000171161	
LINC02100	1	ENSG00000248693	
ZNF671	1	ENSG00000083814	
LINC02102	1	ENSG00000248677	
ZNF670	1	ENSG00000277462	
BEAN1	1	ENSG00000166546	
LINC02101	1	ENSG00000248132	
TSACC	1	ENSG00000163467	
PEF1	1	ENSG00000162517	
DDX39B-AS1	1	ENSG00000234006	
LNCBRM	1	ENSG00000249436	
THADA	1	ENSG00000115970	
EYA2-AS1	1	ENSG00000236028	
ACAT2	1	ENSG00000120437	
ACAT1	1	ENSG00000075239	
CNNM3-DT	1	ENSG00000273265	
ZNF669	1	ENSG00000188295	
ZNF668	1	ENSG00000167394	
ZNF667	1	ENSG00000198046	
ZNF665	1	ENSG00000197497	
ZNF664	1	ENSG00000179195	
ZNF662	1	ENSG00000182983	
ZNF660	1	ENSG00000144792	
EEF2	1	ENSG00000167658	
MYRF-AS1	1	ENSG00000124915	
IGHD6-13	1	ENSG00000211920	
ZNF658	1	ENSG00000274349	
ZNF655	1	ENSG00000197343	
ZNF654	1	ENSG00000175105	
ZNF653	1	ENSG00000161914	
IGHD6-19	1	ENSG00000211914	
RAB35-AS1	1	ENSG00000277283	
ZNF652	1	ENSG00000198740	
POMT2	1	ENSG00000009830	
POMT1	1	ENSG00000130714	
SUMO4	1	ENSG00000177688	
NRARP	1	ENSG00000198435	
MIR924HG	1	ENSG00000267374	
MIR23AHG	1	ENSG00000267519	
SUMO1	1	ENSG00000116030	
SUMO3	1	ENSG00000184900	
ZNF649	1	ENSG00000198093	
IQUB	1	ENSG00000164675	
ZNF648	1	ENSG00000179930	
SUMO2	1	ENSG00000188612	
ZNF646	1	ENSG00000167395	
ZNF644	1	ENSG00000122482	
WAKMAR2	1	ENSG00000237499	
ZNF641	1	ENSG00000167528	
OVGP1	1	ENSG00000085465	
PEG3	1	ENSG00000198300	
GKN1	1	ENSG00000169605	
PLA2G4C-AS1	1	ENSG00000269420	
C2orf92	1	ENSG00000228486	
GKN2	1	ENSG00000183607	
ENSG00000266149	1	ENSG00000266149	
NSMCE4A	1	ENSG00000107672	
ZNF639	1	ENSG00000121864	
ZNF638	1	ENSG00000075292	
ZNF630	1	ENSG00000221994	
C2orf81	1	ENSG00000284308	
C2orf80	1	ENSG00000188674	
C2orf83	1	ENSG00000042304	
RIPOR3-AS1	1	ENSG00000234693	
CKMT2	1	ENSG00000131730	
C2orf88	1	ENSG00000187699	
ZNF629	1	ENSG00000102870	
ZNF628	1	ENSG00000197483	
ZNF627	1	ENSG00000198551	
ZNF626	1	ENSG00000188171	
CDC37L1	1	ENSG00000106993	
ZNF625	1	ENSG00000257591	
ZNF624	1	ENSG00000197566	
ZNF623	1	ENSG00000183309	
ZNF622	1	ENSG00000173545	
ZNF621	1	ENSG00000172888	
ZNF620	1	ENSG00000177842	
C2orf72	1	ENSG00000204128	
C2orf78	1	ENSG00000187833	
ZNF619	1	ENSG00000177873	
RSL1D1-DT	1	ENSG00000263307	
ZNF618	1	ENSG00000157657	
C2orf74	1	ENSG00000237651	
C2orf73	1	ENSG00000177994	
C2orf76	1	ENSG00000186132	
ZNF616	1	ENSG00000204611	
ZNF615	1	ENSG00000197619	
ZNF614	1	ENSG00000142556	
ZNF613	1	ENSG00000176024	
ZNF611	1	ENSG00000213020	
ZNF610	1	ENSG00000167554	
LINC02045	1	ENSG00000243347	
LINC02044	1	ENSG00000243795	
LINC02047	1	ENSG00000239454	
LPGAT1	1	ENSG00000123684	
LINC02046	1	ENSG00000242440	
LINC02041	1	ENSG00000228952	
LINC02040	1	ENSG00000243149	
LINC02043	1	ENSG00000232233	
LINC02042	1	ENSG00000240893	
TBL1XR1-AS1	1	ENSG00000231310	
SRGAP2C	1	ENSG00000171943	
C2orf66	1	ENSG00000187944	
C2orf69	1	ENSG00000178074	
C2orf68	1	ENSG00000168887	
ZNF729	1	ENSG00000196350	
ZNF728	1	ENSG00000269067	
ZNF727	1	ENSG00000214652	
ZNF726	1	ENSG00000213967	
ZNF724	1	ENSG00000196081	
ZNF723	1	ENSG00000268696	
ZNF722	1	ENSG00000241149	
ZNF721	1	ENSG00000182903	
LINC02038	1	ENSG00000229155	
PELO	1	ENSG00000152684	
LINC02037	1	ENSG00000238097	
MARCHF10-DT	1	ENSG00000265000	
SRGAP2B	1	ENSG00000196369	
ENSG00000254135	1	ENSG00000254135	
LINC02039	1	ENSG00000248107	
LINC02034	1	ENSG00000282975	
LINC02033	1	ENSG00000279727	
LINC02036	1	ENSG00000225742	
ARMT1	1	ENSG00000146476	
LINC02035	1	ENSG00000273033	
LINC02030	1	ENSG00000240708	
SCAF11	1	ENSG00000139218	
PHYKPL	1	ENSG00000175309	
LINC02032	1	ENSG00000241131	
LINC02031	1	ENSG00000238837	
ENSG00000266100	1	ENSG00000266100	
C2orf50	1	ENSG00000150873	
THAP2	1	ENSG00000173451	
THAP1	1	ENSG00000131931	
THAP4	1	ENSG00000176946	
THAP3	1	ENSG00000041988	
THAP6	1	ENSG00000174796	
THAP5	1	ENSG00000177683	
ZNF718	1	ENSG00000250312	
THAP8	1	ENSG00000161277	
ZNF717	1	ENSG00000227124	
ZNF716	1	ENSG00000182111	
THAP7	1	ENSG00000184436	
ZNF714	1	ENSG00000160352	
THAP9	1	ENSG00000168152	
ZNF713	1	ENSG00000178665	
ZNF711	1	ENSG00000147180	
ZNF710	1	ENSG00000140548	
LINC02027	1	ENSG00000243694	
LINC02026	1	ENSG00000214146	
LINC02029	1	ENSG00000241544	
LINC02028	1	ENSG00000230102	
LINC02067	1	ENSG00000240567	
LINC02066	1	ENSG00000241151	
LINC02069	1	ENSG00000229433	
LINC02068	1	ENSG00000223387	
LINC02063	1	ENSG00000250921	
CRACD	1	ENSG00000109265	
LINC02065	1	ENSG00000248846	
LINC02064	1	ENSG00000248391	
LINC02061	1	ENSG00000250885	
ENSG00000281732	1	ENSG00000281732	
LINC02060	1	ENSG00000250156	
APH1A	1	ENSG00000117362	
ZNF709	1	ENSG00000242852	
COMMD8	1	ENSG00000169019	
ZNF708	1	ENSG00000182141	
COMMD9	1	ENSG00000110442	
APH1B	1	ENSG00000138613	
ZNF707	1	ENSG00000181135	
ZNF706	1	ENSG00000120963	
ZNF704	1	ENSG00000164684	
C2orf42	1	ENSG00000115998	
PENK	1	ENSG00000181195	
ZNF703	1	ENSG00000183779	
ZNF701	1	ENSG00000167562	
CACNG2-DT	1	ENSG00000234688	
ZNF700	1	ENSG00000196757	
C2orf49	1	ENSG00000135974	
LINC02059	1	ENSG00000250544	
LINC02056	1	ENSG00000248371	
ENSG00000230190	1	ENSG00000230190	
LINC02055	1	ENSG00000254101	
LINC02058	1	ENSG00000248528	
GDNF-AS1	1	ENSG00000248587	
LINC02057	1	ENSG00000249279	
INTS1	1	ENSG00000164880	
CRADD	1	ENSG00000169372	
LINC02052	1	ENSG00000224406	
LINC02051	1	ENSG00000226859	
INTS3	1	ENSG00000143624	
LINC02054	1	ENSG00000224153	
INTS2	1	ENSG00000108506	
LINC02053	1	ENSG00000241696	
MACROD2-AS1	1	ENSG00000235914	
LINC02050	1	ENSG00000242781	
TASOR2	1	ENSG00000108021	
INTS5	1	ENSG00000185085	
PEMT	1	ENSG00000133027	
INTS4	1	ENSG00000149262	
INTS7	1	ENSG00000143493	
INTS6	1	ENSG00000102786	
INTS9	1	ENSG00000104299	
LINC02049	1	ENSG00000243593	
INTS8	1	ENSG00000164941	
LINC02048	1	ENSG00000228271	
MINCR	1	ENSG00000253716	
TMEM151A	1	ENSG00000179292	
LINC02000	1	ENSG00000243832	
LINC02003	1	ENSG00000264026	
TMEM151B	1	ENSG00000178233	
RNF32-AS1	1	ENSG00000224903	
LINC02002	1	ENSG00000263609	
PEPD	1	ENSG00000124299	
ACADL	1	ENSG00000115361	
YEATS2-AS1	1	ENSG00000233885	
ACADM	1	ENSG00000117054	
ACADS	1	ENSG00000122971	
ACAD8	1	ENSG00000151498	
TMEM150B	1	ENSG00000180061	
TMEM150A	1	ENSG00000168890	
MINK1	1	ENSG00000141503	
ACAD9	1	ENSG00000177646	
COMMD2	1	ENSG00000114744	
COMMD3	1	ENSG00000148444	
COMMD1	1	ENSG00000173163	
COMMD6	1	ENSG00000188243	
COMMD7	1	ENSG00000149600	
TMEM150C	1	ENSG00000249242	
COMMD4	1	ENSG00000140365	
COMMD5	1	ENSG00000170619	
KXD1	1	ENSG00000105700	
MUC5B-AS1	1	ENSG00000255177	
C2orf16	1	ENSG00000221843	
C2orf15	1	ENSG00000273045	
LINC02023	1	ENSG00000239205	
LINC02022	1	ENSG00000232746	
ARMS2	1	ENSG00000254636	
LINC02025	1	ENSG00000242339	
LINC02024	1	ENSG00000241213	
SATB1	1	ENSG00000182568	
SATB2	1	ENSG00000119042	
LINC02021	1	ENSG00000249846	
DOT1L	1	ENSG00000104885	
HEATR1	1	ENSG00000119285	
LINC02020	1	ENSG00000234548	
MALSU1	1	ENSG00000156928	
ITCH-IT1	1	ENSG00000231795	
PES1	1	ENSG00000100029	
PERP	1	ENSG00000112378	
ENSG00000254111	1	ENSG00000254111	
HEATR3	1	ENSG00000155393	
LINC02019	1	ENSG00000273356	
HEATR4	1	ENSG00000187105	
HEATR6	1	ENSG00000068097	
LINC02016	1	ENSG00000244215	
LINC02015	1	ENSG00000231574	
LINC02018	1	ENSG00000272690	
LINC02017	1	ENSG00000243572	
HEATR9	1	ENSG00000270379	
LINC02012	1	ENSG00000272989	
LINC02011	1	ENSG00000260902	
LINC02014	1	ENSG00000248243	
C1orf50-AS1	1	ENSG00000228452	
LINC02013	1	ENSG00000228730	
LINC02010	1	ENSG00000242671	
ENSG00000244791	1	ENSG00000244791	
JAKMIP2-AS1	1	ENSG00000280780	
PER2	1	ENSG00000132326	
PER1	1	ENSG00000179094	
GFI1B	1	ENSG00000165702	
PER3	1	ENSG00000049246	
CMSS1	1	ENSG00000184220	
LINC02009	1	ENSG00000283646	
ESYT3	1	ENSG00000158220	
LINC02008	1	ENSG00000239440	
ESYT2	1	ENSG00000117868	
ESYT1	1	ENSG00000139641	
LINC02005	1	ENSG00000242741	
LINC02004	1	ENSG00000240006	
LINC02006	1	ENSG00000238755	
ACAA2	1	ENSG00000167315	
TRAC	1	ENSG00000277734	
VIPR1-AS1	1	ENSG00000232354	
CASK-AS1	1	ENSG00000233033	
SATL1	1	ENSG00000184788	
DHDDS-AS1	1	ENSG00000225891	
ACAA1	1	ENSG00000060971	
EOMES	1	ENSG00000163508	
PCOLCE	1	ENSG00000106333	
TANC2	1	ENSG00000170921	
TANC1	1	ENSG00000115183	
C13orf42	1	ENSG00000226792	
OSMR-DT	1	ENSG00000249740	
PHACTR3-AS1	1	ENSG00000238194	
KIR2DL1	1	ENSG00000125498	
ACACB	1	ENSG00000076555	
KIR2DL3	1	ENSG00000243772	
KIR2DL4	1	ENSG00000189013	
ACACA	1	ENSG00000278540	
TRDC	1	ENSG00000211829	
ZNF346-IT1	1	ENSG00000251666	
ENSG00000256732	1	ENSG00000256732	
IL1R1-AS1	1	ENSG00000226925	
IL17REL	1	ENSG00000188263	
C13orf46	1	ENSG00000283199	
CAMTA1-IT1	1	ENSG00000237402	
LINC02089	1	ENSG00000226364	
LINC02088	1	ENSG00000227685	
CEP192-DT	1	ENSG00000266969	
LINC02084	1	ENSG00000272282	
TREH	1	ENSG00000118094	
LINC02087	1	ENSG00000237057	
LINC02086	1	ENSG00000244649	
LINC02080	1	ENSG00000267065	
LINC02082	1	ENSG00000242268	
ARMH4	1	ENSG00000139971	
ZNF385C	1	ENSG00000187595	
ZNF385B	1	ENSG00000144331	
HORMAD2	1	ENSG00000176635	
HORMAD1	1	ENSG00000143452	
ZNF385D	1	ENSG00000151789	
ARMH2	1	ENSG00000260286	
ARMH3	1	ENSG00000120029	
ZNF385A	1	ENSG00000161642	
ARMH1	1	ENSG00000198520	
KRT222	1	ENSG00000213424	
BCKDHA	1	ENSG00000248098	
LINC02078	1	ENSG00000267719	
LINC02077	1	ENSG00000244461	
LINC02079	1	ENSG00000266013	
LINC02074	1	ENSG00000266357	
LINC02073	1	ENSG00000267452	
LINC02076	1	ENSG00000220161	
BCKDHB	1	ENSG00000083123	
LINC02075	1	ENSG00000249497	
LINC02070	1	ENSG00000241328	
PEX2	1	ENSG00000164751	
PEX1	1	ENSG00000127980	
LINC02071	1	ENSG00000249383	
GPCPD1	1	ENSG00000125772	
TCTE1	1	ENSG00000146221	
HEXA-AS1	1	ENSG00000260339	
TRDN	1	ENSG00000186439	
PEX7	1	ENSG00000112357	
NUBPL-DT	1	ENSG00000257155	
ARNILA	1	ENSG00000235072	
IRF3	1	ENSG00000126456	
PEX3	1	ENSG00000034693	
IRF4	1	ENSG00000137265	
PEX6	1	ENSG00000124587	
IRF1	1	ENSG00000125347	
PEX5	1	ENSG00000139197	
IRF2	1	ENSG00000168310	
IRF7	1	ENSG00000185507	
IRF8	1	ENSG00000140968	
IRF5	1	ENSG00000128604	
IRF6	1	ENSG00000117595	
IRF9	1	ENSG00000213928	
TPT1-AS1	1	ENSG00000170919	
FAM99A	1	ENSG00000205866	
OR1R1P	1	ENSG00000180042	
TANAR	1	ENSG00000223991	
MARVELD2	1	ENSG00000152939	
MARVELD1	1	ENSG00000155254	
MARVELD3	1	ENSG00000140832	
FAM99B	1	ENSG00000205865	
LINC02099	1	ENSG00000253490	
LINC02096	1	ENSG00000238212	
LINC02098	1	ENSG00000272575	
IRGC	1	ENSG00000124449	
LINC02097	1	ENSG00000226101	
LINC02092	1	ENSG00000234721	
LINC02091	1	ENSG00000273172	
LINC02094	1	ENSG00000227078	
LINC02093	1	ENSG00000234634	
IRGM	1	ENSG00000237693	
LINC02090	1	ENSG00000230969	
IRGQ	1	ENSG00000167378	
GOLPH3	1	ENSG00000113384	
GLB1	1	ENSG00000170266	
RANGRF	1	ENSG00000108961	
FAM98C	1	ENSG00000130244	
FAM98B	1	ENSG00000171262	
FAM98A	1	ENSG00000119812	
TRIR	1	ENSG00000123144	
TRIO	1	ENSG00000038382	
GLDC	1	ENSG00000178445	
TRIL	1	ENSG00000255690	
UPK3BL1	1	ENSG00000267368	
UPK3BL2	1	ENSG00000284981	
H2AC15	1	ENSG00000275221	
H2AC16	1	ENSG00000276903	
GLDN	1	ENSG00000186417	
H2AC17	1	ENSG00000278677	
GLE1	1	ENSG00000119392	
H2AC11	1	ENSG00000196787	
MILR1	1	ENSG00000271605	
H2AC12	1	ENSG00000274997	
H2AC13	1	ENSG00000196747	
H2AC14	1	ENSG00000276368	
CREB3L3	1	ENSG00000060566	
CREB3L4	1	ENSG00000143578	
ENSG00000232900	1	ENSG00000232900	
CREB3L1	1	ENSG00000157613	
CREB3L2	1	ENSG00000182158	
PIP4K2A	1	ENSG00000150867	
PIP4K2B	1	ENSG00000276293	
PIP4K2C	1	ENSG00000166908	
PIH1D1	1	ENSG00000104872	
GLCE	1	ENSG00000138604	
UNC5C-AS1	1	ENSG00000271474	
ANKRD17-DT	1	ENSG00000250220	
TRHR	1	ENSG00000174417	
SARNP	1	ENSG00000205323	
TYRO3	1	ENSG00000092445	
PIH1D2	1	ENSG00000150773	
TDRKH-AS1	1	ENSG00000203288	
GLG1	1	ENSG00000090863	
SEPTIN14P5	1	ENSG00000250765	
ERVH-1	1	ENSG00000251292	
GRM8-AS1	1	ENSG00000236340	
H2AC25	1	ENSG00000181218	
H2AC20	1	ENSG00000184260	
ENSG00000232930	1	ENSG00000232930	
H2AC21	1	ENSG00000184270	
TRMU	1	ENSG00000100416	
ZBTB40-IT1	1	ENSG00000237200	
CCDC39-AS1	1	ENSG00000243187	
TGFB1I1	1	ENSG00000140682	
TRMO	1	ENSG00000136932	
GLI1	1	ENSG00000111087	
PFAS	1	ENSG00000178921	
H2AZ1-DT	1	ENSG00000245322	
GLI3	1	ENSG00000106571	
GLI2	1	ENSG00000074047	
GLI4	1	ENSG00000250571	
PITPNA-AS1	1	ENSG00000236618	
HSFX2	1	ENSG00000268738	
HSFX1	1	ENSG00000171116	
HSFX4	1	ENSG00000283463	
HSFX3	1	ENSG00000283697	
ZNF599	1	ENSG00000153896	
ZNF598	1	ENSG00000167962	
ZNF597	1	ENSG00000167981	
ZNF596	1	ENSG00000172748	
ZNF595	1	ENSG00000272602	
ZNF594	1	ENSG00000180626	
ZNF593	1	ENSG00000142684	
ZNF592	1	ENSG00000166716	
HSFY2	1	ENSG00000169953	
HSFY1	1	ENSG00000172468	
ZNF589	1	ENSG00000164048	
ZNF587	1	ENSG00000198466	
ZNF586	1	ENSG00000083828	
ZNF584	1	ENSG00000171574	
ZNF583	1	ENSG00000198440	
ZNF582	1	ENSG00000018869	
ZNF581	1	ENSG00000171425	
ZNF580	1	ENSG00000213015	
LAPTM5	1	ENSG00000162511	
SULF1	1	ENSG00000137573	
SULF2	1	ENSG00000196562	
KCNIP4-IT1	1	ENSG00000280650	
TGFB3-AS1	1	ENSG00000258876	
SARM1	1	ENSG00000004139	
RLIM	1	ENSG00000131263	
ZNF579	1	ENSG00000218891	
ANKRD42-DT	1	ENSG00000247137	
ZNF578	1	ENSG00000258405	
ZNF577	1	ENSG00000161551	
ZNF576	1	ENSG00000124444	
ZNF575	1	ENSG00000176472	
ZNF574	1	ENSG00000105732	
ZNF573	1	ENSG00000189144	
ZNF572	1	ENSG00000180938	
PHLDB1	1	ENSG00000019144	
ZNF571	1	ENSG00000180479	
ZNF570	1	ENSG00000171827	
IRS1	1	ENSG00000169047	
IRS4	1	ENSG00000133124	
LOC124901296	1	ENSG00000225173	
IRS2	1	ENSG00000185950	
METRNL	1	ENSG00000176845	
ZNF569	1	ENSG00000196437	
ZNF568	1	ENSG00000198453	
ZNF567	1	ENSG00000189042	
PHLDA2	1	ENSG00000181649	
ZNF566	1	ENSG00000186017	
PHLDA1	1	ENSG00000139289	
ZNF565	1	ENSG00000196357	
ZNF564	1	ENSG00000249709	
PHLDA3	1	ENSG00000174307	
ZNF563	1	ENSG00000188868	
ZNF562	1	ENSG00000171466	
ZNF561	1	ENSG00000171469	
SLC15A1	1	ENSG00000088386	
ZNF560	1	ENSG00000198028	
SLC15A2	1	ENSG00000163406	
C12orf42-AS1	1	ENSG00000257860	
ZNF559	1	ENSG00000188321	
ZNF558	1	ENSG00000167785	
ZNF557	1	ENSG00000130544	
ZNF556	1	ENSG00000172000	
PHLDB3	1	ENSG00000176531	
ZNF555	1	ENSG00000186300	
PHLDB2	1	ENSG00000144824	
ZNF554	1	ENSG00000172006	
GLYR1	1	ENSG00000140632	
ZNF552	1	ENSG00000178935	
SLC20A1-DT	1	ENSG00000237753	
ZNF551	1	ENSG00000204519	
ZNF550	1	ENSG00000251369	
GLO1	1	ENSG00000124767	
PHF21A	1	ENSG00000135365	
PHF21B	1	ENSG00000056487	
ZNF549	1	ENSG00000121406	
ZNF548	1	ENSG00000188785	
ZNF547	1	ENSG00000152433	
ZNF546	1	ENSG00000187187	
SLC15A3	1	ENSG00000110446	
ZNF544	1	ENSG00000198131	
KIAA0319	1	ENSG00000137261	
SLC15A4	1	ENSG00000139370	
ZNF543	1	ENSG00000178229	
SLC15A5	1	ENSG00000188991	
ZNF541	1	ENSG00000118156	
ZNF540	1	ENSG00000171817	
GLMN	1	ENSG00000174842	
CYBRD1	1	ENSG00000071967	
GLMP	1	ENSG00000198715	
BRWD1-AS1	1	ENSG00000238141	
BRWD1-AS2	1	ENSG00000255568	
RLN2	1	ENSG00000107014	
SPIRE2	1	ENSG00000204991	
SPIRE1	1	ENSG00000134278	
RLN3	1	ENSG00000171136	
ZNF536	1	ENSG00000198597	
RLN1	1	ENSG00000107018	
EFHB	1	ENSG00000163576	
ZNF534	1	ENSG00000198633	
ZNF532	1	ENSG00000074657	
ZNF530	1	ENSG00000183647	
C19orf67	1	ENSG00000188032	
INSL6	1	ENSG00000120210	
SART1	1	ENSG00000175467	
SART3	1	ENSG00000075856	
GM2A	1	ENSG00000196743	
ZNF25-DT	1	ENSG00000226447	
ZNF529	1	ENSG00000186020	
ZNF528	1	ENSG00000167555	
SLC26A4-AS1	1	ENSG00000233705	
ZNF527	1	ENSG00000189164	
ZNF526	1	ENSG00000167625	
ZNF525	1	ENSG00000203326	
ZNF524	1	ENSG00000171443	
INSL3	1	ENSG00000248099	
ZNF521	1	ENSG00000198795	
INSL5	1	ENSG00000172410	
INSL4	1	ENSG00000120211	
C19orf73	1	ENSG00000221916	
C1QTNF9-AS1	1	ENSG00000240868	
HMGN3-AS1	1	ENSG00000270362	
LCA5L	1	ENSG00000157578	
SARS1	1	ENSG00000031698	
SARS2	1	ENSG00000104835	
ZNF519	1	ENSG00000175322	
ZNF517	1	ENSG00000197363	
ZNF516	1	ENSG00000101493	
ZNF514	1	ENSG00000144026	
ZNF513	1	ENSG00000163795	
ZNF512	1	ENSG00000243943	
SMPDL3B	1	ENSG00000130768	
ZNF511	1	ENSG00000198546	
ZNF510	1	ENSG00000081386	
SMPDL3A	1	ENSG00000172594	
C19orf85	1	ENSG00000283567	
C19orf84	1	ENSG00000262874	
C19orf81	1	ENSG00000235034	
GLS2	1	ENSG00000135423	
TYRP1	1	ENSG00000107165	
SP2-DT	1	ENSG00000264920	
GLRX	1	ENSG00000173221	
GLT6D1	1	ENSG00000204007	
BACH1-IT2	1	ENSG00000228817	
ZNF507	1	ENSG00000168813	
ZNF506	1	ENSG00000081665	
ZNF503	1	ENSG00000165655	
ZNF502	1	ENSG00000196653	
ZNF501	1	ENSG00000186446	
ZNF500	1	ENSG00000103199	
BACH1-IT3	1	ENSG00000234293	
IRX1	1	ENSG00000170549	
IRX2	1	ENSG00000170561	
IRX5	1	ENSG00000176842	
IRX6	1	ENSG00000159387	
EFL1	1	ENSG00000140598	
IRX3	1	ENSG00000177508	
IRX4	1	ENSG00000113430	
PFKL	1	ENSG00000141959	
GLRB	1	ENSG00000109738	
LNCATV	1	ENSG00000238005	
INSM2	1	ENSG00000168348	
INSM1	1	ENSG00000173404	
PFKM	1	ENSG00000152556	
PFKP	1	ENSG00000067057	
GLTP	1	ENSG00000139433	
MBD3L4	1	ENSG00000205718	
MBD3L5	1	ENSG00000237247	
MBD3L2	1	ENSG00000230522	
MBD3L3	1	ENSG00000182315	
C19orf25	1	ENSG00000119559	
MBD3L1	1	ENSG00000170948	
LRMDA	1	ENSG00000148655	
EDNRA	1	ENSG00000151617	
ZNF609	1	ENSG00000180357	
EDNRB	1	ENSG00000136160	
ZNF608	1	ENSG00000168916	
ZNF607	1	ENSG00000198182	
RUSC2	1	ENSG00000198853	
RUSC1	1	ENSG00000160753	
ZNF606	1	ENSG00000166704	
ZNF605	1	ENSG00000196458	
ZNF600	1	ENSG00000189190	
GLUL	1	ENSG00000135821	
COPS8-DT	1	ENSG00000227252	
C19orf38	1	ENSG00000214212	
C19orf33	1	ENSG00000167644	
TRD-AS1	1	ENSG00000251002	
PFN4	1	ENSG00000176732	
ENSG00000254242	1	ENSG00000254242	
PFN1	1	ENSG00000108518	
PFN3	1	ENSG00000196570	
PFN2	1	ENSG00000070087	
WFDC12	1	ENSG00000168703	
WFDC11	1	ENSG00000180083	
TMEM161B	1	ENSG00000164180	
TMEM161A	1	ENSG00000064545	
C19orf44	1	ENSG00000105072	
C19orf47	1	ENSG00000160392	
IRX2-DT	1	ENSG00000186493	
ENSG00000254278	1	ENSG00000254278	
WFDC13	1	ENSG00000168634	
CARMIL1	1	ENSG00000079691	
CARMIL2	1	ENSG00000159753	
C19orf53	1	ENSG00000104979	
CARMIL3	1	ENSG00000186648	
CARD11-AS1	1	ENSG00000237286	
SS18L1	1	ENSG00000184402	
SS18L2	1	ENSG00000008324	
TEMN3-AS1	1	ENSG00000251336	
THBS1-AS1	1	ENSG00000278621	
IQANK1	1	ENSG00000203499	
ENSG00000268858	1	ENSG00000268858	
KRT24	1	ENSG00000167916	
KRT23	1	ENSG00000108244	
KRT20	1	ENSG00000171431	
KRT28	1	ENSG00000173908	
KRT27	1	ENSG00000171446	
KRT26	1	ENSG00000186393	
KRT25	1	ENSG00000204897	
ENSG00000229261	1	ENSG00000229261	
INSRR	1	ENSG00000027644	
KRT35	1	ENSG00000197079	
KRT34	1	ENSG00000131737	
KRT32	1	ENSG00000108759	
KRT31	1	ENSG00000094796	
MPPED1	1	ENSG00000186732	
KRT39	1	ENSG00000196859	
KRT38	1	ENSG00000171360	
KRT37	1	ENSG00000108417	
MPPED2	1	ENSG00000066382	
KRT36	1	ENSG00000126337	
CPHXL2	1	ENSG00000284484	
CA12	1	ENSG00000074410	
CACNA1C-AS2	1	ENSG00000256271	
CA11	1	ENSG00000063180	
ARNT2	1	ENSG00000172379	
CACNA1C-AS1	1	ENSG00000246627	
CA10	1	ENSG00000154975	
CACNA1C-AS4	1	ENSG00000256025	
CACNA1C-AS3	1	ENSG00000256769	
KRT13	1	ENSG00000171401	
KRT12	1	ENSG00000187242	
C19orf18	1	ENSG00000177025	
KRT10	1	ENSG00000186395	
C19orf12	1	ENSG00000131943	
KRT19	1	ENSG00000171345	
KRT18	1	ENSG00000111057	
KRT17	1	ENSG00000128422	
KRT16	1	ENSG00000186832	
KRT15	1	ENSG00000171346	
KRT14	1	ENSG00000186847	
TRIP10	1	ENSG00000125733	
ENSG00000256884	1	ENSG00000256884	
TRIP11	1	ENSG00000100815	
TRIP12	1	ENSG00000153827	
TRIP13	1	ENSG00000071539	
SNED1-AS1	1	ENSG00000225521	
MED8-AS1	1	ENSG00000229431	
S100A7L2	1	ENSG00000197364	
CARMAL	1	ENSG00000260123	
STUB1-DT	1	ENSG00000260394	
TNR-IT1	1	ENSG00000235628	
OIP5-AS1	1	ENSG00000247556	
MALRD1	1	ENSG00000204740	
CMTR1	1	ENSG00000137200	
KRT6C	1	ENSG00000170465	
CA14	1	ENSG00000118298	
CMTR2	1	ENSG00000180917	
KRT6B	1	ENSG00000185479	
CA13	1	ENSG00000185015	
KRT6A	1	ENSG00000205420	
KRT71	1	ENSG00000139648	
PATL1-DT	1	ENSG00000255355	
KRT79	1	ENSG00000185640	
TSC2	1	ENSG00000103197	
KRT78	1	ENSG00000170423	
TSC1	1	ENSG00000165699	
KRT77	1	ENSG00000189182	
KRT76	1	ENSG00000185069	
KRT75	1	ENSG00000170454	
KRT74	1	ENSG00000170484	
KRT73	1	ENSG00000186049	
KRT72	1	ENSG00000170486	
DEFB130A	1	ENSG00000232948	
DEFB130B	1	ENSG00000233050	
ISCU	1	ENSG00000136003	
NECTIN4-AS1	1	ENSG00000228917	
DEFB131A	1	ENSG00000186146	
KRT40	1	ENSG00000204889	
COBLL1	1	ENSG00000082438	
DEFB131B	1	ENSG00000225805	
PSMA3-AS1	1	ENSG00000257621	
CCDC86-AS1	1	ENSG00000256813	
BTNL9	1	ENSG00000165810	
ACBD7	1	ENSG00000176244	
BTNL8	1	ENSG00000113303	
ACBD6	1	ENSG00000230124	
MRTFA-AS1	1	ENSG00000232564	
ACBD5	1	ENSG00000107897	
ACBD4	1	ENSG00000181513	
BTNL3	1	ENSG00000168903	
BTNL2	1	ENSG00000204290	
MRGBP	1	ENSG00000101189	
ACBD3	1	ENSG00000182827	
ETV5-AS1	1	ENSG00000234197	
SCYL3	1	ENSG00000000457	
KAAG1	1	ENSG00000146049	
CA5B	1	ENSG00000169239	
CA5A	1	ENSG00000174990	
KYNU	1	ENSG00000115919	
TSHB	1	ENSG00000134200	
SCYL2	1	ENSG00000136021	
SCYL1	1	ENSG00000142186	
TSFM	1	ENSG00000123297	
JAGN1	1	ENSG00000171135	
TESC-AS1	1	ENSG00000258285	
RUSF1	1	ENSG00000140688	
HSH2D	1	ENSG00000196684	
PRTFDC1	1	ENSG00000099256	
SASH3	1	ENSG00000122122	
KRT82	1	ENSG00000161850	
KRT81	1	ENSG00000205426	
KRT80	1	ENSG00000167767	
TUFT1	1	ENSG00000143367	
TSIX	1	ENSG00000270641	
KRT86	1	ENSG00000170442	
KRT85	1	ENSG00000135443	
KRT84	1	ENSG00000161849	
U2AF1L4	1	ENSG00000161265	
KRT83	1	ENSG00000170523	
GMDS	1	ENSG00000112699	
DHCR7-DT	1	ENSG00000254682	
SASH1	1	ENSG00000111961	
CMTM7	1	ENSG00000153551	
CMTM8	1	ENSG00000170293	
CMTM3	1	ENSG00000140931	
CMTM4	1	ENSG00000183723	
CMTM5	1	ENSG00000166091	
CMTM6	1	ENSG00000091317	
OOSP3	1	ENSG00000285231	
OOSP1	1	ENSG00000284873	
OOSP2	1	ENSG00000149507	
GDAP1	1	ENSG00000104381	
TSHR	1	ENSG00000165409	
GDAP2	1	ENSG00000196505	
RMC1	1	ENSG00000141452	
CMTM1	1	ENSG00000089505	
CMTM2	1	ENSG00000140932	
MAGEA3-DT	1	ENSG00000287394	
TSKS	1	ENSG00000126467	
GMFB	1	ENSG00000197045	
GMFG	1	ENSG00000130755	
ISM1	1	ENSG00000101230	
ISM2	1	ENSG00000100593	
PLS1-AS1	1	ENSG00000239641	
TSKU	1	ENSG00000182704	
TRIM36-IT1	1	ENSG00000250472	
ISLR	1	ENSG00000129009	
MEIOSIN	1	ENSG00000237452	
ARPIN	1	ENSG00000242498	
ISL1	1	ENSG00000016082	
CTAGE1	1	ENSG00000212710	
CRAT37	1	ENSG00000258551	
LYRM4-AS1	1	ENSG00000272142	
ISL2	1	ENSG00000159556	
TMEM126A	1	ENSG00000171202	
CTAGE9	1	ENSG00000236761	
OBSCN-AS1	1	ENSG00000162913	
TMEM126B	1	ENSG00000171204	
LIVAR	1	ENSG00000266304	
CTAGE6	1	ENSG00000271321	
PLA2G3	1	ENSG00000100078	
PLA2G5	1	ENSG00000127472	
PLA2G6	1	ENSG00000184381	
PLA2G7	1	ENSG00000146070	
RHOT2	1	ENSG00000140983	
RHOT1	1	ENSG00000126858	
SYNDIG1	1	ENSG00000101463	
PRELID3A	1	ENSG00000141391	
PRELID3B	1	ENSG00000101166	
NAXD-AS1	1	ENSG00000275880	
TSLP	1	ENSG00000145777	
CYP4F2	1	ENSG00000186115	
CYP4F3	1	ENSG00000186529	
CYP2U1-AS1	1	ENSG00000245293	
CYP4F8	1	ENSG00000186526	
PGA3	1	ENSG00000229859	
PGA5	1	ENSG00000256713	
PGA4	1	ENSG00000229183	
DLG3-AS1	1	ENSG00000231651	
FOXL2NB	1	ENSG00000206262	
AP1AR-DT	1	ENSG00000260526	
ZNF497	1	ENSG00000174586	
ZNF496	1	ENSG00000162714	
NUDT4B	1	ENSG00000177144	
ANXA8L1	1	ENSG00000264230	
ZNF493	1	ENSG00000196268	
ZNF492	1	ENSG00000229676	
ZNF491	1	ENSG00000177599	
ZNF490	1	ENSG00000188033	
MED19	1	ENSG00000156603	
MED16	1	ENSG00000175221	
MED15	1	ENSG00000099917	
MED18	1	ENSG00000130772	
MED17	1	ENSG00000042429	
MECP2	1	ENSG00000169057	
MED12	1	ENSG00000184634	
MED11	1	ENSG00000161920	
MED14	1	ENSG00000180182	
MED13	1	ENSG00000108510	
MECOM	1	ENSG00000085276	
MED10	1	ENSG00000133398	
TSPO	1	ENSG00000100300	
ZNF488	1	ENSG00000265763	
ZNF487	1	ENSG00000243660	
ZNF486	1	ENSG00000256229	
ZNF485	1	ENSG00000198298	
LNCPOIR	2	ENSG00000226079:ENSG00000232395	
ZNF484	1	ENSG00000127081	
ZNF483	1	ENSG00000173258	
RMI2	1	ENSG00000175643	
CNOT6L	1	ENSG00000138767	
RMI1	1	ENSG00000178966	
ZNF480	1	ENSG00000198464	
ERVE-1	1	ENSG00000267259	
LNCRI	1	ENSG00000205971	
GMIP	1	ENSG00000089639	
MED27	1	ENSG00000160563	
MED26	1	ENSG00000105085	
MED29	1	ENSG00000063322	
PGM2L1	1	ENSG00000165434	
MED28	1	ENSG00000118579	
MED23	1	ENSG00000112282	
MED22	1	ENSG00000148297	
MED25	1	ENSG00000104973	
FOXC2-AS1	1	ENSG00000260944	
MED24	1	ENSG00000008838	
MED21	1	ENSG00000152944	
MED20	1	ENSG00000124641	
ZNF479	1	ENSG00000185177	
ZNF474	1	ENSG00000164185	
ZNF473	1	ENSG00000142528	
ZNF471	1	ENSG00000196263	
ZNF470	1	ENSG00000197016	
TSR3	1	ENSG00000007520	
CRCT1	1	ENSG00000169509	
LNCOG	1	ENSG00000257219	
EGFR	1	ENSG00000146648	
ZNF469	1	ENSG00000225614	
ZNF468	1	ENSG00000204604	
ZNF467	1	ENSG00000181444	
ARHGAP42-AS1	1	ENSG00000248027	
ZNF462	1	ENSG00000148143	
ZNF461	1	ENSG00000197808	
ZNF460	1	ENSG00000197714	
LOC124903525	1	ENSG00000277749	
NUDT22	1	ENSG00000149761	
ST7-AS1	1	ENSG00000227199	
ZMPSTE24-DT	1	ENSG00000259943	
NUDT21	1	ENSG00000167005	
ST7-AS2	1	ENSG00000226367	
TAOK3	1	ENSG00000135090	
TAOK1	1	ENSG00000160551	
TAOK2	1	ENSG00000149930	
TSR2	1	ENSG00000158526	
GAPLINC	1	ENSG00000266835	
TSR1	1	ENSG00000167721	
ZNF454	1	ENSG00000178187	
ZNF451	1	ENSG00000112200	
NAB1	1	ENSG00000138386	
GMNN	1	ENSG00000112312	
NAB2	1	ENSG00000166886	
NUDT11	1	ENSG00000196368	
NUDT10	1	ENSG00000122824	
ZNF449	1	ENSG00000173275	
NUDT19	1	ENSG00000213965	
NUDT18	1	ENSG00000275074	
NUDT17	1	ENSG00000186364	
ZNF446	1	ENSG00000083838	
NUDT16	1	ENSG00000198585	
MTPAP	1	ENSG00000107951	
NUDT15	1	ENSG00000136159	
ZNF445	1	ENSG00000185219	
ZNF444	1	ENSG00000167685	
NUDT14	1	ENSG00000183828	
NUDT13	1	ENSG00000166321	
ZNF443	1	ENSG00000180855	
NUDT12	1	ENSG00000112874	
ZNF442	1	ENSG00000198342	
ZNF441	1	ENSG00000197044	
ZNF440	1	ENSG00000171295	
IST1	1	ENSG00000182149	
NAAA	1	ENSG00000138744	
ZNF439	1	ENSG00000171291	
ZNF438	1	ENSG00000183621	
ZNF436	1	ENSG00000125945	
GMNC	1	ENSG00000205835	
PLA2R1	1	ENSG00000153246	
ZNF433	1	ENSG00000197647	
ZNF432	1	ENSG00000256087	
ZNF431	1	ENSG00000196705	
ZNF430	1	ENSG00000118620	
TMEM121B	1	ENSG00000183307	
GMPS	1	ENSG00000163655	
GMPR	1	ENSG00000137198	
RBM5-AS1	1	ENSG00000281691	
MED30	1	ENSG00000164758	
ZNF429	1	ENSG00000197013	
MED31	1	ENSG00000108590	
ZNF428	1	ENSG00000131116	
PGK1	1	ENSG00000102144	
ZNF426	1	ENSG00000130818	
BRIX1	1	ENSG00000113460	
ZNF425	1	ENSG00000204947	
NAE1	1	ENSG00000159593	
PGK2	1	ENSG00000170950	
ZNF423	1	ENSG00000102935	
NADK	1	ENSG00000008130	
ZNF420	1	ENSG00000197050	
ALG1L2	1	ENSG00000251287	
TMEM120B	1	ENSG00000188735	
TMEM120A	1	ENSG00000189077	
ARPC4	1	ENSG00000241553	
ARPC5	1	ENSG00000162704	
ARPC2	1	ENSG00000163466	
ZNF419	1	ENSG00000105136	
ARPC3	1	ENSG00000111229	
NACA	1	ENSG00000196531	
ZNF418	1	ENSG00000196724	
ZNF417	1	ENSG00000173480	
ZNF416	1	ENSG00000083817	
ZNF415	1	ENSG00000170954	
ZNF414	1	ENSG00000133250	
SCG5-AS1	1	ENSG00000241818	
ZNF410	1	ENSG00000119725	
POM121L12	1	ENSG00000221900	
PPP1R9A-AS1	1	ENSG00000236197	
MIPEP	1	ENSG00000027001	
ISY1	1	ENSG00000240682	
NFYC-AS1	1	ENSG00000272145	
CIITA	1	ENSG00000179583	
ECI2-DT	1	ENSG00000234817	
NKPD1	1	ENSG00000179846	
ZNF408	1	ENSG00000175213	
ZNF407	1	ENSG00000215421	
PGM3	1	ENSG00000013375	
PGM2	1	ENSG00000169299	
ZNF404	1	ENSG00000176222	
PGM5	1	ENSG00000154330	
PGLS	1	ENSG00000130313	
YAF2	1	ENSG00000015153	
PGM1	1	ENSG00000079739	
PMIS2	1	ENSG00000283758	
ENSG00000278390	1	ENSG00000278390	
STXBP5-AS1	1	ENSG00000233452	
TFIP11	1	ENSG00000100109	
NAF1	1	ENSG00000145414	
YAE1	1	ENSG00000241127	
DUT-AS1	1	ENSG00000259488	
BECN1	1	ENSG00000126581	
ROCK1	1	ENSG00000067900	
ROCK2	1	ENSG00000134318	
BECN2	1	ENSG00000196289	
ACCSL	1	ENSG00000205126	
FOXRED1	1	ENSG00000110074	
FOXRED2	1	ENSG00000100350	
IGHD4-23	1	ENSG00000227196	
TNPO1-DT	1	ENSG00000249085	
POLR2J3	1	ENSG00000285437	
POLR2J2	1	ENSG00000228049	
CYP4B1	1	ENSG00000142973	
NAGA	1	ENSG00000198951	
NAGK	1	ENSG00000124357	
RMST	1	ENSG00000255794	
NAGS	1	ENSG00000161653	
CAHM	1	ENSG00000270419	
LDLRAD1	1	ENSG00000203985	
LDLRAD2	1	ENSG00000187942	
LDLRAD3	1	ENSG00000179241	
LDLRAD4	1	ENSG00000168675	
CCDC102A	1	ENSG00000135736	
CCDC102B	1	ENSG00000150636	
SNRPD2	1	ENSG00000125743	
SNRPD1	1	ENSG00000167088	
SEC23A-AS1	1	ENSG00000258651	
SNRPD3	1	ENSG00000100028	
EGOT	1	ENSG00000235947	
LASP1NB	1	ENSG00000263874	
ENSG00000254363	1	ENSG00000254363	
FAM76B	1	ENSG00000077458	
FAM76A	1	ENSG00000009780	
ENSG00000278356	1	ENSG00000278356	
NAIP	1	ENSG00000249437	
TBC1D9B	1	ENSG00000197226	
GGNBP2	1	ENSG00000278311	
GMDS-DT	1	ENSG00000250903	
GSPT2	1	ENSG00000189369	
GSPT1	1	ENSG00000103342	
PGS1	1	ENSG00000087157	
SEC14L2	1	ENSG00000100003	
SEC14L3	1	ENSG00000100012	
BRIP1	1	ENSG00000136492	
SEC14L1	1	ENSG00000129657	
SEC14L6	1	ENSG00000214491	
SEC14L4	1	ENSG00000133488	
SEC14L5	1	ENSG00000103184	
ENSG00000254394	1	ENSG00000254394	
TBC1D8B	1	ENSG00000133138	
MIR1915HG	1	ENSG00000204682	
EGR1	1	ENSG00000120738	
TSPEAR-AS2	1	ENSG00000182912	
EGR2	1	ENSG00000122877	
EGR3	1	ENSG00000179388	
EGR4	1	ENSG00000135625	
FAM78B	1	ENSG00000188859	
FAM78A	1	ENSG00000126882	
TSPEAR-AS1	1	ENSG00000235890	
CALY	1	ENSG00000130643	
CALU	1	ENSG00000128595	
CALR	1	ENSG00000179218	
CDC37L1-DT	1	ENSG00000273061	
MEDAG	1	ENSG00000102802	
NANP	1	ENSG00000170191	
MAP1LC3B	1	ENSG00000140941	
MAP1LC3A	1	ENSG00000101460	
MIS18BP1	1	ENSG00000129534	
MAP1LC3C	1	ENSG00000197769	
CHAMP1	1	ENSG00000198824	
NANS	1	ENSG00000095380	
ENSG00000254334	1	ENSG00000254334	
CAMP	1	ENSG00000164047	
HTATIP2	1	ENSG00000109854	
CAP1	1	ENSG00000131236	
NAMA	1	ENSG00000271086	
CANX	1	ENSG00000127022	
NAPA	1	ENSG00000105402	
YAP1	1	ENSG00000137693	
NAPB	1	ENSG00000125814	
CAPG	1	ENSG00000042493	
NAPG	1	ENSG00000134265	
MAP3K5-AS2	1	ENSG00000286646	
ENSG00000230387	1	ENSG00000230387	
MAP3K5-AS1	1	ENSG00000234263	
CAP2	1	ENSG00000112186	
GABBR2	1	ENSG00000136928	
GABBR1	1	ENSG00000204681	
TTC1	1	ENSG00000113312	
NAPA-AS1	1	ENSG00000268061	
TTC9	1	ENSG00000133985	
ITCH	1	ENSG00000078747	
TTC8	1	ENSG00000165533	
TBC1D3K	1	ENSG00000273513	
TBC1D3L	1	ENSG00000274512	
TTC6	1	ENSG00000139865	
TTC5	1	ENSG00000136319	
TTC4	1	ENSG00000243725	
TTC3	1	ENSG00000182670	
RTN4IP1	1	ENSG00000130347	
ENSG00000230392	1	ENSG00000230392	
CAPS	1	ENSG00000105519	
NARF	1	ENSG00000141562	
TBC1D3B	1	ENSG00000274808	
ZNF667-AS1	1	ENSG00000166770	
TBC1D3E	1	ENSG00000278599	
TBC1D3F	1	ENSG00000275954	
TBC1D3C	1	ENSG00000278299	
TTF2	1	ENSG00000116830	
TBC1D3D	1	ENSG00000274419	
TTF1	1	ENSG00000125482	
TBC1D3I	1	ENSG00000274933	
CARF	1	ENSG00000138380	
TBC1D3G	1	ENSG00000260287	
TBC1D3H	1	ENSG00000274226	
AKR7A2	1	ENSG00000053371	
AKR7A3	1	ENSG00000162482	
TBC1D31	1	ENSG00000156787	
TBC1D32	1	ENSG00000146350	
TBC1D30	1	ENSG00000111490	
MAGEB17-AS1	1	ENSG00000238178	
CAST	1	ENSG00000153113	
CASR	1	ENSG00000036828	
CASK	1	ENSG00000147044	
CDKAL1	1	ENSG00000145996	
TBC1D2B	1	ENSG00000167202	
NCKAP5-IT1	1	ENSG00000232474	
TBC1D20	1	ENSG00000125875	
TBC1D21	1	ENSG00000167139	
TBC1D24	1	ENSG00000162065	
TBC1D25	1	ENSG00000068354	
ENSG00000232995	1	ENSG00000232995	
TBC1D23	1	ENSG00000036054	
TSNARE1	1	ENSG00000171045	
TBC1D28	1	ENSG00000189375	
EMID1	1	ENSG00000186998	
TBC1D26	1	ENSG00000214946	
GNAZ	1	ENSG00000128266	
TBC1D19	1	ENSG00000109680	
PKDCC	1	ENSG00000162878	
TBC1D13	1	ENSG00000107021	
RHPN1	1	ENSG00000158106	
TBC1D14	1	ENSG00000132405	
TBC1D12	1	ENSG00000108239	
RHPN2	1	ENSG00000131941	
TBC1D17	1	ENSG00000104946	
TBC1D15	1	ENSG00000121749	
TBC1D16	1	ENSG00000167291	
CAV3	1	ENSG00000182533	
ENSG00000244998	1	ENSG00000244998	
SLC46A2-AS1	1	ENSG00000271631	
CAV2	1	ENSG00000105971	
CAV1	1	ENSG00000105974	
CNOT10	1	ENSG00000182973	
UEVLD	1	ENSG00000151116	
GNAL	1	ENSG00000141404	
NAT8	1	ENSG00000144035	
NASP	1	ENSG00000132780	
NAT1	1	ENSG00000171428	
NAT2	1	ENSG00000156006	
CNOT11	1	ENSG00000158435	
GNAQ	1	ENSG00000156052	
GNB2	1	ENSG00000172354	
GNB1	1	ENSG00000078369	
GNAS	1	ENSG00000087460	
GNB4	1	ENSG00000114450	
GNB3	1	ENSG00000111664	
GNB5	1	ENSG00000069966	
NAT9	1	ENSG00000109065	
SLC35E2B	1	ENSG00000189339	
SLC35E2A	1	ENSG00000215790	
RND2	1	ENSG00000108830	
RND3	1	ENSG00000115963	
SNRPA1-DT	1	ENSG00000259172	
CAPSL-DT	1	ENSG00000249748	
RND1	1	ENSG00000172602	
ENSG00000232939	1	ENSG00000232939	
IDI2-AS1	1	ENSG00000232656	
MYO18B	1	ENSG00000133454	
MYO18A	1	ENSG00000196535	
FBXL19-AS1	1	ENSG00000260852	
PDPK1	1	ENSG00000140992	
NAV1	1	ENSG00000134369	
NAV2	1	ENSG00000166833	
KRT73-AS1	1	ENSG00000257495	
TTI2	1	ENSG00000129696	
TTI1	1	ENSG00000101407	
TAPBP	1	ENSG00000231925	
NAV3	1	ENSG00000067798	
FAM72D	1	ENSG00000215784	
FAM72C	1	ENSG00000263513	
FAM72B	1	ENSG00000188610	
FAM72A	1	ENSG00000196550	
NAXE	1	ENSG00000163382	
RNF8	1	ENSG00000112130	
RNF6	1	ENSG00000127870	
RSPH9	1	ENSG00000172426	
RNF7	1	ENSG00000114125	
RNF4	1	ENSG00000063978	
RNF5	1	ENSG00000204308	
RNF2	1	ENSG00000121481	
GNG3	1	ENSG00000162188	
GNG2	1	ENSG00000186469	
GNG5	1	ENSG00000174021	
CTAG1A	1	ENSG00000268651	
GNG4	1	ENSG00000168243	
GNG7	1	ENSG00000176533	
UNC5B-AS1	1	ENSG00000237512	
GNG8	1	ENSG00000167414	
CTAG1B	1	ENSG00000184033	
RHOXF1-AS1	1	ENSG00000258545	
PRDM6-AS1	1	ENSG00000223652	
RSPH3	1	ENSG00000130363	
RSPH1	1	ENSG00000160188	
MYO15B	1	ENSG00000266714	
MYO15A	1	ENSG00000091536	
RAB5C-AS1	1	ENSG00000267658	
NAXD	1	ENSG00000213995	
NRDE2	1	ENSG00000119720	
PHB1	1	ENSG00000167085	
RNH1	1	ENSG00000023191	
ARHGEF18-AS1	1	ENSG00000267852	
GPATCH2	1	ENSG00000092978	
GPATCH1	1	ENSG00000076650	
GPATCH4	1	ENSG00000160818	
PHAX	1	ENSG00000164902	
ADARB1	1	ENSG00000197381	
GPATCH3	1	ENSG00000198746	
ADARB2	1	ENSG00000185736	
PHB2	1	ENSG00000215021	
GPATCH8	1	ENSG00000186566	
CMKLR2	1	ENSG00000183671	
CMKLR1	1	ENSG00000174600	
DDX17	1	ENSG00000100201	
DDX18	1	ENSG00000088205	
DDX11	1	ENSG00000013573	
DDX10	1	ENSG00000178105	
RHNO1	1	ENSG00000171792	
ZNF398	1	ENSG00000197024	
ZNF397	1	ENSG00000186812	
ZNF396	1	ENSG00000186496	
ZNF395	1	ENSG00000186918	
INTS9-AS1	1	ENSG00000254034	
ZNF394	1	ENSG00000160908	
HRG-AS1	1	ENSG00000197099	
PDXDC1	1	ENSG00000179889	
ZNF391	1	ENSG00000124613	
PHYHIPL	1	ENSG00000165443	
SMG1-DT	1	ENSG00000260352	
NTHL1	1	ENSG00000065057	
TTPA	1	ENSG00000137561	
SUNO1	1	ENSG00000277013	
NRBF2	1	ENSG00000148572	
ZNF384	1	ENSG00000126746	
PHC2	1	ENSG00000134686	
PHC1	1	ENSG00000111752	
ZNF383	1	ENSG00000188283	
ZNF382	1	ENSG00000161298	
PRPF19-DT	1	ENSG00000257052	
PATJ-DT	1	ENSG00000271200	
PHC3	1	ENSG00000173889	
EHD1	1	ENSG00000110047	
EHD2	1	ENSG00000024422	
EHD3	1	ENSG00000013016	
EHD4	1	ENSG00000103966	
ZNF37A	1	ENSG00000075407	
ITPA	1	ENSG00000125877	
PHF3	1	ENSG00000118482	
SERPINA11	1	ENSG00000186910	
SERPINA12	1	ENSG00000165953	
PHF2	1	ENSG00000197724	
PHF1	1	ENSG00000112511	
SERPINA10	1	ENSG00000140093	
PHF7	1	ENSG00000010318	
PHF6	1	ENSG00000156531	
PHEX	1	ENSG00000102174	
PHF8	1	ENSG00000172943	
GNLY	1	ENSG00000115523	
TCTN3	1	ENSG00000119977	
TCTN2	1	ENSG00000168778	
TCTN1	1	ENSG00000204852	
RBPMS2	1	ENSG00000166831	
JARID2	1	ENSG00000008083	
ZNF367	1	ENSG00000165244	
ZNF366	1	ENSG00000178175	
ZNF365	1	ENSG00000138311	
UBE2E3-DT	1	ENSG00000236153	
ZNF362	1	ENSG00000160094	
MIR663AHG	1	ENSG00000227195	
GNL2	1	ENSG00000134697	
GNL1	1	ENSG00000204590	
GNL3	1	ENSG00000163938	
APBB1IP	1	ENSG00000077420	
TUBB2B	1	ENSG00000137285	
TUBB2A	1	ENSG00000137267	
ZNF358	1	ENSG00000198816	
NBAS	1	ENSG00000151779	
ZNF350	1	ENSG00000256683	
RNMT	1	ENSG00000101654	
WDR45B	1	ENSG00000141580	
FENDRR	1	ENSG00000268388	
NECTIN3-AS1	1	ENSG00000242242	
ABI3BP	1	ENSG00000154175	
ZNF347	1	ENSG00000197937	
ZNF346	1	ENSG00000113761	
PDK4-AS1	1	ENSG00000231170	
ZNF345	1	ENSG00000251247	
ZNF343	1	ENSG00000088876	
ZNF341	1	ENSG00000131061	
RNLS	1	ENSG00000184719	
TUBB4B	1	ENSG00000188229	
TUBB4A	1	ENSG00000104833	
GNMT	1	ENSG00000124713	
ZNF33B	1	ENSG00000196693	
ZNF33A	1	ENSG00000189180	
ZNF337	1	ENSG00000130684	
ZNF335	1	ENSG00000198026	
ZNF334	1	ENSG00000198185	
ZNF333	1	ENSG00000160961	
ZNF331	1	ENSG00000130844	
ZNF330	1	ENSG00000109445	
TMEM131L	1	ENSG00000121210	
STPG2-AS1	1	ENSG00000251620	
NRBP2	1	ENSG00000185189	
ZNF329	1	ENSG00000181894	
MALINC1	1	ENSG00000245146	
ZNF326	1	ENSG00000162664	
ZNF324	1	ENSG00000083812	
ZNF322	1	ENSG00000181315	
ZNF320	1	ENSG00000182986	
SERF1A	1	ENSG00000172058	
SERF1B	1	ENSG00000205572	
HLCS-IT1	1	ENSG00000237646	
PAGE2B	1	ENSG00000238269	
SSMEM1	1	ENSG00000165120	
NDNF-AS1	1	ENSG00000250344	
NRBP1	1	ENSG00000115216	
ZNF319	1	ENSG00000166188	
ZNF318	1	ENSG00000171467	
ZNF317	1	ENSG00000130803	
ZNF316	1	ENSG00000205903	
PHIP	1	ENSG00000146247	
FAM8A1	1	ENSG00000137414	
PABPC1L2B-AS1	1	ENSG00000226725	
ZNF311	1	ENSG00000197935	
KCNH1-IT1	1	ENSG00000234233	
CBFB	1	ENSG00000067955	
YBEY	1	ENSG00000182362	
OR4A47	1	ENSG00000237388	
MPC1L	1	ENSG00000238205	
ZNF304	1	ENSG00000131845	
ZNF302	1	ENSG00000089335	
ZNF300	1	ENSG00000145908	
TMEM132D	1	ENSG00000151952	
TMEM132C	1	ENSG00000181234	
TMEM132E	1	ENSG00000181291	
POLR3GL	1	ENSG00000121851	
TMEM132B	1	ENSG00000139364	
TMEM132A	1	ENSG00000006118	
TUBB8B	1	ENSG00000173213	
TRBV29-1	1	ENSG00000232869	
PHKB	1	ENSG00000102893	
NBDY	1	ENSG00000204272	
ADCY10	1	ENSG00000143199	
NBEA	1	ENSG00000172915	
DIDO1	1	ENSG00000101191	
TTLL10-AS1	1	ENSG00000205231	
RO60	1	ENSG00000116747	
STIM1-AS1	1	ENSG00000228661	
HAUS4	1	ENSG00000092036	
MPRIP-AS1	1	ENSG00000225442	
HAUS3	1	ENSG00000214367	
HAUS6	1	ENSG00000147874	
HAUS5	1	ENSG00000249115	
HAUS2	1	ENSG00000137814	
GRTP1-AS1	1	ENSG00000225083	
HAUS1	1	ENSG00000152240	
FAM53B-AS1	1	ENSG00000233334	
EI24	1	ENSG00000149547	
CYP3A4	1	ENSG00000160868	
CYP3A5	1	ENSG00000106258	
CYP3A7	1	ENSG00000160870	
HAUS8	1	ENSG00000131351	
FIP1L1	1	ENSG00000145216	
HAUS7	1	ENSG00000213397	
CEACAM20	1	ENSG00000273777	
CEACAM21	1	ENSG00000007129	
CEACAM18	1	ENSG00000213822	
CEACAM16	1	ENSG00000213892	
CYP51A1	1	ENSG00000001630	
SLC30A4-AS1	1	ENSG00000259354	
CEACAM19	1	ENSG00000186567	
PI15	1	ENSG00000137558	
PI16	1	ENSG00000164530	
NECTIN4	1	ENSG00000143217	
NECTIN3	1	ENSG00000177707	
NECTIN2	1	ENSG00000130202	
NECTIN1	1	ENSG00000110400	
ISCA2	1	ENSG00000165898	
ISCA1	1	ENSG00000135070	
TSBP1	1	ENSG00000204296	
FGF10-AS1	1	ENSG00000248464	
FAM89B	1	ENSG00000176973	
FAM89A	1	ENSG00000182118	
CBLC	1	ENSG00000142273	
CBLB	1	ENSG00000114423	
MIR4280HG	1	ENSG00000233828	
METTL1	1	ENSG00000037897	
METTL3	1	ENSG00000165819	
FLJ13224	1	ENSG00000177340	
KATNAL1	1	ENSG00000102781	
CYP2U1	1	ENSG00000155016	
KATNAL2	1	ENSG00000167216	
TRERNA1	1	ENSG00000231265	
FAM88E	1	ENSG00000237357	
IGHV7-81	1	ENSG00000211979	
FAM88C	1	ENSG00000204802	
ZNF747-DT	1	ENSG00000235560	
FAM88B	1	ENSG00000170161	
NBL1	1	ENSG00000158747	
FAM88F	1	ENSG00000226007	
RN7SL832P	1	ENSG00000243819	
KRT33B	1	ENSG00000131738	
KRT33A	1	ENSG00000006059	
COMETT	1	ENSG00000231210	
RALGDS	1	ENSG00000160271	
IGHV7-56	1	ENSG00000253131	
RRS1-DT	1	ENSG00000246145	
RAET1E	1	ENSG00000164520	
RAET1G	1	ENSG00000203722	
CYP2S1	1	ENSG00000167600	
DSCAM-IT1	1	ENSG00000233756	
RAET1L	1	ENSG00000155918	
SH3TC2-DT	1	ENSG00000250072	
ROBO2	1	ENSG00000185008	
ROBO3	1	ENSG00000154134	
ROBO4	1	ENSG00000154133	
IGHV7-27	1	ENSG00000254326	
ENSG00000229494	1	ENSG00000229494	
ROBO1	1	ENSG00000169855	
BETALINC1	1	ENSG00000233492	
VENTX	1	ENSG00000151650	
DEPTOR-AS1	1	ENSG00000245330	
CBR1	1	ENSG00000159228	
TUBB	1	ENSG00000196230	
TOPORS	1	ENSG00000197579	
IGHV7-40	1	ENSG00000253467	
OR4A15	1	ENSG00000181958	
ENSG00000254443	1	ENSG00000254443	
OR4A16	1	ENSG00000181961	
NXT1-AS1	1	ENSG00000234832	
FAM86C1P	1	ENSG00000158483	
TRBV30	1	ENSG00000237254	
METTL4	1	ENSG00000101574	
METTL5	1	ENSG00000138382	
GPBP1L1	1	ENSG00000159592	
METTL6	1	ENSG00000206562	
METTL8	1	ENSG00000123600	
METTL9	1	ENSG00000197006	
CBR4	1	ENSG00000145439	
SCGB1B2P	1	ENSG00000268751	
CBR3	1	ENSG00000159231	
TRBV28	1	ENSG00000211753	
LHFPL5	1	ENSG00000197753	
LHFPL4	1	ENSG00000156959	
LHFPL3	1	ENSG00000187416	
LHFPL2	1	ENSG00000145685	
LHFPL1	1	ENSG00000182508	
TRBV27	1	ENSG00000211752	
TRBV26	1	ENSG00000249912	
NBR2	1	ENSG00000198496	
CYP2W1	1	ENSG00000073067	
LHFPL7	1	ENSG00000206069	
LHFPL6	1	ENSG00000183722	
NBR1	1	ENSG00000188554	
TRBV18	1	ENSG00000276557	
TRBV17	1	ENSG00000277880	
TRBV19	1	ENSG00000211746	
IGSF11-AS1	1	ENSG00000239877	
ZFHX2-AS1	1	ENSG00000157306	
TRBV14	1	ENSG00000275743	
TRBV13	1	ENSG00000276405	
TRBV16	1	ENSG00000275243	
TRBV15	1	ENSG00000276819	
NRCAM	1	ENSG00000091129	
FAM81B	1	ENSG00000153347	
FAM81A	1	ENSG00000157470	
PHYH	1	ENSG00000107537	
SFTPD-AS1	1	ENSG00000273372	
SYCE1L	1	ENSG00000205078	
TUG1	1	ENSG00000253352	
TUFM	1	ENSG00000178952	
PRKCE-AS1	1	ENSG00000228481	
ROCR	1	ENSG00000228639	
PUS1-AS1	1	ENSG00000255992	
FAM83H	1	ENSG00000180921	
FAM83G	1	ENSG00000188522	
TRPM2-AS	1	ENSG00000230061	
FAM83F	1	ENSG00000133477	
FAM83E	1	ENSG00000105523	
FAM83D	1	ENSG00000101447	
FAM83C	1	ENSG00000125998	
FAM83B	1	ENSG00000168143	
FAM83A	1	ENSG00000147689	
CYP2J2	1	ENSG00000134716	
CBX8	1	ENSG00000141570	
CBX7	1	ENSG00000100307	
LOC101928844	1	ENSG00000267709	
CBX6	1	ENSG00000183741	
CBX5	1	ENSG00000094916	
CBX4	1	ENSG00000141582	
CBX3	1	ENSG00000122565	
CBX2	1	ENSG00000173894	
CBX1	1	ENSG00000108468	
ENSG00000266401	1	ENSG00000266401	
LRP1B	1	ENSG00000168702	
CAPRIN1	1	ENSG00000135387	
CAPRIN2	1	ENSG00000110888	
NMUR2	1	ENSG00000132911	
NMUR1	1	ENSG00000171596	
LRP10	1	ENSG00000197324	
LRP12	1	ENSG00000147650	
LRP11	1	ENSG00000120256	
PSMD7-DT	1	ENSG00000261404	
CBY3	1	ENSG00000204659	
CBY2	1	ENSG00000174015	
CBY1	1	ENSG00000100211	
OSTN-AS1	1	ENSG00000233308	
YBX2	1	ENSG00000006047	
YBX1	1	ENSG00000065978	
YBX3	1	ENSG00000060138	
SPRED3	1	ENSG00000188766	
SPRED2	1	ENSG00000198369	
SPRED1	1	ENSG00000166068	
LRP5L	1	ENSG00000100068	
OBP2A	1	ENSG00000122136	
OBP2B	1	ENSG00000171102	
CYP2R1	1	ENSG00000186104	
VWC2L	1	ENSG00000174453	
FAM85B	1	ENSG00000253893	
RIMBP3C	1	ENSG00000183246	
RIMBP3B	1	ENSG00000274600	
SLFNL1-AS1	1	ENSG00000281207	
RHOQ-AS1	1	ENSG00000250116	
ENSG00000229425	1	ENSG00000229425	
EIF2B5-DT	1	ENSG00000272721	
VAC14	1	ENSG00000103043	
THBS2	1	ENSG00000186340	
THBS1	1	ENSG00000137801	
THBS4	1	ENSG00000113296	
THBS3	1	ENSG00000169231	
WASHC5-AS1	1	ENSG00000253167	
VIM-AS1	1	ENSG00000229124	
SND1-IT1	1	ENSG00000279078	
FAM87B	1	ENSG00000177757	
FAM87A	1	ENSG00000182366	
TCF7L2	1	ENSG00000148737	
TCF7L1	1	ENSG00000152284	
SMAD3-DT	1	ENSG00000259347	
CD82-AS1	1	ENSG00000254693	
LPIN1	1	ENSG00000134324	
LPIN2	1	ENSG00000101577	
LPIN3	1	ENSG00000132793	
ZNF296	1	ENSG00000170684	
PID1	1	ENSG00000153823	
OSGEPL1	1	ENSG00000128694	
ZNF292	1	ENSG00000188994	
SPRING1	1	ENSG00000111412	
LOC101928532	1	ENSG00000250915	
CCDC148-AS1	1	ENSG00000227480	
AS3MT	1	ENSG00000214435	
CTNNA1-AS1	1	ENSG00000253404	
A1BG-AS1	1	ENSG00000268895	
NCOA7-AS1	1	ENSG00000232131	
THEG5	1	ENSG00000267465	
MEF2A	1	ENSG00000068305	
ZNF287	1	ENSG00000141040	
MEF2C	1	ENSG00000081189	
ZNF285	1	ENSG00000267508	
ZNF284	1	ENSG00000186026	
MEF2B	1	ENSG00000213999	
ZNF283	1	ENSG00000167637	
ZNF282	1	ENSG00000170265	
ZNF281	1	ENSG00000162702	
SETMAR	1	ENSG00000170364	
LOC112267871	1	ENSG00000228549	
EID1	1	ENSG00000255302	
EID2	1	ENSG00000176396	
ENSG00000230615	1	ENSG00000230615	
EID3	1	ENSG00000255150	
NUP210L	1	ENSG00000143552	
THEGL	1	ENSG00000249693	
LETMD1	1	ENSG00000050426	
ZNF277	1	ENSG00000198839	
ZNF276	1	ENSG00000158805	
ZNF275	1	ENSG00000063587	
PIF1	1	ENSG00000140451	
ZNF274	1	ENSG00000171606	
ZNF273	1	ENSG00000198039	
HHLA1	1	ENSG00000132297	
ENSG00000181123	1	ENSG00000181123	
HHLA2	1	ENSG00000114455	
HHLA3	1	ENSG00000197568	
KIAA0040	1	ENSG00000235750	
IGHVII-1-1	1	ENSG00000254279	
GHRHR	1	ENSG00000106128	
GRPEL1	1	ENSG00000109519	
GRPEL2	1	ENSG00000164284	
CHASERR	1	ENSG00000272888	
ZNF268	1	ENSG00000090612	
ZNF267	1	ENSG00000185947	
ZNF266	1	ENSG00000174652	
ZNF264	1	ENSG00000083844	
ZNF263	1	ENSG00000006194	
ZNF260	1	ENSG00000254004	
H1-1	1	ENSG00000124610	
H1-0	1	ENSG00000189060	
H1-3	1	ENSG00000124575	
EIF1	1	ENSG00000173812	
H1-2	1	ENSG00000187837	
H1-5	1	ENSG00000184357	
FERMT1	1	ENSG00000101311	
H1-4	1	ENSG00000168298	
H1-7	1	ENSG00000187166	
EIF5	1	ENSG00000100664	
FANCD2OS	1	ENSG00000163705	
H1-6	1	ENSG00000187475	
EIF6	1	ENSG00000242372	
H1-8	1	ENSG00000178804	
ZNF257	1	ENSG00000197134	
FERMT2	1	ENSG00000073712	
ZNF256	1	ENSG00000152454	
FERMT3	1	ENSG00000149781	
PIGS	1	ENSG00000087111	
ZNF254	1	ENSG00000213096	
PIGR	1	ENSG00000162896	
ZNF253	1	ENSG00000256771	
PIGU	1	ENSG00000101464	
TUT7	1	ENSG00000083223	
PIGT	1	ENSG00000124155	
ZNF251	1	ENSG00000198169	
PIGO	1	ENSG00000165282	
ZNF250	1	ENSG00000196150	
PIGN	1	ENSG00000197563	
PIGQ	1	ENSG00000007541	
NCAN	1	ENSG00000130287	
TUT4	1	ENSG00000134744	
PIGP	1	ENSG00000185808	
LRRC4	1	ENSG00000128594	
PIGZ	1	ENSG00000119227	
LRRC3	1	ENSG00000160233	
PIGW	1	ENSG00000277161	
PIGV	1	ENSG00000060642	
LRRC2	1	ENSG00000163827	
PIGY	1	ENSG00000255072	
LRRC1	1	ENSG00000137269	
PIGX	1	ENSG00000163964	
EDRF1	1	ENSG00000107938	
CTLA4	1	ENSG00000163599	
NELFCD	1	ENSG00000101158	
ZNF248	1	ENSG00000198105	
LYPLA2	1	ENSG00000011009	
LYPLA1	1	ENSG00000120992	
ROM1	1	ENSG00000149489	
PIFO	1	ENSG00000173947	
LRRD1	1	ENSG00000240720	
PIGC	1	ENSG00000135845	
GON7	1	ENSG00000170270	
PIGB	1	ENSG00000069943	
LRRC7	1	ENSG00000033122	
PIGA	1	ENSG00000165195	
LRRC9	1	ENSG00000131951	
TMEM106C	1	ENSG00000134291	
PIGK	1	ENSG00000142892	
TMEM106B	1	ENSG00000106460	
TUT1	1	ENSG00000149016	
ZNF239	1	ENSG00000196793	
PIGM	1	ENSG00000143315	
TLR10	1	ENSG00000174123	
PIGL	1	ENSG00000108474	
ZNF236	1	ENSG00000130856	
PIGG	1	ENSG00000174227	
PIGF	1	ENSG00000151665	
ZNF235	1	ENSG00000159917	
TMEM106A	1	ENSG00000184988	
ZNF234	1	ENSG00000263002	
PIGH	1	ENSG00000100564	
ZNF233	1	ENSG00000159915	
ZNF232	1	ENSG00000167840	
SERPINB10	1	ENSG00000242550	
SERPINB11	1	ENSG00000206072	
ZNF230	1	ENSG00000159882	
SERPINB12	1	ENSG00000166634	
SERPINB13	1	ENSG00000197641	
KIAA0087	1	ENSG00000122548	
PET117	1	ENSG00000232838	
BGLAP	1	ENSG00000242252	
ZNF229	1	ENSG00000278318	
ZNF227	1	ENSG00000131115	
PABPC1L2B	1	ENSG00000184388	
NCDN	1	ENSG00000020129	
ZNF226	1	ENSG00000167380	
PABPC1L2A	1	ENSG00000186288	
ZNF225	1	ENSG00000256294	
MEF2D	1	ENSG00000116604	
ZNF224	1	ENSG00000267680	
ZNF223	1	ENSG00000178386	
ZNF222	1	ENSG00000159885	
ZNF221	1	ENSG00000159905	
PET100	1	ENSG00000229833	
ZNF219	1	ENSG00000165804	
ZNF217	1	ENSG00000171940	
GOPC	1	ENSG00000047932	
ZNF215	1	ENSG00000149054	
ZNF214	1	ENSG00000149050	
ZNF213	1	ENSG00000085644	
ZNF212	1	ENSG00000170260	
ZNF211	1	ENSG00000121417	
NCF1	1	ENSG00000158517	
NCF2	1	ENSG00000116701	
ZBTB24-DT	1	ENSG00000223537	
NCF4	1	ENSG00000100365	
RORC	1	ENSG00000143365	
F13A1	1	ENSG00000124491	
RORA	1	ENSG00000069667	
SAYSD1	1	ENSG00000112167	
RORB	1	ENSG00000198963	
TSEN2	1	ENSG00000154743	
IGKV1D-43	1	ENSG00000242580	
MTRF1	1	ENSG00000120662	
IGKV1D-42	1	ENSG00000211633	
ZNF208	1	ENSG00000160321	
ZNF207	1	ENSG00000010244	
PIM1	1	ENSG00000137193	
MTREX	1	ENSG00000039123	
ZNF205	1	ENSG00000122386	
PIM3	1	ENSG00000198355	
PIM2	1	ENSG00000102096	
ROS1	1	ENSG00000047936	
ZNF202	1	ENSG00000166261	
ZNF200	1	ENSG00000010539	
IGKV1D-37	1	ENSG00000250036	
IGKV1D-39	1	ENSG00000251546	
IGKV1D-33	1	ENSG00000239975	
IGKV1D-32	1	ENSG00000253191	
IGKV1D-35	1	ENSG00000232747	
ROR1	1	ENSG00000185483	
RAD54L2	1	ENSG00000164080	
ROR2	1	ENSG00000169071	
INO80-AS1	1	ENSG00000259521	
IGKV1D-27	1	ENSG00000224607	
IGKV1D-22	1	ENSG00000253365	
ATXN3	1	ENSG00000066427	
PORCN	1	ENSG00000102312	
ATXN2	1	ENSG00000204842	
ATXN1	1	ENSG00000124788	
ATXN7	1	ENSG00000163635	
THEM5	1	ENSG00000196407	
THEM4	1	ENSG00000159445	
THEM6	1	ENSG00000130193	
MFSD14CP	1	ENSG00000196312	
C9orf85	1	ENSG00000155621	
CATIP-AS1	1	ENSG00000225062	
GOT1	1	ENSG00000120053	
GOT2	1	ENSG00000125166	
RAB4A-AS1	1	ENSG00000177788	
IGKV1D-17	1	ENSG00000242766	
IGKV1D-16	1	ENSG00000241244	
IGKV1D-13	1	ENSG00000276566	
IGKV1D-12	1	ENSG00000278857	
PIN1	1	ENSG00000127445	
PIN4	1	ENSG00000102309	
CATIP-AS2	1	ENSG00000237281	
HSP90AB1	1	ENSG00000096384	
RASGRF2	1	ENSG00000113319	
LRRK2	1	ENSG00000188906	
RASGRF1	1	ENSG00000058335	
LRRK1	1	ENSG00000154237	
HUS1B	1	ENSG00000188996	
ARRB1	1	ENSG00000137486	
ARRB2	1	ENSG00000141480	
NCK2	1	ENSG00000071051	
HMG20B	1	ENSG00000064961	
HMG20A	1	ENSG00000140382	
CCIN	1	ENSG00000185972	
C9orf64	1	ENSG00000165118	
NCK1	1	ENSG00000158092	
HSP90AA1	1	ENSG00000080824	
NDUFC2	1	ENSG00000151366	
NDUFC1	1	ENSG00000109390	
CCDC90B-AS1	1	ENSG00000255234	
PARD3B	1	ENSG00000116117	
REL-DT	1	ENSG00000228414	
BIRC5	1	ENSG00000089685	
C9orf78	1	ENSG00000136819	
TM4SF1-AS1	1	ENSG00000240541	
BIRC6	1	ENSG00000115760	
BIRC7	1	ENSG00000101197	
BIRC2	1	ENSG00000110330	
R3HCC1L	1	ENSG00000166024	
BIRC3	1	ENSG00000023445	
C9orf72	1	ENSG00000147894	
NDUFB9	1	ENSG00000147684	
NDUFB8	1	ENSG00000166136	
NDUFB7	1	ENSG00000099795	
NDUFB6	1	ENSG00000165264	
NDUFB5	1	ENSG00000136521	
NDUFB4	1	ENSG00000065518	
KHDC1L	1	ENSG00000256980	
NDUFB3	1	ENSG00000119013	
NDUFB2	1	ENSG00000090266	
CXXC1	1	ENSG00000154832	
PARD6G	1	ENSG00000178184	
NDUFB1	1	ENSG00000183648	
CXXC5	1	ENSG00000171604	
CXXC4	1	ENSG00000168772	
PARD6B	1	ENSG00000124171	
PARD6A	1	ENSG00000102981	
CCL8	1	ENSG00000108700	
NCLN	1	ENSG00000125912	
CCL7	1	ENSG00000108688	
CCL5	1	ENSG00000271503	
CCL4	1	ENSG00000275302	
CCL3	1	ENSG00000277632	
CCL2	1	ENSG00000108691	
IARS2	1	ENSG00000067704	
CCL1	1	ENSG00000108702	
C9orf43	1	ENSG00000157653	
IARS1	1	ENSG00000196305	
C9orf40	1	ENSG00000135045	
PIRT	1	ENSG00000233670	
NDUFA9	1	ENSG00000139180	
NDUFA8	1	ENSG00000119421	
NDUFA7	1	ENSG00000267855	
NDUFA6	1	ENSG00000184983	
NDUFA5	1	ENSG00000128609	
NDUFA4	1	ENSG00000189043	
NDUFA3	1	ENSG00000170906	
NDUFA2	1	ENSG00000131495	
NDUFA1	1	ENSG00000125356	
MTRFR	1	ENSG00000130921	
C9orf57	1	ENSG00000204669	
CCM2	1	ENSG00000136280	
PRC1-AS1	1	ENSG00000258725	
C9orf50	1	ENSG00000179058	
CCNK	1	ENSG00000090061	
CCNJ	1	ENSG00000107443	
CCNI	1	ENSG00000118816	
KHDC3L	1	ENSG00000203908	
CCNH	1	ENSG00000134480	
CCNF	1	ENSG00000162063	
CCNC	1	ENSG00000112237	
CCN6	1	ENSG00000112761	
CCN5	1	ENSG00000064205	
FAM53C	1	ENSG00000120709	
C9orf24	1	ENSG00000164972	
CCN4	1	ENSG00000104415	
FAM53B	1	ENSG00000189319	
CCN3	1	ENSG00000136999	
FAM53A	1	ENSG00000174137	
CCN2	1	ENSG00000118523	
CCN1	1	ENSG00000142871	
PISD	1	ENSG00000241878	
CCNY	1	ENSG00000108100	
LACTB2	1	ENSG00000147592	
ARRDC3-AS1	1	ENSG00000281357	
CCNQ	1	ENSG00000262919	
CCNP	1	ENSG00000105219	
CCNO	1	ENSG00000152669	
DEFB103A	1	ENSG00000176797	
ILRUN	1	ENSG00000196821	
DEFB103B	1	ENSG00000177243	
CD1E	1	ENSG00000158488	
CD1D	1	ENSG00000158473	
CD1C	1	ENSG00000158481	
CD1B	1	ENSG00000158485	
CD1A	1	ENSG00000158477	
CZIB-DT	1	ENSG00000259818	
CD19	1	ENSG00000177455	
SLAMF9	1	ENSG00000162723	
SLAMF8	1	ENSG00000158714	
ATG10-IT1	1	ENSG00000236447	
SLAMF7	1	ENSG00000026751	
SURF6	1	ENSG00000148296	
SLAMF6	1	ENSG00000162739	
CD14	1	ENSG00000170458	
SLAMF1	1	ENSG00000117090	
CCR1	1	ENSG00000163823	
DEFB104B	1	ENSG00000177023	
CBR4-DT	1	ENSG00000251445	
SURF1	1	ENSG00000148290	
DEFB104A	1	ENSG00000176782	
IQSEC2	1	ENSG00000124313	
LRRN3	1	ENSG00000173114	
IQSEC1	1	ENSG00000144711	
SURF2	1	ENSG00000148291	
LRRN2	1	ENSG00000170382	
ADHFE1	1	ENSG00000147576	
IQSEC3	1	ENSG00000120645	
LRRN4	1	ENSG00000125872	
SURF4	1	ENSG00000148248	
ACER2	1	ENSG00000177076	
ACER1	1	ENSG00000167769	
ACER3	1	ENSG00000078124	
CD28	1	ENSG00000178562	
CD27	1	ENSG00000139193	
LRRN1	1	ENSG00000175928	
CD24	1	ENSG00000272398	
CD22	1	ENSG00000012124	
CD40	1	ENSG00000101017	
DEFB105A	1	ENSG00000186562	
DEFB105B	1	ENSG00000186599	
SCYGR3	1	ENSG00000284704	
SCYGR2	1	ENSG00000284643	
SCYGR1	1	ENSG00000284629	
CD3G	1	ENSG00000160654	
CLEC9A	1	ENSG00000197992	
CD3E	1	ENSG00000198851	
CD3D	1	ENSG00000167286	
GRID1-AS1	1	ENSG00000234942	
SPTLC1	1	ENSG00000090054	
SPTLC2	1	ENSG00000100596	
SPTLC3	1	ENSG00000172296	
RSRC1	1	ENSG00000174891	
NCS1	1	ENSG00000107130	
CCR9	1	ENSG00000173585	
CD38	1	ENSG00000004468	
CCR8	1	ENSG00000179934	
CD37	1	ENSG00000104894	
CCR7	1	ENSG00000126353	
CCR6	1	ENSG00000112486	
CD36	1	ENSG00000135218	
CCR5	1	ENSG00000160791	
CD34	1	ENSG00000174059	
CCR4	1	ENSG00000183813	
CD33	1	ENSG00000105383	
RBBP8NL	1	ENSG00000130701	
CCR3	1	ENSG00000183625	
CCR2	1	ENSG00000121807	
CD53	1	ENSG00000143119	
CCT3	1	ENSG00000163468	
CCT2	1	ENSG00000166226	
CD52	1	ENSG00000169442	
DEFB106B	1	ENSG00000187082	
DEFB106A	1	ENSG00000186579	
PDRG1	1	ENSG00000088356	
NCR1	1	ENSG00000189430	
NCR2	1	ENSG00000096264	
NCR3	1	ENSG00000204475	
TRPS1-AS1	1	ENSG00000227170	
CD48	1	ENSG00000117091	
CD47	1	ENSG00000196776	
CD46	1	ENSG00000117335	
CD44	1	ENSG00000026508	
CD63	1	ENSG00000135404	
CD5L	1	ENSG00000073754	
MIS12	1	ENSG00000167842	
DEFB107A	1	ENSG00000186572	
DEFB107B	1	ENSG00000198129	
GPC1	1	ENSG00000063660	
CREG1	1	ENSG00000143162	
CREG2	1	ENSG00000175874	
GPC3	1	ENSG00000147257	
GPC2	1	ENSG00000213420	
CD59	1	ENSG00000085063	
GPC5	1	ENSG00000179399	
GPC4	1	ENSG00000076716	
CD58	1	ENSG00000116815	
CCT8	1	ENSG00000156261	
CCT7	1	ENSG00000135624	
GPC6	1	ENSG00000183098	
CCT5	1	ENSG00000150753	
CD55	1	ENSG00000196352	
CCT4	1	ENSG00000115484	
CD74	1	ENSG00000019582	
CD72	1	ENSG00000137101	
CD70	1	ENSG00000125726	
HLA-DQB1-AS1	1	ENSG00000223534	
DKKL1	1	ENSG00000104901	
RPA1	1	ENSG00000132383	
RPA2	1	ENSG00000117748	
RSRC2	1	ENSG00000111011	
DEFB108B	1	ENSG00000184276	
MAP4K1-AS1	1	ENSG00000267291	
BAALC-AS1	1	ENSG00000247081	
GPAM	1	ENSG00000119927	
RPA3	1	ENSG00000106399	
RPA4	1	ENSG00000204086	
BAALC-AS2	1	ENSG00000236939	
CD69	1	ENSG00000110848	
CD68	1	ENSG00000129226	
CD86	1	ENSG00000114013	
CD84	1	ENSG00000066294	
CD83	1	ENSG00000112149	
CD82	1	ENSG00000085117	
CD81	1	ENSG00000110651	
CD80	1	ENSG00000121594	
GSN-AS1	1	ENSG00000235865	
PPFIA1	1	ENSG00000131626	
EP300	1	ENSG00000100393	
CYP4F26P	1	ENSG00000226562	
PPFIA4	1	ENSG00000143847	
PPFIA3	1	ENSG00000177380	
PPFIA2	1	ENSG00000139220	
CD96	1	ENSG00000153283	
CD93	1	ENSG00000125810	
RUNDC3B	1	ENSG00000105784	
ENSG00000229588	1	ENSG00000229588	
RUNDC3A	1	ENSG00000108309	
CD8B	1	ENSG00000172116	
CD8A	1	ENSG00000153563	
GPD2	1	ENSG00000115159	
ZSWIM8-AS1	1	ENSG00000272589	
GPD1	1	ENSG00000167588	
SH3PXD2A-AS1	1	ENSG00000280693	
TOR1AIP2	1	ENSG00000169905	
PDS5B	1	ENSG00000083642	
RASGRP2	1	ENSG00000068831	
PDS5A	1	ENSG00000121892	
DDX60	1	ENSG00000137628	
RPF2	1	ENSG00000197498	
RASGRP1	1	ENSG00000172575	
TOR1AIP1	1	ENSG00000143337	
RASGRP4	1	ENSG00000171777	
RPF1	1	ENSG00000117133	
RASGRP3	1	ENSG00000152689	
IGLV6-57	1	ENSG00000211640	
PACSIN2	1	ENSG00000100266	
PACSIN3	1	ENSG00000165912	
NDUFV3	1	ENSG00000160194	
LELP1	1	ENSG00000203784	
NDUFV2	1	ENSG00000178127	
NDUFV1	1	ENSG00000167792	
CD99	1	ENSG00000002586	
PACSIN1	1	ENSG00000124507	
IVNS1ABP	1	ENSG00000116679	
CCZ1	1	ENSG00000122674	
ISG15	1	ENSG00000187608	
ISG20	1	ENSG00000172183	
TARM1	1	ENSG00000248385	
RSRP1	1	ENSG00000117616	
SERGEF	1	ENSG00000129158	
DDX3Y	1	ENSG00000067048	
DDX49	1	ENSG00000105671	
DDX3X	1	ENSG00000215301	
DDX46	1	ENSG00000145833	
DDX47	1	ENSG00000213782	
DDX42	1	ENSG00000198231	
DDX43	1	ENSG00000080007	
ACSM2A	1	ENSG00000183747	
ARHGEF10L	1	ENSG00000074964	
DDX41	1	ENSG00000183258	
ACSM2B	1	ENSG00000066813	
GPHN	1	ENSG00000171723	
RPGR	1	ENSG00000156313	
DENND6A-DT	1	ENSG00000241933	
A4GALT	1	ENSG00000128274	
DDX59	1	ENSG00000118197	
MAGEA4-AS1	1	ENSG00000229967	
DDX55	1	ENSG00000111364	
DDX56	1	ENSG00000136271	
DDX53	1	ENSG00000184735	
DDX54	1	ENSG00000123064	
DDX51	1	ENSG00000185163	
DDX52	1	ENSG00000278053	
LMX1A-AS2	1	ENSG00000224702	
DDX50	1	ENSG00000107625	
PJA2	1	ENSG00000198961	
PJA1	1	ENSG00000181191	
LMX1A-AS1	1	ENSG00000238022	
CREB3	1	ENSG00000107175	
STEAP1B-AS1	1	ENSG00000232759	
NDUFS8	1	ENSG00000110717	
CREB1	1	ENSG00000118260	
NDUFS7	1	ENSG00000115286	
NDUFS6	1	ENSG00000145494	
NDUFS5	1	ENSG00000168653	
NDUFS4	1	ENSG00000164258	
NDUFS3	1	ENSG00000213619	
NDUFS2	1	ENSG00000158864	
NDUFS1	1	ENSG00000023228	
SAXO1	1	ENSG00000155875	
SAXO2	1	ENSG00000188659	
CREB5	1	ENSG00000146592	
DDX28	1	ENSG00000182810	
NIM1K	1	ENSG00000177453	
DDX27	1	ENSG00000124228	
DDX24	1	ENSG00000089737	
DDX25	1	ENSG00000109832	
DDX23	1	ENSG00000174243	
DDX20	1	ENSG00000064703	
DDX21	1	ENSG00000165732	
MAN2A1-DT	1	ENSG00000271849	
ENSG00000254514	1	ENSG00000254514	
ENSG00000254519	1	ENSG00000254519	
TARID	1	ENSG00000227954	
DDX31	1	ENSG00000125485	
MYO16-AS1	1	ENSG00000236242	
MYO16-AS2	1	ENSG00000229938	
RPIA	1	ENSG00000153574	
KATNBL1	1	ENSG00000134152	
SHLD3	1	ENSG00000253251	
SHLD2	1	ENSG00000122376	
SHLD1	1	ENSG00000171984	
FAM50B	1	ENSG00000145945	
FAM50A	1	ENSG00000071859	
RPL4	1	ENSG00000174444	
ZNF177	1	ENSG00000188629	
RPL5	1	ENSG00000122406	
ZNF175	1	ENSG00000105497	
RPL3	1	ENSG00000100316	
ZNF174	1	ENSG00000103343	
H3-3A-DT	1	ENSG00000272562	
RPL8	1	ENSG00000161016	
PAPPA-AS1	1	ENSG00000256040	
RPL9	1	ENSG00000163682	
PAPPA-AS2	1	ENSG00000226604	
RPL6	1	ENSG00000089009	
RPL7	1	ENSG00000147604	
LCE1A	1	ENSG00000186844	
LCE1B	1	ENSG00000196734	
USP17L7	1	ENSG00000226430	
USP17L4	1	ENSG00000236125	
USP17L5	1	ENSG00000227140	
ENSG00000230725	1	ENSG00000230725	
USP17L8	1	ENSG00000237038	
ZNF169	1	ENSG00000175787	
UBE2R2-AS1	1	ENSG00000235481	
ZNF165	1	ENSG00000197279	
ZNF160	1	ENSG00000170949	
SPATA8-AS1	1	ENSG00000259282	
FAM169A-AS1	1	ENSG00000271714	
BISPR	1	ENSG00000282851	
LCE1E	1	ENSG00000186226	
LCE1F	1	ENSG00000240386	
LCE1C	1	ENSG00000197084	
LCE1D	1	ENSG00000172155	
LCE2B	1	ENSG00000159455	
LCE2C	1	ENSG00000187180	
LCE2A	1	ENSG00000187173	
SPIN2B	1	ENSG00000186787	
SPIN2A	1	ENSG00000147059	
ZNF157	1	ENSG00000147117	
ZNF155	1	ENSG00000204920	
ZNF154	1	ENSG00000179909	
KANSL1L-AS1	1	ENSG00000229127	
RPN2	1	ENSG00000118705	
RPN1	1	ENSG00000163902	
PTPMT1	1	ENSG00000110536	
NQO1-DT	1	ENSG00000262136	
SLC19A3	1	ENSG00000135917	
ZNF148	1	ENSG00000163848	
ZNF146	1	ENSG00000167635	
SLC19A1	1	ENSG00000173638	
SLC19A2	1	ENSG00000117479	
RBMY1A1	1	ENSG00000234414	
ZNF143	1	ENSG00000166478	
ZNF142	1	ENSG00000115568	
ZNF141	1	ENSG00000131127	
ZNF140	1	ENSG00000196387	
CDC7	1	ENSG00000097046	
CDC6	1	ENSG00000094804	
GPN2	1	ENSG00000142751	
ENSG00000227101	1	ENSG00000227101	
GPN1	1	ENSG00000198522	
GPN3	1	ENSG00000111231	
TADA2B	1	ENSG00000173011	
TADA2A	1	ENSG00000276234	
MESTIT1	1	ENSG00000272701	
ZNF138	1	ENSG00000197008	
ZNF136	1	ENSG00000196646	
ZNF135	1	ENSG00000176293	
ZNF134	1	ENSG00000213762	
ZNF133	1	ENSG00000125846	
ZNF132	1	ENSG00000131849	
BRME1	1	ENSG00000132016	
ZNF131	1	ENSG00000172262	
EP300-AS1	1	ENSG00000231993	
CLINT1	1	ENSG00000113282	
LCE5A	1	ENSG00000186207	
RSPO2	1	ENSG00000147655	
RSPO3	1	ENSG00000146374	
RSPO1	1	ENSG00000169218	
HAVCR1	1	ENSG00000113249	
RSPO4	1	ENSG00000101282	
ZNF124	1	ENSG00000196418	
HAVCR2	1	ENSG00000135077	
NDC1	1	ENSG00000058804	
TAPT1-AS1	1	ENSG00000263327	
ZNF121	1	ENSG00000197961	
TIMM29	1	ENSG00000142444	
TIMM23	1	ENSG00000265354	
TIMM22	1	ENSG00000177370	
TIMM21	1	ENSG00000075336	
CD200R1	1	ENSG00000163606	
LCE6A	1	ENSG00000235942	
ZNF117	1	ENSG00000152926	
SIMALR	1	ENSG00000226004	
RARA-AS1	1	ENSG00000265666	
ZNF114	1	ENSG00000178150	
ZNF112	1	ENSG00000062370	
GPS1	1	ENSG00000169727	
TIMM13	1	ENSG00000099800	
GPS2	1	ENSG00000132522	
TIMM10	1	ENSG00000134809	
LCE2D	1	ENSG00000187223	
ATP6AP1L	1	ENSG00000205464	
LCE3C	1	ENSG00000244057	
LCE3D	1	ENSG00000163202	
LCE3A	1	ENSG00000185962	
ENSG00000230704	1	ENSG00000230704	
TMEM212-IT1	1	ENSG00000235943	
LCE3B	1	ENSG00000187238	
RPS3	1	ENSG00000149273	
ZNF107	1	ENSG00000196247	
ZNF106	1	ENSG00000103994	
ALKAL2	1	ENSG00000189292	
RPS2	1	ENSG00000140988	
ALKAL1	1	ENSG00000196711	
RPRM	1	ENSG00000177519	
ZNF101	1	ENSG00000181896	
ZNF100	1	ENSG00000197020	
NDE1	1	ENSG00000072864	
ENSG00000230709	1	ENSG00000230709	
GPR4	1	ENSG00000177464	
SQLE-DT	1	ENSG00000253513	
TYW1B	1	ENSG00000277149	
GPR3	1	ENSG00000181773	
GPR6	1	ENSG00000146360	
USP17L2	1	ENSG00000223443	
ENSG00000229720	1	ENSG00000229720	
USP17L3	1	ENSG00000225327	
LCE3E	1	ENSG00000185966	
USP17L1	1	ENSG00000230549	
LCE4A	1	ENSG00000187170	
ENSG00000229727	1	ENSG00000229727	
VEPH1	1	ENSG00000197415	
CLEC4M	1	ENSG00000104938	
CTNND2	1	ENSG00000169862	
CTNND1	1	ENSG00000198561	
CDH9	1	ENSG00000113100	
CDH8	1	ENSG00000150394	
CDH7	1	ENSG00000081138	
CDH6	1	ENSG00000113361	
CDH5	1	ENSG00000179776	
CDH4	1	ENSG00000179242	
CDH3	1	ENSG00000062038	
APMAP	1	ENSG00000101474	
CDH2	1	ENSG00000170558	
MFSD4B-DT	1	ENSG00000231046	
CDH1	1	ENSG00000039068	
CLEC5A	1	ENSG00000258227	
RPTN	1	ENSG00000215853	
RPS9	1	ENSG00000170889	
RPS7	1	ENSG00000171863	
RPS8	1	ENSG00000142937	
RPS5	1	ENSG00000083845	
GPT2	1	ENSG00000166123	
RPS6	1	ENSG00000137154	
RPSA	1	ENSG00000168028	
FREM2-AS1	1	ENSG00000225350	
CLEC4A	1	ENSG00000111729	
CLEC4C	1	ENSG00000198178	
CLEC4D	1	ENSG00000166527	
CLEC4E	1	ENSG00000166523	
CLEC4F	1	ENSG00000152672	
CLEC4G	1	ENSG00000182566	
TMPO-AS1	1	ENSG00000257167	
LSMEM2	1	ENSG00000179564	
LSMEM1	1	ENSG00000181016	
HOTAIRM1	1	ENSG00000233429	
JMJD1C-AS1	1	ENSG00000272767	
CLEC7A	1	ENSG00000172243	
MUSTN1	1	ENSG00000272573	
LCE7A	1	ENSG00000285946	
ENSG00000288082	1	ENSG00000288082	
ENSG00000288080	1	ENSG00000288080	
MPDU1	1	ENSG00000129255	
CAPS2-AS1	1	ENSG00000254451	
CDK9	1	ENSG00000136807	
CDK8	1	ENSG00000132964	
CDK7	1	ENSG00000134058	
BTG2-DT	1	ENSG00000233791	
CDK6	1	ENSG00000105810	
CDK5	1	ENSG00000164885	
CDK4	1	ENSG00000135446	
CLEC6A	1	ENSG00000205846	
CDK3	1	ENSG00000250506	
CDK2	1	ENSG00000123374	
CDK1	1	ENSG00000170312	
SCYGR7	1	ENSG00000284718	
SCYGR6	1	ENSG00000284725	
SCYGR5	1	ENSG00000284667	
SCYGR4	1	ENSG00000284631	
ENSG00000288094	1	ENSG00000288094	
USP7-AS1	1	ENSG00000260979	
WRAP53	1	ENSG00000141499	
SCYGR8	1	ENSG00000284635	
PTPN20	1	ENSG00000204179	
PTPN21	1	ENSG00000070778	
PTPN22	1	ENSG00000134242	
PTPN23	1	ENSG00000076201	
CLEC1A	1	ENSG00000150048	
ENSG00000288063	1	ENSG00000288063	
ENSG00000288062	1	ENSG00000288062	
CLEC1B	1	ENSG00000165682	
TAPT1	1	ENSG00000169762	
GPX2	1	ENSG00000176153	
GPX4	1	ENSG00000167468	
GPX3	1	ENSG00000211445	
ENSG00000288078	1	ENSG00000288078	
GPX6	1	ENSG00000198704	
GPX5	1	ENSG00000224586	
LIX1L	1	ENSG00000271601	
GPX8	1	ENSG00000164294	
GPX7	1	ENSG00000116157	
YDJC	1	ENSG00000161179	
WRAP73	1	ENSG00000116213	
DIRC3-AS1	2	ENSG00000286601:ENSG00000233143	
ENSG00000288049	1	ENSG00000288049	
CLEC2L	1	ENSG00000236279	
CDNF	1	ENSG00000185267	
LARGE1-AS1	1	ENSG00000273082	
NDNF	1	ENSG00000173376	
CLEC3A	1	ENSG00000166509	
CLEC3B	1	ENSG00000163815	
HIRIP3	1	ENSG00000149929	
PTPN18	1	ENSG00000072135	
AHNAK2	1	ENSG00000185567	
PTPN11	1	ENSG00000179295	
PTPN12	1	ENSG00000127947	
PTPN13	1	ENSG00000163629	
PTPN14	1	ENSG00000152104	
CLEC2A	1	ENSG00000188393	
CLEC2B	1	ENSG00000110852	
ENSG00000276076	1	ENSG00000276076	
ENSG00000276077	1	ENSG00000276077	
FOLR3	1	ENSG00000110203	
CDO1	1	ENSG00000129596	
FOLR2	1	ENSG00000165457	
CLEC2D	1	ENSG00000069493	
FOLR1	1	ENSG00000110195	
PJVK	1	ENSG00000204311	
CYP4Z1	1	ENSG00000186160	
TMCO1-AS1	1	ENSG00000224358	
KIFAP3	1	ENSG00000075945	
CDON	1	ENSG00000064309	
ENSG00000288034	1	ENSG00000288034	
MRPS18B	1	ENSG00000204568	
MRPS18A	1	ENSG00000096080	
PRKD3-DT	1	ENSG00000232028	
MRPS18C	1	ENSG00000163319	
IGHD4-11	1	ENSG00000232543	
SAT1-DT	1	ENSG00000233785	
CEP57L1	1	ENSG00000183137	
CRYZL1	1	ENSG00000205758	
IGHD4-17	1	ENSG00000227800	
SOCS3-DT	1	ENSG00000266970	
AURKAIP1	1	ENSG00000175756	
CDS1	1	ENSG00000163624	
SAPCD1-AS1	1	ENSG00000235663	
TWF2	1	ENSG00000247596	
TWF1	1	ENSG00000151239	
HM13-AS1	1	ENSG00000230613	
OLMALINC	1	ENSG00000235823	
CYP4X1	1	ENSG00000186377	
DPEP2NB	1	ENSG00000263201	
CMYA5	1	ENSG00000164309	
PPM1K-DT	1	ENSG00000246375	
CDR2	1	ENSG00000140743	
ENSG00000288017	1	ENSG00000288017	
CDT1	1	ENSG00000167513	
CDSN	1	ENSG00000204539	
GADD45B	1	ENSG00000099860	
FAM66A	1	ENSG00000227888	
GADD45A	1	ENSG00000116717	
ENSG00000288011	1	ENSG00000288011	
LRP2BP	1	ENSG00000109771	
GADD45G	1	ENSG00000130222	
ENSG00000288018	1	ENSG00000288018	
FAM66E	1	ENSG00000225725	
FAM66D	1	ENSG00000255052	
FAM66C	1	ENSG00000226711	
FAM66B	1	ENSG00000215374	
CDS2	1	ENSG00000101290	
H2AX	1	ENSG00000188486	
HNRNPCL1	1	ENSG00000179172	
HNRNPCL2	1	ENSG00000275774	
HNRNPCL3	1	ENSG00000277058	
HNRNPCL4	1	ENSG00000179412	
BGLT3	1	ENSG00000260629	
BICDL1	1	ENSG00000135127	
BICDL2	1	ENSG00000162069	
VLDLR	1	ENSG00000147852	
RNF207-AS1	1	ENSG00000226944	
PP2D1	1	ENSG00000183977	
H3-3A	1	ENSG00000163041	
H3-3B	1	ENSG00000132475	
CDV3	1	ENSG00000091527	
H2AJ	1	ENSG00000246705	
FBXW7-AS1	1	ENSG00000270751	
H2AP	1	ENSG00000187516	
ZSCAN5A-AS1	1	ENSG00000267549	
MGAT3-AS1	1	ENSG00000227188	
PTCHD1	1	ENSG00000165186	
CTNNA1	1	ENSG00000044115	
EBLN2	1	ENSG00000255423	
EBLN1	1	ENSG00000223601	
CILP2	1	ENSG00000160161	
CTNNA3	1	ENSG00000183230	
CTNNA2	1	ENSG00000066032	
PTCHD4	1	ENSG00000244694	
GDF10	1	ENSG00000266524	
GDF11	1	ENSG00000135414	
CDX4	1	ENSG00000131264	
DMRT1	1	ENSG00000137090	
CDX2	1	ENSG00000165556	
CDX1	1	ENSG00000113722	
GDF15	1	ENSG00000130513	
DMRT2	1	ENSG00000173253	
DMRT3	1	ENSG00000064218	
POU6F2-AS2	1	ENSG00000233854	
POU6F2-AS1	1	ENSG00000224122	
CTNNB1	1	ENSG00000168036	
SERHL2	1	ENSG00000183569	
TTC21B-AS1	1	ENSG00000224490	
LRRTM4-AS1	1	ENSG00000234653	
CDY1	1	ENSG00000172288	
ENSG00000229699	1	ENSG00000229699	
ILVBL-AS1	1	ENSG00000268564	
SLX1B	1	ENSG00000181625	
APLP2	1	ENSG00000084234	
APLP1	1	ENSG00000105290	
PPP4R3C	1	ENSG00000224960	
PPP4R3A	1	ENSG00000100796	
SMIM2-AS1	1	ENSG00000227258	
CDYL	1	ENSG00000153046	
PPP4R3B	1	ENSG00000275052	
MPEG1	1	ENSG00000197629	
PHOSPHO1	1	ENSG00000173868	
FOLH1	1	ENSG00000086205	
PHOSPHO2	1	ENSG00000144362	
APLNR	1	ENSG00000134817	
SLX1A	1	ENSG00000132207	
ENSG00000230690	1	ENSG00000230690	
ZFP36L2	1	ENSG00000152518	
ZFP36L1	1	ENSG00000185650	
MYCNOS	1	ENSG00000233718	
EP400	1	ENSG00000183495	
ENSG00000215022	1	ENSG00000215022	
KCNJ5-AS1	1	ENSG00000174370	
PRANCR	1	ENSG00000257815	
B4GALT2	1	ENSG00000117411	
B4GALT3	1	ENSG00000158850	
B4GALT1	1	ENSG00000086062	
TUBA1B-AS1	1	ENSG00000258017	
PKD2	1	ENSG00000118762	
PKD1	1	ENSG00000008710	
CKS1B	1	ENSG00000173207	
ENSG00000230649	1	ENSG00000230649	
PLSCR5-AS1	1	ENSG00000241457	
CYP4V2	1	ENSG00000145476	
MYCNUT	1	ENSG00000223850	
KLF10	1	ENSG00000155090	
KLF11	1	ENSG00000172059	
KLF12	1	ENSG00000118922	
KLF13	1	ENSG00000169926	
TWNK	1	ENSG00000107815	
KLF18	1	ENSG00000283039	
KLF14	1	ENSG00000266265	
KLF15	1	ENSG00000163884	
KLF16	1	ENSG00000129911	
KLF17	1	ENSG00000171872	
ENSG00000254607	1	ENSG00000254607	
B4GALT6	1	ENSG00000118276	
B4GALT7	1	ENSG00000027847	
CILK1	1	ENSG00000112144	
B4GALT4	1	ENSG00000121578	
ZNF30-AS1	1	ENSG00000270876	
B4GALT5	1	ENSG00000158470	
ZNF197	1	ENSG00000186448	
ZNF195	1	ENSG00000005801	
TM2D2	1	ENSG00000169490	
TM2D1	1	ENSG00000162604	
TM2D3	1	ENSG00000184277	
IWS1	1	ENSG00000163166	
RMND5B	1	ENSG00000145916	
RMND5A	1	ENSG00000153561	
LARS2-AS1	1	ENSG00000232455	
ZFPM1-AS1	1	ENSG00000261744	
LEKR1	1	ENSG00000197980	
ZNF189	1	ENSG00000136870	
ZNF185	1	ENSG00000147394	
ZNF184	1	ENSG00000096654	
ZNF182	1	ENSG00000147118	
ZNF181	1	ENSG00000197841	
ZNF180	1	ENSG00000167384	
THSD4-AS1	1	ENSG00000259964	
H3-5	1	ENSG00000188375	
H3-4	1	ENSG00000168148	
PIK3IP1	1	ENSG00000100100	
H3-7	1	ENSG00000273213	
CRHBP	1	ENSG00000145708	
TTTY17C	1	ENSG00000223641	
LURAP1L	1	ENSG00000153714	
ENSG00000228528	1	ENSG00000228528	
MITA1	1	ENSG00000285744	
TTTY17B	1	ENSG00000227439	
TTTY17A	1	ENSG00000228240	
GSTK1	1	ENSG00000197448	
INSYN1	1	ENSG00000205363	
ORAI3	1	ENSG00000175938	
AGTR1	1	ENSG00000144891	
ORAI2	1	ENSG00000160991	
ORAI1	1	ENSG00000276045	
AGTR2	1	ENSG00000180772	
HOATZ	1	ENSG00000183644	
SHMT2	1	ENSG00000182199	
SHMT1	1	ENSG00000176974	
B3GLCT	1	ENSG00000187676	
ENSG00000228543	1	ENSG00000228543	
PLBD1-AS1	1	ENSG00000256751	
RDH12	1	ENSG00000139988	
RDH11	1	ENSG00000072042	
RDH10	1	ENSG00000121039	
RDH16	1	ENSG00000139547	
RDH14	1	ENSG00000240857	
RDH13	1	ENSG00000160439	
GSTM4	1	ENSG00000168765	
GSTM3	1	ENSG00000134202	
GSTM2	1	ENSG00000213366	
GSTM1	1	ENSG00000134184	
NEBL	1	ENSG00000078114	
TMEM254-AS1	1	ENSG00000230091	
PKIB	1	ENSG00000135549	
PKIA	1	ENSG00000171033	
L1TD1	1	ENSG00000240563	
PKIG	1	ENSG00000168734	
ARHGAP22-IT1	1	ENSG00000248682	
GSTM5	1	ENSG00000134201	
GTF2H2C	1	ENSG00000183474	
KCNC1	1	ENSG00000129159	
KCNC2	1	ENSG00000166006	
ENSG00000179066	1	ENSG00000179066	
KCNC3	1	ENSG00000131398	
KCNC4	1	ENSG00000116396	
NPAP1	1	ENSG00000185823	
GLT1D1	1	ENSG00000151948	
AJUBA-DT	1	ENSG00000258457	
ZNF32-AS2	1	ENSG00000230565	
ZNF32-AS3	1	ENSG00000223910	
NEFL	1	ENSG00000277586	
NEFM	1	ENSG00000104722	
FOXO6-AS1	1	ENSG00000229901	
NEFH	1	ENSG00000100285	
ZNF32-AS1	1	ENSG00000226245	
KCND1	1	ENSG00000102057	
GSTO2	1	ENSG00000065621	
KCND2	1	ENSG00000184408	
GSTO1	1	ENSG00000148834	
KCND3	1	ENSG00000171385	
EIF1B-AS1	1	ENSG00000280739	
PKN3	1	ENSG00000160447	
GSTP1	1	ENSG00000084207	
KCNA1	1	ENSG00000111262	
SYNPO2	1	ENSG00000172403	
PTAFR	1	ENSG00000169403	
KCNA2	1	ENSG00000177301	
ADAM22	1	ENSG00000008277	
KCNA3	1	ENSG00000177272	
ADAM21	1	ENSG00000139985	
KCNA4	1	ENSG00000182255	
KCNA5	1	ENSG00000130037	
ADAM20	1	ENSG00000134007	
KCNA6	1	ENSG00000151079	
KCNA7	1	ENSG00000104848	
SDAD1	1	ENSG00000198301	
ADAM29	1	ENSG00000168594	
ADAM28	1	ENSG00000042980	
ETNK1-DT	1	ENSG00000257023	
ADAM23	1	ENSG00000114948	
HIVEP2-DT	1	ENSG00000232618	
KLRK1-AS1	1	ENSG00000245648	
PKLR	1	ENSG00000143627	
KCNB1	1	ENSG00000158445	
KCNB2	1	ENSG00000182674	
ADAM33	1	ENSG00000149451	
KIAA2012	1	ENSG00000182329	
ADAM32	1	ENSG00000197140	
KIAA2013	1	ENSG00000116685	
ADAM30	1	ENSG00000134249	
HHLA3-AS1	1	ENSG00000226088	
PKN2	1	ENSG00000065243	
MITD1	1	ENSG00000158411	
PKN1	1	ENSG00000123143	
KCNG1	1	ENSG00000026559	
KCNG2	1	ENSG00000178342	
KCNG3	1	ENSG00000171126	
KCNG4	1	ENSG00000168418	
RASL11B	1	ENSG00000128045	
RASL11A	1	ENSG00000122035	
GOLIM4	1	ENSG00000173905	
POTEM	1	ENSG00000222036	
POFUT2	1	ENSG00000186866	
PTAR1	1	ENSG00000188647	
POTEH	1	ENSG00000198062	
POFUT1	1	ENSG00000101346	
POTEI	1	ENSG00000196834	
POTEJ	1	ENSG00000222038	
POTED	1	ENSG00000166351	
TNFRSF8	1	ENSG00000120949	
NEK1	1	ENSG00000137601	
POTEE	1	ENSG00000188219	
NEK2	1	ENSG00000117650	
POTEF	1	ENSG00000196604	
NEK3	1	ENSG00000136098	
POTEG	1	ENSG00000187537	
TNFRSF4	1	ENSG00000186827	
IATPR	1	ENSG00000233387	
POTEB	1	ENSG00000233917	
KCNH1	1	ENSG00000143473	
POTEC	1	ENSG00000183206	
KCNH2	1	ENSG00000055118	
PIAS4	1	ENSG00000105229	
PIAS3	1	ENSG00000131788	
KCNH3	1	ENSG00000135519	
KCNH4	1	ENSG00000089558	
DGAT2	1	ENSG00000062282	
KCNH5	1	ENSG00000140015	
KCNH6	1	ENSG00000173826	
DGAT1	1	ENSG00000185000	
KCNH7	1	ENSG00000184611	
KCNH8	1	ENSG00000183960	
NEAT1	1	ENSG00000245532	
PIAS2	1	ENSG00000078043	
PIAS1	1	ENSG00000033800	
LENEP	1	ENSG00000163352	
LOC102723692	1	ENSG00000261448	
LENG1	1	ENSG00000105617	
NPAS4	1	ENSG00000174576	
DMTF1	1	ENSG00000135164	
PKP2	1	ENSG00000057294	
PKP1	1	ENSG00000081277	
PKP4	1	ENSG00000144283	
PKP3	1	ENSG00000184363	
MIR210HG	1	ENSG00000247095	
KCNE1	1	ENSG00000180509	
KCNE2	1	ENSG00000159197	
KCNE3	1	ENSG00000175538	
KCNE4	1	ENSG00000152049	
ZC4H2	1	ENSG00000126970	
KCNE5	1	ENSG00000176076	
GSTT4	1	ENSG00000276950	
PDGFA-DT	1	ENSG00000223855	
NPAS1	1	ENSG00000130751	
CCDC144A	1	ENSG00000170160	
NPAS2	1	ENSG00000170485	
NPAS3	1	ENSG00000151322	
THOC3-AS1	1	ENSG00000250801	
BNAT1	1	ENSG00000273796	
NEK8	1	ENSG00000160602	
NEK9	1	ENSG00000119638	
KCNF1	1	ENSG00000162975	
SDF2L1	1	ENSG00000128228	
RASL10A	1	ENSG00000100276	
NEK4	1	ENSG00000114904	
NEK5	1	ENSG00000197168	
RASL10B	1	ENSG00000270885	
TNFRSF9	1	ENSG00000049249	
NEK6	1	ENSG00000119408	
NEK7	1	ENSG00000151414	
CSNK1G2-AS1	1	ENSG00000180846	
MMEL1-AS1	1	ENSG00000237058	
C6orf15	1	ENSG00000204542	
DRAP1	1	ENSG00000175550	
VNN3P	1	ENSG00000093134	
MNAT1	1	ENSG00000020426	
SLC49A4	1	ENSG00000138463	
SLC49A3	1	ENSG00000169026	
BCAR3	1	ENSG00000137936	
KCNK5	1	ENSG00000164626	
PIWIL2	1	ENSG00000197181	
KCNK6	1	ENSG00000099337	
PIWIL1	1	ENSG00000125207	
PIWIL4	1	ENSG00000134627	
ALAS2	1	ENSG00000158578	
KCNK7	1	ENSG00000173338	
ZNF454-DT	1	ENSG00000272431	
ALAS1	1	ENSG00000023330	
PIWIL3	1	ENSG00000184571	
BCAR4	1	ENSG00000262117	
ONECUT2	1	ENSG00000119547	
KCNK9	1	ENSG00000169427	
ONECUT3	1	ENSG00000205922	
KLF2-DT	1	ENSG00000267275	
ONECUT1	1	ENSG00000169856	
NENF	1	ENSG00000117691	
TNFSF13B	1	ENSG00000102524	
NEO1	1	ENSG00000067141	
BCAS2	1	ENSG00000116752	
BCAS1	1	ENSG00000064787	
BCAS4	1	ENSG00000124243	
BCAS3	1	ENSG00000141376	
PIANP	1	ENSG00000139200	
CCDC183-AS1	1	ENSG00000228544	
HEATR6-DT	1	ENSG00000267416	
NEMF	1	ENSG00000165525	
BCAT1	1	ENSG00000060982	
BCAT2	1	ENSG00000105552	
LRTM2	1	ENSG00000166159	
LRTM1	1	ENSG00000144771	
LENG9	1	ENSG00000275183	
LENG8	1	ENSG00000167615	
CLN8-AS1	1	ENSG00000253982	
U2AF1	1	ENSG00000160201	
KCNH7-AS1	1	ENSG00000237750	
DRAM1	1	ENSG00000136048	
AWAT1	1	ENSG00000204195	
U2AF2	1	ENSG00000063244	
AWAT2	1	ENSG00000147160	
DRAM2	1	ENSG00000156171	
KCNJ1	1	ENSG00000151704	
KCNJ2	1	ENSG00000123700	
KCNJ3	1	ENSG00000162989	
KCNJ4	1	ENSG00000168135	
KCNJ5	1	ENSG00000120457	
KCNJ6	1	ENSG00000157542	
COL26A1	1	ENSG00000160963	
KCNJ8	1	ENSG00000121361	
KCNJ9	1	ENSG00000162728	
GSTZ1	1	ENSG00000100577	
LOC401442	1	ENSG00000282375	
KCNK1	1	ENSG00000135750	
KCNK2	1	ENSG00000082482	
BCAR1	1	ENSG00000050820	
KCNK3	1	ENSG00000171303	
KCNK4	1	ENSG00000182450	
SLC23A3	1	ENSG00000213901	
SLC23A2	1	ENSG00000089057	
CERK	1	ENSG00000100422	
SLC23A1	1	ENSG00000170482	
CCP110	1	ENSG00000103540	
EN2-DT	1	ENSG00000236544	
TUNAR	1	ENSG00000250366	
PM20D1-AS1	1	ENSG00000286619	
ATXN7L1	1	ENSG00000146776	
ATXN7L2	1	ENSG00000162650	
ATXN7L3	1	ENSG00000087152	
CER1	1	ENSG00000147869	
LIMCH1	1	ENSG00000064042	
GOLPH3L	1	ENSG00000143457	
ZNF593OS	1	ENSG00000236782	
DRAIC	1	ENSG00000245750	
CFAP141	1	ENSG00000163263	
CFAP144	1	ENSG00000186973	
SOAT1	1	ENSG00000057252	
SOAT2	1	ENSG00000167780	
KCNQ1	1	ENSG00000053918	
NINJ2	1	ENSG00000171840	
KCNQ2	1	ENSG00000075043	
NINJ1	1	ENSG00000131669	
KCNQ3	1	ENSG00000184156	
KCNQ4	1	ENSG00000117013	
KCNQ5	1	ENSG00000185760	
CES3	1	ENSG00000172828	
CES2	1	ENSG00000172831	
CES1	1	ENSG00000198848	
CETP	1	ENSG00000087237	
GRB7	1	ENSG00000141738	
RRAD	1	ENSG00000166592	
ZBTB1	1	ENSG00000126804	
ZBTB5	1	ENSG00000168795	
ZBTB4	1	ENSG00000174282	
ZBTB3	1	ENSG00000185670	
CFAP126	1	ENSG00000188931	
ZBTB2	1	ENSG00000181472	
NEU2	1	ENSG00000115488	
PKHD1	1	ENSG00000170927	
NEU3	1	ENSG00000162139	
NEU4	1	ENSG00000204099	
MRNIP	1	ENSG00000161010	
RRAS	1	ENSG00000126458	
NEU1	1	ENSG00000204386	
H3C1	1	ENSG00000275714	
KCNN1	1	ENSG00000105642	
KCNN2	1	ENSG00000080709	
H3C3	1	ENSG00000287080	
KCNN3	1	ENSG00000143603	
H3C2	1	ENSG00000286522	
KCNN4	1	ENSG00000104783	
H3C4	1	ENSG00000197409	
H3C7	1	ENSG00000277775	
H3C6	1	ENSG00000274750	
NTNG1	1	ENSG00000162631	
NTNG2	1	ENSG00000196358	
YES1	1	ENSG00000176105	
CFAP119	1	ENSG00000196118	
CPLANE1	1	ENSG00000197603	
CPLANE2	1	ENSG00000132881	
NET1	1	ENSG00000173848	
ZBTB9	1	ENSG00000213588	
MAST3-AS1	1	ENSG00000269145	
ZBTB6	1	ENSG00000186130	
OR4D11	1	ENSG00000176200	
FAM30A	1	ENSG00000226777	
OR4D10	1	ENSG00000254466	
GRB2	1	ENSG00000177885	
GRAP	1	ENSG00000154016	
OSBPL10-AS1	1	ENSG00000232490	
ADM-DT	1	ENSG00000254554	
TFB1M	1	ENSG00000029639	
KCNT1	1	ENSG00000107147	
KCNT2	1	ENSG00000162687	
FCER1A	1	ENSG00000179639	
FOCAD-AS1	1	ENSG00000227071	
EIF5AL1	1	ENSG00000253626	
H3C8	1	ENSG00000273983	
FCER1G	1	ENSG00000158869	
AGTRAP	1	ENSG00000177674	
TFB2M	1	ENSG00000162851	
PHACTR2-AS1	1	ENSG00000235740	
KCNU1	1	ENSG00000215262	
PITPNM1	1	ENSG00000110697	
PITPNM3	1	ENSG00000091622	
PITPNM2	1	ENSG00000090975	
FAM32A	1	ENSG00000105058	
FAM193B	1	ENSG00000146067	
FAM193A	1	ENSG00000125386	
ENSG00000253470	1	ENSG00000253470	
SSNA1	1	ENSG00000176101	
NEXN	1	ENSG00000162614	
ZFX-AS1	1	ENSG00000234230	
KLHL1	1	ENSG00000150361	
KLHL2	1	ENSG00000109466	
KLHL3	1	ENSG00000146021	
KLHL4	1	ENSG00000102271	
KCNRG	1	ENSG00000198553	
CFAP157	1	ENSG00000160401	
KLHL9	1	ENSG00000198642	
ETAA1	1	ENSG00000143971	
TFAP4	1	ENSG00000090447	
KLHL5	1	ENSG00000109790	
KCNS1	1	ENSG00000124134	
KCNS2	1	ENSG00000156486	
KLHL6	1	ENSG00000172578	
KLHL7	1	ENSG00000122550	
KCNS3	1	ENSG00000170745	
KLHL8	1	ENSG00000145332	
CFAP161	1	ENSG00000156206	
ENSG00000228484	1	ENSG00000228484	
IGKV1OR2-6	1	ENSG00000271569	
PTPRD-AS1	1	ENSG00000225706	
PLAT	1	ENSG00000104368	
IGKV1OR2-9	1	ENSG00000271351	
PLB1	1	ENSG00000163803	
TXN2	1	ENSG00000100348	
IGKV1OR2-1	1	ENSG00000235235	
PLAU	1	ENSG00000122861	
IGKV1OR2-3	1	ENSG00000204670	
RXYLT1	1	ENSG00000118600	
CARD10	1	ENSG00000100065	
MAP7-AS1	1	ENSG00000272189	
ADAM11	1	ENSG00000073670	
ADAM10	1	ENSG00000137845	
ENSG00000228496	1	ENSG00000228496	
ADAM19	1	ENSG00000135074	
ADAM18	1	ENSG00000168619	
ADAM17	1	ENSG00000151694	
BRMS1	1	ENSG00000174744	
ADAM15	1	ENSG00000143537	
CARD19	1	ENSG00000165233	
ADAM12	1	ENSG00000148848	
PLAA	1	ENSG00000137055	
CARD18	1	ENSG00000255501	
CARD16	1	ENSG00000204397	
CARD14	1	ENSG00000141527	
CARD11	1	ENSG00000198286	
PLD5	1	ENSG00000180287	
PLD4	1	ENSG00000166428	
PLD6	1	ENSG00000179598	
PLD1	1	ENSG00000075651	
PLD3	1	ENSG00000105223	
PLD2	1	ENSG00000129219	
GRK1	1	ENSG00000185974	
KCNV1	1	ENSG00000164794	
ENSG00000253469	1	ENSG00000253469	
GRK3	1	ENSG00000100077	
KCNV2	1	ENSG00000168263	
GRK2	1	ENSG00000173020	
GRK5	1	ENSG00000198873	
GRK4	1	ENSG00000125388	
ELDR	1	ENSG00000280890	
GRK7	1	ENSG00000114124	
GRK6	1	ENSG00000198055	
SPATA31A1	1	ENSG00000204849	
PIBF1	1	ENSG00000083535	
SPATA31A6	1	ENSG00000185775	
SPATA31A7	1	ENSG00000276040	
SPATA31A5	1	ENSG00000276581	
SPATA31A3	1	ENSG00000275969	
FAM199X	1	ENSG00000123575	
RPS6KA2-AS1	1	ENSG00000231654	
SPINK13	1	ENSG00000214510	
SPINK14	1	ENSG00000196800	
MAPK10-AS1	1	ENSG00000250062	
ENSG00000253452	1	ENSG00000253452	
ZMYND15	1	ENSG00000141497	
ZMYND19	1	ENSG00000165724	
PLEK	1	ENSG00000115956	
CFAP107	1	ENSG00000157330	
GRM1	1	ENSG00000152822	
PITPNC1	1	ENSG00000154217	
GRM3	1	ENSG00000198822	
GRM2	1	ENSG00000164082	
MIR3945HG	1	ENSG00000251230	
GRM5	1	ENSG00000168959	
GRM4	1	ENSG00000124493	
GRM7	1	ENSG00000196277	
ZNF473CR	1	ENSG00000204666	
GRM6	1	ENSG00000113262	
ENSG00000253407	1	ENSG00000253407	
GRM8	1	ENSG00000179603	
MYBL2	1	ENSG00000101057	
MYBL1	1	ENSG00000185697	
ELF1	1	ENSG00000120690	
CFAP100	1	ENSG00000163885	
ELF2	1	ENSG00000109381	
GFOD1	1	ENSG00000145990	
ELF3	1	ENSG00000163435	
ELF4	1	ENSG00000102034	
ELF5	1	ENSG00000135374	
GFOD2	1	ENSG00000141098	
SPATA31D3	1	ENSG00000186788	
SPATA31D4	1	ENSG00000189357	
SPATA31D1	1	ENSG00000214929	
ZMYND10	1	ENSG00000004838	
ZMYND11	1	ENSG00000015171	
ZMYND12	1	ENSG00000066185	
PLEC	1	ENSG00000178209	
RRN3	1	ENSG00000085721	
GLIPR1-AS1	1	ENSG00000257497	
SPATA31E1	1	ENSG00000177992	
LNCHR1	1	ENSG00000257400	
RRM1	1	ENSG00000167325	
RRM2	1	ENSG00000171848	
HS3ST5	1	ENSG00000249853	
HS3ST6	1	ENSG00000162040	
HS3ST4	1	ENSG00000182601	
HS3ST1	1	ENSG00000002587	
CFC1	1	ENSG00000136698	
HS3ST2	1	ENSG00000122254	
VPS29	1	ENSG00000111237	
FRMPD3	1	ENSG00000147234	
FRMPD4	1	ENSG00000169933	
FRMPD1	1	ENSG00000070601	
RRP1	1	ENSG00000160214	
FRMPD2	1	ENSG00000170324	
GRPR	1	ENSG00000126010	
ELK1	1	ENSG00000126767	
RRP8	1	ENSG00000132275	
ELK3	1	ENSG00000111145	
RRP9	1	ENSG00000114767	
ELK4	1	ENSG00000158711	
ALCAM	1	ENSG00000170017	
VPS35	1	ENSG00000069329	
VPS36	1	ENSG00000136100	
VPS39	1	ENSG00000166887	
VPS18	1	ENSG00000104142	
SORL1-AS1	1	ENSG00000246790	
KRTAP4-12	1	ENSG00000213416	
KRTAP4-11	1	ENSG00000212721	
KRTAP4-16	1	ENSG00000241241	
TARS2	1	ENSG00000143374	
DLX6-AS1	1	ENSG00000231764	
TARS3	1	ENSG00000185418	
ASB15-AS1	1	ENSG00000230442	
TARS1	1	ENSG00000113407	
VPS25	1	ENSG00000131475	
VPS28	1	ENSG00000160948	
LIMASI	1	ENSG00000266978	
GFOD1-AS1	1	ENSG00000237786	
METTL25B	1	ENSG00000143303	
SNRPF-DT	1	ENSG00000258343	
IRF2-DT	1	ENSG00000271646	
ST3GAL4	1	ENSG00000110080	
VPS11	1	ENSG00000160695	
RRS1	1	ENSG00000179041	
ST3GAL5	1	ENSG00000115525	
ST3GAL6	1	ENSG00000064225	
HOXA11-AS	1	ENSG00000240990	
TRIM49D2	1	ENSG00000233802	
ST3GAL1	1	ENSG00000008513	
TRIM49D1	1	ENSG00000223417	
ST3GAL2	1	ENSG00000157350	
ST3GAL3	1	ENSG00000126091	
VPS16	1	ENSG00000215305	
PLK4	1	ENSG00000142731	
LRRC37A3	1	ENSG00000176809	
NFE2	1	ENSG00000123405	
ARL14EP	1	ENSG00000152219	
PLK3	1	ENSG00000173846	
LRRC37A2	1	ENSG00000238083	
PLK5	1	ENSG00000185988	
NFE4	1	ENSG00000230257	
APOOL	1	ENSG00000155008	
GTF2IRD2	1	ENSG00000196275	
PLK2	1	ENSG00000145632	
PLK1	1	ENSG00000166851	
FAM170B-AS1	1	ENSG00000234736	
KLF3-AS1	1	ENSG00000231160	
ENSG00000253608	1	ENSG00000253608	
ENSG00000253607	1	ENSG00000253607	
ELL2	1	ENSG00000118985	
TRBV25-1	1	ENSG00000282499	
ELL3	1	ENSG00000128886	
CALHM6-AS1	1	ENSG00000244158	
GTF2IRD1	1	ENSG00000006704	
BPIFC	1	ENSG00000184459	
RSPH10B	1	ENSG00000155026	
RMDN2-AS1	1	ENSG00000235848	
DGUOK-AS1	1	ENSG00000237883	
ELOA	1	ENSG00000011007	
ELOB	1	ENSG00000103363	
ELOC	1	ENSG00000154582	
RPS6KL1	1	ENSG00000198208	
EXOC8	1	ENSG00000116903	
PLLP	1	ENSG00000102934	
EXOC7	1	ENSG00000182473	
EXOC4	1	ENSG00000131558	
EXOC3	1	ENSG00000180104	
EXOC6	1	ENSG00000138190	
EXOC5	1	ENSG00000070367	
EXOC2	1	ENSG00000112685	
EXOC1	1	ENSG00000090989	
NFIX	1	ENSG00000008441	
C1orf198	1	ENSG00000119280	
PRUNE2	1	ENSG00000106772	
PRUNE1	1	ENSG00000143363	
METTL21A	1	ENSG00000144401	
APOL5	1	ENSG00000128313	
APOL4	1	ENSG00000100336	
METTL21C	1	ENSG00000139780	
APOL6	1	ENSG00000221963	
ENSG00000228627	1	ENSG00000228627	
APOL1	1	ENSG00000100342	
APOL3	1	ENSG00000128284	
APOL2	1	ENSG00000128335	
DIO2-AS1	1	ENSG00000258766	
ELP1	1	ENSG00000070061	
RFLNB	1	ENSG00000183688	
ELP2	1	ENSG00000134759	
ELP3	1	ENSG00000134014	
ENSG00000204684	1	ENSG00000204684	
ELP4	1	ENSG00000109911	
ELP5	1	ENSG00000170291	
ELP6	1	ENSG00000163832	
RFLNA	1	ENSG00000178882	
MRNIP-DT	1	ENSG00000245317	
CHFR-DT	1	ENSG00000236617	
NFIA	1	ENSG00000162599	
NFIB	1	ENSG00000147862	
NFIC	1	ENSG00000141905	
PLP1	1	ENSG00000123560	
PTENP1-AS	1	ENSG00000281128	
PLP2	1	ENSG00000102007	
HAO2-IT1	1	ENSG00000230921	
H3Y1	1	ENSG00000269466	
H3Y2	1	ENSG00000268799	
C1orf174	1	ENSG00000198912	
LCLAT1	1	ENSG00000172954	
PRPF39-DT	1	ENSG00000249163	
THG1L	1	ENSG00000113272	
PODNL1	1	ENSG00000132000	
CFL2	1	ENSG00000165410	
CFL1	1	ENSG00000172757	
PLS3	1	ENSG00000102024	
IL13RA2	1	ENSG00000123496	
PLS1	1	ENSG00000120756	
IL13RA1	1	ENSG00000131724	
KCMF1	1	ENSG00000176407	
COL27A1	1	ENSG00000196739	
FKBPL	1	ENSG00000204315	
C1orf185	1	ENSG00000204006	
LEMD3	1	ENSG00000174106	
LEMD2	1	ENSG00000161904	
LEMD1	1	ENSG00000186007	
TOM1L1	1	ENSG00000141198	
TOM1L2	1	ENSG00000175662	
KDSR-DT	1	ENSG00000267390	
OBSCN	1	ENSG00000154358	
FKBP8	1	ENSG00000105701	
FKBP7	1	ENSG00000079150	
FKBP9	1	ENSG00000122642	
FKBP4	1	ENSG00000004478	
FKBP3	1	ENSG00000100442	
FKBP6	1	ENSG00000077800	
FKBP5	1	ENSG00000096060	
JTB-DT	1	ENSG00000272654	
FKBP2	1	ENSG00000173486	
KCNQ1-AS1	1	ENSG00000229414	
PLTP	1	ENSG00000100979	
GASK1B-AS1	1	ENSG00000248429	
C1orf167	1	ENSG00000215910	
C1orf162	1	ENSG00000143110	
MISFA	1	ENSG00000247595	
PGPEP1L	1	ENSG00000183571	
C1orf159	1	ENSG00000131591	
SLC48A1	1	ENSG00000211584	
ZC3H4	1	ENSG00000130749	
C1orf131	1	ENSG00000143633	
ZC3H3	1	ENSG00000014164	
ZC3H8	1	ENSG00000144161	
ZC3H6	1	ENSG00000188177	
ERRFI1-DT	1	ENSG00000238290	
VPS72	1	ENSG00000163159	
EVI5L	1	ENSG00000142459	
C1orf127	1	ENSG00000175262	
C1orf146	1	ENSG00000203910	
ZNF232-AS1	1	ENSG00000234327	
C1orf141	1	ENSG00000203963	
APOA2	1	ENSG00000158874	
APOA1	1	ENSG00000118137	
APOA4	1	ENSG00000110244	
APOA5	1	ENSG00000110243	
RABGAP1L-AS1	1	ENSG00000229531	
PLUT	1	ENSG00000247381	
HDAC4	1	ENSG00000068024	
HDAC5	1	ENSG00000108840	
ITGB5-AS1	1	ENSG00000244286	
CEBPA	1	ENSG00000245848	
C1orf112	1	ENSG00000000460	
CEBPB	1	ENSG00000172216	
HDAC2	1	ENSG00000196591	
HDAC3	1	ENSG00000171720	
CEBPD	1	ENSG00000221869	
CEBPE	1	ENSG00000092067	
HDAC1	1	ENSG00000116478	
VPS4B	1	ENSG00000119541	
VPS4A	1	ENSG00000132612	
CEBPG	1	ENSG00000153879	
TULP4	1	ENSG00000130338	
TULP3	1	ENSG00000078246	
TULP2	1	ENSG00000104804	
TULP1	1	ENSG00000112041	
HDAC8	1	ENSG00000147099	
HDAC9	1	ENSG00000048052	
HDAC6	1	ENSG00000094631	
HDAC7	1	ENSG00000061273	
NFS1	1	ENSG00000244005	
HECTD1	1	ENSG00000092148	
VPS51	1	ENSG00000149823	
HECTD2	1	ENSG00000165338	
VPS50	1	ENSG00000004766	
HECTD3	1	ENSG00000126107	
LOC102723786	1	ENSG00000261260	
VPS53	1	ENSG00000141252	
HECTD4	1	ENSG00000173064	
VPS52	1	ENSG00000223501	
XIRP1	1	ENSG00000168334	
VPS54	1	ENSG00000143952	
XIRP2	1	ENSG00000163092	
C1orf109	1	ENSG00000116922	
C1orf105	1	ENSG00000180999	
MGME1	1	ENSG00000125871	
C1orf122	1	ENSG00000197982	
APOC4	1	ENSG00000267467	
APOC3	1	ENSG00000110245	
APOBR	1	ENSG00000184730	
EVI2A	1	ENSG00000126860	
APOC2	1	ENSG00000234906	
VPS41	1	ENSG00000006715	
APOC1	1	ENSG00000130208	
MAP3K14-AS1	1	ENSG00000267278	
CEBPZ	1	ENSG00000115816	
VPS45	1	ENSG00000136631	
EVI2B	1	ENSG00000185862	
C1orf116	1	ENSG00000182795	
C1orf115	1	ENSG00000162817	
DCAF4L1	1	ENSG00000182308	
MISP3	1	ENSG00000141854	
DCAF4L2	1	ENSG00000176566	
C6orf89	1	ENSG00000198663	
RPS6KA4	1	ENSG00000162302	
NFU1	1	ENSG00000169599	
NIPAL4	1	ENSG00000172548	
RPS6KA3	1	ENSG00000177189	
FLG-AS1	1	ENSG00000237975	
RPS6KA6	1	ENSG00000072133	
CFAP276	1	ENSG00000179902	
RPS6KA5	1	ENSG00000100784	
FBXO3-DT	1	ENSG00000254508	
NIPAL1	1	ENSG00000163293	
RPS6KA2	1	ENSG00000071242	
NIPAL2	1	ENSG00000104361	
BFSP2-AS1	1	ENSG00000249993	
NIPAL3	1	ENSG00000001461	
RPS6KA1	1	ENSG00000117676	
GSC2	1	ENSG00000063515	
H4C2	1	ENSG00000278705	
H4C1	1	ENSG00000278637	
H4C4	1	ENSG00000277157	
H4C3	1	ENSG00000197061	
FAM41C	1	ENSG00000230368	
H4C6	1	ENSG00000274618	
H4C5	1	ENSG00000276966	
C1orf100	1	ENSG00000173728	
DPP4-DT	1	ENSG00000230918	
TWSG1	1	ENSG00000128791	
AA06	1	ENSG00000265544	
GSAP	1	ENSG00000186088	
OBSL1	1	ENSG00000124006	
CFTR	1	ENSG00000001626	
SLC22A4	1	ENSG00000197208	
SPRR2E	1	ENSG00000203785	
SLC22A3	1	ENSG00000146477	
SPRR2F	1	ENSG00000244094	
SPRR2G	1	ENSG00000159516	
SLC22A6	1	ENSG00000197901	
SLC22A5	1	ENSG00000197375	
SLC22A2	1	ENSG00000112499	
SLC22A1	1	ENSG00000175003	
CRHR1	1	ENSG00000120088	
CRHR2	1	ENSG00000106113	
GPR15LG	1	ENSG00000188373	
CFAP251	1	ENSG00000158023	
GSE1	1	ENSG00000131149	
FAM43A	1	ENSG00000185112	
FAM43B	1	ENSG00000183114	
SPRR2A	1	ENSG00000241794	
ARGLU1	1	ENSG00000134884	
SPRR2B	1	ENSG00000196805	
SPRR2D	1	ENSG00000163216	
H4C8	1	ENSG00000158406	
VAMP1-AS1	1	ENSG00000276718	
H4C7	1	ENSG00000275663	
H4C9	1	ENSG00000276180	
MPHOSPH10	1	ENSG00000124383	
SLC22A8	1	ENSG00000149452	
SLC22A7	1	ENSG00000137204	
SPRR1A	1	ENSG00000169474	
TECPR2	1	ENSG00000196663	
SPRR1B	1	ENSG00000169469	
TECPR1	1	ENSG00000205356	
SLC22A9	1	ENSG00000149742	
RSF1	1	ENSG00000048649	
C6orf47	1	ENSG00000204439	
GSG1	1	ENSG00000111305	
LL22NC03-63E9.3	1	ENSG00000220891	
ZIC4-AS1	1	ENSG00000241202	
TYK2	1	ENSG00000105397	
GSEC	1	ENSG00000280832	
CFAP299	1	ENSG00000197826	
MTSS1	1	ENSG00000170873	
MTSS2	1	ENSG00000132613	
NFX1	1	ENSG00000086102	
ENSG00000253593	1	ENSG00000253593	
CALML3-AS1	1	ENSG00000205488	
MEGF6	1	ENSG00000162591	
FAM47C	1	ENSG00000198173	
FAM47A	1	ENSG00000185448	
FAM47B	1	ENSG00000189132	
TYMS	1	ENSG00000176890	
TYMP	1	ENSG00000025708	
CFAP298	1	ENSG00000159079	
GYG2-AS1	1	ENSG00000235483	
C6orf62	1	ENSG00000112308	
EMC1	1	ENSG00000127463	
EMC2	1	ENSG00000104412	
EMC3	1	ENSG00000125037	
SUSD4	1	ENSG00000143502	
EMC4	1	ENSG00000128463	
SUSD3	1	ENSG00000157303	
SUSD6	1	ENSG00000100647	
FAM47E	1	ENSG00000189157	
EMC6	1	ENSG00000127774	
SUSD5	1	ENSG00000173705	
EMC7	1	ENSG00000134153	
FOSL2-AS1	1	ENSG00000229951	
EMC8	1	ENSG00000131148	
EMC9	1	ENSG00000100908	
SLURP2	1	ENSG00000283992	
THBS2-AS1	1	ENSG00000226445	
NFYA	1	ENSG00000001167	
NFYB	1	ENSG00000120837	
NFYC	1	ENSG00000066136	
SUSD2	1	ENSG00000099994	
SUSD1	1	ENSG00000106868	
C6orf58	1	ENSG00000184530	
SLURP1	1	ENSG00000126233	
GSTA5	1	ENSG00000182793	
GSTA4	1	ENSG00000170899	
C6orf52	1	ENSG00000137434	
GSTA3	1	ENSG00000174156	
LRRN4CL	1	ENSG00000177363	
GSTA2	1	ENSG00000244067	
GSTA1	1	ENSG00000243955	
MEGF8	1	ENSG00000105429	
MEGF9	1	ENSG00000106780	
NDST1-AS1	1	ENSG00000254333	
SPPL2C	1	ENSG00000185294	
SPPL2B	1	ENSG00000005206	
ROGDI	1	ENSG00000067836	
SPPL2A	1	ENSG00000138600	
PMCH	1	ENSG00000183395	
RCAN3AS	1	ENSG00000286061	
PAIP2B	1	ENSG00000124374	
EME1	1	ENSG00000154920	
EME2	1	ENSG00000197774	
POSTN	1	ENSG00000133110	
TRPC4AP	1	ENSG00000100991	
EMCN	1	ENSG00000164035	
MYADM	1	ENSG00000179820	
ENSG00000253551	1	ENSG00000253551	
PMEL	1	ENSG00000185664	
ISYNA1	1	ENSG00000105655	
IGHVII-46-1	1	ENSG00000253808	
GSTCD	1	ENSG00000138780	
PMF1	1	ENSG00000160783	
RSKR	1	ENSG00000167524	
EMG1	1	ENSG00000126749	
TASOR	1	ENSG00000163946	
TASP1	1	ENSG00000089123	
MMADHC-DT	1	ENSG00000231969	
SLC66A1L	1	ENSG00000174899	
DIAPH1	1	ENSG00000131504	
DIAPH2	1	ENSG00000147202	
DIAPH3	1	ENSG00000139734	
PXMP2	1	ENSG00000176894	
PXMP4	1	ENSG00000101417	
ENSG00000253574	1	ENSG00000253574	
COLGALT2	1	ENSG00000198756	
CGB8	1	ENSG00000213030	
CGB7	1	ENSG00000196337	
CGB5	1	ENSG00000189052	
CGAS	1	ENSG00000164430	
CGB3	1	ENSG00000104827	
CGB2	1	ENSG00000104818	
CGB1	1	ENSG00000267631	
ENSG00000228566	1	ENSG00000228566	
NTMT1	1	ENSG00000148335	
NTMT2	1	ENSG00000203740	
COLGALT1	1	ENSG00000130309	
OXSR1	1	ENSG00000172939	
CFAP221	1	ENSG00000163075	
DTHD1	1	ENSG00000197057	
NDUFV2-AS1	1	ENSG00000266053	
CFAP206	1	ENSG00000272514	
LOC105375115	1	ENSG00000239715	
PDE11A	1	ENSG00000128655	
CFAP210	1	ENSG00000154479	
IGKV1OR1-1	1	ENSG00000276674	
RPS6KC1	1	ENSG00000136643	
TYW1	1	ENSG00000198874	
PDSS2	1	ENSG00000164494	
PDSS1	1	ENSG00000148459	
ATXN8OS	1	ENSG00000230223	
ATP13A1	1	ENSG00000105726	
PDE10A	1	ENSG00000112541	
RPS6KB1	1	ENSG00000108443	
RPS6KB2	1	ENSG00000175634	
ATP13A4	1	ENSG00000127249	
ATP13A5	1	ENSG00000187527	
ATP13A2	1	ENSG00000159363	
ATP13A3	1	ENSG00000133657	
FBXW10B	1	ENSG00000241322	
ENSG00000253530	1	ENSG00000253530	
ENSG00000265702	1	ENSG00000265702	
SCAMP5	1	ENSG00000198794	
LACTB	1	ENSG00000103642	
SCAMP4	1	ENSG00000227500	
CYP2D6	1	ENSG00000100197	
ENSG00000253726	1	ENSG00000253726	
IGLON5	1	ENSG00000142549	
MIRLET7BHG	1	ENSG00000197182	
TYW5	1	ENSG00000162971	
TYW3	1	ENSG00000162623	
NGDN	1	ENSG00000129460	
FIBCD1	1	ENSG00000130720	
SCAMP1	1	ENSG00000085365	
EML1	1	ENSG00000066629	
HSPG2	1	ENSG00000142798	
SCAMP3	1	ENSG00000116521	
EML2	1	ENSG00000125746	
SCAMP2	1	ENSG00000140497	
EML3	1	ENSG00000149499	
EML4	1	ENSG00000143924	
EML5	1	ENSG00000165521	
PAK6-AS1	1	ENSG00000176753	
EML6	1	ENSG00000214595	
PRKAR1B	1	ENSG00000188191	
PRKAR1A	1	ENSG00000108946	
RBCK1	1	ENSG00000125826	
CYP2E1	1	ENSG00000130649	
NGEF	1	ENSG00000066248	
SHOX2	1	ENSG00000168779	
AAAS	1	ENSG00000094914	
RBPMS-AS1	1	ENSG00000254109	
GRIN2A	1	ENSG00000183454	
HSPH1	1	ENSG00000120694	
CYP2B6	1	ENSG00000197408	
PRKAR2B	1	ENSG00000005249	
PRKAR2A	1	ENSG00000114302	
RSU1	1	ENSG00000148484	
EXPH5	1	ENSG00000110723	
NGFR	1	ENSG00000064300	
GLYATL3	1	ENSG00000203972	
GLYATL2	1	ENSG00000156689	
GLYATL1	1	ENSG00000166840	
PMM1	1	ENSG00000100417	
PMM2	1	ENSG00000140650	
GRIN2C	1	ENSG00000161509	
GRIN2B	1	ENSG00000273079	
GRIN2D	1	ENSG00000105464	
ENSG00000228793	1	ENSG00000228793	
CYP2C9	1	ENSG00000138109	
GRIN3B	1	ENSG00000116032	
CYP2C8	1	ENSG00000138115	
GRIN3A	1	ENSG00000198785	
LACRT	1	ENSG00000135413	
LAD1	1	ENSG00000159166	
AACS	1	ENSG00000081760	
NIPBL	1	ENSG00000164190	
NIHCOLE	1	ENSG00000251026	
APPL2	1	ENSG00000136044	
APPL1	1	ENSG00000157500	
DIO3OS	1	ENSG00000258498	
DLGAP2-AS1	1	ENSG00000253267	
NIPA1	1	ENSG00000170113	
EMP1	1	ENSG00000134531	
EMP2	1	ENSG00000213853	
NIPA2	1	ENSG00000140157	
EMP3	1	ENSG00000142227	
TRBV24-1	1	ENSG00000211750	
FAHD2A	1	ENSG00000115042	
FAHD2B	1	ENSG00000144199	
MCF2L-AS1	1	ENSG00000235280	
ENSG00000228735	1	ENSG00000228735	
PICK1	1	ENSG00000100151	
PMP2	1	ENSG00000147588	
MYCT1	1	ENSG00000120279	
FGF14-AS2	1	ENSG00000272143	
FGF14-AS1	1	ENSG00000234445	
PMS2	1	ENSG00000122512	
CYP2F1	1	ENSG00000197446	
ZNF407-AS1	1	ENSG00000264247	
PMS1	1	ENSG00000064933	
GSX1	1	ENSG00000169840	
AADAT	1	ENSG00000109576	
GSX2	1	ENSG00000180613	
AADAC	1	ENSG00000114771	
CADM1-AS1	1	ENSG00000256315	
RIMBP2	1	ENSG00000060709	
RIMBP3	1	ENSG00000275793	
HDDC2	1	ENSG00000111906	
FAM13B	1	ENSG00000031003	
UBE2D4	1	ENSG00000078967	
FAM13C	1	ENSG00000148541	
UBE2D2	1	ENSG00000131508	
UBE2D3	1	ENSG00000109332	
FAM13A	1	ENSG00000138640	
UBE2D1	1	ENSG00000072401	
HDDC3	1	ENSG00000184508	
IL20RB-AS1	1	ENSG00000249407	
PMPCB	1	ENSG00000105819	
PMPCA	1	ENSG00000165688	
LAG3	1	ENSG00000089692	
UBE2E3	1	ENSG00000170035	
UBE2E1	1	ENSG00000170142	
UBE2E2	1	ENSG00000182247	
EMSY	1	ENSG00000158636	
FBLIM1	1	ENSG00000162458	
TNFRSF11B	1	ENSG00000164761	
NTPCR	1	ENSG00000135778	
TNFRSF11A	1	ENSG00000141655	
SOCS2	1	ENSG00000120833	
SOCS3	1	ENSG00000184557	
SOCS1	1	ENSG00000185338	
PMVK	1	ENSG00000163344	
SOCS6	1	ENSG00000170677	
SOCS7	1	ENSG00000274211	
SOCS4	1	ENSG00000180008	
SOCS5	1	ENSG00000171150	
COL28A1	1	ENSG00000215018	
BRPF1	1	ENSG00000156983	
BRPF3	1	ENSG00000096070	
GFPT2	1	ENSG00000131459	
GFPT1	1	ENSG00000198380	
PPP1R21-DT	1	ENSG00000272663	
TNFRSF10C	1	ENSG00000173535	
TNFRSF10B	1	ENSG00000120889	
BCDIN3D	1	ENSG00000186666	
TNFRSF10A	1	ENSG00000104689	
TNFRSF10D	1	ENSG00000173530	
DCUN1D2-AS	1	ENSG00000233613	
TFCP2	1	ENSG00000135457	
AAK1	1	ENSG00000115977	
MYD88	1	ENSG00000172936	
DRAXIN	1	ENSG00000162490	
ST6GALNAC1	1	ENSG00000070526	
ST6GALNAC2	1	ENSG00000070731	
ATRAID	1	ENSG00000138085	
MRPL4	1	ENSG00000105364	
MRPL3	1	ENSG00000114686	
NGRN	1	ENSG00000182768	
MRPL2	1	ENSG00000112651	
MRPL1	1	ENSG00000169288	
ADGRF5-AS1	1	ENSG00000225730	
DGCR8	1	ENSG00000128191	
SEC61G-DT	1	ENSG00000234707	
ENSG00000287094	1	ENSG00000287094	
MRPL9	1	ENSG00000143436	
DGCR6	1	ENSG00000183628	
DGCR5	1	ENSG00000273032	
EID2B	1	ENSG00000176401	
SLFN12L	1	ENSG00000205045	
DGCR2	1	ENSG00000070413	
PTCRA	1	ENSG00000171611	
EMX1	1	ENSG00000135638	
EMX2	1	ENSG00000170370	
GRHL3-AS1	1	ENSG00000232298	
RAD23A	1	ENSG00000179262	
RAD23B	1	ENSG00000119318	
CYP2A7	1	ENSG00000198077	
CYP2A6	1	ENSG00000255974	
IL1RAPL2	1	ENSG00000189108	
IL1RAPL1	1	ENSG00000169306	
ST6GALNAC3	1	ENSG00000184005	
ST6GALNAC4	1	ENSG00000136840	
ST6GALNAC5	1	ENSG00000117069	
ST6GALNAC6	1	ENSG00000160408	
SLC47A2	1	ENSG00000180638	
SLC47A1	1	ENSG00000142494	
C1orf232	1	ENSG00000282872	
CECR2	1	ENSG00000099954	
CECR3	1	ENSG00000241832	
PTPRZ1	1	ENSG00000106278	
AAMP	1	ENSG00000127837	
C1orf226	1	ENSG00000239887	
BAIAP2	1	ENSG00000175866	
BAIAP3	1	ENSG00000007516	
MIF4GD-DT	1	ENSG00000263843	
VIPAS39	1	ENSG00000151445	
ENSG00000287082	1	ENSG00000287082	
C1orf210	1	ENSG00000253313	
ENSG00000287057	1	ENSG00000287057	
RTCA	1	ENSG00000137996	
RTCB	1	ENSG00000100220	
UBE2L6	1	ENSG00000156587	
UBE2L5	1	ENSG00000236444	
UBE2L3	1	ENSG00000185651	
ENSG00000263080	1	ENSG00000263080	
ENTPD1	1	ENSG00000138185	
ENTPD2	1	ENSG00000054179	
ENTPD3	1	ENSG00000168032	
C1orf220	1	ENSG00000213057	
ENTPD4	1	ENSG00000197217	
ENTPD5	1	ENSG00000187097	
ENTPD6	1	ENSG00000197586	
SYNPR-AS1	1	ENSG00000241359	
ENTPD7	1	ENSG00000198018	
ENTPD8	1	ENSG00000188833	
VWA5B2	1	ENSG00000145198	
VWA5B1	1	ENSG00000158816	
ASRGL1	1	ENSG00000162174	
LAP3	1	ENSG00000002549	
C1orf216	1	ENSG00000142686	
RTF2	1	ENSG00000022277	
RTF1	1	ENSG00000137815	
UBE2J2	1	ENSG00000160087	
AARD	1	ENSG00000205002	
APPAT	1	ENSG00000230606	
UBE2J1	1	ENSG00000198833	
ERC2-IT1	1	ENSG00000281708	
IGHD3-10	1	ENSG00000211923	
SPATA5L1	1	ENSG00000171763	
IGHD3-16	1	ENSG00000211917	
AAR2	1	ENSG00000131043	
ENSG00000287047	1	ENSG00000287047	
BCAR3-AS1	1	ENSG00000224093	
WAPL	1	ENSG00000062650	
PGM5P3-AS1	1	ENSG00000277631	
LINGO1-AS1	1	ENSG00000259666	
LINGO1-AS2	1	ENSG00000259281	
IGHD3-22	1	ENSG00000211911	
ENSG00000275063	1	ENSG00000275063	
ENSG00000287016	1	ENSG00000287016	
TNFRSF13B	1	ENSG00000240505	
AATK	1	ENSG00000181409	
WASL	1	ENSG00000106299	
TNFRSF13C	1	ENSG00000159958	
IER3IP1	1	ENSG00000134049	
AATF	1	ENSG00000275700	
MYDGF	1	ENSG00000074842	
IMMP2L	1	ENSG00000184903	
ENC1	1	ENSG00000171617	
FAM170B	1	ENSG00000172538	
FAM170A	1	ENSG00000164334	
COL5A1-AS1	1	ENSG00000204011	
AASS	1	ENSG00000008311	
KBTBD11-OT1	1	ENSG00000253696	
TNFRSF12A	1	ENSG00000006327	
MRPS2	1	ENSG00000122140	
MRPS7	1	ENSG00000125445	
MRPS6	1	ENSG00000243927	
MRPS5	1	ENSG00000144029	
ENSG00000287028	1	ENSG00000287028	
LAT2	1	ENSG00000086730	
ENAH	1	ENSG00000154380	
IMMP1L	1	ENSG00000148950	
MRPS9	1	ENSG00000135972	
ENAM	1	ENSG00000132464	
FOXF2-DT	1	ENSG00000261730	
PNCK	1	ENSG00000130822	
GREB1L	1	ENSG00000141449	
ENSG00000263063	1	ENSG00000263063	
NEDD9	1	ENSG00000111859	
FAAP24	1	ENSG00000131944	
NEDD8	1	ENSG00000129559	
CRIP2	1	ENSG00000182809	
CRIP3	1	ENSG00000146215	
FAAP20	1	ENSG00000162585	
CRIP1	1	ENSG00000213145	
ARVCF	1	ENSG00000099889	
FAM172A	1	ENSG00000113391	
SCAND1	1	ENSG00000171222	
SCAND3	1	ENSG00000232040	
WWC3-AS1	1	ENSG00000225076	
NPDC1	1	ENSG00000107281	
YIPF1	1	ENSG00000058799	
YIPF2	1	ENSG00000130733	
YIPF3	1	ENSG00000137207	
LOC101928924	1	ENSG00000249295	
ENSG00000287000	1	ENSG00000287000	
YIPF4	1	ENSG00000119820	
YIPF5	1	ENSG00000145817	
HUWE1	1	ENSG00000086758	
CRIPT	1	ENSG00000119878	
KLK13	1	ENSG00000167759	
DHX33-DT	1	ENSG00000262099	
KLK14	1	ENSG00000129437	
UBE2G1	1	ENSG00000132388	
KLK15	1	ENSG00000174562	
UBE2G2	1	ENSG00000184787	
PCMTD1-DT	1	ENSG00000228801	
KLK10	1	ENSG00000129451	
KLK11	1	ENSG00000167757	
KLK12	1	ENSG00000186474	
ENSG00000287006	1	ENSG00000287006	
NEDD1	1	ENSG00000139350	
GRIK1-AS1	1	ENSG00000174680	
NEDD4	1	ENSG00000069869	
YIPF6	1	ENSG00000181704	
YIPF7	1	ENSG00000177752	
FAM171B	1	ENSG00000144369	
ENSG00000251076	1	ENSG00000251076	
SH3GL3	1	ENSG00000140600	
RTL1	1	ENSG00000254656	
RTKN	1	ENSG00000114993	
BCCIP	1	ENSG00000107949	
RTL9	1	ENSG00000243978	
RTL6	1	ENSG00000188636	
OGDHL	1	ENSG00000197444	
CFAP300	1	ENSG00000137691	
RTL4	1	ENSG00000187823	
RTL5	1	ENSG00000242732	
RTL3	1	ENSG00000179300	
ENSG00000170846	1	ENSG00000170846	
FAM174C	1	ENSG00000228300	
FAM174B	1	ENSG00000185442	
NPAS2-AS1	1	ENSG00000230140	
FAM174A	1	ENSG00000174132	
SH3GL2	1	ENSG00000107295	
SH3GL1	1	ENSG00000141985	
SLC12A2-DT	1	ENSG00000245937	
SPECC1-DT	1	ENSG00000261033	
NFATC2IP-AS1	1	ENSG00000260853	
LAX1	1	ENSG00000122188	
UBE2V2	1	ENSG00000169139	
UBE2V1	1	ENSG00000244687	
RTN2	1	ENSG00000125744	
RTN3	1	ENSG00000133318	
RTN1	1	ENSG00000139970	
CHAT	1	ENSG00000070748	
RTN4	1	ENSG00000115310	
ENHO	1	ENSG00000168913	
HOMER3-AS1	1	ENSG00000269019	
CHAD	1	ENSG00000136457	
ENSG00000277630	1	ENSG00000277630	
CRIM1	1	ENSG00000150938	
SSPOP	1	ENSG00000197558	
LAYN	1	ENSG00000204381	
ENSG00000226097	1	ENSG00000226097	
ENSG00000253699	1	ENSG00000253699	
RTP4	1	ENSG00000136514	
RTP5	1	ENSG00000188011	
RTP2	1	ENSG00000198471	
RTP3	1	ENSG00000163825	
RTP1	1	ENSG00000175077	
CHD9	1	ENSG00000177200	
CHD8	1	ENSG00000100888	
CHD7	1	ENSG00000171316	
CHD6	1	ENSG00000124177	
BACH1-AS1	1	ENSG00000232118	
CHD5	1	ENSG00000116254	
CHD4	1	ENSG00000111642	
CHD3	1	ENSG00000170004	
CHD2	1	ENSG00000173575	
CHD1	1	ENSG00000153922	
FAM178B	1	ENSG00000168754	
PIDD1	1	ENSG00000177595	
UBE2Q1	1	ENSG00000160714	
UBE2Q2	1	ENSG00000140367	
IGLV11-55	1	ENSG00000211641	
RFPL1	1	ENSG00000128250	
RFPL2	1	ENSG00000128253	
RFPL3	1	ENSG00000128276	
MADCAM1-AS1	1	ENSG00000266933	
CIP2A	1	ENSG00000163507	
ENSG00000228697	1	ENSG00000228697	
FAM177B	1	ENSG00000197520	
UBE2R2	1	ENSG00000107341	
CHDH	1	ENSG00000016391	
IGHV1-69-2	1	ENSG00000281990	
ENSG00000238012	1	ENSG00000238012	
FAM153CP	1	ENSG00000204677	
CXorf49B	1	ENSG00000215113	
PNKP	1	ENSG00000039650	
TGFBRAP1	1	ENSG00000135966	
CHGA	1	ENSG00000100604	
ENSG00000179253	1	ENSG00000179253	
LRWD1	1	ENSG00000161036	
LNCSRLR	1	ENSG00000240032	
CHFR	1	ENSG00000072609	
MIR193BHG	1	ENSG00000262454	
PNKD	1	ENSG00000127838	
ACIN1	1	ENSG00000100813	
EVA1A-AS	1	ENSG00000231172	
MYADM-AS2	1	ENSG00000232220	
MYADM-AS1	1	ENSG00000228323	
PNMT	1	ENSG00000141744	
ENSG00000238207	1	ENSG00000238207	
ABAT	1	ENSG00000183044	
ENO1	1	ENSG00000074800	
MICOS13	1	ENSG00000174917	
ENO2	1	ENSG00000111674	
MICOS10	1	ENSG00000173436	
ENO3	1	ENSG00000108515	
ENO4	1	ENSG00000188316	
IGHVII-49-1	1	ENSG00000253386	
ENSG00000253844	1	ENSG00000253844	
RNF112	1	ENSG00000128482	
ENSG00000253842	1	ENSG00000253842	
RNF115	1	ENSG00000265491	
RNF114	1	ENSG00000124226	
CYP1B1	1	ENSG00000138061	
RTTN	1	ENSG00000176225	
RNF111	1	ENSG00000157450	
CHGB	1	ENSG00000089199	
CHIA	1	ENSG00000134216	
DEPDC1-AS1	1	ENSG00000234264	
GPR84-AS1	2	ENSG00000258086:ENSG00000258137	
CPED1	1	ENSG00000106034	
RNF123	1	ENSG00000164068	
RNF126	1	ENSG00000070423	
RNF125	1	ENSG00000101695	
RNF128	1	ENSG00000133135	
ANKK1	1	ENSG00000170209	
ALG10B	1	ENSG00000175548	
RNF122	1	ENSG00000133874	
RNF121	1	ENSG00000137522	
FTCDNL1	1	ENSG00000226124	
ENSG00000265845	1	ENSG00000265845	
NHIP	1	ENSG00000286381	
PDE7A-DT	1	ENSG00000272192	
SCP2D1-AS1	1	ENSG00000149443	
ENSG00000226249	1	ENSG00000226249	
PNPO	1	ENSG00000108439	
PRR34-AS1	1	ENSG00000241990	
MOCS2-DT	1	ENSG00000247796	
CHKB	1	ENSG00000100288	
CHKA	1	ENSG00000110721	
PNO1	1	ENSG00000115946	
MYO3B-AS1	1	ENSG00000231898	
GPR137B	1	ENSG00000077585	
GPR137C	1	ENSG00000180998	
CPEB1	1	ENSG00000214575	
RNF103	1	ENSG00000239305	
ENSG00000253857	1	ENSG00000253857	
CYP1A2	1	ENSG00000140505	
PNOC	1	ENSG00000168081	
CYP1A1	1	ENSG00000140465	
CPEB3	1	ENSG00000107864	
CPEB2	1	ENSG00000137449	
CPEB4	1	ENSG00000113742	
VSIG10L	1	ENSG00000186806	
RNF157	1	ENSG00000141576	
ZCWPW2	1	ENSG00000206559	
ZCWPW1	1	ENSG00000078487	
CHL1	1	ENSG00000134121	
ENSA	1	ENSG00000143420	
ZFHX3-AS1	1	ENSG00000259768	
RNF151	1	ENSG00000179580	
RNF150	1	ENSG00000170153	
RNF152	1	ENSG00000176641	
RNF168	1	ENSG00000163961	
RNF167	1	ENSG00000108523	
RNF169	1	ENSG00000166439	
RNF166	1	ENSG00000158717	
CCDC90B	1	ENSG00000137500	
RNF165	1	ENSG00000141622	
OOSP4B	1	ENSG00000255393	
OOSP4A	1	ENSG00000285010	
ZNF133-AS1	1	ENSG00000237259	
RNF135	1	ENSG00000181481	
RNF139	1	ENSG00000170881	
RNF138	1	ENSG00000134758	
CHN2	1	ENSG00000106069	
CHN1	1	ENSG00000128656	
CHML	1	ENSG00000203668	
RNF130	1	ENSG00000113269	
RNF133	1	ENSG00000188050	
TIMMDC1	1	ENSG00000113845	
TRBV23-1	1	ENSG00000211749	
ITCH-AS1	1	ENSG00000236388	
MYBPH	1	ENSG00000133055	
RNF146	1	ENSG00000118518	
RNF145	1	ENSG00000145860	
RNF148	1	ENSG00000235631	
ABI2	1	ENSG00000138443	
ABI3	1	ENSG00000108798	
RNF149	1	ENSG00000163162	
ABI1	1	ENSG00000136754	
ZSCAN2-AS1	1	ENSG00000275120	
RNF141	1	ENSG00000110315	
CHRM3-AS1	1	ENSG00000234601	
CHRM3-AS2	1	ENSG00000233355	
CHPF	1	ENSG00000123989	
TFAP2E-AS1	1	ENSG00000239636	
FAM25C	1	ENSG00000276430	
FAM25A	1	ENSG00000188100	
HJURP	1	ENSG00000123485	
RNF19B	1	ENSG00000116514	
SERTM2	1	ENSG00000260802	
SERTM1	1	ENSG00000180440	
USP38-DT	1	ENSG00000250326	
ENSG00000228804	1	ENSG00000228804	
RNF19A	1	ENSG00000034677	
CHP2	1	ENSG00000166869	
FAM25G	1	ENSG00000189090	
CHP1	1	ENSG00000187446	
FAM24B	1	ENSG00000213185	
FAM24A	1	ENSG00000203795	
GPM6A-DT	1	ENSG00000249106	
HSD17B2-AS1	1	ENSG00000261235	
NHP2	1	ENSG00000145912	
IQCA1	1	ENSG00000132321	
ENY2	1	ENSG00000120533	
RNF180	1	ENSG00000164197	
FAM27C	1	ENSG00000231527	
CHRD	1	ENSG00000090539	
PPIAL4H	1	ENSG00000270339	
TBXA2R	1	ENSG00000006638	
CACNA1G-AS1	1	ENSG00000250107	
ABL1	1	ENSG00000097007	
PPIAL4A	1	ENSG00000263353	
RNF170	1	ENSG00000120925	
ABL2	1	ENSG00000143322	
RNF175	1	ENSG00000145428	
PPIAL4E	1	ENSG00000271567	
PPIAL4D	1	ENSG00000263464	
PPIAL4G	1	ENSG00000236334	
PPIAL4F	1	ENSG00000279782	
TVP23A	1	ENSG00000166676	
TVP23B	1	ENSG00000171928	
TVP23C	1	ENSG00000175106	
NETO1-DT	1	ENSG00000263958	
RNF182	1	ENSG00000180537	
RNF181	1	ENSG00000168894	
CCDC92B	1	ENSG00000277200	
RNF183	1	ENSG00000165188	
RNF186	1	ENSG00000178828	
ATP11B-DT	1	ENSG00000240063	
RNF185	1	ENSG00000138942	
RNF187	1	ENSG00000168159	
PTBP1	1	ENSG00000011304	
DNMT3L	1	ENSG00000142182	
DNMT3B	1	ENSG00000088305	
IQCB1	1	ENSG00000173226	
CHUK	1	ENSG00000213341	
DNMT3A	1	ENSG00000119772	
KCNAB1	1	ENSG00000169282	
ELSPBP1	1	ENSG00000169393	
KCNAB2	1	ENSG00000069424	
KCNAB3	1	ENSG00000170049	
PTBP2	1	ENSG00000117569	
PTBP3	1	ENSG00000119314	
TXNDC12-AS1	1	ENSG00000228369	
TRHDE-AS1	1	ENSG00000236333	
GATA3-AS1	1	ENSG00000197308	
CX3CR1	1	ENSG00000168329	
WBP1	1	ENSG00000239779	
WBP2	1	ENSG00000132471	
WBP4	1	ENSG00000120688	
STMND1	1	ENSG00000230873	
CDH23-AS1	1	ENSG00000223817	
MROH1	1	ENSG00000179832	
RBBP4	1	ENSG00000162521	
RBBP5	1	ENSG00000117222	
ANKAR	1	ENSG00000151687	
RBBP8	1	ENSG00000101773	
MROH9	1	ENSG00000117501	
RBBP9	1	ENSG00000089050	
MROH8	1	ENSG00000101353	
RBBP6	1	ENSG00000122257	
MROH7	1	ENSG00000184313	
RBBP7	1	ENSG00000102054	
MROH6	1	ENSG00000204839	
FDXACB1	1	ENSG00000255561	
SLC46A3	1	ENSG00000139508	
PEX5L-AS2	1	ENSG00000244302	
PEX5L-AS1	1	ENSG00000243799	
SLC46A1	1	ENSG00000076351	
SLC46A2	1	ENSG00000119457	
ABRA	1	ENSG00000174429	
AQP5-AS1	1	ENSG00000257588	
GOLGA2	1	ENSG00000167110	
GOLGA3	1	ENSG00000090615	
GOLGA4	1	ENSG00000144674	
GOLGA5	1	ENSG00000066455	
GOLGA1	1	ENSG00000136935	
GOLGA7	1	ENSG00000147533	
MCCC2	1	ENSG00000131844	
ABT1	1	ENSG00000146109	
IQCF5	1	ENSG00000214681	
IQCF6	1	ENSG00000214686	
IQCF3	1	ENSG00000229972	
ENSG00000287189	1	ENSG00000287189	
ENSG00000287187	1	ENSG00000287187	
MCCC1	1	ENSG00000078070	
MTUS1	1	ENSG00000129422	
MTUS2	1	ENSG00000132938	
OVOL1	1	ENSG00000172818	
IQCF1	1	ENSG00000173389	
IQCF2	1	ENSG00000184345	
OVOL3	1	ENSG00000105261	
MTURN	1	ENSG00000180354	
OVOL2	1	ENSG00000125850	
GUF1	1	ENSG00000151806	
OR4C12	1	ENSG00000221954	
OR4C11	1	ENSG00000172188	
ENSG00000287181	1	ENSG00000287181	
OR4C16	1	ENSG00000279514	
OR4C15	1	ENSG00000181939	
ARL14EP-DT	1	ENSG00000254532	
OR4C13	1	ENSG00000258817	
ENSG00000287159	1	ENSG00000287159	
ENSG00000287156	1	ENSG00000287156	
TSHZ3	1	ENSG00000121297	
TSHZ1	1	ENSG00000179981	
TSHZ2	1	ENSG00000182463	
GMCL1	1	ENSG00000087338	
GMCL2	1	ENSG00000244234	
FAM180B	1	ENSG00000196666	
SLC2A9-AS1	1	ENSG00000250413	
FAM180A	1	ENSG00000189320	
PTPRN2	1	ENSG00000155093	
PINLYP	1	ENSG00000234465	
ENSG00000287166	1	ENSG00000287166	
STK11IP	1	ENSG00000144589	
MEIG1	1	ENSG00000197889	
ENSG00000287164	1	ENSG00000287164	
KNOP1	1	ENSG00000103550	
C21orf91	1	ENSG00000154642	
CCDC88B	1	ENSG00000168071	
CCDC88A	1	ENSG00000115355	
LACC1	1	ENSG00000179630	
MIURF	1	ENSG00000285025	
GOLGB1	1	ENSG00000173230	
CCDC88C	1	ENSG00000015133	
ENSG00000287131	1	ENSG00000287131	
C21orf62	1	ENSG00000205929	
CX3CL1	1	ENSG00000006210	
C21orf58	1	ENSG00000160298	
GUK1	1	ENSG00000143774	
FAM182B	1	ENSG00000175170	
FAM182A	1	ENSG00000125804	
GORAB-AS1	1	ENSG00000231407	
B3GNT9	1	ENSG00000237172	
TENM2-AS1	1	ENSG00000253978	
B3GNT8	1	ENSG00000177191	
POC5	1	ENSG00000152359	
B3GNT7	1	ENSG00000156966	
B3GNT6	1	ENSG00000198488	
B3GNT5	1	ENSG00000176597	
B3GNT4	1	ENSG00000176383	
FAM20B	1	ENSG00000116199	
B3GNT3	1	ENSG00000179913	
B3GNT2	1	ENSG00000170340	
FAM20C	1	ENSG00000177706	
FAM181B	1	ENSG00000182103	
ALDOC	1	ENSG00000109107	
FAM181A	1	ENSG00000140067	
FAM20A	1	ENSG00000108950	
ALDOB	1	ENSG00000136872	
ALDOA	1	ENSG00000149925	
RALGPS2-AS1	1	ENSG00000273062	
MYCBP	1	ENSG00000214114	
SLC20A2	1	ENSG00000168575	
SLC20A1	1	ENSG00000144136	
MCCD1	1	ENSG00000204511	
FAM184B	1	ENSG00000047662	
FAM184A	1	ENSG00000111879	
SHOC2	1	ENSG00000108061	
SHOC1	1	ENSG00000165181	
OR4C46	1	ENSG00000185926	
ENSG00000287126	1	ENSG00000287126	
CXorf51A	1	ENSG00000224440	
PCP4L1	1	ENSG00000248485	
CXorf51B	1	ENSG00000235699	
LBX1	1	ENSG00000138136	
PODN	1	ENSG00000174348	
LBX2	1	ENSG00000179528	
ENSG00000226180	1	ENSG00000226180	
POGK	1	ENSG00000143157	
IGHVII-22-1	1	ENSG00000253345	
CIB4	1	ENSG00000157884	
CIB3	1	ENSG00000141977	
CIB2	1	ENSG00000136425	
CIB1	1	ENSG00000185043	
FAM186B	1	ENSG00000135436	
POGZ	1	ENSG00000143442	
FAM186A	1	ENSG00000185958	
IKBKE-AS1	1	ENSG00000162888	
MEIOC	1	ENSG00000180336	
MEIOB	1	ENSG00000162039	
ENSG00000251143	1	ENSG00000251143	
ENSG00000287103	1	ENSG00000287103	
CFAP418	1	ENSG00000156172	
TRBV25OR9-2	1	ENSG00000240215	
SDK1-AS1	1	ENSG00000236708	
SORCS3-AS1	1	ENSG00000226387	
CFAP410	1	ENSG00000160226	
WDR5-DT	1	ENSG00000273249	
ILVBL	1	ENSG00000105135	
KIAA2026	1	ENSG00000183354	
RPL7L1	1	ENSG00000146223	
FAM185A	1	ENSG00000222011	
EOGT	1	ENSG00000163378	
H6PD	1	ENSG00000049239	
NID1	1	ENSG00000116962	
NID2	1	ENSG00000087303	
HHATL-AS1	1	ENSG00000230970	
SDCBP	1	ENSG00000137575	
ENSG00000238185	1	ENSG00000238185	
HSPA9	1	ENSG00000113013	
HSPA8	1	ENSG00000109971	
HSPA5	1	ENSG00000044574	
LRRC75B	1	ENSG00000178026	
HSPA4	1	ENSG00000170606	
LRRC75A	1	ENSG00000181350	
PTCH1	1	ENSG00000185920	
PTCH2	1	ENSG00000117425	
HSPA6	1	ENSG00000173110	
HSPA2	1	ENSG00000126803	
SOCAR	1	ENSG00000240350	
FAM187A	1	ENSG00000214447	
FAM187B	1	ENSG00000177558	
ANKRD44-IT1	1	ENSG00000236977	
PBOV1	1	ENSG00000254440	
HSPB9	1	ENSG00000260325	
HSPB6	1	ENSG00000004776	
LRRC74A	1	ENSG00000100565	
HSPB8	1	ENSG00000152137	
HSPB7	1	ENSG00000173641	
LRRC74B	1	ENSG00000187905	
HSPB2	1	ENSG00000170276	
HSPB1	1	ENSG00000106211	
HSPB3	1	ENSG00000169271	
UBE2Q2P16	1	ENSG00000259511	
STX18-AS1	1	ENSG00000247708	
POLB	1	ENSG00000070501	
ALDH2	1	ENSG00000111275	
POLI	1	ENSG00000101751	
POLL	1	ENSG00000166169	
POLK	1	ENSG00000122008	
GUSB	1	ENSG00000169919	
POLE	1	ENSG00000177084	
KAZN-AS1	1	ENSG00000234593	
POLH	1	ENSG00000170734	
POLG	1	ENSG00000140521	
CENATAC	1	ENSG00000186166	
CTPS2	1	ENSG00000047230	
RNF208	1	ENSG00000212864	
CTPS1	1	ENSG00000171793	
THBS1-IT1	1	ENSG00000276107	
RNF207	1	ENSG00000158286	
GCSAML	1	ENSG00000169224	
KCNA10	1	ENSG00000143105	
PON3	1	ENSG00000105852	
BAIAP2-DT	1	ENSG00000226137	
PON2	1	ENSG00000105854	
PON1	1	ENSG00000005421	
POMP	1	ENSG00000132963	
LCAT	1	ENSG00000213398	
HSPD1	1	ENSG00000144381	
ACAN	1	ENSG00000157766	
NRIP2	1	ENSG00000053702	
NRIP1	1	ENSG00000180530	
NRIP3	1	ENSG00000175352	
ENSG00000253782	1	ENSG00000253782	
PTCD3	1	ENSG00000132300	
POLQ	1	ENSG00000051341	
PTCD1	1	ENSG00000106246	
PTCD2	1	ENSG00000049883	
POLN	1	ENSG00000130997	
NIFK	1	ENSG00000155438	
POLM	1	ENSG00000122678	
LCA5	1	ENSG00000135338	
TSPEAR	1	ENSG00000175894	
ENSG00000226172	1	ENSG00000226172	
MEIS3	1	ENSG00000105419	
HSPE1	1	ENSG00000115541	
MEIS2	1	ENSG00000134138	
POMC	1	ENSG00000115138	
MEIS1	1	ENSG00000143995	
PMP22	1	ENSG00000109099	
POMK	1	ENSG00000185900	
POP5	1	ENSG00000167272	
POP7	1	ENSG00000172336	
POP1	1	ENSG00000104356	
PRR11-AS1	1	ENSG00000265415	
POP4	1	ENSG00000105171	
GRASLND	1	ENSG00000228203	
ACCS	1	ENSG00000110455	
F11R	1	ENSG00000158769	
NTRAS	1	ENSG00000227764	
MINDY2-DT	1	ENSG00000245975	
ACE2	1	ENSG00000130234	
ENSG00000226355	1	ENSG00000226355	
THAP7-AS1	1	ENSG00000230513	
CIROP	1	ENSG00000283654	
LCDR	1	ENSG00000273148	
ENSG00000251314	1	ENSG00000251314	
NNT-AS1	1	ENSG00000248092	
B4GAT1	1	ENSG00000174684	
CILP	1	ENSG00000138615	
F13B	1	ENSG00000143278	
ACHE	1	ENSG00000087085	
MTMR10	1	ENSG00000166912	
MTMR12	1	ENSG00000150712	
MTMR11	1	ENSG00000014914	
MTMR14	1	ENSG00000163719	
GALNT7-DT	1	ENSG00000245213	
GGTLC2	1	ENSG00000100121	
PCMTD2	1	ENSG00000203880	
GGTLC1	1	ENSG00000149435	
CHAF1B	1	ENSG00000159259	
CHAF1A	1	ENSG00000167670	
PDCD6IP-DT	1	ENSG00000271643	
SV2C-AS1	1	ENSG00000248127	
CEP83-DT	1	ENSG00000278916	
NINL	1	ENSG00000101004	
PCMTD1	1	ENSG00000168300	
GGTLC3	1	ENSG00000274252	
EPS15L1	1	ENSG00000127527	
SETSIP	1	ENSG00000230667	
SLC35F3-AS1	1	ENSG00000236244	
POC1B-AS1	1	ENSG00000270344	
CINP	1	ENSG00000100865	
POT1	1	ENSG00000128513	
ACSBG1	1	ENSG00000103740	
ACSBG2	1	ENSG00000130377	
NIP7	1	ENSG00000132603	
CIPC	1	ENSG00000198894	
LERFS	1	ENSG00000234665	
GOLM2	1	ENSG00000166734	
GOLM1	1	ENSG00000135052	
TTC30B	1	ENSG00000196659	
RMEL3	1	ENSG00000250961	
TTC30A	1	ENSG00000197557	
YPEL1	1	ENSG00000100027	
YPEL5	1	ENSG00000119801	
PTF1A	1	ENSG00000168267	
CRLF3	1	ENSG00000176390	
YPEL4	1	ENSG00000166793	
CRLF1	1	ENSG00000006016	
YPEL3	1	ENSG00000090238	
MIXL1	1	ENSG00000185155	
YPEL2	1	ENSG00000175155	
CRLF2	1	ENSG00000205755	
EFCAB14-AS1	1	ENSG00000228237	
SLC27A1	1	ENSG00000130304	
HIKESHI	1	ENSG00000149196	
ATXN3L	1	ENSG00000123594	
CIR1	1	ENSG00000138433	
IGHEP1	1	ENSG00000253692	
TENM3-AS1	1	ENSG00000177822	
IGHEP2	1	ENSG00000254017	
CISH	1	ENSG00000114737	
ATXN2L	1	ENSG00000168488	
ACLY	1	ENSG00000131473	
SLC27A6	1	ENSG00000113396	
SLC27A3	1	ENSG00000143554	
SLC27A2	1	ENSG00000140284	
SLC27A5	1	ENSG00000083807	
SLC27A4	1	ENSG00000167114	
LCN9	1	ENSG00000148386	
LCN8	1	ENSG00000204001	
CYP2C19	1	ENSG00000165841	
CYP2C18	1	ENSG00000108242	
HSP90B1	1	ENSG00000166598	
IGSF22	1	ENSG00000179057	
PCGF3-AS1	1	ENSG00000249592	
IGSF21	1	ENSG00000117154	
IGSF23	1	ENSG00000216588	
DHRS4-AS1	1	ENSG00000215256	
ZFAND2A-DT	1	ENSG00000229043	
AGXT2	1	ENSG00000113492	
IGSF11	1	ENSG00000144847	
IGSF10	1	ENSG00000152580	
DMXL1	1	ENSG00000172869	
DMXL2	1	ENSG00000104093	
LCN2	1	ENSG00000148346	
LCN1	1	ENSG00000160349	
ACO1	1	ENSG00000122729	
ACO2	1	ENSG00000100412	
NIT1	1	ENSG00000158793	
LCN6	1	ENSG00000267206	
NIT2	1	ENSG00000114021	
PTCSC2	1	ENSG00000236130	
PTCSC1	1	ENSG00000287736	
MCFD2	1	ENSG00000180398	
PTCSC3	1	ENSG00000259104	
PPP1R35-AS1	1	ENSG00000240211	
DIS3L-AS1	1	ENSG00000261318	
ACP6	1	ENSG00000162836	
ACP7	1	ENSG00000183760	
LLPH-DT	1	ENSG00000239335	
ACP4	1	ENSG00000142513	
ACP5	1	ENSG00000102575	
ACP2	1	ENSG00000134575	
ACP3	1	ENSG00000014257	
ACP1	1	ENSG00000143727	
EIF5A	1	ENSG00000132507	
EIF5B	1	ENSG00000158417	
APRG1	1	ENSG00000198590	
LCOR	1	ENSG00000196233	
LCP2	1	ENSG00000043462	
SLC24A3-AS1	1	ENSG00000179447	
LCP1	1	ENSG00000136167	
SCOC-AS1	1	ENSG00000196951	
MGRN1	1	ENSG00000102858	
ATXN1L	1	ENSG00000224470	
EIF4H	1	ENSG00000106682	
EIF4E	1	ENSG00000151247	
EIF4B	1	ENSG00000063046	
NTRK1	1	ENSG00000198400	
NTRK2	1	ENSG00000148053	
NHS-AS1	1	ENSG00000230020	
CIZ1	1	ENSG00000148337	
NTRK3	1	ENSG00000140538	
TTC39C	1	ENSG00000168234	
TTC39A	1	ENSG00000085831	
TTC39B	1	ENSG00000155158	
EIF3M	1	ENSG00000149100	
MCM3AP	1	ENSG00000160294	
EIF3K	1	ENSG00000178982	
EIF3L	1	ENSG00000100129	
RRAGAP1-AS1	1	ENSG00000258633	
EIF3I	1	ENSG00000084623	
EIF3J	1	ENSG00000104131	
EIF3G	1	ENSG00000130811	
EIF3H	1	ENSG00000147677	
EIF3E	1	ENSG00000104408	
ATXN10	1	ENSG00000130638	
EIF3F	1	ENSG00000175390	
EIF3C	1	ENSG00000184110	
EIF3D	1	ENSG00000100353	
EIF3A	1	ENSG00000107581	
EIF3B	1	ENSG00000106263	
ENSG00000228919	1	ENSG00000228919	
PRKCQ-AS1	1	ENSG00000237943	
ANKRD20A3P	1	ENSG00000276203	
PPAN	1	ENSG00000130810	
NFIA-AS2	1	ENSG00000237928	
NFIA-AS1	1	ENSG00000237853	
LCTL	1	ENSG00000188501	
ACTB	1	ENSG00000075624	
PPAT	1	ENSG00000128059	
PIEZO2	1	ENSG00000154864	
PIEZO1	1	ENSG00000103335	
EPC1	1	ENSG00000120616	
EPC2	1	ENSG00000135999	
EIF2D	1	ENSG00000143486	
EIF2A	1	ENSG00000144895	
CTRB2	1	ENSG00000168928	
CTRB1	1	ENSG00000168925	
WASL-DT	1	ENSG00000272686	
CIRBP	1	ENSG00000099622	
ISLR2	1	ENSG00000167178	
CSNK1D	1	ENSG00000141551	
CSNK1E	1	ENSG00000213923	
PPA2	1	ENSG00000138777	
PPA1	1	ENSG00000180817	
CSNK2B	1	ENSG00000204435	
OR2AT4	1	ENSG00000171561	
ANKRD20A4P	1	ENSG00000172014	
EIF1B	1	ENSG00000114784	
ENSG00000287277	1	ENSG00000287277	
KALRN	1	ENSG00000160145	
PPCS	1	ENSG00000127125	
XRRA1	1	ENSG00000166435	
KRTAP8-1	1	ENSG00000183640	
RAB27A	1	ENSG00000069974	
IFFO2	1	ENSG00000169991	
RAB27B	1	ENSG00000041353	
PPBP	1	ENSG00000163736	
IFFO1	1	ENSG00000010295	
IL1F10	1	ENSG00000136697	
LOC124905349	1	ENSG00000224272	
FARS2-AS1	1	ENSG00000269985	
ENSG00000287281	1	ENSG00000287281	
IGSF9B	1	ENSG00000080854	
TRGJP1	1	ENSG00000211692	
TRGJP2	1	ENSG00000211688	
ENSG00000287258	1	ENSG00000287258	
HSD17B3-AS1	1	ENSG00000232283	
ACY3	1	ENSG00000132744	
ENSG00000287255	1	ENSG00000287255	
ACY1	1	ENSG00000243989	
STAU2-AS1	1	ENSG00000253302	
RAB22A	1	ENSG00000124209	
ENSG00000287259	1	ENSG00000287259	
ERMARD	1	ENSG00000130023	
EPG5	1	ENSG00000152223	
PBRM1	1	ENSG00000163939	
ENSG00000287260	1	ENSG00000287260	
ITPKB-IT1	1	ENSG00000228382	
ENSG00000287235	1	ENSG00000287235	
ENSG00000287232	1	ENSG00000287232	
TMEM263-DT	1	ENSG00000260329	
FAM177A1	1	ENSG00000151327	
EPGN	1	ENSG00000182585	
HELLPAR	1	ENSG00000281344	
DNAH8-DT	1	ENSG00000236355	
IGLVIV-65	1	ENSG00000254161	
IGLVIV-64	1	ENSG00000253242	
LHX5-AS1	1	ENSG00000257935	
ENSG00000287215	1	ENSG00000287215	
SCHLAP1	1	ENSG00000281131	
IGHD1-14	1	ENSG00000227108	
ENSG00000287225	1	ENSG00000287225	
IGLVIV-59	1	ENSG00000254308	
TRBV22-1	1	ENSG00000240578	
SLX4IP	1	ENSG00000149346	
IGLVIV-53	1	ENSG00000253935	
DLGAP1-AS3	1	ENSG00000263724	
SCNN1G	1	ENSG00000166828	
DLGAP1-AS2	1	ENSG00000262001	
DLGAP1-AS1	1	ENSG00000177337	
SCNN1D	1	ENSG00000162572	
SCNN1B	1	ENSG00000168447	
IGHD1-20	1	ENSG00000237020	
SCNN1A	1	ENSG00000111319	
PPIF	1	ENSG00000108179	
HHIPL2	1	ENSG00000143512	
IGHD1-26	1	ENSG00000211907	
PPIE	1	ENSG00000084072	
ANKS6	1	ENSG00000165138	
HHIPL1	1	ENSG00000182218	
PPIH	1	ENSG00000171960	
PPIG	1	ENSG00000138398	
PPIB	1	ENSG00000166794	
PPIA	1	ENSG00000196262	
PPID	1	ENSG00000171497	
DLGAP1-AS5	1	ENSG00000261520	
PPIC	1	ENSG00000168938	
DLGAP1-AS4	1	ENSG00000263878	
HIGD1A	1	ENSG00000181061	
HIGD1B	1	ENSG00000131097	
NCKIPSD	1	ENSG00000213672	
RWDD3-DT	1	ENSG00000226026	
HIGD1C	1	ENSG00000214511	
OR2AK2	1	ENSG00000187080	
SPRY4-AS1	1	ENSG00000231185	
ENSG00000287201	1	ENSG00000287201	
ADA2	1	ENSG00000093072	
HIGD2B	1	ENSG00000175202	
HIGD2A	1	ENSG00000146066	
OR2AJ1	1	ENSG00000177275	
MELTF	1	ENSG00000163975	
MS4A5	1	ENSG00000166930	
CUEDC2	1	ENSG00000107874	
MS4A3	1	ENSG00000149516	
LDB1	1	ENSG00000198728	
C12orf4	1	ENSG00000047621	
MS4A8	1	ENSG00000166959	
NGLY1	1	ENSG00000151092	
MS4A7	1	ENSG00000166927	
LDB3	1	ENSG00000122367	
ADAR	1	ENSG00000160710	
LDB2	1	ENSG00000169744	
GUCY2C-AS1	1	ENSG00000214772	
ADAL	1	ENSG00000168803	
UCHL1-DT	1	ENSG00000251173	
SYP-AS1	1	ENSG00000237341	
EPN1	1	ENSG00000063245	
EPN2	1	ENSG00000072134	
EPN3	1	ENSG00000049283	
ENSG00000251218	1	ENSG00000251218	
GALNT16-AS1	1	ENSG00000258957	
OR2B11	1	ENSG00000177535	
OR2AP1	1	ENSG00000179615	
LDAH	1	ENSG00000118961	
MS4A2	1	ENSG00000149534	
MS4A1	1	ENSG00000156738	
CUEDC1	1	ENSG00000180891	
ENSG00000253871	1	ENSG00000253871	
AGPAT5	1	ENSG00000155189	
ANKS3	1	ENSG00000168096	
PPOX	1	ENSG00000143224	
ADD3	1	ENSG00000148700	
AGPAT1	1	ENSG00000204310	
UBOX5-AS1	1	ENSG00000235958	
AGPAT2	1	ENSG00000169692	
ADD1	1	ENSG00000087274	
AGPAT3	1	ENSG00000160216	
AGPAT4	1	ENSG00000026652	
ADD2	1	ENSG00000075340	
WDCP	1	ENSG00000163026	
ANKRD20A2P	1	ENSG00000183148	
SSRP1	1	ENSG00000149136	
CERS6-AS1	1	ENSG00000227617	
EPOP	1	ENSG00000273604	
EPOR	1	ENSG00000187266	
ENSG00000251239	1	ENSG00000251239	
ACKR4	1	ENSG00000129048	
MSL3-DT	1	ENSG00000282840	
ACKR3	1	ENSG00000144476	
ACKR2	1	ENSG00000144648	
ACKR1	1	ENSG00000213088	
ENSG00000253894	1	ENSG00000253894	
LMX1B-DT	1	ENSG00000224842	
ARHGEF26-AS1	1	ENSG00000243069	
ARPC5L	1	ENSG00000136950	
EPS8	1	ENSG00000151491	
MVP-DT	1	ENSG00000238045	
BLACE	1	ENSG00000204960	
ADGB	1	ENSG00000118492	
SLC9A3R1-AS1	1	ENSG00000266036	
C21orf62-AS1	1	ENSG00000205930	
OOEP-AS1	1	ENSG00000231332	
CISTR	1	ENSG00000260492	
ANAPC13	1	ENSG00000129055	
ANAPC15	1	ENSG00000110200	
ANAPC16	1	ENSG00000166295	
MIR548A1HG	1	ENSG00000283408	
C10orf62	1	ENSG00000203942	
ADH7	1	ENSG00000196344	
ANAPC10	1	ENSG00000164162	
ADH5	1	ENSG00000197894	
ANAPC11	1	ENSG00000141552	
ACMSD	1	ENSG00000153086	
ADH6	1	ENSG00000172955	
ENSG00000226484	1	ENSG00000226484	
DICER1-AS1	1	ENSG00000235706	
LDHC	1	ENSG00000166796	
LDHB	1	ENSG00000111716	
ADH4	1	ENSG00000198099	
LDHA	1	ENSG00000134333	
ZFPM2-AS1	1	ENSG00000251003	
LDHD	1	ENSG00000166816	
C10orf55	1	ENSG00000222047	
C10orf53	1	ENSG00000178645	
RERE-AS1	1	ENSG00000232912	
RMDN3	1	ENSG00000137824	
RMDN2	1	ENSG00000115841	
RMDN1	1	ENSG00000176623	
FOSL2	1	ENSG00000075426	
FOSL1	1	ENSG00000175592	
ADI1	1	ENSG00000182551	
MAGEA8-AS1	1	ENSG00000230899	
TOLLIP	1	ENSG00000078902	
PPT1	1	ENSG00000131238	
PPT2	1	ENSG00000221988	
C10orf82	1	ENSG00000165863	
EMSLR	1	ENSG00000232445	
GMEB1	1	ENSG00000162419	
GMEB2	1	ENSG00000101216	
ARPC1B	1	ENSG00000130429	
ARPC1A	1	ENSG00000241685	
GLYCTK-AS1	1	ENSG00000242797	
ADIG	1	ENSG00000182035	
C10orf71	1	ENSG00000177354	
SHPRH	1	ENSG00000146414	
C10orf67	1	ENSG00000179133	
ATP2C2-AS1	1	ENSG00000261286	
TP53TG3	1	ENSG00000183632	
EPYC	1	ENSG00000083782	
TP53TG1	1	ENSG00000182165	
TP53TG5	1	ENSG00000124251	
LDLR	1	ENSG00000130164	
C10orf90	1	ENSG00000154493	
C10orf95	1	ENSG00000120055	
EPM2A-DT	1	ENSG00000235652	
ENSG00000226454	1	ENSG00000226454	
ADM5	1	ENSG00000224420	
ADM2	1	ENSG00000128165	
TOX-DT	1	ENSG00000167912	
C10orf88	1	ENSG00000119965	
KLKB1	1	ENSG00000164344	
TRMT61A-DT	1	ENSG00000260285	
CCT8L2	1	ENSG00000198445	
RPL10L	1	ENSG00000165496	
RPL10A	1	ENSG00000198755	
CT47C1	1	ENSG00000277535	
IGHV4-80	1	ENSG00000283906	
MIX23	1	ENSG00000160124	
TTC21A	1	ENSG00000168026	
MINDY4B	1	ENSG00000214237	
MYLK-AS2	1	ENSG00000250174	
MYLK-AS1	1	ENSG00000239523	
AAGAB	1	ENSG00000103591	
ADNP	1	ENSG00000101126	
BRSK1	1	ENSG00000160469	
SLC26A2	1	ENSG00000155850	
BRSK2	1	ENSG00000174672	
SLC26A1	1	ENSG00000145217	
TGFB2-AS1	1	ENSG00000232480	
IGHV4-55	1	ENSG00000254395	
KLHL6-AS1	1	ENSG00000242522	
IGHV4-59	1	ENSG00000224373	
HSPBP1	1	ENSG00000133265	
TBX5-AS1	1	ENSG00000255399	
TTC21B	1	ENSG00000123607	
SRGAP3	1	ENSG00000196220	
SRGAP2	1	ENSG00000266028	
SRGAP1	1	ENSG00000196935	
ZNF84-DT	1	ENSG00000246394	
IGHV4-61	1	ENSG00000211970	
YJU2	1	ENSG00000105248	
SAP30L-AS1	1	ENSG00000245275	
MAFG-AS1	1	ENSG00000264769	
SLC7A6OS	1	ENSG00000103061	
SLC26A8	1	ENSG00000112053	
SLC26A7	1	ENSG00000147606	
SLC26A9	1	ENSG00000174502	
SLC26A4	1	ENSG00000091137	
SLC26A3	1	ENSG00000091138	
SLC26A6	1	ENSG00000225697	
SLC26A5	1	ENSG00000170615	
IGHV4-31	1	ENSG00000231475	
WDR1	1	ENSG00000071127	
WDR3	1	ENSG00000065183	
WDR4	1	ENSG00000160193	
IGHV4-34	1	ENSG00000211956	
IGHV4-39	1	ENSG00000211959	
H1-10	1	ENSG00000184897	
WDR5	1	ENSG00000196363	
WDR6	1	ENSG00000178252	
WDR7	1	ENSG00000091157	
HPN-AS1	1	ENSG00000227392	
TTC23L	1	ENSG00000205838	
ADSL	1	ENSG00000239900	
DHX35-DT	1	ENSG00000261431	
RPL13A	1	ENSG00000142541	
TFDP1	1	ENSG00000198176	
ZMIZ1-AS1	1	ENSG00000224596	
TFDP2	1	ENSG00000114126	
TFDP3	1	ENSG00000183434	
CNTNAP5-DT	1	ENSG00000228400	
MARCHF11-AS1	1	ENSG00000250981	
IGHV4-28	1	ENSG00000211952	
CACNA2D1-AS1	1	ENSG00000223770	
LOC102723313	1	ENSG00000248896	
CISD1	1	ENSG00000122873	
CISD2	1	ENSG00000145354	
PPP2R2A	1	ENSG00000221914	
CISD3	1	ENSG00000277972	
TP53AIP1	1	ENSG00000120471	
RPL18A	1	ENSG00000105640	
PPP2R1B	1	ENSG00000137713	
PPP2R1A	1	ENSG00000105568	
SEPHS1	1	ENSG00000086475	
SEPHS2	1	ENSG00000179918	
ICOSLG	1	ENSG00000160223	
GPR37L1	1	ENSG00000170075	
MAPK8IP2	1	ENSG00000008735	
MAPK8IP3	1	ENSG00000138834	
MAPK8IP1	1	ENSG00000121653	
EFCAB6-AS1	1	ENSG00000223843	
USP12-DT	1	ENSG00000230641	
RFPL4AL1	1	ENSG00000229292	
THCAT155	1	ENSG00000287243	
ENSG00000287397	1	ENSG00000287397	
ENSG00000287396	1	ENSG00000287396	
IGFBP7-AS1	1	ENSG00000245067	
ENSG00000287376	1	ENSG00000287376	
ZFAND2A	1	ENSG00000178381	
BASP1-AS1	1	ENSG00000215196	
ZFAND2B	1	ENSG00000158552	
NKAP	1	ENSG00000101882	
KRTAP9-7	1	ENSG00000180386	
KRTAP9-6	1	ENSG00000212659	
KRTAP9-4	1	ENSG00000241595	
KRTAP9-3	1	ENSG00000204873	
KRTAP9-2	1	ENSG00000239886	
KRTAP9-1	1	ENSG00000240542	
GFRA1	1	ENSG00000151892	
GFRA3	1	ENSG00000146013	
GFRA2	1	ENSG00000168546	
KRTAP9-9	1	ENSG00000198083	
GFRA4	1	ENSG00000125861	
KRTAP9-8	1	ENSG00000187272	
PICSAR	1	ENSG00000275874	
CNEP1R1	1	ENSG00000205423	
GFRAL	1	ENSG00000187871	
SMIM10L2B-AS1	1	ENSG00000228372	
CT47A9	1	ENSG00000226600	
CT47A5	1	ENSG00000237957	
CT47A6	1	ENSG00000226023	
CT47A7	1	ENSG00000228517	
CT47A8	1	ENSG00000230347	
ENSG00000287350	1	ENSG00000287350	
CT47A1	1	ENSG00000236371	
CT47A2	1	ENSG00000242362	
CT47A3	1	ENSG00000236126	
CT47A4	1	ENSG00000230594	
NKD1	1	ENSG00000140807	
ENSG00000287359	1	ENSG00000287359	
NKD2	1	ENSG00000145506	
SPTSSB	1	ENSG00000196542	
SPTSSA	1	ENSG00000165389	
KANSL1L	1	ENSG00000144445	
SH3BGR	1	ENSG00000185437	
ATP5PF	1	ENSG00000154723	
MYEF2	1	ENSG00000104177	
ATP5PD	1	ENSG00000167863	
ENSG00000287364	1	ENSG00000287364	
ATP5PB	1	ENSG00000116459	
RAB11A	1	ENSG00000103769	
RAB11B	1	ENSG00000185236	
CT47B1	1	ENSG00000236446	
ATP5PO	1	ENSG00000241837	
ITPRIP	1	ENSG00000148841	
ENSG00000287331	1	ENSG00000287331	
DCAF8L1	1	ENSG00000226372	
DCAF8L2	1	ENSG00000189186	
ENSG00000287337	1	ENSG00000287337	
IGKV1OR2-108	1	ENSG00000231292	
PGR-AS1	1	ENSG00000282728	
ENSG00000287346	1	ENSG00000287346	
ENSG00000287345	1	ENSG00000287345	
ENSG00000287342	1	ENSG00000287342	
ENSG00000287340	1	ENSG00000287340	
ALG14	1	ENSG00000172339	
ALG13	1	ENSG00000101901	
ALG12	1	ENSG00000182858	
ALG11	1	ENSG00000253710	
ALG10	1	ENSG00000139133	
IGKV1OR2-118	1	ENSG00000270999	
FBLN7	1	ENSG00000144152	
ENSG00000287313	1	ENSG00000287313	
ENSG00000263382	1	ENSG00000263382	
FBLN1	1	ENSG00000077942	
FBLN2	1	ENSG00000163520	
HMBOX1-IT1	1	ENSG00000259196	
FBLN5	1	ENSG00000140092	
ENSG00000287314	1	ENSG00000287314	
SCUBE2	1	ENSG00000175356	
SCUBE3	1	ENSG00000146197	
SCUBE1	1	ENSG00000159307	
UAP1L1	1	ENSG00000197355	
ATP5MK	1	ENSG00000173915	
RPRD1B	1	ENSG00000101413	
ATP5MJ	1	ENSG00000156411	
RPRD1A	1	ENSG00000141425	
ATP5MG	1	ENSG00000167283	
ATP5MF	1	ENSG00000241468	
ATP5ME	1	ENSG00000169020	
TRBV21-1	1	ENSG00000251578	
RHBDD3	1	ENSG00000100263	
HAND2-AS1	1	ENSG00000237125	
RHBDD2	1	ENSG00000005486	
RHBDD1	1	ENSG00000144468	
LRRC52-AS1	1	ENSG00000237463	
NKG7	1	ENSG00000105374	
CRLS1	1	ENSG00000088766	
ENSG00000287326	1	ENSG00000287326	
ENSG00000287325	1	ENSG00000287325	
SOWAHB	1	ENSG00000186212	
SOWAHC	1	ENSG00000198142	
SOWAHD	1	ENSG00000187808	
FBLL1	1	ENSG00000188573	
GNA15-DT	1	ENSG00000267551	
PPP2R5E	1	ENSG00000154001	
MCF2L	1	ENSG00000126217	
SPEGNB	1	ENSG00000286095	
CPLANE1-AS1	1	ENSG00000286193	
RHBDF1	1	ENSG00000007384	
ENSG00000287300	1	ENSG00000287300	
L3MBTL4-AS1	1	ENSG00000264707	
MYEOV	1	ENSG00000172927	
RHBDF2	1	ENSG00000129667	
PPP2R5B	1	ENSG00000068971	
PPP2R5A	1	ENSG00000066027	
PPP2R5D	1	ENSG00000112640	
PPP2R5C	1	ENSG00000078304	
PPIC-AS1	1	ENSG00000249996	
ENSG00000287305	1	ENSG00000287305	
SOWAHA	1	ENSG00000198944	
MIR2117HG	1	ENSG00000267151	
STOML3	1	ENSG00000133115	
STOML2	1	ENSG00000165283	
STOML1	1	ENSG00000067221	
ABRAXAS1	1	ENSG00000163322	
LEF1	1	ENSG00000138795	
ETFDH	1	ENSG00000171503	
ABRAXAS2	1	ENSG00000165660	
IGLVVII-41-1	1	ENSG00000254073	
IGHD4OR15-4A	1	ENSG00000271317	
PPP2R3C	1	ENSG00000092020	
IGHD4OR15-4B	1	ENSG00000270451	
PPP2R3B	1	ENSG00000167393	
PPP2R3A	1	ENSG00000073711	
WEE1	1	ENSG00000166483	
WEE2	1	ENSG00000214102	
PPP2R2C	1	ENSG00000074211	
PPP2R2B	1	ENSG00000156475	
IER5L-AS1	1	ENSG00000204055	
PPP2R2D	1	ENSG00000175470	
CKLF	1	ENSG00000217555	
CYBC1	1	ENSG00000178927	
PGAP1	1	ENSG00000197121	
PGAP2	1	ENSG00000148985	
PGAP3	1	ENSG00000161395	
EQTN	1	ENSG00000120160	
PGAP4	1	ENSG00000165152	
IGHVII-26-2	1	ENSG00000253482	
MCTP1-AS1	1	ENSG00000249545	
VOPP1-DT	1	ENSG00000223475	
PGAP6	1	ENSG00000129925	
CCBE1	1	ENSG00000183287	
LNCOC1	1	ENSG00000253741	
MRTFB	1	ENSG00000186260	
MRTFA	1	ENSG00000196588	
HDHD5	1	ENSG00000069998	
PDZK1	1	ENSG00000174827	
HDHD2	1	ENSG00000167220	
HDHD3	1	ENSG00000119431	
PRAP1	1	ENSG00000165828	
FBXO36-IT1	1	ENSG00000231534	
CNBD1	1	ENSG00000176571	
CNBD2	1	ENSG00000149646	
ETHE1	1	ENSG00000105755	
UQCRC1	1	ENSG00000010256	
SPARCL1	1	ENSG00000152583	
UQCRC2	1	ENSG00000140740	
NYAP1	1	ENSG00000166924	
ENSG00000263547	1	ENSG00000263547	
NCAPG	1	ENSG00000109805	
NYAP2	1	ENSG00000144460	
SLC30A10	1	ENSG00000196660	
NCAPH	1	ENSG00000121152	
RHBDL3	1	ENSG00000141314	
RHBDL2	1	ENSG00000158315	
PAQR5-DT	1	ENSG00000261634	
RHBDL1	1	ENSG00000103269	
MYH7B	1	ENSG00000078814	
LRRC36	1	ENSG00000159708	
LRRC34	1	ENSG00000171757	
LRRC38	1	ENSG00000162494	
LRRC39	1	ENSG00000122477	
PTH1R	1	ENSG00000160801	
LRRC32	1	ENSG00000137507	
LRRC30	1	ENSG00000206422	
LRRC31	1	ENSG00000114248	
LETM2	1	ENSG00000165046	
NKRF	1	ENSG00000186416	
SLC4A8-AS1	1	ENSG00000271065	
CGNL1	1	ENSG00000128849	
LRRC47	1	ENSG00000130764	
ZEB2-AS1	1	ENSG00000238057	
LRRC45	1	ENSG00000169683	
LRRC46	1	ENSG00000141294	
LRRC49	1	ENSG00000137821	
PGAM1	1	ENSG00000171314	
PGAM2	1	ENSG00000164708	
LRRC40	1	ENSG00000066557	
PTH2R	1	ENSG00000144407	
PTGR3	1	ENSG00000180011	
PTGR1	1	ENSG00000106853	
LRRC43	1	ENSG00000158113	
PTGR2	1	ENSG00000140043	
LRRC41	1	ENSG00000132128	
LRRC42	1	ENSG00000116212	
VAMP8	1	ENSG00000118640	
VAMP7	1	ENSG00000124333	
CKS2	1	ENSG00000123975	
VAMP1	1	ENSG00000139190	
PGAM4	1	ENSG00000226784	
PGAM5	1	ENSG00000247077	
VAMP4	1	ENSG00000117533	
LRRC3B	1	ENSG00000179796	
VAMP5	1	ENSG00000168899	
LRRC3C	1	ENSG00000204913	
LYPLAL1	1	ENSG00000143353	
VAMP2	1	ENSG00000220205	
VAMP3	1	ENSG00000049245	
LRRC14	1	ENSG00000160959	
KANK2	1	ENSG00000197256	
KANK1	1	ENSG00000107104	
LRRC15	1	ENSG00000172061	
LRRC18	1	ENSG00000165383	
LRRC19	1	ENSG00000184434	
LRRC17	1	ENSG00000128606	
PTGS2	1	ENSG00000073756	
LRRC10	1	ENSG00000198812	
PRAM1	1	ENSG00000133246	
PTGS1	1	ENSG00000095303	
EXTL2	1	ENSG00000162694	
EXTL1	1	ENSG00000158008	
LEO1	1	ENSG00000166477	
ANO10	1	ENSG00000160746	
PRAME	1	ENSG00000185686	
EXTL3	1	ENSG00000012232	
YKT6	1	ENSG00000106636	
NKTR	1	ENSG00000114857	
LRRC25	1	ENSG00000175489	
LRRC26	1	ENSG00000184709	
LRRC23	1	ENSG00000010626	
LRRC24	1	ENSG00000254402	
ANKRD30BL	1	ENSG00000163046	
SMAGP	1	ENSG00000170545	
LRRC27	1	ENSG00000148814	
LRRC28	1	ENSG00000168904	
LRRC20	1	ENSG00000172731	
LETM1	1	ENSG00000168924	
LRRC72	1	ENSG00000205858	
LRRC73	1	ENSG00000204052	
CRAMP1	1	ENSG00000007545	
LRRC70	1	ENSG00000186105	
LRRC71	1	ENSG00000160838	
PDLIM7-AS1	1	ENSG00000248996	
ASAH1-AS1	1	ENSG00000245281	
LCNL1	1	ENSG00000214402	
LETR1	1	ENSG00000248441	
LEPR	1	ENSG00000116678	
ENSG00000226506	1	ENSG00000226506	
SH3GLB1	1	ENSG00000097033	
SH3GLB2	1	ENSG00000148341	
NGF-AS1	1	ENSG00000228035	
ANAPC7	1	ENSG00000196510	
N4BP2L2-IT2	1	ENSG00000281026	
AKR1E2	1	ENSG00000165568	
MRTO4	1	ENSG00000053372	
ANAPC4	1	ENSG00000053900	
MIR670HG	1	ENSG00000235661	
ANAPC5	1	ENSG00000089053	
IGFALS	1	ENSG00000099769	
KANK4	1	ENSG00000132854	
ANAPC1	1	ENSG00000153107	
ANAPC2	1	ENSG00000176248	
KANK3	1	ENSG00000186994	
LRRC58	1	ENSG00000163428	
LRRC59	1	ENSG00000108829	
LRRC56	1	ENSG00000161328	
LRRC57	1	ENSG00000180979	
PLA2G4E-AS1	1	ENSG00000246740	
LRRC51	1	ENSG00000184154	
LRRC55	1	ENSG00000183908	
LRRC52	1	ENSG00000162763	
LRRC53	1	ENSG00000162621	
CRNDE	1	ENSG00000245694	
LRRC4C	1	ENSG00000148948	
LRRC4B	1	ENSG00000131409	
LRRC69	1	ENSG00000214954	
ROPN1L-AS1	1	ENSG00000250600	
LRRC61	1	ENSG00000127399	
LRRC66	1	ENSG00000188993	
LRRC63	1	ENSG00000173988	
NUTM2A-AS1	1	ENSG00000223482	
SLC25A1	1	ENSG00000100075	
SLC25A3	1	ENSG00000075415	
SLC25A2	1	ENSG00000120329	
IQCH-AS1	1	ENSG00000259673	
PRB4	1	ENSG00000230657	
FCGR3A	1	ENSG00000203747	
FCGR3B	1	ENSG00000162747	
GPR50-AS1	1	ENSG00000234696	
PRB1	1	ENSG00000251655	
PRB3	1	ENSG00000197870	
PRB2	1	ENSG00000121335	
ERC1	1	ENSG00000082805	
ERC2	1	ENSG00000187672	
VEZF1	1	ENSG00000136451	
TRPC5OS	1	ENSG00000204025	
MAD2L1-DT	1	ENSG00000250938	
SLC25A5	1	ENSG00000005022	
SLC25A4	1	ENSG00000151729	
SLC25A6	1	ENSG00000169100	
ERAS	1	ENSG00000187682	
RETNLB	1	ENSG00000163515	
PRCD	1	ENSG00000214140	
PRCC	1	ENSG00000143294	
USH1C	1	ENSG00000006611	
PRCP	1	ENSG00000137509	
SH3BP1	1	ENSG00000100092	
IFI16	1	ENSG00000163565	
SH3BP2	1	ENSG00000087266	
SH3BP5	1	ENSG00000131370	
LRRC8C	1	ENSG00000171488	
BEND3	1	ENSG00000178409	
SH3BP4	1	ENSG00000130147	
LRRC8D	1	ENSG00000171492	
BEND4	1	ENSG00000188848	
LRRC8A	1	ENSG00000136802	
D2HGDH	1	ENSG00000180902	
BEND2	1	ENSG00000177324	
LRRC8B	1	ENSG00000197147	
FCGR1A	1	ENSG00000150337	
BEND7	1	ENSG00000165626	
BEND5	1	ENSG00000162373	
LRRC8E	1	ENSG00000171017	
BEND6	1	ENSG00000151917	
CYB5B	1	ENSG00000103018	
CYB5A	1	ENSG00000166347	
UPK1A-AS1	1	ENSG00000226510	
ERAP2	1	ENSG00000164308	
MBOAT7	1	ENSG00000125505	
ERAP1	1	ENSG00000164307	
MBOAT1	1	ENSG00000172197	
MBOAT2	1	ENSG00000143797	
RPL23A	1	ENSG00000198242	
MBOAT4	1	ENSG00000177669	
USH2A	1	ENSG00000042781	
FCGR2A	1	ENSG00000143226	
USH1G	1	ENSG00000182040	
PRC1	1	ENSG00000198901	
FCGR2B	1	ENSG00000072694	
SMAP2	1	ENSG00000084070	
SMAP1	1	ENSG00000112305	
VLDLR-AS1	1	ENSG00000236404	
PREP	1	ENSG00000085377	
PRF1	1	ENSG00000180644	
KANTR	1	ENSG00000232593	
IFI35	1	ENSG00000068079	
ERFE	1	ENSG00000178752	
IFI30	1	ENSG00000216490	
LEXM	1	ENSG00000162398	
CCAR2	1	ENSG00000158941	
CCAR1	1	ENSG00000060339	
ERFL	1	ENSG00000268041	
UQCRFS1-DT	1	ENSG00000267498	
ZNF790-AS1	1	ENSG00000267254	
TM4SF5	1	ENSG00000142484	
TM4SF4	1	ENSG00000169903	
TM4SF1	1	ENSG00000169908	
EREG	1	ENSG00000124882	
CCAT2	1	ENSG00000280997	
SHTN1	1	ENSG00000187164	
SPTBN1-AS1	1	ENSG00000228108	
SPTBN1-AS2	1	ENSG00000238018	
IFI27	1	ENSG00000165949	
PREB	1	ENSG00000138073	
ACE2-DT	1	ENSG00000225833	
PRH2	1	ENSG00000134551	
PRH1	1	ENSG00000231887	
PGBD1	1	ENSG00000137338	
PGBD2	1	ENSG00000185220	
PGBD4	1	ENSG00000182405	
TSPAN8	1	ENSG00000127324	
PGBD5	1	ENSG00000177614	
TSPAN9	1	ENSG00000011105	
ERI1	1	ENSG00000104626	
TSPAN6	1	ENSG00000000003	
ERI2	1	ENSG00000196678	
ERI3	1	ENSG00000117419	
TSPAN7	1	ENSG00000156298	
TSPAN4	1	ENSG00000214063	
TSPAN5	1	ENSG00000168785	
TSPAN2	1	ENSG00000134198	
TSPAN3	1	ENSG00000140391	
TSPAN1	1	ENSG00000117472	
HMGCLL1	1	ENSG00000146151	
GTF2A1L	1	ENSG00000242441	
PRG2	1	ENSG00000186652	
IFI44	1	ENSG00000137965	
PRG4	1	ENSG00000116690	
ERAL1	1	ENSG00000132591	
PRG3	1	ENSG00000156575	
RPL27A	1	ENSG00000166441	
CDK6-AS1	1	ENSG00000237819	
GASK1A	1	ENSG00000144649	
GASK1B	1	ENSG00000164125	
AKR1B1	1	ENSG00000085662	
LYNX1	1	ENSG00000180155	
AKR1A1	1	ENSG00000117448	
AJAP1	1	ENSG00000196581	
GJD2-DT	1	ENSG00000250007	
PDZRN3	1	ENSG00000121440	
PDZRN4	1	ENSG00000165966	
TMPRSS9	1	ENSG00000178297	
PRKN	1	ENSG00000185345	
TMPRSS7	1	ENSG00000176040	
TMPRSS5	1	ENSG00000166682	
TMPRSS6	1	ENSG00000187045	
TMPRSS3	1	ENSG00000160183	
AKR1D1	1	ENSG00000122787	
TMPRSS4	1	ENSG00000137648	
TMPRSS2	1	ENSG00000184012	
PRKX	1	ENSG00000183943	
RXRB	1	ENSG00000204231	
RXRA	1	ENSG00000186350	
PRKY	1	ENSG00000099725	
DGLUCY	1	ENSG00000133943	
SLC28A3-AS1	1	ENSG00000233262	
PRLH	1	ENSG00000071677	
RXRG	1	ENSG00000143171	
TSNAX	1	ENSG00000116918	
RFTN2	1	ENSG00000162944	
ENSG00000287485	1	ENSG00000287485	
AKR1C1	1	ENSG00000187134	
RFTN1	1	ENSG00000131378	
AKR1C3	1	ENSG00000196139	
AKR1C2	1	ENSG00000151632	
AKR1C4	1	ENSG00000198610	
NLE1	1	ENSG00000073536	
AKR1C8	1	ENSG00000264006	
LOC105377488	2	ENSG00000248991:ENSG00000249184	
COX10-DT	1	ENSG00000236088	
UBQLN1-AS1	1	ENSG00000254473	
ITIH4-AS1	1	ENSG00000239799	
PLGLB1	1	ENSG00000183281	
PLGLB2	1	ENSG00000125551	
COA6-AS1	1	ENSG00000231663	
CLGN	1	ENSG00000153132	
TEPSIN	1	ENSG00000167302	
BAALC	1	ENSG00000164929	
PRND	1	ENSG00000171864	
PRM2	1	ENSG00000122304	
PRM1	1	ENSG00000175646	
DIMT1	1	ENSG00000086189	
SSU72	1	ENSG00000160075	
PRLR	1	ENSG00000113494	
PRM3	1	ENSG00000178257	
ERMN	1	ENSG00000136541	
PLA2G15	1	ENSG00000103066	
ERN1	1	ENSG00000178607	
ERN2	1	ENSG00000134398	
PLA2G10	1	ENSG00000069764	
CKMT2-AS1	1	ENSG00000247572	
PROZ	1	ENSG00000126231	
MCHR1	1	ENSG00000128285	
MCHR2	1	ENSG00000152034	
ENSG00000287435	1	ENSG00000287435	
DEAF1	1	ENSG00000177030	
NPHP1	1	ENSG00000144061	
DENND2B-AS1	1	ENSG00000255159	
ISOC1	1	ENSG00000066583	
NPHP3	1	ENSG00000113971	
CAMTA1	1	ENSG00000171735	
CAMTA2	1	ENSG00000108509	
NPHP4	1	ENSG00000131697	
ISOC2	1	ENSG00000063241	
PRPH	1	ENSG00000135406	
BEAN1-AS1	1	ENSG00000261656	
PRNP	1	ENSG00000171867	
ENSG00000263499	1	ENSG00000263499	
ENSG00000287440	1	ENSG00000287440	
CLK4	1	ENSG00000113240	
PRNT	1	ENSG00000180259	
CLK3	1	ENSG00000179335	
CLK2	1	ENSG00000176444	
CLK1	1	ENSG00000013441	
AFDN	1	ENSG00000130396	
PROC	1	ENSG00000115718	
EGFR-AS1	1	ENSG00000224057	
ENSG00000275464	1	ENSG00000275464	
ENSG00000275465	1	ENSG00000275465	
PRR5	1	ENSG00000186654	
ENSG00000287412	1	ENSG00000287412	
PRR4	1	ENSG00000111215	
PRR7	1	ENSG00000131188	
PRR3	1	ENSG00000204576	
AFF3	1	ENSG00000144218	
PRR9	1	ENSG00000203783	
AFF4	1	ENSG00000072364	
AFF1	1	ENSG00000172493	
AFF2	1	ENSG00000155966	
RNF212B	1	ENSG00000215277	
ELMO1-AS1	1	ENSG00000224101	
TRBV20-1	1	ENSG00000211747	
PLA2G4F	1	ENSG00000168907	
NCBP1	1	ENSG00000136937	
PLA2G4D	1	ENSG00000159337	
NCBP2	1	ENSG00000114503	
PLA2G4E	1	ENSG00000188089	
PLA2G4B	1	ENSG00000243708	
PLA2G4C	1	ENSG00000105499	
PLA2G4A	1	ENSG00000116711	
SSTR1	1	ENSG00000139874	
SSTR2	1	ENSG00000180616	
SSTR3	1	ENSG00000278195	
SSTR4	1	ENSG00000132671	
SSTR5	1	ENSG00000162009	
NCBP3	1	ENSG00000074356	
PLA2G1B	1	ENSG00000170890	
CRMP1	1	ENSG00000072832	
CLN8	1	ENSG00000182372	
PTHLH	1	ENSG00000087494	
CLN6	1	ENSG00000128973	
CLN5	1	ENSG00000102805	
HLCS-AS1	1	ENSG00000224790	
PRTG	1	ENSG00000166450	
CLN3	1	ENSG00000188603	
CLMP	1	ENSG00000166250	
CLMN	1	ENSG00000165959	
OR4F29	1	ENSG00000284733	
OR4F21	1	ENSG00000176269	
CCR5AS	1	ENSG00000223552	
PLA2G2F	1	ENSG00000158786	
S100G	1	ENSG00000169906	
PLA2G2D	1	ENSG00000117215	
PLA2G2E	1	ENSG00000188784	
PLA2G2C	1	ENSG00000187980	
PLA2G2A	1	ENSG00000188257	
S100B	1	ENSG00000160307	
UQCRHL	1	ENSG00000233954	
ENSG00000287403	1	ENSG00000287403	
OR4F17	1	ENSG00000176695	
OR4F16	1	ENSG00000284662	
OR4F15	1	ENSG00000182854	
LL22NC01-81G9.3	1	ENSG00000215403	
NPHS1	1	ENSG00000161270	
S100Z	1	ENSG00000171643	
NPHS2	1	ENSG00000116218	
CLNK	1	ENSG00000109684	
S100P	1	ENSG00000163993	
CLPB	1	ENSG00000162129	
RXFP4	1	ENSG00000173080	
BACH1	1	ENSG00000156273	
RXFP1	1	ENSG00000171509	
BACH2	1	ENSG00000112182	
RXFP2	1	ENSG00000133105	
RXFP3	1	ENSG00000182631	
IGLVI-38	1	ENSG00000253889	
TRAV23DV6	1	ENSG00000211803	
HENMT1	1	ENSG00000162639	
OR2AE1	1	ENSG00000244623	
CLP1	1	ENSG00000172409	
ST8SIA5-DT	1	ENSG00000270112	
DIP2A	1	ENSG00000160305	
DIP2B	1	ENSG00000066084	
DIP2C	1	ENSG00000151240	
ACOT9	1	ENSG00000123130	
ACOT8	1	ENSG00000101473	
ACOT7	1	ENSG00000097021	
LARP4B-DT	1	ENSG00000229869	
ENSG00000287629	1	ENSG00000287629	
HOGA1	1	ENSG00000241935	
CLPX	1	ENSG00000166855	
NISCH	1	ENSG00000010322	
DYNC1LI1	1	ENSG00000144635	
DYNC1LI2	1	ENSG00000135720	
ENSG00000251652	1	ENSG00000251652	
CLPS	1	ENSG00000137392	
IGLVI-42	1	ENSG00000254175	
CLPP	1	ENSG00000125656	
ANOS1	1	ENSG00000011201	
ACOT2	1	ENSG00000119673	
ACOT1	1	ENSG00000184227	
ACOT6	1	ENSG00000205669	
ACOT4	1	ENSG00000177465	
SYCP2L	1	ENSG00000153157	
HSPA4L	1	ENSG00000164070	
IGLVI-56	1	ENSG00000253126	
S100A16	1	ENSG00000188643	
S100A13	1	ENSG00000189171	
S100A12	1	ENSG00000163221	
S100A14	1	ENSG00000189334	
S100A11	1	ENSG00000163191	
PRY2	1	ENSG00000169807	
S100A10	1	ENSG00000197747	
IGLVI-68	1	ENSG00000254355	
VWA8-AS1	1	ENSG00000278338	
NPLOC4	1	ENSG00000182446	
IGLVI-63	1	ENSG00000253752	
CLTC	1	ENSG00000141367	
LPCAT1	1	ENSG00000153395	
CLTB	1	ENSG00000175416	
CLTA	1	ENSG00000122705	
KDM5C-IT1	1	ENSG00000235262	
LFNG	1	ENSG00000106003	
C17orf58	1	ENSG00000186665	
TNKS1BP1	1	ENSG00000149115	
C17orf50	1	ENSG00000270806	
HELZ-AS1	1	ENSG00000266473	
CLUH	1	ENSG00000132361	
BACE1	1	ENSG00000186318	
IGLV3-13	1	ENSG00000253590	
BACE2	1	ENSG00000182240	
IGLV3-15	1	ENSG00000253786	
IGLV3-16	1	ENSG00000211665	
C17orf49	1	ENSG00000258315	
IGLV3-10	1	ENSG00000211669	
IGLV3-12	1	ENSG00000211667	
IGLV3-17	1	ENSG00000253152	
IGLV3-19	1	ENSG00000211663	
PHLPP2	1	ENSG00000040199	
PHLPP1	1	ENSG00000081913	
IGLV3-30	1	ENSG00000253329	
HSPA14	1	ENSG00000187522	
HSPA13	1	ENSG00000155304	
ENSG00000226681	1	ENSG00000226681	
IGLV3-24	1	ENSG00000253822	
IGLV3-25	1	ENSG00000211659	
IGLV3-26	1	ENSG00000253913	
IGLV3-27	1	ENSG00000211658	
C17orf75	1	ENSG00000108666	
IGLV3-21	1	ENSG00000211662	
LNCNEF	1	ENSG00000237396	
PRDM16-DT	1	ENSG00000177133	
IGLV3-22	1	ENSG00000211661	
OR2AG1	1	ENSG00000279486	
OR2AG2	1	ENSG00000188124	
C17orf78	1	ENSG00000278505	
IGLV3-29	1	ENSG00000253338	
ENSG00000263611	1	ENSG00000263611	
SEPTIN1	1	ENSG00000180096	
HSPA1L	1	ENSG00000204390	
SEPTIN2	1	ENSG00000168385	
SEPTIN5	1	ENSG00000184702	
ENSG00000226690	1	ENSG00000226690	
SEPTIN6	1	ENSG00000125354	
SEPTIN3	1	ENSG00000100167	
SEPTIN4	1	ENSG00000108387	
SEPTIN9	1	ENSG00000184640	
BLCAP	1	ENSG00000166619	
SEPTIN7	1	ENSG00000122545	
SEPTIN8	1	ENSG00000164402	
RYBP	1	ENSG00000163602	
IGLV3-31	1	ENSG00000253920	
IGLVI-20	1	ENSG00000254240	
LPCAT4	1	ENSG00000176454	
IGLV3-32	1	ENSG00000211657	
LPCAT3	1	ENSG00000111684	
LPCAT2	1	ENSG00000087253	
C17orf67	1	ENSG00000214226	
HSPA1B	1	ENSG00000204388	
HSPA1A	1	ENSG00000204389	
CLXN	1	ENSG00000034239	
TUSC8	1	ENSG00000237361	
TUSC7	1	ENSG00000243197	
ATP8A2	1	ENSG00000132932	
ATP8A1	1	ENSG00000124406	
TUSC3	1	ENSG00000104723	
TUSC2	1	ENSG00000114383	
TUSC1	1	ENSG00000198680	
EPB41L4A-DT	1	ENSG00000278921	
AMMECR1-IT1	1	ENSG00000224142	
C17orf97	1	ENSG00000187624	
TTTY21B	1	ENSG00000237563	
C17orf98	1	ENSG00000275489	
C17orf99	1	ENSG00000187997	
GYG2	1	ENSG00000056998	
GYG1	1	ENSG00000163754	
IGFBP1	1	ENSG00000146678	
IGFBP5	1	ENSG00000115461	
IGFBP4	1	ENSG00000141753	
PDE4B-AS1	1	ENSG00000227466	
IGFBP3	1	ENSG00000146674	
ZBED3-AS1	1	ENSG00000250802	
IGFBP2	1	ENSG00000115457	
C2orf27A	1	ENSG00000287151	
RNF216-IT1	1	ENSG00000237738	
C17orf80	1	ENSG00000141219	
RASAL1	1	ENSG00000111344	
RASAL2	1	ENSG00000075391	
RASAL3	1	ENSG00000105122	
ENSG00000251600	1	ENSG00000251600	
STX5-DT	1	ENSG00000256690	
PSAP	1	ENSG00000197746	
IGFBP7	1	ENSG00000163453	
IGFBP6	1	ENSG00000167779	
ATP8B4	1	ENSG00000104043	
ATP8B3	1	ENSG00000130270	
ATP8B2	1	ENSG00000143515	
ATP8B1	1	ENSG00000081923	
WFS1	1	ENSG00000109501	
GON4L	1	ENSG00000116580	
SCCPDH	1	ENSG00000143653	
ESAM	1	ENSG00000149564	
MAP2K5-DT	1	ENSG00000270964	
FCGR1BP	1	ENSG00000198019	
RNPEPL1	1	ENSG00000142327	
PSCA	1	ENSG00000167653	
S100A7A	1	ENSG00000184330	
PSD2	1	ENSG00000146005	
PSD4	1	ENSG00000125637	
PSD3	1	ENSG00000156011	
LYST-AS1	1	ENSG00000229463	
SH3D19	1	ENSG00000109686	
MIR130AHG	1	ENSG00000254602	
RTN4RL2	1	ENSG00000186907	
TBX18-AS1	1	ENSG00000228290	
RTN4RL1	1	ENSG00000185924	
RPL37A	1	ENSG00000197756	
SLC24A2	1	ENSG00000155886	
SLC24A1	1	ENSG00000074621	
SLC24A4	1	ENSG00000140090	
SLC24A3	1	ENSG00000185052	
SFTPA2	1	ENSG00000185303	
UNC93B1	1	ENSG00000110057	
IL12A-AS1	1	ENSG00000244040	
RPL36A	1	ENSG00000241343	
JAKMIP1	1	ENSG00000152969	
LAGE3	1	ENSG00000196976	
JAKMIP3	1	ENSG00000188385	
JAKMIP2	1	ENSG00000176049	
ENSG00000214650	1	ENSG00000214650	
MIR3677HG	1	ENSG00000260778	
CMA1	1	ENSG00000092009	
RPL35A	1	ENSG00000182899	
LARGE-IT1	1	ENSG00000232081	
SH3D21	1	ENSG00000214193	
CROCC	1	ENSG00000058453	
ESF1	1	ENSG00000089048	
SFTPA1	1	ENSG00000122852	
SLC24A5	1	ENSG00000188467	
CMAS	1	ENSG00000111726	
SOGA3	1	ENSG00000214338	
SOGA1	1	ENSG00000149639	
OR2A42	1	ENSG00000212807	
PTGDS	1	ENSG00000107317	
PTGDR	1	ENSG00000168229	
SLC6A19	1	ENSG00000174358	
SLC6A18	1	ENSG00000164363	
CMC4	1	ENSG00000182712	
SLC6A17	1	ENSG00000197106	
SLC6A16	1	ENSG00000063127	
LMAN1L	1	ENSG00000140506	
SLC6A15	1	ENSG00000072041	
CMC2	1	ENSG00000103121	
CMC1	1	ENSG00000187118	
SLC6A14	1	ENSG00000268104	
SLC6A13	1	ENSG00000010379	
PSG1	1	ENSG00000231924	
ACOD1	1	ENSG00000102794	
SLC6A12	1	ENSG00000111181	
SLC6A11	1	ENSG00000132164	
PSG3	1	ENSG00000221826	
CMBL	1	ENSG00000164237	
PSG2	1	ENSG00000242221	
GBGT1	1	ENSG00000148288	
PSG9	1	ENSG00000183668	
PSG8	1	ENSG00000124467	
PSG5	1	ENSG00000204941	
PSG4	1	ENSG00000243137	
NGFR-AS1	1	ENSG00000249906	
PSG7	1	ENSG00000221878	
PSG6	1	ENSG00000170848	
BTF3-DT	1	ENSG00000272525	
LLGL1	1	ENSG00000131899	
LLGL2	1	ENSG00000073350	
PTGES	1	ENSG00000148344	
PTGFR	1	ENSG00000122420	
GYPA	1	ENSG00000170180	
LMAN2L	1	ENSG00000114988	
GYPC	1	ENSG00000136732	
GYPB	1	ENSG00000250361	
MGST3	1	ENSG00000143198	
GYPE	1	ENSG00000197465	
MGST1	1	ENSG00000008394	
MGST2	1	ENSG00000085871	
NMD3	1	ENSG00000169251	
SLC6A20	1	ENSG00000163817	
LCN15	1	ENSG00000177984	
LCN12	1	ENSG00000184925	
LCN10	1	ENSG00000187922	
NTSR1	1	ENSG00000101188	
NTSR2	1	ENSG00000169006	
OR2A25	1	ENSG00000221933	
RPL39L	1	ENSG00000163923	
SIGLEC15	1	ENSG00000197046	
SIGLEC14	1	ENSG00000254415	
SIGLEC12	1	ENSG00000254521	
SIGLEC11	1	ENSG00000161640	
SIGLEC10	1	ENSG00000142512	
MEMO1	1	ENSG00000162959	
NMBR	1	ENSG00000135577	
IGKV1OR10-1	1	ENSG00000237592	
GKAP1	1	ENSG00000165113	
OR2A12	1	ENSG00000221858	
CPHXL	1	ENSG00000283755	
LOC100505782	1	ENSG00000234859	
TCHHL1	1	ENSG00000182898	
OR2A14	1	ENSG00000221938	
RYR1	1	ENSG00000196218	
RYR2	1	ENSG00000198626	
RYR3	1	ENSG00000198838	
GYS2	1	ENSG00000111713	
GYS1	1	ENSG00000104812	
ESM1	1	ENSG00000164283	
ZMYM1	1	ENSG00000197056	
ZMYM2	1	ENSG00000121741	
ZMYM3	1	ENSG00000147130	
ZMYM4	1	ENSG00000146463	
ZMYM5	1	ENSG00000132950	
ZMYM6	1	ENSG00000163867	
GAS8-AS1	1	ENSG00000221819	
CSRP3-AS1	1	ENSG00000255308	
NME2	1	ENSG00000243678	
NME3	1	ENSG00000103024	
NME4	1	ENSG00000103202	
NME5	1	ENSG00000112981	
NME1	1	ENSG00000239672	
RAD51B	1	ENSG00000182185	
RAD51D	1	ENSG00000185379	
RAD51C	1	ENSG00000108384	
NME6	1	ENSG00000172113	
NRN1L	1	ENSG00000188038	
NME7	1	ENSG00000143156	
NME8	1	ENSG00000086288	
NME9	1	ENSG00000181322	
FIBIN	1	ENSG00000176971	
DNASE1L2	1	ENSG00000167968	
DNASE1L3	1	ENSG00000163687	
DNASE1L1	1	ENSG00000013563	
ENSG00000287597	1	ENSG00000287597	
UQCR11	1	ENSG00000127540	
UQCR10	1	ENSG00000184076	
RAD54B	1	ENSG00000197275	
ATP5F1A	1	ENSG00000152234	
ATP5F1B	1	ENSG00000110955	
ENSG00000287591	1	ENSG00000287591	
RAD54L	1	ENSG00000085999	
LCMT2	1	ENSG00000168806	
LY6G6C	1	ENSG00000204421	
LY6G6D	1	ENSG00000244355	
LCMT1	1	ENSG00000205629	
LY6G6E	1	ENSG00000255552	
LY6G6F	1	ENSG00000204424	
SUZ12	1	ENSG00000178691	
ERBIN	1	ENSG00000112851	
ATP5F1C	1	ENSG00000165629	
ATP5F1D	1	ENSG00000099624	
ATP5F1E	1	ENSG00000124172	
LY6G5B	1	ENSG00000240053	
LY6G5C	1	ENSG00000204428	
PRAG1	1	ENSG00000275342	
ESPN	1	ENSG00000187017	
CMIP	1	ENSG00000153815	
KNTC1	1	ENSG00000184445	
PSPH	1	ENSG00000146733	
STARD4-AS1	1	ENSG00000246859	
SPACA6-AS1	1	ENSG00000269959	
ENSG00000287585	1	ENSG00000287585	
MYH15	1	ENSG00000144821	
KCTD1	1	ENSG00000134504	
KCTD2	1	ENSG00000180901	
KCTD3	1	ENSG00000136636	
KCTD4	1	ENSG00000180332	
KCTD5	1	ENSG00000167977	
KCTD6	1	ENSG00000168301	
ERCC8-AS1	1	ENSG00000233847	
KCTD7	1	ENSG00000243335	
KCTD8	1	ENSG00000183783	
SLC17A6-DT	1	ENSG00000254768	
KCTD9	1	ENSG00000104756	
TONSL-AS1	1	ENSG00000232600	
ESRG	1	ENSG00000265992	
MIR217HG	1	ENSG00000226702	
CSF2RB	1	ENSG00000100368	
ESS2	1	ENSG00000100056	
CSF2RA	1	ENSG00000198223	
AGER	1	ENSG00000204305	
PDZD4	1	ENSG00000067840	
PDZD2	1	ENSG00000133401	
MYH13	1	ENSG00000006788	
MYH14	1	ENSG00000105357	
MYH11	1	ENSG00000133392	
PDZD9	1	ENSG00000155714	
MYH10	1	ENSG00000133026	
PDZD8	1	ENSG00000165650	
PDZD7	1	ENSG00000186862	
SMAD2	1	ENSG00000175387	
SMAD1	1	ENSG00000170365	
SMAD4	1	ENSG00000141646	
SMAD3	1	ENSG00000166949	
PSAPL1	1	ENSG00000178597	
PSPN	1	ENSG00000125650	
ENSG00000287560	1	ENSG00000287560	
SMAD9	1	ENSG00000120693	
IFT122	1	ENSG00000163913	
SMAD6	1	ENSG00000137834	
ESR1	1	ENSG00000091831	
SMAD5	1	ENSG00000113658	
ESR2	1	ENSG00000140009	
ENSG00000287568	1	ENSG00000287568	
SMAD7	1	ENSG00000101665	
PCYT1B-AS1	1	ENSG00000236836	
PRAC1	1	ENSG00000159182	
RPL37A-DT	1	ENSG00000232485	
PRAC2	1	ENSG00000229637	
IQCF5-AS1	1	ENSG00000235455	
UMODL1-AS1	1	ENSG00000184385	
SUGCT-AS1	1	ENSG00000203446	
IGLVI-70	1	ENSG00000253239	
PSTK	1	ENSG00000179988	
PTGIR	1	ENSG00000160013	
PTGIS	1	ENSG00000124212	
RASA4B	1	ENSG00000170667	
LMNTD1	1	ENSG00000152936	
LMNTD2	1	ENSG00000185522	
TRNAU1AP	1	ENSG00000180098	
EMICERI	1	ENSG00000285103	
ENSG00000287545	1	ENSG00000287545	
PIK3R5-DT	1	ENSG00000266389	
ENSG00000251574	1	ENSG00000251574	
VPS13B-DT	1	ENSG00000253948	
ENSG00000275563	1	ENSG00000275563	
MIR1-1HG	1	ENSG00000174407	
ENSG00000287517	1	ENSG00000287517	
UACA	1	ENSG00000137831	
ENSG00000287514	1	ENSG00000287514	
NCALD	1	ENSG00000104490	
ERBB3	1	ENSG00000065361	
MLANA	1	ENSG00000120215	
ERBB4	1	ENSG00000178568	
ERBB2	1	ENSG00000141736	
BPNT2	1	ENSG00000104331	
ROMO1	1	ENSG00000125995	
NCAM1	1	ENSG00000149294	
BPNT1	1	ENSG00000162813	
NCAM2	1	ENSG00000154654	
PRADX	1	ENSG00000235027	
LGI1	1	ENSG00000108231	
NEGR1	1	ENSG00000172260	
LGI4	1	ENSG00000153902	
LGI3	1	ENSG00000168481	
PRAF2	1	ENSG00000243279	
DINOL	1	ENSG00000285244	
LGI2	1	ENSG00000153012	
NAP1L3	1	ENSG00000186310	
NAP1L2	1	ENSG00000186462	
NAP1L1	1	ENSG00000187109	
NAP1L5	1	ENSG00000177432	
ENSG00000287524	1	ENSG00000287524	
NAP1L4	1	ENSG00000205531	
ENSG00000263574	1	ENSG00000263574	
FMNL3	1	ENSG00000161791	
MFF-DT	1	ENSG00000236432	
ENSG00000251599	1	ENSG00000251599	
FMNL1	1	ENSG00000184922	
FMNL2	1	ENSG00000157827	
RNASEH2B-AS1	1	ENSG00000233672	
ALOX5AP	1	ENSG00000132965	
ENSG00000287730	1	ENSG00000287730	
IFT172	1	ENSG00000138002	
ENSG00000287734	1	ENSG00000287734	
FAM110A	1	ENSG00000125898	
ZC3H12D	1	ENSG00000178199	
ZC3H12C	1	ENSG00000149289	
FAM110D	1	ENSG00000197245	
ZC3H12B	1	ENSG00000102053	
FAM110C	1	ENSG00000184731	
ZC3H12A	1	ENSG00000163874	
FAM110B	1	ENSG00000169122	
SMCO3	1	ENSG00000179256	
SMCO2	1	ENSG00000165935	
CKMT1B	1	ENSG00000237289	
SMCO4	1	ENSG00000166002	
ERBIN-DT	1	ENSG00000269961	
SMCO1	1	ENSG00000214097	
ESX1	1	ENSG00000123576	
CTDSPL2-DT	1	ENSG00000259595	
CH25H	1	ENSG00000138135	
ZC3H11B	1	ENSG00000215817	
ENSG00000275765	1	ENSG00000275765	
ZNF705EP	1	ENSG00000214534	
ZC3H11A	1	ENSG00000058673	
MPPE1	1	ENSG00000154889	
ENSG00000236154	1	ENSG00000236154	
IGHJ1P	1	ENSG00000227335	
MEPCE	1	ENSG00000146834	
LYPD1	1	ENSG00000150551	
LYPD2	1	ENSG00000197353	
LYPD3	1	ENSG00000124466	
LYPD4	1	ENSG00000273111	
LYPD5	1	ENSG00000159871	
LYPD6	1	ENSG00000187123	
DEDD2	1	ENSG00000160570	
LYPD8	1	ENSG00000259823	
ENSG00000287709	1	ENSG00000287709	
AGMO	1	ENSG00000187546	
ZNF433-AS1	1	ENSG00000219665	
HDAC9-AS1	1	ENSG00000226522	
JAG2	1	ENSG00000184916	
IGHJ2P	1	ENSG00000237547	
JAG1	1	ENSG00000101384	
CADM2-AS1	1	ENSG00000239519	
CADM2-AS2	1	ENSG00000241648	
OR4M2B	1	ENSG00000182974	
LNPEP	1	ENSG00000113441	
FAM111B	1	ENSG00000189057	
FAM111A	1	ENSG00000166801	
AGO3	1	ENSG00000126070	
AGO4	1	ENSG00000134698	
AGO1	1	ENSG00000092847	
AGO2	1	ENSG00000123908	
NMT1	1	ENSG00000136448	
NMT2	1	ENSG00000152465	
LGMN	1	ENSG00000100600	
ENSG00000236106	1	ENSG00000236106	
ENSG00000236109	1	ENSG00000236109	
EVPLL	1	ENSG00000214860	
FAR1-IT1	1	ENSG00000254791	
MECOM-AS1	1	ENSG00000241479	
LINC00974	1	ENSG00000226629	
JAK2	1	ENSG00000096968	
LINC00970	1	ENSG00000203601	
JAK3	1	ENSG00000105639	
LINC00971	1	ENSG00000242641	
LINC00972	1	ENSG00000225128	
JAK1	1	ENSG00000162434	
LINC00973	1	ENSG00000240476	
MAMDC4	1	ENSG00000177943	
CRPPA	1	ENSG00000214960	
IFT140	1	ENSG00000187535	
MAMDC2	1	ENSG00000165072	
ENSG00000287706	1	ENSG00000287706	
SDHAF2	1	ENSG00000167985	
LINC00967	1	ENSG00000253138	
SDHAF3	1	ENSG00000196636	
LINC00968	1	ENSG00000246430	
AGPS	1	ENSG00000018510	
SDHAF1	1	ENSG00000205138	
LINC00963	1	ENSG00000204054	
LINC00964	1	ENSG00000249816	
SDHAF4	1	ENSG00000154079	
LINC00960	1	ENSG00000242516	
TP53I13	1	ENSG00000167543	
CCDC18-AS1	1	ENSG00000223745	
SPESP1	1	ENSG00000258484	
FAM117B	1	ENSG00000138439	
FAM117A	1	ENSG00000121104	
AGR2	1	ENSG00000106541	
LINC00996	1	ENSG00000242258	
AGR3	1	ENSG00000173467	
TMEM44-AS2	1	ENSG00000229334	
LINC00997	1	ENSG00000281332	
LINC00992	1	ENSG00000248663	
TP53I11	1	ENSG00000175274	
JAM2	1	ENSG00000154721	
LINC00994	1	ENSG00000189196	
TMEM44-AS1	1	ENSG00000231770	
JAM3	1	ENSG00000166086	
CKMT1A	1	ENSG00000223572	
MATCAP2	1	ENSG00000164542	
DCBLD1	1	ENSG00000164465	
DCBLD2	1	ENSG00000057019	
LINC00989	1	ENSG00000250334	
CCDC9	1	ENSG00000105321	
CCDC8	1	ENSG00000169515	
CCDC7	1	ENSG00000216937	
CCDC6	1	ENSG00000108091	
AGRP	1	ENSG00000159723	
LINC00987	1	ENSG00000237248	
CCDC3	1	ENSG00000151468	
LGR6	1	ENSG00000133067	
AGRN	1	ENSG00000188157	
LGR5	1	ENSG00000139292	
LGR4	1	ENSG00000205213	
GZF1	1	ENSG00000125812	
ATP12A	1	ENSG00000075673	
THAP9-AS1	1	ENSG00000251022	
CYSRT1	1	ENSG00000197191	
DKFZP434A062	1	ENSG00000262075	
FAM118A	1	ENSG00000100376	
ATP11C	1	ENSG00000101974	
ATP11B	1	ENSG00000058063	
ATP11A	1	ENSG00000068650	
FAM118B	1	ENSG00000197798	
JAML	1	ENSG00000160593	
LGSN	1	ENSG00000146166	
UQCRB	1	ENSG00000156467	
UAP1	1	ENSG00000117143	
ETDA	1	ENSG00000238210	
ETDB	1	ENSG00000224107	
UQCRH	1	ENSG00000173660	
ETDC	1	ENSG00000283644	
ARL17B	1	ENSG00000228696	
ARL17A	1	ENSG00000185829	
KHDC1	1	ENSG00000135314	
ABHD15-AS1	1	ENSG00000264031	
KRTAP4-4	1	ENSG00000171396	
OVOL1-AS1	1	ENSG00000255120	
KRTAP4-3	1	ENSG00000196156	
KHDC4	1	ENSG00000132680	
KRTAP4-2	1	ENSG00000244537	
KRTAP4-1	1	ENSG00000198443	
KRTAP4-9	1	ENSG00000212722	
KRTAP4-8	1	ENSG00000204880	
KRTAP4-7	1	ENSG00000240871	
KRTAP4-6	1	ENSG00000198090	
KRTAP4-5	1	ENSG00000198271	
SH3BP5L	1	ENSG00000175137	
UQCRQ	1	ENSG00000164405	
IGHJ3P	1	ENSG00000237111	
ZBTB20-AS1	1	ENSG00000241560	
ZBTB20-AS2	1	ENSG00000241295	
PTEN	1	ENSG00000171862	
ZBTB20-AS3	1	ENSG00000239946	
ZBTB20-AS4	1	ENSG00000242767	
ETFA	1	ENSG00000140374	
ZBTB20-AS5	1	ENSG00000242290	
ETFB	1	ENSG00000105379	
PTER	1	ENSG00000165983	
ENSG00000226706	1	ENSG00000226706	
ADIRF-AS1	1	ENSG00000272734	
BOLA3-DT	1	ENSG00000225439	
SMCR5	1	ENSG00000226746	
ETF1	1	ENSG00000120705	
SMCR8	1	ENSG00000176994	
AGXT	1	ENSG00000172482	
SMCR2	1	ENSG00000223979	
LNPPS	1	ENSG00000275871	
ATP10D	1	ENSG00000145246	
ATP10B	1	ENSG00000118322	
ATP10A	1	ENSG00000206190	
PTH2	1	ENSG00000142538	
ARL13B	1	ENSG00000169379	
ARL13A	1	ENSG00000174225	
NNAT	1	ENSG00000053438	
ACVR2B-AS1	1	ENSG00000229589	
POTEB2	1	ENSG00000230031	
POTEB3	1	ENSG00000278522	
GZMA	1	ENSG00000145649	
CNBP	1	ENSG00000169714	
NALF1-IT1	1	ENSG00000227248	
GZMB	1	ENSG00000100453	
GZMH	1	ENSG00000100450	
GZMK	1	ENSG00000113088	
GZMM	1	ENSG00000197540	
ENSG00000226733	1	ENSG00000226733	
OCIAD1	1	ENSG00000109180	
OCIAD2	1	ENSG00000145247	
ANPEP	1	ENSG00000166825	
C6orf120	1	ENSG00000185127	
ASDURF	1	ENSG00000286053	
SNHG16	1	ENSG00000163597	
SNHG15	1	ENSG00000232956	
SNHG14	1	ENSG00000224078	
SNHG12	1	ENSG00000197989	
SNHG11	1	ENSG00000174365	
C6orf118	1	ENSG00000112539	
SNHG10	1	ENSG00000247092	
A3GALT2	1	ENSG00000184389	
ROPN1	1	ENSG00000065371	
ENSG00000285095	1	ENSG00000285095	
WWC2-AS2	1	ENSG00000251359	
SNHG19	1	ENSG00000260260	
MED12L	1	ENSG00000144893	
SNHG18	1	ENSG00000250786	
WWC2-AS1	1	ENSG00000251128	
SNHG17	1	ENSG00000196756	
SNHG27	1	ENSG00000251676	
SNHG26	1	ENSG00000228649	
SNHG25	1	ENSG00000266402	
SNHG22	1	ENSG00000267322	
SNHG21	1	ENSG00000250988	
SNHG20	1	ENSG00000234912	
DECR2	1	ENSG00000242612	
DECR1	1	ENSG00000104325	
PTK6	1	ENSG00000101213	
CNFN	1	ENSG00000105427	
PTK2	1	ENSG00000169398	
SNHG29	1	ENSG00000175061	
MED13L	1	ENSG00000123066	
SNHG28	1	ENSG00000188004	
NDUFAF8	1	ENSG00000224877	
NDUFAF6	1	ENSG00000156170	
NDUFAF7	1	ENSG00000003509	
PTK7	1	ENSG00000112655	
NDUFAF4	1	ENSG00000123545	
SNHG32	1	ENSG00000204387	
NDUFAF5	1	ENSG00000101247	
SNHG31	1	ENSG00000229267	
NDUFAF2	1	ENSG00000164182	
SNHG30	1	ENSG00000267321	
NDUFAF3	1	ENSG00000178057	
NDUFAF1	1	ENSG00000137806	
MGC27382	1	ENSG00000237413	
SPAG16	1	ENSG00000144451	
SPAG17	1	ENSG00000155761	
SPATC1L	1	ENSG00000160284	
PTMS	1	ENSG00000159335	
MT-ATP6	1	ENSG00000198899	
SYNCRIP	1	ENSG00000135316	
PPP3CA	1	ENSG00000138814	
PPP3CB	1	ENSG00000107758	
PPP3CC	1	ENSG00000120910	
C6orf163	1	ENSG00000203872	
ENSG00000261095	1	ENSG00000261095	
ENSG00000214708	1	ENSG00000214708	
CTTNBP2NL	1	ENSG00000143079	
ARHGEF9	1	ENSG00000131089	
GRM5-AS1	1	ENSG00000255082	
ENSG00000261090	1	ENSG00000261090	
ARHGEF3	1	ENSG00000163947	
ARHGEF4	1	ENSG00000136002	
ARHGEF1	1	ENSG00000076928	
ARHGEF2	1	ENSG00000116584	
ARHGEF7	1	ENSG00000102606	
PTMA	1	ENSG00000187514	
ARHGEF5	1	ENSG00000050327	
CAMSAP1-DT	1	ENSG00000238058	
ARHGEF6	1	ENSG00000129675	
AHCY	1	ENSG00000101444	
CACNA2D3-AS1	1	ENSG00000243715	
PTPA	1	ENSG00000119383	
FILIP1L	1	ENSG00000168386	
C6orf141	1	ENSG00000197261	
SPRYD3	1	ENSG00000167778	
SPRYD4	1	ENSG00000176422	
SPRYD7	1	ENSG00000123178	
KAZALD1	1	ENSG00000107821	
MT-ATP8	1	ENSG00000228253	
RP1L1	1	ENSG00000183638	
NDUFAB1	1	ENSG00000004779	
NEK10	1	ENSG00000163491	
C6orf136	1	ENSG00000204564	
C6orf132	1	ENSG00000188112	
ITGA2-AS1	1	ENSG00000249899	
NEK11	1	ENSG00000114670	
PRDM8	1	ENSG00000152784	
PRDM7	1	ENSG00000126856	
PRDM9	1	ENSG00000164256	
PRDM4	1	ENSG00000110851	
ENSG00000287693	1	ENSG00000287693	
PRDM6	1	ENSG00000061455	
PRDM5	1	ENSG00000138738	
PRDM2	1	ENSG00000116731	
PRDM1	1	ENSG00000057657	
CELSR1	1	ENSG00000075275	
ETS1	1	ENSG00000134954	
CELSR2	1	ENSG00000143126	
CELSR3	1	ENSG00000008300	
ETS2	1	ENSG00000157557	
LINC00938	1	ENSG00000273015	
LINC00939	1	ENSG00000249267	
GNPTAB	1	ENSG00000111670	
LINC00934	1	ENSG00000281196	
LINC00937	1	ENSG00000226091	
LINC00930	1	ENSG00000258647	
DTNB-AS1	1	ENSG00000224220	
ENSG00000285043	1	ENSG00000285043	
SLFN12	1	ENSG00000172123	
LINC00927	1	ENSG00000259361	
SLFN13	1	ENSG00000154760	
LINC00928	1	ENSG00000259218	
LINC00929	1	ENSG00000259150	
SLFN11	1	ENSG00000172716	
LINC00923	1	ENSG00000251209	
LINC00924	1	ENSG00000259134	
SLFN14	1	ENSG00000236320	
GNG12-AS1	1	ENSG00000232284	
LINC00926	1	ENSG00000247982	
LINC00920	1	ENSG00000246898	
TRIB1AL	1	ENSG00000253111	
LINC00921	1	ENSG00000281005	
LINC00922	1	ENSG00000261742	
SULT6B1	1	ENSG00000138068	
NNMT	1	ENSG00000166741	
PLGRKT	1	ENSG00000107020	
NDUFB10	1	ENSG00000140990	
UBA7	1	ENSG00000182179	
ENSG00000287672	1	ENSG00000287672	
UBA6	1	ENSG00000033178	
NDUFB11	1	ENSG00000147123	
UBA5	1	ENSG00000081307	
SLC41A2	1	ENSG00000136052	
SLC41A3	1	ENSG00000114544	
SLC41A1	1	ENSG00000133065	
CNN3	1	ENSG00000117519	
CNN2	1	ENSG00000064666	
CNN1	1	ENSG00000130176	
LINC00957	1	ENSG00000235314	
HECW1-IT1	1	ENSG00000181211	
LINC00958	1	ENSG00000251381	
LINC00954	1	ENSG00000228784	
LINC00955	1	ENSG00000216560	
CNMD	1	ENSG00000136110	
LINC00951	1	ENSG00000226070	
ENSG00000287687	1	ENSG00000287687	
TRBJ2-6	1	ENSG00000211770	
TRBJ2-5	1	ENSG00000211769	
TRBJ2-7	1	ENSG00000211771	
TRBJ2-2	1	ENSG00000211765	
TRBJ2-1	1	ENSG00000211764	
TRBJ2-4	1	ENSG00000211768	
TRBJ2-3	1	ENSG00000211767	
AHI1	1	ENSG00000135541	
LINC00945	1	ENSG00000232539	
ENSG00000261070	1	ENSG00000261070	
UBA3	1	ENSG00000144744	
UBA2	1	ENSG00000126261	
LINC00942	1	ENSG00000249628	
UBA1	1	ENSG00000130985	
LINC00943	1	ENSG00000189238	
LINC00944	1	ENSG00000256128	
LINC00940	1	ENSG00000235049	
PODXL2	1	ENSG00000114631	
ENSG00000287659	1	ENSG00000287659	
ACOXL	1	ENSG00000153093	
ENSG00000236064	1	ENSG00000236064	
ZNF692-DT	1	ENSG00000227237	
SIGLECL1	1	ENSG00000179213	
NQO2-AS1	1	ENSG00000224846	
SKOR1-AS1	1	ENSG00000245719	
ENSG00000287664	1	ENSG00000287664	
RNF217-AS1	1	ENSG00000236548	
ENSG00000287660	1	ENSG00000287660	
ENSG00000224090	1	ENSG00000224090	
ETV1	1	ENSG00000006468	
ETV2	1	ENSG00000105672	
ETV3	1	ENSG00000117036	
ETV4	1	ENSG00000175832	
ETV5	1	ENSG00000244405	
ETV6	1	ENSG00000139083	
ETV7	1	ENSG00000010030	
ACOX2	1	ENSG00000168306	
ACOX1	1	ENSG00000161533	
TMX4-AS1	1	ENSG00000229766	
PTGES3L	1	ENSG00000267060	
BCAN-AS1	1	ENSG00000272068	
ACOX3	1	ENSG00000087008	
BCAN-AS2	1	ENSG00000229953	
KRTAP21-2	1	ENSG00000187026	
KRTAP21-3	1	ENSG00000231068	
PTX4	1	ENSG00000251692	
LINC00917	1	ENSG00000168367	
LINC00919	1	ENSG00000260268	
LOC105373299	1	ENSG00000286794	
CNR2	1	ENSG00000188822	
CNR1	1	ENSG00000118432	
BNIP1	1	ENSG00000113734	
PTK2B	1	ENSG00000120899	
BNIP2	1	ENSG00000140299	
LINC00910	1	ENSG00000188825	
LINC00911	1	ENSG00000259107	
PRPS1L1	1	ENSG00000229937	
NIPSNAP3B	1	ENSG00000165028	
NIPSNAP3A	1	ENSG00000136783	
BNIP5	1	ENSG00000189325	
BNIP3	1	ENSG00000176171	
ENSG00000287646	1	ENSG00000287646	
MIR9-3HG	1	ENSG00000255571	
LINC00905	1	ENSG00000167459	
LINC00906	1	ENSG00000267339	
TSPO2	1	ENSG00000112212	
LINC00907	1	ENSG00000267586	
ERCC3	1	ENSG00000163161	
LINC00901	1	ENSG00000242385	
ERCC4	1	ENSG00000175595	
L1CAM-AS1	1	ENSG00000273769	
ERCC1	1	ENSG00000012061	
LINC00903	1	ENSG00000241397	
ERCC2	1	ENSG00000104884	
LINC00904	1	ENSG00000271171	
ERCC8	1	ENSG00000049167	
ERCC5	1	ENSG00000134899	
PTX3	1	ENSG00000163661	
ERCC6	1	ENSG00000225830	
LINC00900	1	ENSG00000246100	
KRTAP21-1	1	ENSG00000187005	
BNIPL	1	ENSG00000163141	
PELP1-DT	1	ENSG00000244184	
PI4K2B	1	ENSG00000038210	
CNTF	1	ENSG00000242689	
NALCN-AS1	1	ENSG00000233009	
MRGPRF	1	ENSG00000172935	
MRGPRG	1	ENSG00000182170	
MRGPRD	1	ENSG00000172938	
MRGPRE	1	ENSG00000184350	
CNST	1	ENSG00000162852	
ZFHX4-AS1	1	ENSG00000253661	
CIRBP-AS1	1	ENSG00000267493	
LUC7L	1	ENSG00000007392	
LINC00898	1	ENSG00000205634	
LINC00899	1	ENSG00000231711	
LINC00895	1	ENSG00000281548	
LINC00896	1	ENSG00000236499	
POU2F1-DT	1	ENSG00000272205	
LINC00891	1	ENSG00000281852	
LINC00892	1	ENSG00000233093	
FAM193B-DT	1	ENSG00000272459	
LHX1-DT	1	ENSG00000277268	
LINC00886	1	ENSG00000240875	
LINC00887	1	ENSG00000214145	
LINC00882	1	ENSG00000242759	
PI4K2A	1	ENSG00000155252	
LINC00885	1	ENSG00000224652	
ENSG00000287838	1	ENSG00000287838	
BCL10	1	ENSG00000142867	
FAM124B	1	ENSG00000124019	
SYNJ2-IT1	1	ENSG00000233496	
FAM124A	1	ENSG00000150510	
PPFIA2-AS1	1	ENSG00000257467	
LHPP	1	ENSG00000107902	
NDFIP2	1	ENSG00000102471	
NDFIP1	1	ENSG00000131507	
RAET1E-AS1	2	ENSG00000268592:ENSG00000223701	
OR4N4C	1	ENSG00000279408	
ARL2BP	1	ENSG00000102931	
ENSG00000275869	1	ENSG00000275869	
ST3GAL3-AS1	1	ENSG00000229444	
NANOGNB	1	ENSG00000205857	
FIGNL2-DT	1	ENSG00000259887	
IFIH1	1	ENSG00000115267	
UBL5	1	ENSG00000198258	
UBL3	1	ENSG00000122042	
LINC00857	1	ENSG00000237523	
LINC00858	1	ENSG00000229404	
LINC00853	1	ENSG00000224805	
LINC00850	1	ENSG00000280752	
LINC00851	1	ENSG00000237282	
RAB5IF	1	ENSG00000101084	
UBL7	1	ENSG00000138629	
LINC00852	1	ENSG00000231177	
AHSG	1	ENSG00000145192	
ENSG00000287826	1	ENSG00000287826	
ADGRB3-DT	1	ENSG00000230910	
LINC00847	1	ENSG00000245060	
ENSG00000275846	1	ENSG00000275846	
ENSG00000287819	1	ENSG00000287819	
LINC00842	1	ENSG00000285294	
AHRR	1	ENSG00000063438	
LINC00844	1	ENSG00000237949	
NANOGP8	1	ENSG00000255192	
LINC00845	1	ENSG00000227244	
LINC00840	1	ENSG00000226808	
LINC00841	1	ENSG00000233395	
LINC00880	1	ENSG00000243629	
LINC00881	1	ENSG00000241135	
PRDM8-AS1	1	ENSG00000248719	
PPP1R2	1	ENSG00000184203	
RPS15A	1	ENSG00000134419	
LINC00879	1	ENSG00000239589	
PPP1R7	1	ENSG00000115685	
UBN2	1	ENSG00000157741	
PPP1R8	1	ENSG00000117751	
UBN1	1	ENSG00000118900	
AHSP	1	ENSG00000169877	
LINC00877	1	ENSG00000241163	
LINC00871	1	ENSG00000258700	
LINC00870	1	ENSG00000243083	
WHRN	1	ENSG00000095397	
ENSG00000287803	1	ENSG00000287803	
LINC00868	1	ENSG00000267535	
LINC00865	1	ENSG00000232229	
CPSF4L	1	ENSG00000187959	
LINC00867	1	ENSG00000232139	
LINC00861	1	ENSG00000245164	
LINC00862	1	ENSG00000203721	
LINC00863	1	ENSG00000224914	
POGLUT2	1	ENSG00000134901	
PIWIL2-DT	1	ENSG00000254064	
POGLUT1	1	ENSG00000163389	
UBP1	1	ENSG00000153560	
PPP1CB	1	ENSG00000213639	
PPP1CC	1	ENSG00000186298	
HMCES	1	ENSG00000183624	
POGLUT3	1	ENSG00000178202	
SSUH2	1	ENSG00000125046	
THOC1	1	ENSG00000079134	
TRAFD1	1	ENSG00000135148	
THOC3	1	ENSG00000051596	
THOC2	1	ENSG00000125676	
THOC5	1	ENSG00000100296	
THOC7	1	ENSG00000163634	
THOC6	1	ENSG00000131652	
MORF4L1	1	ENSG00000185787	
MORF4L2	1	ENSG00000123562	
C20orf96	1	ENSG00000196476	
UBR4	1	ENSG00000127481	
UBR3	1	ENSG00000144357	
UBR2	1	ENSG00000024048	
UBR1	1	ENSG00000159459	
RORB-AS1	1	ENSG00000224825	
UBR7	1	ENSG00000012963	
UBR5	1	ENSG00000104517	
ZKSCAN2-DT	1	ENSG00000274925	
PPDPFL	1	ENSG00000168333	
COA4	1	ENSG00000181924	
COA3	1	ENSG00000183978	
COA1	1	ENSG00000106603	
OTOL1	1	ENSG00000182447	
LHX3	1	ENSG00000107187	
PUDP	1	ENSG00000130021	
LHX2	1	ENSG00000106689	
LHX1	1	ENSG00000273706	
LHX6	1	ENSG00000106852	
LHX5	1	ENSG00000089116	
LHX4	1	ENSG00000121454	
LHX9	1	ENSG00000143355	
LHX8	1	ENSG00000162624	
EXO5-DT	1	ENSG00000238287	
NOB1	1	ENSG00000141101	
UBTF	1	ENSG00000108312	
KRTAP5-3	1	ENSG00000196224	
KRTAP5-2	1	ENSG00000205867	
KRTAP5-1	1	ENSG00000205869	
COA8	1	ENSG00000256053	
COA7	1	ENSG00000162377	
COA6	1	ENSG00000168275	
ENSG00000226829	1	ENSG00000226829	
COA5	1	ENSG00000183513	
PLA2G12A	1	ENSG00000123739	
KRTAP5-9	1	ENSG00000254997	
PLA2G12B	1	ENSG00000138308	
KRTAP5-8	1	ENSG00000241233	
KRTAP5-7	1	ENSG00000244411	
KRTAP5-6	1	ENSG00000205864	
KRTAP5-5	1	ENSG00000185940	
UBE2D3-AS1	1	ENSG00000246560	
KRTAP5-4	1	ENSG00000241598	
HSD17B1-AS1	1	ENSG00000266962	
COBL	1	ENSG00000106078	
SMC1A	1	ENSG00000072501	
C1QL4	1	ENSG00000186897	
C1QL3	1	ENSG00000165985	
C1QL2	1	ENSG00000144119	
SMC1B	1	ENSG00000077935	
C1QL1	1	ENSG00000131094	
LY6E-DT	1	ENSG00000247317	
MEP1B	1	ENSG00000141434	
NOA1	1	ENSG00000084092	
MEP1A	1	ENSG00000112818	
LCORL	1	ENSG00000178177	
NOD1	1	ENSG00000106100	
IGKV1OR9-1	1	ENSG00000204780	
NOD2	1	ENSG00000167207	
IGKV1OR9-2	1	ENSG00000225380	
COCH	1	ENSG00000100473	
LEUTX	1	ENSG00000213921	
NOCT	1	ENSG00000151014	
MACC1	1	ENSG00000183742	
IGHVIV-44-1	1	ENSG00000253465	
OTOGL	1	ENSG00000165899	
BCKDK	1	ENSG00000103507	
RSC1A1	1	ENSG00000215695	
KRTAP20-3	1	ENSG00000206104	
KRTAP20-4	1	ENSG00000206105	
IFIT5	1	ENSG00000152778	
PRAMEF33	1	ENSG00000237700	
IFIT1	1	ENSG00000185745	
IFIT3	1	ENSG00000119917	
IFIT2	1	ENSG00000119922	
FERD3L	1	ENSG00000146618	
HMCN2	1	ENSG00000148357	
HMCN1	1	ENSG00000143341	
ARRDC4	1	ENSG00000140450	
CDH13-AS1	1	ENSG00000261410	
ARRDC5	1	ENSG00000205784	
COG8	1	ENSG00000213380	
COG7	1	ENSG00000168434	
COG6	1	ENSG00000133103	
COG5	1	ENSG00000164597	
ARRDC1	1	ENSG00000197070	
COG4	1	ENSG00000103051	
ARRDC2	1	ENSG00000105643	
ARRDC3	1	ENSG00000113369	
COG3	1	ENSG00000136152	
CDH13-AS2	1	ENSG00000260228	
COG2	1	ENSG00000135775	
PRAMEF20	1	ENSG00000204478	
COG1	1	ENSG00000166685	
YOD1	1	ENSG00000180667	
CRNKL1	1	ENSG00000101343	
PRAMEF27	1	ENSG00000274764	
NEIL3	1	ENSG00000109674	
NEIL2	1	ENSG00000154328	
PRAMEF26	1	ENSG00000280267	
PRAMEF25	1	ENSG00000229571	
RUBCNL	1	ENSG00000102445	
SYNPO2L-AS1	1	ENSG00000271848	
NEIL1	1	ENSG00000140398	
KRTAP20-1	1	ENSG00000244624	
ZNF630-AS1	1	ENSG00000277541	
KRTAP20-2	1	ENSG00000184032	
MACF1	1	ENSG00000127603	
PRAMEF11	1	ENSG00000239810	
PRAMEF10	1	ENSG00000187545	
LIAS	1	ENSG00000121897	
APCDD1	1	ENSG00000154856	
PRAMEF17	1	ENSG00000204479	
PRAMEF19	1	ENSG00000204480	
PRAMEF18	1	ENSG00000279804	
PRAMEF13	1	ENSG00000279169	
PRAMEF12	1	ENSG00000116726	
PRAMEF15	1	ENSG00000204501	
PRAMEF14	1	ENSG00000204481	
SZT2-AS1	1	ENSG00000229372	
PUM1	1	ENSG00000134644	
TRERF1	1	ENSG00000124496	
PUM3	1	ENSG00000080608	
PUM2	1	ENSG00000055917	
TRIM52-AS1	1	ENSG00000248275	
LRRK2-DT	1	ENSG00000225342	
CCDST	1	ENSG00000236427	
MEOX2	1	ENSG00000106511	
MEOX1	1	ENSG00000005102	
COIL	1	ENSG00000121058	
C1QBP	1	ENSG00000108561	
ENSG00000189316	1	ENSG00000189316	
LRRCC1	1	ENSG00000133739	
EBF3-AS1	1	ENSG00000287997	
GP1BB	1	ENSG00000203618	
STRADA	1	ENSG00000266173	
STRADB	1	ENSG00000082146	
ZDHHC12	1	ENSG00000160446	
ZDHHC13	1	ENSG00000177054	
GP1BA	1	ENSG00000185245	
ZDHHC11	1	ENSG00000188818	
ZDHHC16	1	ENSG00000171307	
ZDHHC17	1	ENSG00000186908	
ZDHHC14	1	ENSG00000175048	
ZDHHC15	1	ENSG00000102383	
AIDA	1	ENSG00000186063	
FYTTD1	1	ENSG00000122068	
SLC66A3	1	ENSG00000162976	
MACIR	1	ENSG00000181751	
SLC66A2	1	ENSG00000122490	
SLC66A1	1	ENSG00000040487	
ZDHHC20	1	ENSG00000180776	
GDPD1	1	ENSG00000153982	
ZDHHC23	1	ENSG00000184307	
NOL7	1	ENSG00000225921	
GDPD2	1	ENSG00000130055	
ZDHHC24	1	ENSG00000174165	
NOL8	1	ENSG00000198000	
GDPD3	1	ENSG00000102886	
NOL9	1	ENSG00000162408	
ZDHHC21	1	ENSG00000175893	
ZDHHC22	1	ENSG00000177108	
GDPD4	1	ENSG00000178795	
NOL3	1	ENSG00000140939	
GDPD5	1	ENSG00000158555	
NOL4	1	ENSG00000101746	
AIF1	1	ENSG00000204472	
NOL6	1	ENSG00000165271	
PPP2CA	1	ENSG00000113575	
PURB	1	ENSG00000146676	
PPP2CB	1	ENSG00000104695	
PURA	1	ENSG00000185129	
ZDHHC18	1	ENSG00000204160	
ZDHHC19	1	ENSG00000163958	
EGFLAM	1	ENSG00000164318	
WIF1	1	ENSG00000156076	
KISS1R	1	ENSG00000116014	
LAIR2	1	ENSG00000167618	
LAIR1	1	ENSG00000167613	
PURG	1	ENSG00000172733	
SNAP25-AS1	1	ENSG00000227906	
B3GAT1-DT	1	ENSG00000255545	
ENSG00000214803	1	ENSG00000214803	
OTOP1	1	ENSG00000163982	
AIG1	1	ENSG00000146416	
OTOP2	1	ENSG00000183034	
ANKRD34C-AS1	1	ENSG00000259234	
OTOP3	1	ENSG00000182938	
COLQ	1	ENSG00000206561	
PCGEM1	1	ENSG00000227418	
TFPI2-DT	1	ENSG00000234695	
NDUFA13	1	ENSG00000186010	
NDUFA11	1	ENSG00000174886	
TAMM41	1	ENSG00000144559	
NDUFA12	1	ENSG00000184752	
PLCE1-AS2	1	ENSG00000232913	
PLCE1-AS1	1	ENSG00000268894	
NDUFA10	1	ENSG00000130414	
ZSCAN9	1	ENSG00000137185	
ARHGDIG	1	ENSG00000242173	
ENSG00000261184	1	ENSG00000261184	
COMT	1	ENSG00000093010	
ZNF888-AS1	1	ENSG00000269646	
CNDP1	1	ENSG00000150656	
CNDP2	1	ENSG00000133313	
COMP	1	ENSG00000105664	
ARHGDIA	1	ENSG00000141522	
MATCAP1	1	ENSG00000196123	
ARHGDIB	1	ENSG00000111348	
PUS3	1	ENSG00000110060	
NOM1	1	ENSG00000146909	
LIG1	1	ENSG00000105486	
PUS1	1	ENSG00000177192	
ENSG00000261170	1	ENSG00000261170	
ATP1B4	1	ENSG00000101892	
LIG4	1	ENSG00000174405	
LIG3	1	ENSG00000005156	
ATP1B3	1	ENSG00000069849	
LIFR	1	ENSG00000113594	
ATP1B2	1	ENSG00000129244	
PUS7	1	ENSG00000091127	
ATP1B1	1	ENSG00000143153	
GS1-600G8.3	1	ENSG00000231216	
BTG3-AS1	1	ENSG00000280594	
UCA1	1	ENSG00000214049	
JCAD	1	ENSG00000165757	
ENSG00000287797	1	ENSG00000287797	
LMO7DN	1	ENSG00000178734	
COPA	1	ENSG00000122218	
ENSG00000285133	1	ENSG00000285133	
ENSG00000287791	1	ENSG00000287791	
NOP2	1	ENSG00000111641	
NOP9	1	ENSG00000196943	
LINC00839	1	ENSG00000185904	
COP1	1	ENSG00000143207	
LINC00836	1	ENSG00000280809	
LINC00837	1	ENSG00000235824	
GABPB1-IT1	1	ENSG00000285410	
LINC00838	1	ENSG00000261683	
UQCC3	1	ENSG00000204922	
UQCC2	1	ENSG00000137288	
UQCC1	1	ENSG00000101019	
NONO	1	ENSG00000147140	
UQCC6	1	ENSG00000204954	
UQCC5	1	ENSG00000168273	
MACO1	1	ENSG00000204178	
COQ9	1	ENSG00000088682	
UQCC4	1	ENSG00000174109	
ENSG00000261195	1	ENSG00000261195	
COQ7	1	ENSG00000167186	
COQ6	1	ENSG00000119723	
COQ5	1	ENSG00000110871	
COQ4	1	ENSG00000167113	
COQ3	1	ENSG00000132423	
COQ2	1	ENSG00000173085	
LINC00824	1	ENSG00000254275	
ZSCAN4	1	ENSG00000180532	
C6orf47-AS1	1	ENSG00000227198	
BRWD1	1	ENSG00000185658	
XKR4-AS1	1	ENSG00000254357	
AQP4-AS1	1	ENSG00000260372	
COPE	1	ENSG00000105669	
BRWD3	1	ENSG00000165288	
ZSCAN2	1	ENSG00000176371	
ZSCAN1	1	ENSG00000152467	
ENSG00000287775	1	ENSG00000287775	
SLC40A1	1	ENSG00000138449	
RABGAP1L-IT1	1	ENSG00000223525	
ZBED10P	1	ENSG00000188707	
NOS1	1	ENSG00000089250	
MAPK1IP1L	1	ENSG00000168175	
GRIFIN	1	ENSG00000275572	
PACERR	1	ENSG00000273129	
PRODH2	1	ENSG00000250799	
ENSG00000273145	1	ENSG00000273145	
CORT	1	ENSG00000241563	
AIM2	1	ENSG00000163568	
ZPBP2	1	ENSG00000186075	
AKT1S1	1	ENSG00000204673	
QKILA	1	ENSG00000261268	
THOP1	1	ENSG00000172009	
SCUBE1-AS2	1	ENSG00000236272	
SCUBE1-AS1	1	ENSG00000203527	
ATP1A4	1	ENSG00000132681	
ATP1A3	1	ENSG00000105409	
ATP1A2	1	ENSG00000018625	
ATP1A1	1	ENSG00000163399	
LIN9	1	ENSG00000183814	
ENSG00000248187	1	ENSG00000248187	
FAM120C	1	ENSG00000184083	
FAM120B	1	ENSG00000112584	
FAM120A	1	ENSG00000048828	
NOTO	1	ENSG00000214513	
OPCML	1	ENSG00000183715	
LIM2	1	ENSG00000105370	
NOS2	1	ENSG00000007171	
NOS3	1	ENSG00000164867	
FGF12-AS2	1	ENSG00000230126	
FGF12-AS1	1	ENSG00000231383	
FGF12-AS3	1	ENSG00000226709	
ENSG00000287769	1	ENSG00000287769	
PHC2-AS1	1	ENSG00000233246	
KANSL1	1	ENSG00000120071	
SLFNL1	1	ENSG00000171790	
PORCN-DT	1	ENSG00000224292	
KANSL2	1	ENSG00000139620	
KANSL3	1	ENSG00000114982	
VPS13A-AS1	1	ENSG00000232998	
OR4K17	1	ENSG00000176230	
LIPA	1	ENSG00000107798	
TSEN54	1	ENSG00000182173	
ENSG00000248367	1	ENSG00000248367	
PREX2	1	ENSG00000046889	
ATP5IF1	1	ENSG00000130770	
LIPF	1	ENSG00000182333	
LIPE	1	ENSG00000079435	
PREX1	1	ENSG00000124126	
SAMD14	1	ENSG00000167100	
SAMD15	1	ENSG00000100583	
LIPC	1	ENSG00000166035	
MPRIP	1	ENSG00000133030	
LIPJ	1	ENSG00000204022	
LIPI	1	ENSG00000188992	
LIPH	1	ENSG00000163898	
LIPG	1	ENSG00000101670	
LIPN	1	ENSG00000204020	
LIPM	1	ENSG00000173239	
LIPK	1	ENSG00000204021	
SAMD12	1	ENSG00000177570	
SAMD13	1	ENSG00000203943	
SAMD10	1	ENSG00000130590	
ENSG00000275993	1	ENSG00000275993	
SAMD11	1	ENSG00000187634	
CFAP95	1	ENSG00000204711	
ENSG00000261335	1	ENSG00000261335	
CSNK2A1	1	ENSG00000101266	
CFAP90	1	ENSG00000215217	
ENSG00000287980	1	ENSG00000287980	
CFAP92	1	ENSG00000114656	
CSNK2A3	1	ENSG00000254598	
CSNK2A2	1	ENSG00000070770	
CFAP91	1	ENSG00000183833	
MACC1-AS1	1	ENSG00000228598	
OR4K15	1	ENSG00000169488	
OR4K14	1	ENSG00000169484	
OR4K13	1	ENSG00000176253	
ENTHD1	1	ENSG00000176177	
ENSG00000236393	1	ENSG00000236393	
CFAP97	1	ENSG00000164323	
MCM3AP-AS1	1	ENSG00000215424	
CFAP99	1	ENSG00000206113	
CFAP61	1	ENSG00000089101	
ENSG00000287951	1	ENSG00000287951	
PARPBP	1	ENSG00000185480	
RETSAT	1	ENSG00000042445	
AIRE	1	ENSG00000160224	
ENSG00000287958	1	ENSG00000287958	
TTC9-DT	1	ENSG00000245466	
ENSG00000287955	1	ENSG00000287955	
KLRK1	1	ENSG00000213809	
CFAP69	1	ENSG00000105792	
CFAP68	1	ENSG00000137720	
CFAP65	1	ENSG00000181378	
GPIHBP1	1	ENSG00000277494	
CFAP74	1	ENSG00000142609	
ENSG00000287960	1	ENSG00000287960	
CFAP73	1	ENSG00000186710	
CFAP70	1	ENSG00000156042	
UCK2	1	ENSG00000143179	
UCK1	1	ENSG00000130717	
ELFN1-AS1	1	ENSG00000236081	
NOX3	1	ENSG00000074771	
NOX4	1	ENSG00000086991	
NOX5	1	ENSG00000255346	
AIRN	1	ENSG00000268257	
NOX1	1	ENSG00000007952	
CFAP77	1	ENSG00000188523	
SNTG2-AS1	1	ENSG00000235688	
UCMA	1	ENSG00000165623	
C7orf50	1	ENSG00000146540	
ATF7IP2	1	ENSG00000166669	
DIS3L	1	ENSG00000166938	
ENSG00000287937	1	ENSG00000287937	
MSRA-DT	1	ENSG00000260093	
EPN2-AS1	1	ENSG00000235397	
UCN3	1	ENSG00000178473	
SKAP1-AS1	1	ENSG00000263787	
UCN2	1	ENSG00000145040	
SKAP1-AS2	1	ENSG00000235300	
ENSG00000287928	1	ENSG00000287928	
ENSG00000287927	1	ENSG00000287927	
NELFB	1	ENSG00000188986	
NELFA	1	ENSG00000185049	
C7orf57	1	ENSG00000164746	
RUNX3-AS1	1	ENSG00000229162	
NELFE	1	ENSG00000204356	
ENSG00000248335	1	ENSG00000248335	
ACRV1	1	ENSG00000134940	
C7orf31	1	ENSG00000153790	
ENSG00000236366	1	ENSG00000236366	
C7orf33	1	ENSG00000170279	
KARS1	1	ENSG00000065427	
UCP1	1	ENSG00000109424	
RPS27L	1	ENSG00000185088	
PROCA1	1	ENSG00000167525	
VWC2L-IT1	1	ENSG00000224257	
FOXS1	1	ENSG00000179772	
UCP3	1	ENSG00000175564	
UCP2	1	ENSG00000175567	
RPS27A	1	ENSG00000143947	
EVC2	1	ENSG00000173040	
ENSG00000236377	2	ENSG00000236377:ENSG00000226377	
MIR600HG	1	ENSG00000236901	
C20orf173	1	ENSG00000125975	
SAMD4A	1	ENSG00000020577	
SAMD4B	1	ENSG00000179134	
LYRM9	1	ENSG00000232859	
GATAD2B	1	ENSG00000143614	
GATAD2A	1	ENSG00000167491	
FOXR2	1	ENSG00000189299	
LYRM1	1	ENSG00000102897	
FOXR1	1	ENSG00000176302	
LYRM2	1	ENSG00000083099	
LYRM4	1	ENSG00000214113	
ENSG00000287917	1	ENSG00000287917	
LYRM7	1	ENSG00000186687	
MPLKIP	1	ENSG00000168303	
C7orf25	1	ENSG00000136197	
MYLK2	1	ENSG00000101306	
NRROS	1	ENSG00000174004	
DEFB1	1	ENSG00000164825	
MYLK3	1	ENSG00000140795	
MYLK4	1	ENSG00000145949	
FOXQ1	1	ENSG00000164379	
SLC25A48	1	ENSG00000145832	
SLC25A41	1	ENSG00000181240	
SLC25A40	1	ENSG00000075303	
FBRSL1	1	ENSG00000112787	
SLC25A43	1	ENSG00000077713	
SLC25A42	1	ENSG00000181035	
SLC25A45	1	ENSG00000162241	
SLC25A44	1	ENSG00000160785	
SLC25A47	1	ENSG00000140107	
SLC25A46	1	ENSG00000164209	
CPA3	1	ENSG00000163751	
MYLIP	1	ENSG00000007944	
CPA2	1	ENSG00000158516	
CPA1	1	ENSG00000091704	
TICAM2	1	ENSG00000243414	
TICAM1	1	ENSG00000127666	
FOXP4	1	ENSG00000137166	
FOXP3	1	ENSG00000049768	
FOXP2	1	ENSG00000128573	
FOXP1	1	ENSG00000114861	
LIX1	1	ENSG00000145721	
SLC25A52	1	ENSG00000141437	
SLC25A51	1	ENSG00000122696	
SLC25A53	1	ENSG00000269743	
MIA2-AS1	1	ENSG00000258940	
RNASEH2C	1	ENSG00000172922	
CPB2	1	ENSG00000080618	
RNASEH2B	1	ENSG00000136104	
RNASEH2A	1	ENSG00000104889	
CPB1	1	ENSG00000153002	
FOXO6	1	ENSG00000204060	
FOXO4	1	ENSG00000184481	
FOXO3	1	ENSG00000118689	
FOXO1	1	ENSG00000150907	
NPAT	1	ENSG00000149308	
DAAM2-AS1	1	ENSG00000235033	
CLTCL1	1	ENSG00000070371	
EVI5	1	ENSG00000067208	
CPA6	1	ENSG00000165078	
CPA5	1	ENSG00000158525	
CPA4	1	ENSG00000128510	
DEFA6	1	ENSG00000164822	
DEFA4	1	ENSG00000164821	
DEFA5	1	ENSG00000164816	
ENSG00000248318	1	ENSG00000248318	
DEFA3	1	ENSG00000239839	
FOXN4	1	ENSG00000139445	
FOXN3	1	ENSG00000053254	
DEFA1	1	ENSG00000206047	
FOXN2	1	ENSG00000170802	
FOXN1	1	ENSG00000109101	
SMARCA5-AS1	1	ENSG00000245112	
SCGB3A2	1	ENSG00000164265	
SCGB3A1	1	ENSG00000161055	
MAFIP	1	ENSG00000274847	
STARD13-IT1	1	ENSG00000230300	
PRICKLE2-DT	1	ENSG00000244564	
CELF1	1	ENSG00000149187	
CELF2	1	ENSG00000048740	
SCHIP1	1	ENSG00000151967	
CELF3	1	ENSG00000159409	
CELF4	1	ENSG00000101489	
CELF5	1	ENSG00000161082	
BMP7-AS1	1	ENSG00000235032	
MCM10	1	ENSG00000065328	
CELF6	1	ENSG00000140488	
FOXM1	1	ENSG00000111206	
MYADML2	1	ENSG00000185105	
PVRIG	1	ENSG00000213413	
FOXL3	1	ENSG00000248767	
FOXL2	1	ENSG00000183770	
FOXL1	1	ENSG00000176678	
NUP50-DT	1	ENSG00000226328	
SLC25A16	1	ENSG00000122912	
SLC25A15	1	ENSG00000102743	
SLC25A18	1	ENSG00000182902	
SLC25A17	1	ENSG00000100372	
NPC1	1	ENSG00000141458	
NPC2	1	ENSG00000119655	
SLC25A19	1	ENSG00000125454	
ICA1-AS1	1	ENSG00000244239	
SLC25A10	1	ENSG00000183048	
SLC25A12	1	ENSG00000115840	
SLC25A11	1	ENSG00000108528	
SLC25A14	1	ENSG00000102078	
SLC25A13	1	ENSG00000004864	
FOXK2	1	ENSG00000141568	
FOXK1	1	ENSG00000164916	
SLC25A27	1	ENSG00000153291	
SLC25A26	1	ENSG00000144741	
SLC25A29	1	ENSG00000197119	
ENSG00000224301	1	ENSG00000224301	
SLC25A28	1	ENSG00000155287	
KRTAP6-2	1	ENSG00000186930	
KRTAP6-1	1	ENSG00000184724	
SLC25A21	1	ENSG00000183032	
SLC25A20	1	ENSG00000178537	
SLC25A23	1	ENSG00000125648	
SLC25A22	1	ENSG00000177542	
NTRK3-AS1	1	ENSG00000260305	
SLC25A25	1	ENSG00000148339	
SLC25A24	1	ENSG00000085491	
PANDAR	1	ENSG00000281450	
FOXJ3	1	ENSG00000198815	
KRTAP6-3	1	ENSG00000212938	
FOXJ2	1	ENSG00000065970	
FOXJ1	1	ENSG00000129654	
MERTK	1	ENSG00000153208	
SLC25A38	1	ENSG00000144659	
NELL2	1	ENSG00000184613	
SLC25A37	1	ENSG00000147454	
NELL1	1	ENSG00000165973	
SLC25A39	1	ENSG00000013306	
SLC25A30	1	ENSG00000174032	
SLC25A32	1	ENSG00000164933	
SLC25A31	1	ENSG00000151475	
SLC25A34	1	ENSG00000162461	
SLC25A33	1	ENSG00000171612	
SLC25A36	1	ENSG00000114120	
SLC25A35	1	ENSG00000125434	
FOXI3	1	ENSG00000214336	
FOXI2	1	ENSG00000186766	
ZDHHC5	1	ENSG00000156599	
FOXI1	1	ENSG00000168269	
ENSG00000214915	1	ENSG00000214915	
ZDHHC6	1	ENSG00000023041	
ZDHHC7	1	ENSG00000153786	
ZDHHC8	1	ENSG00000099904	
ZDHHC1	1	ENSG00000159714	
ZDHHC2	1	ENSG00000104219	
ZDHHC3	1	ENSG00000163812	
JRKL-AS1	1	ENSG00000255679	
ZDHHC4	1	ENSG00000136247	
GOLGA6L10	1	ENSG00000278662	
CHORDC1	1	ENSG00000110172	
NPFF	1	ENSG00000139574	
FOXH1	1	ENSG00000160973	
B4GAT1-DT	1	ENSG00000255468	
HASPIN	1	ENSG00000177602	
SFRP4	1	ENSG00000106483	
SFRP1	1	ENSG00000104332	
NEGR1-IT1	1	ENSG00000228853	
SFRP2	1	ENSG00000145423	
SFRP5	1	ENSG00000120057	
CTXN3	1	ENSG00000205279	
DAOA-AS1	1	ENSG00000232307	
CTXN2	1	ENSG00000233932	
CTXN1	1	ENSG00000178531	
IGHV1OR21-1	1	ENSG00000277282	
IGHVII-65-1	1	ENSG00000253169	
FOXG1	1	ENSG00000176165	
EVPL	1	ENSG00000167880	
RIMKLA	1	ENSG00000177181	
RBM12	1	ENSG00000244462	
RIMKLB	1	ENSG00000166532	
RBM10	1	ENSG00000182872	
RBM11	1	ENSG00000185272	
FOXF2	1	ENSG00000137273	
FOXF1	1	ENSG00000103241	
MTA1-DT	1	ENSG00000251602	
PILRB	1	ENSG00000121716	
CELA1	1	ENSG00000139610	
PILRA	1	ENSG00000085514	
CCDC144NL	1	ENSG00000205212	
GOLGA6L22	1	ENSG00000277865	
CFAP44-AS1	1	ENSG00000243849	
CYSTM1	1	ENSG00000120306	
SUV39H2	1	ENSG00000152455	
FOXE3	1	ENSG00000186790	
ZNF22-AS1	1	ENSG00000165511	
RERG-AS1	1	ENSG00000255660	
FOXE1	1	ENSG00000178919	
SUV39H1	1	ENSG00000101945	
LHFPL3-AS2	1	ENSG00000225329	
DIRC1	1	ENSG00000174325	
DIRC3	1	ENSG00000231672	
SBSPON	1	ENSG00000164764	
FOXD4	1	ENSG00000170122	
FOXD3	1	ENSG00000187140	
FOXD2	1	ENSG00000186564	
FOXD1	1	ENSG00000251493	
VCY1B	1	ENSG00000129862	
ENSG00000214942	1	ENSG00000214942	
LHFPL3-AS1	1	ENSG00000226869	
THRIL	1	ENSG00000280634	
FOXC2	1	ENSG00000176692	
FOXC1	1	ENSG00000054598	
SPINDOC	1	ENSG00000168005	
PVT1	1	ENSG00000249859	
DYNLT2B	1	ENSG00000213123	
IBA57	1	ENSG00000181873	
CPN2	1	ENSG00000178772	
CPN1	1	ENSG00000120054	
CYP2A13	1	ENSG00000197838	
C20orf85	1	ENSG00000124237	
FOXB2	1	ENSG00000204612	
FOXB1	1	ENSG00000171956	
NPM1	1	ENSG00000181163	
NPM2	1	ENSG00000158806	
CAVIN1	1	ENSG00000177469	
SLCO5A1-AS1	1	ENSG00000246528	
CAVIN2	1	ENSG00000168497	
CAVIN3	1	ENSG00000170955	
CAVIN4	1	ENSG00000170681	
NPM3	1	ENSG00000107833	
CABCOCO1	1	ENSG00000183346	
PPP1CA	1	ENSG00000172531	
HAGLROS	1	ENSG00000226363	
CNIH3-AS2	1	ENSG00000233384	
ZDHHC9	1	ENSG00000188706	
CNIH3-AS1	1	ENSG00000229400	
TARS1-DT	1	ENSG00000249572	
FOXA3	1	ENSG00000170608	
FOXA2	1	ENSG00000125798	
ENGASE	1	ENSG00000167280	
FOXA1	1	ENSG00000129514	
SAMD9L	1	ENSG00000177409	
CPOX	1	ENSG00000080819	
CCER2	1	ENSG00000262484	
CCER1	1	ENSG00000197651	
ACRBP	1	ENSG00000111644	
IFI44L	1	ENSG00000137959	
NPPB	1	ENSG00000120937	
SLIT1-AS1	1	ENSG00000234855	
NPPC	1	ENSG00000163273	
NPPA	1	ENSG00000175206	
ADPRHL1	1	ENSG00000153531	
TEX56P	1	ENSG00000185689	
DHX9-AS1	1	ENSG00000287808	
LOXL1-AS1	1	ENSG00000261801	
THEMIS	1	ENSG00000172673	
RPGRIP1L	1	ENSG00000103494	
NPNT	1	ENSG00000168743	
LITAFD	1	ENSG00000283516	
DPEP2	1	ENSG00000167261	
DPEP1	1	ENSG00000015413	
DPEP3	1	ENSG00000141096	
C20orf144	1	ENSG00000149609	
C20orf141	1	ENSG00000258713	
KRTAP23-1	1	ENSG00000186980	
ENSG00000285254	1	ENSG00000285254	
RBM8A	1	ENSG00000265241	
NPR1	1	ENSG00000169418	
NPR2	1	ENSG00000159899	
NPR3	1	ENSG00000113389	
KASH5	1	ENSG00000161609	
VARS2	1	ENSG00000137411	
BCL9L	1	ENSG00000186174	
VARS1	1	ENSG00000204394	
KLHDC7B-DT	1	ENSG00000272666	
HMGA1	1	ENSG00000137309	
HMGA2	1	ENSG00000149948	
EVX1	1	ENSG00000106038	
EVX2	1	ENSG00000174279	
AJM1	1	ENSG00000232434	
CPS1	1	ENSG00000021826	
MMP24OS	1	ENSG00000126005	
MIR4733HG	1	ENSG00000264107	
RBM27	1	ENSG00000091009	
PNLIPRP1	1	ENSG00000187021	
RBM28	1	ENSG00000106344	
RBM25	1	ENSG00000119707	
RHOXF2	1	ENSG00000131721	
CD164L2	1	ENSG00000174950	
RHOXF1	1	ENSG00000101883	
NAA40	1	ENSG00000110583	
RBM26	1	ENSG00000139746	
LAMC3	1	ENSG00000050555	
ATP2A3	1	ENSG00000074370	
HMGB2	1	ENSG00000164104	
HMGB3	1	ENSG00000029993	
ATP2A2	1	ENSG00000174437	
LAMC2	1	ENSG00000058085	
ATP2A1	1	ENSG00000196296	
LAMC1	1	ENSG00000135862	
HMGB1	1	ENSG00000189403	
FRMPD3-AS1	1	ENSG00000227610	
HMGB4	1	ENSG00000176256	
SEC61A2	1	ENSG00000065665	
SEC61A1	1	ENSG00000058262	
BCL7A	1	ENSG00000110987	
CPT2	1	ENSG00000157184	
BCL7C	1	ENSG00000099385	
BCL7B	1	ENSG00000106635	
NPTN	1	ENSG00000156642	
CFAP47	1	ENSG00000165164	
CD200R1L	1	ENSG00000206531	
UQCRFS1	1	ENSG00000169021	
CFAP46	1	ENSG00000171811	
RBM34	1	ENSG00000188739	
CFAP43	1	ENSG00000197748	
SULT4A1	1	ENSG00000130540	
CFAP45	1	ENSG00000213085	
RBM33	1	ENSG00000184863	
CFAP44	1	ENSG00000206530	
RBM17	1	ENSG00000134453	
NAA30	1	ENSG00000139977	
CFAP52	1	ENSG00000166596	
RBM14	1	ENSG00000239306	
RBM15	1	ENSG00000162775	
USP12-AS1	1	ENSG00000232162	
RBM18	1	ENSG00000119446	
RBM19	1	ENSG00000122965	
GORASP2	1	ENSG00000115806	
GORASP1	1	ENSG00000114745	
CPTP	1	ENSG00000224051	
CFAP58	1	ENSG00000120051	
NAA35	1	ENSG00000135040	
RBM20	1	ENSG00000203867	
CFAP57	1	ENSG00000243710	
NAA38	1	ENSG00000183011	
RBM23	1	ENSG00000100461	
CFAP54	1	ENSG00000188596	
RBM24	1	ENSG00000112183	
CFAP53	1	ENSG00000172361	
PNLIPRP3	1	ENSG00000203837	
RBM22	1	ENSG00000086589	
LAMA5	1	ENSG00000130702	
RBM47	1	ENSG00000163694	
RBM48	1	ENSG00000127993	
LAMA2	1	ENSG00000196569	
LAMA1	1	ENSG00000101680	
NAA20	1	ENSG00000173418	
GOSR2	1	ENSG00000108433	
LAMA4	1	ENSG00000112769	
LAMA3	1	ENSG00000053747	
GOSR1	1	ENSG00000108587	
RBM4B	1	ENSG00000173914	
ATP2C2	1	ENSG00000064270	
HMGCR	1	ENSG00000113161	
ATP2C1	1	ENSG00000017260	
LYSET	1	ENSG00000153485	
ENSG00000261285	1	ENSG00000261285	
HMGCL	1	ENSG00000117305	
RAB40A	1	ENSG00000172476	
RAB40B	1	ENSG00000141542	
RAB40C	1	ENSG00000197562	
NPVF	1	ENSG00000105954	
NAA25	1	ENSG00000111300	
CFAP20	1	ENSG00000070761	
ENSG00000275895	1	ENSG00000275895	
RBM38	1	ENSG00000132819	
ENSG00000287885	1	ENSG00000287885	
RBM39	1	ENSG00000131051	
NAA10	1	ENSG00000102030	
LAMB3	1	ENSG00000196878	
LAMB2	1	ENSG00000172037	
LAMB4	1	ENSG00000091128	
NAA11	1	ENSG00000156269	
ATP2B4	1	ENSG00000058668	
ATP2B3	1	ENSG00000067842	
LAMB1	1	ENSG00000091136	
ATP2B2	1	ENSG00000157087	
ATP2B1	1	ENSG00000070961	
BCL6B	1	ENSG00000161940	
RBM41	1	ENSG00000089682	
CFAP36	1	ENSG00000163001	
RBM42	1	ENSG00000126254	
THRSP	1	ENSG00000151365	
NAA16	1	ENSG00000172766	
NAA15	1	ENSG00000164134	
CPVL	1	ENSG00000106066	
RBM45	1	ENSG00000155636	
RBM46	1	ENSG00000151962	
RBM43	1	ENSG00000184898	
RBM44	1	ENSG00000177483	
IGHVIII-44	1	ENSG00000283562	
DCAF8	1	ENSG00000132716	
EPB41L1-AS1	1	ENSG00000232406	
DCAF5	1	ENSG00000139990	
DCAF4	1	ENSG00000119599	
DCAF7	1	ENSG00000136485	
DCAF6	1	ENSG00000143164	
DCAF1	1	ENSG00000145041	
SULT2A1	1	ENSG00000105398	
KHDC1-AS1	1	ENSG00000229852	
SULT2B1	1	ENSG00000088002	
MIS18A-AS1	1	ENSG00000227256	
CREB3L2-AS1	1	ENSG00000237243	
HIPK1-AS1	1	ENSG00000235527	
PRDX3	1	ENSG00000165672	
PRDX2	1	ENSG00000167815	
PRDX5	1	ENSG00000126432	
PRDX4	1	ENSG00000123131	
PRDX1	1	ENSG00000117450	
F8A3	1	ENSG00000277150	
RAB3IP	1	ENSG00000127328	
PA2G4	1	ENSG00000170515	
PRDX6	1	ENSG00000117592	
FAM13A-AS1	1	ENSG00000248019	
PCSK6-AS1	1	ENSG00000259764	
MIDEAS-AS1	1	ENSG00000259065	
IGHVIII-82	1	ENSG00000253303	
CEMP1	1	ENSG00000205923	
ENSG00000236461	1	ENSG00000236461	
TSPY4	1	ENSG00000233803	
TSPY2	1	ENSG00000168757	
TSPY3	1	ENSG00000228927	
TSPY1	1	ENSG00000258992	
TSPY8	1	ENSG00000229549	
TSPY9	1	ENSG00000238074	
COL21A1	1	ENSG00000124749	
JDP2	1	ENSG00000140044	
HBEGF	1	ENSG00000113070	
ASAH1	1	ENSG00000104763	
ASAH2	1	ENSG00000188611	
ZNF584-DT	1	ENSG00000232098	
TRIM16L	1	ENSG00000108448	
ENSG00000248469	1	ENSG00000248469	
ENSG00000248468	1	ENSG00000248468	
PPP4R3B-DT	1	ENSG00000272606	
HS1BP3	1	ENSG00000118960	
ENSG00000261436	1	ENSG00000261436	
CLIP1-AS1	1	ENSG00000257097	
FAM104B	1	ENSG00000182518	
FAM104A	1	ENSG00000133193	
A4GNT	1	ENSG00000118017	
RFWD3	1	ENSG00000168411	
CDK5R2-AS1	1	ENSG00000235024	
ALMS1	1	ENSG00000116127	
ENSG00000236494	1	ENSG00000236494	
ENSG00000236495	1	ENSG00000236495	
GREB1L-DT	1	ENSG00000265984	
FAM107A	1	ENSG00000168309	
BEST2	1	ENSG00000039987	
BEST3	1	ENSG00000127325	
FAM107B	1	ENSG00000065809	
BEST1	1	ENSG00000167995	
BEST4	1	ENSG00000142959	
MIR497HG	1	ENSG00000267532	
PRRX2-AS1	1	ENSG00000236024	
PIK3CA-DT	1	ENSG00000229102	
NUTM2A	1	ENSG00000184923	
ANKH-DT	1	ENSG00000272057	
SPAG16-DT	1	ENSG00000196096	
CCDC54-AS1	1	ENSG00000239828	
FAM106C	1	ENSG00000288235	
DISP1	1	ENSG00000154309	
FAM106A	1	ENSG00000273018	
DISP2	1	ENSG00000140323	
DISP3	1	ENSG00000204624	
NUTM2G	1	ENSG00000188152	
NUTM2F	1	ENSG00000130950	
NUTM2E	1	ENSG00000228570	
NUTM2D	1	ENSG00000214562	
NUTM2B	1	ENSG00000188199	
CEMIP	1	ENSG00000103888	
AFF2-IT1	1	ENSG00000223516	
CT45A7	1	ENSG00000273696	
CT45A8	1	ENSG00000278085	
CT45A9	1	ENSG00000270946	
CT45A3	1	ENSG00000269096	
CT45A5	1	ENSG00000228836	
CT45A6	1	ENSG00000278289	
CYP4F22	1	ENSG00000171954	
GLB1L3	1	ENSG00000166105	
HSPA5-DT	1	ENSG00000239705	
CT45A1	1	ENSG00000268940	
GLB1L2	1	ENSG00000149328	
CT45A2	1	ENSG00000271449	
TCP10L2	1	ENSG00000166984	
TCP10L3	1	ENSG00000203690	
BMS1P14	1	ENSG00000276500	
WEE2-AS1	1	ENSG00000228775	
DHCR24	1	ENSG00000116133	
CYP4F11	1	ENSG00000171903	
CYP4F12	1	ENSG00000186204	
RC3H1-IT1	1	ENSG00000236535	
IGKV3D-11	1	ENSG00000211632	
IGKV3D-15	1	ENSG00000224041	
SIPA1L1-AS1	1	ENSG00000259146	
ASB16-AS1	1	ENSG00000267080	
ZNF222-DT	1	ENSG00000267144	
CNGA1	1	ENSG00000198515	
CNGA2	1	ENSG00000183862	
CNGA3	1	ENSG00000144191	
CNGA4	1	ENSG00000132259	
IGKV3D-20	1	ENSG00000211625	
BET1L	1	ENSG00000177951	
IGKV3D-25	1	ENSG00000254097	
SMDT1	1	ENSG00000183172	
C10orf95-AS1	1	ENSG00000269609	
SCGB2A1	1	ENSG00000124939	
SCGB2A2	1	ENSG00000110484	
CNGB3	1	ENSG00000170289	
CNGB1	1	ENSG00000070729	
ACSS3	1	ENSG00000111058	
ACSS2	1	ENSG00000131069	
ENSG00000236403	1	ENSG00000236403	
IGKV3D-31	1	ENSG00000253999	
IGKV3D-34	1	ENSG00000253501	
SCGB2B2	1	ENSG00000205209	
ACSS1	1	ENSG00000154930	
TRAV38-2DV8	1	ENSG00000211817	
BCAS3-AS1	1	ENSG00000267207	
IGHV5-10-1	1	ENSG00000282651	
RPH3AL	1	ENSG00000181031	
KCNJ10	1	ENSG00000177807	
KCNIP1	1	ENSG00000182132	
KCNJ11	1	ENSG00000187486	
KCNIP2	1	ENSG00000120049	
KCNJ12	1	ENSG00000184185	
KCNIP3	1	ENSG00000115041	
KCNJ13	1	ENSG00000115474	
KCNJ14	1	ENSG00000182324	
KCNIP4	1	ENSG00000185774	
KCNJ15	1	ENSG00000157551	
KCNJ16	1	ENSG00000153822	
KCNJ18	1	ENSG00000260458	
CPMER	1	ENSG00000227838	
RIPK2-DT	1	ENSG00000251136	
ACSM3	1	ENSG00000005187	
PDE9A-AS1	1	ENSG00000225731	
GORAB	1	ENSG00000120370	
ACSM1	1	ENSG00000166743	
ACSM6	1	ENSG00000173124	
ACSM5	1	ENSG00000183549	
TRABD-AS1	1	ENSG00000273253	
ACSM4	1	ENSG00000215009	
PWP2	1	ENSG00000241945	
PWP1	1	ENSG00000136045	
PARTICL	1	ENSG00000286532	
KRTAP7-1	1	ENSG00000274749	
SOX1-OT	1	ENSG00000224243	
FAAP100	1	ENSG00000185504	
VCX3B	1	ENSG00000205642	
VCX3A	1	ENSG00000169059	
IGHD1-7	1	ENSG00000237197	
ACSL1	1	ENSG00000151726	
MYL11	1	ENSG00000180209	
ACSL6	1	ENSG00000164398	
ACSL5	1	ENSG00000197142	
ACSL4	1	ENSG00000068366	
ACSL3	1	ENSG00000123983	
SSX4B	1	ENSG00000269791	
HEPACAM	1	ENSG00000165478	
SETD4-AS1	1	ENSG00000236677	
MYL10	1	ENSG00000106436	
IGHD1-1	1	ENSG00000236170	
ZNF45-AS1	1	ENSG00000267191	
SLC18A2-AS1	1	ENSG00000225936	
RABGAP1L	1	ENSG00000152061	
RAB39A	1	ENSG00000179331	
RAB39B	1	ENSG00000155961	
PARP16	1	ENSG00000138617	
GJD3-AS1	1	ENSG00000266208	
PARP14	1	ENSG00000173193	
PARP15	1	ENSG00000173200	
ALOX15B	1	ENSG00000179593	
PARP12	1	ENSG00000059378	
PARP10	1	ENSG00000178685	
PARP11	1	ENSG00000111224	
NCEH1	1	ENSG00000144959	
MIR137HG	1	ENSG00000225206	
NUTM2B-AS1	1	ENSG00000225484	
MYL6B	1	ENSG00000196465	
RAB33A	1	ENSG00000134594	
RAB33B	1	ENSG00000172007	
IGHVII-40-1	1	ENSG00000253294	
KCNQ2-AS1	1	ENSG00000226390	
ALOX12B	1	ENSG00000179477	
COSMOC	1	ENSG00000260552	
JARID2-AS1	1	ENSG00000235488	
EFCAB13-DT	1	ENSG00000263293	
DISC1	1	ENSG00000162946	
AAMDC	1	ENSG00000087884	
ENSG00000177596	1	ENSG00000177596	
NQO1	1	ENSG00000181019	
NQO2	1	ENSG00000124588	
SSX2B	1	ENSG00000268447	
ERG28	1	ENSG00000133935	
CR1L	1	ENSG00000197721	
CDK5R2	1	ENSG00000171450	
CDK5R1	1	ENSG00000176749	
HDLBP	1	ENSG00000115677	
CHCHD4	1	ENSG00000163528	
CHCHD5	1	ENSG00000125611	
CHCHD2	1	ENSG00000106153	
RRAGC-DT	1	ENSG00000228436	
CHCHD3	1	ENSG00000106554	
CHCHD6	1	ENSG00000159685	
CHCHD7	1	ENSG00000170791	
CHCHD1	1	ENSG00000172586	
CD300A	1	ENSG00000167851	
PREPL	1	ENSG00000138078	
KLRF1	1	ENSG00000150045	
CD300E	1	ENSG00000186407	
KLRF2	1	ENSG00000256797	
CD300C	1	ENSG00000167850	
AKNA	1	ENSG00000106948	
KLRB1	1	ENSG00000111796	
CTTNBP2	1	ENSG00000077063	
CPLX2	1	ENSG00000145920	
CPLX1	1	ENSG00000168993	
CPLX4	1	ENSG00000166569	
CPLX3	1	ENSG00000213578	
ARSD-AS1	1	ENSG00000229851	
KLRC1	1	ENSG00000134545	
KLRC2	1	ENSG00000205809	
KLRC3	1	ENSG00000205810	
KLRC4	1	ENSG00000183542	
DSCR10	1	ENSG00000233316	
ACSF3	1	ENSG00000176715	
ACSF2	1	ENSG00000167107	
RFXAP	1	ENSG00000133111	
COL20A1	1	ENSG00000101203	
CDR2-DT	1	ENSG00000260790	
KLRD1	1	ENSG00000134539	
PDE3A-AS1	1	ENSG00000256879	
KRTAP22-1	1	ENSG00000186924	
KRTAP22-2	1	ENSG00000206106	
DDIT4L-AS1	1	ENSG00000249710	
TSEN15	1	ENSG00000198860	
CTDSPL2	1	ENSG00000137770	
PBX3-DT	1	ENSG00000229582	
EGFL7	1	ENSG00000172889	
EGFL6	1	ENSG00000198759	
TRBJ1-6	1	ENSG00000282780	
TRBJ1-3	1	ENSG00000282133	
TRBJ1-2	1	ENSG00000282420	
TRBJ1-5	1	ENSG00000282173	
TRBJ1-4	1	ENSG00000281958	
UBTFL1	1	ENSG00000255009	
TRBJ1-1	1	ENSG00000282320	
LALBA	1	ENSG00000167531	
EGFL8	1	ENSG00000241404	
TSEN34	1	ENSG00000170892	
CD163L1	1	ENSG00000177675	
PRELP	1	ENSG00000188783	
RBAKDN	1	ENSG00000273313	
HNF4A-AS1	1	ENSG00000229005	
ENSG00000285336	1	ENSG00000285336	
ENSG00000287996	1	ENSG00000287996	
KLRG2	1	ENSG00000188883	
KLRG1	1	ENSG00000139187	
RASGRF2-AS1	1	ENSG00000251450	
ENSG00000261398	1	ENSG00000261398	
ENSG00000261394	1	ENSG00000261394	
TBKBP1	1	ENSG00000198933	
LINC00540	1	ENSG00000276476	
SLC25A30-AS1	1	ENSG00000251015	
ZEB1-AS1	1	ENSG00000237036	
LINC00538	1	ENSG00000281664	
LINC00539	1	ENSG00000224429	
AKT2	1	ENSG00000105221	
AKT3	1	ENSG00000117020	
LINC00534	1	ENSG00000253394	
AKT1	1	ENSG00000142208	
LINC00536	1	ENSG00000249917	
PKNOX1	1	ENSG00000160199	
PKNOX2	1	ENSG00000165495	
LINC00533	1	ENSG00000235570	
KRTDAP	1	ENSG00000188508	
RUNX2-AS1	1	ENSG00000261080	
TSTD3	1	ENSG00000279170	
TSTD1	1	ENSG00000215845	
TSTD2	1	ENSG00000136925	
ENSG00000285569	1	ENSG00000285569	
PINCR	1	ENSG00000224294	
SEPSECS-AS1	1	ENSG00000281501	
ENSG00000285566	1	ENSG00000285566	
FAM157D	1	ENSG00000282572	
FAM157C	1	ENSG00000260528	
AGA-DT	1	ENSG00000250131	
SCGB1C2	1	ENSG00000268320	
SCGB1C1	1	ENSG00000188076	
LINC00528	1	ENSG00000269220	
LINC00529	1	ENSG00000236827	
LINC00523	1	ENSG00000196273	
MAFTRR	1	ENSG00000261390	
LINC00524	1	ENSG00000259023	
LINC00525	1	ENSG00000146666	
LINC00526	1	ENSG00000264575	
LINC00520	1	ENSG00000258791	
SKAP1	1	ENSG00000141293	
SKAP2	1	ENSG00000005020	
EXD1	1	ENSG00000178997	
ABALON	1	ENSG00000281376	
EXD2	1	ENSG00000081177	
LINC00560	1	ENSG00000261666	
EXD3	1	ENSG00000187609	
LINC00561	1	ENSG00000261206	
LINC00562	1	ENSG00000260388	
CRABP2	1	ENSG00000143320	
CRABP1	1	ENSG00000166426	
RNF212	1	ENSG00000178222	
SULT1A1	1	ENSG00000196502	
RNF214	1	ENSG00000167257	
SCGB1D1	1	ENSG00000168515	
RNF213	1	ENSG00000173821	
RNF216	1	ENSG00000011275	
RNF215	1	ENSG00000099999	
SCGB1D2	1	ENSG00000124935	
RNF217	1	ENSG00000146373	
SCGB1D4	1	ENSG00000197745	
LINC00556	1	ENSG00000260131	
LINC00557	1	ENSG00000260962	
LINC00558	1	ENSG00000261517	
LINC00559	1	ENSG00000261446	
SULT1A4	1	ENSG00000213648	
ARHGEF7-AS2	1	ENSG00000235875	
LINC00554	1	ENSG00000260738	
SULT1A3	1	ENSG00000261052	
SULT1A2	1	ENSG00000197165	
ARHGEF7-AS1	1	ENSG00000227352	
LINC00555	1	ENSG00000261057	
LINC00550	1	ENSG00000281778	
LINC00551	1	ENSG00000272274	
TIPARP	1	ENSG00000163659	
FGF13-AS1	1	ENSG00000226031	
TREML1	1	ENSG00000161911	
RNF223	1	ENSG00000237330	
SULT1B1	1	ENSG00000173597	
RNF222	1	ENSG00000189051	
RNF225	1	ENSG00000269855	
RNF224	1	ENSG00000233198	
RNF227	1	ENSG00000179859	
TREML4	1	ENSG00000188056	
TREML2	1	ENSG00000112195	
LOC102725019	1	ENSG00000232080	
LINC00545	1	ENSG00000236094	
LINC00547	1	ENSG00000275226	
LINC00543	1	ENSG00000260704	
LINC00544	1	ENSG00000122043	
RNF220	1	ENSG00000187147	
ZRANB2-DT	1	ENSG00000229956	
ARHGAP9	1	ENSG00000123329	
SFTA2	1	ENSG00000196260	
SFTA3	1	ENSG00000229415	
SIGLEC9	1	ENSG00000129450	
ARHGAP8	1	ENSG00000241484	
ARHGAP1	1	ENSG00000175220	
ARHGAP5	1	ENSG00000100852	
PEAR1	1	ENSG00000187800	
ARHGAP6	1	ENSG00000047648	
ARHGAP4	1	ENSG00000089820	
SULT1C3	1	ENSG00000196228	
SULT1C2	1	ENSG00000198203	
OR52B4	1	ENSG00000221996	
DLGAP1	1	ENSG00000170579	
OR52B2	1	ENSG00000255307	
DLGAP3	1	ENSG00000116544	
TPSAB1	1	ENSG00000172236	
DLGAP2	1	ENSG00000198010	
DLGAP5	1	ENSG00000126787	
DLGAP4	1	ENSG00000080845	
OR52B6	1	ENSG00000187747	
SULT1C4	1	ENSG00000198075	
ZBTB7C-AS1	1	ENSG00000286583	
NRXN2-AS1	1	ENSG00000237410	
METRN	1	ENSG00000103260	
NR2F1-AS1	1	ENSG00000237187	
TIMMDC1-DT	1	ENSG00000272662	
SLC39A11	1	ENSG00000133195	
WNT9B	1	ENSG00000158955	
SLC39A10	1	ENSG00000196950	
SLC39A13	1	ENSG00000165915	
WNT9A	1	ENSG00000143816	
SLC39A12	1	ENSG00000148482	
SLC39A14	1	ENSG00000104635	
ENSG00000285518	1	ENSG00000285518	
PXDN	1	ENSG00000130508	
PPARG	1	ENSG00000132170	
OR52A1	1	ENSG00000182070	
PPARA	1	ENSG00000186951	
PPARD	1	ENSG00000112033	
OR52A5	1	ENSG00000171944	
CRB2	1	ENSG00000148204	
CRB1	1	ENSG00000134376	
KRTAP25-1	1	ENSG00000232263	
WNT8A	1	ENSG00000061492	
WNT8B	1	ENSG00000075290	
NRAL	1	ENSG00000229434	
SOS1-IT1	1	ENSG00000229692	
CENPA	1	ENSG00000115163	
CENPB	1	ENSG00000125817	
CENPC	1	ENSG00000145241	
NRAS	1	ENSG00000213281	
EXOSC10	1	ENSG00000171824	
SULT1E1	1	ENSG00000109193	
PRR14L	1	ENSG00000183530	
LINC00517	1	ENSG00000259091	
LINC00518	1	ENSG00000183674	
NRAP	1	ENSG00000197893	
LINC00519	1	ENSG00000258955	
LINC00513	1	ENSG00000233559	
NRAV	1	ENSG00000248008	
LINC00511	1	ENSG00000227036	
CENPT	1	ENSG00000102901	
CENPU	1	ENSG00000151725	
CENPV	1	ENSG00000166582	
CENPW	1	ENSG00000203760	
PNRC1-DT	1	ENSG00000271931	
CRBN	1	ENSG00000113851	
CENPX	1	ENSG00000169689	
COL22A1	1	ENSG00000169436	
WNT7B	1	ENSG00000188064	
WNT7A	1	ENSG00000154764	
CENPE	1	ENSG00000138778	
CENPF	1	ENSG00000117724	
CENPH	1	ENSG00000153044	
CENPI	1	ENSG00000102384	
ETNK2	1	ENSG00000143845	
LINC00506	1	ENSG00000281392	
ETNK1	1	ENSG00000139163	
CENPJ	1	ENSG00000151849	
CHROMR	1	ENSG00000223960	
LINC00507	1	ENSG00000256193	
CENPK	1	ENSG00000123219	
LINC00508	1	ENSG00000256971	
CENPL	1	ENSG00000120334	
LINC00501	1	ENSG00000203645	
ADGRL1	1	ENSG00000072071	
CENPM	1	ENSG00000100162	
LINC00502	1	ENSG00000224851	
CENPN	1	ENSG00000166451	
SIGLEC1	1	ENSG00000088827	
CENPO	1	ENSG00000138092	
LINC00504	1	ENSG00000248360	
SIGLEC8	1	ENSG00000105366	
ADGRL4	1	ENSG00000162618	
CENPP	1	ENSG00000188312	
ENSG00000273523	1	ENSG00000273523	
CENPQ	1	ENSG00000031691	
CRAT	1	ENSG00000095321	
SIGLEC7	1	ENSG00000168995	
SIGLEC6	1	ENSG00000105492	
ADGRL2	1	ENSG00000117114	
SIGLEC5	1	ENSG00000105501	
CRB3	1	ENSG00000130545	
ADGRL3	1	ENSG00000150471	
CENPS	1	ENSG00000175279	
ENSG00000236543	1	ENSG00000236543	
CRCP	1	ENSG00000241258	
ENSG00000248529	1	ENSG00000248529	
CLBA1	1	ENSG00000140104	
DNAH10OS	1	ENSG00000250091	
BTN1A1	1	ENSG00000124557	
OR51T1	1	ENSG00000176900	
BOD1L1	1	ENSG00000038219	
CREM	1	ENSG00000095794	
NRF1	1	ENSG00000106459	
NREP	1	ENSG00000134986	
ENSG00000248540	1	ENSG00000248540	
HNRNPDL	1	ENSG00000152795	
OR51S1	1	ENSG00000176922	
G3BP1	1	ENSG00000145907	
G3BP2	1	ENSG00000138757	
CR1-AS1	1	ENSG00000236911	
NRDC	1	ENSG00000078618	
IFNW1	1	ENSG00000177047	
YRDC	1	ENSG00000196449	
MEIS1-AS3	1	ENSG00000226819	
MEIS1-AS2	1	ENSG00000230749	
TBXAS1	1	ENSG00000059377	
BOD1L2	1	ENSG00000228075	
LINC00581	1	ENSG00000280989	
SNAP25	1	ENSG00000132639	
LINC00582	1	ENSG00000229228	
LINC00583	1	ENSG00000205636	
SNAP23	1	ENSG00000092531	
RMND1	1	ENSG00000155906	
NRGN	1	ENSG00000154146	
ALAD	1	ENSG00000148218	
PPP6R1	1	ENSG00000105063	
EXO1	1	ENSG00000174371	
PPP6R2	1	ENSG00000100239	
PPP6R3	1	ENSG00000110075	
LINC00578	1	ENSG00000228221	
EXO5	1	ENSG00000164002	
LINC00574	1	ENSG00000231690	
SNAP29	1	ENSG00000099940	
LINC00575	1	ENSG00000231782	
ATP6V0E2-AS1	1	ENSG00000204934	
ACTR3	1	ENSG00000115091	
LINC00570	1	ENSG00000224177	
ACTR2	1	ENSG00000138071	
LINC00571	1	ENSG00000223685	
LINC00572	1	ENSG00000224405	
ADGRV1	1	ENSG00000164199	
ACTR6	1	ENSG00000075089	
ENSG00000236513	1	ENSG00000236513	
ACTR5	1	ENSG00000101442	
SPACA1	1	ENSG00000118434	
NRG1	1	ENSG00000157168	
ACTR8	1	ENSG00000113812	
NRG2	1	ENSG00000158458	
MUC5AC	1	ENSG00000215182	
IMPACT	1	ENSG00000154059	
MYO3B	1	ENSG00000071909	
NRG3	1	ENSG00000185737	
NRG4	1	ENSG00000169752	
MYO3A	1	ENSG00000095777	
LINC00567	1	ENSG00000259831	
SPACA3	1	ENSG00000141316	
SPACA4	1	ENSG00000177202	
SPACA5	1	ENSG00000171489	
SPACA6	1	ENSG00000182310	
C1GALT1C1L	1	ENSG00000223658	
LINC00563	1	ENSG00000261097	
SPACA7	1	ENSG00000153498	
LINC00564	1	ENSG00000260094	
PDYN-AS1	1	ENSG00000233896	
SPACA9	1	ENSG00000165698	
LINC00566	1	ENSG00000261498	
SNAP47	1	ENSG00000143740	
NRIR	1	ENSG00000225964	
BAHD1	1	ENSG00000140320	
IGF2BP1	1	ENSG00000159217	
IGF2BP3	1	ENSG00000136231	
IGF2BP2	1	ENSG00000073792	
WHAMM	1	ENSG00000156232	
HNRNPA1	1	ENSG00000135486	
LINC00596	1	ENSG00000259334	
GPAT4-AS1	1	ENSG00000253133	
LINC00598	1	ENSG00000215483	
HNRNPA0	1	ENSG00000177733	
LINC00592	1	ENSG00000258279	
HNRNPA3	1	ENSG00000170144	
LINC00595	1	ENSG00000230417	
EXTL3-AS1	1	ENSG00000246339	
IGHVIII-16-1	1	ENSG00000283948	
MYO10	1	ENSG00000145555	
ENSG00000248515	1	ENSG00000248515	
EXOG	1	ENSG00000157036	
HNRNPAB	1	ENSG00000197451	
MYO19	1	ENSG00000278259	
MYO16	1	ENSG00000041515	
MYO1D	1	ENSG00000176658	
MMP25-AS1	1	ENSG00000261971	
MYO1E	1	ENSG00000157483	
OR51V1	1	ENSG00000176742	
NLGN1-AS1	1	ENSG00000228213	
MYO1B	1	ENSG00000128641	
PINK1	1	ENSG00000158828	
MYO1C	1	ENSG00000197879	
MYO1A	1	ENSG00000166866	
SCGB1A1	1	ENSG00000149021	
LINC00589	1	ENSG00000251191	
MYO1H	1	ENSG00000174527	
MYO1F	1	ENSG00000142347	
TBATA	1	ENSG00000166220	
LINC00587	1	ENSG00000204250	
MYO1G	1	ENSG00000136286	
LINC00588	1	ENSG00000215117	
NPFFR2	1	ENSG00000056291	
CPNE9	1	ENSG00000144550	
CPNE8	1	ENSG00000139117	
NPFFR1	1	ENSG00000148734	
CPNE5	1	ENSG00000124772	
CCDC89	1	ENSG00000179071	
CPNE4	1	ENSG00000196353	
CPNE7	1	ENSG00000178773	
CPNE6	1	ENSG00000100884	
CRKL	1	ENSG00000099942	
OR51L1	1	ENSG00000176798	
CCDC91	1	ENSG00000123106	
OPHN1	1	ENSG00000079482	
ADGRA1	1	ENSG00000197177	
ADGRA2	1	ENSG00000020181	
CCDC96	1	ENSG00000173013	
CPNE1	1	ENSG00000214078	
CCDC97	1	ENSG00000142039	
CPNE3	1	ENSG00000085719	
CPNE2	1	ENSG00000140848	
CCDC92	1	ENSG00000119242	
CCDC93	1	ENSG00000125633	
SCAPER	1	ENSG00000140386	
INTS6-AS1	1	ENSG00000236778	
ALG8	1	ENSG00000159063	
ALG9	1	ENSG00000086848	
ALG6	1	ENSG00000088035	
KCNK10	1	ENSG00000100433	
CCDC78	1	ENSG00000162004	
ACTN3	1	ENSG00000248746	
ACTN2	1	ENSG00000077522	
ACTN1	1	ENSG00000072110	
KCNK12	1	ENSG00000184261	
ALG5	1	ENSG00000120697	
KCNK13	1	ENSG00000152315	
ALG2	1	ENSG00000119523	
MYO7B	1	ENSG00000169994	
KCNK15	1	ENSG00000124249	
ALG3	1	ENSG00000214160	
KCNK16	1	ENSG00000095981	
ADGRA3	1	ENSG00000152990	
ALG1	1	ENSG00000033011	
KCNK17	1	ENSG00000124780	
ACTN4	1	ENSG00000130402	
MYO7A	1	ENSG00000137474	
KCNK18	1	ENSG00000186795	
TMEM184C-DT	1	ENSG00000251298	
CCDC80	1	ENSG00000091986	
ADGRB2	1	ENSG00000121753	
ADGRB3	1	ENSG00000135298	
ADGRB1	1	ENSG00000181790	
PKD1-AS1	1	ENSG00000259933	
CCDC86	1	ENSG00000110104	
CCDC87	1	ENSG00000182791	
CCDC81	1	ENSG00000149201	
CCDC82	1	ENSG00000149231	
CCDC83	1	ENSG00000150676	
SLC45A4	1	ENSG00000022567	
PXT1	1	ENSG00000179165	
ADCYAP1R1	1	ENSG00000078549	
SLC45A2	1	ENSG00000164175	
TRIM64C	1	ENSG00000214891	
NRN1	1	ENSG00000124785	
SLC45A3	1	ENSG00000158715	
TRIM64B	1	ENSG00000189253	
EPB42	1	ENSG00000166947	
EPAS1	1	ENSG00000116016	
EPB41	1	ENSG00000159023	
SLC45A1	1	ENSG00000162426	
CEND1	1	ENSG00000184524	
ENSG00000224504	1	ENSG00000224504	
CRMA	1	ENSG00000174403	
RTBDN	1	ENSG00000132026	
OR51I2	1	ENSG00000187918	
MYO5A	1	ENSG00000197535	
PFKP-DT	1	ENSG00000273001	
OR51I1	1	ENSG00000167359	
CCDC9B	1	ENSG00000188549	
CRNN	1	ENSG00000143536	
EXT1	1	ENSG00000182197	
EXT2	1	ENSG00000151348	
MYO5B	1	ENSG00000167306	
MYO5C	1	ENSG00000128833	
NRP1	1	ENSG00000099250	
CSRNP1	1	ENSG00000144655	
CSRNP2	1	ENSG00000110925	
NRP2	1	ENSG00000118257	
CSRNP3	1	ENSG00000178662	
PYROXD1	1	ENSG00000121350	
OTUD7A	1	ENSG00000169918	
OTUD7B	1	ENSG00000264522	
CNTNAP2-AS1	1	ENSG00000236795	
CROT	1	ENSG00000005469	
THTPA	1	ENSG00000259431	
OR51Q1	1	ENSG00000167360	
OTUD6B	1	ENSG00000155100	
MUC12	1	ENSG00000205277	
UFD1	1	ENSG00000070010	
MUC13	1	ENSG00000173702	
MUC15	1	ENSG00000169550	
FMR1-AS1	1	ENSG00000268066	
SREBF1	1	ENSG00000072310	
SFTPB	1	ENSG00000168878	
SFTPC	1	ENSG00000168484	
SFTPD	1	ENSG00000133661	
ENSG00000177699	1	ENSG00000177699	
SREBF2	1	ENSG00000198911	
PDIK1L	1	ENSG00000175087	
UFC1	1	ENSG00000143222	
RAD21-AS1	1	ENSG00000253327	
CAB39	1	ENSG00000135932	
C1orf35	1	ENSG00000143793	
RIBC1	1	ENSG00000158423	
BCL2L2-PABPN1	1	ENSG00000258643	
H1-10-AS1	1	ENSG00000206417	
RIBC2	1	ENSG00000128408	
C1orf21	1	ENSG00000116667	
OR51M1	1	ENSG00000184698	
MYO9B	1	ENSG00000099331	
ACTL9	1	ENSG00000181786	
MYO9A	1	ENSG00000066933	
ACTL8	1	ENSG00000117148	
IGHD5OR15-5B	1	ENSG00000270824	
IGHD5OR15-5A	1	ENSG00000270961	
ALLC	1	ENSG00000151360	
SMIM14-DT	1	ENSG00000255458	
C1orf50	1	ENSG00000164008	
OTUD4	1	ENSG00000164164	
OTUD5	1	ENSG00000068308	
CRTC2	1	ENSG00000160741	
C1orf52	1	ENSG00000162642	
CRTC3	1	ENSG00000140577	
C1orf53	1	ENSG00000203724	
C1orf54	1	ENSG00000118292	
UBXN2B	1	ENSG00000215114	
CRTC1	1	ENSG00000105662	
UBXN2A	1	ENSG00000173960	
C1orf56	1	ENSG00000143443	
OR51D1	1	ENSG00000197428	
PEBP1	1	ENSG00000089220	
BUB1B	1	ENSG00000156970	
CAAP1	1	ENSG00000120159	
COX6A1	1	ENSG00000111775	
COX6A2	1	ENSG00000156885	
ACTG2	1	ENSG00000163017	
ACTG1	1	ENSG00000184009	
AMMECR1L	1	ENSG00000144233	
PEBP4	1	ENSG00000134020	
NRTN	1	ENSG00000171119	
C1orf43	1	ENSG00000143612	
COX6B2	1	ENSG00000160471	
MUC3A	1	ENSG00000169894	
FAM174A-DT	1	ENSG00000247877	
COX6B1	1	ENSG00000126267	
GPRIN3	1	ENSG00000185477	
GPRIN2	1	ENSG00000204175	
PRR15L	1	ENSG00000167183	
GPRIN1	1	ENSG00000169258	
PELATON	1	ENSG00000224397	
UBIAD1	1	ENSG00000120942	
C1orf74	1	ENSG00000162757	
GCC2-AS1	1	ENSG00000214184	
DTD1-AS1	1	ENSG00000233993	
OR51B2	1	ENSG00000279012	
DIABLO	1	ENSG00000184047	
ENSG00000285492	1	ENSG00000285492	
ADGRG3	1	ENSG00000182885	
ADGRG4	1	ENSG00000156920	
ADGRG1	1	ENSG00000205336	
AANAT	1	ENSG00000129673	
ADGRG2	1	ENSG00000173698	
ADGRG7	1	ENSG00000144820	
ADGRG5	1	ENSG00000159618	
ADGRG6	1	ENSG00000112414	
OR51B6	1	ENSG00000176239	
OR51B5	1	ENSG00000167355	
OR51B4	1	ENSG00000183251	
LLPH	1	ENSG00000139233	
EEFSEC	1	ENSG00000132394	
DNAJC27-AS1	1	ENSG00000224165	
CRTAP	1	ENSG00000170275	
MUC16	1	ENSG00000181143	
MUC17	1	ENSG00000169876	
RARRES2	1	ENSG00000106538	
CRTAM	1	ENSG00000109943	
RARRES1	1	ENSG00000118849	
C1orf68	1	ENSG00000198854	
MUC19	1	ENSG00000205592	
OTUD6A	1	ENSG00000189401	
HOOK3	1	ENSG00000168172	
HOOK2	1	ENSG00000095066	
FAM151B	1	ENSG00000152380	
UBXN11	1	ENSG00000158062	
HOOK1	1	ENSG00000134709	
FAM151A	1	ENSG00000162391	
UBXN10	1	ENSG00000162543	
ALPP	1	ENSG00000163283	
NABP2	1	ENSG00000139579	
EIF3J-DT	1	ENSG00000179523	
ALPL	1	ENSG00000162551	
NABP1	1	ENSG00000173559	
OR51A4	1	ENSG00000205497	
PYROXD2	1	ENSG00000119943	
DEGS1	1	ENSG00000143753	
ALPI	1	ENSG00000163295	
DEGS2	1	ENSG00000168350	
OR51A2	1	ENSG00000205496	
ALPG	1	ENSG00000163286	
DNAL4	1	ENSG00000100246	
MUC20	1	ENSG00000176945	
DNAL1	1	ENSG00000119661	
OR51A7	1	ENSG00000176895	
MUC21	1	ENSG00000204544	
MUC22	1	ENSG00000261272	
C1orf94	1	ENSG00000142698	
CYP4A22	1	ENSG00000162365	
PINX1	1	ENSG00000254093	
TENT4A	1	ENSG00000112941	
TENT4B	1	ENSG00000121274	
CABIN1	1	ENSG00000099991	
ADGRE1	1	ENSG00000174837	
UFL1	1	ENSG00000014123	
ADGRE2	1	ENSG00000127507	
MME-AS1	1	ENSG00000240666	
ADGRE5	1	ENSG00000123146	
ADGRE3	1	ENSG00000131355	
DNAI4	1	ENSG00000152763	
OR51G2	1	ENSG00000176893	
MYOCD	1	ENSG00000141052	
DNAI2	1	ENSG00000171595	
OR51G1	1	ENSG00000278870	
DNAI3	1	ENSG00000162643	
C1orf87	1	ENSG00000162598	
FIGLA	1	ENSG00000183733	
DCAKD	1	ENSG00000172992	
DNAI7	1	ENSG00000118307	
CYP4A11	1	ENSG00000187048	
TENT5A	1	ENSG00000112773	
TENT5B	1	ENSG00000158246	
TENT5C	1	ENSG00000183508	
TENT5D	1	ENSG00000174016	
ACTA2	1	ENSG00000107796	
ADGRF2	1	ENSG00000164393	
ACTA1	1	ENSG00000143632	
ADGRF3	1	ENSG00000173567	
ADGRF1	1	ENSG00000153292	
ALS2	1	ENSG00000003393	
MYOD1	1	ENSG00000129152	
ADGRF4	1	ENSG00000153294	
ADGRF5	1	ENSG00000069122	
CRY2	1	ENSG00000121671	
FAM153A	1	ENSG00000170074	
CRY1	1	ENSG00000008405	
OTUB1	1	ENSG00000167770	
OTUB2	1	ENSG00000089723	
DNAH3	1	ENSG00000158486	
OR51F2	1	ENSG00000176925	
OR51F1	1	ENSG00000280021	
DNAH1	1	ENSG00000114841	
DNAH2	1	ENSG00000183914	
IGHVII-67-1	1	ENSG00000253820	
DNAH7	1	ENSG00000118997	
DNAH8	1	ENSG00000124721	
DNAH5	1	ENSG00000039139	
DNAH6	1	ENSG00000115423	
ASAP3	1	ENSG00000088280	
ASB13	1	ENSG00000196372	
PKD1L1	1	ENSG00000158683	
ASB14	1	ENSG00000239388	
DNAH9	1	ENSG00000007174	
ASAP1	1	ENSG00000153317	
ASB11	1	ENSG00000165192	
ASAP2	1	ENSG00000151693	
ASB12	1	ENSG00000198881	
PKD1L3	1	ENSG00000277481	
FTHL17	1	ENSG00000132446	
ASB17	1	ENSG00000154007	
ASB18	1	ENSG00000182177	
ASB15	1	ENSG00000146809	
CRYZ	1	ENSG00000116791	
ASB16	1	ENSG00000161664	
FAM156B	1	ENSG00000179304	
FAM156A	1	ENSG00000268350	
ASB10	1	ENSG00000146926	
CRYM	1	ENSG00000103316	
DNAI1	1	ENSG00000122735	
REELD1	1	ENSG00000250673	
OR51E1	1	ENSG00000180785	
CDK11A	1	ENSG00000008128	
EYA1	1	ENSG00000104313	
EYA2	1	ENSG00000064655	
EYA3	1	ENSG00000158161	
EYA4	1	ENSG00000112319	
OR51E2	1	ENSG00000167332	
COL25A1-DT	1	ENSG00000246774	
MUC5B	1	ENSG00000117983	
CDK11B	1	ENSG00000248333	
ADGRD1	1	ENSG00000111452	
UFM1	1	ENSG00000120686	
ACTC1	1	ENSG00000159251	
ADGRD2	1	ENSG00000180264	
OTUD1	1	ENSG00000165312	
OTUD3	1	ENSG00000169914	
NCKAP1	1	ENSG00000061676	
XYLT2	1	ENSG00000015532	
XYLT1	1	ENSG00000103489	
ENSG00000285677	1	ENSG00000285677	
FGFRL1	1	ENSG00000127418	
NAA80	1	ENSG00000243477	
LINC00415	1	ENSG00000231983	
CEP95	1	ENSG00000258890	
CEP97	1	ENSG00000182504	
NCKAP5	1	ENSG00000176771	
LINC00410	1	ENSG00000231674	
LINC00411	1	ENSG00000229599	
ENSG00000234089	1	ENSG00000234089	
LINC00412	1	ENSG00000234772	
MT1HL1	1	ENSG00000244020	
ENSG00000261697	1	ENSG00000261697	
COL23A1	1	ENSG00000050767	
VPS11-DT	1	ENSG00000272186	
ENSG00000283025	1	ENSG00000283025	
IGFL2-AS1	1	ENSG00000268621	
LINC00407	1	ENSG00000237585	
LINC00408	1	ENSG00000226250	
LINC00402	1	ENSG00000235532	
LINC00404	1	ENSG00000229520	
LINC00400	1	ENSG00000229928	
NAA60	1	ENSG00000122390	
LRPAP1	1	ENSG00000163956	
LINC00440	1	ENSG00000234660	
CEP70	1	ENSG00000114107	
TEX26-AS1	1	ENSG00000224743	
ALX3	1	ENSG00000156150	
ALX4	1	ENSG00000052850	
CEP72	1	ENSG00000112877	
MCMBP	1	ENSG00000197771	
ALX1	1	ENSG00000180318	
LINC00437	1	ENSG00000236354	
CEP76	1	ENSG00000101624	
KAT14	1	ENSG00000149474	
LINC00433	1	ENSG00000229443	
CEP78	1	ENSG00000148019	
LINC00434	1	ENSG00000227336	
NAA50	1	ENSG00000121579	
DACT3-AS1	1	ENSG00000245598	
AFAP1L2	1	ENSG00000169129	
SNAPIN	1	ENSG00000143553	
AFAP1L1	1	ENSG00000157510	
LINC00430	1	ENSG00000233528	
NFATC3	1	ENSG00000072736	
NFATC2	1	ENSG00000101096	
NFATC1	1	ENSG00000131196	
NFATC4	1	ENSG00000100968	
EGILA	1	ENSG00000258451	
LINC00428	1	ENSG00000229546	
LINC00424	1	ENSG00000226722	
ENSG00000246090	1	ENSG00000246090	
CEP83	1	ENSG00000173588	
LINC00426	1	ENSG00000238121	
CEP85	1	ENSG00000130695	
LINC00427	1	ENSG00000236463	
LINC00421	1	ENSG00000236834	
CEP89	1	ENSG00000121289	
LINC00423	1	ENSG00000226968	
CEP57	1	ENSG00000166037	
MESP2	1	ENSG00000188095	
PYGB	1	ENSG00000100994	
MESP1	1	ENSG00000166823	
ISL1-DT	1	ENSG00000259663	
ENSG00000285630	1	ENSG00000285630	
NRSN2	1	ENSG00000125841	
NRSN1	1	ENSG00000152954	
ZNF236-DT	1	ENSG00000264278	
ITPKB-AS1	1	ENSG00000228548	
PYGM	1	ENSG00000068976	
PYGL	1	ENSG00000100504	
CSAD	1	ENSG00000139631	
ENSG00000285634	1	ENSG00000285634	
IGLV1-62	1	ENSG00000253823	
PEA15	1	ENSG00000162734	
C18orf63	1	ENSG00000206043	
KRTAP1-5	1	ENSG00000221852	
KRTAP1-4	1	ENSG00000204887	
KRTAP1-3	1	ENSG00000221880	
CEP55	1	ENSG00000138180	
KRTAP1-1	1	ENSG00000188581	
CEP68	1	ENSG00000011523	
KAT2B	1	ENSG00000114166	
KAT2A	1	ENSG00000108773	
NSA2	1	ENSG00000164346	
C18orf54	1	ENSG00000166845	
CEP63	1	ENSG00000182923	
ASCL5	1	ENSG00000232237	
SLCO4A1-AS1	1	ENSG00000232803	
CLDND2	1	ENSG00000160318	
ASCL3	1	ENSG00000176009	
SLCO4A1-AS2	1	ENSG00000277496	
CLDND1	1	ENSG00000080822	
ASCL4	1	ENSG00000187855	
ASCL1	1	ENSG00000139352	
ASCL2	1	ENSG00000183734	
NSD3	1	ENSG00000147548	
EPCAM	1	ENSG00000119888	
ALOX5	1	ENSG00000012779	
NSD1	1	ENSG00000165671	
NSD2	1	ENSG00000109685	
ENSG00000258039	1	ENSG00000258039	
SORBS2-AS1	1	ENSG00000233110	
TCF7L1-IT1	1	ENSG00000231134	
FAM13B-AS1	1	ENSG00000246323	
CLCF1	1	ENSG00000175505	
C18orf32	1	ENSG00000177576	
ENSG00000258028	1	ENSG00000258028	
CEP41	1	ENSG00000106477	
CEP43	1	ENSG00000213066	
CEP44	1	ENSG00000164118	
CSF3	1	ENSG00000108342	
CSF2	1	ENSG00000164400	
CSF1	1	ENSG00000184371	
LNCAROD	1	ENSG00000231131	
CEP19	1	ENSG00000174007	
LAMP5	1	ENSG00000125869	
TMA7B	1	ENSG00000225528	
OR52W1	1	ENSG00000175485	
HMGN4	1	ENSG00000182952	
LNCTSI	1	ENSG00000230479	
HMGN5	1	ENSG00000198157	
LAMP1	1	ENSG00000185896	
AGBL1-AS1	1	ENSG00000260125	
LAMP3	1	ENSG00000078081	
PAPOLG	1	ENSG00000115421	
LAMP2	1	ENSG00000005893	
PAPOLA	1	ENSG00000090060	
C18orf21	1	ENSG00000141428	
CLCC1	1	ENSG00000121940	
PAPOLB	1	ENSG00000218823	
HMGN2	1	ENSG00000198830	
HMGN3	1	ENSG00000118418	
C18orf25	1	ENSG00000152242	
LINC00498	1	ENSG00000248397	
LINC00499	1	ENSG00000251372	
HMGN1	1	ENSG00000205581	
MAGI1	1	ENSG00000151276	
GOLGA8S	1	ENSG00000261739	
GOLGA8R	1	ENSG00000186399	
LINC00494	1	ENSG00000235621	
GOLGA8T	1	ENSG00000261247	
MAGI3	1	ENSG00000081026	
LINC00491	1	ENSG00000250682	
MAGI2	1	ENSG00000187391	
LINC00492	1	ENSG00000250958	
VASH2	1	ENSG00000143494	
GOLGA8K	1	ENSG00000249931	
GOLGA8J	1	ENSG00000179938	
FRMD4A	1	ENSG00000151474	
GOLGA8M	2	ENSG00000261480:ENSG00000188626	
VASH1	1	ENSG00000071246	
FRMD4B	1	ENSG00000114541	
GOLGA8O	1	ENSG00000206127	
GOLGA8N	1	ENSG00000232653	
GOLGA8Q	1	ENSG00000178115	
GOLGA8B	1	ENSG00000215252	
EBNA1BP2	1	ENSG00000117395	
GOLGA8G	1	ENSG00000183629	
IGLV1-36	1	ENSG00000211655	
GOLGA8F	1	ENSG00000153684	
KAT6B	1	ENSG00000156650	
OR2L13	1	ENSG00000196071	
KAT6A	1	ENSG00000083168	
GOLGA8H	1	ENSG00000261794	
TSSK6	1	ENSG00000178093	
TSSK3	1	ENSG00000162526	
TSSK4	1	ENSG00000139908	
CEP20	1	ENSG00000133393	
LINC00486	1	ENSG00000230876	
LINC00487	1	ENSG00000205837	
TSSK2	1	ENSG00000206203	
GOLGA8A	1	ENSG00000175265	
LINC00488	1	ENSG00000214381	
LINC00489	1	ENSG00000225759	
CCDC27	1	ENSG00000162592	
CCDC24	1	ENSG00000159214	
CSH2	1	ENSG00000213218	
PXN-AS1	1	ENSG00000255857	
CSH1	1	ENSG00000136488	
CCDC25	1	ENSG00000147419	
CCDC26	1	ENSG00000229140	
IGLV1-50	1	ENSG00000211645	
KRBOX4	1	ENSG00000147121	
RIC3-DT	1	ENSG00000246820	
KRBOX5	1	ENSG00000197302	
GOLGA7B	1	ENSG00000155265	
IGLV1-41	1	ENSG00000253818	
IGLV1-40	1	ENSG00000211653	
KRBOX1	1	ENSG00000240747	
IGLV1-47	1	ENSG00000211648	
IGLV1-44	1	ENSG00000211651	
CLCA2	1	ENSG00000137975	
CCDC30	1	ENSG00000186409	
CLCA1	1	ENSG00000016490	
ENSG00000261638	1	ENSG00000261638	
CCDC32	1	ENSG00000128891	
CCDC33	1	ENSG00000140481	
CLCA4	1	ENSG00000016602	
TRAPPC2	1	ENSG00000196459	
TRAPPC3	1	ENSG00000054116	
CCDC17	1	ENSG00000159588	
CCDC18	1	ENSG00000122483	
TRAPPC1	1	ENSG00000170043	
AMBP	1	ENSG00000106927	
CCDC12	1	ENSG00000160799	
CCDC13	1	ENSG00000244607	
CCDC14	1	ENSG00000175455	
AMBN	1	ENSG00000178522	
TRAPPC4	1	ENSG00000196655	
CCDC15	1	ENSG00000149548	
TRAPPC5	1	ENSG00000181029	
PYM1	1	ENSG00000170473	
TRAPPC8	1	ENSG00000153339	
TRAPPC9	1	ENSG00000167632	
NSG1	1	ENSG00000168824	
ERICD	1	ENSG00000280303	
GOLGA6A	1	ENSG00000159289	
GOLGA6C	1	ENSG00000167195	
CNIH1	1	ENSG00000100528	
IGLV1-51	1	ENSG00000211644	
GOLGA6B	1	ENSG00000215186	
NSG2	1	ENSG00000170091	
GOLGA6D	1	ENSG00000140478	
CCDC22	1	ENSG00000101997	
CNIH2	1	ENSG00000174871	
CNIH3	1	ENSG00000143786	
CNIH4	1	ENSG00000143771	
LINC00460	1	ENSG00000233532	
LINC00461	1	ENSG00000245526	
LINC00462	1	ENSG00000233610	
LINC00463	1	ENSG00000234056	
CCDC47	1	ENSG00000108588	
AMD1	1	ENSG00000123505	
LNCARSR	1	ENSG00000233086	
IDH3B	1	ENSG00000101365	
EMILIN3	1	ENSG00000183798	
LINC00457	1	ENSG00000225179	
EMILIN2	1	ENSG00000132205	
LINC00458	1	ENSG00000234787	
EMILIN1	1	ENSG00000138080	
CCDC54	1	ENSG00000138483	
LINC00459	1	ENSG00000229307	
LINC00454	1	ENSG00000226921	
CCDC50	1	ENSG00000152492	
CCDC51	1	ENSG00000164051	
IDH3A	1	ENSG00000166411	
LINC00456	1	ENSG00000233124	
CCDC38	1	ENSG00000165972	
CCDC39	1	ENSG00000284862	
LINC00452	1	ENSG00000229373	
CCDC34	1	ENSG00000109881	
NEMP2	1	ENSG00000189362	
LINC00446	1	ENSG00000229249	
CCDC42	1	ENSG00000161973	
CCDC43	1	ENSG00000180329	
LINC00448	1	ENSG00000228669	
LINC00449	1	ENSG00000203441	
NEMP1	1	ENSG00000166881	
LINC00442	1	ENSG00000232685	
LINC00443	1	ENSG00000230156	
CTXN2-AS1	1	ENSG00000259235	
CCDC40	1	ENSG00000141519	
LINC00445	1	ENSG00000236036	
LINC00482	1	ENSG00000185168	
LINC00484	2	ENSG00000235641:ENSG00000229694	
TSSC4	1	ENSG00000184281	
LINC00485	1	ENSG00000258169	
CCDC68	1	ENSG00000166510	
CCDC69	1	ENSG00000198624	
THSD1	1	ENSG00000136114	
LMF2	1	ENSG00000100258	
NSL1	1	ENSG00000117697	
THSD4	1	ENSG00000187720	
TMA16	1	ENSG00000198498	
LMF1	1	ENSG00000103227	
ENSG00000222001	1	ENSG00000222001	
THSD8	1	ENSG00000284491	
LINC00479	1	ENSG00000236384	
ASCC2	1	ENSG00000100325	
ASCC3	1	ENSG00000112249	
CCDC77	1	ENSG00000120647	
HTR2A-AS1	1	ENSG00000224517	
CCDC70	1	ENSG00000123171	
CCDC71	1	ENSG00000177352	
LINC00477	1	ENSG00000197503	
JAZF1	1	ENSG00000153814	
CCDC73	1	ENSG00000186714	
LINC00471	1	ENSG00000181798	
LINC00472	1	ENSG00000233237	
LINC00474	1	ENSG00000204148	
IDH3G	1	ENSG00000067829	
ASCC1	1	ENSG00000138303	
CCDC57	1	ENSG00000176155	
AMFR	1	ENSG00000159461	
LINC00470	1	ENSG00000132204	
CCDC59	1	ENSG00000133773	
ENSG00000222012	1	ENSG00000222012	
ENSG00000224675	1	ENSG00000224675	
FRAS1	1	ENSG00000138759	
ZGLP1	1	ENSG00000220201	
CCDC63	1	ENSG00000173093	
LINC00469	1	ENSG00000177338	
MAGIX	1	ENSG00000269313	
CCDC65	1	ENSG00000139537	
CCDC66	1	ENSG00000180376	
CCDC60	1	ENSG00000183273	
CCDC61	1	ENSG00000104983	
LINC00466	1	ENSG00000224209	
CCDC62	1	ENSG00000130783	
LINC00467	1	ENSG00000153363	
OR52N1	1	ENSG00000181001	
CSN3	1	ENSG00000171209	
CSN2	1	ENSG00000135222	
OR52N5	1	ENSG00000181009	
OR52N4	1	ENSG00000181074	
OR52N2	1	ENSG00000180988	
FRAT1	1	ENSG00000165879	
FRAT2	1	ENSG00000181274	
MAGOH	1	ENSG00000162385	
C20orf204	1	ENSG00000196421	
C20orf202	1	ENSG00000215595	
C20orf203	1	ENSG00000198547	
SPACDR	1	ENSG00000185955	
UHMK1	1	ENSG00000152332	
OR52M1	1	ENSG00000197790	
ENSG00000224610	1	ENSG00000224610	
NSMF	1	ENSG00000165802	
CTAGE15	1	ENSG00000271079	
SLC16A1-AS1	1	ENSG00000226419	
C2CD4A	1	ENSG00000198535	
C2CD4B	1	ENSG00000205502	
C2CD4C	1	ENSG00000183186	
HNRNPLL	1	ENSG00000143889	
MORF4L2-AS1	1	ENSG00000231154	
OR52L1	1	ENSG00000183313	
UGCG	1	ENSG00000148154	
ZNHIT2	1	ENSG00000174276	
ZNHIT1	1	ENSG00000106400	
ZNHIT3	1	ENSG00000273611	
ZNHIT6	1	ENSG00000117174	
OR52K2	1	ENSG00000181963	
OR52K1	1	ENSG00000196778	
SNAP91	1	ENSG00000065609	
PM20D1	1	ENSG00000162877	
PM20D2	1	ENSG00000146281	
CABYR	1	ENSG00000154040	
TDGF1	1	ENSG00000241186	
C2CD2L	1	ENSG00000172375	
SLC44A5	1	ENSG00000137968	
IFNA5	1	ENSG00000147873	
IFNA4	1	ENSG00000236637	
SLC44A3	1	ENSG00000143036	
IFNA7	1	ENSG00000214042	
IFNA6	1	ENSG00000120235	
SLC44A4	1	ENSG00000204385	
SLC44A1	1	ENSG00000070214	
IFNA1	1	ENSG00000197919	
SLC44A2	1	ENSG00000129353	
IFNA2	1	ENSG00000188379	
HEPACAM2	1	ENSG00000188175	
MAGT1	1	ENSG00000102158	
IFNA8	1	ENSG00000120242	
CLDN22	1	ENSG00000177300	
CLDN20	1	ENSG00000171217	
CLDN25	1	ENSG00000228607	
CLDN24	1	ENSG00000185758	
CLDN23	1	ENSG00000253958	
NIPAL4-DT	1	ENSG00000251405	
PGGHG	1	ENSG00000142102	
CLDN11	1	ENSG00000013297	
UGDH	1	ENSG00000109814	
CLDN10	1	ENSG00000134873	
CLDN15	1	ENSG00000106404	
C2CD4D	1	ENSG00000225556	
OR52R1	1	ENSG00000279270	
CLDN14	1	ENSG00000159261	
HNRNPH1	1	ENSG00000169045	
CLDN12	1	ENSG00000157224	
CLDN19	1	ENSG00000164007	
CLDN18	1	ENSG00000066405	
HNRNPH2	1	ENSG00000126945	
CLDN17	1	ENSG00000156282	
HNRNPH3	1	ENSG00000096746	
CLDN16	1	ENSG00000113946	
CSTB	1	ENSG00000160213	
CSTA	1	ENSG00000121552	
HAAO	1	ENSG00000162882	
RNFT1-DT	1	ENSG00000267302	
SAA4	1	ENSG00000148965	
CST9	1	ENSG00000173335	
CST8	1	ENSG00000125815	
CST7	1	ENSG00000077984	
CST6	1	ENSG00000175315	
CT55	1	ENSG00000169551	
CST5	1	ENSG00000170367	
CST4	1	ENSG00000101441	
CST3	1	ENSG00000101439	
NT5C	1	ENSG00000125458	
AMN1	1	ENSG00000151743	
CST2	1	ENSG00000170369	
NT5E	1	ENSG00000135318	
CST1	1	ENSG00000170373	
LMNA	1	ENSG00000160789	
NT5M	1	ENSG00000205309	
LMLN	1	ENSG00000185621	
IFNB1	1	ENSG00000171855	
MAPK8IP3-AS1	1	ENSG00000261399	
LSAMP	1	ENSG00000185565	
CT69	1	ENSG00000231971	
CT66	1	ENSG00000234215	
CT62	1	ENSG00000225362	
CLDN34	1	ENSG00000234469	
SAA1	1	ENSG00000173432	
SAA2	1	ENSG00000134339	
KRTAP24-1	1	ENSG00000188694	
CWC25	1	ENSG00000273559	
GSTCD-AS1	1	ENSG00000251175	
DISC1FP1	1	ENSG00000261645	
CWC27	1	ENSG00000153015	
AMOT	1	ENSG00000126016	
FAM162B	1	ENSG00000183807	
FAM162A	1	ENSG00000114023	
RBMX2	1	ENSG00000134597	
CT70	1	ENSG00000230013	
CWC22	1	ENSG00000163510	
SACS	1	ENSG00000151835	
HADH	1	ENSG00000138796	
CHRNB2	1	ENSG00000160716	
LMO1	1	ENSG00000166407	
CHRNB1	1	ENSG00000170175	
CHRNB4	1	ENSG00000117971	
CHRNB3	1	ENSG00000147432	
WNT5B	1	ENSG00000111186	
OR52E4	1	ENSG00000180974	
LMO4	1	ENSG00000143013	
LMO3	1	ENSG00000048540	
OR52E2	1	ENSG00000176787	
WNT5A	1	ENSG00000114251	
LMO2	1	ENSG00000135363	
LMO7	1	ENSG00000136153	
CABS1	1	ENSG00000145309	
CT83	1	ENSG00000204019	
FAM161A	1	ENSG00000170264	
OR52E8	1	ENSG00000183269	
AMPH	1	ENSG00000078053	
OR52E6	1	ENSG00000205409	
FAM161B	1	ENSG00000156050	
OR52E5	1	ENSG00000277932	
NEBL-AS1	1	ENSG00000231920	
CHRNA1	1	ENSG00000138435	
RASL12	1	ENSG00000103710	
CHRNA3	1	ENSG00000080644	
CHRNA2	1	ENSG00000120903	
CHRNA5	1	ENSG00000169684	
CABP7	1	ENSG00000100314	
CHRNA4	1	ENSG00000101204	
CHRNA7	1	ENSG00000175344	
CABP4	1	ENSG00000175544	
OR52D1	1	ENSG00000181609	
CABP5	1	ENSG00000105507	
CHRNA6	1	ENSG00000147434	
HMHB1	1	ENSG00000158497	
CABP2	1	ENSG00000167791	
CHRNA9	1	ENSG00000174343	
CABP1	1	ENSG00000157782	
SMARCAD1-DT	1	ENSG00000246541	
KLHDC2	1	ENSG00000165516	
KLHDC3	1	ENSG00000124702	
KLHDC4	1	ENSG00000104731	
WNT3A	1	ENSG00000154342	
KLHDC1	1	ENSG00000197776	
CWC15	1	ENSG00000150316	
ENSG00000187186	1	ENSG00000187186	
ENSG00000187185	1	ENSG00000187185	
FAM163B	1	ENSG00000196990	
FAM163A	1	ENSG00000143340	
XAGE5	1	ENSG00000171405	
XAGE3	1	ENSG00000171402	
SAE1	1	ENSG00000142230	
RCCD1-AS1	1	ENSG00000258384	
XAGE2	1	ENSG00000155622	
KLHDC9	1	ENSG00000162755	
OR52J3	1	ENSG00000205495	
WNT2B	1	ENSG00000134245	
SNAPC5	1	ENSG00000174446	
FAM166B	1	ENSG00000215187	
FAM166A	1	ENSG00000188163	
P3H2-AS1	1	ENSG00000225764	
SNAPC1	1	ENSG00000023608	
SNAPC2	1	ENSG00000104976	
SNAPC3	1	ENSG00000164975	
SNAPC4	1	ENSG00000165684	
FAM166C	1	ENSG00000173557	
OR52I2	1	ENSG00000226288	
OR52I1	1	ENSG00000232268	
WNT16	1	ENSG00000002745	
SAFB	1	ENSG00000160633	
PEAK3	1	ENSG00000188305	
IGDCC4	1	ENSG00000103742	
PEAK1	1	ENSG00000173517	
IGDCC3	1	ENSG00000174498	
AMTN	1	ENSG00000187689	
RBMS1	1	ENSG00000153250	
HAGH	1	ENSG00000063854	
RBMS2	1	ENSG00000076067	
PAPPA2	1	ENSG00000116183	
RBMS3	1	ENSG00000144642	
OR52H1	1	ENSG00000181616	
ENSG00000285572	1	ENSG00000285572	
FAM169A	1	ENSG00000198780	
FAM168B	1	ENSG00000152102	
IFNL2	1	ENSG00000183709	
ATXN2-AS	1	ENSG00000258099	
FAM168A	1	ENSG00000054965	
WNT11	1	ENSG00000085741	
UGP2	1	ENSG00000169764	
IFNL1	1	ENSG00000182393	
PCED1A	1	ENSG00000132635	
ENSG00000273590	1	ENSG00000273590	
PCED1B	1	ENSG00000179715	
TOGARAM2	1	ENSG00000189350	
TOGARAM1	1	ENSG00000198718	
IFNL3	1	ENSG00000197110	
VAT1L	1	ENSG00000171724	
ENSG00000285587	1	ENSG00000285587	
FAM167B	1	ENSG00000183615	
FAM167A	1	ENSG00000154319	
ALDH16A1	1	ENSG00000161618	
MPPED2-AS1	1	ENSG00000254489	
CLDN2	1	ENSG00000165376	
CLDN1	1	ENSG00000163347	
PPP4R1	1	ENSG00000154845	
PPP4R2	1	ENSG00000163605	
PPP4R4	1	ENSG00000119698	
HCCS-DT	1	ENSG00000234129	
DICER1	1	ENSG00000100697	
CLDN6	1	ENSG00000184697	
FAM133B	1	ENSG00000234545	
FAM133A	1	ENSG00000179083	
CLDN5	1	ENSG00000184113	
CLDN4	1	ENSG00000189143	
CLDN3	1	ENSG00000165215	
CLDN9	1	ENSG00000213937	
CLDN8	1	ENSG00000156284	
CLDN7	1	ENSG00000181885	
MRPL18	1	ENSG00000112110	
MRPL19	1	ENSG00000115364	
KRTAP27-1	1	ENSG00000206107	
IL20RA	1	ENSG00000016402	
MRPL16	1	ENSG00000166902	
MRPL17	1	ENSG00000158042	
IL20RB	1	ENSG00000174564	
MRPL14	1	ENSG00000180992	
MRPL15	1	ENSG00000137547	
MRPL12	1	ENSG00000262814	
MRPL13	1	ENSG00000172172	
MRPL10	1	ENSG00000159111	
MRPL11	1	ENSG00000174547	
UGT8	1	ENSG00000174607	
MRPL20	1	ENSG00000242485	
OR2I1P	1	ENSG00000237988	
KCNMB1	1	ENSG00000145936	
KCNMB2	1	ENSG00000197584	
KCNMB3	1	ENSG00000171121	
KCNMB4	1	ENSG00000135643	
HAO1	1	ENSG00000101323	
AMZ2	1	ENSG00000196704	
FAM83A-AS2	1	ENSG00000253258	
FAM83A-AS1	1	ENSG00000204949	
HAO2	1	ENSG00000116882	
AMZ1	1	ENSG00000174945	
CTC1	1	ENSG00000178971	
CADM3	1	ENSG00000162706	
CADM4	1	ENSG00000105767	
COL24A1	1	ENSG00000171502	
CADM1	1	ENSG00000182985	
CADM2	1	ENSG00000175161	
MRPL27	1	ENSG00000108826	
MRPL28	1	ENSG00000086504	
FAM136A	1	ENSG00000035141	
MRPL23	1	ENSG00000214026	
MRPL24	1	ENSG00000143314	
MRPL21	1	ENSG00000197345	
MRPL22	1	ENSG00000082515	
MRPL30	1	ENSG00000185414	
FAM135B	1	ENSG00000147724	
FAM135A	1	ENSG00000082269	
HAMP	1	ENSG00000105697	
EZH1	1	ENSG00000108799	
EZH2	1	ENSG00000106462	
MAJIN	1	ENSG00000168070	
MRPL38	1	ENSG00000204316	
ENSG00000285758	1	ENSG00000285758	
MRPL39	1	ENSG00000154719	
MRPL36	1	ENSG00000171421	
CTCF	1	ENSG00000102974	
MRPL37	1	ENSG00000116221	
MRPL34	1	ENSG00000130312	
MRPL35	1	ENSG00000132313	
MRPL32	1	ENSG00000106591	
MRPL33	1	ENSG00000243147	
MRPL41	1	ENSG00000182154	
MRPL42	1	ENSG00000198015	
FAM138F	1	ENSG00000282591	
FAM138E	1	ENSG00000248893	
MRPL40	1	ENSG00000185608	
FAM138D	1	ENSG00000249054	
TRGV5P	1	ENSG00000228668	
CTBS	1	ENSG00000117151	
ENSG00000234173	1	ENSG00000234173	
EIPR1	1	ENSG00000032389	
MRPL49	1	ENSG00000149792	
MRPL47	1	ENSG00000136522	
MRPL48	1	ENSG00000175581	
FAM138C	1	ENSG00000218839	
MRPL45	1	ENSG00000278845	
FAM138B	1	ENSG00000226516	
MRPL46	1	ENSG00000259494	
MRPL43	1	ENSG00000055950	
FAM138A	1	ENSG00000237613	
MRPL44	1	ENSG00000135900	
MRPL52	1	ENSG00000172590	
MRPL53	1	ENSG00000204822	
MRPL50	1	ENSG00000136897	
MRPL51	1	ENSG00000111639	
KCNMA1	1	ENSG00000156113	
GARS1-DT	1	ENSG00000196295	
CCNO-DT	1	ENSG00000251307	
HAP1	1	ENSG00000173805	
CTF1	1	ENSG00000150281	
SYBU-AS1	1	ENSG00000248050	
MRPL58	1	ENSG00000167862	
MRPL57	1	ENSG00000173141	
MRPL54	1	ENSG00000183617	
MRPL55	1	ENSG00000162910	
NTF4	1	ENSG00000225950	
HAS1	1	ENSG00000105509	
NTF3	1	ENSG00000185652	
HAS3	1	ENSG00000103044	
HAS2	1	ENSG00000170961	
KRTAP2-4	1	ENSG00000213417	
CEPT1	1	ENSG00000134255	
KRTAP2-3	1	ENSG00000212724	
KRTAP2-2	1	ENSG00000214518	
KRTAP2-1	1	ENSG00000212725	
ENSG00000261798	1	ENSG00000261798	
USP9X	1	ENSG00000124486	
USP9Y	1	ENSG00000114374	
TMCO4	1	ENSG00000162542	
TMCO3	1	ENSG00000150403	
TMCO2	1	ENSG00000188800	
TMCO1	1	ENSG00000143183	
GASAL1	1	ENSG00000253669	
TMCO6	1	ENSG00000113119	
UGT1A10	1	ENSG00000242515	
SAT2	1	ENSG00000141504	
SAT1	1	ENSG00000130066	
EIF4ENIF1	1	ENSG00000184708	
ENSG00000285706	1	ENSG00000285706	
CADM3-AS1	1	ENSG00000225670	
NEPRO	1	ENSG00000163608	
PIPOX	1	ENSG00000179761	
CBLL1-AS1	1	ENSG00000241764	
ENSG00000285722	1	ENSG00000285722	
BMPR1B-DT	1	ENSG00000249599	
TRGV10	1	ENSG00000211694	
TRGV11	1	ENSG00000211693	
ENSG00000285719	1	ENSG00000285719	
HAT1	1	ENSG00000128708	
DYDC2	1	ENSG00000133665	
DYDC1	1	ENSG00000170788	
ENSG00000261729	1	ENSG00000261729	
XIRP2-AS1	1	ENSG00000254552	
ISG20L2	1	ENSG00000143319	
SAV1	1	ENSG00000151748	
CTIF	1	ENSG00000134030	
TRIM49B	1	ENSG00000182053	
TRIM49C	1	ENSG00000204449	
MYPOP	1	ENSG00000176182	
RBPMS	1	ENSG00000157110	
TFPI2	1	ENSG00000105825	
DCDC2	1	ENSG00000146038	
DCDC1	1	ENSG00000170959	
PTPRD	1	ENSG00000153707	
MLXIPL	1	ENSG00000009950	
PTPRE	1	ENSG00000132334	
PTPRB	1	ENSG00000127329	
PTPRC	1	ENSG00000081237	
ENSG00000246130	1	ENSG00000246130	
CFLAR-AS1	1	ENSG00000226312	
PTPRA	1	ENSG00000132670	
VPS9D1-AS1	1	ENSG00000261373	
GDPGP1	1	ENSG00000183208	
SLC25A5-AS1	1	ENSG00000224281	
IGHV3OR16-10	1	ENSG00000233732	
IGHV3OR16-11	1	ENSG00000270318	
IGHV3OR16-12	1	ENSG00000270467	
NADK2	1	ENSG00000152620	
DIS3L2	1	ENSG00000144535	
ENSG00000236754	1	ENSG00000236754	
ENSG00000248738	1	ENSG00000248738	
RETREG1-AS1	1	ENSG00000246214	
HAX1	1	ENSG00000143575	
IGHV3OR16-17	1	ENSG00000259680	
IGHV3OR16-13	1	ENSG00000271178	
MTRF1L	1	ENSG00000112031	
AHDC1	1	ENSG00000126705	
IGHV3OR16-15	1	ENSG00000261834	
RBPJL	1	ENSG00000124232	
RPS6KB2-AS1	1	ENSG00000255949	
MAK16	1	ENSG00000198042	
B3GALT1-AS1	1	ENSG00000235335	
NTN4	1	ENSG00000074527	
NTN5	1	ENSG00000142233	
NTN1	1	ENSG00000065320	
NTN3	1	ENSG00000162068	
EAF1-AS1	1	ENSG00000249786	
MAPT-IT1	1	ENSG00000279685	
TRIM43B	1	ENSG00000144010	
PTPN1	1	ENSG00000196396	
ANHX	1	ENSG00000227059	
CTNS	1	ENSG00000040531	
MX1-AS1	1	ENSG00000228318	
IGLCOR22-1	1	ENSG00000254127	
IGLCOR22-2	1	ENSG00000271093	
MTRES1	1	ENSG00000130349	
PTPN9	1	ENSG00000169410	
PTPN6	1	ENSG00000111679	
PTPN7	1	ENSG00000143851	
PTPN4	1	ENSG00000088179	
PTPN5	1	ENSG00000110786	
R3HDM2-DT	1	ENSG00000258001	
PTPN2	1	ENSG00000175354	
PTPN3	1	ENSG00000070159	
KDELR1	1	ENSG00000105438	
THUMPD2	1	ENSG00000138050	
THUMPD3	1	ENSG00000134077	
SPATA20	1	ENSG00000006282	
THUMPD1	1	ENSG00000066654	
SPATA25	1	ENSG00000149634	
SPATA21	1	ENSG00000187144	
SPATA22	1	ENSG00000141255	
SPATA24	1	ENSG00000170469	
ACVR1	1	ENSG00000115170	
ANK2	1	ENSG00000145362	
ANK3	1	ENSG00000151150	
ANK1	1	ENSG00000029534	
SPATA16	1	ENSG00000144962	
SPATA17	1	ENSG00000162814	
ANKRD10-IT1	1	ENSG00000229152	
SPATA12	1	ENSG00000186451	
SPATA13	2	ENSG00000182957:ENSG00000228741	
KDELR2	1	ENSG00000136240	
ALPK3	1	ENSG00000136383	
WFDC10A	1	ENSG00000180305	
TACR3-AS1	1	ENSG00000251577	
KDELR3	1	ENSG00000100196	
WFDC10B	1	ENSG00000182931	
ALPK2	1	ENSG00000198796	
ALPK1	1	ENSG00000073331	
SPATA18	1	ENSG00000163071	
SPATA19	1	ENSG00000166118	
ZFY-AS1	1	ENSG00000233070	
ENSG00000248709	1	ENSG00000248709	
CTR9	1	ENSG00000198730	
WNK4	1	ENSG00000126562	
MIR3142HG	1	ENSG00000253522	
ANKH	1	ENSG00000154122	
HIVEP1	1	ENSG00000095951	
HIVEP3	1	ENSG00000127124	
HIVEP2	1	ENSG00000010818	
TNFRSF10A-DT	2	ENSG00000246582:ENSG00000250714	
TMDD1	1	ENSG00000284730	
CTSA	1	ENSG00000064601	
IFITM10	1	ENSG00000244242	
ANLN	1	ENSG00000011426	
CTRL	1	ENSG00000141086	
WNK1	1	ENSG00000060237	
WNK2	1	ENSG00000165238	
WNK3	1	ENSG00000196632	
CTRC	1	ENSG00000162438	
PTPRT	1	ENSG00000196090	
PTPRU	1	ENSG00000060656	
PTPRR	1	ENSG00000153233	
PTPRS	1	ENSG00000105426	
USPL1	1	ENSG00000132952	
PTPRQ	1	ENSG00000139304	
PTPRN	1	ENSG00000054356	
CTSZ	1	ENSG00000101160	
PTPRO	1	ENSG00000151490	
PIGO-AS1	1	ENSG00000234181	
PTPRM	1	ENSG00000173482	
PTPRJ	1	ENSG00000149177	
CTSW	1	ENSG00000172543	
CTSV	1	ENSG00000136943	
PTPRK	1	ENSG00000152894	
PTPRH	1	ENSG00000080031	
PTPRF	1	ENSG00000142949	
CTSS	1	ENSG00000163131	
PTPRG	1	ENSG00000144724	
BABAM1	1	ENSG00000105393	
BABAM2	1	ENSG00000158019	
CTSO	1	ENSG00000256043	
CTSL	1	ENSG00000135047	
CTSK	1	ENSG00000143387	
CTSH	1	ENSG00000103811	
CTSG	1	ENSG00000100448	
NFIB-AS1	1	ENSG00000225472	
CTSF	1	ENSG00000174080	
CTSE	1	ENSG00000196188	
CTSD	1	ENSG00000117984	
CTSC	1	ENSG00000109861	
CTSB	1	ENSG00000164733	
MAPRE3-AS1	1	ENSG00000205500	
ANO8	1	ENSG00000074855	
PLAAT1	1	ENSG00000127252	
ANO9	1	ENSG00000185101	
PLAAT3	1	ENSG00000176485	
ANO6	1	ENSG00000177119	
HBA2	1	ENSG00000188536	
PLAAT2	1	ENSG00000133328	
ANO7	1	ENSG00000146205	
HBA1	1	ENSG00000206172	
ANO4	1	ENSG00000151572	
PLAAT5	1	ENSG00000168004	
PLAAT4	1	ENSG00000133321	
ANO5	1	ENSG00000171714	
ANO2	1	ENSG00000047617	
ANO3	1	ENSG00000134343	
ANO1	1	ENSG00000131620	
CTU2	1	ENSG00000174177	
CTU1	1	ENSG00000142544	
CTTN	1	ENSG00000085733	
LNP1	1	ENSG00000206535	
MARCHF2	1	ENSG00000099785	
MARCHF1	1	ENSG00000145416	
SLC43A2	1	ENSG00000167703	
SLC43A3	1	ENSG00000134802	
SLC43A1	1	ENSG00000149150	
SAP30BP-AS1	1	ENSG00000264270	
CAMKK1	1	ENSG00000004660	
CAMKK2	1	ENSG00000110931	
GNA14-AS1	1	ENSG00000231373	
MARCHF8	1	ENSG00000165406	
MARCHF7	1	ENSG00000136536	
MARCHF9	1	ENSG00000139266	
MARCHF4	1	ENSG00000144583	
MARCHF3	1	ENSG00000173926	
LNPK	1	ENSG00000144320	
MARCHF6	1	ENSG00000145495	
AASDHPPT	1	ENSG00000149313	
MARCHF5	1	ENSG00000198060	
FAM135A-AS1	1	ENSG00000224349	
ENSG00000224715	1	ENSG00000224715	
IL6R-AS1	1	ENSG00000228013	
SCARB2	1	ENSG00000138760	
SCARB1	1	ENSG00000073060	
GIMAP1	1	ENSG00000213203	
GIMAP2	1	ENSG00000106560	
GXYLT1	1	ENSG00000151233	
GIMAP4	1	ENSG00000133574	
GXYLT2	1	ENSG00000172986	
GIMAP5	1	ENSG00000196329	
GIMAP6	1	ENSG00000133561	
GIMAP7	1	ENSG00000179144	
GIMAP8	1	ENSG00000171115	
IFT122P3	1	ENSG00000231305	
LRRC2-AS1	1	ENSG00000268324	
IGKV3-34	1	ENSG00000253860	
SBF1	1	ENSG00000100241	
SBF2	1	ENSG00000133812	
IGKV3-31	1	ENSG00000253158	
SCARA3	1	ENSG00000168077	
ZGPAT	1	ENSG00000197114	
SCARA5	1	ENSG00000168079	
HBE1	1	ENSG00000213931	
CAMKMT	1	ENSG00000143919	
SBDS	1	ENSG00000126524	
ENSG00000283072	1	ENSG00000283072	
ATP5MC2	1	ENSG00000135390	
ATP5MC3	1	ENSG00000154518	
ATP5MC1	1	ENSG00000159199	
WNT6	1	ENSG00000115596	
C10orf71-AS1	1	ENSG00000236208	
LINC00710	1	ENSG00000229240	
IGKV3-15	1	ENSG00000244437	
WNT1	1	ENSG00000125084	
IGKV3-11	1	ENSG00000241351	
WNT2	1	ENSG00000105989	
WNT3	1	ENSG00000108379	
WNT4	1	ENSG00000162552	
SPATA6L	1	ENSG00000106686	
HBG2	1	ENSG00000196565	
HBG1	1	ENSG00000213934	
LINC00707	1	ENSG00000238266	
LINC00708	1	ENSG00000232170	
LINC00709	1	ENSG00000230014	
LINC00703	1	ENSG00000224382	
LINC00705	1	ENSG00000225269	
LINC00706	1	ENSG00000281186	
LINC00700	1	ENSG00000234962	
IGKV3-25	1	ENSG00000253202	
LINC00701	1	ENSG00000234556	
LINC00702	1	ENSG00000233117	
IGKV3-20	1	ENSG00000239951	
IGHVII-43-1	1	ENSG00000283195	
INSYN2A	1	ENSG00000188916	
INSYN2B	1	ENSG00000204767	
BUD23	1	ENSG00000071462	
SCARF2	1	ENSG00000244486	
SCARF1	1	ENSG00000074660	
GALNT9	1	ENSG00000182870	
GALNT8	1	ENSG00000130035	
BUD31	1	ENSG00000106245	
TEX13A	1	ENSG00000268629	
TEX13B	1	ENSG00000170925	
PPDPF	1	ENSG00000125534	
TEX13C	1	ENSG00000282815	
TEX13D	1	ENSG00000282419	
TEX101	1	ENSG00000131126	
SPATA41	1	ENSG00000189419	
SPATA42	1	ENSG00000203897	
CLCN3	1	ENSG00000109572	
CLCN2	1	ENSG00000114859	
CLCN1	1	ENSG00000188037	
SPATA48	1	ENSG00000164500	
SPATA45	1	ENSG00000185523	
ATP5MGL	1	ENSG00000249222	
SPATA46	1	ENSG00000171722	
GALNT7	1	ENSG00000109586	
GALNT6	1	ENSG00000139629	
GALNT5	1	ENSG00000136542	
GALNT4	1	ENSG00000257594	
GALNT3	1	ENSG00000115339	
GALNT2	1	ENSG00000143641	
GALNT1	1	ENSG00000141429	
PEDS1	1	ENSG00000240849	
BPESC1	1	ENSG00000232416	
SPATA2L	1	ENSG00000158792	
CLCN7	1	ENSG00000103249	
SBK2	1	ENSG00000187550	
CLCN6	1	ENSG00000011021	
SBK3	1	ENSG00000231274	
CLCN5	1	ENSG00000171365	
DAB1-AS1	1	ENSG00000226759	
CLCN4	1	ENSG00000073464	
SBK1	1	ENSG00000188322	
SPATA32	1	ENSG00000184361	
SPATA33	1	ENSG00000167523	
FAM131C	1	ENSG00000185519	
FAM131B	1	ENSG00000159784	
FAM131A	1	ENSG00000175182	
LNX1	1	ENSG00000072201	
BUD13	1	ENSG00000137656	
LNX2	1	ENSG00000139517	
CYFIP2	1	ENSG00000055163	
ROPN1B	1	ENSG00000114547	
CYFIP1	1	ENSG00000273749	
LINC00661	1	ENSG00000205396	
YWHAH-AS1	1	ENSG00000128254	
NUB1	1	ENSG00000013374	
LINC00659	1	ENSG00000228705	
TMEM92-AS1	1	ENSG00000251179	
LINC00656	1	ENSG00000233746	
ROPN1L	1	ENSG00000145491	
MPV17	1	ENSG00000115204	
LINC00658	1	ENSG00000226995	
LINC00652	1	ENSG00000179935	
LINC00654	1	ENSG00000205181	
CUBN	1	ENSG00000107611	
NARF-IT1	1	ENSG00000266236	
LINC00648	1	ENSG00000259129	
LINC00649	1	ENSG00000237945	
LINC00644	1	ENSG00000259142	
LINC00645	1	ENSG00000258548	
LINC00640	1	ENSG00000258479	
ADGRL3-AS1	1	ENSG00000248692	
LINC00641	1	ENSG00000258441	
ASF1A	1	ENSG00000111875	
LINC00642	1	ENSG00000233208	
ASF1B	1	ENSG00000105011	
LINC00681	1	ENSG00000255494	
LINC00682	1	ENSG00000245870	
LINC00683	1	ENSG00000266256	
HEXIM2-AS1	1	ENSG00000224505	
FAM149A	1	ENSG00000109794	
RIC8A	1	ENSG00000177963	
PPP3R1	1	ENSG00000221823	
RIC8B	1	ENSG00000111785	
PPP3R2	1	ENSG00000188386	
LINC00677	1	ENSG00000259717	
LINC00678	1	ENSG00000254934	
HBQ1	1	ENSG00000086506	
LINC00676	1	ENSG00000234854	
LINC00670	1	ENSG00000179136	
LINC00671	1	ENSG00000213373	
TYSND1	1	ENSG00000156521	
EPC1-AS1	1	ENSG00000229327	
EPC1-AS2	1	ENSG00000233825	
LINC00667	1	ENSG00000263753	
HBP1	1	ENSG00000105856	
LINC00668	1	ENSG00000265933	
LINC00662	1	ENSG00000261824	
LINC00663	1	ENSG00000266904	
LINC00664	1	ENSG00000268658	
LINC00665	1	ENSG00000232677	
MYOM1	1	ENSG00000101605	
ENSG00000285872	1	ENSG00000285872	
KRTAP26-1	1	ENSG00000197683	
PRSS27	1	ENSG00000172382	
PRSS22	1	ENSG00000005001	
PRSS23	1	ENSG00000150687	
MYOM2	1	ENSG00000036448	
PRSS21	1	ENSG00000007038	
MYOM3	1	ENSG00000142661	
C11orf98	1	ENSG00000278615	
C11orf97	1	ENSG00000257057	
C11orf96	1	ENSG00000187479	
LINC00615	1	ENSG00000196243	
ALKBH3-AS1	1	ENSG00000244926	
LINC00616	1	ENSG00000248307	
NUF2	1	ENSG00000143228	
C11orf91	1	ENSG00000205177	
ANXA6	1	ENSG00000197043	
ANXA7	1	ENSG00000138279	
LINC00612	1	ENSG00000214851	
LINC00613	1	ENSG00000248330	
ANXA8	2	ENSG00000265190:ENSG00000276850	
ANXA9	1	ENSG00000143412	
XXYLT1	1	ENSG00000173950	
NUDC	1	ENSG00000090273	
ANXA1	1	ENSG00000135046	
ANXA2	1	ENSG00000182718	
ANXA3	1	ENSG00000138772	
ANXA4	1	ENSG00000196975	
SLC28A2-AS1	1	ENSG00000259520	
ANXA5	1	ENSG00000164111	
PRSS16	1	ENSG00000112812	
IGHV2-26	1	ENSG00000211951	
PRSS12	1	ENSG00000164099	
ENSG00000285884	1	ENSG00000285884	
C11orf87	1	ENSG00000185742	
LINC00608	1	ENSG00000236445	
C11orf86	1	ENSG00000173237	
LINC00609	1	ENSG00000257585	
LINC00604	1	ENSG00000250585	
LINC00605	1	ENSG00000251533	
LINC00606	1	ENSG00000226567	
C11orf80	1	ENSG00000173715	
LINC00607	1	ENSG00000235770	
LINC00601	1	ENSG00000235180	
LINC00602	1	ENSG00000281832	
LINC00603	1	ENSG00000250048	
CCL14	1	ENSG00000276409	
CCL13	1	ENSG00000181374	
CCL11	1	ENSG00000172156	
PRSS48	1	ENSG00000189099	
AOAH	1	ENSG00000136250	
SBSN	1	ENSG00000189001	
C11orf68	1	ENSG00000175573	
ENSG00000285852	1	ENSG00000285852	
PRSS51	1	ENSG00000253649	
C11orf71	1	ENSG00000180425	
LINC00638	1	ENSG00000258701	
LINC00639	1	ENSG00000259070	
SC5D	1	ENSG00000109929	
LINC00635	1	ENSG00000241469	
ENSG00000273877	1	ENSG00000273877	
CCL19	1	ENSG00000172724	
LINC00636	1	ENSG00000240423	
CCL18	1	ENSG00000275385	
CCL17	1	ENSG00000102970	
LINC00630	1	ENSG00000223546	
CCL16	1	ENSG00000275152	
LINC00632	1	ENSG00000203930	
CCL15	1	ENSG00000275718	
CCL25	1	ENSG00000131142	
AOC3	1	ENSG00000131471	
CCL24	1	ENSG00000106178	
AOC1	1	ENSG00000002726	
CCL23	1	ENSG00000274736	
CCL22	1	ENSG00000102962	
AOC2	1	ENSG00000131480	
CCL21	1	ENSG00000137077	
CCL20	1	ENSG00000115009	
PRSS37	1	ENSG00000165076	
ENSG00000283205	1	ENSG00000283205	
PRSS38	1	ENSG00000185888	
PRSS35	1	ENSG00000146250	
PRSS36	1	ENSG00000178226	
PRSS33	1	ENSG00000103355	
C11orf58	1	ENSG00000110696	
C11orf65	1	ENSG00000166323	
PRSS41	1	ENSG00000215148	
IL10RB-DT	1	ENSG00000223799	
LINC00626	1	ENSG00000225826	
LINC00628	1	ENSG00000280924	
LINC00629	1	ENSG00000227060	
LINC00622	1	ENSG00000260941	
LINC00623	1	ENSG00000226067	
LINC00624	1	ENSG00000278811	
CCL28	1	ENSG00000151882	
GEMIN7-AS1	1	ENSG00000267348	
CCL27	1	ENSG00000213927	
LINC00620	1	ENSG00000224514	
CCL26	1	ENSG00000006606	
LINC00621	1	ENSG00000262619	
STKLD1	1	ENSG00000198870	
ABHD12	1	ENSG00000100997	
C11orf54	1	ENSG00000182919	
ABHD13	1	ENSG00000139826	
ABHD10	1	ENSG00000144827	
C11orf52	1	ENSG00000149300	
ABHD11	1	ENSG00000106077	
ALG1L1P	1	ENSG00000189366	
KRTAP3-3	1	ENSG00000212899	
KRTAP3-2	1	ENSG00000212900	
KRTAP3-1	1	ENSG00000212901	
MAILR	1	ENSG00000253320	
LHCGR	1	ENSG00000138039	
CALCRL-AS1	1	ENSG00000224063	
C11orf42	1	ENSG00000180878	
TBC1D22A-DT	1	ENSG00000260708	
C11orf40	1	ENSG00000171987	
BTBD9-AS1	1	ENSG00000226533	
ENSG00000261848	1	ENSG00000261848	
ENSG00000234255	1	ENSG00000234255	
CUL9	1	ENSG00000112659	
CUL7	1	ENSG00000044090	
ENSG00000258231	1	ENSG00000258231	
CUL5	1	ENSG00000166266	
ENSG00000273828	1	ENSG00000273828	
CUL3	1	ENSG00000036257	
HVCN1	1	ENSG00000122986	
CUL2	1	ENSG00000108094	
ERV3-1	1	ENSG00000213462	
CUL1	1	ENSG00000055130	
C11orf24	1	ENSG00000171067	
NACC2	1	ENSG00000148411	
NACC1	1	ENSG00000160877	
BTN2A2	1	ENSG00000124508	
BTN2A1	1	ENSG00000112763	
DST-AS1	1	ENSG00000231441	
NACA2	1	ENSG00000253506	
ABHD18	1	ENSG00000164074	
C11orf16	1	ENSG00000176029	
ABHD15	1	ENSG00000168792	
C11orf21	1	ENSG00000110665	
VAC14-AS1	1	ENSG00000214353	
NACAD	1	ENSG00000136274	
ENSG00000273805	1	ENSG00000273805	
MAIP1	1	ENSG00000162972	
LINC00698	1	ENSG00000244342	
LINC00691	1	ENSG00000224074	
LINC00692	1	ENSG00000230891	
DTX3L	1	ENSG00000163840	
COL25A1	1	ENSG00000188517	
LINC00690	1	ENSG00000233570	
GLYATL1B	1	ENSG00000255151	
BHLHE40-AS1	1	ENSG00000235831	
NUMB	1	ENSG00000133961	
LINC00689	1	ENSG00000231419	
LINC00685	1	ENSG00000226179	
ENSG00000234210	1	ENSG00000234210	
LINC00686	1	ENSG00000237687	
NRIP3-DT	1	ENSG00000253973	
LINC00687	1	ENSG00000228422	
IGHV2-70	1	ENSG00000274576	
ENSG00000261840	1	ENSG00000261840	
REPIN1	1	ENSG00000214022	
RSBN1L	1	ENSG00000187257	
TSPAN18-AS1	1	ENSG00000255032	
SCART1	1	ENSG00000214279	
IMPDH1	1	ENSG00000106348	
SSU72L6	1	ENSG00000230268	
IMPDH2	1	ENSG00000178035	
SSU72L5	1	ENSG00000284018	
PRKCH-AS1	1	ENSG00000247287	
SSU72L4	1	ENSG00000283873	
SSU72L3	1	ENSG00000284546	
SSU72L2	1	ENSG00000284306	
SSU72L1	1	ENSG00000284438	
MYORG	1	ENSG00000164976	
PCED1B-AS1	1	ENSG00000247774	
ALG1L9P	1	ENSG00000248671	
VSIG1	1	ENSG00000101842	
VSIG2	1	ENSG00000019102	
GLCCI1-DT	1	ENSG00000233108	
MYOZ3	1	ENSG00000164591	
VSIG4	1	ENSG00000155659	
MYOZ1	1	ENSG00000177791	
MYOZ2	1	ENSG00000172399	
ICAM4-AS1	1	ENSG00000267607	
VSIG8	1	ENSG00000243284	
MMP2-AS1	1	ENSG00000260135	
MUCL1	1	ENSG00000172551	
SP110	1	ENSG00000135899	
MUCL3	1	ENSG00000168631	
FANK1-AS1	1	ENSG00000233409	
PTOV1	1	ENSG00000104960	
CUTA	1	ENSG00000112514	
SMILR	1	ENSG00000255364	
SMIM3	1	ENSG00000256235	
SMIM2	1	ENSG00000139656	
TBCEL	1	ENSG00000154114	
SMIM5	1	ENSG00000204323	
MKX-AS1	1	ENSG00000230500	
TEX264	1	ENSG00000164081	
SP140	1	ENSG00000079263	
SMIM1	1	ENSG00000235169	
TEX261	1	ENSG00000144043	
SMIM7	1	ENSG00000214046	
SMIM6	1	ENSG00000259120	
SMIM9	1	ENSG00000203870	
SMIM8	1	ENSG00000111850	
ENSG00000224865	1	ENSG00000224865	
SCAP	1	ENSG00000114650	
SCAI	1	ENSG00000173611	
NUS1	1	ENSG00000153989	
ENSG00000236854	1	ENSG00000236854	
UBA6-DT	1	ENSG00000248049	
ENSG00000248837	1	ENSG00000248837	
TRIM51G	1	ENSG00000220948	
AKR1B10	1	ENSG00000198074	
TRBJ2-2P	1	ENSG00000211766	
FLACC1	1	ENSG00000155749	
AKR1B15	1	ENSG00000227471	
TMCC3	1	ENSG00000057704	
TMCC2	1	ENSG00000133069	
ADGRD1-AS1	1	ENSG00000256151	
TMCC1	1	ENSG00000172765	
CUTC	1	ENSG00000119929	
HCCS	1	ENSG00000004961	
PPCDC	1	ENSG00000138621	
CCKAR	1	ENSG00000163394	
CABP7-DT	1	ENSG00000232396	
MIR3659HG	1	ENSG00000224592	
TSC22D4	1	ENSG00000166925	
BTN3A1	1	ENSG00000026950	
TSC22D1	1	ENSG00000102804	
LRRIQ3	1	ENSG00000162620	
TSC22D3	1	ENSG00000157514	
LRRIQ1	1	ENSG00000133640	
TSC22D2	1	ENSG00000196428	
BTN3A3	1	ENSG00000111801	
IZUMO1R	1	ENSG00000183560	
THBS3-AS1	1	ENSG00000231064	
BTN3A2	1	ENSG00000186470	
DCSTAMP	1	ENSG00000164935	
CCKBR	1	ENSG00000110148	
RBM12B	1	ENSG00000183808	
PRIM2	1	ENSG00000146143	
SP100	1	ENSG00000067066	
PRIM1	1	ENSG00000198056	
RASIP1	1	ENSG00000105538	
SCEL	1	ENSG00000136155	
RBM15B	1	ENSG00000259956	
CUX2	1	ENSG00000111249	
CUX1	1	ENSG00000257923	
SPOPL-DT	1	ENSG00000228043	
SCD5	1	ENSG00000145284	
ENSG00000236817	1	ENSG00000236817	
LYVE1	1	ENSG00000133800	
ETNPPL	1	ENSG00000164089	
MGC32805	1	ENSG00000250328	
SCGN	1	ENSG00000079689	
CADPS2	1	ENSG00000081803	
EPDR1	1	ENSG00000086289	
PRSS57	1	ENSG00000185198	
PRSS58	1	ENSG00000258223	
PRSS55	1	ENSG00000184647	
HCG9	1	ENSG00000204625	
PRSS56	1	ENSG00000237412	
PRSS53	1	ENSG00000151006	
PRSS54	1	ENSG00000103023	
SELENOO	1	ENSG00000073169	
SELENON	1	ENSG00000162430	
SELENOM	1	ENSG00000198832	
SELENOS	1	ENSG00000131871	
SELENOP	1	ENSG00000250722	
SCG5	1	ENSG00000166922	
SELENOW	1	ENSG00000178980	
SELENOV	1	ENSG00000186838	
SCG3	1	ENSG00000104112	
SELENOT	1	ENSG00000198843	
SCG2	1	ENSG00000171951	
USP53	1	ENSG00000145390	
USP54	1	ENSG00000166348	
COX7A2	1	ENSG00000112695	
COX7A1	1	ENSG00000161281	
SCIN	1	ENSG00000006747	
USP50	1	ENSG00000170236	
LRRIQ4	1	ENSG00000188306	
USP51	1	ENSG00000247746	
SMURF2	1	ENSG00000108854	
WSCD1	1	ENSG00000179314	
WSCD2	1	ENSG00000075035	
SMURF1	1	ENSG00000198742	
COX7B2	1	ENSG00000170516	
LIN28B	1	ENSG00000187772	
LIN28A	1	ENSG00000131914	
ATG16L2	1	ENSG00000168010	
ATG16L1	1	ENSG00000085978	
USP35	1	ENSG00000118369	
USP36	1	ENSG00000055483	
USP37	1	ENSG00000135913	
PCDHGB7	1	ENSG00000254122	
USP38	1	ENSG00000170185	
PCDHGB6	1	ENSG00000253305	
USP31	1	ENSG00000103404	
PCDHGB5	1	ENSG00000276547	
USP32	1	ENSG00000170832	
PCDHGB4	1	ENSG00000253953	
USP33	1	ENSG00000077254	
PCDHGB3	1	ENSG00000262209	
USP34	1	ENSG00000115464	
PCDHGB2	1	ENSG00000253910	
PPP5D1P	1	ENSG00000230510	
GTDC1	1	ENSG00000121964	
USP39	1	ENSG00000168883	
DTWD2	1	ENSG00000169570	
GMPPB	1	ENSG00000173540	
PITX1-AS1	1	ENSG00000224186	
DTWD1	1	ENSG00000104047	
CSTF3-DT	1	ENSG00000247151	
GMPPA	1	ENSG00000144591	
AOX1	1	ENSG00000138356	
USP30	1	ENSG00000135093	
USP46	1	ENSG00000109189	
PCDHGA8	1	ENSG00000253767	
USP47	1	ENSG00000170242	
PCDHGA7	1	ENSG00000253537	
USP48	1	ENSG00000090686	
PCDHGA6	1	ENSG00000253731	
USP49	1	ENSG00000164663	
CAMK1D	1	ENSG00000183049	
PCDHGA5	1	ENSG00000253485	
USP42	1	ENSG00000106346	
PCDHGA4	1	ENSG00000262576	
USP43	1	ENSG00000154914	
PCDHGA3	1	ENSG00000254245	
PCDHGA2	1	ENSG00000081853	
USP44	1	ENSG00000136014	
USP45	1	ENSG00000123552	
PCDHGA1	1	ENSG00000204956	
ENSG00000283183	1	ENSG00000283183	
SPEN-AS1	1	ENSG00000179743	
PCDHGA9	1	ENSG00000261934	
GP6-AS1	1	ENSG00000267265	
HKDC1	1	ENSG00000156510	
PCDHGB1	1	ENSG00000254221	
USP40	1	ENSG00000085982	
USP41	1	ENSG00000161133	
CAMK1G	1	ENSG00000008118	
MCPH1	1	ENSG00000147316	
USP13	1	ENSG00000058056	
CAMK2B	1	ENSG00000058404	
HCN4	1	ENSG00000138622	
USP14	1	ENSG00000101557	
HCN3	1	ENSG00000143630	
USP15	1	ENSG00000135655	
CAMK2D	1	ENSG00000145349	
IGHVII-44-2	1	ENSG00000253895	
USP16	1	ENSG00000156256	
USP10	1	ENSG00000103194	
GMPR2	1	ENSG00000100938	
USP11	1	ENSG00000102226	
CAMK2A	1	ENSG00000070808	
USP12	1	ENSG00000152484	
SELENOF	1	ENSG00000183291	
SELENOK	1	ENSG00000113811	
USP18	1	ENSG00000184979	
SELENOI	1	ENSG00000138018	
USP19	1	ENSG00000172046	
SELENOH	1	ENSG00000211450	
ELOVL2-AS1	1	ENSG00000230314	
CAMK2G	1	ENSG00000148660	
USP24	1	ENSG00000162402	
USP25	1	ENSG00000155313	
NHERF2	1	ENSG00000065054	
USP26	1	ENSG00000134588	
NHERF1	1	ENSG00000109062	
USP20	1	ENSG00000136878	
NHERF4	1	ENSG00000172367	
ECE1-AS1	1	ENSG00000231105	
USP21	1	ENSG00000143258	
B3GAT3	1	ENSG00000149541	
PCDHGC5	1	ENSG00000240764	
B3GAT2	1	ENSG00000112309	
USP22	1	ENSG00000124422	
PCDHGC4	1	ENSG00000242419	
B3GAT1	1	ENSG00000109956	
CADPS	1	ENSG00000163618	
PCDHGC3	1	ENSG00000240184	
USP28	1	ENSG00000048028	
USP29	1	ENSG00000131864	
CRACDL	1	ENSG00000196872	
NEURL4	1	ENSG00000215041	
NEURL2	1	ENSG00000124257	
NEURL3	1	ENSG00000163121	
NEURL1	1	ENSG00000107954	
SCLY	1	ENSG00000132330	
HCN2	1	ENSG00000099822	
HCN1	1	ENSG00000164588	
HCP5	1	ENSG00000206337	
SCOC	1	ENSG00000153130	
ST3GAL1-DT	1	ENSG00000261220	
SCP2	1	ENSG00000116171	
PRKACG	1	ENSG00000165059	
EPSTI1	1	ENSG00000133106	
PRKACA	1	ENSG00000072062	
PRKACB	1	ENSG00000142875	
ZNF17	1	ENSG00000186272	
ZNF18	1	ENSG00000154957	
PRKAB2	1	ENSG00000131791	
ZNF19	1	ENSG00000157429	
SECISBP2	1	ENSG00000187742	
RC3H1	1	ENSG00000135870	
ZNF10	1	ENSG00000256223	
ZNF12	1	ENSG00000164631	
BHLHA15	1	ENSG00000180535	
ZNF14	1	ENSG00000105708	
PRKAB1	1	ENSG00000111725	
RC3H2	1	ENSG00000056586	
ZNF16	1	ENSG00000170631	
SIGIRR	1	ENSG00000185187	
LARS2	1	ENSG00000011376	
SCO1	1	ENSG00000133028	
ELAVL4-AS1	1	ENSG00000237337	
SCO2	1	ENSG00000284194	
LARS1	1	ENSG00000133706	
MIR4713HG	1	ENSG00000259240	
ZNF28	1	ENSG00000198538	
CSRP1-AS1	1	ENSG00000224536	
UNC119B	1	ENSG00000175970	
ENSG00000284684	1	ENSG00000284684	
AASDH	1	ENSG00000157426	
NPRL2	1	ENSG00000114388	
NPRL3	1	ENSG00000103148	
ZNF20	1	ENSG00000132010	
ZNF22	1	ENSG00000165512	
ZNF23	1	ENSG00000167377	
ZNF24	1	ENSG00000172466	
ZNF25	1	ENSG00000175395	
ZNF26	1	ENSG00000198393	
LARP1	1	ENSG00000155506	
LINC01409	1	ENSG00000237491	
LINC01404	1	ENSG00000258240	
LINC01405	1	ENSG00000185847	
HCRT	1	ENSG00000161610	
LINC01400	1	ENSG00000232920	
PRPF38B	1	ENSG00000134186	
ENSG00000282033	1	ENSG00000282033	
PRPF38A	1	ENSG00000134748	
ENSG00000284691	1	ENSG00000284691	
ZNF32	1	ENSG00000169740	
LARP7	1	ENSG00000174720	
ATP1A1-AS1	1	ENSG00000203865	
ZNF34	1	ENSG00000196378	
ARHGAP26-AS1	1	ENSG00000226272	
LARP4	1	ENSG00000161813	
ZNF35	1	ENSG00000169981	
LARP6	1	ENSG00000166173	
PPFIBP1	1	ENSG00000110841	
PPFIBP2	1	ENSG00000166387	
LAS1L	1	ENSG00000001497	
FXYD4	1	ENSG00000150201	
FXYD3	1	ENSG00000089356	
ENSG00000269072	1	ENSG00000269072	
FXYD2	1	ENSG00000137731	
ZNF30	1	ENSG00000168661	
FXYD1	1	ENSG00000266964	
SFXN3	1	ENSG00000107819	
SFXN4	1	ENSG00000183605	
FXYD7	1	ENSG00000221946	
FXYD6	1	ENSG00000137726	
SFXN1	1	ENSG00000164466	
FXYD5	1	ENSG00000089327	
SFXN2	1	ENSG00000156398	
SFXN5	1	ENSG00000144040	
PRKAG1	1	ENSG00000181929	
PRKAG2	1	ENSG00000106617	
ZNF43	1	ENSG00000198521	
ZNF44	1	ENSG00000197857	
ZNF45	1	ENSG00000124459	
FRG2B	1	ENSG00000225899	
FRG2C	1	ENSG00000172969	
PRKAG3	1	ENSG00000115592	
ZNF48	1	ENSG00000180035	
M1AP	1	ENSG00000159374	
ZNF41	1	ENSG00000147124	
ENOX1-AS1	1	ENSG00000233821	
ENOX1-AS2	1	ENSG00000238189	
APC2	1	ENSG00000115266	
USP3-AS1	1	ENSG00000259248	
ZNF57	1	ENSG00000171970	
ENSG00000282012	1	ENSG00000282012	
TOMM40L	1	ENSG00000158882	
PTRH2	1	ENSG00000141378	
RAPGEF1	1	ENSG00000107263	
RAPGEF2	1	ENSG00000109756	
PTRH1	1	ENSG00000187024	
RAPGEF5	1	ENSG00000136237	
CRYAA	1	ENSG00000160202	
CRYAB	1	ENSG00000109846	
HCST	1	ENSG00000126264	
RAPGEF6	1	ENSG00000158987	
RAPGEF3	1	ENSG00000079337	
RAPGEF4	1	ENSG00000091428	
ENSG00000259697	1	ENSG00000259697	
APCS	1	ENSG00000132703	
SZRD1	1	ENSG00000055070	
CCM2L	1	ENSG00000101331	
ZNF66	1	ENSG00000160229	
ZNF69	1	ENSG00000198429	
ENSG00000284641	1	ENSG00000284641	
ENSG00000269043	1	ENSG00000269043	
PLAGL1	1	ENSG00000118495	
PLAGL2	1	ENSG00000126003	
ENSG00000272668	1	ENSG00000272668	
EGLN1	1	ENSG00000135766	
ENSG00000284650	1	ENSG00000284650	
EGLN3	1	ENSG00000129521	
EGLN2	1	ENSG00000269858	
MCRS1	1	ENSG00000187778	
SCTR	1	ENSG00000080293	
ZNF76	1	ENSG00000065029	
ZNF77	1	ENSG00000175691	
ZNF79	1	ENSG00000196152	
TARBP2	1	ENSG00000139546	
TARBP1	1	ENSG00000059588	
ZNF70	1	ENSG00000187792	
ZNF71	1	ENSG00000197951	
ZNF74	1	ENSG00000185252	
LINC01472	1	ENSG00000240562	
ENSG00000233030	1	ENSG00000233030	
LINC01473	1	ENSG00000237877	
LINC01474	1	ENSG00000236849	
LINC01475	1	ENSG00000257582	
LINC01470	1	ENSG00000249484	
LINC01471	1	ENSG00000239921	
IL1RAP	1	ENSG00000196083	
APEH	1	ENSG00000164062	
BALR6	1	ENSG00000274840	
MAP3K8	1	ENSG00000107968	
MAP3K9	1	ENSG00000006432	
MAP3K6	1	ENSG00000142733	
LINC01465	1	ENSG00000221949	
ENSG00000257002	1	ENSG00000257002	
MAP3K7	1	ENSG00000135341	
MAP3K4	1	ENSG00000085511	
LINC01467	1	ENSG00000258977	
MAP3K5	1	ENSG00000197442	
FBXW4	1	ENSG00000107829	
FBXW5	1	ENSG00000159069	
FBXW8	1	ENSG00000174989	
FBXW7	1	ENSG00000109670	
FBXW9	1	ENSG00000132004	
LINC01460	1	ENSG00000205334	
SRCIN1	1	ENSG00000277363	
FBXW2	1	ENSG00000119402	
LINC01455	1	ENSG00000250888	
LINC01456	1	ENSG00000225882	
LINC01494	1	ENSG00000228135	
LINC01495	1	ENSG00000255323	
LINC01496	1	ENSG00000234766	
LINC01497	1	ENSG00000237560	
LINC01490	1	ENSG00000257741	
LINC01491	1	ENSG00000259572	
LINC01492	1	ENSG00000225564	
GOT1-DT	1	ENSG00000224934	
LINC01493	1	ENSG00000254562	
ENSG00000284601	1	ENSG00000284601	
CES5A	1	ENSG00000159398	
IGHVIII-25-1	1	ENSG00000253367	
C8orf34-AS1	1	ENSG00000248801	
TSNAXIP1	1	ENSG00000102904	
LINC01487	1	ENSG00000241336	
CERT1	1	ENSG00000113163	
LINC01488	1	ENSG00000285094	
LINC01489	1	ENSG00000255727	
LINC01483	1	ENSG00000227517	
LINC01484	1	ENSG00000253686	
LINC01485	1	ENSG00000254211	
LINC01486	1	ENSG00000256560	
API5	1	ENSG00000166181	
LINC01480	1	ENSG00000270164	
LINC01482	1	ENSG00000267659	
LINC01476	1	ENSG00000265313	
LINC01477	1	ENSG00000261715	
LINC01478	1	ENSG00000267337	
LINC01479	1	ENSG00000255772	
LINC01431	1	ENSG00000232645	
ENSG00000260613	1	ENSG00000260613	
APIP	1	ENSG00000149089	
CPNE8-AS1	1	ENSG00000257718	
LINC01429	1	ENSG00000227964	
OR56B1	1	ENSG00000181023	
LINC01425	1	ENSG00000233997	
PRLHR	1	ENSG00000119973	
LINC01426	1	ENSG00000234380	
LINC01427	1	ENSG00000225321	
LINC01428	1	ENSG00000228888	
OR56B4	1	ENSG00000180919	
LINC01422	1	ENSG00000223704	
LINC01423	1	ENSG00000231231	
LINC01424	1	ENSG00000236519	
ENSG00000259620	1	ENSG00000259620	
UNC45A	1	ENSG00000140553	
CERS3	1	ENSG00000154227	
CERS4	1	ENSG00000090661	
UNC45B	1	ENSG00000141161	
CERS5	1	ENSG00000139624	
MTUS2-AS2	1	ENSG00000236758	
CERS6	1	ENSG00000172292	
RNASET2	1	ENSG00000026297	
CES4A	1	ENSG00000172824	
NEPRO-AS1	1	ENSG00000240057	
OR56A5	1	ENSG00000188691	
LINC01418	1	ENSG00000259692	
LINC01419	1	ENSG00000253898	
ENSG00000259617	1	ENSG00000259617	
LINC01414	1	ENSG00000253554	
LINC01415	1	ENSG00000267325	
LINC01416	1	ENSG00000260930	
OR56A4	1	ENSG00000183389	
LINC01410	1	ENSG00000238113	
OR56A3	1	ENSG00000184478	
LINC01411	1	ENSG00000249306	
CERS1	1	ENSG00000223802	
LINC01412	1	ENSG00000232606	
CERS2	1	ENSG00000143418	
OR56A1	1	ENSG00000180934	
LINC01413	1	ENSG00000260172	
LINC01450	1	ENSG00000232458	
LINC01451	1	ENSG00000279141	
PRKAA1	1	ENSG00000132356	
PRKAA2	1	ENSG00000162409	
UHRF2	1	ENSG00000147854	
KRTAP29-1	1	ENSG00000212658	
UHRF1	1	ENSG00000276043	
STARD13-AS	1	ENSG00000236581	
MLLT1	1	ENSG00000130382	
MLLT3	1	ENSG00000171843	
MALT1	1	ENSG00000172175	
MLLT6	1	ENSG00000275023	
LINC01447	1	ENSG00000236078	
LINC01448	1	ENSG00000238284	
LINC01449	1	ENSG00000224017	
LINC01443	1	ENSG00000266554	
MTUS2-AS1	1	ENSG00000179141	
KCNIP1-AS1	1	ENSG00000253591	
LINC01444	1	ENSG00000264301	
LINC01445	1	ENSG00000231427	
LINC01446	1	ENSG00000205628	
LINC01440	1	ENSG00000235166	
LINC01441	1	ENSG00000224008	
LINC01442	1	ENSG00000227510	
ENSG00000245008	1	ENSG00000245008	
SORL1	1	ENSG00000137642	
APLN	1	ENSG00000171388	
CDKN2AIPNL	1	ENSG00000237190	
APLF	1	ENSG00000169621	
LINC01436	1	ENSG00000231106	
ENSG00000259636	1	ENSG00000259636	
LINC01438	1	ENSG00000249519	
ENSG00000260616	1	ENSG00000260616	
LINC01432	1	ENSG00000234435	
LINC01433	1	ENSG00000230176	
LINC01435	1	ENSG00000229981	
LINCADL	1	ENSG00000287148	
PEG13	1	ENSG00000282164	
PEG10	1	ENSG00000242265	
FBXO4	1	ENSG00000151876	
FBXO3	1	ENSG00000110429	
FBXO6	1	ENSG00000116663	
FBXO5	1	ENSG00000112029	
FBXO8	1	ENSG00000164117	
FBXO7	1	ENSG00000100225	
FBXO9	1	ENSG00000112146	
KCNMA1-AS3	1	ENSG00000225652	
KCNMA1-AS2	1	ENSG00000225497	
KCNMA1-AS1	1	ENSG00000236467	
FBXO2	1	ENSG00000116661	
BCS1L	1	ENSG00000074582	
GLIS3-AS2	1	ENSG00000228322	
GLIS3-AS1	1	ENSG00000237009	
FLYWCH2	1	ENSG00000162076	
FLYWCH1	1	ENSG00000059122	
CERKL	1	ENSG00000188452	
AARS1	1	ENSG00000090861	
AARS2	1	ENSG00000124608	
SDC4	1	ENSG00000124145	
SDC2	1	ENSG00000169439	
SDC3	1	ENSG00000162512	
CWF19L2	1	ENSG00000152404	
APOO	1	ENSG00000184831	
APOM	1	ENSG00000204444	
APOH	1	ENSG00000091583	
APOF	1	ENSG00000175336	
IGHV1-69D	1	ENSG00000280411	
APOD	1	ENSG00000189058	
APOE	1	ENSG00000130203	
APOB	1	ENSG00000084674	
WDTC1-DT	1	ENSG00000224311	
SMLR1	1	ENSG00000256162	
DELE1	1	ENSG00000081791	
CYP26A1	1	ENSG00000095596	
FBXL8	1	ENSG00000135722	
CWF19L1	1	ENSG00000095485	
SDC1	1	ENSG00000115884	
FBXL3	1	ENSG00000005812	
FBXL2	1	ENSG00000153558	
FBXL5	1	ENSG00000118564	
FBXL4	1	ENSG00000112234	
FBXL7	1	ENSG00000183580	
FBXL6	1	ENSG00000182325	
MRPS17	1	ENSG00000239789	
LINC01395	1	ENSG00000281097	
LINC01396	1	ENSG00000273396	
MRPS15	1	ENSG00000116898	
LINC01397	1	ENSG00000258673	
MRPS16	1	ENSG00000182180	
LINC01398	1	ENSG00000224863	
LINC01391	1	ENSG00000244578	
MRPS14	1	ENSG00000120333	
LINC01392	1	ENSG00000233607	
MRPS11	1	ENSG00000181991	
LINC01393	1	ENSG00000225535	
MRPS12	1	ENSG00000128626	
LINC01394	1	ENSG00000281809	
MRPS10	1	ENSG00000048544	
SDF4	1	ENSG00000078808	
FRGCA	1	ENSG00000236663	
SDF2	1	ENSG00000132581	
BPY2C	1	ENSG00000185894	
BPY2B	1	ENSG00000183795	
LINC01388	1	ENSG00000231808	
LINC01389	1	ENSG00000225762	
MRPS28	1	ENSG00000147586	
LINC01385	1	ENSG00000251604	
MRPS26	1	ENSG00000125901	
LINC01386	1	ENSG00000251324	
MRPS27	1	ENSG00000113048	
LINC01387	1	ENSG00000265944	
MRPS24	1	ENSG00000062582	
MRPS25	1	ENSG00000131368	
LINC01381	1	ENSG00000230452	
MRPS22	1	ENSG00000175110	
MRPS23	1	ENSG00000181610	
PRPF40B	1	ENSG00000110844	
MRPS21	1	ENSG00000266472	
PRPF40A	1	ENSG00000196504	
APRT	1	ENSG00000198931	
SDE2	1	ENSG00000143751	
HSD11B1-AS1	1	ENSG00000227591	
CYLC2	1	ENSG00000155833	
LINC01377	1	ENSG00000249808	
CYLC1	1	ENSG00000183035	
LINC01378	1	ENSG00000236922	
ZNF710-AS1	1	ENSG00000259291	
CSTPP1	1	ENSG00000149179	
DYNC1I2	1	ENSG00000077380	
SELPLG	1	ENSG00000110876	
MRPS35	1	ENSG00000061794	
MRPS36	1	ENSG00000134056	
MRPS33	1	ENSG00000090263	
MRPS34	1	ENSG00000074071	
MRPS31	1	ENSG00000102738	
PRICKLE2	1	ENSG00000163637	
PRICKLE3	1	ENSG00000012211	
MRPS30	1	ENSG00000112996	
PRICKLE1	1	ENSG00000139174	
PRICKLE4	1	ENSG00000278224	
DYNC1I1	1	ENSG00000158560	
MAP3K2	1	ENSG00000169967	
DYNC1H1	1	ENSG00000197102	
MAP3K3	1	ENSG00000198909	
MAP3K1	1	ENSG00000095015	
SORT1	1	ENSG00000134243	
ZNF652-AS1	1	ENSG00000248714	
APTX	1	ENSG00000137074	
HID1-AS1	1	ENSG00000263586	
CEBPA-DT	1	ENSG00000267296	
TRBV20OR9-2	1	ENSG00000205274	
APTR	1	ENSG00000214293	
HDGF	1	ENSG00000143321	
MAMLD1	1	ENSG00000013619	
NCMAP	1	ENSG00000184454	
ZNF80	1	ENSG00000174255	
ZNF81	1	ENSG00000197779	
ZNF83	1	ENSG00000167766	
ZNF84	1	ENSG00000198040	
ZNF85	1	ENSG00000105750	
IGFLR1	1	ENSG00000126246	
ZGRF1	1	ENSG00000138658	
GPC6-AS2	1	ENSG00000224394	
GPC6-AS1	1	ENSG00000236520	
DNAJB12	1	ENSG00000148719	
DNAJB13	1	ENSG00000187726	
ZNF98	1	ENSG00000197360	
SDHC	1	ENSG00000143252	
DNAJB14	1	ENSG00000164031	
ZNF99	1	ENSG00000213973	
SDHD	1	ENSG00000204370	
SDHA	1	ENSG00000073578	
SDHB	1	ENSG00000117118	
ZNF90	1	ENSG00000213988	
ZNF91	1	ENSG00000167232	
ZNF92	1	ENSG00000146757	
ZNF93	1	ENSG00000184635	
DNAJB11	1	ENSG00000090520	
DIPK1C	1	ENSG00000187773	
DIPK1B	1	ENSG00000165716	
DIPK1A	1	ENSG00000154511	
RNASEH1	1	ENSG00000171865	
FGF20	1	ENSG00000078579	
LPXN	1	ENSG00000110031	
FGF23	1	ENSG00000118972	
FGF22	1	ENSG00000070388	
FGF21	1	ENSG00000105550	
HLA-F-AS1	1	ENSG00000214922	
IFT20	1	ENSG00000109083	
FGF17	1	ENSG00000158815	
SDK1	1	ENSG00000146555	
FGF16	1	ENSG00000196468	
IFT22	1	ENSG00000128581	
FGF14	1	ENSG00000102466	
FGF19	1	ENSG00000162344	
FGF18	1	ENSG00000156427	
IFT27	1	ENSG00000100360	
FGF13	1	ENSG00000129682	
FGF12	1	ENSG00000114279	
SDK2	1	ENSG00000069188	
FGF11	1	ENSG00000161958	
FGF10	1	ENSG00000070193	
IFT25	1	ENSG00000081870	
STEAP3-AS1	1	ENSG00000229867	
MYSM1	1	ENSG00000162601	
IFT52	1	ENSG00000101052	
LASP1	1	ENSG00000002834	
CYP26B1	1	ENSG00000003137	
EEF2K	1	ENSG00000103319	
APOA1-AS	1	ENSG00000235910	
GGACT	1	ENSG00000134864	
IFT57	1	ENSG00000114446	
QRFPR	1	ENSG00000186867	
DIPK2B	1	ENSG00000147113	
EEF1G	1	ENSG00000254772	
IFT43	1	ENSG00000119650	
CYP26C1	1	ENSG00000187553	
EEF1D	1	ENSG00000104529	
IFT46	1	ENSG00000118096	
DIPK2A	1	ENSG00000181744	
PSMB11	1	ENSG00000222028	
PSD2-AS1	1	ENSG00000249131	
TAFAZZIN	1	ENSG00000102125	
POMZP3	1	ENSG00000146707	
PSMB10	1	ENSG00000205220	
IFT74	1	ENSG00000096872	
IL1RL1	1	ENSG00000115602	
IL1RL2	1	ENSG00000115598	
NWD1	1	ENSG00000188039	
NWD2	1	ENSG00000174145	
LAMA5-AS1	1	ENSG00000228812	
ZPLD1	1	ENSG00000170044	
SND1-DT	1	ENSG00000240790	
ZNF793-AS1	1	ENSG00000266916	
WARS1	1	ENSG00000140105	
WARS2	1	ENSG00000116874	
MSANTD5	1	ENSG00000285891	
MSANTD3	1	ENSG00000066697	
CWH43	1	ENSG00000109182	
MSANTD4	1	ENSG00000170903	
SLCO6A1	1	ENSG00000205359	
MSANTD7	1	ENSG00000284024	
MSANTD1	1	ENSG00000188981	
ZSCAN31	1	ENSG00000235109	
MSANTD2	1	ENSG00000120458	
ZSCAN30	1	ENSG00000186814	
ZSCAN32	1	ENSG00000140987	
PRKCG	1	ENSG00000126583	
PRKCI	1	ENSG00000163558	
PRKCH	1	ENSG00000027075	
PRKCB	1	ENSG00000166501	
PRKCE	1	ENSG00000171132	
PRKCD	1	ENSG00000163932	
AFAP1	1	ENSG00000196526	
PRKCA	1	ENSG00000154229	
DAAM1	1	ENSG00000100592	
ZSCAN20	1	ENSG00000121903	
PRKD3	1	ENSG00000115825	
DAAM2	1	ENSG00000146122	
ZSCAN22	1	ENSG00000182318	
ZSCAN21	1	ENSG00000166529	
FRMPD4-AS1	1	ENSG00000223487	
ZSCAN23	1	ENSG00000187987	
PRKCQ	1	ENSG00000065675	
PRKD2	1	ENSG00000105287	
ZSCAN26	1	ENSG00000197062	
PRKD1	1	ENSG00000184304	
ZSCAN25	1	ENSG00000197037	
FREM1	1	ENSG00000164946	
FREM2	1	ENSG00000150893	
ZSCAN29	1	ENSG00000140265	
FREM3	1	ENSG00000183090	
PRKDC	1	ENSG00000253729	
PRDM15	1	ENSG00000141956	
CAPN10-DT	1	ENSG00000260942	
PRDM14	1	ENSG00000147596	
PRDM13	1	ENSG00000112238	
PRDM12	1	ENSG00000130711	
PRDM11	1	ENSG00000019485	
SDSL	1	ENSG00000139410	
PVALEF	1	ENSG00000225180	
PRKCZ	1	ENSG00000067606	
PRDM10	1	ENSG00000170325	
ZSCAN10	1	ENSG00000130182	
PRDM16	1	ENSG00000142611	
ZSCAN12	1	ENSG00000158691	
ZSCAN16	1	ENSG00000196812	
ZSCAN18	1	ENSG00000121413	
HDAC2-AS2	1	ENSG00000228624	
MEX3D	1	ENSG00000181588	
MEX3C	1	ENSG00000176624	
ENSG00000270174	1	ENSG00000270174	
MEX3B	1	ENSG00000183496	
MEX3A	1	ENSG00000254726	
TPM1-AS	1	ENSG00000259498	
ASH2L	1	ENSG00000129691	
ASGR1	1	ENSG00000141505	
ASGR2	1	ENSG00000161944	
ZSCAN5A	1	ENSG00000131848	
ZSCAN5C	1	ENSG00000204532	
ZSCAN5B	1	ENSG00000197213	
RUSF1-DT	1	ENSG00000260625	
TNFRSF10A-AS1	1	ENSG00000253930	
ASAP1-IT2	1	ENSG00000280543	
ASH1L	1	ENSG00000116539	
ENSG00000284797	1	ENSG00000284797	
ANGPTL7	1	ENSG00000171819	
ANGPTL6	1	ENSG00000130812	
ANGPTL8	1	ENSG00000130173	
ANGPTL3	1	ENSG00000132855	
ANGPTL2	1	ENSG00000136859	
ANGPTL5	1	ENSG00000187151	
ANGPTL4	1	ENSG00000167772	
ENSG00000270159	1	ENSG00000270159	
ANGPTL1	1	ENSG00000116194	
ZNF528-AS1	1	ENSG00000269834	
AATBC	1	ENSG00000215458	
PAPSS2	1	ENSG00000198682	
PAPSS1	1	ENSG00000138801	
ERMP1	1	ENSG00000099219	
HOXB-AS1	1	ENSG00000230148	
ENSG00000257176	1	ENSG00000257176	
HOXB-AS4	1	ENSG00000242207	
HOXB-AS2	1	ENSG00000239552	
HOXB-AS3	1	ENSG00000233101	
ENSG00000269155	1	ENSG00000269155	
LINC01352	1	ENSG00000238078	
LINC01353	1	ENSG00000231507	
LINC01354	1	ENSG00000231768	
GTF2B	1	ENSG00000137947	
LINC01350	1	ENSG00000228309	
ENSG00000284738	1	ENSG00000284738	
LINC01348	1	ENSG00000280587	
LINC01349	1	ENSG00000230402	
LINC01344	1	ENSG00000228918	
LINC01345	1	ENSG00000226374	
LINC01346	1	ENSG00000233304	
GTF2I	1	ENSG00000263001	
MAP2K3	1	ENSG00000034152	
LINC01340	1	ENSG00000250331	
MAP2K4	1	ENSG00000065559	
LINC01341	1	ENSG00000227953	
MAP2K1	1	ENSG00000169032	
LINC01342	1	ENSG00000223823	
MAP2K2	1	ENSG00000126934	
LINC01343	1	ENSG00000237290	
ENSG00000260763	1	ENSG00000260763	
RALGAPA1	1	ENSG00000174373	
SKIDA1	1	ENSG00000180592	
RALGAPA2	1	ENSG00000188559	
GTF3A	1	ENSG00000122034	
HNRNPK-AS1	1	ENSG00000235298	
LINC01337	1	ENSG00000251221	
LINC01338	1	ENSG00000281327	
LINC01339	1	ENSG00000248555	
PPEF1	1	ENSG00000086717	
LINC01333	1	ENSG00000249343	
PPEF2	1	ENSG00000156194	
LINC01335	1	ENSG00000248942	
ENSG00000259774	1	ENSG00000259774	
LINC01374	1	ENSG00000280560	
LINC01375	1	ENSG00000226159	
LINC01376	1	ENSG00000236204	
LINC01370	1	ENSG00000237767	
ENSG00000284720	1	ENSG00000284720	
MAP2K7	1	ENSG00000076984	
ENSG00000233178	1	ENSG00000233178	
LINC01366	1	ENSG00000235172	
MAP2K5	1	ENSG00000137764	
MAP2K6	1	ENSG00000108984	
LINC01362	1	ENSG00000230817	
LINC01363	1	ENSG00000231605	
LINC01364	1	ENSG00000227290	
ENSG00000233183	1	ENSG00000233183	
LINC01365	1	ENSG00000250772	
LINC01360	1	ENSG00000233973	
LINC01361	1	ENSG00000236268	
ENSG00000176984	1	ENSG00000176984	
LINC01359	1	ENSG00000226891	
ENSG00000260779	1	ENSG00000260779	
LINC01355	1	ENSG00000261326	
LINC01356	1	ENSG00000215866	
LINC01357	1	ENSG00000224167	
LINC01358	1	ENSG00000237352	
TCP10L	1	ENSG00000242220	
ATP8B1-AS1	1	ENSG00000267040	
HAUS5-DT	1	ENSG00000267626	
GAL3ST1	1	ENSG00000128242	
LINC01310	1	ENSG00000205632	
ASH1L-AS1	1	ENSG00000235919	
ENSG00000284700	1	ENSG00000284700	
LINC01309	1	ENSG00000234551	
LINC01304	1	ENSG00000237401	
PRKG2	1	ENSG00000138669	
SIM1-AS1	1	ENSG00000228082	
LINC01305	1	ENSG00000231453	
LINC01307	1	ENSG00000231671	
GAL3ST2	1	ENSG00000154252	
LINC01300	1	ENSG00000253595	
GAL3ST3	1	ENSG00000175229	
LINC01301	1	ENSG00000251396	
PRKG1	1	ENSG00000185532	
GAL3ST4	1	ENSG00000197093	
LINC01303	1	ENSG00000250548	
FREY1	1	ENSG00000234776	
ENSG00000259737	1	ENSG00000259737	
ALDH9A1	1	ENSG00000143149	
LEPROT	1	ENSG00000213625	
LINC01331	1	ENSG00000248673	
LINC01332	1	ENSG00000250446	
DGCR11	1	ENSG00000273311	
ABLIM1	1	ENSG00000099204	
ABLIM2	1	ENSG00000163995	
ABLIM3	1	ENSG00000173210	
LINC01326	1	ENSG00000244321	
LINC01327	1	ENSG00000241669	
LINC01322	1	ENSG00000244128	
LINC01323	1	ENSG00000241636	
LINC01324	1	ENSG00000241767	
LINC01320	1	ENSG00000228262	
MIR378D2HG	1	ENSG00000264448	
PDE2A-AS1	1	ENSG00000255808	
PDE2A-AS2	1	ENSG00000256633	
LINC01315	1	ENSG00000229891	
LINC01318	1	ENSG00000237790	
ENSG00000233145	1	ENSG00000233145	
LINC01311	1	ENSG00000260924	
LINC01312	1	ENSG00000223586	
ENSG00000259754	1	ENSG00000259754	
DYNC2I2	1	ENSG00000119333	
DYNC2I1	1	ENSG00000126870	
HDAC10	1	ENSG00000100429	
AQP8	1	ENSG00000103375	
AQP9	1	ENSG00000103569	
HDAC11	1	ENSG00000163517	
AQP6	1	ENSG00000086159	
AQP7	1	ENSG00000165269	
IGHD1OR15-1B	1	ENSG00000270185	
AQP4	1	ENSG00000171885	
AQP5	1	ENSG00000161798	
AQP2	1	ENSG00000167580	
AQP3	1	ENSG00000165272	
AQP1	1	ENSG00000240583	
ENSG00000259704	1	ENSG00000259704	
DYNC2H1	1	ENSG00000187240	
CPT1A	1	ENSG00000110090	
IFRD2	1	ENSG00000214706	
IFRD1	1	ENSG00000006652	
CPT1C	1	ENSG00000169169	
CPT1B	1	ENSG00000205560	
NIF3L1	1	ENSG00000196290	
HECA	1	ENSG00000112406	
CAGE1	1	ENSG00000164304	
ENSG00000188897	1	ENSG00000188897	
RTEL1	1	ENSG00000258366	
TSC22D1-AS1	1	ENSG00000278156	
TRANK1	1	ENSG00000168016	
MYOSLID	1	ENSG00000229647	
FBN1-DT	1	ENSG00000259705	
STRIP1	1	ENSG00000143093	
STRIP2	1	ENSG00000128578	
OCEL1	1	ENSG00000099330	
ENSG00000223786	1	ENSG00000223786	
NREP-AS1	1	ENSG00000250095	
IGHD1OR15-1A	1	ENSG00000271336	
LINC01275	1	ENSG00000237595	
LINC01276	1	ENSG00000226917	
LINC01277	1	ENSG00000229017	
LINC01270	1	ENSG00000203999	
LINC01271	1	ENSG00000233077	
LINC01273	1	ENSG00000231742	
ZNF341-AS1	1	ENSG00000230753	
TMED3	1	ENSG00000166557	
TMED2	1	ENSG00000086598	
DGCR6L	1	ENSG00000128185	
TMED1	1	ENSG00000099203	
TMED7	1	ENSG00000134970	
LINC01267	1	ENSG00000251576	
TMED6	1	ENSG00000157315	
ERMAP	1	ENSG00000164010	
TMED5	1	ENSG00000117500	
LINC01269	1	ENSG00000258689	
TMED4	1	ENSG00000158604	
ZYG11B	1	ENSG00000162378	
LINC01264	1	ENSG00000229630	
TMED9	1	ENSG00000184840	
ZYG11A	1	ENSG00000203995	
TMED8	1	ENSG00000100580	
LINC01266	1	ENSG00000224957	
LINC01260	1	ENSG00000283440	
HEG1	1	ENSG00000173706	
LINC01262	1	ENSG00000250739	
KCNJ2-AS1	1	ENSG00000267365	
LINC01256	1	ENSG00000251398	
LINC01257	1	ENSG00000204603	
LINC01258	1	ENSG00000249534	
SDCCAG8	1	ENSG00000054282	
LINC01259	1	ENSG00000249667	
MRPS9-AS1	1	ENSG00000231851	
CORO1A-AS1	1	ENSG00000261416	
LINC01297	1	ENSG00000274827	
DTYMK	1	ENSG00000168393	
LINC01298	1	ENSG00000253351	
LINC01299	1	ENSG00000254081	
LINC01293	1	ENSG00000230836	
MRPS9-AS2	1	ENSG00000224509	
LINC01290	1	ENSG00000260468	
LINC01291	1	ENSG00000204792	
TM4SF20	1	ENSG00000168955	
NOP14-AS1	1	ENSG00000249673	
LINC01289	1	ENSG00000253734	
STRIT1	1	ENSG00000240045	
LINC01285	1	ENSG00000203650	
TM4SF18	1	ENSG00000163762	
TM4SF19	1	ENSG00000145107	
LINC01287	1	ENSG00000234722	
LINC01288	1	ENSG00000254344	
LINC01281	1	ENSG00000235304	
LINC01282	1	ENSG00000236747	
LINC01283	1	ENSG00000234191	
LINC01284	1	ENSG00000230317	
LINC01280	1	ENSG00000224391	
PRKRA	1	ENSG00000180228	
LINC01278	1	ENSG00000235437	
HEIH	1	ENSG00000278970	
GAS5-AS1	1	ENSG00000270084	
MYRFL	1	ENSG00000166268	
HELB	1	ENSG00000127311	
SPATA13-AS1	1	ENSG00000227213	
SVEP1	1	ENSG00000165124	
MYREM	1	ENSG00000268518	
ACYP2	1	ENSG00000170634	
ACYP1	1	ENSG00000119640	
GSG1L2	1	ENSG00000214978	
TCF4-AS1	1	ENSG00000267028	
KBTBD11-AS1	1	ENSG00000253764	
CPS1-IT1	1	ENSG00000280837	
C15orf61	1	ENSG00000189227	
TCF4-AS2	1	ENSG00000267402	
LONRF3	1	ENSG00000175556	
C15orf62	1	ENSG00000188277	
LONRF1	1	ENSG00000154359	
LONRF2	1	ENSG00000170500	
CPSF4	1	ENSG00000160917	
CPSF7	1	ENSG00000149532	
CPSF6	1	ENSG00000111605	
HELQ	1	ENSG00000163312	
CPSF1	1	ENSG00000071894	
HELT	1	ENSG00000187821	
CPSF3	1	ENSG00000119203	
CPSF2	1	ENSG00000165934	
HELZ	1	ENSG00000198265	
SELE	1	ENSG00000007908	
SEM1	1	ENSG00000127922	
SELP	1	ENSG00000174175	
SELL	1	ENSG00000188404	
BAMBI	1	ENSG00000095739	
CRYL1	1	ENSG00000165475	
FGFR4	1	ENSG00000160867	
FGFR3	1	ENSG00000068078	
FGFR2	1	ENSG00000066468	
FGFR1	1	ENSG00000077782	
C15orf39	1	ENSG00000167173	
OPLAH	1	ENSG00000178814	
MIR762HG	1	ENSG00000260083	
HEPH	1	ENSG00000089472	
C15orf40	1	ENSG00000169609	
SYT15B	1	ENSG00000277758	
C15orf48	1	ENSG00000166920	
SCMH1-DT	1	ENSG00000235358	
SMKR1	1	ENSG00000240204	
MYRIP	1	ENSG00000170011	
FLJ16779	1	ENSG00000275620	
TMEM9	1	ENSG00000116857	
DEFB4A	1	ENSG00000171711	
DEFB4B	1	ENSG00000177257	
NRXN1	1	ENSG00000179915	
NRXN3	1	ENSG00000021645	
NRXN2	1	ENSG00000110076	
NXF1	1	ENSG00000162231	
NXF2	1	ENSG00000269405	
NXF3	1	ENSG00000147206	
SAP30L	1	ENSG00000164576	
HES1	1	ENSG00000114315	
HES3	1	ENSG00000173673	
HES2	1	ENSG00000069812	
NXF5	1	ENSG00000126952	
HES5	1	ENSG00000197921	
HES4	1	ENSG00000188290	
CRYGS	1	ENSG00000213139	
SLC38A2-AS1	1	ENSG00000258096	
CRYGN	1	ENSG00000127377	
CRYGC	1	ENSG00000163254	
CRYGD	1	ENSG00000118231	
CRYGA	1	ENSG00000168582	
JSRP1	1	ENSG00000167476	
CRYGB	1	ENSG00000182187	
C15orf32	1	ENSG00000183643	
CSNK1A1L	1	ENSG00000180138	
ADAMDEC1	1	ENSG00000134028	
ZFYVE9	1	ENSG00000157077	
ARAF	1	ENSG00000078061	
C4BPA	1	ENSG00000123838	
C4BPB	1	ENSG00000123843	
C22orf23	1	ENSG00000128346	
ZFYVE1	1	ENSG00000165861	
CEACAM16-AS1	1	ENSG00000266903	
NDUFB2-AS1	1	ENSG00000240889	
C22orf31	1	ENSG00000100249	
LINC01627	1	ENSG00000224648	
LINC01628	1	ENSG00000232688	
LINC01629	1	ENSG00000258602	
EDDM13	1	ENSG00000267710	
LINC01623	1	ENSG00000225595	
LINC01624	1	ENSG00000227508	
LRAT	1	ENSG00000121207	
LINC01625	1	ENSG00000238099	
LINC01626	1	ENSG00000223765	
LINC01620	1	ENSG00000168746	
ARPP21-AS1	1	ENSG00000230830	
LINC01621	1	ENSG00000235357	
LINC01622	1	ENSG00000286785	
HES7	1	ENSG00000179111	
HES6	1	ENSG00000144485	
HPCAL1	1	ENSG00000115756	
RNASE6	1	ENSG00000169413	
TNS2-AS1	1	ENSG00000257337	
RNASE4	1	ENSG00000258818	
RNASE3	1	ENSG00000169397	
GAPVD1	1	ENSG00000165219	
RNASE2	1	ENSG00000169385	
C22orf39	1	ENSG00000242259	
HPCAL4	1	ENSG00000116983	
RNASE1	1	ENSG00000129538	
C22orf42	1	ENSG00000205856	
LINC01616	1	ENSG00000261340	
LINC01618	1	ENSG00000250302	
LINC01619	1	ENSG00000257242	
LINC01612	1	ENSG00000250266	
LINC01613	1	ENSG00000261432	
LINC01614	1	ENSG00000230838	
LINC01615	1	ENSG00000223485	
LINC01610	1	ENSG00000237643	
LINC01611	1	ENSG00000231776	
SACS-AS1	1	ENSG00000229558	
LINC01650	1	ENSG00000230434	
LINC01651	1	ENSG00000279920	
VN2R19P	1	ENSG00000286949	
SDR39U1	1	ENSG00000100445	
IGHV1-67	1	ENSG00000253274	
SLCO5A1	1	ENSG00000137571	
EDDM3A	1	ENSG00000181562	
IGHV1-68	1	ENSG00000253703	
EDDM3B	1	ENSG00000181552	
IGHV1-69	1	ENSG00000211973	
LINC01649	1	ENSG00000228127	
TMEM132D-AS1	1	ENSG00000249196	
LINC01645	1	ENSG00000224968	
LINC01646	1	ENSG00000232596	
KCND3-AS1	1	ENSG00000237556	
LINC01647	1	ENSG00000235643	
TMEM132D-AS2	1	ENSG00000256699	
LINC01648	1	ENSG00000233399	
LINC01641	1	ENSG00000234277	
LINC01643	1	ENSG00000236052	
LINC01644	1	ENSG00000218357	
MCTS1	1	ENSG00000232119	
MCTS2	1	ENSG00000101898	
LINC01640	1	ENSG00000231253	
LRBA	1	ENSG00000198589	
NETO2	1	ENSG00000171208	
SETX	1	ENSG00000107290	
LINC01638	1	ENSG00000233521	
DCHS2	1	ENSG00000197410	
LINC01639	1	ENSG00000236117	
LINC01634	1	ENSG00000235295	
LINC01635	1	ENSG00000228397	
DCHS1	1	ENSG00000166341	
LINC01637	1	ENSG00000237476	
LINC01630	1	ENSG00000227115	
PHKA2-AS1	1	ENSG00000237836	
LINC01632	1	ENSG00000277199	
LINC01633	1	ENSG00000260976	
ARF3	1	ENSG00000134287	
ARF4	1	ENSG00000168374	
ENSG00000257283	1	ENSG00000257283	
ARF1	1	ENSG00000143761	
HEXB	1	ENSG00000049860	
HEXA	1	ENSG00000213614	
HEXD	1	ENSG00000169660	
IGHV1-45	1	ENSG00000211961	
IGHV1-46	1	ENSG00000211962	
MIR3147HG	1	ENSG00000260653	
AREG	1	ENSG00000109321	
IKBKB	1	ENSG00000104365	
GPRC6A	1	ENSG00000173612	
HEY1	1	ENSG00000164683	
HEY2	1	ENSG00000135547	
IKBKG	1	ENSG00000269335	
IKBKE	1	ENSG00000263528	
COP1-DT	1	ENSG00000236021	
IKBIP	1	ENSG00000166130	
ARG2	1	ENSG00000081181	
ARG1	1	ENSG00000118520	
RRAS2	1	ENSG00000133818	
IGHV1-58	1	ENSG00000211968	
GPRC5B	1	ENSG00000167191	
GPRC5A	1	ENSG00000013588	
TEDDM1	1	ENSG00000203730	
GPRC5D	1	ENSG00000111291	
GPRC5C	1	ENSG00000170412	
ARF5	1	ENSG00000004059	
ENSG00000257279	1	ENSG00000257279	
ARF6	1	ENSG00000165527	
RNASEL	1	ENSG00000135828	
RNASEK	1	ENSG00000219200	
STAU1	1	ENSG00000124214	
STAU2	1	ENSG00000040341	
SEZ6	1	ENSG00000063015	
IGHV1-24	1	ENSG00000211950	
STATH	1	ENSG00000126549	
ENSG00000269289	1	ENSG00000269289	
LINC01609	1	ENSG00000253103	
PROKR1	1	ENSG00000169618	
PROKR2	1	ENSG00000101292	
H3C15	1	ENSG00000203852	
H3C13	1	ENSG00000183598	
LINC01605	2	ENSG00000253414:ENSG00000253161	
RNASE9	1	ENSG00000188655	
H3C14	1	ENSG00000203811	
LINC01606	1	ENSG00000253301	
RNASE8	1	ENSG00000173431	
LINC01607	1	ENSG00000272138	
H3C11	1	ENSG00000275379	
RNASE7	1	ENSG00000165799	
H3C12	1	ENSG00000197153	
LINC01608	1	ENSG00000253877	
STAT4	1	ENSG00000138378	
RERG-IT1	1	ENSG00000256650	
LINC01602	1	ENSG00000205293	
H3C10	1	ENSG00000278828	
STAT6	1	ENSG00000166888	
LINC01603	1	ENSG00000253479	
LINC01600	1	ENSG00000164385	
NRG3-AS1	1	ENSG00000225738	
STAT1	1	ENSG00000115415	
STAT2	1	ENSG00000170581	
STAT3	1	ENSG00000168610	
CASTOR1	1	ENSG00000239282	
VENTXP1	1	ENSG00000259849	
C22orf15	1	ENSG00000169314	
ENSG00000284895	1	ENSG00000284895	
MICALL2-DT	1	ENSG00000225981	
HEYL	1	ENSG00000163909	
LRG1	1	ENSG00000171236	
CASTOR2	1	ENSG00000274070	
UBAP1	1	ENSG00000165006	
UBAP2	1	ENSG00000137073	
ERO1A	1	ENSG00000197930	
ERO1B	1	ENSG00000086619	
CCNT2	1	ENSG00000082258	
CCNT1	1	ENSG00000129315	
HEPHL1	1	ENSG00000181333	
PITX2	1	ENSG00000164093	
PITX1	1	ENSG00000069011	
PITX3	1	ENSG00000107859	
DSEL-AS1	1	ENSG00000265533	
MINAR1	1	ENSG00000169330	
MINAR2	1	ENSG00000186367	
KHNYN	1	ENSG00000100441	
ADCYAP1	1	ENSG00000141433	
FAM83C-AS1	1	ENSG00000235214	
ENSG00000269210	1	ENSG00000269210	
NPTXR	1	ENSG00000221890	
LINC01696	1	ENSG00000227940	
ENSG00000233288	1	ENSG00000233288	
LINC01697	1	ENSG00000232079	
LINC01698	1	ENSG00000231648	
LINC01699	1	ENSG00000179452	
PFKFB2	1	ENSG00000123836	
ARL9	1	ENSG00000196503	
PFKFB1	1	ENSG00000158571	
PFKFB4	1	ENSG00000114268	
PFKFB3	1	ENSG00000170525	
ARL6	1	ENSG00000113966	
ARL3	1	ENSG00000138175	
ARL1	1	ENSG00000120805	
ARL2	1	ENSG00000213465	
RAP1GAP	1	ENSG00000076864	
ENTREP2	1	ENSG00000104059	
ENTREP3	1	ENSG00000160767	
BCL2L12	1	ENSG00000126453	
BCL2L13	1	ENSG00000099968	
SBNO1	1	ENSG00000139697	
SBNO2	1	ENSG00000064932	
BCL2L10	1	ENSG00000137875	
BCL2L11	1	ENSG00000153094	
ATG101	1	ENSG00000123395	
PRKACB-DT	1	ENSG00000271576	
CPAMD8	1	ENSG00000160111	
ENSG00000284837	1	ENSG00000284837	
NPTX1	1	ENSG00000171246	
NPTX2	1	ENSG00000106236	
BCL2L14	1	ENSG00000121380	
BCL2L15	1	ENSG00000188761	
HTR3E-AS1	1	ENSG00000238020	
ENTREP1	1	ENSG00000135063	
MFHAS1	1	ENSG00000147324	
CNTNAP3	1	ENSG00000106714	
LINC01670	1	ENSG00000279094	
CNTNAP2	1	ENSG00000174469	
LINC01671	1	ENSG00000225431	
CNTNAP1	1	ENSG00000108797	
LINC01672	1	ENSG00000228750	
ENSG00000260850	1	ENSG00000260850	
NXT1	1	ENSG00000132661	
LINC01673	1	ENSG00000234052	
COX4I1	1	ENSG00000131143	
COX4I2	1	ENSG00000131055	
PIK3CD	1	ENSG00000171608	
PIK3CB	1	ENSG00000051382	
NXT2	1	ENSG00000101888	
ZNF628-DT	1	ENSG00000269859	
PIK3CG	1	ENSG00000105851	
MHENCR	1	ENSG00000232442	
EIF3CL	1	ENSG00000205609	
ENSG00000259868	1	ENSG00000259868	
LINC01668	1	ENSG00000283051	
LINC01664	1	ENSG00000235478	
ENSG00000272840	1	ENSG00000272840	
LINC01665	1	ENSG00000235343	
ENSG00000233230	1	ENSG00000233230	
LINC01666	1	ENSG00000279579	
LINC01661	1	ENSG00000237460	
ARNT	1	ENSG00000143437	
ENSG00000284830	1	ENSG00000284830	
PIK3CA	1	ENSG00000121879	
LINC01656	1	ENSG00000232655	
LINC01657	1	ENSG00000224718	
PIK3C3	1	ENSG00000078142	
LINC01659	1	ENSG00000234928	
ENTPD4-DT	1	ENSG00000253390	
LINC01653	1	ENSG00000232100	
CNTNAP5	1	ENSG00000155052	
LINC01654	1	ENSG00000261781	
CNTNAP4	1	ENSG00000152910	
LINC01655	1	ENSG00000227925	
LINC01692	1	ENSG00000226983	
ENSG00000233251	1	ENSG00000233251	
ENSG00000259881	1	ENSG00000259881	
FAM167A-AS1	1	ENSG00000184608	
LINC01694	1	ENSG00000233922	
LINC01695	1	ENSG00000236532	
LRP1	1	ENSG00000123384	
LINC01690	1	ENSG00000228961	
LINC01691	1	ENSG00000224857	
LRP5	1	ENSG00000162337	
LRP4	1	ENSG00000134569	
LRP3	1	ENSG00000130881	
LRP2	1	ENSG00000081479	
LRP8	1	ENSG00000157193	
LRP6	1	ENSG00000070018	
PRIMPOL	1	ENSG00000164306	
C5orf34-AS1	1	ENSG00000248554	
CNNM1	1	ENSG00000119946	
LINC01689	1	ENSG00000224832	
PCBD1	1	ENSG00000166228	
LACTBL1	1	ENSG00000215906	
PCBD2	1	ENSG00000132570	
CNNM2	1	ENSG00000148842	
LINC01685	1	ENSG00000238063	
CNNM3	1	ENSG00000168763	
LINC01686	1	ENSG00000261504	
CNNM4	1	ENSG00000158158	
LINC01687	1	ENSG00000233215	
LINC01688	1	ENSG00000227181	
LINC01681	1	ENSG00000233985	
LINC01682	1	ENSG00000227043	
METAP1D	1	ENSG00000172878	
LINC01683	1	ENSG00000233480	
LINC01684	1	ENSG00000237484	
ENSG00000260862	1	ENSG00000260862	
LINC01680	1	ENSG00000233882	
LINC01678	1	ENSG00000225331	
LINC01679	1	ENSG00000237989	
OTX2-AS1	1	ENSG00000248550	
LINC01674	1	ENSG00000228159	
LINC01675	1	ENSG00000234142	
LINC01676	1	ENSG00000230768	
LINC01677	1	ENSG00000233047	
EPHB6	1	ENSG00000106123	
EIF4A2	1	ENSG00000156976	
EIF4A1	1	ENSG00000161960	
TAS2R20	1	ENSG00000255837	
LRR1	1	ENSG00000165501	
EIF4A3	1	ENSG00000141543	
ULK4	1	ENSG00000168038	
TONSL	1	ENSG00000160949	
DNHD1	1	ENSG00000179532	
ARR3	1	ENSG00000120500	
NUBP1	1	ENSG00000103274	
NUBP2	1	ENSG00000095906	
BAIAP2L2	1	ENSG00000128298	
BAIAP2L1	1	ENSG00000006453	
MYOCOS	1	ENSG00000283683	
BCAP29	1	ENSG00000075790	
CCNL2	1	ENSG00000221978	
EPHB2	1	ENSG00000133216	
CCNL1	1	ENSG00000163660	
ACAD11	1	ENSG00000240303	
ACAD10	1	ENSG00000111271	
EPHB1	1	ENSG00000154928	
EPHB4	1	ENSG00000196411	
EPHB3	1	ENSG00000182580	
EPHA5	1	ENSG00000145242	
ARSA	1	ENSG00000100299	
EPHA4	1	ENSG00000116106	
EPHA7	1	ENSG00000135333	
EPHA6	1	ENSG00000080224	
EPHA8	1	ENSG00000070886	
TAS2R10	1	ENSG00000121318	
TAS2R13	1	ENSG00000212128	
TAS2R14	1	ENSG00000212127	
TAS2R16	1	ENSG00000128519	
TAS2R19	1	ENSG00000212124	
ENSG00000223884	1	ENSG00000223884	
ULK3	1	ENSG00000140474	
ULK2	1	ENSG00000083290	
ULK1	1	ENSG00000177169	
EPHA1	1	ENSG00000146904	
EPHA3	1	ENSG00000044524	
EPHA2	1	ENSG00000142627	
TAS2R40	1	ENSG00000221937	
TAS2R41	1	ENSG00000221855	
TAS2R42	1	ENSG00000186136	
TAS2R43	1	ENSG00000255374	
ENSG00000260832	1	ENSG00000260832	
PIK3R4	1	ENSG00000196455	
SUPT4H1	1	ENSG00000213246	
TAS2R46	1	ENSG00000226761	
PIK3R3	1	ENSG00000117461	
PIK3R2	1	ENSG00000105647	
PIK3R1	1	ENSG00000145675	
ART5	1	ENSG00000167311	
DGAT2-DT	1	ENSG00000247867	
ART3	1	ENSG00000156219	
PIK3R6	1	ENSG00000276231	
ART4	1	ENSG00000111339	
PIK3R5	1	ENSG00000141506	
ART1	1	ENSG00000129744	
RAB11FIP1	1	ENSG00000156675	
TESPA1	1	ENSG00000135426	
ARSL	1	ENSG00000157399	
PCBP3	1	ENSG00000183570	
PCBP4	1	ENSG00000090097	
MICAL1	1	ENSG00000135596	
PCBP1	1	ENSG00000169564	
ARSJ	1	ENSG00000180801	
ARSK	1	ENSG00000164291	
PCBP2	1	ENSG00000197111	
ARSH	1	ENSG00000205667	
ARSI	1	ENSG00000183876	
ARSF	1	ENSG00000062096	
ARSG	1	ENSG00000141337	
ARSD	1	ENSG00000006756	
RAB11FIP2	1	ENSG00000107560	
N4BP3	1	ENSG00000145911	
N4BP2	1	ENSG00000078177	
RAB11FIP3	1	ENSG00000090565	
N4BP1	1	ENSG00000102921	
ARSB	1	ENSG00000113273	
RAB11FIP4	1	ENSG00000131242	
CLHC1	1	ENSG00000162994	
RAB11FIP5	1	ENSG00000135631	
WWTR1	1	ENSG00000018408	
TAS2R30	1	ENSG00000256188	
TAS2R31	1	ENSG00000256436	
ENSG00000198358	1	ENSG00000198358	
MICAL3	1	ENSG00000243156	
MICAL2	1	ENSG00000133816	
TAS2R38	1	ENSG00000257138	
TAS2R39	1	ENSG00000236398	
LOC105370409	1	ENSG00000258464	
ZBED5-AS1	1	ENSG00000247271	
ARTN	1	ENSG00000117407	
TBX3-AS1	1	ENSG00000257817	
ENSG00000233223	1	ENSG00000233223	
CCNJL	1	ENSG00000135083	
TAS2R60	1	ENSG00000185899	
CETN1	1	ENSG00000177143	
CETN2	1	ENSG00000147400	
CETN3	1	ENSG00000153140	
ARV1	1	ENSG00000173409	
STBD1	1	ENSG00000118804	
NCOA1	1	ENSG00000084676	
NCOA2	1	ENSG00000140396	
TAS2R50	1	ENSG00000212126	
NCOA5	1	ENSG00000124160	
NCOA6	1	ENSG00000198646	
NCOA3	1	ENSG00000124151	
NCOA4	1	ENSG00000266412	
VSNL1	1	ENSG00000163032	
BANK1	1	ENSG00000153064	
CCNI2	1	ENSG00000205089	
NCOA7	1	ENSG00000111912	
RRM1-AS1	1	ENSG00000255276	
CRELD1	1	ENSG00000163703	
CRELD2	1	ENSG00000184164	
SFI1	1	ENSG00000198089	
ITFG1-AS1	1	ENSG00000260281	
LIPE-AS1	1	ENSG00000213904	
DEFB129	1	ENSG00000125903	
DEFB128	1	ENSG00000185982	
DEFB127	1	ENSG00000088782	
DEFB126	1	ENSG00000125788	
DEFB125	1	ENSG00000178591	
ENSG00000235834	1	ENSG00000235834	
DEFB124	1	ENSG00000180383	
DEFB123	1	ENSG00000180424	
ENSG00000247810	1	ENSG00000247810	
DEFB121	1	ENSG00000204548	
SAMM50	1	ENSG00000100347	
BCAP31	1	ENSG00000185825	
NUBPL	1	ENSG00000151413	
DEFB136	1	ENSG00000205884	
DEFB135	1	ENSG00000205883	
DEFB134	1	ENSG00000205882	
DEFB133	1	ENSG00000214643	
DEFB132	1	ENSG00000186458	
CCNG2	1	ENSG00000138764	
LKAAEAR1	1	ENSG00000171695	
CCNG1	1	ENSG00000113328	
AUNIP	1	ENSG00000127423	
TARDBP	1	ENSG00000120948	
KLHL36	1	ENSG00000135686	
KLHL38	1	ENSG00000175946	
INPP5B-AS1	1	ENSG00000230955	
KLHL32	1	ENSG00000186231	
KLHL33	1	ENSG00000185271	
KLHL34	1	ENSG00000185915	
KLHL35	1	ENSG00000149243	
KLHL30	1	ENSG00000168427	
MON2-AS1	1	ENSG00000257568	
KLHL31	1	ENSG00000124743	
CCND3	1	ENSG00000112576	
CCND2	1	ENSG00000118971	
CCND1	1	ENSG00000110092	
BANF1	1	ENSG00000175334	
BANF2	1	ENSG00000125888	
PDGFRB	1	ENSG00000113721	
PDGFRA	1	ENSG00000134853	
NUP133-DT	1	ENSG00000223635	
HFM1	1	ENSG00000162669	
CYBB	1	ENSG00000165168	
IGHV1-12	1	ENSG00000254174	
CYBA	1	ENSG00000051523	
IGHV1-14	1	ENSG00000253709	
KLHL40	1	ENSG00000157119	
PDGFRL	1	ENSG00000104213	
KLHL41	1	ENSG00000239474	
IGHV1-17	1	ENSG00000254046	
KLHL42	1	ENSG00000087448	
IGHV1-18	1	ENSG00000211945	
PROCR	1	ENSG00000101000	
CCNE2	1	ENSG00000175305	
CCNE1	1	ENSG00000105173	
KLHL18	1	ENSG00000114648	
KLHL14	1	ENSG00000197705	
KLHL15	1	ENSG00000174010	
KLHL17	1	ENSG00000187961	
KLHL10	1	ENSG00000161594	
KLHL11	1	ENSG00000178502	
KLHL12	1	ENSG00000117153	
KLHL13	1	ENSG00000003096	
CCNB3	1	ENSG00000147082	
PTPRG-AS1	1	ENSG00000241472	
CCNB2	1	ENSG00000157456	
CCNB1	1	ENSG00000134057	
BRINP2	1	ENSG00000198797	
BRINP1	1	ENSG00000078725	
CYC1	1	ENSG00000179091	
PRODH	1	ENSG00000100033	
BRINP3	1	ENSG00000162670	
BANCR	1	ENSG00000278910	
KLHL29	1	ENSG00000119771	
FBXO34-AS1	1	ENSG00000258413	
KLHL25	1	ENSG00000183655	
KLHL26	1	ENSG00000167487	
KLHL28	1	ENSG00000179454	
KLHL21	1	ENSG00000162413	
KLHL22	1	ENSG00000099910	
KLHL23	1	ENSG00000213160	
KLHL24	1	ENSG00000114796	
KLHL20	1	ENSG00000076321	
ABHD12B	1	ENSG00000131969	
C9orf131	1	ENSG00000174038	
APPBP2	1	ENSG00000062725	
CYCS	1	ENSG00000172115	
DPYD-AS1	1	ENSG00000232878	
GABRG3-AS1	1	ENSG00000228740	
DPYD-AS2	1	ENSG00000235777	
LGALS3BP	1	ENSG00000108679	
YWHAE	1	ENSG00000108953	
VPS33B-DT	1	ENSG00000214432	
MCUR1	1	ENSG00000050393	
YWHAB	1	ENSG00000166913	
ARHGEF2-AS1	1	ENSG00000224276	
YWHAQ	1	ENSG00000134308	
SFR1	1	ENSG00000156384	
ABHD16A	1	ENSG00000204427	
PHLDA1-AS1	1	ENSG00000257453	
ARHGEF2-AS2	1	ENSG00000273002	
YWHAG	1	ENSG00000170027	
YWHAH	1	ENSG00000128245	
DDX59-AS1	1	ENSG00000260088	
TBC1D8	1	ENSG00000204634	
TBC1D9	1	ENSG00000109436	
ABHD14B	1	ENSG00000114779	
UBE2QL1	1	ENSG00000215218	
ABHD14A	1	ENSG00000248487	
YWHAZ	1	ENSG00000164924	
CCNA2	1	ENSG00000145386	
C9orf152	1	ENSG00000188959	
TBC1D1	1	ENSG00000065882	
CCNA1	1	ENSG00000133101	
TBC1D2	1	ENSG00000095383	
SFPQ	1	ENSG00000116560	
C9orf153	1	ENSG00000187753	
TBC1D3	1	ENSG00000274611	
TBC1D4	1	ENSG00000136111	
TBC1D5	1	ENSG00000131374	
TBC1D7	1	ENSG00000145979	
ATF6-DT	1	ENSG00000226889	
CLASP1-AS1	1	ENSG00000265451	
RRBP1	1	ENSG00000125844	
ABHD17C	1	ENSG00000136379	
CYGB	1	ENSG00000161544	
C9orf163	1	ENSG00000196366	
SMYD3-IT1	1	ENSG00000230184	
ABHD16B	1	ENSG00000183260	
ACTA2-AS1	1	ENSG00000180139	
PROB1	1	ENSG00000228672	
ABHD17B	1	ENSG00000107362	
ABHD17A	1	ENSG00000129968	
ASB8	1	ENSG00000177981	
ASB9	1	ENSG00000102048	
ASB6	1	ENSG00000148331	
ASB7	1	ENSG00000183475	
ASB4	1	ENSG00000005981	
QRICH1	1	ENSG00000198218	
ATP1B3-AS1	1	ENSG00000244124	
QRICH2	1	ENSG00000129646	
ASB5	1	ENSG00000164122	
ASB2	1	ENSG00000100628	
ASB3	1	ENSG00000115239	
ASB1	1	ENSG00000065802	
MAML2	1	ENSG00000184384	
MAML1	1	ENSG00000161021	
MYT1L	1	ENSG00000186487	
THYN1	1	ENSG00000151500	
ZNG1F	1	ENSG00000215126	
LINC01506	1	ENSG00000234506	
PRR20G	1	ENSG00000239620	
LINC01507	1	ENSG00000230945	
LINC01508	1	ENSG00000231107	
LINC01509	1	ENSG00000226825	
PRR20C	1	ENSG00000229665	
LINC01502	1	ENSG00000237339	
PRR20B	1	ENSG00000204918	
LINC01503	1	ENSG00000233901	
LINC01504	1	ENSG00000225434	
PRR20E	1	ENSG00000234278	
ZNG1A	1	ENSG00000172785	
PRR20D	1	ENSG00000227151	
LINC01505	1	ENSG00000234323	
ZNG1B	1	ENSG00000136682	
ZNG1C	1	ENSG00000196873	
PRR20A	1	ENSG00000204919	
LINC01500	1	ENSG00000258583	
ZNG1E	1	ENSG00000147996	
LINC01501	1	ENSG00000229613	
WSB1	1	ENSG00000109046	
WSB2	1	ENSG00000176871	
IFT80	1	ENSG00000068885	
EPIST	1	ENSG00000249082	
IGHD3OR15-3A	1	ENSG00000282520	
LASTR	1	ENSG00000242147	
IFT88	1	ENSG00000032742	
EOLA2-DT	1	ENSG00000235703	
ZSCAN16-AS1	1	ENSG00000269293	
IFT81	1	ENSG00000122970	
IGHD3OR15-3B	1	ENSG00000282089	
MAML3	1	ENSG00000196782	
UBA52	1	ENSG00000221983	
NEDD4L	1	ENSG00000049759	
DNAJA2-DT	1	ENSG00000261173	
ATXN7L3B	1	ENSG00000253719	
LINC01524	1	ENSG00000234948	
LINC01525	1	ENSG00000235202	
LINC01526	1	ENSG00000224995	
LINC01527	1	ENSG00000224308	
LINC01520	1	ENSG00000230962	
LINC01521	1	ENSG00000213888	
LINC01522	1	ENSG00000237423	
LINC01523	1	ENSG00000229522	
RNASE11	1	ENSG00000173464	
RNASE10	1	ENSG00000182545	
RNASE13	1	ENSG00000206150	
RNASE12	1	ENSG00000258436	
CYLD	1	ENSG00000083799	
FA2H	1	ENSG00000103089	
LINC01517	1	ENSG00000232624	
LINC01518	1	ENSG00000233515	
LINC01519	1	ENSG00000237267	
LINC01513	1	ENSG00000246016	
LINC01514	1	ENSG00000237579	
LINC01515	1	ENSG00000228065	
LINC01516	1	ENSG00000231422	
LINC01511	1	ENSG00000250584	
MIR5689HG	1	ENSG00000229401	
SLC2A14	1	ENSG00000173262	
SLC2A11	1	ENSG00000133460	
SLC2A10	1	ENSG00000197496	
SLC2A13	1	ENSG00000151229	
SLC2A12	1	ENSG00000146411	
FN3KRP	1	ENSG00000141560	
BARX1-DT	1	ENSG00000235601	
LSG1	1	ENSG00000041802	
SLCO4A1	1	ENSG00000101187	
PRR23E	1	ENSG00000214324	
PRR23B	1	ENSG00000184814	
PRR23A	1	ENSG00000206260	
PRR23C	1	ENSG00000233701	
NPSR1	1	ENSG00000187258	
PLPPR1	1	ENSG00000148123	
PLPPR2	1	ENSG00000105520	
PLPPR3	1	ENSG00000129951	
PLPPR4	1	ENSG00000117600	
ANKRD55	1	ENSG00000164512	
ASIP	1	ENSG00000101440	
PLPPR5	1	ENSG00000117598	
ANKRD53	1	ENSG00000144031	
ANKRD54	1	ENSG00000100124	
ANKRD52	1	ENSG00000139645	
ANKRD50	1	ENSG00000151458	
ANKRD66	1	ENSG00000230062	
ERP44	1	ENSG00000023318	
ZNFX1	1	ENSG00000124201	
SLCO4C1	1	ENSG00000173930	
ANKRD65	1	ENSG00000235098	
ANKRD62	1	ENSG00000181626	
HMGA1P4	1	ENSG00000234705	
ANKRD63	1	ENSG00000230778	
ANKRD60	1	ENSG00000124227	
ANKRD61	1	ENSG00000157999	
ANKRD39	1	ENSG00000213337	
LINC01593	1	ENSG00000231221	
LINC01594	1	ENSG00000225328	
ENSG00000233393	1	ENSG00000233393	
ANKRD37	1	ENSG00000186352	
IGHVIII-26-1	1	ENSG00000253462	
LINC01595	1	ENSG00000259108	
LINC01596	1	ENSG00000250666	
ANKRD35	1	ENSG00000198483	
ANKRD36	1	ENSG00000135976	
ANKRD33	1	ENSG00000167612	
LINC01591	1	ENSG00000254083	
LINC01592	1	ENSG00000253658	
DACH2	1	ENSG00000126733	
DACH1	1	ENSG00000276644	
NAGLU	1	ENSG00000108784	
GRB14	1	ENSG00000115290	
GRAP2	1	ENSG00000100351	
CDC42EP3-AS1	1	ENSG00000236213	
GRB10	1	ENSG00000106070	
ANKRD31	1	ENSG00000145700	
MAGI1-AS1	1	ENSG00000240175	
SIRLNT	1	ENSG00000253802	
LINC01586	1	ENSG00000249487	
LINC01587	1	ENSG00000082929	
LINC01588	1	ENSG00000214900	
CD177	1	ENSG00000204936	
LINC01589	1	ENSG00000238120	
LINC01582	1	ENSG00000259611	
LINC01583	1	ENSG00000259518	
LINC01584	1	ENSG00000260477	
ANKRD49	1	ENSG00000168876	
DEFB119	1	ENSG00000180483	
LINC01585	1	ENSG00000245479	
DEFB118	1	ENSG00000131068	
ANKRD46	1	ENSG00000186106	
ANKRD44	1	ENSG00000065413	
DEFB116	1	ENSG00000215545	
LINC01580	1	ENSG00000258785	
CD180	1	ENSG00000134061	
ANKRD45	1	ENSG00000183831	
DEFB115	1	ENSG00000215547	
LINC01581	1	ENSG00000259724	
DEFB114	1	ENSG00000177684	
MAMDC2-AS1	1	ENSG00000204706	
DEFB113	1	ENSG00000214642	
DEFB112	1	ENSG00000180872	
CYS1	1	ENSG00000205795	
DEFB110	1	ENSG00000203970	
CLIP3	1	ENSG00000105270	
BSCL2	1	ENSG00000168000	
CLIP2	1	ENSG00000106665	
CLIP1	1	ENSG00000130779	
CLIP4	1	ENSG00000115295	
ERP29	1	ENSG00000089248	
ANKRD42	1	ENSG00000137494	
LINC01579	1	ENSG00000258754	
ERP27	1	ENSG00000139055	
ANKRD40	1	ENSG00000154945	
GRAPL	1	ENSG00000189152	
MED4-AS1	1	ENSG00000229111	
ANKRD17	1	ENSG00000132466	
ANKRD16	1	ENSG00000134461	
CD151	1	ENSG00000177697	
ANKRD11	1	ENSG00000167522	
ANKRD12	1	ENSG00000101745	
ASMT	1	ENSG00000196433	
ASXL3-DT	1	ENSG00000267642	
NAALADL2-AS2	1	ENSG00000226779	
ANKRD10	1	ENSG00000088448	
NAALADL2-AS3	1	ENSG00000230292	
NAALADL2-AS1	1	ENSG00000225552	
ANKRD28	1	ENSG00000206560	
CD164	1	ENSG00000135535	
ANKRD29	1	ENSG00000154065	
ANKRD26	1	ENSG00000107890	
CD163	1	ENSG00000177575	
ANKRD27	1	ENSG00000105186	
IFTAP	1	ENSG00000166352	
ANKRD24	1	ENSG00000089847	
CD160	1	ENSG00000117281	
ANKRD22	1	ENSG00000152766	
ANKRD23	1	ENSG00000163126	
LSM1	1	ENSG00000175324	
ASNS	1	ENSG00000070669	
ENSG00000284976	1	ENSG00000284976	
LSM5	1	ENSG00000106355	
LSM4	1	ENSG00000130520	
LSM3	1	ENSG00000170860	
LSM2	1	ENSG00000204392	
CNOT4	1	ENSG00000080802	
LSM8	1	ENSG00000128534	
CNOT6	1	ENSG00000113300	
LSM7	1	ENSG00000130332	
LSM6	1	ENSG00000164167	
CNOT7	1	ENSG00000198791	
CNOT1	1	ENSG00000125107	
CNOT2	1	ENSG00000111596	
CNOT3	1	ENSG00000088038	
CNOT8	1	ENSG00000155508	
LINC01597	1	ENSG00000205611	
EIF4G3	1	ENSG00000075151	
CNOT9	1	ENSG00000144580	
EIF4G2	1	ENSG00000110321	
EIF4G1	1	ENSG00000114867	
DPP10	1	ENSG00000175497	
LINC01550	1	ENSG00000246223	
LINC01551	1	ENSG00000186960	
EIF4E3	1	ENSG00000163412	
LSP1	1	ENSG00000130592	
NAGPA	1	ENSG00000103174	
SGCE	1	ENSG00000127990	
SGCD	1	ENSG00000170624	
SGCA	1	ENSG00000108823	
SGCB	1	ENSG00000163069	
LINC01546	1	ENSG00000228459	
LINC01547	1	ENSG00000183250	
LINC01548	1	ENSG00000229086	
LINC01549	1	ENSG00000232560	
LINC01543	1	ENSG00000263862	
SGCG	1	ENSG00000102683	
LINC01544	1	ENSG00000260440	
LINC01545	1	ENSG00000204904	
LINC01541	1	ENSG00000260676	
ELOA-AS1	1	ENSG00000236810	
ENSG00000284954	1	ENSG00000284954	
ASPN	1	ENSG00000106819	
ASPM	1	ENSG00000066279	
ETV3L	1	ENSG00000253831	
ASPH	1	ENSG00000198363	
LINC01539	1	ENSG00000267712	
ASPG	1	ENSG00000166183	
LINC01535	1	ENSG00000226686	
LINC01537	1	ENSG00000227467	
ENSG00000260958	1	ENSG00000260958	
LINC01538	1	ENSG00000266952	
EIF4E2	1	ENSG00000135930	
LINC01531	1	ENSG00000205786	
ASPA	1	ENSG00000108381	
LINC01532	1	ENSG00000267014	
LINC01533	1	ENSG00000267779	
ENSG00000272970	1	ENSG00000272970	
NLGN3	1	ENSG00000196338	
MIR155HG	1	ENSG00000234883	
LINC01571	1	ENSG00000260057	
LINC01572	1	ENSG00000261008	
NLGN1	1	ENSG00000169760	
NLGN2	1	ENSG00000169992	
LINC01574	1	ENSG00000248859	
ENSG00000260995	1	ENSG00000260995	
LINC01570	1	ENSG00000260338	
PKP4-AS1	1	ENSG00000204380	
EEIG2	1	ENSG00000162636	
LINC01568	1	ENSG00000258779	
ENSG00000260989	1	ENSG00000260989	
LINC01569	1	ENSG00000262468	
IGHV8-51-1	1	ENSG00000254167	
WASF1	1	ENSG00000112290	
LINC01564	1	ENSG00000235899	
WASF2	1	ENSG00000158195	
LINC01565	1	ENSG00000198685	
WASF3	1	ENSG00000132970	
LINC01566	1	ENSG00000259841	
EEIG1	1	ENSG00000167106	
LINC01567	1	ENSG00000224310	
LINC01560	1	ENSG00000196741	
LINC01561	1	ENSG00000177234	
LINC01562	1	ENSG00000203356	
LINC01563	1	ENSG00000236819	
ENSG00000284934	1	ENSG00000284934	
SGCZ	1	ENSG00000185053	
ENSG00000284930	1	ENSG00000284930	
ASS1	1	ENSG00000130707	
LINC01558	1	ENSG00000146521	
LINC01559	1	ENSG00000180861	
RHEBL1	1	ENSG00000167550	
LINC01553	1	ENSG00000235931	
LINC01554	1	ENSG00000236882	
LINC01555	1	ENSG00000180869	
LINC01556	1	ENSG00000204709	
STEEP1	1	ENSG00000018610	
FAAH	1	ENSG00000117480	
LST1	1	ENSG00000204482	
UMAD1	1	ENSG00000219545	
HGH1	1	ENSG00000235173	
ENSG00000235978	1	ENSG00000235978	
PKD2L1	1	ENSG00000107593	
PKD2L2	1	ENSG00000078795	
NADSYN1	1	ENSG00000172890	
ENSG00000260926	1	ENSG00000260926	
HEXD-IT1	1	ENSG00000279066	
PLCXD2-AS1	1	ENSG00000240766	
ITGB2-AS1	1	ENSG00000227039	
IGHVII-30-21	1	ENSG00000283607	
CYP27A1	1	ENSG00000135929	
RRAGA	1	ENSG00000155876	
RRAGC	1	ENSG00000116954	
ASTL	1	ENSG00000188886	
RRAGB	1	ENSG00000083750	
CD109	1	ENSG00000156535	
RRAGD	1	ENSG00000025039	
VDAC3	1	ENSG00000078668	
VDAC2	1	ENSG00000165637	
VDAC1	1	ENSG00000213585	
EPIC1	1	ENSG00000224271	
CD101	1	ENSG00000134256	
ENSG00000260917	1	ENSG00000260917	
ENSG00000260951	1	ENSG00000260951	
EIF5A2	1	ENSG00000163577	
CD99L2	1	ENSG00000102181	
UMOD	1	ENSG00000169344	
ATP13A5-AS1	1	ENSG00000236508	
CYP27B1	1	ENSG00000111012	
DGUOK	1	ENSG00000114956	
NUAK1	1	ENSG00000074590	
NUAK2	1	ENSG00000163545	
FADD	1	ENSG00000168040	
ENSG00000233332	1	ENSG00000233332	
ENSG00000259961	1	ENSG00000259961	
ZRSR2	1	ENSG00000169249	
SIAH3	1	ENSG00000215475	
SIAH2	1	ENSG00000181788	
SIAH1	1	ENSG00000196470	
ACADSB	1	ENSG00000196177	
UBAC1	1	ENSG00000130560	
UBAC2	1	ENSG00000134882	
SCARNA9	1	ENSG00000254911	
STAG1	1	ENSG00000118007	
CYP27C1	1	ENSG00000186684	
STAG2	1	ENSG00000101972	
LRRC7-AS1	1	ENSG00000237919	
STAG3	1	ENSG00000066923	
ALDH18A1	1	ENSG00000059573	
ENSG00000260937	1	ENSG00000260937	
CLIC6	1	ENSG00000159212	
GIHCG	1	ENSG00000257698	
CLIC5	1	ENSG00000112782	
CLIC4	1	ENSG00000169504	
CLIC3	1	ENSG00000169583	
TTN-AS1	1	ENSG00000237298	
FASTKD1	1	ENSG00000138399	
FASTKD2	1	ENSG00000118246	
FASTKD3	1	ENSG00000124279	
FAF1	1	ENSG00000185104	
FAF2	1	ENSG00000113194	
STAB2	1	ENSG00000136011	
IGLVVI-22-1	1	ENSG00000253546	
IGLV7-46	1	ENSG00000211649	
STAB1	1	ENSG00000010327	
CLIC2	1	ENSG00000155962	
CLIC1	1	ENSG00000213719	
MAP4K1	1	ENSG00000104814	
PRMT6	1	ENSG00000198890	
PRMT5	1	ENSG00000100462	
MAP4K2	1	ENSG00000168067	
MANBA	1	ENSG00000109323	
PRMT8	1	ENSG00000111218	
PRMT7	1	ENSG00000132600	
PRMT2	1	ENSG00000160310	
PRMT1	1	ENSG00000126457	
PRMT3	1	ENSG00000185238	
NAALADL2	1	ENSG00000177694	
NAALADL1	1	ENSG00000168060	
FASTKD5	1	ENSG00000215251	
KPNB1-DT	1	ENSG00000263766	
SGK3	1	ENSG00000104205	
UMPS	1	ENSG00000114491	
SGK1	1	ENSG00000118515	
LINC01498	1	ENSG00000247213	
SGK2	1	ENSG00000101049	
PRMT9	1	ENSG00000164169	
ENSG00000223969	1	ENSG00000223969	
LINC01499	1	ENSG00000255171	
LYZL1	1	ENSG00000120563	
LYZL2	1	ENSG00000151033	
LYZL4	1	ENSG00000157093	
LYZL6	1	ENSG00000275722	
TRAPPC12-AS1	1	ENSG00000225234	
ASZ1	1	ENSG00000154438	
DNAJC5G	1	ENSG00000163793	
MAP4K5	1	ENSG00000012983	
MPZL3	1	ENSG00000160588	
MAP4K3	1	ENSG00000011566	
MPZL1	1	ENSG00000197965	
THRB-AS1	1	ENSG00000228791	
MAP4K4	1	ENSG00000071054	
MPZL2	1	ENSG00000149573	
DNAJC5B	1	ENSG00000147570	
STAC3	1	ENSG00000185482	
C2-AS1	1	ENSG00000281756	
STAC2	1	ENSG00000141750	
TOMM7	1	ENSG00000196683	
TOMM5	1	ENSG00000175768	
TOMM6	1	ENSG00000214736	
RBFADN	1	ENSG00000261126	
PCAT4	1	ENSG00000251321	
ARID4A	1	ENSG00000032219	
PCAT5	1	ENSG00000280719	
ARID4B	1	ENSG00000054267	
MANEA	1	ENSG00000172469	
PCAT1	1	ENSG00000253438	
PTTG1	1	ENSG00000164611	
PTTG2	1	ENSG00000250254	
PCAT6	1	ENSG00000228288	
PCAT7	1	ENSG00000231806	
UNC5CL	1	ENSG00000124602	
IGLV8OR8-1	1	ENSG00000215177	
ARID5A	1	ENSG00000196843	
ARID5B	1	ENSG00000150347	
CGRRF1	1	ENSG00000100532	
SGO1	1	ENSG00000129810	
SGO2	1	ENSG00000163535	
CCDC28A-AS1	1	ENSG00000279968	
DNAJC30	1	ENSG00000176410	
STAM2	1	ENSG00000115145	
FAIM	1	ENSG00000158234	
TOMM20L-DT	1	ENSG00000258658	
DNAJC22	1	ENSG00000178401	
DNAJC24	1	ENSG00000170946	
DNAJC25	1	ENSG00000059769	
DNAJC27	1	ENSG00000115137	
DNAJC28	1	ENSG00000177692	
ASIC4	1	ENSG00000072182	
GRAMD1A-AS1	1	ENSG00000269303	
ASIC5	1	ENSG00000256394	
SOHLH1	1	ENSG00000165643	
SOHLH2	1	ENSG00000120669	
DNAJC21	1	ENSG00000168724	
STAP1	1	ENSG00000035720	
STAP2	1	ENSG00000178078	
ASIC2	1	ENSG00000108684	
ASIC3	1	ENSG00000213199	
ASIC1	1	ENSG00000110881	
IGKV2-40	1	ENSG00000273962	
DNAJC19	1	ENSG00000205981	
EPHX2	1	ENSG00000120915	
EPHX1	1	ENSG00000143819	
DNAJC11	1	ENSG00000007923	
EPHX4	1	ENSG00000172031	
EPHX3	1	ENSG00000105131	
DNAJC12	1	ENSG00000108176	
DNAJC13	1	ENSG00000138246	
DNAJC14	1	ENSG00000135392	
IGLV7-43	1	ENSG00000211652	
DNAJC15	1	ENSG00000120675	
DNAJC16	1	ENSG00000116138	
DNAJC17	1	ENSG00000104129	
ERVK3-1	1	ENSG00000142396	
DNAJC18	1	ENSG00000170464	
MANCR	1	ENSG00000231298	
IGLV7-35	1	ENSG00000253631	
DNAJC10	1	ENSG00000077232	
ACADVL	1	ENSG00000072778	
MCTP1	1	ENSG00000175471	
SGSH	1	ENSG00000181523	
KRT10-AS1	1	ENSG00000167920	
NETO1	1	ENSG00000166342	
IGKV2-29	1	ENSG00000253998	
IGKV2-28	1	ENSG00000244116	
ENOSF1	1	ENSG00000132199	
IGKV2-26	1	ENSG00000254098	
IGKV2-24	1	ENSG00000241294	
IGKV2-23	1	ENSG00000253625	
HIBCH	1	ENSG00000198130	
EML6-AS1	1	ENSG00000231334	
ARID1A	1	ENSG00000117713	
ARID1B	1	ENSG00000049618	
LATS1	1	ENSG00000131023	
LATS2	1	ENSG00000150457	
EHHADH	1	ENSG00000113790	
IGKV2-38	1	ENSG00000253592	
PTPRT-DT	1	ENSG00000233508	
IGKV2-36	1	ENSG00000253487	
MCTP2	1	ENSG00000140563	
FAN1	1	ENSG00000198690	
IGKV2-30	1	ENSG00000243238	
CZIB	1	ENSG00000162384	
ATE1	1	ENSG00000107669	
WTAP	1	ENSG00000146457	
SGTB	1	ENSG00000197860	
SGTA	1	ENSG00000104969	
PCARE	1	ENSG00000179270	
DTNBP1	1	ENSG00000047579	
ARID3A	1	ENSG00000116017	
ARID3B	1	ENSG00000179361	
ARID3C	1	ENSG00000205143	
PTCHD1-AS	1	ENSG00000233067	
SH3YL1	1	ENSG00000035115	
IGKV2-19	1	ENSG00000253732	
IGKV2-18	1	ENSG00000254157	
IGKV2-14	1	ENSG00000253265	
LTBR	1	ENSG00000111321	
IGKV2-10	1	ENSG00000253278	
ATF1	1	ENSG00000123268	
ATF2	1	ENSG00000115966	
MT-CO1	1	ENSG00000198804	
TRAJ46	1	ENSG00000211843	
ENDOU	1	ENSG00000111405	
TRAJ45	1	ENSG00000211844	
ENDOV	1	ENSG00000173818	
TRAJ48	1	ENSG00000211841	
TRAJ47	1	ENSG00000211842	
TRAJ49	1	ENSG00000211840	
TRAJ40	1	ENSG00000211849	
FOXO3B	1	ENSG00000240445	
SUPT20H	1	ENSG00000102710	
TRAJ42	1	ENSG00000211847	
TRAJ41	1	ENSG00000211848	
TRAJ44	1	ENSG00000211845	
TRAJ43	1	ENSG00000211846	
ATG3	1	ENSG00000144848	
ENDOG	1	ENSG00000167136	
CD2AP	1	ENSG00000198087	
TRAJ35	1	ENSG00000211854	
TRAJ34	1	ENSG00000211855	
TRAJ37	1	ENSG00000278661	
TRAJ36	1	ENSG00000276699	
TRAJ39	1	ENSG00000211850	
TRAJ38	1	ENSG00000211851	
ATF7	1	ENSG00000170653	
FAR1	1	ENSG00000197601	
MT-CO2	1	ENSG00000198712	
FAR2	1	ENSG00000064763	
MT-CO3	1	ENSG00000198938	
ATF5	1	ENSG00000169136	
TRAJ31	1	ENSG00000211858	
SLC6A1-AS1	1	ENSG00000232287	
ATF6	1	ENSG00000118217	
TRAJ30	1	ENSG00000211859	
ATF3	1	ENSG00000162772	
TRAJ33	1	ENSG00000211856	
ATF4	1	ENSG00000128272	
TRAJ32	1	ENSG00000211857	
TRAJ24	1	ENSG00000211865	
EPB41L5	1	ENSG00000115109	
TRAJ23	1	ENSG00000211866	
TRAJ26	1	ENSG00000211863	
TRAJ25	1	ENSG00000211864	
TRAJ28	1	ENSG00000211861	
EPB41L1	1	ENSG00000088367	
TRAJ27	1	ENSG00000211862	
DNPEP-AS1	1	ENSG00000229525	
EPB41L2	1	ENSG00000079819	
EPB41L3	1	ENSG00000082397	
TRAJ29	1	ENSG00000211860	
PIP5K1A	1	ENSG00000143398	
PIP5K1B	1	ENSG00000107242	
PIP5K1C	1	ENSG00000186111	
TRAJ20	1	ENSG00000211869	
ATG7	1	ENSG00000197548	
TRAJ22	1	ENSG00000211867	
TGFA-IT1	1	ENSG00000224606	
ATG5	1	ENSG00000057663	
TRAJ21	1	ENSG00000211868	
VANGL1	1	ENSG00000173218	
TRAJ13	1	ENSG00000211876	
TRAJ12	1	ENSG00000211877	
VANGL2	1	ENSG00000162738	
TRAJ14	1	ENSG00000211875	
TRAJ17	1	ENSG00000211872	
PRXL2A	1	ENSG00000122378	
TRAJ16	1	ENSG00000211873	
TRIM7-AS2	1	ENSG00000250222	
PRXL2B	1	ENSG00000157870	
FASN	1	ENSG00000169710	
TRAJ19	1	ENSG00000211870	
PRXL2C	1	ENSG00000158122	
TRAJ18	1	ENSG00000211871	
FAT1	1	ENSG00000083857	
FAT2	1	ENSG00000086570	
PYDC1	1	ENSG00000169900	
FAT3	1	ENSG00000165323	
TRIM7-AS1	1	ENSG00000250900	
PYDC2	1	ENSG00000253548	
FAT4	1	ENSG00000196159	
TRAJ11	1	ENSG00000211878	
TRAJ10	1	ENSG00000211879	
BHLHE41	1	ENSG00000123095	
SMPD3	1	ENSG00000103056	
SMPD2	1	ENSG00000135587	
PINK1-AS	1	ENSG00000117242	
SMPD4	1	ENSG00000136699	
ATIC	1	ENSG00000138363	
SMPD1	1	ENSG00000166311	
ENOPH1	1	ENSG00000145293	
MIR646HG	1	ENSG00000228340	
GTSE1-DT	1	ENSG00000277232	
CYP21A2	1	ENSG00000231852	
ATL3	1	ENSG00000184743	
FAXC	1	ENSG00000146267	
ATL1	1	ENSG00000198513	
ATL2	1	ENSG00000119787	
CNPY4	1	ENSG00000166997	
CSGALNACT2-DT	1	ENSG00000273008	
C4orf3	1	ENSG00000164096	
EMC1-AS1	1	ENSG00000230424	
UNCX	1	ENSG00000164853	
WTIP	1	ENSG00000142279	
MPV17L	1	ENSG00000156968	
ATN1	1	ENSG00000111676	
LTN1	1	ENSG00000198862	
MAGEA6-DT	1	ENSG00000286051	
HHAT	1	ENSG00000054392	
EIF1AY	1	ENSG00000198692	
EIF1AX	1	ENSG00000173674	
RAD21L1	1	ENSG00000244588	
ADIPOQ	1	ENSG00000181092	
CNPY1	1	ENSG00000146910	
CNPY2	1	ENSG00000257727	
CNPY3	1	ENSG00000137161	
HNF1A-AS1	1	ENSG00000241388	
IGHV3-33-2	1	ENSG00000253440	
SHC4	1	ENSG00000185634	
LINC01010	1	ENSG00000236700	
CD274	1	ENSG00000120217	
LINC01011	1	ENSG00000244041	
SHC2	1	ENSG00000129946	
LINC01012	1	ENSG00000281706	
SHC3	1	ENSG00000148082	
LINC01013	1	ENSG00000228495	
SHC1	1	ENSG00000160691	
EIF1AD	1	ENSG00000175376	
EIF4EBP1	1	ENSG00000187840	
LINC01007	1	ENSG00000233123	
EIF4EBP2	1	ENSG00000148730	
EIF4EBP3	1	ENSG00000243056	
LINC01003	1	ENSG00000261455	
LINC01004	1	ENSG00000228393	
LINC01005	1	ENSG00000228564	
CD276	1	ENSG00000103855	
LINC01001	1	ENSG00000230724	
LINC01002	1	ENSG00000282508	
MFSD6L	1	ENSG00000185156	
LTO1	1	ENSG00000149716	
DPH6-DT	1	ENSG00000248079	
SHBG	1	ENSG00000129214	
MT-CYB	1	ENSG00000198727	
OR7A10	1	ENSG00000127515	
MCMDC2	1	ENSG00000178460	
AKAP8L	1	ENSG00000011243	
LOC101929269	1	ENSG00000254839	
C10orf67-AS1	1	ENSG00000224215	
HHEX	1	ENSG00000152804	
UNKL	1	ENSG00000059145	
OR7A17	1	ENSG00000185385	
ATRX	1	ENSG00000085224	
ATRN	1	ENSG00000088812	
TMBIM4	1	ENSG00000155957	
ENSG00000282408	1	ENSG00000282408	
TMBIM1	1	ENSG00000135926	
TMBIM6	1	ENSG00000139644	
PRPS2	1	ENSG00000101911	
PRPS1	1	ENSG00000147224	
WAC-AS1	1	ENSG00000254635	
SOX21-AS1	1	ENSG00000227640	
DEPP1	1	ENSG00000165507	
HEPFAL	1	ENSG00000274225	
PCDH1	1	ENSG00000156453	
IGLVVI-25-1	1	ENSG00000253779	
PCDH9	1	ENSG00000184226	
PCDH7	1	ENSG00000169851	
PCDH8	1	ENSG00000136099	
LOC101929297	1	ENSG00000233365	
CD248	1	ENSG00000174807	
CD247	1	ENSG00000198821	
SHFL	1	ENSG00000130813	
CD244	1	ENSG00000122223	
LTV1	1	ENSG00000135521	
LRRC3B-AS1	1	ENSG00000225386	
MAP9-AS1	1	ENSG00000250910	
HHIP	1	ENSG00000164161	
NUDT1	1	ENSG00000106268	
NUDT2	1	ENSG00000164978	
NUDT5	1	ENSG00000165609	
NUDT6	1	ENSG00000170917	
C1QTNF1-AS1	1	ENSG00000265096	
NUDT3	1	ENSG00000272325	
IL27RA	1	ENSG00000104998	
NUDT4	1	ENSG00000173598	
MAP4K3-DT	1	ENSG00000231312	
ARHGEF3-AS1	1	ENSG00000240198	
MFSD2B	1	ENSG00000205639	
MFSD2A	1	ENSG00000168389	
RIIAD1	1	ENSG00000178796	
MFSD11	1	ENSG00000092931	
LMO7DN-IT1	1	ENSG00000223458	
MFSD12	1	ENSG00000161091	
MFSD10	1	ENSG00000109736	
CD226	1	ENSG00000150637	
USHBP1	1	ENSG00000130307	
FBF1	1	ENSG00000188878	
MAL2-AS1	1	ENSG00000253972	
ZNRD2-DT	1	ENSG00000260233	
IGHD2-8	1	ENSG00000211925	
GREB1	1	ENSG00000196208	
BSDC1	1	ENSG00000160058	
SLC6A12-AS1	1	ENSG00000256577	
ALDH6A1	1	ENSG00000119711	
UBAC2-AS1	1	ENSG00000228889	
CD209	1	ENSG00000090659	
CD207	1	ENSG00000116031	
CD200	1	ENSG00000091972	
ENSG00000233461	1	ENSG00000233461	
DHRS12	1	ENSG00000102796	
WFDC8	1	ENSG00000158901	
DHRS13	1	ENSG00000167536	
WFDC9	1	ENSG00000180205	
WFDC6	1	ENSG00000243543	
DHRS11	1	ENSG00000278535	
TBX2-AS1	1	ENSG00000267280	
FBH1	1	ENSG00000134452	
WT1-AS	1	ENSG00000183242	
WFDC1	1	ENSG00000103175	
IGHVIII-47-1	1	ENSG00000253862	
WFDC5	1	ENSG00000175121	
WFDC2	1	ENSG00000101443	
SH3RF1	1	ENSG00000154447	
WFDC3	1	ENSG00000124116	
AKAP12	1	ENSG00000131016	
AKAP13	1	ENSG00000170776	
AKAP10	1	ENSG00000108599	
AKAP11	1	ENSG00000023516	
AKAP14	1	ENSG00000186471	
IGHD2-2	1	ENSG00000211931	
FLNC-AS1	1	ENSG00000242902	
EHD4-AS1	1	ENSG00000259883	
NCBP2L	1	ENSG00000170935	
SEPTIN7-DT	1	ENSG00000228878	
MFSD4A	1	ENSG00000174514	
SHOX	1	ENSG00000185960	
MLIP-AS1	1	ENSG00000235050	
PISRT1	1	ENSG00000281473	
MFSD4B	1	ENSG00000173214	
PNPLA7	1	ENSG00000130653	
PNPLA8	1	ENSG00000135241	
PCDHB15	1	ENSG00000113248	
PCDHB14	1	ENSG00000120327	
PCDHB13	1	ENSG00000187372	
PCDHB12	1	ENSG00000120328	
PCDHB11	1	ENSG00000197479	
PCDHB10	1	ENSG00000120324	
NUDT9	1	ENSG00000170502	
SH3RF3	1	ENSG00000172985	
CD63-AS1	1	ENSG00000258056	
SH3RF2	1	ENSG00000156463	
NUDT7	1	ENSG00000140876	
GPRACR	1	ENSG00000196979	
MIS18A	1	ENSG00000159055	
NUDT8	1	ENSG00000167799	
OTULIN	1	ENSG00000154124	
PCDHB16	1	ENSG00000272674	
PNPLA3	1	ENSG00000100344	
PNPLA4	1	ENSG00000006757	
CCNYL1	1	ENSG00000163249	
PNPLA5	1	ENSG00000100341	
PNPLA6	1	ENSG00000032444	
KIAA1958	1	ENSG00000165185	
PNPLA1	1	ENSG00000180316	
PNPLA2	1	ENSG00000177666	
UBE3C	1	ENSG00000009335	
ZFAND4	1	ENSG00000172671	
UBE3D	1	ENSG00000118420	
ZFAND3	1	ENSG00000156639	
ZFAND6	1	ENSG00000086666	
ZFAND5	1	ENSG00000107372	
FILNC1	1	ENSG00000231426	
UBE3A	1	ENSG00000114062	
ZFAND1	1	ENSG00000104231	
UBE3B	1	ENSG00000151148	
SBF2-AS1	1	ENSG00000246273	
UBE2Z	1	ENSG00000159202	
UBE4A	1	ENSG00000110344	
UBE4B	1	ENSG00000130939	
POU3F1	1	ENSG00000185668	
POU3F2	1	ENSG00000184486	
POU3F3	1	ENSG00000198914	
POU3F4	1	ENSG00000196767	
SHQ1	1	ENSG00000144736	
MAP7D3	1	ENSG00000129680	
MAP7D1	1	ENSG00000116871	
SHPK	1	ENSG00000197417	
EHBP1L1	1	ENSG00000173442	
MAP7D2	1	ENSG00000184368	
SIDT1	1	ENSG00000072858	
SIDT2	1	ENSG00000149577	
FBN2	1	ENSG00000138829	
FBN3	1	ENSG00000142449	
BHLHE22	1	ENSG00000180828	
BHLHE23	1	ENSG00000125533	
PRKCZ-DT	1	ENSG00000226969	
ARFGEF1-DT	1	ENSG00000271966	
FAM151B-DT	1	ENSG00000249042	
DHRS7B	1	ENSG00000109016	
DHRS7C	1	ENSG00000184544	
MFAP3L	1	ENSG00000198948	
TFAP2A	1	ENSG00000137203	
UBE2F	1	ENSG00000184182	
TFAP2B	1	ENSG00000008196	
TFAP2C	1	ENSG00000087510	
UBE2H	1	ENSG00000186591	
TFAP2D	1	ENSG00000008197	
UBE2I	1	ENSG00000103275	
TFAP2E	1	ENSG00000116819	
UBE2B	1	ENSG00000119048	
UBE2C	1	ENSG00000175063	
UBE2A	1	ENSG00000077721	
GVQW3	1	ENSG00000179240	
UBE2W	1	ENSG00000104343	
UBE2S	1	ENSG00000108106	
CCPG1	1	ENSG00000260916	
UBE2T	1	ENSG00000077152	
BHLHE40	1	ENSG00000134107	
UBE2U	1	ENSG00000177414	
UBE2N	1	ENSG00000177889	
UBE2O	1	ENSG00000175931	
UBE2K	1	ENSG00000078140	
UBE2M	1	ENSG00000130725	
FBN1	1	ENSG00000166147	
DPH1-AS1	1	ENSG00000263050	
ZBTB47-AS1	1	ENSG00000230084	
RASGEF1A	1	ENSG00000198915	
RASGEF1B	1	ENSG00000138670	
MAN1A2	1	ENSG00000198162	
RASGEF1C	1	ENSG00000146090	
DACT2	1	ENSG00000164488	
DACT3	1	ENSG00000197380	
MAN1A1	1	ENSG00000111885	
ARFGEF3	1	ENSG00000112379	
DACT1	1	ENSG00000165617	
UBR5-DT	1	ENSG00000246263	
SELENOO-AS1	1	ENSG00000273137	
GREM1	1	ENSG00000166923	
GREM2	1	ENSG00000180875	
DPPA4	1	ENSG00000121570	
DPPA3	1	ENSG00000187569	
DPPA2	1	ENSG00000163530	
PPM1F-AS1	1	ENSG00000224086	
ZDHHC20-IT1	1	ENSG00000236953	
MAN1B1	1	ENSG00000177239	
DPPA5	1	ENSG00000203909	
FBP1	1	ENSG00000165140	
FBP2	1	ENSG00000130957	
FMNL1-DT	1	ENSG00000267121	
RAP1GDS1	1	ENSG00000138698	
MAN1C1	1	ENSG00000117643	
FBRS	1	ENSG00000156860	
ARFGEF1	1	ENSG00000066777	
ARFGEF2	1	ENSG00000124198	
RAMP2-AS1	1	ENSG00000197291	
EHMT2-AS1	1	ENSG00000237080	
SLC50A1	1	ENSG00000169241	
MZF1-AS1	1	ENSG00000267858	
MAP10	1	ENSG00000212916	
ARMCX3-AS1	1	ENSG00000228275	
CDK5RAP1	1	ENSG00000101391	
DLEU1	1	ENSG00000176124	
MYL12-AS1	1	ENSG00000264235	
PROK2	1	ENSG00000163421	
DLEU2	1	ENSG00000231607	
CDK5RAP3	1	ENSG00000108465	
PROK1	1	ENSG00000143125	
DLEU7	1	ENSG00000186047	
CDK5RAP2	1	ENSG00000136861	
WWP1-AS1	1	ENSG00000254231	
MAP1S	1	ENSG00000130479	
FNDC1-AS1	1	ENSG00000233682	
ZC2HC1C	1	ENSG00000119703	
ZC2HC1B	1	ENSG00000118491	
ZC2HC1A	1	ENSG00000104427	
ZNF594-DT	1	ENSG00000261879	
MAP1B	1	ENSG00000131711	
MAP1A	1	ENSG00000166963	
RPS4Y2	1	ENSG00000280969	
NAIF1	1	ENSG00000171169	
RPS4Y1	1	ENSG00000129824	
HMOX1	1	ENSG00000100292	
PROM1	1	ENSG00000007062	
HMOX2	1	ENSG00000103415	
PROM2	1	ENSG00000155066	
BARD1	1	ENSG00000138376	
IRF2BP1	1	ENSG00000170604	
IRF2BP2	1	ENSG00000168264	
PNISR-AS1	1	ENSG00000228506	
ZNF582-DT	1	ENSG00000267454	
ARHGEF35-AS1	1	ENSG00000244198	
CAPN1-AS1	1	ENSG00000254614	
NCOR2	1	ENSG00000196498	
NCOR1	1	ENSG00000141027	
WAPL-DT	1	ENSG00000227896	
SIAE	1	ENSG00000110013	
CSNK1A1	1	ENSG00000113712	
ECEL1	1	ENSG00000171551	
SYNJ2BP	1	ENSG00000213463	
SMOC2	1	ENSG00000112562	
TRBV26OR9-2	1	ENSG00000231165	
SMOC1	1	ENSG00000198732	
CYP20A1	1	ENSG00000119004	
NUCB1	1	ENSG00000104805	
NUCB2	1	ENSG00000070081	
OXNAD1	1	ENSG00000154814	
TEDC2-AS1	1	ENSG00000259895	
PRORP	1	ENSG00000100890	
PROS1	1	ENSG00000184500	
AUP1	1	ENSG00000115307	
ERVK-28	1	ENSG00000267696	
HID1	1	ENSG00000167861	
PRORY	1	ENSG00000183146	
SNRNP35	1	ENSG00000184209	
IGLJCOR18	1	ENSG00000265243	
PCDHAC2	1	ENSG00000243232	
PCDHAC1	1	ENSG00000248383	
CSNK1G3	1	ENSG00000151292	
SUPT16H	1	ENSG00000092201	
MDFIC2	1	ENSG00000242120	
HIC1	1	ENSG00000177374	
HIC2	1	ENSG00000169635	
SNRNP27	1	ENSG00000124380	
SNRNP25	1	ENSG00000161981	
CSNK1G2	1	ENSG00000133275	
CSNK1G1	1	ENSG00000169118	
WASF3-AS1	1	ENSG00000237001	
TCERG1L-AS1	1	ENSG00000230098	
BOLA2B	1	ENSG00000169627	
CNOT10-AS1	1	ENSG00000251224	
KIFAP3-AS1	1	ENSG00000232959	
EIF2B5	1	ENSG00000145191	
EIF2B4	1	ENSG00000115211	
EIF2B3	1	ENSG00000070785	
EIF2B2	1	ENSG00000119718	
M6PR	1	ENSG00000003056	
ENSG00000282556	1	ENSG00000282556	
ENSG00000270571	1	ENSG00000270571	
IGHVII-60-1	1	ENSG00000254329	
FCAR	1	ENSG00000186431	
SNRNP70	1	ENSG00000104852	
PIP5KL1	1	ENSG00000167103	
ZNF295-AS1	1	ENSG00000237232	
EIF2B1	1	ENSG00000111361	
ENSG00000257550	1	ENSG00000257550	
PROP1	1	ENSG00000175325	
CATSPERZ	1	ENSG00000219435	
SKIC8	1	ENSG00000140395	
FOXD4L5	1	ENSG00000204779	
CATSPERB	1	ENSG00000133962	
FOXD4L6	1	ENSG00000273514	
CATSPERE	1	ENSG00000179397	
SKIC2	1	ENSG00000204351	
CATSPERD	1	ENSG00000174898	
SKIC3	1	ENSG00000198677	
CATSPERG	1	ENSG00000099338	
FOXD4L3	1	ENSG00000187559	
FOXD4L4	1	ENSG00000184659	
FOXD4L1	1	ENSG00000184492	
CATSPER1	1	ENSG00000175294	
CATSPER3	1	ENSG00000152705	
CATSPER2	1	ENSG00000166762	
CATSPER4	1	ENSG00000188782	
SELENBP1	1	ENSG00000143416	
ANGPT4	1	ENSG00000101280	
PPIL1	1	ENSG00000137168	
ANGPT2	1	ENSG00000091879	
PPIL2	1	ENSG00000100023	
ANGPT1	1	ENSG00000154188	
SNRNP40	1	ENSG00000060688	
SNRNP48	1	ENSG00000168566	
PPIL3	1	ENSG00000240344	
PPIL4	1	ENSG00000131013	
PPIL6	1	ENSG00000185250	
TMEM167B-DT	1	ENSG00000273382	
FCF1	1	ENSG00000119616	
RPL36AL	1	ENSG00000165502	
ENSG00000257526	1	ENSG00000257526	
SIL1	1	ENSG00000120725	
DLEC1	1	ENSG00000008226	
OXCT1-AS1	1	ENSG00000248668	
ENSG00000233569	1	ENSG00000233569	
SIK3	1	ENSG00000160584	
SIK1	1	ENSG00000142178	
SIK2	1	ENSG00000170145	
LNC-LBCS	1	ENSG00000228412	
TRAV29DV5	1	ENSG00000211810	
IGLV9-49	1	ENSG00000223350	
TP53BP2	1	ENSG00000143514	
ENSG00000257545	1	ENSG00000257545	
TP53BP1	1	ENSG00000067369	
CCR10	1	ENSG00000184451	
PYCR1	1	ENSG00000183010	
PYCR2	1	ENSG00000143811	
FRMD4A-AS1	1	ENSG00000234091	
PYCR3	1	ENSG00000104524	
CCSER2	1	ENSG00000107771	
CCSER1	1	ENSG00000184305	
SIM1	1	ENSG00000112246	
SIM2	1	ENSG00000159263	
CD320	1	ENSG00000167775	
TOP2A	1	ENSG00000131747	
TOP2B	1	ENSG00000077097	
HIP1	1	ENSG00000127946	
CITED1	1	ENSG00000125931	
CITED2	1	ENSG00000164442	
CITED4	1	ENSG00000179862	
RNPC3-DT	1	ENSG00000224613	
TOP3B	1	ENSG00000100038	
IGHD3-9	1	ENSG00000211924	
KIZ-AS1	1	ENSG00000232712	
THORLNC	1	ENSG00000226856	
TOP3A	1	ENSG00000177302	
PROX2	1	ENSG00000119608	
PROX1	1	ENSG00000117707	
ALDH5A1	1	ENSG00000112294	
CD302	1	ENSG00000241399	
GUCY2C	1	ENSG00000070019	
GUCY2D	1	ENSG00000132518	
GUCY2F	1	ENSG00000101890	
HIRA	1	ENSG00000100084	
ENSG00000233539	1	ENSG00000233539	
IGHD3-3	1	ENSG00000211930	
MORC1-AS1	1	ENSG00000239314	
TBILA	1	ENSG00000261488	
FCN1	1	ENSG00000085265	
FCN2	1	ENSG00000160339	
FCN3	1	ENSG00000142748	
FCMR	1	ENSG00000162894	
OR2T12	1	ENSG00000177201	
OR2T10	1	ENSG00000184022	
OR2T11	1	ENSG00000279301	
TATDN3	1	ENSG00000203705	
TATDN1	1	ENSG00000147687	
TATDN2	1	ENSG00000157014	
SIT1	1	ENSG00000137078	
MPC1-DT	1	ENSG00000261420	
SHISA5	1	ENSG00000164054	
SHISA4	1	ENSG00000198892	
SHISA3	1	ENSG00000178343	
SHISA2	1	ENSG00000180730	
PCDHA13	1	ENSG00000239389	
SHISA9	1	ENSG00000237515	
PCDHA12	1	ENSG00000251664	
SHISA8	1	ENSG00000234965	
PCDHA11	1	ENSG00000249158	
SHISA7	1	ENSG00000187902	
PCDHA10	1	ENSG00000250120	
SHISA6	1	ENSG00000188803	
PRPF4	1	ENSG00000136875	
PACRGL	1	ENSG00000163138	
PRPF6	1	ENSG00000101161	
FANCD2	1	ENSG00000144554	
PRPF3	1	ENSG00000117360	
THBS4-AS1	1	ENSG00000249825	
RPS19BP1	1	ENSG00000187051	
PRPF8	1	ENSG00000174231	
TIMM23B	1	ENSG00000204152	
MIR1302-2HG	1	ENSG00000243485	
POU2F1	1	ENSG00000143190	
POU2F2	1	ENSG00000028277	
EIF2S2	1	ENSG00000125977	
EIF2S1	1	ENSG00000134001	
POU2F3	1	ENSG00000137709	
EIF2S3	1	ENSG00000130741	
PRPH2	1	ENSG00000112619	
MAP6D1	1	ENSG00000180834	
AVEN	1	ENSG00000169857	
TEKTIP1	1	ENSG00000183397	
LSAMP-AS1	1	ENSG00000240922	
SIX1	1	ENSG00000126778	
IRF2BPL	1	ENSG00000119669	
SIX6	1	ENSG00000184302	
SIX4	1	ENSG00000100625	
SIX5	1	ENSG00000177045	
SIX2	1	ENSG00000170577	
SIX3	1	ENSG00000138083	
MYOCD-AS1	1	ENSG00000227274	
COLEC12	1	ENSG00000158270	
COLEC11	1	ENSG00000118004	
COLEC10	1	ENSG00000184374	
OR2T34	1	ENSG00000183310	
OR2T35	1	ENSG00000177151	
OR2T33	1	ENSG00000177212	
MAPK9	1	ENSG00000050748	
MAPK8	1	ENSG00000107643	
MAPK7	1	ENSG00000166484	
PCDH9-AS3	1	ENSG00000225263	
TRAJ60	1	ENSG00000249446	
MAPK1	1	ENSG00000100030	
PCDH9-AS4	1	ENSG00000233840	
PCDH9-AS1	1	ENSG00000234527	
TRAJ61	1	ENSG00000211831	
PCDH9-AS2	1	ENSG00000228842	
MAPK6	1	ENSG00000069956	
MAPK4	1	ENSG00000141639	
MAPK3	1	ENSG00000102882	
OR2T27	1	ENSG00000187701	
QPCTL	1	ENSG00000011478	
OR2T29	1	ENSG00000182783	
MIRLET7A1HG	1	ENSG00000269929	
ACTN1-DT	1	ENSG00000259062	
TRAJ57	1	ENSG00000211834	
TRAJ56	1	ENSG00000211835	
TRAJ59	1	ENSG00000211832	
TRAJ58	1	ENSG00000211833	
FCSK	1	ENSG00000157353	
TRAJ51	1	ENSG00000248366	
TRAJ50	1	ENSG00000211839	
TRAJ53	1	ENSG00000211837	
TRAJ52	1	ENSG00000211838	
TRAJ55	1	ENSG00000250688	
TRAJ54	1	ENSG00000211836	
TDRKH	1	ENSG00000182134	
AVIL	1	ENSG00000135407	
RAMACL	1	ENSG00000235272	
LSM10	1	ENSG00000181817	
LSM12	1	ENSG00000161654	
LSM11	1	ENSG00000155858	
OTUD6B-AS1	1	ENSG00000253738	
KIF26A-DT	1	ENSG00000258748	
UPB1	1	ENSG00000100024	
OPRPN	1	ENSG00000171199	
RIMOC1	1	ENSG00000205765	
RGS5-AS1	1	ENSG00000232892	
CFAP20DC	1	ENSG00000163689	
ADCY6-DT	1	ENSG00000257660	
CYB5R2	1	ENSG00000166394	
CYB5R1	1	ENSG00000159348	
CYB5R4	1	ENSG00000065615	
CYB5R3	1	ENSG00000100243	
ACOXL-AS1	1	ENSG00000204581	
PRRT1	1	ENSG00000204314	
PRRT3	1	ENSG00000163704	
PRRT2	1	ENSG00000167371	
GNAO1-DT	1	ENSG00000246379	
CYB5RL	1	ENSG00000215883	
AVL9	1	ENSG00000105778	
PRRT4	1	ENSG00000224940	
CHKA-DT	1	ENSG00000255236	
JPH1	1	ENSG00000104369	
JPH4	1	ENSG00000092051	
ENSG00000267082	1	ENSG00000267082	
JPH2	1	ENSG00000149596	
JPH3	1	ENSG00000154118	
TDRG1	1	ENSG00000204091	
NIPBL-DT	1	ENSG00000285967	
UPF2	1	ENSG00000151461	
UPF1	1	ENSG00000005007	
MRPL23-AS1	1	ENSG00000226416	
ENSG00000280071	1	ENSG00000280071	
CCSAP	1	ENSG00000154429	
PELI1	1	ENSG00000197329	
PELI3	1	ENSG00000174516	
PELI2	1	ENSG00000139946	
MAST4-IT1	1	ENSG00000249057	
PCDHB1-AS1	1	ENSG00000279047	
ILRUN-AS1	1	ENSG00000272288	
GPA33	1	ENSG00000143167	
RABAC1	1	ENSG00000105404	
MELTF-AS1	1	ENSG00000228109	
LINC01230	1	ENSG00000281769	
LINC01231	1	ENSG00000236511	
LINC01232	1	ENSG00000280734	
LINC01233	1	ENSG00000269364	
UPK2	1	ENSG00000110375	
PRDM10-DT	1	ENSG00000233220	
SH3BP5-AS1	1	ENSG00000224660	
ENSG00000280018	1	ENSG00000280018	
RUVBL2	1	ENSG00000183207	
RUVBL1	1	ENSG00000175792	
ERLNC1	1	ENSG00000230550	
LINC01227	1	ENSG00000260737	
LINC01228	1	ENSG00000261082	
LINC01229	1	ENSG00000260876	
LINC01224	1	ENSG00000269416	
LINC01226	1	ENSG00000284543	
EPM2A	1	ENSG00000112425	
LINC01220	1	ENSG00000259687	
LINC01221	1	ENSG00000235492	
AGTPBP1	1	ENSG00000135049	
LINC01222	1	ENSG00000233410	
S100A2	1	ENSG00000196754	
S100A1	1	ENSG00000160678	
IGHD5-5	1	ENSG00000211928	
OLFM4	1	ENSG00000102837	
FTSJ1	1	ENSG00000068438	
STON1-GTF2A1L	1	ENSG00000068781	
ENSG00000267039	1	ENSG00000267039	
FRMD1	1	ENSG00000153303	
FTSJ3	1	ENSG00000108592	
FRMD3	1	ENSG00000172159	
OLFM1	1	ENSG00000130558	
OLFM2	1	ENSG00000105088	
FRMD5	1	ENSG00000171877	
TXLNA	1	ENSG00000084652	
OLFM3	1	ENSG00000118733	
FRMD6	1	ENSG00000139926	
MAPKAPK3	1	ENSG00000114738	
TXLNB	1	ENSG00000164440	
FRMD7	1	ENSG00000165694	
FRMD8	1	ENSG00000126391	
MAPKAPK2	1	ENSG00000162889	
S100A6	1	ENSG00000197956	
LINC01216	1	ENSG00000250223	
S100A5	1	ENSG00000196420	
LINC01217	1	ENSG00000251219	
MAPKAPK5	1	ENSG00000089022	
S100A4	1	ENSG00000196154	
LINC01218	1	ENSG00000251636	
S100A3	1	ENSG00000188015	
LINC01219	1	ENSG00000232987	
S100A9	1	ENSG00000163220	
LINC01213	1	ENSG00000244541	
S100A8	1	ENSG00000143546	
LINC01214	1	ENSG00000243550	
S100A7	1	ENSG00000143556	
LINC01215	1	ENSG00000271856	
LINC01252	1	ENSG00000247157	
ENSG00000255084	1	ENSG00000255084	
LINC01254	1	ENSG00000260913	
LINC01255	1	ENSG00000267252	
LINC01250	1	ENSG00000234423	
UBFD1	1	ENSG00000103353	
GIMD1	1	ENSG00000250298	
LINC01249	1	ENSG00000231532	
ENSG00000255087	1	ENSG00000255087	
LINC01247	1	ENSG00000227007	
LINC01248	1	ENSG00000224128	
LINC01241	1	ENSG00000236306	
LINC01242	1	ENSG00000280683	
LINC01243	1	ENSG00000260720	
LVRN	1	ENSG00000172901	
ENSG00000267058	1	ENSG00000267058	
TDH-AS1	1	ENSG00000255020	
CLLU1	1	ENSG00000257127	
ENSG00000267052	1	ENSG00000267052	
LINC01238	2	ENSG00000237940:ENSG00000261186	
LINC01239	1	ENSG00000234840	
LINC01234	1	ENSG00000249550	
LINC01235	1	ENSG00000270547	
LINC01237	1	ENSG00000233806	
NALT1	1	ENSG00000237886	
CALR3	1	ENSG00000269058	
CRYBG2	1	ENSG00000176092	
CRYBG1	1	ENSG00000112297	
CRYBG3	1	ENSG00000080200	
DLGAP4-AS1	1	ENSG00000232907	
PMEPA1	1	ENSG00000124225	
UPP2	1	ENSG00000007001	
UPP1	1	ENSG00000183696	
DNM1L	1	ENSG00000087470	
FIRRE	1	ENSG00000213468	
PELP1	1	ENSG00000141456	
C4A-AS1	1	ENSG00000233627	
SIGMAR1	1	ENSG00000147955	
HAS2-AS1	1	ENSG00000248690	
KCNIP2-AS1	1	ENSG00000226009	
QTRT1	1	ENSG00000213339	
PPM1A	1	ENSG00000100614	
QTRT2	1	ENSG00000151576	
PPM1B	1	ENSG00000138032	
RASAL2-AS1	1	ENSG00000224687	
WNT5A-AS1	1	ENSG00000244586	
RUSC1-AS1	1	ENSG00000225855	
LINC01210	1	ENSG00000239513	
PPM1L	1	ENSG00000163590	
PPM1M	1	ENSG00000164088	
SHCBP1L	1	ENSG00000157060	
PPM1N	1	ENSG00000213889	
PPM1H	1	ENSG00000111110	
AFG1L	1	ENSG00000135537	
PPM1J	1	ENSG00000155367	
PPM1K	1	ENSG00000163644	
BARX1	1	ENSG00000131668	
PPM1D	1	ENSG00000170836	
BARX2	1	ENSG00000043039	
PPM1E	1	ENSG00000175175	
PPM1F	1	ENSG00000100034	
PPM1G	1	ENSG00000115241	
ENSG00000267026	1	ENSG00000267026	
LINC01209	1	ENSG00000228308	
TP53INP2	1	ENSG00000078804	
TP53INP1	1	ENSG00000164938	
LINC01205	1	ENSG00000228980	
LINC01206	1	ENSG00000242512	
LINC01208	1	ENSG00000223715	
LINC01201	1	ENSG00000228659	
LINC01202	1	ENSG00000280776	
LINC01203	1	ENSG00000226985	
LINC01204	1	ENSG00000229563	
MCOLN3	1	ENSG00000055732	
PRRX1	1	ENSG00000116132	
PRRX2	1	ENSG00000167157	
TTTY1B	1	ENSG00000129816	
LYSMD2	1	ENSG00000140280	
LYSMD1	1	ENSG00000163155	
TPD52L3	1	ENSG00000170777	
LYSMD4	1	ENSG00000183060	
LYSMD3	1	ENSG00000176018	
MCOLN1	1	ENSG00000090674	
TPD52L1	1	ENSG00000111907	
TPD52L2	1	ENSG00000101150	
MCOLN2	1	ENSG00000153898	
ROR1-AS1	1	ENSG00000223949	
TTTY18	1	ENSG00000233699	
TMLHE	1	ENSG00000185973	
TTTY19	1	ENSG00000232419	
ENSG00000243062	1	ENSG00000243062	
TTTY14	1	ENSG00000176728	
TTC36-AS1	1	ENSG00000255435	
TTTY12	1	ENSG00000237048	
TTTY13	1	ENSG00000184991	
TTTY10	1	ENSG00000229236	
ALDH8A1	1	ENSG00000118514	
JPT1	1	ENSG00000189159	
LINC01198	1	ENSG00000231817	
LINC01193	1	ENSG00000258710	
LINC01194	1	ENSG00000248131	
JPT2	1	ENSG00000206053	
LINC01195	1	ENSG00000261075	
JMJD1C	1	ENSG00000171988	
LINC01191	1	ENSG00000234199	
TTTY2B	1	ENSG00000212856	
LINC01192	1	ENSG00000241369	
ENSG00000245651	1	ENSG00000245651	
CYB5D2	1	ENSG00000167740	
CTD-2350J17.1	1	ENSG00000250250	
CYB5D1	1	ENSG00000182224	
RASSF1	1	ENSG00000068028	
RASSF2	1	ENSG00000101265	
RASSF3	1	ENSG00000153179	
RASSF4	1	ENSG00000107551	
RASSF5	1	ENSG00000266094	
RASSF6	1	ENSG00000169435	
TTTY23	1	ENSG00000239225	
TTTY21	1	ENSG00000228890	
TTTY22	1	ENSG00000224075	
TTTY20	1	ENSG00000232808	
CALN1	1	ENSG00000183166	
LINC01186	1	ENSG00000236751	
LINC01187	1	ENSG00000249601	
LINC01189	1	ENSG00000232827	
LINC01182	1	ENSG00000250634	
LINC01180	1	ENSG00000266979	
TTTY3B	1	ENSG00000280961	
LINC01181	1	ENSG00000250929	
GPC5-IT1	1	ENSG00000236240	
C5orf15	1	ENSG00000113583	
CD2BP2	1	ENSG00000169217	
LORICRIN	1	ENSG00000203782	
UPRT	1	ENSG00000094841	
LINC01179	1	ENSG00000249500	
PLA1A	1	ENSG00000144837	
TTTY4C	1	ENSG00000228296	
TTTY4B	1	ENSG00000235412	
ZMPSTE24	1	ENSG00000084073	
C5orf24	1	ENSG00000181904	
C5orf22	1	ENSG00000082213	
TRAV12-3	1	ENSG00000211794	
TRAV12-2	1	ENSG00000211789	
TRAV12-1	1	ENSG00000211785	
RASSF7	1	ENSG00000099849	
DCLK3	1	ENSG00000163673	
RASSF8	1	ENSG00000123094	
DCLK2	1	ENSG00000170390	
RASSF9	1	ENSG00000198774	
DCLK1	1	ENSG00000133083	
C5orf34	1	ENSG00000172244	
CALM3	1	ENSG00000160014	
KIAA1614-AS1	1	ENSG00000232586	
DERPC	1	ENSG00000286140	
CALM1	1	ENSG00000198668	
CALM2	1	ENSG00000143933	
INTS11	1	ENSG00000127054	
LINC01153	1	ENSG00000227143	
INTS12	1	ENSG00000138785	
LINC01154	1	ENSG00000257477	
INTS13	1	ENSG00000064102	
INTS14	1	ENSG00000138614	
GPAA1	1	ENSG00000197858	
LINC01150	1	ENSG00000229671	
LINC01151	1	ENSG00000253819	
INTS10	1	ENSG00000104613	
LINC01152	1	ENSG00000256124	
SECTM1	1	ENSG00000141574	
INTS15	1	ENSG00000146576	
TTTY6B	1	ENSG00000131548	
C5orf46	1	ENSG00000178776	
C5orf47	1	ENSG00000185056	
ENSG00000233633	1	ENSG00000233633	
LINC01147	1	ENSG00000258826	
LINC01148	1	ENSG00000258804	
LINC01149	1	ENSG00000230174	
LINC01142	1	ENSG00000224286	
GRIPAP1	1	ENSG00000068400	
LINC01143	1	ENSG00000237751	
LINC01144	1	ENSG00000281912	
LINC01140	1	ENSG00000267272	
LINC01141	1	ENSG00000236963	
C5orf52	1	ENSG00000187658	
TTTY7B	1	ENSG00000147761	
CAVIN2-AS1	1	ENSG00000233766	
C5orf58	1	ENSG00000234511	
LINC01139	1	ENSG00000215808	
LINC01135	1	ENSG00000234807	
LINC01138	1	ENSG00000274020	
POPDC2	1	ENSG00000121577	
POPDC3	1	ENSG00000132429	
LINC01176	1	ENSG00000281404	
LINC01177	1	ENSG00000261397	
DERL3	1	ENSG00000099958	
LINC01173	1	ENSG00000280744	
DERL1	1	ENSG00000136986	
CRYBA2	1	ENSG00000163499	
C5orf60	1	ENSG00000204661	
DERL2	1	ENSG00000072849	
TXLNG	1	ENSG00000086712	
CRYBA1	1	ENSG00000108255	
CRYBA4	1	ENSG00000196431	
LINC01170	1	ENSG00000253807	
C5orf64	1	ENSG00000178722	
C5orf63	1	ENSG00000164241	
EXOSC7	1	ENSG00000075914	
TTTY8B	1	ENSG00000185700	
EXOSC6	1	ENSG00000223496	
C5orf67	1	ENSG00000225940	
EXOSC5	1	ENSG00000077348	
EXOSC4	1	ENSG00000178896	
EXOSC9	1	ENSG00000123737	
EXOSC8	1	ENSG00000120699	
EXOSC3	1	ENSG00000107371	
LINC01168	1	ENSG00000240707	
EXOSC2	1	ENSG00000130713	
LINC01169	1	ENSG00000259471	
EXOSC1	1	ENSG00000171311	
LINC01164	1	ENSG00000189275	
LINC01165	1	ENSG00000229081	
LINC01166	1	ENSG00000232903	
LINC01167	1	ENSG00000224758	
LINC01160	1	ENSG00000231346	
IGHD4-4	1	ENSG00000233655	
SNX9-AS1	1	ENSG00000236324	
CRYBB1	1	ENSG00000100122	
LINC01162	1	ENSG00000232790	
LINC01163	1	ENSG00000280953	
CRYBB3	1	ENSG00000100053	
CRYBB2	1	ENSG00000244752	
TTTY9B	1	ENSG00000131007	
PKMYT1AR	1	ENSG00000268266	
RHOA-IT1	1	ENSG00000235908	
LINC01159	1	ENSG00000229743	
WWC1	1	ENSG00000113645	
WWC2	1	ENSG00000151718	
PPME1	1	ENSG00000214517	
KHSRP	1	ENSG00000088247	
CCRL2	1	ENSG00000121797	
WWC3	1	ENSG00000047644	
TRAV38-1	1	ENSG00000211816	
MAT1A	1	ENSG00000151224	
MASP2	1	ENSG00000009724	
ERVK9-11	1	ENSG00000269486	
MASP1	1	ENSG00000127241	
PSMD10	1	ENSG00000101843	
CALCA	1	ENSG00000110680	
PSMD12	1	ENSG00000197170	
PSMD11	1	ENSG00000108671	
CALCB	1	ENSG00000175868	
EFHD2-AS1	1	ENSG00000228140	
PSMD14	1	ENSG00000115233	
PSMD13	1	ENSG00000185627	
MIR4435-2HG	1	ENSG00000172965	
CALCR	1	ENSG00000004948	
TBC1D8-AS1	1	ENSG00000272902	
CALD1	1	ENSG00000122786	
MIR9-1HG	1	ENSG00000125462	
FDPS	1	ENSG00000160752	
LAMA4-AS1	1	ENSG00000226440	
CYRIB	1	ENSG00000153310	
CYRIA	1	ENSG00000197872	
TIMM10B	1	ENSG00000132286	
QDPR	1	ENSG00000151552	
MAST4	1	ENSG00000069020	
MAST3	1	ENSG00000099308	
CPXM2	1	ENSG00000121898	
PRKCSH	1	ENSG00000130175	
CSE1L-DT	1	ENSG00000227431	
MAST2	1	ENSG00000086015	
MAST1	1	ENSG00000105613	
DNAAF11	1	ENSG00000129295	
DNAAF10	1	ENSG00000243667	
CALB2	1	ENSG00000172137	
CALB1	1	ENSG00000104327	
TIMM17A	1	ENSG00000134375	
MLST8	1	ENSG00000167965	
TIMM17B	1	ENSG00000126768	
FKBP14-AS1	1	ENSG00000227014	
CPXM1	1	ENSG00000088882	
CYREN	1	ENSG00000122783	
POU1F1	1	ENSG00000064835	
MASTL	1	ENSG00000120539	
ARAP1-AS1	1	ENSG00000256007	
NPY2R-AS1	1	ENSG00000250538	
ARAP1-AS2	1	ENSG00000245148	
MAT2B	1	ENSG00000038274	
SAMHD1	1	ENSG00000101347	
AURKC	1	ENSG00000105146	
THOC1-DT	1	ENSG00000263884	
AURKB	1	ENSG00000178999	
AURKA	1	ENSG00000087586	
MAT2A	1	ENSG00000168906	
SH3TC2	1	ENSG00000169247	
SH3TC1	1	ENSG00000125089	
KTN1-AS1	1	ENSG00000186615	
DEFA1B	1	ENSG00000240247	
CYP24A1	1	ENSG00000019186	
CNTFR	1	ENSG00000122756	
SOX21	1	ENSG00000125285	
HOXA9	1	ENSG00000078399	
SOX17	1	ENSG00000164736	
SOX18	1	ENSG00000203883	
GREP1	1	ENSG00000262152	
SOX15	1	ENSG00000129194	
HOXA3	1	ENSG00000105997	
FDXR	1	ENSG00000161513	
HOXA2	1	ENSG00000105996	
HOXA1	1	ENSG00000105991	
HOXA7	1	ENSG00000122592	
HOXA6	1	ENSG00000106006	
HOXA5	1	ENSG00000106004	
HOXA4	1	ENSG00000197576	
UNC13B	1	ENSG00000198722	
UNC13C	1	ENSG00000137766	
UNC13A	1	ENSG00000130477	
ZNF705G	1	ENSG00000215372	
ZNF705D	1	ENSG00000215343	
ZNF705B	1	ENSG00000215356	
SOX13	1	ENSG00000143842	
SOX14	1	ENSG00000168875	
ZNF705A	1	ENSG00000196946	
SOX11	1	ENSG00000176887	
SOX12	1	ENSG00000177732	
SOX10	1	ENSG00000100146	
UNC13D	1	ENSG00000092929	
ZNF529-AS1	1	ENSG00000233527	
FCAMR	1	ENSG00000162897	
HOXB9	1	ENSG00000170689	
PRR19	1	ENSG00000188368	
FDX1	1	ENSG00000137714	
HOXB4	1	ENSG00000182742	
PRR16	1	ENSG00000184838	
FDX2	1	ENSG00000267673	
HOXB3	1	ENSG00000120093	
PRR15	1	ENSG00000176532	
HOXB2	1	ENSG00000173917	
PRR18	1	ENSG00000176381	
HOXB1	1	ENSG00000120094	
HOXB8	1	ENSG00000120068	
PRR12	1	ENSG00000126464	
PRR11	1	ENSG00000068489	
HOXB7	1	ENSG00000260027	
HOXB6	1	ENSG00000108511	
PRR14	1	ENSG00000156858	
HOXB5	1	ENSG00000120075	
PRR13	1	ENSG00000205352	
HOXD1	1	ENSG00000128645	
ENDOD1	1	ENSG00000149218	
SKA3	1	ENSG00000165480	
HIF1A	1	ENSG00000100644	
SKA1	1	ENSG00000154839	
SKA2	1	ENSG00000182628	
SIDT1-AS1	1	ENSG00000239453	
HOXC5	1	ENSG00000172789	
PRR27	1	ENSG00000187533	
HOXC4	1	ENSG00000198353	
PRR29	1	ENSG00000224383	
HOXC9	1	ENSG00000180806	
HOXC8	1	ENSG00000037965	
RREB1	1	ENSG00000124782	
PRR22	1	ENSG00000212123	
ELANE	1	ENSG00000197561	
HOXC6	1	ENSG00000197757	
PRR30	1	ENSG00000186143	
GRXCR1	1	ENSG00000215203	
PRR32	1	ENSG00000183631	
GRXCR2	1	ENSG00000204928	
SEPTIN4-AS1	1	ENSG00000264672	
MAD2L1BP	1	ENSG00000124688	
FOXG1-AS1	1	ENSG00000257126	
SOX30	1	ENSG00000039600	
KCNK15-AS1	1	ENSG00000244558	
HOXC-AS1	1	ENSG00000250451	
HOXC-AS2	1	ENSG00000250133	
TNFSF4	1	ENSG00000117586	
HOXC-AS3	1	ENSG00000251151	
CSMD2-AS1	1	ENSG00000231163	
UNC119	1	ENSG00000109103	
TNFSF9	1	ENSG00000125657	
TNFSF8	1	ENSG00000106952	
HOXD4	1	ENSG00000170166	
HOXD3	1	ENSG00000128652	
CLMAT3	1	ENSG00000249035	
PRR34	1	ENSG00000182257	
HOXD9	1	ENSG00000128709	
PRR33	1	ENSG00000283787	
HOXD8	1	ENSG00000175879	
PRR36	1	ENSG00000183248	
PRR35	1	ENSG00000161992	
TINAGL1	1	ENSG00000142910	
HIF3A	1	ENSG00000124440	
PDCD4-AS1	1	ENSG00000203497	
BATF2	1	ENSG00000168062	
SAP30-DT	1	ENSG00000272870	
BATF3	1	ENSG00000123685	
CNTD1	1	ENSG00000176563	
LOC112268408	1	ENSG00000266988	
MIR365BHG	1	ENSG00000228768	
ENSG00000280191	1	ENSG00000280191	
FAM90A19	1	ENSG00000285657	
ARHGAP5-AS1	1	ENSG00000258655	
LOC112268404	1	ENSG00000253887	
FAM90A26	1	ENSG00000229924	
FAM90A22	1	ENSG00000285687	
FAM90A23	1	ENSG00000285765	
AHNAK	1	ENSG00000124942	
TM9SF4	1	ENSG00000101337	
TM9SF3	1	ENSG00000077147	
MIR503HG	1	ENSG00000223749	
WWOX	1	ENSG00000186153	
ADAT1	1	ENSG00000065457	
WWP1	1	ENSG00000123124	
WWP2	1	ENSG00000198373	
ADAT3	1	ENSG00000213638	
ADAT2	1	ENSG00000189007	
TM9SF2	1	ENSG00000125304	
IGHD7-27	1	ENSG00000236597	
TM9SF1	1	ENSG00000100926	
STING1	1	ENSG00000184584	
CEP250-AS1	1	ENSG00000230155	
CYB561	1	ENSG00000008283	
TOR2A	1	ENSG00000160404	
LOC101929106	1	ENSG00000198491	
LINC01111	1	ENSG00000254300	
CLSTN2	1	ENSG00000158258	
CLSTN3	1	ENSG00000139182	
CLSTN1	1	ENSG00000171603	
RTKN2	1	ENSG00000182010	
PYCARD	1	ENSG00000103490	
SMR3B	1	ENSG00000171201	
SMR3A	1	ENSG00000109208	
LINC01106	1	ENSG00000175772	
LINC01107	1	ENSG00000225493	
LINC01108	1	ENSG00000226673	
LINC01102	1	ENSG00000235597	
LINC01103	1	ENSG00000234781	
LINC01104	1	ENSG00000232084	
RNASE11-AS1	1	ENSG00000258573	
CBARP-DT	1	ENSG00000267778	
TOR3A	1	ENSG00000186283	
LINC01100	1	ENSG00000242107	
ADAM2	1	ENSG00000104755	
ADAM9	1	ENSG00000168615	
ADAM8	1	ENSG00000151651	
ADAM7	1	ENSG00000069206	
INTS6L	1	ENSG00000165359	
LINC01132	1	ENSG00000227630	
DNMT1	1	ENSG00000130816	
MINDY3	1	ENSG00000148481	
LINC01133	1	ENSG00000224259	
MINDY4	1	ENSG00000106125	
RTL10	1	ENSG00000215012	
LINC01134	1	ENSG00000236423	
FECH	1	ENSG00000066926	
MINDY1	1	ENSG00000143409	
MINDY2	1	ENSG00000128923	
GLIS2-AS1	1	ENSG00000262686	
ADAP2	1	ENSG00000184060	
LINC01128	1	ENSG00000228794	
LINC01124	1	ENSG00000222033	
SKIL	1	ENSG00000136603	
LINC01126	1	ENSG00000279873	
LINC01127	1	ENSG00000281162	
LINC01120	1	ENSG00000223631	
IGHD6-6	1	ENSG00000228131	
ADISSP	1	ENSG00000101220	
LINC01121	1	ENSG00000205054	
LINC01122	1	ENSG00000233723	
TOR1A	1	ENSG00000136827	
LINC01123	1	ENSG00000204588	
MSC-AS1	1	ENSG00000235531	
LOC101929130	1	ENSG00000283175	
ADAP1	1	ENSG00000105963	
TOR1B	1	ENSG00000136816	
DISC1-IT1	1	ENSG00000226758	
LINC01117	1	ENSG00000224577	
LINC01118	1	ENSG00000222005	
SERINC1	1	ENSG00000111897	
LINC01119	1	ENSG00000239332	
SERINC3	1	ENSG00000132824	
SERINC2	1	ENSG00000168528	
LINC01114	1	ENSG00000234177	
SERINC5	1	ENSG00000164300	
LINC01115	2	ENSG00000272342:ENSG00000237667	
LINC01116	1	ENSG00000163364	
SERINC4	1	ENSG00000184716	
DAGLA	1	ENSG00000134780	
ENSG00000267122	1	ENSG00000267122	
CSAG2	1	ENSG00000268902	
CSAG3	1	ENSG00000268916	
CSAG1	1	ENSG00000198930	
PANK1-AS1	1	ENSG00000232936	
LIMS1-AS1	1	ENSG00000228763	
SPANXC	1	ENSG00000198573	
SPANXD	1	ENSG00000196406	
ENSG00000231183	1	ENSG00000231183	
ELAC2	1	ENSG00000006744	
NEURL1-AS1	1	ENSG00000235470	
ELAC1	1	ENSG00000141642	
ASMTL	1	ENSG00000169093	
TESMIN	1	ENSG00000132749	
DAGLB	1	ENSG00000164535	
PERCC1	1	ENSG00000284395	
PRR5L	1	ENSG00000135362	
CHADL	1	ENSG00000100399	
MYH9-DT	1	ENSG00000223695	
ENSG00000267131	1	ENSG00000267131	
SYN3-AS1	1	ENSG00000236054	
IGHV3-30-2	1	ENSG00000253587	
LINC01076	1	ENSG00000225105	
LINC01077	1	ENSG00000233456	
LINC01078	1	ENSG00000223880	
LINC01079	1	ENSG00000229609	
TP53RK	1	ENSG00000172315	
LINC01072	1	ENSG00000236076	
LINC01074	1	ENSG00000227611	
LINC01075	1	ENSG00000230142	
LINC01070	1	ENSG00000260102	
ANTXR2	1	ENSG00000163297	
ANTXR1	1	ENSG00000169604	
CCT6B	1	ENSG00000132141	
IGHVIII-22-2	1	ENSG00000254045	
SAP130	1	ENSG00000136715	
C6orf226	1	ENSG00000221821	
CHAC2	1	ENSG00000143942	
CHAC1	1	ENSG00000128965	
SKP2	1	ENSG00000145604	
LINC01069	1	ENSG00000236133	
SKP1	1	ENSG00000113558	
LINC01065	1	ENSG00000237092	
ST3GAL6-AS1	1	ENSG00000239445	
LINC01066	1	ENSG00000230403	
LINC01067	1	ENSG00000236053	
LINC01068	1	ENSG00000227676	
NFKBIL1	1	ENSG00000204498	
LINC01063	1	ENSG00000232065	
LINC01060	1	ENSG00000249378	
SCEL-AS1	1	ENSG00000224347	
MARF1	1	ENSG00000166783	
ANTXRL	1	ENSG00000274209	
LINC01058	1	ENSG00000225039	
ALDH7A1	1	ENSG00000164904	
LINC01098	1	ENSG00000231171	
LINC01099	1	ENSG00000251504	
RWDD2B	1	ENSG00000156253	
RWDD2A	1	ENSG00000013392	
LINC01094	1	ENSG00000251442	
LINC01095	1	ENSG00000248809	
LINC01096	1	ENSG00000246095	
LINC01097	1	ENSG00000281202	
LINC01090	1	ENSG00000231689	
LINC01091	1	ENSG00000249464	
LINC01093	1	ENSG00000249173	
RFPL4A	1	ENSG00000223638	
PRRC1	1	ENSG00000164244	
RFPL4B	1	ENSG00000251258	
GUCA1ANB	1	ENSG00000287363	
ENSG00000257787	1	ENSG00000257787	
RFPL3S	1	ENSG00000205853	
LINC01087	1	ENSG00000224559	
LINC01088	1	ENSG00000249307	
LINC01089	1	ENSG00000212694	
LINC01080	1	ENSG00000281721	
LINC01081	1	ENSG00000268754	
LINC01082	1	ENSG00000269186	
CCT6A	1	ENSG00000146731	
MARCO	1	ENSG00000019169	
HOTTIP	1	ENSG00000243766	
ARHGAP11B-DT	1	ENSG00000247728	
RTL8A	1	ENSG00000203950	
RTL8B	1	ENSG00000212747	
SHROOM3-AS1	1	ENSG00000233860	
RTL8C	1	ENSG00000134590	
HBS1L	1	ENSG00000112339	
LINC01033	1	ENSG00000249069	
FEN1	1	ENSG00000168496	
LINC01034	1	ENSG00000224933	
LINC01035	1	ENSG00000226486	
IGHVII-62-1	1	ENSG00000253747	
LINC01030	1	ENSG00000253799	
LINC01031	1	ENSG00000232077	
CAMKV	1	ENSG00000164076	
PCF11	1	ENSG00000165494	
NKIRAS1	1	ENSG00000197885	
NKIRAS2	1	ENSG00000168256	
LINC01029	1	ENSG00000265843	
RFPL1S	1	ENSG00000225465	
LINC01028	1	ENSG00000267603	
LINC01022	1	ENSG00000232715	
LINC01023	1	ENSG00000272523	
CAMLG	1	ENSG00000164615	
ENSG00000245748	1	ENSG00000245748	
LINC01020	1	ENSG00000215231	
ALG14-AS1	1	ENSG00000230427	
MMP23B	1	ENSG00000189409	
LINC01018	1	ENSG00000250056	
LINC01019	1	ENSG00000248118	
ENSG00000257711	1	ENSG00000257711	
LINC01014	1	ENSG00000223941	
LINC01015	1	ENSG00000224582	
LINC01016	1	ENSG00000249346	
LINC01017	1	ENSG00000250716	
OPRD1	1	ENSG00000116329	
TOR4A	1	ENSG00000198113	
LINC01054	1	ENSG00000229723	
LINC01055	1	ENSG00000235366	
LINC01056	1	ENSG00000237119	
LINC01050	1	ENSG00000271216	
TTC23L-AS1	1	ENSG00000272323	
LINC01052	1	ENSG00000234767	
LINC01053	1	ENSG00000238169	
ENSG00000231119	1	ENSG00000231119	
ENSG00000257746	1	ENSG00000257746	
TBL1Y	1	ENSG00000092377	
ADAD1	1	ENSG00000164113	
TBL1X	1	ENSG00000101849	
LINC01047	1	ENSG00000232225	
LINC01048	1	ENSG00000230390	
ENSG00000231110	1	ENSG00000231110	
LINC01049	1	ENSG00000234384	
ADAD2	1	ENSG00000140955	
LINC01043	1	ENSG00000260343	
LINC01044	1	ENSG00000223626	
LINC01046	1	ENSG00000233405	
LINC01040	1	ENSG00000226037	
SMIM15-AS1	1	ENSG00000251279	
RSL1D1	1	ENSG00000171490	
DNM1P35	1	ENSG00000246877	
CAMK4	1	ENSG00000152495	
B9D1	1	ENSG00000108641	
B9D2	1	ENSG00000123810	
CAMK1	1	ENSG00000134072	
LINC01036	1	ENSG00000230426	
LINC01038	1	ENSG00000229011	
LINC01039	1	ENSG00000234168	
STEAP3	1	ENSG00000115107	
STEAP4	1	ENSG00000127954	
NPY2R	1	ENSG00000185149	
NALF2	1	ENSG00000130054	
NALF1	1	ENSG00000204442	
BASP1	1	ENSG00000176788	
REV3L-IT1	1	ENSG00000229276	
LIPT2-AS1	1	ENSG00000254837	
RAP2C-AS1	1	ENSG00000232160	
NPY1R	1	ENSG00000164128	
STEAP1	1	ENSG00000164647	
STEAP2	1	ENSG00000157214	
SEZ6L2	1	ENSG00000174938	
NALCN	1	ENSG00000102452	
IGKV3OR2-5	1	ENSG00000270252	
MAN2A2	1	ENSG00000196547	
MAN2A1	1	ENSG00000112893	
MARK4	1	ENSG00000007047	
MARK3	1	ENSG00000075413	
MARK2	1	ENSG00000072518	
MARK1	1	ENSG00000116141	
RAP1GAP2	1	ENSG00000132359	
R3HDML-AS1	1	ENSG00000226812	
ALYREF	1	ENSG00000183684	
TDRD9	1	ENSG00000156414	
A2ML1	1	ENSG00000166535	
TDRD7	1	ENSG00000196116	
TDRD6	1	ENSG00000180113	
TDRD5	1	ENSG00000162782	
TDRD3	1	ENSG00000083544	
NMRAL1	1	ENSG00000153406	
TDRD1	1	ENSG00000095627	
DNMBP	1	ENSG00000107554	
TP53I3	1	ENSG00000115129	
MAN2B2	1	ENSG00000013288	
MAN2B1	1	ENSG00000104774	
CRISP1	1	ENSG00000124812	
CRISP2	1	ENSG00000124490	
CRISP3	1	ENSG00000096006	
MADCAM1	1	ENSG00000099866	
MAN2C1	1	ENSG00000140400	
DESI1	1	ENSG00000100418	
NPY5R	1	ENSG00000164129	
DESI2	1	ENSG00000121644	
TRAV13-2	1	ENSG00000211791	
TRAV13-1	1	ENSG00000211788	
MARS2	1	ENSG00000247626	
MARS1	1	ENSG00000166986	
URAD	1	ENSG00000183463	
SATB1-AS1	1	ENSG00000228956	
URB2	1	ENSG00000135763	
OPRM1	1	ENSG00000112038	
URB1	1	ENSG00000142207	
FCHO2-DT	1	ENSG00000272081	
ASMTL-AS1	1	ENSG00000236017	
ITGB1BP1	1	ENSG00000119185	
ITGB1BP2	1	ENSG00000147166	
NPY4R	1	ENSG00000204174	
OPRL1	1	ENSG00000125510	
MOSPD2	1	ENSG00000130150	
MOSPD1	1	ENSG00000101928	
FAM41AY1	1	ENSG00000224989	
MOSPD3	1	ENSG00000106330	
FAM41AY2	1	ENSG00000226362	
PRRG4	1	ENSG00000135378	
PRRG3	1	ENSG00000130032	
RNF139-DT	1	ENSG00000245149	
PRRG2	1	ENSG00000126460	
PRRG1	1	ENSG00000130962	
CD27-AS1	1	ENSG00000215039	
TNRC6B-DT	1	ENSG00000261202	
MAS1L	1	ENSG00000204687	
CYP1B1-AS1	1	ENSG00000232973	
NRG1-IT3	1	ENSG00000254049	
OPRK1	1	ENSG00000082556	
PYCARD-AS1	1	ENSG00000261359	
SHCBP1	1	ENSG00000171241	
NRG1-IT1	1	ENSG00000253974	
GNPDA1	1	ENSG00000113552	
GNPDA2	1	ENSG00000163281	
SMC5-DT	1	ENSG00000268364	
PWWP2B	1	ENSG00000171813	
SLA2	1	ENSG00000101082	
TIPARP-AS1	1	ENSG00000243926	
SYT2-AS1	1	ENSG00000226862	
DPYSL4	1	ENSG00000151640	
DPYSL5	1	ENSG00000157851	
KIAA1586	1	ENSG00000168116	
DPYSL2	1	ENSG00000092964	
GPBP1	1	ENSG00000062194	
DPYSL3	1	ENSG00000113657	
PWWP2A	1	ENSG00000170234	
VSTM1	1	ENSG00000189068	
VSTM4	1	ENSG00000165633	
IGHV3-7	1	ENSG00000211938	
VSTM5	1	ENSG00000214376	
IGHV3-6	1	ENSG00000253763	
KLC2-AS1	1	ENSG00000254855	
KLC2-AS2	1	ENSG00000254762	
FNBP4	1	ENSG00000109920	
SAP30BP	1	ENSG00000161526	
FNBP1	1	ENSG00000187239	
CACNA2D1	1	ENSG00000153956	
CACNA2D3	1	ENSG00000157445	
NEMP2-DT	1	ENSG00000233654	
CACNA2D2	1	ENSG00000007402	
CACNA2D4	1	ENSG00000151062	
ABITRAM	1	ENSG00000119328	
FEZ1	1	ENSG00000149557	
FEZ2	1	ENSG00000171055	
TCEANC2	1	ENSG00000116205	
PLBD1	1	ENSG00000121316	
TXNIP	1	ENSG00000265972	
CLOCK	1	ENSG00000134852	
PLBD2	1	ENSG00000151176	
SLBP	1	ENSG00000163950	
URI1	1	ENSG00000105176	
SLC39A12-AS1	1	ENSG00000226083	
ZC3HAV1	1	ENSG00000105939	
PRPSAP1	1	ENSG00000161542	
PRPSAP2	1	ENSG00000141127	
HLCS	1	ENSG00000159267	
TMED2-DT	1	ENSG00000247373	
MOV10L1	1	ENSG00000073146	
LMCD1-AS1	1	ENSG00000227110	
CREBBP	1	ENSG00000005339	
BTBD19	1	ENSG00000222009	
BTBD17	1	ENSG00000204347	
BTBD18	1	ENSG00000233436	
BTBD16	1	ENSG00000138152	
IGHVII-15-1	1	ENSG00000253458	
BTBD10	1	ENSG00000148925	
NANOG	1	ENSG00000111704	
JRKL	1	ENSG00000183340	
CASP14	1	ENSG00000105141	
CASP10	1	ENSG00000003400	
RING1	1	ENSG00000204227	
ZNF674-AS1	1	ENSG00000230844	
NTM-IT	1	ENSG00000238262	
PLSCR1	1	ENSG00000188313	
PLSCR3	1	ENSG00000187838	
PLSCR2	1	ENSG00000163746	
PLSCR5	1	ENSG00000231213	
PLSCR4	1	ENSG00000114698	
PAFAH1B3	1	ENSG00000079462	
PAFAH1B2	1	ENSG00000168092	
PAFAH1B1	1	ENSG00000007168	
ECHS1	1	ENSG00000127884	
URM1	1	ENSG00000167118	
AFF4-DT	1	ENSG00000272023	
CASP8AP2	1	ENSG00000118412	
SLF1	1	ENSG00000133302	
SLF2	1	ENSG00000119906	
KIR3DL1	1	ENSG00000167633	
KIR3DL2	1	ENSG00000240403	
KIR3DL3	1	ENSG00000242019	
MYBBP1A	1	ENSG00000132382	
THRB-IT1	1	ENSG00000224822	
PWWP3A	1	ENSG00000160953	
PWWP3B	1	ENSG00000157502	
CIAPIN1	1	ENSG00000005194	
DPP10-AS1	1	ENSG00000235026	
LY6L	1	ENSG00000261667	
LY6K	1	ENSG00000160886	
ALDH1L1	1	ENSG00000144908	
DPP10-AS3	1	ENSG00000231538	
DPP10-AS2	1	ENSG00000235717	
LY75	1	ENSG00000054219	
MAP3K7CL	1	ENSG00000156265	
ENSG00000267288	1	ENSG00000267288	
ALDH1L2	1	ENSG00000136010	
UROD	1	ENSG00000126088	
SMG7-AS1	1	ENSG00000232860	
CDYL-AS1	1	ENSG00000236336	
EIF2S3B	1	ENSG00000180574	
TSPOAP1-AS1	1	ENSG00000265148	
RINT1	1	ENSG00000135249	
LY6D	1	ENSG00000167656	
LY6H	1	ENSG00000176956	
AJUBA	1	ENSG00000129474	
LY6E	1	ENSG00000160932	
GRIA1	1	ENSG00000155511	
GRIA2	1	ENSG00000120251	
LY96	1	ENSG00000154589	
CREBL2	1	ENSG00000111269	
SLC9A9-AS2	1	ENSG00000244493	
SLC9A9-AS1	1	ENSG00000240012	
KIAA1522	1	ENSG00000162522	
TNFRSF17	1	ENSG00000048462	
CABP1-DT	1	ENSG00000256008	
PARD6G-AS1	1	ENSG00000267270	
TNFRSF14	1	ENSG00000157873	
SLIT2-IT1	1	ENSG00000248228	
IP6K1	1	ENSG00000176095	
GRIA3	1	ENSG00000125675	
IP6K3	1	ENSG00000161896	
SAC3D1	1	ENSG00000168061	
IP6K2	1	ENSG00000068745	
GRIA4	1	ENSG00000152578	
UROS	1	ENSG00000188690	
LY86	1	ENSG00000112799	
H2AZ2-DT	1	ENSG00000234183	
OR7E24	1	ENSG00000237521	
ENSG00000243273	1	ENSG00000243273	
ENSG00000267248	1	ENSG00000267248	
KIAA1549	1	ENSG00000122778	
PIERCE2	1	ENSG00000261652	
PIERCE1	1	ENSG00000160345	
GRID2	1	ENSG00000152208	
PINX1-DT	1	ENSG00000253695	
GRID1	1	ENSG00000182771	
TNFRSF18	1	ENSG00000186891	
TNFRSF19	1	ENSG00000127863	
TNFRSF1B	1	ENSG00000028137	
ARFGAP3	1	ENSG00000242247	
ARFGAP1	1	ENSG00000101199	
TNFRSF1A	1	ENSG00000067182	
ARFGAP2	1	ENSG00000149182	
PTPRS-AS1	1	ENSG00000267550	
TNFRSF25	1	ENSG00000215788	
ENSG00000279249	1	ENSG00000279249	
TNFRSF21	1	ENSG00000146072	
PLCH1-AS1	1	ENSG00000239508	
PLCH1-AS2	1	ENSG00000242925	
CANT1	1	ENSG00000171302	
CARNMT1	1	ENSG00000156017	
HM13	1	ENSG00000101294	
SRBD1	1	ENSG00000068784	
BTG1-DT	1	ENSG00000245904	
ENSG00000267260	1	ENSG00000267260	
OR12D3	1	ENSG00000112462	
OR12D2	1	ENSG00000280236	
TXNL1	1	ENSG00000091164	
HCRTR2	1	ENSG00000137252	
HCRTR1	1	ENSG00000121764	
ZNF460-AS1	1	ENSG00000267871	
C16orf82	1	ENSG00000234186	
TNFRSF6B	1	ENSG00000243509	
THSD7B	1	ENSG00000144229	
C16orf89	1	ENSG00000153446	
POLH-AS1	1	ENSG00000203362	
C16orf87	1	ENSG00000155330	
C16orf86	1	ENSG00000159761	
ENSG00000267202	1	ENSG00000267202	
THSD7A	1	ENSG00000005108	
ENSG00000231252	1	ENSG00000231252	
ITFG2-AS1	1	ENSG00000258325	
C16orf78	1	ENSG00000166152	
C16orf74	1	ENSG00000154102	
SLPI	1	ENSG00000124107	
PNLDC1	1	ENSG00000146453	
VPS39-DT	1	ENSG00000261002	
ENSG00000255240	1	ENSG00000255240	
ACTR3B	1	ENSG00000133627	
TTBK1	1	ENSG00000146216	
TTBK2	1	ENSG00000128881	
ACTR3C	1	ENSG00000106526	
HLTF	1	ENSG00000071794	
LYAR	1	ENSG00000145220	
CAMTA1-DT	1	ENSG00000237436	
FER1L5	1	ENSG00000249715	
SPHKAP	1	ENSG00000153820	
NBEAL1	1	ENSG00000144426	
NBEAL2	1	ENSG00000160796	
C16orf54	1	ENSG00000185905	
FER1L6	1	ENSG00000214814	
ZNNT1	1	ENSG00000261087	
HIBADH	1	ENSG00000106049	
ENSG00000269825	1	ENSG00000269825	
GRIK5	1	ENSG00000105737	
GRIK3	1	ENSG00000163873	
GRIK4	1	ENSG00000149403	
GRIK1	1	ENSG00000171189	
GRIK2	1	ENSG00000164418	
ACTR1A	1	ENSG00000138107	
ACTR1B	1	ENSG00000115073	
CNTRL	1	ENSG00000119397	
PGM5P4-AS1	1	ENSG00000231943	
MIR4300HG	1	ENSG00000245832	
MIR4290HG	1	ENSG00000227555	
SLTM	1	ENSG00000137776	
CLECL1P	1	ENSG00000184293	
SLU7	1	ENSG00000164609	
SAMD12-AS1	1	ENSG00000281641	
LINC03111	1	ENSG00000267686	
LINC03114	1	ENSG00000285896	
LINC03113	1	ENSG00000287171	
LINC03110	1	ENSG00000275418	
GPALPP1	1	ENSG00000133114	
CTXND2	1	ENSG00000283324	
FITM1	1	ENSG00000139914	
CTXND1	1	ENSG00000259417	
FITM2	1	ENSG00000197296	
SLX4	1	ENSG00000188827	
ENSG00000255206	1	ENSG00000255206	
ORMDL2	1	ENSG00000123353	
ORMDL3	1	ENSG00000172057	
CYTOR	1	ENSG00000222041	
LINC03109	1	ENSG00000241220	
LINC03108	1	ENSG00000258082	
SLX9	1	ENSG00000160256	
LINC03107	1	ENSG00000263257	
C16orf95	1	ENSG00000260456	
LINC03101	1	ENSG00000286296	
C16orf92	1	ENSG00000167194	
C16orf90	1	ENSG00000215131	
ORMDL1	1	ENSG00000128699	
GRIN1	1	ENSG00000176884	
C16orf96	1	ENSG00000205832	
SEC23IP	1	ENSG00000107651	
MIR3976HG	1	ENSG00000261738	
ACTR10	1	ENSG00000131966	
LNCTAM34A	1	ENSG00000234546	
GRINA	1	ENSG00000178719	
TRAV41	1	ENSG00000211820	
MADD-AS1	1	ENSG00000256746	
GRIP1	1	ENSG00000155974	
TRAV40	1	ENSG00000211819	
ZNF132-DT	1	ENSG00000269473	
TMOD1	1	ENSG00000136842	
TRAV39	1	ENSG00000211818	
HEATR3-AS1	1	ENSG00000259843	
PCID2	1	ENSG00000126226	
FBXW12	1	ENSG00000164049	
FBXW10	1	ENSG00000171931	
FBXW11	1	ENSG00000072803	
TMOD4	1	ENSG00000163157	
TMOD3	1	ENSG00000138594	
TMOD2	1	ENSG00000128872	
TTC7B	1	ENSG00000165914	
PITRM1-AS1	1	ENSG00000237399	
TRAV31	1	ENSG00000249048	
TRAV30	1	ENSG00000259092	
TRAV33	1	ENSG00000258812	
TTC7A	1	ENSG00000068724	
TRAV32	1	ENSG00000258905	
TRAV35	1	ENSG00000211814	
TRAV34	1	ENSG00000211813	
GRIP2	1	ENSG00000144596	
TRAV37	1	ENSG00000259068	
LYG1	1	ENSG00000144214	
LYG2	1	ENSG00000185674	
TRAV28	1	ENSG00000258835	
TRAV27	1	ENSG00000211809	
TRAV20	1	ENSG00000211800	
TRAV22	1	ENSG00000211802	
TRAV21	1	ENSG00000211801	
TRAV24	1	ENSG00000211805	
TRAV25	1	ENSG00000211806	
CYTL1	1	ENSG00000170891	
CNTLN	1	ENSG00000044459	
TRAV17	1	ENSG00000211797	
TRAV16	1	ENSG00000211796	
TRAV19	1	ENSG00000211799	
TRAV18	1	ENSG00000211798	
CNTN5	1	ENSG00000149972	
AUTS2	1	ENSG00000158321	
CNTN6	1	ENSG00000134115	
PCIF1	1	ENSG00000100982	
BLTP2	1	ENSG00000007202	
USB1	1	ENSG00000103005	
TRAV11	1	ENSG00000256474	
TRAV10	1	ENSG00000211784	
BLTP1	1	ENSG00000138688	
TRAV15	1	ENSG00000258482	
CNTN1	1	ENSG00000018236	
RSPH14	1	ENSG00000100218	
CNTN2	1	ENSG00000184144	
CNTN3	1	ENSG00000113805	
CNTN4	1	ENSG00000144619	
TTC26	1	ENSG00000105948	
TTC23	1	ENSG00000103852	
TTC24	1	ENSG00000187862	
TTC22	1	ENSG00000006555	
MIR325HG	1	ENSG00000280870	
TTC29	1	ENSG00000137473	
USE1	1	ENSG00000053501	
TTC27	1	ENSG00000018699	
TTC28	1	ENSG00000100154	
LYL1	1	ENSG00000104903	
FYCO1	1	ENSG00000163820	
KDM4A-AS1	1	ENSG00000236200	
CYTIP	1	ENSG00000115165	
TTC36	1	ENSG00000172425	
TTC34	1	ENSG00000215912	
OLIG3	1	ENSG00000177468	
TTC32	1	ENSG00000183891	
TTC33	1	ENSG00000113638	
MIR205HG	1	ENSG00000230937	
TTC31	1	ENSG00000115282	
OLIG1	1	ENSG00000184221	
OLIG2	1	ENSG00000205927	
TTC38	1	ENSG00000075234	
DYNAP	1	ENSG00000178690	
TMEM220-AS1	1	ENSG00000263400	
TAX1BP1-AS1	1	ENSG00000229893	
PHKA1-AS1	1	ENSG00000231944	
SLC3A1	1	ENSG00000138079	
SLC3A2	1	ENSG00000168003	
LARGE-AS1	1	ENSG00000224973	
CYTH3	1	ENSG00000008256	
CAND2	1	ENSG00000144712	
CYTH2	1	ENSG00000105443	
FOXN3-AS2	1	ENSG00000259073	
CYTH4	1	ENSG00000100055	
CAND1	1	ENSG00000111530	
FOXN3-AS1	1	ENSG00000258920	
DCAF8-DT	1	ENSG00000228606	
SMARCA2-AS1	1	ENSG00000236199	
KHDRBS2-OT1	1	ENSG00000250686	
TDRD6-AS1	1	ENSG00000242973	
CYTH1	1	ENSG00000108669	
TTC14	1	ENSG00000163728	
TTC12	1	ENSG00000149292	
TTC13	1	ENSG00000143643	
USF3	1	ENSG00000176542	
TTC19	1	ENSG00000011295	
USF2	1	ENSG00000105698	
SPATA3-AS1	1	ENSG00000238062	
USF1	1	ENSG00000158773	
TTC16	1	ENSG00000167094	
TTC17	1	ENSG00000052841	
SMUG1	1	ENSG00000123415	
OPN1SW	1	ENSG00000128617	
GPD1L	1	ENSG00000152642	
PRSS1	1	ENSG00000204983	
SLC4A1	1	ENSG00000004939	
SMC5	1	ENSG00000198887	
IGHV2-70D	1	ENSG00000211974	
SMC6	1	ENSG00000163029	
SLC4A2	1	ENSG00000164889	
SMC3	1	ENSG00000108055	
SLC4A3	1	ENSG00000114923	
SLC4A4	1	ENSG00000080493	
SMC4	1	ENSG00000113810	
SLC4A5	1	ENSG00000188687	
SMC2	1	ENSG00000136824	
NAMPT	1	ENSG00000105835	
PRSS8	1	ENSG00000052344	
PRSS3	1	ENSG00000010438	
PRSS2	1	ENSG00000275896	
RSPH6A	1	ENSG00000104941	
MED14OS	1	ENSG00000234636	
IGKV6D-41	1	ENSG00000211626	
DEPDC1B	1	ENSG00000035499	
ADCY9	1	ENSG00000162104	
HMBS	1	ENSG00000256269	
IGHV4-4	1	ENSG00000276775	
OR13J1	1	ENSG00000168828	
SAMSN1	1	ENSG00000155307	
NUGGC	1	ENSG00000189233	
PLAC8	1	ENSG00000145287	
FAM171A1	1	ENSG00000148468	
PLAC9	1	ENSG00000189129	
FAM171A2	1	ENSG00000161682	
NCSTN	1	ENSG00000162736	
PLAC1	1	ENSG00000170965	
PLAC4	1	ENSG00000280109	
SMCP	1	ENSG00000163206	
PRKG1-AS1	1	ENSG00000236671	
RC3H1-DT	1	ENSG00000224977	
POU6F2	1	ENSG00000106536	
LAPTM4A-DT	1	ENSG00000223734	
POU6F1	1	ENSG00000184271	
IGKV6D-21	1	ENSG00000225523	
LDAF1	1	ENSG00000011638	
SMG1	1	ENSG00000157106	
SMG9	1	ENSG00000105771	
CHCT1	1	ENSG00000141371	
SMG7	1	ENSG00000116698	
LYST	1	ENSG00000143669	
SMG8	1	ENSG00000167447	
SMG5	1	ENSG00000198952	
SMG6	1	ENSG00000070366	
NUP93-DT	1	ENSG00000261302	
MSGN1	1	ENSG00000151379	
MYZAP	1	ENSG00000263155	
CXXC4-AS1	1	ENSG00000245384	
HEY2-AS1	1	ENSG00000237742	
USO1	1	ENSG00000138768	
ADCY4	1	ENSG00000129467	
ADCY3	1	ENSG00000138031	
ADCY2	1	ENSG00000078295	
ADCY1	1	ENSG00000164742	
ADCY8	1	ENSG00000155897	
ADCY7	1	ENSG00000121281	
FGD1	1	ENSG00000102302	
ADCY6	1	ENSG00000174233	
FGD2	1	ENSG00000146192	
ADCY5	1	ENSG00000173175	
FGD3	1	ENSG00000127084	
ARFRP1	1	ENSG00000101246	
FGD4	1	ENSG00000139132	
FGD5	1	ENSG00000154783	
FGD6	1	ENSG00000180263	
GPAT4	1	ENSG00000158669	
USP1	1	ENSG00000162607	
ASPDH	1	ENSG00000204653	
PCGF1	1	ENSG00000115289	
GPAT3	1	ENSG00000138678	
GPAT2	1	ENSG00000186281	
RSPH4A	1	ENSG00000111834	
PCGF6	1	ENSG00000156374	
NOXRED1	1	ENSG00000165555	
KIDINS220	1	ENSG00000134313	
PCGF5	1	ENSG00000180628	
PCGF2	1	ENSG00000277258	
PCGF3	1	ENSG00000185619	
JKAMP	1	ENSG00000050130	
VMA21	1	ENSG00000160131	
FGF1	1	ENSG00000113578	
FGF2	1	ENSG00000138685	
FGF3	1	ENSG00000186895	
FGF4	1	ENSG00000075388	
FGF5	1	ENSG00000138675	
RIMS2	1	ENSG00000176406	
RIMS1	1	ENSG00000079841	
FGF6	1	ENSG00000111241	
RAB33B-AS1	1	ENSG00000273247	
RIMS4	1	ENSG00000101098	
FGF7	1	ENSG00000140285	
FGF8	1	ENSG00000107831	
RIMS3	1	ENSG00000117016	
FGF9	1	ENSG00000102678	
OR13D1	1	ENSG00000179055	
CSGALNACT1	1	ENSG00000147408	
USP8	1	ENSG00000138592	
USP7	1	ENSG00000187555	
USP6	1	ENSG00000129204	
USP5	1	ENSG00000111667	
USP4	1	ENSG00000114316	
MAMSTR	1	ENSG00000176909	
USP3	1	ENSG00000140455	
USP2	1	ENSG00000036672	
CSGALNACT2	1	ENSG00000169826	
CHD1L	1	ENSG00000131778	
PYGO1	1	ENSG00000171016	
PYGO2	1	ENSG00000163348	
OR13C9	1	ENSG00000136839	
OR13C8	1	ENSG00000186943	
HOXC13-AS	1	ENSG00000249641	
MCPH1-DT	1	ENSG00000246089	
B4GALT4-AS1	1	ENSG00000240254	
BMP8B-AS1	1	ENSG00000285905	
OR13C3	1	ENSG00000204246	
SPINT1-AS1	1	ENSG00000261183	
OR13C2	1	ENSG00000276119	
ERICH6-AS1	1	ENSG00000240137	
OR13C5	1	ENSG00000277556	
OR13C4	1	ENSG00000148136	
RTN4R	1	ENSG00000040608	
HMMR	1	ENSG00000072571	
E2F5-DT	1	ENSG00000260493	
FGGY	1	ENSG00000172456	
PRECSIT	1	ENSG00000255874	
SMN2	1	ENSG00000205571	
SMN1	1	ENSG00000172062	
SLC4A10	1	ENSG00000144290	
SLC4A11	1	ENSG00000088836	
DAB2	1	ENSG00000153071	
DAB1	1	ENSG00000173406	
OR13A1	1	ENSG00000256574	
OR13H1	1	ENSG00000171054	
UFSP2	1	ENSG00000109775	
UFSP1	1	ENSG00000176125	
IGKV3OR2-268	1	ENSG00000233999	
IGHD5-12	1	ENSG00000211921	
IGHD5-18	1	ENSG00000211915	
PAAF1	1	ENSG00000175575	
OR13G1	1	ENSG00000197437	
CTDSPL	1	ENSG00000144677	
IGHD5-24	1	ENSG00000211909	
DAD1	1	ENSG00000129562	
CTDSP1	1	ENSG00000144579	
CTDSP2	1	ENSG00000175215	
SEPTIN9-DT	1	ENSG00000263718	
ENSG00000255375	1	ENSG00000255375	
SMPX	1	ENSG00000091482	
PLAG1	1	ENSG00000181690	
FGL1	1	ENSG00000104760	
FGL2	1	ENSG00000127951	
GATA2-AS1	1	ENSG00000244300	
OR13F1	1	ENSG00000186881	
NLGN4Y	1	ENSG00000165246	
NLGN4X	1	ENSG00000146938	
SMOX	1	ENSG00000088826	
HEATR5A-DT	1	ENSG00000250365	
MFAP5	1	ENSG00000197614	
MFAP4	1	ENSG00000166482	
MFAP1	1	ENSG00000140259	
MFAP3	1	ENSG00000037749	
MFAP2	1	ENSG00000117122	
ZACN	1	ENSG00000186919	
LINC03013	1	ENSG00000227544	
CCDC200	1	ENSG00000236383	
LINC03012	1	ENSG00000226770	
LINC03015	1	ENSG00000242474	
LINC03014	1	ENSG00000240859	
LINC03011	1	ENSG00000237310	
LINC03010	1	ENSG00000218672	
CCDC201	1	ENSG00000283247	
PDCD2L	1	ENSG00000126249	
PABPN1L	1	ENSG00000205022	
TIAL1	1	ENSG00000151923	
MTOR-AS1	1	ENSG00000225602	
DAG1	1	ENSG00000173402	
BRICD5	1	ENSG00000182685	
LINC03008	1	ENSG00000229196	
LINC03007	1	ENSG00000223561	
LINC03002	1	ENSG00000232310	
LINC03004	1	ENSG00000230533	
LINC03000	1	ENSG00000241956	
SLC51A	1	ENSG00000163959	
SLC51B	1	ENSG00000186198	
TIAM2	1	ENSG00000146426	
TIAM1	1	ENSG00000156299	
HMSD	1	ENSG00000221887	
VSTM2B-DT	1	ENSG00000264515	
GINM1	1	ENSG00000055211	
LINC03034	1	ENSG00000259772	
LINC03037	1	ENSG00000230952	
LINC03036	1	ENSG00000229272	
LINC03031	1	ENSG00000254584	
LINC03033	1	ENSG00000232774	
RPAP1	1	ENSG00000103932	
RPAP2	1	ENSG00000122484	
RPAP3	1	ENSG00000005175	
CD79B	1	ENSG00000007312	
CD79A	1	ENSG00000105369	
PDCD11	1	ENSG00000148843	
PDCD10	1	ENSG00000114209	
ENSG00000282936	1	ENSG00000282936	
ENSG00000255367	1	ENSG00000255367	
PARD3-DT	1	ENSG00000226386	
LINC03023	2	ENSG00000253147:ENSG00000254026	
LINC03026	1	ENSG00000287750	
LINC03025	2	ENSG00000234394:ENSG00000276462	
LINC03020	1	ENSG00000253967	
LINC03022	1	ENSG00000253641	
MRAP-AS1	1	ENSG00000232623	
LINC03021	2	ENSG00000277526:ENSG00000254319	
SMU1	1	ENSG00000122692	
SMTN	1	ENSG00000183963	
ADCK2	1	ENSG00000133597	
ADCK1	1	ENSG00000063761	
ADCK5	1	ENSG00000173137	
RB1-DT	1	ENSG00000231473	
LINC03017	1	ENSG00000235139	
DCP1A	1	ENSG00000272886	
LINC03016	1	ENSG00000230825	
LINC03019	1	ENSG00000254813	
DCP1B	1	ENSG00000151065	
LINC03018	1	ENSG00000254139	
RPAIN	1	ENSG00000129197	
C2CD6	1	ENSG00000155754	
HMX3	1	ENSG00000188620	
C2CD5	1	ENSG00000111731	
C2CD3	1	ENSG00000168014	
C2CD2	1	ENSG00000157617	
TRBV21OR9-2	1	ENSG00000183938	
RCAN2-DT	1	ENSG00000236466	
FAM197Y7	1	ENSG00000228383	
FAM197Y6	1	ENSG00000237802	
PDCD1LG2	1	ENSG00000197646	
MATN1	1	ENSG00000162510	
ACTRT2	1	ENSG00000169717	
OBI1-AS1	1	ENSG00000234377	
MATN4	1	ENSG00000124159	
ACTRT3	1	ENSG00000184378	
MATN3	1	ENSG00000132031	
HMX2	1	ENSG00000188816	
ACTRT1	1	ENSG00000123165	
MATN2	1	ENSG00000132561	
HMX1	1	ENSG00000215612	
ATP13A4-AS1	1	ENSG00000225473	
CHRAC1	1	ENSG00000104472	
ENSG00000255326	1	ENSG00000255326	
ENSG00000255320	1	ENSG00000255320	
GINS1	1	ENSG00000101003	
GINS2	1	ENSG00000131153	
GINS3	1	ENSG00000181938	
GINS4	1	ENSG00000147536	
DAP-DT	1	ENSG00000272324	
GRHL3	1	ENSG00000158055	
GRHL1	1	ENSG00000134317	
GRHL2	1	ENSG00000083307	
ZNF516-DT	1	ENSG00000275763	
ENSG00000282904	1	ENSG00000282904	
ENSG00000255314	1	ENSG00000255314	
LINC03097	1	ENSG00000231653	
ZWILCH	1	ENSG00000174442	
LINC03096	1	ENSG00000255227	
IGLVV-58	1	ENSG00000253637	
DNAJA4-DT	1	ENSG00000259708	
LINC03092	1	ENSG00000267327	
LINC03095	1	ENSG00000233760	
LZIC	1	ENSG00000162441	
DEUP1	1	ENSG00000165325	
LINC03094	1	ENSG00000285483	
MARCHF10	1	ENSG00000173838	
MARCHF11	1	ENSG00000183654	
CCDC28B	1	ENSG00000160050	
NAMPT-AS1	1	ENSG00000273320	
CCDC28A	1	ENSG00000024862	
LINC03090	1	ENSG00000253355	
DAOA	1	ENSG00000182346	
MAGED4B	1	ENSG00000187243	
MBTPS1-DT	1	ENSG00000260018	
IGLVV-66	1	ENSG00000254075	
AZI2	1	ENSG00000163512	
LINC03089	1	ENSG00000237590	
LINC03086	1	ENSG00000226644	
LINC03085	1	ENSG00000276030	
LINC03088	1	ENSG00000257883	
LINC03082	1	ENSG00000275830	
LINC03081	1	ENSG00000237845	
LINC03084	1	ENSG00000254041	
LINC03083	1	ENSG00000234104	
LINC03080	1	ENSG00000259341	
ZBTB11-AS1	1	ENSG00000256628	
ENSG00000233968	1	ENSG00000233968	
SRARP	1	ENSG00000183888	
PHLDA1-DT	1	ENSG00000257839	
BUD13-DT	1	ENSG00000226645	
MATR3	2	ENSG00000280987:ENSG00000015479	
PRTN3	1	ENSG00000196415	
DAP3	1	ENSG00000132676	
STEAP1B	1	ENSG00000105889	
RUFY1-AS1	1	ENSG00000244945	
PMAIP1	1	ENSG00000141682	
OGFRP1	1	ENSG00000182057	
GRHPR	1	ENSG00000137106	
LINC03057	1	ENSG00000272763	
LINC03056	1	ENSG00000258117	
LINC03059	1	ENSG00000258592	
LINC03058	1	ENSG00000258810	
LINC03053	1	ENSG00000223486	
LINC03052	1	ENSG00000272913	
LINC03054	1	ENSG00000253455	
LINC03051	1	ENSG00000239268	
LINC03050	1	ENSG00000235725	
RABEPK	1	ENSG00000136933	
OASL	1	ENSG00000135114	
LRRTM3	1	ENSG00000198739	
PAQR9-AS1	1	ENSG00000241570	
LRRTM4	1	ENSG00000176204	
LRRTM1	1	ENSG00000162951	
TOP1MT	1	ENSG00000184428	
LRRTM2	1	ENSG00000146006	
HLX-AS1	1	ENSG00000257551	
LINC03049	1	ENSG00000271109	
LINC03046	1	ENSG00000224817	
LINC03048	1	ENSG00000262223	
LINC03047	1	ENSG00000253633	
LINC03042	1	ENSG00000196166	
LINC03041	1	ENSG00000205549	
LINC03044	1	ENSG00000253395	
LINC03043	1	ENSG00000275356	
PLAUR	1	ENSG00000011422	
LINC03040	1	ENSG00000181577	
UTF1	1	ENSG00000171794	
ZAR1	1	ENSG00000182223	
SUPV3L1	1	ENSG00000156502	
ALDH1A3	1	ENSG00000184254	
IGLV5-37	1	ENSG00000211654	
RABEP1	1	ENSG00000029725	
OAS1	1	ENSG00000089127	
RABEP2	1	ENSG00000177548	
OAS2	1	ENSG00000111335	
OAS3	1	ENSG00000111331	
ALDH1A2	1	ENSG00000128918	
ALDH1A1	1	ENSG00000165092	
NHSL1-AS1	1	ENSG00000225177	
LINC03079	1	ENSG00000276923	
LINC03078	1	ENSG00000231412	
LINC03075	1	ENSG00000229301	
LINC03074	1	ENSG00000251249	
LINC03077	1	ENSG00000281566	
LINC03076	1	ENSG00000223646	
IGLV5-52	1	ENSG00000211643	
NCAM1-AS1	1	ENSG00000227487	
LINC03071	1	ENSG00000254080	
LINC03070	1	ENSG00000236120	
PKIA-AS1	1	ENSG00000254266	
LINC03073	1	ENSG00000273084	
LINC03072	1	ENSG00000273270	
OGFRL1	1	ENSG00000119900	
IGLV5-48	1	ENSG00000211647	
ALDH1B1	1	ENSG00000137124	
IGLV5-45	1	ENSG00000211650	
SNCG	1	ENSG00000173267	
SNCB	1	ENSG00000074317	
LURAP1	1	ENSG00000171357	
SNCA	1	ENSG00000145335	
LINC03068	1	ENSG00000234311	
LINC03067	1	ENSG00000271119	
LINC03069	1	ENSG00000206129	
LINC03064	1	ENSG00000260963	
LINC03066	1	ENSG00000263667	
LINC03065	1	ENSG00000276524	
DAW1	1	ENSG00000123977	
LINC03060	1	ENSG00000273297	
LINC03062	1	ENSG00000237372	
LINC03061	1	ENSG00000275216	
SERTAD3-AS1	1	ENSG00000268366	
SLC4A7	1	ENSG00000033867	
SLC4A8	1	ENSG00000050438	
SLC4A9	1	ENSG00000113073	
NSDHL	1	ENSG00000147383	
DAXX	1	ENSG00000204209	
SND1	1	ENSG00000197157	
SLC5A6	1	ENSG00000138074	
SLC5A7	1	ENSG00000115665	
SLC5A8	1	ENSG00000256870	
SLC5A9	1	ENSG00000117834	
TBPL2	1	ENSG00000182521	
PADI3	1	ENSG00000142619	
TBPL1	1	ENSG00000028839	
PADI2	1	ENSG00000117115	
PADI4	1	ENSG00000159339	
UBE2E2-DT	1	ENSG00000233153	
PADI1	1	ENSG00000142623	
PADI6	1	ENSG00000276747	
DAZ4	1	ENSG00000205916	
DAZ3	1	ENSG00000187191	
DAZ2	1	ENSG00000205944	
SLC5A1	1	ENSG00000100170	
DAZ1	1	ENSG00000188120	
SLC5A2	1	ENSG00000140675	
OAZ1	1	ENSG00000104904	
SLC5A3	1	ENSG00000198743	
SLC5A4	1	ENSG00000100191	
OAZ2	1	ENSG00000180304	
SLC5A5	1	ENSG00000105641	
OAZ3	1	ENSG00000143450	
MLF1-DT	1	ENSG00000243150	
HMGXB4	1	ENSG00000100281	
SMAD9-IT1	1	ENSG00000236711	
OR10D3	1	ENSG00000197309	
HMGXB3	1	ENSG00000113716	
PROSER3	1	ENSG00000167595	
B3GALNT2	1	ENSG00000162885	
B3GALNT1	1	ENSG00000169255	
NAPSA	1	ENSG00000131400	
ERLIN1	1	ENSG00000107566	
ERLIN2	1	ENSG00000147475	
SNF8	1	ENSG00000159210	
AZU1	1	ENSG00000172232	
DAZL	1	ENSG00000092345	
OR10C1	1	ENSG00000206474	
TRAM2-AS1	1	ENSG00000225791	
OR10J1	1	ENSG00000196184	
DDHD1-DT	1	ENSG00000258731	
OR10J5	1	ENSG00000184155	
PRR23D1	1	ENSG00000255251	
PRR23D2	1	ENSG00000255378	
FGFBP3	1	ENSG00000174721	
ELOVL1	1	ENSG00000066322	
FGFBP1	1	ENSG00000137440	
FGFBP2	1	ENSG00000137441	
ELOVL4	1	ENSG00000118402	
RIPK3	1	ENSG00000129465	
ELOVL5	1	ENSG00000012660	
RIPK2	1	ENSG00000104312	
ELOVL2	1	ENSG00000197977	
ELOVL3	1	ENSG00000119915	
RIPK4	1	ENSG00000183421	
ELOVL6	1	ENSG00000170522	
ELOVL7	1	ENSG00000164181	
POU5F1	1	ENSG00000204531	
POU5F2	1	ENSG00000248483	
SLC29A4	1	ENSG00000164638	
SLC29A1	1	ENSG00000112759	
SLC29A3	1	ENSG00000198246	
SLC29A2	1	ENSG00000174669	
OR10H1	1	ENSG00000186723	
OR10H3	1	ENSG00000171936	
OR10H2	1	ENSG00000171942	
OR10H5	1	ENSG00000172519	
OR10H4	1	ENSG00000176231	
TFAP2A-AS1	1	ENSG00000229950	
TFAP2A-AS2	1	ENSG00000285278	
FEZF1-AS1	1	ENSG00000230316	
RECQL4	1	ENSG00000160957	
RECQL5	1	ENSG00000108469	
WSPAR	1	ENSG00000249073	
UTP6	1	ENSG00000108651	
UTP4	1	ENSG00000141076	
OR10G2	1	ENSG00000255582	
UTP3	1	ENSG00000132467	
OR10G4	1	ENSG00000254737	
OR10G3	1	ENSG00000169208	
YLPM1	1	ENSG00000119596	
OR10G6	1	ENSG00000198674	
OR10G8	1	ENSG00000234560	
OR10G7	1	ENSG00000182634	
OR10G9	1	ENSG00000236981	
CSE1L	1	ENSG00000124207	
STK19	1	ENSG00000204344	
HNMT	1	ENSG00000150540	
STK10	1	ENSG00000072786	
STK11	1	ENSG00000118046	
E2F3-IT1	1	ENSG00000224707	
STK16	1	ENSG00000115661	
GPRC5D-AS1	1	ENSG00000247498	
UTS2	1	ENSG00000049247	
UTRN	1	ENSG00000152818	
TM4SF18-AS1	1	ENSG00000244468	
STK39	1	ENSG00000198648	
FHIT	1	ENSG00000189283	
STK31	1	ENSG00000196335	
STK33	1	ENSG00000130413	
TMEM147-AS1	1	ENSG00000236144	
STK35	1	ENSG00000125834	
STK36	1	ENSG00000163482	
STK38	1	ENSG00000112079	
ZBBX	1	ENSG00000169064	
SRD5A2	1	ENSG00000277893	
SRD5A1	1	ENSG00000145545	
SRD5A3	1	ENSG00000128039	
LOC101929494	1	ENSG00000276170	
KIAA1755	1	ENSG00000149633	
PTGES2-AS1	1	ENSG00000232850	
STK24	1	ENSG00000102572	
BMAL2-AS1	1	ENSG00000245311	
STK25	1	ENSG00000115694	
STK26	1	ENSG00000134602	
SOD2-OT1	1	ENSG00000285427	
FHL1	1	ENSG00000022267	
FHL2	1	ENSG00000115641	
FHL3	1	ENSG00000183386	
MIR3150BHG	1	ENSG00000245080	
FHL5	1	ENSG00000112214	
BEND7-DT	1	ENSG00000227175	
CAPZB	1	ENSG00000077549	
ENSG00000255491	1	ENSG00000255491	
ZNF385D-AS2	1	ENSG00000223351	
ZNF385D-AS1	1	ENSG00000225542	
CD8B2	1	ENSG00000254126	
SBNO1-AS1	1	ENSG00000256092	
OR10A7	1	ENSG00000179919	
DBET	1	ENSG00000281591	
DBF4	1	ENSG00000006634	
SNPH	1	ENSG00000101298	
OR10A2	1	ENSG00000170790	
OR10A4	1	ENSG00000170782	
OR10A3	1	ENSG00000170683	
OR10A6	1	ENSG00000279000	
OR10A5	1	ENSG00000166363	
USH2A-AS2	1	ENSG00000233620	
USH2A-AS1	1	ENSG00000236292	
TMPPE	1	ENSG00000188167	
SNRK	1	ENSG00000163788	
SMYD3-AS1	1	ENSG00000226876	
ENSG00000267448	1	ENSG00000267448	
OGFOD3	1	ENSG00000181396	
FGF14-IT1	1	ENSG00000243319	
OGFOD1	1	ENSG00000087263	
OGFOD2	1	ENSG00000111325	
ENSG00000280433	1	ENSG00000280433	
FNDC9	1	ENSG00000172568	
FNDC7	1	ENSG00000143107	
FNDC8	1	ENSG00000073598	
FNDC5	1	ENSG00000160097	
PRDX6-AS1	1	ENSG00000203739	
FNDC4	1	ENSG00000115226	
SNTN	1	ENSG00000188817	
FNDC1	1	ENSG00000164694	
TAGLN2	1	ENSG00000158710	
PCBP1-AS1	1	ENSG00000179818	
TAGLN3	1	ENSG00000144834	
BVES-AS1	1	ENSG00000203808	
OBI1	1	ENSG00000152193	
RPS27AP5	1	ENSG00000231767	
ENSG00000255482	1	ENSG00000255482	
CAPSL	1	ENSG00000152611	
ITPR1-DT	1	ENSG00000231249	
MIR4422HG	1	ENSG00000231090	
SNX3	1	ENSG00000112335	
SNX4	1	ENSG00000114520	
SNX1	1	ENSG00000028528	
SNX2	1	ENSG00000205302	
SNX9	1	ENSG00000130340	
SNX7	1	ENSG00000162627	
SNX8	1	ENSG00000106266	
SNX5	1	ENSG00000089006	
SNX6	1	ENSG00000129515	
CENPVL1	1	ENSG00000223591	
CENPVL2	1	ENSG00000283093	
CENPVL3	1	ENSG00000224109	
RPE65	1	ENSG00000116745	
SNW1	1	ENSG00000100603	
ENSG00000255476	1	ENSG00000255476	
STK32A-AS1	1	ENSG00000250343	
CCDC122	1	ENSG00000151773	
CCDC121	1	ENSG00000176714	
CCDC120	1	ENSG00000147144	
DCTN1-AS1	1	ENSG00000237737	
CCDC127	1	ENSG00000164366	
CCDC126	1	ENSG00000169193	
CCDC125	1	ENSG00000183323	
CCDC124	1	ENSG00000007080	
CHRDL2	1	ENSG00000054938	
FER1L6-AS2	1	ENSG00000253868	
CHRDL1	1	ENSG00000101938	
FER1L6-AS1	1	ENSG00000181171	
ENSG00000267401	1	ENSG00000267401	
ENSG00000255428	1	ENSG00000255428	
CCDC112	1	ENSG00000164221	
CCDC110	1	ENSG00000168491	
DBNL	1	ENSG00000136279	
CCDC116	1	ENSG00000161180	
CCDC115	1	ENSG00000136710	
CCDC113	1	ENSG00000103021	
CCDC117	1	ENSG00000159873	
CSDE1	1	ENSG00000009307	
DBN1	1	ENSG00000113758	
STK40	1	ENSG00000196182	
CAPS2	1	ENSG00000180881	
CCDC105	1	ENSG00000160994	
CCDC103	1	ENSG00000167131	
CCDC107	1	ENSG00000159884	
CCDC106	1	ENSG00000173581	
SERTAD3	1	ENSG00000167565	
SERTAD4	1	ENSG00000082497	
SERTAD1	1	ENSG00000197019	
SERTAD2	1	ENSG00000179833	
LNCPRESS2	1	ENSG00000249152	
ALDH4A1	1	ENSG00000159423	
CSDC2	1	ENSG00000172346	
LNCPRESS1	1	ENSG00000232301	
EPPK1	1	ENSG00000261150	
CCDC167	1	ENSG00000198937	
CCDC166	1	ENSG00000255181	
DBR1	1	ENSG00000138231	
IGLVIVOR22-1	1	ENSG00000271138	
IGLVIVOR22-2	1	ENSG00000243519	
CCDC169	1	ENSG00000242715	
DIAPH1-AS1	1	ENSG00000246422	
CCDC168	1	ENSG00000175820	
DM1-AS	1	ENSG00000267395	
CYP46A1	1	ENSG00000036530	
ENSG00000231418	1	ENSG00000231418	
CAPN8	1	ENSG00000203697	
CAPN9	1	ENSG00000135773	
CAPN6	1	ENSG00000077274	
CAPN7	1	ENSG00000131375	
BSN-DT	1	ENSG00000226913	
DUOXA1	1	ENSG00000140254	
DUOXA2	1	ENSG00000140274	
CAPN5	1	ENSG00000149260	
CAPN2	1	ENSG00000162909	
CAPN3	1	ENSG00000092529	
CAPN1	1	ENSG00000014216	
EPPIN	1	ENSG00000101448	
ARHGEF40	1	ENSG00000165801	
DHRSX-IT1	1	ENSG00000223571	
CCDC163	1	ENSG00000280670	
CCDC160	1	ENSG00000203952	
ZBP1	1	ENSG00000124256	
CCDC154	1	ENSG00000197599	
CCDC153	1	ENSG00000248712	
CCDC159	1	ENSG00000183401	
CCDC158	1	ENSG00000163749	
CCDC157	1	ENSG00000187860	
ZNF24TR	1	ENSG00000267583	
CCDC152	1	ENSG00000198865	
CCDC150	1	ENSG00000144395	
CCDC142	1	ENSG00000135637	
ARHGEF26	1	ENSG00000114790	
CCDC149	1	ENSG00000181982	
CCDC148	1	ENSG00000153237	
ARHGEF25	1	ENSG00000240771	
ARHGEF28	1	ENSG00000214944	
CCDC146	1	ENSG00000135205	
CCDC141	1	ENSG00000163492	
OPCML-IT2	1	ENSG00000255371	
CCDC140	1	ENSG00000163081	
OPCML-IT1	1	ENSG00000254896	
CCDC134	1	ENSG00000100147	
ARHGEF33	1	ENSG00000214694	
DHCR24-DT	1	ENSG00000233203	
ARHGEF35	1	ENSG00000213214	
CCDC138	1	ENSG00000163006	
ARHGEF37	1	ENSG00000183111	
CCDC137	1	ENSG00000185298	
CCDC136	1	ENSG00000128596	
ARHGEF39	1	ENSG00000137135	
ARHGEF38	1	ENSG00000236699	
TINAG-AS1	1	ENSG00000228231	
SOBP	1	ENSG00000112320	
DCTN6-DT	1	ENSG00000271869	
DNPH1	1	ENSG00000112667	
GPER1	1	ENSG00000164850	
OR2A1-AS1	1	ENSG00000244479	
ARHGEF11	1	ENSG00000132694	
ARHGEF10	1	ENSG00000104728	
CCDC198	1	ENSG00000100557	
CCDC197	1	ENSG00000175699	
ARHGEF12	1	ENSG00000196914	
ARHGEF15	1	ENSG00000198844	
CHN2-AS1	1	ENSG00000235669	
ARHGEF17	1	ENSG00000110237	
ARHGEF16	1	ENSG00000130762	
ARHGEF19	1	ENSG00000142632	
ARHGEF18	1	ENSG00000104880	
CBR3-AS1	1	ENSG00000236830	
ASH1L-IT1	1	ENSG00000227773	
CCDC192	1	ENSG00000230561	
BLVRB	1	ENSG00000090013	
CCDC191	1	ENSG00000163617	
NHEG1	1	ENSG00000225391	
CCDC190	1	ENSG00000185860	
CCDC196	1	ENSG00000196553	
CCDC195	1	ENSG00000283428	
BLVRA	1	ENSG00000106605	
PPM1L-DT	1	ENSG00000260572	
CCDC194	1	ENSG00000269720	
CCDC188	1	ENSG00000234409	
CCDC187	1	ENSG00000260220	
CCDC186	1	ENSG00000165813	
DBX2	1	ENSG00000185610	
DBX1	1	ENSG00000109851	
OC90	1	ENSG00000253117	
DNPEP	1	ENSG00000123992	
DCDC2C	1	ENSG00000214866	
DCDC2B	1	ENSG00000222046	
CCDC181	1	ENSG00000117477	
CCDC180	1	ENSG00000197816	
CCDC185	1	ENSG00000178395	
CCDC184	1	ENSG00000177875	
CCDC183	1	ENSG00000213213	
CCDC182	1	ENSG00000166329	
CCDC178	1	ENSG00000166960	
CCDC177	1	ENSG00000267909	
CCDC175	1	ENSG00000151838	
CCDC179	1	ENSG00000255359	
SOD3	1	ENSG00000109610	
NCBP2AS2	1	ENSG00000270170	
SOD1	1	ENSG00000142168	
EEPD1	1	ENSG00000122547	
LEF1-AS1	1	ENSG00000232021	
BRMS1L	1	ENSG00000100916	
CCDC170	1	ENSG00000120262	
CCDC174	1	ENSG00000154781	
CCDC172	1	ENSG00000182645	
CCDC171	1	ENSG00000164989	
OR11H2	1	ENSG00000258453	
OR11H1	1	ENSG00000130538	
OR11H4	1	ENSG00000176198	
FNBP1L	1	ENSG00000137942	
MS4A18	1	ENSG00000214782	
MS4A15	1	ENSG00000166961	
OR11H6	1	ENSG00000176219	
PLCE1	1	ENSG00000138193	
MS4A14	1	ENSG00000166928	
MS4A13	1	ENSG00000204979	
MS4A12	1	ENSG00000071203	
JUNB	1	ENSG00000171223	
MS4A10	1	ENSG00000172689	
PACRG-AS3	1	ENSG00000225683	
PACRG-AS2	1	ENSG00000225437	
PACRG-AS1	1	ENSG00000281692	
NHLRC3	1	ENSG00000188811	
NHLRC4	1	ENSG00000257108	
OR11G2	1	ENSG00000196832	
GDF5-AS1	1	ENSG00000204183	
NHLRC1	1	ENSG00000187566	
NHLRC2	1	ENSG00000196865	
SRCAP	1	ENSG00000080603	
FICD	1	ENSG00000198855	
MAGEA9B	1	ENSG00000267978	
CRACR2A	1	ENSG00000130038	
PPP4C	1	ENSG00000149923	
CRACR2B	1	ENSG00000177685	
PLCG2	1	ENSG00000197943	
PLCG1	1	ENSG00000124181	
NR2C2AP	1	ENSG00000184162	
JUND	1	ENSG00000130522	
DNASE2B	1	ENSG00000137976	
DMTF1-AS1	1	ENSG00000224046	
SLC6A5	1	ENSG00000165970	
SLC6A6	1	ENSG00000131389	
FIBP	1	ENSG00000172500	
SLC6A7	1	ENSG00000011083	
PPP5C	1	ENSG00000011485	
SLC6A8	1	ENSG00000130821	
GIPC3	1	ENSG00000179855	
SLC6A9	1	ENSG00000196517	
GIPC1	1	ENSG00000123159	
GIPC2	1	ENSG00000137960	
PLCH1	1	ENSG00000114805	
PLCH2	1	ENSG00000149527	
MARCOL	1	ENSG00000248109	
OR11L1	1	ENSG00000197591	
HRCT1	1	ENSG00000196196	
MS4A4E	1	ENSG00000214787	
TMEM242-DT	1	ENSG00000271040	
SLC6A1	1	ENSG00000157103	
SLC6A2	1	ENSG00000103546	
SLC6A3	1	ENSG00000142319	
SLC6A4	1	ENSG00000108576	
MS4A4A	1	ENSG00000110079	
IMPA1	1	ENSG00000133731	
OPN1LW	1	ENSG00000102076	
IMPA2	1	ENSG00000141401	
RIOK2	1	ENSG00000058729	
RIOK1	1	ENSG00000124784	
RIPPLY1	1	ENSG00000147223	
FCER2	1	ENSG00000104921	
MS4A6A	1	ENSG00000110077	
PLCB3	1	ENSG00000149782	
RIPPLY3	1	ENSG00000183145	
PLCB4	1	ENSG00000101333	
RIPPLY2	1	ENSG00000203877	
OPN1MW	1	ENSG00000268221	
TRIM31-AS1	1	ENSG00000231226	
PLCB1	1	ENSG00000182621	
PLCB2	1	ENSG00000137841	
OCA2	1	ENSG00000104044	
IGHV6-1	1	ENSG00000211933	
PACC1	1	ENSG00000065600	
VAV3-AS1	1	ENSG00000230489	
FIGN	1	ENSG00000182263	
LOC101929566	1	ENSG00000263280	
MS4A6E	1	ENSG00000166926	
MIPOL1	1	ENSG00000151338	
RIOK3	1	ENSG00000101782	
CARD8	1	ENSG00000105483	
TLE1-DT	1	ENSG00000233926	
CARD9	1	ENSG00000187796	
AGBL4-AS1	1	ENSG00000230114	
CARD6	1	ENSG00000132357	
TTC9B	1	ENSG00000174521	
TTC9C	1	ENSG00000162222	
POU4F1	1	ENSG00000152192	
LRPPRC	1	ENSG00000138095	
POU4F2	1	ENSG00000151615	
POU4F3	1	ENSG00000091010	
FIG4	1	ENSG00000112367	
FILIP1	1	ENSG00000118407	
SLC28A2	1	ENSG00000137860	
PLCD3	1	ENSG00000161714	
PLCD4	1	ENSG00000115556	
SLC28A1	1	ENSG00000156222	
PLCD1	1	ENSG00000187091	
SLC28A3	1	ENSG00000197506	
CSF3R	1	ENSG00000119535	
KCTD13-DT	1	ENSG00000247735	
YEATS4	1	ENSG00000127337	
SLC14A2-AS1	1	ENSG00000267097	
HOXA-AS3	1	ENSG00000254369	
HOXA-AS2	1	ENSG00000253552	
PNISR	1	ENSG00000132424	
ENKUR	1	ENSG00000151023	
KIAA1614	1	ENSG00000135835	
STIM1	1	ENSG00000167323	
STIM2	1	ENSG00000109689	
CSF1R	1	ENSG00000182578	
STIP1	1	ENSG00000168439	
PAXIP1-DT	1	ENSG00000273344	
IMPG1	1	ENSG00000112706	
IMPG2	1	ENSG00000081148	
ADAMTSL4-AS1	1	ENSG00000203804	
STX18-IT1	1	ENSG00000248221	
ADAMTSL4-AS2	1	ENSG00000237781	
HOPX	1	ENSG00000171476	
CHERP	1	ENSG00000085872	
YEATS2	1	ENSG00000163872	
RIOX1	1	ENSG00000170468	
RIOX2	1	ENSG00000170854	
PRR29-AS1	1	ENSG00000264954	
KIAA1671	1	ENSG00000197077	
CDK13-DT	1	ENSG00000259826	
PPP6C	1	ENSG00000119414	
CNN3-DT	1	ENSG00000235501	
SOST	1	ENSG00000167941	
GOLGA4-AS1	1	ENSG00000270194	
SORD	1	ENSG00000140263	
SOS1	1	ENSG00000115904	
SOS2	1	ENSG00000100485	
SKOR1	1	ENSG00000188779	
SKOR2	1	ENSG00000215474	
PLCL1	1	ENSG00000115896	
PLCL2	1	ENSG00000154822	
RPGRIP1	1	ENSG00000092200	
CUL4A	1	ENSG00000139842	
SVOPL	1	ENSG00000157703	
MARCKS	1	ENSG00000277443	
LOC574538	1	ENSG00000249695	
NUDT19-DT	1	ENSG00000267475	
OR11A1	1	ENSG00000204694	
CUL4B	1	ENSG00000158290	
ARL6IP1	1	ENSG00000170540	
TTLL10	1	ENSG00000162571	
DDX60L	1	ENSG00000181381	
ENSG00000267568	1	ENSG00000267568	
SOX2	1	ENSG00000181449	
SOX3	1	ENSG00000134595	
SOX1	1	ENSG00000182968	
PTGER4P2-CDK2AP2P2	1	ENSG00000275450	
OR10W1	1	ENSG00000172772	
CHEK2	1	ENSG00000183765	
JDP2-AS1	1	ENSG00000259319	
CHEK1	1	ENSG00000149554	
CA3-AS1	1	ENSG00000253549	
ARL6IP5	1	ENSG00000144746	
ARL6IP4	1	ENSG00000182196	
SOX8	1	ENSG00000005513	
SOX9	1	ENSG00000125398	
SOX6	1	ENSG00000110693	
SOX7	1	ENSG00000171056	
SOX4	1	ENSG00000124766	
SOX5	1	ENSG00000134532	
ARL6IP6	1	ENSG00000177917	
CTD-2194D22.4	1	ENSG00000249326	
JMJD4	1	ENSG00000081692	
RECQL	1	ENSG00000004700	
JMJD7	1	ENSG00000243789	
JMJD8	1	ENSG00000161999	
JMJD6	1	ENSG00000070495	
ZFP28-DT	1	ENSG00000267421	
OR10V1	1	ENSG00000172289	
CENPBD1P	1	ENSG00000177946	
TTLL13	1	ENSG00000213471	
TTLL11	1	ENSG00000175764	
TTLL12	1	ENSG00000100304	
OR10T2	1	ENSG00000186306	
FIS1	1	ENSG00000214253	
OR10S1	1	ENSG00000196248	
ZWINT	1	ENSG00000122952	
OCLN	1	ENSG00000197822	
CREBRF	1	ENSG00000164463	
MIRLET7IHG	1	ENSG00000257354	
OCM2	1	ENSG00000135175	
CC2D1A	1	ENSG00000132024	
CC2D1B	1	ENSG00000154222	
ANKRD44-AS1	1	ENSG00000231621	
CCHCR1	1	ENSG00000204536	
CC2D2A	1	ENSG00000048342	
CC2D2B	1	ENSG00000188649	
TOMM70	1	ENSG00000154174	
PACRG	1	ENSG00000112530	
OR10Z1	1	ENSG00000198967	
PACS2	1	ENSG00000179364	
PACS1	1	ENSG00000175115	
ENSG00000255537	1	ENSG00000255537	
DCP2	1	ENSG00000172795	
TOMM40	1	ENSG00000130204	
ENSG00000243574	1	ENSG00000243574	
APOBEC3B-AS1	1	ENSG00000249310	
ENSG00000231597	1	ENSG00000231597	
DCPS	1	ENSG00000110063	
KMT2E-AS1	1	ENSG00000239569	
OR10X1	1	ENSG00000279111	
MAGEB18	1	ENSG00000176774	
MAGEB17	1	ENSG00000182798	
MAGEB16	1	ENSG00000189023	
NUCKS1	1	ENSG00000069275	
TOMM20	1	ENSG00000173726	
TOMM22	1	ENSG00000100216	
ZNF470-DT	1	ENSG00000269696	
MAGEB10	1	ENSG00000177689	
TOMM34	1	ENSG00000025772	
OCRL	1	ENSG00000122126	
ALDH3A2	1	ENSG00000072210	
DCTD	1	ENSG00000129187	
ALDH3A1	1	ENSG00000108602	
FIZ1	1	ENSG00000179943	
HPCA	1	ENSG00000121905	
ALDH3B2	1	ENSG00000132746	
GPR158-AS1	1	ENSG00000233642	
ALDH3B1	1	ENSG00000006534	
RIPK1	1	ENSG00000137275	
ANKZF1	1	ENSG00000163516	
ENKD1	1	ENSG00000124074	
OR10K2	1	ENSG00000180708	
OR10K1	1	ENSG00000173285	
LRRC3-DT	1	ENSG00000229356	
CREBZF	1	ENSG00000137504	
OR10R2	1	ENSG00000198965	
HPF1	1	ENSG00000056050	
PLCZ1	1	ENSG00000139151	
CASTOR3P	1	ENSG00000239521	
NAPRT	1	ENSG00000147813	
GAS6-AS1	1	ENSG00000233695	
SPEG	1	ENSG00000072195	
MGC4859	1	ENSG00000283117	
SUV39H2-DT	1	ENSG00000272853	
DCXR	1	ENSG00000169738	
OR10Q1	1	ENSG00000180475	
HPDL	1	ENSG00000186603	
LUC7L3	1	ENSG00000108848	
PXYLP1	1	ENSG00000155893	
ITGB3BP	1	ENSG00000142856	
LUC7L2	1	ENSG00000146963	
HPGD	1	ENSG00000164120	
OR10P1	1	ENSG00000175398	
SPG7	1	ENSG00000197912	
GTSF1L	1	ENSG00000124196	
LOC124902606	1	ENSG00000287935	
NANOGP11	1	ENSG00000233464	
SPEN	1	ENSG00000065526	
PDE4DIP	1	ENSG00000178104	
PANTR1	1	ENSG00000233639	
TICRR	1	ENSG00000140534	
MAGEB6B	1	ENSG00000232030	
LRRC14B	1	ENSG00000185028	
SPI1	1	ENSG00000066336	
SPIB	1	ENSG00000269404	
SPIC	1	ENSG00000166211	
RAVER1	1	ENSG00000161847	
RAVER2	1	ENSG00000162437	
ZNF649-AS1	1	ENSG00000268095	
MTERF1	1	ENSG00000127989	
MLYCD	1	ENSG00000103150	
GTSE1	1	ENSG00000075218	
RBMS3-AS3	1	ENSG00000235904	
RBMS3-AS2	1	ENSG00000203506	
RBMS3-AS1	1	ENSG00000235593	
GTSF1	1	ENSG00000170627	
NLRX1	1	ENSG00000160703	
KCNMB2-AS1	1	ENSG00000237978	
BAZ2A	1	ENSG00000076108	
BAZ2B	2	ENSG00000123636:ENSG00000226266	
KRTAP5-10	1	ENSG00000204572	
HS6ST2-AS1	1	ENSG00000235849	
AFMID	1	ENSG00000183077	
KRTAP5-11	1	ENSG00000204571	
VSIG10L-AS1	1	ENSG00000267905	
CCZ1B	1	ENSG00000146574	
MTERF3	1	ENSG00000156469	
MTERF2	1	ENSG00000120832	
MTERF4	1	ENSG00000122085	
HUNK-AS1	1	ENSG00000237138	
MATN1-AS1	1	ENSG00000186056	
LRRC10B	1	ENSG00000204950	
OSBPL11	1	ENSG00000144909	
DDA1	1	ENSG00000130311	
OSBPL10	1	ENSG00000144645	
ENSG00000204117	1	ENSG00000204117	
TIFAB	1	ENSG00000255833	
SLC16A4-AS1	1	ENSG00000273373	
BMERB1	1	ENSG00000166780	
CSN1S1	1	ENSG00000126545	
RPS21-DT	1	ENSG00000273619	
KIAA1143	1	ENSG00000163807	
JOSD2	1	ENSG00000161677	
BAZ1A	1	ENSG00000198604	
BAZ1B	1	ENSG00000009954	
JOSD1	1	ENSG00000100221	
DDB2	1	ENSG00000134574	
DDB1	1	ENSG00000167986	
INCENP	1	ENSG00000149503	
TNKS2-DT	1	ENSG00000228701	
ZSWIM1	1	ENSG00000168612	
ODC1	1	ENSG00000115758	
ABCB11	1	ENSG00000073734	
SPP1	1	ENSG00000118785	
SPOP	1	ENSG00000121067	
ZSWIM8	1	ENSG00000214655	
SPP2	1	ENSG00000072080	
ZSWIM9	1	ENSG00000185453	
ZSWIM6	1	ENSG00000130449	
ZSWIM7	1	ENSG00000214941	
ZSWIM4	1	ENSG00000132003	
IGHV3-64D	1	ENSG00000282639	
ZSWIM5	1	ENSG00000162415	
ZSWIM2	1	ENSG00000163012	
ZSWIM3	1	ENSG00000132801	
GNAS-AS1	1	ENSG00000235590	
ODAM	1	ENSG00000109205	
SCUBE3-AS1	1	ENSG00000272374	
TSPY10	1	ENSG00000236424	
ABCB10	1	ENSG00000135776	
SLCO3A1	1	ENSG00000176463	
OLFML2B	1	ENSG00000162745	
CASC8	1	ENSG00000246228	
CASC9	1	ENSG00000249395	
REG1B	1	ENSG00000172023	
CASC6	1	ENSG00000224944	
REG1A	1	ENSG00000115386	
MPV17L2	1	ENSG00000254858	
CASC2	1	ENSG00000177640	
CASC3	1	ENSG00000108349	
OLFML2A	1	ENSG00000185585	
IGKV1OR-2	1	ENSG00000156755	
IGKV1OR-3	1	ENSG00000204776	
EIF2AK3-DT	1	ENSG00000234028	
ZCRB1	1	ENSG00000139168	
CASD1	1	ENSG00000127995	
GAR1-DT	1	ENSG00000272795	
SPATA9	1	ENSG00000145757	
REG3A	1	ENSG00000172016	
SMYD5	1	ENSG00000135632	
SPATA1	1	ENSG00000122432	
SPATA2	1	ENSG00000158480	
SPATA3	1	ENSG00000173699	
REG3G	1	ENSG00000143954	
SPATA4	1	ENSG00000150628	
SPATA5	1	ENSG00000145375	
SPATA6	1	ENSG00000132122	
SPATA7	1	ENSG00000042317	
SPATA8	1	ENSG00000185594	
SMYD2	1	ENSG00000143499	
GRM3-AS1	1	ENSG00000233073	
SMYD1	1	ENSG00000115593	
SMYD4	1	ENSG00000186532	
SMYD3	1	ENSG00000185420	
ODF1	1	ENSG00000155087	
ODF2	1	ENSG00000136811	
ODF3	1	ENSG00000177947	
HPS1	1	ENSG00000107521	
ODF4	1	ENSG00000184650	
UBXN7-AS1	1	ENSG00000225822	
HPS4	1	ENSG00000100099	
RABL2A	1	ENSG00000144134	
RABL2B	1	ENSG00000079974	
HPS3	1	ENSG00000163755	
TNK2-AS1	1	ENSG00000224614	
HPS6	1	ENSG00000166189	
HPS5	1	ENSG00000110756	
HPSE	1	ENSG00000173083	
OSBPL1A	1	ENSG00000141447	
SPRN	1	ENSG00000203772	
ITGB1	1	ENSG00000150093	
GPR89A	1	ENSG00000117262	
ITGAM	1	ENSG00000169896	
ITGB5	1	ENSG00000082781	
NUMA1	1	ENSG00000137497	
ITGB4	1	ENSG00000132470	
ITGB3	1	ENSG00000259207	
ITGB2	1	ENSG00000160255	
ITGAE	1	ENSG00000083457	
ITGAL	1	ENSG00000005844	
ELFN2	2	ENSG00000243902:ENSG00000166897	
GPR89B	1	ENSG00000188092	
ELFN1	1	ENSG00000225968	
ENSG00000265069	1	ENSG00000265069	
ZNRD2	1	ENSG00000173465	
DDI2	1	ENSG00000197312	
DDI1	1	ENSG00000170967	
ITGAX	1	ENSG00000140678	
ITGB8	1	ENSG00000105855	
UGT2A3	1	ENSG00000135220	
ITGAV	1	ENSG00000138448	
ITGB7	1	ENSG00000139626	
UGT2A2	1	ENSG00000271271	
ITGB6	1	ENSG00000115221	
UGT2A1	1	ENSG00000173610	
ITGA4	1	ENSG00000115232	
TMEM255B	1	ENSG00000184497	
ITGA3	1	ENSG00000005884	
TMEM255A	1	ENSG00000125355	
ITGA2	1	ENSG00000164171	
ITGA1	1	ENSG00000213949	
ENSG00000265055	1	ENSG00000265055	
AHSA1	1	ENSG00000100591	
SPTB	1	ENSG00000070182	
RRM2B	1	ENSG00000048392	
ADORA2A	1	ENSG00000128271	
ITGAD	1	ENSG00000156886	
ADORA2B	1	ENSG00000170425	
SPATC1	1	ENSG00000186583	
ITGA8	1	ENSG00000077943	
ITGA7	1	ENSG00000135424	
UGT2B4	1	ENSG00000156096	
ITGA6	1	ENSG00000091409	
ITGA5	1	ENSG00000161638	
ENSG00000277067	1	ENSG00000277067	
UGT2B7	1	ENSG00000171234	
ITGA9	1	ENSG00000144668	
LOC285804	1	ENSG00000271820	
GNAO1-AS1	1	ENSG00000261439	
ZNRF1	1	ENSG00000186187	
ZNRF2	1	ENSG00000180233	
ZNRF3	1	ENSG00000183579	
ZNRF4	1	ENSG00000105428	
CCDC85C	1	ENSG00000205476	
CCDC85B	1	ENSG00000175602	
CCDC85A	1	ENSG00000055813	
FEM1C	1	ENSG00000145780	
TM4SF19-AS1	1	ENSG00000235897	
FEM1A	1	ENSG00000141965	
FEM1B	1	ENSG00000169018	
GCLC-AS1	1	ENSG00000249379	
POU2AF3	1	ENSG00000214290	
POU2AF1	1	ENSG00000110777	
POU2AF2	1	ENSG00000150750	
ENSG00000277047	1	ENSG00000277047	
ANK2-AS1	1	ENSG00000248152	
MIR7-3HG	1	ENSG00000176840	
SPZ1	1	ENSG00000164299	
SPA17	1	ENSG00000064199	
TBC1D22A	1	ENSG00000054611	
TBC1D22B	1	ENSG00000065491	
UNC93A	1	ENSG00000112494	
C2orf74-AS1	1	ENSG00000271889	
FLJ36000	1	ENSG00000276399	
PRYP3	1	ENSG00000169763	
NUMBL	1	ENSG00000105245	
GARRE1	1	ENSG00000166398	
CHD1-DT	1	ENSG00000248489	
EPRS1	1	ENSG00000136628	
DDR1	1	ENSG00000204580	
ENSG00000228044	1	ENSG00000228044	
NAT10	1	ENSG00000135372	
NBPF20	1	ENSG00000162825	
NAT14	1	ENSG00000090971	
NAT16	1	ENSG00000167011	
NBPF26	1	ENSG00000273136	
ODR4	1	ENSG00000157181	
DNAAF3-AS1	1	ENSG00000267577	
APOBEC1	1	ENSG00000111701	
ENSG00000267638	1	ENSG00000267638	
APOBEC2	1	ENSG00000124701	
APOBEC4	1	ENSG00000173627	
NBPF10	1	ENSG00000271425	
NBPF12	1	ENSG00000268043	
NBPF11	1	ENSG00000263956	
NBPF14	1	ENSG00000270629	
NBPF15	1	ENSG00000266338	
NBPF19	1	ENSG00000271383	
STAG2-AS1	1	ENSG00000232412	
MFGE8	1	ENSG00000140545	
FJX1	1	ENSG00000179431	
DDR2	1	ENSG00000162733	
GNAI3	1	ENSG00000065135	
GNAI1	1	ENSG00000127955	
ENSG00000267665	1	ENSG00000267665	
GNAI2	1	ENSG00000114353	
PNMA1	1	ENSG00000176903	
UVRAG-DT	1	ENSG00000255507	
EPS15	1	ENSG00000085832	
DDTL	1	ENSG00000099974	
PNMA5	1	ENSG00000198883	
PNMA3	1	ENSG00000183837	
PNMA2	1	ENSG00000240694	
ZNF230-DT	1	ENSG00000266921	
PAGE4	1	ENSG00000101951	
PAGE3	1	ENSG00000204279	
PAGE5	1	ENSG00000158639	
PAGE2	1	ENSG00000234068	
PAGE1	1	ENSG00000068985	
MSMO1	1	ENSG00000052802	
YARS1	1	ENSG00000134684	
YARS2	1	ENSG00000139131	
IRAG1	1	ENSG00000072952	
IRAG2	1	ENSG00000118308	
WDFY1	1	ENSG00000085449	
WDFY3	1	ENSG00000163625	
WDFY2	1	ENSG00000139668	
CARS1	1	ENSG00000110619	
WDFY4	1	ENSG00000128815	
CARS2	1	ENSG00000134905	
RNASEH1-DT	1	ENSG00000234171	
ENSG00000267627	1	ENSG00000267627	
DDX6	1	ENSG00000110367	
DDX5	1	ENSG00000108654	
DDX4	1	ENSG00000152670	
MAGEA12	1	ENSG00000213401	
DDX1	1	ENSG00000079785	
ENSG00000228021	1	ENSG00000228021	
ZNF566-AS1	1	ENSG00000267309	
KCNC4-DT	1	ENSG00000224965	
ENSG00000255649	1	ENSG00000255649	
VCPIP1	1	ENSG00000175073	
IRAK1	1	ENSG00000184216	
IRAK2	1	ENSG00000134070	
ENSG00000255647	1	ENSG00000255647	
MAGEA11	1	ENSG00000185247	
MAGEA10	1	ENSG00000124260	
GNAO1	1	ENSG00000087258	
IRAIN	1	ENSG00000259424	
ENSG00000231683	1	ENSG00000231683	
DYRK4	1	ENSG00000010219	
DYRK3	1	ENSG00000143479	
DYRK2	1	ENSG00000127334	
HP1BP3	1	ENSG00000127483	
DPY30	1	ENSG00000162961	
CARMN	1	ENSG00000249669	
IRAK3	1	ENSG00000090376	
IRAK4	1	ENSG00000198001	
QRSL1	1	ENSG00000130348	
MAGEA2B	1	ENSG00000183305	
GNB1L	1	ENSG00000185838	
NUCB1-AS1	1	ENSG00000235191	
FBXO38-DT	1	ENSG00000247199	
NAT8L	1	ENSG00000185818	
CLRN3	1	ENSG00000180745	
CLRN2	1	ENSG00000249581	
CLRN1	1	ENSG00000163646	
TRA2B	1	ENSG00000136527	
TRA2A	1	ENSG00000164548	
ALDH1A3-AS1	1	ENSG00000259583	
ENSG00000243620	1	ENSG00000243620	
CARM1	1	ENSG00000142453	
SIMC1	1	ENSG00000170085	
HNRNPU	1	ENSG00000153187	
HNRNPR	1	ENSG00000125944	
ENSG00000231811	1	ENSG00000231811	
MIR22HG	1	ENSG00000186594	
CLCA4-AS1	1	ENSG00000236915	
GAS1RR	1	ENSG00000226237	
ASTN2	1	ENSG00000148219	
ASTN1	1	ENSG00000152092	
MID1IP1-AS1	1	ENSG00000238123	
SNCA-AS1	1	ENSG00000247775	
PLEK2	1	ENSG00000100558	
NCKAP1L	1	ENSG00000123338	
SOD1-DT	1	ENSG00000234509	
NHEJ1	1	ENSG00000187736	
PRELID2	1	ENSG00000186314	
PRELID1	1	ENSG00000169230	
PAFAH2	1	ENSG00000158006	
HNRNPL	1	ENSG00000104824	
HNRNPM	1	ENSG00000099783	
SQLE	1	ENSG00000104549	
HNRNPK	1	ENSG00000165119	
HNRNPF	1	ENSG00000169813	
HNRNPD	1	ENSG00000138668	
LYPLAL1-AS1	1	ENSG00000228536	
HNRNPC	1	ENSG00000092199	
DANCR	1	ENSG00000226950	
ENSG00000243818	1	ENSG00000243818	
DAND5	1	ENSG00000179284	
C1QTNF9	1	ENSG00000240654	
ABCC10	1	ENSG00000124574	
ABCC11	1	ENSG00000121270	
ABCC12	1	ENSG00000140798	
LAMP5-AS1	1	ENSG00000225988	
WASIR1	1	ENSG00000185203	
ZNF280D	1	ENSG00000137871	
C1QTNF4	1	ENSG00000172247	
C1QTNF3	1	ENSG00000082196	
C1QTNF2	1	ENSG00000145861	
CATIP	1	ENSG00000158428	
C1QTNF1	1	ENSG00000173918	
C1QTNF8	1	ENSG00000184471	
C1QTNF7	1	ENSG00000163145	
ZNF280A	1	ENSG00000169548	
C1QTNF6	1	ENSG00000133466	
ZNF280B	1	ENSG00000275004	
ZNF280C	1	ENSG00000056277	
C1QTNF5	1	ENSG00000223953	
DENND6A-AS1	1	ENSG00000239801	
DNAJC9-AS1	2	ENSG00000236756:ENSG00000227540	
GIRGL	1	ENSG00000233834	
GRAMD2B	1	ENSG00000155324	
GRAMD2A	1	ENSG00000175318	
ELMOD2	1	ENSG00000179387	
ELMOD1	1	ENSG00000110675	
ELMOD3	1	ENSG00000115459	
COQ10B	1	ENSG00000115520	
COQ10A	1	ENSG00000135469	
SIKE1	1	ENSG00000052723	
ZEB2	1	ENSG00000169554	
ZEB1	1	ENSG00000148516	
GRAMD1C	1	ENSG00000178075	
GRAMD1B	1	ENSG00000023171	
GRAMD1A	1	ENSG00000089351	
DEDD	1	ENSG00000158796	
COLCA1	1	ENSG00000196167	
GLYCTK	1	ENSG00000168237	
SQOR	1	ENSG00000137767	
DEF8	1	ENSG00000140995	
DEF6	1	ENSG00000023892	
WASIR2	1	ENSG00000231439	
TTC23-AS1	1	ENSG00000261616	
ENSG00000182376	1	ENSG00000182376	
CCDC71L	1	ENSG00000253276	
VKORC1L1	1	ENSG00000196715	
TXNDC11-AS1	1	ENSG00000262420	
PARP11-AS1	1	ENSG00000256862	
TM7SF3	1	ENSG00000064115	
TM7SF2	1	ENSG00000149809	
DEPTOR	1	ENSG00000155792	
FCGRT	1	ENSG00000104870	
SLCO2B1	1	ENSG00000137491	
THNSL1	1	ENSG00000185875	
THNSL2	1	ENSG00000144115	
CXorf65	1	ENSG00000204165	
CXorf66	1	ENSG00000203933	
SLCO2A1	1	ENSG00000174640	
SREK1	1	ENSG00000153914	
MAGEL2	1	ENSG00000254585	
PLET1	1	ENSG00000188771	
ID2-AS1	1	ENSG00000235092	
REEP1	1	ENSG00000068615	
IRAK1BP1	1	ENSG00000146243	
REEP5	1	ENSG00000129625	
REEP4	1	ENSG00000168476	
REEP3	1	ENSG00000165476	
REEP2	1	ENSG00000132563	
REEP6	1	ENSG00000115255	
EDNRB-AS1	1	ENSG00000225579	
CXorf38	1	ENSG00000185753	
PSTPIP1	1	ENSG00000140368	
PSTPIP2	1	ENSG00000152229	
HGFAC	1	ENSG00000109758	
CDADC1	1	ENSG00000102543	
UGT1A1	1	ENSG00000241635	
IDH2-DT	1	ENSG00000259685	
FAAH2	1	ENSG00000165591	
PPP1R12A-AS1	1	ENSG00000257557	
CCDC74B	1	ENSG00000152076	
CCDC74A	1	ENSG00000163040	
LURAP1L-AS1	1	ENSG00000235448	
PPP1R12A-AS2	1	ENSG00000258048	
PECAM1	1	ENSG00000261371	
ENSG00000253196	1	ENSG00000253196	
MIR34AHG	1	ENSG00000228526	
FRRS1	1	ENSG00000156869	
RPEL1	1	ENSG00000235376	
NLRC5	1	ENSG00000140853	
DENND3	1	ENSG00000105339	
NLRC3	1	ENSG00000167984	
NLRC4	1	ENSG00000091106	
CXorf58	1	ENSG00000165182	
TGFBR3L	1	ENSG00000260001	
ASTE1	1	ENSG00000034533	
UQCRB-AS1	1	ENSG00000254224	
UGT1A4	1	ENSG00000244474	
UGT1A9	1	ENSG00000241119	
UGT1A8	1	ENSG00000242366	
UGT1A7	1	ENSG00000244122	
FKTN	1	ENSG00000106692	
UGT1A6	1	ENSG00000167165	
MLXIP	1	ENSG00000175727	
NDP-AS1	1	ENSG00000236276	
COL4A2-AS1	1	ENSG00000232814	
FKRP	1	ENSG00000181027	
NCKAP5L	1	ENSG00000167566	
COL4A2-AS2	1	ENSG00000224821	
CXorf49	1	ENSG00000215115	
PANK2-AS1	1	ENSG00000229539	
DOLPP1	1	ENSG00000167130	
CDC20-DT	1	ENSG00000234694	
IFI27L1	1	ENSG00000165948	
IFI27L2	1	ENSG00000119632	
ALG13-AS1	1	ENSG00000229487	
MAGEA9	1	ENSG00000123584	
OR5D18	1	ENSG00000186119	
MAGEA8	1	ENSG00000156009	
FLAD1	1	ENSG00000160688	
PCLAF	1	ENSG00000166803	
TBC1D10C	1	ENSG00000175463	
MAGEA1	1	ENSG00000198681	
ENSG00000253165	1	ENSG00000253165	
MAGEA2	1	ENSG00000268606	
DENR	1	ENSG00000139726	
OR5D16	1	ENSG00000205029	
MAGEA6	1	ENSG00000197172	
TBC1D10A	1	ENSG00000099992	
OR5D14	1	ENSG00000186113	
MAGEA3	1	ENSG00000221867	
MAGEA4	1	ENSG00000147381	
TBC1D10B	1	ENSG00000169221	
OR5D13	1	ENSG00000279761	
HSD11B1L	1	ENSG00000167733	
AZGP1	1	ENSG00000160862	
MAGEB2	1	ENSG00000099399	
MAGEB3	1	ENSG00000198798	
MAGEB1	1	ENSG00000214107	
MAGEB6	1	ENSG00000176746	
BLZF1	1	ENSG00000117475	
MAGEB4	1	ENSG00000120289	
MAGEB5	1	ENSG00000188408	
CASZ1	1	ENSG00000130940	
DCUN1D5	1	ENSG00000137692	
MAGED1	1	ENSG00000179222	
DCUN1D3	1	ENSG00000188215	
DCUN1D4	1	ENSG00000109184	
DCUN1D1	1	ENSG00000043093	
DCUN1D2	1	ENSG00000150401	
ENSG00000277117	1	ENSG00000277117	
MAGEC3	1	ENSG00000165509	
MAGEC1	1	ENSG00000155495	
MAGEC2	1	ENSG00000046774	
ZRANB3	1	ENSG00000121988	
ZRANB1	1	ENSG00000019995	
ZRANB2	1	ENSG00000132485	
MAGEE1	1	ENSG00000198934	
MAGEE2	1	ENSG00000186675	
ATPSCKMT	1	ENSG00000150756	
TRIM67-AS1	1	ENSG00000235710	
REX1BD	1	ENSG00000006015	
DERA	1	ENSG00000023697	
MAGED4	1	ENSG00000154545	
MAGED2	1	ENSG00000102316	
ENSG00000253177	1	ENSG00000253177	
DET1	1	ENSG00000140543	
MAGEF1	1	ENSG00000177383	
SRA1	1	ENSG00000213523	
SGF29	1	ENSG00000176476	
SLC22A12	1	ENSG00000197891	
SLC22A13	1	ENSG00000172940	
SLC22A14	1	ENSG00000144671	
SLC22A15	1	ENSG00000163393	
SLC22A16	1	ENSG00000004809	
SLC22A17	1	ENSG00000092096	
SLC22A18	1	ENSG00000110628	
CHMP1B	1	ENSG00000255112	
CHMP1A	1	ENSG00000131165	
HRAS	1	ENSG00000174775	
SLC22A10	1	ENSG00000184999	
ENSG00000253123	1	ENSG00000253123	
SLC22A11	1	ENSG00000168065	
ZER1	1	ENSG00000160445	
OR5D3P	1	ENSG00000186886	
BHMT2	1	ENSG00000132840	
PPRC1	1	ENSG00000148840	
ITFG2	1	ENSG00000111203	
ITFG1	1	ENSG00000129636	
SLC22A23	1	ENSG00000137266	
ZDHHC12-DT	1	ENSG00000223478	
SLC22A24	1	ENSG00000197658	
SLC22A25	1	ENSG00000196600	
RGS7BP	1	ENSG00000186479	
MAGEH1	1	ENSG00000187601	
ADH1C	1	ENSG00000248144	
ADH1B	1	ENSG00000196616	
ADH1A	1	ENSG00000187758	
DCST1	1	ENSG00000163357	
DCST2	1	ENSG00000163354	
SLC22A31	1	ENSG00000259803	
RTRAF	1	ENSG00000087302	
UBL4A	1	ENSG00000102178	
UBL4B	1	ENSG00000186150	
FCGBP	1	ENSG00000275395	
GUCY1B1	1	ENSG00000061918	
KDM1A	1	ENSG00000004487	
SRGAP3-AS2	1	ENSG00000228723	
KDM1B	1	ENSG00000165097	
SRGAP3-AS1	1	ENSG00000224808	
MRFAP1	1	ENSG00000179010	
ATXN7L3-AS1	2	ENSG00000260793:ENSG00000267394	
NARS1	1	ENSG00000134440	
ENSG00000255745	1	ENSG00000255745	
ENSG00000255746	1	ENSG00000255746	
NARS2	1	ENSG00000137513	
SRGAP3-AS4	1	ENSG00000235830	
SRGAP3-AS3	1	ENSG00000227929	
GUCY1A2	1	ENSG00000152402	
GAS2L3	1	ENSG00000139354	
GUCY1A1	1	ENSG00000164116	
KDM2A	1	ENSG00000173120	
KDM2B	1	ENSG00000089094	
LNCRNA-IUR	1	ENSG00000245552	
DEXI	1	ENSG00000182108	
ENSG00000228133	1	ENSG00000228133	
GTSCR1	1	ENSG00000263417	
SATB2-AS1	1	ENSG00000225953	
SILC1	1	ENSG00000232044	
CHMP4C	1	ENSG00000164695	
CHMP4B	1	ENSG00000101421	
CHMP4A	1	ENSG00000254505	
PNLIP	1	ENSG00000175535	
CSNKA2IP	1	ENSG00000283434	
ENSG00000267743	1	ENSG00000267743	
NLRP8	1	ENSG00000179709	
HRH1	1	ENSG00000196639	
NLRP9	1	ENSG00000185792	
HRH3	1	ENSG00000101180	
NLRP6	1	ENSG00000174885	
HRH2	1	ENSG00000113749	
NLRP7	1	ENSG00000167634	
NLRP4	1	ENSG00000160505	
HRH4	1	ENSG00000134489	
NLRP5	1	ENSG00000171487	
NLRP2	1	ENSG00000022556	
NLRP3	1	ENSG00000162711	
NLRP1	1	ENSG00000091592	
CLSPN	1	ENSG00000092853	
GAS2L1	1	ENSG00000185340	
ST3GAL5-AS1	1	ENSG00000232504	
GAS2L2	1	ENSG00000270765	
ENSG00000228151	1	ENSG00000228151	
ENSG00000267732	1	ENSG00000267732	
TRMT2B-AS1	1	ENSG00000225839	
AMACR	1	ENSG00000242110	
CHMP2B	1	ENSG00000083937	
CASS4	1	ENSG00000087589	
CHMP2A	1	ENSG00000130724	
BMPR1B	1	ENSG00000138696	
BMPR1A	1	ENSG00000107779	
CEROX1	1	ENSG00000260807	
KDM5A	1	ENSG00000073614	
MUS81	1	ENSG00000172732	
KDM5B	1	ENSG00000117139	
CFAP418-AS1	1	ENSG00000253773	
KDM5C	1	ENSG00000126012	
KDM5D	1	ENSG00000012817	
HS2ST1	1	ENSG00000153936	
CASP9	1	ENSG00000132906	
FLCN	1	ENSG00000154803	
CASP7	1	ENSG00000165806	
CASP8	1	ENSG00000064012	
CASP5	1	ENSG00000137757	
CASP6	1	ENSG00000138794	
CASP3	1	ENSG00000164305	
CASP4	1	ENSG00000196954	
CASP1	1	ENSG00000137752	
CASP2	1	ENSG00000106144	
KDM6A	1	ENSG00000147050	
SRGN	1	ENSG00000122862	
KDM6B	1	ENSG00000132510	
PROSER2	1	ENSG00000148426	
PROSER1	1	ENSG00000120685	
SPATS1	1	ENSG00000249481	
SPATS2	1	ENSG00000123352	
LOC283299	1	ENSG00000254951	
POMGNT2	1	ENSG00000144647	
POMGNT1	1	ENSG00000085998	
CASQ2	1	ENSG00000118729	
CASQ1	1	ENSG00000143318	
KDM7A	1	ENSG00000006459	
TRARG1	1	ENSG00000184811	
KDM3A	1	ENSG00000115548	
KDM3B	1	ENSG00000120733	
PERM1	1	ENSG00000187642	
MSLNL	1	ENSG00000162006	
TBRG4	1	ENSG00000136270	
GNA13	1	ENSG00000120063	
TBRG1	1	ENSG00000154144	
GNA14	1	ENSG00000156049	
GNA15	1	ENSG00000060558	
GNA11	1	ENSG00000088256	
GNA12	1	ENSG00000146535	
CYYR1	1	ENSG00000166265	
ZNF286A	1	ENSG00000187607	
KDM4A	1	ENSG00000066135	
KDM4B	1	ENSG00000127663	
KDM4C	1	ENSG00000107077	
KDM4D	1	ENSG00000186280	
KDM4E	1	ENSG00000235268	
KDM4F	1	ENSG00000255855	
CDK2AP2	1	ENSG00000167797	
CDK2AP1	1	ENSG00000111328	
KLHL7-DT	1	ENSG00000230658	
MT-ND4L	1	ENSG00000212907	
CHIC2	1	ENSG00000109220	
CHIC1	1	ENSG00000204116	
UXS1	1	ENSG00000115652	
VPREB3	1	ENSG00000128218	
KRTCAP3	1	ENSG00000157992	
KRTCAP2	1	ENSG00000163463	
VPREB1	1	ENSG00000169575	
TRBC2	1	ENSG00000211772	
HCCAT5	1	ENSG00000260880	
TRBC1	1	ENSG00000211751	
CHID1	1	ENSG00000177830	
WDHD1	1	ENSG00000198554	
RBFOX1	1	ENSG00000078328	
RBFOX2	1	ENSG00000100320	
RBFOX3	1	ENSG00000167281	
DNMBP-AS1	1	ENSG00000227695	
TOMM20L	1	ENSG00000196860	
LRRC37B	1	ENSG00000185158	
LRRC37A	1	ENSG00000176681	
USP2-AS1	1	ENSG00000245248	
FLG2	1	ENSG00000143520	
DDX39A	1	ENSG00000123136	
DDX39B	1	ENSG00000198563	
TRBD1	1	ENSG00000282431	
MPP7-DT	1	ENSG00000282996	
CELA3A	1	ENSG00000142789	
ZBTB8A	1	ENSG00000160062	
CELA3B	1	ENSG00000219073	
ABCB1	1	ENSG00000085563	
TMEM238L	1	ENSG00000263429	
ABCB6	1	ENSG00000115657	
ABCB7	1	ENSG00000131269	
ABCB4	1	ENSG00000005471	
FLII	1	ENSG00000177731	
ABCB5	1	ENSG00000004846	
COPS7B	1	ENSG00000144524	
COPS7A	1	ENSG00000111652	
ABCB8	1	ENSG00000197150	
TAPBPL	1	ENSG00000139192	
IQGAP1	1	ENSG00000140575	
ABCB9	1	ENSG00000150967	
IQGAP2	1	ENSG00000145703	
IQGAP3	1	ENSG00000183856	
PCNX3	1	ENSG00000197136	
PCNX4	1	ENSG00000126773	
PCNX1	1	ENSG00000100731	
PCNX2	1	ENSG00000135749	
CFAP100-DT	1	ENSG00000249833	
ZBTB7B	1	ENSG00000160685	
ZBTB7A	1	ENSG00000178951	
ZBTB7C	1	ENSG00000184828	
ABCA1	1	ENSG00000165029	
ABCA2	1	ENSG00000107331	
SRMS	1	ENSG00000125508	
ABCA5	1	ENSG00000154265	
OR14K1	1	ENSG00000153230	
ABCA6	1	ENSG00000154262	
ABCA3	1	ENSG00000167972	
ABCA4	1	ENSG00000198691	
ABCA9	1	ENSG00000154258	
ABCA7	1	ENSG00000064687	
ABCA8	1	ENSG00000141338	
FLI1	1	ENSG00000151702	
HRNR	1	ENSG00000197915	
ZFAT	1	ENSG00000066827	
ENSG00000231963	1	ENSG00000231963	
HROB	1	ENSG00000125319	
ZBTB8B	1	ENSG00000273274	
SRPX	1	ENSG00000101955	
KLC1-AS1	1	ENSG00000246451	
LMBR1	1	ENSG00000105983	
LNC-RHL1	1	ENSG00000236267	
OFD1	1	ENSG00000046651	
SS18	1	ENSG00000141380	
DFFB	1	ENSG00000169598	
CLUL1	1	ENSG00000079101	
DFFA	1	ENSG00000160049	
SRP9	1	ENSG00000143742	
TAMALIN	1	ENSG00000161835	
SLC38A4-AS1	1	ENSG00000257261	
SRRT	1	ENSG00000087087	
PYCR1-AS1	1	ENSG00000263585	
FLNA	1	ENSG00000196924	
FLNB	1	ENSG00000136068	
FLNC	1	ENSG00000128591	
EDIL3-DT	1	ENSG00000250320	
FOXCUT	1	ENSG00000280916	
FABP9	1	ENSG00000205186	
ENSG00000231918	1	ENSG00000231918	
FABP1	1	ENSG00000163586	
FABP2	1	ENSG00000145384	
FABP3	1	ENSG00000121769	
FABP4	1	ENSG00000170323	
FABP5	1	ENSG00000164687	
FABP6	1	ENSG00000170231	
FABP7	1	ENSG00000164434	
SRRD	1	ENSG00000100104	
ZBTB25	1	ENSG00000089775	
ZBTB24	1	ENSG00000112365	
ZBTB26	1	ENSG00000171448	
ZBTB21	1	ENSG00000173276	
ZBTB20	1	ENSG00000181722	
ZBTB22	1	ENSG00000236104	
TPRG1-AS2	1	ENSG00000230115	
TPRG1-AS1	1	ENSG00000234076	
ZBTB39	1	ENSG00000166860	
ZBTB38	1	ENSG00000177311	
ZBTB37	1	ENSG00000185278	
ZBTB32	1	ENSG00000011590	
ZBTB34	1	ENSG00000177125	
ZBTB33	1	ENSG00000177485	
OSBP2	1	ENSG00000184792	
ZRANB2-AS1	1	ENSG00000235079	
RCC1L	1	ENSG00000274523	
SLCO1B1	1	ENSG00000134538	
SLCO1B3	1	ENSG00000111700	
ZBTB18	1	ENSG00000179456	
ZBTB17	1	ENSG00000116809	
ZBTB14	1	ENSG00000198081	
ZBTB16	1	ENSG00000109906	
ZBTB10	1	ENSG00000205189	
ZBTB12	1	ENSG00000204366	
ZBTB11	1	ENSG00000066422	
SLCO1A2	1	ENSG00000084453	
MYCBPAP	1	ENSG00000136449	
MIR34BHG	1	ENSG00000286028	
FLT1	1	ENSG00000102755	
OR14J1	1	ENSG00000204695	
FLT3	1	ENSG00000122025	
FLT4	1	ENSG00000037280	
IGHV1-3	1	ENSG00000211935	
IGHV1-2	1	ENSG00000211934	
FUNDC2	1	ENSG00000165775	
FUNDC1	1	ENSG00000069509	
CFC1B	1	ENSG00000152093	
ATP11A-AS1	1	ENSG00000232684	
OR14I1	1	ENSG00000189181	
SLCO1B7	1	ENSG00000205754	
SLCO1C1	1	ENSG00000139155	
SYNPO2L	1	ENSG00000166317	
CENPN-AS1	1	ENSG00000260213	
LOC105379242	1	ENSG00000286985	
ITIH5	1	ENSG00000123243	
ITIH4	1	ENSG00000055955	
ITIH3	1	ENSG00000162267	
ITIH2	1	ENSG00000151655	
ZBTB47	1	ENSG00000114853	
PCOLCE2	1	ENSG00000163710	
ZBTB46	1	ENSG00000130584	
ZBTB49	1	ENSG00000168826	
ITIH6	1	ENSG00000102313	
ZBTB48	1	ENSG00000204859	
ZBTB43	1	ENSG00000169155	
ZBTB42	1	ENSG00000179627	
ZBTB45	1	ENSG00000119574	
FLVCR2-AS1	1	ENSG00000224721	
RNASE2CP	1	ENSG00000136315	
ZBTB44	1	ENSG00000196323	
ITIH1	1	ENSG00000055957	
BICRA-AS2	1	ENSG00000277383	
ZBTB41	1	ENSG00000177888	
ZBTB40	1	ENSG00000184677	
BICRA-AS1	1	ENSG00000269806	
KIAA1328	1	ENSG00000150477	
FCHO1	1	ENSG00000130475	
FCHO2	1	ENSG00000157107	
PTPRT-AS1	1	ENSG00000227599	
ENSG00000277277	1	ENSG00000277277	
AKAIN1	1	ENSG00000231824	
IGKV2OR2-2	1	ENSG00000271402	
IGKV2OR2-1	1	ENSG00000270748	
HIP1R	1	ENSG00000130787	
DONSON	1	ENSG00000159147	
IGKV2OR2-8	1	ENSG00000278537	
IGKV2OR2-7	1	ENSG00000270450	
ENSG00000253281	1	ENSG00000253281	
SLIT3-AS2	1	ENSG00000254042	
SLIT3-AS1	1	ENSG00000248222	
CARD17P	1	ENSG00000255221	
IL12B	1	ENSG00000113302	
IL12A	1	ENSG00000168811	
SEC62	1	ENSG00000008952	
SEC63	1	ENSG00000025796	
ZNF436-AS1	1	ENSG00000249087	
ZFP1	1	ENSG00000184517	
ZFP3	1	ENSG00000180787	
ZFP2	1	ENSG00000198939	
ZG16	1	ENSG00000174992	
IGHVIII-67-4	1	ENSG00000254052	
IGHVIII-67-2	1	ENSG00000254036	
IGHVIII-67-3	1	ENSG00000253635	
FLNB-AS1	1	ENSG00000244161	
DANT1	1	ENSG00000229335	
DANT2	1	ENSG00000235244	
ST8SIA4	1	ENSG00000113532	
ST8SIA5	1	ENSG00000101638	
ST8SIA6	1	ENSG00000148488	
A2M	1	ENSG00000175899	
LOC105379230	1	ENSG00000254237	
ZFR2	1	ENSG00000105278	
ST8SIA1	1	ENSG00000111728	
ST8SIA2	1	ENSG00000140557	
ST8SIA3	1	ENSG00000177511	
HSPA12A	1	ENSG00000165868	
PAICS	1	ENSG00000128050	
HSPA12B	1	ENSG00000132622	
ARMC10	1	ENSG00000170632	
ARMC12	1	ENSG00000157343	
ENSG00000253295	1	ENSG00000253295	
DIRAS3	1	ENSG00000162595	
DIRAS1	1	ENSG00000176490	
DIRAS2	1	ENSG00000165023	
ARHGEF4-AS1	1	ENSG00000233221	
ENSG00000267882	1	ENSG00000267882	
HSCB	1	ENSG00000100209	
ENSG00000265222	1	ENSG00000265222	
EZR-AS1	1	ENSG00000233893	
LMCD1	1	ENSG00000071282	
SEC13	1	ENSG00000157020	
NLRP2B	1	ENSG00000215174	
AVPR1B-DT	1	ENSG00000226780	
CACTIN-AS1	1	ENSG00000226800	
GK-IT1	1	ENSG00000229331	
SEBOX	1	ENSG00000274529	
BACE2-IT1	1	ENSG00000224388	
ZFTA	1	ENSG00000188070	
DYNLL2-DT	1	ENSG00000266290	
GLCCI1	1	ENSG00000106415	
RTCA-AS1	1	ENSG00000224616	
OR14A2	1	ENSG00000241128	
DNAJB8-AS1	1	ENSG00000242049	
ENSG00000265246	1	ENSG00000265246	
KIF25-AS1	1	ENSG00000229921	
HSF2	1	ENSG00000025156	
HSF1	1	ENSG00000185122	
HSF4	1	ENSG00000102878	
HSF5	1	ENSG00000176160	
MAST4-AS1	1	ENSG00000229666	
FZD4-DT	1	ENSG00000246523	
TMUB1	1	ENSG00000164897	
CSHL1	1	ENSG00000204414	
TMUB2	1	ENSG00000168591	
NLRP14	1	ENSG00000158077	
NLRP13	1	ENSG00000173572	
NLRP12	1	ENSG00000142405	
NLRP11	1	ENSG00000179873	
NLRP10	1	ENSG00000182261	
IL17F	1	ENSG00000112116	
IL17D	1	ENSG00000172458	
IL17C	1	ENSG00000124391	
IL17B	1	ENSG00000127743	
SPC24	1	ENSG00000161888	
IL17A	1	ENSG00000112115	
SPC25	1	ENSG00000152253	
DPAGT1	1	ENSG00000172269	
LRRC8C-DT	1	ENSG00000231999	
LRCOL1	1	ENSG00000204583	
GEMIN2	1	ENSG00000092208	
ADAMTS9-AS1	1	ENSG00000241158	
ADAMTS9-AS2	1	ENSG00000241684	
PPP1R3B-DT	1	ENSG00000248538	
BAHCC1	1	ENSG00000266074	
KIRREL3	1	ENSG00000149571	
KIRREL1	1	ENSG00000183853	
KIRREL2	1	ENSG00000126259	
OSCAR	1	ENSG00000170909	
GEMIN4	1	ENSG00000179409	
GEMIN5	1	ENSG00000082516	
GEMIN6	1	ENSG00000152147	
GEMIN7	1	ENSG00000142252	
GEMIN8	1	ENSG00000046647	
SLC1A1	1	ENSG00000106688	
SLC1A2	1	ENSG00000110436	
SLC1A3	1	ENSG00000079215	
SLC1A4	1	ENSG00000115902	
SLC1A5	1	ENSG00000105281	
SLC1A6	1	ENSG00000105143	
SLC1A7	1	ENSG00000162383	
CLTRN	1	ENSG00000147003	
SSH2	1	ENSG00000141298	
SSH3	1	ENSG00000172830	
SSH1	1	ENSG00000084112	
ENSG00000253214	1	ENSG00000253214	
FMC1	1	ENSG00000164898	
SIRPB2	1	ENSG00000196209	
SIRPB1	1	ENSG00000101307	
PGLS-DT	1	ENSG00000269439	
H2BC26	1	ENSG00000196890	
FAM74A7	1	ENSG00000277260	
H2BC21	1	ENSG00000184678	
NUP62	1	ENSG00000213024	
VCPKMT	1	ENSG00000100483	
ANKUB1	1	ENSG00000206199	
CELA2A	1	ENSG00000142615	
CELA2B	1	ENSG00000215704	
FAM74A1	1	ENSG00000215112	
H2BC17	1	ENSG00000274641	
H2BC18	1	ENSG00000203814	
TMIGD3	1	ENSG00000121933	
H2BC12	1	ENSG00000197903	
H2BC13	1	ENSG00000185130	
TMIGD1	1	ENSG00000182271	
H2BC14	1	ENSG00000273703	
TMIGD2	1	ENSG00000167664	
H2BC15	1	ENSG00000233822	
NUP50	1	ENSG00000093000	
H2BC10	1	ENSG00000278588	
H2BC11	1	ENSG00000124635	
NUP54	1	ENSG00000138750	
NUP58	1	ENSG00000139496	
DCTN6	1	ENSG00000104671	
DCTN5	1	ENSG00000166847	
DCTN2	1	ENSG00000175203	
DCTN1	1	ENSG00000204843	
DCTN4	1	ENSG00000132912	
DCTN3	1	ENSG00000137100	
CSTF2T	1	ENSG00000177613	
ERLEC1	1	ENSG00000068912	
ENSG00000231876	1	ENSG00000231876	
NUP42	1	ENSG00000136243	
ENSG00000231873	1	ENSG00000231873	
NUP43	1	ENSG00000120253	
TRBV1	1	ENSG00000242736	
TRBV9	1	ENSG00000211716	
TRBV2	1	ENSG00000226660	
TRBVA	1	ENSG00000239992	
EOGT-DT	1	ENSG00000244513	
LIPC-AS1	1	ENSG00000259293	
ALOX12-AS1	1	ENSG00000215067	
MIR302CHG	1	ENSG00000249532	
ZBTB46-AS1	1	ENSG00000231208	
ZBTB46-AS2	1	ENSG00000229299	
TRBVB	1	ENSG00000241911	
NUP35	1	ENSG00000163002	
NUP37	1	ENSG00000075188	
SPAAR	1	ENSG00000235387	
STMN2	1	ENSG00000104435	
STMN3	1	ENSG00000197457	
STMN4	1	ENSG00000015592	
PCMT1	1	ENSG00000120265	
GNAT2	1	ENSG00000134183	
GNAT3	1	ENSG00000214415	
STMN1	1	ENSG00000117632	
GNAT1	1	ENSG00000114349	
TSPYL2	1	ENSG00000184205	
TSPYL1	1	ENSG00000189241	
DAPK1	1	ENSG00000196730	
DAPK2	1	ENSG00000035664	
DAPK3	1	ENSG00000167657	
KIAA1217	1	ENSG00000120549	
TSPYL6	1	ENSG00000178021	
TSPYL4	1	ENSG00000187189	
TSPYL5	1	ENSG00000180543	
HPAT5	1	ENSG00000280707	
ENPEP	1	ENSG00000138792	
CEBPZOS	1	ENSG00000218739	
ABO	1	ENSG00000175164	
ABR	1	ENSG00000159842	
STMP1	1	ENSG00000243317	
ENSG00000228427	1	ENSG00000228427	
SSR1	1	ENSG00000124783	
ACD	1	ENSG00000102977	
ST14	1	ENSG00000149418	
ACE	1	ENSG00000159640	
ST13	1	ENSG00000100380	
IDH3B-DT	1	ENSG00000228293	
PIGY-DT	1	ENSG00000285122	
THAP12	1	ENSG00000137492	
THAP10	1	ENSG00000129028	
ST18	1	ENSG00000147488	
THAP11	1	ENSG00000168286	
ACR	1	ENSG00000100312	
OGDH	1	ENSG00000105953	
SSPN	1	ENSG00000123096	
ST20	1	ENSG00000180953	
ADA	1	ENSG00000196839	
OGFR	1	ENSG00000060491	
BSPH1	1	ENSG00000188334	
OGG1	1	ENSG00000114026	
ADK	1	ENSG00000156110	
ADM	1	ENSG00000148926	
FMN1	1	ENSG00000248905	
FMN2	1	ENSG00000155816	
ADO	1	ENSG00000181915	
PF4V1	1	ENSG00000109272	
TIGD1	1	ENSG00000221944	
GARNL3	1	ENSG00000136895	
TIGD3	1	ENSG00000173825	
TIGD2	1	ENSG00000180346	
TIGD5	1	ENSG00000179886	
TIGD4	1	ENSG00000169989	
TIGD7	1	ENSG00000140993	
SSR4	1	ENSG00000180879	
TIGD6	1	ENSG00000164296	
SSR2	1	ENSG00000163479	
NFAM1	1	ENSG00000235568	
SSR3	1	ENSG00000114850	
MDN1-AS1	1	ENSG00000228124	
NCRNA00250	1	ENSG00000253433	
AEN	1	ENSG00000181026	
BAAT	1	ENSG00000136881	
OCIAD1-AS1	1	ENSG00000248256	
AFM	1	ENSG00000079557	
AFP	1	ENSG00000081051	
ECPAS	1	ENSG00000136813	
BCLAF3	1	ENSG00000173681	
PRAMEF6	1	ENSG00000232423	
LMAN1	1	ENSG00000074695	
PRAMEF5	1	ENSG00000270601	
BCLAF1	1	ENSG00000029363	
PRAMEF4	1	ENSG00000243073	
PRAMEF2	1	ENSG00000120952	
TENT5C-DT	1	ENSG00000236866	
PRAMEF1	1	ENSG00000116721	
LMAN2	1	ENSG00000169223	
AGA	1	ENSG00000038002	
GPHA2	1	ENSG00000149735	
PRAMEF9	1	ENSG00000204505	
PRAMEF8	1	ENSG00000182330	
PRAMEF7	1	ENSG00000204510	
TIGAR	1	ENSG00000078237	
AGK	1	ENSG00000006530	
AGL	1	ENSG00000162688	
FMO1	1	ENSG00000010932	
FMO2	1	ENSG00000094963	
FMO3	1	ENSG00000007933	
FMO4	1	ENSG00000076258	
FMO5	1	ENSG00000131781	
AGT	1	ENSG00000135744	
HINFP	1	ENSG00000172273	
XAB2	1	ENSG00000076924	
HTT-AS	1	ENSG00000251075	
FMOD	1	ENSG00000122176	
GPHB5	1	ENSG00000179600	
DGKG	1	ENSG00000058866	
DGKE	1	ENSG00000153933	
DGKD	1	ENSG00000077044	
DGKB	1	ENSG00000136267	
DGKA	1	ENSG00000065357	
FMR1	1	ENSG00000102081	
AHR	1	ENSG00000106546	
RPH3A	1	ENSG00000089169	
MAEA	1	ENSG00000090316	
MAEL	1	ENSG00000143194	
SSX7	1	ENSG00000187754	
SSX4	1	ENSG00000268009	
SSX5	1	ENSG00000165583	
MAF1	1	ENSG00000179632	
SSX2	1	ENSG00000241476	
SSX3	1	ENSG00000165584	
SSX1	1	ENSG00000126752	
PPTC7	1	ENSG00000196850	
OR5AS1	1	ENSG00000181785	
AIP	1	ENSG00000110711	
TRAJ4	1	ENSG00000211885	
TRAJ3	1	ENSG00000211886	
TRAJ6	1	ENSG00000211883	
TRAJ5	1	ENSG00000211884	
DGKZ	1	ENSG00000149091	
MOB3B	1	ENSG00000120162	
TRAJ2	1	ENSG00000211887	
MOB3A	1	ENSG00000172081	
TRAIP	1	ENSG00000183763	
TRAJ1	1	ENSG00000211888	
ST7L	1	ENSG00000007341	
ARMCX3	1	ENSG00000102401	
MOB3C	1	ENSG00000142961	
GPATCH11	1	ENSG00000152133	
ARMCX4	1	ENSG00000196440	
ARMCX1	1	ENSG00000126947	
XACT	1	ENSG00000241743	
ARMCX2	1	ENSG00000184867	
TRAJ8	1	ENSG00000211881	
TRAJ7	1	ENSG00000211882	
ARMCX5	1	ENSG00000125962	
DGKQ	1	ENSG00000145214	
MADD	1	ENSG00000110514	
ARMCX6	1	ENSG00000198960	
TRAJ9	1	ENSG00000211880	
UFD1-AS1	1	ENSG00000185065	
ZNF567-DT	1	ENSG00000225975	
DGKK	1	ENSG00000274588	
DGKI	1	ENSG00000157680	
DGKH	1	ENSG00000102780	
NOTCH2	1	ENSG00000134250	
NOTCH3	1	ENSG00000074181	
AOAH-IT1	1	ENSG00000230539	
NOTCH1	1	ENSG00000148400	
OR5AR1	1	ENSG00000172459	
NOTCH4	1	ENSG00000204301	
AK1	1	ENSG00000106992	
NATD1	1	ENSG00000274180	
AK2	1	ENSG00000004455	
AK3	1	ENSG00000147853	
AK4	1	ENSG00000162433	
GPATCH2L	1	ENSG00000089916	
AK5	1	ENSG00000154027	
AK6	1	ENSG00000085231	
AK7	1	ENSG00000140057	
AK8	1	ENSG00000165695	
CXXC5-AS1	1	ENSG00000250635	
AK9	1	ENSG00000155085	
BAG6	1	ENSG00000204463	
BAG4	1	ENSG00000156735	
DSCR4	1	ENSG00000184029	
BAG5	1	ENSG00000166170	
BAG2	1	ENSG00000112208	
BAG3	1	ENSG00000151929	
LACTB2-AS1	1	ENSG00000246366	
BAG1	1	ENSG00000107262	
UGT3A2	1	ENSG00000168671	
UGT3A1	1	ENSG00000145626	
DSCR8	1	ENSG00000198054	
DSCR9	1	ENSG00000230366	
FN3K	1	ENSG00000167363	
MOAP1	1	ENSG00000165943	
OR5B21	1	ENSG00000198283	
RITA1	1	ENSG00000139405	
MAFA	1	ENSG00000182759	
MOB1B	1	ENSG00000173542	
MOB1A	1	ENSG00000114978	
RCAN1	1	ENSG00000159200	
MAFB	1	ENSG00000204103	
RCAN2	1	ENSG00000172348	
MAFG	1	ENSG00000197063	
RCAN3	1	ENSG00000117602	
ALB	1	ENSG00000163631	
MAFF	1	ENSG00000185022	
MAFK	1	ENSG00000198517	
DHCR7	1	ENSG00000172893	
XAF1	1	ENSG00000132530	
ALK	1	ENSG00000171094	
TRADD	1	ENSG00000102871	
IGBP1C	1	ENSG00000266826	
C16orf46	1	ENSG00000166455	
PAGR1	1	ENSG00000280789	
SIN3B	1	ENSG00000127511	
SIN3A	1	ENSG00000169375	
AMH	1	ENSG00000104899	
AMN	1	ENSG00000166126	
AMT	1	ENSG00000145020	
TRAF2	1	ENSG00000127191	
TRAF1	1	ENSG00000056558	
TRAF7	1	ENSG00000131653	
TRAF4	1	ENSG00000076604	
TRAF3	1	ENSG00000131323	
TRAF6	1	ENSG00000175104	
TRAF5	1	ENSG00000082512	
ANG	1	ENSG00000214274	
SPADH	1	ENSG00000286135	
TRABD	1	ENSG00000170638	
NFAT5	1	ENSG00000102908	
LUZP4	1	ENSG00000102021	
IGHV2-5	1	ENSG00000211937	
LUZP1	1	ENSG00000169641	
LUZP2	1	ENSG00000187398	
LOC124902165	1	ENSG00000277412	
KIAA1210	1	ENSG00000250423	
ENOX2	1	ENSG00000165675	
SPACA5B	1	ENSG00000171478	
MGAT5B	1	ENSG00000167889	
MAL2	1	ENSG00000147676	
CENATAC-DT	1	ENSG00000255121	
BAK1	1	ENSG00000030110	
TIGIT	1	ENSG00000181847	
FNIP1	1	ENSG00000217128	
FNIP2	1	ENSG00000052795	
SPAG9	1	ENSG00000008294	
OR5AU1	1	ENSG00000169327	
SPAG7	1	ENSG00000091640	
SPAG8	1	ENSG00000137098	
SPAG5	1	ENSG00000076382	
SPAG6	1	ENSG00000077327	
SPAG4	1	ENSG00000061656	
WDR7-OT1	1	ENSG00000267225	
CKAP2-DT	1	ENSG00000278238	
ENOX1	1	ENSG00000120658	
ANXA2R-AS1	1	ENSG00000215068	
MGAT4C	1	ENSG00000182050	
MGAT4D	1	ENSG00000205301	
NFASC	1	ENSG00000163531	
APC	1	ENSG00000134982	
MGAT4A	1	ENSG00000071073	
MGAT4B	1	ENSG00000161013	
SPAG1	1	ENSG00000104450	
TP53TG3B	1	ENSG00000261509	
APP	1	ENSG00000142192	
TP53TG3C	1	ENSG00000205457	
TP53TG3D	1	ENSG00000205456	
ABCC5-AS1	1	ENSG00000223882	
SPARC	1	ENSG00000113140	
TP53TG3E	1	ENSG00000275034	
B2M	1	ENSG00000166710	
AQR	1	ENSG00000021776	
MIF4GD	1	ENSG00000125457	
INPP4A	1	ENSG00000040933	
CHIT1	1	ENSG00000133063	
INPP4B	1	ENSG00000109452	
ARC	1	ENSG00000198576	
MALL	1	ENSG00000144063	
ENSG00000253396	1	ENSG00000253396	
OR5AK2	1	ENSG00000181273	
MAOB	1	ENSG00000069535	
MAOA	1	ENSG00000189221	
ARX	1	ENSG00000004848	
TMTC3	1	ENSG00000139324	
STC1	1	ENSG00000159167	
TMTC2	1	ENSG00000179104	
TMTC1	1	ENSG00000133687	
TMTC4	1	ENSG00000125247	
INPP5B	1	ENSG00000204084	
SPAST	1	ENSG00000021574	
INPP5A	1	ENSG00000068383	
PSG8-AS1	1	ENSG00000225877	
INPP5F	1	ENSG00000198825	
MAP2	1	ENSG00000078018	
INO80D-AS1	1	ENSG00000227946	
STC2	1	ENSG00000113739	
INPP5D	1	ENSG00000168918	
INPP5E	1	ENSG00000148384	
MAP7	1	ENSG00000135525	
INPP5J	1	ENSG00000185133	
INPP5K	1	ENSG00000132376	
MAP6	1	ENSG00000171533	
ASL	1	ENSG00000126522	
MAP4	1	ENSG00000047849	
HTD2	1	ENSG00000255154	
MAP9	1	ENSG00000164114	
BANP	1	ENSG00000172530	
RELA-DT	1	ENSG00000285533	
TRAP1	1	ENSG00000126602	
STAC	1	ENSG00000144681	
ATP6V1FNB	1	ENSG00000272899	
STAM	1	ENSG00000136738	
USP46-DT	1	ENSG00000248866	
MANF	1	ENSG00000145050	
SPART	1	ENSG00000133104	
STAR	1	ENSG00000147465	
CELF2-AS2	1	ENSG00000237986	
CELF2-AS1	1	ENSG00000181800	
SPATS2L	1	ENSG00000196141	
ATM	1	ENSG00000149311	
TP53TG3F	1	ENSG00000278848	
BAP1	1	ENSG00000163930	
ATR	1	ENSG00000175054	
TRAM1	1	ENSG00000067167	
ADIRF	1	ENSG00000148671	
TRAM2	1	ENSG00000065308	
JCHAIN	1	ENSG00000132465	
HINT1	1	ENSG00000169567	
HINT2	1	ENSG00000137133	
HINT3	1	ENSG00000111911	
AUH	1	ENSG00000148090	
ENSG00000253363	1	ENSG00000253363	
USP34-DT	1	ENSG00000270820	
OR5B12	1	ENSG00000172362	
OR5AP2	1	ENSG00000172464	
ENSG00000277332	1	ENSG00000277332	
OR5B17	1	ENSG00000197786	
AQP7B	1	ENSG00000259916	
AVP	1	ENSG00000101200	
MAPT	1	ENSG00000186868	
SPAM1	1	ENSG00000106304	
ENSG00000253380	1	ENSG00000253380	
TRAK1	1	ENSG00000182606	
TRAK2	1	ENSG00000115993	
DZANK1	1	ENSG00000089091	
OR5AN1	1	ENSG00000176495	
CGREF1	1	ENSG00000138028	
SEMA3B-AS1	1	ENSG00000232352	
BATF	1	ENSG00000156127	
MAS1	1	ENSG00000130368	
AXL	1	ENSG00000167601	
MARCHF11-DT	1	ENSG00000250448	
WASHC4	1	ENSG00000136051	
WASHC5	1	ENSG00000164961	
KIAA1191	1	ENSG00000122203	
DSCC1	1	ENSG00000136982	
IL18RAP	1	ENSG00000115607	
CCND2-AS1	1	ENSG00000255920	
WASHC1	1	ENSG00000181404	
WASHC3	1	ENSG00000120860	
C2orf74-DT	1	ENSG00000212978	
MAPKAPK5-AS1	1	ENSG00000234608	
ABCG8	1	ENSG00000143921	
ABCG5	1	ENSG00000138075	
DSCAS	1	ENSG00000265888	
DSCAM	1	ENSG00000171587	
ENSG00000241345	1	ENSG00000241345	
MATK	1	ENSG00000007264	
UAP1-DT	1	ENSG00000259788	
MAU2	1	ENSG00000129933	
OR5AC2	1	ENSG00000196578	
HDGFL1	1	ENSG00000112273	
ENSG00000277301	1	ENSG00000277301	
HDGFL2	1	ENSG00000167674	
ABCG4	1	ENSG00000172350	
ABCG1	1	ENSG00000160179	
HDGFL3	1	ENSG00000166503	
ABCG2	1	ENSG00000118777	
MORC2-AS1	1	ENSG00000235989	
STK4	1	ENSG00000101109	
PLCXD1	1	ENSG00000182378	
PLCXD2	1	ENSG00000240891	
STK3	1	ENSG00000104375	
ADAM7-AS1	1	ENSG00000253535	
ADAM7-AS2	1	ENSG00000253643	
DCXR-DT	1	ENSG00000264569	
STIL	1	ENSG00000123473	
AZIN2	1	ENSG00000142920	
AZIN1	1	ENSG00000155096	
SLC2A9	1	ENSG00000109667	
MAVS	1	ENSG00000088888	
PLCXD3	1	ENSG00000182836	
ABCD4	1	ENSG00000119688	
ABCD2	1	ENSG00000173208	
ABCD3	1	ENSG00000117528	
ENSG00000243953	1	ENSG00000243953	
AQP10	1	ENSG00000143595	
SLC2A1	1	ENSG00000117394	
SLC2A2	1	ENSG00000163581	
SLC2A3	1	ENSG00000059804	
SLC2A4	1	ENSG00000181856	
CHTF18	1	ENSG00000127586	
SLC2A5	1	ENSG00000142583	
SLC2A6	1	ENSG00000160326	
HTN1	1	ENSG00000126550	
SLC2A7	1	ENSG00000197241	
SLC2A8	1	ENSG00000136856	
HEBP1	1	ENSG00000013583	
HTN3	1	ENSG00000205649	
HEBP2	1	ENSG00000051620	
SDR16C5	1	ENSG00000170786	
TRAV2	1	ENSG00000211776	
ABCD1	1	ENSG00000101986	
ABCC3	1	ENSG00000108846	
MEF2C-AS2	1	ENSG00000245864	
ABCC4	1	ENSG00000125257	
TRAV7	1	ENSG00000211781	
ABCC1	1	ENSG00000103222	
ABCC2	1	ENSG00000023839	
MEF2C-AS1	1	ENSG00000248309	
AQP12B	1	ENSG00000185176	
TRAV4	1	ENSG00000211778	
ABCC8	1	ENSG00000006071	
AQP12A	1	ENSG00000184945	
TRAV3	1	ENSG00000211777	
ABCC5	1	ENSG00000114770	
TRAV6	1	ENSG00000211780	
ABCC6	1	ENSG00000091262	
TRAV5	1	ENSG00000211779	
IRF1-AS1	1	ENSG00000197536	
SDAD1-AS1	1	ENSG00000245928	
ABCC9	1	ENSG00000069431	
ENSG00000228334	1	ENSG00000228334	
TGFBR1	1	ENSG00000106799	
TGFBR2	1	ENSG00000163513	
KANSL1-AS1	1	ENSG00000214401	
TGFBR3	1	ENSG00000069702	
DDX19A	1	ENSG00000168872	
DDX19B	1	ENSG00000157349	
STOM	1	ENSG00000148175	
ABCF2	1	ENSG00000033050	
ABCF3	1	ENSG00000161204	
MUTYH	1	ENSG00000132781	
ABCF1	1	ENSG00000204574	
IGBP1	1	ENSG00000089289	
C2orf49-DT	1	ENSG00000272994	
STN1	1	ENSG00000107960	
BAD	1	ENSG00000002330	
TRAT1	1	ENSG00000163519	
MIR3681HG	1	ENSG00000224184	
BAX	1	ENSG00000087088	
AQP11	1	ENSG00000178301	
ABCE1	1	ENSG00000164163	
