ID,baseMean,log2FoldChange,lfcSE,pvalue,padj
ENSG00000000003,6.797568815,-2.089568413,0.819848633,0.001657485,0.006392761
ENSG00000001497,21.98107858,-1.415802056,0.421584668,0.000262193,0.001239555
ENSG00000001617,43.28520678,-2.366226065,0.32663902,7.16E-14,1.14E-12
ENSG00000002549,19.75618011,-1.530846138,0.453065028,0.000211648,0.001023743
ENSG00000003756,329.4520657,1.806959148,0.205935612,5.51E-19,1.19E-17
ENSG00000004059,164.9476585,-0.810227679,0.16735726,8.76E-07,6.62E-06
ENSG00000004142,120.1023774,-0.91457161,0.19722323,2.15E-06,1.53E-05
ENSG00000004478,463.2118476,0.452880641,0.114239579,6.59E-05,0.000358983
ENSG00000004700,535.5616253,1.859822495,0.17691244,2.38E-26,7.33E-25
ENSG00000004777,8.918150201,2.070243917,1.048369376,0.009597684,0.028890958
ENSG00000004779,81.62333391,-0.76803775,0.258732569,0.002053171,0.007680972
ENSG00000004897,43.14300473,0.829206786,0.307351928,0.004555236,0.01540364
ENSG00000004961,110.9153676,1.030859052,0.203905698,2.40E-07,1.99E-06
ENSG00000005001,72.74185816,2.28849818,0.360485554,4.95E-11,6.12E-10
ENSG00000005007,106.896141,0.489220223,0.211436739,0.017859112,0.048543577
ENSG00000005022,392.1436011,-2.327406658,0.13547163,6.32E-67,5.29E-65
ENSG00000005238,151.9240852,1.398552697,0.198364172,7.23E-13,1.05E-11
ENSG00000005339,84.68687422,0.894679581,0.282736409,0.000978403,0.003997029
ENSG00000005448,5.226631629,-1.716777413,0.974302225,0.013761039,0.039171274
ENSG00000005469,7.102626766,-3.101115285,0.953254998,0.000109879,0.000569195
ENSG00000005483,59.79104463,0.960888283,0.296966314,0.000710955,0.003020685
ENSG00000005513,16.86399667,6.61820232,2.359800032,4.16E-07,3.32E-06
ENSG00000005812,43.26739689,1.296949942,0.324957376,2.72E-05,0.000160357
ENSG00000005884,120.572893,0.556495945,0.185904406,0.002306716,0.008511412
ENSG00000005889,34.3641527,1.383835499,0.415606759,0.000329946,0.001525155
ENSG00000006015,5.344933594,-2.753861257,1.057953317,0.000963347,0.003948377
ENSG00000006062,20.86414495,2.097126044,0.510692639,8.47E-06,5.49E-05
ENSG00000006118,22.62825471,1.209061027,0.46585516,0.00400092,0.013782436
ENSG00000006125,137.8987972,1.315935501,0.18377303,3.44E-13,5.17E-12
ENSG00000006194,41.3740981,1.122447519,0.346619725,0.000592239,0.002573332
ENSG00000006282,10.34076424,1.254828896,0.609584546,0.014658251,0.041316148
ENSG00000006327,979.1847969,2.078593206,0.096870807,8.77E-103,1.25E-100
ENSG00000006432,44.59727576,0.940724745,0.327872071,0.002345228,0.008643725
ENSG00000006453,99.60169049,0.60502326,0.22259414,0.005237603,0.017341392
ENSG00000006459,45.51260326,1.214700946,0.309248049,3.85E-05,0.000219453
ENSG00000006555,11.59634169,-1.283781801,0.581023641,0.009294821,0.028178498
ENSG00000006625,132.8929823,-2.303495345,0.220775027,2.98E-26,9.10E-25
ENSG00000006652,132.6351286,0.839120051,0.235036899,0.000242849,0.001157622
ENSG00000007038,9.116702856,1.674723449,0.760603982,0.006612794,0.021182221
ENSG00000007080,63.07262608,-1.985303733,0.298469909,6.07E-12,8.15E-11
ENSG00000007168,160.2306345,0.494975305,0.160440766,0.001762193,0.006751322
ENSG00000007384,134.3624607,2.216592351,0.251051722,2.44E-19,5.36E-18
ENSG00000007392,42.93395841,0.99287246,0.342633454,0.002090678,0.007797663
ENSG00000007520,58.84021362,-2.050079956,0.296293227,9.06E-13,1.30E-11
ENSG00000007545,43.61382829,1.481705046,0.360715268,1.39E-05,8.65E-05
ENSG00000008018,203.3224109,-0.510750315,0.147317726,0.000453079,0.002029373
ENSG00000008128,35.18690005,1.306553902,0.416134146,0.000686293,0.002932151
ENSG00000008130,39.46135663,0.815382039,0.319105023,0.007044315,0.022368049
ENSG00000008282,83.76778133,-1.326558368,0.232335658,4.44E-09,4.64E-08
ENSG00000008283,19.02364481,-1.391398765,0.461447085,0.000853774,0.003546421
ENSG00000008294,162.4402346,0.802489838,0.186687375,1.20E-05,7.50E-05
ENSG00000008300,32.02874936,2.551288551,0.875246035,0.001097904,0.004435328
ENSG00000008324,58.06771425,1.052405116,0.324958143,0.00062413,0.00269674
ENSG00000008382,4.347047846,-2.28647759,1.189144185,0.005803721,0.018906318
ENSG00000008394,20.32494671,-2.488765181,0.497499921,8.08E-08,7.18E-07
ENSG00000008405,233.9471329,3.791839725,0.394950821,4.20E-22,1.07E-20
ENSG00000008441,9.502398208,-1.648358512,0.667636235,0.003084988,0.010995051
ENSG00000008516,117.5621633,7.463535132,1.246086197,3.89E-11,4.85E-10
ENSG00000008517,63.7434192,4.749194664,0.965634023,1.10E-06,8.22E-06
ENSG00000008710,19.70287924,3.12838686,0.561540373,3.73E-09,3.93E-08
ENSG00000008988,398.5364739,-0.513779873,0.11356961,5.19E-06,3.47E-05
ENSG00000009307,360.5515498,-0.65893783,0.109323121,1.30E-09,1.42E-08
ENSG00000009954,84.6432539,1.587581306,0.239726421,1.15E-11,1.51E-10
ENSG00000010244,181.5356232,1.398735515,0.194477222,2.57E-13,3.92E-12
ENSG00000010256,93.22232476,-1.036426023,0.210205182,4.43E-07,3.52E-06
ENSG00000010270,23.45485714,1.356270914,0.454159395,0.001012966,0.004126014
ENSG00000010278,200.6570767,-0.637004549,0.141976666,5.60E-06,3.73E-05
ENSG00000010310,17.07346136,1.326510818,0.534425409,0.004773252,0.016066066
ENSG00000010322,67.79737592,1.368762394,0.27707195,3.08E-07,2.51E-06
ENSG00000010438,74.5894168,-2.727130884,0.285332848,1.65E-22,4.30E-21
ENSG00000010803,17.0213057,1.252215628,0.52624746,0.006750106,0.021538651
ENSG00000010810,47.0121226,1.483411766,0.33059346,2.57E-06,1.80E-05
ENSG00000011007,62.95168543,-0.600720668,0.25238166,0.013656536,0.038921975
ENSG00000011021,28.5523822,1.561740222,0.446016521,0.00014755,0.000739008
ENSG00000011028,20.60016034,1.077459937,0.437442082,0.006675275,0.021348505
ENSG00000011105,14.30596043,-1.097777887,0.537540224,0.017975477,0.048754241
ENSG00000011132,28.84362357,1.242797684,0.451701413,0.002495334,0.009126851
ENSG00000011198,26.50490529,-0.969778886,0.388308311,0.006752305,0.021539947
ENSG00000011275,79.4411786,2.626696516,0.280612194,1.50E-21,3.75E-20
ENSG00000011422,25.8800712,0.998532441,0.393301867,0.00596322,0.019367483
ENSG00000011426,24.89414103,-1.975354323,0.43031419,9.17E-07,6.92E-06
ENSG00000012061,161.2498301,0.918783899,0.17767857,1.46E-07,1.25E-06
ENSG00000012171,4.267162469,2.310049529,1.323740923,0.012676321,0.036558668
ENSG00000012660,130.4377527,0.558258883,0.199741627,0.00428115,0.014638224
ENSG00000012817,56.24001897,1.458639954,0.342510713,7.54E-06,4.93E-05
ENSG00000013275,249.7943641,-0.434100308,0.158780929,0.005626317,0.018451323
ENSG00000013441,612.9791552,1.458543561,0.139733994,7.06E-26,2.10E-24
ENSG00000013561,30.94873026,0.835764118,0.350437361,0.010922492,0.032269404
ENSG00000013588,31.17330865,2.561468439,0.493741194,4.42E-08,4.05E-07
ENSG00000014123,48.06603794,-0.818883391,0.28341561,0.002515292,0.009186278
ENSG00000014138,3.039529235,-2.339050645,1.502683476,0.011138511,0.032816281
ENSG00000014216,121.0309843,-0.544384966,0.182296909,0.00235071,0.008655231
ENSG00000014641,46.59508244,-1.969709713,0.310882278,4.98E-11,6.16E-10
ENSG00000016402,5.488494966,-7.50354834,2.874284457,2.36E-06,1.67E-05
ENSG00000016602,11.22330074,-3.643051457,0.906830116,1.10E-05,6.95E-05
ENSG00000017483,31.4286294,-0.765248956,0.339647132,0.01626574,0.045034139
ENSG00000017797,38.32104103,-1.392133121,0.313351362,3.16E-06,2.19E-05
ENSG00000018189,27.26478726,0.906501555,0.371256089,0.008695806,0.026680125
ENSG00000018236,14.44623571,-2.398131221,0.575714005,4.51E-06,3.05E-05
ENSG00000019144,9.720683067,1.964934245,0.850856387,0.004589064,0.015499043
ENSG00000019186,5.419994244,-2.11789452,1.244389645,0.012641903,0.036475459
ENSG00000020577,20.34582307,1.193451715,0.515985135,0.008770333,0.026859873
ENSG00000021355,149.9549649,3.593924825,0.224478163,1.71E-58,1.21E-56
ENSG00000021826,3.566873995,-2.512807916,1.273376405,0.004920244,0.01649244
ENSG00000022556,14.10573058,-1.118909519,0.521344848,0.013614915,0.038843462
ENSG00000022840,174.2109333,0.431588643,0.177347927,0.013436859,0.038438775
ENSG00000023191,110.1985225,-1.453550535,0.19056216,8.34E-15,1.42E-13
ENSG00000023287,76.94954009,1.018528031,0.24356148,1.62E-05,9.97E-05
ENSG00000023330,274.8854209,0.959187909,0.151307496,1.40E-10,1.67E-09
ENSG00000023697,26.88157155,-1.358234226,0.384785997,0.000147985,0.000740728
ENSG00000023902,10.48385157,3.173005823,0.98345246,0.000270198,0.001272605
ENSG00000023909,38.40683683,3.776863766,0.469105616,1.60E-16,3.00E-15
ENSG00000024048,59.59383151,1.087482896,0.285555354,6.59E-05,0.000358983
ENSG00000024422,108.664905,-0.672592119,0.190247788,0.000308568,0.001434235
ENSG00000025156,45.56175371,0.800805803,0.348007347,0.01421963,0.040260751
ENSG00000025770,39.2871127,1.388221763,0.362090594,4.79E-05,0.000269131
ENSG00000025772,168.3399323,0.925177006,0.177454884,1.15E-07,1.00E-06
ENSG00000026025,88.69903863,3.365420775,0.331028825,6.21E-25,1.77E-23
ENSG00000026297,2.887806832,-2.750830531,1.651989317,0.008474795,0.026122889
ENSG00000026508,181.8088399,-1.009650018,0.14342607,1.09E-12,1.54E-11
ENSG00000026652,26.01423859,2.62590342,0.686663532,3.32E-05,0.000192097
ENSG00000027001,13.54432327,-2.661569076,0.609303418,1.66E-06,1.20E-05
ENSG00000027697,82.36256901,-1.169863377,0.242513715,6.49E-07,5.02E-06
ENSG00000028839,25.760921,1.126638433,0.434349096,0.004456685,0.015148339
ENSG00000030582,257.5913415,-2.341630379,0.144289487,5.57E-60,4.04E-58
ENSG00000031003,15.73132356,1.26031066,0.550951615,0.008512361,0.026186293
ENSG00000031698,281.9501207,0.646717154,0.119781234,5.41E-08,4.90E-07
ENSG00000033011,6.950704341,-2.324844823,0.841464303,0.000748001,0.003160566
ENSG00000033030,35.05270193,1.28662342,0.386011968,0.000354691,0.001625081
ENSG00000033050,48.05284081,-1.002935436,0.288841924,0.000279667,0.001314064
ENSG00000033100,72.13118553,1.501687412,0.263899582,4.38E-09,4.58E-08
ENSG00000033627,70.02894846,0.856305475,0.255028286,0.000511111,0.002258512
ENSG00000034510,4009.443208,-1.64933118,0.072295835,6.99E-116,1.10E-113
ENSG00000034693,27.04191024,-2.04897655,0.438716064,5.50E-07,4.31E-06
ENSG00000035403,86.41880995,-0.868694615,0.225015363,7.18E-05,0.00038764
ENSG00000035681,26.58899661,0.822278347,0.367697023,0.016340891,0.045191242
ENSG00000035687,21.30403805,-1.17955224,0.500096106,0.007384407,0.023253419
ENSG00000036257,57.16427096,0.707803187,0.283644339,0.009215805,0.027994301
ENSG00000037042,31.7879979,1.08675978,0.422839694,0.004888887,0.016407257
ENSG00000037757,15.33215831,-1.125030553,0.488712852,0.009224256,0.028008553
ENSG00000038358,100.4246557,1.901523334,0.253735254,1.74E-14,2.89E-13
ENSG00000038382,59.52499182,1.624936367,0.295685582,1.24E-08,1.23E-07
ENSG00000039068,157.5739632,-1.451827997,0.168375426,2.31E-18,4.79E-17
ENSG00000039523,118.8834716,2.506798537,0.314596005,3.63E-16,6.69E-15
ENSG00000039650,29.76124494,1.407269704,0.402715929,0.000170233,0.000844132
ENSG00000040199,27.43996695,3.169153213,0.566995541,4.92E-09,5.10E-08
ENSG00000040487,38.85418088,0.973112217,0.368076271,0.004534173,0.015354992
ENSG00000041353,16.95260913,-3.436528392,0.592394708,7.78E-10,8.73E-09
ENSG00000042286,10.96471835,3.515573125,0.81550288,2.47E-06,1.74E-05
ENSG00000042429,21.75272872,1.304127701,0.46775077,0.002055191,0.007686078
ENSG00000042493,140.1884162,-1.369594023,0.174660368,1.70E-15,3.02E-14
ENSG00000042753,108.943611,-2.783860825,0.244846897,7.45E-31,2.71E-29
ENSG00000043039,2.147608368,-0.930789582,1.759300691,0.011751544,0.034334295
ENSG00000044446,15.46594856,1.623461002,0.560046545,0.001048027,0.00425626
ENSG00000044574,1354.182993,-0.523080894,0.068328625,1.74E-14,2.88E-13
ENSG00000046604,141.9450041,2.098263798,0.184183748,1.03E-30,3.73E-29
ENSG00000046651,52.37873992,1.075689675,0.31270778,0.000303929,0.001414575
ENSG00000047056,49.39503242,1.195237194,0.366164508,0.000510454,0.00225633
ENSG00000047315,173.9940276,0.629919604,0.173018368,0.00021664,0.001042773
ENSG00000047346,35.69817312,0.954858162,0.404601271,0.010352246,0.030833484
ENSG00000047849,93.65848292,-0.93972597,0.197358328,1.14E-06,8.48E-06
ENSG00000047932,27.52335489,-0.839150356,0.385847725,0.018235385,0.049342807
ENSG00000048052,42.21725695,1.723300058,0.460202923,5.55E-05,0.000307903
ENSG00000048140,68.75002178,1.492913284,0.258398549,2.67E-09,2.84E-08
ENSG00000048405,37.68817326,0.928404205,0.341081045,0.003824359,0.013250352
ENSG00000048649,44.40739865,0.79154826,0.325534504,0.010120329,0.030223013
ENSG00000049130,8.340874234,-1.676600062,0.76115826,0.006016627,0.019508799
ENSG00000049245,112.540217,-1.002778908,0.195165969,1.55E-07,1.32E-06
ENSG00000049246,46.52044223,1.522193629,0.443855133,0.000211183,0.001021853
ENSG00000049283,22.20878771,-2.091538524,0.451219069,6.87E-07,5.29E-06
ENSG00000049541,16.0347549,-1.148078333,0.56425218,0.016828629,0.046223674
ENSG00000049759,150.6637624,2.877511742,0.308826534,3.35E-21,8.17E-20
ENSG00000049860,67.86636913,-0.586816524,0.247949172,0.014353185,0.040572296
ENSG00000050165,16.47003316,-2.059739823,0.506016261,8.72E-06,5.62E-05
ENSG00000050327,57.24452403,1.256212442,0.303958498,1.57E-05,9.66E-05
ENSG00000050344,3.849733941,-2.852031863,1.333465621,0.003296439,0.01165237
ENSG00000050405,150.6227872,-1.99195761,0.174126159,5.79E-31,2.13E-29
ENSG00000050820,34.84050852,2.293531847,0.408206346,3.85E-09,4.04E-08
ENSG00000051009,39.84884433,0.831315223,0.334611829,0.008345061,0.025763275
ENSG00000051108,178.4046219,0.915585627,0.159205766,5.63E-09,5.82E-08
ENSG00000051128,150.7277795,0.977238793,0.184007909,6.44E-08,5.79E-07
ENSG00000051596,22.15895041,-1.665653352,0.450409444,5.51E-05,0.000305901
ENSG00000052795,25.76014731,-1.063408968,0.385810732,0.002873481,0.010329262
ENSG00000052802,195.3583527,-0.909509064,0.166309825,2.83E-08,2.66E-07
ENSG00000053254,4.963927981,-3.302798982,1.109636119,0.000320719,0.001485209
ENSG00000053371,26.06234011,-2.809769293,0.454945323,8.48E-11,1.03E-09
ENSG00000054116,81.24464664,-0.64326017,0.230517796,0.004044812,0.01390593
ENSG00000054118,190.8207632,0.726288475,0.159168684,3.75E-06,2.57E-05
ENSG00000054148,40.40296082,-1.466532486,0.395781233,6.66E-05,0.000362298
ENSG00000054267,58.27901137,1.017739668,0.323373676,0.000912299,0.003757006
ENSG00000054277,15.23611453,-1.945868076,0.540209754,6.16E-05,0.000338323
ENSG00000054793,30.52945943,1.38320085,0.372003902,7.40E-05,0.000398313
ENSG00000054967,68.21444899,2.823653305,0.490450458,2.12E-09,2.28E-08
ENSG00000055044,140.4902197,0.461033852,0.186292199,0.011803726,0.034452498
ENSG00000055130,114.8311685,0.582958679,0.191061407,0.001874836,0.007115714
ENSG00000055208,166.8498228,0.652430422,0.174010408,0.000140725,0.000707984
ENSG00000055332,28.33765334,1.121911985,0.380588762,0.001518686,0.005918631
ENSG00000055483,67.59893777,1.968539564,0.305130058,2.95E-11,3.73E-10
ENSG00000055609,98.2631823,1.802213061,0.284312656,7.06E-11,8.62E-10
ENSG00000055732,34.7418573,4.3291904,0.61404423,6.96E-13,1.02E-11
ENSG00000055917,177.9466439,1.228257471,0.169499131,2.00E-13,3.06E-12
ENSG00000055950,22.92281561,-1.252094989,0.406692897,0.000820992,0.003418735
ENSG00000056050,15.8046319,-1.430050065,0.598029634,0.004855148,0.016297992
ENSG00000056097,100.7801396,0.784510151,0.217451986,0.000213466,0.001031454
ENSG00000056586,86.69177553,0.990849518,0.237775937,1.78E-05,0.000108429
ENSG00000056972,21.98693655,-1.164231727,0.415932422,0.002226451,0.008235063
ENSG00000057149,169.280395,-3.931090362,0.240109599,3.51E-61,2.65E-59
ENSG00000057608,119.6504414,-0.688599091,0.196197326,0.00033551,0.00154644
ENSG00000057757,120.2697567,0.893237164,0.219969529,3.08E-05,0.000179883
ENSG00000058262,194.2642623,-0.489616845,0.144555574,0.000609306,0.002640836
ENSG00000058668,150.5041658,-0.844044023,0.164663236,1.96E-07,1.65E-06
ENSG00000058799,29.83606187,-1.648848813,0.381007024,4.06E-06,2.76E-05
ENSG00000058804,11.4417198,-1.26179727,0.592619331,0.011591875,0.033941836
ENSG00000059378,42.36628461,1.343226806,0.372561451,0.000123274,0.000628439
ENSG00000059588,4.409707007,-2.144085753,1.052666801,0.00534952,0.017673779
ENSG00000059728,181.6681915,0.676790691,0.204187282,0.000705613,0.003001682
ENSG00000059758,49.81355162,0.751670403,0.30974731,0.010676277,0.03162323
ENSG00000059804,23.39198354,1.412554345,0.435667158,0.000404389,0.001831494
ENSG00000060140,8.714000028,1.930418504,0.882161813,0.006012992,0.019507378
ENSG00000060237,102.0464646,-0.923208568,0.201005004,2.65E-06,1.86E-05
ENSG00000060339,152.8445586,0.607908481,0.177024349,0.000475326,0.002113921
ENSG00000060491,53.49605309,1.418981981,0.309051411,1.62E-06,1.17E-05
ENSG00000060558,92.468148,-0.693700727,0.197983878,0.00034079,0.001567111
ENSG00000060762,39.85625344,-1.363649329,0.356397104,4.72E-05,0.000265506
ENSG00000060971,30.27225811,-0.820909766,0.355701506,0.013263403,0.038005599
ENSG00000061273,27.25371398,0.95801372,0.388714432,0.007683434,0.024043008
ENSG00000061676,66.81956092,0.604570507,0.239801149,0.009396698,0.028412452
ENSG00000061794,51.98867707,-0.884919569,0.275769657,0.000815148,0.003397476
ENSG00000062038,67.68002933,-1.340253267,0.240006724,9.01E-09,9.13E-08
ENSG00000062194,102.5655613,1.356361615,0.247507442,1.72E-08,1.68E-07
ENSG00000062282,15.33173092,-4.382592216,0.71657062,1.67E-10,1.98E-09
ENSG00000062370,19.32265618,1.392219748,0.504077612,0.00199588,0.007490658
ENSG00000062485,71.51191631,-0.857526546,0.237749042,0.000197189,0.000961556
ENSG00000062582,29.61318677,-1.345854824,0.380692513,0.000147587,0.000739008
ENSG00000062650,87.28342552,1.008088236,0.228924386,6.05E-06,4.01E-05
ENSG00000062716,114.1009218,0.973010124,0.201936939,8.57E-07,6.49E-06
ENSG00000063046,157.1375381,-0.702462842,0.165747743,1.68E-05,0.000102884
ENSG00000063169,13.96922858,1.295849076,0.592791631,0.01059124,0.031425309
ENSG00000063176,10.19277557,1.411713019,0.690213046,0.012598115,0.036378738
ENSG00000063177,345.2124507,-1.850544122,0.123553537,2.47E-51,1.50E-49
ENSG00000063241,4.670475233,-2.167494404,1.033262902,0.004671664,0.015758731
ENSG00000063587,6.208279472,2.18759023,0.972903417,0.003971563,0.013695045
ENSG00000063660,71.30882091,0.942449196,0.240032658,5.17E-05,0.000288138
ENSG00000064102,30.85536665,-1.136510201,0.364588548,0.000832208,0.003462306
ENSG00000064115,65.57995048,-3.378288512,0.289755953,2.47E-32,9.56E-31
ENSG00000064195,20.78972202,-2.426995723,0.491107838,1.19E-07,1.03E-06
ENSG00000064199,3.45687748,-2.240985103,1.268835625,0.008810544,0.026959092
ENSG00000064270,5.650602059,-2.355999272,1.048151318,0.003269768,0.01156995
ENSG00000064300,23.90618239,4.088036599,2.125861781,0.000466928,0.002080857
ENSG00000064490,19.71312037,-1.530809509,0.45944828,0.000250154,0.001188746
ENSG00000064545,12.25176709,-1.211991548,0.590389678,0.014841088,0.041746231
ENSG00000064547,38.08788028,1.736130569,0.405227303,4.95E-06,3.32E-05
ENSG00000064607,95.10233746,1.396784274,0.244834163,4.58E-09,4.77E-08
ENSG00000064666,78.58556928,-0.813719527,0.224821063,0.000196351,0.000958488
ENSG00000064932,66.69898175,1.984735632,0.288308898,1.39E-12,1.96E-11
ENSG00000064995,54.2226268,-0.989005846,0.28934287,0.000347936,0.001597843
ENSG00000065000,107.0080108,0.862109128,0.219592791,5.64E-05,0.000312788
ENSG00000065057,3.992219863,-2.231204467,1.277330818,0.009137009,0.027810041
ENSG00000065060,22.62505096,1.184321144,0.451721513,0.003789978,0.013147738
ENSG00000065154,114.9030928,-1.220897296,0.199519882,4.12E-10,4.72E-09
ENSG00000065183,12.1015135,-1.688259538,0.581751908,0.000872822,0.003616012
ENSG00000065268,32.61437571,-1.002763552,0.344907276,0.001934309,0.00729928
ENSG00000065328,2.722279548,-2.714004075,1.833588406,0.009175281,0.027895765
ENSG00000065361,38.10399474,-1.070514387,0.321028691,0.000426546,0.001923641
ENSG00000065427,112.9841341,-1.252859208,0.188441316,1.28E-11,1.67E-10
ENSG00000065518,86.37087756,-1.035988298,0.225250489,2.27E-06,1.61E-05
ENSG00000065526,73.67039352,0.825220233,0.265433902,0.001215949,0.004859571
ENSG00000065548,257.5669256,0.433350971,0.147533495,0.002977646,0.010656514
ENSG00000065618,412.4694691,-1.968789576,0.10958241,8.30E-73,7.54E-71
ENSG00000065621,4.968242467,-1.819276663,0.979065643,0.010248448,0.030552729
ENSG00000065802,28.17514304,1.807166416,0.453280245,1.77E-05,0.000107889
ENSG00000065833,71.69817811,-1.858213008,0.255296241,7.90E-14,1.25E-12
ENSG00000065911,34.75675207,1.008049363,0.362282086,0.002893239,0.010386759
ENSG00000065923,10.87983226,1.289782317,0.653881865,0.017157232,0.046996784
ENSG00000065978,380.0638002,-1.211680981,0.109737955,1.08E-28,3.64E-27
ENSG00000066117,67.99602601,0.987097585,0.27655316,0.000204167,0.000992077
ENSG00000066248,12.41085484,3.844438787,0.969042845,1.82E-05,0.000110347
ENSG00000066279,3.561804747,-2.052538855,1.285575063,0.01515136,0.042437337
ENSG00000066322,399.0857839,-0.400571706,0.124421236,0.001166618,0.004681397
ENSG00000066583,19.90612937,-1.640076108,0.468869743,0.000121182,0.000619781
ENSG00000066697,77.1566794,1.816812624,0.291780342,1.23E-10,1.48E-09
ENSG00000066735,12.36694564,3.657583987,0.942158795,2.84E-05,0.000166246
ENSG00000067048,274.175946,1.17125165,0.186313597,1.78E-10,2.10E-09
ENSG00000067057,251.2113017,0.529316467,0.147105979,0.000278782,0.001310352
ENSG00000067082,602.3688878,1.440011205,0.094060576,2.59E-53,1.63E-51
ENSG00000067191,10.58988753,1.843559915,0.707033984,0.001970493,0.00741446
ENSG00000067225,479.0703696,-0.607480459,0.092805464,4.79E-11,5.94E-10
ENSG00000067369,72.71595226,0.805884328,0.296225893,0.004423332,0.015060938
ENSG00000067560,481.5926966,-1.098052667,0.095241809,4.88E-31,1.80E-29
ENSG00000067704,79.29351496,-1.104012408,0.229020298,7.12E-07,5.46E-06
ENSG00000067955,40.41934458,1.164812644,0.325423431,0.000160282,0.000798582
ENSG00000068028,66.28410502,1.37606599,0.261801948,5.66E-08,5.12E-07
ENSG00000068078,61.63829849,-1.767717365,0.278959917,5.95E-11,7.32E-10
ENSG00000068120,45.56447089,-0.744036678,0.300465233,0.009224556,0.028008553
ENSG00000068305,53.77973986,0.929356012,0.285385005,0.000679165,0.002904392
ENSG00000068308,118.3233216,0.559867345,0.209644269,0.006282109,0.020236485
ENSG00000068323,211.8401509,1.270216582,0.175843831,2.19E-13,3.36E-12
ENSG00000068366,57.39065898,1.159550336,0.299723826,4.42E-05,0.000249672
ENSG00000068383,35.91280438,1.461034426,0.428583811,0.000226834,0.001087669
ENSG00000068400,45.00786044,0.767503049,0.321710712,0.011750379,0.034334295
ENSG00000068438,34.16153201,-0.80484925,0.33123042,0.009822464,0.029448187
ENSG00000068489,9.24344219,-2.042053599,0.699520979,0.00060163,0.002610025
ENSG00000068697,264.5635986,-1.135957421,0.144699854,2.03E-15,3.60E-14
ENSG00000068784,7.10697795,-1.78710301,0.774916225,0.004051705,0.013922691
ENSG00000068878,102.6815559,0.856967375,0.228240292,9.24E-05,0.000487436
ENSG00000068903,56.72019927,-0.67453999,0.290211225,0.014881939,0.041844084
ENSG00000068971,47.59116342,0.806277844,0.305898703,0.005598551,0.01836463
ENSG00000069248,23.27761304,-0.971882087,0.396171448,0.007586056,0.023787223
ENSG00000069275,68.88184616,-0.898380424,0.231410444,6.35E-05,0.000347555
ENSG00000069345,106.8071584,0.495333084,0.20714365,0.014527898,0.041007362
ENSG00000069399,25.68741188,2.000911109,0.510020158,2.08E-05,0.000125685
ENSG00000069812,25.9293943,-3.644933451,0.491378474,1.40E-14,2.35E-13
ENSG00000069849,159.0806697,-1.144211404,0.162180798,8.50E-13,1.22E-11
ENSG00000069869,34.94361909,0.812705824,0.364616867,0.016755387,0.046097357
ENSG00000070018,34.71504591,1.48579049,0.389378486,4.69E-05,0.000263934
ENSG00000070214,11.47732673,-2.11927854,0.615940257,9.72E-05,0.000509643
ENSG00000070404,156.8056665,1.252688222,0.176250143,5.42E-13,8.02E-12
ENSG00000070413,38.94725852,-1.009438096,0.305763101,0.000515116,0.002274752
ENSG00000070444,17.51060688,1.110251068,0.471017489,0.008494882,0.026155595
ENSG00000070495,150.6598308,3.020475122,0.24953004,2.28E-34,9.42E-33
ENSG00000070501,9.697208795,-1.399836797,0.626625275,0.007640833,0.023931797
ENSG00000070540,19.45897591,-1.513848739,0.463432314,0.000319666,0.00148083
ENSG00000070610,70.04877619,1.202804643,0.268329287,3.42E-06,2.36E-05
ENSG00000070669,37.09885228,7.491203222,2.373799334,4.45E-09,4.65E-08
ENSG00000070756,454.6111917,-1.39587047,0.10322971,4.50E-42,2.26E-40
ENSG00000070759,10.70623641,-1.716306795,0.723211673,0.003879133,0.01341655
ENSG00000070761,75.06231107,0.657543534,0.258872002,0.008493826,0.026155595
ENSG00000070770,109.0775402,1.033076464,0.233680293,5.48E-06,3.65E-05
ENSG00000070778,33.3891352,1.573799107,0.40142631,2.74E-05,0.000161189
ENSG00000070785,13.48934263,-1.318275952,0.538325771,0.004902877,0.016450206
ENSG00000070961,51.46635492,1.208639221,0.2890536,1.32E-05,8.24E-05
ENSG00000071054,104.9659463,1.037105661,0.204822031,2.30E-07,1.91E-06
ENSG00000071082,210.074096,-2.304135422,0.158238576,8.49E-49,4.92E-47
ENSG00000071539,10.30122582,-1.921303468,0.699779039,0.00111945,0.004513118
ENSG00000071553,51.3506581,-1.045400809,0.286405697,0.000136304,0.000689012
ENSG00000071626,63.15564854,0.661628154,0.253081464,0.006836599,0.021775148
ENSG00000071859,89.79022561,0.962279078,0.2285206,1.50E-05,9.26E-05
ENSG00000071967,25.12856201,-2.876013381,0.43903977,7.24E-12,9.63E-11
ENSG00000072042,68.99982726,-1.14428085,0.238434238,7.54E-07,5.76E-06
ENSG00000072195,5.876041755,2.082986642,1.022184486,0.007273394,0.022963357
ENSG00000072210,11.83592754,-1.714326801,0.586664672,0.000793859,0.003324107
ENSG00000072364,279.498874,1.247390715,0.150876163,3.78E-17,7.39E-16
ENSG00000072415,29.98919149,0.935328084,0.375295969,0.007331438,0.023104327
ENSG00000072501,21.74709066,-1.119516728,0.42917116,0.004126311,0.014150868
ENSG00000072506,131.5027517,-1.993932362,0.187984828,6.02E-27,1.91E-25
ENSG00000072571,4.846554955,-2.168856182,1.136547386,0.007864228,0.024509112
ENSG00000072682,35.92234936,1.806239192,0.389520826,9.44E-07,7.10E-06
ENSG00000072778,774.2535985,0.782279158,0.095303932,1.62E-16,3.04E-15
ENSG00000072786,48.21245814,2.858200322,0.439459482,1.75E-11,2.25E-10
ENSG00000072832,8.472627321,3.457060913,1.002883021,0.000116991,0.000600848
ENSG00000072864,18.73659047,-1.326010015,0.467553421,0.001619785,0.006268379
ENSG00000073008,99.47631634,1.706572961,0.234847059,1.09E-13,1.72E-12
ENSG00000073050,15.77891783,-1.282590157,0.520198894,0.004995305,0.016711567
ENSG00000073060,13.48873106,-1.170384899,0.539130833,0.012101817,0.035188596
ENSG00000073282,34.26747032,-2.599526564,0.371316826,3.69E-13,5.52E-12
ENSG00000073417,16.2003255,1.032360242,0.495744886,0.018409964,0.049766405
ENSG00000073614,71.45027034,0.881282646,0.266231542,0.000587031,0.002551505
ENSG00000073712,28.09873754,2.131154574,0.454531211,5.89E-07,4.60E-06
ENSG00000073737,63.39949193,-1.187792183,0.302854019,3.97E-05,0.000225609
ENSG00000073792,213.1531484,1.525696855,0.164472283,6.17E-21,1.47E-19
ENSG00000073969,23.60752915,-2.189359984,0.44593729,1.63E-07,1.39E-06
ENSG00000074071,66.73746215,-1.532095274,0.326532592,8.22E-07,6.24E-06
ENSG00000074201,29.21594819,-1.402016954,0.390032963,0.000110088,0.000569846
ENSG00000074410,41.24834957,-4.763372977,0.456607274,3.00E-26,9.13E-25
ENSG00000074657,43.35821672,1.809067156,0.359785719,1.34E-07,1.15E-06
ENSG00000074695,58.9002278,-1.068568816,0.279691089,6.79E-05,0.000368461
ENSG00000074696,33.67489409,0.839700384,0.33024481,0.007096973,0.022499019
ENSG00000074755,36.64861742,0.835215285,0.362833308,0.013679352,0.038978951
ENSG00000074800,601.1136306,-0.220548337,0.082868844,0.007470887,0.023495497
ENSG00000075151,43.02384106,-0.686227477,0.289733048,0.012978064,0.037311935
ENSG00000075223,38.36444647,-1.671337557,0.329820493,1.12E-07,9.73E-07
ENSG00000075239,13.6569285,-1.375139639,0.533160958,0.00320972,0.011374969
ENSG00000075275,31.85501253,1.410772692,0.36415183,3.86E-05,0.000220015
ENSG00000075391,52.40649723,1.051754138,0.321520017,0.000566857,0.002477081
ENSG00000075399,20.11504507,2.506313897,0.543108202,6.40E-07,4.96E-06
ENSG00000075407,13.003197,1.776778011,0.578994457,0.000510212,0.002255984
ENSG00000075420,27.33251602,1.447791993,0.415547495,0.00017247,0.000853385
ENSG00000075618,108.9901947,-1.557067305,0.197407924,9.69E-16,1.75E-14
ENSG00000075624,1165.091469,-1.890625658,0.072863908,4.45E-149,9.91E-147
ENSG00000075651,6.637899281,-3.712478299,1.027907452,3.11E-05,0.000181077
ENSG00000075702,6.707695418,-1.504383964,0.82297777,0.016529892,0.045595145
ENSG00000075785,1083.787474,0.617671518,0.070325997,1.29E-18,2.71E-17
ENSG00000075856,75.12150829,0.884205514,0.293672329,0.001642677,0.006344513
ENSG00000075945,29.53984861,-1.043245692,0.381238834,0.003102494,0.011043183
ENSG00000076003,7.764848099,-1.492110553,0.743448753,0.011107923,0.03273315
ENSG00000076043,75.96793456,-1.240815826,0.241069788,1.13E-07,9.85E-07
ENSG00000076053,34.51045618,1.324823322,0.393546655,0.000301467,0.001404539
ENSG00000076108,154.2053508,0.854786647,0.181216081,1.60E-06,1.16E-05
ENSG00000076604,65.46897917,1.58382527,0.307333545,8.35E-08,7.40E-07
ENSG00000076650,26.11362682,1.079725259,0.456258162,0.00872722,0.026751585
ENSG00000076826,52.50888591,-0.858709696,0.292103238,0.002065194,0.007717214
ENSG00000076944,100.6196274,1.115928759,0.267675545,1.56E-05,9.59E-05
ENSG00000077044,14.62065871,2.488700933,0.791125832,0.000362192,0.001655597
ENSG00000077150,248.6912088,2.377944945,0.230782121,1.66E-25,4.86E-24
ENSG00000077152,8.838446263,-4.29470719,0.975636471,1.61E-06,1.16E-05
ENSG00000077238,60.46867778,0.675829987,0.272719469,0.01001684,0.029965834
ENSG00000077348,10.68055039,-1.93500147,0.697796083,0.000988787,0.004034672
ENSG00000077380,88.95466962,-0.496828182,0.215658033,0.018118909,0.049123956
ENSG00000077454,46.54473263,1.296795441,0.369753302,0.000187558,0.000920119
ENSG00000077458,21.45459231,1.153225072,0.535652404,0.013640472,0.038888301
ENSG00000077463,69.45577974,1.067979936,0.306531709,0.00025809,0.001223448
ENSG00000077549,125.1512822,-1.375458704,0.192258373,3.17E-13,4.80E-12
ENSG00000077684,12.04840128,1.754045446,0.716736513,0.003589915,0.012551516
ENSG00000077782,23.83556156,5.012437986,1.272595291,6.15E-06,4.07E-05
ENSG00000077942,4.043888482,-2.999521972,1.314546172,0.002289797,0.008451244
ENSG00000078018,30.92814223,-2.965007948,0.424139067,3.50E-13,5.25E-12
ENSG00000078114,8.73369772,-2.987346495,0.770811266,1.26E-05,7.89E-05
ENSG00000078369,191.8009455,0.435475313,0.152932886,0.003959404,0.013663096
ENSG00000078401,11.3966794,-2.600547604,0.750714802,7.40E-05,0.000398313
ENSG00000078403,24.00106012,1.423253665,0.426224249,0.000290545,0.001359619
ENSG00000078596,9.849852152,-3.73619304,0.867756221,1.81E-06,1.29E-05
ENSG00000078618,71.21428354,-1.273313092,0.23739042,3.38E-08,3.15E-07
ENSG00000078747,63.73762868,1.074093548,0.268474649,3.31E-05,0.000191475
ENSG00000078804,117.9234251,2.281237947,0.34353975,8.38E-12,1.11E-10
ENSG00000078902,86.718962,-0.687156356,0.210440347,0.000818351,0.003409796
ENSG00000079246,153.6489334,-1.355925757,0.168157874,2.99E-16,5.53E-15
ENSG00000079308,3.215278445,2.160138003,1.427450831,0.017899286,0.048576234
ENSG00000079432,57.98850384,0.699837591,0.307786882,0.016798182,0.046168764
ENSG00000079459,129.9475849,-1.8192743,0.182310217,4.66E-24,1.28E-22
ENSG00000079462,8.479025661,-1.835622778,0.725898505,0.00215415,0.007997651
ENSG00000079616,13.78192675,-2.108051796,0.598458466,7.52E-05,0.000404453
ENSG00000079739,24.73821343,-1.129002262,0.397994476,0.002044807,0.007653468
ENSG00000079785,102.3598791,-1.333904331,0.199833001,9.76E-12,1.28E-10
ENSG00000080031,14.1034316,7.194469341,2.429295618,6.78E-08,6.08E-07
ENSG00000080345,24.88593744,1.263921952,0.426837876,0.001263698,0.005030008
ENSG00000080546,14.28792341,-2.327796264,0.565241289,5.89E-06,3.91E-05
ENSG00000080561,34.30201844,1.066639271,0.388293565,0.002994864,0.010712576
ENSG00000080573,7.037476554,2.995615873,1.051232517,0.000765517,0.003223065
ENSG00000080603,103.8030097,0.919322642,0.251954343,0.000163094,0.000811062
ENSG00000080802,45.77363137,1.081502602,0.343813752,0.000853968,0.003546421
ENSG00000080822,293.3672949,1.668782007,0.148446455,8.25E-30,2.90E-28
ENSG00000080824,5213.502058,0.688140989,0.056909505,8.37E-34,3.40E-32
ENSG00000080845,132.2429652,1.169283597,0.217097144,3.59E-08,3.32E-07
ENSG00000080854,19.15848964,2.710342617,0.625563521,2.94E-06,2.05E-05
ENSG00000080986,3.091834447,-2.025748271,1.448375147,0.018180751,0.049233587
ENSG00000081041,45.48392558,4.031557088,0.754393805,4.64E-08,4.24E-07
ENSG00000081277,538.3591863,-4.038423848,0.12183061,6.38E-242,3.04E-239
ENSG00000082258,70.80724803,1.176393585,0.290399102,2.47E-05,0.000146759
ENSG00000082269,17.07095928,-1.450538709,0.482553508,0.000827974,0.003446769
ENSG00000082512,2.174841317,3.108006786,2.779872533,0.008875852,0.027110836
ENSG00000082641,134.9876846,-0.568104069,0.164428308,0.000451751,0.002025394
ENSG00000082898,135.6651045,1.191160329,0.198160011,8.73E-10,9.74E-09
ENSG00000083290,9.589791805,1.477811792,0.658293304,0.007133525,0.022591212
ENSG00000083720,42.3529768,-1.329867097,0.332029769,2.34E-05,0.000140034
ENSG00000083799,288.9988317,2.443992705,0.212334852,2.71E-31,1.02E-29
ENSG00000083814,34.77689697,3.397656459,0.665986622,9.97E-08,8.74E-07
ENSG00000083817,33.7283454,1.074403496,0.365157444,0.001640676,0.006338558
ENSG00000083844,29.14091701,1.447236488,0.432652422,0.000288173,0.001350354
ENSG00000083845,197.9640414,-2.722116154,0.162902877,1.62E-63,1.29E-61
ENSG00000083857,121.4172034,-2.114030632,0.192762332,1.11E-28,3.74E-27
ENSG00000083896,219.7128646,0.901544842,0.176770211,2.21E-07,1.85E-06
ENSG00000083937,168.9984533,0.679461018,0.173167796,6.72E-05,0.000365125
ENSG00000084073,68.29247039,-0.646148779,0.244856887,0.006354026,0.02043
ENSG00000084092,23.33478936,-0.997714652,0.427856349,0.010065719,0.030077678
ENSG00000084093,51.1739361,1.321132022,0.314100602,1.07E-05,6.75E-05
ENSG00000084110,5.952542455,-2.762764508,1.11371744,0.001581698,0.006133024
ENSG00000084207,1180.961624,-3.165242687,0.071739103,0,0
ENSG00000084234,176.0400379,-0.592359859,0.14815571,5.14E-05,0.000286945
ENSG00000084463,95.97939019,0.740394301,0.227066573,0.000807338,0.003372055
ENSG00000084623,571.9897439,-0.753775964,0.106486731,1.05E-12,1.49E-11
ENSG00000084636,21.900623,-1.021410334,0.418985648,0.007449075,0.02343518
ENSG00000084652,106.5517691,1.116054363,0.212037014,7.09E-08,6.34E-07
ENSG00000084733,303.4679062,-1.630409312,0.131695971,9.89E-36,4.28E-34
ENSG00000084754,133.5936321,-1.94695919,0.178978652,3.33E-28,1.11E-26
ENSG00000085117,42.00455548,-4.089979251,0.423941506,6.18E-23,1.63E-21
ENSG00000085185,14.02009402,1.267335725,0.565226217,0.00939592,0.028412452
ENSG00000085231,49.12006137,0.877715888,0.317911515,0.003593159,0.012559673
ENSG00000085377,14.30412871,-1.322473811,0.515856769,0.003571547,0.012499963
ENSG00000085465,106.4989079,2.752447102,0.473652671,1.82E-09,1.97E-08
ENSG00000085563,61.02240546,5.29390645,2.158422485,1.14E-05,7.16E-05
ENSG00000085662,63.11275238,-0.638033862,0.247125878,0.007566818,0.023737688
ENSG00000085719,50.25145603,-0.830598176,0.26632402,0.00117522,0.004710438
ENSG00000085721,78.69125601,-0.669426648,0.236444133,0.003480484,0.012212224
ENSG00000085733,306.5239102,0.608686482,0.119782256,3.12E-07,2.54E-06
ENSG00000085788,14.86450328,1.063834176,0.494640314,0.014981093,0.042071446
ENSG00000085871,14.85745038,-2.758048925,0.614734747,8.72E-07,6.59E-06
ENSG00000086015,30.49938329,0.915739592,0.373060349,0.008305259,0.02567486
ENSG00000086061,2518.348313,2.426197526,0.07408022,5.83E-236,2.60E-233
ENSG00000086232,39.96995345,-0.699643609,0.303813795,0.015295808,0.042768667
ENSG00000086300,7.699770606,2.834422686,0.920684637,0.000271501,0.001278306
ENSG00000086504,44.75932046,-0.942764135,0.300222619,0.000976299,0.003990796
ENSG00000086544,266.1781384,0.918381097,0.134117308,4.77E-12,6.45E-11
ENSG00000086570,25.62390505,-3.389288388,0.462568475,2.91E-14,4.75E-13
ENSG00000086598,230.5641142,-0.442750624,0.142807583,0.001726899,0.006627143
ENSG00000087008,13.76567053,-1.55591013,0.568448236,0.001647228,0.006358531
ENSG00000087074,1943.118627,2.743599046,0.099047755,1.78E-169,5.47E-167
ENSG00000087077,240.1488613,0.719046075,0.159994049,5.22E-06,3.49E-05
ENSG00000087085,76.35668925,5.312685765,0.827311395,1.90E-10,2.24E-09
ENSG00000087086,6022.693576,0.459422328,0.056422112,2.06E-16,3.84E-15
ENSG00000087087,184.3381539,1.108923626,0.196862168,9.35E-09,9.46E-08
ENSG00000087095,32.477442,1.724350267,0.409644966,7.22E-06,4.73E-05
ENSG00000087111,13.83769918,-1.356733142,0.549941792,0.004546973,0.015387009
ENSG00000087152,101.7485722,0.921124467,0.21312671,9.53E-06,6.09E-05
ENSG00000087191,73.06301628,-1.209484087,0.237113995,1.51E-07,1.28E-06
ENSG00000087206,49.2931377,1.202640079,0.322316186,8.76E-05,0.000464511
ENSG00000087263,57.05034286,0.77360828,0.268266334,0.002733387,0.009890075
ENSG00000087266,30.56276632,0.813582826,0.356501946,0.014607618,0.041207099
ENSG00000087274,86.85086082,1.047966637,0.238418035,5.95E-06,3.95E-05
ENSG00000087302,27.94376594,-1.105991363,0.370763498,0.00134074,0.005304534
ENSG00000087448,18.92628145,1.188992165,0.466404142,0.00459223,0.015504931
ENSG00000087510,24.93151474,-1.18423657,0.417416674,0.001931253,0.007291735
ENSG00000087586,9.502013798,-2.157863191,0.749647868,0.000643114,0.002767374
ENSG00000087842,10.80487878,-3.403335149,0.738755447,4.75E-07,3.76E-06
ENSG00000088002,111.1271925,-2.947584536,0.223018841,9.70E-41,4.76E-39
ENSG00000088038,189.4566568,1.904161739,0.251568461,1.13E-14,1.92E-13
ENSG00000088280,10.5262483,-2.085571384,0.656055737,0.000253245,0.001202196
ENSG00000088298,23.05975464,-1.90916917,0.483888951,1.63E-05,0.000100025
ENSG00000088325,28.99101526,-1.132371092,0.391906146,0.001758984,0.0067409
ENSG00000088386,3.447163362,-2.162547782,1.361168743,0.013314704,0.03813676
ENSG00000088387,45.22177448,1.224673093,0.309046715,3.31E-05,0.000191684
ENSG00000088448,21.37898842,2.028607843,0.57513712,9.83E-05,0.000514655
ENSG00000088726,164.3511497,-1.828732165,0.175140996,3.99E-26,1.21E-24
ENSG00000088808,37.35677934,2.032525568,0.405069998,1.24E-07,1.08E-06
ENSG00000088832,185.7392854,-1.711852975,0.150652256,1.77E-30,6.35E-29
ENSG00000088854,24.86921021,1.870071344,0.454905329,9.83E-06,6.26E-05
ENSG00000088986,459.4444465,-1.287284906,0.102661303,1.93E-36,8.52E-35
ENSG00000089009,277.7267715,-1.709474458,0.131353499,2.82E-39,1.33E-37
ENSG00000089048,105.7100444,1.017894075,0.211786215,8.61E-07,6.52E-06
ENSG00000089050,10.71000588,-1.273440261,0.646955659,0.016229273,0.044999794
ENSG00000089053,27.04536568,-0.864760225,0.36281418,0.01042233,0.031010814
ENSG00000089063,22.36503798,-1.272832005,0.486971877,0.003284902,0.01161754
ENSG00000089127,7.036686773,-5.905947988,1.485562778,2.97E-06,2.07E-05
ENSG00000089157,417.6359753,-2.537614835,0.106523249,3.11E-126,5.81E-124
ENSG00000089159,150.4355559,1.344392923,0.189843907,5.86E-13,8.62E-12
ENSG00000089220,250.3090644,-1.79816901,0.137155051,7.26E-40,3.50E-38
ENSG00000089234,50.76618716,0.687635157,0.288119272,0.012630962,0.036458331
ENSG00000089248,44.44212767,-1.842307441,0.312680584,8.96E-10,9.98E-09
ENSG00000089280,182.2970758,0.697188271,0.185168781,0.000122556,0.000625469
ENSG00000089289,70.91159141,-0.980988388,0.260549568,9.38E-05,0.000493728
ENSG00000089351,14.81613697,2.520520616,0.627901194,1.06E-05,6.69E-05
ENSG00000089356,192.5719908,-4.597757324,0.208575422,1.73E-108,2.56E-106
ENSG00000089639,38.95731859,1.408807696,0.362412793,3.76E-05,0.000214956
ENSG00000089685,5.117626584,-4.82778078,1.531704131,9.38E-05,0.000493689
ENSG00000089692,9.808228108,3.244732488,2.210369076,0.003842528,0.013306621
ENSG00000089693,220.0325029,-0.786974364,0.143713647,3.05E-08,2.86E-07
ENSG00000089723,13.60854103,-1.892482213,0.584758554,0.000247208,0.001175561
ENSG00000089737,117.7886142,0.484850565,0.191596964,0.01005969,0.03006795
ENSG00000089902,118.5113351,1.350865308,0.196890706,2.77E-12,3.82E-11
ENSG00000089916,55.25999647,1.098073803,0.324444749,0.000366357,0.001671865
ENSG00000090013,79.10007398,-1.346796229,0.258369211,7.07E-08,6.32E-07
ENSG00000090060,92.63393683,0.581098689,0.223864703,0.007710803,0.024112639
ENSG00000090097,51.99350422,0.808001574,0.288208809,0.003388293,0.011922091
ENSG00000090263,11.86229667,-1.951412535,0.593847695,0.000192446,0.000941758
ENSG00000090266,41.3471663,-1.51489814,0.311599378,3.65E-07,2.94E-06
ENSG00000090316,85.13736096,0.796569232,0.273051182,0.002424667,0.008894313
ENSG00000090372,149.3973858,0.9773633,0.224141171,7.67E-06,4.99E-05
ENSG00000090470,40.71957701,1.023427051,0.321975346,0.000793932,0.003324107
ENSG00000090530,23.0802141,-1.501536582,0.41800194,0.00010109,0.000527825
ENSG00000090565,28.21581264,1.53727149,0.414501616,6.51E-05,0.000355698
ENSG00000090615,84.22118758,2.039783447,0.271280733,1.35E-14,2.27E-13
ENSG00000090661,22.47968723,-1.29121415,0.428595524,0.00096618,0.003957639
ENSG00000090776,110.2937573,-1.221010956,0.202626712,7.46E-10,8.39E-09
ENSG00000090861,158.9065679,0.845674209,0.179702365,1.69E-06,1.22E-05
ENSG00000090889,3.555396642,-2.267898968,1.247919104,0.007992782,0.024842432
ENSG00000090905,30.69901671,1.077796144,0.36792644,0.001710193,0.006575832
ENSG00000090971,6.114351865,-1.802976909,0.991325027,0.011198933,0.032952085
ENSG00000090975,12.58828294,1.926647906,0.659146876,0.000761903,0.003212423
ENSG00000091009,96.43553035,1.701441838,0.248172806,2.19E-12,3.04E-11
ENSG00000091136,12.10479473,-3.792491191,0.739396705,3.89E-08,3.59E-07
ENSG00000091317,65.28555492,-0.84628747,0.243686272,0.000331204,0.001529288
ENSG00000091483,94.96945481,-1.287413215,0.229001191,7.75E-09,7.92E-08
ENSG00000091542,39.52067698,0.918822607,0.314271321,0.002070588,0.007733185
ENSG00000091732,42.19732632,1.072700315,0.356580918,0.001351546,0.005339633
ENSG00000091947,16.16693092,-1.140017316,0.475072341,0.007086764,0.022471817
ENSG00000091986,3.779160257,-1.896737409,1.116610696,0.012787991,0.036842228
ENSG00000092010,59.00547611,-1.974703427,0.283411271,7.03E-13,1.02E-11
ENSG00000092036,9.486176509,-3.250047196,0.839152902,1.21E-05,7.58E-05
ENSG00000092068,14.62096308,-2.196531602,0.541633942,8.41E-06,5.44E-05
ENSG00000092201,60.46919983,-0.600209487,0.253250803,0.01406253,0.039873211
ENSG00000092203,115.7526311,0.622340186,0.199455377,0.001433469,0.005634256
ENSG00000092295,121.6266405,-4.056062027,0.261128055,2.47E-55,1.64E-53
ENSG00000092330,66.98742295,-0.957871311,0.246474502,5.84E-05,0.000323122
ENSG00000092820,1002.341541,-0.439202199,0.072127613,1.01E-09,1.12E-08
ENSG00000092841,581.3901901,-1.062826117,0.091358997,1.48E-31,5.66E-30
ENSG00000092929,16.67675457,2.29344413,0.697112689,0.000199403,0.000970639
ENSG00000093010,35.18460453,-1.446109602,0.332260204,4.52E-06,3.05E-05
ENSG00000094796,20.21952151,-3.72772824,0.700171699,1.03E-08,1.04E-07
ENSG00000094841,10.43570581,1.567362336,0.65776657,0.004824333,0.016222171
ENSG00000094880,34.94339841,-1.3425024,0.354952024,5.79E-05,0.000320681
ENSG00000095139,273.2949838,0.715920113,0.130883653,3.39E-08,3.15E-07
ENSG00000095261,41.76906547,-0.794248301,0.297342337,0.004976607,0.01665305
ENSG00000095383,35.2846304,-1.435038178,0.340857156,8.67E-06,5.59E-05
ENSG00000095397,19.27014376,1.5009508,0.563182259,0.002463883,0.009023776
ENSG00000095564,168.3670307,1.424859225,0.182396715,2.18E-15,3.85E-14
ENSG00000095585,11.31874198,-3.971663778,0.871325815,5.48E-07,4.29E-06
ENSG00000095752,221.5906541,7.245337495,0.702132203,5.83E-24,1.59E-22
ENSG00000095787,132.9334907,1.329739706,0.203494534,2.71E-11,3.43E-10
ENSG00000095932,2.248058539,2.482106465,3.351373067,0.01525953,0.042696983
ENSG00000095951,34.52012904,1.142449106,0.357635231,0.000665511,0.002853075
ENSG00000096060,42.14533798,-0.883145396,0.297292494,0.001810817,0.006905021
ENSG00000096063,46.64146714,-0.938353876,0.282838715,0.000525359,0.002314062
ENSG00000096384,6238.630071,1.109129944,0.060488163,2.35E-75,2.19E-73
ENSG00000096401,98.85384479,0.609650784,0.228143125,0.00595126,0.019342296
ENSG00000096433,98.5587792,0.822097472,0.199958975,2.71E-05,0.000159887
ENSG00000096696,1215.599299,-3.42433739,0.089134984,0,0
ENSG00000096717,87.92264093,1.743666821,0.281596538,1.77E-10,2.08E-09
ENSG00000096746,387.3414796,0.894403227,0.138056489,8.09E-11,9.83E-10
ENSG00000099194,534.3877419,-3.175322572,0.10326278,1.56E-208,5.97E-206
ENSG00000099204,82.98165682,-2.594077111,0.241272526,8.81E-28,2.88E-26
ENSG00000099219,21.34085242,-1.776413998,0.448124992,1.70E-05,0.000104123
ENSG00000099246,51.1587207,-1.078905663,0.27092654,3.43E-05,0.000197681
ENSG00000099260,7.754258207,-5.241067321,1.243069707,5.77E-06,3.84E-05
ENSG00000099290,90.8779948,0.716844289,0.258449634,0.004087484,0.014031663
ENSG00000099326,45.20978035,2.209126444,0.405281164,1.08E-08,1.09E-07
ENSG00000099331,68.65453851,1.380216024,0.303616893,2.19E-06,1.55E-05
ENSG00000099337,37.06534064,-1.15750409,0.315443817,0.000111174,0.000574888
ENSG00000099341,246.5615078,-0.428562738,0.132284008,0.001072072,0.004342411
ENSG00000099381,46.04648596,0.950948421,0.355311891,0.004328917,0.014775921
ENSG00000099624,25.72463443,-2.421701943,0.472352231,4.32E-08,3.96E-07
ENSG00000099625,70.16860821,3.411703812,0.385657326,1.99E-19,4.39E-18
ENSG00000099783,232.0088692,0.612008825,0.158554694,9.43E-05,0.000495706
ENSG00000099785,12.89039712,-1.611479081,0.564471947,0.001090182,0.004406712
ENSG00000099795,125.3192657,-2.042467722,0.2490746,4.77E-17,9.24E-16
ENSG00000099797,93.53643855,-1.324646576,0.244457682,2.41E-08,2.29E-07
ENSG00000099800,67.77054924,-1.718838643,0.260785834,1.15E-11,1.51E-10
ENSG00000099814,160.1295151,1.950642622,0.191608417,6.09E-25,1.74E-23
ENSG00000099817,64.61362369,-0.629486642,0.245779793,0.008076347,0.025073922
ENSG00000099822,34.98199021,5.108169992,0.998164114,3.53E-07,2.85E-06
ENSG00000099860,770.4715313,2.924673272,0.201313406,2.11E-48,1.21E-46
ENSG00000099875,380.4229481,0.319195784,0.124894005,0.010135413,0.030261512
ENSG00000099889,31.43181941,3.79577614,0.583518914,1.89E-11,2.43E-10
ENSG00000099901,31.82033521,-1.358821308,0.362417934,6.40E-05,0.000349912
ENSG00000099917,61.57520858,1.255597049,0.298347834,1.13E-05,7.12E-05
ENSG00000099942,255.3040535,1.313426231,0.15172082,1.98E-18,4.14E-17
ENSG00000099949,32.21538686,1.487543375,0.373206561,2.23E-05,0.000133828
ENSG00000099977,26.99859042,-1.274057555,0.409776306,0.000724884,0.003074185
ENSG00000100003,22.26153257,-1.054286565,0.437323594,0.007636432,0.023923443
ENSG00000100060,11.77373072,1.607573663,0.770229085,0.009752601,0.029276896
ENSG00000100065,43.71765198,0.984941713,0.304981982,0.000700642,0.002985137
ENSG00000100068,8.966057201,1.990228031,0.829176007,0.00335401,0.011825584
ENSG00000100075,62.12381998,-0.948974251,0.248441988,7.76E-05,0.000415962
ENSG00000100078,4.761966962,-4.943847214,1.59220158,0.00010188,0.000531348
ENSG00000100092,20.94709752,-0.990119057,0.428769956,0.010813482,0.031967877
ENSG00000100097,74.21880493,-1.053276215,0.236608359,4.46E-06,3.01E-05
ENSG00000100100,18.19223356,-2.38921716,0.522961469,7.66E-07,5.85E-06
ENSG00000100129,63.80763087,-2.0165195,0.262748549,3.43E-15,5.97E-14
ENSG00000100138,90.56884788,-1.86616503,0.215319174,1.06E-18,2.24E-17
ENSG00000100139,76.06379088,-1.121678483,0.229049846,4.78E-07,3.77E-06
ENSG00000100142,10.32494926,-1.359421471,0.610122551,0.00815861,0.025278135
ENSG00000100170,26.02978818,-3.726543847,0.511984985,4.66E-14,7.51E-13
ENSG00000100201,408.758186,1.308319065,0.119218252,2.26E-28,7.53E-27
ENSG00000100216,71.77706364,-1.609949743,0.25364546,6.45E-11,7.90E-10
ENSG00000100219,277.3214083,1.503557975,0.13049542,3.86E-31,1.44E-29
ENSG00000100220,151.3888232,-0.703006771,0.178028377,5.88E-05,0.000324793
ENSG00000100221,101.5421378,2.171058863,0.239778324,2.97E-20,6.77E-19
ENSG00000100225,63.37545329,0.620563271,0.26607382,0.015476594,0.043216715
ENSG00000100226,58.9613786,0.792513663,0.291943686,0.004529578,0.015343196
ENSG00000100234,8.724936778,-1.66846169,0.757035743,0.006143482,0.019859463
ENSG00000100239,59.1075314,0.673070624,0.284087342,0.013400414,0.038342467
ENSG00000100242,38.13522098,1.178370493,0.33158195,0.000174544,0.000863025
ENSG00000100246,16.05974018,-1.03028763,0.493780114,0.017688016,0.048173401
ENSG00000100258,48.66414109,1.670839632,0.312701258,2.67E-08,2.52E-07
ENSG00000100263,43.77371493,1.796990108,0.382223999,6.92E-07,5.31E-06
ENSG00000100266,71.94622703,0.689993209,0.249349631,0.004240297,0.01451652
ENSG00000100280,73.47251774,-1.077459621,0.242174908,4.43E-06,3.00E-05
ENSG00000100288,86.67361212,1.90374885,0.264232068,1.46E-13,2.26E-12
ENSG00000100290,11.76638048,1.564083906,0.796243804,0.01138465,0.033441501
ENSG00000100292,40.76532564,0.77887033,0.34663815,0.016623076,0.045788112
ENSG00000100294,9.344897264,-1.35683517,0.717273135,0.016819658,0.046209691
ENSG00000100297,4.052000521,-1.96770465,1.11577555,0.010693997,0.031662124
ENSG00000100300,182.3432878,-2.317954817,0.191970373,2.41E-34,9.94E-33
ENSG00000100304,35.14366245,-1.843794774,0.339933456,1.35E-08,1.34E-07
ENSG00000100316,451.557214,-2.205212018,0.103661788,4.10E-101,5.72E-99
ENSG00000100321,3.770855606,-1.813031093,1.123143877,0.015949309,0.044361147
ENSG00000100330,118.4942357,0.832803283,0.22661793,0.000159293,0.000794164
ENSG00000100347,11.32250631,-1.368625065,0.566243099,0.00500808,0.016746186
ENSG00000100348,58.02754068,-2.23181698,0.280347899,3.05E-16,5.65E-15
ENSG00000100353,241.5719484,-0.520162508,0.134394631,9.26E-05,0.000488696
ENSG00000100364,38.38708414,-0.88729897,0.303808562,0.002114021,0.007868084
ENSG00000100387,54.32681505,-0.860017328,0.293429345,0.002108893,0.007854986
ENSG00000100393,135.0816787,0.847770785,0.21652659,6.16E-05,0.000338355
ENSG00000100403,38.70201023,1.004434021,0.326221628,0.001142248,0.004596974
ENSG00000100412,93.07864383,-1.187068022,0.219934998,3.15E-08,2.95E-07
ENSG00000100425,121.1874249,1.622513402,0.225082773,1.88E-13,2.89E-12
ENSG00000100439,18.01532336,-1.111691092,0.462332324,0.007221685,0.022815764
ENSG00000100441,95.99655669,0.4777511,0.203186331,0.016190384,0.044910011
ENSG00000100442,68.6785345,-0.753789293,0.240206062,0.001187507,0.004754163
ENSG00000100462,178.8132214,0.503624584,0.154107375,0.000941644,0.003864015
ENSG00000100485,45.33214102,1.559877166,0.329749437,7.10E-07,5.45E-06
ENSG00000100504,88.71640525,-2.267132305,0.217581401,3.68E-26,1.12E-24
ENSG00000100526,4.85924171,-2.049376083,1.19944262,0.010443517,0.031047077
ENSG00000100528,39.84461228,-1.138130252,0.310794019,0.000115939,0.000596111
ENSG00000100532,9.86837923,1.453796583,0.671731165,0.009130577,0.027796593
ENSG00000100554,142.9847985,0.493862775,0.172769161,0.00370192,0.012881114
ENSG00000100558,73.688987,-0.592859355,0.224655462,0.006620727,0.021198614
ENSG00000100567,40.55658669,-1.336262291,0.335904993,2.59E-05,0.000153389
ENSG00000100568,23.18269326,-1.574231114,0.418411904,4.77E-05,0.000268204
ENSG00000100591,409.5901113,0.449591865,0.11505788,8.37E-05,0.000445173
ENSG00000100592,32.83598155,-1.467719116,0.352817389,1.05E-05,6.66E-05
ENSG00000100612,52.39042,-0.752615742,0.26462587,0.00309455,0.011022224
ENSG00000100625,30.46319831,2.201640813,0.654585137,0.000197137,0.000961556
ENSG00000100644,231.1667606,-1.024898951,0.133352379,8.29E-15,1.41E-13
ENSG00000100650,836.4340221,1.164326769,0.100933283,4.09E-31,1.52E-29
ENSG00000100664,366.4546669,1.796775756,0.137990593,2.57E-39,1.22E-37
ENSG00000100697,43.62049405,1.079243669,0.312371318,0.000281819,0.001322824
ENSG00000100714,9.704977839,-2.014130933,0.665293201,0.000429687,0.001934014
ENSG00000100731,29.49511459,1.319374009,0.410364294,0.000519672,0.00229267
ENSG00000100749,11.5159632,-1.505512495,0.604084048,0.003460071,0.012156053
ENSG00000100804,239.8137516,-1.041911126,0.147376362,8.39E-13,1.21E-11
ENSG00000100813,287.5212764,1.773865261,0.171452437,1.32E-25,3.90E-24
ENSG00000100836,234.5411801,1.225460834,0.189053189,4.28E-11,5.32E-10
ENSG00000100842,14.45532752,-1.271567407,0.530945864,0.005968275,0.01937478
ENSG00000100867,19.31584998,4.071318135,2.135931064,0.00051799,0.002285981
ENSG00000100889,30.36942845,1.009044142,0.359564416,0.002687751,0.009753078
ENSG00000100902,36.9883046,-0.847728071,0.320496297,0.005109662,0.016991287
ENSG00000100906,973.7399403,2.189581926,0.141698145,1.95E-54,1.26E-52
ENSG00000100911,71.14730796,-1.422299516,0.281845785,1.64E-07,1.39E-06
ENSG00000100941,610.7737347,1.496296452,0.111360501,1.39E-41,6.99E-40
ENSG00000100949,32.51438991,-0.767826088,0.343853979,0.017083472,0.046813328
ENSG00000100979,46.3117399,-3.225943632,0.357681663,2.38E-20,5.44E-19
ENSG00000100994,97.01625452,-1.002317728,0.206964866,7.15E-07,5.48E-06
ENSG00000101000,36.31208494,-3.460896752,0.458643426,4.87E-15,8.39E-14
ENSG00000101004,4.474943581,2.318249822,1.173042277,0.007218442,0.022810741
ENSG00000101040,23.01161105,-1.255961538,0.438897879,0.001623313,0.006274992
ENSG00000101057,9.95519569,-2.627598643,0.797162791,0.000131619,0.000667528
ENSG00000101104,37.74386993,1.803596659,0.405394049,2.38E-06,1.68E-05
ENSG00000101109,44.90578695,0.855483442,0.327935986,0.00578981,0.018872244
ENSG00000101146,82.23746847,0.909178535,0.256257003,0.00024038,0.001146855
ENSG00000101150,224.6389738,0.477495659,0.138877385,0.00052007,0.002293695
ENSG00000101160,67.3604972,1.497130863,0.276994137,2.20E-08,2.11E-07
ENSG00000101166,160.5498658,0.551039727,0.158371195,0.000423992,0.001912748
ENSG00000101182,271.9195526,-0.414447985,0.130478425,0.001347867,0.00532815
ENSG00000101189,49.52692112,1.192596911,0.306063366,4.48E-05,0.000252872
ENSG00000101191,43.68123955,1.035237309,0.337718777,0.001169594,0.004691974
ENSG00000101193,82.23887142,-0.549853412,0.236541007,0.016510178,0.045552476
ENSG00000101199,55.64434224,0.759094497,0.293005151,0.006701859,0.021413672
ENSG00000101216,78.00324228,1.406878836,0.301104214,1.15E-06,8.57E-06
ENSG00000101220,11.99752892,-2.076897221,0.61299021,0.000120989,0.000619308
ENSG00000101236,47.91985119,2.076735687,0.354068725,1.05E-09,1.17E-08
ENSG00000101255,112.8433965,1.611808132,0.213038484,1.18E-14,1.99E-13
ENSG00000101290,14.31055527,1.092451805,0.512242562,0.015131224,0.042406761
ENSG00000101310,109.2502503,-0.541215858,0.206889592,0.007404253,0.023307183
ENSG00000101311,18.8977843,-1.883382957,0.487309402,2.37E-05,0.00014175
ENSG00000101337,48.84159825,-1.35537822,0.293490849,1.46E-06,1.07E-05
ENSG00000101361,84.04646395,-0.88195528,0.219360765,3.65E-05,0.000209341
ENSG00000101365,84.22964244,-1.237219667,0.238712277,9.51E-08,8.36E-07
ENSG00000101384,26.16330571,-1.609127078,0.391572512,1.11E-05,7.00E-05
ENSG00000101417,5.089555482,-2.65785202,1.093717264,0.001459654,0.005719258
ENSG00000101421,423.7062632,0.793232368,0.107601683,1.15E-13,1.80E-12
ENSG00000101439,55.66576619,-3.220750552,0.31110529,5.11E-26,1.54E-24
ENSG00000101444,61.2296987,-2.623698027,0.277690541,5.10E-22,1.30E-20
ENSG00000101493,48.8737132,0.753462517,0.32699633,0.014809991,0.041675751
ENSG00000101544,175.0756629,1.464636456,0.218996473,8.82E-12,1.16E-10
ENSG00000101558,99.10715566,1.247542812,0.22158186,8.12E-09,8.28E-08
ENSG00000101577,19.02953008,2.277443841,0.665090515,0.00013398,0.000678006
ENSG00000101608,154.170687,-0.879330003,0.162904637,4.32E-08,3.96E-07
ENSG00000101665,20.33132902,1.475517377,0.52908804,0.00174003,0.006673823
ENSG00000101745,43.31006825,1.445639078,0.336964837,6.42E-06,4.24E-05
ENSG00000101751,10.32775076,1.421774442,0.680678066,0.011376168,0.033430818
ENSG00000101752,153.8644076,1.832460166,0.222627897,5.54E-17,1.07E-15
ENSG00000101782,215.4903186,0.864974595,0.170063338,2.48E-07,2.05E-06
ENSG00000101811,31.38922341,-0.901913366,0.390084337,0.012073992,0.035122489
ENSG00000101911,19.67968111,-2.127063059,0.503004657,4.07E-06,2.77E-05
ENSG00000101935,37.41137461,-0.950192608,0.326292872,0.002021055,0.007578957
ENSG00000101940,29.92980179,1.144286265,0.384414491,0.001360366,0.005371404
ENSG00000101986,4.931107925,2.012736195,1.139194362,0.013447543,0.038461367
ENSG00000102003,12.7267392,4.135459058,2.197304012,0.000597143,0.002593824
ENSG00000102007,271.0814656,-0.545359194,0.137951569,6.46E-05,0.000352877
ENSG00000102024,260.6170426,-2.48202797,0.161790185,6.28E-54,4.03E-52
ENSG00000102032,2.162229713,3.151374257,2.853207716,0.008816322,0.026970792
ENSG00000102034,45.67770813,1.737978902,0.341695277,9.78E-08,8.58E-07
ENSG00000102038,34.1362355,1.929501742,0.376496793,7.09E-08,6.34E-07
ENSG00000102144,197.2012802,-1.469637033,0.149797015,3.50E-23,9.27E-22
ENSG00000102195,484.2862992,9.87635271,2.446714885,3.85E-15,6.68E-14
ENSG00000102218,42.89706359,0.760070943,0.322213547,0.012669817,0.036547548
ENSG00000102225,78.8045801,0.757666681,0.260602854,0.002758435,0.009970247
ENSG00000102241,41.39194697,-1.286821124,0.305957857,1.04E-05,6.58E-05
ENSG00000102243,7.433519253,-3.78294721,1.036500258,2.63E-05,0.000155446
ENSG00000102287,36.8145505,1.303191017,0.362532059,0.000133345,0.000675538
ENSG00000102302,40.64138006,2.094687767,0.380792037,8.10E-09,8.27E-08
ENSG00000102349,14.42101226,1.351097556,0.53374553,0.004000919,0.013782436
ENSG00000102390,134.9684286,-0.477448132,0.206985834,0.018167178,0.049206489
ENSG00000102401,72.1146809,0.826022799,0.266229468,0.001272409,0.005057387
ENSG00000102471,61.35386377,-1.237992891,0.246739122,2.26E-07,1.88E-06
ENSG00000102531,49.64756394,0.999620303,0.310202076,0.000779144,0.003272121
ENSG00000102547,21.11207676,1.132898983,0.459942779,0.006247433,0.020143591
ENSG00000102554,256.136476,-0.583351123,0.133682723,1.05E-05,6.67E-05
ENSG00000102575,7.592084518,-1.861545571,0.7835829,0.003061011,0.010928523
ENSG00000102606,31.24408419,0.918793641,0.367477258,0.007306287,0.023040851
ENSG00000102699,31.27188127,1.441891917,0.369820074,3.36E-05,0.000194188
ENSG00000102760,11.11821416,3.055399848,1.144392734,0.001733058,0.006648929
ENSG00000102780,21.00615911,1.968040334,0.496670929,1.67E-05,0.000102201
ENSG00000102781,6.104017287,1.851539147,0.891933558,0.007018419,0.022296081
ENSG00000102786,42.57686833,1.252878582,0.370924747,0.000315714,0.001463997
ENSG00000102804,73.195874,0.932484033,0.237163934,5.13E-05,0.000286474
ENSG00000102858,22.46019246,1.05894496,0.453951369,0.009763054,0.029289161
ENSG00000102882,60.11587343,-0.72851489,0.246682519,0.002248379,0.008307265
ENSG00000102886,39.1326598,-1.019268461,0.345510191,0.001656157,0.006389424
ENSG00000102891,3.788532275,-3.622872015,3.626917194,0.0082036,0.025377645
ENSG00000102893,9.457705659,-1.592895031,0.655273056,0.003706497,0.01289054
ENSG00000102901,67.55758018,1.0554025,0.269976825,4.95E-05,0.000277282
ENSG00000102908,125.4518981,1.766349359,0.261861126,4.76E-12,6.44E-11
ENSG00000102921,32.04506479,-1.149783037,0.339174761,0.000317962,0.001473924
ENSG00000102984,28.01700032,1.320642111,0.507238596,0.003558524,0.012460703
ENSG00000103021,5.242008557,-1.941771048,0.920638913,0.005566835,0.018273626
ENSG00000103024,11.67086681,-1.6086,0.724070795,0.005859874,0.019072231
ENSG00000103034,44.03397193,1.918190364,0.397899714,3.75E-07,3.01E-06
ENSG00000103044,30.79589045,-2.755177686,0.39499528,4.34E-13,6.44E-12
ENSG00000103051,35.30328263,-1.006462191,0.338375744,0.001562444,0.006072014
ENSG00000103111,65.67463056,0.750468512,0.289829526,0.006809612,0.021697679
ENSG00000103126,39.91254327,1.481865292,0.346014623,6.36E-06,4.20E-05
ENSG00000103145,10.8349192,-3.781280105,0.842068242,9.56E-07,7.19E-06
ENSG00000103152,26.3332954,-0.937565545,0.400822628,0.010673566,0.03162323
ENSG00000103154,4.317667784,3.841403821,2.424076369,0.002368136,0.008712415
ENSG00000103187,28.73116477,-1.895900517,0.396590033,3.89E-07,3.11E-06
ENSG00000103194,99.89750905,0.681770497,0.215226618,0.001170669,0.004694925
ENSG00000103202,29.75275337,-1.403013907,0.383704557,8.61E-05,0.000457456
ENSG00000103222,46.54397442,0.724528887,0.296910391,0.010517222,0.031252312
ENSG00000103249,98.55601716,1.715653575,0.27944188,2.54E-10,2.95E-09
ENSG00000103257,239.9374046,1.05409703,0.14726807,4.55E-13,6.74E-12
ENSG00000103260,12.28454518,-1.962481001,0.603935639,0.000214393,0.0010345
ENSG00000103264,31.45221507,0.899295422,0.388542673,0.012265217,0.035611192
ENSG00000103266,73.09681738,-0.945281442,0.233851938,3.12E-05,0.000181647
ENSG00000103269,13.82817934,2.81723654,0.863706566,0.000239559,0.001143522
ENSG00000103275,111.5514509,1.057141861,0.217980824,6.66E-07,5.14E-06
ENSG00000103316,14.0457823,2.419234228,1.087096658,0.006750338,0.021538651
ENSG00000103326,47.43021261,2.220180255,0.357483221,1.10E-10,1.32E-09
ENSG00000103335,177.1080746,2.215599606,0.199165119,2.07E-29,7.15E-28
ENSG00000103363,193.704195,-2.044083573,0.167930469,9.53E-35,4.00E-33
ENSG00000103365,36.2879929,1.533127797,0.37820587,1.70E-05,0.000103697
ENSG00000103485,5.190590991,-4.054029095,1.358061972,0.000391194,0.001775815
ENSG00000103490,22.0878352,-2.889041855,0.518116279,2.92E-09,3.10E-08
ENSG00000103495,68.55874204,0.80467274,0.248003314,0.000797549,0.003335748
ENSG00000103496,88.39075687,1.008442981,0.247553555,2.61E-05,0.000154176
ENSG00000103502,45.1923068,-0.741905671,0.290939299,0.007492593,0.023553024
ENSG00000103544,15.94088882,-1.153834296,0.555338168,0.015655661,0.043637271
ENSG00000103569,24.25460768,-3.223302126,0.510951945,3.55E-11,4.45E-10
ENSG00000103591,56.56248531,-0.69304964,0.257945306,0.005296226,0.017518678
ENSG00000103647,6.625647417,6.359256709,2.461446995,5.09E-06,3.42E-05
ENSG00000103723,8.532592922,2.211663478,2.057458734,0.016166134,0.044851759
ENSG00000103769,101.6561359,-1.616399792,0.202953164,4.92E-16,9.01E-15
ENSG00000103811,3.533438467,-2.030209213,1.236764884,0.013084192,0.037577908
ENSG00000103855,32.13733231,1.305359368,0.373147885,0.000186077,0.000913828
ENSG00000103888,9.15591953,-2.552323128,0.804426471,0.000217592,0.001046991
ENSG00000103942,21.06668308,1.556795369,0.475447942,0.000325298,0.001505405
ENSG00000103978,61.32145167,-0.763734518,0.255397817,0.001929752,0.007288514
ENSG00000104055,2.704726593,-3.147191599,1.806712457,0.005017198,0.016772609
ENSG00000104064,42.6949,1.924743065,0.372901696,6.27E-08,5.64E-07
ENSG00000104140,74.54212384,-3.395955522,0.328450242,4.94E-26,1.49E-24
ENSG00000104177,16.29682397,3.417358129,0.908142434,5.17E-05,0.000288089
ENSG00000104219,10.05329621,3.828551895,0.990687742,2.53E-05,0.000149705
ENSG00000104267,243.2592866,-2.507380856,0.147848297,2.61E-65,2.16E-63
ENSG00000104320,8.002244093,-2.375448371,0.775389747,0.00029303,0.00136893
ENSG00000104325,17.23244991,-2.910322691,0.585217203,7.77E-08,6.91E-07
ENSG00000104332,19.01012624,-3.727717765,0.573627117,1.01E-11,1.32E-10
ENSG00000104341,59.41484793,-2.622984938,0.283512966,3.21E-21,7.85E-20
ENSG00000104365,30.92510163,1.641061001,0.399746623,1.21E-05,7.58E-05
ENSG00000104408,148.3771816,-0.819290477,0.170701612,1.07E-06,8.01E-06
ENSG00000104413,139.5856879,-0.703475362,0.167029933,1.89E-05,0.000114265
ENSG00000104419,278.2441206,0.509080025,0.118946609,1.63E-05,0.00010017
ENSG00000104497,31.43413962,1.098070347,0.423542115,0.004602154,0.015528052
ENSG00000104517,159.7516664,0.834297089,0.189806204,7.54E-06,4.92E-05
ENSG00000104549,97.79532375,-0.967110334,0.197853088,5.90E-07,4.60E-06
ENSG00000104613,17.40743869,-1.120896307,0.474542368,0.007944375,0.024719815
ENSG00000104635,77.98172522,2.104607535,0.280436578,1.38E-14,2.32E-13
ENSG00000104643,22.83437462,1.283171355,0.43791683,0.001389997,0.005474304
ENSG00000104660,12.97193184,-1.48679333,0.581330545,0.002945175,0.010548512
ENSG00000104679,27.07777001,0.977323065,0.398642086,0.00776549,0.024269246
ENSG00000104687,24.16921927,1.209604163,0.404704796,0.001213672,0.004851876
ENSG00000104689,67.09570584,0.874420015,0.270761671,0.00078522,0.003292626
ENSG00000104695,197.7939834,1.279007323,0.154571658,5.78E-17,1.11E-15
ENSG00000104722,266.2090516,4.8996443,1.206074629,4.39E-06,2.98E-05
ENSG00000104723,18.35198137,-1.033554692,0.459031412,0.011831081,0.03452504
ENSG00000104728,31.31030342,1.572589799,0.417157566,5.21E-05,0.000290129
ENSG00000104738,23.13973852,-0.926011607,0.395199086,0.010742844,0.031786289
ENSG00000104756,131.3023396,1.324261826,0.190800496,1.64E-12,2.30E-11
ENSG00000104763,11.07719705,-3.05857916,0.691580691,1.16E-06,8.59E-06
ENSG00000104783,9.818249591,6.743176223,2.454668761,1.03E-06,7.75E-06
ENSG00000104805,54.44102218,-2.171038787,0.316807309,1.36E-12,1.93E-11
ENSG00000104823,66.162479,-3.065604727,0.287634647,2.03E-27,6.54E-26
ENSG00000104825,201.8529006,0.615114676,0.225526574,0.005109699,0.016991287
ENSG00000104826,7.011634613,3.250510478,1.781044194,0.004067995,0.013968235
ENSG00000104852,469.1278847,1.66290958,0.134592299,1.36E-35,5.87E-34
ENSG00000104856,106.8880957,2.927947984,0.370558815,7.47E-16,1.35E-14
ENSG00000104859,64.91901549,1.517149089,0.329984736,1.53E-06,1.11E-05
ENSG00000104879,8.598802335,3.424982075,2.309581699,0.003522423,0.012346822
ENSG00000104892,60.85280882,-0.79616903,0.267916765,0.001979407,0.007438948
ENSG00000104897,59.04598601,0.724088085,0.277939526,0.006653733,0.021284542
ENSG00000104899,14.56891898,5.031361911,2.234338786,5.94E-05,0.000327627
ENSG00000104904,627.2935239,1.115124895,0.108082868,2.82E-25,8.15E-24
ENSG00000104915,64.95506519,-0.759120847,0.262140411,0.002655283,0.009645407
ENSG00000104936,56.65022176,1.810548422,0.374218833,3.70E-07,2.98E-06
ENSG00000104957,39.76042367,1.010346677,0.349544113,0.002023221,0.007585016
ENSG00000104960,187.1496409,1.635255782,0.220999401,4.82E-14,7.76E-13
ENSG00000104964,96.92357099,0.551294232,0.20353199,0.005650924,0.018501245
ENSG00000104976,29.8787504,1.496588643,0.380001504,2.69E-05,0.000158836
ENSG00000104979,105.6662394,-2.163787583,0.284314086,4.85E-15,8.37E-14
ENSG00000104980,108.3796013,1.25766367,0.249430919,2.05E-07,1.72E-06
ENSG00000104998,6.083691129,2.16184421,0.952182438,0.003625734,0.012651108
ENSG00000105048,94.18679089,0.626856557,0.212540091,0.002535389,0.009248841
ENSG00000105058,124.4657136,-0.745753699,0.193638654,8.41E-05,0.000447165
ENSG00000105063,88.14071626,0.758859059,0.237553128,0.000995784,0.00405962
ENSG00000105088,45.67600547,-1.116100787,0.338283921,0.000456246,0.002040907
ENSG00000105131,33.91596025,-4.062002709,0.49627731,3.36E-17,6.60E-16
ENSG00000105135,15.03381951,-1.773267619,0.536448709,0.000216553,0.001042717
ENSG00000105141,158.4308921,-5.533882452,0.27787085,8.17E-89,9.09E-87
ENSG00000105186,31.77956712,0.778588649,0.342724253,0.015605045,0.043513766
ENSG00000105193,369.5758924,-2.160778129,0.130197259,1.48E-62,1.14E-60
ENSG00000105202,63.06921116,-2.212508061,0.260279865,3.34E-18,6.85E-17
ENSG00000105220,32.50653378,-0.78854404,0.329626191,0.01100398,0.032482337
ENSG00000105223,25.17279048,-1.698592854,0.405401538,7.16E-06,4.70E-05
ENSG00000105245,41.59822538,2.667112436,0.394129939,2.46E-12,3.41E-11
ENSG00000105258,27.00611281,-1.268304947,0.38179066,0.000351416,0.00161254
ENSG00000105298,76.87671551,0.739269023,0.330392236,0.017876266,0.04856151
ENSG00000105321,47.96430634,1.254847327,0.346878235,0.00012706,0.000646304
ENSG00000105325,57.9163081,0.977026216,0.297811836,0.000567358,0.002478488
ENSG00000105329,66.12297136,1.790899629,0.283457361,7.43E-11,9.05E-10
ENSG00000105339,4.572118895,1.96907622,1.170362778,0.015592204,0.043495537
ENSG00000105341,28.13225084,-0.82739049,0.356311225,0.012732536,0.036705451
ENSG00000105357,12.00216122,-1.728481577,0.591123366,0.000791995,0.003318014
ENSG00000105364,28.47616891,-0.99395613,0.388195135,0.005483507,0.018043014
ENSG00000105372,456.3206191,-2.171014493,0.114955356,2.94E-80,2.94E-78
ENSG00000105376,7.126639937,3.934532074,1.454235045,0.000529356,0.002329438
ENSG00000105379,11.9549207,-2.262350823,0.608239376,3.14E-05,0.000182921
ENSG00000105397,49.02431726,0.850836512,0.323191883,0.00539553,0.017808734
ENSG00000105402,113.532456,-0.570127959,0.209709353,0.005380016,0.017761774
ENSG00000105404,57.00976325,-1.589710696,0.297702396,2.71E-08,2.56E-07
ENSG00000105419,5.940043941,5.31039718,2.396484722,9.31E-05,0.000490546
ENSG00000105427,559.6957332,-1.71927416,0.150091676,6.00E-31,2.20E-29
ENSG00000105443,86.44643067,1.430962397,0.268967629,3.98E-08,3.66E-07
ENSG00000105499,8.655076687,2.924070345,2.16246443,0.005986193,0.019428377
ENSG00000105514,35.18437464,-1.795150006,0.347508307,5.71E-08,5.17E-07
ENSG00000105518,103.7587053,-1.223516153,0.254219077,6.59E-07,5.08E-06
ENSG00000105552,28.86682558,0.932571254,0.402993264,0.011874969,0.034623826
ENSG00000105559,15.86625326,1.724803528,0.645753799,0.001979372,0.007438948
ENSG00000105568,85.48812858,-1.258118418,0.215868383,2.38E-09,2.54E-08
ENSG00000105583,230.7609723,-1.477013458,0.185180018,5.13E-16,9.37E-15
ENSG00000105613,3.612277948,3.924756482,2.527293114,0.00262652,0.009547962
ENSG00000105640,209.9777002,-1.949323609,0.161393813,3.14E-34,1.29E-32
ENSG00000105643,12.21399383,2.428247643,0.692491681,7.67E-05,0.000411861
ENSG00000105647,15.0566315,-1.510044238,0.521856873,0.001086564,0.004393375
ENSG00000105655,37.48163299,2.057418219,0.686233888,0.000752193,0.003176334
ENSG00000105656,90.889651,1.310338168,0.292372745,3.15E-06,2.19E-05
ENSG00000105669,125.8708066,-0.857321086,0.209618933,2.79E-05,0.000163815
ENSG00000105671,33.05310075,-0.89089121,0.366226035,0.008866999,0.027097943
ENSG00000105677,102.281319,-1.964844736,0.217301653,3.35E-20,7.60E-19
ENSG00000105699,91.44202996,0.519853184,0.213983686,0.012924198,0.037164813
ENSG00000105700,85.32411951,1.156668036,0.237466636,5.39E-07,4.23E-06
ENSG00000105701,210.1922144,-1.435645346,0.16626701,2.11E-18,4.40E-17
ENSG00000105722,147.7616337,1.084834645,0.204365321,5.96E-08,5.37E-07
ENSG00000105723,132.7663946,0.878875945,0.186489573,1.59E-06,1.15E-05
ENSG00000105737,6.302689593,2.756153131,2.252675925,0.008743206,0.026788685
ENSG00000105755,47.70085891,-3.383212156,0.35562183,2.38E-22,6.18E-21
ENSG00000105784,25.24611048,3.60545279,1.265961473,0.000484789,0.002153924
ENSG00000105821,91.29489541,1.731878912,0.30093776,2.61E-09,2.78E-08
ENSG00000105825,54.03348152,2.89555774,0.651654799,2.69E-06,1.88E-05
ENSG00000105854,21.00227866,-1.090642927,0.422669343,0.004593055,0.015504931
ENSG00000105879,55.43279844,1.310752086,0.309287633,9.42E-06,6.03E-05
ENSG00000105880,17.86386809,-1.977683911,0.583617933,0.000130952,0.000664633
ENSG00000105928,19.7535887,-1.223861174,0.4535156,0.002796864,0.010090299
ENSG00000105953,91.25367914,-2.200912288,0.223865546,1.57E-23,4.22E-22
ENSG00000105974,166.7889653,-1.530974453,0.160287663,3.95E-22,1.01E-20
ENSG00000105976,128.1045178,1.212099032,0.199333834,5.62E-10,6.39E-09
ENSG00000105991,47.37316105,1.29901793,0.35334738,9.77E-05,0.000512304
ENSG00000105993,92.65276408,0.646014748,0.249728047,0.007515561,0.023609093
ENSG00000106049,18.82704647,-1.009283671,0.475397106,0.016609744,0.045778803
ENSG00000106070,26.46289792,3.760275428,0.639672778,1.13E-09,1.25E-08
ENSG00000106086,22.70793041,1.169680519,0.443803053,0.003667932,0.012782189
ENSG00000106089,65.53378872,3.123753401,0.37343553,1.23E-17,2.47E-16
ENSG00000106105,336.7853245,1.085080831,0.118979017,3.72E-20,8.40E-19
ENSG00000106123,9.868889086,-4.600045407,0.953075252,2.33E-07,1.93E-06
ENSG00000106153,335.5504338,-1.591440842,0.140324146,2.54E-30,9.02E-29
ENSG00000106178,136.5822031,6.749555926,1.238070417,1.60E-09,1.74E-08
ENSG00000106211,3117.745473,-1.838505556,0.076676458,1.18E-127,2.22E-125
ENSG00000106244,94.4547441,-1.172560649,0.214689606,2.20E-08,2.11E-07
ENSG00000106261,113.0611117,0.734740858,0.207519687,0.000292222,0.001366078
ENSG00000106266,31.40210574,1.464673388,0.44951627,0.000388584,0.00176571
ENSG00000106268,6.868521312,-3.428220807,1.029569527,9.20E-05,0.000485749
ENSG00000106278,10.04449268,-4.882918849,1.025012897,4.28E-07,3.41E-06
ENSG00000106299,75.11111537,0.593746295,0.232600556,0.008653334,0.02656641
ENSG00000106330,9.404055579,-2.132893631,0.685776181,0.000299933,0.001397864
ENSG00000106366,219.7075823,1.292136327,0.146542382,5.02E-19,1.08E-17
ENSG00000106367,130.7164959,-1.269792147,0.18395951,2.15E-12,2.99E-11
ENSG00000106397,76.09134908,3.529036082,0.379831285,3.92E-21,9.45E-20
ENSG00000106399,7.45830257,-2.070804877,0.904786123,0.003130714,0.011132146
ENSG00000106404,67.70863085,2.145900327,0.479095578,1.97E-06,1.41E-05
ENSG00000106524,37.62789755,2.38057293,0.424089326,4.00E-09,4.20E-08
ENSG00000106588,53.96930167,-1.337927363,0.287219937,1.22E-06,9.01E-06
ENSG00000106608,45.66173593,1.477630294,0.325321288,1.92E-06,1.37E-05
ENSG00000106615,71.34685809,0.753947003,0.265503345,0.003191702,0.011322747
ENSG00000106624,5.704747576,2.256473742,1.498019643,0.013837587,0.039340481
ENSG00000106628,41.49596982,-1.287717083,0.305548951,1.00E-05,6.36E-05
ENSG00000106636,362.4242799,0.507053024,0.12493116,4.22E-05,0.000239537
ENSG00000106665,22.78590171,2.803233121,0.533112614,2.62E-08,2.48E-07
ENSG00000106682,263.8585965,-0.362306675,0.125368717,0.00358984,0.012551516
ENSG00000106701,6.447129111,2.815609956,1.072453818,0.001448649,0.005682593
ENSG00000106771,12.74420684,-1.263733769,0.546483739,0.007475704,0.023505291
ENSG00000106780,24.3192166,-0.844321989,0.384942079,0.017324488,0.047370305
ENSG00000106799,35.18168378,0.907644102,0.334832872,0.004033532,0.013874064
ENSG00000106803,233.9221146,-0.463622512,0.135883624,0.000568308,0.002481065
ENSG00000107020,23.74130417,-2.288289178,0.440905924,3.45E-08,3.20E-07
ENSG00000107077,26.89026963,1.089932935,0.416469836,0.004357994,0.014857014
ENSG00000107104,34.74202431,-1.970758901,0.348598875,3.25E-09,3.44E-08
ENSG00000107140,64.35785627,2.385517277,0.343702219,7.81E-13,1.13E-11
ENSG00000107159,5.212776294,-3.83239175,1.423462446,0.000542647,0.002381849
ENSG00000107164,74.37833225,0.658018593,0.244997264,0.005531834,0.018187334
ENSG00000107165,3.684134546,-4.22784983,2.075834208,0.001651964,0.00637503
ENSG00000107175,69.59749049,1.188501451,0.277625521,8.58E-06,5.53E-05
ENSG00000107185,71.63273977,0.596577854,0.241672979,0.010871675,0.032126148
ENSG00000107186,56.10959724,3.578146822,0.496134744,1.75E-13,2.69E-12
ENSG00000107201,15.15711539,-1.698855128,0.556283913,0.000532159,0.002338789
ENSG00000107223,251.681209,-1.234709665,0.16312224,1.65E-14,2.75E-13
ENSG00000107263,32.2128016,1.696184025,0.389695186,3.86E-06,2.64E-05
ENSG00000107281,53.12835468,2.981203169,0.370513882,1.29E-16,2.44E-15
ENSG00000107290,165.7818355,1.421626977,0.214098204,1.29E-11,1.68E-10
ENSG00000107372,110.1497758,0.636320941,0.220226814,0.003035283,0.010843103
ENSG00000107404,138.1053503,1.101902646,0.185473935,1.46E-09,1.59E-08
ENSG00000107438,123.8620761,-1.477431772,0.186349555,7.56E-16,1.37E-14
ENSG00000107443,32.014846,1.361014827,0.379321694,0.000139705,0.000703625
ENSG00000107485,62.34990989,-2.18752334,0.301371407,7.12E-14,1.13E-12
ENSG00000107521,74.25440544,0.680258911,0.255200738,0.005804788,0.018906318
ENSG00000107537,6.808501935,-1.740392505,0.887377264,0.009006621,0.027455572
ENSG00000107560,16.70553679,1.145348483,0.526410063,0.012795049,0.03685487
ENSG00000107643,20.97658217,1.202271174,0.48524653,0.005639758,0.018486619
ENSG00000107798,20.08461908,-3.696986217,0.552742767,2.71E-12,3.73E-11
ENSG00000107816,41.42872559,0.969245941,0.305078967,0.000850781,0.003535312
ENSG00000107819,71.25351419,1.321624994,0.268531186,3.52E-07,2.85E-06
ENSG00000107833,91.91465024,-2.191636987,0.261760273,1.02E-17,2.05E-16
ENSG00000107854,115.1206776,0.495851902,0.192027821,0.008486871,0.02614843
ENSG00000107862,163.3429972,0.483036014,0.195765785,0.011628649,0.03402064
ENSG00000107863,91.83329973,2.83012357,0.264042299,1.56E-27,5.07E-26
ENSG00000107874,34.70456817,-1.771265829,0.410275858,3.70E-06,2.54E-05
ENSG00000107902,4.10025239,-3.381318687,1.46201996,0.001572861,0.006105622
ENSG00000107929,81.27638112,1.438959005,0.264618868,2.05E-08,1.98E-07
ENSG00000107957,33.67847108,-1.895946026,0.345086518,8.66E-09,8.79E-08
ENSG00000107960,7.713255378,-1.603679493,0.742344837,0.006972453,0.022170471
ENSG00000107968,15.3042171,-1.169600565,0.563040924,0.014997033,0.042102175
ENSG00000107984,22.92258571,-2.26967081,0.506215613,1.27E-06,9.37E-06
ENSG00000108010,102.7176205,0.527869531,0.194287848,0.005675151,0.01856295
ENSG00000108055,88.25128533,0.818929001,0.230620098,0.000259555,0.001228766
ENSG00000108061,86.49955178,0.91288287,0.229723324,4.39E-05,0.000248361
ENSG00000108091,24.92879119,-1.348189061,0.395220967,0.000231871,0.001109505
ENSG00000108107,110.0543662,-1.770776718,0.192567947,9.75E-21,2.29E-19
ENSG00000108179,631.1247872,2.017387822,0.101023174,2.47E-89,2.80E-87
ENSG00000108242,12.48129578,-3.956031398,0.737754942,1.09E-08,1.09E-07
ENSG00000108244,196.1861019,-2.325859909,0.198884627,2.35E-32,9.16E-31
ENSG00000108256,148.718529,1.014582971,0.180920183,1.18E-08,1.17E-07
ENSG00000108298,1113.668473,-2.078618919,0.091813167,3.49E-114,5.36E-112
ENSG00000108309,8.092974447,-1.760027929,0.757668756,0.004181145,0.014335353
ENSG00000108312,53.16083403,0.74574135,0.273627869,0.004564856,0.01542483
ENSG00000108344,107.6535475,-0.858182536,0.208126909,2.40E-05,0.000143121
ENSG00000108349,49.3285583,0.736825212,0.294407655,0.008788976,0.02690503
ENSG00000108352,49.03037845,-2.826452422,0.325067037,4.67E-19,1.01E-17
ENSG00000108379,27.63944828,3.638924257,0.716628831,1.27E-07,1.09E-06
ENSG00000108389,16.0752245,-1.106603349,0.480923067,0.009519096,0.028707063
ENSG00000108406,17.72963566,-1.036874216,0.494529991,0.017260818,0.047233649
ENSG00000108439,13.31049568,-2.022683935,0.563984929,6.09E-05,0.00033463
ENSG00000108448,8.700372988,1.637304149,0.704818382,0.004854687,0.016297992
ENSG00000108506,49.99824604,1.142098568,0.417369335,0.003016288,0.010783619
ENSG00000108509,51.53169627,1.312246549,0.314051488,1.19E-05,7.47E-05
ENSG00000108510,151.8073487,1.181464681,0.206158514,5.00E-09,5.19E-08
ENSG00000108515,61.3358784,5.137114857,0.963914719,1.66E-07,1.41E-06
ENSG00000108518,615.5008767,-0.339760949,0.082262709,3.40E-05,0.000195764
ENSG00000108523,100.1044529,-1.187324656,0.201692145,1.81E-09,1.96E-08
ENSG00000108551,90.28374392,3.398960253,0.736202614,1.82E-06,1.31E-05
ENSG00000108561,102.3441098,-1.355083755,0.201833519,7.32E-12,9.72E-11
ENSG00000108578,31.03193111,-1.846338775,0.400684201,9.42E-07,7.10E-06
ENSG00000108604,67.99621839,-0.681293467,0.232272655,0.002505712,0.009157942
ENSG00000108639,75.9714659,-0.873256137,0.233069153,0.000112228,0.000579618
ENSG00000108654,2117.170387,1.685446697,0.070909938,1.90E-125,3.36E-123
ENSG00000108669,106.1496288,0.976347342,0.244169622,3.78E-05,0.000215795
ENSG00000108679,25.7656884,-3.240748781,0.509789238,2.73E-11,3.45E-10
ENSG00000108774,199.8396648,-0.622014628,0.152608368,3.67E-05,0.000210262
ENSG00000108799,42.89180465,0.756880187,0.339862297,0.017215993,0.047139027
ENSG00000108826,34.19929478,-0.829223954,0.339326727,0.009213879,0.027994301
ENSG00000108828,166.4766813,-1.376624453,0.158267221,1.31E-18,2.76E-17
ENSG00000108829,182.5473051,0.731431093,0.169633709,1.17E-05,7.35E-05
ENSG00000108840,44.66728777,-1.399644223,0.308030458,1.98E-06,1.41E-05
ENSG00000108846,23.37514892,2.070784669,0.45403244,1.06E-06,7.89E-06
ENSG00000108848,247.4081133,0.916225881,0.162664966,1.14E-08,1.13E-07
ENSG00000108854,49.3404216,1.176692962,0.340996885,0.000260919,0.001234804
ENSG00000109016,6.731225541,-2.026090218,0.812723374,0.002033278,0.007618581
ENSG00000109046,157.7802387,1.189193228,0.179607896,1.72E-11,2.21E-10
ENSG00000109062,43.15343373,-1.951047997,0.364512318,1.81E-08,1.77E-07
ENSG00000109065,42.53251512,0.816809685,0.325039535,0.007859255,0.024499147
ENSG00000109101,20.18257645,-3.951203628,0.583000422,1.54E-12,2.17E-11
ENSG00000109107,25.06731179,-2.997564497,0.457275339,7.09E-12,9.46E-11
ENSG00000109111,113.6419206,0.831240393,0.21586292,7.86E-05,0.000420936
ENSG00000109113,72.30012457,1.532119053,0.282079026,1.85E-08,1.80E-07
ENSG00000109171,65.10952389,-0.626326784,0.247456551,0.00882099,0.026973113
ENSG00000109182,105.9530856,-2.065739139,0.221754038,2.43E-21,6.00E-20
ENSG00000109184,36.14151279,2.1867407,0.400304776,1.03E-08,1.03E-07
ENSG00000109193,3.623717368,-2.103956921,1.418709594,0.013867863,0.039418437
ENSG00000109220,151.7806411,1.764795924,0.211944921,3.65E-17,7.14E-16
ENSG00000109255,16.61703552,-4.777160847,0.871264821,4.26E-09,4.46E-08
ENSG00000109270,136.7257135,0.890028969,0.188517977,1.53E-06,1.11E-05
ENSG00000109320,134.1947486,1.729973012,0.237514771,1.00E-13,1.58E-12
ENSG00000109321,960.3935984,0.575852572,0.079288015,3.18E-13,4.80E-12
ENSG00000109332,374.5405612,1.344589848,0.133462492,8.32E-24,2.25E-22
ENSG00000109390,59.37930774,-1.130869349,0.271949491,1.53E-05,9.43E-05
ENSG00000109452,7.436930037,-2.595645278,0.839846747,0.000266206,0.001256804
ENSG00000109458,14.71002964,-1.4096689,0.514183126,0.001953451,0.007365471
ENSG00000109475,187.9770851,-2.144796573,0.156534843,2.23E-43,1.16E-41
ENSG00000109536,99.0514094,0.521773742,0.216772279,0.013618247,0.038844937
ENSG00000109572,35.49664238,-1.889844565,0.340458323,6.29E-09,6.49E-08
ENSG00000109606,195.9528495,0.618114139,0.166393426,0.000164483,0.000817085
ENSG00000109685,21.58604165,1.587416799,0.486682204,0.000335776,0.001547148
ENSG00000109686,19.88842366,-1.131661231,0.453697419,0.005524309,0.018172936
ENSG00000109736,185.029923,2.080975943,0.213013656,3.23E-23,8.61E-22
ENSG00000109756,40.60169457,1.291146705,0.379936197,0.000279901,0.001314715
ENSG00000109762,16.39531025,1.047242918,0.49390682,0.016561782,0.045664852
ENSG00000109787,71.87404155,-1.254599487,0.244056012,1.16E-07,1.01E-06
ENSG00000109805,4.961495037,-3.081687148,1.242812037,0.001492362,0.005832509
ENSG00000109846,813.7484264,-1.077720346,0.098734699,5.66E-28,1.86E-26
ENSG00000109854,77.62912441,-0.753289109,0.250093556,0.001827287,0.006958213
ENSG00000109861,45.95873614,-4.44445471,0.404977761,8.23E-29,2.80E-27
ENSG00000109917,66.27953169,0.643884688,0.260334963,0.010353049,0.030833484
ENSG00000109919,79.7047604,-1.521883512,0.23279545,2.02E-11,2.58E-10
ENSG00000109920,326.6950271,2.993149612,0.177972636,3.79E-64,3.06E-62
ENSG00000109929,30.35241988,-1.368525202,0.360558795,5.27E-05,0.000293473
ENSG00000109956,9.142398066,4.556376472,2.260864675,0.000292094,0.001365941
ENSG00000109971,8775.986216,2.374077721,0.050861222,0,0
ENSG00000110002,24.12377143,-3.071283105,0.487752878,3.61E-11,4.51E-10
ENSG00000110013,4.583093298,-2.902112765,1.114555126,0.000931307,0.003826149
ENSG00000110046,70.77108787,1.26534306,0.289485159,5.47E-06,3.65E-05
ENSG00000110066,67.80543668,1.311425288,0.281850881,1.38E-06,1.02E-05
ENSG00000110075,98.19143424,0.601082543,0.223480116,0.005732744,0.018717003
ENSG00000110092,52.28041633,-0.987035498,0.282208557,0.000258855,0.001225877
ENSG00000110107,75.53875119,-0.745065154,0.228130998,0.000771107,0.003242315
ENSG00000110108,30.63852599,-1.841339564,0.419564593,2.52E-06,1.77E-05
ENSG00000110169,7.854056335,4.897179947,2.312480507,0.000160295,0.000798582
ENSG00000110171,23.75565039,1.912437832,0.515382535,5.13E-05,0.000286119
ENSG00000110172,114.9275654,1.798774003,0.25640464,6.85E-13,1.00E-11
ENSG00000110274,19.10159066,1.025218524,0.462915619,0.013567349,0.038723767
ENSG00000110315,20.93831107,-1.792609245,0.440864452,1.11E-05,7.00E-05
ENSG00000110321,713.1036832,0.899118052,0.085570481,4.76E-26,1.44E-24
ENSG00000110395,94.37906023,1.841634642,0.2524374,8.44E-14,1.33E-12
ENSG00000110400,51.82948143,-2.515931073,0.295574043,2.59E-18,5.36E-17
ENSG00000110422,57.94515138,0.898151756,0.267618063,0.00048909,0.002172333
ENSG00000110442,9.230089437,-1.905964913,0.72895666,0.001669734,0.006438203
ENSG00000110492,101.1475635,2.535840396,0.286631731,1.76E-19,3.90E-18
ENSG00000110619,124.6698839,1.787561073,0.269195556,9.39E-12,1.24E-10
ENSG00000110651,119.2705396,-1.046849219,0.189775262,1.86E-08,1.81E-07
ENSG00000110696,79.75725859,0.556808326,0.229545706,0.012642183,0.036475459
ENSG00000110697,20.22263992,1.161897792,0.454712591,0.004680136,0.015783448
ENSG00000110700,424.991141,-1.73289526,0.102722456,2.12E-64,1.73E-62
ENSG00000110719,21.98177184,1.924719179,0.48302504,1.52E-05,9.41E-05
ENSG00000110721,32.20578274,2.91927377,0.543890777,1.73E-08,1.69E-07
ENSG00000110851,103.1297456,0.95433982,0.217550633,6.94E-06,4.57E-05
ENSG00000110888,13.53260816,1.313527779,0.551503385,0.006218224,0.020072864
ENSG00000110906,91.37660282,0.785968126,0.239257569,0.000699699,0.00298204
ENSG00000110917,53.66382842,-1.680795252,0.273920673,2.31E-10,2.69E-09
ENSG00000110925,56.94624526,0.796375937,0.28049488,0.003074229,0.010966971
ENSG00000110931,26.39064079,0.992674226,0.375818128,0.004496249,0.015245265
ENSG00000110955,588.5464555,-2.466838036,0.103582179,3.60E-126,6.62E-124
ENSG00000111011,435.14591,1.920319441,0.164998063,6.79E-32,2.62E-30
ENSG00000111142,58.40718959,-1.088172352,0.265145019,2.03E-05,0.000122762
ENSG00000111144,36.34492565,-1.575474621,0.337752289,9.12E-07,6.89E-06
ENSG00000111145,22.00052603,-0.978649726,0.430089643,0.011924745,0.034732268
ENSG00000111206,4.129521227,-2.905928005,1.229209408,0.002152724,0.007994509
ENSG00000111229,166.8257837,-1.407782948,0.175943759,4.51E-16,8.30E-15
ENSG00000111252,7.938975362,2.082011917,0.845955967,0.002455377,0.008997397
ENSG00000111254,13.82954359,3.557921036,0.818752435,2.65E-06,1.86E-05
ENSG00000111319,16.36780977,-2.999807147,0.584361718,3.75E-08,3.46E-07
ENSG00000111331,9.877635815,-3.819135033,0.807940767,2.84E-07,2.33E-06
ENSG00000111335,5.407326576,-4.009538768,1.254087009,0.000143576,0.000721805
ENSG00000111348,33.64230111,-4.311188146,0.498304678,6.81E-19,1.46E-17
ENSG00000111371,191.8402636,1.072490746,0.156000481,3.40E-12,4.66E-11
ENSG00000111405,20.3479758,-2.38515704,0.576199612,5.17E-06,3.46E-05
ENSG00000111424,20.12566779,-2.261641295,0.477526238,3.75E-07,3.01E-06
ENSG00000111450,24.82486398,2.836832184,0.536916142,2.24E-08,2.13E-07
ENSG00000111481,93.80249182,-1.261229749,0.220712153,4.66E-09,4.85E-08
ENSG00000111540,114.4218636,-0.832127422,0.183386148,3.78E-06,2.58E-05
ENSG00000111639,153.0044095,-1.184252976,0.180147162,2.30E-11,2.93E-10
ENSG00000111640,2047.678938,-0.59142037,0.056933803,2.05E-25,5.95E-24
ENSG00000111652,45.50597321,-1.245062562,0.29345632,9.28E-06,5.94E-05
ENSG00000111667,61.13694535,-1.271335087,0.261553748,4.82E-07,3.81E-06
ENSG00000111669,350.9436114,-1.082452696,0.126295659,5.37E-18,1.09E-16
ENSG00000111674,41.47565311,5.055913797,0.567910441,1.97E-19,4.35E-18
ENSG00000111676,111.9553447,0.873600936,0.211198053,2.29E-05,0.000137372
ENSG00000111678,55.10282053,-1.225840677,0.31662209,4.66E-05,0.000262771
ENSG00000111684,15.52569517,-1.212013636,0.501259932,0.006110194,0.019765748
ENSG00000111696,12.51895929,2.530464521,0.732737103,0.00010399,0.000541535
ENSG00000111716,146.177016,-3.145823562,0.192829942,9.85E-61,7.23E-59
ENSG00000111725,29.66609523,1.45000263,0.398240569,9.55E-05,0.000501595
ENSG00000111727,39.39912281,1.280900377,0.368702938,0.000213336,0.001031188
ENSG00000111737,78.47061165,0.590782911,0.228797941,0.007975162,0.024798838
ENSG00000111775,158.870291,-1.399922449,0.188581667,4.20E-14,6.79E-13
ENSG00000111785,17.03711254,1.435371762,0.63429972,0.007820635,0.024398965
ENSG00000111790,39.07176645,1.065310977,0.368320854,0.001951399,0.007359743
ENSG00000111843,99.72722445,-1.975250143,0.216421791,1.52E-20,3.53E-19
ENSG00000111860,5.313503593,2.002027275,1.145838356,0.013911437,0.039517874
ENSG00000111863,31.58485193,-1.024831336,0.354179172,0.001964502,0.007399053
ENSG00000111875,16.50907053,-1.099722039,0.487211106,0.010684805,0.031641697
ENSG00000111885,20.28578982,1.00761655,0.456552026,0.014052438,0.039860974
ENSG00000111886,2.496865208,2.99626513,2.738111254,0.009598916,0.028890958
ENSG00000111897,346.4747515,1.073380281,0.126176988,9.64E-18,1.95E-16
ENSG00000111907,16.8078521,-1.337526554,0.475510675,0.001708425,0.006572698
ENSG00000111962,9.750846145,1.374228065,0.647509987,0.010838652,0.032035424
ENSG00000111981,72.17675071,2.79018714,0.454922322,2.28E-10,2.67E-09
ENSG00000112033,79.70508478,-1.396072475,0.232602872,7.20E-10,8.12E-09
ENSG00000112062,30.61982353,-0.844635899,0.335561081,0.007298897,0.02303268
ENSG00000112079,62.90255818,-0.72619949,0.260149839,0.003748303,0.013022806
ENSG00000112081,317.2087298,1.185738269,0.162023778,1.27E-13,1.97E-12
ENSG00000112110,736.5931978,1.98151389,0.102378673,5.67E-84,5.88E-82
ENSG00000112146,26.45067027,1.255067746,0.398017099,0.000672404,0.002879942
ENSG00000112183,6.761507825,5.238862528,2.363098428,8.74E-05,0.000463549
ENSG00000112208,8.52970854,2.083398009,0.947864716,0.005566302,0.018273626
ENSG00000112242,44.2120596,1.64223865,0.360672036,1.60E-06,1.16E-05
ENSG00000112304,14.38636427,-2.06356171,0.591137497,8.29E-05,0.000441621
ENSG00000112306,2057.3157,-2.788928253,0.080466024,3.54E-264,2.03E-261
ENSG00000112308,285.7894581,1.745550143,0.153803847,2.27E-30,8.11E-29
ENSG00000112312,9.363262648,-2.486087765,0.817352083,0.00029979,0.001397864
ENSG00000112339,37.08495896,0.760128544,0.339667241,0.017353947,0.047432058
ENSG00000112357,11.87288267,-1.976804323,0.681389399,0.000639678,0.002756889
ENSG00000112378,1624.948419,-3.137864537,0.09769221,2.62E-227,1.06E-224
ENSG00000112379,4.152064834,1.924103833,1.201023213,0.017898337,0.048576234
ENSG00000112414,27.21917736,0.866345498,0.381265606,0.014130821,0.040050385
ENSG00000112511,266.2301081,3.20040357,0.26618334,7.17E-34,2.93E-32
ENSG00000112514,92.30041325,-0.813863128,0.212037096,8.29E-05,0.000441586
ENSG00000112531,33.94422239,0.908472914,0.37120784,0.008582085,0.026382884
ENSG00000112561,14.34471522,1.809452858,0.642096557,0.001141207,0.004594124
ENSG00000112640,39.9845766,-0.72550229,0.313802843,0.014560133,0.041089947
ENSG00000112651,17.15178732,-1.398792152,0.507292712,0.00186431,0.007082544
ENSG00000112655,97.05711929,2.168374169,0.266250676,8.93E-17,1.71E-15
ENSG00000112667,33.96911217,-4.001157212,0.526086969,2.91E-15,5.08E-14
ENSG00000112695,159.3917747,-1.337227719,0.174847958,8.14E-15,1.39E-13
ENSG00000112701,35.58237206,1.038387929,0.353968535,0.001620277,0.006268525
ENSG00000112715,64.41051282,1.775730966,0.267740025,9.06E-12,1.19E-10
ENSG00000112739,77.04381298,0.662405621,0.245988042,0.005436725,0.017927553
ENSG00000112763,55.05694054,1.676241665,0.305147626,1.19E-08,1.19E-07
ENSG00000112877,11.25557531,2.290102147,0.726156179,0.000284937,0.00133655
ENSG00000112941,58.40879577,1.68711176,0.306284054,1.09E-08,1.09E-07
ENSG00000112984,4.409883332,-2.786504036,1.444564259,0.004751444,0.016008925
ENSG00000113013,289.270553,0.993917314,0.138177998,3.73E-13,5.59E-12
ENSG00000113048,14.805222,-1.485696115,0.523232624,0.001313741,0.005203159
ENSG00000113140,13.00847619,-3.029229574,0.646128027,3.42E-07,2.77E-06
ENSG00000113161,152.0948866,-1.315664672,0.170911847,5.84E-15,1.00E-13
ENSG00000113194,120.4172953,0.591031091,0.192992117,0.0017838,0.006815182
ENSG00000113240,47.08258598,1.119839286,0.372138201,0.001297391,0.00514187
ENSG00000113368,2.278438445,-3.020154161,2.184628229,0.007504784,0.023585977
ENSG00000113387,43.69878084,-0.86360777,0.298512212,0.002370237,0.008717049
ENSG00000113407,344.7258341,1.233874068,0.143174534,3.17E-18,6.52E-17
ENSG00000113430,86.28951494,2.13932666,0.288050782,2.48E-14,4.08E-13
ENSG00000113504,56.20192976,3.920497526,0.564071138,1.42E-12,2.01E-11
ENSG00000113552,84.20540139,0.568728463,0.227876226,0.010399101,0.030948371
ENSG00000113575,249.3457732,0.525214832,0.138288355,0.000124474,0.000634089
ENSG00000113580,58.71920316,0.985231014,0.271397757,0.000162238,0.000807385
ENSG00000113594,6.38351836,5.114821918,2.35719089,0.00012129,0.000619781
ENSG00000113615,45.86944911,0.795993244,0.321897807,0.009008797,0.02745614
ENSG00000113643,108.1515369,-0.68567941,0.184927615,0.000157993,0.000788252
ENSG00000113649,90.5281574,0.753585978,0.234203619,0.000919166,0.003780774
ENSG00000113712,290.1797567,0.472929572,0.119489183,6.69E-05,0.000363949
ENSG00000113732,205.6930871,-0.694721772,0.19791796,0.000331616,0.001530537
ENSG00000113739,62.2330352,6.103567081,0.589488029,4.44E-25,1.27E-23
ENSG00000113742,84.80036962,0.764057094,0.254299321,0.001882913,0.007142442
ENSG00000113758,73.97603932,1.747215839,0.262152071,7.26E-12,9.65E-11
ENSG00000113790,4.844282346,-1.682119595,0.976301825,0.014818519,0.041691245
ENSG00000113845,60.21435382,-1.827274251,0.270434615,3.39E-12,4.65E-11
ENSG00000113916,28.76217523,-2.108439968,0.408739183,4.63E-08,4.23E-07
ENSG00000113946,3.594510201,-4.415814111,1.818223927,0.000739885,0.003130107
ENSG00000113971,13.24585629,1.774745395,0.606290904,0.000835251,0.003472871
ENSG00000114021,11.24892332,-1.143635463,0.557426155,0.016402848,0.045335331
ENSG00000114023,54.6785533,-3.281592943,0.315199313,2.71E-26,8.33E-25
ENSG00000114054,8.397076421,-1.514586219,0.684662786,0.006994818,0.022236463
ENSG00000114107,13.2235618,1.481515475,0.639543358,0.006209444,0.02004921
ENSG00000114115,2.603662116,-5.622335664,2.937277212,0.000532003,0.002338789
ENSG00000114200,1.867663959,-1.165708466,2.301688614,0.012185128,0.035401004
ENSG00000114209,62.27966348,0.606413745,0.241803506,0.009712498,0.029175549
ENSG00000114315,420.3864198,0.711347036,0.135938543,1.20E-07,1.04E-06
ENSG00000114374,26.2929382,0.915741536,0.419275985,0.016798089,0.046168764
ENSG00000114378,24.76277067,-0.937328166,0.397439225,0.010175359,0.030367637
ENSG00000114391,350.756563,-1.702101208,0.116943089,1.44E-48,8.31E-47
ENSG00000114405,3.761342241,-1.72491609,1.095088003,0.018324646,0.049545478
ENSG00000114416,90.03236668,0.741005009,0.243538455,0.001703819,0.006556806
ENSG00000114529,79.41181449,2.721956253,0.34600282,8.48E-16,1.53E-14
ENSG00000114541,28.5146074,-0.826164529,0.35790054,0.013229368,0.037931702
ENSG00000114554,65.29848536,1.511949658,0.285789571,4.14E-08,3.80E-07
ENSG00000114573,60.11299509,-0.731160757,0.25483409,0.002931953,0.010506608
ENSG00000114638,24.97650001,-4.724620966,0.6446331,2.95E-14,4.82E-13
ENSG00000114686,69.9745903,-0.911521808,0.230439312,4.64E-05,0.000261436
ENSG00000114738,111.3933611,-0.672710697,0.182189598,0.000168864,0.000837645
ENSG00000114771,5.182219956,-3.752436854,1.339411196,0.00045411,0.002032669
ENSG00000114779,22.62489111,-2.491074111,0.468192267,1.48E-08,1.45E-07
ENSG00000114784,159.0156561,0.978379603,0.186960882,9.78E-08,8.58E-07
ENSG00000114850,75.68331178,-0.687985186,0.235931887,0.002623269,0.009544189
ENSG00000114857,36.99444895,1.368306331,0.352530235,4.01E-05,0.000227667
ENSG00000114902,23.6071267,-1.719384051,0.447704242,2.97E-05,0.0001738
ENSG00000114923,75.39316302,3.934671812,0.399226283,1.74E-23,4.67E-22
ENSG00000114933,62.92712846,2.150913133,0.379708479,3.81E-09,4.01E-08
ENSG00000114942,304.5239568,-2.154586526,0.128211844,4.37E-64,3.51E-62
ENSG00000114993,54.33372245,0.80570791,0.281726697,0.002835904,0.010204818
ENSG00000115008,229.4267961,-1.705136766,0.16659281,3.63E-25,1.04E-23
ENSG00000115009,54.34009562,1.985804691,0.576160365,0.000161752,0.000805258
ENSG00000115053,262.3005754,-1.299794781,0.128787357,2.64E-24,7.28E-23
ENSG00000115128,304.5014082,-0.795373181,0.139171251,7.54E-09,7.72E-08
ENSG00000115207,30.41692743,-0.849971071,0.345650496,0.00862377,0.02648743
ENSG00000115221,10.45973996,-3.699426983,0.819870704,6.96E-07,5.35E-06
ENSG00000115226,22.23738689,2.310363805,0.522302129,1.79E-06,1.29E-05
ENSG00000115255,3.16478193,-2.899469825,1.842515575,0.007766269,0.024269246
ENSG00000115267,8.280913367,-2.654997637,0.839647672,0.000194465,0.000950288
ENSG00000115268,270.8019247,-2.223872291,0.140824301,6.72E-57,4.57E-55
ENSG00000115289,82.15719402,0.77264054,0.265889837,0.002534835,0.009248841
ENSG00000115306,26.56799055,-1.632730843,0.378760099,4.47E-06,3.02E-05
ENSG00000115307,227.3824316,0.433274526,0.148834097,0.003259946,0.011540497
ENSG00000115350,22.64254554,-1.004229612,0.426724372,0.009500819,0.028664473
ENSG00000115355,7.490945557,1.649296708,0.843870651,0.012301892,0.035672643
ENSG00000115365,32.3685542,-1.786426344,0.365178294,2.39E-07,1.98E-06
ENSG00000115368,42.90336076,-0.800705587,0.307678935,0.006088153,0.019717559
ENSG00000115380,35.53712743,-2.788936837,0.439570946,2.90E-11,3.68E-10
ENSG00000115414,14.29269676,-2.70532874,0.590401179,6.45E-07,5.00E-06
ENSG00000115415,38.98499459,-1.730460779,0.336153041,6.69E-08,6.00E-07
ENSG00000115419,97.04772901,1.940649961,0.237909174,7.93E-17,1.52E-15
ENSG00000115446,125.1155096,1.384223655,0.215077979,4.68E-11,5.81E-10
ENSG00000115464,54.22305852,1.190171416,0.293261446,2.30E-05,0.000137509
ENSG00000115484,543.2937838,0.414829133,0.111779137,0.000187791,0.000920938
ENSG00000115520,71.66928269,0.856771412,0.261164158,0.000660133,0.002834422
ENSG00000115541,357.5332271,0.882837577,0.126260654,1.74E-12,2.43E-11
ENSG00000115548,36.09344092,1.211577385,0.33508808,0.000133143,0.000674761
ENSG00000115561,32.70028577,-3.33164782,0.410036431,5.76E-17,1.11E-15
ENSG00000115568,31.35608579,1.332664162,0.41427935,0.000498335,0.002209838
ENSG00000115596,9.718144934,5.404637685,2.412937603,8.67E-05,0.000460253
ENSG00000115602,204.8346534,6.941340767,0.800660294,3.13E-17,6.17E-16
ENSG00000115677,268.8652653,-0.746273437,0.13430942,2.06E-08,1.98E-07
ENSG00000115685,60.56193084,-1.327062427,0.27699637,6.47E-07,5.01E-06
ENSG00000115758,1202.752894,2.561828518,0.098746196,3.14E-149,7.10E-147
ENSG00000115761,25.39225991,-0.901759095,0.395967942,0.013106938,0.037627244
ENSG00000115825,19.09424822,1.106454256,0.484753086,0.01036642,0.030864421
ENSG00000115844,12.98641472,1.842888514,0.771536036,0.003849014,0.013325738
ENSG00000115884,461.6112294,-3.14876831,0.131171756,2.47E-128,4.73E-126
ENSG00000115902,10.11900559,1.253917931,0.642122265,0.018138511,0.049165194
ENSG00000115904,36.74602692,0.9146287,0.336453357,0.003935771,0.013592003
ENSG00000115963,122.4609693,-1.299166338,0.1912474,4.52E-12,6.12E-11
ENSG00000115966,43.412521,1.895091202,0.358265656,3.17E-08,2.96E-07
ENSG00000115977,21.50758032,1.296049215,0.513761748,0.004558429,0.015410663
ENSG00000115998,27.35192371,1.109031879,0.442626216,0.005743989,0.018748118
ENSG00000116005,20.69553647,-2.363490818,0.473403101,9.20E-08,8.10E-07
ENSG00000116016,97.68664838,-0.705749737,0.202331508,0.00036047,0.001648817
ENSG00000116017,12.87164973,2.097399966,0.641036061,0.000212022,0.001025196
ENSG00000116106,7.708327146,-4.993803073,1.203226282,8.73E-06,5.62E-05
ENSG00000116120,32.87403435,-1.432878712,0.341396683,9.13E-06,5.85E-05
ENSG00000116128,22.42058282,1.029872764,0.479311987,0.016034669,0.044531784
ENSG00000116133,232.7744723,-2.57346077,0.143689056,1.53E-72,1.37E-70
ENSG00000116161,99.93475113,1.328603132,0.226448969,1.84E-09,1.99E-08
ENSG00000116171,19.48870252,-2.273660599,0.475264492,2.77E-07,2.28E-06
ENSG00000116209,44.48908343,-1.642588791,0.305735636,2.14E-08,2.05E-07
ENSG00000116212,123.923964,1.044800665,0.184830899,8.64E-09,8.79E-08
ENSG00000116221,106.626708,-0.495189885,0.1863896,0.006781727,0.021618811
ENSG00000116237,32.99514803,-1.82024349,0.353328241,6.03E-08,5.44E-07
ENSG00000116251,48.29491297,-1.462168313,0.303057968,4.70E-07,3.73E-06
ENSG00000116273,93.1175195,1.395514993,0.243267529,3.81E-09,4.01E-08
ENSG00000116288,106.6329637,-1.181737646,0.204273037,3.35E-09,3.54E-08
ENSG00000116350,91.10936753,0.967679569,0.240214944,3.26E-05,0.000189248
ENSG00000116353,7.755342893,-2.436949123,0.803185388,0.00031945,0.001480325
ENSG00000116459,105.2524875,-1.697657928,0.224661596,1.13E-14,1.92E-13
ENSG00000116473,54.25117915,0.769781256,0.27861072,0.003985701,0.013736933
ENSG00000116489,174.0229103,-0.616242698,0.162973203,0.000124186,0.000632853
ENSG00000116521,60.09553805,-0.621483982,0.262914979,0.014007793,0.039750678
ENSG00000116539,135.3404638,1.077286154,0.229550075,1.45E-06,1.06E-05
ENSG00000116560,887.7808536,2.509386723,0.122678321,1.35E-93,1.65E-91
ENSG00000116584,46.63678833,2.000363371,0.336272945,6.39E-10,7.25E-09
ENSG00000116586,51.46854773,-1.54455772,0.295346664,5.21E-08,4.73E-07
ENSG00000116649,58.55330837,-2.407785378,0.305347401,4.95E-16,9.06E-15
ENSG00000116652,7.08397667,2.561913138,1.427124913,0.00766514,0.023991591
ENSG00000116667,6.726577869,-1.409653637,0.749634475,0.016143098,0.044814877
ENSG00000116679,109.9920273,0.865301447,0.234026368,0.000138424,0.000698444
ENSG00000116685,23.87682629,-0.955402753,0.390793051,0.007898881,0.024600442
ENSG00000116688,170.0179992,-0.419044808,0.15726257,0.006951181,0.022107926
ENSG00000116701,8.075092492,-2.555593866,0.920637915,0.000663268,0.002845228
ENSG00000116711,45.03753241,-3.179267923,0.339063771,8.91E-22,2.24E-20
ENSG00000116717,239.7551887,-0.638951113,0.138373215,2.92E-06,2.04E-05
ENSG00000116729,29.83737196,-1.322128958,0.358423973,8.47E-05,0.000450285
ENSG00000116731,57.3824422,0.71125599,0.29604796,0.011858833,0.034584085
ENSG00000116741,61.43038091,-2.816727193,0.321853035,3.25E-19,7.10E-18
ENSG00000116752,80.21884782,-0.557579477,0.237457084,0.015450223,0.043151807
ENSG00000116754,130.6825187,0.832235105,0.191688547,9.59E-06,6.12E-05
ENSG00000116761,15.02317887,2.189339536,0.684300817,0.000274564,0.001292285
ENSG00000116786,245.7912187,0.489563799,0.164919772,0.002625587,0.00954759
ENSG00000116791,36.36937754,-0.808600003,0.346382285,0.012543762,0.036282522
ENSG00000116809,69.12223549,0.752765646,0.300655316,0.008648822,0.026558465
ENSG00000116898,62.70585961,-1.559591544,0.258565922,5.03E-10,5.74E-09
ENSG00000116903,42.46944895,0.883520815,0.328913125,0.00445883,0.015151898
ENSG00000116954,121.2370146,1.045675075,0.203157275,1.46E-07,1.25E-06
ENSG00000116990,6.96386619,-2.084860976,0.84449967,0.00211412,0.007868084
ENSG00000116991,18.72408277,-1.718076971,0.525123557,0.000266967,0.001259536
ENSG00000117000,119.1804172,1.13488613,0.233837602,6.19E-07,4.82E-06
ENSG00000117020,13.9025871,7.497523715,2.454857821,2.06E-08,1.98E-07
ENSG00000117114,40.30046675,-3.026269992,0.375497915,1.02E-16,1.94E-15
ENSG00000117118,81.47551893,-0.801617334,0.238006033,0.00050872,0.002250108
ENSG00000117143,127.1252209,0.581528479,0.183881758,0.001287811,0.005108304
ENSG00000117226,7.975144709,-2.3018678,0.808275216,0.000570765,0.002489432
ENSG00000117228,6.300414429,-5.638832374,1.604958476,1.98E-05,0.000119573
ENSG00000117245,11.97019027,3.012171011,1.110391339,0.001710123,0.006575832
ENSG00000117308,45.18577852,0.741722404,0.308048431,0.01131112,0.033260912
ENSG00000117318,95.36359643,-2.597793304,0.237530459,1.14E-28,3.82E-27
ENSG00000117360,72.18116373,1.006212866,0.263757192,7.68E-05,0.000412161
ENSG00000117394,724.5972988,1.540892342,0.087702277,1.53E-69,1.32E-67
ENSG00000117395,91.13725233,-0.937359086,0.221352528,1.36E-05,8.45E-05
ENSG00000117399,25.79669034,-1.821017204,0.467552452,2.20E-05,0.00013243
ENSG00000117419,21.04441242,-0.995258165,0.466057634,0.016410307,0.045337786
ENSG00000117448,26.605701,-1.445391439,0.404271448,0.000112741,0.000582052
ENSG00000117450,1538.213592,0.366773194,0.065687043,2.23E-08,2.13E-07
ENSG00000117472,20.81603512,-1.544274189,0.449552942,0.000170956,0.000846497
ENSG00000117480,9.95191492,2.546513754,0.747995495,9.75E-05,0.000511078
ENSG00000117500,51.11402066,1.653823422,0.300230008,1.09E-08,1.09E-07
ENSG00000117519,159.9786739,1.697103429,0.188439123,3.64E-20,8.23E-19
ENSG00000117525,125.3809663,-2.484775693,0.221450573,5.23E-30,1.84E-28
ENSG00000117528,20.26802768,-1.132374803,0.465416927,0.006550332,0.020997579
ENSG00000117543,10.12221778,-1.734204612,0.658601546,0.001794311,0.006849652
ENSG00000117569,11.15758662,2.711067167,0.963081433,0.001105084,0.004461721
ENSG00000117592,176.7589502,-1.393299572,0.193797109,2.40E-13,3.66E-12
ENSG00000117593,10.77920687,-1.291031756,0.604433246,0.010979064,0.032415723
ENSG00000117595,307.9033687,-0.987692299,0.114029197,2.46E-18,5.10E-17
ENSG00000117614,108.1698302,1.022108025,0.228682745,4.39E-06,2.98E-05
ENSG00000117616,111.0734812,1.631708989,0.252384844,3.25E-11,4.09E-10
ENSG00000117632,16.57005533,-1.190750809,0.506383835,0.007519296,0.023615449
ENSG00000117650,2.847655739,-3.18930282,2.03667312,0.005790223,0.018872244
ENSG00000117676,32.29181375,0.879972901,0.348887155,0.007162327,0.022664552
ENSG00000117724,7.181893626,-2.275729701,0.912961666,0.001958989,0.007382318
ENSG00000117862,28.79267563,-1.107127418,0.3753196,0.001487246,0.005814161
ENSG00000117899,10.4628721,-1.320903113,0.59214766,0.008431437,0.025999902
ENSG00000117906,11.39572234,-1.193882071,0.564704442,0.013269906,0.038016338
ENSG00000117984,272.8274596,-2.522243073,0.169841504,1.05E-50,6.24E-49
ENSG00000118007,33.4532508,0.870676619,0.367503038,0.010945751,0.03232428
ENSG00000118058,76.32056981,2.15186895,0.361525844,7.19E-10,8.11E-09
ENSG00000118160,13.35987734,4.601283629,2.206568747,0.000183841,0.000904782
ENSG00000118162,51.38998051,1.157281168,0.343745073,0.000356633,0.001632892
ENSG00000118181,493.3292226,-2.080900264,0.110065209,2.03E-80,2.05E-78
ENSG00000118200,133.4871984,0.440486899,0.178230628,0.012271948,0.035621449
ENSG00000118257,3.544794014,-2.21298347,1.229799069,0.008710949,0.026707643
ENSG00000118263,17.2414979,-1.624290323,0.483788574,0.000208282,0.001009232
ENSG00000118322,15.67922472,-3.769456799,0.640314118,5.21E-10,5.94E-09
ENSG00000118369,12.91477572,1.292276596,0.56444706,0.008027982,0.024946217
ENSG00000118402,65.38794783,-1.068368398,0.349897621,0.001108081,0.004471204
ENSG00000118418,61.43383319,-3.058036158,0.331824812,3.75E-21,9.07E-20
ENSG00000118495,21.6060493,1.133508099,0.475733859,0.007832716,0.024421933
ENSG00000118496,29.94901119,1.267890886,0.40374744,0.000699687,0.00298204
ENSG00000118508,62.05125417,-0.626257026,0.263618041,0.013516261,0.038617889
ENSG00000118515,42.69631102,-1.289058714,0.342100806,6.55E-05,0.000357512
ENSG00000118520,21.6693362,-1.909372525,0.587083815,0.000233911,0.001118493
ENSG00000118620,22.43160066,1.620293645,0.464940214,0.000143971,0.000723526
ENSG00000118640,306.7795103,-0.627950117,0.134170941,2.27E-06,1.61E-05
ENSG00000118680,881.447739,-0.528543412,0.074260449,9.47E-13,1.35E-11
ENSG00000118705,237.5184234,-1.151039591,0.13732863,2.54E-17,5.02E-16
ENSG00000118707,47.93230553,2.611948593,0.56512382,9.90E-07,7.44E-06
ENSG00000118804,16.74482296,1.160669294,0.505187704,0.009203571,0.027975611
ENSG00000118898,127.8190263,-2.232056035,0.186292827,8.15E-34,3.32E-32
ENSG00000118922,6.34637061,2.767188072,1.007707651,0.000899941,0.003714981
ENSG00000118985,152.6088093,-0.403416193,0.171458906,0.016801415,0.046168764
ENSG00000119013,123.9516289,-2.341008457,0.189213225,6.40E-36,2.78E-34
ENSG00000119042,9.696587909,3.009081045,1.114474676,0.001753592,0.006722104
ENSG00000119048,175.6118002,2.116848728,0.184366067,3.72E-31,1.39E-29
ENSG00000119231,49.2214554,0.944324124,0.319745017,0.001835814,0.006986827
ENSG00000119280,23.45835134,-1.183480534,0.414043022,0.001817612,0.006925853
ENSG00000119326,71.36744672,1.481194301,0.320792362,1.41E-06,1.04E-05
ENSG00000119335,285.8415774,0.423471088,0.11942957,0.000354488,0.001624687
ENSG00000119383,32.46486934,-1.375883833,0.345562881,2.45E-05,0.000145652
ENSG00000119392,33.38321436,-0.984828631,0.33791238,0.001928548,0.007287504
ENSG00000119403,16.46353419,1.642083738,0.587906714,0.00143784,0.00564822
ENSG00000119421,96.20414694,-1.131115464,0.339018275,0.000390109,0.001772057
ENSG00000119471,18.32518713,-3.013745111,0.543550631,3.56E-09,3.76E-08
ENSG00000119537,19.92688901,-0.964091674,0.436647656,0.014414253,0.040719897
ENSG00000119599,11.40455732,1.57726861,0.675341204,0.005164696,0.017153501
ENSG00000119632,54.48057463,-2.212965863,0.307807923,1.17E-13,1.82E-12
ENSG00000119655,106.2823837,-2.73915916,0.224586974,4.66E-35,1.97E-33
ENSG00000119681,10.17980503,-1.683930865,0.671168797,0.002797499,0.010090299
ENSG00000119688,21.27048917,1.668370221,0.519712884,0.000377951,0.00172136
ENSG00000119689,145.7706557,0.525268435,0.184829859,0.003764826,0.013076921
ENSG00000119705,31.38711416,-1.655032625,0.394448738,7.24E-06,4.74E-05
ENSG00000119707,148.8099905,1.251870172,0.206007241,5.72E-10,6.51E-09
ENSG00000119718,34.04792549,-1.049886397,0.341127615,0.001053183,0.004273428
ENSG00000119760,64.95363961,0.730865749,0.27206184,0.005206209,0.017273083
ENSG00000119772,19.96992313,3.275196911,0.667422628,2.04E-07,1.72E-06
ENSG00000119787,67.93196955,-0.867110325,0.252247575,0.000369315,0.001684251
ENSG00000119812,31.78101954,-1.307919727,0.345558035,5.89E-05,0.000325143
ENSG00000119862,106.1145551,-2.623732979,0.224401613,2.11E-32,8.23E-31
ENSG00000119888,137.7044919,3.35639662,0.257394377,1.25E-39,6.00E-38
ENSG00000119929,20.67729265,-0.994537609,0.441194663,0.012324506,0.035715705
ENSG00000119943,12.60448301,1.927978859,0.975679744,0.011609387,0.033978693
ENSG00000119953,57.22412017,1.323497112,0.308061707,7.19E-06,4.72E-05
ENSG00000119977,18.68604795,-1.696926724,0.471310857,7.86E-05,0.000420835
ENSG00000119986,89.49656592,-2.292180426,0.2645634,8.00E-19,1.70E-17
ENSG00000120063,113.2366498,1.687536532,0.225247144,2.07E-14,3.42E-13
ENSG00000120071,26.46810533,1.421251923,0.45317054,0.000616786,0.00266739
ENSG00000120129,972.838212,2.64854447,0.099479098,6.75E-157,1.64E-154
ENSG00000120149,14.65681713,-1.108137438,0.515885239,0.013776234,0.039198358
ENSG00000120162,6.719580307,-1.961554851,0.802377111,0.002462781,0.009022134
ENSG00000120254,26.78917431,1.025794583,0.404244809,0.00578046,0.018853782
ENSG00000120256,27.30721818,-1.566520546,0.377211315,9.62E-06,6.14E-05
ENSG00000120265,121.1581939,0.922900705,0.200409253,2.57E-06,1.81E-05
ENSG00000120278,6.62564791,-1.626870429,0.813506571,0.009655583,0.029029858
ENSG00000120306,62.13267294,1.1500078,0.289138199,3.33E-05,0.000192859
ENSG00000120314,29.34966242,1.011608163,0.396576556,0.005695094,0.018614945
ENSG00000120370,19.37547312,1.768177303,0.594558798,0.000771651,0.003243613
ENSG00000120437,42.76502331,-2.496818895,0.345401379,7.52E-14,1.19E-12
ENSG00000120471,7.002096114,-3.878550499,1.044527452,2.49E-05,0.000147973
ENSG00000120509,57.3998858,-2.386638723,0.312607886,3.65E-15,6.34E-14
ENSG00000120549,84.3509013,2.065536805,0.27516929,1.50E-14,2.51E-13
ENSG00000120594,14.47102635,-4.427207745,0.737090991,3.08E-10,3.56E-09
ENSG00000120616,27.95139877,1.054838623,0.444040526,0.008873495,0.027109639
ENSG00000120656,26.62439333,-1.242148136,0.378065705,0.00041165,0.001859498
ENSG00000120662,22.85159659,1.485857155,0.46563306,0.000469487,0.002090651
ENSG00000120686,124.5318877,1.093206339,0.203474394,4.07E-08,3.75E-07
ENSG00000120688,53.21475669,0.761344817,0.316282361,0.01109649,0.032719661
ENSG00000120690,228.5005184,1.067980226,0.146355218,1.58E-13,2.44E-12
ENSG00000120694,1890.950008,2.591581351,0.100881249,3.28E-146,7.19E-144
ENSG00000120697,21.09069493,-1.431888304,0.482046612,0.000932122,0.003828357
ENSG00000120708,20.293063,-4.29374612,0.621922991,8.11E-13,1.17E-11
ENSG00000120709,97.05784161,0.707018831,0.246658285,0.003108659,0.011059891
ENSG00000120725,18.91927433,-1.573005232,0.464003717,0.000194284,0.000949739
ENSG00000120727,104.6222501,0.882029856,0.204913874,1.12E-05,7.03E-05
ENSG00000120733,88.70870589,0.930451594,0.230174082,3.23E-05,0.00018743
ENSG00000120738,6576.462564,5.38418749,0.13056752,0,0
ENSG00000120742,46.21224568,-0.967594334,0.288145503,0.000441628,0.001981942
ENSG00000120802,7.587637929,-2.0027296,0.79921122,0.001970742,0.00741446
ENSG00000120833,25.85669958,3.823202042,0.722702253,4.04E-08,3.72E-07
ENSG00000120885,1413.377924,4.963787224,0.270481951,3.00E-75,2.78E-73
ENSG00000120889,396.5084446,1.696919282,0.157891894,2.04E-27,6.58E-26
ENSG00000120899,23.62759975,1.509677916,0.449674641,0.000254236,0.001206484
ENSG00000120910,46.57988083,1.798431465,0.318520574,4.34E-09,4.54E-08
ENSG00000120913,30.60696583,1.32459423,0.377653052,0.000175466,0.000867272
ENSG00000120915,3.610824751,-4.392679577,1.972739361,0.001109545,0.004475803
ENSG00000120948,321.4366999,0.945430771,0.140657651,1.03E-11,1.35E-10
ENSG00000121064,16.48547589,-1.511463835,0.50281974,0.000770114,0.003239128
ENSG00000121067,27.34503578,0.942860302,0.394488822,0.009597182,0.028890958
ENSG00000121274,49.47380241,1.444183965,0.342521895,9.14E-06,5.86E-05
ENSG00000121281,101.1814892,3.446558926,0.322747794,3.22E-27,1.03E-25
ENSG00000121297,10.73703828,2.130842082,0.735038759,0.000740445,0.003131517
ENSG00000121316,32.08384914,-4.770603584,0.548510381,4.90E-19,1.06E-17
ENSG00000121390,56.87311596,0.842265908,0.319662762,0.005450786,0.017969624
ENSG00000121552,2062.98758,-4.408222299,0.140070343,1.85E-218,7.29E-216
ENSG00000121578,14.4044702,-1.090452887,0.509290032,0.014342782,0.040551196
ENSG00000121691,24.05489101,-1.679244544,0.482133277,0.000121285,0.000619781
ENSG00000121716,32.08540233,1.390153229,0.393977145,0.000153364,0.000766544
ENSG00000121741,46.78418393,0.793003655,0.307714786,0.006746303,0.021535736
ENSG00000121742,100.0280112,-3.698423405,0.265236857,4.11E-45,2.21E-43
ENSG00000121766,39.78036822,-0.868339224,0.317012197,0.003776802,0.013106211
ENSG00000121858,6.48687532,-5.564017095,1.710451408,4.97E-05,0.000278271
ENSG00000121879,21.15259456,1.050573299,0.443803488,0.008888117,0.027136288
ENSG00000121900,98.9166927,-1.793732704,0.231898498,2.57E-15,4.51E-14
ENSG00000121903,14.38526593,1.631290721,0.654167106,0.003332929,0.011763279
ENSG00000121931,200.3016868,1.703357608,0.218677676,2.29E-15,4.02E-14
ENSG00000121940,18.5244107,1.083143367,0.463296281,0.009206642,0.027978784
ENSG00000121957,17.44648579,-2.438974741,0.512911637,2.96E-07,2.42E-06
ENSG00000122008,17.94325881,1.563652173,0.518629522,0.000757177,0.003193472
ENSG00000122026,313.580982,-2.209700397,0.139250673,2.03E-57,1.40E-55
ENSG00000122033,38.93361424,-0.76224133,0.308273521,0.009100648,0.027717711
ENSG00000122034,37.10786986,-0.760627718,0.337788993,0.016395245,0.045323392
ENSG00000122042,84.7692488,1.484066147,0.264174075,7.10E-09,7.28E-08
ENSG00000122126,66.22244441,0.713035731,0.251104573,0.003334101,0.011764407
ENSG00000122140,30.04641761,-0.885269164,0.372390658,0.01028707,0.030661247
ENSG00000122203,123.9586549,0.698235984,0.192114552,0.000210798,0.001020706
ENSG00000122299,56.90163053,1.113155898,0.286346834,5.06E-05,0.000282766
ENSG00000122376,13.27209097,1.297977248,0.57722299,0.008786048,0.026902032
ENSG00000122378,23.20575029,-2.503307424,0.445058069,2.69E-09,2.87E-08
ENSG00000122406,400.7392841,-1.939737063,0.104315361,8.83E-78,8.52E-76
ENSG00000122483,53.85162001,5.202701245,0.673976288,1.11E-14,1.88E-13
ENSG00000122515,36.6592866,1.211952228,0.349321649,0.000231804,0.001109505
ENSG00000122565,98.90220837,0.844827053,0.204995206,2.53E-05,0.000149939
ENSG00000122566,567.0845192,0.516901052,0.103743881,5.47E-07,4.29E-06
ENSG00000122641,24.01287511,2.070767069,0.521432519,1.56E-05,9.60E-05
ENSG00000122644,21.4725175,-1.073056787,0.452385912,0.008354951,0.025788041
ENSG00000122705,148.1989286,-0.486671217,0.176561615,0.005076371,0.016913065
ENSG00000122786,40.66006273,-1.877541593,0.318066385,8.14E-10,9.12E-09
ENSG00000122861,212.500688,1.585971528,0.153432944,1.52E-25,4.49E-24
ENSG00000122863,18.82589701,1.319533019,0.467083759,0.00177883,0.006801914
ENSG00000122884,63.04015341,1.890643049,0.271865333,8.71E-13,1.25E-11
ENSG00000122952,12.25631506,-2.921477358,0.699609313,3.52E-06,2.42E-05
ENSG00000122971,8.874357663,1.454670576,0.693948789,0.01054151,0.031297944
ENSG00000123066,38.88680136,0.88669047,0.390800764,0.014180256,0.040166812
ENSG00000123094,22.1035634,2.588521264,0.625722337,7.16E-06,4.70E-05
ENSG00000123104,6.240064241,-1.825182468,0.853887142,0.005733099,0.018717003
ENSG00000123130,67.25164241,1.50598949,0.276677209,1.87E-08,1.82E-07
ENSG00000123131,37.46625992,-1.215970464,0.35108576,0.000223309,0.001072629
ENSG00000123136,230.5144973,0.967259209,0.19239714,3.02E-07,2.46E-06
ENSG00000123143,4.586897864,1.987067782,1.197332071,0.015596909,0.043499866
ENSG00000123144,218.0683685,-0.431263832,0.169929532,0.00992335,0.029718365
ENSG00000123179,23.86939706,-2.944122324,0.494200882,3.06E-10,3.54E-09
ENSG00000123268,65.81285129,1.66300347,0.299805046,9.07E-09,9.19E-08
ENSG00000123342,91.35040363,7.968537256,2.357909454,2.52E-10,2.93E-09
ENSG00000123349,137.3154987,-1.124690692,0.179688262,1.96E-10,2.31E-09
ENSG00000123353,53.01473394,-0.820267217,0.270252238,0.001574117,0.006108776
ENSG00000123358,49.08659204,3.497553667,0.982372898,0.000198969,0.000968869
ENSG00000123384,21.62617032,1.124225932,0.421596789,0.003574236,0.0125062
ENSG00000123388,15.34423288,1.095943984,0.522850669,0.016511122,0.045552476
ENSG00000123395,88.48761916,0.60625396,0.238738337,0.008867704,0.027097943
ENSG00000123411,22.4400625,1.889815437,0.76261588,0.003607587,0.012594158
ENSG00000123416,137.47872,-1.063502499,0.166451565,8.76E-11,1.06E-09
ENSG00000123485,3.014720898,-3.642621119,1.878974533,0.002763593,0.009981049
ENSG00000123505,79.91494836,0.98690181,0.227225144,8.06E-06,5.23E-05
ENSG00000123562,1068.494945,0.653475095,0.081963696,1.23E-15,2.20E-14
ENSG00000123575,42.74074487,0.86730936,0.320069435,0.004238208,0.01451297
ENSG00000123636,36.59035219,0.902125155,0.388935459,0.012196217,0.035425763
ENSG00000123643,31.65480611,1.443626759,0.399159049,0.00010474,0.000545029
ENSG00000123684,29.33457337,2.096413779,0.436506242,3.41E-07,2.76E-06
ENSG00000123689,20.25127635,1.410029865,0.548586895,0.00340256,0.011966191
ENSG00000123728,74.32997521,0.810101384,0.25654139,0.001073921,0.004348623
ENSG00000123815,20.0295852,1.646886181,0.518063653,0.000410346,0.001854824
ENSG00000123892,103.4259573,-2.92274997,0.236703,6.55E-36,2.84E-34
ENSG00000123908,64.52310404,2.059110648,0.304992217,3.56E-12,4.87E-11
ENSG00000123983,57.41312408,-0.691901714,0.25223592,0.004481126,0.01520146
ENSG00000123989,51.78740393,-1.36509054,0.276163989,2.88E-07,2.35E-06
ENSG00000124067,85.84239798,2.677837331,0.305682154,4.07E-19,8.84E-18
ENSG00000124098,16.41581805,-2.835836141,0.617533026,5.04E-07,3.97E-06
ENSG00000124107,1857.539423,-2.41363395,0.118509884,4.92E-93,5.96E-91
ENSG00000124145,440.8027953,1.099468282,0.103730349,1.35E-26,4.23E-25
ENSG00000124151,72.45927075,0.63683499,0.241956094,0.00655996,0.02102356
ENSG00000124171,18.79907286,1.951376886,0.554316897,9.90E-05,0.000518058
ENSG00000124172,70.25849926,-2.249960034,0.275583074,5.69E-17,1.10E-15
ENSG00000124193,425.0129181,1.373569891,0.144337276,8.22E-22,2.07E-20
ENSG00000124201,93.42847504,0.83482695,0.244888089,0.000436166,0.001959341
ENSG00000124207,91.64023879,-1.473832519,0.213239243,1.63E-12,2.29E-11
ENSG00000124216,20.27014605,4.164717909,2.154733612,0.000449555,0.002016204
ENSG00000124222,112.8014362,0.985457595,0.196663271,3.19E-07,2.59E-06
ENSG00000124226,152.8720303,1.082631755,0.210973892,1.51E-07,1.29E-06
ENSG00000124257,14.54951599,2.472980363,0.903571692,0.001228975,0.004907367
ENSG00000124299,19.77897724,-1.74354862,0.47669367,6.06E-05,0.000333464
ENSG00000124343,16.81661847,-3.37175471,0.580932226,7.93E-10,8.89E-09
ENSG00000124357,26.09357505,-1.589562352,0.396341792,1.72E-05,0.000105088
ENSG00000124370,9.79929016,-1.922533962,0.942702912,0.006073065,0.019673309
ENSG00000124374,4.833229146,-2.823696217,1.062608001,0.000880189,0.003642162
ENSG00000124429,123.6283953,-3.041415946,0.249003466,3.08E-35,1.31E-33
ENSG00000124466,740.1480133,-1.686134131,0.105847029,1.11E-57,7.71E-56
ENSG00000124486,97.54428484,0.652925289,0.233949569,0.004043054,0.01390335
ENSG00000124541,51.93126146,-0.792380395,0.293283717,0.004600725,0.015527025
ENSG00000124562,101.0713297,-1.622726537,0.223538551,1.14E-13,1.78E-12
ENSG00000124575,47.51217819,6.757617755,1.284641875,4.58E-09,4.77E-08
ENSG00000124610,13.58418576,4.511825649,2.268660379,0.000353466,0.001620543
ENSG00000124614,29.04561066,-1.56732092,0.398892432,2.51E-05,0.000148883
ENSG00000124635,582.3297995,3.693040146,0.349244739,2.15E-26,6.63E-25
ENSG00000124688,95.80376527,0.893466961,0.2365927,0.000100116,0.000523334
ENSG00000124733,40.31575494,-1.138490171,0.317885439,0.000158497,0.000790481
ENSG00000124762,806.835629,-0.361248243,0.081612,9.02E-06,5.78E-05
ENSG00000124767,210.2500053,-1.141550725,0.145210084,1.84E-15,3.28E-14
ENSG00000124788,24.87693378,1.166201802,0.42718015,0.002867624,0.010310893
ENSG00000124831,93.94349258,1.963971356,0.227631304,1.50E-18,3.15E-17
ENSG00000124839,1.679821144,2.48207303,3.094209534,0.0158127,0.044021637
ENSG00000124875,3.83247123,2.552883141,2.485569888,0.01325062,0.037984744
ENSG00000125037,41.26531231,-0.723586215,0.29622814,0.01020897,0.03046136
ENSG00000125089,8.578687187,1.569663957,0.775226244,0.01115729,0.032864589
ENSG00000125124,11.90916816,-1.392990647,0.585957123,0.005346546,0.017668183
ENSG00000125144,698.4604048,-2.97884257,0.117565099,1.59E-142,3.44E-140
ENSG00000125148,725.56128,-1.96899827,0.117391943,8.03E-64,6.41E-62
ENSG00000125149,16.28275551,-1.03638707,0.484231939,0.0154441,0.043143437
ENSG00000125166,78.10869837,-1.100185811,0.224853063,4.98E-07,3.93E-06
ENSG00000125304,63.23733907,-0.838538163,0.241688863,0.000338438,0.001557333
ENSG00000125347,6.65852931,2.818249674,2.22176399,0.007706874,0.024105817
ENSG00000125356,353.3057465,-1.779632951,0.139167335,4.89E-38,2.26E-36
ENSG00000125386,48.09544818,2.071188714,0.40059982,5.86E-08,5.29E-07
ENSG00000125398,47.21523541,-2.180867243,0.312714328,5.78E-13,8.52E-12
ENSG00000125447,82.7245646,0.763875597,0.262665175,0.002505825,0.009157942
ENSG00000125505,118.7793786,1.16155806,0.229605914,2.04E-07,1.71E-06
ENSG00000125508,4.162694794,2.270221283,1.514168979,0.01568121,0.043699655
ENSG00000125531,5.373883941,3.708870484,1.483844724,0.000977146,0.003993075
ENSG00000125534,225.7728713,-2.485608686,0.176599638,8.15E-46,4.46E-44
ENSG00000125538,40.53957645,-4.380771483,0.453187176,7.49E-23,1.97E-21
ENSG00000125611,4.405754108,-2.107893571,1.082282854,0.006511257,0.020882024
ENSG00000125630,17.2128311,-0.983051512,0.450249123,0.014938903,0.041970046
ENSG00000125633,73.91385462,1.073876745,0.256136108,1.43E-05,8.86E-05
ENSG00000125648,18.67018079,-1.432342151,0.458724518,0.000577149,0.002513303
ENSG00000125651,69.16901708,-0.881394036,0.249578298,0.000256924,0.001218821
ENSG00000125652,17.2614268,-2.888400275,0.622725976,4.27E-07,3.41E-06
ENSG00000125657,35.48663029,-1.397487906,0.390064642,0.000118427,0.000607546
ENSG00000125691,223.3877726,-1.486611828,0.139717397,6.74E-27,2.14E-25
ENSG00000125730,3.272445938,4.641753216,2.595304813,0.001057159,0.004286084
ENSG00000125731,29.6308976,1.206875704,0.377871212,0.000615546,0.002662862
ENSG00000125734,68.1487792,-0.62040459,0.243328331,0.008433012,0.025999902
ENSG00000125735,7.264188331,6.743026474,2.549908552,3.59E-06,2.47E-05
ENSG00000125740,154.200395,2.977323768,0.815173856,0.000120562,0.000617351
ENSG00000125743,189.2413976,-1.867530872,0.169856779,9.41E-29,3.19E-27
ENSG00000125746,20.31306547,-1.222690219,0.440903682,0.002227964,0.008238452
ENSG00000125753,171.4591488,1.660037121,0.175581239,9.69E-22,2.43E-20
ENSG00000125775,165.4774256,-1.025244418,0.206675388,3.81E-07,3.06E-06
ENSG00000125780,5.642779647,-3.110713324,1.08431976,0.000490372,0.002176627
ENSG00000125821,15.6587851,-1.217349127,0.504852643,0.006161477,0.019903649
ENSG00000125834,57.17325385,0.740693226,0.308890153,0.011664116,0.034117168
ENSG00000125848,36.15532227,-4.406838397,0.484802657,1.34E-20,3.13E-19
ENSG00000125850,10.38587943,1.99731261,0.677326883,0.0006266,0.002706442
ENSG00000125868,180.6863896,-2.302896956,0.167940993,1.49E-43,7.81E-42
ENSG00000125871,34.6933487,-1.509273179,0.370872269,1.46E-05,9.04E-05
ENSG00000125877,65.51935769,-1.06893946,0.31441089,0.000336042,0.001547854
ENSG00000125901,45.51218538,-1.715124381,0.320464199,2.24E-08,2.14E-07
ENSG00000125944,72.13049171,0.694751383,0.232075466,0.002069299,0.007730464
ENSG00000125945,104.038279,0.679500819,0.249190207,0.004850887,0.016295579
ENSG00000125952,55.35925097,0.725600092,0.290870325,0.009085894,0.027678881
ENSG00000125968,23.31887955,-2.00119024,0.470379291,4.13E-06,2.81E-05
ENSG00000125977,295.5341065,0.339763974,0.123752872,0.005697362,0.018617948
ENSG00000125991,75.95922563,-1.02205465,0.272066974,9.07E-05,0.000480082
ENSG00000125995,144.8463762,-2.560193381,0.241239168,3.68E-27,1.18E-25
ENSG00000125998,91.6303105,-5.654173436,0.372448093,1.44E-52,8.99E-51
ENSG00000126003,49.45450375,0.930043923,0.298934964,0.001117052,0.004504767
ENSG00000126005,19.35505415,-1.300311873,0.44631238,0.001320516,0.005227515
ENSG00000126012,381.3979727,1.4887362,0.159200389,3.09E-21,7.58E-20
ENSG00000126067,86.66188326,-0.786032223,0.208275217,0.000110006,0.000569637
ENSG00000126070,11.16723135,1.528253016,0.701815169,0.008432662,0.025999902
ENSG00000126088,23.24600463,-1.010466812,0.412454787,0.007305476,0.023040851
ENSG00000126214,49.25326979,1.479542923,0.306184149,4.76E-07,3.76E-06
ENSG00000126226,126.4231258,1.613901082,0.273151617,1.21E-09,1.33E-08
ENSG00000126233,34.31255995,-3.223746491,0.623753687,2.34E-08,2.22E-07
ENSG00000126247,141.1726881,-1.50509959,0.174993215,2.62E-18,5.41E-17
ENSG00000126267,192.5475875,-2.340060635,0.205264181,6.78E-31,2.48E-29
ENSG00000126368,284.2988435,-0.71782527,0.171780499,2.21E-05,0.00013275
ENSG00000126391,54.64992936,-1.985639922,0.298733613,6.26E-12,8.38E-11
ENSG00000126432,584.3794308,-2.283787382,0.096939856,1.53E-123,2.64E-121
ENSG00000126453,94.96995169,1.045062708,0.309152641,0.000409703,0.001853132
ENSG00000126461,203.0624405,1.251088673,0.19183785,3.24E-11,4.09E-10
ENSG00000126602,36.86373034,-2.247870688,0.348898489,2.06E-11,2.62E-10
ENSG00000126603,18.20315047,3.844175915,0.766410565,1.32E-07,1.14E-06
ENSG00000126653,44.57767797,0.902412049,0.311225536,0.002273086,0.008396303
ENSG00000126709,106.4793759,-6.151456322,0.409445983,1.15E-51,7.01E-50
ENSG00000126756,71.3944347,-0.852885927,0.316605641,0.004405476,0.015007547
ENSG00000126767,135.6210911,2.798102432,0.22726483,1.50E-35,6.42E-34
ENSG00000126787,4.571471887,-2.765225513,1.263012771,0.002750178,0.009943008
ENSG00000126821,29.92283099,0.999224704,0.389710843,0.005541815,0.018213157
ENSG00000126870,11.87340398,1.431120575,0.604352938,0.005665998,0.018537404
ENSG00000127022,316.7728604,-0.757429244,0.118320739,1.10E-10,1.32E-09
ENSG00000127054,46.77207908,1.021840946,0.334177886,0.001208325,0.004833299
ENSG00000127124,8.586310552,4.071646475,2.248221459,0.000871754,0.003612674
ENSG00000127152,4.022426924,-1.688387658,1.024286684,0.017616199,0.048034686
ENSG00000127184,164.3079121,-1.747278489,0.163809106,3.81E-27,1.21E-25
ENSG00000127191,24.27224241,1.147132307,0.450755604,0.004790417,0.016119911
ENSG00000127314,18.90934371,1.319299377,0.507215133,0.003477393,0.012204484
ENSG00000127418,36.0823899,4.257692229,0.541631905,1.12E-15,2.01E-14
ENSG00000127481,180.0421793,0.893449202,0.185915932,9.40E-07,7.09E-06
ENSG00000127483,218.3330576,1.48995832,0.173717596,3.63E-18,7.42E-17
ENSG00000127511,81.6460138,1.46667976,0.254529929,3.05E-09,3.23E-08
ENSG00000127540,86.7022625,-2.352570882,0.288322092,5.36E-17,1.04E-15
ENSG00000127561,3.749798125,5.175701589,2.625574789,0.000464074,0.002071222
ENSG00000127663,16.3762237,1.387031438,0.504793282,0.002078497,0.007756425
ENSG00000127824,430.6858353,-2.601883726,0.110149458,4.13E-124,7.21E-122
ENSG00000127837,138.2502145,-0.972787488,0.192167901,2.41E-07,1.99E-06
ENSG00000127870,246.4372215,0.990693126,0.140523429,1.10E-12,1.56E-11
ENSG00000127884,113.0478184,-1.81176617,0.211565049,2.71E-18,5.59E-17
ENSG00000127947,102.2544426,0.811704102,0.208046978,6.53E-05,0.000356532
ENSG00000127948,33.10282913,-1.385155231,0.348683142,2.48E-05,0.000147537
ENSG00000127952,43.13515513,-0.752476361,0.307514671,0.00988728,0.02961677
ENSG00000127954,7.784334092,-3.928719826,0.987757083,9.94E-06,6.33E-05
ENSG00000127955,14.47091853,-1.323274157,0.503250682,0.002991053,0.010701719
ENSG00000127993,39.48594531,1.322826454,0.422168767,0.000707614,0.003009266
ENSG00000128016,1761.976517,2.735881183,0.081832596,1.38E-245,6.81E-243
ENSG00000128039,7.577853368,-2.454947783,0.804300226,0.000284501,0.001334957
ENSG00000128050,29.76962533,-2.071859561,0.396456374,3.29E-08,3.07E-07
ENSG00000128165,38.30506931,5.384739263,0.757196144,1.05E-12,1.50E-11
ENSG00000128185,12.58426655,-1.960690846,0.950419285,0.005354141,0.017684813
ENSG00000128191,28.1298816,1.009551556,0.38114328,0.004310546,0.014724142
ENSG00000128228,31.32473144,-1.584101289,0.496847857,0.00038073,0.001732872
ENSG00000128245,139.5708015,0.443220634,0.171403197,0.008696174,0.026680125
ENSG00000128272,1796.288645,1.964553983,0.083598149,8.88E-123,1.51E-120
ENSG00000128298,11.51464807,1.932926523,0.674815121,0.000870625,0.00360908
ENSG00000128311,13.01030168,-2.678635468,0.654893559,5.36E-06,3.58E-05
ENSG00000128340,32.32331114,-1.009784566,0.332981526,0.001279551,0.00508431
ENSG00000128342,60.69640312,5.022046665,0.585053667,6.64E-18,1.34E-16
ENSG00000128422,6494.128739,-4.581597739,0.070972033,0,0
ENSG00000128463,49.90003764,-0.998602171,0.273900183,0.000145842,0.000732129
ENSG00000128482,8.036360276,1.982621109,1.030701508,0.011566915,0.03387594
ENSG00000128510,600.7837546,1.104222404,0.111130921,1.46E-23,3.95E-22
ENSG00000128512,11.96551245,1.897476544,0.748571969,0.002594447,0.009444306
ENSG00000128524,390.8705603,-1.899892822,0.155082516,3.54E-35,1.50E-33
ENSG00000128564,109.5074711,6.332261933,0.954446711,1.59E-10,1.88E-09
ENSG00000128591,135.0997674,9.716104542,2.494021238,2.02E-14,3.34E-13
ENSG00000128604,20.14661948,1.445874726,0.460203826,0.000564118,0.002468238
ENSG00000128626,26.96050153,-1.036039697,0.380448303,0.003254037,0.011523149
ENSG00000128641,67.06959917,-0.800612537,0.233454685,0.000406525,0.001839961
ENSG00000128654,59.27165781,-0.86349712,0.280097517,0.00128085,0.005086912
ENSG00000128708,18.60467996,-1.007231052,0.465949368,0.015425281,0.04309959
ENSG00000128908,109.0242375,1.427764464,0.258699775,1.27E-08,1.25E-07
ENSG00000128951,19.51586243,-1.438761565,0.452005874,0.000465311,0.002076073
ENSG00000128965,71.89468009,4.329759319,0.39474934,1.47E-28,4.93E-27
ENSG00000128989,118.8477284,0.775156433,0.189626585,3.09E-05,0.000180614
ENSG00000129084,85.74052181,-0.649395432,0.213431963,0.00180335,0.006880351
ENSG00000129103,31.47154841,-2.799255007,0.408976306,1.01E-12,1.44E-11
ENSG00000129128,34.78229344,-1.035990433,0.336620873,0.001070408,0.004336945
ENSG00000129151,21.96448897,-10.07948641,2.994560016,1.23E-12,1.75E-11
ENSG00000129197,44.43475646,0.805115651,0.341146288,0.012098826,0.035187313
ENSG00000129226,72.05749552,-1.453067172,0.27263162,3.39E-08,3.15E-07
ENSG00000129235,38.21680657,-2.481097534,0.37510769,5.53E-12,7.46E-11
ENSG00000129245,124.3792732,1.183660911,0.19780658,1.06E-09,1.17E-08
ENSG00000129250,107.210156,-0.915581874,0.190506344,9.42E-07,7.10E-06
ENSG00000129255,50.10855704,-1.335745827,0.300264836,3.31E-06,2.29E-05
ENSG00000129315,51.00189354,0.709477368,0.293149472,0.011226037,0.033024794
ENSG00000129353,70.34707933,-1.389057003,0.241433847,3.20E-09,3.39E-08
ENSG00000129354,72.53528684,-1.913441316,0.270722121,3.48E-13,5.23E-12
ENSG00000129355,36.70489083,1.289824566,0.364156903,0.000160786,0.000800737
ENSG00000129451,126.8808084,-2.556332665,0.210496174,9.25E-35,3.89E-33
ENSG00000129455,81.88399925,-3.394260521,0.358365921,2.94E-22,7.60E-21
ENSG00000129460,100.0089365,1.202049132,0.255983921,1.22E-06,9.01E-06
ENSG00000129467,2.181232976,3.008488979,2.848358542,0.009963339,0.02982518
ENSG00000129472,55.74679677,1.231306716,0.336218224,0.000112816,0.000582223
ENSG00000129473,102.0886016,0.661929907,0.208817983,0.001180356,0.00472965
ENSG00000129474,60.98928585,-0.67439245,0.245469059,0.004493824,0.015240788
ENSG00000129493,6.085729812,-1.467113708,0.820113392,0.017799573,0.04841035
ENSG00000129559,83.22712087,-1.626543379,0.233020247,8.56E-13,1.23E-11
ENSG00000129562,233.0690799,-1.094132236,0.163696255,1.19E-11,1.55E-10
ENSG00000129566,28.85870336,1.325487664,0.428801944,0.000784145,0.003290118
ENSG00000129625,68.09727636,-0.827863951,0.237169211,0.000315712,0.001463997
ENSG00000129657,64.58366364,0.666137993,0.27243604,0.011053226,0.032599811
ENSG00000129667,37.33341633,1.497106108,0.35593692,8.72E-06,5.62E-05
ENSG00000129691,14.55585816,-1.12477067,0.492494773,0.009680934,0.029093399
ENSG00000129824,315.4351051,-1.425328997,0.148889827,3.72E-22,9.57E-21
ENSG00000129925,31.23296125,1.807925544,0.400825009,1.69E-06,1.22E-05
ENSG00000129968,28.10079724,1.012078369,0.394045153,0.005407792,0.017840671
ENSG00000130024,33.62120554,1.1117783,0.377711409,0.001512775,0.005902259
ENSG00000130052,3.049047304,2.648020317,2.453769194,0.011878382,0.034626462
ENSG00000130054,6.196418508,-1.493841583,0.839381319,0.017647705,0.048101586
ENSG00000130055,6.647848299,-3.885575915,1.162269854,7.81E-05,0.00041852
ENSG00000130066,3128.29705,1.566806383,0.055214239,2.68E-177,8.80E-175
ENSG00000130158,76.84736919,1.191803133,0.29463654,2.47E-05,0.00014677
ENSG00000130164,126.6309168,0.632682551,0.176207365,0.000262461,0.001240396
ENSG00000130177,65.45385786,0.897359415,0.264399393,0.000428187,0.001928459
ENSG00000130203,69.57318085,-3.222436983,0.356797932,1.83E-20,4.22E-19
ENSG00000130222,35.29403523,1.949898967,0.687681177,0.001159439,0.004658006
ENSG00000130227,36.42951793,-0.754624378,0.318038934,0.012038637,0.035027026
ENSG00000130254,106.4188134,1.370327106,0.268061461,1.32E-07,1.13E-06
ENSG00000130255,295.7462695,-2.612328579,0.165248702,3.81E-57,2.60E-55
ENSG00000130294,5.41211151,3.966556833,2.33610292,0.001499828,0.00586003
ENSG00000130312,30.26105549,-1.538803879,0.390777426,2.43E-05,0.000144759
ENSG00000130313,33.04718883,-0.852959077,0.36186278,0.011286863,0.033196657
ENSG00000130340,197.2055008,2.606743192,0.184544975,5.25E-46,2.89E-44
ENSG00000130349,9.610164322,-1.292694147,0.680131406,0.018284664,0.049466449
ENSG00000130396,194.4935433,1.247410544,0.175817758,5.85E-13,8.61E-12
ENSG00000130402,331.5219793,-1.218462919,0.114677508,9.95E-27,3.13E-25
ENSG00000130449,92.45658194,1.778995108,0.305158993,1.66E-09,1.80E-08
ENSG00000130479,99.70162984,4.223136291,0.447691714,1.66E-21,4.14E-20
ENSG00000130520,55.66244167,-1.846410552,0.288409493,3.58E-11,4.48E-10
ENSG00000130545,163.1629187,1.05323682,0.199410675,6.91E-08,6.19E-07
ENSG00000130584,6.917864577,5.054739322,2.352189886,0.000138636,0.000699261
ENSG00000130589,16.25832747,1.086484217,0.49643278,0.013334566,0.038177804
ENSG00000130598,6.973131678,-4.967354523,1.487120146,4.84E-05,0.000271539
ENSG00000130684,35.26050583,1.048573189,0.356038956,0.00167353,0.006449237
ENSG00000130699,11.18791688,1.339484561,0.695518869,0.018232926,0.049342807
ENSG00000130702,36.48242655,1.15339185,0.333751705,0.000257669,0.001221936
ENSG00000130706,135.3589875,-0.572919026,0.174007138,0.000811574,0.003387694
ENSG00000130707,94.58320527,1.275301008,0.251445233,1.96E-07,1.65E-06
ENSG00000130723,142.1761823,0.959136344,0.19651805,6.33E-07,4.92E-06
ENSG00000130724,148.5197392,-1.144495297,0.172010256,1.41E-11,1.82E-10
ENSG00000130726,122.889646,-0.959739981,0.196968581,6.46E-07,5.00E-06
ENSG00000130733,46.76175727,-0.630093268,0.279291739,0.018432517,0.04980786
ENSG00000130748,13.96691002,-1.681495596,0.819162885,0.007685051,0.024043008
ENSG00000130749,48.00001548,1.128549569,0.383250521,0.001592974,0.006173277
ENSG00000130758,22.99192125,1.127927811,0.468637617,0.007323057,0.02308846
ENSG00000130762,21.70278612,1.433221326,0.475768077,0.000854467,0.003547427
ENSG00000130766,252.1444647,2.58510872,0.189446504,4.28E-43,2.21E-41
ENSG00000130770,109.1483545,-1.625292072,0.207166583,1.26E-15,2.25E-14
ENSG00000130779,103.8112873,-0.778678422,0.20397793,9.37E-05,0.00049335
ENSG00000130787,79.81224237,1.142578166,0.248242369,2.05E-06,1.46E-05
ENSG00000130803,115.4080674,0.985751244,0.231774208,1.24E-05,7.75E-05
ENSG00000130811,182.6299126,0.486555134,0.180196919,0.006043036,0.019585226
ENSG00000130813,4.693772347,-1.693640745,1.030729764,0.016876366,0.046328596
ENSG00000130818,45.61679258,1.496237741,0.36997119,1.85E-05,0.000112383
ENSG00000130821,72.47593251,1.737936095,0.282493491,2.21E-10,2.58E-09
ENSG00000130822,5.133033866,4.248601904,2.365940259,0.00097286,0.003981116
ENSG00000130826,50.81889905,-0.718404582,0.274984767,0.00642489,0.020633811
ENSG00000130827,58.45597549,3.74460985,0.396057449,7.14E-22,1.80E-20
ENSG00000130856,26.34382339,1.490889964,0.466534163,0.000466987,0.002080857
ENSG00000130921,9.781460423,1.274110235,0.644926142,0.017224436,0.047152791
ENSG00000131013,160.4030359,1.294160178,0.202859894,7.84E-11,9.54E-10
ENSG00000131023,30.54327684,0.932223763,0.392455876,0.010053204,0.030055073
ENSG00000131037,73.74642734,0.716220263,0.240411213,0.002116069,0.007873216
ENSG00000131051,477.6578833,1.467103933,0.149125523,3.11E-23,8.30E-22
ENSG00000131067,40.05949067,1.830470214,0.392417845,8.12E-07,6.17E-06
ENSG00000131069,31.67553872,-1.21221268,0.368086333,0.000417709,0.001885019
ENSG00000131100,141.560548,-0.618935015,0.171743752,0.000250916,0.001191549
ENSG00000131115,21.28393719,1.622946011,0.482852251,0.000224135,0.001076223
ENSG00000131143,117.9959135,-1.116049353,0.191377708,2.70E-09,2.87E-08
ENSG00000131149,43.56842012,1.573298799,0.332046583,6.81E-07,5.24E-06
ENSG00000131171,21.86355753,-3.810707766,0.553554158,6.60E-13,9.67E-12
ENSG00000131174,120.5187653,-1.363310814,0.209962492,3.21E-11,4.05E-10
ENSG00000131196,10.01580018,2.247866324,0.991600093,0.005089331,0.016945867
ENSG00000131233,1.991478446,-2.323995898,2.094432944,0.015421552,0.043097898
ENSG00000131236,348.1034665,-1.156492657,0.111375011,1.41E-25,4.16E-24
ENSG00000131238,24.21914789,-1.371296738,0.401895895,0.000225865,0.001083775
ENSG00000131263,78.46560705,1.14475956,0.276705907,1.76E-05,0.0001073
ENSG00000131323,22.75148422,1.332772802,0.471581813,0.001782522,0.006812186
ENSG00000131435,87.41997934,1.456688165,0.257278491,4.25E-09,4.45E-08
ENSG00000131462,55.59091414,-1.010384471,0.283465362,0.000196059,0.000957402
ENSG00000131469,648.5379561,-1.397653288,0.081202826,8.82E-67,7.33E-65
ENSG00000131471,46.53521731,2.9201796,0.766238577,4.58E-05,0.000258383
ENSG00000131473,138.1663095,-1.19100834,0.166879998,4.35E-13,6.46E-12
ENSG00000131475,59.49280108,-1.347512192,0.277111927,4.39E-07,3.49E-06
ENSG00000131480,81.53440477,2.819057514,0.471002822,6.50E-10,7.35E-09
ENSG00000131495,44.51924663,-2.756874979,0.345033521,1.82E-16,3.41E-15
ENSG00000131508,109.7097757,0.729681922,0.195300583,0.000137468,0.000694131
ENSG00000131558,13.66357589,-2.39372588,0.580789313,5.58E-06,3.72E-05
ENSG00000131584,49.1905638,1.387424241,0.312189003,3.35E-06,2.32E-05
ENSG00000131620,9.053852332,1.617218379,0.736269965,0.007050032,0.022381054
ENSG00000131626,56.76413914,1.324252395,0.295760202,3.12E-06,2.17E-05
ENSG00000131652,663.3345936,4.594264883,0.233567294,2.42E-86,2.59E-84
ENSG00000131669,16.88535619,-1.716073887,0.531205206,0.00029989,0.001397864
ENSG00000131711,57.11658701,4.577535657,0.476681469,3.10E-22,7.98E-21
ENSG00000131725,47.8691098,1.005147269,0.306469382,0.0005766,0.002511703
ENSG00000131746,129.8652344,-3.995226996,0.239759745,3.07E-63,2.42E-61
ENSG00000131747,10.48748118,-4.258864954,0.901627295,4.66E-07,3.70E-06
ENSG00000131759,40.54323407,1.058674874,0.449695032,0.009485125,0.028629642
ENSG00000131779,30.28731883,-1.571532174,0.451787901,0.000139347,0.000702078
ENSG00000131788,52.19940764,-1.570726757,0.286911722,1.34E-08,1.33E-07
ENSG00000131791,84.50773573,0.961452988,0.245483568,5.30E-05,0.000294948
ENSG00000131844,24.85193867,-0.908004311,0.384802926,0.01053339,0.031280564
ENSG00000131871,62.12139114,1.086346344,0.252137726,8.55E-06,5.53E-05
ENSG00000131931,89.07583907,2.149907886,0.301839336,2.54E-13,3.87E-12
ENSG00000131941,13.41709801,1.859715891,0.598499278,0.000432232,0.001944197
ENSG00000131943,11.01460782,1.481581714,0.630267541,0.005479104,0.018042926
ENSG00000131966,42.23230873,-0.915231021,0.304134932,0.00154177,0.005998427
ENSG00000131981,289.3994968,-1.524801352,0.13473162,3.56E-30,1.26E-28
ENSG00000132002,4292.362121,3.314966243,0.069804107,0,0
ENSG00000132003,72.05944552,2.007149192,0.357730547,5.38E-09,5.57E-08
ENSG00000132164,4.536175788,-1.837717828,1.032537075,0.011565737,0.03387594
ENSG00000132254,103.4988924,1.048237569,0.224959383,1.73E-06,1.25E-05
ENSG00000132274,9.882566877,-3.266938387,0.785501191,3.96E-06,2.70E-05
ENSG00000132294,39.38557081,-0.696849764,0.309349653,0.017451319,0.04766044
ENSG00000132305,41.48650039,-1.867345763,0.332961958,4.64E-09,4.83E-08
ENSG00000132323,33.18719138,1.195338335,0.379578278,0.000754167,0.003181751
ENSG00000132326,25.52532123,1.940099286,0.607367944,0.000373838,0.001703753
ENSG00000132341,211.1805301,-0.378925154,0.142096473,0.007078501,0.022451552
ENSG00000132359,33.50373017,0.953006625,0.361796427,0.004808481,0.016176751
ENSG00000132383,29.42110065,-1.41445364,0.360306731,2.93E-05,0.000171643
ENSG00000132405,45.33482542,-1.357631389,0.312620064,5.15E-06,3.45E-05
ENSG00000132423,25.45500208,-1.406654418,0.450566373,0.000597987,0.002596671
ENSG00000132424,151.7828284,0.75510271,0.191389464,5.78E-05,0.000320241
ENSG00000132467,184.3708505,0.716372798,0.165772759,1.17E-05,7.33E-05
ENSG00000132470,117.4026925,-0.500478075,0.180485052,0.004767916,0.016052023
ENSG00000132475,433.2070321,0.282797853,0.102886295,0.005644089,0.018496422
ENSG00000132481,11.24836632,2.363855207,0.75109696,0.000258165,0.001223448
ENSG00000132507,470.8661478,-0.885706254,0.105622988,3.23E-17,6.36E-16
ENSG00000132510,345.7214107,2.888804389,0.203113314,1.52E-46,8.41E-45
ENSG00000132541,10.22050789,-4.25349096,0.938001238,7.16E-07,5.48E-06
ENSG00000132591,61.07191715,-0.866692911,0.27566033,0.001040841,0.004228724
ENSG00000132623,6.973131108,-1.52343327,0.755340048,0.010661891,0.031607753
ENSG00000132635,27.39924731,0.910220699,0.406807223,0.014678781,0.041357122
ENSG00000132646,59.03929805,-2.855135476,0.286125939,2.57E-24,7.10E-23
ENSG00000132669,5.453621623,-2.252076157,0.920790775,0.001917201,0.007254559
ENSG00000132680,181.7009967,1.109525673,0.184974188,8.38E-10,9.36E-09
ENSG00000132694,20.3637603,1.252428826,0.461712419,0.002697467,0.009783193
ENSG00000132698,170.2849054,-2.769786164,0.175171155,3.61E-57,2.48E-55
ENSG00000132716,176.1719008,0.520508933,0.19166387,0.00565422,0.018507647
ENSG00000132746,96.40283967,-4.15987848,0.279851944,7.40E-51,4.44E-49
ENSG00000132819,29.63172966,2.428717206,0.51664251,4.45E-07,3.54E-06
ENSG00000132823,179.4825619,1.531255006,0.195789384,1.87E-15,3.31E-14
ENSG00000132842,24.31192638,-1.165062323,0.390703718,0.001255696,0.005003928
ENSG00000132849,44.64088314,0.885389751,0.301355399,0.002059088,0.007698569
ENSG00000132906,9.681273068,1.643264528,0.813165043,0.01104922,0.032594964
ENSG00000132950,46.79132642,1.206722638,0.334189309,0.000137171,0.000692884
ENSG00000132952,38.88787629,0.893228878,0.356970306,0.007525772,0.02363041
ENSG00000132963,231.580278,-0.452428881,0.161498858,0.004502907,0.015264093
ENSG00000132964,44.37631261,0.892974839,0.309442818,0.002401153,0.008816973
ENSG00000133027,10.96506039,-2.902549261,0.771327415,1.83E-05,0.000111363
ENSG00000133048,4.678096724,-2.680758783,1.237131048,0.003698747,0.012875599
ENSG00000133056,8.209857461,-2.130159258,0.731929622,0.00057838,0.002517871
ENSG00000133065,88.24698348,1.208805777,0.280280574,7.65E-06,4.98E-05
ENSG00000133101,19.00967311,5.962172862,1.0762777,2.61E-08,2.47E-07
ENSG00000133104,47.32383351,1.034595879,0.307218878,0.000409134,0.001851164
ENSG00000133112,1273.060424,-0.692320243,0.063467466,8.45E-28,2.77E-26
ENSG00000133142,114.5694042,-1.125582479,0.199332693,8.03E-09,8.20E-08
ENSG00000133195,5.079368404,-2.02141134,0.974304758,0.005286454,0.017490544
ENSG00000133226,84.96781972,0.84889148,0.270815404,0.001124277,0.004531258
ENSG00000133265,43.80569935,-1.722244745,0.330521499,4.90E-08,4.46E-07
ENSG00000133315,4.692653013,-1.726377312,1.069122504,0.017016715,0.046648922
ENSG00000133316,100.0330155,1.94590605,0.263558041,4.10E-14,6.63E-13
ENSG00000133393,72.89544442,0.558055462,0.240548833,0.01679658,0.046168764
ENSG00000133398,257.4675873,2.119037894,0.159324091,5.87E-41,2.90E-39
ENSG00000133401,11.8405844,-1.477018252,0.598079848,0.003911218,0.013510591
ENSG00000133466,10.50646741,-1.958878597,0.641790679,0.000417221,0.001883431
ENSG00000133641,21.30484317,-0.985339296,0.419507157,0.009830935,0.029460783
ENSG00000133657,103.3908291,1.751906043,0.25478488,1.86E-12,2.60E-11
ENSG00000133678,33.97982428,-2.637580713,0.382336552,7.55E-13,1.09E-11
ENSG00000133703,63.32575345,1.184618709,0.256165072,1.75E-06,1.26E-05
ENSG00000133704,15.62405417,-1.069110738,0.473952141,0.011186674,0.032929287
ENSG00000133706,57.79452014,-0.655055457,0.247982194,0.006257431,0.020171116
ENSG00000133710,245.349061,-3.550950085,0.176462346,5.72E-91,6.75E-89
ENSG00000133731,21.48771689,1.145381659,0.439964786,0.004184718,0.014344042
ENSG00000133794,63.42978115,1.935371001,0.320253319,3.86E-10,4.43E-09
ENSG00000133818,74.18849361,1.313297885,0.264293092,2.77E-07,2.28E-06
ENSG00000133835,19.56461445,-2.87014052,0.506503181,1.86E-09,2.01E-08
ENSG00000133858,123.440472,1.558123684,0.21753543,2.75E-13,4.18E-12
ENSG00000133872,236.4055694,-0.337671272,0.143000343,0.016771629,0.046126674
ENSG00000133895,31.37580127,0.76222507,0.342459036,0.017813372,0.048438331
ENSG00000133935,50.13290203,-1.863243202,0.344984641,1.45E-08,1.43E-07
ENSG00000133961,121.2770651,1.256811144,0.203911534,3.20E-10,3.70E-09
ENSG00000133983,56.91191874,-0.839577046,0.373944452,0.015219076,0.042609707
ENSG00000133985,16.12873662,1.107723693,0.515018447,0.014139909,0.040067914
ENSG00000134057,34.18514603,-2.685080593,0.396055781,1.83E-12,2.55E-11
ENSG00000134058,196.7524924,0.714196786,0.163146696,9.01E-06,5.78E-05
ENSG00000134072,8.343336055,2.477262972,0.972194712,0.001567959,0.00609002
ENSG00000134086,48.92526638,1.138385339,0.309607597,0.000114246,0.000588683
ENSG00000134107,353.5240835,1.130285535,0.109543113,3.02E-25,8.71E-24
ENSG00000134153,102.2913171,-1.368647183,0.246768909,1.09E-08,1.09E-07
ENSG00000134186,107.0577258,1.424551941,0.231192963,2.79E-10,3.23E-09
ENSG00000134215,6.449330097,-3.740132594,1.029287681,3.54E-05,0.000203391
ENSG00000134243,15.82870123,-1.45128929,0.504656514,0.001235162,0.004930642
ENSG00000134247,57.53235709,-1.562421142,0.256798202,3.58E-10,4.11E-09
ENSG00000134278,46.60449963,1.304588366,0.303987065,7.28E-06,4.76E-05
ENSG00000134285,17.9364823,1.185920008,0.548397444,0.012836851,0.036956706
ENSG00000134308,343.842481,-0.76897333,0.114372758,1.25E-11,1.63E-10
ENSG00000134317,115.774779,-1.733580831,0.194871537,1.58E-19,3.52E-18
ENSG00000134318,35.91676561,1.751273285,0.364203308,4.17E-07,3.33E-06
ENSG00000134324,41.18070499,1.836326154,0.372777168,2.24E-07,1.87E-06
ENSG00000134333,417.3701984,-0.834100794,0.101603009,1.56E-16,2.95E-15
ENSG00000134352,91.49455026,1.832987925,0.261080628,6.38E-13,9.37E-12
ENSG00000134363,21.51954352,-2.404934922,0.519860437,5.87E-07,4.58E-06
ENSG00000134371,29.87093057,1.027254105,0.374575931,0.003202629,0.011352757
ENSG00000134419,124.626115,-1.97086385,0.189666049,6.06E-26,1.81E-24
ENSG00000134440,153.3117817,-0.602119998,0.167486259,0.000261429,0.001236793
ENSG00000134463,14.66560325,1.526472079,0.645646176,0.005029997,0.01679912
ENSG00000134590,107.0128193,-0.976683779,0.192720427,2.30E-07,1.91E-06
ENSG00000134644,274.0865538,1.143090337,0.155910723,1.22E-13,1.90E-12
ENSG00000134684,104.735449,0.647095384,0.218523549,0.002384115,0.008757197
ENSG00000134686,36.63747154,0.973350311,0.332901192,0.001949573,0.007354869
ENSG00000134698,18.47575252,1.340650782,0.482523906,0.001984497,0.007454018
ENSG00000134716,3.435245348,-2.875466052,1.470052048,0.004201562,0.014394625
ENSG00000134757,380.1188097,-3.761159539,0.139207867,6.97E-162,2.00E-159
ENSG00000134758,23.46996942,1.24064766,0.459953077,0.002832178,0.010196726
ENSG00000134760,359.5611804,-5.780366873,0.215989204,1.56E-158,3.92E-156
ENSG00000134762,152.2795688,-2.458406866,0.178309803,4.84E-44,2.56E-42
ENSG00000134765,328.1413342,-5.758354861,0.213040654,1.44E-161,4.06E-159
ENSG00000134779,14.0586731,-1.252410353,0.504939617,0.004915143,0.016479343
ENSG00000134815,114.7709451,2.10099929,0.299671154,5.97E-13,8.77E-12
ENSG00000134825,26.44625342,-1.491219338,0.404577663,7.03E-05,0.000380193
ENSG00000134827,4.587839452,-3.180277473,1.430292913,0.003082482,0.010988955
ENSG00000134882,32.53337498,-1.272609739,0.339976647,7.26E-05,0.000391624
ENSG00000134884,262.3114392,0.619305207,0.158366637,7.56E-05,0.000406367
ENSG00000134905,30.80291417,0.991395394,0.361856889,0.003369136,0.011866788
ENSG00000134954,80.9767408,2.506116112,0.269979164,3.31E-21,8.07E-20
ENSG00000134955,22.55956758,-1.117340861,0.424049504,0.003827597,0.013258244
ENSG00000134996,93.75123155,-0.850014995,0.247553413,0.000381337,0.001735065
ENSG00000135018,290.3654191,0.657975672,0.139673016,1.89E-06,1.35E-05
ENSG00000135046,1508.504181,0.963261521,0.067205066,8.40E-47,4.67E-45
ENSG00000135047,171.2947906,-1.47308674,0.175150889,1.40E-17,2.80E-16
ENSG00000135048,88.05506974,2.037622627,0.288094108,3.90E-13,5.83E-12
ENSG00000135069,76.80297105,0.531993993,0.231727027,0.01830024,0.049498885
ENSG00000135097,6.556890497,6.192274833,2.457697108,9.50E-06,6.07E-05
ENSG00000135114,20.65952701,-1.756696805,0.554537608,0.000372515,0.001698287
ENSG00000135164,56.86702526,1.617449038,0.299176819,2.02E-08,1.95E-07
ENSG00000135218,2.374967146,-3.172444112,2.135730161,0.00622506,0.020090231
ENSG00000135253,3.105009511,3.176422154,2.502177362,0.006677309,0.021350062
ENSG00000135269,139.0353959,1.18560474,0.18126529,2.97E-11,3.75E-10
ENSG00000135318,17.80192981,-1.549838429,0.508462661,0.000653052,0.002805765
ENSG00000135334,198.664849,0.9705798,0.171498982,9.08E-09,9.19E-08
ENSG00000135336,10.27204006,-2.451642655,0.710831059,7.53E-05,0.000404932
ENSG00000135365,28.15315723,1.898234424,0.43193166,2.70E-06,1.89E-05
ENSG00000135373,133.7802381,-1.788936447,0.219845467,1.05E-16,2.00E-15
ENSG00000135378,28.29641252,-1.770073403,0.376241234,6.21E-07,4.83E-06
ENSG00000135387,78.76690434,-0.74706937,0.214223879,0.000345933,0.001589173
ENSG00000135390,68.38818346,-2.013723435,0.260228598,2.08E-15,3.68E-14
ENSG00000135404,409.3786959,0.713160203,0.106147919,1.40E-11,1.81E-10
ENSG00000135424,10.81504208,2.447724848,1.116267449,0.006771496,0.021591183
ENSG00000135441,37.42121683,-0.810633471,0.354732774,0.014297344,0.040447592
ENSG00000135476,18.18644678,1.257781316,0.620521559,0.016643638,0.045826457
ENSG00000135486,286.9013533,-0.490917851,0.136990759,0.000295385,0.001378996
ENSG00000135506,90.09017496,-1.179137803,0.229541847,1.30E-07,1.12E-06
ENSG00000135521,96.35318626,0.547902034,0.222489129,0.011595062,0.033943965
ENSG00000135587,14.61751924,-1.494690145,0.575196516,0.002612571,0.009507774
ENSG00000135596,92.96516159,2.212207243,0.263569095,1.05E-17,2.12E-16
ENSG00000135604,25.6834972,1.31809417,0.491864361,0.002829609,0.010192795
ENSG00000135624,234.6931279,-1.010165541,0.131013767,7.04E-15,1.20E-13
ENSG00000135698,43.22377337,-0.699645169,0.29719175,0.013372932,0.038271768
ENSG00000135720,147.0775143,0.565915826,0.175124212,0.001026293,0.004174138
ENSG00000135740,6.920053914,2.713115711,2.270406131,0.009424197,0.028489358
ENSG00000135750,89.02566016,0.501369088,0.216580004,0.017763846,0.048334556
ENSG00000135821,72.95011388,0.946459563,0.251662184,0.000101464,0.000529575
ENSG00000135829,236.2047004,0.785160758,0.160398303,7.01E-07,5.38E-06
ENSG00000135862,101.266591,0.968031582,0.21542589,4.16E-06,2.82E-05
ENSG00000135870,39.43524916,1.820298524,0.388865884,7.77E-07,5.92E-06
ENSG00000135919,101.043081,1.719909846,0.257561014,7.52E-12,9.96E-11
ENSG00000135924,140.857486,0.944627954,0.187709416,2.92E-07,2.38E-06
ENSG00000135926,222.2153276,-1.680849424,0.139516604,5.75E-34,2.35E-32
ENSG00000135932,152.2881221,0.382458945,0.161953865,0.016739011,0.046061487
ENSG00000135940,118.2469052,-2.21142528,0.219014651,1.02E-24,2.88E-23
ENSG00000135972,46.40245266,-1.026512099,0.31303295,0.000546378,0.002396699
ENSG00000135976,2.557965941,2.250715999,1.817763854,0.016267767,0.045034139
ENSG00000135999,35.63244026,0.869245587,0.378188179,0.01332541,0.038159507
ENSG00000136002,34.25933516,-1.411914585,0.346998081,1.63E-05,0.000100191
ENSG00000136010,6.298519365,2.061334943,0.90132666,0.003578866,0.012519227
ENSG00000136026,104.6259884,-1.186574379,0.215844702,1.74E-08,1.70E-07
ENSG00000136052,20.40177173,3.761799138,0.745574831,1.27E-07,1.09E-06
ENSG00000136068,126.7568986,-0.496753944,0.170429241,0.003074725,0.010966971
ENSG00000136108,22.23982033,-1.534427527,0.413385832,6.08E-05,0.000334514
ENSG00000136111,8.207711405,-1.279483644,0.662431106,0.017548086,0.047886807
ENSG00000136153,13.16240127,-1.657564928,0.570366366,0.000914342,0.003764297
ENSG00000136155,96.72190765,-4.002943402,0.272392334,9.80E-50,5.75E-48
ENSG00000136156,61.99233789,-3.305229419,0.293531134,2.59E-30,9.18E-29
ENSG00000136158,13.11175045,1.94607256,0.625372955,0.000382866,0.001741445
ENSG00000136159,26.22191886,-1.055864446,0.440495483,0.00787507,0.02453736
ENSG00000136235,270.5397689,-2.973410884,0.140918118,1.07E-99,1.45E-97
ENSG00000136238,181.6505457,-0.564810148,0.160311432,0.000351487,0.00161254
ENSG00000136261,20.25019519,-2.208875873,0.489521117,1.10E-06,8.20E-06
ENSG00000136273,48.83151699,1.465953509,0.310522884,8.25E-07,6.26E-06
ENSG00000136295,56.68470591,0.834034723,0.294988799,0.00306157,0.010928523
ENSG00000136379,15.31286051,-2.242351619,0.589264297,2.21E-05,0.000133018
ENSG00000136425,8.63910892,-2.167122672,0.764239147,0.000682417,0.002917395
ENSG00000136450,287.0834556,0.750769147,0.143802942,1.29E-07,1.11E-06
ENSG00000136451,132.9885855,2.919959791,0.315404975,5.42E-21,1.29E-19
ENSG00000136478,20.06098377,-1.668945653,0.44585247,4.70E-05,0.00026439
ENSG00000136485,62.89492038,0.729140156,0.265076753,0.004299942,0.014691558
ENSG00000136490,4.803090519,3.835926939,1.55140884,0.000950732,0.00390015
ENSG00000136521,16.00539212,-1.566349623,0.501170804,0.000489368,0.002172872
ENSG00000136522,161.4741144,0.469697537,0.181542444,0.008501821,0.02617112
ENSG00000136527,96.38822641,0.936558733,0.248328771,0.000100046,0.000523166
ENSG00000136542,2.034931995,-4.762696249,3.075735156,0.002321949,0.008563042
ENSG00000136603,145.165473,2.211379438,0.268343922,4.49E-17,8.73E-16
ENSG00000136628,115.9645929,-0.634931984,0.185295659,0.000477383,0.002121703
ENSG00000136688,48.4076572,-2.547546495,0.352786166,7.88E-14,1.25E-12
ENSG00000136689,147.886284,-3.161867713,0.206960605,1.34E-53,8.50E-52
ENSG00000136695,41.50095986,-3.969983274,0.426195639,1.59E-21,3.96E-20
ENSG00000136697,6.967065342,-2.238672501,0.999750307,0.003469962,0.012184599
ENSG00000136710,10.72974936,-2.083683563,0.655132974,0.00024603,0.00117157
ENSG00000136754,171.2974352,0.666057265,0.161468685,2.88E-05,0.000168516
ENSG00000136770,21.21668263,-0.974287029,0.437970042,0.013641903,0.038888301
ENSG00000136783,23.29114597,-1.233743566,0.407272391,0.000985319,0.00402171
ENSG00000136802,99.10702694,-0.897491793,0.20383893,6.63E-06,4.37E-05
ENSG00000136807,95.4973226,0.997727575,0.215345274,2.07E-06,1.48E-05
ENSG00000136813,88.76633971,0.674620667,0.214246627,0.001265897,0.005036985
ENSG00000136826,180.3552995,-2.471283899,0.177973867,1.23E-44,6.58E-43
ENSG00000136827,39.20287739,0.776180173,0.317136035,0.009828154,0.029458847
ENSG00000136830,155.1373103,-0.616247544,0.163545053,0.00013085,0.000664361
ENSG00000136861,16.0699157,-0.998902688,0.468751007,0.016616499,0.045779134
ENSG00000136867,99.31614687,-1.722123875,0.216355152,4.65E-16,8.55E-15
ENSG00000136870,40.87437143,2.086320141,0.359305897,1.41E-09,1.54E-08
ENSG00000136877,31.16372258,1.356079376,0.393725631,0.000214607,0.001035155
ENSG00000136883,4.971235289,2.803673647,1.338563446,0.005189155,0.017230591
ENSG00000136888,282.7283829,-0.699676646,0.127193097,2.88E-08,2.71E-07
ENSG00000136930,307.3923354,-0.332387919,0.134303573,0.012448233,0.036036421
ENSG00000136942,643.2528528,-2.367430008,0.095018953,8.65E-138,1.84E-135
ENSG00000136943,38.54255139,-1.841929926,0.395788465,7.46E-07,5.70E-06
ENSG00000136950,148.0122938,0.66564763,0.176403683,0.000125621,0.000639692
ENSG00000136997,69.15209455,-1.930796296,0.267514855,1.16E-13,1.81E-12
ENSG00000136999,56.56870686,6.944934266,0.758665246,1.02E-19,2.27E-18
ENSG00000137033,7.121927379,-5.861069454,1.533061651,5.62E-06,3.74E-05
ENSG00000137038,27.4860437,-1.673007848,0.392077573,5.19E-06,3.47E-05
ENSG00000137075,24.13360202,1.991816535,0.451714909,2.33E-06,1.65E-05
ENSG00000137076,118.5876793,1.056304941,0.200895768,8.08E-08,7.18E-07
ENSG00000137094,85.20902601,2.475456323,0.295343207,1.14E-17,2.28E-16
ENSG00000137100,41.01789996,-1.250267287,0.331006538,6.55E-05,0.000357431
ENSG00000137106,15.91179676,-1.309139437,0.493755181,0.002850683,0.010252955
ENSG00000137133,5.062869965,-2.534859486,1.060213942,0.0018884,0.007159318
ENSG00000137154,975.2592824,-1.957032044,0.079671115,7.37E-134,1.52E-131
ENSG00000137168,52.4671063,-1.216124091,0.2849081,8.50E-06,5.50E-05
ENSG00000137171,30.71592542,1.553649396,0.491531052,0.000508403,0.002249427
ENSG00000137177,30.89253237,-0.880416479,0.337360933,0.005456438,0.017983962
ENSG00000137185,36.40210889,1.315941844,0.426412616,0.000813811,0.003393953
ENSG00000137193,148.9302122,-1.259281378,0.189122689,1.18E-11,1.54E-10
ENSG00000137207,110.0681001,-0.504786401,0.218756317,0.017887275,0.048572294
ENSG00000137218,4.38150396,2.864511231,1.397981373,0.005206958,0.017273083
ENSG00000137221,85.08759527,3.490656772,0.463737856,1.82E-14,3.02E-13
ENSG00000137266,29.28702873,-1.40809964,0.367291258,4.33E-05,0.000245676
ENSG00000137267,174.1568125,-1.393630489,0.181126041,5.27E-15,9.07E-14
ENSG00000137288,15.2533737,-1.061336117,0.478888226,0.012469614,0.036083179
ENSG00000137331,822.8645859,3.843299405,0.110042914,4.70E-268,2.82E-265
ENSG00000137338,10.3432548,1.679362429,0.727521147,0.005213561,0.017286674
ENSG00000137343,33.15076173,1.242357146,0.473408299,0.003672775,0.012795834
ENSG00000137393,14.6276344,-3.075873104,0.598772196,3.41E-08,3.16E-07
ENSG00000137409,547.2915043,1.106987703,0.118023215,3.55E-21,8.62E-20
ENSG00000137411,60.08881969,1.777988415,0.360360461,2.38E-07,1.98E-06
ENSG00000137440,804.7667148,-2.965471782,0.086260538,9.43E-260,5.21E-257
ENSG00000137449,66.64938691,0.679283031,0.247298095,0.004552805,0.015402969
ENSG00000137460,15.55735411,-1.794239714,0.518259179,0.000121888,0.000622519
ENSG00000137474,14.77878936,2.771309702,0.937982747,0.000772848,0.003247655
ENSG00000137496,26.61754707,1.519947453,0.664303136,0.007365196,0.023200114
ENSG00000137497,36.37868769,-0.883520671,0.336305837,0.005203565,0.017273083
ENSG00000137504,71.63604726,1.364473835,0.2649991,1.08E-07,9.41E-07
ENSG00000137509,5.128006635,-2.40938899,0.990571008,0.001831283,0.006971505
ENSG00000137547,55.27591944,-1.143296327,0.317380359,0.000144897,0.000727649
ENSG00000137563,24.24288378,-3.856345282,0.521987426,1.84E-14,3.05E-13
ENSG00000137628,5.108930613,-2.117877531,1.000009917,0.005029192,0.01679912
ENSG00000137642,6.714140662,-1.518726004,0.810907541,0.01496571,0.042036801
ENSG00000137648,4.583029857,-3.313627354,1.229194486,0.000794381,0.003324981
ENSG00000137699,225.1489785,-3.547850924,0.165972166,2.82E-102,3.98E-100
ENSG00000137720,5.827570934,-1.82801583,0.862232285,0.006030586,0.019549468
ENSG00000137747,23.10972096,-2.318782428,0.474723431,1.73E-07,1.46E-06
ENSG00000137752,18.03284588,-4.038591426,0.630054689,1.81E-11,2.32E-10
ENSG00000137767,64.05412294,-2.209091419,0.26868445,3.64E-17,7.12E-16
ENSG00000137770,18.66079802,1.518350951,0.542039272,0.001580883,0.006131588
ENSG00000137801,99.62024937,-2.628816119,0.242460337,3.60E-28,1.19E-26
ENSG00000137804,20.00737862,-0.977557949,0.465186758,0.0184918,0.049938717
ENSG00000137817,42.23454805,1.17846762,0.334000381,0.000192169,0.000940735
ENSG00000137818,528.2751844,-3.088766224,0.132654279,7.30E-121,1.20E-118
ENSG00000137857,63.13293655,-1.228944328,0.247017963,2.82E-07,2.32E-06
ENSG00000137877,5.316071677,3.79420005,1.482685596,0.000814185,0.003394485
ENSG00000137936,33.32936526,0.785100037,0.340794244,0.014223444,0.040263289
ENSG00000137942,101.314243,2.915068113,0.277597197,1.58E-26,4.91E-25
ENSG00000137944,37.6177899,-1.196459969,0.363934193,0.00043295,0.00194616
ENSG00000137947,120.3921194,0.735426599,0.210138373,0.00034105,0.001567787
ENSG00000137955,66.1283426,0.779158472,0.249763153,0.001254385,0.005000148
ENSG00000137965,21.71894993,-1.889240071,0.636728507,0.000614672,0.002659918
ENSG00000137968,3.697297615,-1.858769027,1.142257861,0.01474446,0.04151674
ENSG00000137975,169.9935643,-5.617924367,0.270012982,1.03E-96,1.33E-94
ENSG00000137996,39.03563712,0.862278818,0.341561549,0.007244749,0.022878155
ENSG00000138018,34.13555829,-1.114046391,0.32773068,0.000315227,0.00146272
ENSG00000138029,85.5704494,-1.750953816,0.227141494,3.36E-15,5.86E-14
ENSG00000138031,15.89289916,1.281810217,0.505991411,0.004294451,0.014680066
ENSG00000138036,4.787717451,-1.784654112,1.054149343,0.013527327,0.038633507
ENSG00000138050,33.44780341,1.224248106,0.417763152,0.001450432,0.005687969
ENSG00000138069,243.5562457,0.32717219,0.134968668,0.014509121,0.040971121
ENSG00000138073,25.36648048,-1.19682154,0.3953759,0.001036821,0.004214473
ENSG00000138081,80.78974332,1.324377363,0.257907592,1.18E-07,1.02E-06
ENSG00000138085,46.25091034,-1.550204014,0.296712172,5.37E-08,4.87E-07
ENSG00000138095,38.13981165,-0.840378809,0.321010365,0.005574259,0.018293646
ENSG00000138107,94.9666827,-0.984823546,0.197483871,3.51E-07,2.84E-06
ENSG00000138119,89.7112286,-1.514304697,0.223412701,3.95E-12,5.38E-11
ENSG00000138152,6.690588664,-2.777024963,1.084667927,0.000991076,0.004041622
ENSG00000138160,4.38417337,-2.72901755,1.143701486,0.001965174,0.007399562
ENSG00000138166,179.0330858,2.439938261,0.182487759,1.72E-41,8.60E-40
ENSG00000138180,6.649574025,-5.160597801,1.500167625,3.15E-05,0.000183093
ENSG00000138271,281.0175798,-0.712259968,0.147706586,1.09E-06,8.10E-06
ENSG00000138279,152.2325259,-0.79990383,0.159860255,3.84E-07,3.08E-06
ENSG00000138311,19.8053263,-1.332327732,0.520320155,0.003622035,0.012641396
ENSG00000138326,157.3698938,-2.27356909,0.171203258,5.36E-41,2.66E-39
ENSG00000138347,7.081502597,2.068593501,1.052991644,0.009817674,0.029440221
ENSG00000138356,38.42496026,1.619011656,0.436506678,6.68E-05,0.000363343
ENSG00000138386,58.85858551,1.29471024,0.279711065,1.55E-06,1.12E-05
ENSG00000138413,24.81444851,-2.320964839,0.423400081,6.76E-09,6.95E-08
ENSG00000138593,41.61177249,0.713867599,0.317190987,0.017576777,0.047946141
ENSG00000138613,11.10313124,1.245236665,0.631307403,0.017797223,0.04841035
ENSG00000138623,23.68200909,1.623703167,0.489635972,0.000265469,0.001254182
ENSG00000138629,39.26411954,-1.31166284,0.326082115,2.22E-05,0.000133511
ENSG00000138678,46.57796721,5.171850315,0.632037947,2.08E-16,3.87E-15
ENSG00000138709,18.46141369,1.163955184,0.469360727,0.00575121,0.018767249
ENSG00000138768,75.84404376,-0.603652898,0.24591345,0.011098604,0.032719661
ENSG00000138769,3.112456371,2.78990317,1.775215467,0.007955901,0.024750096
ENSG00000138772,152.9419233,-0.433479908,0.159291172,0.005785743,0.018866554
ENSG00000138777,23.45148966,-2.184333976,0.442937604,1.42E-07,1.21E-06
ENSG00000138801,38.10386192,-1.440203358,0.350833601,1.33E-05,8.30E-05
ENSG00000138834,118.316509,2.944809688,0.267047439,5.21E-29,1.78E-27
ENSG00000139044,40.26939907,-1.066598475,0.315647992,0.000364569,0.001664811
ENSG00000139112,124.9609799,2.617190891,0.287088431,1.65E-20,3.82E-19
ENSG00000139154,37.88614422,0.963305069,0.35381526,0.003691714,0.012855324
ENSG00000139168,42.5447994,-0.718166801,0.317657584,0.016702121,0.04596914
ENSG00000139173,13.65331349,-1.731394918,0.573394103,0.000572799,0.002496724
ENSG00000139182,35.2155177,2.191129896,0.434128504,9.05E-08,7.98E-07
ENSG00000139190,7.9462373,2.764916021,1.02000078,0.001286561,0.005106284
ENSG00000139278,2.598340864,-2.445720505,1.582326769,0.012601914,0.036382093
ENSG00000139318,103.0882646,0.577404413,0.21113951,0.005125061,0.017030939
ENSG00000139343,37.58237968,-1.013191709,0.338932252,0.001471908,0.005760729
ENSG00000139354,17.99068412,1.454052672,0.587996069,0.004467076,0.01517618
ENSG00000139372,111.7012091,1.271439482,0.220257768,3.36E-09,3.54E-08
ENSG00000139428,7.101118903,-1.883937199,0.784874807,0.002916795,0.01046044
ENSG00000139433,493.5797945,-2.875384044,0.128222348,2.58E-112,3.92E-110
ENSG00000139496,128.263877,2.0122144,0.230446584,6.46E-19,1.39E-17
ENSG00000139514,180.5427866,1.304882886,0.18733268,1.41E-12,2.00E-11
ENSG00000139517,60.75879809,1.206775489,0.295949072,2.00E-05,0.00012102
ENSG00000139579,19.93115464,-2.456334893,0.502980073,1.53E-07,1.30E-06
ENSG00000139597,4.397700043,2.667119453,2.306924683,0.010442554,0.031047077
ENSG00000139620,96.97413199,0.914543392,0.241143677,9.40E-05,0.000494553
ENSG00000139624,19.2400727,1.498437183,0.481597513,0.000545092,0.002391818
ENSG00000139629,26.19624046,-1.871999272,0.397613682,5.54E-07,4.33E-06
ENSG00000139636,27.87250356,1.025225743,0.403363014,0.005760812,0.018794139
ENSG00000139637,27.45531859,-1.354975899,0.427327059,0.000548468,0.002402048
ENSG00000139641,100.1870441,0.87821213,0.207755329,1.53E-05,9.44E-05
ENSG00000139644,300.9330871,-0.427715719,0.116093791,0.00019472,0.000951198
ENSG00000139645,96.71287804,1.501120985,0.218608976,2.32E-12,3.22E-11
ENSG00000139684,61.68417388,-0.596054046,0.249745026,0.013465228,0.038503967
ENSG00000139697,57.95387903,0.879564562,0.291220028,0.00153159,0.005963867
ENSG00000139718,29.1300405,1.629632242,0.421610051,3.28E-05,0.000190355
ENSG00000139734,5.537116008,-1.641180335,0.958686685,0.01794046,0.048668832
ENSG00000139793,13.99528595,-1.643332252,0.536658717,0.00054807,0.002401068
ENSG00000139921,15.89532254,-1.163032951,0.496510122,0.007911089,0.024632902
ENSG00000139926,40.56949031,-0.787958577,0.296400806,0.005235965,0.01734013
ENSG00000139988,70.55181718,-5.023257042,0.397601516,2.30E-37,1.03E-35
ENSG00000139998,10.99607629,3.59404269,0.968486793,4.95E-05,0.000277282
ENSG00000140044,9.350196563,3.116193687,0.824223616,2.38E-05,0.000142265
ENSG00000140153,49.36038552,0.830874159,0.33296719,0.008176905,0.02532345
ENSG00000140254,88.75221079,-1.137430104,0.209824309,2.89E-08,2.71E-07
ENSG00000140262,60.17731594,0.999249922,0.292129316,0.000354905,0.001625521
ENSG00000140263,10.97585322,-3.092838751,0.702221076,1.33E-06,9.78E-06
ENSG00000140264,121.1819497,-1.490643513,0.194885208,6.88E-15,1.18E-13
ENSG00000140265,32.09651697,0.965598063,0.369894466,0.005057583,0.016858609
ENSG00000140299,39.0086762,0.761591731,0.313627271,0.010523126,0.031256808
ENSG00000140319,246.5394508,-0.931724895,0.134745109,2.91E-12,4.01E-11
ENSG00000140320,97.69199455,1.657695456,0.279082214,8.88E-10,9.90E-09
ENSG00000140350,25.08600401,-1.032188248,0.378060701,0.003202452,0.011352757
ENSG00000140367,50.59505407,1.418176027,0.299828852,8.16E-07,6.20E-06
ENSG00000140374,46.78423653,-0.938846603,0.28470619,0.000565699,0.002472807
ENSG00000140391,16.3775112,-1.28630061,0.476378186,0.002549143,0.009296556
ENSG00000140395,19.34281626,-1.082364773,0.437885623,0.006293586,0.020259268
ENSG00000140398,5.605203469,2.332701772,1.040749323,0.003889672,0.013442894
ENSG00000140400,41.1187737,1.47336576,0.351028861,9.62E-06,6.14E-05
ENSG00000140403,1787.094963,3.656909413,0.151133236,1.17E-129,2.27E-127
ENSG00000140406,10.18739227,1.359044401,0.653197007,0.012233485,0.035526535
ENSG00000140450,761.311804,-0.360872747,0.09177896,7.84E-05,0.000420021
ENSG00000140474,59.31370205,-0.828715518,0.259274297,0.000907311,0.003738694
ENSG00000140479,5.555052057,-1.780377455,0.871448892,0.007609634,0.023849313
ENSG00000140497,101.6627352,-1.113949853,0.211884473,7.30E-08,6.50E-07
ENSG00000140511,21.41914049,2.027337099,0.787882001,0.002465504,0.009027316
ENSG00000140519,194.195239,0.467642596,0.167875814,0.004711461,0.015885211
ENSG00000140521,71.64336031,1.381693993,0.249851903,1.25E-08,1.24E-07
ENSG00000140525,5.445329571,-1.54434662,0.852133736,0.015746107,0.043871648
ENSG00000140553,39.14282628,-0.918882466,0.309071864,0.001713394,0.006586304
ENSG00000140575,173.7715057,-0.911367775,0.150068801,7.74E-10,8.69E-09
ENSG00000140577,20.06471867,1.462454022,0.482910092,0.00081939,0.003413094
ENSG00000140740,143.1388561,-0.621312414,0.172095023,0.00024319,0.001158848
ENSG00000140743,29.83859625,1.182024714,0.381048491,0.000865174,0.003588639
ENSG00000140829,189.9685448,1.109044206,0.197685955,1.10E-08,1.10E-07
ENSG00000140830,30.93918177,1.252038808,0.425184969,0.001345325,0.005319622
ENSG00000140848,12.46226022,2.635342116,0.715140829,3.94E-05,0.000223764
ENSG00000140854,10.05472017,-1.267961479,0.621653262,0.014026328,0.039795092
ENSG00000140931,35.85070256,3.076026111,0.453202574,1.95E-12,2.72E-11
ENSG00000140941,215.2684213,1.808528874,0.171726391,2.07E-26,6.42E-25
ENSG00000140945,8.578708563,-3.712520405,0.869414304,2.42E-06,1.71E-05
ENSG00000140961,66.81847324,4.140933205,0.393786803,1.80E-26,5.57E-25
ENSG00000140983,78.66016246,1.076376361,0.279255555,6.01E-05,0.000331058
ENSG00000140988,664.3197679,-2.575762377,0.098761333,8.73E-151,2.01E-148
ENSG00000140990,95.07631864,-2.734173117,0.236123562,7.14E-32,2.75E-30
ENSG00000141002,73.96146576,1.172818836,0.267587108,5.57E-06,3.71E-05
ENSG00000141086,8.50048787,1.836416585,1.047696139,0.017237592,0.047179447
ENSG00000141198,36.50626314,0.766812919,0.326991196,0.013055245,0.037502578
ENSG00000141232,170.9974758,-0.687548098,0.157453059,9.55E-06,6.10E-05
ENSG00000141258,46.52921017,2.172500505,0.35171327,1.41E-10,1.67E-09
ENSG00000141384,26.23655344,1.870836379,0.564587142,0.000240424,0.001146855
ENSG00000141401,23.71817685,-3.676967474,0.53559324,7.28E-13,1.06E-11
ENSG00000141424,154.7044177,-1.572140671,0.162265968,1.08E-22,2.83E-21
ENSG00000141429,39.25307323,-1.421100384,0.322649663,3.66E-06,2.51E-05
ENSG00000141441,12.33020782,-2.051867579,0.601487168,0.000115124,0.000592579
ENSG00000141448,3.857237166,4.460966833,2.539677363,0.001199302,0.0047986
ENSG00000141449,15.93256297,2.447292198,1.063580499,0.005967683,0.01937478
ENSG00000141452,51.92134334,0.732289795,0.300484033,0.010555591,0.031333008
ENSG00000141458,90.14141191,0.543083941,0.209723319,0.008236052,0.025472326
ENSG00000141497,7.539058597,2.656119964,1.179368344,0.004949262,0.016573604
ENSG00000141503,146.4642662,-0.62284788,0.16921515,0.000184193,0.000905866
ENSG00000141504,288.6035238,1.274367155,0.172245226,6.18E-14,9.87E-13
ENSG00000141505,6.479285847,3.765898566,2.287010845,0.001867499,0.007091768
ENSG00000141524,31.43456765,2.323821983,0.421877014,6.84E-09,7.02E-08
ENSG00000141526,31.94776514,3.40817966,0.45806463,1.61E-14,2.68E-13
ENSG00000141551,214.9191371,1.869108388,0.200909287,3.91E-21,9.44E-20
ENSG00000141552,24.05132238,-1.115152931,0.423431058,0.003818916,0.013238142
ENSG00000141579,100.1913145,-4.037374081,0.295081662,1.48E-43,7.78E-42
ENSG00000141582,37.57683305,-1.273806979,0.333748319,5.39E-05,0.000299893
ENSG00000141644,335.9609474,0.839561495,0.150211541,1.55E-08,1.52E-07
ENSG00000141646,21.43006305,1.111214839,0.447463174,0.006137276,0.01984405
ENSG00000141664,28.0613705,2.158365314,0.448402675,3.14E-07,2.55E-06
ENSG00000141682,271.1342562,1.273564209,0.185746185,3.17E-12,4.36E-11
ENSG00000141741,59.15011126,-1.055463633,0.29650597,0.000190163,0.000931575
ENSG00000141858,43.81061074,0.917060061,0.319049619,0.002417439,0.008870156
ENSG00000141867,61.78553368,1.326523687,0.329407298,2.35E-05,0.000140569
ENSG00000141971,10.7235886,-1.750360605,0.657743558,0.00163661,0.006324622
ENSG00000142089,148.7161087,-4.992086267,0.275568622,3.55E-74,3.24E-72
ENSG00000142102,323.7113218,5.207306152,0.329039669,2.10E-56,1.42E-54
ENSG00000142156,25.1742002,1.642990174,0.574153464,0.001286957,0.005106383
ENSG00000142173,24.21239601,6.623174953,2.333333109,2.65E-07,2.18E-06
ENSG00000142188,18.8830365,-1.281697466,0.503967803,0.0040019,0.013782436
ENSG00000142192,309.5319593,-1.502061026,0.11760225,6.39E-38,2.93E-36
ENSG00000142227,53.88148392,3.308193038,0.409949726,1.07E-16,2.03E-15
ENSG00000142230,72.48446665,-0.661211645,0.248096259,0.005815521,0.018936807
ENSG00000142273,72.57444546,-0.653683155,0.270032773,0.011753276,0.034334295
ENSG00000142279,7.255955142,2.0126717,0.870500248,0.003943656,0.013615825
ENSG00000142327,17.9100866,1.283709765,0.502440476,0.004094028,0.014047137
ENSG00000142330,27.51849194,2.153131672,0.478175468,1.51E-06,1.10E-05
ENSG00000142396,53.58464162,0.861472691,0.288002997,0.001778848,0.006801914
ENSG00000142409,33.81564561,1.19836748,0.371642815,0.000564652,0.002469792
ENSG00000142507,217.1949522,-1.149136183,0.143563126,5.82E-16,1.06E-14
ENSG00000142528,32.43449645,1.792780702,0.413736016,3.97E-06,2.71E-05
ENSG00000142534,1552.05893,-1.480622731,0.071470194,8.23E-96,1.04E-93
ENSG00000142541,905.4938478,-1.785258697,0.084020021,8.77E-101,1.21E-98
ENSG00000142627,335.7152024,2.236167836,0.136507551,5.24E-61,3.93E-59
ENSG00000142657,72.4302168,-1.282718325,0.231580745,1.24E-08,1.23E-07
ENSG00000142669,1076.071839,-2.233823048,0.083446906,1.40E-158,3.57E-156
ENSG00000142675,105.4922874,2.240950327,0.278189116,1.78E-16,3.33E-15
ENSG00000142676,740.8017664,-2.009915385,0.082222439,1.50E-132,3.05E-130
ENSG00000142677,17.80054147,-3.398170573,0.571477913,3.55E-10,4.09E-09
ENSG00000142686,31.1065987,2.137035697,0.412316845,4.70E-08,4.29E-07
ENSG00000142751,48.74146485,0.760518253,0.300931735,0.007986873,0.024829657
ENSG00000142798,17.38931017,1.023314262,0.47037379,0.014935452,0.041968894
ENSG00000142864,96.88715317,-1.529871417,0.209183352,8.42E-14,1.33E-12
ENSG00000142867,107.8820577,1.931964377,0.241178008,2.98E-16,5.52E-15
ENSG00000142871,213.2107408,0.574773449,0.179289536,0.001325624,0.005246233
ENSG00000142892,6.590237019,-2.258636934,0.889260788,0.001450844,0.00568797
ENSG00000142937,692.4797743,-2.379297886,0.088586367,9.35E-160,2.43E-157
ENSG00000142945,6.625029536,-1.573249981,0.829168869,0.013050634,0.037502578
ENSG00000142961,21.92419237,1.443194177,0.431932307,0.000280954,0.001319213
ENSG00000142973,5.151678738,-4.438901649,1.356848063,0.000151244,0.000756222
ENSG00000143036,6.399987595,-2.149740043,0.904384112,0.002590171,0.00943123
ENSG00000143061,35.10844661,-1.996061561,0.370287298,1.40E-08,1.39E-07
ENSG00000143067,22.46552991,2.078684281,0.537235696,2.43E-05,0.000144607
ENSG00000143107,15.89278412,2.814217504,2.075068695,0.006145775,0.019862223
ENSG00000143126,22.895569,-1.756585177,0.416445235,5.99E-06,3.97E-05
ENSG00000143149,42.35941464,-1.335372152,0.354060537,6.00E-05,0.000330651
ENSG00000143162,90.9330886,-3.265606619,0.263577781,3.83E-36,1.69E-34
ENSG00000143164,51.72162245,0.709665788,0.281852238,0.008617768,0.026474889
ENSG00000143217,114.4889543,-1.913603079,0.215111245,1.32E-19,2.93E-18
ENSG00000143222,86.12689956,-1.331322697,0.258819935,1.05E-07,9.16E-07
ENSG00000143252,14.70917792,-1.506931907,0.519097794,0.001069304,0.004333741
ENSG00000143256,676.2582949,0.251619305,0.098202063,0.010075048,0.030094299
ENSG00000143314,55.3270666,-1.741758076,0.274618293,5.88E-11,7.23E-10
ENSG00000143320,480.120153,-2.731939403,0.114919697,9.17E-126,1.66E-123
ENSG00000143322,347.1677453,3.213646806,0.196120294,6.90E-61,5.12E-59
ENSG00000143337,49.69918788,0.688825733,0.297464814,0.01523331,0.042640909
ENSG00000143367,122.9868079,-1.487195089,0.201273377,5.07E-14,8.14E-13
ENSG00000143375,8.640646775,-1.904031781,0.742996777,0.001989105,0.00746726
ENSG00000143382,22.3103194,-1.517041354,0.427697419,0.000117091,0.000601137
ENSG00000143384,1876.794453,0.838609832,0.072381858,3.33E-31,1.25E-29
ENSG00000143387,45.07756534,-1.026835547,0.371943433,0.002939649,0.010531453
ENSG00000143390,13.13785805,-1.472603286,0.576620334,0.003029861,0.010826536
ENSG00000143398,326.3618197,1.477720463,0.139413546,1.14E-26,3.58E-25
ENSG00000143409,17.17401265,-2.030101497,0.537242356,2.85E-05,0.000167057
ENSG00000143418,88.42182137,1.651650232,0.234709981,5.63E-13,8.31E-12
ENSG00000143437,48.71047468,0.688595112,0.302303154,0.016831446,0.046223674
ENSG00000143442,71.34094359,1.713874329,0.368281969,1.04E-06,7.76E-06
ENSG00000143479,24.47876187,2.224365854,0.532360914,6.36E-06,4.20E-05
ENSG00000143514,91.33790909,1.222834303,0.261505994,1.35E-06,9.96E-06
ENSG00000143515,20.29008698,1.54747516,0.462057437,0.000247016,0.00117505
ENSG00000143520,23.87157113,-2.249162686,0.453414735,1.24E-07,1.07E-06
ENSG00000143537,89.89604075,-1.574114016,0.21758421,1.44E-13,2.23E-12
ENSG00000143543,152.5342591,-0.517401921,0.184757784,0.004320089,0.014753087
ENSG00000143545,70.33986454,-1.394578595,0.250041579,8.91E-09,9.04E-08
ENSG00000143546,1005.812163,-4.908186029,0.144039439,1.04E-255,5.30E-253
ENSG00000143549,80.9890161,0.601826424,0.214653525,0.004059949,0.013947548
ENSG00000143569,213.8982223,0.777719933,0.160205822,8.55E-07,6.48E-06
ENSG00000143590,47.12560288,-2.585876406,0.33535786,1.85E-15,3.28E-14
ENSG00000143612,168.3717162,-0.487451243,0.163660575,0.002527648,0.00922548
ENSG00000143621,512.3452134,0.383858949,0.116342749,0.000898273,0.00371131
ENSG00000143622,109.5441095,1.161649508,0.207319916,1.03E-08,1.04E-07
ENSG00000143631,75.27229642,-1.861798404,0.254100271,5.85E-14,9.37E-13
ENSG00000143669,25.39670276,-0.918098388,0.384829408,0.009731223,0.029225436
ENSG00000143727,49.33401305,0.694710787,0.278888438,0.00950011,0.028664473
ENSG00000143753,164.8793507,-1.009942431,0.158479094,1.04E-10,1.26E-09
ENSG00000143774,175.5431489,-0.437425219,0.164172957,0.006853674,0.021822958
ENSG00000143776,20.18715231,1.749149282,0.497679463,0.000115262,0.000592852
ENSG00000143797,68.6977775,-0.976922102,0.242209298,3.10E-05,0.000180614
ENSG00000143811,56.08420512,1.006101898,0.270788348,0.000114133,0.000588357
ENSG00000143816,162.3527192,6.981557553,0.709005954,4.62E-22,1.18E-20
ENSG00000143819,13.48217023,-1.55877318,0.595767812,0.002324444,0.00856995
ENSG00000143847,5.622960673,3.453177221,1.224403415,0.000565544,0.002472807
ENSG00000143850,17.91608749,1.960548872,0.848517261,0.005344288,0.017664953
ENSG00000143862,148.6281111,1.275725792,0.188241087,5.45E-12,7.36E-11
ENSG00000143870,131.210328,-2.019486612,0.213129225,5.52E-22,1.40E-20
ENSG00000143878,162.9299066,-1.290097045,0.180159541,3.30E-13,4.98E-12
ENSG00000143882,60.61880619,-2.893520237,0.321021244,2.95E-20,6.72E-19
ENSG00000143947,468.0260706,-2.100861672,0.107943681,4.67E-85,4.92E-83
ENSG00000143977,93.22718027,-0.5560657,0.232032041,0.013534191,0.038645114
ENSG00000144026,13.21206978,1.671605244,0.575706233,0.000957002,0.003923537
ENSG00000144045,7.147684244,-1.811035502,0.831531103,0.00540046,0.017820744
ENSG00000144063,10.01136278,-3.151230177,0.758074498,3.60E-06,2.47E-05
ENSG00000144115,21.59065134,2.050894635,0.535331667,2.81E-05,0.000164745
ENSG00000144118,197.7597584,1.123206355,0.154788281,1.98E-13,3.04E-12
ENSG00000144136,684.2518919,3.134428077,0.13818809,1.66E-114,2.58E-112
ENSG00000144199,2.074383841,-2.391153053,2.175325076,0.014403486,0.040697811
ENSG00000144214,6.912027758,1.793643718,1.134518588,0.01787464,0.04856151
ENSG00000144233,120.4992848,1.12344593,0.227475223,4.08E-07,3.26E-06
ENSG00000144283,26.2981769,-0.931895274,0.376546291,0.007540078,0.023664563
ENSG00000144306,9.854464244,-1.69515498,0.715415799,0.003716205,0.012921047
ENSG00000144366,13.04683888,1.369942294,0.614975817,0.00868892,0.026669727
ENSG00000144381,895.2342665,1.013491458,0.098952213,7.39E-25,2.09E-23
ENSG00000144452,138.0071571,-1.408624714,0.192893366,1.07E-13,1.68E-12
ENSG00000144455,11.33990178,-2.141370136,0.64903771,0.000156193,0.000780117
ENSG00000144566,191.9935107,0.865469322,0.15867772,3.26E-08,3.04E-07
ENSG00000144583,9.530460975,2.388724766,0.994298952,0.003444649,0.012104955
ENSG00000144597,166.0947392,1.011835623,0.196584806,1.33E-07,1.14E-06
ENSG00000144655,339.869253,3.633788648,0.240717648,5.27E-52,3.26E-50
ENSG00000144711,8.830219055,1.391872357,0.734848822,0.017383965,0.047495292
ENSG00000144713,368.2876424,-2.43283795,0.123113538,9.21E-88,1.01E-85
ENSG00000144744,42.07087939,-0.723263656,0.292428414,0.009363998,0.028357071
ENSG00000144791,10.73753284,1.60682939,0.6300367,0.002831722,0.010196726
ENSG00000144802,112.7216521,1.897585823,0.297249283,5.25E-11,6.46E-10
ENSG00000144821,10.21250437,2.543628976,2.077162886,0.00976649,0.029293101
ENSG00000144824,20.08190861,-1.286264995,0.441916796,0.001363645,0.005381269
ENSG00000144935,9.820622618,1.477838943,0.72237878,0.011896034,0.034663275
ENSG00000145016,29.71233052,0.997071447,0.394974881,0.006286818,0.020246927
ENSG00000145022,15.31328347,-1.400831624,0.504752828,0.001766383,0.006763618
ENSG00000145041,54.07892455,0.742281431,0.297624217,0.008936833,0.027272954
ENSG00000145050,173.1950646,-1.433895803,0.166359494,2.41E-18,4.99E-17
ENSG00000145107,45.77177002,1.323003438,0.301175372,4.52E-06,3.05E-05
ENSG00000145191,156.8808903,0.681245972,0.233574511,0.002719097,0.009853869
ENSG00000145214,36.45500494,2.456190221,0.379920565,1.83E-11,2.35E-10
ENSG00000145216,52.49966069,0.857220718,0.279082033,0.001368405,0.005398509
ENSG00000145217,12.68400112,4.501759666,2.220776767,0.000266756,0.00125897
ENSG00000145241,24.00365612,1.150255599,0.531183472,0.013541354,0.038657568
ENSG00000145246,33.31880556,-2.45957717,0.368059358,3.66E-12,4.99E-11
ENSG00000145247,78.21474795,-0.866307279,0.248511921,0.000311709,0.001447095
ENSG00000145283,25.47731847,-3.180567562,0.483720241,6.11E-12,8.19E-11
ENSG00000145284,12.99479455,-1.904348215,0.569480934,0.000162367,0.000807738
ENSG00000145335,23.99500172,1.721141724,0.452663079,3.69E-05,0.00021101
ENSG00000145337,91.72980392,-1.135638156,0.247905886,2.20E-06,1.56E-05
ENSG00000145349,24.1202008,-1.188628927,0.387766051,0.000934796,0.003838196
ENSG00000145386,10.4317011,-2.514501424,0.72873937,7.76E-05,0.000415962
ENSG00000145425,362.3552057,-1.437719665,0.12158365,1.01E-32,3.97E-31
ENSG00000145494,61.31445681,-1.545303482,0.281381995,1.22E-08,1.22E-07
ENSG00000145495,119.1226401,0.952863052,0.25184938,9.35E-05,0.000492723
ENSG00000145545,7.466515104,-1.367992074,0.704287879,0.015104184,0.042339577
ENSG00000145555,52.00035131,0.835294618,0.298795464,0.003391883,0.011931681
ENSG00000145592,183.370568,-1.740474956,0.152843906,1.28E-30,4.62E-29
ENSG00000145604,10.2919336,-1.951397947,0.695355055,0.000873237,0.003616646
ENSG00000145632,194.5440942,-1.970120045,0.173731826,1.86E-30,6.65E-29
ENSG00000145685,27.97858015,1.177320308,0.388155765,0.001084635,0.004388147
ENSG00000145730,38.88810335,-1.217708898,0.306507864,3.06E-05,0.000178929
ENSG00000145734,61.79622394,1.426160365,0.285073444,2.14E-07,1.80E-06
ENSG00000145741,418.0382024,-1.086699261,0.115430107,2.46E-21,6.06E-20
ENSG00000145780,87.99209109,1.157586264,0.245309782,1.42E-06,1.04E-05
ENSG00000145824,77.06156622,-6.512723212,0.497058861,1.53E-39,7.31E-38
ENSG00000145911,24.30912992,2.409422788,0.5571275,3.02E-06,2.10E-05
ENSG00000145912,76.55086642,-3.134272202,0.282160629,1.37E-29,4.75E-28
ENSG00000145919,93.54386809,0.822458469,0.220126911,0.000126558,0.000644225
ENSG00000145934,23.31912244,-4.669928455,0.607871688,2.79E-15,4.88E-14
ENSG00000146007,97.53438853,-1.335191973,0.222300026,7.40E-10,8.33E-09
ENSG00000146066,150.5833236,-1.296650271,0.264188278,3.65E-07,2.94E-06
ENSG00000146067,75.0047226,1.321408696,0.278833379,9.00E-07,6.80E-06
ENSG00000146070,4.009678093,-3.668914585,1.492474661,0.001434534,0.005636835
ENSG00000146072,22.25238952,-2.758738833,0.484808176,1.68E-09,1.83E-08
ENSG00000146083,61.2474772,0.747997735,0.303961975,0.009749029,0.029272542
ENSG00000146112,226.8441186,1.904690243,0.149302235,7.55E-38,3.43E-36
ENSG00000146232,64.98758218,1.69905801,0.340176859,1.82E-07,1.54E-06
ENSG00000146242,61.7685691,1.415127959,0.262475303,2.59E-08,2.46E-07
ENSG00000146278,111.2007775,0.497445827,0.194729607,0.00917406,0.027895765
ENSG00000146416,14.82190318,-2.633258234,0.569877323,5.27E-07,4.14E-06
ENSG00000146453,17.78150952,2.250612001,1.058687351,0.009347514,0.028317481
ENSG00000146457,85.07537812,0.876960231,0.26083182,0.000494394,0.002193776
ENSG00000146587,29.97723638,1.428049258,0.387351718,7.96E-05,0.000425495
ENSG00000146592,65.37607124,1.593947502,0.556564997,0.001510654,0.005897319
ENSG00000146648,55.88793985,-1.714673672,0.270821283,6.52E-11,7.98E-10
ENSG00000146670,6.344807107,-2.59723749,0.989726155,0.001163653,0.00467086
ENSG00000146676,43.38394654,0.72767131,0.32048532,0.016499986,0.045549071
ENSG00000146701,89.09907984,-2.129289306,0.245895243,8.95E-19,1.90E-17
ENSG00000146757,17.11212666,2.081661185,0.631335816,0.000206212,0.001000606
ENSG00000146830,103.7390785,1.790674806,0.277998318,3.46E-11,4.34E-10
ENSG00000146872,39.30090772,1.783015035,0.39443083,1.71E-06,1.23E-05
ENSG00000146904,29.94011412,-1.132159658,0.352249669,0.000601278,0.002609319
ENSG00000146918,3.809558087,-1.982152002,1.175671611,0.012274473,0.035621449
ENSG00000147010,31.73090182,-2.026340715,0.37548778,1.35E-08,1.34E-07
ENSG00000147050,70.7170861,0.817100858,0.296021833,0.003865334,0.013375528
ENSG00000147123,45.34500121,-1.775821232,0.34852982,8.54E-08,7.55E-07
ENSG00000147133,33.71993388,0.858806617,0.376024113,0.013964867,0.039637014
ENSG00000147155,61.43711954,-1.101812643,0.303726771,0.000138794,0.0006998
ENSG00000147162,518.6521777,2.574284314,0.123990496,1.78E-96,2.27E-94
ENSG00000147168,2.525636857,3.126524165,2.860669792,0.00897172,0.027367315
ENSG00000147174,246.1639478,4.06329581,0.520780912,4.47E-15,7.73E-14
ENSG00000147251,5.988797803,1.926651333,0.953781923,0.008144112,0.025255899
ENSG00000147324,15.28188431,1.389659225,0.511476766,0.00224396,0.008293156
ENSG00000147383,64.00475614,-0.895456709,0.255932885,0.000285118,0.001336944
ENSG00000147394,116.7356529,-2.706020185,0.2119549,3.54E-38,1.64E-36
ENSG00000147400,41.27711804,-3.331706707,0.422850236,3.56E-16,6.58E-15
ENSG00000147403,227.1326839,-1.857405226,0.135947905,4.36E-43,2.24E-41
ENSG00000147419,17.41133453,-1.802030977,0.509984686,9.01E-05,0.000477177
ENSG00000147421,34.07448397,1.802979438,0.440003623,1.13E-05,7.10E-05
ENSG00000147437,62.47514748,2.086106653,0.399460842,4.58E-08,4.18E-07
ENSG00000147459,14.52795889,1.367709104,0.549915675,0.004479671,0.015200262
ENSG00000147526,9.515882938,1.48765573,0.694677669,0.009282728,0.028148022
ENSG00000147533,123.9623621,0.441018216,0.186783586,0.016233382,0.045002143
ENSG00000147604,356.1185447,-1.927153592,0.127646936,3.81E-52,2.37E-50
ENSG00000147669,74.18899078,-1.016756857,0.275688563,0.000121167,0.000619781
ENSG00000147676,183.6470328,-2.090599439,0.176873861,6.10E-33,2.41E-31
ENSG00000147677,77.49254306,-1.840066183,0.242341376,7.64E-15,1.31E-13
ENSG00000147684,35.75606413,-0.97861328,0.32176747,0.001282217,0.005090505
ENSG00000147687,6.985382351,-1.364124663,0.732320517,0.017915226,0.048609933
ENSG00000147697,35.20902498,-4.090105695,0.457036128,5.00E-20,1.12E-18
ENSG00000147852,11.3141142,1.385800133,0.608956577,0.007385488,0.023253419
ENSG00000147854,42.44530943,1.629336054,0.372585678,3.82E-06,2.61E-05
ENSG00000147883,67.96268399,-3.943361074,0.303978015,2.24E-39,1.07E-37
ENSG00000147896,8.857770323,-5.044244658,1.234438232,1.02E-05,6.47E-05
ENSG00000147955,71.8697317,-2.448489084,0.259653499,6.44E-22,1.62E-20
ENSG00000148154,71.2644492,-0.727540621,0.236151002,0.001480349,0.005788839
ENSG00000148175,58.12954466,-1.910080507,0.274567957,7.91E-13,1.14E-11
ENSG00000148180,48.339475,-1.553488012,0.288770334,2.28E-08,2.17E-07
ENSG00000148200,8.422927769,2.05712114,1.017564713,0.009233795,0.028024274
ENSG00000148218,7.168031463,-1.84873125,0.775977524,0.003102303,0.011043183
ENSG00000148229,51.29702524,-0.64071584,0.278355478,0.016242009,0.045017018
ENSG00000148297,28.78127741,1.110333548,0.388262099,0.002038842,0.007633213
ENSG00000148303,806.3291556,-2.412257792,0.090880349,5.29E-156,1.24E-153
ENSG00000148343,47.96976812,1.462412417,0.333258652,4.02E-06,2.74E-05
ENSG00000148344,12.18218125,-3.020930886,0.788266761,1.46E-05,9.02E-05
ENSG00000148358,40.37315,-1.085866734,0.307511986,0.000201718,0.000981214
ENSG00000148384,27.94429607,2.565047854,0.46594972,6.47E-09,6.66E-08
ENSG00000148411,18.02903873,1.680716578,0.511951697,0.000267408,0.001261188
ENSG00000148444,21.77635209,-1.334587484,0.462177331,0.001359092,0.00536791
ENSG00000148484,35.22088206,-2.207421226,0.360705122,1.68E-10,1.99E-09
ENSG00000148516,17.91255103,4.354980718,1.294408087,6.78E-05,0.000368311
ENSG00000148572,92.39499576,-0.927603837,0.24806684,0.000109245,0.000566334
ENSG00000148600,3.474005223,-2.418655617,1.243449931,0.005681789,0.018580257
ENSG00000148634,58.06789022,0.835525579,0.289530368,0.002824365,0.01017922
ENSG00000148671,137.157967,-1.074530838,0.219128915,4.82E-07,3.81E-06
ENSG00000148672,95.72685333,0.485154779,0.208427341,0.017341405,0.04740717
ENSG00000148700,16.08170726,-1.05761241,0.500714745,0.01621527,0.044970001
ENSG00000148773,6.135949415,-2.821041251,0.952164212,0.000366185,0.001671633
ENSG00000148834,89.88780923,-1.92977211,0.237665056,1.04E-16,1.98E-15
ENSG00000148840,111.9617093,1.189885131,0.227855002,8.44E-08,7.48E-07
ENSG00000148841,43.48772586,-2.543375847,0.323962891,6.17E-16,1.12E-14
ENSG00000148925,117.1675086,0.503721862,0.183101429,0.005124127,0.017030939
ENSG00000148926,135.4112431,1.353722491,0.188383186,2.66E-13,4.05E-12
ENSG00000148943,47.77025937,1.454986283,0.329737266,3.66E-06,2.51E-05
ENSG00000148985,17.1159138,-1.99617852,0.513796123,1.94E-05,0.000117484
ENSG00000149043,5.317535655,-3.420700378,1.174428853,0.000451934,0.002025558
ENSG00000149091,28.88618346,1.137785641,0.402661837,0.00222266,0.008227657
ENSG00000149100,51.86699089,-0.899908466,0.277923893,0.000728452,0.003087421
ENSG00000149136,54.92484222,-1.192541589,0.276701085,7.30E-06,4.78E-05
ENSG00000149150,2.620960024,2.855533353,2.591852634,0.010239425,0.030532427
ENSG00000149187,122.1642693,1.904787162,0.222790795,3.40E-18,6.98E-17
ENSG00000149212,12.21854483,-1.155057082,0.547705023,0.014226646,0.040264092
ENSG00000149218,42.03178254,-1.738398794,0.341691404,9.04E-08,7.98E-07
ENSG00000149231,10.01808325,2.337522867,0.800959163,0.000662286,0.0028419
ENSG00000149257,334.0266018,2.556833055,0.17261242,2.86E-50,1.70E-48
ENSG00000149273,285.6075901,-2.654029666,0.131969812,8.90E-91,1.03E-88
ENSG00000149289,33.24314196,2.139490555,0.406971184,3.17E-08,2.96E-07
ENSG00000149480,188.6412453,0.650237431,0.167252215,7.97E-05,0.000425875
ENSG00000149527,32.63497848,-0.815173833,0.339729607,0.010508109,0.031232373
ENSG00000149532,131.1520404,0.998531915,0.213317107,1.71E-06,1.23E-05
ENSG00000149547,105.5245506,-2.291412074,0.213537845,1.28E-27,4.17E-26
ENSG00000149573,82.25948755,-4.094098581,0.282629707,1.92E-48,1.11E-46
ENSG00000149582,16.40458637,1.727949798,0.64300546,0.001901986,0.007204887
ENSG00000149634,18.79215731,3.531229695,0.935081426,4.36E-05,0.000246875
ENSG00000149657,69.57149541,0.944411947,0.270563591,0.000286778,0.00134427
ENSG00000149658,119.1921119,0.996546249,0.209545344,1.14E-06,8.45E-06
ENSG00000149716,27.64269812,1.383312207,0.399543575,0.000216091,0.001040857
ENSG00000149781,32.45407439,2.895524531,0.877820796,0.000311755,0.001447095
ENSG00000149782,81.74695672,0.879029157,0.227132777,6.98E-05,0.000377906
ENSG00000149806,310.1154288,-1.788961276,0.131584547,1.09E-42,5.51E-41
ENSG00000149809,34.33878151,-2.342209182,0.382425521,1.53E-10,1.81E-09
ENSG00000149823,27.58232357,-1.038361067,0.376189552,0.002924269,0.010484519
ENSG00000149923,239.079834,0.602189514,0.157125043,0.000103437,0.00053906
ENSG00000149932,32.81481792,-1.145988531,0.396410894,0.001696365,0.00652994
ENSG00000150093,207.8248964,-0.391556111,0.138641005,0.004326202,0.014770307
ENSG00000150401,25.27512722,1.910088761,0.479505798,1.61E-05,9.91E-05
ENSG00000150403,27.64610599,1.540967918,0.404864978,4.47E-05,0.000252554
ENSG00000150457,54.79819059,1.697622331,0.34896338,3.53E-07,2.85E-06
ENSG00000150556,15.14296305,-2.581568575,0.576426883,1.03E-06,7.70E-06
ENSG00000150593,81.96571019,-1.742233859,0.224803398,2.40E-15,4.22E-14
ENSG00000150687,7.452874415,-4.079198373,1.002570776,6.44E-06,4.24E-05
ENSG00000150753,208.7723997,-0.539217693,0.145656142,0.000182436,0.000898507
ENSG00000150760,26.45331961,0.987645564,0.394669161,0.006699127,0.0214099
ENSG00000150768,18.25112826,-1.029688208,0.475536849,0.01463093,0.041255994
ENSG00000150779,57.23935441,-1.426073295,0.309104831,1.35E-06,9.92E-06
ENSG00000150782,84.16574659,-1.644425265,0.229552521,2.30E-13,3.51E-12
ENSG00000150938,45.37559606,-0.815752215,0.28866301,0.003072041,0.010963063
ENSG00000150961,18.11122227,1.066444445,0.474116667,0.011789463,0.034418149
ENSG00000150991,3723.586835,1.433075409,0.062178029,3.95E-118,6.27E-116
ENSG00000151012,42.33186576,3.203192213,0.40070036,2.05E-16,3.82E-15
ENSG00000151014,78.99249576,0.852279693,0.260674389,0.000702497,0.00299027
ENSG00000151117,47.61469197,-2.771455939,0.345610408,1.63E-16,3.05E-15
ENSG00000151135,18.83448142,1.812830461,0.512256774,9.61E-05,0.000504363
ENSG00000151136,4.7075448,-2.395643083,1.066840278,0.003144549,0.011172704
ENSG00000151208,57.56421592,0.915892099,0.271476818,0.000453794,0.002031915
ENSG00000151239,63.10940154,-0.908970357,0.244001231,0.000118475,0.000607564
ENSG00000151332,105.3780481,1.602370056,0.268299524,7.75E-10,8.71E-09
ENSG00000151366,53.78923528,-1.152844699,0.276630403,1.43E-05,8.87E-05
ENSG00000151422,96.28732861,1.952327876,0.285500805,2.14E-12,2.97E-11
ENSG00000151461,56.29677062,-0.689195078,0.277832414,0.009620916,0.028950859
ENSG00000151491,12.06876455,3.545453834,0.949102886,4.85E-05,0.000272082
ENSG00000151500,10.69674454,-1.817879734,0.676089367,0.001405493,0.005532175
ENSG00000151553,26.04245266,1.625689506,0.427821913,4.24E-05,0.000240222
ENSG00000151715,89.43530399,-2.840090493,0.238282412,1.35E-33,5.44E-32
ENSG00000151718,44.77699052,1.811665603,0.377335339,4.37E-07,3.48E-06
ENSG00000151726,67.37555535,-2.094021395,0.252282615,2.04E-17,4.05E-16
ENSG00000151748,36.47660129,1.467648096,0.363151486,1.78E-05,0.000108302
ENSG00000151779,15.68966242,-1.196777922,0.490634777,0.005933556,0.01929839
ENSG00000151835,24.29459577,2.072789764,0.524650884,1.78E-05,0.000108429
ENSG00000151914,40.48781211,-2.131498803,0.32259568,7.41E-12,9.84E-11
ENSG00000151929,802.8372324,1.245683009,0.102391386,1.98E-34,8.20E-33
ENSG00000152082,51.70198215,-1.664430531,0.339685259,2.56E-07,2.11E-06
ENSG00000152102,150.5687193,0.777118783,0.175397932,6.66E-06,4.38E-05
ENSG00000152137,194.9983542,-1.089799503,0.165011647,2.07E-11,2.64E-10
ENSG00000152234,61.10312809,-2.3788942,0.270635494,2.49E-19,5.46E-18
ENSG00000152240,7.126789219,-1.831386826,0.90649841,0.007153335,0.022646484
ENSG00000152256,7.939179491,2.071973398,0.792181746,0.001550389,0.006026864
ENSG00000152332,88.2082932,1.283301293,0.246813839,1.07E-07,9.32E-07
ENSG00000152413,41.41419863,1.710015878,0.401449411,5.93E-06,3.94E-05
ENSG00000152422,47.76029397,1.02173421,0.357199101,0.002289788,0.008451244
ENSG00000152443,57.79502048,1.724179117,0.348253647,2.26E-07,1.88E-06
ENSG00000152454,47.71182588,2.26554381,0.430583,2.85E-08,2.68E-07
ENSG00000152484,107.3180586,1.786544624,0.240007691,2.90E-14,4.75E-13
ENSG00000152492,41.71298299,0.98978055,0.329539326,0.001475292,0.005772337
ENSG00000152503,6.532937112,2.841547202,1.462454556,0.004909662,0.016464966
ENSG00000152518,111.3894892,-1.632637267,0.200483473,1.12E-16,2.14E-15
ENSG00000152520,45.86776277,0.920264592,0.343307241,0.004381032,0.014931647
ENSG00000152556,22.11861069,-1.413282314,0.424357319,0.0002905,0.001359619
ENSG00000152558,95.51506797,-1.943645744,0.237395864,5.82E-17,1.12E-15
ENSG00000152661,195.8120722,-3.379909909,0.177363155,6.85E-82,6.95E-80
ENSG00000152766,33.77327546,-4.450039956,0.479292801,2.89E-21,7.09E-20
ENSG00000152782,2.930035874,-2.089465876,1.374149983,0.013699087,0.039019071
ENSG00000152784,4.509309839,2.4824077,1.545861007,0.010067304,0.030077678
ENSG00000152795,824.1943057,1.181759915,0.113912495,1.70E-25,4.96E-24
ENSG00000152944,52.18316764,0.751242931,0.282348501,0.005470585,0.018021979
ENSG00000152952,25.71058571,2.960249661,0.475392972,7.37E-11,8.99E-10
ENSG00000153029,15.89804845,-1.3907003,0.513343954,0.002192912,0.008128157
ENSG00000153044,5.391304603,-1.853625921,0.970208761,0.008795,0.026917497
ENSG00000153179,13.37955909,1.185213773,0.58442508,0.016772728,0.046126674
ENSG00000153187,132.2975535,1.140153731,0.196294759,3.16E-09,3.34E-08
ENSG00000153294,52.66684616,-3.541062106,0.337985531,1.36E-26,4.24E-25
ENSG00000153310,35.9976281,0.797490857,0.343794461,0.013521036,0.038623534
ENSG00000153317,61.02566786,1.651921858,0.311510345,3.61E-08,3.33E-07
ENSG00000153391,45.49288901,0.920625974,0.321633249,0.002521608,0.00920587
ENSG00000153395,21.41220626,1.020988883,0.417844173,0.007539302,0.023664563
ENSG00000153406,10.08543605,-1.515163695,0.636170671,0.004506618,0.01527292
ENSG00000153487,48.97406545,1.690505959,0.494661135,0.000198695,0.000967877
ENSG00000153714,12.21846715,-3.684201616,0.737784347,7.15E-08,6.38E-07
ENSG00000153786,55.65690266,0.715715192,0.265275221,0.005095359,0.01695995
ENSG00000153814,18.35819242,2.600360405,0.589867017,1.78E-06,1.28E-05
ENSG00000153823,4.644702996,-1.960482467,0.983916726,0.006757476,0.02155146
ENSG00000153827,221.6872371,0.528006655,0.158961797,0.000765595,0.003223065
ENSG00000153879,180.1831697,0.986842951,0.172466161,6.50E-09,6.69E-08
ENSG00000153885,40.69422044,1.261108613,0.332476732,6.31E-05,0.000345432
ENSG00000153922,68.99920028,1.245125797,0.287187265,6.55E-06,4.31E-05
ENSG00000153933,9.365821309,2.507457638,0.83100035,0.000428313,0.001928459
ENSG00000153975,140.2225877,1.223566891,0.226804215,3.19E-08,2.98E-07
ENSG00000154059,12.90225749,-1.367701494,0.567060029,0.005081625,0.016926483
ENSG00000154079,13.05684439,-1.392093289,0.649782123,0.009348873,0.028317481
ENSG00000154102,9.935436189,-2.576669225,0.748320677,7.51E-05,0.000403978
ENSG00000154144,67.80860278,1.217503854,0.309546881,3.81E-05,0.000217634
ENSG00000154174,43.10361512,-0.829423017,0.312371859,0.005063208,0.016873283
ENSG00000154222,31.53447391,1.193348479,0.373441209,0.000635502,0.0027406
ENSG00000154227,42.79163624,-3.586573322,0.412413421,3.86E-19,8.41E-18
ENSG00000154277,4.955191456,2.144355249,1.119907478,0.007507849,0.023590237
ENSG00000154310,23.06151163,1.811201307,0.756004673,0.004758217,0.016023279
ENSG00000154328,46.01234795,1.473619715,0.375677549,3.14E-05,0.000182921
ENSG00000154370,24.85438563,1.196391419,0.424756961,0.002110585,0.007859168
ENSG00000154380,26.29940073,-1.194565241,0.380992694,0.000731523,0.003098531
ENSG00000154447,32.86964587,1.624300793,0.39763971,1.35E-05,8.37E-05
ENSG00000154511,17.58501184,-2.006929002,0.49862136,1.08E-05,6.83E-05
ENSG00000154518,59.82383313,-1.386012694,0.258774657,3.12E-08,2.92E-07
ENSG00000154553,13.41686722,2.316982904,2.013123103,0.013044387,0.037494802
ENSG00000154640,98.49246493,-0.850313646,0.229934074,0.000139831,0.000704
ENSG00000154719,84.16776381,-0.764920233,0.230317262,0.000622806,0.002692583
ENSG00000154723,100.2546735,-2.184436115,0.212701805,1.82E-25,5.32E-24
ENSG00000154803,241.002058,2.562484134,0.255068463,2.42E-24,6.70E-23
ENSG00000154839,2.68977457,-2.186731221,1.58855838,0.018506809,0.049969469
ENSG00000154856,5.969676776,-4.306641485,1.185674848,3.38E-05,0.000195167
ENSG00000154914,12.82717954,2.120850044,0.718069973,0.000641273,0.002761312
ENSG00000154917,7.053332064,2.273965863,0.895895787,0.001804919,0.006884433
ENSG00000154945,34.82189046,0.78682652,0.35389725,0.017463009,0.04768293
ENSG00000155066,44.8334209,-2.698303688,0.342548982,4.82E-16,8.84E-15
ENSG00000155097,95.50373516,1.284546044,0.239100401,3.43E-08,3.18E-07
ENSG00000155115,82.14654677,-1.389397878,0.238858496,2.20E-09,2.36E-08
ENSG00000155256,67.30300024,1.378751757,0.283959979,4.76E-07,3.76E-06
ENSG00000155304,100.7360634,1.76511961,0.267826772,1.34E-11,1.73E-10
ENSG00000155324,18.74850074,-1.491781865,0.480990735,0.000572126,0.002494579
ENSG00000155366,153.85134,0.698149106,0.159982129,9.73E-06,6.20E-05
ENSG00000155367,24.20330028,1.760328799,0.470568619,4.80E-05,0.000269681
ENSG00000155368,199.482197,-3.489206039,0.1861785,2.42E-79,2.40E-77
ENSG00000155380,90.91766576,0.532517735,0.204615158,0.007800151,0.024353414
ENSG00000155463,36.30988649,-1.365304114,0.327363753,1.10E-05,6.95E-05
ENSG00000155545,61.35249778,1.209247762,0.297568896,2.23E-05,0.000134045
ENSG00000155561,48.61468883,-0.679493257,0.284526563,0.012492864,0.036142878
ENSG00000155592,6.724555086,1.576630715,0.869756079,0.017200636,0.047106325
ENSG00000155660,184.0379999,-1.560501554,0.150662021,1.20E-25,3.55E-24
ENSG00000155755,7.780673606,-1.534225469,0.725277961,0.00860977,0.026456206
ENSG00000155827,17.25083139,-1.9321413,0.512973801,3.29E-05,0.000190788
ENSG00000155876,139.3604587,-0.575995585,0.193020055,0.002310064,0.008521486
ENSG00000155903,30.59929067,1.664452622,0.397786976,8.31E-06,5.39E-05
ENSG00000155918,143.6825748,-1.123164828,0.215453005,9.09E-08,8.01E-07
ENSG00000155957,11.59611715,-1.771716869,0.621968904,0.000928778,0.003816897
ENSG00000155959,62.66172922,-0.649152551,0.260481296,0.009659116,0.029034155
ENSG00000155961,3.437846335,2.856652442,2.698117644,0.010653285,0.031589026
ENSG00000155962,53.33283661,2.2713001,0.396367973,2.16E-09,2.32E-08
ENSG00000155974,17.84762905,1.928736194,0.56715373,0.0001538,0.000768443
ENSG00000155980,50.76274575,4.108154568,0.830369645,5.15E-07,4.05E-06
ENSG00000156011,5.716324856,-1.638214439,0.855856281,0.01169594,0.034203005
ENSG00000156026,116.5680227,0.976031693,0.206448446,1.34E-06,9.89E-06
ENSG00000156052,49.27604331,0.988659054,0.297617864,0.000504603,0.002236198
ENSG00000156110,45.35336361,-0.955852325,0.310931383,0.00119133,0.004768082
ENSG00000156171,24.81594904,-1.391360654,0.40561373,0.000206152,0.001000606
ENSG00000156232,25.6568306,1.015156222,0.414194638,0.00745001,0.02343518
ENSG00000156253,8.554206865,-2.489906841,0.747511672,0.000111425,0.000575907
ENSG00000156261,284.2269341,-0.421032188,0.127077986,0.000833086,0.003464913
ENSG00000156299,19.9943255,-0.983872665,0.418251592,0.009758599,0.029284317
ENSG00000156304,101.1718898,1.50980474,0.250994362,6.27E-10,7.11E-09
ENSG00000156411,40.78763315,-1.221016168,0.320045997,5.80E-05,0.000320743
ENSG00000156453,52.34240204,-1.926141438,0.296236981,1.79E-11,2.30E-10
ENSG00000156463,16.50473291,-2.664420961,0.546982827,1.48E-07,1.26E-06
ENSG00000156467,24.74125151,-2.357199497,0.425427605,4.92E-09,5.10E-08
ENSG00000156482,348.3436814,-1.975409003,0.117295405,2.69E-64,2.18E-62
ENSG00000156508,821.3279933,-0.652907768,0.083407797,3.89E-15,6.75E-14
ENSG00000156515,99.99763737,-1.140921564,0.194159297,2.03E-09,2.19E-08
ENSG00000156521,16.91973943,-1.660406154,0.514412162,0.000309409,0.001437659
ENSG00000156535,28.09024805,-1.257207168,0.372002459,0.000289673,0.001356458
ENSG00000156587,18.43567412,-2.114659223,0.633066047,0.000131007,0.000664667
ENSG00000156639,114.590305,0.782185489,0.206160535,0.000104116,0.000541983
ENSG00000156671,77.78009982,1.247489377,0.266783031,1.31E-06,9.64E-06
ENSG00000156675,27.30967539,-1.590578818,0.395291833,1.64E-05,0.000100191
ENSG00000156709,29.44737163,-0.817842983,0.37301297,0.017849145,0.048526045
ENSG00000156711,51.28051996,-1.185521663,0.286923675,1.61E-05,9.91E-05
ENSG00000156858,57.94405399,0.783760295,0.294074783,0.005229875,0.017324971
ENSG00000156860,277.1198857,0.748957401,0.170877214,8.57E-06,5.53E-05
ENSG00000156873,100.9214651,2.469068394,0.333473863,3.13E-14,5.09E-13
ENSG00000156970,3.920253681,-2.431458242,1.235161018,0.005424073,0.017890106
ENSG00000156976,698.0927179,1.060100122,0.107096977,2.22E-23,5.96E-22
ENSG00000156983,55.15546414,1.402728398,0.339529146,1.40E-05,8.67E-05
ENSG00000156990,12.55142778,-1.114674056,0.534274165,0.015752639,0.04388099
ENSG00000157020,51.05168417,-0.673090531,0.279446312,0.011881468,0.034628142
ENSG00000157036,11.37795882,2.172381227,0.751835375,0.000776608,0.003262463
ENSG00000157106,72.38058722,1.51721988,0.271087029,7.69E-09,7.86E-08
ENSG00000157181,75.50467057,0.71502611,0.271279794,0.00614869,0.019866992
ENSG00000157216,12.08309683,-1.395013855,0.566751081,0.004358058,0.014857014
ENSG00000157326,10.71278269,-3.36752418,0.830342794,4.91E-06,3.30E-05
ENSG00000157349,7.075500459,-1.745613831,0.777711674,0.004957279,0.016596423
ENSG00000157379,43.6585873,-1.31049418,0.296540501,3.87E-06,2.65E-05
ENSG00000157456,10.98943048,-1.603112433,0.646234191,0.003248728,0.011507303
ENSG00000157483,40.0685069,-1.034910977,0.30250603,0.00032585,0.001507452
ENSG00000157538,35.30135493,0.742761907,0.323026597,0.01506758,0.042254137
ENSG00000157540,24.36452838,1.43784686,0.5051145,0.001547255,0.006016375
ENSG00000157551,3.204327044,-4.120673391,1.717093768,0.000923574,0.00379664
ENSG00000157557,220.334676,0.371373807,0.151533637,0.013099866,0.037615096
ENSG00000157593,82.39196391,-1.498510017,0.275392151,1.73E-08,1.69E-07
ENSG00000157601,4.977571077,-2.442793857,1.001081963,0.001740792,0.00667489
ENSG00000157625,34.3762637,0.850795958,0.38512895,0.01687537,0.046328596
ENSG00000157764,26.34798223,1.094221829,0.495246122,0.013053,0.037502578
ENSG00000157837,42.60827674,-1.407279963,0.318076636,3.42E-06,2.36E-05
ENSG00000158019,15.13127497,-3.129587647,0.735274175,2.18E-06,1.55E-05
ENSG00000158042,24.4442296,-2.748809474,0.497846001,4.15E-09,4.35E-08
ENSG00000158050,28.71473653,2.62879699,0.480745258,8.14E-09,8.30E-08
ENSG00000158055,98.62643252,-3.153959519,0.248108372,6.56E-38,3.00E-36
ENSG00000158079,11.01183956,1.297344534,0.601715423,0.011048477,0.032594964
ENSG00000158089,5.886845808,-2.224722315,1.003461975,0.003360211,0.011844422
ENSG00000158109,72.26298284,-1.917925672,0.242282209,5.47E-16,9.98E-15
ENSG00000158122,15.43478663,2.495304723,0.629751621,1.28E-05,7.98E-05
ENSG00000158125,19.12944806,-1.289665508,0.504379545,0.00388895,0.013442894
ENSG00000158163,1.987900667,2.653206992,3.252379692,0.013909205,0.039517874
ENSG00000158201,33.06062184,1.862554437,0.393618422,5.68E-07,4.44E-06
ENSG00000158246,271.0913191,-1.687369448,0.147255127,6.08E-31,2.22E-29
ENSG00000158301,21.21057668,1.343242316,0.47720609,0.001817785,0.006925853
ENSG00000158315,18.63760299,-2.745586733,0.630118388,1.56E-06,1.13E-05
ENSG00000158373,691.4066124,2.183818508,0.134397451,5.17E-60,3.77E-58
ENSG00000158406,418.6446998,4.189375733,0.272696458,1.58E-53,1.00E-51
ENSG00000158417,139.7330298,-0.405181416,0.170308482,0.015639663,0.043601485
ENSG00000158435,52.89372544,-0.730528386,0.27901962,0.00623937,0.020126999
ENSG00000158470,87.52094332,1.989417545,0.26201122,7.99E-15,1.36E-13
ENSG00000158555,2.253516217,3.210903898,2.79972368,0.008093826,0.025122536
ENSG00000158615,225.8270906,1.66483312,0.177375031,2.06E-21,5.11E-20
ENSG00000158623,19.9101244,-2.18420332,0.504331221,2.49E-06,1.75E-05
ENSG00000158669,36.9488379,1.073598949,0.342165768,0.00086808,0.003599609
ENSG00000158710,553.9598401,-0.918367974,0.088448056,1.84E-25,5.37E-24
ENSG00000158711,25.58942353,0.863314172,0.395723344,0.017880317,0.048562956
ENSG00000158717,23.35199582,2.039733839,0.687059214,0.000735706,0.003115294
ENSG00000158786,9.921487117,-3.435752484,0.798769909,2.23E-06,1.58E-05
ENSG00000158792,12.86825501,1.704858189,0.605241173,0.001174351,0.004708323
ENSG00000158796,109.3111391,0.765276324,0.236948674,0.000875081,0.003623199
ENSG00000158825,126.3383122,-1.627471787,0.225216791,1.43E-13,2.22E-12
ENSG00000158828,45.94678246,-0.683526877,0.274171593,0.009320234,0.028243132
ENSG00000158850,108.5477201,0.800718294,0.244804637,0.000737696,0.003121806
ENSG00000158863,48.33288153,1.176008122,0.306016937,5.70E-05,0.000315685
ENSG00000158864,75.63055049,-0.699706213,0.224785004,0.001370014,0.005403315
ENSG00000158941,87.88899229,0.72448739,0.225639061,0.000973066,0.003981116
ENSG00000158985,25.36589546,1.075427024,0.387964111,0.002760955,0.009974132
ENSG00000159063,17.75501913,-1.306382186,0.498181847,0.003108791,0.011059891
ENSG00000159069,61.22704603,0.621613842,0.263448587,0.014512959,0.040973576
ENSG00000159079,16.28572736,-1.15224808,0.46881465,0.005940469,0.019311772
ENSG00000159086,76.35940581,1.95394855,0.298402238,1.54E-11,1.98E-10
ENSG00000159140,356.9562257,0.940718325,0.138028731,5.82E-12,7.83E-11
ENSG00000159166,331.9406004,-3.058815178,0.149660794,9.46E-94,1.17E-91
ENSG00000159176,22.85210031,-0.984051659,0.390994858,0.006235592,0.020119517
ENSG00000159199,46.39032256,-1.762705282,0.322790645,1.17E-08,1.17E-07
ENSG00000159202,179.153466,0.645992536,0.165219794,7.28E-05,0.000392279
ENSG00000159208,268.4200105,1.331419542,0.217171109,3.83E-10,4.40E-09
ENSG00000159214,12.2008067,1.842478392,0.720290688,0.002362565,0.008694238
ENSG00000159216,11.40367906,1.382196257,0.663689984,0.012176226,0.03538259
ENSG00000159228,66.56945471,-2.403365033,0.26271236,9.26E-21,2.18E-19
ENSG00000159256,77.68562859,0.957000762,0.248266367,6.90E-05,0.000373463
ENSG00000159337,25.118512,-2.880257762,0.469683045,1.19E-10,1.43E-09
ENSG00000159346,233.2536466,-1.058549859,0.133459469,1.16E-15,2.08E-14
ENSG00000159348,99.39548453,-2.306655979,0.230075601,2.03E-24,5.61E-23
ENSG00000159352,75.74316785,-1.135025801,0.240052756,1.08E-06,8.08E-06
ENSG00000159377,215.9521647,-0.748337879,0.141348672,8.71E-08,7.69E-07
ENSG00000159388,182.177311,-1.793526566,0.15019065,1.84E-33,7.37E-32
ENSG00000159423,31.99831678,-3.051400788,0.399120422,2.73E-15,4.79E-14
ENSG00000159455,17.76288878,-1.284258893,0.634136906,0.014398287,0.040691452
ENSG00000159461,75.93034724,0.597908837,0.232644208,0.008201543,0.025376972
ENSG00000159527,31.90403047,-2.735354602,0.427798096,2.18E-11,2.78E-10
ENSG00000159579,53.46756198,0.853529,0.30035726,0.003095009,0.011022224
ENSG00000159588,29.92198101,1.600637047,0.663964943,0.0050899,0.016945867
ENSG00000159592,126.4746411,1.08850797,0.200859853,3.10E-08,2.91E-07
ENSG00000159596,52.91855938,-0.994434431,0.275538598,0.00016884,0.000837645
ENSG00000159640,2.190731213,3.635311183,3.603988075,0.007935503,0.024697777
ENSG00000159692,39.02648757,1.1425443,0.334177837,0.000299333,0.001396954
ENSG00000159753,3.188495172,4.111534344,2.54793045,0.002104215,0.007839677
ENSG00000159784,5.362075291,6.0067837,2.511934082,3.06E-05,0.000178803
ENSG00000159788,14.59077363,-1.571523185,0.529443504,0.000813547,0.003393876
ENSG00000159792,8.961702616,-2.078752336,0.72107767,0.000630892,0.002724125
ENSG00000159840,221.6975284,0.958444616,0.167780109,6.73E-09,6.92E-08
ENSG00000159871,34.29019662,-1.937140913,0.430222942,1.44E-06,1.06E-05
ENSG00000159873,209.2903301,2.360406394,0.217203205,4.15E-28,1.37E-26
ENSG00000159885,21.95087972,1.379092056,0.546454779,0.004092682,0.01404601
ENSG00000159899,81.61368876,4.817405927,0.723844674,3.05E-11,3.85E-10
ENSG00000160014,92.78732681,-1.072233991,0.208880609,1.48E-07,1.26E-06
ENSG00000160049,22.88512077,-0.877182128,0.393744647,0.015238205,0.042645959
ENSG00000160087,78.13742765,1.654295156,0.2793254,9.62E-10,1.07E-08
ENSG00000160179,8.987593861,-2.961302419,0.800069008,2.75E-05,0.000161834
ENSG00000160190,4.186605948,2.116495343,1.219303076,0.012281004,0.035627046
ENSG00000160199,44.71334876,1.614681563,0.396602266,1.51E-05,9.35E-05
ENSG00000160200,2.202664839,2.911018365,2.801083305,0.010675891,0.03162323
ENSG00000160209,61.04269838,0.752644966,0.270076964,0.003774001,0.013102191
ENSG00000160211,33.59037767,-3.177987239,0.405599202,5.88E-16,1.07E-14
ENSG00000160213,403.2683895,-1.860683424,0.134957405,7.00E-44,3.69E-42
ENSG00000160285,87.35171098,0.74730683,0.22157947,0.000537147,0.002359206
ENSG00000160293,20.30469094,1.148022521,0.432445827,0.003597901,0.012573064
ENSG00000160294,53.9845392,0.93557729,0.28303206,0.000567679,0.002479107
ENSG00000160299,29.14926407,1.132996511,0.435797706,0.004403978,0.015006147
ENSG00000160305,27.76796313,1.16871914,0.408561829,0.001929872,0.007288514
ENSG00000160360,81.96914954,3.922548871,0.420494953,3.36E-21,8.17E-20
ENSG00000160446,15.17322431,-2.899332309,0.640112301,6.78E-07,5.22E-06
ENSG00000160447,15.85199205,3.729582503,0.744989221,1.10E-07,9.57E-07
ENSG00000160469,20.63580133,4.711452676,1.291098383,2.13E-05,0.00012818
ENSG00000160471,24.9191252,5.437740867,2.227651365,1.29E-05,8.08E-05
ENSG00000160472,10.89386814,6.42150805,2.475775402,6.22E-06,4.11E-05
ENSG00000160551,91.11494073,0.932611439,0.223751703,1.88E-05,0.000113956
ENSG00000160570,371.8377874,2.578540114,0.174971819,8.74E-50,5.16E-48
ENSG00000160588,85.12134858,-0.80602644,0.229051398,0.000291431,0.001363306
ENSG00000160606,6.988117197,-1.732929849,0.975575088,0.012463615,0.036073382
ENSG00000160633,157.628123,1.08354641,0.205354894,7.16E-08,6.39E-07
ENSG00000160679,132.2621385,0.775719419,0.202342701,9.06E-05,0.000479427
ENSG00000160685,141.3915695,-0.473740337,0.164893254,0.003533036,0.012377735
ENSG00000160691,171.648329,-0.648228507,0.156169688,2.58E-05,0.000152563
ENSG00000160712,215.265939,3.19106562,0.191833649,7.71E-63,6.01E-61
ENSG00000160741,139.0762435,1.151726829,0.232296838,3.64E-07,2.94E-06
ENSG00000160746,16.46911571,-2.81613556,0.553533739,4.79E-08,4.37E-07
ENSG00000160752,202.028675,-0.933677031,0.15689816,1.58E-09,1.72E-08
ENSG00000160789,238.8905992,-0.895143872,0.133651033,1.32E-11,1.71E-10
ENSG00000160799,52.16611562,0.737741563,0.310337366,0.012695345,0.036605885
ENSG00000160886,251.7401297,3.778441832,0.310055229,1.62E-34,6.75E-33
ENSG00000160888,378.5484991,1.339747844,0.13198434,1.36E-24,3.83E-23
ENSG00000160932,41.35498285,-2.49254909,0.339172593,3.02E-14,4.92E-13
ENSG00000160953,43.38981724,2.279945414,0.428075759,2.19E-08,2.10E-07
ENSG00000160972,22.9829431,1.320344299,0.444789667,0.001152106,0.004632126
ENSG00000161011,1572.520893,2.821908279,0.096673133,4.67E-188,1.61E-185
ENSG00000161013,80.49335242,0.96651533,0.234308006,2.18E-05,0.000131282
ENSG00000161016,910.0022164,-2.614464105,0.087827887,1.36E-195,4.81E-193
ENSG00000161091,60.7320904,1.746978542,0.292398904,6.57E-10,7.42E-09
ENSG00000161202,107.199704,1.48736623,0.218947809,5.72E-12,7.70E-11
ENSG00000161203,147.2551861,-0.634530217,0.160418109,6.00E-05,0.000330767
ENSG00000161217,53.88719645,-1.045396432,0.261646272,3.37E-05,0.00019482
ENSG00000161243,8.795694766,-1.398410835,0.682097837,0.011478987,0.033668441
ENSG00000161249,624.4357661,-2.944364639,0.121080781,1.44E-131,2.89E-129
ENSG00000161267,5.490451175,-3.331717474,1.081295536,0.000239452,0.001143406
ENSG00000161513,13.50210993,-1.89795278,0.564930706,0.00015781,0.000787621
ENSG00000161526,74.98495633,1.018898683,0.265110649,6.82E-05,0.000369527
ENSG00000161547,474.8034123,0.656859023,0.119238532,2.80E-08,2.64E-07
ENSG00000161594,7.269589994,5.221311658,2.362781086,9.44E-05,0.000495882
ENSG00000161638,362.1372467,3.247882982,0.202322482,1.19E-58,8.45E-57
ENSG00000161642,153.3088371,-2.023271894,0.196019662,1.21E-25,3.58E-24
ENSG00000161647,26.27684053,3.658149986,0.613293224,6.03E-10,6.85E-09
ENSG00000161671,8.572531919,-1.382256683,0.654963803,0.010390457,0.030929315
ENSG00000161677,26.11433866,-1.020725029,0.444525337,0.010671314,0.03162323
ENSG00000161681,8.646521114,2.741000352,1.007755331,0.001295059,0.005134104
ENSG00000161791,4.903292007,4.344147081,2.365514588,0.000802389,0.00335443
ENSG00000161800,29.73913103,-0.844619565,0.35223101,0.0102299,0.030510617
ENSG00000161813,82.69552943,0.972111694,0.242968446,3.70E-05,0.000211744
ENSG00000161904,42.08455092,1.086376083,0.325841382,0.00043345,0.001947771
ENSG00000161920,16.18233499,-1.579685191,0.574723358,0.001524114,0.005938108
ENSG00000161960,628.3998885,-0.698498388,0.082457868,1.82E-17,3.62E-16
ENSG00000161970,435.1364521,-2.187887343,0.119126646,4.67E-76,4.42E-74
ENSG00000161981,8.803458553,-2.70655329,0.783747825,6.75E-05,0.000366896
ENSG00000161999,18.31779415,-1.595740804,0.521232408,0.000583036,0.002536535
ENSG00000162040,7.815085284,-3.964674517,1.164400883,8.47E-05,0.000450285
ENSG00000162069,19.55038983,-2.49565992,0.52338231,2.85E-07,2.33E-06
ENSG00000162073,15.8885268,-1.48887234,0.487949819,0.000676062,0.002892916
ENSG00000162086,21.26676806,1.66374774,0.507402131,0.000294286,0.001374333
ENSG00000162191,140.3522222,-0.586636497,0.201341483,0.002834163,0.010201214
ENSG00000162231,378.9180832,1.370097905,0.176024773,3.01E-15,5.25E-14
ENSG00000162244,334.7419432,-2.553794872,0.129091931,6.21E-88,6.85E-86
ENSG00000162344,9.31900457,6.133952589,2.42615389,8.65E-06,5.58E-05
ENSG00000162366,10.49122259,-4.343459742,0.943445613,5.12E-07,4.03E-06
ENSG00000162368,56.5628196,-1.855286734,0.277030568,4.97E-12,6.72E-11
ENSG00000162402,57.09496629,0.743546173,0.268536104,0.004021129,0.01384175
ENSG00000162413,185.4898818,2.234888147,0.186778725,1.13E-33,4.58E-32
ENSG00000162493,8.610936438,-3.849492019,0.958722953,7.03E-06,4.62E-05
ENSG00000162512,30.42663147,1.014283392,0.377530284,0.003814541,0.013226297
ENSG00000162517,101.8322649,-1.073813539,0.20396123,7.28E-08,6.49E-07
ENSG00000162520,9.195295788,1.575655704,0.708596769,0.006548489,0.02099655
ENSG00000162545,49.30376186,1.300280398,0.332255229,3.75E-05,0.000214536
ENSG00000162572,22.54460351,4.866518205,1.022051363,1.54E-06,1.12E-05
ENSG00000162600,6.296189476,-3.238630775,1.156605974,0.000452513,0.002027493
ENSG00000162601,60.50335633,1.217390724,0.328947766,9.93E-05,0.000519451
ENSG00000162613,296.9785652,1.498686985,0.152789852,3.92E-23,1.04E-21
ENSG00000162616,143.2318029,2.33573912,0.250392227,2.42E-21,6.00E-20
ENSG00000162631,3.949890787,4.650582206,2.465678744,0.000654153,0.002809619
ENSG00000162645,8.247004844,-1.961850591,1.091954382,0.013822802,0.039306546
ENSG00000162695,39.08643929,1.617163302,0.436609814,6.62E-05,0.000360641
ENSG00000162702,70.2597149,1.948692933,0.289783206,4.46E-12,6.05E-11
ENSG00000162729,33.87981412,-1.021947166,0.361316257,0.002407374,0.008835574
ENSG00000162733,14.29513869,2.293463977,1.081193262,0.008887955,0.027136288
ENSG00000162734,1112.667676,1.318995231,0.084037997,6.85E-56,4.59E-54
ENSG00000162735,43.01606369,-0.80667123,0.301186545,0.004842206,0.016274341
ENSG00000162757,23.97737549,-1.054294879,0.39250872,0.003568172,0.012491318
ENSG00000162769,8.40461879,1.899301359,0.79688171,0.003464949,0.012170094
ENSG00000162772,560.9602073,3.478877364,0.236952968,3.18E-49,1.85E-47
ENSG00000162775,103.3945434,1.999487234,0.31825685,9.22E-11,1.12E-09
ENSG00000162783,707.2236403,0.959621071,0.109579746,1.21E-18,2.56E-17
ENSG00000162813,23.14276436,-1.242847685,0.406157584,0.000881141,0.003645006
ENSG00000162851,43.4256394,1.155517785,0.331987049,0.000234659,0.001121681
ENSG00000162889,142.2454974,0.668169116,0.186394756,0.000261559,0.001236983
ENSG00000162910,18.15941037,-1.114486565,0.497757691,0.010932952,0.032293393
ENSG00000162923,159.5749781,0.900887764,0.184349623,6.35E-07,4.93E-06
ENSG00000162924,34.66027848,1.69878725,0.485424559,0.00014098,0.000709012
ENSG00000162931,13.76472481,2.484004969,0.739722514,0.000146742,0.000735574
ENSG00000162961,28.25393816,-1.264016712,0.377539673,0.000321838,0.001489891
ENSG00000162980,28.04361259,-2.249154346,0.392435063,1.76E-09,1.91E-08
ENSG00000162981,18.66714377,-3.288757524,0.54643157,2.30E-10,2.69E-09
ENSG00000163026,61.95698724,1.892068102,0.348737604,1.57E-08,1.54E-07
ENSG00000163032,8.002149207,-6.135648743,1.569886905,3.60E-06,2.47E-05
ENSG00000163071,6.230823707,-2.607094875,0.948102353,0.000769191,0.003236231
ENSG00000163082,34.93957395,-1.595046522,0.357651848,2.33E-06,1.65E-05
ENSG00000163132,18.11280428,3.956446052,2.139546187,0.000702265,0.00299027
ENSG00000163141,72.50206467,-2.649248031,0.25948634,2.78E-25,8.06E-24
ENSG00000163170,14.94218708,-1.239335234,0.501750857,0.005159164,0.017139253
ENSG00000163171,28.10310688,1.135098529,0.41133935,0.002727406,0.00987102
ENSG00000163191,3877.396309,-2.578114772,0.057632867,0,0
ENSG00000163202,772.2259971,0.82683801,0.144096284,6.44E-09,6.63E-08
ENSG00000163207,1245.179847,-4.317321838,0.125902093,9.29E-259,4.93E-256
ENSG00000163209,69.82637973,-2.395945801,0.355681319,2.54E-12,3.50E-11
ENSG00000163214,10.63580889,-1.199766567,0.583117616,0.01500708,0.042110147
ENSG00000163216,328.0306033,-2.390570581,0.167593592,5.99E-47,3.36E-45
ENSG00000163218,18.9886332,-3.465453307,0.632151474,4.88E-09,5.07E-08
ENSG00000163220,2354.047322,-3.826999977,0.11773401,8.41E-233,3.63E-230
ENSG00000163235,43.18291029,-0.849753015,0.290983866,0.002179636,0.008085745
ENSG00000163249,48.57497113,1.962246179,0.320206897,2.17E-10,2.54E-09
ENSG00000163297,16.85370289,1.703991278,0.572509602,0.000762677,0.003214704
ENSG00000163320,98.20564895,1.193309039,0.246110693,5.99E-07,4.66E-06
ENSG00000163328,2.538305228,-2.69242839,1.695670131,0.009475209,0.02861223
ENSG00000163331,19.41316873,-9.967284583,2.993668597,4.03E-12,5.47E-11
ENSG00000163344,79.88602429,-1.42171331,0.250299145,4.74E-09,4.93E-08
ENSG00000163346,11.75997069,-1.486694408,0.588208505,0.003223657,0.01142143
ENSG00000163347,288.0721229,-3.381100054,0.145813543,7.43E-120,1.21E-117
ENSG00000163374,246.3502618,1.261138068,0.198686353,1.00E-10,1.21E-09
ENSG00000163376,32.42236443,1.478153434,0.479632014,0.000688573,0.00294098
ENSG00000163382,46.81303452,-1.816684359,0.308971879,9.76E-10,1.08E-08
ENSG00000163395,155.5886041,10.87255987,2.598326444,1.62E-17,3.24E-16
ENSG00000163399,223.330425,-0.886001678,0.139229682,1.25E-10,1.50E-09
ENSG00000163453,46.47317046,-3.629900365,0.423396647,1.08E-18,2.29E-17
ENSG00000163466,248.655417,-1.335208461,0.127578235,4.95E-26,1.49E-24
ENSG00000163468,465.0880589,-0.514723558,0.100258245,2.44E-07,2.02E-06
ENSG00000163472,128.9550484,-3.138596412,0.237631501,9.32E-41,4.59E-39
ENSG00000163479,31.91460605,-0.870809609,0.349935846,0.007755424,0.024246682
ENSG00000163499,16.44274582,3.50675583,2.142845291,0.001971389,0.007414875
ENSG00000163507,52.01787583,1.573770591,0.439290432,0.000116012,0.000596264
ENSG00000163510,109.6485682,1.186223671,0.228521995,1.17E-07,1.01E-06
ENSG00000163516,25.01738456,0.834276732,0.381603532,0.018224477,0.049342314
ENSG00000163527,82.05697845,-1.337971683,0.22572598,1.22E-09,1.34E-08
ENSG00000163545,17.59392163,-2.013859351,0.533990984,3.10E-05,0.000180918
ENSG00000163558,118.3857051,0.967754864,0.197899051,5.98E-07,4.66E-06
ENSG00000163565,107.8546443,-0.466554567,0.202307139,0.018473319,0.049903334
ENSG00000163577,11.80879278,1.917835879,0.651906153,0.000692703,0.002956633
ENSG00000163584,71.25371378,-0.894373098,0.238248782,0.000106796,0.000555098
ENSG00000163602,81.5684049,1.950395234,0.294728986,9.80E-12,1.29E-10
ENSG00000163605,80.55328359,1.07199951,0.257455237,1.66E-05,0.000101588
ENSG00000163608,43.84373965,0.961306444,0.348090917,0.00330747,0.011685376
ENSG00000163624,40.60663322,-1.168154263,0.306986027,6.40E-05,0.000349912
ENSG00000163629,43.61792253,-1.970865172,0.314683478,7.98E-11,9.71E-10
ENSG00000163634,71.95258019,-0.979335875,0.244120967,3.38E-05,0.000194932
ENSG00000163635,36.87882393,1.2051764,0.343729103,0.000204649,0.000994071
ENSG00000163659,128.8977263,0.765065658,0.19230117,4.98E-05,0.000278802
ENSG00000163660,367.6523573,1.583762438,0.169798064,4.04E-21,9.72E-20
ENSG00000163682,172.7523767,-1.290842761,0.15503918,3.36E-17,6.60E-16
ENSG00000163683,6.433171734,-2.358759766,0.872708717,0.000890296,0.003680671
ENSG00000163687,3.612690093,-6.346069903,2.890931991,0.000101817,0.000531222
ENSG00000163734,54.66557711,5.068188954,1.239373173,3.38E-06,2.34E-05
ENSG00000163739,94.31345168,3.538377426,0.502878716,7.25E-13,1.06E-11
ENSG00000163743,38.27409337,2.120368413,0.430271528,2.00E-07,1.68E-06
ENSG00000163807,8.832041205,-1.443179706,0.67758988,0.009236732,0.028027024
ENSG00000163817,8.020435928,1.727149436,0.957595695,0.01615467,0.044837982
ENSG00000163848,31.9089932,0.893328881,0.377559151,0.010729151,0.03175258
ENSG00000163874,208.2068156,2.108200975,0.190719042,4.86E-29,1.67E-27
ENSG00000163877,67.7067877,1.257549557,0.32284626,4.41E-05,0.0002493
ENSG00000163882,62.36101307,0.947631636,0.261285659,0.000170665,0.000845363
ENSG00000163898,6.552998095,-2.614288748,0.967983505,0.000764246,0.003219352
ENSG00000163902,155.7166707,-0.511409859,0.158832139,0.001093754,0.004419854
ENSG00000163931,56.42256441,-1.202628242,0.26712654,2.98E-06,2.08E-05
ENSG00000163932,116.0918927,1.145228729,0.21257381,3.56E-08,3.30E-07
ENSG00000163935,22.34323032,2.863693355,0.592022939,2.60E-07,2.14E-06
ENSG00000163945,13.95207249,1.693556337,0.613805511,0.001515132,0.005909784
ENSG00000163950,125.196118,0.875869785,0.207516605,1.58E-05,9.69E-05
ENSG00000163960,127.1852537,1.113397081,0.230149464,6.88E-07,5.29E-06
ENSG00000163964,8.753718632,-1.425592019,0.688239642,0.010587783,0.031421809
ENSG00000163975,13.81019712,3.209740014,0.803869648,1.31E-05,8.14E-05
ENSG00000163993,66.08851364,-0.931872586,0.416163064,0.013924338,0.039538242
ENSG00000164022,68.71251795,0.91023065,0.272068906,0.000507301,0.002245992
ENSG00000164023,83.98959188,1.94580941,0.273193969,2.69E-13,4.08E-12
ENSG00000164024,54.25205184,-0.717411417,0.272443218,0.006052129,0.019610091
ENSG00000164040,32.62718977,-0.777401906,0.331071816,0.012552955,0.036298076
ENSG00000164051,19.16727361,-1.219029487,0.49051693,0.005034518,0.016809706
ENSG00000164054,39.93108919,-0.701464009,0.304308041,0.015178394,0.042504432
ENSG00000164062,40.66114778,-1.667356645,0.313240316,2.78E-08,2.62E-07
ENSG00000164080,50.79162766,2.165199985,0.411971907,3.56E-08,3.30E-07
ENSG00000164086,115.371496,-0.543391817,0.180951031,0.002229467,0.008241802
ENSG00000164088,4.345308058,1.819918299,1.065330065,0.014874956,0.041832972
ENSG00000164096,181.0115611,-1.356448291,0.15762315,2.56E-18,5.31E-17
ENSG00000164105,17.24189872,1.566919741,0.548477858,0.001211609,0.004845033
ENSG00000164111,391.1192617,1.064991994,0.120517129,5.46E-19,1.18E-17
ENSG00000164163,123.6231195,0.701261768,0.193245164,0.000214396,0.0010345
ENSG00000164164,53.67948198,1.049084355,0.294597948,0.000197281,0.000961669
ENSG00000164181,39.59471101,-0.842096867,0.32762935,0.006387501,0.020532848
ENSG00000164182,58.03633475,-1.725107467,0.301031125,2.57E-09,2.75E-08
ENSG00000164190,101.5835194,1.109503659,0.243104823,2.62E-06,1.84E-05
ENSG00000164211,54.15226544,0.636488034,0.2684316,0.013906477,0.039517874
ENSG00000164251,80.32075412,-1.417788469,0.259364595,1.61E-08,1.58E-07
ENSG00000164258,84.59163444,-1.278833567,0.231917443,1.45E-08,1.43E-07
ENSG00000164284,38.98853583,0.958560168,0.335350303,0.002427986,0.008901757
ENSG00000164300,20.26877499,-1.032735118,0.417409771,0.006625491,0.021208947
ENSG00000164305,75.85240097,1.054763183,0.237078775,4.63E-06,3.12E-05
ENSG00000164309,41.69649496,3.353630343,0.691343832,4.55E-07,3.62E-06
ENSG00000164332,47.32180242,-0.631901301,0.277521719,0.017437614,0.047632436
ENSG00000164346,33.87279165,-1.367358551,0.347943443,3.08E-05,0.000179878
ENSG00000164393,2.271740875,-4.420363442,2.871188885,0.002480925,0.009078961
ENSG00000164402,40.8421856,-0.656482986,0.28908365,0.017311116,0.047352507
ENSG00000164404,63.11644983,5.622684931,2.184953085,3.98E-06,2.71E-05
ENSG00000164405,74.22982637,-3.199975294,0.281937462,8.87E-31,3.22E-29
ENSG00000164414,32.87311463,-1.49589014,0.377809292,2.34E-05,0.000140213
ENSG00000164430,25.62200726,4.045097425,0.650810331,1.35E-10,1.62E-09
ENSG00000164442,55.49914248,-1.958020382,0.314006294,9.73E-11,1.18E-09
ENSG00000164463,44.62864988,1.573962769,0.490576662,0.000458304,0.002046793
ENSG00000164484,22.52628652,1.210599225,0.495339737,0.00610941,0.019765748
ENSG00000164520,43.60005314,-4.79767069,0.466058762,1.16E-25,3.45E-24
ENSG00000164535,45.84692119,0.941961183,0.332727741,0.002723018,0.009864863
ENSG00000164542,32.80077364,1.853794805,0.446259883,8.73E-06,5.62E-05
ENSG00000164548,204.2293007,0.977326853,0.195741696,3.56E-07,2.87E-06
ENSG00000164587,193.2879301,-1.939979237,0.148100308,8.44E-40,4.06E-38
ENSG00000164609,154.7849939,0.797805448,0.202127,5.54E-05,0.000307598
ENSG00000164611,45.24233554,-2.342482254,0.338958598,8.14E-13,1.17E-11
ENSG00000164647,7.019533998,-1.794151617,0.861282353,0.00650416,0.020864113
ENSG00000164654,17.74557174,-1.025466198,0.457641392,0.012323885,0.035715705
ENSG00000164687,262.3264628,-5.547317832,0.224128433,6.16E-136,1.29E-133
ENSG00000164713,39.27582692,0.870992738,0.324532375,0.004541187,0.015374972
ENSG00000164733,167.0974725,-0.383376336,0.150881061,0.010003092,0.029937686
ENSG00000164754,134.6612924,0.616381652,0.183785303,0.000641064,0.002761312
ENSG00000164758,40.00495974,1.714547082,0.358337253,4.73E-07,3.75E-06
ENSG00000164776,19.84401684,4.181109361,2.139311202,0.000394244,0.001788482
ENSG00000164794,3.204840527,3.759948041,2.488905867,0.003076578,0.010970742
ENSG00000164818,8.615102856,-1.290488311,0.653465314,0.016022274,0.044506318
ENSG00000164823,28.31840361,1.380191941,0.388342857,0.000139011,0.000700639
ENSG00000164825,343.4850889,-3.094504794,0.245673186,2.41E-37,1.07E-35
ENSG00000164828,64.11610589,0.801308105,0.268026005,0.001903024,0.007206844
ENSG00000164849,3.174839384,2.44966514,2.789022581,0.015573473,0.043466531
ENSG00000164850,8.440978985,4.842935006,2.338271172,0.000227697,0.001091425
ENSG00000164855,48.31703526,-1.916375189,0.310546026,1.52E-10,1.80E-09
ENSG00000164889,33.41724317,1.088543625,0.355860213,0.001105534,0.00446223
ENSG00000164904,4.43023185,-3.481961889,1.207220113,0.000457879,0.002045788
ENSG00000164919,72.92672856,-1.79265301,0.2757133,1.94E-11,2.48E-10
ENSG00000164924,403.0434744,-0.69043267,0.107368005,9.52E-11,1.15E-09
ENSG00000164949,117.4039756,5.49167068,0.652533234,6.32E-17,1.21E-15
ENSG00000164951,42.27895706,1.33917766,0.328103592,1.76E-05,0.000107279
ENSG00000164970,52.24217749,1.302561441,0.283993444,1.87E-06,1.34E-05
ENSG00000164978,30.45390741,-1.860044212,0.437730699,4.61E-06,3.11E-05
ENSG00000165030,185.794408,1.803275986,0.18088396,5.75E-24,1.57E-22
ENSG00000165097,25.90819069,-1.242859111,0.378521389,0.000415721,0.001877272
ENSG00000165113,11.80319212,4.497542534,1.334784159,6.06E-05,0.000333702
ENSG00000165118,24.8374203,2.112964171,0.471508241,1.47E-06,1.07E-05
ENSG00000165233,25.35075909,1.676257751,0.445670525,4.65E-05,0.000262343
ENSG00000165240,5.603541962,-1.63051509,0.870491591,0.012376625,0.035836638
ENSG00000165264,31.02253196,-1.763658777,0.392851975,1.71E-06,1.23E-05
ENSG00000165272,525.5191767,-1.796735447,0.103926958,1.44E-67,1.23E-65
ENSG00000165283,140.6873317,-0.935172142,0.170678115,2.58E-08,2.45E-07
ENSG00000165304,14.5087812,-1.59851917,0.563468277,0.001162377,0.004668454
ENSG00000165389,44.04296593,-0.787469933,0.294769736,0.005038451,0.016815144
ENSG00000165410,13.54459568,1.217922611,0.54813841,0.010353795,0.030833484
ENSG00000165417,26.8914563,0.847696831,0.380772699,0.016252458,0.045027889
ENSG00000165458,104.5038736,2.998193794,0.276542892,4.10E-28,1.36E-26
ENSG00000165474,287.4410386,-4.117098918,0.173294578,9.70E-126,1.74E-123
ENSG00000165480,2.896791601,-4.726596684,2.892747183,0.001764376,0.006757812
ENSG00000165494,149.1808939,1.285362875,0.233324116,1.68E-08,1.65E-07
ENSG00000165502,581.6829555,-0.282701164,0.105161295,0.006945532,0.022095052
ENSG00000165512,20.07395031,1.363930587,0.486004988,0.001836339,0.006986897
ENSG00000165516,10.226126,-1.429540004,0.627229191,0.006589982,0.021114871
ENSG00000165521,4.480885752,1.942633747,1.15127058,0.016159502,0.044842375
ENSG00000165527,127.2091693,-0.987375499,0.179849517,2.29E-08,2.18E-07
ENSG00000165609,27.79160465,-1.960048495,0.379982206,5.21E-08,4.73E-07
ENSG00000165626,11.06333146,2.230388632,0.837514715,0.001584259,0.00614123
ENSG00000165629,98.23255922,-1.933514153,0.211273249,1.25E-20,2.93E-19
ENSG00000165672,40.23118395,-0.900239905,0.325085151,0.003336107,0.011768474
ENSG00000165678,236.7683147,-0.490546988,0.129253493,0.000127842,0.000650044
ENSG00000165684,33.24540898,2.016787221,0.434031312,7.95E-07,6.06E-06
ENSG00000165698,3.854540234,-1.931073801,1.141810456,0.012337217,0.035745035
ENSG00000165699,40.31987478,0.96295418,0.38536582,0.007101544,0.022508339
ENSG00000165732,215.4258999,-0.847804182,0.147544908,6.00E-09,6.20E-08
ENSG00000165782,112.6386862,1.388707321,0.226696398,3.61E-10,4.15E-09
ENSG00000165794,19.83738343,-4.951597599,0.717143032,9.67E-13,1.38E-11
ENSG00000165795,32.72234808,-2.021240991,0.394068953,5.95E-08,5.36E-07
ENSG00000165799,580.4857253,1.83738105,0.139835414,5.68E-40,2.75E-38
ENSG00000165804,50.23108028,1.120507907,0.320924541,0.000269346,0.001269025
ENSG00000165861,86.12683487,0.814120693,0.259483368,0.001101479,0.004448467
ENSG00000165886,24.98560398,-1.168329789,0.410563975,0.001914629,0.007248802
ENSG00000165915,71.48715318,2.382538136,0.280179508,3.58E-18,7.33E-17
ENSG00000165916,126.3647924,-1.066713501,0.193686827,1.90E-08,1.84E-07
ENSG00000165943,63.45632021,1.082711535,0.273759288,3.93E-05,0.000223746
ENSG00000165949,91.11755158,-4.552776715,0.294717387,1.08E-54,7.13E-53
ENSG00000165953,18.04799564,-2.687359887,0.611473941,1.65E-06,1.19E-05
ENSG00000166012,217.6825865,1.635690723,0.185003131,3.29E-19,7.18E-18
ENSG00000166024,48.72893097,1.403020173,0.319824756,4.28E-06,2.90E-05
ENSG00000166025,60.20061707,-1.370663751,0.251528956,1.88E-08,1.82E-07
ENSG00000166033,42.36091664,-3.473701568,0.368941718,5.85E-22,1.48E-20
ENSG00000166068,21.05839578,2.302133929,0.583556113,1.71E-05,0.000104281
ENSG00000166073,16.6080662,2.786859716,1.05885709,0.002512092,0.009178415
ENSG00000166128,105.6811759,1.305115144,0.284614898,1.90E-06,1.36E-05
ENSG00000166136,151.2673861,-0.828163559,0.175620469,1.61E-06,1.16E-05
ENSG00000166165,30.95537104,-1.620851717,0.415970096,2.78E-05,0.000163145
ENSG00000166171,16.74652474,-3.118901327,0.640005078,1.17E-07,1.02E-06
ENSG00000166173,21.94151027,2.277127071,0.528700664,3.42E-06,2.36E-05
ENSG00000166188,14.88289547,1.57132456,0.572545236,0.001670386,0.006438919
ENSG00000166197,104.9287004,-1.382498589,0.205355447,6.29E-12,8.42E-11
ENSG00000166225,52.62835836,0.741311776,0.317064589,0.013707846,0.039035963
ENSG00000166226,240.1321649,-0.950455069,0.140090789,6.53E-12,8.74E-11
ENSG00000166257,4.194131013,3.188702639,2.382660504,0.005690275,0.018603599
ENSG00000166272,25.73928271,-1.015523143,0.373113669,0.00336148,0.011845869
ENSG00000166295,26.04429268,-1.101533823,0.402990774,0.002908372,0.010432943
ENSG00000166313,32.03075651,2.831802475,0.510843705,6.25E-09,6.45E-08
ENSG00000166326,42.29423456,1.433167017,0.339125653,8.74E-06,5.62E-05
ENSG00000166340,231.846768,0.688324416,0.181688722,0.00011645,0.000598292
ENSG00000166347,12.6951823,-3.941467526,0.735635379,9.86E-09,9.96E-08
ENSG00000166348,6.24006469,-2.771624113,0.973812102,0.00058351,0.002537802
ENSG00000166387,10.20811164,-3.294025124,0.756082032,1.60E-06,1.16E-05
ENSG00000166394,13.05639608,-1.448103992,0.559431189,0.002876791,0.010338467
ENSG00000166396,348.252657,-3.711276176,0.17647955,3.44E-99,4.57E-97
ENSG00000166439,45.50964998,2.167690455,0.363778502,5.35E-10,6.09E-09
ENSG00000166441,202.4448801,-1.868703484,0.145052803,1.59E-38,7.43E-37
ENSG00000166446,19.93814548,3.113492212,0.647224553,3.02E-07,2.46E-06
ENSG00000166477,55.75322715,-1.100478128,0.26977315,2.23E-05,0.000134074
ENSG00000166478,66.16424136,1.079647772,0.275059732,4.22E-05,0.000239537
ENSG00000166483,17.51129339,-1.286557803,0.492894774,0.003349241,0.011811789
ENSG00000166508,59.42407523,-1.091451456,0.329998819,0.000466957,0.002080857
ENSG00000166532,60.17803389,1.516437869,0.343520355,3.60E-06,2.47E-05
ENSG00000166535,240.7079209,-3.653897996,0.182157776,2.05E-90,2.33E-88
ENSG00000166557,10.84456342,-1.625204299,0.603663413,0.001724682,0.006620476
ENSG00000166562,22.13701695,-1.34004718,0.443680535,0.00090109,0.003718612
ENSG00000166589,5.745051188,-1.578852265,0.867507994,0.014778981,0.041596969
ENSG00000166592,837.93507,2.193859646,0.147799616,1.83E-50,1.09E-48
ENSG00000166595,236.573029,-0.607573373,0.148900542,3.69E-05,0.00021101
ENSG00000166598,888.8167193,-1.079445208,0.079643633,3.55E-42,1.79E-40
ENSG00000166681,160.0695616,-3.914715207,0.203905052,4.41E-83,4.54E-81
ENSG00000166710,371.3396496,-2.435594768,0.147020104,2.14E-62,1.64E-60
ENSG00000166716,41.70581724,0.829260913,0.341984403,0.009645166,0.029017503
ENSG00000166747,135.1306138,0.728252278,0.206436097,0.000311074,0.001444908
ENSG00000166793,7.432634178,4.067241827,2.251541309,0.000899483,0.003714205
ENSG00000166794,300.9230438,-1.591439886,0.124778844,9.18E-38,4.15E-36
ENSG00000166813,8.466963223,3.679069839,1.035245711,7.12E-05,0.000385067
ENSG00000166828,3.842016477,-2.232669958,1.469504986,0.016354546,0.045219944
ENSG00000166831,2.507155325,2.697399634,2.941817308,0.013150382,0.037728746
ENSG00000166833,4.659614363,-2.821198596,1.163693678,0.001680098,0.00647274
ENSG00000166848,102.862806,0.587401303,0.211331364,0.004437029,0.015103847
ENSG00000166869,11.16674732,-3.385242341,0.837174102,4.87E-06,3.28E-05
ENSG00000166886,96.94075351,0.845385605,0.208824492,3.42E-05,0.00019703
ENSG00000166889,129.2292206,1.20926201,0.206707667,2.33E-09,2.50E-08
ENSG00000166900,159.2044051,1.02055337,0.191448172,4.08E-08,3.75E-07
ENSG00000166913,112.0460813,-0.621777163,0.190701732,0.000878523,0.003636358
ENSG00000166974,12.42977505,-2.502461765,0.624214698,8.62E-06,5.56E-05
ENSG00000166986,154.2034108,0.829667056,0.189067155,7.64E-06,4.98E-05
ENSG00000166987,58.70281508,1.328055869,0.299839875,3.91E-06,2.67E-05
ENSG00000167004,194.066077,-1.855295903,0.160520376,1.65E-31,6.27E-30
ENSG00000167085,105.0033391,-0.651215322,0.195175651,0.000653032,0.002805765
ENSG00000167107,8.060437609,-1.629021218,0.712145347,0.00500043,0.016724656
ENSG00000167123,11.37713534,-1.474233082,0.619307097,0.004848981,0.016293142
ENSG00000167173,22.07790744,0.961842119,0.443563663,0.016249897,0.045027889
ENSG00000167182,62.71168157,1.073857936,0.326068606,0.000524812,0.002312389
ENSG00000167193,133.5598768,0.598986519,0.175676541,0.000529637,0.002329929
ENSG00000167232,20.87515468,1.272841741,0.474174333,0.002896365,0.010395274
ENSG00000167258,72.17499938,0.911055114,0.263268826,0.000332484,0.001533515
ENSG00000167272,18.75109919,-2.631017934,0.606281924,1.77E-06,1.27E-05
ENSG00000167280,105.8794334,2.200875155,0.343631612,4.11E-11,5.12E-10
ENSG00000167283,75.78416163,-1.615252965,0.230931933,7.84E-13,1.14E-11
ENSG00000167302,43.86937863,1.053929806,0.379992435,0.002904041,0.010420117
ENSG00000167323,18.47667908,-1.060706419,0.452667055,0.009045189,0.027560965
ENSG00000167325,44.75043552,-1.646129626,0.31384258,4.34E-08,3.98E-07
ENSG00000167378,41.00249776,1.027000643,0.40460941,0.005958182,0.019355674
ENSG00000167460,108.1380061,-1.571384018,0.190523325,5.00E-17,9.69E-16
ENSG00000167468,116.3995773,-0.557812232,0.178211083,0.001442991,0.005663618
ENSG00000167470,107.0074247,0.884268261,0.208296603,1.42E-05,8.81E-05
ENSG00000167513,2.255131551,-2.358886397,1.956349789,0.01477203,0.041585887
ENSG00000167515,12.71223203,-2.060923457,0.64075443,0.000221046,0.0010625
ENSG00000167522,36.6844527,0.926786055,0.345944861,0.00435298,0.01484704
ENSG00000167524,10.12121814,1.342693349,0.709733946,0.01842817,0.049805866
ENSG00000167526,198.6029406,-2.103141248,0.158236966,5.08E-41,2.53E-39
ENSG00000167528,13.02077735,2.417163047,0.742567796,0.000214139,0.001033981
ENSG00000167543,20.73404446,1.919882145,0.469140517,9.80E-06,6.25E-05
ENSG00000167548,66.2300771,1.203718845,0.297464423,2.39E-05,0.000142386
ENSG00000167552,92.77801812,0.787631959,0.217334715,0.000200327,0.000974792
ENSG00000167553,471.8623928,0.520001543,0.095682421,4.65E-08,4.24E-07
ENSG00000167555,15.09923686,1.606482008,0.566583381,0.001293519,0.005129471
ENSG00000167565,111.7565264,2.25603561,0.244587629,6.23E-21,1.48E-19
ENSG00000167566,21.46500318,2.090519571,0.621408696,0.000184372,0.000906424
ENSG00000167588,12.81346272,3.655483548,2.155420996,0.001506311,0.005882028
ENSG00000167595,24.70688764,1.066843494,0.513953696,0.018232621,0.049342807
ENSG00000167601,39.30827916,2.455954972,0.498378547,1.85E-07,1.56E-06
ENSG00000167604,30.90365298,3.352881265,0.548331992,1.78E-10,2.10E-09
ENSG00000167615,626.6397418,2.722068214,0.13548137,1.60E-90,1.84E-88
ENSG00000167617,10.84737095,-2.624476811,0.891124775,0.000349402,0.001604041
ENSG00000167635,97.7898028,0.506069202,0.209831664,0.013740297,0.039120301
ENSG00000167642,216.2444175,-0.606269077,0.144811839,2.28E-05,0.000136478
ENSG00000167644,377.2488712,-2.370665987,0.200627157,4.80E-33,1.91E-31
ENSG00000167656,396.0057639,-6.002833884,0.219981464,9.46E-165,2.84E-162
ENSG00000167658,1379.836144,-1.451102304,0.077450247,9.07E-79,8.88E-77
ENSG00000167693,37.35695848,-1.062924785,0.329736481,0.000632363,0.00272877
ENSG00000167700,20.34346679,-3.342249865,0.551513386,1.51E-10,1.79E-09
ENSG00000167702,132.7409597,1.376614692,0.195023897,6.65E-13,9.74E-12
ENSG00000167721,57.37261322,-1.089043347,0.263185908,1.77E-05,0.000107593
ENSG00000167723,203.73088,2.689501924,0.203400607,1.46E-40,7.12E-39
ENSG00000167741,19.92742515,-3.542465063,0.602156286,4.56E-10,5.21E-09
ENSG00000167754,741.3955895,-2.824588367,0.105685707,2.77E-158,6.82E-156
ENSG00000167755,35.69442475,1.087058837,0.409367446,0.003903651,0.013487829
ENSG00000167757,94.55490272,-2.119304864,0.227824871,2.72E-21,6.68E-20
ENSG00000167759,13.22253683,-2.6597064,0.731565575,3.37E-05,0.000194426
ENSG00000167767,170.3358708,-2.127862167,0.198208517,1.39E-27,4.53E-26
ENSG00000167768,1109.474328,-5.87859238,0.121672013,0,0
ENSG00000167769,19.35384323,-4.340162042,0.823626082,1.27E-08,1.26E-07
ENSG00000167772,27.38422659,1.586867813,0.422069957,5.08E-05,0.000283885
ENSG00000167785,21.31547422,1.215028469,0.490644446,0.005556805,0.018249382
ENSG00000167792,37.23953965,-1.625601824,0.32829532,2.07E-07,1.73E-06
ENSG00000167797,25.2481956,-1.306678576,0.428882591,0.000856741,0.003555797
ENSG00000167799,7.454908525,-4.619580194,1.169147201,9.99E-06,6.35E-05
ENSG00000167815,79.48364251,-2.335400177,0.23964714,3.33E-23,8.83E-22
ENSG00000167861,15.7304635,2.523808504,0.69845998,5.51E-05,0.000306049
ENSG00000167862,51.63012562,-0.993893701,0.312253927,0.000784391,0.003290151
ENSG00000167863,63.18370435,-2.352287981,0.279524548,6.51E-18,1.32E-16
ENSG00000167874,118.0311958,2.893846433,0.482699861,5.57E-10,6.34E-09
ENSG00000167880,108.5895203,-0.980108934,0.201415736,6.51E-07,5.03E-06
ENSG00000167900,11.87550585,-4.068663229,0.887175217,6.59E-07,5.08E-06
ENSG00000167914,59.69359551,-2.505037538,0.340661434,2.99E-14,4.88E-13
ENSG00000167916,4.077467336,-4.182758059,1.666583966,0.000708127,0.003010522
ENSG00000167930,11.32919573,-1.889682599,0.618542555,0.000440153,0.001975962
ENSG00000167965,13.18998971,-1.517085739,0.561854007,0.001920225,0.007260567
ENSG00000167967,32.86310692,1.066997872,0.390197926,0.003185271,0.01130284
ENSG00000167977,90.43399214,0.916270473,0.249571821,0.000148188,0.000741479
ENSG00000167978,835.0581945,0.992130473,0.111120643,2.27E-19,5.00E-18
ENSG00000167986,65.25872212,-0.735252884,0.253628762,0.002671254,0.009695765
ENSG00000167996,987.4665147,1.364588513,0.086920728,6.15E-56,4.14E-54
ENSG00000168000,27.50878827,-1.279266891,0.408917451,0.000677524,0.002898274
ENSG00000168002,57.03852306,-1.734478948,0.292759795,8.01E-10,8.98E-09
ENSG00000168003,614.6731155,1.971370139,0.105771799,3.90E-78,3.79E-76
ENSG00000168005,61.94616658,3.51233522,0.380809586,6.25E-21,1.48E-19
ENSG00000168010,13.50700877,-1.365964007,0.539322416,0.003719783,0.012930228
ENSG00000168028,220.990865,-2.123405605,0.140989627,5.52E-52,3.40E-50
ENSG00000168032,17.65727866,-1.639915024,0.492916131,0.000227999,0.001092493
ENSG00000168056,7.249162084,1.714907402,0.789462224,0.006614072,0.021182221
ENSG00000168061,9.845828701,-1.954837022,0.694331958,0.00088609,0.003664382
ENSG00000168066,143.7400513,0.87121155,0.185814453,1.78E-06,1.28E-05
ENSG00000168077,4.177329224,-1.692978336,1.067914279,0.018157551,0.049190068
ENSG00000168078,5.124300363,-1.950818524,1.239851987,0.013490118,0.038559162
ENSG00000168090,68.17768228,-1.047380471,0.253887503,1.94E-05,0.000117461
ENSG00000168092,55.36133666,1.212296632,0.281741493,7.61E-06,4.97E-05
ENSG00000168118,26.92850675,-1.269348918,0.382969449,0.000361141,0.001651341
ENSG00000168137,150.6826413,1.553606623,0.218616938,4.25E-13,6.33E-12
ENSG00000168140,7.987909606,-1.609665567,0.822829723,0.011503621,0.033712034
ENSG00000168143,72.44014339,-0.542016411,0.226254723,0.013686276,0.038990628
ENSG00000168159,36.2807935,-1.15254022,0.378156451,0.001017767,0.004144344
ENSG00000168175,68.91850345,0.808081681,0.246864395,0.000715351,0.003038426
ENSG00000168209,1053.049988,3.418793206,0.095577133,2.94E-281,1.85E-278
ENSG00000168246,30.97307007,1.327415154,0.4011602,0.000364177,0.001664122
ENSG00000168264,150.3483141,-0.374528637,0.15683722,0.015582035,0.043475957
ENSG00000168268,22.63492041,-1.445277845,0.429572123,0.000244601,0.00116517
ENSG00000168282,34.37555248,0.759547111,0.340486036,0.017677558,0.048163928
ENSG00000168283,43.24417619,1.497307466,0.35169992,7.06E-06,4.63E-05
ENSG00000168291,31.72153328,-0.869191941,0.36081673,0.009649013,0.02902275
ENSG00000168297,19.05477113,1.197684457,0.475024943,0.004930594,0.016523116
ENSG00000168298,256.1482427,7.658778255,0.800700614,1.72E-20,3.98E-19
ENSG00000168385,108.9598016,-0.561799224,0.184852083,0.001954418,0.007367104
ENSG00000168386,22.23490995,-2.589443978,0.492426936,2.23E-08,2.13E-07
ENSG00000168389,236.9249004,1.173463264,0.180008427,3.49E-11,4.37E-10
ENSG00000168393,14.00002676,-1.524110712,0.557089985,0.001721488,0.006610056
ENSG00000168394,44.34407,-0.828716111,0.311756612,0.005050819,0.016848271
ENSG00000168439,733.2307736,1.114160921,0.109946964,1.94E-24,5.39E-23
ENSG00000168447,5.925359608,-3.407379725,1.138426555,0.000377611,0.001720381
ENSG00000168453,20.16130538,-2.156762975,0.475390159,1.02E-06,7.64E-06
ENSG00000168476,34.98969912,-1.405246002,0.381916429,7.94E-05,0.00042436
ENSG00000168487,36.80229931,1.189106514,0.34273691,0.00023656,0.001129984
ENSG00000168488,221.4396566,1.488512031,0.182465993,1.27E-16,2.41E-15
ENSG00000168490,4.364785566,-1.773612269,1.035485261,0.013927629,0.039539452
ENSG00000168496,19.57818548,-1.330162498,0.460882647,0.001384566,0.005459146
ENSG00000168497,1.835506934,-3.467240758,4.302535805,0.009006467,0.027455572
ENSG00000168528,117.0009768,-1.464184151,0.19406198,1.58E-14,2.64E-13
ENSG00000168538,22.92789511,-1.024405644,0.416292126,0.006931196,0.022054533
ENSG00000168556,29.8765097,0.864977104,0.370149659,0.011962382,0.034827187
ENSG00000168575,44.48300596,-1.498955233,0.295321623,1.25E-07,1.08E-06
ENSG00000168653,424.0024984,-2.052188401,0.124157715,4.68E-62,3.57E-60
ENSG00000168701,32.62165911,-0.906469702,0.362473028,0.007185168,0.022715995
ENSG00000168710,179.3213057,0.806830542,0.166153516,8.29E-07,6.29E-06
ENSG00000168758,15.16756353,2.162361253,0.620589701,9.51E-05,0.000499497
ENSG00000168781,38.22902087,1.030490685,0.34748258,0.001619361,0.006268379
ENSG00000168785,6.407271233,-2.181767008,0.870365106,0.001790448,0.006836797
ENSG00000168795,102.6034073,0.765731887,0.238162948,0.000922306,0.003792556
ENSG00000168813,19.45574008,1.534160706,0.546428493,0.001567102,0.006088404
ENSG00000168824,30.95180423,-2.575976329,0.408956378,4.22E-11,5.25E-10
ENSG00000168876,79.32933299,1.56827983,0.284091213,1.18E-08,1.18E-07
ENSG00000168884,62.61636772,1.056209146,0.2706844,5.08E-05,0.000283616
ENSG00000168906,438.3490593,1.831750474,0.121587687,8.17E-52,4.99E-50
ENSG00000168907,42.700108,-4.440494265,0.420288033,6.81E-27,2.16E-25
ENSG00000168917,6.064415276,3.204533526,1.488519388,0.002670281,0.009694787
ENSG00000168918,17.71561993,-4.10224957,0.673003652,1.90E-10,2.24E-09
ENSG00000168936,17.23937757,-1.448688117,0.517148801,0.00153357,0.005969891
ENSG00000168938,29.96859649,-1.324025491,0.422110578,0.000614451,0.002659795
ENSG00000168994,75.20475146,0.77738745,0.24702727,0.00115424,0.00463847
ENSG00000169016,18.59755896,1.718077543,0.568942507,0.000666467,0.002856288
ENSG00000169018,67.7135623,-0.6558676,0.238098516,0.00446991,0.01518207
ENSG00000169019,23.65996412,-0.960354562,0.442165837,0.015768424,0.043916095
ENSG00000169020,171.2097871,-2.258153159,0.210762213,1.45E-27,4.71E-26
ENSG00000169032,92.49278021,0.740714027,0.209103014,0.000288732,0.001352513
ENSG00000169035,599.334568,-2.261758294,0.11527684,1.80E-86,1.94E-84
ENSG00000169045,314.7280994,1.3087618,0.143618679,3.52E-20,7.97E-19
ENSG00000169047,13.63723438,-1.121899237,0.517112469,0.012864114,0.037022894
ENSG00000169100,304.0172805,-1.71135046,0.172344037,8.02E-24,2.18E-22
ENSG00000169155,485.4321883,2.562691357,0.185035976,3.29E-44,1.74E-42
ENSG00000169174,18.53973377,-2.388317069,0.507345337,3.93E-07,3.15E-06
ENSG00000169180,192.5309863,1.206232789,0.18385836,2.59E-11,3.29E-10
ENSG00000169184,7.3407139,-1.676476827,0.867538314,0.011626866,0.03402064
ENSG00000169188,23.07591764,-2.148185819,0.46472093,6.58E-07,5.08E-06
ENSG00000169189,15.68601104,-1.265922312,0.50628457,0.004578565,0.015467367
ENSG00000169221,40.00872834,0.765031074,0.343074698,0.017602082,0.048005679
ENSG00000169230,236.3052189,-0.886612356,0.137004132,6.15E-11,7.54E-10
ENSG00000169241,83.10849643,-1.470130456,0.233537562,1.05E-10,1.26E-09
ENSG00000169246,5.442611987,2.353230159,1.501863272,0.011836706,0.034534153
ENSG00000169252,14.0160489,-2.845069307,0.620622649,5.87E-07,4.58E-06
ENSG00000169299,44.25237907,-3.26918907,0.345430044,3.76E-22,9.64E-21
ENSG00000169410,14.88880903,1.185749334,0.521233796,0.009473047,0.02861196
ENSG00000169429,1920.06706,7.027983539,0.502207589,1.96E-43,1.02E-41
ENSG00000169469,9304.707258,-4.143260837,0.086925632,0,0
ENSG00000169474,7907.33832,-4.246121447,0.152931115,9.17E-171,2.88E-168
ENSG00000169499,16.56101722,1.298801602,0.489916826,0.003012373,0.010772415
ENSG00000169504,133.5170853,0.61758922,0.183953802,0.000631196,0.002724587
ENSG00000169550,23.86282039,-4.270817074,0.562761576,4.75E-15,8.21E-14
ENSG00000169564,393.7281127,-0.565431825,0.1112978,3.08E-07,2.51E-06
ENSG00000169567,332.4671702,-0.994691914,0.114472881,2.07E-18,4.32E-17
ENSG00000169583,116.0469495,-4.397776059,0.276699657,1.00E-57,6.99E-56
ENSG00000169599,19.81330282,-0.947571518,0.442723966,0.017323017,0.047370305
ENSG00000169607,3.926827992,-4.392047476,1.642865837,0.000432505,0.001944794
ENSG00000169612,83.53355763,0.897180594,0.236408096,9.31E-05,0.000490546
ENSG00000169635,16.1400776,1.838684155,0.597545858,0.000505656,0.002240147
ENSG00000169679,3.8207251,-2.28040653,1.178382328,0.006687314,0.021377099
ENSG00000169689,24.11038701,-1.541915865,0.422562653,7.71E-05,0.000413411
ENSG00000169692,84.26169248,1.684387883,0.243171106,1.23E-12,1.75E-11
ENSG00000169710,94.96052664,-0.956379947,0.205936745,2.01E-06,1.43E-05
ENSG00000169714,757.2079448,-0.311784321,0.079897341,9.03E-05,0.000478306
ENSG00000169715,240.1370159,-2.339177275,0.163852064,4.71E-47,2.66E-45
ENSG00000169727,25.10380251,-1.02675662,0.387100714,0.004066486,0.013966527
ENSG00000169738,26.09172752,-2.211710368,0.433152805,5.75E-08,5.19E-07
ENSG00000169764,56.64749649,-1.136028323,0.2626801,7.25E-06,4.75E-05
ENSG00000169813,158.2261951,-0.614376079,0.161075719,0.000108935,0.000564941
ENSG00000169826,37.82305374,1.572645506,0.356090545,3.06E-06,2.13E-05
ENSG00000169851,4.477326489,-1.80538351,1.042518104,0.013341974,0.038191091
ENSG00000169855,8.974834601,-1.505322395,0.683339589,0.007329622,0.023103879
ENSG00000169871,12.81960513,1.14757533,0.544627099,0.015001188,0.042102175
ENSG00000169896,11.43357719,3.77923599,2.177369381,0.001250492,0.00498607
ENSG00000169905,90.74125639,1.539698599,0.297263328,8.10E-08,7.19E-07
ENSG00000169908,290.3792954,1.526689309,0.137998888,6.46E-29,2.20E-27
ENSG00000169914,45.50841877,2.564373657,0.420702644,2.29E-10,2.68E-09
ENSG00000169926,69.85599066,1.239561871,0.24478755,1.89E-07,1.59E-06
ENSG00000169951,73.59790875,2.739852098,0.498344771,1.08E-08,1.09E-07
ENSG00000169976,239.5200535,-1.83211914,0.173364633,1.01E-26,3.19E-25
ENSG00000169991,121.2652796,-3.125067973,0.24484241,3.15E-38,1.46E-36
ENSG00000169992,93.54663702,2.779817068,0.394024719,4.21E-13,6.27E-12
ENSG00000170004,168.7447358,1.031124435,0.197649578,8.42E-08,7.46E-07
ENSG00000170006,32.85988744,-3.416824365,0.409762365,9.34E-18,1.89E-16
ENSG00000170017,35.8353363,-0.841582219,0.338130889,0.008039055,0.024975002
ENSG00000170027,607.6295737,0.45990991,0.094644719,1.03E-06,7.75E-06
ENSG00000170037,117.0551572,2.051961603,0.280897807,7.56E-14,1.20E-12
ENSG00000170043,123.661326,-1.505152392,0.205041353,6.98E-14,1.11E-12
ENSG00000170100,12.39523508,1.771428092,0.636000994,0.001280944,0.005086912
ENSG00000170175,59.73379889,1.564027346,0.35692639,4.02E-06,2.74E-05
ENSG00000170248,155.7157415,-0.505395085,0.168053548,0.002218942,0.008218305
ENSG00000170260,59.40494227,1.151547602,0.328613486,0.000220318,0.001059738
ENSG00000170265,48.87815119,1.112950043,0.292689374,7.17E-05,0.000387411
ENSG00000170266,18.36678081,-1.25388549,0.494595253,0.004206226,0.014407029
ENSG00000170271,2.902194236,-3.043354897,1.606520138,0.005209098,0.017276029
ENSG00000170275,16.95814676,-1.551334872,0.478859164,0.000336154,0.001547854
ENSG00000170296,290.4544576,-0.870632956,0.124571376,1.70E-12,2.39E-11
ENSG00000170310,10.76093876,-1.431104836,0.626485067,0.006407295,0.020586884
ENSG00000170312,7.366430058,-2.600177008,0.826789697,0.000213692,0.001032186
ENSG00000170315,4370.518263,1.920583247,0.071368285,3.11E-160,8.26E-158
ENSG00000170322,80.63226167,1.504112231,0.293543788,1.05E-07,9.21E-07
ENSG00000170340,132.7844287,0.629612114,0.193633093,0.000903691,0.003728232
ENSG00000170345,2066.276386,3.584151446,0.166085746,1.29E-103,1.85E-101
ENSG00000170348,75.86596127,-2.11144054,0.232859446,2.36E-20,5.41E-19
ENSG00000170385,73.83028986,-1.854736725,0.265911482,7.41E-13,1.08E-11
ENSG00000170412,19.59456775,2.867302044,0.759951937,3.83E-05,0.000218773
ENSG00000170421,52.29216016,2.767667134,0.328990022,6.64E-18,1.34E-16
ENSG00000170423,48.8576936,-2.691472604,0.361209798,1.33E-14,2.24E-13
ENSG00000170426,126.1615332,-3.130422061,0.253178463,5.02E-36,2.21E-34
ENSG00000170454,136.3472871,-5.570305174,0.303013042,4.26E-76,4.06E-74
ENSG00000170465,709.1423581,-6.020275313,0.149843664,0,0
ENSG00000170473,30.56574081,-1.127647387,0.378341511,0.001313986,0.005203159
ENSG00000170477,2.39642936,-4.458911723,3.099454266,0.003285926,0.011618187
ENSG00000170502,30.15621598,-1.396269537,0.380164305,8.35E-05,0.000444571
ENSG00000170515,138.9312628,-2.068610219,0.176700071,2.41E-32,9.36E-31
ENSG00000170522,15.54465528,-1.81562505,0.526812107,0.000123241,0.000628439
ENSG00000170525,94.03742753,3.269612462,0.331444422,1.38E-23,3.73E-22
ENSG00000170537,14.10178799,2.076826842,0.645815696,0.000258689,0.001225509
ENSG00000170540,243.5229979,0.968028607,0.14822935,3.96E-11,4.93E-10
ENSG00000170545,23.99315424,-1.469682234,0.423632415,0.000163217,0.00081109
ENSG00000170571,22.13304718,-1.386500118,0.426105584,0.000384706,0.001749238
ENSG00000170633,38.82423652,1.211298553,0.330537565,0.000110161,0.000570011
ENSG00000170689,3.301864813,4.580939797,2.585701398,0.001132598,0.004562128
ENSG00000170734,24.38654251,-1.928305271,0.433868519,1.83E-06,1.31E-05
ENSG00000170779,25.46086418,-0.998185232,0.382584586,0.004751634,0.016008925
ENSG00000170786,38.04137036,-2.320441861,0.346531711,3.57E-12,4.87E-11
ENSG00000170802,33.13602777,1.346238236,0.372490346,0.00011521,0.000592802
ENSG00000170852,73.46563329,1.309611869,0.286481024,2.05E-06,1.46E-05
ENSG00000170855,79.39162306,-1.347683944,0.2468833,1.83E-08,1.78E-07
ENSG00000170871,70.65405634,1.868204392,0.280274231,7.11E-12,9.48E-11
ENSG00000170873,12.3198007,-2.52198889,0.626618528,7.75E-06,5.04E-05
ENSG00000170876,205.6748866,0.596508875,0.150872677,6.21E-05,0.000340403
ENSG00000170889,161.0939593,-2.128471511,0.171616896,5.24E-36,2.29E-34
ENSG00000170899,37.07870031,-3.5924257,0.396309771,1.47E-20,3.42E-19
ENSG00000170906,21.52291285,-2.162956041,0.463327797,5.30E-07,4.16E-06
ENSG00000170919,25.38392932,3.275920668,0.682858291,4.22E-07,3.37E-06
ENSG00000170921,19.01092846,1.120534173,0.472896009,0.008197282,0.025369476
ENSG00000170949,28.40315395,1.338489131,0.394410726,0.000265863,0.001255618
ENSG00000171159,43.69531063,-2.198972017,0.358074323,1.43E-10,1.70E-09
ENSG00000171163,49.64761958,1.022711618,0.305262927,0.000438894,0.001970954
ENSG00000171169,27.6349762,1.374347839,0.445147891,0.000753582,0.003180256
ENSG00000171206,17.88264293,1.193482753,0.501305286,0.007300358,0.02303268
ENSG00000171219,41.91902597,1.344883501,0.32703305,1.53E-05,9.44E-05
ENSG00000171223,963.7087952,1.681548441,0.101720509,6.46E-62,4.90E-60
ENSG00000171224,16.50087127,3.161351783,0.658877201,2.13E-07,1.79E-06
ENSG00000171241,3.064903277,-2.814046264,1.530486046,0.006837081,0.021775148
ENSG00000171314,56.4490344,-0.993324002,0.266528823,0.000106747,0.000555051
ENSG00000171316,20.31972862,1.021628946,0.44424964,0.011035538,0.032568524
ENSG00000171346,11.31195749,-2.668777092,0.700402764,1.96E-05,0.000118508
ENSG00000171401,14.57376663,-3.776814897,0.695489157,7.67E-09,7.85E-08
ENSG00000171403,5.021742019,-2.829013809,1.157195603,0.001603038,0.006208792
ENSG00000171443,15.88206309,-1.510726155,0.50078922,0.000736212,0.003116481
ENSG00000171456,85.69309093,1.730750142,0.320318986,2.09E-08,2.01E-07
ENSG00000171462,12.81985345,2.288203148,0.671668496,0.000109426,0.000567058
ENSG00000171476,48.7471094,-2.953250596,0.359279692,2.83E-17,5.60E-16
ENSG00000171490,84.39943059,-0.678020921,0.214203422,0.001163343,0.00467086
ENSG00000171497,151.5109945,0.946726564,0.212706418,5.17E-06,3.46E-05
ENSG00000171517,18.36151139,-1.244700878,0.453491247,0.002345707,0.008643725
ENSG00000171530,73.50865385,-0.57563392,0.228074947,0.009367783,0.028358994
ENSG00000171552,63.62190263,-0.920833915,0.245566226,0.000105936,0.000551045
ENSG00000171606,259.2305686,2.292369137,0.238521449,1.96E-22,5.09E-21
ENSG00000171608,19.90174491,2.276619015,0.552622914,7.66E-06,4.98E-05
ENSG00000171617,32.6253809,1.381904189,0.367700846,6.38E-05,0.000348881
ENSG00000171700,16.20575723,1.180476593,0.497459411,0.007413534,0.023331077
ENSG00000171786,10.30829332,4.099670937,2.218082415,0.000724308,0.003072686
ENSG00000171813,33.94577591,0.87702011,0.343016245,0.006491778,0.020829234
ENSG00000171823,23.83056402,2.097589999,0.714851365,0.00083993,0.003491277
ENSG00000171848,3.924483097,-2.568059954,1.175728928,0.003325539,0.011740201
ENSG00000171858,513.8859884,-2.574294764,0.123167774,6.77E-98,8.81E-96
ENSG00000171863,171.042577,-1.808510511,0.163468878,4.73E-29,1.63E-27
ENSG00000171865,49.23908062,0.805145313,0.300504875,0.004948634,0.016573604
ENSG00000171867,667.9338873,-0.956958602,0.090671557,2.81E-26,8.61E-25
ENSG00000171903,31.3038162,6.394056176,2.292371697,4.33E-07,3.45E-06
ENSG00000171954,37.3264368,-3.251097149,0.442232469,2.35E-14,3.87E-13
ENSG00000171960,32.15390353,-1.616234202,0.421043887,3.35E-05,0.000193493
ENSG00000171988,197.1948791,1.997338078,0.200421974,5.92E-24,1.61E-22
ENSG00000171992,11.12905732,1.246254702,0.607979014,0.015142913,0.042422687
ENSG00000172037,128.840519,2.696674046,0.237325025,1.21E-30,4.37E-29
ENSG00000172053,45.03644721,-1.849005409,0.305497328,3.31E-10,3.82E-09
ENSG00000172086,19.58067358,-1.075849267,0.463759175,0.009382568,0.028388387
ENSG00000172137,21.78004087,-3.105072641,0.597318657,2.46E-08,2.34E-07
ENSG00000172172,21.32402915,-1.740929652,0.458626292,3.52E-05,0.000202324
ENSG00000172183,21.44719279,1.176704015,0.490448271,0.007224178,0.022818416
ENSG00000172201,13.97839751,-2.318288251,0.727568171,0.000246115,0.001171572
ENSG00000172216,403.8486909,0.889961062,0.108535875,1.56E-16,2.94E-15
ENSG00000172239,50.02712973,0.722257222,0.299158415,0.011329084,0.033306639
ENSG00000172269,21.01349895,-1.004675908,0.448190464,0.012580993,0.03635973
ENSG00000172270,139.7368617,-1.582876471,0.178630818,2.33E-19,5.13E-18
ENSG00000172296,20.26322318,-4.450363348,0.637067389,4.26E-13,6.33E-12
ENSG00000172336,65.66253174,-1.612246364,0.325507967,2.06E-07,1.72E-06
ENSG00000172340,23.19260207,-2.080749166,0.465266015,1.41E-06,1.03E-05
ENSG00000172345,8.153570253,-2.241951097,0.766637914,0.00051597,0.002277793
ENSG00000172361,86.85291019,2.448353519,0.533158326,1.39E-06,1.02E-05
ENSG00000172380,156.6662015,-1.296442834,0.17084513,1.36E-14,2.29E-13
ENSG00000172428,58.83854188,-1.686248344,0.288401104,1.35E-09,1.48E-08
ENSG00000172432,118.8172589,2.056290216,0.216517196,4.98E-22,1.27E-20
ENSG00000172500,23.39221576,-1.839109925,0.435388218,5.42E-06,3.62E-05
ENSG00000172530,17.68046407,1.353654378,0.553892379,0.0052049,0.017273083
ENSG00000172534,122.8526883,0.943472124,0.28315592,0.000521229,0.002298071
ENSG00000172548,69.7897864,-3.09119624,0.281298692,5.59E-29,1.91E-27
ENSG00000172586,56.50632706,-1.217524294,0.297651659,1.84E-05,0.000111479
ENSG00000172590,25.84920291,-1.126807231,0.41022321,0.002710472,0.009827777
ENSG00000172594,18.98514788,-2.443466876,0.620145382,1.07E-05,6.77E-05
ENSG00000172638,8.451091922,2.849381736,1.179518697,0.003201132,0.011352757
ENSG00000172661,65.90510827,0.918504911,0.290576191,0.000981017,0.004005337
ENSG00000172732,15.45833001,1.084178555,0.49822029,0.013769729,0.039187928
ENSG00000172757,181.6981737,-1.951969111,0.151486523,1.22E-38,5.70E-37
ENSG00000172766,35.78969827,2.020308519,0.483050894,7.04E-06,4.62E-05
ENSG00000172809,226.4339578,-1.9479967,0.156951224,5.10E-36,2.23E-34
ENSG00000172818,113.1865252,-1.769010736,0.205461213,1.90E-18,3.99E-17
ENSG00000172819,89.73843739,-0.794442427,0.207992417,9.11E-05,0.000481335
ENSG00000172824,4.700533582,-1.989088065,1.133809938,0.012109608,0.035203832
ENSG00000172831,85.77389478,-2.42429577,0.244142987,5.01E-24,1.37E-22
ENSG00000172867,34.22035085,-5.940154077,0.647723213,1.87E-20,4.30E-19
ENSG00000172888,56.39028366,2.335334327,0.331745737,4.01E-13,5.98E-12
ENSG00000172893,71.40158562,-1.074594612,0.250848642,9.38E-06,6.01E-05
ENSG00000172901,8.923181092,4.440067699,2.274359933,0.000427457,0.001925858
ENSG00000172939,162.5772244,0.671609386,0.16226266,2.71E-05,0.000159887
ENSG00000172943,59.90712518,1.304213275,0.352385495,9.12E-05,0.000481893
ENSG00000172977,101.4611336,0.651415086,0.241364676,0.005262892,0.017420942
ENSG00000172992,19.073664,-1.059499143,0.472889822,0.011781539,0.034402294
ENSG00000173039,116.0295087,1.053095994,0.209437965,2.73E-07,2.24E-06
ENSG00000173040,16.83755694,2.567532266,0.644535817,1.21E-05,7.57E-05
ENSG00000173064,36.70089526,1.421738924,0.390065122,9.83E-05,0.000514655
ENSG00000173083,11.99819952,-1.202283221,0.592914466,0.015961659,0.04437367
ENSG00000173085,14.63442721,-1.288355611,0.564498805,0.00781279,0.024387356
ENSG00000173110,2945.550104,9.243635913,0.698934555,5.41E-38,2.49E-36
ENSG00000173113,119.9343007,-1.55079143,0.215428134,1.90E-13,2.92E-12
ENSG00000173120,100.9561231,0.586406632,0.215087693,0.005230132,0.017324971
ENSG00000173141,21.24624465,-1.605087767,0.497845331,0.000329494,0.001523799
ENSG00000173145,124.7399471,1.151918752,0.229066777,2.47E-07,2.04E-06
ENSG00000173156,332.6280338,-2.048921633,0.126204973,6.21E-60,4.48E-58
ENSG00000173163,21.96397484,-1.05381083,0.428065867,0.006706434,0.021423332
ENSG00000173166,14.95511294,1.560663652,0.599208525,0.002723759,0.009864863
ENSG00000173193,27.52137639,1.845571782,0.480055853,3.14E-05,0.000182921
ENSG00000173207,17.398516,-1.063841437,0.475175752,0.01175597,0.034334898
ENSG00000173239,46.7361213,-3.09500277,0.403862907,2.18E-15,3.85E-14
ENSG00000173264,44.06935325,0.870147548,0.378572976,0.013255494,0.037990825
ENSG00000173267,13.62050901,-3.044216091,0.648935951,3.34E-07,2.71E-06
ENSG00000173327,22.81234419,1.46988104,0.446504702,0.000331235,0.001529288
ENSG00000173334,216.7937703,1.828410001,0.1807597,1.47E-24,4.09E-23
ENSG00000173338,8.772160036,-3.887752679,0.94198167,4.53E-06,3.06E-05
ENSG00000173409,18.64483337,-1.038202384,0.442883852,0.009252922,0.028069975
ENSG00000173418,104.1588328,-1.289950261,0.219809098,1.78E-09,1.93E-08
ENSG00000173432,16.14906175,-4.070431121,0.996728582,3.46E-06,2.39E-05
ENSG00000173465,19.74288958,-1.05680042,0.489504929,0.014338888,0.040548494
ENSG00000173517,31.74920442,1.548294816,0.499518721,0.000649519,0.002793196
ENSG00000173530,171.3818086,3.866746025,0.242546299,7.21E-58,5.08E-56
ENSG00000173542,35.80598181,1.586258163,0.387381933,1.34E-05,8.33E-05
ENSG00000173545,156.6153919,0.922773505,0.178804909,1.53E-07,1.31E-06
ENSG00000173559,22.50503771,1.257346053,0.476245847,0.003364936,0.01185502
ENSG00000173575,131.1841794,1.192742068,0.198058354,8.20E-10,9.17E-09
ENSG00000173621,20.32167937,3.880629157,0.74235851,2.75E-08,2.60E-07
ENSG00000173653,42.07428683,1.320938809,0.355479273,8.03E-05,0.00042848
ENSG00000173660,186.7677272,-2.053283736,0.149931098,2.31E-43,1.19E-41
ENSG00000173692,140.6701753,-0.634983889,0.169973666,0.000146366,0.000734224
ENSG00000173726,71.81965759,-1.17273315,0.24859557,1.10E-06,8.19E-06
ENSG00000173744,66.16310709,0.962080753,0.259135723,0.000120376,0.000616625
ENSG00000173801,858.0744688,-2.475307935,0.09117086,4.02E-163,1.18E-160
ENSG00000173812,840.5207969,0.420873808,0.076564174,3.37E-08,3.13E-07
ENSG00000173846,30.70458517,1.176796238,0.393503769,0.001241676,0.004953782
ENSG00000173848,63.14155231,-0.835498107,0.261475248,0.000915642,0.003768522
ENSG00000173889,35.05565404,1.390301578,0.389373176,0.000132695,0.000672736
ENSG00000173894,1.945152857,-4.236736397,3.694367458,0.005483376,0.018043014
ENSG00000173898,41.14006836,-0.652638393,0.287362931,0.01737936,0.047492114
ENSG00000173915,223.4954811,-1.28655616,0.149892081,3.87E-18,7.90E-17
ENSG00000173917,14.80301439,1.170400663,0.548912171,0.013814169,0.039290093
ENSG00000173933,259.9480759,1.391856051,0.190584814,1.16E-13,1.80E-12
ENSG00000174010,29.23200667,1.731405424,0.606263379,0.001272131,0.005057387
ENSG00000174106,65.53733213,0.828041208,0.280399876,0.002099198,0.007825212
ENSG00000174132,26.21138537,-2.527860793,0.443450622,1.71E-09,1.86E-08
ENSG00000174145,12.48442669,-2.295628531,0.647514825,6.15E-05,0.000337701
ENSG00000174233,43.6761274,1.485719558,0.348044576,6.53E-06,4.30E-05
ENSG00000174292,15.66011603,1.068699931,0.509507239,0.016883945,0.046340183
ENSG00000174306,11.35881702,-1.441465967,0.591607609,0.004441939,0.015113878
ENSG00000174307,64.56961038,-1.403099853,0.28771746,3.81E-07,3.06E-06
ENSG00000174332,4.297459224,-2.065154303,1.356097278,0.015923038,0.044319871
ENSG00000174371,2.017800311,-4.482640167,2.951548814,0.002627073,0.009547962
ENSG00000174405,92.99188406,0.681308092,0.223720935,0.001770316,0.006774921
ENSG00000174437,202.9093276,0.551510874,0.160937299,0.000507725,0.002247148
ENSG00000174444,651.6107031,-2.352637477,0.08742111,2.74E-160,7.41E-158
ENSG00000174547,21.89650911,-1.381028276,0.453678395,0.000788979,0.003306379
ENSG00000174564,176.3240724,-2.430856272,0.168120842,3.57E-48,2.03E-46
ENSG00000174567,5.926617757,1.837125549,1.069738672,0.015562625,0.043448153
ENSG00000174574,302.2742432,1.018002701,0.136935321,6.06E-14,9.69E-13
ENSG00000174579,29.46446104,1.396342493,0.429042046,0.000410481,0.001854828
ENSG00000174652,97.76172355,1.331252632,0.275554104,5.91E-07,4.61E-06
ENSG00000174684,5.865119857,-2.132408642,0.940490382,0.003089063,0.011006731
ENSG00000174695,44.31620897,-0.793510948,0.317088992,0.008140555,0.02525054
ENSG00000174705,20.30725496,-1.127992024,0.425825086,0.003600291,0.012578232
ENSG00000174718,53.50178948,1.653387349,0.357287598,1.16E-06,8.60E-06
ENSG00000174744,50.93975514,-1.44919941,0.280957989,8.51E-08,7.53E-07
ENSG00000174748,144.1054866,-1.805287402,0.170822059,1.07E-26,3.35E-25
ENSG00000174780,68.9758122,-0.802057827,0.23958892,0.000547232,0.002398159
ENSG00000174791,9.874198655,-3.265961511,0.819917486,7.32E-06,4.78E-05
ENSG00000174839,30.63918952,1.371974756,0.40739147,0.0002755,0.001295806
ENSG00000174840,30.83684877,0.916075491,0.372481514,0.008194933,0.025367896
ENSG00000174851,53.30191237,-1.153129125,0.292127988,3.67E-05,0.000210206
ENSG00000174886,37.93547994,-1.065982428,0.346048835,0.001026046,0.004174138
ENSG00000174903,277.3029715,-1.375016611,0.1335883,2.94E-25,8.50E-24
ENSG00000174917,24.87524605,-2.873862262,0.508790369,1.93E-09,2.08E-08
ENSG00000174943,21.25233623,1.529762459,0.489967929,0.000569775,0.002485898
ENSG00000174950,8.6659562,-1.727475579,0.804378485,0.006095377,0.01973632
ENSG00000174996,71.32748045,1.45437906,0.283890244,1.10E-07,9.57E-07
ENSG00000175029,27.23486745,1.25571814,0.390587388,0.000542437,0.002381681
ENSG00000175040,7.324944337,-2.752700343,0.964389099,0.000456468,0.002041239
ENSG00000175061,159.7782558,-1.712388654,0.1646176,6.66E-26,1.99E-24
ENSG00000175063,39.46244103,-1.563965722,0.373891351,8.88E-06,5.71E-05
ENSG00000175073,29.14938596,1.186326453,0.409749855,0.001693308,0.006519991
ENSG00000175104,34.97099736,0.857992483,0.353079083,0.009517105,0.028707063
ENSG00000175105,59.34238233,1.259846823,0.321545078,3.93E-05,0.000223709
ENSG00000175106,5.506458559,2.734267912,1.486728029,0.006187682,0.019983622
ENSG00000175121,43.39710914,-3.908063085,0.453632514,7.78E-19,1.66E-17
ENSG00000175183,79.20406039,1.309169819,0.300388754,5.66E-06,3.77E-05
ENSG00000175197,468.0693136,2.597095588,0.133826044,1.11E-84,1.16E-82
ENSG00000175220,39.33563727,-1.064099351,0.310276517,0.000302127,0.001407139
ENSG00000175265,36.57854771,2.04104386,0.415853074,2.16E-07,1.80E-06
ENSG00000175287,4.983486577,-2.295264452,1.304280107,0.006998035,0.022241568
ENSG00000175348,38.16897039,-0.890237515,0.312930211,0.002666237,0.009682648
ENSG00000175352,6.346142111,2.496227317,2.239108097,0.012320151,0.035715705
ENSG00000175376,51.65842337,0.684687702,0.299499447,0.016481436,0.045516072
ENSG00000175390,24.53263873,-1.565192289,0.40991534,3.93E-05,0.000223746
ENSG00000175416,508.4776017,-1.865900671,0.104923533,2.33E-71,2.06E-69
ENSG00000175470,166.5698813,2.623564049,0.274264052,2.73E-22,7.06E-21
ENSG00000175505,55.31564541,4.497355834,0.465664265,1.60E-22,4.17E-21
ENSG00000175550,301.0112271,-0.311055136,0.125366494,0.012276494,0.035621449
ENSG00000175573,87.30653779,0.869353536,0.231523848,0.000111865,0.000577961
ENSG00000175592,496.0579349,2.455288206,0.127827968,6.99E-83,7.15E-81
ENSG00000175600,6.589349681,-2.24190293,0.933463794,0.002161547,0.008020798
ENSG00000175602,17.07699518,-1.95519294,0.546307399,6.65E-05,0.000362025
ENSG00000175634,45.39268906,-0.989722966,0.286082829,0.000292328,0.001366111
ENSG00000175643,4.488078161,-2.078296667,1.062677711,0.006648062,0.021276265
ENSG00000175662,43.78637289,-1.52401174,0.321616204,6.80E-07,5.23E-06
ENSG00000175756,75.21861909,-1.474992372,0.250318857,1.28E-09,1.41E-08
ENSG00000175768,47.68283543,-1.562598463,0.298434448,4.98E-08,4.52E-07
ENSG00000175792,20.64793558,-2.293938891,0.475590962,2.26E-07,1.88E-06
ENSG00000175793,5120.979143,-0.963101647,0.067326821,1.23E-46,6.81E-45
ENSG00000175832,36.51233805,0.758855908,0.336052571,0.016614361,0.045779134
ENSG00000175854,16.95396543,-1.430414684,0.510891404,0.00159602,0.006183345
ENSG00000175906,36.91646519,-2.027400963,0.353933082,2.04E-09,2.19E-08
ENSG00000176018,68.0340079,1.191430414,0.277248118,8.55E-06,5.53E-05
ENSG00000176076,9.218497684,3.204651328,2.336990379,0.005125325,0.017030939
ENSG00000176087,56.63845708,-1.266135442,0.277527993,2.10E-06,1.50E-05
ENSG00000176105,149.6531731,1.091656748,0.175800913,2.85E-10,3.31E-09
ENSG00000176153,16.04304865,-5.474537936,0.917715632,1.29E-09,1.42E-08
ENSG00000176155,7.705765715,1.645248793,0.832762991,0.011384233,0.033441501
ENSG00000176170,216.3908085,4.511297249,0.291615326,2.59E-54,1.67E-52
ENSG00000176171,37.90264229,1.675952671,0.34035154,2.40E-07,1.99E-06
ENSG00000176194,6.972226665,-3.780188558,1.090434418,5.80E-05,0.000320907
ENSG00000176261,19.30727379,-1.224381605,0.474118048,0.003862057,0.01336754
ENSG00000176340,491.9949662,-1.392033318,0.120032429,1.58E-31,6.00E-30
ENSG00000176386,80.91219887,1.91496303,0.318298327,4.28E-10,4.89E-09
ENSG00000176390,37.84680878,0.779375324,0.311813016,0.008481609,0.026138055
ENSG00000176393,35.84846433,-1.923688717,0.358805002,1.76E-08,1.72E-07
ENSG00000176401,2.759229245,2.233679404,1.943822926,0.016944267,0.046481301
ENSG00000176407,69.31301044,0.97285072,0.254476917,7.69E-05,0.00041259
ENSG00000176428,5.928542127,3.732006412,1.496903605,0.00096834,0.003965311
ENSG00000176438,4.429091912,4.638842408,2.412429687,0.000531078,0.002335527
ENSG00000176444,60.33796682,0.900108061,0.273219433,0.000610214,0.002643942
ENSG00000176593,9.650832992,2.764373472,0.984108902,0.001055104,0.004279963
ENSG00000176597,134.9791615,0.898531094,0.188481695,1.20E-06,8.88E-06
ENSG00000176623,9.622462715,-1.686553295,0.685232699,0.00302005,0.010794273
ENSG00000176624,87.7113887,0.802537877,0.245880733,0.000753053,0.003178992
ENSG00000176658,32.69333079,-1.262035988,0.342149523,9.09E-05,0.000480412
ENSG00000176840,47.70507332,3.876705601,2.06409633,0.000600717,0.002607707
ENSG00000176853,54.58758438,0.633439803,0.278017847,0.017628962,0.048059992
ENSG00000176871,74.4867299,0.703071348,0.22617977,0.00140723,0.005537434
ENSG00000176890,7.722594447,-3.302288382,0.945973558,6.15E-05,0.000337701
ENSG00000176903,83.85865869,2.133339589,0.243634757,4.28E-19,9.28E-18
ENSG00000176915,133.3752257,2.11491424,0.22743172,3.46E-21,8.40E-20
ENSG00000176920,29.11561452,1.691227536,0.411115196,1.05E-05,6.63E-05
ENSG00000176953,43.04230672,0.832934448,0.301519843,0.003735301,0.012980899
ENSG00000176973,7.363710658,-2.065784604,0.809344402,0.001685366,0.006491222
ENSG00000176994,101.989938,1.052142811,0.251867731,1.63E-05,0.000100025
ENSG00000177000,51.25858078,2.223374792,0.403128006,8.46E-09,8.61E-08
ENSG00000177030,23.10444326,1.220831673,0.429425229,0.001896088,0.007186491
ENSG00000177096,11.05633187,1.36773852,0.617617133,0.00870508,0.026695577
ENSG00000177098,2.964978039,-2.590205847,1.488508558,0.007134239,0.022591212
ENSG00000177106,184.4571399,0.657215305,0.169257456,8.01E-05,0.000427823
ENSG00000177125,54.18435397,1.961736649,0.370282651,3.09E-08,2.90E-07
ENSG00000177156,102.0084322,-2.388476257,0.213599854,8.41E-30,2.95E-28
ENSG00000177169,79.95466121,1.493342962,0.303675524,3.04E-07,2.48E-06
ENSG00000177374,6.060073337,2.845430547,1.225145041,0.003676795,0.012806606
ENSG00000177380,11.93316404,-1.269088423,0.64005832,0.016290185,0.045078113
ENSG00000177410,52.67853783,-1.664495545,0.28637364,1.73E-09,1.88E-08
ENSG00000177426,34.24163591,1.132609571,0.35000745,0.000580024,0.002524229
ENSG00000177427,22.98378584,1.121585258,0.451454335,0.005958091,0.019355674
ENSG00000177459,6.019431968,2.488578121,1.013849728,0.001780631,0.006806845
ENSG00000177463,39.54724352,1.149669945,0.363604803,0.000751706,0.003175249
ENSG00000177479,55.22661977,0.797845033,0.290104833,0.004032047,0.013872413
ENSG00000177494,32.99440879,-4.410778982,0.509030174,6.81E-19,1.46E-17
ENSG00000177508,42.76301664,-1.562630638,0.32262683,3.81E-07,3.06E-06
ENSG00000177542,26.30108438,1.01625517,0.400338954,0.005847233,0.019035579
ENSG00000177556,22.16998253,-2.781464117,0.493825453,2.32E-09,2.49E-08
ENSG00000177600,560.2107164,-2.654062998,0.099924779,3.10E-156,7.38E-154
ENSG00000177606,1850.075274,0.747675313,0.086448864,1.43E-17,2.85E-16
ENSG00000177628,35.10223432,-1.689157012,0.389879802,3.83E-06,2.62E-05
ENSG00000177646,24.5752472,-2.012308048,0.436520422,7.77E-07,5.92E-06
ENSG00000177674,39.14138541,-1.043253,0.366693455,0.00222412,0.008230855
ENSG00000177700,170.6037288,-2.852749194,0.225122944,1.09E-37,4.88E-36
ENSG00000177731,183.1779594,0.879584639,0.157186959,1.43E-08,1.41E-07
ENSG00000177733,63.69778577,0.983605722,0.272545557,0.000176257,0.000870561
ENSG00000177822,6.276839613,1.925478853,1.074459721,0.014624145,0.04124529
ENSG00000177830,12.33615203,-1.848087264,0.628146443,0.000645036,0.002774779
ENSG00000177879,58.16046663,-0.600169471,0.258537267,0.015954963,0.044363991
ENSG00000177954,637.9391423,-2.180037396,0.107492675,3.78E-92,4.53E-90
ENSG00000177971,33.31893785,-1.077172356,0.379155465,0.002160475,0.008018978
ENSG00000178035,181.606227,-1.847696144,0.159357581,1.08E-31,4.13E-30
ENSG00000178038,155.5008064,0.632588861,0.168633098,0.00014043,0.000706759
ENSG00000178057,26.36145894,-3.171220897,0.507006467,4.44E-11,5.52E-10
ENSG00000178078,83.19211831,-0.86553447,0.249450858,0.000330651,0.001527615
ENSG00000178093,10.25718118,1.636366402,0.794248329,0.009226629,0.028008684
ENSG00000178163,43.89579602,1.479968767,0.342315872,5.41E-06,3.61E-05
ENSG00000178172,162.8265869,-4.374617322,0.340334897,6.92E-39,3.25E-37
ENSG00000178184,17.21815949,-2.087379802,0.512002845,8.13E-06,5.27E-05
ENSG00000178209,290.1813446,2.852106986,0.161789268,2.22E-70,1.94E-68
ENSG00000178252,104.7284954,1.054485733,0.221402149,1.04E-06,7.75E-06
ENSG00000178338,11.56137462,1.247448134,0.622573529,0.016560267,0.045664852
ENSG00000178363,222.7438631,-6.627780817,0.315030115,1.44E-98,1.89E-96
ENSG00000178372,1005.133689,-4.162888756,0.154570398,8.24E-161,2.27E-158
ENSG00000178381,128.4842263,1.932725119,0.264054443,6.82E-14,1.09E-12
ENSG00000178425,5.344929838,-2.113319658,0.93296852,0.003319784,0.011725881
ENSG00000178449,30.98244118,-1.606993547,0.463065,0.000137874,0.000695923
ENSG00000178467,10.22289281,1.685537206,0.811103224,0.00939026,0.028405434
ENSG00000178498,49.61992102,2.886889371,0.534611257,1.76E-08,1.71E-07
ENSG00000178573,13.06057605,-3.547622278,0.678879882,2.10E-08,2.02E-07
ENSG00000178585,64.93390866,-2.428939568,0.280196854,6.96E-19,1.49E-17
ENSG00000178691,42.35040607,0.916006634,0.331073472,0.003386916,0.011922091
ENSG00000178726,18.27078426,-2.552962342,0.514573323,9.75E-08,8.57E-07
ENSG00000178741,104.9718129,-2.075310134,0.232077485,7.54E-20,1.69E-18
ENSG00000178750,9.409141506,-2.455710611,0.873591749,0.000636725,0.002745018
ENSG00000178761,66.14528166,0.849505722,0.254614214,0.000553874,0.002424186
ENSG00000178773,30.21435416,1.515394276,0.439734054,0.00018404,0.000905436
ENSG00000178776,13.38227438,-3.280865603,0.89841666,2.39E-05,0.000142544
ENSG00000178913,700.1768487,1.308035176,0.10975354,8.42E-33,3.32E-31
ENSG00000178934,945.2012244,-2.694529302,0.093742238,1.55E-182,5.23E-180
ENSG00000178950,37.30502606,1.072967412,0.3584939,0.00140977,0.005544687
ENSG00000178952,125.3777683,-1.889976895,0.205726693,9.41E-21,2.22E-19
ENSG00000178982,68.42137717,-2.656624678,0.263327641,9.16E-25,2.58E-23
ENSG00000178996,5.619233816,-1.738769601,0.856334443,0.007958204,0.024751683
ENSG00000179041,24.92878223,-1.242562564,0.470967163,0.003181667,0.011295858
ENSG00000179046,169.5930562,1.332892189,0.238071551,9.42E-09,9.53E-08
ENSG00000179051,88.55132297,-1.40023441,0.209209088,8.05E-12,1.07E-10
ENSG00000179085,30.37513802,-1.48050733,0.500804297,0.000907308,0.003738694
ENSG00000179091,86.20551975,-1.647820809,0.26497393,1.41E-10,1.67E-09
ENSG00000179115,78.58919821,-0.711574469,0.231968906,0.001569633,0.006094805
ENSG00000179134,123.2891234,1.018433578,0.221313861,2.39E-06,1.69E-05
ENSG00000179148,333.5738047,1.038943961,0.174719545,1.59E-09,1.74E-08
ENSG00000179195,88.18147116,1.125104534,0.225708823,3.13E-07,2.54E-06
ENSG00000179218,553.5851271,-2.955626062,0.105077226,5.46E-175,1.75E-172
ENSG00000179222,46.73146485,-0.939809224,0.280675491,0.000472444,0.002101782
ENSG00000179271,35.46307696,-1.975926632,0.394765831,1.11E-07,9.71E-07
ENSG00000179331,11.83666751,3.162928129,2.150547464,0.003884994,0.013433454
ENSG00000179335,55.56925486,1.431194246,0.363734698,3.15E-05,0.000183291
ENSG00000179361,100.6722489,5.015625902,0.567164844,9.14E-19,1.94E-17
ENSG00000179409,22.06425985,-1.045195773,0.429534031,0.007345994,0.023144911
ENSG00000179477,34.09173655,-3.201837443,0.41223105,1.11E-15,1.99E-14
ENSG00000179593,36.46381437,-3.605397692,0.408046285,1.21E-19,2.69E-18
ENSG00000179598,13.17479284,1.838625304,0.774790099,0.004295855,0.014681227
ENSG00000179674,81.48347675,2.932090233,0.513690253,2.87E-09,3.05E-08
ENSG00000179820,54.58314161,2.74513116,0.323677822,3.82E-18,7.80E-17
ENSG00000179832,42.88260672,1.523794032,0.348804181,4.14E-06,2.82E-05
ENSG00000179846,5.951563561,-1.790132227,0.881600402,0.008042818,0.024981069
ENSG00000179862,23.95223342,-2.482740715,0.517066864,2.19E-07,1.83E-06
ENSG00000179889,74.74515637,0.74051423,0.251856934,0.002356284,0.008673438
ENSG00000179958,26.11583601,-1.073596357,0.45201347,0.008123745,0.025209732
ENSG00000180008,79.66433177,1.61185094,0.274657791,1.44E-09,1.58E-08
ENSG00000180043,19.59843166,5.740848406,2.27141913,6.37E-06,4.20E-05
ENSG00000180071,6.852670394,2.827541932,1.091667445,0.001529614,0.005957854
ENSG00000180098,38.1781307,1.492479786,0.371528669,2.02E-05,0.000121737
ENSG00000180304,49.3516833,1.25493158,0.339825287,9.71E-05,0.000509336
ENSG00000180316,9.694869247,-2.633467285,0.808505291,0.00013657,0.000690099
ENSG00000180370,89.3483474,0.562246126,0.218628509,0.008404951,0.025930767
ENSG00000180398,86.72561969,0.602991866,0.215727766,0.004193104,0.014369217
ENSG00000180448,10.14959763,3.980215298,0.971344451,1.06E-05,6.72E-05
ENSG00000180530,160.9233627,0.773089443,0.185840456,2.29E-05,0.000137461
ENSG00000180573,239.1735823,0.65736039,0.180289382,0.000207757,0.00100775
ENSG00000180596,143.196039,1.68501682,0.261684156,3.60E-11,4.50E-10
ENSG00000180628,29.05859712,2.607120796,0.47988913,1.08E-08,1.09E-07
ENSG00000180667,211.1013325,1.978251947,0.212890516,4.31E-21,1.03E-19
ENSG00000180739,6.729696863,-3.6067115,1.172247997,0.000170429,0.000844495
ENSG00000180787,16.08303034,2.888216334,0.710763647,9.01E-06,5.78E-05
ENSG00000180806,15.8524237,2.303244725,0.649543649,6.88E-05,0.000372991
ENSG00000180817,65.41382433,-1.213496041,0.241517,2.21E-07,1.85E-06
ENSG00000180871,8.841557856,-6.148208441,1.43990918,7.39E-07,5.65E-06
ENSG00000180879,30.14620328,-2.122155893,0.385582148,6.87E-09,7.05E-08
ENSG00000180891,10.71686476,1.31666763,0.610737966,0.010806554,0.031954242
ENSG00000180914,13.88523415,3.13302521,1.072515718,0.001052887,0.004273428
ENSG00000180921,124.4515554,0.673169036,0.182719907,0.000176949,0.000873352
ENSG00000180957,175.4075698,1.604076691,0.173500365,7.70E-21,1.82E-19
ENSG00000180964,50.96221196,-1.930973092,0.312419086,1.37E-10,1.64E-09
ENSG00000181016,51.56408056,3.444783022,0.837482187,1.86E-05,0.000112825
ENSG00000181026,85.77549488,1.314509778,0.252837105,8.46E-08,7.49E-07
ENSG00000181027,16.95810297,1.089941806,0.515872377,0.015967897,0.044382071
ENSG00000181029,12.78494643,-2.022218381,0.613274389,0.000175595,0.000867603
ENSG00000181045,22.75934788,1.646753789,0.527351967,0.000512578,0.002264268
ENSG00000181061,90.40265842,-1.687719046,0.236598031,2.60E-13,3.96E-12
ENSG00000181104,8.795093688,-1.573284658,0.666159376,0.004451868,0.015139424
ENSG00000181135,16.71034358,1.158326966,0.522101339,0.01140042,0.033473572
ENSG00000181163,310.6671914,-1.322903686,0.129594629,7.23E-25,2.05E-23
ENSG00000181192,5.365873099,-2.234063375,0.955193726,0.002571045,0.009371481
ENSG00000181218,228.6249561,0.905854537,0.230907809,5.41E-05,0.0003006
ENSG00000181220,24.78778611,1.238901484,0.444627316,0.00222509,0.008232236
ENSG00000181264,7.542654494,2.912565046,0.964222746,0.000406111,0.00183869
ENSG00000181333,11.95358926,-3.201475685,0.730357814,1.53E-06,1.11E-05
ENSG00000181404,52.11241017,1.032949739,0.325716622,0.000805799,0.003367666
ENSG00000181444,32.75810074,1.780602523,0.402759572,2.55E-06,1.80E-05
ENSG00000181450,11.6209859,1.492619935,0.79645865,0.017736687,0.048277373
ENSG00000181458,185.1294549,-3.763565438,0.205922251,1.46E-75,1.37E-73
ENSG00000181467,24.62362389,-0.986017139,0.38953679,0.006013787,0.019507378
ENSG00000181472,52.44817221,0.932746503,0.342289,0.003822745,0.013248086
ENSG00000181481,13.64510331,-2.338203163,0.589451542,1.10E-05,6.97E-05
ENSG00000181555,78.13651954,1.235220012,0.259213281,8.56E-07,6.49E-06
ENSG00000181588,19.9540102,1.09681795,0.462648184,0.008328194,0.025722712
ENSG00000181649,554.4911858,1.003733,0.120387287,4.40E-17,8.57E-16
ENSG00000181690,10.04056795,1.536718265,0.766248146,0.012557348,0.036298995
ENSG00000181773,46.34021853,3.607280904,0.75334448,7.38E-07,5.65E-06
ENSG00000181804,4.875722145,-3.133648212,1.23423147,0.001023436,0.004166201
ENSG00000181885,66.86807708,2.214561015,0.295485633,1.29E-14,2.17E-13
ENSG00000181924,43.62849174,-0.758236516,0.303510428,0.008512443,0.026186293
ENSG00000181929,40.44700296,-1.008767952,0.302583118,0.000445793,0.001999981
ENSG00000181982,4.569746221,1.890471411,1.143971187,0.017871323,0.04856151
ENSG00000182022,51.68262544,1.788160193,0.325758169,1.09E-08,1.09E-07
ENSG00000182054,18.67060843,-4.078690882,0.648902929,3.83E-11,4.78E-10
ENSG00000182087,264.9244842,0.90269016,0.155781998,4.40E-09,4.60E-08
ENSG00000182095,27.2619946,1.026149492,0.384368397,0.003981048,0.013724323
ENSG00000182117,602.7978734,-0.808445785,0.099056711,2.30E-16,4.29E-15
ENSG00000182118,31.02409425,-1.523641553,0.397017955,3.68E-05,0.000210863
ENSG00000182154,75.6335134,-1.755484577,0.332298282,3.17E-08,2.96E-07
ENSG00000182165,3.538387191,-3.428901745,1.452267885,0.00203476,0.007622066
ENSG00000182195,10.07096391,-2.364415691,0.675278572,6.56E-05,0.000357805
ENSG00000182220,19.36651378,-2.275738857,0.475815061,2.88E-07,2.35E-06
ENSG00000182224,195.9105888,2.015116457,0.264022325,6.75E-15,1.16E-13
ENSG00000182240,8.450507228,-1.907734361,0.720919468,0.0015116,0.005899345
ENSG00000182261,69.64331115,-1.513170732,0.291178393,6.52E-08,5.85E-07
ENSG00000182310,13.02893087,3.889255522,0.957092611,1.29E-05,8.05E-05
ENSG00000182324,17.15440154,2.218015279,0.923460978,0.004257656,0.014568721
ENSG00000182325,34.63942995,2.010762104,0.398902737,1.01E-07,8.87E-07
ENSG00000182446,94.55234992,0.816680197,0.227676485,0.000224987,0.001079936
ENSG00000182472,22.60373072,2.274246179,0.624287748,6.00E-05,0.000330651
ENSG00000182481,239.6485941,0.353854923,0.135555953,0.008285387,0.025619168
ENSG00000182489,11.12390272,-1.882324279,0.641247336,0.000674472,0.00288781
ENSG00000182512,19.45773703,-1.126142041,0.443967223,0.004973516,0.016646744
ENSG00000182541,67.75501899,-1.716033301,0.246019741,8.10E-13,1.17E-11
ENSG00000182544,53.95208646,-1.070532574,0.291093,0.000118595,0.000607953
ENSG00000182551,25.21257165,-2.55090597,0.423108309,2.44E-10,2.84E-09
ENSG00000182552,11.16198732,-1.384699669,0.599681955,0.006414301,0.020604599
ENSG00000182580,43.76392397,-1.44397867,0.31527808,1.58E-06,1.15E-05
ENSG00000182585,122.0103727,-5.669785942,0.32902364,4.04E-67,3.42E-65
ENSG00000182606,28.46020893,-0.809680541,0.365174181,0.016937762,0.046478648
ENSG00000182670,15.86717142,-1.389273054,0.497716954,0.001714738,0.006589635
ENSG00000182718,766.5670097,-0.873838521,0.079047373,1.29E-28,4.32E-27
ENSG00000182774,511.7402349,-2.244411125,0.109067763,7.60E-95,9.53E-93
ENSG00000182782,9.554439702,-4.854807246,1.03868119,6.22E-07,4.83E-06
ENSG00000182795,102.045408,-1.413250978,0.21446546,1.61E-11,2.08E-10
ENSG00000182809,14.01849264,1.874098956,0.608583464,0.000457122,0.002043501
ENSG00000182831,50.17756423,1.605827603,0.317490979,1.34E-07,1.15E-06
ENSG00000182872,218.6821971,1.046664198,0.19516856,4.55E-08,4.16E-07
ENSG00000182873,5.143241791,2.601064937,1.639637762,0.009148573,0.027839097
ENSG00000182899,353.3401965,-1.722115109,0.120324199,4.77E-47,2.69E-45
ENSG00000182903,48.6563671,1.526892393,0.341709944,2.65E-06,1.86E-05
ENSG00000182934,109.6720146,-0.449349221,0.193336231,0.017681959,0.048166411
ENSG00000182944,460.0313332,1.170709868,0.142935367,1.37E-16,2.60E-15
ENSG00000182952,113.494267,0.711448116,0.201093656,0.000299905,0.001397864
ENSG00000182963,20.93513955,2.294679696,0.608882274,3.52E-05,0.000202324
ENSG00000182979,30.97420776,0.960816864,0.385366268,0.007078747,0.022451552
ENSG00000183011,28.6832651,-1.422779801,0.451239901,0.000528701,0.002327296
ENSG00000183020,43.14094972,1.089496566,0.324692516,0.000402813,0.001826156
ENSG00000183048,12.09376866,-2.003525007,0.685688516,0.00060428,0.002620701
ENSG00000183049,5.401466073,-2.567928238,0.987514179,0.001146662,0.004613391
ENSG00000183092,3.643461133,4.905194045,2.500640247,0.000454514,0.002033817
ENSG00000183111,36.75083373,-3.423061158,0.394728079,5.00E-19,1.08E-17
ENSG00000183172,27.09982641,-1.009837355,0.407780982,0.006784442,0.02162247
ENSG00000183186,13.83120174,1.392258603,0.605498397,0.007042131,0.02236626
ENSG00000183207,51.06775924,-1.991785432,0.291445027,1.76E-12,2.47E-11
ENSG00000183248,3.127267311,3.188247712,1.734588091,0.004339481,0.014808319
ENSG00000183337,14.78989091,1.147086185,0.537888104,0.014180631,0.040166812
ENSG00000183347,6.881845081,-4.786589405,1.347239703,5.74E-05,0.000317807
ENSG00000183378,4.05555341,-3.245369189,1.435561942,0.002760877,0.009974132
ENSG00000183386,64.28894024,2.044078133,0.310559132,1.07E-11,1.40E-10
ENSG00000183426,11.92232073,3.075500506,0.781874012,1.24E-05,7.78E-05
ENSG00000183495,23.73325411,1.325127701,0.457838421,0.001462466,0.005727022
ENSG00000183527,25.11451661,-1.266093017,0.481693553,0.003184742,0.01130284
ENSG00000183530,34.39251492,0.815874487,0.339974231,0.010711701,0.031707739
ENSG00000183578,7.010839931,-2.374262016,1.013085882,0.002053269,0.007680972
ENSG00000183597,18.15616711,1.580649787,0.539313248,0.000974682,0.003986546
ENSG00000183598,25.43488516,4.686483065,1.326395225,3.14E-05,0.000182921
ENSG00000183615,16.07581361,3.146561983,1.373539523,0.002189871,0.008119349
ENSG00000183617,41.31577186,-1.291295417,0.369161749,0.000180708,0.000890951
ENSG00000183648,29.3804747,-2.284028498,0.430988758,1.89E-08,1.83E-07
ENSG00000183655,31.43329704,0.921283186,0.420152411,0.016457747,0.045459749
ENSG00000183671,5.793400657,-5.369674851,1.60948745,4.07E-05,0.000231251
ENSG00000183696,289.1343175,1.525803918,0.140236766,5.26E-28,1.73E-26
ENSG00000183718,13.3328832,2.572273657,0.756392861,0.000134041,0.000678069
ENSG00000183723,43.41031641,2.448220824,0.351209656,5.65E-13,8.33E-12
ENSG00000183726,87.93603615,-0.82061672,0.213580552,8.10E-05,0.000432429
ENSG00000183741,29.85154257,2.767893219,0.521439822,2.26E-08,2.15E-07
ENSG00000183742,5.80857034,-3.905412483,1.15097889,9.12E-05,0.000481893
ENSG00000183751,16.97106682,-1.136749303,0.464760957,0.006291677,0.02025785
ENSG00000183853,58.50363458,0.997598933,0.318204133,0.000963787,0.003949009
ENSG00000183864,102.030011,0.676487794,0.199331419,0.000536018,0.002354997
ENSG00000183889,7.337011569,2.552560775,0.926278587,0.000908093,0.003740802
ENSG00000183891,40.6723752,1.445385214,0.409045879,0.000144133,0.000724076
ENSG00000183955,45.76799521,1.638166295,0.324386368,1.16E-07,1.01E-06
ENSG00000183963,244.4800854,1.211879612,0.191712334,1.29E-10,1.54E-09
ENSG00000183978,24.0581713,-1.56063399,0.455450823,0.000170378,0.000844495
ENSG00000184007,77.72446878,1.315793764,0.241648093,2.14E-08,2.05E-07
ENSG00000184009,1268.225046,-1.189020756,0.082186344,9.24E-48,5.25E-46
ENSG00000184014,56.9965472,2.717003186,0.440990102,1.76E-10,2.08E-09
ENSG00000184076,142.8527217,-1.858704898,0.22582019,4.34E-17,8.45E-16
ENSG00000184117,23.29517046,-2.770900816,0.46504421,3.31E-10,3.82E-09
ENSG00000184148,34.7149658,-2.213216556,0.46313519,2.99E-07,2.44E-06
ENSG00000184164,30.73471177,-1.617116729,0.413278175,2.62E-05,0.000155014
ENSG00000184178,14.83967649,-1.42059424,0.545467327,0.002811585,0.010135806
ENSG00000184205,528.6551542,3.566351494,0.234649012,1.32E-52,8.26E-51
ENSG00000184216,83.14574568,-0.702434353,0.212285809,0.000690371,0.00294775
ENSG00000184232,95.22479874,2.537250293,0.242883523,2.90E-26,8.88E-25
ENSG00000184260,180.3841834,6.794657042,0.722153962,2.08E-20,4.77E-19
ENSG00000184270,6.207847555,2.84033754,2.672539754,0.010434671,0.031034151
ENSG00000184281,96.02586693,0.663980159,0.233371874,0.003387914,0.011922091
ENSG00000184292,903.718176,-1.809406696,0.088036058,1.81E-94,2.25E-92
ENSG00000184307,7.357423256,1.949302158,0.984880404,0.009375754,0.028373991
ENSG00000184357,23.75743673,6.340585952,2.370079801,2.33E-06,1.64E-05
ENSG00000184363,258.2319138,-0.748290062,0.163465398,3.36E-06,2.32E-05
ENSG00000184371,53.05221822,2.307273046,0.592739476,2.72E-05,0.000160357
ENSG00000184378,18.46380021,3.170352756,1.145506289,0.001304455,0.005168382
ENSG00000184441,7.173240453,3.483290747,1.073315137,0.000193552,0.000946598
ENSG00000184459,60.08186931,-3.103272872,0.362396582,1.34E-18,2.82E-17
ENSG00000184489,5.038795374,4.085361088,1.57926115,0.000641891,0.002762976
ENSG00000184500,5.348930607,-2.72086433,1.000545474,0.000695148,0.002965391
ENSG00000184545,249.9050862,2.471422166,0.40272125,2.71E-10,3.15E-09
ENSG00000184557,27.04027847,3.771524768,1.012957302,9.87E-05,0.000516974
ENSG00000184575,85.95389763,0.575517349,0.213365824,0.005799008,0.018896414
ENSG00000184584,3.617967427,-3.381360353,1.493334005,0.002445733,0.008964441
ENSG00000184634,73.34561249,0.972387054,0.321367695,0.001441479,0.005660838
ENSG00000184677,118.1943145,2.136103418,0.255893096,1.78E-17,3.55E-16
ENSG00000184678,218.8380827,1.001743463,0.194243089,1.47E-07,1.25E-06
ENSG00000184697,98.71071005,6.381663456,1.239178796,1.09E-08,1.09E-07
ENSG00000184716,18.20650618,3.672400529,2.133974046,0.001343234,0.005312876
ENSG00000184731,157.9590683,1.489619868,0.185622085,3.63E-16,6.69E-15
ENSG00000184752,100.7164645,-1.016603801,0.228729172,4.80E-06,3.23E-05
ENSG00000184786,25.99875834,3.339990648,0.822503475,1.30E-05,8.09E-05
ENSG00000184828,2.445297535,-2.507242384,1.840124612,0.01287665,0.037051245
ENSG00000184831,6.155476866,-1.789429322,0.886790113,0.007648837,0.023945995
ENSG00000184863,66.90508312,1.242907399,0.308916853,2.60E-05,0.000153702
ENSG00000184897,288.7583438,1.687702317,0.171930404,2.44E-23,6.53E-22
ENSG00000184916,21.71446903,2.309588903,0.502443576,8.06E-07,6.13E-06
ENSG00000184983,91.87871605,-0.992683729,0.253317077,4.95E-05,0.000277282
ENSG00000184988,7.813748305,2.941721299,1.177577327,0.002579845,0.009398592
ENSG00000184995,7.133398333,2.501771897,0.978645981,0.001517659,0.005916298
ENSG00000185015,9.695581011,2.861726786,0.991097846,0.000806199,0.003368317
ENSG00000185022,291.7775131,2.894105941,0.247627343,4.06E-32,1.57E-30
ENSG00000185043,95.04816468,0.670552806,0.234931496,0.003304345,0.011677328
ENSG00000185189,58.39204446,1.667302971,0.289897803,2.61E-09,2.78E-08
ENSG00000185222,157.2565838,-0.605489089,0.176966028,0.000499827,0.002215743
ENSG00000185236,46.99368967,-0.943246122,0.29019329,0.000664356,0.002849011
ENSG00000185246,66.37535093,1.442111345,0.284229411,1.37E-07,1.18E-06
ENSG00000185262,71.89389693,-1.493616196,0.255353906,1.65E-09,1.80E-08
ENSG00000185338,9.27840226,2.180757073,0.93424043,0.003872203,0.013395939
ENSG00000185359,165.7948267,1.358352782,0.201666081,6.81E-12,9.09E-11
ENSG00000185386,17.307803,2.828565528,0.631789471,1.15E-06,8.51E-06
ENSG00000185418,11.21660138,1.371790317,0.700485124,0.015776897,0.043930827
ENSG00000185475,37.10997949,-1.95262501,0.350345353,5.20E-09,5.39E-08
ENSG00000185479,3269.326697,-4.948601815,0.084324505,0,0
ENSG00000185513,5.754122893,1.863367877,1.014810106,0.01290654,0.037129508
ENSG00000185515,15.02820596,-1.196193295,0.537358369,0.010049541,0.030055073
ENSG00000185567,154.3230413,-1.695762278,0.16267107,5.22E-26,1.57E-24
ENSG00000185591,129.5016773,0.622032328,0.201649817,0.001621149,0.006270139
ENSG00000185608,22.73716664,-1.74064561,0.449322492,2.56E-05,0.000151447
ENSG00000185614,9.25967762,-1.478140145,0.827328789,0.017096164,0.046838804
ENSG00000185624,242.44759,-1.201285908,0.132681493,6.39E-20,1.43E-18
ENSG00000185627,85.40424461,-1.110277225,0.219997929,2.24E-07,1.87E-06
ENSG00000185633,72.44754256,-4.156561566,0.362997631,2.22E-31,8.35E-30
ENSG00000185640,25.07484049,-3.642207469,0.513326043,1.80E-13,2.77E-12
ENSG00000185658,40.58435349,0.895864296,0.336754554,0.004757,0.01602309
ENSG00000185664,2.637529709,-3.405802021,1.932123218,0.004048031,0.01391353
ENSG00000185668,5.0642183,-5.019062477,1.641635423,0.000114003,0.000587908
ENSG00000185716,17.09273705,1.27322037,0.531487707,0.006392493,0.02054411
ENSG00000185728,185.5593851,1.345920909,0.190334414,6.60E-13,9.67E-12
ENSG00000185745,5.712697968,-3.244996513,1.307857032,0.001973605,0.007421185
ENSG00000185761,19.39464007,2.711946552,0.584702476,6.21E-07,4.83E-06
ENSG00000185800,36.78931103,1.150041309,0.405913389,0.0021458,0.007973086
ENSG00000185883,448.8796466,-0.263899531,0.110634983,0.016297843,0.045090264
ENSG00000185885,18.28224084,-9.767949643,2.96949935,9.84E-12,1.29E-10
ENSG00000185896,246.371261,-1.14303333,0.137429749,4.52E-17,8.78E-16
ENSG00000185909,56.19458921,-1.520339524,0.32914902,1.19E-06,8.79E-06
ENSG00000185947,20.1436516,1.374548172,0.496790848,0.002037138,0.0076289
ENSG00000185950,40.15625425,1.536732767,0.379456915,1.71E-05,0.000104485
ENSG00000185963,91.82885856,-1.512888579,0.203951753,3.91E-14,6.32E-13
ENSG00000185966,257.9400531,0.868174678,0.189016601,2.86E-06,2.00E-05
ENSG00000186010,95.48511705,-1.823848262,0.237783546,4.21E-15,7.28E-14
ENSG00000186026,9.788494162,1.342966478,0.686528362,0.016259127,0.045028286
ENSG00000186056,8.029958239,2.143359046,1.037799022,0.007821813,0.024398965
ENSG00000186081,6721.934394,-4.928379733,0.05248834,0,0
ENSG00000186141,42.71574048,1.022941905,0.352582184,0.001982655,0.007449124
ENSG00000186166,47.20098412,2.751783393,0.439651432,8.78E-11,1.06E-09
ENSG00000186193,3.640686935,-4.003886939,1.699713569,0.001085287,0.004389497
ENSG00000186212,5.758850495,-2.442615727,1.027140291,0.001920171,0.007260567
ENSG00000186283,11.72122108,-2.829303253,0.683236281,4.20E-06,2.85E-05
ENSG00000186340,33.01026844,-3.06483521,0.427511918,1.10E-13,1.72E-12
ENSG00000186352,17.31758863,3.474053066,0.77002917,1.50E-06,1.10E-05
ENSG00000186364,41.64743292,3.722770392,0.770378552,5.35E-07,4.20E-06
ENSG00000186395,2415.493786,-5.805634402,0.108825041,0,0
ENSG00000186432,99.38679597,1.101113345,0.221320319,3.40E-07,2.75E-06
ENSG00000186462,19.49014881,1.868058325,0.605055396,0.000470958,0.002096523
ENSG00000186468,180.043876,-2.158837157,0.158599784,6.70E-43,3.42E-41
ENSG00000186480,418.7518403,2.414399909,0.177322464,7.76E-43,3.95E-41
ENSG00000186567,66.77601557,2.377902783,0.335678033,3.00E-13,4.55E-12
ENSG00000186577,53.08086404,-0.694643861,0.273851833,0.008169798,0.025307117
ENSG00000186591,189.0919031,0.469509933,0.164546904,0.003777058,0.013106211
ENSG00000186594,321.5421475,2.173383448,0.148049435,1.91E-49,1.12E-47
ENSG00000186625,66.86900749,0.834039355,0.254784865,0.000702454,0.00299027
ENSG00000186660,183.7832096,0.698479691,0.168794969,2.66E-05,0.000157052
ENSG00000186806,31.25253357,-2.988452784,0.45213599,5.65E-12,7.61E-11
ENSG00000186812,17.23465707,1.114297321,0.489045687,0.010425305,0.031012978
ENSG00000186832,6218.071336,-4.983192743,0.095903155,0,0
ENSG00000186834,131.1164627,-0.486014821,0.18865396,0.008601937,0.026438023
ENSG00000186847,8914.898212,-6.119433151,0.060629438,0,0
ENSG00000186866,55.68766322,1.93712004,0.418889725,1.02E-06,7.64E-06
ENSG00000186891,7.716314057,1.62603042,0.873692969,0.01321417,0.037895998
ENSG00000186907,8.706607095,5.506592616,2.346288619,3.38E-05,0.000195149
ENSG00000186973,2.187251433,-1.21436826,2.337061857,0.016691522,0.045949133
ENSG00000187091,60.4281846,-1.608523149,0.272469742,1.05E-09,1.16E-08
ENSG00000187109,33.76003071,-1.125302796,0.334470807,0.00035988,0.001646665
ENSG00000187134,73.46184772,4.556339458,0.36241794,6.32E-37,2.80E-35
ENSG00000187164,31.4353443,1.063465093,0.372955107,0.002221875,0.008226957
ENSG00000187189,75.93813953,1.308680433,0.28590527,2.02E-06,1.44E-05
ENSG00000187193,188.6643398,-1.609376145,0.205670547,1.54E-15,2.74E-14
ENSG00000187266,4.548089945,2.436533256,1.214692641,0.006097793,0.019739514
ENSG00000187446,93.3748776,-1.070603371,0.208416704,1.46E-07,1.25E-06
ENSG00000187479,12.83036072,1.957878337,0.763762943,0.002126041,0.007906055
ENSG00000187531,62.0552946,1.343998044,0.290197159,1.47E-06,1.07E-05
ENSG00000187555,149.2849783,0.841785382,0.192324103,8.05E-06,5.23E-05
ENSG00000187556,5.264371798,3.584338706,2.50177861,0.003962122,0.013665904
ENSG00000187583,25.64033251,-0.957437471,0.406912121,0.010051285,0.030055073
ENSG00000187605,74.14722609,2.07981792,0.294677298,4.00E-13,5.98E-12
ENSG00000187608,22.87638349,-2.361451804,0.494093201,2.82E-07,2.31E-06
ENSG00000187630,7.077488007,-3.413433225,1.046734647,0.000100999,0.000527551
ENSG00000187678,25.7056224,1.001525635,0.40528939,0.007173273,0.022688786
ENSG00000187713,27.89625304,-1.299266688,0.454477179,0.001545941,0.006012962
ENSG00000187800,7.030186056,1.883842399,0.850954013,0.005303036,0.017537
ENSG00000187837,234.2920886,0.458450772,0.191331484,0.014686286,0.041369818
ENSG00000187922,2.755683891,2.44572515,2.670486551,0.015575507,0.043466531
ENSG00000187954,42.54490525,0.770805087,0.346909748,0.017693316,0.048178327
ENSG00000188001,2.103051571,-4.368740861,2.908399771,0.002801804,0.010103185
ENSG00000188010,11.78017439,-2.227914858,0.690895978,0.000188711,0.000925118
ENSG00000188042,21.96884748,-2.188914265,0.485701291,1.14E-06,8.45E-06
ENSG00000188064,13.41044864,1.529044888,0.579742988,0.002378291,0.008740457
ENSG00000188070,25.05505997,4.035714519,0.678630871,8.38E-10,9.36E-09
ENSG00000188089,40.19811483,-4.787791008,0.474791278,1.43E-24,4.01E-23
ENSG00000188100,262.2804486,-3.108094979,0.305939265,3.20E-25,9.20E-24
ENSG00000188112,42.02991174,-1.590567652,0.311568574,9.34E-08,8.22E-07
ENSG00000188157,130.7972937,2.446146727,0.219484502,1.35E-29,4.68E-28
ENSG00000188186,59.51930995,-1.90917126,0.334947769,2.59E-09,2.76E-08
ENSG00000188211,14.77295817,1.797744583,0.59579336,0.000610663,0.002644527
ENSG00000188229,1893.263677,-0.880337484,0.089096906,3.32E-23,8.83E-22
ENSG00000188243,29.09095478,-1.100234064,0.392141818,0.002347879,0.008649421
ENSG00000188290,210.3174765,3.956748936,0.233887436,5.10E-65,4.19E-63
ENSG00000188293,1178.927789,-6.685951618,0.171230073,0,0
ENSG00000188295,16.94642197,1.718700173,0.615073342,0.001239398,0.004946124
ENSG00000188313,7.408633915,-1.454373282,0.759021978,0.014085723,0.039930769
ENSG00000188342,52.76403163,-0.842064277,0.273775055,0.001348646,0.0053297
ENSG00000188352,7.118666155,-1.94075138,0.796027083,0.002494111,0.009124796
ENSG00000188372,4.203921492,-1.995878451,1.094752387,0.009446408,0.028543996
ENSG00000188373,103.4710951,-7.55169322,0.98275825,1.29E-15,2.31E-14
ENSG00000188393,5.206884008,-3.357402648,1.498336457,0.001534673,0.005972501
ENSG00000188486,203.2188926,1.660319784,0.17988492,8.74E-21,2.07E-19
ENSG00000188505,121.851012,-2.687256668,0.225377844,1.36E-33,5.48E-32
ENSG00000188508,4038.969866,-3.360421872,0.104158737,2.35E-229,9.83E-227
ENSG00000188522,248.1641111,0.55016851,0.138199096,5.89E-05,0.000325143
ENSG00000188529,70.1708359,1.133879185,0.298236508,7.24E-05,0.000391071
ENSG00000188566,35.94296951,1.242881863,0.389735998,0.00060555,0.002625382
ENSG00000188624,413.4999016,-5.060161584,0.164787712,8.64E-208,3.14E-205
ENSG00000188643,1630.541374,-1.245121239,0.070916928,1.95E-69,1.68E-67
ENSG00000188706,36.54175474,0.796132907,0.328681916,0.010318137,0.030747201
ENSG00000188747,11.14046973,1.276017818,0.636524189,0.015974642,0.044391876
ENSG00000188766,24.95638418,4.187977763,0.869518393,7.35E-07,5.63E-06
ENSG00000188818,5.112319242,2.079340847,1.244422267,0.017711587,0.048218563
ENSG00000188846,98.16088829,-2.039788299,0.217784521,1.56E-21,3.89E-20
ENSG00000188848,8.659148709,3.599172064,2.205706407,0.0019965,0.007490945
ENSG00000188938,24.78996556,1.672754035,0.495325836,0.000209781,0.001016137
ENSG00000188976,52.78480887,-0.724374346,0.268771799,0.005039881,0.01681585
ENSG00000188993,3.297003716,2.774099505,2.637246719,0.011348231,0.033355822
ENSG00000188994,37.36825849,1.650767171,0.377232853,3.63E-06,2.49E-05
ENSG00000189001,2026.257114,-2.63929948,0.108813138,8.67E-131,1.71E-128
ENSG00000189042,21.77923725,1.349365264,0.527579386,0.003797627,0.013170962
ENSG00000189043,73.50285148,-1.099664295,0.228799584,7.70E-07,5.87E-06
ENSG00000189050,21.72907064,1.752419427,0.497270178,0.000107543,0.00055856
ENSG00000189051,19.87714511,-2.403831091,0.596710862,8.56E-06,5.53E-05
ENSG00000189060,658.3654404,0.506902121,0.088854484,1.01E-08,1.02E-07
ENSG00000189067,84.81914048,-0.600109491,0.231815364,0.007644381,0.023937477
ENSG00000189120,23.30680484,-2.144928299,0.432690843,1.30E-07,1.12E-06
ENSG00000189143,76.55839344,-1.80184621,0.258577371,8.19E-13,1.18E-11
ENSG00000189159,109.7651377,-0.881424305,0.197510826,5.10E-06,3.42E-05
ENSG00000189171,164.2225736,1.31700107,0.205996274,5.58E-11,6.87E-10
ENSG00000189182,4.677033808,-4.150160434,1.463793264,0.000496188,0.002201028
ENSG00000189221,31.06725843,-2.010914834,0.395475405,7.74E-08,6.89E-07
ENSG00000189223,21.18003245,1.477951503,0.456442119,0.000400164,0.001814741
ENSG00000189266,440.5603973,1.618209043,0.139424509,1.35E-31,5.18E-30
ENSG00000189280,113.0845855,-2.768461916,0.304690049,1.28E-20,2.99E-19
ENSG00000189334,2631.444719,-1.315069154,0.091824212,6.11E-47,3.42E-45
ENSG00000189366,2.278624701,-2.131943031,2.84779797,0.015950725,0.044361147
ENSG00000189410,263.5927548,1.192843671,0.184710667,5.02E-11,6.19E-10
ENSG00000189420,6.141661069,2.582920898,1.123488567,0.00332327,0.01173519
ENSG00000189431,2.632122583,-2.935123169,1.881278063,0.00711973,0.02255562
ENSG00000189433,22.2429901,-0.973755558,0.429980476,0.012347039,0.035765982
ENSG00000196072,91.42594785,-0.522021998,0.217230441,0.013623844,0.038852871
ENSG00000196116,20.79486457,1.152209715,0.440091717,0.003960318,0.013663096
ENSG00000196139,12.93720968,-2.862250822,0.635634909,8.35E-07,6.33E-06
ENSG00000196141,43.72904265,0.987535192,0.303241004,0.000634948,0.002739069
ENSG00000196154,60.07830483,-3.655526925,0.431243251,2.20E-18,4.59E-17
ENSG00000196182,150.9020958,2.007879801,0.216271034,4.20E-21,1.01E-19
ENSG00000196189,20.24686089,-2.671254889,0.551882801,2.05E-07,1.72E-06
ENSG00000196230,393.8836173,-2.038365719,0.110204127,4.71E-77,4.52E-75
ENSG00000196233,17.61285556,1.573477514,0.538499374,0.00104094,0.004228724
ENSG00000196262,218.0313077,-1.797761209,0.138459376,3.79E-39,1.79E-37
ENSG00000196305,252.8764992,1.068879741,0.144345739,7.22E-14,1.15E-12
ENSG00000196337,9.272000759,2.652330009,0.918674593,0.000722862,0.003067497
ENSG00000196338,24.73775159,2.493412359,0.88778534,0.001448204,0.005682459
ENSG00000196352,86.28388631,1.093151168,0.257844319,1.15E-05,7.22E-05
ENSG00000196363,97.54473416,0.861137576,0.246019186,0.000302766,0.001409642
ENSG00000196367,21.4391596,0.971676717,0.440620659,0.014634411,0.041257379
ENSG00000196371,5.960787533,6.460035291,2.527968214,7.57E-06,4.94E-05
ENSG00000196372,5.630647846,-2.2667866,0.925794817,0.001821435,0.006937841
ENSG00000196396,136.2251396,0.653416587,0.179644227,0.000215355,0.001038037
ENSG00000196407,15.36648641,-9.277525174,2.981479064,1.38E-09,1.51E-08
ENSG00000196411,25.52293213,-0.844422816,0.363883458,0.012585676,0.036365648
ENSG00000196419,251.5644405,-1.803622174,0.141662647,1.01E-37,4.57E-36
ENSG00000196422,29.67715895,2.075920243,0.406482974,6.98E-08,6.25E-07
ENSG00000196449,116.1681689,0.948911094,0.222362655,1.18E-05,7.42E-05
ENSG00000196453,27.85653672,0.86066213,0.369852596,0.012374519,0.035836638
ENSG00000196470,31.89260869,1.049981844,0.412743866,0.005630249,0.018459832
ENSG00000196497,18.24661871,-1.134955532,0.468425833,0.006708405,0.021424668
ENSG00000196517,14.5827926,1.685787623,0.541192309,0.000472276,0.00210171
ENSG00000196531,141.2502192,-1.177192753,0.169509659,1.80E-12,2.52E-11
ENSG00000196542,12.43984463,-3.990263303,0.780332246,3.69E-08,3.41E-07
ENSG00000196547,18.45448256,1.914457238,0.522569059,5.55E-05,0.000307903
ENSG00000196562,30.21949184,-2.604178461,0.398420604,9.25E-12,1.22E-10
ENSG00000196576,119.2122196,0.629215249,0.197543982,0.001150366,0.004626945
ENSG00000196588,45.62190625,0.917690412,0.348382672,0.005035603,0.016809706
ENSG00000196611,41.39220018,4.916188439,0.833801566,3.82E-09,4.01E-08
ENSG00000196636,6.903362555,-2.548360234,0.870142684,0.00039416,0.001788482
ENSG00000196639,31.55402032,1.244745302,0.38196115,0.000466744,0.002080857
ENSG00000196683,111.9106591,-3.54184883,0.228042949,2.81E-55,1.87E-53
ENSG00000196689,16.63815744,1.762705719,0.666905953,0.002118788,0.007881206
ENSG00000196700,50.30809622,1.772570359,0.309003263,2.64E-09,2.82E-08
ENSG00000196704,43.25950643,-0.911707709,0.28963828,0.000978769,0.003997339
ENSG00000196705,32.37298833,1.82982839,0.432774705,6.19E-06,4.10E-05
ENSG00000196712,40.12604597,1.284615451,0.40555867,0.000641305,0.002761312
ENSG00000196743,126.5395844,-3.939552955,0.241080458,5.83E-61,4.35E-59
ENSG00000196754,1936.498796,-2.856305495,0.072125587,0,0
ENSG00000196756,29.80822399,1.496801874,0.563783065,0.002727209,0.00987102
ENSG00000196787,103.8337574,3.095199603,0.621693531,2.49E-07,2.05E-06
ENSG00000196792,85.98334864,1.328279765,0.25308472,6.41E-08,5.76E-07
ENSG00000196821,285.6912752,0.706347765,0.12437056,1.08E-08,1.09E-07
ENSG00000196850,85.04999004,1.421865612,0.271761386,6.51E-08,5.85E-07
ENSG00000196866,279.2164641,6.096704423,0.503157877,1.53E-33,6.15E-32
ENSG00000196867,6.777486549,1.859448972,0.888852865,0.007283276,0.022989297
ENSG00000196878,1657.957842,3.16580332,0.079376188,0,0
ENSG00000196890,38.67273043,1.964137493,0.676684868,0.001084346,0.004388147
ENSG00000196923,63.65752394,1.407005349,0.266968735,5.12E-08,4.65E-07
ENSG00000196968,13.9864603,2.213718341,0.617327894,5.92E-05,0.000326797
ENSG00000196975,17.77882118,-2.019590425,0.479923198,4.93E-06,3.31E-05
ENSG00000196976,16.18804848,-3.338976447,0.795908099,2.47E-06,1.74E-05
ENSG00000196998,53.71078099,0.817827122,0.325408207,0.007882893,0.024556191
ENSG00000197019,193.4729582,1.677437558,0.186332062,6.99E-20,1.57E-18
ENSG00000197020,5.192401746,2.083463686,1.127307753,0.011188799,0.032929287
ENSG00000197024,26.47364124,0.979662971,0.380657053,0.00553264,0.018187334
ENSG00000197044,31.58219438,1.369404601,0.474175596,0.001462324,0.005727022
ENSG00000197045,37.76362107,0.808336259,0.339908884,0.011514111,0.033735613
ENSG00000197061,1240.634113,12.10143175,2.56215565,5.80E-22,1.47E-20
ENSG00000197063,616.4733777,3.019825159,0.173370547,1.70E-68,1.46E-66
ENSG00000197070,53.55069609,0.657925977,0.276123565,0.01310955,0.037627244
ENSG00000197081,129.6013621,0.823220606,0.205642396,4.20E-05,0.000238173
ENSG00000197111,278.2294045,0.374170195,0.157270564,0.015938397,0.044344733
ENSG00000197114,49.42486192,1.24078293,0.338980312,0.000108717,0.000564022
ENSG00000197119,26.4722033,2.011979687,0.465387549,3.52E-06,2.43E-05
ENSG00000197122,40.97878134,0.853709064,0.336314533,0.007056946,0.022397852
ENSG00000197136,45.22214738,1.295018288,0.318133021,1.92E-05,0.000116495
ENSG00000197150,25.30931782,1.196441716,0.438592754,0.00277749,0.01002337
ENSG00000197153,21.05315895,6.206829139,2.356150262,3.20E-06,2.22E-05
ENSG00000197157,79.58940101,-0.715394482,0.218740621,0.000782692,0.003285023
ENSG00000197170,115.5995907,0.937008672,0.21453876,7.64E-06,4.98E-05
ENSG00000197183,7.343839116,3.384134777,1.034017129,0.000197146,0.000961556
ENSG00000197191,33.22925933,-3.075482262,0.511365937,2.10E-10,2.46E-09
ENSG00000197217,53.96590696,1.035642092,0.303744223,0.000352974,0.001618824
ENSG00000197261,135.2001102,1.930436568,0.211621988,1.92E-20,4.41E-19
ENSG00000197279,451.3305816,3.804792676,0.188836637,8.14E-91,9.52E-89
ENSG00000197329,82.93312138,-1.065286585,0.226073063,1.29E-06,9.50E-06
ENSG00000197343,65.7052194,1.407761039,0.283256694,2.55E-07,2.11E-06
ENSG00000197345,27.95412584,-1.396728322,0.403479985,0.0001851,0.000909681
ENSG00000197409,101.2081708,4.478618421,0.643457703,1.66E-12,2.33E-11
ENSG00000197442,2.969932759,-2.5400458,1.529111161,0.008155333,0.025277557
ENSG00000197448,31.83394653,-1.908674651,0.357981122,2.12E-08,2.04E-07
ENSG00000197461,36.61404615,3.046906395,0.444467261,1.26E-12,1.79E-11
ENSG00000197506,32.21021981,-3.126154872,0.49807151,5.01E-11,6.19E-10
ENSG00000197568,14.10737498,-1.837478522,0.848675815,0.005098766,0.016967197
ENSG00000197586,48.61575267,1.32091916,0.31010488,8.34E-06,5.40E-05
ENSG00000197601,75.75246172,1.878654586,0.255694987,5.22E-14,8.38E-13
ENSG00000197608,41.61939422,0.846585558,0.322939255,0.005592355,0.018348669
ENSG00000197614,26.68237407,-3.471680479,0.488928661,1.51E-13,2.34E-12
ENSG00000197622,193.9617606,-0.484440962,0.142286264,0.000575034,0.002505673
ENSG00000197632,241.7893039,-1.642414448,0.149470666,1.26E-28,4.23E-27
ENSG00000197635,4.114621139,-2.491068494,1.240914058,0.00481116,0.016181821
ENSG00000197641,33.77514249,-4.421561464,0.513674604,9.32E-19,1.98E-17
ENSG00000197646,2.935517098,-5.421123106,2.940455066,0.00074611,0.003153542
ENSG00000197694,147.1496787,0.488034663,0.174751057,0.004560681,0.015414499
ENSG00000197714,17.11323499,1.577479527,0.559588223,0.001413353,0.005556774
ENSG00000197724,35.58414628,1.217747305,0.362199075,0.000339217,0.001560399
ENSG00000197728,83.18039097,-1.907474755,0.26390566,1.10E-13,1.72E-12
ENSG00000197746,513.4081721,-1.406675151,0.093876494,3.56E-51,2.14E-49
ENSG00000197747,1203.733936,-1.486339072,0.08279116,1.53E-72,1.37E-70
ENSG00000197756,349.9365632,-1.811432843,0.112211717,3.00E-59,2.15E-57
ENSG00000197766,2.042555235,-4.624954144,3.303263138,0.003428105,0.012049884
ENSG00000197780,312.7592393,1.016169512,0.135294934,3.33E-14,5.40E-13
ENSG00000197818,31.51002437,1.679719083,0.52591612,0.000431283,0.001940562
ENSG00000197837,101.4278053,5.063070188,0.810807743,6.43E-10,7.29E-09
ENSG00000197857,32.6108499,1.600624045,0.471655459,0.000220506,0.001060275
ENSG00000197858,28.93701926,-0.907383121,0.362410356,0.007119054,0.02255562
ENSG00000197894,28.44766342,-1.259649809,0.365884159,0.000229923,0.001100948
ENSG00000197903,399.0021983,0.901482948,0.198385316,3.39E-06,2.35E-05
ENSG00000197948,55.63563594,1.420437182,0.329697912,6.13E-06,4.06E-05
ENSG00000197953,4.47837315,-4.62814961,1.628016987,0.000249539,0.001186235
ENSG00000197956,3538.924566,-2.405390673,0.078191098,2.67E-208,9.95E-206
ENSG00000197958,573.7271769,-2.50797853,0.107086839,4.51E-122,7.59E-120
ENSG00000197961,120.8657047,2.657430811,0.285071007,2.65E-21,6.53E-20
ENSG00000197976,222.6808787,1.429994891,0.189533606,1.81E-14,3.00E-13
ENSG00000197982,49.25855593,-0.71953634,0.286574903,0.008569212,0.026349182
ENSG00000197989,38.82409461,1.30854182,0.339459291,4.72E-05,0.000265506
ENSG00000198026,153.0058295,1.5311703,0.278604823,1.43E-08,1.41E-07
ENSG00000198034,499.8020229,-2.247275778,0.10421983,7.33E-104,1.07E-101
ENSG00000198040,18.23230756,1.508045227,0.518103482,0.001135197,0.004571263
ENSG00000198060,147.8102213,0.657374011,0.214838048,0.001719833,0.006605536
ENSG00000198074,14.1864899,-4.372512908,0.757925466,9.80E-10,1.09E-08
ENSG00000198092,27.56868063,-1.716266339,0.477135076,8.13E-05,0.00043391
ENSG00000198146,77.36271739,-1.339194687,0.226019532,1.23E-09,1.35E-08
ENSG00000198160,43.6342421,1.357931899,0.338667072,2.38E-05,0.000141962
ENSG00000198169,19.16324191,1.541876182,0.488340739,0.000475808,0.002115383
ENSG00000198176,73.42823752,-0.738946608,0.233590213,0.001082059,0.004380293
ENSG00000198198,94.37488449,2.735929864,0.416797576,1.52E-11,1.96E-10
ENSG00000198218,127.2593809,0.533582233,0.208384703,0.008819943,0.026973113
ENSG00000198231,70.45456477,0.583021584,0.238301029,0.011702092,0.034213745
ENSG00000198242,253.035524,-1.604165367,0.135232021,5.72E-33,2.27E-31
ENSG00000198258,163.8543267,-2.096698394,0.165049826,1.14E-37,5.12E-36
ENSG00000198265,47.97901721,1.924688394,0.393499163,2.79E-07,2.29E-06
ENSG00000198286,9.334740718,1.633925676,0.700829095,0.004936824,0.01653998
ENSG00000198315,40.51165918,1.969575074,0.391581531,1.15E-07,1.00E-06
ENSG00000198355,332.5096215,1.963339562,0.161498614,1.32E-34,5.50E-33
ENSG00000198356,130.0852861,-1.499970785,0.198520395,1.44E-14,2.41E-13
ENSG00000198380,52.24134108,1.956406442,0.298747388,1.37E-11,1.78E-10
ENSG00000198399,43.21602385,0.828542257,0.306308471,0.004475765,0.015194478
ENSG00000198408,504.3443401,1.613316852,0.126155471,6.68E-38,3.04E-36
ENSG00000198417,10.23746685,-1.803003006,0.761212275,0.003485611,0.012227106
ENSG00000198431,240.6558654,3.744073477,0.17258847,3.80E-105,5.57E-103
ENSG00000198435,1145.49323,2.527336298,0.142751905,1.10E-70,9.63E-69
ENSG00000198455,21.98961765,1.654526848,0.547373072,0.000729707,0.003091789
ENSG00000198466,18.62414978,1.306556905,0.486223715,0.002744852,0.009928954
ENSG00000198467,17.77991523,1.161417221,0.504568913,0.009259575,0.028083986
ENSG00000198478,8.768993789,-1.929918263,0.730368867,0.0014801,0.005788839
ENSG00000198483,24.29225239,-5.818439659,0.765408718,1.10E-14,1.86E-13
ENSG00000198492,171.3547405,1.063328375,0.172174488,3.56E-10,4.10E-09
ENSG00000198496,14.48188199,1.422262798,0.597017365,0.005483025,0.018043014
ENSG00000198517,104.4716311,2.096512137,0.267441563,1.16E-15,2.08E-14
ENSG00000198551,31.01640578,0.894686409,0.39856668,0.014700388,0.041401094
ENSG00000198561,176.2546558,-1.415886685,0.151780467,3.76E-21,9.09E-20
ENSG00000198563,447.2262259,1.715233749,0.130394408,5.00E-40,2.43E-38
ENSG00000198576,1460.508546,6.519265618,0.414465934,3.07E-55,2.03E-53
ENSG00000198586,27.23070685,1.103236998,0.419064539,0.003704753,0.01288772
ENSG00000198589,16.16239043,-1.685481814,0.499495756,0.00018325,0.000902195
ENSG00000198612,30.46236383,-1.104876978,0.355605111,0.000896956,0.003707096
ENSG00000198625,60.87243252,2.915774958,0.453428837,3.40E-11,4.27E-10
ENSG00000198642,46.38901001,1.031206901,0.306301441,0.000410153,0.001854557
ENSG00000198677,25.04042008,-0.969997425,0.377772988,0.005529448,0.018185506
ENSG00000198712,24141.94501,-0.836016502,0.04669815,7.36E-72,6.55E-70
ENSG00000198715,21.07537536,-1.030716703,0.441549323,0.009533957,0.028739321
ENSG00000198719,107.6792328,2.690983086,0.524305698,9.37E-08,8.24E-07
ENSG00000198720,11.53504006,1.588150668,0.65262621,0.004003389,0.013784125
ENSG00000198729,128.03644,-1.958283759,0.193233214,8.57E-25,2.42E-23
ENSG00000198742,178.8708928,0.646153242,0.178343758,0.000228694,0.001095447
ENSG00000198743,86.83872443,1.547817312,0.286435821,2.29E-08,2.18E-07
ENSG00000198752,103.340673,1.025187924,0.200584476,1.80E-07,1.52E-06
ENSG00000198753,11.33778173,1.779466935,0.669642329,0.00179723,0.006858896
ENSG00000198755,597.9947801,-1.48506704,0.09302796,7.80E-58,5.47E-56
ENSG00000198763,11541.61432,0.21980195,0.055100581,6.90E-05,0.000373729
ENSG00000198768,15.83523519,3.255979583,0.804269199,1.02E-05,6.46E-05
ENSG00000198780,17.31331767,1.757889809,0.526548249,0.000211047,0.001021555
ENSG00000198783,69.23897225,1.022247504,0.275173949,0.000113405,0.000585041
ENSG00000198786,2461.902896,-0.729020416,0.061376797,1.11E-32,4.33E-31
ENSG00000198804,14762.24351,-0.44248374,0.052572705,3.40E-17,6.66E-16
ENSG00000198815,80.01314406,1.126873354,0.264766052,1.05E-05,6.66E-05
ENSG00000198830,202.7158567,0.95687385,0.188925603,2.19E-07,1.83E-06
ENSG00000198837,32.94214113,1.497470189,0.407375153,7.87E-05,0.000420991
ENSG00000198840,6555.817129,-0.439924763,0.084528748,1.67E-07,1.41E-06
ENSG00000198853,19.61466751,1.361756238,0.483996135,0.001771884,0.006779041
ENSG00000198855,31.09664275,2.32950142,0.529872877,2.30E-06,1.63E-05
ENSG00000198856,78.92822934,-0.56323288,0.241454286,0.016060782,0.044595332
ENSG00000198876,62.39611837,0.795509531,0.255338688,0.001258051,0.005011865
ENSG00000198886,17407.74278,-0.287340061,0.04790818,2.00E-09,2.15E-08
ENSG00000198887,29.79885158,1.462494949,0.391110696,6.33E-05,0.000346512
ENSG00000198888,9591.904721,0.772071685,0.054637412,1.43E-45,7.76E-44
ENSG00000198894,11.76542684,-1.387316593,0.575738966,0.005028162,0.01679912
ENSG00000198899,10647.20924,-0.617400933,0.062595917,4.85E-23,1.28E-21
ENSG00000198901,21.83048947,-1.59537456,0.498702979,0.000378388,0.001722783
ENSG00000198909,26.42923322,1.545813967,0.429928784,0.000103263,0.000538357
ENSG00000198910,57.52743644,3.16966821,0.349693981,2.29E-20,5.26E-19
ENSG00000198915,6.535376976,2.070404766,0.955519592,0.004906159,0.016457218
ENSG00000198918,34.9655333,-1.27583736,0.383263669,0.00034527,0.001586653
ENSG00000198920,106.2800068,2.900553176,0.31443487,7.05E-21,1.67E-19
ENSG00000198931,87.89664317,-1.86508043,0.232724431,2.60E-16,4.84E-15
ENSG00000198932,8.964192658,2.947796004,1.132294598,0.002187163,0.008111488
ENSG00000198933,48.54216029,1.749928068,0.362536145,3.82E-07,3.07E-06
ENSG00000198937,53.48246306,-2.291429454,0.452373159,6.24E-08,5.62E-07
ENSG00000198938,17391.59272,-0.857141998,0.043452974,8.90E-87,9.67E-85
ENSG00000198948,7.431873584,-2.010162163,0.79141213,0.001846085,0.007020107
ENSG00000203485,32.57591994,1.606247066,0.371098284,4.48E-06,3.03E-05
ENSG00000203722,62.2452885,-4.806499439,0.502497815,1.12E-22,2.92E-21
ENSG00000203760,15.88316222,-2.96090803,0.644333284,5.06E-07,3.98E-06
ENSG00000203782,12.91664937,-2.895638103,0.874727644,0.000128335,0.000652311
ENSG00000203783,169.0696069,-2.53204749,0.236926725,1.70E-27,5.48E-26
ENSG00000203785,444.7943864,-0.99467262,0.183452112,3.33E-08,3.10E-07
ENSG00000203804,21.2968186,4.616838028,2.180150211,0.000147471,0.00073896
ENSG00000203814,14.70801871,2.146288867,0.9404273,0.005650869,0.018501245
ENSG00000203837,93.94259172,-2.860966035,0.252857415,1.51E-30,5.42E-29
ENSG00000203875,37.16885542,-0.815758986,0.343881478,0.011391549,0.033454644
ENSG00000203879,274.204562,1.680811626,0.175030653,2.55E-22,6.60E-21
ENSG00000203896,26.74163184,1.222474297,0.479818063,0.004554305,0.01540364
ENSG00000204020,8.216019306,-2.389608902,0.901393969,0.001024731,0.004170241
ENSG00000204021,8.914639562,-2.713869977,1.105569744,0.00124291,0.004957269
ENSG00000204086,3.365508794,2.864628838,4.147419847,0.011403881,0.033476614
ENSG00000204103,54.93265604,-1.064130791,0.300528295,0.000204046,0.000991841
ENSG00000204160,71.36773471,0.899907109,0.240449398,0.000114281,0.000588683
ENSG00000204178,43.06306979,1.691435824,0.365279296,1.01E-06,7.60E-06
ENSG00000204186,8.399269043,1.621767122,0.786203178,0.009651694,0.029024489
ENSG00000204220,33.07357613,-1.297464888,0.351771736,8.71E-05,0.000462492
ENSG00000204228,15.69889706,-1.742018374,0.614606992,0.000996411,0.004060977
ENSG00000204256,402.9265947,1.616546793,0.131256492,2.38E-35,1.02E-33
ENSG00000204262,3.931128078,-2.673276631,1.291297173,0.003643784,0.012707663
ENSG00000204267,35.34662401,-0.928876547,0.334181616,0.003135515,0.011146342
ENSG00000204272,32.80538819,-2.538974638,0.373760261,1.63E-12,2.29E-11
ENSG00000204282,9.821753557,3.367515189,1.023171615,0.0001899,0.00093062
ENSG00000204304,137.0634883,1.130118751,0.210780107,4.28E-08,3.92E-07
ENSG00000204305,69.64480848,2.000777104,0.437306196,1.29E-06,9.54E-06
ENSG00000204315,23.61762445,-1.730568545,0.423019559,1.06E-05,6.72E-05
ENSG00000204323,2.962103125,-2.587724976,1.557692027,0.010015818,0.029965834
ENSG00000204348,34.94567213,0.861928708,0.388911429,0.016504263,0.045551767
ENSG00000204356,53.18514367,-1.36880399,0.272693727,1.93E-07,1.63E-06
ENSG00000204363,3.155158772,3.192778396,4.826416547,0.009579687,0.028870862
ENSG00000204370,43.07974248,-1.073241304,0.324530533,0.000469431,0.002090651
ENSG00000204385,22.99871453,4.306108041,0.882013762,5.03E-07,3.96E-06
ENSG00000204386,105.5250542,0.818183898,0.227189259,0.000215068,0.001037017
ENSG00000204388,2496.418538,3.960637315,0.109040573,9.23E-290,6.06E-287
ENSG00000204389,5647.096861,4.249563465,0.077586821,0,0
ENSG00000204390,44.31235105,3.759141355,0.768526243,4.11E-07,3.29E-06
ENSG00000204392,39.74557832,-1.013954921,0.352622369,0.002102043,0.007833699
ENSG00000204396,8.152028439,2.777385367,1.04190136,0.00138791,0.005467646
ENSG00000204421,219.3508286,-2.833832791,0.183504054,1.23E-54,8.01E-53
ENSG00000204463,186.3966584,0.415208144,0.170402472,0.013506684,0.038598519
ENSG00000204469,327.6307292,0.551453304,0.156854467,0.000366569,0.001672281
ENSG00000204498,49.37979194,0.982085505,0.346390052,0.002515576,0.009186278
ENSG00000204516,46.25755542,3.270355405,0.44497836,3.83E-14,6.21E-13
ENSG00000204520,51.92645249,1.097872236,0.307194672,0.000176376,0.000870838
ENSG00000204524,7.797960309,1.463632797,0.779539799,0.017012721,0.046647239
ENSG00000204525,252.0686126,-0.923664151,0.153056716,1.07E-09,1.18E-08
ENSG00000204538,6.951779673,-2.347276193,1.058614288,0.00350602,0.012292447
ENSG00000204539,311.4300755,-1.462201044,0.161060049,3.94E-20,8.89E-19
ENSG00000204568,57.42351843,-0.960378546,0.267261772,0.000186163,0.000913927
ENSG00000204569,233.0337675,2.001502452,0.187121713,2.85E-27,9.14E-26
ENSG00000204590,57.63725881,0.855842811,0.302130147,0.002974325,0.010647389
ENSG00000204592,332.2269556,-1.133207653,0.122206276,9.64E-21,2.27E-19
ENSG00000204618,92.27561904,-0.937760758,0.243867235,7.10E-05,0.000383697
ENSG00000204628,347.8680458,-1.587865295,0.112492195,9.08E-46,4.95E-44
ENSG00000204632,85.01981205,0.80487247,0.323776646,0.008836708,0.027015192
ENSG00000204642,57.31692401,1.879639305,0.447780987,7.82E-06,5.08E-05
ENSG00000204673,256.3606354,0.790402737,0.206416428,9.08E-05,0.000480316
ENSG00000204681,43.78489461,1.988403324,0.356987046,6.12E-09,6.32E-08
ENSG00000204713,20.68610872,1.360869388,0.450009096,0.000905392,0.003734134
ENSG00000204842,27.81451172,1.292807913,0.442422559,0.001400727,0.005514988
ENSG00000204859,20.88259867,1.129594047,0.51086487,0.012127084,0.035247213
ENSG00000204866,38.4853746,-3.93333618,0.433750757,1.66E-20,3.85E-19
ENSG00000204920,30.13410904,1.676677352,0.443744261,4.52E-05,0.000255374
ENSG00000204922,14.17953267,-1.408088635,0.539602718,0.00282582,0.010181804
ENSG00000204946,17.65137415,2.054241725,0.576868466,7.91E-05,0.000423238
ENSG00000205045,2.135273071,2.858618188,3.209383694,0.012008445,0.03494655
ENSG00000205076,218.2616901,-2.500067039,0.178410184,1.94E-45,1.05E-43
ENSG00000205085,9.76986935,2.165402001,1.127447336,0.012823827,0.036930053
ENSG00000205155,63.99311968,-1.096488408,0.280299667,4.50E-05,0.000254264
ENSG00000205189,17.79982545,3.683826046,0.903471401,1.53E-05,9.44E-05
ENSG00000205213,17.1103165,-1.947857082,0.49844517,1.88E-05,0.000113758
ENSG00000205250,130.5762383,1.46605361,0.214061625,2.72E-12,3.75E-11
ENSG00000205307,17.31157078,1.847387908,0.804943473,0.005479558,0.018042926
ENSG00000205336,99.41767862,-2.185733228,0.223663168,2.83E-23,7.57E-22
ENSG00000205358,188.2272358,-1.768439788,0.212912017,2.59E-17,5.12E-16
ENSG00000205364,7.89302028,-2.056967541,1.31667746,0.011961071,0.034827187
ENSG00000205413,25.82455624,-1.630094543,0.413545583,2.17E-05,0.000131009
ENSG00000205420,9973.723429,-5.353116445,0.077169164,0,0
ENSG00000205488,6.481152103,-2.111433636,0.857544602,0.002085315,0.007779765
ENSG00000205517,3.202695051,4.086142284,2.568438399,0.00228394,0.008434137
ENSG00000205542,674.1264989,-1.500961157,0.091632352,9.35E-61,6.90E-59
ENSG00000205544,59.91868211,-2.763799703,0.329126395,6.16E-18,1.25E-16
ENSG00000205560,51.10625134,2.257374634,0.366812866,1.62E-10,1.91E-09
ENSG00000205730,14.18494547,1.870012312,0.572496706,0.000242257,0.001155201
ENSG00000205765,73.77417837,0.663076121,0.245312762,0.005268578,0.017435581
ENSG00000205853,14.63185401,3.224699918,2.100809759,0.003054329,0.01090832
ENSG00000205885,16.73568635,2.729607807,0.627928381,2.48E-06,1.74E-05
ENSG00000205890,58.77056354,8.365534448,2.431289835,7.12E-11,8.69E-10
ENSG00000205903,44.15916715,1.824905572,0.361221847,1.19E-07,1.03E-06
ENSG00000205937,77.98723277,0.780078597,0.263020295,0.002092487,0.007802301
ENSG00000205978,13.5340614,-2.963218392,0.618287112,2.01E-07,1.69E-06
ENSG00000206073,31.47485056,-4.319544066,0.519252008,1.37E-17,2.75E-16
ENSG00000206075,896.7580523,-1.82970727,0.100754445,2.53E-74,2.32E-72
ENSG00000206344,9.967895747,4.926433401,2.32967499,0.00017263,0.000853868
ENSG00000206503,915.9569941,-1.29731755,0.104484307,1.12E-35,4.83E-34
ENSG00000206527,60.87474139,-1.194716963,0.253792189,1.13E-06,8.40E-06
ENSG00000206573,26.15242559,1.577329203,0.460358284,0.000190294,0.000931886
ENSG00000211445,70.12473025,-3.892990254,0.330318126,5.25E-33,2.09E-31
ENSG00000211448,12.90565712,2.055557438,1.093868348,0.015382629,0.042997829
ENSG00000212907,8141.902636,-0.220360783,0.057394361,0.00010703,0.000556105
ENSG00000213020,11.62858369,1.722852773,0.762252234,0.005933401,0.01929839
ENSG00000213047,27.43957319,1.180011291,0.480330968,0.006246589,0.020143591
ENSG00000213079,76.79898219,0.981011426,0.278513613,0.000246688,0.001173895
ENSG00000213096,15.32437005,1.989273388,0.604036859,0.000215798,0.00103981
ENSG00000213190,18.21750704,-1.461226582,0.479473924,0.000703967,0.002995605
ENSG00000213199,26.02575516,3.304347617,0.76337367,3.55E-06,2.44E-05
ENSG00000213246,69.41856033,-0.797304761,0.276613154,0.002625272,0.00954759
ENSG00000213281,72.56365001,0.743534471,0.245763769,0.001784895,0.006817479
ENSG00000213339,48.02930269,0.955295805,0.341369134,0.002931763,0.010506608
ENSG00000213341,59.16676009,1.338933996,0.302016567,3.78E-06,2.59E-05
ENSG00000213398,58.18368753,2.830124319,0.420393102,3.67E-12,5.00E-11
ENSG00000213445,11.97017631,2.381848047,0.674616435,6.80E-05,0.000368461
ENSG00000213462,16.78974115,-1.327792886,0.498115393,0.002724275,0.009864863
ENSG00000213465,42.60620455,-1.914469733,0.323639563,7.29E-10,8.22E-09
ENSG00000213585,169.7139907,-0.843687333,0.151871776,1.85E-08,1.80E-07
ENSG00000213593,124.0605755,-0.979345268,0.186668229,8.96E-08,7.91E-07
ENSG00000213619,32.00972413,-1.155712456,0.378440498,0.001000792,0.004077631
ENSG00000213626,18.35152511,1.785086779,0.930927112,0.015269216,0.042715424
ENSG00000213676,54.33511055,-1.246912673,0.278447858,3.20E-06,2.22E-05
ENSG00000213719,953.5342756,0.689115306,0.07496571,3.01E-20,6.84E-19
ENSG00000213722,126.9286496,1.291513077,0.300079045,7.40E-06,4.84E-05
ENSG00000213741,53.81069786,-1.493161186,0.272333404,1.39E-08,1.37E-07
ENSG00000213780,74.17905789,1.148731895,0.310797371,0.00010394,0.000541478
ENSG00000213782,34.33933743,1.849450382,0.871913993,0.010634433,0.031539905
ENSG00000213793,9.795517248,1.664371609,0.74149451,0.006100951,0.019745104
ENSG00000213859,110.539519,1.52140742,0.203954349,2.96E-14,4.83E-13
ENSG00000213903,19.85389422,-1.804368134,0.47564412,3.40E-05,0.000196121
ENSG00000213906,8.50598582,-1.63746286,0.729348402,0.005720163,0.01868361
ENSG00000213923,196.5309838,1.593252348,0.180733505,4.07E-19,8.84E-18
ENSG00000213977,177.5834703,-2.067418672,0.203299484,5.23E-25,1.49E-23
ENSG00000213983,95.28263332,0.700205663,0.219170585,0.001057234,0.004286084
ENSG00000214021,23.52399017,1.517529576,0.541176848,0.001644992,0.006351675
ENSG00000214022,58.1164251,1.140310932,0.279858589,2.26E-05,0.000135638
ENSG00000214049,15.80465486,1.471398405,0.706382443,0.011486174,0.033675206
ENSG00000214078,190.0955386,0.838715762,0.162250329,1.59E-07,1.35E-06
ENSG00000214114,20.51226474,-5.173815326,0.779529087,6.05E-12,8.13E-11
ENSG00000214160,22.23056377,-1.044970749,0.421518783,0.006431211,0.020649304
ENSG00000214194,60.13770179,-0.742152423,0.248594026,0.001998063,0.007494774
ENSG00000214226,17.5170728,3.142952622,1.059373568,0.000956903,0.003923537
ENSG00000214253,115.7152347,-1.331984643,0.202818682,2.02E-11,2.57E-10
ENSG00000214530,49.10956263,-0.998875376,0.298999936,0.00045793,0.002045788
ENSG00000214548,42.80084333,7.780004665,2.391406695,1.07E-09,1.19E-08
ENSG00000214575,2.984068501,3.516174516,2.574575034,0.0048367,0.016259794
ENSG00000214655,172.9556965,0.883124081,0.202836093,8.76E-06,5.63E-05
ENSG00000214706,43.53845177,-0.993607914,0.314808349,0.000865079,0.003588639
ENSG00000214736,356.5840444,-1.957017748,0.173115831,2.68E-30,9.48E-29
ENSG00000214944,9.714739268,-1.244162429,0.612092026,0.014914054,0.041925839
ENSG00000215021,100.0167064,-1.343880325,0.222968945,6.45E-10,7.30E-09
ENSG00000215252,26.07966317,2.425486573,0.532878762,1.13E-06,8.41E-06
ENSG00000215301,228.8149122,0.529799697,0.163755726,0.001033071,0.004200465
ENSG00000215375,8.489730036,1.963295014,0.82994404,0.003495056,0.012257122
ENSG00000215440,19.21551474,1.788958302,0.488662794,6.27E-05,0.000343776
ENSG00000215458,5.165679317,-3.503090135,1.172592074,0.000269186,0.001268705
ENSG00000215845,92.85359622,-1.856202886,0.25360339,5.85E-14,9.37E-13
ENSG00000215853,7.820560908,-3.354237264,0.925068442,3.84E-05,0.000219027
ENSG00000216490,16.46565922,-2.994162542,0.59261968,5.87E-08,5.30E-07
ENSG00000217128,93.05037227,1.859312275,0.273831336,3.20E-12,4.39E-11
ENSG00000219200,225.1038013,-0.460798146,0.147509147,0.001517011,0.005915441
ENSG00000220201,18.82020533,2.112994215,0.777456471,0.001610854,0.006237313
ENSG00000220205,203.4012739,0.87748804,0.198256645,6.26E-06,4.13E-05
ENSG00000221823,68.86955426,0.776690386,0.248334712,0.0012238,0.004889531
ENSG00000221869,73.67284844,-1.30210923,0.282344732,1.58E-06,1.15E-05
ENSG00000221914,94.05699998,0.732630872,0.221153011,0.000668618,0.002864615
ENSG00000221968,75.34020333,5.075139773,0.498163301,1.53E-24,4.28E-23
ENSG00000221978,221.8221878,1.691755521,0.169943725,7.58E-24,2.06E-22
ENSG00000221983,171.4370978,-2.291821546,0.164113859,4.58E-45,2.46E-43
ENSG00000221988,35.16243936,-1.786654387,0.357666422,1.43E-07,1.22E-06
ENSG00000222041,8.883776248,1.958696405,1.002378359,0.011485709,0.033675206
ENSG00000223403,40.6356761,5.988760907,2.241020618,1.45E-06,1.06E-05
ENSG00000223478,2.43699555,-0.695777861,1.395933423,0.014595652,0.041181762
ENSG00000223496,34.05063938,2.14524702,0.41413945,4.82E-08,4.38E-07
ENSG00000223501,37.96959067,-1.240728187,0.342766707,0.000122618,0.000625557
ENSG00000223547,28.70087611,1.962288053,0.560400869,0.000121306,0.000619781
ENSG00000223572,9.122027394,-3.025813211,0.762852683,8.28E-06,5.37E-05
ENSG00000223573,33.07520613,-1.710837168,0.371457923,1.07E-06,8.01E-06
ENSG00000223685,5.051671656,2.013456003,1.213731454,0.014998747,0.042102175
ENSG00000223768,29.90343992,3.207122337,0.558841131,1.88E-09,2.03E-08
ENSG00000224051,32.81265589,-1.055190515,0.395020279,0.003699402,0.012875599
ENSG00000224251,14.41644797,6.323407572,1.526687229,1.41E-06,1.03E-05
ENSG00000224259,8.775955517,-3.127461415,0.854938898,2.68E-05,0.000157971
ENSG00000224470,92.73358885,0.707039822,0.234761282,0.001933277,0.007297379
ENSG00000224621,18.72848141,5.098599438,1.137525151,2.89E-06,2.02E-05
ENSG00000224660,22.75023697,1.553661961,0.545709547,0.001361099,0.005372761
ENSG00000224877,28.38979408,-1.936347484,0.409396619,4.71E-07,3.73E-06
ENSG00000224975,99.29174945,3.52004225,0.524039839,7.15E-12,9.52E-11
ENSG00000224984,6.831868294,-2.835039785,1.02388419,0.000528318,0.00232635
ENSG00000225075,10.49119258,2.549237904,1.430485626,0.007831309,0.024421933
ENSG00000225177,10.89638603,1.699780562,0.669536163,0.002583611,0.009409826
ENSG00000225578,8.090695864,3.621127278,2.280275588,0.002375195,0.008731404
ENSG00000225663,24.64661449,1.582857518,0.466946101,0.000205075,0.000995788
ENSG00000225697,39.29165643,1.36878941,0.457562761,0.001050642,0.004265624
ENSG00000225828,30.6429578,2.032058451,0.662451417,0.000569435,0.002485201
ENSG00000225880,8.640712062,2.800565511,1.083550547,0.001578748,0.006125028
ENSG00000226005,8.092792644,-4.720329741,1.101502449,2.94E-06,2.05E-05
ENSG00000226179,31.59183931,2.35866124,0.611584413,2.37E-05,0.000141758
ENSG00000226380,7.341667065,6.30451834,2.440012017,5.00E-06,3.36E-05
ENSG00000226386,15.30978747,2.719289017,1.366074375,0.003606467,0.012593432
ENSG00000226419,4.049793713,1.952529693,1.182790487,0.016486131,0.04551993
ENSG00000226479,40.46155999,1.4109074,0.395324617,0.000133506,0.000676102
ENSG00000226742,76.58987284,1.04896823,0.2450343,1.01E-05,6.39E-05
ENSG00000226950,52.0760639,0.832056557,0.304861869,0.004124156,0.014146992
ENSG00000227500,15.59460711,-1.207976491,0.516201483,0.007594162,0.023807233
ENSG00000227533,14.52328694,2.382581685,0.670322863,6.79E-05,0.000368461
ENSG00000227676,11.64008336,2.866664429,1.201913577,0.003271692,0.011573788
ENSG00000227908,5.707613948,2.757700483,2.256014326,0.008765094,0.026849789
ENSG00000227946,23.77290667,1.281931692,0.541817277,0.0066533,0.021284542
ENSG00000227959,15.76370655,4.867119917,1.061463876,2.67E-06,1.87E-05
ENSG00000228013,30.3064115,9.051178574,2.552079222,8.79E-12,1.16E-10
ENSG00000228109,12.57172665,2.951655331,0.823070467,5.21E-05,0.000290129
ENSG00000228242,6.587489195,3.514700423,2.266637252,0.002765653,0.009985875
ENSG00000228253,4348.877503,-0.322849697,0.064297218,4.69E-07,3.72E-06
ENSG00000228393,31.75136554,2.862911766,0.727088609,1.73E-05,0.000105626
ENSG00000228436,12.25009314,3.069658214,0.941924443,0.000186076,0.000913828
ENSG00000228474,394.9770982,-2.525079465,0.182556734,2.37E-44,1.26E-42
ENSG00000228549,9.298463906,3.609762735,2.193055036,0.001880706,0.00713603
ENSG00000228594,4.430404756,-2.165528466,1.199037238,0.007922944,0.024664251
ENSG00000228737,3.796874669,2.381663596,2.677192319,0.016258377,0.045028286
ENSG00000228817,12.56333068,3.523104973,1.431580604,0.001182807,0.004736718
ENSG00000229117,200.8222521,-1.123562177,0.156022667,2.99E-13,4.54E-12
ENSG00000229124,4.532734994,5.197478027,2.50657677,0.000250393,0.001189474
ENSG00000229348,16.31762348,4.325979285,2.320298238,0.000709501,0.003015435
ENSG00000229373,14.79112705,4.263926825,2.165116807,0.000364359,0.001664401
ENSG00000229833,23.81242709,-1.429507332,0.520605147,0.001847124,0.007022126
ENSG00000230149,25.13007997,1.930165888,0.917576329,0.009691967,0.029120216
ENSG00000230415,10.9913805,4.067882075,1.388559376,0.000277838,0.001306357
ENSG00000230532,55.32075819,2.750716921,0.71785984,2.80E-05,0.000164147
ENSG00000230753,8.876252182,2.243215305,2.67697338,0.0177647,0.048334556
ENSG00000230844,12.79404609,2.402710312,0.7858968,0.000427089,0.001924829
ENSG00000230937,51.03735777,-4.728130996,0.410530039,1.95E-31,7.35E-30
ENSG00000230943,7.340918043,-3.320383639,1.038759722,0.000146005,0.000732678
ENSG00000230989,39.93824747,-0.743963844,0.299402569,0.008996993,0.027438342
ENSG00000231131,3.159697644,-2.980760071,1.531850899,0.005216037,0.017290732
ENSG00000231290,38.58085794,3.357901849,0.563737634,6.92E-10,7.82E-09
ENSG00000231346,3.905277775,3.550088801,2.531624943,0.004342136,0.014813714
ENSG00000231500,940.5862996,-2.96107603,0.089913285,9.22E-239,4.24E-236
ENSG00000231638,49.12035364,2.958632341,0.754468902,3.18E-05,0.000184619
ENSG00000231767,9.269837704,-2.571325758,1.146390425,0.002138334,0.007949624
ENSG00000231811,3.022742332,-2.794482585,1.882177182,0.00851104,0.026186293
ENSG00000231826,4.165618681,-3.490356196,1.506144872,0.002071981,0.007736293
ENSG00000231880,8.97168541,4.112129238,1.447175219,0.000337967,0.001555685
ENSG00000231966,58.92795978,3.952503798,1.053399767,7.34E-05,0.000395779
ENSG00000232023,7.634623357,7.086112029,2.578412107,1.35E-06,9.96E-06
ENSG00000232112,163.7370482,-0.921011868,0.188838087,6.54E-07,5.06E-06
ENSG00000232533,53.84163032,3.549660363,0.476747663,1.54E-14,2.58E-13
ENSG00000232618,2.766980698,2.637179852,2.589734058,0.012781498,0.036831211
ENSG00000232656,12.13131879,4.80687374,2.242089003,0.000129879,0.000659673
ENSG00000232832,14.46065892,2.579381493,2.058477092,0.008956906,0.027328169
ENSG00000232931,9.79361664,2.879821404,0.915903921,0.000305631,0.001421541
ENSG00000233016,44.99860863,1.224207884,0.368215951,0.000390913,0.001775122
ENSG00000233056,11.41382964,2.996153884,2.116692383,0.004852863,0.016297992
ENSG00000233230,7.255569672,3.044787769,1.268959403,0.00269302,0.00976963
ENSG00000233421,8.219359114,2.355384082,2.147423486,0.013914862,0.039519467
ENSG00000233429,189.5343503,1.896886368,0.186773222,8.33E-25,2.35E-23
ENSG00000233461,12.30582794,-1.413782873,0.564716022,0.003769064,0.013088346
ENSG00000233559,6.330763341,3.707655466,1.482653213,0.000972358,0.003980582
ENSG00000233901,5.369995584,-3.902263104,1.154183485,9.43E-05,0.000495882
ENSG00000233927,326.2729771,-2.398646937,0.128266166,8.28E-79,8.17E-77
ENSG00000233930,24.49015752,2.684595154,1.998724096,0.006740902,0.021523473
ENSG00000233937,11.07814944,2.511500085,0.800066809,0.00030467,0.001417548
ENSG00000233954,7.773173094,-1.640958398,0.750205974,0.006338032,0.020392166
ENSG00000234199,14.25627254,2.642302566,1.361365772,0.005893282,0.019176442
ENSG00000234456,3.671000485,3.306872933,2.413199735,0.005056485,0.016858609
ENSG00000234771,3.980888193,2.033255932,1.204473262,0.014328473,0.040527346
ENSG00000234776,7.724731815,2.492320203,1.53478734,0.009759317,0.029284317
ENSG00000234869,2.44125215,1.530676781,3.58026777,0.014675245,0.041355601
ENSG00000235109,6.233287431,-1.568817147,0.853338011,0.014250425,0.040323123
ENSG00000235245,17.75078695,1.802901249,0.662198955,0.001455447,0.005704394
ENSG00000235448,12.43384944,2.555852934,0.887379848,0.000812631,0.003391084
ENSG00000235499,45.59731757,1.82974951,0.485810703,3.90E-05,0.000222461
ENSG00000236039,5.038778423,2.334164183,1.512747884,0.012296827,0.03566545
ENSG00000236453,109.4711858,7.633688066,2.332057017,1.06E-09,1.18E-08
ENSG00000236740,4.556301635,-4.04580037,1.362006336,0.000403316,0.001827236
ENSG00000236754,8.091123876,3.711788285,2.227045121,0.001715622,0.006591198
ENSG00000237101,4.477367598,-6.977132245,2.972237751,3.81E-05,0.000217546
ENSG00000237200,44.02938105,7.005201985,2.358088446,8.17E-08,7.25E-07
ENSG00000237289,9.506774816,-3.189617181,0.764765825,3.47E-06,2.39E-05
ENSG00000237330,39.37376266,2.186536488,0.454723416,3.21E-07,2.60E-06
ENSG00000237338,166.1708656,7.014005775,2.27946751,1.72E-08,1.69E-07
ENSG00000237399,12.27462156,3.119193163,1.351292904,0.002193424,0.008128157
ENSG00000237441,77.04614593,0.622628021,0.240537108,0.007577034,0.023764335
ENSG00000237499,10.36704719,-3.094647964,0.814636124,1.95E-05,0.00011773
ENSG00000237651,15.95943413,-1.897994706,0.515491793,4.74E-05,0.000266465
ENSG00000237686,2.416703814,3.717091034,3.026185137,0.005938268,0.019309165
ENSG00000237781,63.09359729,4.019514395,1.272364262,0.00015719,0.000784814
ENSG00000237950,4.45224147,2.903365038,1.364271819,0.004544774,0.015383341
ENSG00000238120,10.96249315,1.786577172,0.931760201,0.011457084,0.033618491
ENSG00000238266,53.41790783,2.372880341,0.36410994,1.52E-11,1.96E-10
ENSG00000239264,73.09208348,-1.201772622,0.234746546,1.37E-07,1.18E-06
ENSG00000239282,17.22758203,-2.676242768,0.573289258,4.10E-07,3.28E-06
ENSG00000239305,95.23930016,1.979887996,0.309988272,4.72E-11,5.85E-10
ENSG00000239382,28.52619079,0.944373367,0.402412822,0.010751449,0.031804929
ENSG00000239569,112.6208165,2.349873775,0.341593405,1.25E-12,1.77E-11
ENSG00000239672,40.96292803,-1.480831205,0.332783859,2.77E-06,1.94E-05
ENSG00000239704,18.93703324,1.209161826,0.520635871,0.008401917,0.025927205
ENSG00000239857,33.18885471,2.817459932,0.642545832,2.84E-06,1.99E-05
ENSG00000240053,57.41596427,2.092976349,0.381036045,1.01E-08,1.02E-07
ENSG00000240184,10.64372642,-2.831729123,0.736513551,1.42E-05,8.80E-05
ENSG00000240731,47.55518295,2.729709038,0.431013418,4.82E-11,5.97E-10
ENSG00000240972,505.087889,-1.954358564,0.121568259,7.32E-59,5.23E-57
ENSG00000241258,72.27314842,1.597252647,0.264629309,5.03E-10,5.74E-09
ENSG00000241343,103.0847801,-2.433607501,0.230545754,7.70E-27,2.43E-25
ENSG00000241468,88.38466594,-2.723793428,0.236650375,1.68E-31,6.36E-30
ENSG00000241484,26.80063719,0.915217481,0.399616003,0.01277549,0.036821587
ENSG00000241685,247.5005166,-0.776985792,0.144779673,5.62E-08,5.09E-07
ENSG00000241794,69.75934394,-4.055598078,0.448707468,1.44E-20,3.35E-19
ENSG00000241837,79.65869096,-2.736363423,0.245294612,9.88E-30,3.45E-28
ENSG00000241852,29.08416058,1.491306088,0.412564425,0.000100523,0.000525263
ENSG00000241878,103.7827396,1.355078705,0.24912936,2.23E-08,2.13E-07
ENSG00000241973,33.94695829,0.862729501,0.361133919,0.010519347,0.031252312
ENSG00000242028,8.504567977,2.898629274,2.173576559,0.0063446,0.020404447
ENSG00000242110,3.947964458,-1.816850446,1.123932204,0.015286862,0.04275612
ENSG00000242125,38.44556804,1.210184371,0.337114002,0.000146423,0.000734243
ENSG00000242247,63.61172617,1.225062642,0.281020236,5.78E-06,3.84E-05
ENSG00000242372,392.9419557,-1.319541441,0.117501333,1.19E-29,4.14E-28
ENSG00000242485,43.34162782,-1.164013904,0.29564074,3.66E-05,0.000210206
ENSG00000242802,95.26168501,2.092071226,0.309277207,3.40E-12,4.66E-11
ENSG00000243056,51.72934835,-1.113142075,0.315671406,0.000203083,0.000987507
ENSG00000243137,11.95609673,-2.776552753,0.697751745,9.49E-06,6.07E-05
ENSG00000243279,22.0473933,-1.067179941,0.513047768,0.017050288,0.046731674
ENSG00000243317,21.65697829,-1.755525976,0.449754673,2.24E-05,0.000134181
ENSG00000243335,24.3671844,3.176322492,0.595622924,2.10E-08,2.02E-07
ENSG00000243364,20.5919153,-1.011606444,0.472916416,0.015934946,0.044344073
ENSG00000243566,5.799399831,-3.81667262,1.164981712,0.000133924,0.00067797
ENSG00000243678,234.0695696,-2.606592166,0.151733085,5.79E-67,4.88E-65
ENSG00000243708,78.26634561,-2.346279597,0.253961241,4.43E-21,1.06E-19
ENSG00000243716,13.43898213,2.269145793,0.757412428,0.00058473,0.002542304
ENSG00000243725,77.67331603,0.721083263,0.252413417,0.003119727,0.011095935
ENSG00000243789,19.18837045,-2.334325878,0.515231961,9.25E-07,6.98E-06
ENSG00000243989,13.18664501,-2.282682015,0.586863651,1.58E-05,9.74E-05
ENSG00000244038,134.9587982,-1.914408394,0.197848909,8.58E-23,2.25E-21
ENSG00000244165,31.58220734,1.821238006,0.475681075,3.51E-05,0.00020177
ENSG00000244187,56.46386915,-3.322921353,0.371410155,4.02E-20,9.05E-19
ENSG00000244274,84.15013464,1.075733744,0.238929026,3.54E-06,2.44E-05
ENSG00000244405,23.2741746,2.905565933,0.546157751,1.86E-08,1.81E-07
ENSG00000244462,119.6480207,1.535089683,0.222735769,1.95E-12,2.72E-11
ENSG00000244491,12.1327079,2.36532065,1.420482766,0.010618656,0.031499884
ENSG00000244509,39.96661096,-1.428082943,0.367890109,3.44E-05,0.000197816
ENSG00000244617,181.6760315,-1.338753746,0.216248021,2.43E-10,2.84E-09
ENSG00000244687,81.79992667,-0.67198338,0.215641694,0.001385775,0.005462351
ENSG00000244754,30.3407856,1.260848909,0.398581548,0.000651899,0.002802557
ENSG00000245317,52.82239148,2.793966567,0.626551513,2.20E-06,1.56E-05
ENSG00000245522,19.58480572,1.924694805,0.836034346,0.005700514,0.018623839
ENSG00000245532,536.4740987,2.713514737,0.121008097,4.56E-112,6.84E-110
ENSG00000245848,94.88463822,-2.461131568,0.239767489,1.61E-25,4.74E-24
ENSG00000245910,56.26727545,-2.32016911,0.326640916,2.01E-13,3.08E-12
ENSG00000246223,1.937426445,-4.041524376,3.795327924,0.006339304,0.020392166
ENSG00000246350,8.14943542,4.043117574,2.261204606,0.000989284,0.004035509
ENSG00000246560,28.97638662,1.468104376,0.527997164,0.001843495,0.007012192
ENSG00000246705,58.8232432,-2.29549195,0.316776241,7.52E-14,1.19E-12
ENSG00000246985,3.791808696,4.304418503,2.471230951,0.001261435,0.00502286
ENSG00000247095,22.52429524,1.696473651,0.498576582,0.000167727,0.0008326
ENSG00000247271,2.53815769,-2.603394926,1.897703378,0.011450558,0.033606486
ENSG00000247315,62.84930701,2.060996921,0.339272908,3.02E-10,3.49E-09
ENSG00000247556,18.56618707,-0.95672649,0.432756028,0.014442258,0.040790659
ENSG00000248098,15.59804033,-2.425430566,0.659071192,3.18E-05,0.000184876
ENSG00000248323,21.34529865,8.648502212,2.527301076,6.81E-11,8.32E-10
ENSG00000248476,28.24478731,2.877495953,0.823087673,8.79E-05,0.00046578
ENSG00000249087,16.17991004,2.13154757,0.705308703,0.000522405,0.002302519
ENSG00000249673,24.52689816,2.204701491,0.453282946,2.21E-07,1.85E-06
ENSG00000249731,7.503838119,2.88318394,2.307872082,0.007767917,0.024269246
ENSG00000249898,3.348409999,3.879988119,2.484503673,0.002563966,0.009348144
ENSG00000250067,51.46597122,2.794798446,0.527728487,2.81E-08,2.65E-07
ENSG00000250133,1.987507401,3.062368537,2.932136399,0.0098722,0.029578019
ENSG00000250410,13.17643747,4.116013269,1.341443423,0.000187435,0.000919844
ENSG00000250506,70.44151206,2.308558768,0.43709622,3.59E-08,3.32E-07
ENSG00000250722,7.60775539,-2.222606757,0.78836911,0.000674659,0.00288781
ENSG00000250742,10.20804456,1.751520464,0.780140811,0.005221192,0.017303661
ENSG00000251095,4.530464512,-2.379309412,1.080681413,0.003474596,0.012197768
ENSG00000251322,18.43961428,2.878333746,0.640309051,1.28E-06,9.44E-06
ENSG00000251369,28.41089766,1.475055211,0.460162823,0.000464001,0.002071222
ENSG00000251410,6.298046517,2.945686132,2.276963595,0.006879121,0.021898933
ENSG00000251442,5.318558141,-2.371864835,1.102552995,0.00340592,0.011974953
ENSG00000251493,21.64433004,1.052180438,0.448645333,0.009434203,0.02851336
ENSG00000251562,725.6313685,1.440353204,0.17681559,1.38E-16,2.61E-15
ENSG00000251867,3.657150157,3.699189792,2.520324548,0.003523908,0.012348892
ENSG00000253161,110.2859331,1.909551125,0.246391135,2.28E-15,4.02E-14
ENSG00000253200,45.80708097,2.311703592,0.570980293,1.36E-05,8.46E-05
ENSG00000253251,11.88620825,1.260460477,0.629391493,0.016278309,0.045054286
ENSG00000253304,4.174218823,2.558545905,1.243822441,0.00502829,0.01679912
ENSG00000253313,53.65295845,1.022588424,0.286206907,0.000193573,0.000946598
ENSG00000253352,410.4738519,1.853490696,0.140322956,2.28E-40,1.11E-38
ENSG00000253368,97.31677115,-1.097628746,0.234301671,1.40E-06,1.03E-05
ENSG00000253417,3.708668518,-3.037811784,1.615193901,0.005342245,0.017662429
ENSG00000253476,61.97936868,2.245985172,0.517666125,3.05E-06,2.12E-05
ENSG00000253729,32.19457373,-1.464664519,0.344775531,7.04E-06,4.62E-05
ENSG00000253746,80.79304158,0.840096795,0.299622708,0.003260609,0.011540497
ENSG00000254207,8.396844703,3.377389127,2.971909214,0.00717853,0.022700209
ENSG00000254400,20.34625649,3.078347073,1.37212572,0.002504642,0.009157942
ENSG00000254470,31.66834244,0.935051571,0.357045588,0.005101561,0.016972407
ENSG00000254484,6.951551131,3.479666906,2.720154792,0.005662831,0.018531436
ENSG00000254548,48.90643892,2.039353015,0.459631837,1.89E-06,1.35E-05
ENSG00000254554,15.48143408,4.396952404,1.131112472,3.30E-05,0.000191391
ENSG00000254574,6.568944962,3.322407095,3.412454956,0.008326697,0.025722712
ENSG00000254648,11.55029049,5.77390668,2.344819279,1.33E-05,8.30E-05
ENSG00000254772,697.5225678,-2.060244549,0.089135023,5.88E-119,9.43E-117
ENSG00000254815,26.70372771,3.77378648,0.611111402,1.34E-10,1.60E-09
ENSG00000254827,4.755659446,-2.412474979,1.250947424,0.00688858,0.021923986
ENSG00000254858,9.538783533,-2.926196723,0.756279557,1.36E-05,8.46E-05
ENSG00000254911,6.364174985,3.671154524,1.793079798,0.002401667,0.008816973
ENSG00000254986,28.53485243,-1.368242423,0.387958156,0.000149155,0.000746047
ENSG00000254999,333.3552366,-1.172861096,0.164886678,5.19E-13,7.69E-12
ENSG00000255026,225.536383,6.114370749,0.544576838,4.21E-29,1.45E-27
ENSG00000255031,11.27914497,3.429442727,0.904317435,2.82E-05,0.000165153
ENSG00000255150,23.1501792,5.921248122,1.046386785,1.69E-08,1.66E-07
ENSG00000255176,5.945516678,3.273946481,2.312232089,0.004478887,0.015200262
ENSG00000255198,67.52967114,-1.093633332,0.311920778,0.000221914,0.001066298
ENSG00000255221,2.368887429,-2.427106797,2.751484522,0.01311726,0.037641546
ENSG00000255302,43.92829134,-0.877013267,0.325406584,0.004261725,0.014579028
ENSG00000255326,14.26648007,3.197772336,2.325904177,0.005054691,0.016857112
ENSG00000255363,14.65049533,2.765193033,2.103430462,0.007009637,0.022273311
ENSG00000255398,3.642985741,-2.28348073,1.348734816,0.009165671,0.027878833
ENSG00000255423,18.57782533,2.560636126,0.881614801,0.00076355,0.003217399
ENSG00000255501,27.21100427,-3.139989497,0.497059618,3.35E-11,4.22E-10
ENSG00000255521,4.603565234,3.450773058,1.549877962,0.001966097,0.007401018
ENSG00000255920,10.65260619,3.775703845,2.177573298,0.001261538,0.00502286
ENSG00000256087,69.93038053,2.62664686,0.371433777,3.44E-13,5.17E-12
ENSG00000256152,9.188522433,2.205299058,2.810935806,0.018071395,0.049004765
ENSG00000256448,34.30723716,1.604549691,0.869596841,0.018153139,0.049187771
ENSG00000256462,6.093661748,-2.340202367,1.554710951,0.009310703,0.028220448
ENSG00000256525,82.14540427,1.246411571,0.431244527,0.001767442,0.006765799
ENSG00000256812,112.1862674,-6.119941827,0.3984426,7.81E-54,4.99E-52
ENSG00000257084,103.1178226,-1.679765973,0.452448439,5.00E-05,0.000279566
ENSG00000257086,19.91196813,1.503621143,0.489948557,0.000661318,0.00283863
ENSG00000257103,133.9206117,0.496031203,0.175046794,0.004026621,0.013857199
ENSG00000257365,11.4691547,-2.017944542,0.627022775,0.000232181,0.001110606
ENSG00000257475,7.631816865,5.310510859,2.418883482,0.000114531,0.000589751
ENSG00000257594,9.732409777,1.682235046,0.715607707,0.004419114,0.01505029
ENSG00000257702,9.133836194,2.172859767,1.094368076,0.008340316,0.025754389
ENSG00000257727,33.39006118,-0.994535649,0.349745783,0.002380766,0.008747221
ENSG00000258099,6.423297124,2.661685385,1.376742844,0.007158283,0.022656951
ENSG00000258315,34.7797645,-1.459619741,0.395388081,7.28E-05,0.000392279
ENSG00000258441,144.563065,2.977465435,0.438843296,4.03E-12,5.48E-11
ENSG00000258559,13.24407947,2.756320082,0.837225311,0.000181514,0.000894283
ENSG00000258659,6.07600115,-2.883679035,0.977087549,0.000332344,0.001533384
ENSG00000258667,12.37359716,5.000102662,2.362540135,0.00018086,0.00089138
ENSG00000258717,25.17855233,5.410120125,2.364360482,6.27E-05,0.000343678
ENSG00000258727,14.86287428,2.078808941,0.710818245,0.000726888,0.003081739
ENSG00000258791,56.42217188,-1.355930865,0.303437851,2.93E-06,2.04E-05
ENSG00000258839,24.41167232,3.194361145,0.891101108,0.000107707,0.00055899
ENSG00000258890,50.02482525,1.540774874,0.373821065,1.29E-05,8.05E-05
ENSG00000258944,35.80663991,1.280064753,0.553432796,0.008046868,0.024988023
ENSG00000259001,1701.602336,6.034320369,0.363056962,6.30E-63,4.94E-61
ENSG00000259322,11.96903376,3.754615192,2.508725439,0.003143762,0.011172704
ENSG00000259366,40.20686035,1.510825197,0.452585553,0.000275024,0.001294009
ENSG00000259659,13.60283511,1.93289135,1.107837078,0.015087535,0.0423015
ENSG00000259744,3.235451041,2.758660517,3.384944585,0.0125544,0.036298076
ENSG00000259775,8.863261355,5.996541399,2.542183924,4.77E-05,0.000267987
ENSG00000259972,4.132455596,2.222088463,1.340591346,0.015046585,0.042206521
ENSG00000260025,6.130252453,-6.949657185,3.088444075,8.90E-05,0.000471759
ENSG00000260032,640.4093874,2.645586491,0.113446088,5.02E-121,8.34E-119
ENSG00000260035,17.06380134,4.684223462,2.269891384,0.000226721,0.001087503
ENSG00000260182,4.269856023,4.566312651,3.455436399,0.004276325,0.014625349
ENSG00000260186,6.465458663,3.743515603,2.307280277,0.002061665,0.007706114
ENSG00000260231,38.42208815,3.501867733,0.497004536,3.63E-13,5.44E-12
ENSG00000260239,178.696947,7.334659654,1.239031361,6.74E-11,8.24E-10
ENSG00000260368,11.86532916,3.172501059,1.357235394,0.001988515,0.007467076
ENSG00000260428,19.45954669,3.041409648,0.827376593,4.34E-05,0.000245769
ENSG00000260563,22.48655913,4.167189814,0.832056217,1.02E-07,8.90E-07
ENSG00000260565,7.066785981,2.300880551,0.894670043,0.001621972,0.006271563
ENSG00000260581,4.02871576,-6.288728713,3.431083226,0.00078812,0.003303784
ENSG00000260708,118.216859,1.280375867,0.316379269,2.30E-05,0.000137533
ENSG00000260710,22.81189987,1.655420377,0.832676187,0.009368743,0.028358994
ENSG00000260751,8.322915784,1.799933082,1.067349639,0.014919626,0.041932962
ENSG00000260805,12.22117227,1.638792617,0.893945497,0.01767379,0.048163171
ENSG00000260807,9.084210535,4.22905666,1.369950822,0.00016559,0.000822287
ENSG00000260852,69.80416157,3.578968268,0.495157506,1.57E-13,2.43E-12
ENSG00000260911,10.84279133,1.996644397,0.88432769,0.004453165,0.015140101
ENSG00000260942,32.49236614,3.29894578,0.865102024,5.21E-05,0.000290129
ENSG00000260948,36.26197675,2.060911686,0.612269514,0.000207941,0.001008289
ENSG00000260996,103.5186032,5.289475363,2.142515139,1.01E-05,6.42E-05
ENSG00000261026,38.36790691,2.0731139,0.779877059,0.002370658,0.008717049
ENSG00000261101,15.95908075,1.780069899,0.934578719,0.0117117,0.03423458
ENSG00000261114,11.65833197,3.057024127,1.252364553,0.002476009,0.009063374
ENSG00000261150,36.52188549,1.026346437,0.324199341,0.000829092,0.003450384
ENSG00000261183,13.34012209,-1.577829062,0.589966411,0.001920367,0.007260567
ENSG00000261236,22.35533551,-1.065687511,0.427277242,0.006014775,0.019507378
ENSG00000261270,18.06140378,1.910450101,0.897534896,0.006273731,0.020218937
ENSG00000261286,10.33253613,1.637346799,0.716483846,0.005650217,0.018501245
ENSG00000261324,24.3057755,2.059958516,1.025877641,0.013574706,0.038736755
ENSG00000261441,40.22721168,4.108385598,1.007405878,2.75E-05,0.000161834
ENSG00000261485,6.418278426,2.231255722,1.089448778,0.007165703,0.022670036
ENSG00000261488,49.41020033,3.066409514,0.572286767,2.07E-08,1.99E-07
ENSG00000261609,23.69941388,1.497592439,0.43728748,0.000197495,0.00096237
ENSG00000261644,70.26110238,7.233217808,2.324227016,8.66E-09,8.79E-08
ENSG00000261770,2.28467405,3.479205669,2.797226821,0.006312568,0.020315634
ENSG00000261888,18.05851526,2.71862767,1.302160248,0.004474621,0.015194333
ENSG00000261889,47.01923549,5.201467221,1.262288317,2.70E-06,1.89E-05
ENSG00000262001,6.935050048,4.173522246,1.455766557,0.000305849,0.001422073
ENSG00000262160,17.76250589,1.143142354,0.499216471,0.009595273,0.028890958
ENSG00000262202,28.71442919,5.990336137,2.315860665,4.67E-06,3.14E-05
ENSG00000262246,14.48608594,1.187777438,0.549800866,0.01259734,0.036378738
ENSG00000262445,5.560169469,3.27262722,2.603568248,0.006438993,0.020669483
ENSG00000262533,144.2969005,9.67510006,2.49013805,2.30E-14,3.78E-13
ENSG00000262766,24.74929016,2.99764334,0.780061285,2.63E-05,0.000155458
ENSG00000262814,74.5950113,-1.928316231,0.298972529,2.41E-11,3.06E-10
ENSG00000262903,23.54504406,1.451286051,0.597268151,0.004730737,0.015946305
ENSG00000263050,146.3975726,7.888856741,1.251612834,3.82E-12,5.20E-11
ENSG00000263574,12.74446656,2.735431189,2.118232366,0.007543244,0.023669115
ENSG00000263823,14.22373274,1.668506545,0.706761763,0.004525687,0.01533378
ENSG00000263956,7.687812343,1.673983756,0.856086693,0.011839605,0.034535308
ENSG00000264230,28.88388836,-2.652610211,0.42938441,8.95E-11,1.08E-09
ENSG00000264269,7.575079408,2.637888601,1.548736721,0.007783089,0.024305642
ENSG00000264290,6.686551388,2.191986984,1.176715669,0.007611042,0.023849313
ENSG00000264522,46.31979739,2.192930022,0.397996833,8.55E-09,8.70E-08
ENSG00000264635,12.68929495,4.011463211,2.188744066,0.0007796,0.003273038
ENSG00000265107,2.317915393,-4.546904872,3.620610389,0.004450222,0.015137556
ENSG00000265190,21.29459911,-2.167140062,0.473263889,8.07E-07,6.14E-06
ENSG00000265354,152.1532976,-0.459682904,0.18067596,0.009581815,0.028870972
ENSG00000265491,20.57155257,1.310442991,0.478591012,0.002348762,0.008650365
ENSG00000265681,621.0795372,-1.315590804,0.08479717,1.12E-54,7.32E-53
ENSG00000265972,791.4988973,-2.099957426,0.099283371,5.37E-100,7.34E-98
ENSG00000266094,4.715984867,-1.662901138,0.991006503,0.01757477,0.047946141
ENSG00000266236,8.739840916,2.077160223,1.523330165,0.018322446,0.049545478
ENSG00000266304,4.430680603,-4.04470879,4.628102465,0.007062916,0.022411644
ENSG00000266338,18.40605721,1.454659527,0.538945971,0.002206342,0.008173831
ENSG00000266402,27.45157434,-2.060943209,0.654267247,0.000267751,0.00126237
ENSG00000266412,235.0166485,-0.446998823,0.139291668,0.001181262,0.004731906
ENSG00000266472,132.2805588,-1.396298222,0.187797082,3.86E-14,6.24E-13
ENSG00000266490,3.643978666,2.406213957,1.992312644,0.013802915,0.039266177
ENSG00000266498,83.81119764,3.942919528,0.980599587,3.93E-05,0.000223746
ENSG00000266897,14.69604774,4.557554998,1.40092569,8.24E-05,0.000439402
ENSG00000266980,24.37484844,5.879525453,2.282503435,4.45E-06,3.01E-05
ENSG00000266993,17.78515447,2.403639898,1.32364919,0.008736569,0.026774295
ENSG00000267064,3.900088487,2.936092665,2.412754749,0.008151971,0.02527459
ENSG00000267169,24.87752379,3.13674115,1.022761238,0.000810078,0.003382474
ENSG00000267270,15.02041327,2.19969046,1.309029942,0.012596447,0.036378738
ENSG00000267317,21.97035552,1.175275305,0.515455605,0.009458847,0.028575325
ENSG00000267368,34.99987941,-2.89892771,0.466600524,6.05E-11,7.43E-10
ENSG00000267504,22.04548587,3.426810675,2.076292055,0.001864557,0.007082544
ENSG00000267519,27.04652314,3.843178279,0.588047253,1.50E-11,1.95E-10
ENSG00000267577,15.45358903,2.402469474,0.63472736,2.51E-05,0.000148883
ENSG00000267632,19.30951496,3.644670531,0.928175795,2.52E-05,0.000149213
ENSG00000267680,14.4889869,1.473187991,0.560524315,0.002572948,0.009375939
ENSG00000267688,41.62425479,1.956456066,0.466231937,5.78E-06,3.84E-05
ENSG00000267796,30.87759196,1.241707364,0.397957041,0.000766334,0.003225195
ENSG00000267855,51.58242251,-2.707348441,0.309451997,3.03E-19,6.64E-18
ENSG00000267898,64.12530265,3.897825245,1.237007743,0.000178486,0.000880627
ENSG00000267919,16.87506211,4.4734069,1.3516601,7.36E-05,0.000396562
ENSG00000268006,7.364679838,4.065720314,2.255458467,0.000916528,0.003771047
ENSG00000268043,11.92552641,2.375921755,0.721153346,0.000180445,0.000889973
ENSG00000268093,4.97569882,3.42496865,2.603818608,0.005469342,0.018021979
ENSG00000268205,26.94713331,1.619892688,0.445239293,8.16E-05,0.000434996
ENSG00000268307,25.62887786,-1.637370301,0.540823246,0.000610732,0.002644527
ENSG00000268320,15.1205254,2.475793988,2.346388894,0.013158257,0.037743492
ENSG00000268403,11.25856824,2.027003964,0.855224515,0.002948272,0.010556865
ENSG00000268471,11.11110289,1.810877844,0.732379349,0.002772554,0.010008174
ENSG00000268584,6.51262992,2.319929108,1.219289289,0.010790526,0.031913685
ENSG00000268601,11.39966829,-2.832007301,1.235938614,0.001813736,0.006914243
ENSG00000268621,7.676010168,-3.429947,0.940272585,2.90E-05,0.000169563
ENSG00000268655,4.898959345,5.287744359,2.507416463,0.000208031,0.001008371
ENSG00000268670,35.89111302,5.259512842,0.84084654,1.46E-10,1.73E-09
ENSG00000268858,96.21209818,4.64024953,0.378177825,4.72E-35,1.99E-33
ENSG00000268945,6.884180911,2.129334263,1.8118335,0.018475082,0.049903334
ENSG00000269053,15.90685284,5.231744882,2.388198862,0.00012242,0.000625009
ENSG00000269275,5.330690381,2.20612054,1.939361898,0.016948834,0.046481301
ENSG00000269335,29.0648436,1.931872779,0.427266795,1.45E-06,1.06E-05
ENSG00000269352,32.1066316,3.0637042,0.509272482,3.38E-10,3.89E-09
ENSG00000269688,55.75277994,4.179121706,0.778359413,3.42E-08,3.17E-07
ENSG00000269713,6.511174243,2.283366141,0.984930758,0.003555468,0.012453164
ENSG00000269729,32.42947612,-6.213461657,0.836258471,2.56E-14,4.21E-13
ENSG00000269834,4.703762991,2.278997703,1.168812901,0.007820857,0.024398965
ENSG00000269855,18.87510168,-1.564088178,0.559610154,0.001387632,0.005467646
ENSG00000269858,74.23624948,1.612278891,0.277651818,2.05E-09,2.20E-08
ENSG00000269893,29.65955622,-0.860621965,0.348547375,0.008308528,0.025679212
ENSG00000269900,1204.210778,3.707599537,0.652422442,1.01E-09,1.12E-08
ENSG00000269925,13.59036186,2.650717533,0.818786858,0.000235825,0.001126867
ENSG00000269929,15.34651375,2.552444673,0.74978382,0.000134445,0.000679861
ENSG00000269938,6.118980312,4.535281422,2.63928192,0.001409877,0.005544687
ENSG00000269951,5.468450964,4.297050885,2.51152682,0.001441873,0.005660838
ENSG00000269971,6.43173685,4.017924073,2.287950936,0.001152325,0.004632126
ENSG00000269993,335.8543957,9.651656282,2.455335647,1.97E-14,3.26E-13
ENSG00000270012,10.14279402,2.209131398,1.023914253,0.006276979,0.020224682
ENSG00000270022,100.3692839,9.726911869,2.511926244,2.60E-14,4.26E-13
ENSG00000270061,14.34439834,2.464356945,0.875632048,0.00069826,0.002977746
ENSG00000270066,70.05145014,6.485836993,0.976649138,1.21E-10,1.45E-09
ENSG00000270069,67.46812578,3.598080517,0.358139279,1.76E-24,4.89E-23
ENSG00000270103,125.9298747,7.318209118,1.014891648,2.21E-12,3.06E-11
ENSG00000270108,14.49947076,2.140656431,0.82692065,0.001501894,0.005866442
ENSG00000270141,50.83182471,7.37210985,2.390031732,2.07E-08,2.00E-07
ENSG00000270157,10.1031034,1.7196605,0.978521719,0.013476899,0.038529357
ENSG00000270177,4.984281846,3.399245741,2.344481717,0.003945269,0.013617986
ENSG00000270195,38.73318525,4.314310542,1.261673187,5.95E-05,0.000328348
ENSG00000270482,11.66287739,4.921487252,2.278474987,0.000119983,0.000614842
ENSG00000270640,9.74185996,5.728273593,2.440485562,4.39E-05,0.000248428
ENSG00000270647,48.41556367,-1.254798858,0.281321847,3.41E-06,2.36E-05
ENSG00000271303,446.0537311,2.556250006,0.121122253,1.21E-99,1.63E-97
ENSG00000271344,15.45592235,2.39085098,1.158001918,0.008314394,0.025691589
ENSG00000271447,1.769733213,-3.341703441,4.982752924,0.009531376,0.028737818
ENSG00000271533,5.962193188,2.273211043,1.061992443,0.004442166,0.015113878
ENSG00000271795,5.521619218,3.517991139,2.359765749,0.003384412,0.011917553
ENSG00000271991,4.287673096,2.832913075,2.580306443,0.010226506,0.030507086
ENSG00000272030,65.79936837,1.309151774,0.34592594,6.40E-05,0.000349912
ENSG00000272047,6.740317421,-1.834738337,0.78969703,0.003629179,0.012659926
ENSG00000272081,7.109060291,2.827267185,1.831897518,0.007782035,0.024305642
ENSG00000272141,273.1037852,5.215606528,0.426023559,1.77E-34,7.35E-33
ENSG00000272145,6.286394547,2.857444588,1.556973281,0.005546003,0.018222582
ENSG00000272159,5.467337339,2.211976553,2.195512901,0.017510084,0.047801231
ENSG00000272183,2.613602865,2.907443428,3.023550482,0.011172828,0.032903336
ENSG00000272217,18.20334055,2.449251815,0.975662607,0.002639226,0.009589605
ENSG00000272256,17.13752297,3.178737804,1.346534104,0.001885833,0.007151551
ENSG00000272263,6.042355694,2.450932072,1.733728539,0.011905878,0.034684634
ENSG00000272333,61.99470949,1.178324874,0.323625037,0.00012846,0.000652707
ENSG00000272369,4.291616457,-6.059356634,3.239565759,0.000692881,0.002956633
ENSG00000272391,31.04416552,1.034173113,0.427991409,0.008156591,0.025277557
ENSG00000272398,379.8982435,-2.435263657,0.120167538,4.06E-92,4.83E-90
ENSG00000272449,28.74267494,1.300455307,0.429080252,0.000936183,0.003842749
ENSG00000272455,11.75313649,2.404018144,0.811098887,0.000546872,0.002397342
ENSG00000272457,5.967822953,5.714422853,2.498992589,6.78E-05,0.000368304
ENSG00000272468,269.1671329,5.422361473,0.937977004,2.20E-08,2.11E-07
ENSG00000272512,17.93633217,5.063679083,1.309156483,7.73E-06,5.03E-05
ENSG00000272619,3.331568492,1.293989576,2.491531535,0.017276575,0.047267395
ENSG00000272666,12.63663363,-2.99996087,0.783679231,1.40E-05,8.67E-05
ENSG00000272669,60.55248941,2.492802419,0.553701309,1.64E-06,1.18E-05
ENSG00000272734,610.7910967,4.918681526,0.324602515,7.00E-52,4.30E-50
ENSG00000272735,4.248611392,2.349048575,2.945750592,0.016604421,0.045773274
ENSG00000272812,13.29809705,3.038699515,1.16048488,0.001916186,0.007252705
ENSG00000272836,4.588966915,3.159082476,3.541676629,0.009595882,0.028890958
ENSG00000272886,102.5353256,1.427619392,0.267391833,3.66E-08,3.38E-07
ENSG00000272888,49.09471288,0.971132188,0.331441684,0.001925731,0.007278852
ENSG00000272899,19.56006047,3.485094583,1.282444211,0.000718488,0.003050812
ENSG00000272906,25.47234975,2.887163393,0.964500114,0.000624158,0.00269674
ENSG00000272994,19.40677882,2.469165483,0.736168805,0.000171369,0.000848241
ENSG00000273001,21.15334518,5.640673395,1.347833031,1.58E-06,1.15E-05
ENSG00000273002,2.77568652,3.103541051,2.979726554,0.009481467,0.028624862
ENSG00000273038,46.57556697,1.407297757,0.466661087,0.000975284,0.003987826
ENSG00000273096,12.32649812,6.407952716,2.797534697,0.000107638,0.000558842
ENSG00000273117,4.630002366,2.623496372,1.623826692,0.008701024,0.02668907
ENSG00000273137,4.86813404,3.909798112,2.729165556,0.003659079,0.012754557
ENSG00000273142,14.88514642,1.384321297,0.684635417,0.014212564,0.040249
ENSG00000273145,2.991980719,3.191026223,2.803256089,0.008194741,0.025367896
ENSG00000273204,10.20465332,2.182765563,0.941815167,0.002881109,0.010351289
ENSG00000273210,19.40895634,5.776708242,2.371470703,2.05E-05,0.000123994
ENSG00000273284,6.359506911,2.245632574,1.155318486,0.008133705,0.025234966
ENSG00000273306,32.18970862,1.687061397,0.641968219,0.00215212,0.007994416
ENSG00000273344,13.13964754,1.426657857,0.611474699,0.006131362,0.019829574
ENSG00000273356,5.888026194,4.513708237,2.47796846,0.000898514,0.00371131
ENSG00000273466,34.02598936,2.836505721,0.588526672,2.59E-07,2.14E-06
ENSG00000273542,9.12238496,3.876016063,2.360577716,0.001900392,0.007200828
ENSG00000273559,204.3182308,1.635892927,0.205799377,6.53E-16,1.18E-14
ENSG00000273568,27.00022315,2.385113945,0.644098692,3.27E-05,0.000189763
ENSG00000273604,38.06561867,2.031336812,0.418331041,2.81E-07,2.31E-06
ENSG00000273703,23.74976389,4.39161366,2.379043275,0.000797679,0.003335748
ENSG00000273759,10.53959787,1.545804016,0.857596744,0.018141244,0.049165194
ENSG00000273760,22.11683206,-2.221505658,0.508120575,2.00E-06,1.43E-05
ENSG00000273802,1813.290659,4.574494886,0.228664458,3.87E-89,4.34E-87
ENSG00000273841,136.3782701,0.628506427,0.189494341,0.000720904,0.003060126
ENSG00000274211,25.93690438,0.918102611,0.393873989,0.011498646,0.033704613
ENSG00000274213,60.68422722,1.16137676,0.365952005,0.000685,0.002927532
ENSG00000274290,51.75629536,2.424504092,0.775638196,0.000546685,0.002397284
ENSG00000274383,13.02439204,1.644713101,0.661085175,0.003158869,0.011220693
ENSG00000274528,9.094527277,1.816252939,0.894217244,0.008559322,0.026324635
ENSG00000274561,18.45848389,2.287341098,0.750369974,0.000387532,0.001761508
ENSG00000274565,3.772229852,2.255467476,1.859972415,0.015995439,0.044440721
ENSG00000274618,84.23757777,10.23319901,2.575216478,2.96E-15,5.17E-14
ENSG00000274678,25.99226279,5.693836702,2.361544432,2.52E-05,0.000149213
ENSG00000274737,4.909129405,4.182189185,2.406067906,0.001271856,0.005057387
ENSG00000274750,22.69254332,2.444423706,0.606381344,1.14E-05,7.15E-05
ENSG00000274818,15.80068363,3.804927288,2.30975048,0.001863561,0.007082544
ENSG00000274828,15.07816869,1.500705247,0.612788277,0.004247164,0.014536423
ENSG00000274925,6.184419963,2.504582088,1.465630575,0.008890994,0.027139067
ENSG00000274943,23.03853126,2.425175451,0.863962441,0.000795235,0.003327545
ENSG00000274997,206.4155705,7.576408673,1.243789588,1.90E-11,2.43E-10
ENSG00000275023,17.23538222,1.05354506,0.474709911,0.012915412,0.037147289
ENSG00000275055,10.32656998,2.610166204,1.093588964,0.002745764,0.009929651
ENSG00000275056,11.14414398,3.6335862,2.343859439,0.002715722,0.009844223
ENSG00000275092,6.940204119,3.173161891,1.50350437,0.002887129,0.010370219
ENSG00000275126,73.23378418,8.151226727,2.407107953,1.74E-10,2.06E-09
ENSG00000275180,11.5434166,1.773404554,0.834973528,0.007202778,0.022766453
ENSG00000275216,87.48148379,2.688127267,0.304083048,1.88E-19,4.17E-18
ENSG00000275221,26.81022096,3.257178588,1.051967499,0.000333119,0.001535931
ENSG00000275234,131.203336,0.743230773,0.212205819,0.000330008,0.001525155
ENSG00000275342,18.104163,-1.710603256,0.492607433,0.000126751,0.000644972
ENSG00000275379,25.07613938,6.502980695,2.374410999,1.23E-06,9.07E-06
ENSG00000275484,4.138933474,1.022558863,1.941755217,0.011182078,0.032923551
ENSG00000275713,9.981489388,2.442074634,0.986381126,0.002850767,0.010252955
ENSG00000275714,92.58051471,6.843192821,1.258104081,1.62E-09,1.76E-08
ENSG00000275764,23.64114855,1.534852254,0.568426245,0.002076645,0.007751611
ENSG00000275765,6.092794888,2.435577515,1.576106521,0.011103291,0.032726487
ENSG00000275832,62.70215477,1.102789694,0.277834361,3.63E-05,0.000208314
ENSG00000275888,6.862928055,6.213658873,2.661555096,6.17E-05,0.000338557
ENSG00000275894,27.74191683,5.145771105,1.313721633,6.10E-06,4.04E-05
ENSG00000275895,7.398017635,2.192248615,2.059563196,0.016629617,0.045796989
ENSG00000276023,186.1980908,-0.647383344,0.147670434,9.09E-06,5.83E-05
ENSG00000276045,15.58228261,-1.244200838,0.555676476,0.009161733,0.027872996
ENSG00000276216,20.22173713,5.063356935,1.387332401,1.69E-05,0.000103428
ENSG00000276410,71.55818179,3.863469232,1.015276844,7.25E-05,0.000391354
ENSG00000276445,18.96829052,3.943086616,2.14314623,0.000742508,0.003139281
ENSG00000276523,4.303567977,2.238756451,3.550044904,0.016407096,0.045337786
ENSG00000276527,2.528443698,-0.803001111,1.542135754,0.012838438,0.036956706
ENSG00000276600,22.65836982,-2.807105292,0.473993107,3.95E-10,4.53E-09
ENSG00000276603,33.37027019,5.155940314,1.037469277,5.48E-07,4.29E-06
ENSG00000276791,3.280898513,2.638693353,2.455021584,0.011983028,0.034879939
ENSG00000276900,48.00543545,3.263047925,0.654357787,1.92E-07,1.62E-06
ENSG00000276903,34.57438424,5.717775529,2.322321995,1.59E-05,9.79E-05
ENSG00000276916,12.27648856,2.236987136,0.905955723,0.002024184,0.007586565
ENSG00000276966,152.4049957,6.587462986,0.801951658,1.20E-15,2.15E-14
ENSG00000277075,842.667591,4.370889113,0.222442906,3.35E-86,3.55E-84
ENSG00000277157,155.944937,5.001511033,0.590972009,1.66E-17,3.30E-16
ENSG00000277224,51.82514372,3.935769655,0.839008082,1.58E-06,1.15E-05
ENSG00000277258,54.68267713,1.221347996,0.334643846,0.000117754,0.000604314
ENSG00000277310,28.32131119,3.72099673,1.480282274,0.00090702,0.003738694
ENSG00000277476,17.95756269,3.427639238,1.063526689,0.000426964,0.001924829
ENSG00000277558,4.407359323,3.421968042,2.612494873,0.00554825,0.018225625
ENSG00000277602,7.116251446,2.375390207,1.870730832,0.015047542,0.042206521
ENSG00000277775,14.49246172,3.525474482,1.159767911,0.000552135,0.002417344
ENSG00000277791,156.4072826,-1.643994589,0.207616634,6.90E-16,1.25E-14
ENSG00000277895,5.224943039,3.820600987,2.421175462,0.002426927,0.008900236
ENSG00000277972,8.128247144,-1.361361601,0.732527578,0.017891761,0.048574918
ENSG00000278000,104.8933025,3.640921063,0.660703886,1.91E-08,1.85E-07
ENSG00000278224,17.03344336,2.478716303,0.664206239,3.55E-05,0.00020386
ENSG00000278311,80.05782121,1.216520696,0.250607725,5.53E-07,4.32E-06
ENSG00000278341,31.18166239,4.247055893,0.991787817,1.36E-05,8.44E-05
ENSG00000278463,258.5297522,9.800960597,2.477858373,1.11E-14,1.88E-13
ENSG00000278540,28.9121562,-1.171518839,0.360349025,0.000507049,0.002245595
ENSG00000278588,9.447135303,6.283027236,2.573671445,2.77E-05,0.000162764
ENSG00000278600,8.718541963,1.468004389,0.788402669,0.01694673,0.046481301
ENSG00000278611,6.815546638,2.657591867,1.212766199,0.003647011,0.012715702
ENSG00000278637,11.04439835,3.248460557,2.41359182,0.00537719,0.017756692
ENSG00000278705,331.8407143,8.589574525,1.252545593,4.81E-14,7.74E-13
ENSG00000278730,44.00808741,1.536409633,0.354282891,4.76E-06,3.20E-05
ENSG00000278828,24.27980531,3.18268613,0.739085345,4.41E-06,2.99E-05
ENSG00000279529,4.909095576,2.418777944,1.586625436,0.011478102,0.033668441
ENSG00000281183,51.7268309,2.245749216,0.464072807,3.22E-07,2.61E-06
ENSG00000281491,15.07966416,5.301910227,2.305443586,4.87E-05,0.000273179
ENSG00000281649,25.46105452,1.036645176,0.407540871,0.005647624,0.018501245
ENSG00000282508,3.438787583,2.259698575,2.330095006,0.017513263,0.047801231
ENSG00000282885,688.4129958,4.551144885,0.273670895,1.16E-62,9.00E-61
ENSG00000282936,4.474442552,2.069651958,1.133552205,0.010149805,0.030297924
ENSG00000282977,44.73093218,1.767449788,0.941683323,0.016303978,0.045098196
ENSG00000283154,3.660288943,2.29676949,1.786105872,0.015143055,0.042422687
ENSG00000283992,62.4079888,-4.020252238,0.352061729,5.08E-31,1.87E-29
ENSG00000284642,14.5112954,3.877521046,1.07206675,0.000111187,0.000574888
ENSG00000284976,53.73856678,-0.70407156,0.28220725,0.009112552,0.02774784
ENSG00000284981,9.130756117,-1.973561898,0.784265001,0.001963612,0.007397718
ENSG00000285106,3.193166068,4.324044749,2.53355172,0.001469599,0.005753325
ENSG00000285108,2.636910689,-3.415449537,1.844634089,0.003606171,0.012593432
ENSG00000285244,11.63691186,7.079442043,2.490324537,4.52E-07,3.59E-06
ENSG00000285646,8.135460915,4.580409472,2.305828877,0.000359593,0.001645897
ENSG00000285737,11.70287912,4.11552408,1.132201883,8.25E-05,0.000439765
ENSG00000285796,5.284063655,3.575990214,2.328222239,0.002890329,0.01037901
ENSG00000286010,6.289899164,-4.177194393,1.105052136,2.37E-05,0.000141783
ENSG00000286342,20.09564694,-4.179078566,0.612164752,1.05E-12,1.49E-11
ENSG00000286380,13.97252789,6.623661216,2.409574584,1.01E-06,7.56E-06
ENSG00000286522,10.20885725,4.261418205,2.446268866,0.001266181,0.005036985
ENSG00000286570,7.448084048,2.432084657,2.759954459,0.015297546,0.042768667
ENSG00000286741,10.5574442,3.220191699,1.371132231,0.001874789,0.007115714
ENSG00000286755,16.641883,2.531778369,2.078464815,0.009950306,0.029792629
ENSG00000286948,40.09226819,3.340219573,1.306764103,0.00113079,0.004556174
ENSG00000286952,3.023307185,3.311837811,2.623779775,0.006453051,0.020709791
ENSG00000287001,63.56296125,7.159635721,2.320922059,1.35E-08,1.33E-07
ENSG00000287080,120.5074893,6.780662162,1.24466789,1.65E-09,1.79E-08
ENSG00000287168,14.01343614,3.865289495,1.362450203,0.000403307,0.001827236
ENSG00000287175,13.03195288,5.228518251,2.286031462,4.96E-05,0.000277758
ENSG00000287553,94.33400397,6.700868158,1.245898934,2.53E-09,2.70E-08
ENSG00000287601,17.60032128,4.814872408,2.270744623,0.000163153,0.000811065
ENSG00000287697,8.153338466,2.458896531,1.247107657,0.008493153,0.026155595
ENSG00000287737,20.92809696,6.69566751,2.339919469,2.03E-07,1.71E-06
ENSG00000287766,13.08812922,2.346355397,2.14756277,0.014056315,0.039863778
ENSG00000287895,2.639534072,-4.713925244,3.313579185,0.003169066,0.011254018
ENSG00000287979,4.238783891,4.039472113,2.511027792,0.002143822,0.007967882
ENSG00000287987,2.888271763,-5.489362383,3.178259605,0.001228054,0.004905107
