initial_alias,converted_alias,name,description,namespace,,,,,From,To,Species,Gene Name,,,,,,4963,OFC1,Homo sapiens,orofacial cleft 1(OFC1),,,,,,,,,,,,fibro down,,,,,,,,,,mono up,,,,,,,,,mono down,,,
10060,ABCC9,ABCC9,ATP binding cassette subfamily C member 9 [Source:HGNC Symbol;Acc:HGNC:60],ENTREZGENE_ACC,,,,,30491,c3a.2,Danio rerio,"complement C3a, tandem duplicate 2(c3a.2)",,,,,,2549,GAB1,Homo sapiens,GRB2 associated binding protein 1(GAB1),,,,,,,,,,,,,,,,,,,,,,,,,,,,,,,,,,
26027,ACOT11,ACOT11,acyl-CoA thioesterase 11 [Source:HGNC Symbol;Acc:HGNC:18156],ENTREZGENE_ACC,,,,,30486,rxrbb,Danio rerio,"retinoid x receptor, beta b(rxrbb)",,,,,,23731,TMEM245,Homo sapiens,transmembrane protein 245(TMEM245),,,,,,,,,,,From,To,Species,Gene Name,,,,,,,,From,To,Species,Gene Name,,,,,,From,To,Species,Gene Name
148,ADRA1A,ADRA1A,adrenoceptor alpha 1A [Source:HGNC Symbol;Acc:HGNC:277],ENTREZGENE_ACC,,,,,30485,mxi1,Danio rerio,"max interactor 1, dimerization protein(mxi1)",,,,,,22884,WDR37,Homo sapiens,WD repeat domain 37(WDR37),,,,,,,,,,,32202,hwt,Drosophila melanogaster,heavyweight(hwt),,,,,,,,30485,mxi1,Danio rerio,"max interactor 1, dimerization protein(mxi1)",,,,,,42762,CG4408,Drosophila melanogaster,uncharacterized protein(CG4408)
23287,AGTPBP1,AGTPBP1,ATP/GTP binding carboxypeptidase 1 [Source:HGNC Symbol;Acc:HGNC:17258],ENTREZGENE_ACC,,,,,30488,csnk2a2a,Danio rerio,"casein kinase 2, alpha prime polypeptide a(csnk2a2a)",,,,,,4739,NEDD9,Homo sapiens,"neural precursor cell expressed, developmentally down-regulated 9(NEDD9)",,,,,,,,,,,32208,CG1824,Drosophila melanogaster,uncharacterized protein(CG1824),,,,,,,,30488,csnk2a2a,Danio rerio,"casein kinase 2, alpha prime polypeptide a(csnk2a2a)",,,,,,42648,CG5376,Drosophila melanogaster,uncharacterized protein(CG5376)
10840,ALDH1L1,ALDH1L1,aldehyde dehydrogenase 1 family member L1 [Source:HGNC Symbol;Acc:HGNC:3978],ENTREZGENE_ACC,,,,,30489,bfb,Danio rerio,complement component bfb(bfb),,,,,,10667,FARS2,Homo sapiens,"phenylalanyl-tRNA synthetase 2, mitochondrial(FARS2)",,,,,,,,,,,40299,tzn,Drosophila melanogaster,tenzing norgay(tzn),,,,,,,,30487,znf6,Danio rerio,zinc finger-6 type gene(znf6),,,,,,35397,CG8677,Drosophila melanogaster,uncharacterized protein(CG8677)
9068,ANGPTL1,ANGPTL1,angiopoietin like 1 [Source:HGNC Symbol;Acc:HGNC:489],ENTREZGENE_ACC,,,,,30696,nkx2.5,Danio rerio,NK2 homeobox 5(nkx2.5),,,,,,4730,NDUFV2P1,Homo sapiens,NADH:ubiquinone oxidoreductase core subunit V2 pseudogene 1(NDUFV2P1),,,,,,,,,,,42906,CG18528,Drosophila melanogaster,uncharacterized protein(CG18528),,,,,,,,30530,rxrba,Danio rerio,"retinoid x receptor, beta a(rxrba)",,,,,,40743,CG15580,Drosophila melanogaster,uncharacterized protein(CG15580)
23452,ANGPTL2,ANGPTL2,angiopoietin like 2 [Source:HGNC Symbol;Acc:HGNC:490],ENTREZGENE_ACC,,,,,30671,hsp70.3,Danio rerio,"heat shock cognate 70-kd protein, tandem duplicate 3(hsp70.3)",,,,,,4736,RPL10A,Homo sapiens,ribosomal protein L10a(RPL10A),,,,,,,,,,,36699,Arf6,Drosophila melanogaster,ADP ribosylation factor 6(Arf6),,,,,,,,30532,pax3a,Danio rerio,paired box 3a(pax3a),,,,,,41710,Npc2b,Drosophila melanogaster,Niemann-Pick type C-2b(Npc2b)
23782,AP1B1P1,AP1B1P1,AP1B1 pseudogene 1 [Source:NCBI gene (formerly Entrezgene);Acc:23782],ENTREZGENE_ACC,,,,,30670,thraa,Danio rerio,thyroid hormone receptor alpha a(thraa),,,,,,4741,NEFM,Homo sapiens,neurofilament medium chain(NEFM),,,,,,,,,,,43079,MED28,Drosophila melanogaster,Mediator complex subunit 28(MED28),,,,,,,,30527,msx1a,Danio rerio,muscle segment homeobox 1a(msx1a),,,,,,40746,Obp83cd,Drosophila melanogaster,Odorant-binding protein 83cd(Obp83cd)
10297,APC2,APC2,APC regulator of WNT signaling pathway 2 [Source:HGNC Symbol;Acc:HGNC:24036],ENTREZGENE_ACC,,,,,30271,nr1d2b,Danio rerio,"nuclear receptor subfamily 1, group D, member 2b(nr1d2b)",,,,,,4745,NELL1,Homo sapiens,neural EGFL like 1(NELL1),,,,,,,,,,,38849,CG14837,Drosophila melanogaster,uncharacterized protein(CG14837),,,,,,,,30529,sox3,Danio rerio,SRY-box transcription factor 3(sox3),,,,,,42646,Nrx-1,Drosophila melanogaster,Neurexin 1(Nrx-1)
8862,APLN,APLN,apelin [Source:HGNC Symbol;Acc:HGNC:16665],ENTREZGENE_ACC,,,,,30666,psmb8a,Danio rerio,proteasome 20S subunit beta 8A(psmb8a),,,,,,3658,IREB2,Homo sapiens,iron responsive element binding protein 2(IREB2),,,,,,,,,,,38843,CG7548,Drosophila melanogaster,uncharacterized protein(CG7548),,,,,,,,30525,foxd2,Danio rerio,forkhead box D2(foxd2),,,,,,40745,Gasp,Drosophila melanogaster,gasp(Gasp)
9826,ARHGEF11,ARHGEF11,Rho guanine nucleotide exchange factor 11 [Source:HGNC Symbol;Acc:HGNC:14580],ENTREZGENE_ACC,,,,,30667,mtnr1aa,Danio rerio,melatonin receptor 1A a(mtnr1aa),,,,,,4747,NEFL,Homo sapiens,neurofilament light chain(NEFL),,,,,,,,,,,41207,CG9467,Drosophila melanogaster,uncharacterized protein(CG9467),,,,,,,,30299,ihhb,Danio rerio,Indian hedgehog signaling molecule b(ihhb),,,,,,35679,dpa,Drosophila melanogaster,disc proliferation abnormal(dpa)
9828,ARHGEF17,ARHGEF17,Rho guanine nucleotide exchange factor 17 [Source:HGNC Symbol;Acc:HGNC:21726],ENTREZGENE_ACC,,,,,30628,smad1,Danio rerio,SMAD family member 1(smad1),,,,,,4761,NEUROD2,Homo sapiens,neuronal differentiation 2(NEUROD2),,,,,,,,,,,31649,CG4593,Drosophila melanogaster,uncharacterized protein(CG4593),,,,,,,,37690,Prosbeta5R1,Drosophila melanogaster,Proteasome beta5 subunit-related 1(Prosbeta5R1),,,,,,39919,Rbp6,Drosophila melanogaster,RNA-binding protein 6(Rbp6)
9070,ASH2L,ASH2L,"ASH2 like, histone lysine methyltransferase complex subunit [Source:HGNC Symbol;Acc:HGNC:744]",ENTREZGENE_ACC,,,,,30602,sox11a,Danio rerio,SRY-box transcription factor 11a(sox11a),,,,,,825,CAPN3,Homo sapiens,calpain 3(CAPN3),,,,,,,,,,,39235,CG32069,Drosophila melanogaster,uncharacterized protein(CG32069),,,,,,,,37691,CG30412,Drosophila melanogaster,uncharacterized protein(CG30412),,,,,,41706,Cyp6d5,Drosophila melanogaster,Cytochrome P450 6d5(Cyp6d5)
10533,ATG7,ATG7,autophagy related 7 [Source:HGNC Symbol;Acc:HGNC:16935],ENTREZGENE_ACC,,,,,30530,rxrba,Danio rerio,"retinoid x receptor, beta a(rxrba)",,,,,,826,CAPNS1,Homo sapiens,calpain small subunit 1(CAPNS1),,,,,,,,,,,35799,LRP1,Drosophila melanogaster,LDL receptor protein 1(LRP1),,,,,,,,37692,CG9861,Drosophila melanogaster,uncharacterized protein(CG9861),,,,,,35399,l(2)k14505,Drosophila melanogaster,lethal (2) k14505(l(2)k14505)
550,AUP1,AUP1,AUP1 lipid droplet regulating VLDL assembly factor [Source:HGNC Symbol;Acc:HGNC:891],ENTREZGENE_ACC,,,,,30531,msx2b,Danio rerio,muscle segment homeobox 2b(msx2b),,,,,,827,CAPN6,Homo sapiens,calpain 6(CAPN6),,,,,,,,,,,33817,Acp26Aa,Drosophila melanogaster,Accessory gland protein 26Aa(Acp26Aa),,,,,,,,40502,CG32459,Drosophila melanogaster,uncharacterized protein(CG32459),,,,,,43050,CG11878,Drosophila melanogaster,uncharacterized protein(CG11878)
9790,BMS1,BMS1,BMS1 ribosome biogenesis factor [Source:HGNC Symbol;Acc:HGNC:23505],ENTREZGENE_ACC,,,,,30527,msx1a,Danio rerio,muscle segment homeobox 1a(msx1a),,,,,,828,CAPS,Homo sapiens,calcyphosine(CAPS),,,,,,,,,,,34903,esg,Drosophila melanogaster,escargot(esg),,,,,,,,40506,Arf1,Drosophila melanogaster,ADP ribosylation factor 1(Arf1),,,,,,39119,CG3335,Drosophila melanogaster,uncharacterized protein(CG3335)
8927,BSN,BSN,bassoon presynaptic cytomatrix protein [Source:HGNC Symbol;Acc:HGNC:1117],ENTREZGENE_ACC,,,,,30526,msx3,Danio rerio,muscle segment homeobox 3(msx3),,,,,,829,CAPZA1,Homo sapiens,capping actin protein of muscle Z-line subunit alpha 1(CAPZA1),,,,,,,,,,,31625,nonC,Drosophila melanogaster,no-on-and-no-off transient C(nonC),,,,,,,,40504,CG33169,Drosophila melanogaster,uncharacterized protein(CG33169),,,,,,42598,BomT3,Drosophila melanogaster,Bomanin Tailed 3(BomT3)
26005,C2CD3,C2CD3,C2 domain containing 3 centriole elongation regulator [Source:HGNC Symbol;Acc:HGNC:24564],ENTREZGENE_ACC,,,,,30529,sox3,Danio rerio,SRY-box transcription factor 3(sox3),,,,,,5862,RAB2A,Homo sapiens,"RAB2A, member RAS oncogene family(RAB2A)",,,,,,,,,,,33101,CG1722,Drosophila melanogaster,uncharacterized protein(CG1722),,,,,,,,34987,mtgo,Drosophila melanogaster,miles to go(mtgo),,,,,,36352,Cpr49Af,Drosophila melanogaster,Cuticular protein 49Af(Cpr49Af)
9478,CABP1,CABP1,calcium binding protein 1 [Source:HGNC Symbol;Acc:HGNC:1384],ENTREZGENE_ACC,,,,,30525,foxd2,Danio rerio,forkhead box D2(foxd2),,,,,,2592,GALT,Homo sapiens,galactose-1-phosphate uridylyltransferase(GALT),,,,,,,,,,,9744,ACAP1,Homo sapiens,"ArfGAP with coiled-coil, ankyrin repeat and PH domains 1(ACAP1)",,,,,,,,32325,CG11162,Drosophila melanogaster,uncharacterized protein(CG11162),,,,,,38893,CG7565,Drosophila melanogaster,uncharacterized protein(CG7565)
785,CACNB4,CACNB4,calcium voltage-gated channel auxiliary subunit beta 4 [Source:HGNC Symbol;Acc:HGNC:1404],ENTREZGENE_ACC,,,,,31591,CG34417,Drosophila melanogaster,uncharacterized protein(CG34417),,,,,,2591,GALNT3,Homo sapiens,polypeptide N-acetylgalactosaminyltransferase 3(GALNT3),,,,,,,,,,,4298,MLLT1,Homo sapiens,MLLT1 super elongation complex subunit(MLLT1),,,,,,,,34986,CG5968,Drosophila melanogaster,uncharacterized protein(CG5968),,,,,,35543,Cyp6w1,Drosophila melanogaster,Cytochrome P450 6w1(Cyp6w1)
786,CACNG1,CACNG1,calcium voltage-gated channel auxiliary subunit gamma 1 [Source:HGNC Symbol;Acc:HGNC:1405],ENTREZGENE_ACC,,,,,31596,pigs,Drosophila melanogaster,pickled eggs(pigs),,,,,,2590,GALNT2,Homo sapiens,polypeptide N-acetylgalactosaminyltransferase 2(GALNT2),,,,,,,,,,,590,BCHE,Homo sapiens,butyrylcholinesterase(BCHE),,,,,,,,32329,Nna1,Drosophila melanogaster,Nna1 carboxypeptidase(Nna1),,,,,,35662,so,Drosophila melanogaster,sine oculis(so)
790,CAD,CAD,"carbamoyl-phosphate synthetase 2, aspartate transcarbamylase, and dihydroorotase [Source:HGNC Symbol;Acc:HGNC:1424]",ENTREZGENE_ACC,,,,,33774,Vps52,Drosophila melanogaster,Vacuolar protein sorting 52(Vps52),,,,,,27285,TEKT2,Homo sapiens,tektin 2(TEKT2),,,,,,,,,,,472,ATM,Homo sapiens,ATM serine/threonine kinase(ATM),,,,,,,,32326,CG12177,Drosophila melanogaster,uncharacterized protein(CG12177),,,,,,42862,Tsc1,Drosophila melanogaster,Tsc1(Tsc1)
825,CAPN3,CAPN3,calpain 3 [Source:HGNC Symbol;Acc:HGNC:1480],ENTREZGENE_ACC,,,,,32207,LIMK1,Drosophila melanogaster,LIM domain kinase 1(LIMK1),,,,,,2589,GALNT1,Homo sapiens,polypeptide N-acetylgalactosaminyltransferase 1(GALNT1),,,,,,,,,,,1579,CYP4A11,Homo sapiens,cytochrome P450 family 4 subfamily A member 11(CYP4A11),,,,,,,,32327,CG11158,Drosophila melanogaster,uncharacterized protein(CG11158),,,,,,40169,Usp32,Drosophila melanogaster,Ubiquitin specific protease 32(Usp32)
827,CAPN6,CAPN6,calpain 6 [Source:HGNC Symbol;Acc:HGNC:1483],ENTREZGENE_ACC,,,,,42230,CG7694,Drosophila melanogaster,uncharacterized protein(CG7694),,,,,,2588,GALNS,Homo sapiens,galactosamine (N-acetyl)-6-sulfatase(GALNS),,,,,,,,,,,474,ATOH1,Homo sapiens,atonal bHLH transcription factor 1(ATOH1),,,,,,,,42230,CG7694,Drosophila melanogaster,uncharacterized protein(CG7694),,,,,,42745,fzo,Drosophila melanogaster,fuzzy onions(fzo)
826,CAPNS1,CAPNS1,calpain small subunit 1 [Source:HGNC Symbol;Acc:HGNC:1481],ENTREZGENE_ACC,,,,,42232,CG14304,Drosophila melanogaster,uncharacterized protein(CG14304),,,,,,830,CAPZA2,Homo sapiens,capping actin protein of muscle Z-line subunit alpha 2(CAPZA2),,,,,,,,,,,236,AKR1B1P2,Homo sapiens,aldo-keto reductase family 1 member B1 pseudogene 2(AKR1B1P2),,,,,,,,33082,Stt3A,Drosophila melanogaster,Catalytic subunit 3A of the oligosaccharyltransferase complex(Stt3A),,,,,,34963,GMF,Drosophila melanogaster,Glia maturation factor(GMF)
4076,CAPRIN1,CAPRIN1,cell cycle associated protein 1 [Source:HGNC Symbol;Acc:HGNC:6743],ENTREZGENE_ACC,,,,,33764,TotM,Drosophila melanogaster,Turandot M(TotM),,,,,,2587,GALR1,Homo sapiens,galanin receptor 1(GALR1),,,,,,,,,,,28610,TRBV5-5,Homo sapiens,T cell receptor beta variable 5-5(TRBV5-5),,,,,,,,35029,ApepP,Drosophila melanogaster,Aminopeptidase P(ApepP),,,,,,42580,dnd,Drosophila melanogaster,dead end(dnd)
828,CAPS,CAPS,calcyphosine [Source:HGNC Symbol;Acc:HGNC:1487],ENTREZGENE_ACC,,,,,31347,CG2938,Drosophila melanogaster,uncharacterized protein(CG2938),,,,,,831,CAST,Homo sapiens,calpastatin(CAST),,,,,,,,,,,7436,VLDLR,Homo sapiens,very low density lipoprotein receptor(VLDLR),,,,,,,,35027,CG12288,Drosophila melanogaster,uncharacterized protein(CG12288),,,,,,39164,Taf2,Drosophila melanogaster,TBP-associated factor 2(Taf2)
829,CAPZA1,CAPZA1,capping actin protein of muscle Z-line subunit alpha 1 [Source:HGNC Symbol;Acc:HGNC:1488],ENTREZGENE_ACC,,,,,32436,dob,Drosophila melanogaster,doppelganger von brummer(dob),,,,,,2585,GALK2,Homo sapiens,galactokinase 2(GALK2),,,,,,,,,,,11189,CELF3,Homo sapiens,CUGBP Elav-like family member 3(CELF3),,,,,,,,35026,tweek,Drosophila melanogaster,tweek(tweek),,,,,,40310,CG32432,Drosophila melanogaster,uncharacterized protein(CG32432)
830,CAPZA2,CAPZA2,capping actin protein of muscle Z-line subunit alpha 2 [Source:HGNC Symbol;Acc:HGNC:1490],ENTREZGENE_ACC,,,,,42226,fru,Drosophila melanogaster,fruitless(fru),,,,,,832,CAPZB,Homo sapiens,capping actin protein of muscle Z-line subunit beta(CAPZB),,,,,,,,,,,2308,FOXO1,Homo sapiens,forkhead box O1(FOXO1),,,,,,,,37686,CG13540,Drosophila melanogaster,uncharacterized protein(CG13540),,,,,,41247,Syn,Drosophila melanogaster,Synapsin(Syn)
832,CAPZB,CAPZB,capping actin protein of muscle Z-line subunit beta [Source:HGNC Symbol;Acc:HGNC:1491],ENTREZGENE_ACC,,,,,35932,CG8788,Drosophila melanogaster,uncharacterized protein(CG8788),,,,,,5616,PRKY,Homo sapiens,protein kinase Y-linked (pseudogene)(PRKY),,,,,,,,,,,7696,ZNF137P,Homo sapiens,"zinc finger protein 137, pseudogene(ZNF137P)",,,,,,,,37687,ord,Drosophila melanogaster,orientation disruptor(ord),,,,,,39161,Ciz1,Drosophila melanogaster,Ciz1 zinc finger protein(Ciz1)
831,CAST,CAST,calpastatin [Source:HGNC Symbol;Acc:HGNC:1515],ENTREZGENE_ACC,,,,,34843,ppk,Drosophila melanogaster,pickpocket(ppk),,,,,,4528,MTIF2,Homo sapiens,mitochondrial translational initiation factor 2(MTIF2),,,,,,,,,,,7691,ZNF132,Homo sapiens,zinc finger protein 132(ZNF132),,,,,,,,37688,CG3124,Drosophila melanogaster,uncharacterized protein(CG3124),,,,,,41195,Naa80,Drosophila melanogaster,N(alpha)-acetyltransferase 80(Naa80)
23468,CBX5,CBX5,chromobox 5 [Source:HGNC Symbol;Acc:HGNC:1555],ENTREZGENE_ACC,,,,,35931,alc,Drosophila melanogaster,alicorn(alc),,,,,,3690,ITGB3,Homo sapiens,integrin subunit beta 3(ITGB3),,,,,,,,,,,483,ATP1B3,Homo sapiens,ATPase Na+/K+ transporting subunit beta 3(ATP1B3),,,,,,,,42226,fru,Drosophila melanogaster,fruitless(fru),,,,,,41994,CG14882,Drosophila melanogaster,uncharacterized protein(CG14882)
23466,CBX6,CBX6,chromobox 6 [Source:HGNC Symbol;Acc:HGNC:1556],ENTREZGENE_ACC,,,,,35930,Hydr1,Drosophila melanogaster,alpha/beta hydrolase 1(Hydr1),,,,,,4541,MT-ND6,Homo sapiens,mitochondrially encoded NADH dehydrogenase 6(MT-ND6),,,,,,,,,,,2558,GABRA5,Homo sapiens,gamma-aminobutyric acid type A receptor subunit alpha5(GABRA5),,,,,,,,33192,CG3345,Drosophila melanogaster,uncharacterized protein(CG3345),,,,,,42561,GABA-B-R2,Drosophila melanogaster,metabotropic GABA-B receptor subtype 2(GABA-B-R2)
8030,CCDC6,CCDC6,coiled-coil domain containing 6 [Source:HGNC Symbol;Acc:HGNC:18782],ENTREZGENE_ACC,,,,,33753,tkv,Drosophila melanogaster,thickveins(tkv),,,,,,5863,RGL2,Homo sapiens,ral guanine nucleotide dissociation stimulator like 2(RGL2),,,,,,,,,,,3402,IDDM3,Homo sapiens,insulin dependent diabetes mellitus 3(IDDM3),,,,,,,,35930,Hydr1,Drosophila melanogaster,alpha/beta hydrolase 1(Hydr1),,,,,,39030,CG13314,Drosophila melanogaster,uncharacterized protein(CG13314)
3491,CCN1,CCN1,cellular communication network factor 1 [Source:HGNC Symbol;Acc:HGNC:2654],ENTREZGENE_ACC,,,,,32429,hiw,Drosophila melanogaster,highwire(hiw),,,,,,7804,LRP8,Homo sapiens,LDL receptor related protein 8(LRP8),,,,,,,,,,,489,ATP2A3,Homo sapiens,ATPase sarcoplasmic/endoplasmic reticulum Ca2+ transporting 3(ATP2A3),,,,,,,,33187,CG13693,Drosophila melanogaster,uncharacterized protein(CG13693),,,,,,37259,CG11018,Drosophila melanogaster,uncharacterized protein(CG11018)
23582,CCNDBP1,CCNDBP1,cyclin D1 binding protein 1 [Source:HGNC Symbol;Acc:HGNC:1587],ENTREZGENE_ACC,,,,,31562,CG3566,Drosophila melanogaster,uncharacterized protein(CG3566),,,,,,22822,PHLDA1,Homo sapiens,pleckstrin homology like domain family A member 1(PHLDA1),,,,,,,,,,,2553,GABPB1,Homo sapiens,GA binding protein transcription factor subunit beta 1(GABPB1),,,,,,,,35927,Su(var)2-10,Drosophila melanogaster,Suppressor of variegation 2-10(Su(var)2-10),,,,,,38866,CG8492,Drosophila melanogaster,uncharacterized protein(CG8492)
27443,CECR2,CECR2,CECR2 histone acetyl-lysine reader [Source:HGNC Symbol;Acc:HGNC:1840],ENTREZGENE_ACC,,,,,35929,CG18659,Drosophila melanogaster,uncharacterized protein(CG18659),,,,,,5652,PRSS8,Homo sapiens,serine protease 8(PRSS8),,,,,,,,,,,2311,FOXO1B,Homo sapiens,forkhead box O1B (pseudogene)(FOXO1B),,,,,,,,40391,Wnk,Drosophila melanogaster,Wnk kinase(Wnk),,,,,,39387,Nrx-IV,Drosophila melanogaster,Neurexin IV(Nrx-IV)
9557,CHD1L,CHD1L,chromodomain helicase DNA binding protein 1 like [Source:HGNC Symbol;Acc:HGNC:1916],ENTREZGENE_ACC,,,,,35928,GstE13,Drosophila melanogaster,Glutathione S transferase E13(GstE13),,,,,,10844,TUBGCP2,Homo sapiens,tubulin gamma complex component 2(TUBGCP2),,,,,,,,,,,2310,FOXO3B,Homo sapiens,forkhead box O3B(FOXO3B),,,,,,,,40390,COX8,Drosophila melanogaster,Cytochrome c oxidase subunit 8(COX8),,,,,,39027,pix,Drosophila melanogaster,pixie(pix)
9435,CHST2,CHST2,carbohydrate sulfotransferase 2 [Source:HGNC Symbol;Acc:HGNC:1970],ENTREZGENE_ACC,,,,,35927,Su(var)2-10,Drosophila melanogaster,Suppressor of variegation 2-10(Su(var)2-10),,,,,,4558,MT-TF,Homo sapiens,mitochondrially encoded tRNA phenylalanine(MT-TF),,,,,,,,,,,10420,TESK2,Homo sapiens,testis associated actin remodelling kinase 2(TESK2),,,,,,,,40388,Rpn10,Drosophila melanogaster,Regulatory particle non-ATPase 10(Rpn10),,,,,,33560,Snx1,Drosophila melanogaster,Sorting nexin 1(Snx1)
23332,CLASP1,CLASP1,cytoplasmic linker associated protein 1 [Source:HGNC Symbol;Acc:HGNC:17088],ENTREZGENE_ACC,,,,,35926,Phax,Drosophila melanogaster,Phosphorylated adaptor for RNA export(Phax),,,,,,10840,ALDH1L1,Homo sapiens,aldehyde dehydrogenase 1 family member L1(ALDH1L1),,,,,,,,,,,490,ATP2B1,Homo sapiens,ATPase plasma membrane Ca2+ transporting 1(ATP2B1),,,,,,,,40386,CG7611,Drosophila melanogaster,uncharacterized protein(CG7611),,,,,,42954,polybromo,Drosophila melanogaster,polybromo(polybromo)
9076,CLDN1,CLDN1,claudin 1 [Source:HGNC Symbol;Acc:HGNC:2032],ENTREZGENE_ACC,,,,,33989,Caper,Drosophila melanogaster,caper(Caper),,,,,,23328,SASH1,Homo sapiens,SAM and SH3 domain containing 1(SASH1),,,,,,,,,,,495,ATP4A,Homo sapiens,ATPase H+/K+ transporting subunit alpha(ATP4A),,,,,,,,40385,Cdk12,Drosophila melanogaster,Cyclin-dependent kinase 12(Cdk12),,,,,,42543,Fancm,Drosophila melanogaster,Fanconi anemia group M helicase(Fancm)
9071,CLDN10,CLDN10,claudin 10 [Source:HGNC Symbol;Acc:HGNC:2033],ENTREZGENE_ACC,,,,,35925,Mys45A,Drosophila melanogaster,Mystery 45A(Mys45A),,,,,,23329,TBC1D30,Homo sapiens,TBC1 domain family member 30(TBC1D30),,,,,,,,,,,496,ATP4B,Homo sapiens,ATPase H+/K+ transporting subunit beta(ATP4B),,,,,,,,40389,VhaM9.7-b,Drosophila melanogaster,Vacuolar H[+] ATPase M9.7 subunit b(VhaM9.7-b),,,,,,42544,C15,Drosophila melanogaster,C15(C15)
9069,CLDN12,CLDN12,claudin 12 [Source:HGNC Symbol;Acc:HGNC:2034],ENTREZGENE_ACC,,,,,38181,CG12099,Drosophila melanogaster,uncharacterized protein(CG12099),,,,,,8930,MBD4,Homo sapiens,"methyl-CpG binding domain 4, DNA glycosylase(MBD4)",,,,,,,,,,,3410,IDDM11,Homo sapiens,insulin dependent diabetes mellitus 11(IDDM11),,,,,,,,38629,Msr-110,Drosophila melanogaster,Msr-110(Msr-110),,,,,,38165,CG9173,Drosophila melanogaster,uncharacterized protein(CG9173)
24146,CLDN15,CLDN15,claudin 15 [Source:HGNC Symbol;Acc:HGNC:2036],ENTREZGENE_ACC,,,,,37093,CG18536,Drosophila melanogaster,uncharacterized protein(CG18536),,,,,,6992,PPP1R11,Homo sapiens,protein phosphatase 1 regulatory inhibitor subunit 11(PPP1R11),,,,,,,,,,,3419,IDH3A,Homo sapiens,isocitrate dehydrogenase (NAD(+)) 3 catalytic subunit alpha(IDH3A),,,,,,,,32408,CG14411,Drosophila melanogaster,uncharacterized protein(CG14411),,,,,,39135,CG16711,Drosophila melanogaster,uncharacterized protein(CG16711)
10686,CLDN16,CLDN16,claudin 16 [Source:HGNC Symbol;Acc:HGNC:2037],ENTREZGENE_ACC,,,,,32408,CG14411,Drosophila melanogaster,uncharacterized protein(CG14411),,,,,,3486,IGFBP3,Homo sapiens,insulin like growth factor binding protein 3(IGFBP3),,,,,,,,,,,10632,ATP5MG,Homo sapiens,ATP synthase membrane subunit g(ATP5MG),,,,,,,,43091,Npl4,Drosophila melanogaster,Nuclear protein localization 4(Npl4),,,,,,39378,Ir68b,Drosophila melanogaster,Ionotropic receptor 68b(Ir68b)
9075,CLDN2,CLDN2,claudin 2 [Source:HGNC Symbol;Acc:HGNC:2041],ENTREZGENE_ACC,,,,,32875,CG7101,Drosophila melanogaster,uncharacterized protein(CG7101),,,,,,3485,IGFBP2,Homo sapiens,insulin like growth factor binding protein 2(IGFBP2),,,,,,,,,,,3418,IDH2,Homo sapiens,isocitrate dehydrogenase (NADP(+)) 2(IDH2),,,,,,,,36791,Lis-1,Drosophila melanogaster,Lissencephaly-1(Lis-1),,,,,,42540,CheB93a,Drosophila melanogaster,Chemosensory protein B 93a(CheB93a)
4850,CNOT4,CNOT4,CCR4-NOT transcription complex subunit 4 [Source:HGNC Symbol;Acc:HGNC:7880],ENTREZGENE_ACC,,,,,39490,CG11251,Drosophila melanogaster,uncharacterized protein(CG11251),,,,,,25987,TSKU,Homo sapiens,"tsukushi, small leucine rich proteoglycan(TSKU)",,,,,,,,,,,7475,WNT6,Homo sapiens,Wnt family member 6(WNT6),,,,,,,,35103,grnd,Drosophila melanogaster,grindelwald(grnd),,,,,,42429,DPCoAC,Drosophila melanogaster,Dephosphocoenzyme A carrier(DPCoAC)
1690,COCH,COCH,cochlin [Source:HGNC Symbol;Acc:HGNC:2180],ENTREZGENE_ACC,,,,,39492,snky,Drosophila melanogaster,sneaky(snky),,,,,,23325,WASHC4,Homo sapiens,WASH complex subunit 4(WASHC4),,,,,,,,,,,28608,TRBV5-7,Homo sapiens,T cell receptor beta variable 5-7 (non-functional)(TRBV5-7),,,,,,,,31427,CG12680,Drosophila melanogaster,uncharacterized protein(CG12680),,,,,,42545,sp3,Drosophila melanogaster,spermathreecae(sp3)
9382,COG1,COG1,component of oligomeric golgi complex 1 [Source:HGNC Symbol;Acc:HGNC:6545],ENTREZGENE_ACC,,,,,39491,trn,Drosophila melanogaster,tartan(trn),,,,,,25989,ULK3,Homo sapiens,unc-51 like kinase 3(ULK3),,,,,,,,,,,7478,WNT8A,Homo sapiens,Wnt family member 8A(WNT8A),,,,,,,,39490,CG11251,Drosophila melanogaster,uncharacterized protein(CG11251),,,,,,41859,mRpL9,Drosophila melanogaster,mitochondrial ribosomal protein L9(mRpL9)
10063,COX17,COX17,cytochrome c oxidase copper chaperone COX17 [Source:HGNC Symbol;Acc:HGNC:2264],ENTREZGENE_ACC,,,,,39485,Syx13,Drosophila melanogaster,Syntaxin 13(Syx13),,,,,,23326,USP22,Homo sapiens,ubiquitin specific peptidase 22(USP22),,,,,,,,,,,3431,SP110,Homo sapiens,SP110 nuclear body protein(SP110),,,,,,,,39492,snky,Drosophila melanogaster,sneaky(snky),,,,,,39413,CG32104,Drosophila melanogaster,uncharacterized protein(CG32104)
8029,CUBN,CUBN,cubilin [Source:HGNC Symbol;Acc:HGNC:2548],ENTREZGENE_ACC,,,,,39487,CG14115,Drosophila melanogaster,uncharacterized protein(CG14115),,,,,,25988,HINFP,Homo sapiens,histone H4 transcription factor(HINFP),,,,,,,,,,,28607,TRBV5-8,Homo sapiens,T cell receptor beta variable 5-8(TRBV5-8),,,,,,,,36787,CG10734,Drosophila melanogaster,uncharacterized protein(CG10734),,,,,,37877,CG11406,Drosophila melanogaster,uncharacterized protein(CG11406)
1727,CYB5R3,CYB5R3,cytochrome b5 reductase 3 [Source:HGNC Symbol;Acc:HGNC:2873],ENTREZGENE_ACC,,,,,39486,CG11279,Drosophila melanogaster,uncharacterized protein(CG11279),,,,,,8929,PHOX2B,Homo sapiens,paired like homeobox 2B(PHOX2B),,,,,,,,,,,3428,IFI16,Homo sapiens,interferon gamma inducible protein 16(IFI16),,,,,,,,36789,CG8435,Drosophila melanogaster,uncharacterized protein(CG8435),,,,,,31811,l(1)G0020,Drosophila melanogaster,lethal (1) G0020(l(1)G0020)
11258,DCTN3,DCTN3,dynactin subunit 3 [Source:HGNC Symbol;Acc:HGNC:2713],ENTREZGENE_ACC,,,,,39489,CG17300,Drosophila melanogaster,uncharacterized protein(CG17300),,,,,,8927,BSN,Homo sapiens,bassoon presynaptic cytomatrix protein(BSN),,,,,,,,,,,7004,TEAD4,Homo sapiens,TEA domain transcription factor 4(TEAD4),,,,,,,,39485,Syx13,Drosophila melanogaster,Syntaxin 13(Syx13),,,,,,42413,CG4360,Drosophila melanogaster,uncharacterized protein(CG4360)
8886,DDX18,DDX18,DEAD-box helicase 18 [Source:HGNC Symbol;Acc:HGNC:2741],ENTREZGENE_ACC,,,,,32616,rngo,Drosophila melanogaster,rings lost(rngo),,,,,,8928,FOXH1,Homo sapiens,forkhead box H1(FOXH1),,,,,,,,,,,8576,STK16,Homo sapiens,serine/threonine kinase 16(STK16),,,,,,,,39486,CG11279,Drosophila melanogaster,uncharacterized protein(CG11279),,,,,,35609,vimar,Drosophila melanogaster,visceral mesodermal armadillo-repeats(vimar)
9993,DGCR2,DGCR2,DiGeorge syndrome critical region gene 2 [Source:HGNC Symbol;Acc:HGNC:2845],ENTREZGENE_ACC,,,,,34226,Try29F,Drosophila melanogaster,Trypsin 29F(Try29F),,,,,,8925,HERC1,Homo sapiens,HECT and RLD domain containing E3 ubiquitin protein ligase family member 1(HERC1),,,,,,,,,,,1380,CR2,Homo sapiens,complement C3d receptor 2(CR2),,,,,,,,39489,CG17300,Drosophila melanogaster,uncharacterized protein(CG17300),,,,,,35848,beta3GalTII,Drosophila melanogaster,"beta-1,3-Galactosyltransferase II(beta3GalTII)"
1725,DHPS,DHPS,deoxyhypusine synthase [Source:HGNC Symbol;Acc:HGNC:2869],ENTREZGENE_ACC,,,,,34225,alien,Drosophila melanogaster,alien(alien),,,,,,8926,SNURF,Homo sapiens,SNRPN upstream open reading frame(SNURF),,,,,,,,,,,2900,GRIK4,Homo sapiens,glutamate ionotropic receptor kainate type subunit 4(GRIK4),,,,,,,,32292,CG1640,Drosophila melanogaster,uncharacterized protein(CG1640),,,,,,26791,SNORD58A,Homo sapiens,"small nucleolar RNA, C/D box 58A(SNORD58A)"
9785,DHX38,DHX38,DEAH-box helicase 38 [Source:HGNC Symbol;Acc:HGNC:17211],ENTREZGENE_ACC,,,,,32288,CG15747,Drosophila melanogaster,uncharacterized protein(CG15747),,,,,,5430,POLR2A,Homo sapiens,RNA polymerase II subunit A(POLR2A),,,,,,,,,,,28374,IGHVII-22-1,Homo sapiens,immunoglobulin heavy variable (II)-22-1 (pseudogene)(IGHVII-22-1),,,,,,,,32291,dmrt11E,Drosophila melanogaster,doublesex-Mab related 11E(dmrt11E),,,,,,3237,HOXD11,Homo sapiens,homeobox D11(HOXD11)
1729,DIAPH1,DIAPH1,diaphanous related formin 1 [Source:HGNC Symbol;Acc:HGNC:2876],ENTREZGENE_ACC,,,,,32285,IP3K2,Drosophila melanogaster,"Inositol 1,4,5-triphosphate kinase 2(IP3K2)",,,,,,23331,TTC28,Homo sapiens,tetratricopeptide repeat domain 28(TTC28),,,,,,,,,,,155,ADRB3,Homo sapiens,adrenoceptor beta 3(ADRB3),,,,,,,,32285,IP3K2,Drosophila melanogaster,"Inositol 1,4,5-triphosphate kinase 2(IP3K2)",,,,,,1058,CENPA,Homo sapiens,centromere protein A(CENPA)
1730,DIAPH2,DIAPH2,diaphanous related formin 2 [Source:HGNC Symbol;Acc:HGNC:2877],ENTREZGENE_ACC,,,,,37730,pita,Drosophila melanogaster,pita(pita),,,,,,23332,CLASP1,Homo sapiens,cytoplasmic linker associated protein 1(CLASP1),,,,,,,,,,,26870,RNU1-2,Homo sapiens,"RNA, U1 small nuclear 2(RNU1-2)",,,,,,,,37730,pita,Drosophila melanogaster,pita(pita),,,,,,28509,IGHD1-7,Homo sapiens,immunoglobulin heavy diversity 1-7(IGHD1-7)
9787,DLGAP5,DLGAP5,DLG associated protein 5 [Source:HGNC Symbol;Acc:HGNC:16864],ENTREZGENE_ACC,,,,,36403,CG42663,Drosophila melanogaster,uncharacterized protein(CG42663),,,,,,3492,IGH,Homo sapiens,immunoglobulin heavy locus(IGH),,,,,,,,,,,3434,IFIT1,Homo sapiens,interferon induced protein with tetratricopeptide repeats 1(IFIT1),,,,,,,,37731,Rrp4,Drosophila melanogaster,Rrp4(Rrp4),,,,,,3131,HLF,Homo sapiens,"HLF transcription factor, PAR bZIP family member(HLF)"
23341,DNAJC16,DNAJC16,DnaJ heat shock protein family (Hsp40) member C16 [Source:HGNC Symbol;Acc:HGNC:29157],ENTREZGENE_ACC,,,,,36404,Mos,Drosophila melanogaster,Mos oncogene(Mos),,,,,,3491,CCN1,Homo sapiens,cellular communication network factor 1(CCN1),,,,,,,,,,,4780,NFE2L2,Homo sapiens,NFE2 like bZIP transcription factor 2(NFE2L2),,,,,,,,37728,levy,Drosophila melanogaster,levy(levy),,,,,,2039,DMTN,Homo sapiens,dematin actin binding protein(DMTN)
9829,DNAJC6,DNAJC6,DnaJ heat shock protein family (Hsp40) member C6 [Source:HGNC Symbol;Acc:HGNC:15469],ENTREZGENE_ACC,,,,,36405,Taz,Drosophila melanogaster,Tafazzin(Taz),,,,,,3490,IGFBP7,Homo sapiens,insulin like growth factor binding protein 7(IGFBP7),,,,,,,,,,,3694,ITGB6,Homo sapiens,integrin subunit beta 6(ITGB6),,,,,,,,37729,Dcp-1,Drosophila melanogaster,Death caspase-1(Dcp-1),,,,,,28461,IGHV1-69,Homo sapiens,immunoglobulin heavy variable 1-69(IGHV1-69)
7266,DNAJC7,DNAJC7,DnaJ heat shock protein family (Hsp40) member C7 [Source:HGNC Symbol;Acc:HGNC:12392],ENTREZGENE_ACC,,,,,37979,NKAIN,Drosophila melanogaster,"Na,K-ATPase Interacting(NKAIN)",,,,,,3489,IGFBP6,Homo sapiens,insulin like growth factor binding protein 6(IGFBP6),,,,,,,,,,,4300,MLLT3,Homo sapiens,MLLT3 super elongation complex subunit(MLLT3),,,,,,,,37725,Gr59e,Drosophila melanogaster,Gustatory receptor 59e(Gr59e),,,,,,3806,KIR2DS1,Homo sapiens,"killer cell immunoglobulin like receptor, two Ig domains and short cytoplasmic tail 1(KIR2DS1)"
10059,DNM1L,DNM1L,dynamin 1 like [Source:HGNC Symbol;Acc:HGNC:2973],ENTREZGENE_ACC,,,,,34215,C1GalTA,Drosophila melanogaster,Core 1 Galactosyltransferase A(C1GalTA),,,,,,3488,IGFBP5,Homo sapiens,insulin like growth factor binding protein 5(IGFBP5),,,,,,,,,,,8346,H2BC10,Homo sapiens,H2B clustered histone 10(H2BC10),,,,,,,,37726,Gr59f,Drosophila melanogaster,Gustatory receptor 59f(Gr59f),,,,,,28345,IGHVIII-44,Homo sapiens,immunoglobulin heavy variable (III)-44 (pseudogene)(IGHVIII-44)
8110,DPF3,DPF3,double PHD fingers 3 [Source:HGNC Symbol;Acc:HGNC:17427],ENTREZGENE_ACC,,,,,37729,Dcp-1,Drosophila melanogaster,Death caspase-1(Dcp-1),,,,,,25992,SNED1,Homo sapiens,"sushi, nidogen and EGF like domains 1(SNED1)",,,,,,,,,,,2364,FRA1E,Homo sapiens,"fragile site, aphidicolin type, common, fra(1)(p21.2)(FRA1E)",,,,,,,,42191,CG18599,Drosophila melanogaster,uncharacterized protein(CG18599),,,,,,2433,FRA10C,Homo sapiens,"fragile site, BrdU type, common, fra(10)(q21)(FRA10C)"
1854,DUT,DUT,deoxyuridine triphosphatase [Source:HGNC Symbol;Acc:HGNC:3078],ENTREZGENE_ACC,,,,,34452,CG18302,Drosophila melanogaster,uncharacterized protein(CG18302),,,,,,3487,IGFBP4,Homo sapiens,insulin like growth factor binding protein 4(IGFBP4),,,,,,,,,,,3210,HOXB@,Homo sapiens,homeobox B cluster(HOXB@),,,,,,,,42189,CG12320,Drosophila melanogaster,uncharacterized protein(CG12320),,,,,,4597,MVD,Homo sapiens,mevalonate diphosphate decarboxylase(MVD)
1869,E2F1,E2F1,E2F transcription factor 1 [Source:HGNC Symbol;Acc:HGNC:3113],ENTREZGENE_ACC,,,,,37967,key,Drosophila melanogaster,kenny(key),,,,,,5425,POLD2,Homo sapiens,"DNA polymerase delta 2, accessory subunit(POLD2)",,,,,,,,,,,3208,HPCA,Homo sapiens,hippocalcin(HPCA),,,,,,,,42185,Mdh2,Drosophila melanogaster,Malate dehydrogenase 2(Mdh2),,,,,,253,ALS3,Homo sapiens,amyotrophic lateral sclerosis 3 (autosomal dominant)(ALS3)
1870,E2F2,E2F2,E2F transcription factor 2 [Source:HGNC Symbol;Acc:HGNC:3114],ENTREZGENE_ACC,,,,,37725,Gr59e,Drosophila melanogaster,Gustatory receptor 59e(Gr59e),,,,,,8932,MBD2,Homo sapiens,methyl-CpG binding domain protein 2(MBD2),,,,,,,,,,,2910,NR3C1P1,Homo sapiens,nuclear receptor subfamily 3 group C member 1 pseudogene 1(NR3C1P1),,,,,,,,42186,14-3-3epsilon,Drosophila melanogaster,14-3-3epsilon(14-3-3epsilon),,,,,,3414,IDDM15,Homo sapiens,insulin dependent diabetes mellitus 15(IDDM15)
1889,ECE1,ECE1,endothelin converting enzyme 1 [Source:HGNC Symbol;Acc:HGNC:3146],ENTREZGENE_ACC,,,,,37726,Gr59f,Drosophila melanogaster,Gustatory receptor 59f(Gr59f),,,,,,5427,POLE2,Homo sapiens,"DNA polymerase epsilon 2, accessory subunit(POLE2)",,,,,,,,,,,10868,USP20,Homo sapiens,ubiquitin specific peptidase 20(USP20),,,,,,,,42188,CG18598,Drosophila melanogaster,uncharacterized protein(CG18598),,,,,,28601,TRBV6-6,Homo sapiens,T cell receptor beta variable 6-6(TRBV6-6)
23301,EHBP1,EHBP1,EH domain binding protein 1 [Source:HGNC Symbol;Acc:HGNC:29144],ENTREZGENE_ACC,,,,,31391,peb,Drosophila melanogaster,pebbled(peb),,,,,,5428,POLG,Homo sapiens,"DNA polymerase gamma, catalytic subunit(POLG)",,,,,,,,,,,3444,IFNA7,Homo sapiens,interferon alpha 7(IFNA7),,,,,,,,35890,CG8243,Drosophila melanogaster,uncharacterized protein(CG8243),,,,,,2457,FRA14B,Homo sapiens,"fragile site, aphidicolin type, common, fra(14)(q23)(FRA14B)"
27102,EIF2AK1,EIF2AK1,eukaryotic translation initiation factor 2 alpha kinase 1 [Source:HGNC Symbol;Acc:HGNC:24921],ENTREZGENE_ACC,,,,,31390,CG12684,Drosophila melanogaster,uncharacterized protein(CG12684),,,,,,23548,TTC33,Homo sapiens,tetratricopeptide repeat domain 33(TTC33),,,,,,,,,,,3201,HOXA4,Homo sapiens,homeobox A4(HOXA4),,,,,,,,33232,uncNacbeta,Drosophila melanogaster,uncharacterized nascent polypeptide-associated complex beta subunit(uncNacbeta),,,,,,3028,HSD17B10,Homo sapiens,hydroxysteroid 17-beta dehydrogenase 10(HSD17B10)
8892,EIF2B2,EIF2B2,eukaryotic translation initiation factor 2B subunit beta [Source:HGNC Symbol;Acc:HGNC:3258],ENTREZGENE_ACC,,,,,31392,Alms1b,Drosophila melanogaster,Alstrom syndrome 1b(Alms1b),,,,,,5684,PSMA3,Homo sapiens,proteasome 20S subunit alpha 3(PSMA3),,,,,,,,,,,6959,TRBV21OR9-2,Homo sapiens,T cell receptor beta variable 21/OR9-2 (pseudogene)(TRBV21OR9-2),,,,,,,,40432,CG7148,Drosophila melanogaster,uncharacterized protein(CG7148),,,,,,546,ATRX,Homo sapiens,ATRX chromatin remodeler(ATRX)
8891,EIF2B3,EIF2B3,eukaryotic translation initiation factor 2B subunit gamma [Source:HGNC Symbol;Acc:HGNC:3259],ENTREZGENE_ACC,,,,,31157,Ocrl,Drosophila melanogaster,Oculocerebrorenal syndrome of Lowe(Ocrl),,,,,,23782,AP1B1P1,Homo sapiens,AP1B1 pseudogene 1(AP1B1P1),,,,,,,,,,,175,AGA,Homo sapiens,aspartylglucosaminidase(AGA),,,,,,,,40431,eIF2A,Drosophila melanogaster,eukaryotic translation initiation factor 2A(eIF2A),,,,,,10172,ZNF256,Homo sapiens,zinc finger protein 256(ZNF256)
8672,EIF4G3,EIF4G3,eukaryotic translation initiation factor 4 gamma 3 [Source:HGNC Symbol;Acc:HGNC:3298],ENTREZGENE_ACC,,,,,43125,CG5886,Drosophila melanogaster,uncharacterized protein(CG5886),,,,,,23301,EHBP1,Homo sapiens,EH domain binding protein 1(EHBP1),,,,,,,,,,,2928,GSC2,Homo sapiens,goosecoid homeobox 2(GSC2),,,,,,,,40430,CG7407,Drosophila melanogaster,uncharacterized protein(CG7407),,,,,,1255,CNA1,Homo sapiens,cornea plana 1 (autosomal dominant)(CNA1)
8178,ELL,ELL,elongation factor for RNA polymerase II [Source:HGNC Symbol;Acc:HGNC:23114],ENTREZGENE_ACC,,,,,43126,CG5890,Drosophila melanogaster,uncharacterized protein(CG5890),,,,,,23781,AP1B1P2,Homo sapiens,AP1B1 pseudogene 2(AP1B1P2),,,,,,,,,,,7812,CSDE1,Homo sapiens,cold shock domain containing E1(CSDE1),,,,,,,,33227,Spp,Drosophila melanogaster,Signal peptide peptidase(Spp),,,,,,9312,KCNB2,Homo sapiens,potassium voltage-gated channel subfamily B member 2(KCNB2)
10807,ENTR1,ENTR1,endosome associated trafficking regulator 1 [Source:HGNC Symbol;Acc:HGNC:10667],ENTREZGENE_ACC,,,,,43127,Tsp96F,Drosophila melanogaster,Tetraspanin 96F(Tsp96F),,,,,,11320,MGAT4A,Homo sapiens,"alpha-1,3-mannosyl-glycoprotein 4-beta-N-acetylglucosaminyltransferase A(MGAT4A)",,,,,,,,,,,6980,TRGV6,Homo sapiens,T cell receptor gamma variable 6 (pseudogene)(TRGV6),,,,,,,,33225,ush,Drosophila melanogaster,u-shaped(ush),,,,,,6719,SRD5A1P1,Homo sapiens,steroid 5 alpha-reductase 1 pseudogene 1(SRD5A1P1)
2053,EPHX2,EPHX2,epoxide hydrolase 2 [Source:HGNC Symbol;Acc:HGNC:3402],ENTREZGENE_ACC,,,,,31388,CG11444,Drosophila melanogaster,uncharacterized protein(CG11444),,,,,,6543,SLC8A2,Homo sapiens,solute carrier family 8 member A2(SLC8A2),,,,,,,,,,,6984,TRGV10,Homo sapiens,T cell receptor gamma variable 10 (non-functional)(TRGV10),,,,,,,,33228,nAChRbeta3,Drosophila melanogaster,nicotinic Acetylcholine Receptor beta3(nAChRbeta3),,,,,,2239,GPC4,Homo sapiens,glypican 4(GPC4)
9002,F2RL3,F2RL3,F2R like thrombin or trypsin receptor 3 [Source:HGNC Symbol;Acc:HGNC:3540],ENTREZGENE_ACC,,,,,31387,CG3527,Drosophila melanogaster,uncharacterized protein(CG3527),,,,,,10691,GMEB1,Homo sapiens,glucocorticoid modulatory element binding protein 1(GMEB1),,,,,,,,,,,3354,HTR1E,Homo sapiens,5-hydroxytryptamine receptor 1E(HTR1E),,,,,,,,33229,Ets21C,Drosophila melanogaster,Ets at 21C(Ets21C),,,,,,2354,FOSB,Homo sapiens,"FosB proto-oncogene, AP-1 transcription factor subunit(FOSB)"
10827,FAM114A2,FAM114A2,family with sequence similarity 114 member A2 [Source:HGNC Symbol;Acc:HGNC:1333],ENTREZGENE_ACC,,,,,34414,Mdh1,Drosophila melanogaster,Malate dehydrogenase 1(Mdh1),,,,,,7402,UTRN,Homo sapiens,utrophin(UTRN),,,,,,,,,,,3112,HLA-DOB,Homo sapiens,"major histocompatibility complex, class II, DO beta(HLA-DOB)",,,,,,,,40425,CG14564,Drosophila melanogaster,uncharacterized protein(CG14564),,,,,,5883,RAD9A,Homo sapiens,RAD9 checkpoint clamp component A(RAD9A)
10667,FARS2,FARS2,"phenylalanyl-tRNA synthetase 2, mitochondrial [Source:HGNC Symbol;Acc:HGNC:21062]",ENTREZGENE_ACC,,,,,34654,Fam92,Drosophila melanogaster,Fam92(Fam92),,,,,,10690,FUT9,Homo sapiens,fucosyltransferase 9(FUT9),,,,,,,,,,,25897,RNF19A,Homo sapiens,"ring finger protein 19A, RBR E3 ubiquitin protein ligase(RNF19A)",,,,,,,,31390,CG12684,Drosophila melanogaster,uncharacterized protein(CG12684),,,,,,6567,SLC16A2,Homo sapiens,solute carrier family 16 member 2(SLC16A2)
10056,FARSB,FARSB,phenylalanyl-tRNA synthetase subunit beta [Source:HGNC Symbol;Acc:HGNC:17800],ENTREZGENE_ACC,,,,,31389,CG3546,Drosophila melanogaster,uncharacterized protein(CG3546),,,,,,10692,RRH,Homo sapiens,retinal pigment epithelium-derived rhodopsin homolog(RRH),,,,,,,,,,,25898,RCHY1,Homo sapiens,ring finger and CHY zinc finger domain containing 1(RCHY1),,,,,,,,40429,CycH,Drosophila melanogaster,Cyclin H(CycH),,,,,,3699,ITIH3,Homo sapiens,inter-alpha-trypsin inhibitor heavy chain 3(ITIH3)
23291,FBXW11,FBXW11,F-box and WD repeat domain containing 11 [Source:HGNC Symbol;Acc:HGNC:13607],ENTREZGENE_ACC,,,,,31386,CG11436,Drosophila melanogaster,uncharacterized protein(CG11436),,,,,,6548,SLC9A1,Homo sapiens,solute carrier family 9 member A1(SLC9A1),,,,,,,,,,,1291,COL6A1,Homo sapiens,collagen type VI alpha 1 chain(COL6A1),,,,,,,,40427,CG7370,Drosophila melanogaster,uncharacterized protein(CG7370),,,,,,5636,PRPSAP2,Homo sapiens,phosphoribosyl pyrophosphate synthetase associated protein 2(PRPSAP2)
26127,FGFR1OP2,FGFR1OP2,FGFR1 oncogene partner 2 [Source:HGNC Symbol;Acc:HGNC:23098],ENTREZGENE_ACC,,,,,31385,CG15912,Drosophila melanogaster,uncharacterized protein(CG15912),,,,,,9832,JAKMIP2,Homo sapiens,janus kinase and microtubule interacting protein 2(JAKMIP2),,,,,,,,,,,744,MPPED2,Homo sapiens,metallophosphoesterase domain containing 2(MPPED2),,,,,,,,38589,Rh50,Drosophila melanogaster,Rh50(Rh50),,,,,,28644,TRAV38-1,Homo sapiens,T cell receptor alpha variable 38-1(TRAV38-1)
9457,FHL5,FHL5,four and a half LIM domains 5 [Source:HGNC Symbol;Acc:HGNC:17371],ENTREZGENE_ACC,,,,,36831,wcd,Drosophila melanogaster,wicked(wcd),,,,,,9830,TRIM14,Homo sapiens,tripartite motif containing 14(TRIM14),,,,,,,,,,,6977,TRGV4,Homo sapiens,T cell receptor gamma variable 4(TRGV4),,,,,,,,31386,CG11436,Drosophila melanogaster,uncharacterized protein(CG11436),,,,,,21142,T(2;5)43Ad,Mus musculus,"reciprocal translocation, Chr 2 and 5, Adler 43(T(2;5)43Ad)"
11259,FILIP1L,FILIP1L,filamin A interacting protein 1 like [Source:HGNC Symbol;Acc:HGNC:24589],ENTREZGENE_ACC,,,,,34644,CG17217,Drosophila melanogaster,uncharacterized protein(CG17217),,,,,,9831,ZNF623,Homo sapiens,zinc finger protein 623(ZNF623),,,,,,,,,,,506,ATP5F1B,Homo sapiens,ATP synthase F1 subunit beta(ATP5F1B),,,,,,,,31385,CG15912,Drosophila melanogaster,uncharacterized protein(CG15912),,,,,,27008,Micall1,Mus musculus,"microtubule associated monooxygenase, calponin and LIM domain containing -like 1(Micall1)"
24147,FJX1,FJX1,four-jointed box kinase 1 [Source:HGNC Symbol;Acc:HGNC:17166],ENTREZGENE_ACC,,,,,36829,CG7997,Drosophila melanogaster,uncharacterized protein(CG7997),,,,,,23531,MMD,Homo sapiens,monocyte to macrophage differentiation associated(MMD),,,,,,,,,,,628,BEVI,Homo sapiens,baboon M7 virus integration site(BEVI),,,,,,,,36831,wcd,Drosophila melanogaster,wicked(wcd),,,,,,28177,D16Ium34e,Mus musculus,"DNA segment, Chr 16, Indiana University Medical 34, expressed(D16Ium34e)"
8928,FOXH1,FOXH1,forkhead box H1 [Source:HGNC Symbol;Acc:HGNC:3814],ENTREZGENE_ACC,,,,,31132,CG14811,Drosophila melanogaster,uncharacterized protein(CG14811),,,,,,9825,SPATA2,Homo sapiens,spermatogenesis associated 2(SPATA2),,,,,,,,,,,507,ATP5F1BP1,Homo sapiens,ATP synthase F1 subunit beta pseudogene 1(ATP5F1BP1),,,,,,,,39531,CG13737,Drosophila melanogaster,uncharacterized protein(CG13737),,,,,,21312,T(X;7)18Rl,Mus musculus,"reciprocal translocation, Chr X and 7, Russell 18(T(X;7)18Rl)"
3607,FOXK2,FOXK2,forkhead box K2 [Source:HGNC Symbol;Acc:HGNC:6036],ENTREZGENE_ACC,,,,,33545,CG8837,Drosophila melanogaster,uncharacterized protein(CG8837),,,,,,9826,ARHGEF11,Homo sapiens,Rho guanine nucleotide exchange factor 11(ARHGEF11),,,,,,,,,,,10048,RANBP9,Homo sapiens,RAN binding protein 9(RANBP9),,,,,,,,39530,CG8745,Drosophila melanogaster,uncharacterized protein(CG8745),,,,,,20980,Syt2,Mus musculus,synaptotagmin II(Syt2)
10690,FUT9,FUT9,fucosyltransferase 9 [Source:HGNC Symbol;Acc:HGNC:4020],ENTREZGENE_ACC,,,,,33303,Charon,Drosophila melanogaster,charon(Charon),,,,,,9829,DNAJC6,Homo sapiens,DnaJ heat shock protein family (Hsp40) member C6(DNAJC6),,,,,,,,,,,7706,TRIM25,Homo sapiens,tripartite motif containing 25(TRIM25),,,,,,,,34087,pes,Drosophila melanogaster,peste(pes),,,,,,20555,Slfn1,Mus musculus,schlafen 1(Slfn1)
2549,GAB1,GAB1,GRB2 associated binding protein 1 [Source:HGNC Symbol;Acc:HGNC:4066],ENTREZGENE_ACC,,,,,33543,CG3277,Drosophila melanogaster,uncharacterized protein(CG3277),,,,,,9827,RGP1,Homo sapiens,"RGP1 homolog, RAB6A GEF complex partner 1(RGP1)",,,,,,,,,,,2274,FHL2,Homo sapiens,four and a half LIM domains 2(FHL2),,,,,,,,36825,CG4282,Drosophila melanogaster,uncharacterized protein(CG4282),,,,,,18754,Prkce,Mus musculus,"protein kinase C, epsilon(Prkce)"
2585,GALK2,GALK2,galactokinase 2 [Source:HGNC Symbol;Acc:HGNC:4119],ENTREZGENE_ACC,,,,,33541,CG9663,Drosophila melanogaster,uncharacterized protein(CG9663),,,,,,9828,ARHGEF17,Homo sapiens,Rho guanine nucleotide exchange factor 17(ARHGEF17),,,,,,,,,,,3916,LAMP1,Homo sapiens,lysosomal associated membrane protein 1(LAMP1),,,,,,,,36829,CG7997,Drosophila melanogaster,uncharacterized protein(CG7997),,,,,,18612,Etv4,Mus musculus,ets variant 4(Etv4)
2588,GALNS,GALNS,galactosamine (N-acetyl)-6-sulfatase [Source:HGNC Symbol;Acc:HGNC:4122],ENTREZGENE_ACC,,,,,33542,CG15406,Drosophila melanogaster,uncharacterized protein(CG15406),,,,,,7661,ZNF90P1,Homo sapiens,zinc finger protein 90 pseudogene 1(ZNF90P1),,,,,,,,,,,3236,HOXD10,Homo sapiens,homeobox D10(HOXD10),,,,,,,,41291,fau,Drosophila melanogaster,fau(fau),,,,,,21195,T(5;10)9Rl,Mus musculus,"reciprocal translocation, Chr 5 and 10, Russell 9(T(5;10)9Rl)"
2589,GALNT1,GALNT1,polypeptide N-acetylgalactosaminyltransferase 1 [Source:HGNC Symbol;Acc:HGNC:4123],ENTREZGENE_ACC,,,,,33308,CG5001,Drosophila melanogaster,uncharacterized protein(CG5001),,,,,,4161,MC5R,Homo sapiens,melanocortin 5 receptor(MC5R),,,,,,,,,,,10938,EHD1,Homo sapiens,EH domain containing 1(EHD1),,,,,,,,41289,Cap-H2,Drosophila melanogaster,Chromosome associated protein H2(Cap-H2),,,,,,21977,tor,Mus musculus,tortured(tor)
2590,GALNT2,GALNT2,polypeptide N-acetylgalactosaminyltransferase 2 [Source:HGNC Symbol;Acc:HGNC:4124],ENTREZGENE_ACC,,,,,37690,Prosbeta5R1,Drosophila melanogaster,Proteasome beta5 subunit-related 1(Prosbeta5R1),,,,,,23751,TOP3BP1,Homo sapiens,DNA topoisomerase III beta pseudogene 1(TOP3BP1),,,,,,,,,,,10376,TUBA1B,Homo sapiens,tubulin alpha 1b(TUBA1B),,,,,,,,41287,CG14691,Drosophila melanogaster,uncharacterized protein(CG14691),,,,,,24932,Cd4,Rattus norvegicus,Cd4 molecule(Cd4)
2591,GALNT3,GALNT3,polypeptide N-acetylgalactosaminyltransferase 3 [Source:HGNC Symbol;Acc:HGNC:4125],ENTREZGENE_ACC,,,,,37692,CG9861,Drosophila melanogaster,uncharacterized protein(CG9861),,,,,,10686,CLDN16,Homo sapiens,claudin 16(CLDN16),,,,,,,,,,,1618,DAZL,Homo sapiens,deleted in azoospermia like(DAZL),,,,,,,,32330,Mrgn1,Drosophila melanogaster,Mahogunin ring finger 1(Mrgn1),,,,,,25699,Dbh,Rattus norvegicus,dopamine beta-hydroxylase(Dbh)
2587,GALR1,GALR1,galanin receptor 1 [Source:HGNC Symbol;Acc:HGNC:4132],ENTREZGENE_ACC,,,,,35032,CG6304,Drosophila melanogaster,uncharacterized protein(CG6304),,,,,,10688,CRSP5,Homo sapiens,cofactor required for Sp1 transcriptional activation subunit 5(CRSP5),,,,,,,,,,,6869,TACR1,Homo sapiens,tachykinin receptor 1(TACR1),,,,,,,,39525,CG10710,Drosophila melanogaster,uncharacterized protein(CG10710),,,,,,24170,Add1,Rattus norvegicus,adducin 1(Add1)
2592,GALT,GALT,galactose-1-phosphate uridylyltransferase [Source:HGNC Symbol;Acc:HGNC:4135],ENTREZGENE_ACC,,,,,35031,beat-IIIb,Drosophila melanogaster,beaten path IIIb(beat-IIIb),,,,,,10687,PNMA2,Homo sapiens,PNMA family member 2(PNMA2),,,,,,,,,,,1616,DAXX,Homo sapiens,death domain associated protein(DAXX),,,,,,,,6231,RPS26,Homo sapiens,ribosomal protein S26(RPS26),,,,,,24565,Abcc1,Rattus norvegicus,ATP binding cassette subfamily C member 1(Abcc1)
2625,GATA3,GATA3,GATA binding protein 3 [Source:HGNC Symbol;Acc:HGNC:4172],ENTREZGENE_ACC,,,,,38548,CG11345,Drosophila melanogaster,uncharacterized protein(CG11345),,,,,,23287,AGTPBP1,Homo sapiens,ATP/GTP binding carboxypeptidase 1(AGTPBP1),,,,,,,,,,,10939,AFG3L2,Homo sapiens,AFG3 like matrix AAA peptidase subunit 2(AFG3L2),,,,,,,,28732,TRAJ23,Homo sapiens,T cell receptor alpha joining 23(TRAJ23),,,,,,,,,
2626,GATA4,GATA4,GATA binding protein 4 [Source:HGNC Symbol;Acc:HGNC:4173],ENTREZGENE_ACC,,,,,37685,CG12782,Drosophila melanogaster,uncharacterized protein(CG12782),,,,,,23288,IQCE,Homo sapiens,IQ motif containing E(IQCE),,,,,,,,,,,3375,IAPP,Homo sapiens,islet amyloid polypeptide(IAPP),,,,,,,,8890,EIF2B4,Homo sapiens,eukaryotic translation initiation factor 2B subunit delta(EIF2B4),,,,,,,,,
2627,GATA6,GATA6,GATA binding protein 6 [Source:HGNC Symbol;Acc:HGNC:4174],ENTREZGENE_ACC,,,,,35029,ApepP,Drosophila melanogaster,Aminopeptidase P(ApepP),,,,,,28732,TRAJ23,Homo sapiens,T cell receptor alpha joining 23(TRAJ23),,,,,,,,,,,520,ATP5MC2P1,Homo sapiens,ATP5MC2 pseudogene 1(ATP5MC2P1),,,,,,,,28730,TRAJ25,Homo sapiens,T cell receptor alpha joining 25 (non-functional)(TRAJ25),,,,,,,,,
2628,GATM,GATM,glycine amidinotransferase [Source:HGNC Symbol;Acc:HGNC:4175],ENTREZGENE_ACC,,,,,35027,CG12288,Drosophila melanogaster,uncharacterized protein(CG12288),,,,,,28730,TRAJ25,Homo sapiens,T cell receptor alpha joining 25 (non-functional)(TRAJ25),,,,,,,,,,,642,BLMH,Homo sapiens,bleomycin hydrolase(BLMH),,,,,,,,28731,TRAJ24,Homo sapiens,T cell receptor alpha joining 24(TRAJ24),,,,,,,,,
2629,GBA1,GBA1,glucosylceramidase beta 1 [Source:HGNC Symbol;Acc:HGNC:4177],ENTREZGENE_ACC,,,,,35026,tweek,Drosophila melanogaster,tweek(tweek),,,,,,28731,TRAJ24,Homo sapiens,T cell receptor alpha joining 24(TRAJ24),,,,,,,,,,,28345,IGHVIII-44,Homo sapiens,immunoglobulin heavy variable (III)-44 (pseudogene)(IGHVIII-44),,,,,,,,8888,MCM3AP,Homo sapiens,minichromosome maintenance complex component 3 associated protein(MCM3AP),,,,,,,,,
2630,GBAP1,GBAP1,glucosylceramidase beta pseudogene 1 [Source:NCBI gene (formerly Entrezgene);Acc:2630],ENTREZGENE_ACC,,,,,37689,atlas,Drosophila melanogaster,atlas(atlas),,,,,,23286,WWC1,Homo sapiens,WW and C2 domain containing 1(WWC1),,,,,,,,,,,7965,AIMP2,Homo sapiens,aminoacyl tRNA synthetase complex interacting multifunctional protein 2(AIMP2),,,,,,,,3527,IGKV3OR22-2,Homo sapiens,immunoglobulin kappa variable 3/OR22-2 (pseudogene)(IGKV3OR22-2),,,,,,,,,
2632,GBE1,GBE1,"1,4-alpha-glucan branching enzyme 1 [Source:HGNC Symbol;Acc:HGNC:4180]",ENTREZGENE_ACC,,,,,38779,msl-3,Drosophila melanogaster,male-specific lethal 3(msl-3),,,,,,5016,OVGP1,Homo sapiens,oviductal glycoprotein 1(OVGP1),,,,,,,,,,,4336,MOBP,Homo sapiens,myelin associated oligodendrocyte basic protein(MOBP),,,,,,,,3529,IGKV2OR22-3,Homo sapiens,immunoglobulin kappa variable 2/OR22-3 (pseudogene)(IGKV2OR22-3),,,,,,,,,
23464,GCAT,GCAT,glycine C-acetyltransferase [Source:HGNC Symbol;Acc:HGNC:4188],ENTREZGENE_ACC,,,,,36109,whd,Drosophila melanogaster,withered(whd),,,,,,7453,WARS1,Homo sapiens,tryptophanyl-tRNA synthetase 1(WARS1),,,,,,,,,,,6773,STAT2,Homo sapiens,signal transducer and activator of transcription 2(STAT2),,,,,,,,5286,PIK3C2A,Homo sapiens,phosphatidylinositol-4-phosphate 3-kinase catalytic subunit type 2 alpha(PIK3C2A),,,,,,,,,
10539,GLRX3,GLRX3,glutaredoxin 3 [Source:HGNC Symbol;Acc:HGNC:15987],ENTREZGENE_ACC,,,,,36107,Caf1-105,Drosophila melanogaster,"Chromatin assembly factor 1, p105 subunit(Caf1-105)",,,,,,7454,WAS,Homo sapiens,WASP actin nucleation promoting factor(WAS),,,,,,,,,,,4111,MAGEA12,Homo sapiens,MAGE family member A12(MAGEA12),,,,,,,,5287,PIK3C2B,Homo sapiens,phosphatidylinositol-4-phosphate 3-kinase catalytic subunit type 2 beta(PIK3C2B),,,,,,,,,
10691,GMEB1,GMEB1,glucocorticoid modulatory element binding protein 1 [Source:HGNC Symbol;Acc:HGNC:4370],ENTREZGENE_ACC,,,,,36574,VGAT,Drosophila melanogaster,Vesicular GABA Transporter(VGAT),,,,,,24146,CLDN15,Homo sapiens,claudin 15(CLDN15),,,,,,,,,,,3386,ICAM4,Homo sapiens,intercellular adhesion molecule 4 (Landsteiner-Wiener blood group)(ICAM4),,,,,,,,5288,PIK3C2G,Homo sapiens,phosphatidylinositol-4-phosphate 3-kinase catalytic subunit type 2 gamma(PIK3C2G),,,,,,,,,
1687,GSDME,GSDME,gasdermin E [Source:HGNC Symbol;Acc:HGNC:2810],ENTREZGENE_ACC,,,,,36576,RpS23,Drosophila melanogaster,Ribosomal protein S23(RpS23),,,,,,24147,FJX1,Homo sapiens,four-jointed box kinase 1(FJX1),,,,,,,,,,,2842,GPR19,Homo sapiens,G protein-coupled receptor 19(GPR19),,,,,,,,5289,PIK3C3,Homo sapiens,phosphatidylinositol 3-kinase catalytic subunit type 3(PIK3C3),,,,,,,,,
8925,HERC1,HERC1,HECT and RLD domain containing E3 ubiquitin protein ligase family member 1 [Source:HGNC Symbol;Acc:HGNC:4867],ENTREZGENE_ACC,,,,,43087,msi,Drosophila melanogaster,musashi(msi),,,,,,23291,FBXW11,Homo sapiens,F-box and WD repeat domain containing 11(FBXW11),,,,,,,,,,,657,BMPR1A,Homo sapiens,bone morphogenetic protein receptor type 1A(BMPR1A),,,,,,,,28729,TRAJ26,Homo sapiens,T cell receptor alpha joining 26(TRAJ26),,,,,,,,,
25988,HINFP,HINFP,histone H4 transcription factor [Source:HGNC Symbol;Acc:HGNC:17850],ENTREZGENE_ACC,,,,,36791,Lis-1,Drosophila melanogaster,Lissencephaly-1(Lis-1),,,,,,28981,IFT81,Homo sapiens,intraflagellar transport 81(IFT81),,,,,,,,,,,8822,FGF17,Homo sapiens,fibroblast growth factor 17(FGF17),,,,,,,,5290,PIK3CA,Homo sapiens,"phosphatidylinositol-4,5-bisphosphate 3-kinase catalytic subunit alpha(PIK3CA)",,,,,,,,,
7087,ICAM5,ICAM5,intercellular adhesion molecule 5 [Source:HGNC Symbol;Acc:HGNC:5348],ENTREZGENE_ACC,,,,,36552,CG8067,Drosophila melanogaster,uncharacterized protein(CG8067),,,,,,7208,TRL-TAG1-1,Homo sapiens,tRNA-Leu (anticodon TAG) 1-1(TRL-TAG1-1),,,,,,,,,,,4105,MAGEA6,Homo sapiens,MAGE family member A6(MAGEA6),,,,,,,,28727,TRAJ28,Homo sapiens,T cell receptor alpha joining 28(TRAJ28),,,,,,,,,
28981,IFT81,IFT81,intraflagellar transport 81 [Source:HGNC Symbol;Acc:HGNC:14313],ENTREZGENE_ACC,,,,,34132,Btk,Drosophila melanogaster,Bruton tyrosine kinase(Btk),,,,,,5286,PIK3C2A,Homo sapiens,phosphatidylinositol-4-phosphate 3-kinase catalytic subunit type 2 alpha(PIK3C2A),,,,,,,,,,,2848,GPR25,Homo sapiens,G protein-coupled receptor 25(GPR25),,,,,,,,28728,TRAJ27,Homo sapiens,T cell receptor alpha joining 27(TRAJ27),,,,,,,,,
3485,IGFBP2,IGFBP2,insulin like growth factor binding protein 2 [Source:HGNC Symbol;Acc:HGNC:5471],ENTREZGENE_ACC,,,,,34131,CG8086,Drosophila melanogaster,uncharacterized protein(CG8086),,,,,,11280,SCN11A,Homo sapiens,sodium voltage-gated channel alpha subunit 11(SCN11A),,,,,,,,,,,2968,GTF2H4,Homo sapiens,general transcription factor IIH subunit 4(GTF2H4),,,,,,,,5292,PIM1,Homo sapiens,"Pim-1 proto-oncogene, serine/threonine kinase(PIM1)",,,,,,,,,
3486,IGFBP3,IGFBP3,insulin like growth factor binding protein 3 [Source:HGNC Symbol;Acc:HGNC:5472],ENTREZGENE_ACC,,,,,37401,Tmtc3,Drosophila melanogaster,Transmembrane O-mannosyltransferase targeting cadherins 3(Tmtc3),,,,,,5287,PIK3C2B,Homo sapiens,phosphatidylinositol-4-phosphate 3-kinase catalytic subunit type 2 beta(PIK3C2B),,,,,,,,,,,6540,SLC6A13,Homo sapiens,solute carrier family 6 member 13(SLC6A13),,,,,,,,28725,TRAJ30,Homo sapiens,T cell receptor alpha joining 30(TRAJ30),,,,,,,,,
3487,IGFBP4,IGFBP4,insulin like growth factor binding protein 4 [Source:HGNC Symbol;Acc:HGNC:5473],ENTREZGENE_ACC,,,,,36555,mam,Drosophila melanogaster,mastermind(mam),,,,,,5288,PIK3C2G,Homo sapiens,phosphatidylinositol-4-phosphate 3-kinase catalytic subunit type 2 gamma(PIK3C2G),,,,,,,,,,,26707,OR2J2,Homo sapiens,olfactory receptor family 2 subfamily J member 2(OR2J2),,,,,,,,28726,TRAJ29,Homo sapiens,T cell receptor alpha joining 29(TRAJ29),,,,,,,,,
3488,IGFBP5,IGFBP5,insulin like growth factor binding protein 5 [Source:HGNC Symbol;Acc:HGNC:5474],ENTREZGENE_ACC,,,,,37889,slbo,Drosophila melanogaster,slow border cells(slbo),,,,,,5289,PIK3C3,Homo sapiens,phosphatidylinositol 3-kinase catalytic subunit type 3(PIK3C3),,,,,,,,,,,8842,PROM1,Homo sapiens,prominin 1(PROM1),,,,,,,,825,CAPN3,Homo sapiens,calpain 3(CAPN3),,,,,,,,,
3489,IGFBP6,IGFBP6,insulin like growth factor binding protein 6 [Source:HGNC Symbol;Acc:HGNC:5475],ENTREZGENE_ACC,,,,,37871,CG3328,Drosophila melanogaster,uncharacterized protein(CG3328),,,,,,28729,TRAJ26,Homo sapiens,T cell receptor alpha joining 26(TRAJ26),,,,,,,,,,,5210,PFKFB4,Homo sapiens,"6-phosphofructo-2-kinase/fructose-2,6-biphosphatase 4(PFKFB4)",,,,,,,,827,CAPN6,Homo sapiens,calpain 6(CAPN6),,,,,,,,,
3490,IGFBP7,IGFBP7,insulin like growth factor binding protein 7 [Source:HGNC Symbol;Acc:HGNC:5476],ENTREZGENE_ACC,,,,,34129,CG14277,Drosophila melanogaster,uncharacterized protein(CG14277),,,,,,11054,OGFR,Homo sapiens,opioid growth factor receptor(OGFR),,,,,,,,,,,3398,ID2,Homo sapiens,inhibitor of DNA binding 2(ID2),,,,,,,,7125,TNNC2,Homo sapiens,"troponin C2, fast skeletal type(TNNC2)",,,,,,,,,
3608,ILF2,ILF2,interleukin enhancer binding factor 2 [Source:HGNC Symbol;Acc:HGNC:6037],ENTREZGENE_ACC,,,,,34127,Pvr,Drosophila melanogaster,PDGF- and VEGF-receptor related(Pvr),,,,,,5290,PIK3CA,Homo sapiens,"phosphatidylinositol-4,5-bisphosphate 3-kinase catalytic subunit alpha(PIK3CA)",,,,,,,,,,,7074,TIAM1,Homo sapiens,TIAM Rac1 associated GEF 1(TIAM1),,,,,,,,9787,DLGAP5,Homo sapiens,DLG associated protein 5(DLGAP5),,,,,,,,,
3624,INHBA,INHBA,inhibin subunit beta A [Source:HGNC Symbol;Acc:HGNC:6066],ENTREZGENE_ACC,,,,,34126,Snx6,Drosophila melanogaster,Sorting nexin 6(Snx6),,,,,,28727,TRAJ28,Homo sapiens,T cell receptor alpha joining 28(TRAJ28),,,,,,,,,,,2852,GPER1,Homo sapiens,G protein-coupled estrogen receptor 1(GPER1),,,,,,,,2592,GALT,Homo sapiens,galactose-1-phosphate uridylyltransferase(GALT),,,,,,,,,
3628,INPP1,INPP1,inositol polyphosphate-1-phosphatase [Source:HGNC Symbol;Acc:HGNC:6071],ENTREZGENE_ACC,,,,,34125,CG8292,Drosophila melanogaster,uncharacterized protein(CG8292),,,,,,5291,PIK3CB,Homo sapiens,"phosphatidylinositol-4,5-bisphosphate 3-kinase catalytic subunit beta(PIK3CB)",,,,,,,,,,,10242,KCNMB2,Homo sapiens,potassium calcium-activated channel subfamily M regulatory beta subunit 2(KCNMB2),,,,,,,,2589,GALNT1,Homo sapiens,polypeptide N-acetylgalactosaminyltransferase 1(GALNT1),,,,,,,,,
23288,IQCE,IQCE,IQ motif containing E [Source:HGNC Symbol;Acc:HGNC:29171],ENTREZGENE_ACC,,,,,36545,Rpn13,Drosophila melanogaster,Regulatory particle non-ATPase 13(Rpn13),,,,,,5292,PIM1,Homo sapiens,"Pim-1 proto-oncogene, serine/threonine kinase(PIM1)",,,,,,,,,,,6534,SLC6A7,Homo sapiens,solute carrier family 6 member 7(SLC6A7),,,,,,,,2587,GALR1,Homo sapiens,galanin receptor 1(GALR1),,,,,,,,,
3658,IREB2,IREB2,iron responsive element binding protein 2 [Source:HGNC Symbol;Acc:HGNC:6115],ENTREZGENE_ACC,,,,,36787,CG10734,Drosophila melanogaster,uncharacterized protein(CG10734),,,,,,28725,TRAJ30,Homo sapiens,T cell receptor alpha joining 30(TRAJ30),,,,,,,,,,,669,BPGM,Homo sapiens,bisphosphoglycerate mutase(BPGM),,,,,,,,2585,GALK2,Homo sapiens,galactokinase 2(GALK2),,,,,,,,,
10379,IRF9,IRF9,interferon regulatory factor 9 [Source:HGNC Symbol;Acc:HGNC:6131],ENTREZGENE_ACC,,,,,36789,CG8435,Drosophila melanogaster,uncharacterized protein(CG8435),,,,,,28726,TRAJ29,Homo sapiens,T cell receptor alpha joining 29(TRAJ29),,,,,,,,,,,5208,PFKFB2,Homo sapiens,"6-phosphofructo-2-kinase/fructose-2,6-biphosphatase 2(PFKFB2)",,,,,,,,10730,YME1L1,Homo sapiens,YME1 like 1 ATPase(YME1L1),,,,,,,,,
3690,ITGB3,ITGB3,integrin subunit beta 3 [Source:HGNC Symbol;Acc:HGNC:6156],ENTREZGENE_ACC,,,,,36532,CG6357,Drosophila melanogaster,uncharacterized protein(CG6357),,,,,,11260,XPOT,Homo sapiens,exportin for tRNA(XPOT),,,,,,,,,,,5209,PFKFB3,Homo sapiens,"6-phosphofructo-2-kinase/fructose-2,6-biphosphatase 3(PFKFB3)",,,,,,,,4430,MYO1B,Homo sapiens,myosin IB(MYO1B),,,,,,,,,
9832,JAKMIP2,JAKMIP2,janus kinase and microtubule interacting protein 2 [Source:HGNC Symbol;Acc:HGNC:29067],ENTREZGENE_ACC,,,,,37866,Naa35,Drosophila melanogaster,N(alpha)-acetyltransferase 35(Naa35),,,,,,5078,PAX4,Homo sapiens,paired box 4(PAX4),,,,,,,,,,,6791,AURKAP1,Homo sapiens,aurora kinase A pseudogene 1(AURKAP1),,,,,,,,4431,MSBP1,Homo sapiens,minisatellite binding protein 1(MSBP1),,,,,,,,,
3749,KCNC4,KCNC4,potassium voltage-gated channel subfamily C member 4 [Source:HGNC Symbol;Acc:HGNC:6236],ENTREZGENE_ACC,,,,,37867,speck,Drosophila melanogaster,speck(speck),,,,,,9435,CHST2,Homo sapiens,carbohydrate sulfotransferase 2(CHST2),,,,,,,,,,,7080,NKX2-1,Homo sapiens,NK2 homeobox 1(NKX2-1),,,,,,,,4429,MRXS7,Homo sapiens,"mental retardation, X-linked, syndromic 7(MRXS7)",,,,,,,,,
3750,KCND1,KCND1,potassium voltage-gated channel subfamily D member 1 [Source:HGNC Symbol;Acc:HGNC:6237],ENTREZGENE_ACC,,,,,37869,DnaJ-60,Drosophila melanogaster,DnaJ-like-60(DnaJ-60),,,,,,7266,DNAJC7,Homo sapiens,DnaJ heat shock protein family (Hsp40) member C7(DNAJC7),,,,,,,,,,,1414,CRYBB1,Homo sapiens,crystallin beta B1(CRYBB1),,,,,,,,6189,RPS3A,Homo sapiens,ribosomal protein S3A(RPS3A),,,,,,,,,
9786,KIAA0586,KIAA0586,KIAA0586 [Source:HGNC Symbol;Acc:HGNC:19960],ENTREZGENE_ACC,,,,,37053,CG5773,Drosophila melanogaster,uncharacterized protein(CG5773),,,,,,8110,DPF3,Homo sapiens,double PHD fingers 3(DPF3),,,,,,,,,,,676,BRDT,Homo sapiens,bromodomain testis associated(BRDT),,,,,,,,1729,DIAPH1,Homo sapiens,diaphanous related formin 1(DIAPH1),,,,,,,,,
3801,KIFC3,KIFC3,kinesin family member C3 [Source:HGNC Symbol;Acc:HGNC:6326],ENTREZGENE_ACC,,,,,37058,CG10911,Drosophila melanogaster,uncharacterized protein(CG10911),,,,,,7265,TTC1,Homo sapiens,tetratricopeptide repeat domain 1(TTC1),,,,,,,,,,,4246,SCGB2A1,Homo sapiens,secretoglobin family 2A member 1(SCGB2A1),,,,,,,,1725,DHPS,Homo sapiens,deoxyhypusine synthase(DHPS),,,,,,,,,
23588,KLHDC2,KLHDC2,kelch domain containing 2 [Source:HGNC Symbol;Acc:HGNC:20231],ENTREZGENE_ACC,,,,,31511,Prosbeta2R1,Drosophila melanogaster,Proteasome beta2 subunit-related 1(Prosbeta2R1),,,,,,7268,TTC4,Homo sapiens,tetratricopeptide repeat domain 4(TTC4),,,,,,,,,,,8723,SNX4,Homo sapiens,sorting nexin 4(SNX4),,,,,,,,23329,TBC1D30,Homo sapiens,TBC1 domain family member 30(TBC1D30),,,,,,,,,
3912,LAMB1,LAMB1,laminin subunit beta 1 [Source:HGNC Symbol;Acc:HGNC:6486],ENTREZGENE_ACC,,,,,31519,Usp30,Drosophila melanogaster,Ubiquitin specific protease 30(Usp30),,,,,,7267,TTC3,Homo sapiens,tetratricopeptide repeat domain 3(TTC3),,,,,,,,,,,1659,DHX8,Homo sapiens,DEAH-box helicase 8(DHX8),,,,,,,,8930,MBD4,Homo sapiens,"methyl-CpG binding domain 4, DNA glycosylase(MBD4)",,,,,,,,,
3982,LIM2,LIM2,lens intrinsic membrane protein 2 [Source:HGNC Symbol;Acc:HGNC:6610],ENTREZGENE_ACC,,,,,32846,Bx,Drosophila melanogaster,Beadex(Bx),,,,,,23464,GCAT,Homo sapiens,glycine C-acetyltransferase(GCAT),,,,,,,,,,,5232,PGK2,Homo sapiens,phosphoglycerate kinase 2(PGK2),,,,,,,,6191,RPS4X,Homo sapiens,ribosomal protein S4 X-linked(RPS4X),,,,,,,,,
7804,LRP8,LRP8,LDL receptor related protein 8 [Source:HGNC Symbol;Acc:HGNC:6700],ENTREZGENE_ACC,,,,,32844,CG15042,Drosophila melanogaster,uncharacterized protein(CG15042),,,,,,23466,CBX6,Homo sapiens,chromobox 6(CBX6),,,,,,,,,,,6444,SGCD,Homo sapiens,sarcoglycan delta(SGCD),,,,,,,,25987,TSKU,Homo sapiens,"tsukushi, small leucine rich proteoglycan(TSKU)",,,,,,,,,
26045,LRRTM2,LRRTM2,leucine rich repeat transmembrane neuronal 2 [Source:HGNC Symbol;Acc:HGNC:19409],ENTREZGENE_ACC,,,,,36187,Or47a,Drosophila melanogaster,Odorant receptor 47a(Or47a),,,,,,23467,NPTXR,Homo sapiens,neuronal pentraxin receptor(NPTXR),,,,,,,,,,,10580,SORBS1,Homo sapiens,sorbin and SH3 domain containing 1(SORBS1),,,,,,,,6192,RPS4Y1,Homo sapiens,ribosomal protein S4 Y-linked 1(RPS4Y1),,,,,,,,,
8932,MBD2,MBD2,methyl-CpG binding domain protein 2 [Source:HGNC Symbol;Acc:HGNC:6917],ENTREZGENE_ACC,,,,,38591,CG17030,Drosophila melanogaster,uncharacterized protein(CG17030),,,,,,23468,CBX5,Homo sapiens,chromobox 5(CBX5),,,,,,,,,,,2760,GM2A,Homo sapiens,ganglioside GM2 activator(GM2A),,,,,,,,25989,ULK3,Homo sapiens,unc-51 like kinase 3(ULK3),,,,,,,,,
8930,MBD4,MBD4,"methyl-CpG binding domain 4, DNA glycosylase [Source:HGNC Symbol;Acc:HGNC:6919]",ENTREZGENE_ACC,,,,,40432,CG7148,Drosophila melanogaster,uncharacterized protein(CG7148),,,,,,23469,PHF3,Homo sapiens,PHD finger protein 3(PHF3),,,,,,,,,,,3178,HNRNPA1,Homo sapiens,heterogeneous nuclear ribonucleoprotein A1(HNRNPA1),,,,,,,,25988,HINFP,Homo sapiens,histone H4 transcription factor(HINFP),,,,,,,,,
4161,MC5R,MC5R,melanocortin 5 receptor [Source:HGNC Symbol;Acc:HGNC:6933],ENTREZGENE_ACC,,,,,40431,eIF2A,Drosophila melanogaster,eukaryotic translation initiation factor 2A(eIF2A),,,,,,11247,NXPH4,Homo sapiens,neurexophilin 4(NXPH4),,,,,,,,,,,3298,HSF2,Homo sapiens,heat shock transcription factor 2(HSF2),,,,,,,,23327,NEDD4L,Homo sapiens,NEDD4 like E3 ubiquitin protein ligase(NEDD4L),,,,,,,,,
8888,MCM3AP,MCM3AP,minichromosome maintenance complex component 3 associated protein [Source:HGNC Symbol;Acc:HGNC:6946],ENTREZGENE_ACC,,,,,40430,CG7407,Drosophila melanogaster,uncharacterized protein(CG7407),,,,,,6185,RPN2,Homo sapiens,ribophorin II(RPN2),,,,,,,,,,,9392,TGFBRAP1,Homo sapiens,transforming growth factor beta receptor associated protein 1(TGFBRAP1),,,,,,,,26030,PLEKHG3,Homo sapiens,pleckstrin homology and RhoGEF domain containing G3(PLEKHG3),,,,,,,,,
11320,MGAT4A,MGAT4A,"alpha-1,3-mannosyl-glycoprotein 4-beta-N-acetylglucosaminyltransferase A [Source:HGNC Symbol;Acc:HGNC:7047]",ENTREZGENE_ACC,,,,,31961,CG15306,Drosophila melanogaster,uncharacterized protein(CG15306),,,,,,6188,RPS3,Homo sapiens,ribosomal protein S3(RPS3),,,,,,,,,,,3174,HNF4G,Homo sapiens,hepatocyte nuclear factor 4 gamma(HNF4G),,,,,,,,8929,PHOX2B,Homo sapiens,paired like homeobox 2B(PHOX2B),,,,,,,,,
8028,MLLT10,MLLT10,MLLT10 histone lysine methyltransferase DOT1L cofactor [Source:HGNC Symbol;Acc:HGNC:16063],ENTREZGENE_ACC,,,,,38357,FMRFaR,Drosophila melanogaster,FMRFamide Receptor(FMRFaR),,,,,,6187,RPS2,Homo sapiens,ribosomal protein S2(RPS2),,,,,,,,,,,682,BSG,Homo sapiens,basigin (Ok blood group)(BSG),,,,,,,,28691,TRAV2,Homo sapiens,T cell receptor alpha variable 2(TRAV2),,,,,,,,,
23531,MMD,MMD,monocyte to macrophage differentiation associated [Source:HGNC Symbol;Acc:HGNC:7153],ENTREZGENE_ACC,,,,,38358,CG32487,Drosophila melanogaster,uncharacterized protein(CG32487),,,,,,6189,RPS3A,Homo sapiens,ribosomal protein S3A(RPS3A),,,,,,,,,,,2876,GPX1,Homo sapiens,glutathione peroxidase 1(GPX1),,,,,,,,26032,SUSD5,Homo sapiens,sushi domain containing 5(SUSD5),,,,,,,,,
4528,MTIF2,MTIF2,mitochondrial translational initiation factor 2 [Source:HGNC Symbol;Acc:HGNC:7441],ENTREZGENE_ACC,,,,,38586,Dnah3,Drosophila melanogaster,"dynein, axonemal, heavy chain 3(Dnah3)",,,,,,8126,MRST,Homo sapiens,"Mental retardation, severe, with spasticity and tapetoretinal(MRST)",,,,,,,,,,,563,AZGP1,Homo sapiens,"alpha-2-glycoprotein 1, zinc-binding(AZGP1)",,,,,,,,1731,SEPTIN1,Homo sapiens,septin 1(SEPTIN1),,,,,,,,,
9788,MTSS1,MTSS1,MTSS I-BAR domain containing 1 [Source:HGNC Symbol;Acc:HGNC:20443],ENTREZGENE_ACC,,,,,38587,CG13705,Drosophila melanogaster,uncharacterized protein(CG13705),,,,,,9457,FHL5,Homo sapiens,four and a half LIM domains 5(FHL5),,,,,,,,,,,1543,CYP1A1,Homo sapiens,cytochrome P450 family 1 subfamily A member 1(CYP1A1),,,,,,,,26031,OSBPL3,Homo sapiens,oxysterol binding protein like 3(OSBPL3),,,,,,,,,
4430,MYO1B,MYO1B,myosin IB [Source:HGNC Symbol;Acc:HGNC:7596],ENTREZGENE_ACC,,,,,40425,CG14564,Drosophila melanogaster,uncharacterized protein(CG14564),,,,,,7270,TTF1,Homo sapiens,transcription termination factor 1(TTF1),,,,,,,,,,,687,KLF9,Homo sapiens,KLF transcription factor 9(KLF9),,,,,,,,1730,DIAPH2,Homo sapiens,diaphanous related formin 2(DIAPH2),,,,,,,,,
8031,NCOA4,NCOA4,nuclear receptor coactivator 4 [Source:HGNC Symbol;Acc:HGNC:7671],ENTREZGENE_ACC,,,,,40429,CycH,Drosophila melanogaster,Cyclin H(CycH),,,,,,5094,PCBP2,Homo sapiens,poly(rC) binding protein 2(PCBP2),,,,,,,,,,,8614,STC2,Homo sapiens,stanniocalcin 2(STC2),,,,,,,,8927,BSN,Homo sapiens,bassoon presynaptic cytomatrix protein(BSN),,,,,,,,,
4541,ND6,MT-ND6,mitochondrially encoded NADH:ubiquinone oxidoreductase core subunit 6 [Source:HGNC Symbol;Acc:HGNC:7462],ENTREZGENE_ACC,,,,,40428,eg,Drosophila melanogaster,eagle(eg),,,,,,7272,TTK,Homo sapiens,TTK protein kinase(TTK),,,,,,,,,,,3846,KRTAP5-9,Homo sapiens,keratin associated protein 5-9(KRTAP5-9),,,,,,,,8928,FOXH1,Homo sapiens,forkhead box H1(FOXH1),,,,,,,,,
4739,NEDD9,NEDD9,"neural precursor cell expressed, developmentally down-regulated 9 [Source:HGNC Symbol;Acc:HGNC:7733]",ENTREZGENE_ACC,,,,,40427,CG7370,Drosophila melanogaster,uncharacterized protein(CG7370),,,,,,23471,TRAM1,Homo sapiens,translocation associated membrane protein 1(TRAM1),,,,,,,,,,,7541,ZBTB14,Homo sapiens,zinc finger and BTB domain containing 14(ZBTB14),,,,,,,,28690,TRAV3,Homo sapiens,T cell receptor alpha variable 3(TRAV3),,,,,,,,,
4747,NEFL,NEFL,neurofilament light chain [Source:HGNC Symbol;Acc:HGNC:7739],ENTREZGENE_ACC,,,,,38589,Rh50,Drosophila melanogaster,Rh50(Rh50),,,,,,1729,DIAPH1,Homo sapiens,diaphanous related formin 1(DIAPH1),,,,,,,,,,,339,APOBEC1,Homo sapiens,apolipoprotein B mRNA editing enzyme catalytic subunit 1(APOBEC1),,,,,,,,8925,HERC1,Homo sapiens,HECT and RLD domain containing E3 ubiquitin protein ligase family member 1(HERC1),,,,,,,,,
4741,NEFM,NEFM,neurofilament medium chain [Source:HGNC Symbol;Acc:HGNC:7734],ENTREZGENE_ACC,,,,,36398,CG13148,Drosophila melanogaster,uncharacterized protein(CG13148),,,,,,1728,NQO1,Homo sapiens,NAD(P)H quinone dehydrogenase 1(NQO1),,,,,,,,,,,7539,ZFP37,Homo sapiens,ZFP37 zinc finger protein(ZFP37),,,,,,,,8926,SNURF,Homo sapiens,SNRPN upstream open reading frame(SNURF),,,,,,,,,
4745,NELL1,NELL1,neural EGFL like 1 [Source:HGNC Symbol;Acc:HGNC:7750],ENTREZGENE_ACC,,,,,36150,nclb,Drosophila melanogaster,no child left behind(nclb),,,,,,11258,DCTN3,Homo sapiens,dynactin subunit 3(DCTN3),,,,,,,,,,,7792,CCV,Homo sapiens,"cataract, congenital, Volkmann type(CCV)",,,,,,,,8028,MLLT10,Homo sapiens,MLLT10 histone lysine methyltransferase DOT1L cofactor(MLLT10),,,,,,,,,
4761,NEUROD2,NEUROD2,neuronal differentiation 2 [Source:HGNC Symbol;Acc:HGNC:7763],ENTREZGENE_ACC,,,,,36134,CG12935,Drosophila melanogaster,uncharacterized protein(CG12935),,,,,,1727,CYB5R3,Homo sapiens,cytochrome b5 reductase 3(CYB5R3),,,,,,,,,,,7430,EZR,Homo sapiens,ezrin(EZR),,,,,,,,8029,CUBN,Homo sapiens,cubilin(CUBN),,,,,,,,,
10725,NFAT5,NFAT5,nuclear factor of activated T cells 5 [Source:HGNC Symbol;Acc:HGNC:7774],ENTREZGENE_ACC,,,,,34987,mtgo,Drosophila melanogaster,miles to go(mtgo),,,,,,1725,DHPS,Homo sapiens,deoxyhypusine synthase(DHPS),,,,,,,,,,,7435,VIS1,Homo sapiens,viral integration site 1(VIS1),,,,,,,,8026,DGS2,Homo sapiens,DiGeorge syndrome/velocardiofacial syndrome complex 2(DGS2),,,,,,,,,
2631,NIPSNAP2,NIPSNAP2,nipsnap homolog 2 [Source:HGNC Symbol;Acc:HGNC:4179],ENTREZGENE_ACC,,,,,34986,CG5968,Drosophila melanogaster,uncharacterized protein(CG5968),,,,,,11259,FILIP1L,Homo sapiens,filamin A interacting protein 1 like(FILIP1L),,,,,,,,,,,9731,CEP104,Homo sapiens,centrosomal protein 104(CEP104),,,,,,,,3491,CCN1,Homo sapiens,cellular communication network factor 1(CCN1),,,,,,,,,
39487,None,None,None,,,,,,32325,CG11162,Drosophila melanogaster,uncharacterized protein(CG11162),,,,,,10807,ENTR1,Homo sapiens,endosome associated trafficking regulator 1(ENTR1),,,,,,,,,,,9732,DOCK4,Homo sapiens,dedicator of cytokinesis 4(DOCK4),,,,,,,,8932,MBD2,Homo sapiens,methyl-CpG binding domain protein 2(MBD2),,,,,,,,,
39527,None,None,None,,,,,,34985,CG5953,Drosophila melanogaster,uncharacterized protein(CG5953),,,,,,6191,RPS4X,Homo sapiens,ribosomal protein S4 X-linked(RPS4X),,,,,,,,,,,342,APOC1P1,Homo sapiens,apolipoprotein C1 pseudogene 1(APOC1P1),,,,,,,,8031,NCOA4,Homo sapiens,nuclear receptor coactivator 4(NCOA4),,,,,,,,,
14326,None,None,None,,,,,,32328,Nadsyn,Drosophila melanogaster,NAD synthetase(Nadsyn),,,,,,27005,USP21,Homo sapiens,ubiquitin specific peptidase 21(USP21),,,,,,,,,,,3744,KCNA10,Homo sapiens,potassium voltage-gated channel subfamily A member 10(KCNA10),,,,,,,,8030,CCDC6,Homo sapiens,coiled-coil domain containing 6(CCDC6),,,,,,,,,
14286,None,None,None,,,,,,32329,Nna1,Drosophila melanogaster,Nna1 carboxypeptidase(Nna1),,,,,,8130,MCOPCT1,Homo sapiens,"cataract, congenital, with microphthalmia(MCOPCT1)",,,,,,,,,,,14211,Smc2,Mus musculus,structural maintenance of chromosomes 2(Smc2),,,,,,,,5330,PLCB2,Homo sapiens,phospholipase C beta 2(PLCB2),,,,,,,,,
35927,None,None,None,,,,,,32326,CG12177,Drosophila melanogaster,uncharacterized protein(CG12177),,,,,,6192,RPS4Y1,Homo sapiens,ribosomal protein S4 Y-linked 1(RPS4Y1),,,,,,,,,,,11984,Atp6v0c,Mus musculus,"ATPase, H+ transporting, lysosomal V0 subunit C(Atp6v0c)",,,,,,,,7991,TUSC3,Homo sapiens,tumor suppressor candidate 3(TUSC3),,,,,,,,,
31387,None,None,None,,,,,,34988,CG4631,Drosophila melanogaster,uncharacterized protein(CG4631),,,,,,1730,DIAPH2,Homo sapiens,diaphanous related formin 2(DIAPH2),,,,,,,,,,,17843,Mup4,Mus musculus,major urinary protein 4(Mup4),,,,,,,,26027,ACOT11,Homo sapiens,acyl-CoA thioesterase 11(ACOT11),,,,,,,,,
27830,None,None,None,,,,,,32327,CG11158,Drosophila melanogaster,uncharacterized protein(CG11158),,,,,,3912,LAMB1,Homo sapiens,laminin subunit beta 1(LAMB1),,,,,,,,,,,18704,Pik3c2a,Mus musculus,phosphatidylinositol-4-phosphate 3-kinase catalytic subunit type 2 alpha(Pik3c2a),,,,,,,,28686,TRAV7,Homo sapiens,T cell receptor alpha variable 7(TRAV7),,,,,,,,,
27790,None,None,None,,,,,,36913,Paip1,Drosophila melanogaster,Poly(A) binding protein interacting protein 1(Paip1),,,,,,9478,CABP1,Homo sapiens,calcium binding protein 1(CABP1),,,,,,,,,,,18707,Pik3cd,Mus musculus,"phosphatidylinositol-4,5-bisphosphate 3-kinase catalytic subunit delta(Pik3cd)",,,,,,,,785,CACNB4,Homo sapiens,calcium voltage-gated channel auxiliary subunit beta 4(CACNB4),,,,,,,,,
34126,None,None,None,,,,,,33644,l(2)k05819,Drosophila melanogaster,lethal (2) k05819(l(2)k05819),,,,,,10828,NPM1P19,Homo sapiens,nucleophosmin 1 pseudogene 19(NPM1P19),,,,,,,,,,,11512,Adcy6,Mus musculus,adenylate cyclase 6(Adcy6),,,,,,,,26025,PCDHGA12,Homo sapiens,"protocadherin gamma subfamily A, 12(PCDHGA12)",,,,,,,,,
18830,None,None,None,,,,,,32552,Lrp4,Drosophila melanogaster,LDL receptor related protein 4(Lrp4),,,,,,10827,FAM114A2,Homo sapiens,family with sequence similarity 114 member A2(FAM114A2),,,,,,,,,,,14228,Fkbp4,Mus musculus,FK506 binding protein 4(Fkbp4),,,,,,,,28685,TRAV8-1,Homo sapiens,T cell receptor alpha variable 8-1(TRAV8-1),,,,,,,,,
25130,None,None,None,,,,,,33648,morgue,Drosophila melanogaster,"modifier of rpr and grim, ubiquitously expressed(morgue)",,,,,,9002,F2RL3,Homo sapiens,F2R like thrombin or trypsin receptor 3(F2RL3),,,,,,,,,,,20555,Slfn1,Mus musculus,schlafen 1(Slfn1),,,,,,,,788,SLC25A20,Homo sapiens,solute carrier family 25 member 20(SLC25A20),,,,,,,,,
13390,None,None,None,,,,,,40392,CG7173,Drosophila melanogaster,uncharacterized protein(CG7173),,,,,,9497,SLC4A7,Homo sapiens,solute carrier family 4 member 7(SLC4A7),,,,,,,,,,,21408,Zfp354a,Mus musculus,zinc finger protein 354A(Zfp354a),,,,,,,,789,SLC25A20P1,Homo sapiens,solute carrier family 25 member 20 pseudogene 1(SLC25A20P1),,,,,,,,,
25132,None,None,None,,,,,,40391,Wnk,Drosophila melanogaster,Wnk kinase(Wnk),,,,,,7088,TLE1,Homo sapiens,"TLE family member 1, transcriptional corepressor(TLE1)",,,,,,,,,,,17700,Mstn,Mus musculus,myostatin(Mstn),,,,,,,,5325,PLAGL1,Homo sapiens,PLAG1 like zinc finger 1(PLAGL1),,,,,,,,,
27792,None,None,None,,,,,,40390,COX8,Drosophila melanogaster,Cytochrome c oxidase subunit 8(COX8),,,,,,8178,ELL,Homo sapiens,elongation factor for RNA polymerase II(ELL),,,,,,,,,,,12380,Cast,Mus musculus,calpastatin(Cast),,,,,,,,5327,PLAT,Homo sapiens,"plasminogen activator, tissue type(PLAT)",,,,,,,,,
17892,None,None,None,,,,,,40388,Rpn10,Drosophila melanogaster,Regulatory particle non-ATPase 10(Rpn10),,,,,,7087,ICAM5,Homo sapiens,intercellular adhesion molecule 5(ICAM5),,,,,,,,,,,21412,Tcf21,Mus musculus,transcription factor 21(Tcf21),,,,,,,,7988,ZNF212,Homo sapiens,zinc finger protein 212(ZNF212),,,,,,,,,
17932,None,None,None,,,,,,39158,RasGAP1,Drosophila melanogaster,Ras GTPase activating protein 1(RasGAP1),,,,,,7089,TLE2,Homo sapiens,"TLE family member 2, transcriptional corepressor(TLE2)",,,,,,,,,,,21410,Hnf1b,Mus musculus,HNF1 homeobox B(Hnf1b),,,,,,,,5328,PLAU,Homo sapiens,"plasminogen activator, urokinase(PLAU)",,,,,,,,,
32327,None,None,None,,,,,,40389,VhaM9.7-b,Drosophila melanogaster,Vacuolar H[+] ATPase M9.7 subunit b(VhaM9.7-b),,,,,,7086,TKT,Homo sapiens,transketolase(TKT),,,,,,,,,,,20321,Frrs1,Mus musculus,ferric-chelate reductase 1(Frrs1),,,,,,,,7089,TLE2,Homo sapiens,"TLE family member 2, transcriptional corepressor(TLE2)",,,,,,,,,
39529,None,None,None,,,,,,31430,CG32767,Drosophila melanogaster,uncharacterized protein(CG32767),,,,,,7085,TKCR,Homo sapiens,"torticollis, keloids, cryptorchidism and renal dysplasia(TKCR)",,,,,,,,,,,14200,Fhl2,Mus musculus,four and a half LIM domains 2(Fhl2),,,,,,,,10690,FUT9,Homo sapiens,fucosyltransferase 9(FUT9),,,,,,,,,
25089,None,None,None,,,,,,38299,CG13801,Drosophila melanogaster,uncharacterized protein(CG13801),,,,,,2625,GATA3,Homo sapiens,GATA binding protein 3(GATA3),,,,,,,,,,,22065,Trpc3,Mus musculus,"transient receptor potential cation channel, subfamily C, member 3(Trpc3)",,,,,,,,7086,TKT,Homo sapiens,transketolase(TKT),,,,,,,,,
25092,None,None,None,,,,,,31660,Cph,Drosophila melanogaster,Chronophage(Cph),,,,,,27443,CECR2,Homo sapiens,CECR2 histone acetyl-lysine reader(CECR2),,,,,,,,,,,14201,Fhl3,Mus musculus,four and a half LIM domains 3(Fhl3),,,,,,,,790,CAD,Homo sapiens,"carbamoyl-phosphate synthetase 2, aspartate transcarbamylase, and dihydroorotase(CAD)",,,,,,,,,
39489,None,None,None,,,,,,31429,ovo,Drosophila melanogaster,ovo(ovo),,,,,,2629,GBA1,Homo sapiens,glucosylceramidase beta 1(GBA1),,,,,,,,,,,14202,Fhl4,Mus musculus,four and a half LIM domains 4(Fhl4),,,,,,,,7085,TKCR,Homo sapiens,"torticollis, keloids, cryptorchidism and renal dysplasia(TKCR)",,,,,,,,,
25090,None,None,None,,,,,,31425,Ptp4E,Drosophila melanogaster,Protein tyrosine phosphatase 4E(Ptp4E),,,,,,2628,GATM,Homo sapiens,glycine amidinotransferase(GATM),,,,,,,,,,,18698,pid,Mus musculus,preimplantation development(pid),,,,,,,,2625,GATA3,Homo sapiens,GATA binding protein 3(GATA3),,,,,,,,,
25129,None,None,None,,,,,,31427,CG12680,Drosophila melanogaster,uncharacterized protein(CG12680),,,,,,2627,GATA6,Homo sapiens,GATA binding protein 6(GATA6),,,,,,,,,,,17240,Mdfi,Mus musculus,MyoD family inhibitor(Mdfi),,,,,,,,10692,RRH,Homo sapiens,retinal pigment epithelium-derived rhodopsin homolog(RRH),,,,,,,,,
34086,None,None,None,,,,,,31426,CG15468,Drosophila melanogaster,uncharacterized protein(CG15468),,,,,,2626,GATA4,Homo sapiens,GATA binding protein 4(GATA4),,,,,,,,,,,20534,Slc4a1ap,Mus musculus,"solute carrier family 4 (anion exchanger), member 1, adaptor protein(Slc4a1ap)",,,,,,,,2629,GBA1,Homo sapiens,glucosylceramidase beta 1(GBA1),,,,,,,,,
16090,None,None,None,,,,,,42543,Fancm,Drosophila melanogaster,Fanconi anemia group M helicase(Fancm),,,,,,7091,TLE4,Homo sapiens,"TLE family member 4, transcriptional corepressor(TLE4)",,,,,,,,,,,17248,Mdm4,Mus musculus,transformed mouse 3T3 cell double minute 4(Mdm4),,,,,,,,2628,GATM,Homo sapiens,glycine amidinotransferase(GATM),,,,,,,,,
13430,None,None,None,,,,,,42308,CG5250,Drosophila melanogaster,uncharacterized protein(CG5250),,,,,,7090,TLE3,Homo sapiens,"TLE family member 3, transcriptional corepressor(TLE3)",,,,,,,,,,,20544,Slc9a1,Mus musculus,"solute carrier family 9 (sodium/hydrogen exchanger), member 1(Slc9a1)",,,,,,,,2626,GATA4,Homo sapiens,GATA binding protein 4(GATA4),,,,,,,,,
27832,None,None,None,,,,,,42547,slou,Drosophila melanogaster,slouch(slou),,,,,,26127,FGFR1OP2,Homo sapiens,FGFR1 oncogene partner 2(FGFR1OP2),,,,,,,,,,,27973,Vkorc1,Mus musculus,"vitamin K epoxide reductase complex, subunit 1(Vkorc1)",,,,,,,,9830,TRIM14,Homo sapiens,tripartite motif containing 14(TRIM14),,,,,,,,,
18790,None,None,None,,,,,,32501,CG15646,Drosophila melanogaster,uncharacterized protein(CG15646),,,,,,7092,TLL1,Homo sapiens,tolloid like 1(TLL1),,,,,,,,,,,13334,Del(Y)B10.BR-Y<del>/Ms,Mus musculus,"deletion, Chr Y, B10.BR-Y<del>, Mishima(Del(Y)B10.BR-Y<del>/Ms)",,,,,,,,4387,MRX23,Homo sapiens,"mental retardation, X-linked 23(MRX23)",,,,,,,,,
32287,None,None,None,,,,,,31659,fz4,Drosophila melanogaster,frizzled 4(fz4),,,,,,2632,GBE1,Homo sapiens,"1,4-alpha-glucan branching enzyme 1(GBE1)",,,,,,,,,,,28140,DYzEms11,Mus musculus,"DNA segment, Chr Y, repetitive sequence, Elizabeth M. Simpson 11(DYzEms11)",,,,,,,,9831,ZNF623,Homo sapiens,zinc finger protein 623(ZNF623),,,,,,,,,
19727,None,None,None,,,,,,31656,CG4615,Drosophila melanogaster,uncharacterized protein(CG4615),,,,,,2631,NIPSNAP2,Homo sapiens,nipsnap homolog 2(NIPSNAP2),,,,,,,,,,,20510,Slc1a1,Mus musculus,"solute carrier family 1 (neuronal/epithelial high affinity glutamate transporter, system Xag), member 1(Slc1a1)",,,,,,,,2632,GBE1,Homo sapiens,"1,4-alpha-glucan branching enzyme 1(GBE1)",,,,,,,,,
34127,None,None,None,,,,,,36093,CG42733,Drosophila melanogaster,uncharacterized protein(CG42733),,,,,,2630,GBA1LP,Homo sapiens,"glucosylceramidase beta 1 like, pseudogene(GBA1LP)",,,,,,,,,,,14199,Fhl1,Mus musculus,four and a half LIM domains 1(Fhl1),,,,,,,,2631,NIPSNAP2,Homo sapiens,nipsnap homolog 2(NIPSNAP2),,,,,,,,,
29626,None,None,None,,,,,,36092,CG12902,Drosophila melanogaster,uncharacterized protein(CG12902),,,,,,5917,RARS1,Homo sapiens,arginyl-tRNA synthetase 1(RARS1),,,,,,,,,,,20512,Slc1a3,Mus musculus,"solute carrier family 1 (glial high affinity glutamate transporter), member 3(Slc1a3)",,,,,,,,2630,GBA1LP,Homo sapiens,"glucosylceramidase beta 1 like, pseudogene(GBA1LP)",,,,,,,,,
15187,None,None,None,,,,,,36095,Ir47a,Drosophila melanogaster,Ionotropic receptor 47a(Ir47a),,,,,,3750,KCND1,Homo sapiens,potassium voltage-gated channel subfamily D member 1(KCND1),,,,,,,,,,,13309,Del(4)16H,Mus musculus,"deletion, Chr 4, Harwell 16(Del(4)16H)",,,,,,,,9825,SPATA2,Homo sapiens,spermatogenesis associated 2(SPATA2),,,,,,,,,
1689,None,None,None,,,,,,36094,Gr47a,Drosophila melanogaster,Gustatory receptor 47a(Gr47a),,,,,,3749,KCNC4,Homo sapiens,potassium voltage-gated channel subfamily C member 4(KCNC4),,,,,,,,,,,13305,Del(3)54H,Mus musculus,"deletion, Chr 3, Harwell 54(Del(3)54H)",,,,,,,,9829,DNAJC6,Homo sapiens,DnaJ heat shock protein family (Hsp40) member C6(DNAJC6),,,,,,,,,
29627,None,None,None,,,,,,31075,DAAM,Drosophila melanogaster,Dishevelled Associated Activator of Morphogenesis(DAAM),,,,,,26341,OR5H1,Homo sapiens,olfactory receptor family 5 subfamily H member 1(OR5H1),,,,,,,,,,,18679,Phka1,Mus musculus,phosphorylase kinase alpha 1(Phka1),,,,,,,,9827,RGP1,Homo sapiens,"RGP1 homolog, RAB6A GEF complex partner 1(RGP1)",,,,,,,,,
4429,None,None,None,,,,,,36992,Rab4,Drosophila melanogaster,Rab4(Rab4),,,,,,3982,LIM2,Homo sapiens,lens intrinsic membrane protein 2(LIM2),,,,,,,,,,,13306,Del(3)61H,Mus musculus,"deletion, Chr 3, Harwell 61(Del(3)61H)",,,,,,,,9828,ARHGEF17,Homo sapiens,Rho guanine nucleotide exchange factor 17(ARHGEF17),,,,,,,,,
19687,None,None,None,,,,,,42192,Vps39,Drosophila melanogaster,Vacuolar protein sorting 39(Vps39),,,,,,5920,PLAAT4,Homo sapiens,phospholipase A and acyltransferase 4(PLAAT4),,,,,,,,,,,13303,Del(3)1Rn,Mus musculus,"deletion, Chr 3, Rinchik 1(Del(3)1Rn)",,,,,,,,8886,DDX18,Homo sapiens,DEAD-box helicase 18(DDX18),,,,,,,,,
27789,None,None,None,,,,,,36993,Dcr-2,Drosophila melanogaster,Dicer-2(Dcr-2),,,,,,9069,CLDN12,Homo sapiens,claudin 12(CLDN12),,,,,,,,,,,20408,Sh3gl3,Mus musculus,SH3-domain GRB2-like 3(Sh3gl3),,,,,,,,11625,Ahsg,Mus musculus,alpha-2-HS-glycoprotein(Ahsg),,,,,,,,,
35027,None,None,None,,,,,,36995,CG14483,Drosophila melanogaster,uncharacterized protein(CG14483),,,,,,9068,ANGPTL1,Homo sapiens,angiopoietin like 1(ANGPTL1),,,,,,,,,,,13796,Emx1,Mus musculus,empty spiracles homeobox 1(Emx1),,,,,,,,11629,Aif1,Mus musculus,allograft inflammatory factor 1(Aif1),,,,,,,,,
3531,None,None,None,,,,,,36514,fand,Drosophila melanogaster,fandango(fand),,,,,,4850,CNOT4,Homo sapiens,CCR4-NOT transcription complex subunit 4(CNOT4),,,,,,,,,,,13312,Del(5)25H,Mus musculus,"deletion, Chr 5, Harwell 25(Del(5)25H)",,,,,,,,11628,Aicda,Mus musculus,activation-induced cytidine deaminase(Aicda),,,,,,,,,
792,None,None,None,,,,,,42191,CG18599,Drosophila melanogaster,uncharacterized protein(CG18599),,,,,,10539,GLRX3,Homo sapiens,glutaredoxin 3(GLRX3),,,,,,,,,,,11498,Adam4,Mus musculus,a disintegrin and metallopeptidase domain 4(Adam4),,,,,,,,11864,Arnt2,Mus musculus,aryl hydrocarbon receptor nuclear translocator 2(Arnt2),,,,,,,,,
2586,None,None,None,,,,,,42186,14-3-3epsilon,Drosophila melanogaster,14-3-3epsilon(14-3-3epsilon),,,,,,10533,ATG7,Homo sapiens,autophagy related 7(ATG7),,,,,,,,,,,11497,Adam3,Mus musculus,ADAM metallopeptidase domain 3(Adam3),,,,,,,,20587,Smarcb1,Mus musculus,"SWI/SNF related, matrix associated, actin dependent regulator of chromatin, subfamily b, member 1(Smarcb1)",,,,,,,,,
7131,None,None,None,,,,,,42187,CG7156,Drosophila melanogaster,uncharacterized protein(CG7156),,,,,,3530,IGKV1OR22-1,Homo sapiens,immunoglobulin kappa variable 1/OR22-1 (pseudogene)(IGKV1OR22-1),,,,,,,,,,,13674,Eif4a-ps4,Mus musculus,"eukaryotic translation initiation factor 4A, pseudogene 4(Eif4a-ps4)",,,,,,,,23853,Def6,Mus musculus,differentially expressed in FDCP 6(Def6),,,,,,,,,
15227,None,None,None,,,,,,35892,AIMP1,Drosophila melanogaster,aaRS-interacting multifunctional protein 1(AIMP1),,,,,,9070,ASH2L,Homo sapiens,"ASH2 like, histone lysine methyltransferase complex subunit(ASH2L)",,,,,,,,,,,20850,Stat5a,Mus musculus,signal transducer and activator of transcription 5A(Stat5a),,,,,,,,18829,Ccl21a,Mus musculus,C-C motif chemokine ligand 21 (serine)(Ccl21a),,,,,,,,,
43127,None,None,None,,,,,,33230,rempA,Drosophila melanogaster,reduced mechanoreceptor potential A(rempA),,,,,,9071,CLDN10,Homo sapiens,claudin 10(CLDN10),,,,,,,,,,,14731,Gpaa1,Mus musculus,GPI anchor attachment protein 1(Gpaa1),,,,,,,,18826,Lcp1,Mus musculus,lymphocyte cytosolic protein 1(Lcp1),,,,,,,,,
34087,None,None,None,,,,,,35891,CG8237,Drosophila melanogaster,uncharacterized protein(CG8237),,,,,,9076,CLDN1,Homo sapiens,claudin 1(CLDN1),,,,,,,,,,,14179,Fgf8,Mus musculus,fibroblast growth factor 8(Fgf8),,,,,,,,11630,Crybg1,Mus musculus,crystallin beta-gamma domain containing 1(Crybg1),,,,,,,,,
27829,None,None,None,,,,,,35890,CG8243,Drosophila melanogaster,uncharacterized protein(CG8243),,,,,,9075,CLDN2,Homo sapiens,claudin 2(CLDN2),,,,,,,,,,,20500,Slc13a2,Mus musculus,"solute carrier family 13 (sodium-dependent dicarboxylate transporter), member 2(Slc13a2)",,,,,,,,18828,Plscr2,Mus musculus,phospholipid scramblase 2(Plscr2),,,,,,,,,
39528,None,None,None,,,,,,33231,Tspo,Drosophila melanogaster,Translocator protein(Tspo),,,,,,3527,IGKV3OR22-2,Homo sapiens,immunoglobulin kappa variable 3/OR22-2 (pseudogene)(IGKV3OR22-2),,,,,,,,,,,21399,Tcea1,Mus musculus,transcription elongation factor A (SII) 1(Tcea1),,,,,,,,11632,Aip,Mus musculus,aryl-hydrocarbon receptor-interacting protein(Aip),,,,,,,,,
28729,None,None,None,,,,,,33232,uncNacbeta,Drosophila melanogaster,uncharacterized nascent polypeptide-associated complex beta subunit(uncNacbeta),,,,,,3525,IGKV1OR1-1,Homo sapiens,immunoglobulin kappa variable 1/OR1-1 (pseudogene)(IGKV1OR1-1),,,,,,,,,,,14180,Fgf9,Mus musculus,fibroblast growth factor 9(Fgf9),,,,,,,,12490,Cd34,Mus musculus,CD34 antigen(Cd34),,,,,,,,,
5285,None,None,None,,,,,,36989,Ns2,Drosophila melanogaster,Nucleostemin 2(Ns2),,,,,,4852,NPY,Homo sapiens,neuropeptide Y(NPY),,,,,,,,,,,20504,Slc17a1,Mus musculus,"solute carrier family 17 (sodium phosphate), member 1(Slc17a1)",,,,,,,,17025,Alad,Mus musculus,"aminolevulinate, delta-, dehydratase(Alad)",,,,,,,,,
33228,None,None,None,,,,,,33226,lwr,Drosophila melanogaster,lesswright(lwr),,,,,,3529,IGKV2OR22-3,Homo sapiens,immunoglobulin kappa variable 2/OR22-3 (pseudogene)(IGKV2OR22-3),,,,,,,,,,,20503,Slc16a7,Mus musculus,"solute carrier family 16 (monocarboxylic acid transporters), member 7(Slc16a7)",,,,,,,,12491,Cd36,Mus musculus,CD36 molecule(Cd36),,,,,,,,,
16130,None,None,None,,,,,,31289,CG3603,Drosophila melanogaster,uncharacterized protein(CG3603),,,,,,4870,NPM1P1,Homo sapiens,nucleophosmin 1 pseudogene 1(NPM1P1),,,,,,,,,,,14270,Srgap2,Mus musculus,SLIT-ROBO Rho GTPase activating protein 2(Srgap2),,,,,,,,21527,Tcra-V2.3,Mus musculus,"T cell receptor alpha, variable 2.3(Tcra-V2.3)",,,,,,,,,
1726,None,None,None,,,,,,35889,Spt,Drosophila melanogaster,Spitting Image(Spt),,,,,,3531,IGKV1OR2-1,Homo sapiens,immunoglobulin kappa variable 1/OR2-1 (pseudogene)(IGKV1OR2-1),,,,,,,,,,,14276,Folr2,Mus musculus,folate receptor beta(Folr2),,,,,,,,26891,Cops4,Mus musculus,COP9 signalosome subunit 4(Cops4),,,,,,,,,
11629,None,None,None,,,,,,33227,Spp,Drosophila melanogaster,Signal peptide peptidase(Spp),,,,,,5726,TAS2R38,Homo sapiens,taste 2 receptor member 38(TAS2R38),,,,,,,,,,,13980,X83319,Mus musculus,EST X83319(X83319),,,,,,,,15405,Hoxa9,Mus musculus,homeobox A9(Hoxa9),,,,,,,,,
1686,None,None,None,,,,,,35888,CG8248,Drosophila melanogaster,uncharacterized protein(CG8248),,,,,,10730,YME1L1,Homo sapiens,YME1 like 1 ATPase(YME1L1),,,,,,,,,,,19044,Ppox,Mus musculus,protoporphyrinogen oxidase(Ppox),,,,,,,,19692,Reg1,Mus musculus,regenerating islet-derived 1(Reg1),,,,,,,,,
29586,None,None,None,,,,,,33225,ush,Drosophila melanogaster,u-shaped(ush),,,,,,10732,TCFL5,Homo sapiens,transcription factor like 5(TCFL5),,,,,,,,,,,19609,Rb(7.8)12Bnr,Mus musculus,"Robertsonian translocation, Chr 7 and 8, Universitat Bonn/Rhein 12(Rb(7.8)12Bnr)",,,,,,,,14325,Ftl1,Mus musculus,ferritin light polypeptide 1(Ftl1),,,,,,,,,
34129,None,None,None,,,,,,35886,Pgi,Drosophila melanogaster,Phosphoglucose isomerase(Pgi),,,,,,4430,MYO1B,Homo sapiens,myosin IB(MYO1B),,,,,,,,,,,19608,Rb(7.18)9Lub,Mus musculus,"Robertsonian translocation, Chr 7 and 18, Lubeck 9(Rb(7.18)9Lub)",,,,,,,,16985,Lsp1,Mus musculus,lymphocyte specific 1(Lsp1),,,,,,,,,
4386,None,None,None,,,,,,35885,CG30349,Drosophila melanogaster,uncharacterized protein(CG30349),,,,,,4431,MSBP1,Homo sapiens,minisatellite binding protein 1(MSBP1),,,,,,,,,,,15131,Hbb-bh0,Mus musculus,"hemoglobin, beta, pseudogene bh0(Hbb-bh0)",,,,,,,,18007,Neo1,Mus musculus,neogenin(Neo1),,,,,,,,,
8889,None,None,None,,,,,,36976,CG4866,Drosophila melanogaster,uncharacterized protein(CG4866),,,,,,4432,MSBP2,Homo sapiens,minisatellite binding protein 2(MSBP2),,,,,,,,,,,14160,Lgr5,Mus musculus,leucine rich repeat containing G protein coupled receptor 5(Lgr5),,,,,,,,18008,Nes,Mus musculus,nestin(Nes),,,,,,,,,
11589,None,None,None,,,,,,33228,nAChRbeta3,Drosophila melanogaster,nicotinic Acetylcholine Receptor beta3(nAChRbeta3),,,,,,4429,MRXS7,Homo sapiens,"mental retardation, X-linked, syndromic 7(MRXS7)",,,,,,,,,,,15132,Hbb-bh1,Mus musculus,"hemoglobin Z, beta-like embryonic chain(Hbb-bh1)",,,,,,,,15186,Hdc,Mus musculus,histidine decarboxylase(Hdc),,,,,,,,,
30491,None,None,None,,,,,,33229,Ets21C,Drosophila melanogaster,Ets at 21C(Ets21C),,,,,,10725,NFAT5,Homo sapiens,nuclear factor of activated T cells 5(NFAT5),,,,,,,,,,,20849,Stat4,Mus musculus,signal transducer and activator of transcription 4(Stat4),,,,,,,,15185,Hdac6,Mus musculus,histone deacetylase 6(Hdac6),,,,,,,,,
32288,None,None,None,,,,,,36978,Patronin,Drosophila melanogaster,patronin(Patronin),,,,,,10726,NUDC,Homo sapiens,"nuclear distribution C, dynein complex regulator(NUDC)",,,,,,,,,,,14961,H2-Ab1,Mus musculus,"histocompatibility 2, class II antigen A, beta 1(H2-Ab1)",,,,,,,,17927,Myod1,Mus musculus,myogenic differentiation 1(Myod1),,,,,,,,,
32328,None,None,None,,,,,,37817,CG10904,Drosophila melanogaster,uncharacterized protein(CG10904),,,,,,10728,PTGES3,Homo sapiens,prostaglandin E synthase 3(PTGES3),,,,,,,,,,,12426,Cckbr,Mus musculus,cholecystokinin B receptor(Cckbr),,,,,,,,17928,Myog,Mus musculus,myogenin(Myog),,,,,,,,,
43125,None,None,None,,,,,,36961,mthl3,Drosophila melanogaster,methuselah-like 3(mthl3),,,,,,23207,PLEKHM2,Homo sapiens,pleckstrin homology and RUN domain containing M2(PLEKHM2),,,,,,,,,,,20499,Slc12a7,Mus musculus,"solute carrier family 12, member 7(Slc12a7)",,,,,,,,17929,Myom1,Mus musculus,myomesin 1(Myom1),,,,,,,,,
38626,None,None,None,,,,,,36723,CG8192,Drosophila melanogaster,uncharacterized protein(CG8192),,,,,,10379,IRF9,Homo sapiens,interferon regulatory factor 9(IRF9),,,,,,,,,,,20498,Slc12a4,Mus musculus,"solute carrier family 12, member 4(Slc12a4)",,,,,,,,17925,Myo9b,Mus musculus,myosin IXb(Myo9b),,,,,,,,,
30488,None,None,None,,,,,,36725,CG8195,Drosophila melanogaster,uncharacterized protein(CG8195),,,,,,23452,ANGPTL2,Homo sapiens,angiopoietin like 2(ANGPTL2),,,,,,,,,,,13166,Dbh,Mus musculus,dopamine beta hydroxylase(Dbh),,,,,,,,17926,Myoc,Mus musculus,myocilin(Myoc),,,,,,,,,
35028,None,None,None,,,,,,37801,CG2812,Drosophila melanogaster,uncharacterized protein(CG2812),,,,,,5549,PRELP,Homo sapiens,proline and arginine rich end leucine rich repeat protein(PRELP),,,,,,,,,,,11305,Abca2,Mus musculus,"ATP-binding cassette, sub-family A member 2(Abca2)",,,,,,,,26886,Cenph,Mus musculus,centromere protein H(Cenph),,,,,,,,,
34089,None,None,None,,,,,,32586,UQCR-14,Drosophila melanogaster,Ubiquinol-cytochrome c reductase 14 kDa subunit(UQCR-14),,,,,,2053,EPHX2,Homo sapiens,epoxide hydrolase 2(EPHX2),,,,,,,,,,,14933,Gk,Mus musculus,glycerol kinase(Gk),,,,,,,,26889,Cln8,Mus musculus,CLN8 transmembrane ER and ERGIC protein(Cln8),,,,,,,,,
28689,None,None,None,,,,,,41291,fau,Drosophila melanogaster,fau(fau),,,,,,10357,HMGB1P1,Homo sapiens,high mobility group box 1 pseudogene 1(HMGB1P1),,,,,,,,,,,19943,Rpl28,Mus musculus,ribosomal protein L28(Rpl28),,,,,,,,15192,Hdgfl1,Mus musculus,HDGF like 1(Hdgfl1),,,,,,,,,
34987,None,None,None,,,,,,33679,CG15629,Drosophila melanogaster,uncharacterized protein(CG15629),,,,,,7991,TUSC3,Homo sapiens,tumor suppressor candidate 3(TUSC3),,,,,,,,,,,19824,Trim10,Mus musculus,tripartite motif-containing 10(Trim10),,,,,,,,26888,Clec4a2,Mus musculus,"C-type lectin domain family 4, member a2(Clec4a2)",,,,,,,,,
34988,None,None,None,,,,,,41285,tomboy20,Drosophila melanogaster,tomboy20(tomboy20),,,,,,5330,PLCB2,Homo sapiens,phospholipase C beta 2(PLCB2),,,,,,,,,,,21119,T(2;14)48H,Mus musculus,"reciprocal translocation, Chr 2 and 14, Harwell 48(T(2;14)48H)",,,,,,,,15191,Hdgf,Mus musculus,heparin binding growth factor(Hdgf),,,,,,,,,
38586,None,None,None,,,,,,41289,Cap-H2,Drosophila melanogaster,Chromosome associated protein H2(Cap-H2),,,,,,5331,PLCB3,Homo sapiens,phospholipase C beta 3(PLCB3),,,,,,,,,,,17776,Mast2,Mus musculus,microtubule associated serine/threonine kinase 2(Mast2),,,,,,,,12487,Cd28,Mus musculus,CD28 antigen(Cd28),,,,,,,,,
38627,None,None,None,,,,,,41287,CG14691,Drosophila melanogaster,uncharacterized protein(CG14691),,,,,,5332,PLCB4,Homo sapiens,phospholipase C beta 4(PLCB4),,,,,,,,,,,12402,Cbl,Mus musculus,Casitas B-lineage lymphoma(Cbl),,,,,,,,17930,Myom2,Mus musculus,myomesin 2(Myom2),,,,,,,,,
20592,None,None,None,,,,,,35600,Spn42Dc,Drosophila melanogaster,Serpin 42Dc(Spn42Dc),,,,,,10360,NPM3,Homo sapiens,nucleophosmin/nucleoplasmin 3(NPM3),,,,,,,,,,,18710,Pik3r3,Mus musculus,phosphoinositide-3-kinase regulatory subunit 3(Pik3r3),,,,,,,,12489,Cd33,Mus musculus,CD33 molecule(Cd33),,,,,,,,,
23330,None,None,None,,,,,,34992,her,Drosophila melanogaster,hermaphrodite(her),,,,,,785,CACNB4,Homo sapiens,calcium voltage-gated channel auxiliary subunit beta 4(CACNB4),,,,,,,,,,,20474,Six4,Mus musculus,sine oculis-related homeobox 4(Six4),,,,,,,,17932,Myt1,Mus musculus,myelin transcription factor 1(Myt1),,,,,,,,,
43126,None,None,None,,,,,,34991,Trpgamma,Drosophila melanogaster,Transient receptor potential cation channel gamma(Trpgamma),,,,,,786,CACNG1,Homo sapiens,calcium voltage-gated channel auxiliary subunit gamma 1(CACNG1),,,,,,,,,,,17180,Matn1,Mus musculus,"matrilin 1, cartilage matrix protein(Matn1)",,,,,,,,27827,335F15F,Mus musculus,"DNA segment, 335F15F (Research Genetics)(335F15F)",,,,,,,,,
30531,None,None,None,,,,,,32330,Mrgn1,Drosophila melanogaster,Mahogunin ring finger 1(Mrgn1),,,,,,788,SLC25A20,Homo sapiens,solute carrier family 25 member 20(SLC25A20),,,,,,,,,,,15566,Htr7,Mus musculus,5-hydroxytryptamine (serotonin) receptor 7(Htr7),,,,,,,,27828,335F15R,Mus musculus,"DNA segment, 335F15R (Research Genetics)(335F15R)",,,,,,,,,
29629,None,None,None,,,,,,39751,Notum,Drosophila melanogaster,notum(Notum),,,,,,789,SLC25A20P1,Homo sapiens,solute carrier family 25 member 20 pseudogene 1(SLC25A20P1),,,,,,,,,,,14234,Foxc2,Mus musculus,forkhead box C2(Foxc2),,,,,,,,18791,Plat,Mus musculus,"plasminogen activator, tissue(Plat)",,,,,,,,,
39488,None,None,None,,,,,,40744,Or83c,Drosophila melanogaster,Odorant receptor 83c(Or83c),,,,,,7986,GPDS1,Homo sapiens,glaucoma-related pigment dispersion syndrome 1(GPDS1),,,,,,,,,,,11522,Adh1,Mus musculus,alcohol dehydrogenase 1 (class I)(Adh1),,,,,,,,18792,Plau,Mus musculus,"plasminogen activator, urokinase(Plau)",,,,,,,,,
23290,None,None,None,,,,,,36002,sqa,Drosophila melanogaster,spaghetti-squash activator(sqa),,,,,,5325,PLAGL1,Homo sapiens,PLAG1 like zinc finger 1(PLAGL1),,,,,,,,,,,18711,Pikfyve,Mus musculus,"phosphoinositide kinase, FYVE type zinc finger containing(Pikfyve)",,,,,,,,27826,211N06F,Mus musculus,"DNA segment, 211N06F (Research Genetics)(211N06F)",,,,,,,,,
29589,None,None,None,,,,,,40743,CG15580,Drosophila melanogaster,uncharacterized protein(CG15580),,,,,,5326,PLAGL2,Homo sapiens,PLAG1 like zinc finger 2(PLAGL2),,,,,,,,,,,13821,Epb41l1,Mus musculus,erythrocyte membrane protein band 4.1 like 1(Epb41l1),,,,,,,,13429,Dnm1,Mus musculus,dynamin 1(Dnm1),,,,,,,,,
20632,None,None,None,,,,,,36001,dap,Drosophila melanogaster,dacapo(dap),,,,,,5327,PLAT,Homo sapiens,"plasminogen activator, tissue type(PLAT)",,,,,,,,,,,16782,Lamc2,Mus musculus,"laminin, gamma 2(Lamc2)",,,,,,,,13430,Dnm2,Mus musculus,dynamin 2(Dnm2),,,,,,,,,
38587,None,None,None,,,,,,40741,CtsL3,Drosophila melanogaster,Cathepsin L3(CtsL3),,,,,,7988,ZNF212,Homo sapiens,zinc finger protein 212(ZNF212),,,,,,,,,,,19819,Rnaseh1,Mus musculus,ribonuclease H1(Rnaseh1),,,,,,,,22385,Baz1b,Mus musculus,"bromodomain adjacent to zinc finger domain, 1B(Baz1b)",,,,,,,,,
38625,None,None,None,,,,,,40504,CG33169,Drosophila melanogaster,uncharacterized protein(CG33169),,,,,,5328,PLAU,Homo sapiens,"plasminogen activator, urokinase(PLAU)",,,,,,,,,,,17635,Ms58,Mus musculus,minisatellites detected by probe MMS58(Ms58),,,,,,,,22387,wd,Mus musculus,waddler(wd),,,,,,,,,
31427,None,None,None,,,,,,40745,Gasp,Drosophila melanogaster,gasp(Gasp),,,,,,5329,PLAUR,Homo sapiens,"plasminogen activator, urokinase receptor(PLAUR)",,,,,,,,,,,14129,Fcgr1,Mus musculus,"Fc receptor, IgG, high affinity I(Fcgr1)",,,,,,,,22388,Wdr1,Mus musculus,WD repeat domain 1(Wdr1),,,,,,,,,
24229,None,None,None,,,,,,36249,Tret1-2,Drosophila melanogaster,Trehalose transporter 1-2(Tret1-2),,,,,,790,CAD,Homo sapiens,"carbamoyl-phosphate synthetase 2, aspartate transcarbamylase, and dihydroorotase(CAD)",,,,,,,,,,,29707,Gabra5,Rattus norvegicus,gamma-aminobutyric acid type A receptor subunit alpha 5(Gabra5),,,,,,,,14290,Fpr-rs3,Mus musculus,"formyl peptide receptor, related sequence 3(Fpr-rs3)",,,,,,,,,
39526,None,None,None,,,,,,36006,CG1698,Drosophila melanogaster,uncharacterized protein(CG1698),,,,,,550,AUP1,Homo sapiens,AUP1 lipid droplet regulating VLDL assembly factor(AUP1),,,,,,,,,,,29361,Sox10,Rattus norvegicus,SRY-box transcription factor 10(Sox10),,,,,,,,14291,Fpr-rs4,Mus musculus,"formyl peptide receptor, related sequence 4(Fpr-rs4)",,,,,,,,,
33231,None,None,None,,,,,,36003,trpl,Drosophila melanogaster,transient receptor potential-like(trpl),,,,,,7518,XRCC4,Homo sapiens,X-ray repair cross complementing 4(XRCC4),,,,,,,,,,,24450,Hmgcs2,Rattus norvegicus,3-hydroxy-3-methylglutaryl-CoA synthase 2(Hmgcs2),,,,,,,,18786,Plaa,Mus musculus,"phospholipase A2, activating protein(Plaa)",,,,,,,,,
39486,None,None,None,,,,,,36236,Drip,Drosophila melanogaster,drip(Drip),,,,,,8862,APLN,Homo sapiens,apelin(APLN),,,,,,,,,,,29316,Adora2b,Rattus norvegicus,adenosine A2B receptor(Adora2b),,,,,,,,18787,Serpine1,Mus musculus,"serine (or cysteine) peptidase inhibitor, clade E, member 1(Serpine1)",,,,,,,,,
29587,None,None,None,,,,,,36221,gammaTry,Drosophila melanogaster,gammaTrypsin(gammaTry),,,,,,23650,TRIM29,Homo sapiens,tripartite motif containing 29(TRIM29),,,,,,,,,,,25635,Mc4r,Rattus norvegicus,melanocortin 4 receptor(Mc4r),,,,,,,,11592,ag,Mus musculus,agitans(ag),,,,,,,,,
25991,None,None,None,,,,,,35130,Grip71,Drosophila melanogaster,Grip71(Grip71),,,,,,8886,DDX18,Homo sapiens,DEAD-box helicase 18(DDX18),,,,,,,,,,,,,,,,,,,,,,18788,Serpinb2,Mus musculus,"serine (or cysteine) peptidase inhibitor, clade B, member 2(Serpinb2)",,,,,,,,,
38585,None,None,None,,,,,,33190,Dus1,Drosophila melanogaster,Dihydrouridine synthase 1(Dus1),,,,,,8887,TAX1BP1,Homo sapiens,Tax1 binding protein 1(TAX1BP1),,,,,,,,,,,,,,,,,,,,,,26931,Ppp2r5c,Mus musculus,"protein phosphatase 2, regulatory subunit B', gamma(Ppp2r5c)",,,,,,,,,
8032,None,None,None,,,,,,33191,CG17075,Drosophila melanogaster,uncharacterized protein(CG17075),,,,,,6225,RPS20P3,Homo sapiens,ribosomal protein S20 pseudogene 3(RPS20P3),,,,,,,,,,,,,,,,,,,,,,12531,Cdc25b,Mus musculus,cell division cycle 25B(Cdc25b),,,,,,,,,
30528,None,None,None,,,,,,34289,CG13117,Drosophila melanogaster,uncharacterized protein(CG13117),,,,,,6230,RPS25,Homo sapiens,ribosomal protein S25(RPS25),,,,,,,,,,,,,,,,,,,,,,12532,Cdc25c,Mus musculus,cell division cycle 25C(Cdc25c),,,,,,,,,
35926,None,None,None,,,,,,36224,CG12384,Drosophila melanogaster,uncharacterized protein(CG12384),,,,,,6232,RPS27,Homo sapiens,ribosomal protein S27(RPS27),,,,,,,,,,,,,,,,,,,,,,12530,Cdc25a,Mus musculus,cell division cycle 25A(Cdc25a),,,,,,,,,
13432,None,None,None,,,,,,34045,Tep3,Drosophila melanogaster,Thioester-containing protein 3(Tep3),,,,,,8891,EIF2B3,Homo sapiens,eukaryotic translation initiation factor 2B subunit gamma(EIF2B3),,,,,,,,,,,,,,,,,,,,,,19726,Rfx3,Mus musculus,"regulatory factor X, 3 (influences HLA class II expression)(Rfx3)",,,,,,,,,
33191,None,None,None,,,,,,36694,Trpm,Drosophila melanogaster,"Transient receptor potential cation channel, subfamily M(Trpm)",,,,,,8892,EIF2B2,Homo sapiens,eukaryotic translation initiation factor 2B subunit beta(EIF2B2),,,,,,,,,,,,,,,,,,,,,,19725,Rfx2,Mus musculus,"regulatory factor X, 2 (influences HLA class II expression)(Rfx2)",,,,,,,,,
24189,None,None,None,,,,,,38631,spo,Drosophila melanogaster,spook(spo),,,,,,6231,RPS26,Homo sapiens,ribosomal protein S26(RPS26),,,,,,,,,,,,,,,,,,,,,,19732,Rgl2,Mus musculus,ral guanine nucleotide dissociation stimulator-like 2(Rgl2),,,,,,,,,
1685,None,None,None,,,,,,36217,etaTry,Drosophila melanogaster,etaTrypsin(etaTry),,,,,,9745,ZNF536,Homo sapiens,zinc finger protein 536(ZNF536),,,,,,,,,,,,,,,,,,,,,,14287,Fpgs,Mus musculus,folylpolyglutamyl synthetase(Fpgs),,,,,,,,,
25990,None,None,None,,,,,,33187,CG13693,Drosophila melanogaster,uncharacterized protein(CG13693),,,,,,6227,RPS21,Homo sapiens,ribosomal protein S21(RPS21),,,,,,,,,,,,,,,,,,,,,,22431,Wt1,Mus musculus,WT1 transcription factor(Wt1),,,,,,,,,
13392,None,None,None,,,,,,36696,CG8152,Drosophila melanogaster,uncharacterized protein(CG8152),,,,,,6226,RPS20P4,Homo sapiens,ribosomal protein S20 pseudogene 4(RPS20P4),,,,,,,,,,,,,,,,,,,,,,17886,Myh9,Mus musculus,"myosin, heavy polypeptide 9, non-muscle(Myh9)",,,,,,,,,
32291,None,None,None,,,,,,37305,MED8,Drosophila melanogaster,Mediator complex subunit 8(MED8),,,,,,8888,MCM3AP,Homo sapiens,minichromosome maintenance complex component 3 associated protein(MCM3AP),,,,,,,,,,,,,,,,,,,,,,17888,Myh6,Mus musculus,"myosin, heavy polypeptide 6, cardiac muscle, alpha(Myh6)",,,,,,,,,
41427,None,None,None,,,,,,36458,CG4630,Drosophila melanogaster,uncharacterized protein(CG4630),,,,,,6229,RPS24,Homo sapiens,ribosomal protein S24(RPS24),,,,,,,,,,,,,,,,,,,,,,26926,Aifm1,Mus musculus,"apoptosis-inducing factor, mitochondrion-associated 1(Aifm1)",,,,,,,,,
31426,None,None,None,,,,,,38629,Msr-110,Drosophila melanogaster,Msr-110(Msr-110),,,,,,6228,RPS23,Homo sapiens,ribosomal protein S23(RPS23),,,,,,,,,,,,,,,,,,,,,,26927,Foxl2,Mus musculus,forkhead box L2(Foxl2),,,,,,,,,
22428,None,None,None,,,,,,35107,Pde11,Drosophila melanogaster,Phosphodiesterase 11(Pde11),,,,,,9993,DGCR2,Homo sapiens,DiGeorge syndrome critical region gene 2(DGCR2),,,,,,,,,,,,,,,,,,,,,,20703,Serpina1d,Mus musculus,"serine (or cysteine) peptidase inhibitor, clade A, member 1D(Serpina1d)",,,,,,,,,
35886,None,None,None,,,,,,34017,CG5177,Drosophila melanogaster,uncharacterized protein(CG5177),,,,,,28867,IGKV1OR2-0,Homo sapiens,immunoglobulin kappa variable 1/OR2-0 (non-functional)(IGKV1OR2-0),,,,,,,,,,,,,,,,,,,,,,12526,Cd8b1,Mus musculus,CD8 subunit beta 1(Cd8b1),,,,,,,,,
32331,None,None,None,,,,,,35347,CG9331,Drosophila melanogaster,uncharacterized protein(CG9331),,,,,,28869,IGKV6D-41,Homo sapiens,immunoglobulin kappa variable 6D-41 (non-functional)(IGKV6D-41),,,,,,,,,,,,,,,,,,,,,,12527,Cd9,Mus musculus,CD9 antigen(Cd9),,,,,,,,,
12492,None,None,None,,,,,,35346,CheB38c,Drosophila melanogaster,Chemosensory protein B 38c(CheB38c),,,,,,8672,EIF4G3,Homo sapiens,eukaryotic translation initiation factor 4 gamma 3(EIF4G3),,,,,,,,,,,,,,,,,,,,,,12525,Cd8a,Mus musculus,CD8 subunit alpha(Cd8a),,,,,,,,,
15225,None,None,None,,,,,,35103,grnd,Drosophila melanogaster,grindelwald(grnd),,,,,,4076,CAPRIN1,Homo sapiens,cell cycle associated protein 1(CAPRIN1),,,,,,,,,,,,,,,,,,,,,,18830,Pltp,Mus musculus,phospholipid transfer protein(Pltp),,,,,,,,,
7992,None,None,None,,,,,,35102,CG10283,Drosophila melanogaster,uncharacterized protein(CG10283),,,,,,5172,SLC26A4,Homo sapiens,solute carrier family 26 member 4(SLC26A4),,,,,,,,,,,,,,,,,,,,,,13389,Dll3,Mus musculus,delta like canonical Notch ligand 3(Dll3),,,,,,,,,
4385,None,None,None,,,,,,35344,CG9328,Drosophila melanogaster,uncharacterized protein(CG9328),,,,,,148,ADRA1A,Homo sapiens,adrenoceptor alpha 1A(ADRA1A),,,,,,,,,,,,,,,,,,,,,,13388,Dll1,Mus musculus,delta like canonical Notch ligand 1(Dll1),,,,,,,,,
15230,None,None,None,,,,,,36433,CG13323,Drosophila melanogaster,uncharacterized protein(CG13323),,,,,,9785,DHX38,Homo sapiens,DEAH-box helicase 38(DHX38),,,,,,,,,,,,,,,,,,,,,,13392,Dlx2,Mus musculus,distal-less homeobox 2(Dlx2),,,,,,,,,
19690,None,None,None,,,,,,36678,chn,Drosophila melanogaster,charlatan(chn),,,,,,9788,MTSS1,Homo sapiens,MTSS I-BAR domain containing 1(MTSS1),,,,,,,,,,,,,,,,,,,,,,22427,Wrn,Mus musculus,Werner syndrome RecQ like helicase(Wrn),,,,,,,,,
20625,None,None,None,,,,,,36439,CG13326,Drosophila melanogaster,uncharacterized protein(CG13326),,,,,,7125,TNNC2,Homo sapiens,"troponin C2, fast skeletal type(TNNC2)",,,,,,,,,,,,,,,,,,,,,,22428,Dctn6,Mus musculus,dynactin 6(Dctn6),,,,,,,,,
787,None,None,None,,,,,,34240,CG13108,Drosophila melanogaster,uncharacterized protein(CG13108),,,,,,6036,RNASE2,Homo sapiens,ribonuclease A family member 2(RNASE2),,,,,,,,,,,,,,,,,,,,,,13390,Dlx1,Mus musculus,distal-less homeobox 1(Dlx1),,,,,,,,,
17925,None,None,None,,,,,,33391,CG15382,Drosophila melanogaster,uncharacterized protein(CG15382),,,,,,9789,SPCS2,Homo sapiens,signal peptidase complex subunit 2(SPCS2),,,,,,,,,,,,,,,,,,,,,,19255,Ptpn2,Mus musculus,"protein tyrosine phosphatase, non-receptor type 2(Ptpn2)",,,,,,,,,
27843,None,None,None,,,,,,35574,Rpp25,Drosophila melanogaster,Ribonuclease P/MRP subunit p25(Rpp25),,,,,,7127,TNFAIP2,Homo sapiens,TNF alpha induced protein 2(TNFAIP2),,,,,,,,,,,,,,,,,,,,,,25232,Tyro3,Rattus norvegicus,TYRO3 protein tyrosine kinase(Tyro3),,,,,,,,,
28685,None,None,None,,,,,,32292,CG1640,Drosophila melanogaster,uncharacterized protein(CG1640),,,,,,9786,KIAA0586,Homo sapiens,KIAA0586(KIAA0586),,,,,,,,,,,,,,,,,,,,,,25203,Ccnb1,Rattus norvegicus,cyclin B1(Ccnb1),,,,,,,,,
14288,None,None,None,,,,,,32290,Syt12,Drosophila melanogaster,Synaptotagmin 12(Syt12),,,,,,7126,TNFAIP1,Homo sapiens,TNF alpha induced protein 1(TNFAIP1),,,,,,,,,,,,,,,,,,,,,,24231,C2,Rattus norvegicus,complement C2(C2),,,,,,,,,
17885,None,None,None,,,,,,32291,dmrt11E,Drosophila melanogaster,doublesex-Mab related 11E(dmrt11E),,,,,,9787,DLGAP5,Homo sapiens,DLG associated protein 5(DLGAP5),,,,,,,,,,,,,,,,,,,,,,29585,Gjb3,Rattus norvegicus,"gap junction protein, beta 3(Gjb3)",,,,,,,,,
24188,None,None,None,,,,,,40905,alpha-Est5,Drosophila melanogaster,alpha-Esterase-5(alpha-Est5),,,,,,10055,SAE1,Homo sapiens,SUMO1 activating enzyme subunit 1(SAE1),,,,,,,,,,,,,,,,,,,,,,29589,Pou3f4,Rattus norvegicus,POU class 3 homeobox 4(Pou3f4),,,,,,,,,
21527,None,None,None,,,,,,37989,Tina-1,Drosophila melanogaster,Troponin C-akin-1(Tina-1),,,,,,10297,APC2,Homo sapiens,APC regulator of WNT signaling pathway 2(APC2),,,,,,,,,,,,,,,,,,,,,,29588,Pou3f2,Rattus norvegicus,POU class 3 homeobox 2(Pou3f2),,,,,,,,,
15185,None,None,None,,,,,,38836,Tsp66A,Drosophila melanogaster,Tetraspanin 66A(Tsp66A),,,,,,10056,FARSB,Homo sapiens,phenylalanyl-tRNA synthetase subunit beta(FARSB),,,,,,,,,,,,,,,,,,,,,,29586,Gjb5,Rattus norvegicus,"gap junction protein, beta 5(Gjb5)",,,,,,,,,
34991,None,None,None,,,,,,36089,Ndg,Drosophila melanogaster,Nidogen(Ndg),,,,,,10059,DNM1L,Homo sapiens,dynamin 1 like(DNM1L),,,,,,,,,,,,,,,,,,,,,,29591,Tgfbr1,Rattus norvegicus,"transforming growth factor, beta receptor 1(Tgfbr1)",,,,,,,,,
14325,None,None,None,,,,,,36071,KCNQ,Drosophila melanogaster,KCNQ potassium channel(KCNQ),,,,,,7132,TNFRSF1A,Homo sapiens,TNF receptor superfamily member 1A(TNFRSF1A),,,,,,,,,,,,,,,,,,,,,,25086,Cyp2e1,Rattus norvegicus,"cytochrome P450, family 2, subfamily e, polypeptide 1(Cyp2e1)",,,,,,,,,
26888,None,None,None,,,,,,36076,Hdc,Drosophila melanogaster,Histidine decarboxylase(Hdc),,,,,,5195,PEX14,Homo sapiens,peroxisomal biogenesis factor 14(PEX14),,,,,,,,,,,,,,,,,,,,,,24191,Aldoc,Rattus norvegicus,"aldolase, fructose-bisphosphate C(Aldoc)",,,,,,,,,
21487,None,None,None,,,,,,41428,ClC-a,Drosophila melanogaster,Chloride channel-a(ClC-a),,,,,,29919,RMC1,Homo sapiens,regulator of MON1-CCZ1(RMC1),,,,,,,,,,,,,,,,,,,,,,29625,Crhbp,Rattus norvegicus,corticotropin releasing hormone binding protein(Crhbp),,,,,,,,,
4425,None,None,None,,,,,,41427,Sbf,Drosophila melanogaster,SET domain binding factor(Sbf),,,,,,10060,ABCC9,Homo sapiens,ATP binding cassette subfamily C member 9(ABCC9),,,,,,,,,,,,,,,,,,,,,,29629,Gria4,Rattus norvegicus,glutamate ionotropic receptor AMPA type subunit 4(Gria4),,,,,,,,,
39525,None,None,None,,,,,,41415,CG14720,Drosophila melanogaster,uncharacterized protein(CG14720),,,,,,9557,CHD1L,Homo sapiens,chromodomain helicase DNA binding protein 1 like(CHD1L),,,,,,,,,,,,,,,,,,,,,,29627,Gria2,Rattus norvegicus,glutamate ionotropic receptor AMPA type subunit 2(Gria2),,,,,,,,,
12491,None,None,None,,,,,,36068,CG18011,Drosophila melanogaster,uncharacterized protein(CG18011),,,,,,10063,COX17,Homo sapiens,cytochrome c oxidase copper chaperone COX17(COX17),,,,,,,,,,,,,,,,,,,,,,24189,Aldoa,Rattus norvegicus,"aldolase, fructose-bisphosphate A(Aldoa)",,,,,,,,,
39485,None,None,None,,,,,,36065,CG12917,Drosophila melanogaster,uncharacterized protein(CG12917),,,,,,9791,PTDSS1,Homo sapiens,phosphatidylserine synthase 1(PTDSS1),,,,,,,,,,,,,,,,,,,,,,24185,Akt1,Rattus norvegicus,AKT serine/threonine kinase 1(Akt1),,,,,,,,,
19685,None,None,None,,,,,,38005,gsb,Drosophila melanogaster,gooseberry(gsb),,,,,,9792,SERTAD2,Homo sapiens,SERTA domain containing 2(SERTAD2),,,,,,,,,,,,,,,,,,,,,,24186,Alb,Rattus norvegicus,albumin(Alb),,,,,,,,,
14330,None,None,None,,,,,,35193,l(2)37Cd,Drosophila melanogaster,lethal (2) 37Cd(l(2)37Cd),,,,,,7130,TNFAIP6,Homo sapiens,TNF alpha induced protein 6(TNFAIP6),,,,,,,,,,,,,,,,,,,,,,29631,Bet1,Rattus norvegicus,Bet1 golgi vesicular membrane trafficking protein(Bet1),,,,,,,,,
13425,None,None,None,,,,,,30981,ac,Drosophila melanogaster,achaete(ac),,,,,,9790,BMS1,Homo sapiens,BMS1 ribosome biogenesis factor(BMS1),,,,,,,,,,,,,,,,,,,,,,29630,Psme1,Rattus norvegicus,proteasome activator subunit 1(Psme1),,,,,,,,,
13385,None,None,None,,,,,,34091,Spn28Dc,Drosophila melanogaster,Serpin 28Dc(Spn28Dc),,,,,,7128,TNFAIP3,Homo sapiens,TNF alpha induced protein 3(TNFAIP3),,,,,,,,,,,,,,,,,,,,,,,,,,,,,,,,,,
35031,None,None,None,,,,,,34090,Wwox,Drosophila melanogaster,WW domain containing oxidoreductase(Wwox),,,,,,68,ACTBP8,Homo sapiens,ACTB pseudogene 8(ACTBP8),,,,,,,,,,,,,,,,,,,,,,,,,,,,,,,,,,
17931,None,None,None,,,,,,39786,CG13065,Drosophila melanogaster,uncharacterized protein(CG13065),,,,,,23345,SYNE1,Homo sapiens,spectrin repeat containing nuclear envelope protein 1(SYNE1),,,,,,,,,,,,,,,,,,,,,,,,,,,,,,,,,,
791,None,None,None,,,,,,36275,reb,Drosophila melanogaster,rebuf(reb),,,,,,23588,KLHDC2,Homo sapiens,kelch domain containing 2(KLHDC2),,,,,,,,,,,,,,,,,,,,,,,,,,,,,,,,,,
17891,None,None,None,,,,,,34092,CG12560,Drosophila melanogaster,uncharacterized protein(CG12560),,,,,,23582,CCNDBP1,Homo sapiens,cyclin D1 binding protein 1(CCNDBP1),,,,,,,,,,,,,,,,,,,,,,,,,,,,,,,,,,
17889,None,None,None,,,,,,36038,CG12134,Drosophila melanogaster,uncharacterized protein(CG12134),,,,,,23341,DNAJC16,Homo sapiens,DnaJ heat shock protein family (Hsp40) member C16(DNAJC16),,,,,,,,,,,,,,,,,,,,,,,,,,,,,,,,,,
11626,None,None,None,,,,,,36037,eIF3j,Drosophila melanogaster,eukaryotic translation initiation factor 3 subunit j(eIF3j),,,,,,23583,SMUG1,Homo sapiens,single-strand-selective monofunctional uracil-DNA glycosylase 1(SMUG1),,,,,,,,,,,,,,,,,,,,,,,,,,,,,,,,,,
17026,None,None,None,,,,,,39531,CG13737,Drosophila melanogaster,uncharacterized protein(CG13737),,,,,,79,ACTG1P7,Homo sapiens,actin gamma 1 pseudogene 7(ACTG1P7),,,,,,,,,,,,,,,,,,,,,,,,,,,,,,,,,,
28725,None,None,None,,,,,,39530,CG8745,Drosophila melanogaster,uncharacterized protein(CG8745),,,,,,7392,USF2,Homo sapiens,"upstream transcription factor 2, c-fos interacting(USF2)",,,,,,,,,,,,,,,,,,,,,,,,,,,,,,,,,,
21526,None,None,None,,,,,,34088,CG7227,Drosophila melanogaster,uncharacterized protein(CG7227),,,,,,8259,INDX,Homo sapiens,"Immunoneurologic syndrome X-linked, of Wood, Black, and Norbury(INDX)",,,,,,,,,,,,,,,,,,,,,,,,,,,,,,,,,,
21486,None,None,None,,,,,,34087,pes,Drosophila melanogaster,peste(pes),,,,,,8258,GUST,Homo sapiens,"Gustavson mental retardation syndrome (with microcephaly, optic(GUST)",,,,,,,,,,,,,,,,,,,,,,,,,,,,,,,,,,
14285,None,None,None,,,,,,34086,CG7231,Drosophila melanogaster,uncharacterized protein(CG7231),,,,,,26030,PLEKHG3,Homo sapiens,pleckstrin homology and RhoGEF domain containing G3(PLEKHG3),,,,,,,,,,,,,,,,,,,,,,,,,,,,,,,,,,
26928,None,None,None,,,,,,36028,CG1513,Drosophila melanogaster,uncharacterized protein(CG1513),,,,,,1854,DUT,Homo sapiens,deoxyuridine triphosphatase(DUT),,,,,,,,,,,,,,,,,,,,,,,,,,,,,,,,,,
15190,None,None,None,,,,,,36027,tea,Drosophila melanogaster,telomere ends associated(tea),,,,,,28691,TRAV2,Homo sapiens,T cell receptor alpha variable 2(TRAV2),,,,,,,,,,,,,,,,,,,,,,,,,,,,,,,,,,
24228,None,None,None,,,,,,34089,Sirup,Drosophila melanogaster,Starvation-upregulated protein(Sirup),,,,,,26032,SUSD5,Homo sapiens,sushi domain containing 5(SUSD5),,,,,,,,,,,,,,,,,,,,,,,,,,,,,,,,,,
27803,None,None,None,,,,,,36255,pyr,Drosophila melanogaster,pyramus(pyr),,,,,,28692,TRAV1-2,Homo sapiens,T cell receptor alpha variable 1-2(TRAV1-2),,,,,,,,,,,,,,,,,,,,,,,,,,,,,,,,,,
31389,None,None,None,,,,,,36254,Ir48b,Drosophila melanogaster,Ionotropic receptor 48b(Ir48b),,,,,,26031,OSBPL3,Homo sapiens,oxysterol binding protein like 3(OSBPL3),,,,,,,,,,,,,,,,,,,,,,,,,,,,,,,,,,
31386,None,None,None,,,,,,36253,CG13197,Drosophila melanogaster,uncharacterized protein(CG13197),,,,,,28690,TRAV3,Homo sapiens,T cell receptor alpha variable 3(TRAV3),,,,,,,,,,,,,,,,,,,,,,,,,,,,,,,,,,
26028,None,None,None,,,,,,39525,CG10710,Drosophila melanogaster,uncharacterized protein(CG10710),,,,,,8028,MLLT10,Homo sapiens,MLLT10 histone lysine methyltransferase DOT1L cofactor(MLLT10),,,,,,,,,,,,,,,,,,,,,,,,,,,,,,,,,,
36070,None,None,None,,,,,,39528,CG8757,Drosophila melanogaster,uncharacterized protein(CG8757),,,,,,8029,CUBN,Homo sapiens,cubilin(CUBN),,,,,,,,,,,,,,,,,,,,,,,,,,,,,,,,,,
19725,None,None,None,,,,,,39527,bru3,Drosophila melanogaster,bruno 3(bru3),,,,,,8026,DGS2,Homo sapiens,DiGeorge syndrome/velocardiofacial syndrome complex 2(DGS2),,,,,,,,,,,,,,,,,,,,,,,,,,,,,,,,,,
11586,None,None,None,,,,,,39529,Hml,Drosophila melanogaster,Hemolectin(Hml),,,,,,8027,STAM,Homo sapiens,signal transducing adaptor molecule(STAM),,,,,,,,,,,,,,,,,,,,,,,,,,,,,,,,,,
17927,None,None,None,,,,,,4963,OFC1,Homo sapiens,orofacial cleft 1(OFC1),,,,,,26043,UBXN7,Homo sapiens,UBX domain protein 7(UBXN7),,,,,,,,,,,,,,,,,,,,,,,,,,,,,,,,,,
14290,None,None,None,,,,,,2549,GAB1,Homo sapiens,GRB2 associated binding protein 1(GAB1),,,,,,26045,LRRTM2,Homo sapiens,leucine rich repeat transmembrane neuronal 2(LRRTM2),,,,,,,,,,,,,,,,,,,,,,,,,,,,,,,,,,
17929,None,None,None,,,,,,23731,TMEM245,Homo sapiens,transmembrane protein 245(TMEM245),,,,,,29796,UQCR10,Homo sapiens,"ubiquinol-cytochrome c reductase, complex III subunit X(UQCR10)",,,,,,,,,,,,,,,,,,,,,,,,,,,,,,,,,,
21488,None,None,None,,,,,,22884,WDR37,Homo sapiens,WD repeat domain 37(WDR37),,,,,,1869,E2F1,Homo sapiens,E2F transcription factor 1(E2F1),,,,,,,,,,,,,,,,,,,,,,,,,,,,,,,,,,
23470,None,None,None,,,,,,4739,NEDD9,Homo sapiens,"neural precursor cell expressed, developmentally down-regulated 9(NEDD9)",,,,,,3801,KIFC3,Homo sapiens,kinesin family member C3(KIFC3),,,,,,,,,,,,,,,,,,,,,,,,,,,,,,,,,,
7129,None,None,None,,,,,,10667,FARS2,Homo sapiens,"phenylalanyl-tRNA synthetase 2, mitochondrial(FARS2)",,,,,,8031,NCOA4,Homo sapiens,nuclear receptor coactivator 4(NCOA4),,,,,,,,,,,,,,,,,,,,,,,,,,,,,,,,,,
3528,None,None,None,,,,,,4730,NDUFV2P1,Homo sapiens,NADH:ubiquinone oxidoreductase core subunit V2 pseudogene 1(NDUFV2P1),,,,,,8030,CCDC6,Homo sapiens,coiled-coil domain containing 6(CCDC6),,,,,,,,,,,,,,,,,,,,,,,,,,,,,,,,,,
19691,None,None,None,,,,,,4736,RPL10A,Homo sapiens,ribosomal protein L10a(RPL10A),,,,,,10914,PAPOLA,Homo sapiens,poly(A) polymerase alpha(PAPOLA),,,,,,,,,,,,,,,,,,,,,,,,,,,,,,,,,,
40425,None,None,None,,,,,,4741,NEFM,Homo sapiens,neurofilament medium chain(NEFM),,,,,,27102,EIF2AK1,Homo sapiens,eukaryotic translation initiation factor 2 alpha kinase 1(EIF2AK1),,,,,,,,,,,,,,,,,,,,,,,,,,,,,,,,,,
12628,None,None,None,,,,,,4745,NELL1,Homo sapiens,neural EGFL like 1(NELL1),,,,,,1872,E2F3P1,Homo sapiens,E2F transcription factor 3 pseudogene 1(E2F3P1),,,,,,,,,,,,,,,,,,,,,,,,,,,,,,,,,,
26889,None,None,None,,,,,,3658,IREB2,Homo sapiens,iron responsive element binding protein 2(IREB2),,,,,,1870,E2F2,Homo sapiens,E2F transcription factor 2(E2F2),,,,,,,,,,,,,,,,,,,,,,,,,,,,,,,,,,
35929,None,None,None,,,,,,4747,NEFL,Homo sapiens,neurofilament light chain(NEFL),,,,,,26027,ACOT11,Homo sapiens,acyl-CoA thioesterase 11(ACOT11),,,,,,,,,,,,,,,,,,,,,,,,,,,,,,,,,,
31429,None,None,None,,,,,,4761,NEUROD2,Homo sapiens,neuronal differentiation 2(NEUROD2),,,,,,28689,TRAV4,Homo sapiens,T cell receptor alpha variable 4(TRAV4),,,,,,,,,,,,,,,,,,,,,,,,,,,,,,,,,,
24185,None,None,None,,,,,,825,CAPN3,Homo sapiens,calpain 3(CAPN3),,,,,,28686,TRAV7,Homo sapiens,T cell receptor alpha variable 7(TRAV7),,,,,,,,,,,,,,,,,,,,,,,,,,,,,,,,,,
11942,None,None,None,,,,,,826,CAPNS1,Homo sapiens,calpain small subunit 1(CAPNS1),,,,,,26025,PCDHGA12,Homo sapiens,"protocadherin gamma subfamily A, 12(PCDHGA12)",,,,,,,,,,,,,,,,,,,,,,,,,,,,,,,,,,
35889,None,None,None,,,,,,827,CAPN6,Homo sapiens,calpain 6(CAPN6),,,,,,28685,TRAV8-1,Homo sapiens,T cell receptor alpha variable 8-1(TRAV8-1),,,,,,,,,,,,,,,,,,,,,,,,,,,,,,,,,,
17028,None,None,None,,,,,,828,CAPS,Homo sapiens,calcyphosine(CAPS),,,,,,1889,ECE1,Homo sapiens,endothelin converting enzyme 1(ECE1),,,,,,,,,,,,,,,,,,,,,,,,,,,,,,,,,,
30490,None,None,None,,,,,,829,CAPZA1,Homo sapiens,capping actin protein of muscle Z-line subunit alpha 1(CAPZA1),,,,,,9384,COX6CP1,Homo sapiens,cytochrome c oxidase subunit 6C pseudogene 1(COX6CP1),,,,,,,,,,,,,,,,,,,,,,,,,,,,,,,,,,
36255,None,None,None,,,,,,5862,RAB2A,Homo sapiens,"RAB2A, member RAS oncogene family(RAB2A)",,,,,,9382,COG1,Homo sapiens,component of oligomeric golgi complex 1(COG1),,,,,,,,,,,,,,,,,,,,,,,,,,,,,,,,,,
20591,None,None,None,,,,,,2592,GALT,Homo sapiens,galactose-1-phosphate uridylyltransferase(GALT),,,,,,28891,IGKV1D-43,Homo sapiens,immunoglobulin kappa variable 1D-43(IGKV1D-43),,,,,,,,,,,,,,,,,,,,,,,,,,,,,,,,,,
22429,None,None,None,,,,,,2591,GALNT3,Homo sapiens,polypeptide N-acetylgalactosaminyltransferase 3(GALNT3),,,,,,26005,C2CD3,Homo sapiens,C2 domain containing 3 centriole elongation regulator(C2CD3),,,,,,,,,,,,,,,,,,,,,,,,,,,,,,,,,,
10685,None,None,None,,,,,,2590,GALNT2,Homo sapiens,polypeptide N-acetylgalactosaminyltransferase 2(GALNT2),,,,,,26001,RNF167,Homo sapiens,ring finger protein 167(RNF167),,,,,,,,,,,,,,,,,,,,,,,,,,,,,,,,,,
16987,None,None,None,,,,,,27285,TEKT2,Homo sapiens,tektin 2(TEKT2),,,,,,3608,ILF2,Homo sapiens,interleukin enhancer binding factor 2(ILF2),,,,,,,,,,,,,,,,,,,,,,,,,,,,,,,,,,
15191,None,None,None,,,,,,2589,GALNT1,Homo sapiens,polypeptide N-acetylgalactosaminyltransferase 1(GALNT1),,,,,,3607,FOXK2,Homo sapiens,forkhead box K2(FOXK2),,,,,,,,,,,,,,,,,,,,,,,,,,,,,,,,,,
33230,None,None,None,,,,,,2588,GALNS,Homo sapiens,galactosamine (N-acetyl)-6-sulfatase(GALNS),,,,,,1690,COCH,Homo sapiens,cochlin(COCH),,,,,,,,,,,,,,,,,,,,,,,,,,,,,,,,,,
15231,None,None,None,,,,,,830,CAPZA2,Homo sapiens,capping actin protein of muscle Z-line subunit alpha 2(CAPZA2),,,,,,3624,INHBA,Homo sapiens,inhibin subunit beta A(INHBA),,,,,,,,,,,,,,,,,,,,,,,,,,,,,,,,,,
24225,None,None,None,,,,,,2587,GALR1,Homo sapiens,galanin receptor 1(GALR1),,,,,,1687,GSDME,Homo sapiens,gasdermin E(GSDME),,,,,,,,,,,,,,,,,,,,,,,,,,,,,,,,,,
42225,None,None,None,,,,,,831,CAST,Homo sapiens,calpastatin(CAST),,,,,,4952,OCRL,Homo sapiens,OCRL inositol polyphosphate-5-phosphatase(OCRL),,,,,,,,,,,,,,,,,,,,,,,,,,,,,,,,,,
11728,None,None,None,,,,,,2585,GALK2,Homo sapiens,galactokinase 2(GALK2),,,,,,3628,INPP1,Homo sapiens,inositol polyphosphate-1-phosphatase(INPP1),,,,,,,,,,,,,,,,,,,,,,,,,,,,,,,,,,
25986,None,None,None,,,,,,832,CAPZB,Homo sapiens,capping actin protein of muscle Z-line subunit beta(CAPZB),,,,,,,,,,,,,,,,,,,,,,,,,,,,,,,,,,,,,,,,,,,
22389,None,None,None,,,,,,5616,PRKY,Homo sapiens,protein kinase Y-linked (pseudogene)(PRKY),,,,,,,,,,,,,,,,,,,,,,,,,,,,,,,,,,,,,,,,,,,
20631,None,None,None,,,,,,4528,MTIF2,Homo sapiens,mitochondrial translational initiation factor 2(MTIF2),,,,,,,,,,,,,,,,,,,,,,,,,,,,,,,,,,,,,,,,,,,
41291,None,None,None,,,,,,3690,ITGB3,Homo sapiens,integrin subunit beta 3(ITGB3),,,,,,,,,,,,,,,,,,,,,,,,,,,,,,,,,,,,,,,,,,,
30492,None,None,None,,,,,,4541,MT-ND6,Homo sapiens,mitochondrially encoded NADH dehydrogenase 6(MT-ND6),,,,,,,,,,,,,,,,,,,,,,,,,,,,,,,,,,,,,,,,,,,
30530,None,None,None,,,,,,5863,RGL2,Homo sapiens,ral guanine nucleotide dissociation stimulator like 2(RGL2),,,,,,,,,,,,,,,,,,,,,,,,,,,,,,,,,,,,,,,,,,,
33190,None,None,None,,,,,,7804,LRP8,Homo sapiens,LDL receptor related protein 8(LRP8),,,,,,,,,,,,,,,,,,,,,,,,,,,,,,,,,,,,,,,,,,,
23292,None,None,None,,,,,,22822,PHLDA1,Homo sapiens,pleckstrin homology like domain family A member 1(PHLDA1),,,,,,,,,,,,,,,,,,,,,,,,,,,,,,,,,,,,,,,,,,,
25103,None,None,None,,,,,,5652,PRSS8,Homo sapiens,serine protease 8(PRSS8),,,,,,,,,,,,,,,,,,,,,,,,,,,,,,,,,,,,,,,,,,,
4390,None,None,None,,,,,,10844,TUBGCP2,Homo sapiens,tubulin gamma complex component 2(TUBGCP2),,,,,,,,,,,,,,,,,,,,,,,,,,,,,,,,,,,,,,,,,,,
22388,None,None,None,,,,,,4558,MT-TF,Homo sapiens,mitochondrially encoded tRNA phenylalanine(MT-TF),,,,,,,,,,,,,,,,,,,,,,,,,,,,,,,,,,,,,,,,,,,
16988,None,None,None,,,,,,10840,ALDH1L1,Homo sapiens,aldehyde dehydrogenase 1 family member L1(ALDH1L1),,,,,,,,,,,,,,,,,,,,,,,,,,,,,,,,,,,,,,,,,,,
36068,None,None,None,,,,,,23328,SASH1,Homo sapiens,SAM and SH3 domain containing 1(SASH1),,,,,,,,,,,,,,,,,,,,,,,,,,,,,,,,,,,,,,,,,,,
26026,None,None,None,,,,,,23329,TBC1D30,Homo sapiens,TBC1 domain family member 30(TBC1D30),,,,,,,,,,,,,,,,,,,,,,,,,,,,,,,,,,,,,,,,,,,
16986,None,None,None,,,,,,8930,MBD4,Homo sapiens,"methyl-CpG binding domain 4, DNA glycosylase(MBD4)",,,,,,,,,,,,,,,,,,,,,,,,,,,,,,,,,,,,,,,,,,,
17887,None,None,None,,,,,,6992,PPP1R11,Homo sapiens,protein phosphatase 1 regulatory inhibitor subunit 11(PPP1R11),,,,,,,,,,,,,,,,,,,,,,,,,,,,,,,,,,,,,,,,,,,
40426,None,None,None,,,,,,3486,IGFBP3,Homo sapiens,insulin like growth factor binding protein 3(IGFBP3),,,,,,,,,,,,,,,,,,,,,,,,,,,,,,,,,,,,,,,,,,,
8931,None,None,None,,,,,,3485,IGFBP2,Homo sapiens,insulin like growth factor binding protein 2(IGFBP2),,,,,,,,,,,,,,,,,,,,,,,,,,,,,,,,,,,,,,,,,,,
25085,None,None,None,,,,,,25987,TSKU,Homo sapiens,"tsukushi, small leucine rich proteoglycan(TSKU)",,,,,,,,,,,,,,,,,,,,,,,,,,,,,,,,,,,,,,,,,,,
37685,None,None,None,,,,,,23325,WASHC4,Homo sapiens,WASH complex subunit 4(WASHC4),,,,,,,,,,,,,,,,,,,,,,,,,,,,,,,,,,,,,,,,,,,
36831,None,None,None,,,,,,25989,ULK3,Homo sapiens,unc-51 like kinase 3(ULK3),,,,,,,,,,,,,,,,,,,,,,,,,,,,,,,,,,,,,,,,,,,
36791,None,None,None,,,,,,23326,USP22,Homo sapiens,ubiquitin specific peptidase 22(USP22),,,,,,,,,,,,,,,,,,,,,,,,,,,,,,,,,,,,,,,,,,,
11591,None,None,None,,,,,,25988,HINFP,Homo sapiens,histone H4 transcription factor(HINFP),,,,,,,,,,,,,,,,,,,,,,,,,,,,,,,,,,,,,,,,,,,
24441,None,None,None,,,,,,8929,PHOX2B,Homo sapiens,paired like homeobox 2B(PHOX2B),,,,,,,,,,,,,,,,,,,,,,,,,,,,,,,,,,,,,,,,,,,
33232,None,None,None,,,,,,8927,BSN,Homo sapiens,bassoon presynaptic cytomatrix protein(BSN),,,,,,,,,,,,,,,,,,,,,,,,,,,,,,,,,,,,,,,,,,,
8126,None,None,None,,,,,,8928,FOXH1,Homo sapiens,forkhead box H1(FOXH1),,,,,,,,,,,,,,,,,,,,,,,,,,,,,,,,,,,,,,,,,,,
33311,None,None,None,,,,,,8925,HERC1,Homo sapiens,HECT and RLD domain containing E3 ubiquitin protein ligase family member 1(HERC1),,,,,,,,,,,,,,,,,,,,,,,,,,,,,,,,,,,,,,,,,,,
43129,None,None,None,,,,,,8926,SNURF,Homo sapiens,SNRPN upstream open reading frame(SNURF),,,,,,,,,,,,,,,,,,,,,,,,,,,,,,,,,,,,,,,,,,,
30486,None,None,None,,,,,,5430,POLR2A,Homo sapiens,RNA polymerase II subunit A(POLR2A),,,,,,,,,,,,,,,,,,,,,,,,,,,,,,,,,,,,,,,,,,,
26929,None,None,None,,,,,,23331,TTC28,Homo sapiens,tetratricopeptide repeat domain 28(TTC28),,,,,,,,,,,,,,,,,,,,,,,,,,,,,,,,,,,,,,,,,,,
34226,None,None,None,,,,,,23332,CLASP1,Homo sapiens,cytoplasmic linker associated protein 1(CLASP1),,,,,,,,,,,,,,,,,,,,,,,,,,,,,,,,,,,,,,,,,,,
36071,None,None,None,,,,,,3492,IGH,Homo sapiens,immunoglobulin heavy locus(IGH),,,,,,,,,,,,,,,,,,,,,,,,,,,,,,,,,,,,,,,,,,,
25125,None,None,None,,,,,,3491,CCN1,Homo sapiens,cellular communication network factor 1(CCN1),,,,,,,,,,,,,,,,,,,,,,,,,,,,,,,,,,,,,,,,,,,
1691,None,None,None,,,,,,3490,IGFBP7,Homo sapiens,insulin like growth factor binding protein 7(IGFBP7),,,,,,,,,,,,,,,,,,,,,,,,,,,,,,,,,,,,,,,,,,,
12302,None,None,None,,,,,,3489,IGFBP6,Homo sapiens,insulin like growth factor binding protein 6(IGFBP6),,,,,,,,,,,,,,,,,,,,,,,,,,,,,,,,,,,,,,,,,,,
12301,None,None,None,,,,,,3488,IGFBP5,Homo sapiens,insulin like growth factor binding protein 5(IGFBP5),,,,,,,,,,,,,,,,,,,,,,,,,,,,,,,,,,,,,,,,,,,
4431,None,None,None,,,,,,25992,SNED1,Homo sapiens,"sushi, nidogen and EGF like domains 1(SNED1)",,,,,,,,,,,,,,,,,,,,,,,,,,,,,,,,,,,,,,,,,,,
27785,None,None,None,,,,,,3487,IGFBP4,Homo sapiens,insulin like growth factor binding protein 4(IGFBP4),,,,,,,,,,,,,,,,,,,,,,,,,,,,,,,,,,,,,,,,,,,
4391,None,None,None,,,,,,5425,POLD2,Homo sapiens,"DNA polymerase delta 2, accessory subunit(POLD2)",,,,,,,,,,,,,,,,,,,,,,,,,,,,,,,,,,,,,,,,,,,
16087,None,None,None,,,,,,8932,MBD2,Homo sapiens,methyl-CpG binding domain protein 2(MBD2),,,,,,,,,,,,,,,,,,,,,,,,,,,,,,,,,,,,,,,,,,,
12186,None,None,None,,,,,,5427,POLE2,Homo sapiens,"DNA polymerase epsilon 2, accessory subunit(POLE2)",,,,,,,,,,,,,,,,,,,,,,,,,,,,,,,,,,,,,,,,,,,
12488,None,None,None,,,,,,5428,POLG,Homo sapiens,"DNA polymerase gamma, catalytic subunit(POLG)",,,,,,,,,,,,,,,,,,,,,,,,,,,,,,,,,,,,,,,,,,,
26891,None,None,None,,,,,,23548,TTC33,Homo sapiens,tetratricopeptide repeat domain 33(TTC33),,,,,,,,,,,,,,,,,,,,,,,,,,,,,,,,,,,,,,,,,,,
36069,None,None,None,,,,,,5684,PSMA3,Homo sapiens,proteasome 20S subunit alpha 3(PSMA3),,,,,,,,,,,,,,,,,,,,,,,,,,,,,,,,,,,,,,,,,,,
12528,None,None,None,,,,,,23782,AP1B1P1,Homo sapiens,AP1B1 pseudogene 1(AP1B1P1),,,,,,,,,,,,,,,,,,,,,,,,,,,,,,,,,,,,,,,,,,,
12391,None,None,None,,,,,,23301,EHBP1,Homo sapiens,EH domain binding protein 1(EHBP1),,,,,,,,,,,,,,,,,,,,,,,,,,,,,,,,,,,,,,,,,,,
6186,None,None,None,,,,,,23781,AP1B1P2,Homo sapiens,AP1B1 pseudogene 2(AP1B1P2),,,,,,,,,,,,,,,,,,,,,,,,,,,,,,,,,,,,,,,,,,,
38629,None,None,None,,,,,,11320,MGAT4A,Homo sapiens,"alpha-1,3-mannosyl-glycoprotein 4-beta-N-acetylglucosaminyltransferase A(MGAT4A)",,,,,,,,,,,,,,,,,,,,,,,,,,,,,,,,,,,,,,,,,,,
22391,None,None,None,,,,,,6543,SLC8A2,Homo sapiens,solute carrier family 8 member A2(SLC8A2),,,,,,,,,,,,,,,,,,,,,,,,,,,,,,,,,,,,,,,,,,,
8130,None,None,None,,,,,,10691,GMEB1,Homo sapiens,glucocorticoid modulatory element binding protein 1(GMEB1),,,,,,,,,,,,,,,,,,,,,,,,,,,,,,,,,,,,,,,,,,,
42187,None,None,None,,,,,,7402,UTRN,Homo sapiens,utrophin(UTRN),,,,,,,,,,,,,,,,,,,,,,,,,,,,,,,,,,,,,,,,,,,
3525,None,None,None,,,,,,10690,FUT9,Homo sapiens,fucosyltransferase 9(FUT9),,,,,,,,,,,,,,,,,,,,,,,,,,,,,,,,,,,,,,,,,,,
15439,None,None,None,,,,,,10692,RRH,Homo sapiens,retinal pigment epithelium-derived rhodopsin homolog(RRH),,,,,,,,,,,,,,,,,,,,,,,,,,,,,,,,,,,,,,,,,,,
27825,None,None,None,,,,,,6548,SLC9A1,Homo sapiens,solute carrier family 9 member A1(SLC9A1),,,,,,,,,,,,,,,,,,,,,,,,,,,,,,,,,,,,,,,,,,,
32405,None,None,None,,,,,,9832,JAKMIP2,Homo sapiens,janus kinase and microtubule interacting protein 2(JAKMIP2),,,,,,,,,,,,,,,,,,,,,,,,,,,,,,,,,,,,,,,,,,,
15226,None,None,None,,,,,,9830,TRIM14,Homo sapiens,tripartite motif containing 14(TRIM14),,,,,,,,,,,,,,,,,,,,,,,,,,,,,,,,,,,,,,,,,,,
39530,None,None,None,,,,,,9831,ZNF623,Homo sapiens,zinc finger protein 623(ZNF623),,,,,,,,,,,,,,,,,,,,,,,,,,,,,,,,,,,,,,,,,,,
8258,None,None,None,,,,,,23531,MMD,Homo sapiens,monocyte to macrophage differentiation associated(MMD),,,,,,,,,,,,,,,,,,,,,,,,,,,,,,,,,,,,,,,,,,,
36433,None,None,None,,,,,,9825,SPATA2,Homo sapiens,spermatogenesis associated 2(SPATA2),,,,,,,,,,,,,,,,,,,,,,,,,,,,,,,,,,,,,,,,,,,
26925,None,None,None,,,,,,9826,ARHGEF11,Homo sapiens,Rho guanine nucleotide exchange factor 11(ARHGEF11),,,,,,,,,,,,,,,,,,,,,,,,,,,,,,,,,,,,,,,,,,,
30526,None,None,None,,,,,,9829,DNAJC6,Homo sapiens,DnaJ heat shock protein family (Hsp40) member C6(DNAJC6),,,,,,,,,,,,,,,,,,,,,,,,,,,,,,,,,,,,,,,,,,,
26885,None,None,None,,,,,,9827,RGP1,Homo sapiens,"RGP1 homolog, RAB6A GEF complex partner 1(RGP1)",,,,,,,,,,,,,,,,,,,,,,,,,,,,,,,,,,,,,,,,,,,
38591,None,None,None,,,,,,9828,ARHGEF17,Homo sapiens,Rho guanine nucleotide exchange factor 17(ARHGEF17),,,,,,,,,,,,,,,,,,,,,,,,,,,,,,,,,,,,,,,,,,,
36553,None,None,None,,,,,,7661,ZNF90P1,Homo sapiens,zinc finger protein 90 pseudogene 1(ZNF90P1),,,,,,,,,,,,,,,,,,,,,,,,,,,,,,,,,,,,,,,,,,,
15186,None,None,None,,,,,,4161,MC5R,Homo sapiens,melanocortin 5 receptor(MC5R),,,,,,,,,,,,,,,,,,,,,,,,,,,,,,,,,,,,,,,,,,,
27015,None,None,None,,,,,,23751,TOP3BP1,Homo sapiens,DNA topoisomerase III beta pseudogene 1(TOP3BP1),,,,,,,,,,,,,,,,,,,,,,,,,,,,,,,,,,,,,,,,,,,
7989,None,None,None,,,,,,10686,CLDN16,Homo sapiens,claudin 16(CLDN16),,,,,,,,,,,,,,,,,,,,,,,,,,,,,,,,,,,,,,,,,,,
15192,None,None,None,,,,,,10688,CRSP5,Homo sapiens,cofactor required for Sp1 transcriptional activation subunit 5(CRSP5),,,,,,,,,,,,,,,,,,,,,,,,,,,,,,,,,,,,,,,,,,,
15232,None,None,None,,,,,,10687,PNMA2,Homo sapiens,PNMA family member 2(PNMA2),,,,,,,,,,,,,,,,,,,,,,,,,,,,,,,,,,,,,,,,,,,
25143,None,None,None,,,,,,23287,AGTPBP1,Homo sapiens,ATP/GTP binding carboxypeptidase 1(AGTPBP1),,,,,,,,,,,,,,,,,,,,,,,,,,,,,,,,,,,,,,,,,,,
22425,None,None,None,,,,,,23288,IQCE,Homo sapiens,IQ motif containing E(IQCE),,,,,,,,,,,,,,,,,,,,,,,,,,,,,,,,,,,,,,,,,,,
6225,None,None,None,,,,,,28732,TRAJ23,Homo sapiens,T cell receptor alpha joining 23(TRAJ23),,,,,,,,,,,,,,,,,,,,,,,,,,,,,,,,,,,,,,,,,,,
36555,None,None,None,,,,,,28730,TRAJ25,Homo sapiens,T cell receptor alpha joining 25 (non-functional)(TRAJ25),,,,,,,,,,,,,,,,,,,,,,,,,,,,,,,,,,,,,,,,,,,
34130,None,None,None,,,,,,28731,TRAJ24,Homo sapiens,T cell receptor alpha joining 24(TRAJ24),,,,,,,,,,,,,,,,,,,,,,,,,,,,,,,,,,,,,,,,,,,
9072,None,None,None,,,,,,23286,WWC1,Homo sapiens,WW and C2 domain containing 1(WWC1),,,,,,,,,,,,,,,,,,,,,,,,,,,,,,,,,,,,,,,,,,,
36254,None,None,None,,,,,,5016,OVGP1,Homo sapiens,oviductal glycoprotein 1(OVGP1),,,,,,,,,,,,,,,,,,,,,,,,,,,,,,,,,,,,,,,,,,,
12529,None,None,None,,,,,,7453,WARS1,Homo sapiens,tryptophanyl-tRNA synthetase 1(WARS1),,,,,,,,,,,,,,,,,,,,,,,,,,,,,,,,,,,,,,,,,,,
36403,None,None,None,,,,,,7454,WAS,Homo sapiens,WASP actin nucleation promoting factor(WAS),,,,,,,,,,,,,,,,,,,,,,,,,,,,,,,,,,,,,,,,,,,
35930,None,None,None,,,,,,24146,CLDN15,Homo sapiens,claudin 15(CLDN15),,,,,,,,,,,,,,,,,,,,,,,,,,,,,,,,,,,,,,,,,,,
32330,None,None,None,,,,,,24147,FJX1,Homo sapiens,four-jointed box kinase 1(FJX1),,,,,,,,,,,,,,,,,,,,,,,,,,,,,,,,,,,,,,,,,,,
35890,None,None,None,,,,,,23291,FBXW11,Homo sapiens,F-box and WD repeat domain containing 11(FBXW11),,,,,,,,,,,,,,,,,,,,,,,,,,,,,,,,,,,,,,,,,,,
16453,None,None,None,,,,,,28981,IFT81,Homo sapiens,intraflagellar transport 81(IFT81),,,,,,,,,,,,,,,,,,,,,,,,,,,,,,,,,,,,,,,,,,,
34090,None,None,None,,,,,,7208,TRL-TAG1-1,Homo sapiens,tRNA-Leu (anticodon TAG) 1-1(TRL-TAG1-1),,,,,,,,,,,,,,,,,,,,,,,,,,,,,,,,,,,,,,,,,,,
12489,None,None,None,,,,,,5286,PIK3C2A,Homo sapiens,phosphatidylinositol-4-phosphate 3-kinase catalytic subunit type 2 alpha(PIK3C2A),,,,,,,,,,,,,,,,,,,,,,,,,,,,,,,,,,,,,,,,,,,
39490,None,None,None,,,,,,11280,SCN11A,Homo sapiens,sodium voltage-gated channel alpha subunit 11(SCN11A),,,,,,,,,,,,,,,,,,,,,,,,,,,,,,,,,,,,,,,,,,,
22385,None,None,None,,,,,,5287,PIK3C2B,Homo sapiens,phosphatidylinositol-4-phosphate 3-kinase catalytic subunit type 2 beta(PIK3C2B),,,,,,,,,,,,,,,,,,,,,,,,,,,,,,,,,,,,,,,,,,,
19143,None,None,None,,,,,,5288,PIK3C2G,Homo sapiens,phosphatidylinositol-4-phosphate 3-kinase catalytic subunit type 2 gamma(PIK3C2G),,,,,,,,,,,,,,,,,,,,,,,,,,,,,,,,,,,,,,,,,,,
33226,None,None,None,,,,,,5289,PIK3C3,Homo sapiens,phosphatidylinositol 3-kinase catalytic subunit type 3(PIK3C3),,,,,,,,,,,,,,,,,,,,,,,,,,,,,,,,,,,,,,,,,,,
32290,None,None,None,,,,,,28729,TRAJ26,Homo sapiens,T cell receptor alpha joining 26(TRAJ26),,,,,,,,,,,,,,,,,,,,,,,,,,,,,,,,,,,,,,,,,,,
21491,None,None,None,,,,,,11054,OGFR,Homo sapiens,opioid growth factor receptor(OGFR),,,,,,,,,,,,,,,,,,,,,,,,,,,,,,,,,,,,,,,,,,,
19692,None,None,None,,,,,,5290,PIK3CA,Homo sapiens,"phosphatidylinositol-4,5-bisphosphate 3-kinase catalytic subunit alpha(PIK3CA)",,,,,,,,,,,,,,,,,,,,,,,,,,,,,,,,,,,,,,,,,,,
38631,None,None,None,,,,,,28727,TRAJ28,Homo sapiens,T cell receptor alpha joining 28(TRAJ28),,,,,,,,,,,,,,,,,,,,,,,,,,,,,,,,,,,,,,,,,,,
29630,None,None,None,,,,,,5291,PIK3CB,Homo sapiens,"phosphatidylinositol-4,5-bisphosphate 3-kinase catalytic subunit beta(PIK3CB)",,,,,,,,,,,,,,,,,,,,,,,,,,,,,,,,,,,,,,,,,,,
22431,None,None,None,,,,,,5292,PIM1,Homo sapiens,"Pim-1 proto-oncogene, serine/threonine kinase(PIM1)",,,,,,,,,,,,,,,,,,,,,,,,,,,,,,,,,,,,,,,,,,,
3526,None,None,None,,,,,,28725,TRAJ30,Homo sapiens,T cell receptor alpha joining 30(TRAJ30),,,,,,,,,,,,,,,,,,,,,,,,,,,,,,,,,,,,,,,,,,,
35030,None,None,None,,,,,,28726,TRAJ29,Homo sapiens,T cell receptor alpha joining 29(TRAJ29),,,,,,,,,,,,,,,,,,,,,,,,,,,,,,,,,,,,,,,,,,,
6226,None,None,None,,,,,,11260,XPOT,Homo sapiens,exportin for tRNA(XPOT),,,,,,,,,,,,,,,,,,,,,,,,,,,,,,,,,,,,,,,,,,,
34990,None,None,None,,,,,,5078,PAX4,Homo sapiens,paired box 4(PAX4),,,,,,,,,,,,,,,,,,,,,,,,,,,,,,,,,,,,,,,,,,,
43131,None,None,None,,,,,,9435,CHST2,Homo sapiens,carbohydrate sulfotransferase 2(CHST2),,,,,,,,,,,,,,,,,,,,,,,,,,,,,,,,,,,,,,,,,,,
8561,None,None,None,,,,,,7266,DNAJC7,Homo sapiens,DnaJ heat shock protein family (Hsp40) member C7(DNAJC7),,,,,,,,,,,,,,,,,,,,,,,,,,,,,,,,,,,,,,,,,,,
21668,None,None,None,,,,,,8110,DPF3,Homo sapiens,double PHD fingers 3(DPF3),,,,,,,,,,,,,,,,,,,,,,,,,,,,,,,,,,,,,,,,,,,
19726,None,None,None,,,,,,7265,TTC1,Homo sapiens,tetratricopeptide repeat domain 1(TTC1),,,,,,,,,,,,,,,,,,,,,,,,,,,,,,,,,,,,,,,,,,,
27011,None,None,None,,,,,,7268,TTC4,Homo sapiens,tetratricopeptide repeat domain 4(TTC4),,,,,,,,,,,,,,,,,,,,,,,,,,,,,,,,,,,,,,,,,,,
26931,None,None,None,,,,,,7267,TTC3,Homo sapiens,tetratricopeptide repeat domain 3(TTC3),,,,,,,,,,,,,,,,,,,,,,,,,,,,,,,,,,,,,,,,,,,
17478,None,None,None,,,,,,23464,GCAT,Homo sapiens,glycine C-acetyltransferase(GCAT),,,,,,,,,,,,,,,,,,,,,,,,,,,,,,,,,,,,,,,,,,,
37725,None,None,None,,,,,,23466,CBX6,Homo sapiens,chromobox 6(CBX6),,,,,,,,,,,,,,,,,,,,,,,,,,,,,,,,,,,,,,,,,,,
31390,None,None,None,,,,,,23467,NPTXR,Homo sapiens,neuronal pentraxin receptor(NPTXR),,,,,,,,,,,,,,,,,,,,,,,,,,,,,,,,,,,,,,,,,,,
29590,None,None,None,,,,,,23468,CBX5,Homo sapiens,chromobox 5(CBX5),,,,,,,,,,,,,,,,,,,,,,,,,,,,,,,,,,,,,,,,,,,
24454,None,None,None,,,,,,23469,PHF3,Homo sapiens,PHD finger protein 3(PHF3),,,,,,,,,,,,,,,,,,,,,,,,,,,,,,,,,,,,,,,,,,,
10828,None,None,None,,,,,,11247,NXPH4,Homo sapiens,neurexophilin 4(NXPH4),,,,,,,,,,,,,,,,,,,,,,,,,,,,,,,,,,,,,,,,,,,
40391,None,None,None,,,,,,6185,RPN2,Homo sapiens,ribophorin II(RPN2),,,,,,,,,,,,,,,,,,,,,,,,,,,,,,,,,,,,,,,,,,,
38589,None,None,None,,,,,,6188,RPS3,Homo sapiens,ribosomal protein S3(RPS3),,,,,,,,,,,,,,,,,,,,,,,,,,,,,,,,,,,,,,,,,,,
21779,None,None,None,,,,,,6187,RPS2,Homo sapiens,ribosomal protein S2(RPS2),,,,,,,,,,,,,,,,,,,,,,,,,,,,,,,,,,,,,,,,,,,
22432,None,None,None,,,,,,6189,RPS3A,Homo sapiens,ribosomal protein S3A(RPS3A),,,,,,,,,,,,,,,,,,,,,,,,,,,,,,,,,,,,,,,,,,,
25131,None,None,None,,,,,,8126,MRST,Homo sapiens,"Mental retardation, severe, with spasticity and tapetoretinal(MRST)",,,,,,,,,,,,,,,,,,,,,,,,,,,,,,,,,,,,,,,,,,,
26041,None,None,None,,,,,,9457,FHL5,Homo sapiens,four and a half LIM domains 5(FHL5),,,,,,,,,,,,,,,,,,,,,,,,,,,,,,,,,,,,,,,,,,,
36066,None,None,None,,,,,,7270,TTF1,Homo sapiens,transcription termination factor 1(TTF1),,,,,,,,,,,,,,,,,,,,,,,,,,,,,,,,,,,,,,,,,,,
26932,None,None,None,,,,,,5094,PCBP2,Homo sapiens,poly(rC) binding protein 2(PCBP2),,,,,,,,,,,,,,,,,,,,,,,,,,,,,,,,,,,,,,,,,,,
16127,None,None,None,,,,,,7272,TTK,Homo sapiens,TTK protein kinase(TTK),,,,,,,,,,,,,,,,,,,,,,,,,,,,,,,,,,,,,,,,,,,
36006,None,None,None,,,,,,23471,TRAM1,Homo sapiens,translocation associated membrane protein 1(TRAM1),,,,,,,,,,,,,,,,,,,,,,,,,,,,,,,,,,,,,,,,,,,
4426,None,None,None,,,,,,1729,DIAPH1,Homo sapiens,diaphanous related formin 1(DIAPH1),,,,,,,,,,,,,,,,,,,,,,,,,,,,,,,,,,,,,,,,,,,
21531,None,None,None,,,,,,1728,NQO1,Homo sapiens,NAD(P)H quinone dehydrogenase 1(NQO1),,,,,,,,,,,,,,,,,,,,,,,,,,,,,,,,,,,,,,,,,,,
36027,None,None,None,,,,,,11258,DCTN3,Homo sapiens,dynactin subunit 3(DCTN3),,,,,,,,,,,,,,,,,,,,,,,,,,,,,,,,,,,,,,,,,,,
34225,None,None,None,,,,,,1727,CYB5R3,Homo sapiens,cytochrome b5 reductase 3(CYB5R3),,,,,,,,,,,,,,,,,,,,,,,,,,,,,,,,,,,,,,,,,,,
8885,None,None,None,,,,,,1725,DHPS,Homo sapiens,deoxyhypusine synthase(DHPS),,,,,,,,,,,,,,,,,,,,,,,,,,,,,,,,,,,,,,,,,,,
36249,None,None,None,,,,,,11259,FILIP1L,Homo sapiens,filamin A interacting protein 1 like(FILIP1L),,,,,,,,,,,,,,,,,,,,,,,,,,,,,,,,,,,,,,,,,,,
26892,None,None,None,,,,,,10807,ENTR1,Homo sapiens,endosome associated trafficking regulator 1(ENTR1),,,,,,,,,,,,,,,,,,,,,,,,,,,,,,,,,,,,,,,,,,,
19686,None,None,None,,,,,,6191,RPS4X,Homo sapiens,ribosomal protein S4 X-linked(RPS4X),,,,,,,,,,,,,,,,,,,,,,,,,,,,,,,,,,,,,,,,,,,
27791,None,None,None,,,,,,27005,USP21,Homo sapiens,ubiquitin specific peptidase 21(USP21),,,,,,,,,,,,,,,,,,,,,,,,,,,,,,,,,,,,,,,,,,,
12654,None,None,None,,,,,,8130,MCOPCT1,Homo sapiens,"cataract, congenital, with microphthalmia(MCOPCT1)",,,,,,,,,,,,,,,,,,,,,,,,,,,,,,,,,,,,,,,,,,,
36236,None,None,None,,,,,,6192,RPS4Y1,Homo sapiens,ribosomal protein S4 Y-linked 1(RPS4Y1),,,,,,,,,,,,,,,,,,,,,,,,,,,,,,,,,,,,,,,,,,,
16478,None,None,None,,,,,,1730,DIAPH2,Homo sapiens,diaphanous related formin 2(DIAPH2),,,,,,,,,,,,,,,,,,,,,,,,,,,,,,,,,,,,,,,,,,,
36221,None,None,None,,,,,,3912,LAMB1,Homo sapiens,laminin subunit beta 1(LAMB1),,,,,,,,,,,,,,,,,,,,,,,,,,,,,,,,,,,,,,,,,,,
23653,None,None,None,,,,,,9478,CABP1,Homo sapiens,calcium binding protein 1(CABP1),,,,,,,,,,,,,,,,,,,,,,,,,,,,,,,,,,,,,,,,,,,
29592,None,None,None,,,,,,10828,NPM1P19,Homo sapiens,nucleophosmin 1 pseudogene 19(NPM1P19),,,,,,,,,,,,,,,,,,,,,,,,,,,,,,,,,,,,,,,,,,,
12277,None,None,None,,,,,,10827,FAM114A2,Homo sapiens,family with sequence similarity 114 member A2(FAM114A2),,,,,,,,,,,,,,,,,,,,,,,,,,,,,,,,,,,,,,,,,,,
19689,None,None,None,,,,,,9002,F2RL3,Homo sapiens,F2R like thrombin or trypsin receptor 3(F2RL3),,,,,,,,,,,,,,,,,,,,,,,,,,,,,,,,,,,,,,,,,,,
15229,None,None,None,,,,,,9497,SLC4A7,Homo sapiens,solute carrier family 4 member 7(SLC4A7),,,,,,,,,,,,,,,,,,,,,,,,,,,,,,,,,,,,,,,,,,,
17031,None,None,None,,,,,,7088,TLE1,Homo sapiens,"TLE family member 1, transcriptional corepressor(TLE1)",,,,,,,,,,,,,,,,,,,,,,,,,,,,,,,,,,,,,,,,,,,
28691,None,None,None,,,,,,8178,ELL,Homo sapiens,elongation factor for RNA polymerase II(ELL),,,,,,,,,,,,,,,,,,,,,,,,,,,,,,,,,,,,,,,,,,,
15189,None,None,None,,,,,,7087,ICAM5,Homo sapiens,intercellular adhesion molecule 5(ICAM5),,,,,,,,,,,,,,,,,,,,,,,,,,,,,,,,,,,,,,,,,,,
31430,None,None,None,,,,,,7089,TLE2,Homo sapiens,"TLE family member 2, transcriptional corepressor(TLE2)",,,,,,,,,,,,,,,,,,,,,,,,,,,,,,,,,,,,,,,,,,,
36067,None,None,None,,,,,,7086,TKT,Homo sapiens,transketolase(TKT),,,,,,,,,,,,,,,,,,,,,,,,,,,,,,,,,,,,,,,,,,,
36093,None,None,None,,,,,,7085,TKCR,Homo sapiens,"torticollis, keloids, cryptorchidism and renal dysplasia(TKCR)",,,,,,,,,,,,,,,,,,,,,,,,,,,,,,,,,,,,,,,,,,,
27845,None,None,None,,,,,,2625,GATA3,Homo sapiens,GATA binding protein 3(GATA3),,,,,,,,,,,,,,,,,,,,,,,,,,,,,,,,,,,,,,,,,,,
11945,None,None,None,,,,,,27443,CECR2,Homo sapiens,CECR2 histone acetyl-lysine reader(CECR2),,,,,,,,,,,,,,,,,,,,,,,,,,,,,,,,,,,,,,,,,,,
38054,None,None,None,,,,,,2629,GBA1,Homo sapiens,glucosylceramidase beta 1(GBA1),,,,,,,,,,,,,,,,,,,,,,,,,,,,,,,,,,,,,,,,,,,
21529,None,None,None,,,,,,2628,GATM,Homo sapiens,glycine amidinotransferase(GATM),,,,,,,,,,,,,,,,,,,,,,,,,,,,,,,,,,,,,,,,,,,
30628,None,None,None,,,,,,2627,GATA6,Homo sapiens,GATA binding protein 6(GATA6),,,,,,,,,,,,,,,,,,,,,,,,,,,,,,,,,,,,,,,,,,,
4427,None,None,None,,,,,,2626,GATA4,Homo sapiens,GATA binding protein 4(GATA4),,,,,,,,,,,,,,,,,,,,,,,,,,,,,,,,,,,,,,,,,,,
26886,None,None,None,,,,,,7091,TLE4,Homo sapiens,"TLE family member 4, transcriptional corepressor(TLE4)",,,,,,,,,,,,,,,,,,,,,,,,,,,,,,,,,,,,,,,,,,,
21489,None,None,None,,,,,,7090,TLE3,Homo sapiens,"TLE family member 3, transcriptional corepressor(TLE3)",,,,,,,,,,,,,,,,,,,,,,,,,,,,,,,,,,,,,,,,,,,
34092,None,None,None,,,,,,26127,FGFR1OP2,Homo sapiens,FGFR1 oncogene partner 2(FGFR1OP2),,,,,,,,,,,,,,,,,,,,,,,,,,,,,,,,,,,,,,,,,,,
11585,None,None,None,,,,,,7092,TLL1,Homo sapiens,tolloid like 1(TLL1),,,,,,,,,,,,,,,,,,,,,,,,,,,,,,,,,,,,,,,,,,,
33186,None,None,None,,,,,,2632,GBE1,Homo sapiens,"1,4-alpha-glucan branching enzyme 1(GBE1)",,,,,,,,,,,,,,,,,,,,,,,,,,,,,,,,,,,,,,,,,,,
23656,None,None,None,,,,,,2631,NIPSNAP2,Homo sapiens,nipsnap homolog 2(NIPSNAP2),,,,,,,,,,,,,,,,,,,,,,,,,,,,,,,,,,,,,,,,,,,
19729,None,None,None,,,,,,2630,GBA1LP,Homo sapiens,"glucosylceramidase beta 1 like, pseudogene(GBA1LP)",,,,,,,,,,,,,,,,,,,,,,,,,,,,,,,,,,,,,,,,,,,
27831,None,None,None,,,,,,5917,RARS1,Homo sapiens,arginyl-tRNA synthetase 1(RARS1),,,,,,,,,,,,,,,,,,,,,,,,,,,,,,,,,,,,,,,,,,,
25145,None,None,None,,,,,,3750,KCND1,Homo sapiens,potassium voltage-gated channel subfamily D member 1(KCND1),,,,,,,,,,,,,,,,,,,,,,,,,,,,,,,,,,,,,,,,,,,
13748,None,None,None,,,,,,3749,KCNC4,Homo sapiens,potassium voltage-gated channel subfamily C member 4(KCNC4),,,,,,,,,,,,,,,,,,,,,,,,,,,,,,,,,,,,,,,,,,,
11625,None,None,None,,,,,,26341,OR5H1,Homo sapiens,olfactory receptor family 5 subfamily H member 1(OR5H1),,,,,,,,,,,,,,,,,,,,,,,,,,,,,,,,,,,,,,,,,,,
13743,None,None,None,,,,,,3982,LIM2,Homo sapiens,lens intrinsic membrane protein 2(LIM2),,,,,,,,,,,,,,,,,,,,,,,,,,,,,,,,,,,,,,,,,,,
18827,None,None,None,,,,,,5920,PLAAT4,Homo sapiens,phospholipase A and acyltransferase 4(PLAAT4),,,,,,,,,,,,,,,,,,,,,,,,,,,,,,,,,,,,,,,,,,,
29632,None,None,None,,,,,,9069,CLDN12,Homo sapiens,claudin 12(CLDN12),,,,,,,,,,,,,,,,,,,,,,,,,,,,,,,,,,,,,,,,,,,
39532,None,None,None,,,,,,9068,ANGPTL1,Homo sapiens,angiopoietin like 1(ANGPTL1),,,,,,,,,,,,,,,,,,,,,,,,,,,,,,,,,,,,,,,,,,,
15458,None,None,None,,,,,,4850,CNOT4,Homo sapiens,CCR4-NOT transcription complex subunit 4(CNOT4),,,,,,,,,,,,,,,,,,,,,,,,,,,,,,,,,,,,,,,,,,,
25091,None,None,None,,,,,,10539,GLRX3,Homo sapiens,glutaredoxin 3(GLRX3),,,,,,,,,,,,,,,,,,,,,,,,,,,,,,,,,,,,,,,,,,,
17029,None,None,None,,,,,,10533,ATG7,Homo sapiens,autophagy related 7(ATG7),,,,,,,,,,,,,,,,,,,,,,,,,,,,,,,,,,,,,,,,,,,
16272,None,None,None,,,,,,3530,IGKV1OR22-1,Homo sapiens,immunoglobulin kappa variable 1/OR22-1 (pseudogene)(IGKV1OR22-1),,,,,,,,,,,,,,,,,,,,,,,,,,,,,,,,,,,,,,,,,,,
11588,None,None,None,,,,,,9070,ASH2L,Homo sapiens,"ASH2 like, histone lysine methyltransferase complex subunit(ASH2L)",,,,,,,,,,,,,,,,,,,,,,,,,,,,,,,,,,,,,,,,,,,
40431,None,None,None,,,,,,9071,CLDN10,Homo sapiens,claudin 10(CLDN10),,,,,,,,,,,,,,,,,,,,,,,,,,,,,,,,,,,,,,,,,,,
18825,None,None,None,,,,,,9076,CLDN1,Homo sapiens,claudin 1(CLDN1),,,,,,,,,,,,,,,,,,,,,,,,,,,,,,,,,,,,,,,,,,,
19732,None,None,None,,,,,,9075,CLDN2,Homo sapiens,claudin 2(CLDN2),,,,,,,,,,,,,,,,,,,,,,,,,,,,,,,,,,,,,,,,,,,
11807,None,None,None,,,,,,3527,IGKV3OR22-2,Homo sapiens,immunoglobulin kappa variable 3/OR22-2 (pseudogene)(IGKV3OR22-2),,,,,,,,,,,,,,,,,,,,,,,,,,,,,,,,,,,,,,,,,,,
1688,None,None,None,,,,,,3525,IGKV1OR1-1,Homo sapiens,immunoglobulin kappa variable 1/OR1-1 (pseudogene)(IGKV1OR1-1),,,,,,,,,,,,,,,,,,,,,,,,,,,,,,,,,,,,,,,,,,,
41331,None,None,None,,,,,,4852,NPY,Homo sapiens,neuropeptide Y(NPY),,,,,,,,,,,,,,,,,,,,,,,,,,,,,,,,,,,,,,,,,,,
16635,None,None,None,,,,,,3529,IGKV2OR22-3,Homo sapiens,immunoglobulin kappa variable 2/OR22-3 (pseudogene)(IGKV2OR22-3),,,,,,,,,,,,,,,,,,,,,,,,,,,,,,,,,,,,,,,,,,,
14470,None,None,None,,,,,,4870,NPM1P1,Homo sapiens,nucleophosmin 1 pseudogene 1(NPM1P1),,,,,,,,,,,,,,,,,,,,,,,,,,,,,,,,,,,,,,,,,,,
19142,None,None,None,,,,,,3531,IGKV1OR2-1,Homo sapiens,immunoglobulin kappa variable 1/OR2-1 (pseudogene)(IGKV1OR2-1),,,,,,,,,,,,,,,,,,,,,,,,,,,,,,,,,,,,,,,,,,,
15358,None,None,None,,,,,,5726,TAS2R38,Homo sapiens,taste 2 receptor member 38(TAS2R38),,,,,,,,,,,,,,,,,,,,,,,,,,,,,,,,,,,,,,,,,,,
42190,None,None,None,,,,,,10730,YME1L1,Homo sapiens,YME1 like 1 ATPase(YME1L1),,,,,,,,,,,,,,,,,,,,,,,,,,,,,,,,,,,,,,,,,,,
16989,None,None,None,,,,,,10732,TCFL5,Homo sapiens,transcription factor like 5(TCFL5),,,,,,,,,,,,,,,,,,,,,,,,,,,,,,,,,,,,,,,,,,,
34132,None,None,None,,,,,,4430,MYO1B,Homo sapiens,myosin IB(MYO1B),,,,,,,,,,,,,,,,,,,,,,,,,,,,,,,,,,,,,,,,,,,
42226,None,None,None,,,,,,4431,MSBP1,Homo sapiens,minisatellite binding protein 1(MSBP1),,,,,,,,,,,,,,,,,,,,,,,,,,,,,,,,,,,,,,,,,,,
11628,None,None,None,,,,,,4432,MSBP2,Homo sapiens,minisatellite binding protein 2(MSBP2),,,,,,,,,,,,,,,,,,,,,,,,,,,,,,,,,,,,,,,,,,,
36002,None,None,None,,,,,,4429,MRXS7,Homo sapiens,"mental retardation, X-linked, syndromic 7(MRXS7)",,,,,,,,,,,,,,,,,,,,,,,,,,,,,,,,,,,,,,,,,,,
36557,None,None,None,,,,,,10725,NFAT5,Homo sapiens,nuclear factor of activated T cells 5(NFAT5),,,,,,,,,,,,,,,,,,,,,,,,,,,,,,,,,,,,,,,,,,,
37305,None,None,None,,,,,,10726,NUDC,Homo sapiens,"nuclear distribution C, dynein complex regulator(NUDC)",,,,,,,,,,,,,,,,,,,,,,,,,,,,,,,,,,,,,,,,,,,
28731,None,None,None,,,,,,10728,PTGES3,Homo sapiens,prostaglandin E synthase 3(PTGES3),,,,,,,,,,,,,,,,,,,,,,,,,,,,,,,,,,,,,,,,,,,
31511,None,None,None,,,,,,23207,PLEKHM2,Homo sapiens,pleckstrin homology and RUN domain containing M2(PLEKHM2),,,,,,,,,,,,,,,,,,,,,,,,,,,,,,,,,,,,,,,,,,,
28867,None,None,None,,,,,,10379,IRF9,Homo sapiens,interferon regulatory factor 9(IRF9),,,,,,,,,,,,,,,,,,,,,,,,,,,,,,,,,,,,,,,,,,,
18927,None,None,None,,,,,,23452,ANGPTL2,Homo sapiens,angiopoietin like 2(ANGPTL2),,,,,,,,,,,,,,,,,,,,,,,,,,,,,,,,,,,,,,,,,,,
30602,None,None,None,,,,,,5549,PRELP,Homo sapiens,proline and arginine rich end leucine rich repeat protein(PRELP),,,,,,,,,,,,,,,,,,,,,,,,,,,,,,,,,,,,,,,,,,,
12454,None,None,None,,,,,,2053,EPHX2,Homo sapiens,epoxide hydrolase 2(EPHX2),,,,,,,,,,,,,,,,,,,,,,,,,,,,,,,,,,,,,,,,,,,
33989,None,None,None,,,,,,10357,HMGB1P1,Homo sapiens,high mobility group box 1 pseudogene 1(HMGB1P1),,,,,,,,,,,,,,,,,,,,,,,,,,,,,,,,,,,,,,,,,,,
18785,None,None,None,,,,,,7991,TUSC3,Homo sapiens,tumor suppressor candidate 3(TUSC3),,,,,,,,,,,,,,,,,,,,,,,,,,,,,,,,,,,,,,,,,,,
34215,None,None,None,,,,,,5330,PLCB2,Homo sapiens,phospholipase C beta 2(PLCB2),,,,,,,,,,,,,,,,,,,,,,,,,,,,,,,,,,,,,,,,,,,
39492,None,None,None,,,,,,5331,PLCB3,Homo sapiens,phospholipase C beta 3(PLCB3),,,,,,,,,,,,,,,,,,,,,,,,,,,,,,,,,,,,,,,,,,,
4428,None,None,None,,,,,,5332,PLCB4,Homo sapiens,phospholipase C beta 4(PLCB4),,,,,,,,,,,,,,,,,,,,,,,,,,,,,,,,,,,,,,,,,,,
40905,None,None,None,,,,,,10360,NPM3,Homo sapiens,nucleophosmin/nucleoplasmin 3(NPM3),,,,,,,,,,,,,,,,,,,,,,,,,,,,,,,,,,,,,,,,,,,
41415,None,None,None,,,,,,785,CACNB4,Homo sapiens,calcium voltage-gated channel auxiliary subunit beta 4(CACNB4),,,,,,,,,,,,,,,,,,,,,,,,,,,,,,,,,,,,,,,,,,,
4432,None,None,None,,,,,,786,CACNG1,Homo sapiens,calcium voltage-gated channel auxiliary subunit gamma 1(CACNG1),,,,,,,,,,,,,,,,,,,,,,,,,,,,,,,,,,,,,,,,,,,
40387,None,None,None,,,,,,788,SLC25A20,Homo sapiens,solute carrier family 25 member 20(SLC25A20),,,,,,,,,,,,,,,,,,,,,,,,,,,,,,,,,,,,,,,,,,,
27142,None,None,None,,,,,,789,SLC25A20P1,Homo sapiens,solute carrier family 25 member 20 pseudogene 1(SLC25A20P1),,,,,,,,,,,,,,,,,,,,,,,,,,,,,,,,,,,,,,,,,,,
40427,None,None,None,,,,,,7986,GPDS1,Homo sapiens,glaucoma-related pigment dispersion syndrome 1(GPDS1),,,,,,,,,,,,,,,,,,,,,,,,,,,,,,,,,,,,,,,,,,,
12050,None,None,None,,,,,,5325,PLAGL1,Homo sapiens,PLAG1 like zinc finger 1(PLAGL1),,,,,,,,,,,,,,,,,,,,,,,,,,,,,,,,,,,,,,,,,,,
7085,None,None,None,,,,,,5326,PLAGL2,Homo sapiens,PLAG1 like zinc finger 2(PLAGL2),,,,,,,,,,,,,,,,,,,,,,,,,,,,,,,,,,,,,,,,,,,
36678,None,None,None,,,,,,5327,PLAT,Homo sapiens,"plasminogen activator, tissue type(PLAT)",,,,,,,,,,,,,,,,,,,,,,,,,,,,,,,,,,,,,,,,,,,
27805,None,None,None,,,,,,7988,ZNF212,Homo sapiens,zinc finger protein 212(ZNF212),,,,,,,,,,,,,,,,,,,,,,,,,,,,,,,,,,,,,,,,,,,
24231,None,None,None,,,,,,5328,PLAU,Homo sapiens,"plasminogen activator, urokinase(PLAU)",,,,,,,,,,,,,,,,,,,,,,,,,,,,,,,,,,,,,,,,,,,
19688,None,None,None,,,,,,5329,PLAUR,Homo sapiens,"plasminogen activator, urokinase receptor(PLAUR)",,,,,,,,,,,,,,,,,,,,,,,,,,,,,,,,,,,,,,,,,,,
23472,None,None,None,,,,,,790,CAD,Homo sapiens,"carbamoyl-phosphate synthetase 2, aspartate transcarbamylase, and dihydroorotase(CAD)",,,,,,,,,,,,,,,,,,,,,,,,,,,,,,,,,,,,,,,,,,,
26890,None,None,None,,,,,,550,AUP1,Homo sapiens,AUP1 lipid droplet regulating VLDL assembly factor(AUP1),,,,,,,,,,,,,,,,,,,,,,,,,,,,,,,,,,,,,,,,,,,
42230,None,None,None,,,,,,7518,XRCC4,Homo sapiens,X-ray repair cross complementing 4(XRCC4),,,,,,,,,,,,,,,,,,,,,,,,,,,,,,,,,,,,,,,,,,,
12749,None,None,None,,,,,,8862,APLN,Homo sapiens,apelin(APLN),,,,,,,,,,,,,,,,,,,,,,,,,,,,,,,,,,,,,,,,,,,
14329,None,None,None,,,,,,23650,TRIM29,Homo sapiens,tripartite motif containing 29(TRIM29),,,,,,,,,,,,,,,,,,,,,,,,,,,,,,,,,,,,,,,,,,,
37871,None,None,None,,,,,,8886,DDX18,Homo sapiens,DEAD-box helicase 18(DDX18),,,,,,,,,,,,,,,,,,,,,,,,,,,,,,,,,,,,,,,,,,,
14656,None,None,None,,,,,,8887,TAX1BP1,Homo sapiens,Tax1 binding protein 1(TAX1BP1),,,,,,,,,,,,,,,,,,,,,,,,,,,,,,,,,,,,,,,,,,,
14466,None,None,None,,,,,,6225,RPS20P3,Homo sapiens,ribosomal protein S20 pseudogene 3(RPS20P3),,,,,,,,,,,,,,,,,,,,,,,,,,,,,,,,,,,,,,,,,,,
36065,None,None,None,,,,,,6230,RPS25,Homo sapiens,ribosomal protein S25(RPS25),,,,,,,,,,,,,,,,,,,,,,,,,,,,,,,,,,,,,,,,,,,
16125,None,None,None,,,,,,6232,RPS27,Homo sapiens,ribosomal protein S27(RPS27),,,,,,,,,,,,,,,,,,,,,,,,,,,,,,,,,,,,,,,,,,,
10727,None,None,None,,,,,,8891,EIF2B3,Homo sapiens,eukaryotic translation initiation factor 2B subunit gamma(EIF2B3),,,,,,,,,,,,,,,,,,,,,,,,,,,,,,,,,,,,,,,,,,,
18008,None,None,None,,,,,,8892,EIF2B2,Homo sapiens,eukaryotic translation initiation factor 2B subunit beta(EIF2B2),,,,,,,,,,,,,,,,,,,,,,,,,,,,,,,,,,,,,,,,,,,
36405,None,None,None,,,,,,6231,RPS26,Homo sapiens,ribosomal protein S26(RPS26),,,,,,,,,,,,,,,,,,,,,,,,,,,,,,,,,,,,,,,,,,,
42229,None,None,None,,,,,,9745,ZNF536,Homo sapiens,zinc finger protein 536(ZNF536),,,,,,,,,,,,,,,,,,,,,,,,,,,,,,,,,,,,,,,,,,,
13847,None,None,None,,,,,,6227,RPS21,Homo sapiens,ribosomal protein S21(RPS21),,,,,,,,,,,,,,,,,,,,,,,,,,,,,,,,,,,,,,,,,,,
10729,None,None,None,,,,,,6226,RPS20P4,Homo sapiens,ribosomal protein S20 pseudogene 4(RPS20P4),,,,,,,,,,,,,,,,,,,,,,,,,,,,,,,,,,,,,,,,,,,
24191,None,None,None,,,,,,8888,MCM3AP,Homo sapiens,minichromosome maintenance complex component 3 associated protein(MCM3AP),,,,,,,,,,,,,,,,,,,,,,,,,,,,,,,,,,,,,,,,,,,
4392,None,None,None,,,,,,6229,RPS24,Homo sapiens,ribosomal protein S24(RPS24),,,,,,,,,,,,,,,,,,,,,,,,,,,,,,,,,,,,,,,,,,,
4746,None,None,None,,,,,,6228,RPS23,Homo sapiens,ribosomal protein S23(RPS23),,,,,,,,,,,,,,,,,,,,,,,,,,,,,,,,,,,,,,,,,,,
23453,None,None,None,,,,,,9993,DGCR2,Homo sapiens,DiGeorge syndrome critical region gene 2(DGCR2),,,,,,,,,,,,,,,,,,,,,,,,,,,,,,,,,,,,,,,,,,,
16380,None,None,None,,,,,,28867,IGKV1OR2-0,Homo sapiens,immunoglobulin kappa variable 1/OR2-0 (non-functional)(IGKV1OR2-0),,,,,,,,,,,,,,,,,,,,,,,,,,,,,,,,,,,,,,,,,,,
31660,None,None,None,,,,,,28869,IGKV6D-41,Homo sapiens,immunoglobulin kappa variable 6D-41 (non-functional)(IGKV6D-41),,,,,,,,,,,,,,,,,,,,,,,,,,,,,,,,,,,,,,,,,,,
14190,None,None,None,,,,,,8672,EIF4G3,Homo sapiens,eukaryotic translation initiation factor 4 gamma 3(EIF4G3),,,,,,,,,,,,,,,,,,,,,,,,,,,,,,,,,,,,,,,,,,,
37866,None,None,None,,,,,,4076,CAPRIN1,Homo sapiens,cell cycle associated protein 1(CAPRIN1),,,,,,,,,,,,,,,,,,,,,,,,,,,,,,,,,,,,,,,,,,,
11946,None,None,None,,,,,,5172,SLC26A4,Homo sapiens,solute carrier family 26 member 4(SLC26A4),,,,,,,,,,,,,,,,,,,,,,,,,,,,,,,,,,,,,,,,,,,
17192,None,None,None,,,,,,148,ADRA1A,Homo sapiens,adrenoceptor alpha 1A(ADRA1A),,,,,,,,,,,,,,,,,,,,,,,,,,,,,,,,,,,,,,,,,,,
13429,None,None,None,,,,,,9785,DHX38,Homo sapiens,DEAH-box helicase 38(DHX38),,,,,,,,,,,,,,,,,,,,,,,,,,,,,,,,,,,,,,,,,,,
1692,None,None,None,,,,,,9788,MTSS1,Homo sapiens,MTSS I-BAR domain containing 1(MTSS1),,,,,,,,,,,,,,,,,,,,,,,,,,,,,,,,,,,,,,,,,,,
10853,None,None,None,,,,,,7125,TNNC2,Homo sapiens,"troponin C2, fast skeletal type(TNNC2)",,,,,,,,,,,,,,,,,,,,,,,,,,,,,,,,,,,,,,,,,,,
14469,None,None,None,,,,,,6036,RNASE2,Homo sapiens,ribonuclease A family member 2(RNASE2),,,,,,,,,,,,,,,,,,,,,,,,,,,,,,,,,,,,,,,,,,,
28868,None,None,None,,,,,,9789,SPCS2,Homo sapiens,signal peptidase complex subunit 2(SPCS2),,,,,,,,,,,,,,,,,,,,,,,,,,,,,,,,,,,,,,,,,,,
789,None,None,None,,,,,,7127,TNFAIP2,Homo sapiens,TNF alpha induced protein 2(TNFAIP2),,,,,,,,,,,,,,,,,,,,,,,,,,,,,,,,,,,,,,,,,,,
36275,None,None,None,,,,,,9786,KIAA0586,Homo sapiens,KIAA0586(KIAA0586),,,,,,,,,,,,,,,,,,,,,,,,,,,,,,,,,,,,,,,,,,,
10357,None,None,None,,,,,,7126,TNFAIP1,Homo sapiens,TNF alpha induced protein 1(TNFAIP1),,,,,,,,,,,,,,,,,,,,,,,,,,,,,,,,,,,,,,,,,,,
23490,None,None,None,,,,,,9787,DLGAP5,Homo sapiens,DLG associated protein 5(DLGAP5),,,,,,,,,,,,,,,,,,,,,,,,,,,,,,,,,,,,,,,,,,,
19145,None,None,None,,,,,,10055,SAE1,Homo sapiens,SUMO1 activating enzyme subunit 1(SAE1),,,,,,,,,,,,,,,,,,,,,,,,,,,,,,,,,,,,,,,,,,,
7208,None,None,None,,,,,,10297,APC2,Homo sapiens,APC regulator of WNT signaling pathway 2(APC2),,,,,,,,,,,,,,,,,,,,,,,,,,,,,,,,,,,,,,,,,,,
13745,None,None,None,,,,,,10056,FARSB,Homo sapiens,phenylalanyl-tRNA synthetase subunit beta(FARSB),,,,,,,,,,,,,,,,,,,,,,,,,,,,,,,,,,,,,,,,,,,
22152,None,None,None,,,,,,10059,DNM1L,Homo sapiens,dynamin 1 like(DNM1L),,,,,,,,,,,,,,,,,,,,,,,,,,,,,,,,,,,,,,,,,,,
13427,None,None,None,,,,,,7132,TNFRSF1A,Homo sapiens,TNF receptor superfamily member 1A(TNFRSF1A),,,,,,,,,,,,,,,,,,,,,,,,,,,,,,,,,,,,,,,,,,,
20590,None,None,None,,,,,,5195,PEX14,Homo sapiens,peroxisomal biogenesis factor 14(PEX14),,,,,,,,,,,,,,,,,,,,,,,,,,,,,,,,,,,,,,,,,,,
6190,None,None,None,,,,,,29919,RMC1,Homo sapiens,regulator of MON1-CCZ1(RMC1),,,,,,,,,,,,,,,,,,,,,,,,,,,,,,,,,,,,,,,,,,,
11727,None,None,None,,,,,,10060,ABCC9,Homo sapiens,ATP binding cassette subfamily C member 9(ABCC9),,,,,,,,,,,,,,,,,,,,,,,,,,,,,,,,,,,,,,,,,,,
22390,None,None,None,,,,,,9557,CHD1L,Homo sapiens,chromodomain helicase DNA binding protein 1 like(CHD1L),,,,,,,,,,,,,,,,,,,,,,,,,,,,,,,,,,,,,,,,,,,
3527,None,None,None,,,,,,10063,COX17,Homo sapiens,cytochrome c oxidase copper chaperone COX17(COX17),,,,,,,,,,,,,,,,,,,,,,,,,,,,,,,,,,,,,,,,,,,
12630,None,None,None,,,,,,9791,PTDSS1,Homo sapiens,phosphatidylserine synthase 1(PTDSS1),,,,,,,,,,,,,,,,,,,,,,,,,,,,,,,,,,,,,,,,,,,
12948,None,None,None,,,,,,9792,SERTAD2,Homo sapiens,SERTA domain containing 2(SERTAD2),,,,,,,,,,,,,,,,,,,,,,,,,,,,,,,,,,,,,,,,,,,
23883,None,None,None,,,,,,7130,TNFAIP6,Homo sapiens,TNF alpha induced protein 6(TNFAIP6),,,,,,,,,,,,,,,,,,,,,,,,,,,,,,,,,,,,,,,,,,,
30670,None,None,None,,,,,,9790,BMS1,Homo sapiens,BMS1 ribosome biogenesis factor(BMS1),,,,,,,,,,,,,,,,,,,,,,,,,,,,,,,,,,,,,,,,,,,
16400,None,None,None,,,,,,7128,TNFAIP3,Homo sapiens,TNF alpha induced protein 3(TNFAIP3),,,,,,,,,,,,,,,,,,,,,,,,,,,,,,,,,,,,,,,,,,,
40389,None,None,None,,,,,,68,ACTBP8,Homo sapiens,ACTB pseudogene 8(ACTBP8),,,,,,,,,,,,,,,,,,,,,,,,,,,,,,,,,,,,,,,,,,,
35345,None,None,None,,,,,,23345,SYNE1,Homo sapiens,spectrin repeat containing nuclear envelope protein 1(SYNE1),,,,,,,,,,,,,,,,,,,,,,,,,,,,,,,,,,,,,,,,,,,
8259,None,None,None,,,,,,23588,KLHDC2,Homo sapiens,kelch domain containing 2(KLHDC2),,,,,,,,,,,,,,,,,,,,,,,,,,,,,,,,,,,,,,,,,,,
15228,None,None,None,,,,,,23582,CCNDBP1,Homo sapiens,cyclin D1 binding protein 1(CCNDBP1),,,,,,,,,,,,,,,,,,,,,,,,,,,,,,,,,,,,,,,,,,,
13744,None,None,None,,,,,,23341,DNAJC16,Homo sapiens,DnaJ heat shock protein family (Hsp40) member C16(DNAJC16),,,,,,,,,,,,,,,,,,,,,,,,,,,,,,,,,,,,,,,,,,,
15689,None,None,None,,,,,,23583,SMUG1,Homo sapiens,single-strand-selective monofunctional uracil-DNA glycosylase 1(SMUG1),,,,,,,,,,,,,,,,,,,,,,,,,,,,,,,,,,,,,,,,,,,
13120,None,None,None,,,,,,79,ACTG1P7,Homo sapiens,actin gamma 1 pseudogene 7(ACTG1P7),,,,,,,,,,,,,,,,,,,,,,,,,,,,,,,,,,,,,,,,,,,
12486,None,None,None,,,,,,7392,USF2,Homo sapiens,"upstream transcription factor 2, c-fos interacting(USF2)",,,,,,,,,,,,,,,,,,,,,,,,,,,,,,,,,,,,,,,,,,,
7269,None,None,None,,,,,,8259,INDX,Homo sapiens,"Immunoneurologic syndrome X-linked, of Wood, Black, and Norbury(INDX)",,,,,,,,,,,,,,,,,,,,,,,,,,,,,,,,,,,,,,,,,,,
41546,None,None,None,,,,,,8258,GUST,Homo sapiens,"Gustavson mental retardation syndrome (with microcephaly, optic(GUST)",,,,,,,,,,,,,,,,,,,,,,,,,,,,,,,,,,,,,,,,,,,
15188,None,None,None,,,,,,26030,PLEKHG3,Homo sapiens,pleckstrin homology and RhoGEF domain containing G3(PLEKHG3),,,,,,,,,,,,,,,,,,,,,,,,,,,,,,,,,,,,,,,,,,,
28686,None,None,None,,,,,,1854,DUT,Homo sapiens,deoxyuridine triphosphatase(DUT),,,,,,,,,,,,,,,,,,,,,,,,,,,,,,,,,,,,,,,,,,,
10688,None,None,None,,,,,,28691,TRAV2,Homo sapiens,T cell receptor alpha variable 2(TRAV2),,,,,,,,,,,,,,,,,,,,,,,,,,,,,,,,,,,,,,,,,,,
33328,None,None,None,,,,,,26032,SUSD5,Homo sapiens,sushi domain containing 5(SUSD5),,,,,,,,,,,,,,,,,,,,,,,,,,,,,,,,,,,,,,,,,,,
20945,None,None,None,,,,,,28692,TRAV1-2,Homo sapiens,T cell receptor alpha variable 1-2(TRAV1-2),,,,,,,,,,,,,,,,,,,,,,,,,,,,,,,,,,,,,,,,,,,
16088,None,None,None,,,,,,26031,OSBPL3,Homo sapiens,oxysterol binding protein like 3(OSBPL3),,,,,,,,,,,,,,,,,,,,,,,,,,,,,,,,,,,,,,,,,,,
11802,None,None,None,,,,,,28690,TRAV3,Homo sapiens,T cell receptor alpha variable 3(TRAV3),,,,,,,,,,,,,,,,,,,,,,,,,,,,,,,,,,,,,,,,,,,
10689,None,None,None,,,,,,8028,MLLT10,Homo sapiens,MLLT10 histone lysine methyltransferase DOT1L cofactor(MLLT10),,,,,,,,,,,,,,,,,,,,,,,,,,,,,,,,,,,,,,,,,,,
12490,None,None,None,,,,,,8029,CUBN,Homo sapiens,cubilin(CUBN),,,,,,,,,,,,,,,,,,,,,,,,,,,,,,,,,,,,,,,,,,,
20948,None,None,None,,,,,,8026,DGS2,Homo sapiens,DiGeorge syndrome/velocardiofacial syndrome complex 2(DGS2),,,,,,,,,,,,,,,,,,,,,,,,,,,,,,,,,,,,,,,,,,,
13386,None,None,None,,,,,,8027,STAM,Homo sapiens,signal transducing adaptor molecule(STAM),,,,,,,,,,,,,,,,,,,,,,,,,,,,,,,,,,,,,,,,,,,
27025,None,None,None,,,,,,26043,UBXN7,Homo sapiens,UBX domain protein 7(UBXN7),,,,,,,,,,,,,,,,,,,,,,,,,,,,,,,,,,,,,,,,,,,
40743,None,None,None,,,,,,26045,LRRTM2,Homo sapiens,leucine rich repeat transmembrane neuronal 2(LRRTM2),,,,,,,,,,,,,,,,,,,,,,,,,,,,,,,,,,,,,,,,,,,
7990,None,None,None,,,,,,29796,UQCR10,Homo sapiens,"ubiquinol-cytochrome c reductase, complex III subunit X(UQCR10)",,,,,,,,,,,,,,,,,,,,,,,,,,,,,,,,,,,,,,,,,,,
17890,None,None,None,,,,,,1869,E2F1,Homo sapiens,E2F transcription factor 1(E2F1),,,,,,,,,,,,,,,,,,,,,,,,,,,,,,,,,,,,,,,,,,,
13387,None,None,None,,,,,,3801,KIFC3,Homo sapiens,kinesin family member C3(KIFC3),,,,,,,,,,,,,,,,,,,,,,,,,,,,,,,,,,,,,,,,,,,
17025,None,None,None,,,,,,8031,NCOA4,Homo sapiens,nuclear receptor coactivator 4(NCOA4),,,,,,,,,,,,,,,,,,,,,,,,,,,,,,,,,,,,,,,,,,,
13389,None,None,None,,,,,,8030,CCDC6,Homo sapiens,coiled-coil domain containing 6(CCDC6),,,,,,,,,,,,,,,,,,,,,,,,,,,,,,,,,,,,,,,,,,,
17930,None,None,None,,,,,,10914,PAPOLA,Homo sapiens,poly(A) polymerase alpha(PAPOLA),,,,,,,,,,,,,,,,,,,,,,,,,,,,,,,,,,,,,,,,,,,
27326,None,None,None,,,,,,27102,EIF2AK1,Homo sapiens,eukaryotic translation initiation factor 2 alpha kinase 1(EIF2AK1),,,,,,,,,,,,,,,,,,,,,,,,,,,,,,,,,,,,,,,,,,,
18787,None,None,None,,,,,,1872,E2F3P1,Homo sapiens,E2F transcription factor 3 pseudogene 1(E2F3P1),,,,,,,,,,,,,,,,,,,,,,,,,,,,,,,,,,,,,,,,,,,
36001,None,None,None,,,,,,1870,E2F2,Homo sapiens,E2F transcription factor 2(E2F2),,,,,,,,,,,,,,,,,,,,,,,,,,,,,,,,,,,,,,,,,,,
36003,None,None,None,,,,,,26027,ACOT11,Homo sapiens,acyl-CoA thioesterase 11(ACOT11),,,,,,,,,,,,,,,,,,,,,,,,,,,,,,,,,,,,,,,,,,,
16128,None,None,None,,,,,,28689,TRAV4,Homo sapiens,T cell receptor alpha variable 4(TRAV4),,,,,,,,,,,,,,,,,,,,,,,,,,,,,,,,,,,,,,,,,,,
28869,None,None,None,,,,,,28686,TRAV7,Homo sapiens,T cell receptor alpha variable 7(TRAV7),,,,,,,,,,,,,,,,,,,,,,,,,,,,,,,,,,,,,,,,,,,
8734,None,None,None,,,,,,26025,PCDHGA12,Homo sapiens,"protocadherin gamma subfamily A, 12(PCDHGA12)",,,,,,,,,,,,,,,,,,,,,,,,,,,,,,,,,,,,,,,,,,,
14880,None,None,None,,,,,,28685,TRAV8-1,Homo sapiens,T cell receptor alpha variable 8-1(TRAV8-1),,,,,,,,,,,,,,,,,,,,,,,,,,,,,,,,,,,,,,,,,,,
32408,None,None,None,,,,,,1889,ECE1,Homo sapiens,endothelin converting enzyme 1(ECE1),,,,,,,,,,,,,,,,,,,,,,,,,,,,,,,,,,,,,,,,,,,
23465,None,None,None,,,,,,9384,COX6CP1,Homo sapiens,cytochrome c oxidase subunit 6C pseudogene 1(COX6CP1),,,,,,,,,,,,,,,,,,,,,,,,,,,,,,,,,,,,,,,,,,,
41428,None,None,None,,,,,,9382,COG1,Homo sapiens,component of oligomeric golgi complex 1(COG1),,,,,,,,,,,,,,,,,,,,,,,,,,,,,,,,,,,,,,,,,,,
14289,None,None,None,,,,,,28891,IGKV1D-43,Homo sapiens,immunoglobulin kappa variable 1D-43(IGKV1D-43),,,,,,,,,,,,,,,,,,,,,,,,,,,,,,,,,,,,,,,,,,,
16603,None,None,None,,,,,,26005,C2CD3,Homo sapiens,C2 domain containing 3 centriole elongation regulator(C2CD3),,,,,,,,,,,,,,,,,,,,,,,,,,,,,,,,,,,,,,,,,,,
27029,None,None,None,,,,,,26001,RNF167,Homo sapiens,ring finger protein 167(RNF167),,,,,,,,,,,,,,,,,,,,,,,,,,,,,,,,,,,,,,,,,,,
19146,None,None,None,,,,,,3608,ILF2,Homo sapiens,interleukin enhancer binding factor 2(ILF2),,,,,,,,,,,,,,,,,,,,,,,,,,,,,,,,,,,,,,,,,,,
24094,None,None,None,,,,,,3607,FOXK2,Homo sapiens,forkhead box K2(FOXK2),,,,,,,,,,,,,,,,,,,,,,,,,,,,,,,,,,,,,,,,,,,
36151,None,None,None,,,,,,1690,COCH,Homo sapiens,cochlin(COCH),,,,,,,,,,,,,,,,,,,,,,,,,,,,,,,,,,,,,,,,,,,
28145,None,None,None,,,,,,3624,INHBA,Homo sapiens,inhibin subunit beta A(INHBA),,,,,,,,,,,,,,,,,,,,,,,,,,,,,,,,,,,,,,,,,,,
12164,None,None,None,,,,,,1687,GSDME,Homo sapiens,gasdermin E(GSDME),,,,,,,,,,,,,,,,,,,,,,,,,,,,,,,,,,,,,,,,,,,
21781,None,None,None,,,,,,4952,OCRL,Homo sapiens,OCRL inositol polyphosphate-5-phosphatase(OCRL),,,,,,,,,,,,,,,,,,,,,,,,,,,,,,,,,,,,,,,,,,,
31656,None,None,None,,,,,,3628,INPP1,Homo sapiens,inositol polyphosphate-1-phosphatase(INPP1),,,,,,,,,,,,,,,,,,,,,,,,,,,,,,,,,,,,,,,,,,,
26930,None,None,None,,,,,,18379,Omt2a,Mus musculus,"oocyte maturation, alpha(Omt2a)",,,,,,,,,,,,,,,,,,,,,,,,,,,,,,,,,,,,,,,,,,,
22430,None,None,None,,,,,,21782,Tfdp1-ps,Mus musculus,"transcription factor Dp 1, pseudogene(Tfdp1-ps)",,,,,,,,,,,,,,,,,,,,,,,,,,,,,,,,,,,,,,,,,,,
43087,None,None,None,,,,,,21781,Tfdp1,Mus musculus,transcription factor Dp 1(Tfdp1),,,,,,,,,,,,,,,,,,,,,,,,,,,,,,,,,,,,,,,,,,,
13426,None,None,None,,,,,,19687,Rfc1,Mus musculus,replication factor C (activator 1) 1(Rfc1),,,,,,,,,,,,,,,,,,,,,,,,,,,,,,,,,,,,,,,,,,,
28732,None,None,None,,,,,,17025,Alad,Mus musculus,"aminolevulinate, delta-, dehydratase(Alad)",,,,,,,,,,,,,,,,,,,,,,,,,,,,,,,,,,,,,,,,,,,
40429,None,None,None,,,,,,21529,Tcra-V2.5,Mus musculus,"T cell receptor alpha, variable 2.5(Tcra-V2.5)",,,,,,,,,,,,,,,,,,,,,,,,,,,,,,,,,,,,,,,,,,,
28692,None,None,None,,,,,,21527,Tcra-V2.3,Mus musculus,"T cell receptor alpha, variable 2.3(Tcra-V2.3)",,,,,,,,,,,,,,,,,,,,,,,,,,,,,,,,,,,,,,,,,,,
16452,None,None,None,,,,,,21526,Tcra-V2.2,Mus musculus,"T cell receptor alpha, variable 2.2(Tcra-V2.2)",,,,,,,,,,,,,,,,,,,,,,,,,,,,,,,,,,,,,,,,,,,
36723,None,None,None,,,,,,11728,Ang-ps1,Mus musculus,"angiogenin, ribonuclease A family, pseudogene 1(Ang-ps1)",,,,,,,,,,,,,,,,,,,,,,,,,,,,,,,,,,,,,,,,,,,
36992,None,None,None,,,,,,11727,Ang,Mus musculus,"angiogenin, ribonuclease, RNase A family, 5(Ang)",,,,,,,,,,,,,,,,,,,,,,,,,,,,,,,,,,,,,,,,,,,
13388,None,None,None,,,,,,21530,Tcra-V2.6,Mus musculus,"T cell receptor alpha, variable 2.6(Tcra-V2.6)",,,,,,,,,,,,,,,,,,,,,,,,,,,,,,,,,,,,,,,,,,,
37053,None,None,None,,,,,,20209,Saa2,Mus musculus,serum amyloid A 2(Saa2),,,,,,,,,,,,,,,,,,,,,,,,,,,,,,,,,,,,,,,,,,,
32286,None,None,None,,,,,,19692,Reg1,Mus musculus,regenerating islet-derived 1(Reg1),,,,,,,,,,,,,,,,,,,,,,,,,,,,,,,,,,,,,,,,,,,
36532,None,None,None,,,,,,19691,Recql,Mus musculus,RecQ protein-like(Recql),,,,,,,,,,,,,,,,,,,,,,,,,,,,,,,,,,,,,,,,,,,
14327,None,None,None,,,,,,21748,Terc,Mus musculus,telomerase RNA component(Terc),,,,,,,,,,,,,,,,,,,,,,,,,,,,,,,,,,,,,,,,,,,
36095,None,None,None,,,,,,11702,Amd1,Mus musculus,S-adenosylmethionine decarboxylase 1(Amd1),,,,,,,,,,,,,,,,,,,,,,,,,,,,,,,,,,,,,,,,,,,
18828,None,None,None,,,,,,11701,Amd-ps1,Mus musculus,"S-adenosylmethionine decarboxylase, pseudogene 1(Amd-ps1)",,,,,,,,,,,,,,,,,,,,,,,,,,,,,,,,,,,,,,,,,,,
12526,None,None,None,,,,,,11946,Atp5f1a,Mus musculus,ATP synthase F1 subunit alpha(Atp5f1a),,,,,,,,,,,,,,,,,,,,,,,,,,,,,,,,,,,,,,,,,,,
12051,None,None,None,,,,,,11945,Atp4b,Mus musculus,"ATPase, H+/K+ exchanging, beta polypeptide(Atp4b)",,,,,,,,,,,,,,,,,,,,,,,,,,,,,,,,,,,,,,,,,,,
26926,None,None,None,,,,,,27047,Omd,Mus musculus,osteomodulin(Omd),,,,,,,,,,,,,,,,,,,,,,,,,,,,,,,,,,,,,,,,,,,
30671,None,None,None,,,,,,11941,Atp2b2,Mus musculus,"ATPase, Ca++ transporting, plasma membrane 2(Atp2b2)",,,,,,,,,,,,,,,,,,,,,,,,,,,,,,,,,,,,,,,,,,,
23402,None,None,None,,,,,,27052,Aoah,Mus musculus,acyloxyacyl hydrolase(Aoah),,,,,,,,,,,,,,,,,,,,,,,,,,,,,,,,,,,,,,,,,,,
20586,None,None,None,,,,,,28148,D4Ucla1,Mus musculus,"DNA segment, Chr 4, University of California at Los Angeles 1(D4Ucla1)",,,,,,,,,,,,,,,,,,,,,,,,,,,,,,,,,,,,,,,,,,,
36611,None,None,None,,,,,,20632,Snrp1c-ps2,Mus musculus,"U1 small nuclear ribonucleoprotein 1C, pseudogene 2(Snrp1c-ps2)",,,,,,,,,,,,,,,,,,,,,,,,,,,,,,,,,,,,,,,,,,,
36217,None,None,None,,,,,,20631,Snrp1c-ps1,Mus musculus,"U1 small nuclear ribonucleoprotein 1C, pseudogene 1(Snrp1c-ps1)",,,,,,,,,,,,,,,,,,,,,,,,,,,,,,,,,,,,,,,,,,,
18788,None,None,None,,,,,,20630,Snrpc,Mus musculus,U1 small nuclear ribonucleoprotein C(Snrpc),,,,,,,,,,,,,,,,,,,,,,,,,,,,,,,,,,,,,,,,,,,
38299,None,None,None,,,,,,18791,Plat,Mus musculus,"plasminogen activator, tissue(Plat)",,,,,,,,,,,,,,,,,,,,,,,,,,,,,,,,,,,,,,,,,,,
22426,None,None,None,,,,,,18792,Plau,Mus musculus,"plasminogen activator, urokinase(Plau)",,,,,,,,,,,,,,,,,,,,,,,,,,,,,,,,,,,,,,,,,,,
36253,None,None,None,,,,,,27029,Sgsh,Mus musculus,N-sulfoglucosamine sulfohydrolase (sulfamidase)(Sgsh),,,,,,,,,,,,,,,,,,,,,,,,,,,,,,,,,,,,,,,,,,,
19363,None,None,None,,,,,,14190,Fgl2,Mus musculus,fibrinogen-like protein 2(Fgl2),,,,,,,,,,,,,,,,,,,,,,,,,,,,,,,,,,,,,,,,,,,
36913,None,None,None,,,,,,16380,Is(7;1)40H,Mus musculus,"insertion, Chr 7 and 1, Harwell 40(Is(7;1)40H)",,,,,,,,,,,,,,,,,,,,,,,,,,,,,,,,,,,,,,,,,,,
3530,None,None,None,,,,,,19062,Inpp5k,Mus musculus,inositol polyphosphate 5-phosphatase K(Inpp5k),,,,,,,,,,,,,,,,,,,,,,,,,,,,,,,,,,,,,,,,,,,
8026,None,None,None,,,,,,11592,ag,Mus musculus,agitans(ag),,,,,,,,,,,,,,,,,,,,,,,,,,,,,,,,,,,,,,,,,,,
4742,None,None,None,,,,,,11350,Abl1,Mus musculus,"c-abl oncogene 1, non-receptor tyrosine kinase(Abl1)",,,,,,,,,,,,,,,,,,,,,,,,,,,,,,,,,,,,,,,,,,,
36134,None,None,None,,,,,,27930,D0Ffm4,Mus musculus,"DNA segment, Universitat Frankfurt, Frankfurt/Main 4(D0Ffm4)",,,,,,,,,,,,,,,,,,,,,,,,,,,,,,,,,,,,,,,,,,,
36094,None,None,None,,,,,,12449,Ccnf,Mus musculus,cyclin F(Ccnf),,,,,,,,,,,,,,,,,,,,,,,,,,,,,,,,,,,,,,,,,,,
7986,None,None,None,,,,,,14621,Gjb4,Mus musculus,"gap junction protein, beta 4(Gjb4)",,,,,,,,,,,,,,,,,,,,,,,,,,,,,,,,,,,,,,,,,,,
35026,None,None,None,,,,,,14864,Gstm3,Mus musculus,"glutathione S-transferase, mu 3(Gstm3)",,,,,,,,,,,,,,,,,,,,,,,,,,,,,,,,,,,,,,,,,,,
24232,None,None,None,,,,,,12448,Ccne2,Mus musculus,cyclin E2(Ccne2),,,,,,,,,,,,,,,,,,,,,,,,,,,,,,,,,,,,,,,,,,,
42308,None,None,None,,,,,,27902,D16Ium63,Mus musculus,"DNA segment, Chr 16, Indiana University Medical 63(D16Ium63)",,,,,,,,,,,,,,,,,,,,,,,,,,,,,,,,,,,,,,,,,,,
14419,None,None,None,,,,,,12654,Chi3l1,Mus musculus,chitinase 3 like 1(Chi3l1),,,,,,,,,,,,,,,,,,,,,,,,,,,,,,,,,,,,,,,,,,,
37726,None,None,None,,,,,,12669,Chrm1,Mus musculus,"cholinergic receptor, muscarinic 1, CNS(Chrm1)",,,,,,,,,,,,,,,,,,,,,,,,,,,,,,,,,,,,,,,,,,,
34985,None,None,None,,,,,,20015,Rpn2-rs1,Mus musculus,"ribophorin 2, related sequence 1(Rpn2-rs1)",,,,,,,,,,,,,,,,,,,,,,,,,,,,,,,,,,,,,,,,,,,
11941,None,None,None,,,,,,22431,Wt1,Mus musculus,WT1 transcription factor(Wt1),,,,,,,,,,,,,,,,,,,,,,,,,,,,,,,,,,,,,,,,,,,
36187,None,None,None,,,,,,12630,Cfi,Mus musculus,complement component factor i(Cfi),,,,,,,,,,,,,,,,,,,,,,,,,,,,,,,,,,,,,,,,,,,
38358,None,None,None,,,,,,12649,Chek1,Mus musculus,checkpoint kinase 1(Chek1),,,,,,,,,,,,,,,,,,,,,,,,,,,,,,,,,,,,,,,,,,,
37093,None,None,None,,,,,,11798,Xiap,Mus musculus,X-linked inhibitor of apoptosis(Xiap),,,,,,,,,,,,,,,,,,,,,,,,,,,,,,,,,,,,,,,,,,,
34240,None,None,None,,,,,,22427,Wrn,Mus musculus,Werner syndrome RecQ like helicase(Wrn),,,,,,,,,,,,,,,,,,,,,,,,,,,,,,,,,,,,,,,,,,,
30696,None,None,None,,,,,,22428,Dctn6,Mus musculus,dynactin 6(Dctn6),,,,,,,,,,,,,,,,,,,,,,,,,,,,,,,,,,,,,,,,,,,
40504,None,None,None,,,,,,23992,Prkra,Mus musculus,"protein kinase, interferon inducible double stranded RNA dependent activator(Prkra)",,,,,,,,,,,,,,,,,,,,,,,,,,,,,,,,,,,,,,,,,,,
22052,None,None,None,,,,,,12628,Cfh,Mus musculus,complement component factor h(Cfh),,,,,,,,,,,,,,,,,,,,,,,,,,,,,,,,,,,,,,,,,,,
11587,None,None,None,,,,,,16990,lt,Mus musculus,lustrous(lt),,,,,,,,,,,,,,,,,,,,,,,,,,,,,,,,,,,,,,,,,,,
29347,None,None,None,,,,,,12391,Cav3,Mus musculus,caveolin 3(Cav3),,,,,,,,,,,,,,,,,,,,,,,,,,,,,,,,,,,,,,,,,,,
4845,None,None,None,,,,,,16992,Lta,Mus musculus,lymphotoxin A(Lta),,,,,,,,,,,,,,,,,,,,,,,,,,,,,,,,,,,,,,,,,,,
15460,None,None,None,,,,,,16755,l7Rn1,Mus musculus,"lethal, Chr 7, Rinchik 1(l7Rn1)",,,,,,,,,,,,,,,,,,,,,,,,,,,,,,,,,,,,,,,,,,,
42186,None,None,None,,,,,,16516,Kcnj15,Mus musculus,"potassium inwardly-rectifying channel, subfamily J, member 15(Kcnj15)",,,,,,,,,,,,,,,,,,,,,,,,,,,,,,,,,,,,,,,,,,,
20944,None,None,None,,,,,,12163,Bmp8a,Mus musculus,bone morphogenetic protein 8a(Bmp8a),,,,,,,,,,,,,,,,,,,,,,,,,,,,,,,,,,,,,,,,,,,
36545,None,None,None,,,,,,12164,Bmp8b,Mus musculus,bone morphogenetic protein 8b(Bmp8b),,,,,,,,,,,,,,,,,,,,,,,,,,,,,,,,,,,,,,,,,,,
34986,None,None,None,,,,,,15439,Hp,Mus musculus,haptoglobin(Hp),,,,,,,,,,,,,,,,,,,,,,,,,,,,,,,,,,,,,,,,,,,
36038,None,None,None,,,,,,14550,Gdap5,Mus musculus,ganglioside-induced differentiation-associated-protein 5(Gdap5),,,,,,,,,,,,,,,,,,,,,,,,,,,,,,,,,,,,,,,,,,,
20630,None,None,None,,,,,,24113,Vax2,Mus musculus,ventral anterior homeobox 2(Vax2),,,,,,,,,,,,,,,,,,,,,,,,,,,,,,,,,,,,,,,,,,,
16985,None,None,None,,,,,,24117,Wif1,Mus musculus,Wnt inhibitory factor 1(Wif1),,,,,,,,,,,,,,,,,,,,,,,,,,,,,,,,,,,,,,,,,,,
31591,None,None,None,,,,,,16987,Lss,Mus musculus,lanosterol synthase(Lss),,,,,,,,,,,,,,,,,,,,,,,,,,,,,,,,,,,,,,,,,,,
18928,None,None,None,,,,,,14325,Ftl1,Mus musculus,ferritin light polypeptide 1(Ftl1),,,,,,,,,,,,,,,,,,,,,,,,,,,,,,,,,,,,,,,,,,,
30667,None,None,None,,,,,,16985,Lsp1,Mus musculus,lymphocyte specific 1(Lsp1),,,,,,,,,,,,,,,,,,,,,,,,,,,,,,,,,,,,,,,,,,,
32501,None,None,None,,,,,,16988,Lst1,Mus musculus,leukocyte specific transcript 1(Lst1),,,,,,,,,,,,,,,,,,,,,,,,,,,,,,,,,,,,,,,,,,,
14780,None,None,None,,,,,,27843,DXYHgu1,Mus musculus,"DNA segment, Chr XY, Human Genetics Unit 1(DXYHgu1)",,,,,,,,,,,,,,,,,,,,,,,,,,,,,,,,,,,,,,,,,,,
37058,None,None,None,,,,,,27841,119L04aR,Mus musculus,"DNA segment, 119L04aR (Research Genetics)(119L04aR)",,,,,,,,,,,,,,,,,,,,,,,,,,,,,,,,,,,,,,,,,,,
40741,None,None,None,,,,,,27845,D7Cwr3D,Mus musculus,"DNA segment, Chr 7, Case Western Reserve 3D(D7Cwr3D)",,,,,,,,,,,,,,,,,,,,,,,,,,,,,,,,,,,,,,,,,,,
18007,None,None,None,,,,,,22390,Wee1,Mus musculus,WEE 1 homolog 1 (S. pombe)(Wee1),,,,,,,,,,,,,,,,,,,,,,,,,,,,,,,,,,,,,,,,,,,
18325,None,None,None,,,,,,22152,Tubb3,Mus musculus,"tubulin, beta 3 class III(Tubb3)",,,,,,,,,,,,,,,,,,,,,,,,,,,,,,,,,,,,,,,,,,,
33542,None,None,None,,,,,,14780,Gpx5,Mus musculus,glutathione peroxidase 5(Gpx5),,,,,,,,,,,,,,,,,,,,,,,,,,,,,,,,,,,,,,,,,,,
14404,None,None,None,,,,,,14784,Grb2,Mus musculus,growth factor receptor bound protein 2(Grb2),,,,,,,,,,,,,,,,,,,,,,,,,,,,,,,,,,,,,,,,,,,
24118,None,None,None,,,,,,14547,Gdap2,Mus musculus,ganglioside-induced differentiation-associated-protein 2(Gdap2),,,,,,,,,,,,,,,,,,,,,,,,,,,,,,,,,,,,,,,,,,,
35107,None,None,None,,,,,,27829,D0Bac5,Mus musculus,"DNA segment, Bulgarian Academy of Science 5(D0Bac5)",,,,,,,,,,,,,,,,,,,,,,,,,,,,,,,,,,,,,,,,,,,
20628,None,None,None,,,,,,27827,335F15F,Mus musculus,"DNA segment, 335F15F (Research Genetics)(335F15F)",,,,,,,,,,,,,,,,,,,,,,,,,,,,,,,,,,,,,,,,,,,
32875,None,None,None,,,,,,27828,335F15R,Mus musculus,"DNA segment, 335F15R (Research Genetics)(335F15R)",,,,,,,,,,,,,,,,,,,,,,,,,,,,,,,,,,,,,,,,,,,
37979,None,None,None,,,,,,21043,T(10;14)8Rk,Mus musculus,"reciprocal translocation, Chr 10 and 14, Roderick 8(T(10;14)8Rk)",,,,,,,,,,,,,,,,,,,,,,,,,,,,,,,,,,,,,,,,,,,
7680,None,None,None,,,,,,27825,567C18F,Mus musculus,"DNA segment, 567C18F (Research Genetics)(567C18F)",,,,,,,,,,,,,,,,,,,,,,,,,,,,,,,,,,,,,,,,,,,
24192,None,None,None,,,,,,27826,211N06F,Mus musculus,"DNA segment, 211N06F (Research Genetics)(211N06F)",,,,,,,,,,,,,,,,,,,,,,,,,,,,,,,,,,,,,,,,,,,
24117,None,None,None,,,,,,13429,Dnm1,Mus musculus,dynamin 1(Dnm1),,,,,,,,,,,,,,,,,,,,,,,,,,,,,,,,,,,,,,,,,,,
29628,None,None,None,,,,,,13426,Dync1i1,Mus musculus,dynein cytoplasmic 1 intermediate chain 1(Dync1i1),,,,,,,,,,,,,,,,,,,,,,,,,,,,,,,,,,,,,,,,,,,
4558,None,None,None,,,,,,13427,Dync1i2,Mus musculus,dynein cytoplasmic 1 intermediate chain 2(Dync1i2),,,,,,,,,,,,,,,,,,,,,,,,,,,,,,,,,,,,,,,,,,,
21525,None,None,None,,,,,,13430,Dnm2,Mus musculus,dynamin 2(Dnm2),,,,,,,,,,,,,,,,,,,,,,,,,,,,,,,,,,,,,,,,,,,
29056,None,None,None,,,,,,27832,D0Bac2,Mus musculus,"DNA segment, Bulgarian Academy of Science 2(D0Bac2)",,,,,,,,,,,,,,,,,,,,,,,,,,,,,,,,,,,,,,,,,,,
13747,None,None,None,,,,,,22385,Baz1b,Mus musculus,"bromodomain adjacent to zinc finger domain, 1B(Baz1b)",,,,,,,,,,,,,,,,,,,,,,,,,,,,,,,,,,,,,,,,,,,
32285,None,None,None,,,,,,27830,D0Bac4,Mus musculus,"DNA segment, Bulgarian Academy of Science 4(D0Bac4)",,,,,,,,,,,,,,,,,,,,,,,,,,,,,,,,,,,,,,,,,,,
38357,None,None,None,,,,,,22387,wd,Mus musculus,waddler(wd),,,,,,,,,,,,,,,,,,,,,,,,,,,,,,,,,,,,,,,,,,,
24761,None,None,None,,,,,,27831,D0Bac3,Mus musculus,"DNA segment, Bulgarian Academy of Science 3(D0Bac3)",,,,,,,,,,,,,,,,,,,,,,,,,,,,,,,,,,,,,,,,,,,
5845,None,None,None,,,,,,22388,Wdr1,Mus musculus,WD repeat domain 1(Wdr1),,,,,,,,,,,,,,,,,,,,,,,,,,,,,,,,,,,,,,,,,,,
36028,None,None,None,,,,,,16362,Irf1,Mus musculus,interferon regulatory factor 1(Irf1),,,,,,,,,,,,,,,,,,,,,,,,,,,,,,,,,,,,,,,,,,,
12104,None,None,None,,,,,,18786,Plaa,Mus musculus,"phospholipase A2, activating protein(Plaa)",,,,,,,,,,,,,,,,,,,,,,,,,,,,,,,,,,,,,,,,,,,
36789,None,None,None,,,,,,18787,Serpine1,Mus musculus,"serine (or cysteine) peptidase inhibitor, clade E, member 1(Serpine1)",,,,,,,,,,,,,,,,,,,,,,,,,,,,,,,,,,,,,,,,,,,
34289,None,None,None,,,,,,27015,Polk,Mus musculus,"polymerase (DNA directed), kappa(Polk)",,,,,,,,,,,,,,,,,,,,,,,,,,,,,,,,,,,,,,,,,,,
34088,None,None,None,,,,,,16129,Igk-V9,Mus musculus,immunoglobulin kappa chain variable 9 (V9)(Igk-V9),,,,,,,,,,,,,,,,,,,,,,,,,,,,,,,,,,,,,,,,,,,
11726,None,None,None,,,,,,18788,Serpinb2,Mus musculus,"serine (or cysteine) peptidase inhibitor, clade B, member 2(Serpinb2)",,,,,,,,,,,,,,,,,,,,,,,,,,,,,,,,,,,,,,,,,,,
34125,None,None,None,,,,,,18789,Papola,Mus musculus,poly (A) polymerase alpha(Papola),,,,,,,,,,,,,,,,,,,,,,,,,,,,,,,,,,,,,,,,,,,
34128,None,None,None,,,,,,15460,Hr,Mus musculus,lysine demethylase and nuclear receptor corepressor(Hr),,,,,,,,,,,,,,,,,,,,,,,,,,,,,,,,,,,,,,,,,,,
12451,None,None,None,,,,,,19820,Rlim,Mus musculus,"ring finger protein, LIM domain interacting(Rlim)",,,,,,,,,,,,,,,,,,,,,,,,,,,,,,,,,,,,,,,,,,,
11953,None,None,None,,,,,,17885,Myh8,Mus musculus,"myosin, heavy polypeptide 8, skeletal muscle, perinatal(Myh8)",,,,,,,,,,,,,,,,,,,,,,,,,,,,,,,,,,,,,,,,,,,
31659,None,None,None,,,,,,15227,Foxf1,Mus musculus,forkhead box F1(Foxf1),,,,,,,,,,,,,,,,,,,,,,,,,,,,,,,,,,,,,,,,,,,
16422,None,None,None,,,,,,17886,Myh9,Mus musculus,"myosin, heavy polypeptide 9, non-muscle(Myh9)",,,,,,,,,,,,,,,,,,,,,,,,,,,,,,,,,,,,,,,,,,,
12530,None,None,None,,,,,,15229,Foxd1,Mus musculus,forkhead box D1(Foxd1),,,,,,,,,,,,,,,,,,,,,,,,,,,,,,,,,,,,,,,,,,,
35193,None,None,None,,,,,,17888,Myh6,Mus musculus,"myosin, heavy polypeptide 6, cardiac muscle, alpha(Myh6)",,,,,,,,,,,,,,,,,,,,,,,,,,,,,,,,,,,,,,,,,,,
31392,None,None,None,,,,,,15228,Foxg1,Mus musculus,forkhead box G1(Foxg1),,,,,,,,,,,,,,,,,,,,,,,,,,,,,,,,,,,,,,,,,,,
15757,None,None,None,,,,,,13294,Del(17)18H,Mus musculus,"deletion, Chr 17, Harwell 18(Del(17)18H)",,,,,,,,,,,,,,,,,,,,,,,,,,,,,,,,,,,,,,,,,,,
34017,None,None,None,,,,,,15441,Hp1bp3,Mus musculus,"heterochromatin protein 1, binding protein 3(Hp1bp3)",,,,,,,,,,,,,,,,,,,,,,,,,,,,,,,,,,,,,,,,,,,
42192,None,None,None,,,,,,15445,Hpd,Mus musculus,4-hydroxyphenylpyruvic acid dioxygenase(Hpd),,,,,,,,,,,,,,,,,,,,,,,,,,,,,,,,,,,,,,,,,,,
12487,None,None,None,,,,,,19801,Rn4.5s-ps2,Mus musculus,"4.5s RNA, pseudogene 2(Rn4.5s-ps2)",,,,,,,,,,,,,,,,,,,,,,,,,,,,,,,,,,,,,,,,,,,
18379,None,None,None,,,,,,29858,Pmm1,Mus musculus,phosphomannomutase 1(Pmm1),,,,,,,,,,,,,,,,,,,,,,,,,,,,,,,,,,,,,,,,,,,
29588,None,None,None,,,,,,15458,Hpx,Mus musculus,hemopexin(Hpx),,,,,,,,,,,,,,,,,,,,,,,,,,,,,,,,,,,,,,,,,,,
36978,None,None,None,,,,,,21665,Tdg,Mus musculus,thymine DNA glycosylase(Tdg),,,,,,,,,,,,,,,,,,,,,,,,,,,,,,,,,,,,,,,,,,,
14332,None,None,None,,,,,,11625,Ahsg,Mus musculus,alpha-2-HS-glycoprotein(Ahsg),,,,,,,,,,,,,,,,,,,,,,,,,,,,,,,,,,,,,,,,,,,
3529,None,None,None,,,,,,11629,Aif1,Mus musculus,allograft inflammatory factor 1(Aif1),,,,,,,,,,,,,,,,,,,,,,,,,,,,,,,,,,,,,,,,,,,
28252,None,None,None,,,,,,11628,Aicda,Mus musculus,activation-induced cytidine deaminase(Aicda),,,,,,,,,,,,,,,,,,,,,,,,,,,,,,,,,,,,,,,,,,,
19358,None,None,None,,,,,,20588,Smarcc1,Mus musculus,"SWI/SNF related, matrix associated, actin dependent regulator of chromatin, subfamily c, member 1(Smarcc1)",,,,,,,,,,,,,,,,,,,,,,,,,,,,,,,,,,,,,,,,,,,
33227,None,None,None,,,,,,20587,Smarcb1,Mus musculus,"SWI/SNF related, matrix associated, actin dependent regulator of chromatin, subfamily b, member 1(Smarcb1)",,,,,,,,,,,,,,,,,,,,,,,,,,,,,,,,,,,,,,,,,,,
30666,None,None,None,,,,,,16087,Igk-V12/13,Mus musculus,immunoglobulin kappa chain variable 12/13(Igk-V12/13),,,,,,,,,,,,,,,,,,,,,,,,,,,,,,,,,,,,,,,,,,,
22427,None,None,None,,,,,,20586,Smarca4,Mus musculus,"SWI/SNF related, matrix associated, actin dependent regulator of chromatin, subfamily a, member 4(Smarca4)",,,,,,,,,,,,,,,,,,,,,,,,,,,,,,,,,,,,,,,,,,,
35344,None,None,None,,,,,,19358,Rad23a,Mus musculus,"RAD23 homolog A, nucleotide excision repair protein(Rad23a)",,,,,,,,,,,,,,,,,,,,,,,,,,,,,,,,,,,,,,,,,,,
4388,None,None,None,,,,,,18028,Nfib,Mus musculus,nuclear factor I/B(Nfib),,,,,,,,,,,,,,,,,,,,,,,,,,,,,,,,,,,,,,,,,,,
21492,None,None,None,,,,,,17175,Masp2,Mus musculus,MBL associated serine protease 2(Masp2),,,,,,,,,,,,,,,,,,,,,,,,,,,,,,,,,,,,,,,,,,,
28726,None,None,None,,,,,,18022,Nfe2,Mus musculus,"nuclear factor, erythroid derived 2(Nfe2)",,,,,,,,,,,,,,,,,,,,,,,,,,,,,,,,,,,,,,,,,,,
20627,None,None,None,,,,,,23853,Def6,Mus musculus,differentially expressed in FDCP 6(Def6),,,,,,,,,,,,,,,,,,,,,,,,,,,,,,,,,,,,,,,,,,,
20729,None,None,None,,,,,,11630,Crybg1,Mus musculus,crystallin beta-gamma domain containing 1(Crybg1),,,,,,,,,,,,,,,,,,,,,,,,,,,,,,,,,,,,,,,,,,,
42232,None,None,None,,,,,,11632,Aip,Mus musculus,aryl-hydrocarbon receptor-interacting protein(Aip),,,,,,,,,,,,,,,,,,,,,,,,,,,,,,,,,,,,,,,,,,,
18907,None,None,None,,,,,,18478,Pah,Mus musculus,phenylalanine hydroxylase(Pah),,,,,,,,,,,,,,,,,,,,,,,,,,,,,,,,,,,,,,,,,,,
36313,None,None,None,,,,,,18002,Nedd8,Mus musculus,"neural precursor cell expressed, developmentally down-regulated gene 8(Nedd8)",,,,,,,,,,,,,,,,,,,,,,,,,,,,,,,,,,,,,,,,,,,
36092,None,None,None,,,,,,12948,crsp,Mus musculus,"cryptorchidism with white spotting, deletion region(crsp)",,,,,,,,,,,,,,,,,,,,,,,,,,,,,,,,,,,,,,,,,,,
32326,None,None,None,,,,,,18007,Neo1,Mus musculus,neogenin(Neo1),,,,,,,,,,,,,,,,,,,,,,,,,,,,,,,,,,,,,,,,,,,
18926,None,None,None,,,,,,19338,Rab33b,Mus musculus,"RAB33B, member RAS oncogene family(Rab33b)",,,,,,,,,,,,,,,,,,,,,,,,,,,,,,,,,,,,,,,,,,,
35892,None,None,None,,,,,,18008,Nes,Mus musculus,nestin(Nes),,,,,,,,,,,,,,,,,,,,,,,,,,,,,,,,,,,,,,,,,,,
20588,None,None,None,,,,,,15186,Hdc,Mus musculus,histidine decarboxylase(Hdc),,,,,,,,,,,,,,,,,,,,,,,,,,,,,,,,,,,,,,,,,,,
11719,None,None,None,,,,,,15185,Hdac6,Mus musculus,histone deacetylase 6(Hdac6),,,,,,,,,,,,,,,,,,,,,,,,,,,,,,,,,,,,,,,,,,,
14954,None,None,None,,,,,,16272,In(2)5Rk-d,Mus musculus,"inversion, Chr 2, Roderick 5, distal(In(2)5Rk-d)",,,,,,,,,,,,,,,,,,,,,,,,,,,,,,,,,,,,,,,,,,,
32616,None,None,None,,,,,,18452,P4ha2,Mus musculus,"procollagen-proline, 2-oxoglutarate 4-dioxygenase (proline 4-hydroxylase), alpha II polypeptide(P4ha2)",,,,,,,,,,,,,,,,,,,,,,,,,,,,,,,,,,,,,,,,,,,
32614,None,None,None,,,,,,16271,In(2)58Rk,Mus musculus,"inversion, Chr 2, Roderick 58(In(2)58Rk)",,,,,,,,,,,,,,,,,,,,,,,,,,,,,,,,,,,,,,,,,,,
12649,None,None,None,,,,,,15192,Hdgfl1,Mus musculus,HDGF like 1(Hdgfl1),,,,,,,,,,,,,,,,,,,,,,,,,,,,,,,,,,,,,,,,,,,
26887,None,None,None,,,,,,15191,Hdgf,Mus musculus,heparin binding growth factor(Hdgf),,,,,,,,,,,,,,,,,,,,,,,,,,,,,,,,,,,,,,,,,,,
32436,None,None,None,,,,,,11807,Apoa2,Mus musculus,apolipoprotein A-II(Apoa2),,,,,,,,,,,,,,,,,,,,,,,,,,,,,,,,,,,,,,,,,,,
23285,None,None,None,,,,,,16265,In(2)2H-d,Mus musculus,"inversion, Chr 2, Harwell 2, distal(In(2)2H-d)",,,,,,,,,,,,,,,,,,,,,,,,,,,,,,,,,,,,,,,,,,,
33189,None,None,None,,,,,,27805,303E12F,Mus musculus,"DNA segment, 303E12F (Research Genetics)(303E12F)",,,,,,,,,,,,,,,,,,,,,,,,,,,,,,,,,,,,,,,,,,,
7679,None,None,None,,,,,,12790,Cnga3,Mus musculus,cyclic nucleotide gated channel alpha 3(Cnga3),,,,,,,,,,,,,,,,,,,,,,,,,,,,,,,,,,,,,,,,,,,
36514,None,None,None,,,,,,27801,Zdhhc8,Mus musculus,"zinc finger, DHHC domain containing 8(Zdhhc8)",,,,,,,,,,,,,,,,,,,,,,,,,,,,,,,,,,,,,,,,,,,
36993,None,None,None,,,,,,26931,Ppp2r5c,Mus musculus,"protein phosphatase 2, regulatory subunit B', gamma(Ppp2r5c)",,,,,,,,,,,,,,,,,,,,,,,,,,,,,,,,,,,,,,,,,,,
32552,None,None,None,,,,,,26930,Ppnr,Mus musculus,per-pentamer repeat gene(Ppnr),,,,,,,,,,,,,,,,,,,,,,,,,,,,,,,,,,,,,,,,,,,
27841,None,None,None,,,,,,26932,Ppp2r5e,Mus musculus,"protein phosphatase 2, regulatory subunit B', epsilon(Ppp2r5e)",,,,,,,,,,,,,,,,,,,,,,,,,,,,,,,,,,,,,,,,,,,
31596,None,None,None,,,,,,12530,Cdc25a,Mus musculus,cell division cycle 25A(Cdc25a),,,,,,,,,,,,,,,,,,,,,,,,,,,,,,,,,,,,,,,,,,,
31432,None,None,None,,,,,,22349,Vil1,Mus musculus,villin 1(Vil1),,,,,,,,,,,,,,,,,,,,,,,,,,,,,,,,,,,,,,,,,,,
11627,None,None,None,,,,,,12301,Cacybp,Mus musculus,calcyclin binding protein(Cacybp),,,,,,,,,,,,,,,,,,,,,,,,,,,,,,,,,,,,,,,,,,,
12448,None,None,None,,,,,,19144,Klk6,Mus musculus,kallikrein related-peptidase 6(Klk6),,,,,,,,,,,,,,,,,,,,,,,,,,,,,,,,,,,,,,,,,,,
7894,None,None,None,,,,,,19143,St14,Mus musculus,suppression of tumorigenicity 14 (colon carcinoma)(St14),,,,,,,,,,,,,,,,,,,,,,,,,,,,,,,,,,,,,,,,,,,
23839,None,None,None,,,,,,19146,Tmprss15,Mus musculus,"transmembrane protease, serine 15(Tmprss15)",,,,,,,,,,,,,,,,,,,,,,,,,,,,,,,,,,,,,,,,,,,
40744,None,None,None,,,,,,19142,Prss12,Mus musculus,serine protease 12 neurotrypsin (motopsin)(Prss12),,,,,,,,,,,,,,,,,,,,,,,,,,,,,,,,,,,,,,,,,,,
34989,None,None,None,,,,,,13849,Ephx1,Mus musculus,"epoxide hydrolase 1, microsomal(Ephx1)",,,,,,,,,,,,,,,,,,,,,,,,,,,,,,,,,,,,,,,,,,,
25126,None,None,None,,,,,,13845,Ephb3,Mus musculus,Eph receptor B3(Ephb3),,,,,,,,,,,,,,,,,,,,,,,,,,,,,,,,,,,,,,,,,,,
34992,None,None,None,,,,,,26926,Aifm1,Mus musculus,"apoptosis-inducing factor, mitochondrion-associated 1(Aifm1)",,,,,,,,,,,,,,,,,,,,,,,,,,,,,,,,,,,,,,,,,,,
33541,None,None,None,,,,,,26927,Foxl2,Mus musculus,forkhead box L2(Foxl2),,,,,,,,,,,,,,,,,,,,,,,,,,,,,,,,,,,,,,,,,,,
35102,None,None,None,,,,,,12526,Cd8b1,Mus musculus,CD8 subunit beta 1(Cd8b1),,,,,,,,,,,,,,,,,,,,,,,,,,,,,,,,,,,,,,,,,,,
27826,None,None,None,,,,,,12527,Cd9,Mus musculus,CD9 antigen(Cd9),,,,,,,,,,,,,,,,,,,,,,,,,,,,,,,,,,,,,,,,,,,
36829,None,None,None,,,,,,12525,Cd8a,Mus musculus,CD8 subunit alpha(Cd8a),,,,,,,,,,,,,,,,,,,,,,,,,,,,,,,,,,,,,,,,,,,
14287,None,None,None,,,,,,19363,Rad51b,Mus musculus,RAD51 paralog B(Rad51b),,,,,,,,,,,,,,,,,,,,,,,,,,,,,,,,,,,,,,,,,,,
12790,None,None,None,,,,,,20592,Kdm5d,Mus musculus,lysine demethylase 5D(Kdm5d),,,,,,,,,,,,,,,,,,,,,,,,,,,,,,,,,,,,,,,,,,,
25985,None,None,None,,,,,,20591,Kdm5c,Mus musculus,lysine demethylase 5C(Kdm5c),,,,,,,,,,,,,,,,,,,,,,,,,,,,,,,,,,,,,,,,,,,
24396,None,None,None,,,,,,20590,smc,Mus musculus,spondylo-metaphyseal chondrodysplasia(smc),,,,,,,,,,,,,,,,,,,,,,,,,,,,,,,,,,,,,,,,,,,
33229,None,None,None,,,,,,17192,Mbd3,Mus musculus,methyl-CpG binding domain protein 3(Mbd3),,,,,,,,,,,,,,,,,,,,,,,,,,,,,,,,,,,,,,,,,,,
18002,None,None,None,,,,,,17195,Mbl2,Mus musculus,mannose-binding lectin (protein C) 2(Mbl2),,,,,,,,,,,,,,,,,,,,,,,,,,,,,,,,,,,,,,,,,,,
35932,None,None,None,,,,,,23874,Farsb,Mus musculus,"phenylalanyl-tRNA synthetase, beta subunit(Farsb)",,,,,,,,,,,,,,,,,,,,,,,,,,,,,,,,,,,,,,,,,,,
17928,None,None,None,,,,,,23877,Fiz1,Mus musculus,Flt3 interacting zinc finger protein 1(Fiz1),,,,,,,,,,,,,,,,,,,,,,,,,,,,,,,,,,,,,,,,,,,
15391,None,None,None,,,,,,13120,Cyp4b1,Mus musculus,"cytochrome P450, family 4, subfamily b, polypeptide 1(Cyp4b1)",,,,,,,,,,,,,,,,,,,,,,,,,,,,,,,,,,,,,,,,,,,
13592,None,None,None,,,,,,16635,Klra4,Mus musculus,"killer cell lectin-like receptor, subfamily A, member 4(Klra4)",,,,,,,,,,,,,,,,,,,,,,,,,,,,,,,,,,,,,,,,,,,
32332,None,None,None,,,,,,16400,Itga3,Mus musculus,integrin alpha 3(Itga3),,,,,,,,,,,,,,,,,,,,,,,,,,,,,,,,,,,,,,,,,,,
33679,None,None,None,,,,,,26447,Poli,Mus musculus,"polymerase (DNA directed), iota(Poli)",,,,,,,,,,,,,,,,,,,,,,,,,,,,,,,,,,,,,,,,,,,
37689,None,None,None,,,,,,18829,Ccl21a,Mus musculus,C-C motif chemokine ligand 21 (serine)(Ccl21a),,,,,,,,,,,,,,,,,,,,,,,,,,,,,,,,,,,,,,,,,,,
6544,None,None,None,,,,,,18826,Lcp1,Mus musculus,lymphocyte cytosolic protein 1(Lcp1),,,,,,,,,,,,,,,,,,,,,,,,,,,,,,,,,,,,,,,,,,,
28727,None,None,None,,,,,,14465,Gata6,Mus musculus,GATA binding protein 6(Gata6),,,,,,,,,,,,,,,,,,,,,,,,,,,,,,,,,,,,,,,,,,,
16816,None,None,None,,,,,,18828,Plscr2,Mus musculus,phospholipid scramblase 2(Plscr2),,,,,,,,,,,,,,,,,,,,,,,,,,,,,,,,,,,,,,,,,,,
20587,None,None,None,,,,,,14466,Gba1,Mus musculus,glucosylceramidase beta 1(Gba1),,,,,,,,,,,,,,,,,,,,,,,,,,,,,,,,,,,,,,,,,,,
36398,None,None,None,,,,,,14469,Gbp2,Mus musculus,guanylate binding protein 2(Gbp2),,,,,,,,,,,,,,,,,,,,,,,,,,,,,,,,,,,,,,,,,,,
40392,None,None,None,,,,,,12490,Cd34,Mus musculus,CD34 antigen(Cd34),,,,,,,,,,,,,,,,,,,,,,,,,,,,,,,,,,,,,,,,,,,
17558,None,None,None,,,,,,12491,Cd36,Mus musculus,CD36 molecule(Cd36),,,,,,,,,,,,,,,,,,,,,,,,,,,,,,,,,,,,,,,,,,,
33545,None,None,None,,,,,,12492,Scarb2,Mus musculus,"scavenger receptor class B, member 2(Scarb2)",,,,,,,,,,,,,,,,,,,,,,,,,,,,,,,,,,,,,,,,,,,
13428,None,None,None,,,,,,22052,trm,Mus musculus,tremor(trm),,,,,,,,,,,,,,,,,,,,,,,,,,,,,,,,,,,,,,,,,,,
34085,None,None,None,,,,,,26891,Cops4,Mus musculus,COP9 signalosome subunit 4(Cops4),,,,,,,,,,,,,,,,,,,,,,,,,,,,,,,,,,,,,,,,,,,
11632,None,None,None,,,,,,13592,Ebf2,Mus musculus,early B cell factor 2(Ebf2),,,,,,,,,,,,,,,,,,,,,,,,,,,,,,,,,,,,,,,,,,,
27902,None,None,None,,,,,,13114,Cyp3a16,Mus musculus,"cytochrome P450, family 3, subfamily a, polypeptide 16(Cyp3a16)",,,,,,,,,,,,,,,,,,,,,,,,,,,,,,,,,,,,,,,,,,,
12198,None,None,None,,,,,,14419,Gal,Mus musculus,galanin and GMAP prepropeptide(Gal),,,,,,,,,,,,,,,,,,,,,,,,,,,,,,,,,,,,,,,,,,,
37802,None,None,None,,,,,,17927,Myod1,Mus musculus,myogenic differentiation 1(Myod1),,,,,,,,,,,,,,,,,,,,,,,,,,,,,,,,,,,,,,,,,,,
36224,None,None,None,,,,,,17928,Myog,Mus musculus,myogenin(Myog),,,,,,,,,,,,,,,,,,,,,,,,,,,,,,,,,,,,,,,,,,,
18906,None,None,None,,,,,,17929,Myom1,Mus musculus,myomesin 1(Myom1),,,,,,,,,,,,,,,,,,,,,,,,,,,,,,,,,,,,,,,,,,,
13391,None,None,None,,,,,,17925,Myo9b,Mus musculus,myosin IXb(Myo9b),,,,,,,,,,,,,,,,,,,,,,,,,,,,,,,,,,,,,,,,,,,
35025,None,None,None,,,,,,17926,Myoc,Mus musculus,myocilin(Myoc),,,,,,,,,,,,,,,,,,,,,,,,,,,,,,,,,,,,,,,,,,,
30485,None,None,None,,,,,,26885,Casp8ap2,Mus musculus,caspase 8 associated protein 2(Casp8ap2),,,,,,,,,,,,,,,,,,,,,,,,,,,,,,,,,,,,,,,,,,,
13845,None,None,None,,,,,,26887,Chst4,Mus musculus,carbohydrate sulfotransferase 4(Chst4),,,,,,,,,,,,,,,,,,,,,,,,,,,,,,,,,,,,,,,,,,,
16089,None,None,None,,,,,,26886,Cenph,Mus musculus,centromere protein H(Cenph),,,,,,,,,,,,,,,,,,,,,,,,,,,,,,,,,,,,,,,,,,,
35108,None,None,None,,,,,,26889,Cln8,Mus musculus,CLN8 transmembrane ER and ERGIC protein(Cln8),,,,,,,,,,,,,,,,,,,,,,,,,,,,,,,,,,,,,,,,,,,
37867,None,None,None,,,,,,26888,Clec4a2,Mus musculus,"C-type lectin domain family 4, member a2(Clec4a2)",,,,,,,,,,,,,,,,,,,,,,,,,,,,,,,,,,,,,,,,,,,
14292,None,None,None,,,,,,12487,Cd28,Mus musculus,CD28 antigen(Cd28),,,,,,,,,,,,,,,,,,,,,,,,,,,,,,,,,,,,,,,,,,,
26342,None,None,None,,,,,,12488,Cd2ap,Mus musculus,CD2-associated protein(Cd2ap),,,,,,,,,,,,,,,,,,,,,,,,,,,,,,,,,,,,,,,,,,,
38705,None,None,None,,,,,,17930,Myom2,Mus musculus,myomesin 2(Myom2),,,,,,,,,,,,,,,,,,,,,,,,,,,,,,,,,,,,,,,,,,,
31961,None,None,None,,,,,,17931,Ppp1r12a,Mus musculus,"protein phosphatase 1, regulatory subunit 12A(Ppp1r12a)",,,,,,,,,,,,,,,,,,,,,,,,,,,,,,,,,,,,,,,,,,,
20626,None,None,None,,,,,,17932,Myt1,Mus musculus,myelin transcription factor 1(Myt1),,,,,,,,,,,,,,,,,,,,,,,,,,,,,,,,,,,,,,,,,,,
32289,None,None,None,,,,,,12489,Cd33,Mus musculus,CD33 molecule(Cd33),,,,,,,,,,,,,,,,,,,,,,,,,,,,,,,,,,,,,,,,,,,
35029,None,None,None,,,,,,16603,Klk2-ps,Mus musculus,"kallikrein-related peptidase 2, pseudogene(Klk2-ps)",,,,,,,,,,,,,,,,,,,,,,,,,,,,,,,,,,,,,,,,,,,
36089,None,None,None,,,,,,16816,Lcat,Mus musculus,lecithin cholesterol acyltransferase(Lcat),,,,,,,,,,,,,,,,,,,,,,,,,,,,,,,,,,,,,,,,,,,
11798,None,None,None,,,,,,12454,Ccnk,Mus musculus,cyclin K(Ccnk),,,,,,,,,,,,,,,,,,,,,,,,,,,,,,,,,,,,,,,,,,,
40745,None,None,None,,,,,,15968,Ifna5,Mus musculus,interferon alpha 5(Ifna5),,,,,,,,,,,,,,,,,,,,,,,,,,,,,,,,,,,,,,,,,,,
32429,None,None,None,,,,,,14880,Gtayu2,Mus musculus,gene trap AYU 2(Gtayu2),,,,,,,,,,,,,,,,,,,,,,,,,,,,,,,,,,,,,,,,,,,
37729,None,None,None,,,,,,13313,Del(5)43H,Mus musculus,"deletion, Chr 5, Harwell 43(Del(5)43H)",,,,,,,,,,,,,,,,,,,,,,,,,,,,,,,,,,,,,,,,,,,
15445,None,None,None,,,,,,14404,Gabre,Mus musculus,"gamma-aminobutyric acid (GABA) A receptor, subunit epsilon(Gabre)",,,,,,,,,,,,,,,,,,,,,,,,,,,,,,,,,,,,,,,,,,,
32586,None,None,None,,,,,,14290,Fpr-rs3,Mus musculus,"formyl peptide receptor, related sequence 3(Fpr-rs3)",,,,,,,,,,,,,,,,,,,,,,,,,,,,,,,,,,,,,,,,,,,
23343,None,None,None,,,,,,14291,Fpr-rs4,Mus musculus,"formyl peptide receptor, related sequence 4(Fpr-rs4)",,,,,,,,,,,,,,,,,,,,,,,,,,,,,,,,,,,,,,,,,,,
22349,None,None,None,,,,,,20729,Spin1,Mus musculus,spindlin 1(Spin1),,,,,,,,,,,,,,,,,,,,,,,,,,,,,,,,,,,,,,,,,,,
10731,None,None,None,,,,,,16478,Jund,Mus musculus,jun D proto-oncogene(Jund),,,,,,,,,,,,,,,,,,,,,,,,,,,,,,,,,,,,,,,,,,,
41289,None,None,None,,,,,,19504,Rb(16.19)1Bu,Mus musculus,"Robertsonian translocation, Chr 16 and 19, Burdette 1(Rb(16.19)1Bu)",,,,,,,,,,,,,,,,,,,,,,,,,,,,,,,,,,,,,,,,,,,
18147,None,None,None,,,,,,15394,Hoxa1,Mus musculus,homeobox A1(Hoxa1),,,,,,,,,,,,,,,,,,,,,,,,,,,,,,,,,,,,,,,,,,,
31562,None,None,None,,,,,,16453,Jak3,Mus musculus,Janus kinase 3(Jak3),,,,,,,,,,,,,,,,,,,,,,,,,,,,,,,,,,,,,,,,,,,
24226,None,None,None,,,,,,16452,Jak2,Mus musculus,Janus kinase 2(Jak2),,,,,,,,,,,,,,,,,,,,,,,,,,,,,,,,,,,,,,,,,,,
26447,None,None,None,,,,,,19727,Rfxank,Mus musculus,regulatory factor X-associated ankyrin-containing protein(Rfxank),,,,,,,,,,,,,,,,,,,,,,,,,,,,,,,,,,,,,,,,,,,
32329,None,None,None,,,,,,19729,Slc50a1,Mus musculus,"solute carrier family 50 (sugar transporter), member 1(Slc50a1)",,,,,,,,,,,,,,,,,,,,,,,,,,,,,,,,,,,,,,,,,,,
30527,None,None,None,,,,,,19726,Rfx3,Mus musculus,"regulatory factor X, 3 (influences HLA class II expression)(Rfx3)",,,,,,,,,,,,,,,,,,,,,,,,,,,,,,,,,,,,,,,,,,,
12252,None,None,None,,,,,,19725,Rfx2,Mus musculus,"regulatory factor X, 2 (influences HLA class II expression)(Rfx2)",,,,,,,,,,,,,,,,,,,,,,,,,,,,,,,,,,,,,,,,,,,
36785,None,None,None,,,,,,19732,Rgl2,Mus musculus,ral guanine nucleotide dissociation stimulator-like 2(Rgl2),,,,,,,,,,,,,,,,,,,,,,,,,,,,,,,,,,,,,,,,,,,
14621,None,None,None,,,,,,14287,Fpgs,Mus musculus,folylpolyglutamyl synthetase(Fpgs),,,,,,,,,,,,,,,,,,,,,,,,,,,,,,,,,,,,,,,,,,,
11630,None,None,None,,,,,,16227,In(1)49Rk,Mus musculus,"inversion, Chr 1, Roderick 49(In(1)49Rk)",,,,,,,,,,,,,,,,,,,,,,,,,,,,,,,,,,,,,,,,,,,
24186,None,None,None,,,,,,14289,Fpr2,Mus musculus,formyl peptide receptor 2(Fpr2),,,,,,,,,,,,,,,,,,,,,,,,,,,,,,,,,,,,,,,,,,,
12485,None,None,None,,,,,,16675,Krt27,Mus musculus,keratin 27(Krt27),,,,,,,,,,,,,,,,,,,,,,,,,,,,,,,,,,,,,,,,,,,
12669,None,None,None,,,,,,15587,Hyal2,Mus musculus,hyaluronoglucosaminidase 2(Hyal2),,,,,,,,,,,,,,,,,,,,,,,,,,,,,,,,,,,,,,,,,,,
7271,None,None,None,,,,,,16202,Ilk,Mus musculus,integrin linked kinase(Ilk),,,,,,,,,,,,,,,,,,,,,,,,,,,,,,,,,,,,,,,,,,,
17195,None,None,None,,,,,,16201,Ilf3,Mus musculus,interleukin enhancer binding factor 3(Ilf3),,,,,,,,,,,,,,,,,,,,,,,,,,,,,,,,,,,,,,,,,,,
12629,None,None,None,,,,,,20947,Swap70,Mus musculus,SWA-70 protein(Swap70),,,,,,,,,,,,,,,,,,,,,,,,,,,,,,,,,,,,,,,,,,,
15752,None,None,None,,,,,,20703,Serpina1d,Mus musculus,"serine (or cysteine) peptidase inhibitor, clade A, member 1D(Serpina1d)",,,,,,,,,,,,,,,,,,,,,,,,,,,,,,,,,,,,,,,,,,,
11961,None,None,None,,,,,,20945,Svs6,Mus musculus,seminal vesicle secretory protein 6(Svs6),,,,,,,,,,,,,,,,,,,,,,,,,,,,,,,,,,,,,,,,,,,
11592,None,None,None,,,,,,20944,Svs5,Mus musculus,seminal vesicle secretory protein 5(Svs5),,,,,,,,,,,,,,,,,,,,,,,,,,,,,,,,,,,,,,,,,,,
16675,None,None,None,,,,,,16206,Lrig1,Mus musculus,leucine-rich repeats and immunoglobulin-like domains 1(Lrig1),,,,,,,,,,,,,,,,,,,,,,,,,,,,,,,,,,,,,,,,,,,
32325,None,None,None,,,,,,14470,Rabac1,Mus musculus,Rab acceptor 1 (prenylated)(Rabac1),,,,,,,,,,,,,,,,,,,,,,,,,,,,,,,,,,,,,,,,,,,
28687,None,None,None,,,,,,12051,Bcl3,Mus musculus,B cell leukemia/lymphoma 3(Bcl3),,,,,,,,,,,,,,,,,,,,,,,,,,,,,,,,,,,,,,,,,,,
16091,None,None,None,,,,,,18830,Pltp,Mus musculus,phospholipid transfer protein(Pltp),,,,,,,,,,,,,,,,,,,,,,,,,,,,,,,,,,,,,,,,,,,
28251,None,None,None,,,,,,12050,Bcl2l2,Mus musculus,BCL2-like 2(Bcl2l2),,,,,,,,,,,,,,,,,,,,,,,,,,,,,,,,,,,,,,,,,,,
27786,None,None,None,,,,,,13385,Dlg4,Mus musculus,discs large MAGUK scaffold protein 4(Dlg4),,,,,,,,,,,,,,,,,,,,,,,,,,,,,,,,,,,,,,,,,,,
7758,None,None,None,,,,,,13386,Dlk1,Mus musculus,delta like non-canonical Notch ligand 1(Dlk1),,,,,,,,,,,,,,,,,,,,,,,,,,,,,,,,,,,,,,,,,,,
15441,None,None,None,,,,,,27789,565M12F,Mus musculus,"DNA segment, 56M12F (Research Genetics)(565M12F)",,,,,,,,,,,,,,,,,,,,,,,,,,,,,,,,,,,,,,,,,,,
28891,None,None,None,,,,,,27785,D5Buc30e,Mus musculus,"DNA segment, Chr 5, Bucan 30 expressed(D5Buc30e)",,,,,,,,,,,,,,,,,,,,,,,,,,,,,,,,,,,,,,,,,,,
42547,None,None,None,,,,,,13389,Dll3,Mus musculus,delta like canonical Notch ligand 3(Dll3),,,,,,,,,,,,,,,,,,,,,,,,,,,,,,,,,,,,,,,,,,,
36076,None,None,None,,,,,,13388,Dll1,Mus musculus,delta like canonical Notch ligand 1(Dll1),,,,,,,,,,,,,,,,,,,,,,,,,,,,,,,,,,,,,,,,,,,
2007,None,None,None,,,,,,13392,Dlx2,Mus musculus,distal-less homeobox 2(Dlx2),,,,,,,,,,,,,,,,,,,,,,,,,,,,,,,,,,,,,,,,,,,
16714,None,None,None,,,,,,13390,Dlx1,Mus musculus,distal-less homeobox 1(Dlx1),,,,,,,,,,,,,,,,,,,,,,,,,,,,,,,,,,,,,,,,,,,
29858,None,None,None,,,,,,27791,D18Abb2e,Mus musculus,"DNA segment, Chr 18, Abbott 2 expressed(D18Abb2e)",,,,,,,,,,,,,,,,,,,,,,,,,,,,,,,,,,,,,,,,,,,
18022,None,None,None,,,,,,27792,D14Abb2e,Mus musculus,"DNA segment, Chr 14, Abbott 2 expressed(D14Abb2e)",,,,,,,,,,,,,,,,,,,,,,,,,,,,,,,,,,,,,,,,,,,
17886,None,None,None,,,,,,27790,DXPas19,Mus musculus,"DNA segment, Chr X, Pasteur Institute 19(DXPas19)",,,,,,,,,,,,,,,,,,,,,,,,,,,,,,,,,,,,,,,,,,,
41285,None,None,None,,,,,,12069,Bex2,Mus musculus,brain expressed X-linked 2(Bex2),,,,,,,,,,,,,,,,,,,,,,,,,,,,,,,,,,,,,,,,,,,
30525,None,None,None,,,,,,29278,Lasp1,Rattus norvegicus,LIM and SH3 protein 1(Lasp1),,,,,,,,,,,,,,,,,,,,,,,,,,,,,,,,,,,,,,,,,,,
18832,None,None,None,,,,,,29489,Dync1h1,Rattus norvegicus,dynein cytoplasmic 1 heavy chain 1(Dync1h1),,,,,,,,,,,,,,,,,,,,,,,,,,,,,,,,,,,,,,,,,,,
12199,None,None,None,,,,,,29233,Clcn7,Rattus norvegicus,chloride voltage-gated channel 7(Clcn7),,,,,,,,,,,,,,,,,,,,,,,,,,,,,,,,,,,,,,,,,,,
38005,None,None,None,,,,,,25086,Cyp2e1,Rattus norvegicus,"cytochrome P450, family 2, subfamily e, polypeptide 1(Cyp2e1)",,,,,,,,,,,,,,,,,,,,,,,,,,,,,,,,,,,,,,,,,,,
19820,None,None,None,,,,,,25085,Th,Rattus norvegicus,tyrosine hydroxylase(Th),,,,,,,,,,,,,,,,,,,,,,,,,,,,,,,,,,,,,,,,,,,
23877,None,None,None,,,,,,25087,Kng2l1,Rattus norvegicus,kininogen 2-like 1(Kng2l1),,,,,,,,,,,,,,,,,,,,,,,,,,,,,,,,,,,,,,,,,,,
11702,None,None,None,,,,,,25203,Ccnb1,Rattus norvegicus,cyclin B1(Ccnb1),,,,,,,,,,,,,,,,,,,,,,,,,,,,,,,,,,,,,,,,,,,
13431,None,None,None,,,,,,24582,Myh11,Rattus norvegicus,myosin heavy chain 11(Myh11),,,,,,,,,,,,,,,,,,,,,,,,,,,,,,,,,,,,,,,,,,,
40432,None,None,None,,,,,,24192,Akr1b1,Rattus norvegicus,aldo-keto reductase family 1 member B1(Akr1b1),,,,,,,,,,,,,,,,,,,,,,,,,,,,,,,,,,,,,,,,,,,
9008,None,None,None,,,,,,24190,Aldob,Rattus norvegicus,"aldolase, fructose-bisphosphate B(Aldob)",,,,,,,,,,,,,,,,,,,,,,,,,,,,,,,,,,,,,,,,,,,
35574,None,None,None,,,,,,24191,Aldoc,Rattus norvegicus,"aldolase, fructose-bisphosphate C(Aldoc)",,,,,,,,,,,,,,,,,,,,,,,,,,,,,,,,,,,,,,,,,,,
18829,None,None,None,,,,,,29625,Crhbp,Rattus norvegicus,corticotropin releasing hormone binding protein(Crhbp),,,,,,,,,,,,,,,,,,,,,,,,,,,,,,,,,,,,,,,,,,,
26927,None,None,None,,,,,,29629,Gria4,Rattus norvegicus,glutamate ionotropic receptor AMPA type subunit 4(Gria4),,,,,,,,,,,,,,,,,,,,,,,,,,,,,,,,,,,,,,,,,,,
39303,None,None,None,,,,,,29628,Gria3,Rattus norvegicus,glutamate ionotropic receptor AMPA type subunit 3(Gria3),,,,,,,,,,,,,,,,,,,,,,,,,,,,,,,,,,,,,,,,,,,
36827,None,None,None,,,,,,29627,Gria2,Rattus norvegicus,glutamate ionotropic receptor AMPA type subunit 2(Gria2),,,,,,,,,,,,,,,,,,,,,,,,,,,,,,,,,,,,,,,,,,,
42543,None,None,None,,,,,,24189,Aldoa,Rattus norvegicus,"aldolase, fructose-bisphosphate A(Aldoa)",,,,,,,,,,,,,,,,,,,,,,,,,,,,,,,,,,,,,,,,,,,
37690,None,None,None,,,,,,24185,Akt1,Rattus norvegicus,AKT serine/threonine kinase 1(Akt1),,,,,,,,,,,,,,,,,,,,,,,,,,,,,,,,,,,,,,,,,,,
10041,None,None,None,,,,,,29632,Hsd3b2,Rattus norvegicus,"hydroxy-delta-5-steroid dehydrogenase, 3 beta- and steroid delta-isomerase 2(Hsd3b2)",,,,,,,,,,,,,,,,,,,,,,,,,,,,,,,,,,,,,,,,,,,
33308,None,None,None,,,,,,24186,Alb,Rattus norvegicus,albumin(Alb),,,,,,,,,,,,,,,,,,,,,,,,,,,,,,,,,,,,,,,,,,,
31391,None,None,None,,,,,,29631,Bet1,Rattus norvegicus,Bet1 golgi vesicular membrane trafficking protein(Bet1),,,,,,,,,,,,,,,,,,,,,,,,,,,,,,,,,,,,,,,,,,,
14331,None,None,None,,,,,,29630,Psme1,Rattus norvegicus,proteasome activator subunit 1(Psme1),,,,,,,,,,,,,,,,,,,,,,,,,,,,,,,,,,,,,,,,,,,
36725,None,None,None,,,,,,24188,Aldh1a1,Rattus norvegicus,"aldehyde dehydrogenase 1 family, member A1(Aldh1a1)",,,,,,,,,,,,,,,,,,,,,,,,,,,,,,,,,,,,,,,,,,,
4959,None,None,None,,,,,,29585,Gjb3,Rattus norvegicus,"gap junction protein, beta 3(Gjb3)",,,,,,,,,,,,,,,,,,,,,,,,,,,,,,,,,,,,,,,,,,,
25086,None,None,None,,,,,,29589,Pou3f4,Rattus norvegicus,POU class 3 homeobox 4(Pou3f4),,,,,,,,,,,,,,,,,,,,,,,,,,,,,,,,,,,,,,,,,,,
25127,None,None,None,,,,,,29588,Pou3f2,Rattus norvegicus,POU class 3 homeobox 2(Pou3f2),,,,,,,,,,,,,,,,,,,,,,,,,,,,,,,,,,,,,,,,,,,
4748,None,None,None,,,,,,29586,Gjb5,Rattus norvegicus,"gap junction protein, beta 5(Gjb5)",,,,,,,,,,,,,,,,,,,,,,,,,,,,,,,,,,,,,,,,,,,
18831,None,None,None,,,,,,29592,Bcat1,Rattus norvegicus,branched chain amino acid transaminase 1(Bcat1),,,,,,,,,,,,,,,,,,,,,,,,,,,,,,,,,,,,,,,,,,,
24227,None,None,None,,,,,,29591,Tgfbr1,Rattus norvegicus,"transforming growth factor, beta receptor 1(Tgfbr1)",,,,,,,,,,,,,,,,,,,,,,,,,,,,,,,,,,,,,,,,,,,
21782,None,None,None,,,,,,25103,Chrnb4,Rattus norvegicus,cholinergic receptor nicotinic beta 4 subunit(Chrnb4),,,,,,,,,,,,,,,,,,,,,,,,,,,,,,,,,,,,,,,,,,,
17032,None,None,None,,,,,,25101,Chrna3,Rattus norvegicus,cholinergic receptor nicotinic alpha 3 subunit(Chrna3),,,,,,,,,,,,,,,,,,,,,,,,,,,,,,,,,,,,,,,,,,,
14465,None,None,None,,,,,,24230,Tspo,Rattus norvegicus,translocator protein(Tspo),,,,,,,,,,,,,,,,,,,,,,,,,,,,,,,,,,,,,,,,,,,
2351,None,None,None,,,,,,24231,C2,Rattus norvegicus,complement C2(C2),,,,,,,,,,,,,,,,,,,,,,,,,,,,,,,,,,,,,,,,,,,
39158,None,None,None,,,,,,24232,C3,Rattus norvegicus,complement C3(C3),,,,,,,,,,,,,,,,,,,,,,,,,,,,,,,,,,,,,,,,,,,
35928,None,None,None,,,,,,24225,Bdnf,Rattus norvegicus,brain-derived neurotrophic factor(Bdnf),,,,,,,,,,,,,,,,,,,,,,,,,,,,,,,,,,,,,,,,,,,
22387,None,None,None,,,,,,25145,Cd24,Rattus norvegicus,CD24 molecule(Cd24),,,,,,,,,,,,,,,,,,,,,,,,,,,,,,,,,,,,,,,,,,,
37869,None,None,None,,,,,,29754,Atp5mc1,Rattus norvegicus,ATP synthase membrane subunit c locus 1(Atp5mc1),,,,,,,,,,,,,,,,,,,,,,,,,,,,,,,,,,,,,,,,,,,
31425,None,None,None,,,,,,25125,Stat3,Rattus norvegicus,signal transducer and activator of transcription 3(Stat3),,,,,,,,,,,,,,,,,,,,,,,,,,,,,,,,,,,,,,,,,,,
20947,None,None,None,,,,,,25126,Stat5b,Rattus norvegicus,signal transducer and activator of transcription 5B(Stat5b),,,,,,,,,,,,,,,,,,,,,,,,,,,,,,,,,,,,,,,,,,,
16092,None,None,None,,,,,,25129,Egr4,Rattus norvegicus,early growth response 4(Egr4),,,,,,,,,,,,,,,,,,,,,,,,,,,,,,,,,,,,,,,,,,,
9384,None,None,None,,,,,,25130,Stx2,Rattus norvegicus,syntaxin 2(Stx2),,,,,,,,,,,,,,,,,,,,,,,,,,,,,,,,,,,,,,,,,,,
36787,None,None,None,,,,,,25132,Myo5b,Rattus norvegicus,myosin Vb(Myo5b),,,,,,,,,,,,,,,,,,,,,,,,,,,,,,,,,,,,,,,,,,,
18792,None,None,None,,,,,,,,,,,,,,,,,,,,,,,,,,,,,,,,,,,,,,,,,,,,,,,,,,,,
23751,None,None,None,,,,,,,,,,,,,,,,,,,,,,,,,,,,,,,,,,,,,,,,,,,,,,,,,,,,
30529,None,None,None,,,,,,,,,,,,,,,,,,,,,,,,,,,,,,,,,,,,,,,,,,,,,,,,,,,,
37692,None,None,None,,,,,,,,,,,,,,,,,,,,,,,,,,,,,,,,,,,,,,,,,,,,,,,,,,,,
38779,None,None,None,,,,,,,,,,,,,,,,,,,,,,,,,,,,,,,,,,,,,,,,,,,,,,,,,,,,
17926,None,None,None,,,,,,,,,,,,,,,,,,,,,,,,,,,,,,,,,,,,,,,,,,,,,,,,,,,,
13751,None,None,None,,,,,,,,,,,,,,,,,,,,,,,,,,,,,,,,,,,,,,,,,,,,,,,,,,,,
35885,None,None,None,,,,,,,,,,,,,,,,,,,,,,,,,,,,,,,,,,,,,,,,,,,,,,,,,,,,
6112,None,None,None,,,,,,,,,,,,,,,,,,,,,,,,,,,,,,,,,,,,,,,,,,,,,,,,,,,,
12680,None,None,None,,,,,,,,,,,,,,,,,,,,,,,,,,,,,,,,,,,,,,,,,,,,,,,,,,,,
33774,None,None,None,,,,,,,,,,,,,,,,,,,,,,,,,,,,,,,,,,,,,,,,,,,,,,,,,,,,
36696,None,None,None,,,,,,,,,,,,,,,,,,,,,,,,,,,,,,,,,,,,,,,,,,,,,,,,,,,,
35294,None,None,None,,,,,,,,,,,,,,,,,,,,,,,,,,,,,,,,,,,,,,,,,,,,,,,,,,,,
30489,None,None,None,,,,,,,,,,,,,,,,,,,,,,,,,,,,,,,,,,,,,,,,,,,,,,,,,,,,
32844,None,None,None,,,,,,,,,,,,,,,,,,,,,,,,,,,,,,,,,,,,,,,,,,,,,,,,,,,,
15303,None,None,None,,,,,,,,,,,,,,,,,,,,,,,,,,,,,,,,,,,,,,,,,,,,,,,,,,,,
21485,None,None,None,,,,,,,,,,,,,,,,,,,,,,,,,,,,,,,,,,,,,,,,,,,,,,,,,,,,
34201,None,None,None,,,,,,,,,,,,,,,,,,,,,,,,,,,,,,,,,,,,,,,,,,,,,,,,,,,,
36107,None,None,None,,,,,,,,,,,,,,,,,,,,,,,,,,,,,,,,,,,,,,,,,,,,,,,,,,,,
33327,None,None,None,,,,,,,,,,,,,,,,,,,,,,,,,,,,,,,,,,,,,,,,,,,,,,,,,,,,
35888,None,None,None,,,,,,,,,,,,,,,,,,,,,,,,,,,,,,,,,,,,,,,,,,,,,,,,,,,,
39491,None,None,None,,,,,,,,,,,,,,,,,,,,,,,,,,,,,,,,,,,,,,,,,,,,,,,,,,,,
34414,None,None,None,,,,,,,,,,,,,,,,,,,,,,,,,,,,,,,,,,,,,,,,,,,,,,,,,,,,
12525,None,None,None,,,,,,,,,,,,,,,,,,,,,,,,,,,,,,,,,,,,,,,,,,,,,,,,,,,,
21532,None,None,None,,,,,,,,,,,,,,,,,,,,,,,,,,,,,,,,,,,,,,,,,,,,,,,,,,,,
15096,None,None,None,,,,,,,,,,,,,,,,,,,,,,,,,,,,,,,,,,,,,,,,,,,,,,,,,,,,
19338,None,None,None,,,,,,,,,,,,,,,,,,,,,,,,,,,,,,,,,,,,,,,,,,,,,,,,,,,,
37889,None,None,None,,,,,,,,,,,,,,,,,,,,,,,,,,,,,,,,,,,,,,,,,,,,,,,,,,,,
35891,None,None,None,,,,,,,,,,,,,,,,,,,,,,,,,,,,,,,,,,,,,,,,,,,,,,,,,,,,
18789,None,None,None,,,,,,,,,,,,,,,,,,,,,,,,,,,,,,,,,,,,,,,,,,,,,,,,,,,,
19148,None,None,None,,,,,,,,,,,,,,,,,,,,,,,,,,,,,,,,,,,,,,,,,,,,,,,,,,,,
33187,None,None,None,,,,,,,,,,,,,,,,,,,,,,,,,,,,,,,,,,,,,,,,,,,,,,,,,,,,
40390,None,None,None,,,,,,,,,,,,,,,,,,,,,,,,,,,,,,,,,,,,,,,,,,,,,,,,,,,,
14291,None,None,None,,,,,,,,,,,,,,,,,,,,,,,,,,,,,,,,,,,,,,,,,,,,,,,,,,,,
35931,None,None,None,,,,,,,,,,,,,,,,,,,,,,,,,,,,,,,,,,,,,,,,,,,,,,,,,,,,
29625,None,None,None,,,,,,,,,,,,,,,,,,,,,,,,,,,,,,,,,,,,,,,,,,,,,,,,,,,,
16131,None,None,None,,,,,,,,,,,,,,,,,,,,,,,,,,,,,,,,,,,,,,,,,,,,,,,,,,,,
37801,None,None,None,,,,,,,,,,,,,,,,,,,,,,,,,,,,,,,,,,,,,,,,,,,,,,,,,,,,
27827,None,None,None,,,,,,,,,,,,,,,,,,,,,,,,,,,,,,,,,,,,,,,,,,,,,,,,,,,,
8025,None,None,None,,,,,,,,,,,,,,,,,,,,,,,,,,,,,,,,,,,,,,,,,,,,,,,,,,,,
18452,None,None,None,,,,,,,,,,,,,,,,,,,,,,,,,,,,,,,,,,,,,,,,,,,,,,,,,,,,
34091,None,None,None,,,,,,,,,,,,,,,,,,,,,,,,,,,,,,,,,,,,,,,,,,,,,,,,,,,,
29754,None,None,None,,,,,,,,,,,,,,,,,,,,,,,,,,,,,,,,,,,,,,,,,,,,,,,,,,,,
11590,None,None,None,,,,,,,,,,,,,,,,,,,,,,,,,,,,,,,,,,,,,,,,,,,,,,,,,,,,
27149,None,None,None,,,,,,,,,,,,,,,,,,,,,,,,,,,,,,,,,,,,,,,,,,,,,,,,,,,,
5857,None,None,None,,,,,,,,,,,,,,,,,,,,,,,,,,,,,,,,,,,,,,,,,,,,,,,,,,,,
21665,None,None,None,,,,,,,,,,,,,,,,,,,,,,,,,,,,,,,,,,,,,,,,,,,,,,,,,,,,
41287,None,None,None,,,,,,,,,,,,,,,,,,,,,,,,,,,,,,,,,,,,,,,,,,,,,,,,,,,,
27788,None,None,None,,,,,,,,,,,,,,,,,,,,,,,,,,,,,,,,,,,,,,,,,,,,,,,,,,,,
40845,None,None,None,,,,,,,,,,,,,,,,,,,,,,,,,,,,,,,,,,,,,,,,,,,,,,,,,,,,
34207,None,None,None,,,,,,,,,,,,,,,,,,,,,,,,,,,,,,,,,,,,,,,,,,,,,,,,,,,,
25207,None,None,None,,,,,,,,,,,,,,,,,,,,,,,,,,,,,,,,,,,,,,,,,,,,,,,,,,,,
31347,None,None,None,,,,,,,,,,,,,,,,,,,,,,,,,,,,,,,,,,,,,,,,,,,,,,,,,,,,
29792,None,None,None,,,,,,,,,,,,,,,,,,,,,,,,,,,,,,,,,,,,,,,,,,,,,,,,,,,,
25141,None,None,None,,,,,,,,,,,,,,,,,,,,,,,,,,,,,,,,,,,,,,,,,,,,,,,,,,,,
33543,None,None,None,,,,,,,,,,,,,,,,,,,,,,,,,,,,,,,,,,,,,,,,,,,,,,,,,,,,
37817,None,None,None,,,,,,,,,,,,,,,,,,,,,,,,,,,,,,,,,,,,,,,,,,,,,,,,,,,,
13741,None,None,None,,,,,,,,,,,,,,,,,,,,,,,,,,,,,,,,,,,,,,,,,,,,,,,,,,,,
13294,None,None,None,,,,,,,,,,,,,,,,,,,,,,,,,,,,,,,,,,,,,,,,,,,,,,,,,,,,
23874,None,None,None,,,,,,,,,,,,,,,,,,,,,,,,,,,,,,,,,,,,,,,,,,,,,,,,,,,,
15304,None,None,None,,,,,,,,,,,,,,,,,,,,,,,,,,,,,,,,,,,,,,,,,,,,,,,,,,,,
31289,None,None,None,,,,,,,,,,,,,,,,,,,,,,,,,,,,,,,,,,,,,,,,,,,,,,,,,,,,
36109,None,None,None,,,,,,,,,,,,,,,,,,,,,,,,,,,,,,,,,,,,,,,,,,,,,,,,,,,,
36976,None,None,None,,,,,,,,,,,,,,,,,,,,,,,,,,,,,,,,,,,,,,,,,,,,,,,,,,,,
15309,None,None,None,,,,,,,,,,,,,,,,,,,,,,,,,,,,,,,,,,,,,,,,,,,,,,,,,,,,
16132,None,None,None,,,,,,,,,,,,,,,,,,,,,,,,,,,,,,,,,,,,,,,,,,,,,,,,,,,,
39531,None,None,None,,,,,,,,,,,,,,,,,,,,,,,,,,,,,,,,,,,,,,,,,,,,,,,,,,,,
42191,None,None,None,,,,,,,,,,,,,,,,,,,,,,,,,,,,,,,,,,,,,,,,,,,,,,,,,,,,
31431,None,None,None,,,,,,,,,,,,,,,,,,,,,,,,,,,,,,,,,,,,,,,,,,,,,,,,,,,,
36995,None,None,None,,,,,,,,,,,,,,,,,,,,,,,,,,,,,,,,,,,,,,,,,,,,,,,,,,,,
12280,None,None,None,,,,,,,,,,,,,,,,,,,,,,,,,,,,,,,,,,,,,,,,,,,,,,,,,,,,
35925,None,None,None,,,,,,,,,,,,,,,,,,,,,,,,,,,,,,,,,,,,,,,,,,,,,,,,,,,,
33644,None,None,None,,,,,,,,,,,,,,,,,,,,,,,,,,,,,,,,,,,,,,,,,,,,,,,,,,,,
24187,None,None,None,,,,,,,,,,,,,,,,,,,,,,,,,,,,,,,,,,,,,,,,,,,,,,,,,,,,
32292,None,None,None,,,,,,,,,,,,,,,,,,,,,,,,,,,,,,,,,,,,,,,,,,,,,,,,,,,,
29585,None,None,None,,,,,,,,,,,,,,,,,,,,,,,,,,,,,,,,,,,,,,,,,,,,,,,,,,,,
40388,None,None,None,,,,,,,,,,,,,,,,,,,,,,,,,,,,,,,,,,,,,,,,,,,,,,,,,,,,
2349,None,None,None,,,,,,,,,,,,,,,,,,,,,,,,,,,,,,,,,,,,,,,,,,,,,,,,,,,,
4730,None,None,None,,,,,,,,,,,,,,,,,,,,,,,,,,,,,,,,,,,,,,,,,,,,,,,,,,,,
17175,None,None,None,,,,,,,,,,,,,,,,,,,,,,,,,,,,,,,,,,,,,,,,,,,,,,,,,,,,
14550,None,None,None,,,,,,,,,,,,,,,,,,,,,,,,,,,,,,,,,,,,,,,,,,,,,,,,,,,,
37989,None,None,None,,,,,,,,,,,,,,,,,,,,,,,,,,,,,,,,,,,,,,,,,,,,,,,,,,,,
41329,None,None,None,,,,,,,,,,,,,,,,,,,,,,,,,,,,,,,,,,,,,,,,,,,,,,,,,,,,
35032,None,None,None,,,,,,,,,,,,,,,,,,,,,,,,,,,,,,,,,,,,,,,,,,,,,,,,,,,,
34131,None,None,None,,,,,,,,,,,,,,,,,,,,,,,,,,,,,,,,,,,,,,,,,,,,,,,,,,,,
22655,None,None,None,,,,,,,,,,,,,,,,,,,,,,,,,,,,,,,,,,,,,,,,,,,,,,,,,,,,
31388,None,None,None,,,,,,,,,,,,,,,,,,,,,,,,,,,,,,,,,,,,,,,,,,,,,,,,,,,,
35346,None,None,None,,,,,,,,,,,,,,,,,,,,,,,,,,,,,,,,,,,,,,,,,,,,,,,,,,,,
17030,None,None,None,,,,,,,,,,,,,,,,,,,,,,,,,,,,,,,,,,,,,,,,,,,,,,,,,,,,
29631,None,None,None,,,,,,,,,,,,,,,,,,,,,,,,,,,,,,,,,,,,,,,,,,,,,,,,,,,,
31428,None,None,None,,,,,,,,,,,,,,,,,,,,,,,,,,,,,,,,,,,,,,,,,,,,,,,,,,,,
4903,None,None,None,,,,,,,,,,,,,,,,,,,,,,,,,,,,,,,,,,,,,,,,,,,,,,,,,,,,
24190,None,None,None,,,,,,,,,,,,,,,,,,,,,,,,,,,,,,,,,,,,,,,,,,,,,,,,,,,,
29591,None,None,None,,,,,,,,,,,,,,,,,,,,,,,,,,,,,,,,,,,,,,,,,,,,,,,,,,,,
20015,None,None,None,,,,,,,,,,,,,,,,,,,,,,,,,,,,,,,,,,,,,,,,,,,,,,,,,,,,
16227,None,None,None,,,,,,,,,,,,,,,,,,,,,,,,,,,,,,,,,,,,,,,,,,,,,,,,,,,,
16129,None,None,None,,,,,,,,,,,,,,,,,,,,,,,,,,,,,,,,,,,,,,,,,,,,,,,,,,,,
33391,None,None,None,,,,,,,,,,,,,,,,,,,,,,,,,,,,,,,,,,,,,,,,,,,,,,,,,,,,
25208,None,None,None,,,,,,,,,,,,,,,,,,,,,,,,,,,,,,,,,,,,,,,,,,,,,,,,,,,,
15311,None,None,None,,,,,,,,,,,,,,,,,,,,,,,,,,,,,,,,,,,,,,,,,,,,,,,,,,,,
18791,None,None,None,,,,,,,,,,,,,,,,,,,,,,,,,,,,,,,,,,,,,,,,,,,,,,,,,,,,
21490,None,None,None,,,,,,,,,,,,,,,,,,,,,,,,,,,,,,,,,,,,,,,,,,,,,,,,,,,,
31519,None,None,None,,,,,,,,,,,,,,,,,,,,,,,,,,,,,,,,,,,,,,,,,,,,,,,,,,,,
25087,None,None,None,,,,,,,,,,,,,,,,,,,,,,,,,,,,,,,,,,,,,,,,,,,,,,,,,,,,
16201,None,None,None,,,,,,,,,,,,,,,,,,,,,,,,,,,,,,,,,,,,,,,,,,,,,,,,,,,,
37730,None,None,None,,,,,,,,,,,,,,,,,,,,,,,,,,,,,,,,,,,,,,,,,,,,,,,,,,,,
31385,None,None,None,,,,,,,,,,,,,,,,,,,,,,,,,,,,,,,,,,,,,,,,,,,,,,,,,,,,
27787,None,None,None,,,,,,,,,,,,,,,,,,,,,,,,,,,,,,,,,,,,,,,,,,,,,,,,,,,,
33326,None,None,None,,,,,,,,,,,,,,,,,,,,,,,,,,,,,,,,,,,,,,,,,,,,,,,,,,,,
19144,None,None,None,,,,,,,,,,,,,,,,,,,,,,,,,,,,,,,,,,,,,,,,,,,,,,,,,,,,
15390,None,None,None,,,,,,,,,,,,,,,,,,,,,,,,,,,,,,,,,,,,,,,,,,,,,,,,,,,,
21530,None,None,None,,,,,,,,,,,,,,,,,,,,,,,,,,,,,,,,,,,,,,,,,,,,,,,,,,,,
23884,None,None,None,,,,,,,,,,,,,,,,,,,,,,,,,,,,,,,,,,,,,,,,,,,,,,,,,,,,
33302,None,None,None,,,,,,,,,,,,,,,,,,,,,,,,,,,,,,,,,,,,,,,,,,,,,,,,,,,,
25203,None,None,None,,,,,,,,,,,,,,,,,,,,,,,,,,,,,,,,,,,,,,,,,,,,,,,,,,,,
14471,None,None,None,,,,,,,,,,,,,,,,,,,,,,,,,,,,,,,,,,,,,,,,,,,,,,,,,,,,
34045,None,None,None,,,,,,,,,,,,,,,,,,,,,,,,,,,,,,,,,,,,,,,,,,,,,,,,,,,,
27016,None,None,None,,,,,,,,,,,,,,,,,,,,,,,,,,,,,,,,,,,,,,,,,,,,,,,,,,,,
16202,None,None,None,,,,,,,,,,,,,,,,,,,,,,,,,,,,,,,,,,,,,,,,,,,,,,,,,,,,
23425,None,None,None,,,,,,,,,,,,,,,,,,,,,,,,,,,,,,,,,,,,,,,,,,,,,,,,,,,,
20943,None,None,None,,,,,,,,,,,,,,,,,,,,,,,,,,,,,,,,,,,,,,,,,,,,,,,,,,,,
18478,None,None,None,,,,,,,,,,,,,,,,,,,,,,,,,,,,,,,,,,,,,,,,,,,,,,,,,,,,
7406,None,None,None,,,,,,,,,,,,,,,,,,,,,,,,,,,,,,,,,,,,,,,,,,,,,,,,,,,,
27828,None,None,None,,,,,,,,,,,,,,,,,,,,,,,,,,,,,,,,,,,,,,,,,,,,,,,,,,,,
11350,None,None,None,,,,,,,,,,,,,,,,,,,,,,,,,,,,,,,,,,,,,,,,,,,,,,,,,,,,
13114,None,None,None,,,,,,,,,,,,,,,,,,,,,,,,,,,,,,,,,,,,,,,,,,,,,,,,,,,,
12449,None,None,None,,,,,,,,,,,,,,,,,,,,,,,,,,,,,,,,,,,,,,,,,,,,,,,,,,,,
38181,None,None,None,,,,,,,,,,,,,,,,,,,,,,,,,,,,,,,,,,,,,,,,,,,,,,,,,,,,
23992,None,None,None,,,,,,,,,,,,,,,,,,,,,,,,,,,,,,,,,,,,,,,,,,,,,,,,,,,,
31075,None,None,None,,,,,,,,,,,,,,,,,,,,,,,,,,,,,,,,,,,,,,,,,,,,,,,,,,,,
25101,None,None,None,,,,,,,,,,,,,,,,,,,,,,,,,,,,,,,,,,,,,,,,,,,,,,,,,,,,
28147,None,None,None,,,,,,,,,,,,,,,,,,,,,,,,,,,,,,,,,,,,,,,,,,,,,,,,,,,,
21748,None,None,None,,,,,,,,,,,,,,,,,,,,,,,,,,,,,,,,,,,,,,,,,,,,,,,,,,,,
23289,None,None,None,,,,,,,,,,,,,,,,,,,,,,,,,,,,,,,,,,,,,,,,,,,,,,,,,,,,
23781,None,None,None,,,,,,,,,,,,,,,,,,,,,,,,,,,,,,,,,,,,,,,,,,,,,,,,,,,,
30271,None,None,None,,,,,,,,,,,,,,,,,,,,,,,,,,,,,,,,,,,,,,,,,,,,,,,,,,,,
24582,None,None,None,,,,,,,,,,,,,,,,,,,,,,,,,,,,,,,,,,,,,,,,,,,,,,,,,,,,
28148,None,None,None,,,,,,,,,,,,,,,,,,,,,,,,,,,,,,,,,,,,,,,,,,,,,,,,,,,,
39751,None,None,None,,,,,,,,,,,,,,,,,,,,,,,,,,,,,,,,,,,,,,,,,,,,,,,,,,,,
16516,None,None,None,,,,,,,,,,,,,,,,,,,,,,,,,,,,,,,,,,,,,,,,,,,,,,,,,,,,
36961,None,None,None,,,,,,,,,,,,,,,,,,,,,,,,,,,,,,,,,,,,,,,,,,,,,,,,,,,,
36458,None,None,None,,,,,,,,,,,,,,,,,,,,,,,,,,,,,,,,,,,,,,,,,,,,,,,,,,,,
34452,None,None,None,,,,,,,,,,,,,,,,,,,,,,,,,,,,,,,,,,,,,,,,,,,,,,,,,,,,
24395,None,None,None,,,,,,,,,,,,,,,,,,,,,,,,,,,,,,,,,,,,,,,,,,,,,,,,,,,,
33225,None,None,None,,,,,,,,,,,,,,,,,,,,,,,,,,,,,,,,,,,,,,,,,,,,,,,,,,,,
37127,None,None,None,,,,,,,,,,,,,,,,,,,,,,,,,,,,,,,,,,,,,,,,,,,,,,,,,,,,
16208,None,None,None,,,,,,,,,,,,,,,,,,,,,,,,,,,,,,,,,,,,,,,,,,,,,,,,,,,,
24230,None,None,None,,,,,,,,,,,,,,,,,,,,,,,,,,,,,,,,,,,,,,,,,,,,,,,,,,,,
36404,None,None,None,,,,,,,,,,,,,,,,,,,,,,,,,,,,,,,,,,,,,,,,,,,,,,,,,,,,
27930,None,None,None,,,,,,,,,,,,,,,,,,,,,,,,,,,,,,,,,,,,,,,,,,,,,,,,,,,,
26029,None,None,None,,,,,,,,,,,,,,,,,,,,,,,,,,,,,,,,,,,,,,,,,,,,,,,,,,,,
18028,None,None,None,,,,,,,,,,,,,,,,,,,,,,,,,,,,,,,,,,,,,,,,,,,,,,,,,,,,
36694,None,None,None,,,,,,,,,,,,,,,,,,,,,,,,,,,,,,,,,,,,,,,,,,,,,,,,,,,,
33546,None,None,None,,,,,,,,,,,,,,,,,,,,,,,,,,,,,,,,,,,,,,,,,,,,,,,,,,,,
7987,None,None,None,,,,,,,,,,,,,,,,,,,,,,,,,,,,,,,,,,,,,,,,,,,,,,,,,,,,
11139,None,None,None,,,,,,,,,,,,,,,,,,,,,,,,,,,,,,,,,,,,,,,,,,,,,,,,,,,,
36552,None,None,None,,,,,,,,,,,,,,,,,,,,,,,,,,,,,,,,,,,,,,,,,,,,,,,,,,,,
26126,None,None,None,,,,,,,,,,,,,,,,,,,,,,,,,,,,,,,,,,,,,,,,,,,,,,,,,,,,
68,None,None,None,,,,,,,,,,,,,,,,,,,,,,,,,,,,,,,,,,,,,,,,,,,,,,,,,,,,
19147,None,None,None,,,,,,,,,,,,,,,,,,,,,,,,,,,,,,,,,,,,,,,,,,,,,,,,,,,,
37878,None,None,None,,,,,,,,,,,,,,,,,,,,,,,,,,,,,,,,,,,,,,,,,,,,,,,,,,,,
23853,None,None,None,,,,,,,,,,,,,,,,,,,,,,,,,,,,,,,,,,,,,,,,,,,,,,,,,,,,
28730,None,None,None,,,,,,,,,,,,,,,,,,,,,,,,,,,,,,,,,,,,,,,,,,,,,,,,,,,,
7985,None,None,None,,,,,,,,,,,,,,,,,,,,,,,,,,,,,,,,,,,,,,,,,,,,,,,,,,,,
11701,None,None,None,,,,,,,,,,,,,,,,,,,,,,,,,,,,,,,,,,,,,,,,,,,,,,,,,,,,
20942,None,None,None,,,,,,,,,,,,,,,,,,,,,,,,,,,,,,,,,,,,,,,,,,,,,,,,,,,,
36439,None,None,None,,,,,,,,,,,,,,,,,,,,,,,,,,,,,,,,,,,,,,,,,,,,,,,,,,,,
18078,None,None,None,,,,,,,,,,,,,,,,,,,,,,,,,,,,,,,,,,,,,,,,,,,,,,,,,,,,
40430,None,None,None,,,,,,,,,,,,,,,,,,,,,,,,,,,,,,,,,,,,,,,,,,,,,,,,,,,,
17888,None,None,None,,,,,,,,,,,,,,,,,,,,,,,,,,,,,,,,,,,,,,,,,,,,,,,,,,,,
7664,None,None,None,,,,,,,,,,,,,,,,,,,,,,,,,,,,,,,,,,,,,,,,,,,,,,,,,,,,
7452,None,None,None,,,,,,,,,,,,,,,,,,,,,,,,,,,,,,,,,,,,,,,,,,,,,,,,,,,,
16206,None,None,None,,,,,,,,,,,,,,,,,,,,,,,,,,,,,,,,,,,,,,,,,,,,,,,,,,,,
28690,None,None,None,,,,,,,,,,,,,,,,,,,,,,,,,,,,,,,,,,,,,,,,,,,,,,,,,,,,
32846,None,None,None,,,,,,,,,,,,,,,,,,,,,,,,,,,,,,,,,,,,,,,,,,,,,,,,,,,,
12527,None,None,None,,,,,,,,,,,,,,,,,,,,,,,,,,,,,,,,,,,,,,,,,,,,,,,,,,,,
15498,None,None,None,,,,,,,,,,,,,,,,,,,,,,,,,,,,,,,,,,,,,,,,,,,,,,,,,,,,
16755,None,None,None,,,,,,,,,,,,,,,,,,,,,,,,,,,,,,,,,,,,,,,,,,,,,,,,,,,,
980,None,None,None,,,,,,,,,,,,,,,,,,,,,,,,,,,,,,,,,,,,,,,,,,,,,,,,,,,,
34644,None,None,None,,,,,,,,,,,,,,,,,,,,,,,,,,,,,,,,,,,,,,,,,,,,,,,,,,,,
19398,None,None,None,,,,,,,,,,,,,,,,,,,,,,,,,,,,,,,,,,,,,,,,,,,,,,,,,,,,
32207,None,None,None,,,,,,,,,,,,,,,,,,,,,,,,,,,,,,,,,,,,,,,,,,,,,,,,,,,,
13849,None,None,None,,,,,,,,,,,,,,,,,,,,,,,,,,,,,,,,,,,,,,,,,,,,,,,,,,,,
22520,None,None,None,,,,,,,,,,,,,,,,,,,,,,,,,,,,,,,,,,,,,,,,,,,,,,,,,,,,
18500,None,None,None,,,,,,,,,,,,,,,,,,,,,,,,,,,,,,,,,,,,,,,,,,,,,,,,,,,,
14784,None,None,None,,,,,,,,,,,,,,,,,,,,,,,,,,,,,,,,,,,,,,,,,,,,,,,,,,,,
79,None,None,None,,,,,,,,,,,,,,,,,,,,,,,,,,,,,,,,,,,,,,,,,,,,,,,,,,,,
19801,None,None,None,,,,,,,,,,,,,,,,,,,,,,,,,,,,,,,,,,,,,,,,,,,,,,,,,,,,
33764,None,None,None,,,,,,,,,,,,,,,,,,,,,,,,,,,,,,,,,,,,,,,,,,,,,,,,,,,,
36647,None,None,None,,,,,,,,,,,,,,,,,,,,,,,,,,,,,,,,,,,,,,,,,,,,,,,,,,,,
38548,None,None,None,,,,,,,,,,,,,,,,,,,,,,,,,,,,,,,,,,,,,,,,,,,,,,,,,,,,
34843,None,None,None,,,,,,,,,,,,,,,,,,,,,,,,,,,,,,,,,,,,,,,,,,,,,,,,,,,,
35347,None,None,None,,,,,,,,,,,,,,,,,,,,,,,,,,,,,,,,,,,,,,,,,,,,,,,,,,,,
16990,None,None,None,,,,,,,,,,,,,,,,,,,,,,,,,,,,,,,,,,,,,,,,,,,,,,,,,,,,
24093,None,None,None,,,,,,,,,,,,,,,,,,,,,,,,,,,,,,,,,,,,,,,,,,,,,,,,,,,,
15310,None,None,None,,,,,,,,,,,,,,,,,,,,,,,,,,,,,,,,,,,,,,,,,,,,,,,,,,,,
19504,None,None,None,,,,,,,,,,,,,,,,,,,,,,,,,,,,,,,,,,,,,,,,,,,,,,,,,,,,
30981,None,None,None,,,,,,,,,,,,,,,,,,,,,,,,,,,,,,,,,,,,,,,,,,,,,,,,,,,,
31132,None,None,None,,,,,,,,,,,,,,,,,,,,,,,,,,,,,,,,,,,,,,,,,,,,,,,,,,,,
39786,None,None,None,,,,,,,,,,,,,,,,,,,,,,,,,,,,,,,,,,,,,,,,,,,,,,,,,,,,
32772,None,None,None,,,,,,,,,,,,,,,,,,,,,,,,,,,,,,,,,,,,,,,,,,,,,,,,,,,,
25088,None,None,None,,,,,,,,,,,,,,,,,,,,,,,,,,,,,,,,,,,,,,,,,,,,,,,,,,,,
35130,None,None,None,,,,,,,,,,,,,,,,,,,,,,,,,,,,,,,,,,,,,,,,,,,,,,,,,,,,
21607,None,None,None,,,,,,,,,,,,,,,,,,,,,,,,,,,,,,,,,,,,,,,,,,,,,,,,,,,,
3492,None,None,None,,,,,,,,,,,,,,,,,,,,,,,,,,,,,,,,,,,,,,,,,,,,,,,,,,,,
35103,None,None,None,,,,,,,,,,,,,,,,,,,,,,,,,,,,,,,,,,,,,,,,,,,,,,,,,,,,
16757,None,None,None,,,,,,,,,,,,,,,,,,,,,,,,,,,,,,,,,,,,,,,,,,,,,,,,,,,,
30029,None,None,None,,,,,,,,,,,,,,,,,,,,,,,,,,,,,,,,,,,,,,,,,,,,,,,,,,,,
7661,None,None,None,,,,,,,,,,,,,,,,,,,,,,,,,,,,,,,,,,,,,,,,,,,,,,,,,,,,
29233,None,None,None,,,,,,,,,,,,,,,,,,,,,,,,,,,,,,,,,,,,,,,,,,,,,,,,,,,,
20703,None,None,None,,,,,,,,,,,,,,,,,,,,,,,,,,,,,,,,,,,,,,,,,,,,,,,,,,,,
12072,None,None,None,,,,,,,,,,,,,,,,,,,,,,,,,,,,,,,,,,,,,,,,,,,,,,,,,,,,
31157,None,None,None,,,,,,,,,,,,,,,,,,,,,,,,,,,,,,,,,,,,,,,,,,,,,,,,,,,,
16271,None,None,None,,,,,,,,,,,,,,,,,,,,,,,,,,,,,,,,,,,,,,,,,,,,,,,,,,,,
35600,None,None,None,,,,,,,,,,,,,,,,,,,,,,,,,,,,,,,,,,,,,,,,,,,,,,,,,,,,
40428,None,None,None,,,,,,,,,,,,,,,,,,,,,,,,,,,,,,,,,,,,,,,,,,,,,,,,,,,,
19062,None,None,None,,,,,,,,,,,,,,,,,,,,,,,,,,,,,,,,,,,,,,,,,,,,,,,,,,,,
1872,None,None,None,,,,,,,,,,,,,,,,,,,,,,,,,,,,,,,,,,,,,,,,,,,,,,,,,,,,
26743,None,None,None,,,,,,,,,,,,,,,,,,,,,,,,,,,,,,,,,,,,,,,,,,,,,,,,,,,,
16126,None,None,None,,,,,,,,,,,,,,,,,,,,,,,,,,,,,,,,,,,,,,,,,,,,,,,,,,,,
27047,None,None,None,,,,,,,,,,,,,,,,,,,,,,,,,,,,,,,,,,,,,,,,,,,,,,,,,,,,
20209,None,None,None,,,,,,,,,,,,,,,,,,,,,,,,,,,,,,,,,,,,,,,,,,,,,,,,,,,,
23747,None,None,None,,,,,,,,,,,,,,,,,,,,,,,,,,,,,,,,,,,,,,,,,,,,,,,,,,,,
15681,None,None,None,,,,,,,,,,,,,,,,,,,,,,,,,,,,,,,,,,,,,,,,,,,,,,,,,,,,
34654,None,None,None,,,,,,,,,,,,,,,,,,,,,,,,,,,,,,,,,,,,,,,,,,,,,,,,,,,,
4516,None,None,None,,,,,,,,,,,,,,,,,,,,,,,,,,,,,,,,,,,,,,,,,,,,,,,,,,,,
33159,None,None,None,,,,,,,,,,,,,,,,,,,,,,,,,,,,,,,,,,,,,,,,,,,,,,,,,,,,
33303,None,None,None,,,,,,,,,,,,,,,,,,,,,,,,,,,,,,,,,,,,,,,,,,,,,,,,,,,,
27801,None,None,None,,,,,,,,,,,,,,,,,,,,,,,,,,,,,,,,,,,,,,,,,,,,,,,,,,,,
18786,None,None,None,,,,,,,,,,,,,,,,,,,,,,,,,,,,,,,,,,,,,,,,,,,,,,,,,,,,
4963,None,None,None,,,,,,,,,,,,,,,,,,,,,,,,,,,,,,,,,,,,,,,,,,,,,,,,,,,,
37967,None,None,None,,,,,,,,,,,,,,,,,,,,,,,,,,,,,,,,,,,,,,,,,,,,,,,,,,,,
15394,None,None,None,,,,,,,,,,,,,,,,,,,,,,,,,,,,,,,,,,,,,,,,,,,,,,,,,,,,
33753,None,None,None,,,,,,,,,,,,,,,,,,,,,,,,,,,,,,,,,,,,,,,,,,,,,,,,,,,,
15587,None,None,None,,,,,,,,,,,,,,,,,,,,,,,,,,,,,,,,,,,,,,,,,,,,,,,,,,,,
36576,None,None,None,,,,,,,,,,,,,,,,,,,,,,,,,,,,,,,,,,,,,,,,,,,,,,,,,,,,
14898,None,None,None,,,,,,,,,,,,,,,,,,,,,,,,,,,,,,,,,,,,,,,,,,,,,,,,,,,,
24113,None,None,None,,,,,,,,,,,,,,,,,,,,,,,,,,,,,,,,,,,,,,,,,,,,,,,,,,,,
14547,None,None,None,,,,,,,,,,,,,,,,,,,,,,,,,,,,,,,,,,,,,,,,,,,,,,,,,,,,
38836,None,None,None,,,,,,,,,,,,,,,,,,,,,,,,,,,,,,,,,,,,,,,,,,,,,,,,,,,,
21043,None,None,None,,,,,,,,,,,,,,,,,,,,,,,,,,,,,,,,,,,,,,,,,,,,,,,,,,,,
18826,None,None,None,,,,,,,,,,,,,,,,,,,,,,,,,,,,,,,,,,,,,,,,,,,,,,,,,,,,
918,None,None,None,,,,,,,,,,,,,,,,,,,,,,,,,,,,,,,,,,,,,,,,,,,,,,,,,,,,
37401,None,None,None,,,,,,,,,,,,,,,,,,,,,,,,,,,,,,,,,,,,,,,,,,,,,,,,,,,,
12163,None,None,None,,,,,,,,,,,,,,,,,,,,,,,,,,,,,,,,,,,,,,,,,,,,,,,,,,,,
4870,None,None,None,,,,,,,,,,,,,,,,,,,,,,,,,,,,,,,,,,,,,,,,,,,,,,,,,,,,
16992,None,None,None,,,,,,,,,,,,,,,,,,,,,,,,,,,,,,,,,,,,,,,,,,,,,,,,,,,,
15968,None,None,None,,,,,,,,,,,,,,,,,,,,,,,,,,,,,,,,,,,,,,,,,,,,,,,,,,,,
12105,None,None,None,,,,,,,,,,,,,,,,,,,,,,,,,,,,,,,,,,,,,,,,,,,,,,,,,,,,
27052,None,None,None,,,,,,,,,,,,,,,,,,,,,,,,,,,,,,,,,,,,,,,,,,,,,,,,,,,,
33588,None,None,None,,,,,,,,,,,,,,,,,,,,,,,,,,,,,,,,,,,,,,,,,,,,,,,,,,,,
15625,None,None,None,,,,,,,,,,,,,,,,,,,,,,,,,,,,,,,,,,,,,,,,,,,,,,,,,,,,
12069,None,None,None,,,,,,,,,,,,,,,,,,,,,,,,,,,,,,,,,,,,,,,,,,,,,,,,,,,,
29489,None,None,None,,,,,,,,,,,,,,,,,,,,,,,,,,,,,,,,,,,,,,,,,,,,,,,,,,,,
11256,None,None,None,,,,,,,,,,,,,,,,,,,,,,,,,,,,,,,,,,,,,,,,,,,,,,,,,,,,
36989,None,None,None,,,,,,,,,,,,,,,,,,,,,,,,,,,,,,,,,,,,,,,,,,,,,,,,,,,,
16362,None,None,None,,,,,,,,,,,,,,,,,,,,,,,,,,,,,,,,,,,,,,,,,,,,,,,,,,,,
28143,None,None,None,,,,,,,,,,,,,,,,,,,,,,,,,,,,,,,,,,,,,,,,,,,,,,,,,,,,
36037,None,None,None,,,,,,,,,,,,,,,,,,,,,,,,,,,,,,,,,,,,,,,,,,,,,,,,,,,,
13313,None,None,None,,,,,,,,,,,,,,,,,,,,,,,,,,,,,,,,,,,,,,,,,,,,,,,,,,,,
18061,None,None,None,,,,,,,,,,,,,,,,,,,,,,,,,,,,,,,,,,,,,,,,,,,,,,,,,,,,
36150,None,None,None,,,,,,,,,,,,,,,,,,,,,,,,,,,,,,,,,,,,,,,,,,,,,,,,,,,,
29278,None,None,None,,,,,,,,,,,,,,,,,,,,,,,,,,,,,,,,,,,,,,,,,,,,,,,,,,,,
16086,None,None,None,,,,,,,,,,,,,,,,,,,,,,,,,,,,,,,,,,,,,,,,,,,,,,,,,,,,
14864,None,None,None,,,,,,,,,,,,,,,,,,,,,,,,,,,,,,,,,,,,,,,,,,,,,,,,,,,,
16265,None,None,None,,,,,,,,,,,,,,,,,,,,,,,,,,,,,,,,,,,,,,,,,,,,,,,,,,,,
20176,None,None,None,,,,,,,,,,,,,,,,,,,,,,,,,,,,,,,,,,,,,,,,,,,,,,,,,,,,
33648,None,None,None,,,,,,,,,,,,,,,,,,,,,,,,,,,,,,,,,,,,,,,,,,,,,,,,,,,,
36574,None,None,None,,,,,,,,,,,,,,,,,,,,,,,,,,,,,,,,,,,,,,,,,,,,,,,,,,,,
20173,None,None,None,,,,,,,,,,,,,,,,,,,,,,,,,,,,,,,,,,,,,,,,,,,,,,,,,,,,
10360,NPM3,NPM3,nucleophosmin/nucleoplasmin 3 [Source:HGNC Symbol;Acc:HGNC:7931],ENTREZGENE_ACC,,,,,,,,,,,,,,,,,,,,,,,,,,,,,,,,,,,,,,,,,,,,,,,,,,,
23467,NPTXR,NPTXR,neuronal pentraxin receptor [Source:HGNC Symbol;Acc:HGNC:7954],ENTREZGENE_ACC,,,,,,,,,,,,,,,,,,,,,,,,,,,,,,,,,,,,,,,,,,,,,,,,,,,
4852,NPY,NPY,neuropeptide Y [Source:HGNC Symbol;Acc:HGNC:7955],ENTREZGENE_ACC,,,,,,,,,,,,,,,,,,,,,,,,,,,,,,,,,,,,,,,,,,,,,,,,,,,
1728,NQO1,NQO1,NAD(P)H quinone dehydrogenase 1 [Source:HGNC Symbol;Acc:HGNC:2874],ENTREZGENE_ACC,,,,,,,,,,,,,,,,,,,,,,,,,,,,,,,,,,,,,,,,,,,,,,,,,,,
10726,NUDC,NUDC,"nuclear distribution C, dynein complex regulator [Source:HGNC Symbol;Acc:HGNC:8045]",ENTREZGENE_ACC,,,,,,,,,,,,,,,,,,,,,,,,,,,,,,,,,,,,,,,,,,,,,,,,,,,
11247,NXPH4,NXPH4,neurexophilin 4 [Source:HGNC Symbol;Acc:HGNC:8078],ENTREZGENE_ACC,,,,,,,,,,,,,,,,,,,,,,,,,,,,,,,,,,,,,,,,,,,,,,,,,,,
4952,OCRL,OCRL,OCRL inositol polyphosphate-5-phosphatase [Source:HGNC Symbol;Acc:HGNC:8108],ENTREZGENE_ACC,,,,,,,,,,,,,,,,,,,,,,,,,,,,,,,,,,,,,,,,,,,,,,,,,,,
11054,OGFR,OGFR,opioid growth factor receptor [Source:HGNC Symbol;Acc:HGNC:15768],ENTREZGENE_ACC,,,,,,,,,,,,,,,,,,,,,,,,,,,,,,,,,,,,,,,,,,,,,,,,,,,
26341,OR5H1,OR5H1,olfactory receptor family 5 subfamily H member 1 [Source:HGNC Symbol;Acc:HGNC:8346],ENTREZGENE_ACC,,,,,,,,,,,,,,,,,,,,,,,,,,,,,,,,,,,,,,,,,,,,,,,,,,,
26031,OSBPL3,OSBPL3,oxysterol binding protein like 3 [Source:HGNC Symbol;Acc:HGNC:16370],ENTREZGENE_ACC,,,,,,,,,,,,,,,,,,,,,,,,,,,,,,,,,,,,,,,,,,,,,,,,,,,
5016,OVGP1,OVGP1,oviductal glycoprotein 1 [Source:HGNC Symbol;Acc:HGNC:8524],ENTREZGENE_ACC,,,,,,,,,,,,,,,,,,,,,,,,,,,,,,,,,,,,,,,,,,,,,,,,,,,
10914,PAPOLA,PAPOLA,poly(A) polymerase alpha [Source:HGNC Symbol;Acc:HGNC:14981],ENTREZGENE_ACC,,,,,,,,,,,,,,,,,,,,,,,,,,,,,,,,,,,,,,,,,,,,,,,,,,,
5078,PAX4,PAX4,paired box 4 [Source:HGNC Symbol;Acc:HGNC:8618],ENTREZGENE_ACC,,,,,,,,,,,,,,,,,,,,,,,,,,,,,,,,,,,,,,,,,,,,,,,,,,,
5094,PCBP2,PCBP2,poly(rC) binding protein 2 [Source:HGNC Symbol;Acc:HGNC:8648],ENTREZGENE_ACC,,,,,,,,,,,,,,,,,,,,,,,,,,,,,,,,,,,,,,,,,,,,,,,,,,,
26025,PCDHGA12,PCDHGA12,"protocadherin gamma subfamily A, 12 [Source:HGNC Symbol;Acc:HGNC:8699]",ENTREZGENE_ACC,,,,,,,,,,,,,,,,,,,,,,,,,,,,,,,,,,,,,,,,,,,,,,,,,,,
5195,PEX14,PEX14,peroxisomal biogenesis factor 14 [Source:HGNC Symbol;Acc:HGNC:8856],ENTREZGENE_ACC,,,,,,,,,,,,,,,,,,,,,,,,,,,,,,,,,,,,,,,,,,,,,,,,,,,
23469,PHF3,PHF3,PHD finger protein 3 [Source:HGNC Symbol;Acc:HGNC:8921],ENTREZGENE_ACC,,,,,,,,,,,,,,,,,,,,,,,,,,,,,,,,,,,,,,,,,,,,,,,,,,,
22822,PHLDA1,PHLDA1,pleckstrin homology like domain family A member 1 [Source:HGNC Symbol;Acc:HGNC:8933],ENTREZGENE_ACC,,,,,,,,,,,,,,,,,,,,,,,,,,,,,,,,,,,,,,,,,,,,,,,,,,,
8929,PHOX2B,PHOX2B,paired like homeobox 2B [Source:HGNC Symbol;Acc:HGNC:9143],ENTREZGENE_ACC,,,,,,,,,,,,,,,,,,,,,,,,,,,,,,,,,,,,,,,,,,,,,,,,,,,
5286,PIK3C2A,PIK3C2A,phosphatidylinositol-4-phosphate 3-kinase catalytic subunit type 2 alpha [Source:HGNC Symbol;Acc:HGNC:8971],ENTREZGENE_ACC,,,,,,,,,,,,,,,,,,,,,,,,,,,,,,,,,,,,,,,,,,,,,,,,,,,
5287,PIK3C2B,PIK3C2B,phosphatidylinositol-4-phosphate 3-kinase catalytic subunit type 2 beta [Source:HGNC Symbol;Acc:HGNC:8972],ENTREZGENE_ACC,,,,,,,,,,,,,,,,,,,,,,,,,,,,,,,,,,,,,,,,,,,,,,,,,,,
5288,PIK3C2G,PIK3C2G,phosphatidylinositol-4-phosphate 3-kinase catalytic subunit type 2 gamma [Source:HGNC Symbol;Acc:HGNC:8973],ENTREZGENE_ACC,,,,,,,,,,,,,,,,,,,,,,,,,,,,,,,,,,,,,,,,,,,,,,,,,,,
5289,PIK3C3,PIK3C3,phosphatidylinositol 3-kinase catalytic subunit type 3 [Source:HGNC Symbol;Acc:HGNC:8974],ENTREZGENE_ACC,,,,,,,,,,,,,,,,,,,,,,,,,,,,,,,,,,,,,,,,,,,,,,,,,,,
5290,PIK3CA,PIK3CA,"phosphatidylinositol-4,5-bisphosphate 3-kinase catalytic subunit alpha [Source:HGNC Symbol;Acc:HGNC:8975]",ENTREZGENE_ACC,,,,,,,,,,,,,,,,,,,,,,,,,,,,,,,,,,,,,,,,,,,,,,,,,,,
5291,PIK3CB,PIK3CB,"phosphatidylinositol-4,5-bisphosphate 3-kinase catalytic subunit beta [Source:HGNC Symbol;Acc:HGNC:8976]",ENTREZGENE_ACC,,,,,,,,,,,,,,,,,,,,,,,,,,,,,,,,,,,,,,,,,,,,,,,,,,,
5292,PIM1,PIM1,"Pim-1 proto-oncogene, serine/threonine kinase [Source:HGNC Symbol;Acc:HGNC:8986]",ENTREZGENE_ACC,,,,,,,,,,,,,,,,,,,,,,,,,,,,,,,,,,,,,,,,,,,,,,,,,,,
5920,PLAAT4,PLAAT4,phospholipase A and acyltransferase 4 [Source:HGNC Symbol;Acc:HGNC:9869],ENTREZGENE_ACC,,,,,,,,,,,,,,,,,,,,,,,,,,,,,,,,,,,,,,,,,,,,,,,,,,,
5325,PLAGL1,PLAGL1,PLAG1 like zinc finger 1 [Source:HGNC Symbol;Acc:HGNC:9046],ENTREZGENE_ACC,,,,,,,,,,,,,,,,,,,,,,,,,,,,,,,,,,,,,,,,,,,,,,,,,,,
5326,PLAGL2,PLAGL2,PLAG1 like zinc finger 2 [Source:HGNC Symbol;Acc:HGNC:9047],ENTREZGENE_ACC,,,,,,,,,,,,,,,,,,,,,,,,,,,,,,,,,,,,,,,,,,,,,,,,,,,
5327,PLAT,PLAT,"plasminogen activator, tissue type [Source:HGNC Symbol;Acc:HGNC:9051]",ENTREZGENE_ACC,,,,,,,,,,,,,,,,,,,,,,,,,,,,,,,,,,,,,,,,,,,,,,,,,,,
5328,PLAU,PLAU,"plasminogen activator, urokinase [Source:HGNC Symbol;Acc:HGNC:9052]",ENTREZGENE_ACC,,,,,,,,,,,,,,,,,,,,,,,,,,,,,,,,,,,,,,,,,,,,,,,,,,,
5329,PLAUR,PLAUR,"plasminogen activator, urokinase receptor [Source:HGNC Symbol;Acc:HGNC:9053]",ENTREZGENE_ACC,,,,,,,,,,,,,,,,,,,,,,,,,,,,,,,,,,,,,,,,,,,,,,,,,,,
5330,PLCB2,PLCB2,phospholipase C beta 2 [Source:HGNC Symbol;Acc:HGNC:9055],ENTREZGENE_ACC,,,,,,,,,,,,,,,,,,,,,,,,,,,,,,,,,,,,,,,,,,,,,,,,,,,
5331,PLCB3,PLCB3,phospholipase C beta 3 [Source:HGNC Symbol;Acc:HGNC:9056],ENTREZGENE_ACC,,,,,,,,,,,,,,,,,,,,,,,,,,,,,,,,,,,,,,,,,,,,,,,,,,,
5332,PLCB4,PLCB4,phospholipase C beta 4 [Source:HGNC Symbol;Acc:HGNC:9059],ENTREZGENE_ACC,,,,,,,,,,,,,,,,,,,,,,,,,,,,,,,,,,,,,,,,,,,,,,,,,,,
26030,PLEKHG3,PLEKHG3,pleckstrin homology and RhoGEF domain containing G3 [Source:HGNC Symbol;Acc:HGNC:20364],ENTREZGENE_ACC,,,,,,,,,,,,,,,,,,,,,,,,,,,,,,,,,,,,,,,,,,,,,,,,,,,
23207,PLEKHM2,PLEKHM2,pleckstrin homology and RUN domain containing M2 [Source:HGNC Symbol;Acc:HGNC:29131],ENTREZGENE_ACC,,,,,,,,,,,,,,,,,,,,,,,,,,,,,,,,,,,,,,,,,,,,,,,,,,,
10687,PNMA2,PNMA2,PNMA family member 2 [Source:HGNC Symbol;Acc:HGNC:9159],ENTREZGENE_ACC,,,,,,,,,,,,,,,,,,,,,,,,,,,,,,,,,,,,,,,,,,,,,,,,,,,
5425,POLD2,POLD2,"DNA polymerase delta 2, accessory subunit [Source:HGNC Symbol;Acc:HGNC:9176]",ENTREZGENE_ACC,,,,,,,,,,,,,,,,,,,,,,,,,,,,,,,,,,,,,,,,,,,,,,,,,,,
5427,POLE2,POLE2,"DNA polymerase epsilon 2, accessory subunit [Source:HGNC Symbol;Acc:HGNC:9178]",ENTREZGENE_ACC,,,,,,,,,,,,,,,,,,,,,,,,,,,,,,,,,,,,,,,,,,,,,,,,,,,
5428,POLG,POLG,"DNA polymerase gamma, catalytic subunit [Source:HGNC Symbol;Acc:HGNC:9179]",ENTREZGENE_ACC,,,,,,,,,,,,,,,,,,,,,,,,,,,,,,,,,,,,,,,,,,,,,,,,,,,
5430,POLR2A,POLR2A,RNA polymerase II subunit A [Source:HGNC Symbol;Acc:HGNC:9187],ENTREZGENE_ACC,,,,,,,,,,,,,,,,,,,,,,,,,,,,,,,,,,,,,,,,,,,,,,,,,,,
6992,PPP1R11,PPP1R11,protein phosphatase 1 regulatory inhibitor subunit 11 [Source:HGNC Symbol;Acc:HGNC:9285],ENTREZGENE_ACC,,,,,,,,,,,,,,,,,,,,,,,,,,,,,,,,,,,,,,,,,,,,,,,,,,,
5549,PRELP,PRELP,proline and arginine rich end leucine rich repeat protein [Source:HGNC Symbol;Acc:HGNC:9357],ENTREZGENE_ACC,,,,,,,,,,,,,,,,,,,,,,,,,,,,,,,,,,,,,,,,,,,,,,,,,,,
5616,PRKY,PRKY,protein kinase Y-linked (pseudogene) [Source:NCBI gene (formerly Entrezgene);Acc:5616],ENTREZGENE_ACC,,,,,,,,,,,,,,,,,,,,,,,,,,,,,,,,,,,,,,,,,,,,,,,,,,,
5652,PRSS8,PRSS8,serine protease 8 [Source:HGNC Symbol;Acc:HGNC:9491],ENTREZGENE_ACC,,,,,,,,,,,,,,,,,,,,,,,,,,,,,,,,,,,,,,,,,,,,,,,,,,,
5684,PSMA3,PSMA3,proteasome 20S subunit alpha 3 [Source:HGNC Symbol;Acc:HGNC:9532],ENTREZGENE_ACC,,,,,,,,,,,,,,,,,,,,,,,,,,,,,,,,,,,,,,,,,,,,,,,,,,,
9791,PTDSS1,PTDSS1,phosphatidylserine synthase 1 [Source:HGNC Symbol;Acc:HGNC:9587],ENTREZGENE_ACC,,,,,,,,,,,,,,,,,,,,,,,,,,,,,,,,,,,,,,,,,,,,,,,,,,,
10728,PTGES3,PTGES3,prostaglandin E synthase 3 [Source:HGNC Symbol;Acc:HGNC:16049],ENTREZGENE_ACC,,,,,,,,,,,,,,,,,,,,,,,,,,,,,,,,,,,,,,,,,,,,,,,,,,,
5862,RAB2A,RAB2A,"RAB2A, member RAS oncogene family [Source:HGNC Symbol;Acc:HGNC:9763]",ENTREZGENE_ACC,,,,,,,,,,,,,,,,,,,,,,,,,,,,,,,,,,,,,,,,,,,,,,,,,,,
5917,RARS1,RARS1,arginyl-tRNA synthetase 1 [Source:HGNC Symbol;Acc:HGNC:9870],ENTREZGENE_ACC,,,,,,,,,,,,,,,,,,,,,,,,,,,,,,,,,,,,,,,,,,,,,,,,,,,
5863,RGL2,RGL2,ral guanine nucleotide dissociation stimulator like 2 [Source:HGNC Symbol;Acc:HGNC:9769],ENTREZGENE_ACC,,,,,,,,,,,,,,,,,,,,,,,,,,,,,,,,,,,,,,,,,,,,,,,,,,,
9827,RGP1,RGP1,"RGP1 homolog, RAB6A GEF complex partner 1 [Source:HGNC Symbol;Acc:HGNC:21965]",ENTREZGENE_ACC,,,,,,,,,,,,,,,,,,,,,,,,,,,,,,,,,,,,,,,,,,,,,,,,,,,
29919,RMC1,RMC1,regulator of MON1-CCZ1 [Source:HGNC Symbol;Acc:HGNC:24326],ENTREZGENE_ACC,,,,,,,,,,,,,,,,,,,,,,,,,,,,,,,,,,,,,,,,,,,,,,,,,,,
6036,RNASE2,RNASE2,ribonuclease A family member 2 [Source:HGNC Symbol;Acc:HGNC:10045],ENTREZGENE_ACC,,,,,,,,,,,,,,,,,,,,,,,,,,,,,,,,,,,,,,,,,,,,,,,,,,,
26001,RNF167,RNF167,ring finger protein 167 [Source:HGNC Symbol;Acc:HGNC:24544],ENTREZGENE_ACC,,,,,,,,,,,,,,,,,,,,,,,,,,,,,,,,,,,,,,,,,,,,,,,,,,,
4736,RPL10A,RPL10A,ribosomal protein L10a [Source:HGNC Symbol;Acc:HGNC:10299],ENTREZGENE_ACC,,,,,,,,,,,,,,,,,,,,,,,,,,,,,,,,,,,,,,,,,,,,,,,,,,,
6185,RPN2,RPN2,ribophorin II [Source:HGNC Symbol;Acc:HGNC:10382],ENTREZGENE_ACC,,,,,,,,,,,,,,,,,,,,,,,,,,,,,,,,,,,,,,,,,,,,,,,,,,,
6187,RPS2,RPS2,ribosomal protein S2 [Source:HGNC Symbol;Acc:HGNC:10404],ENTREZGENE_ACC,,,,,,,,,,,,,,,,,,,,,,,,,,,,,,,,,,,,,,,,,,,,,,,,,,,
6227,RPS21,RPS21,ribosomal protein S21 [Source:HGNC Symbol;Acc:HGNC:10409],ENTREZGENE_ACC,,,,,,,,,,,,,,,,,,,,,,,,,,,,,,,,,,,,,,,,,,,,,,,,,,,
6228,RPS23,RPS23,ribosomal protein S23 [Source:HGNC Symbol;Acc:HGNC:10410],ENTREZGENE_ACC,,,,,,,,,,,,,,,,,,,,,,,,,,,,,,,,,,,,,,,,,,,,,,,,,,,
6229,RPS24,RPS24,ribosomal protein S24 [Source:HGNC Symbol;Acc:HGNC:10411],ENTREZGENE_ACC,,,,,,,,,,,,,,,,,,,,,,,,,,,,,,,,,,,,,,,,,,,,,,,,,,,
6230,RPS25,RPS25,ribosomal protein S25 [Source:HGNC Symbol;Acc:HGNC:10413],ENTREZGENE_ACC,,,,,,,,,,,,,,,,,,,,,,,,,,,,,,,,,,,,,,,,,,,,,,,,,,,
6231,RPS26,RPS26,ribosomal protein S26 [Source:HGNC Symbol;Acc:HGNC:10414],ENTREZGENE_ACC,,,,,,,,,,,,,,,,,,,,,,,,,,,,,,,,,,,,,,,,,,,,,,,,,,,
6232,RPS27,RPS27,ribosomal protein S27 [Source:HGNC Symbol;Acc:HGNC:10416],ENTREZGENE_ACC,,,,,,,,,,,,,,,,,,,,,,,,,,,,,,,,,,,,,,,,,,,,,,,,,,,
6188,RPS3,RPS3,ribosomal protein S3 [Source:HGNC Symbol;Acc:HGNC:10420],ENTREZGENE_ACC,,,,,,,,,,,,,,,,,,,,,,,,,,,,,,,,,,,,,,,,,,,,,,,,,,,
6189,RPS3A,RPS3A,ribosomal protein S3A [Source:HGNC Symbol;Acc:HGNC:10421],ENTREZGENE_ACC,,,,,,,,,,,,,,,,,,,,,,,,,,,,,,,,,,,,,,,,,,,,,,,,,,,
6191,RPS4X,RPS4X,ribosomal protein S4 X-linked [Source:HGNC Symbol;Acc:HGNC:10424],ENTREZGENE_ACC,,,,,,,,,,,,,,,,,,,,,,,,,,,,,,,,,,,,,,,,,,,,,,,,,,,
6192,RPS4Y1,RPS4Y1,ribosomal protein S4 Y-linked 1 [Source:HGNC Symbol;Acc:HGNC:10425],ENTREZGENE_ACC,,,,,,,,,,,,,,,,,,,,,,,,,,,,,,,,,,,,,,,,,,,,,,,,,,,
10692,RRH,RRH,retinal pigment epithelium-derived rhodopsin homolog [Source:HGNC Symbol;Acc:HGNC:10450],ENTREZGENE_ACC,,,,,,,,,,,,,,,,,,,,,,,,,,,,,,,,,,,,,,,,,,,,,,,,,,,
10055,SAE1,SAE1,SUMO1 activating enzyme subunit 1 [Source:HGNC Symbol;Acc:HGNC:30660],ENTREZGENE_ACC,,,,,,,,,,,,,,,,,,,,,,,,,,,,,,,,,,,,,,,,,,,,,,,,,,,
23328,SASH1,SASH1,SAM and SH3 domain containing 1 [Source:HGNC Symbol;Acc:HGNC:19182],ENTREZGENE_ACC,,,,,,,,,,,,,,,,,,,,,,,,,,,,,,,,,,,,,,,,,,,,,,,,,,,
11280,SCN11A,SCN11A,sodium voltage-gated channel alpha subunit 11 [Source:HGNC Symbol;Acc:HGNC:10583],ENTREZGENE_ACC,,,,,,,,,,,,,,,,,,,,,,,,,,,,,,,,,,,,,,,,,,,,,,,,,,,
9792,SERTAD2,SERTAD2,SERTA domain containing 2 [Source:HGNC Symbol;Acc:HGNC:30784],ENTREZGENE_ACC,,,,,,,,,,,,,,,,,,,,,,,,,,,,,,,,,,,,,,,,,,,,,,,,,,,
788,SLC25A20,SLC25A20,solute carrier family 25 member 20 [Source:HGNC Symbol;Acc:HGNC:1421],ENTREZGENE_ACC,,,,,,,,,,,,,,,,,,,,,,,,,,,,,,,,,,,,,,,,,,,,,,,,,,,
5172,SLC26A4,SLC26A4,solute carrier family 26 member 4 [Source:HGNC Symbol;Acc:HGNC:8818],ENTREZGENE_ACC,,,,,,,,,,,,,,,,,,,,,,,,,,,,,,,,,,,,,,,,,,,,,,,,,,,
9497,SLC4A7,SLC4A7,solute carrier family 4 member 7 [Source:HGNC Symbol;Acc:HGNC:11033],ENTREZGENE_ACC,,,,,,,,,,,,,,,,,,,,,,,,,,,,,,,,,,,,,,,,,,,,,,,,,,,
6543,SLC8A2,SLC8A2,solute carrier family 8 member A2 [Source:HGNC Symbol;Acc:HGNC:11069],ENTREZGENE_ACC,,,,,,,,,,,,,,,,,,,,,,,,,,,,,,,,,,,,,,,,,,,,,,,,,,,
6548,SLC9A1,SLC9A1,solute carrier family 9 member A1 [Source:HGNC Symbol;Acc:HGNC:11071],ENTREZGENE_ACC,,,,,,,,,,,,,,,,,,,,,,,,,,,,,,,,,,,,,,,,,,,,,,,,,,,
23583,SMUG1,SMUG1,single-strand-selective monofunctional uracil-DNA glycosylase 1 [Source:HGNC Symbol;Acc:HGNC:17148],ENTREZGENE_ACC,,,,,,,,,,,,,,,,,,,,,,,,,,,,,,,,,,,,,,,,,,,,,,,,,,,
25992,SNED1,SNED1,"sushi, nidogen and EGF like domains 1 [Source:HGNC Symbol;Acc:HGNC:24696]",ENTREZGENE_ACC,,,,,,,,,,,,,,,,,,,,,,,,,,,,,,,,,,,,,,,,,,,,,,,,,,,
8926,SNURF,SNURF,SNRPN upstream open reading frame [Source:HGNC Symbol;Acc:HGNC:11171],ENTREZGENE_ACC,,,,,,,,,,,,,,,,,,,,,,,,,,,,,,,,,,,,,,,,,,,,,,,,,,,
9825,SPATA2,SPATA2,spermatogenesis associated 2 [Source:HGNC Symbol;Acc:HGNC:14681],ENTREZGENE_ACC,,,,,,,,,,,,,,,,,,,,,,,,,,,,,,,,,,,,,,,,,,,,,,,,,,,
9789,SPCS2,SPCS2,signal peptidase complex subunit 2 [Source:HGNC Symbol;Acc:HGNC:28962],ENTREZGENE_ACC,,,,,,,,,,,,,,,,,,,,,,,,,,,,,,,,,,,,,,,,,,,,,,,,,,,
8027,STAM,STAM,signal transducing adaptor molecule [Source:HGNC Symbol;Acc:HGNC:11357],ENTREZGENE_ACC,,,,,,,,,,,,,,,,,,,,,,,,,,,,,,,,,,,,,,,,,,,,,,,,,,,
26032,SUSD5,SUSD5,sushi domain containing 5 [Source:HGNC Symbol;Acc:HGNC:29061],ENTREZGENE_ACC,,,,,,,,,,,,,,,,,,,,,,,,,,,,,,,,,,,,,,,,,,,,,,,,,,,
23345,SYNE1,SYNE1,spectrin repeat containing nuclear envelope protein 1 [Source:HGNC Symbol;Acc:HGNC:17089],ENTREZGENE_ACC,,,,,,,,,,,,,,,,,,,,,,,,,,,,,,,,,,,,,,,,,,,,,,,,,,,
5726,TAS2R38,TAS2R38,taste 2 receptor member 38 [Source:HGNC Symbol;Acc:HGNC:9584],ENTREZGENE_ACC,,,,,,,,,,,,,,,,,,,,,,,,,,,,,,,,,,,,,,,,,,,,,,,,,,,
8887,TAX1BP1,TAX1BP1,Tax1 binding protein 1 [Source:HGNC Symbol;Acc:HGNC:11575],ENTREZGENE_ACC,,,,,,,,,,,,,,,,,,,,,,,,,,,,,,,,,,,,,,,,,,,,,,,,,,,
23329,TBC1D30,TBC1D30,TBC1 domain family member 30 [Source:HGNC Symbol;Acc:HGNC:29164],ENTREZGENE_ACC,,,,,,,,,,,,,,,,,,,,,,,,,,,,,,,,,,,,,,,,,,,,,,,,,,,
10732,TCFL5,TCFL5,transcription factor like 5 [Source:HGNC Symbol;Acc:HGNC:11646],ENTREZGENE_ACC,,,,,,,,,,,,,,,,,,,,,,,,,,,,,,,,,,,,,,,,,,,,,,,,,,,
27285,TEKT2,TEKT2,tektin 2 [Source:HGNC Symbol;Acc:HGNC:11725],ENTREZGENE_ACC,,,,,,,,,,,,,,,,,,,,,,,,,,,,,,,,,,,,,,,,,,,,,,,,,,,
7086,TKT,TKT,transketolase [Source:HGNC Symbol;Acc:HGNC:11834],ENTREZGENE_ACC,,,,,,,,,,,,,,,,,,,,,,,,,,,,,,,,,,,,,,,,,,,,,,,,,,,
7088,TLE1,TLE1,"TLE family member 1, transcriptional corepressor [Source:HGNC Symbol;Acc:HGNC:11837]",ENTREZGENE_ACC,,,,,,,,,,,,,,,,,,,,,,,,,,,,,,,,,,,,,,,,,,,,,,,,,,,
7089,TLE2,TLE2,"TLE family member 2, transcriptional corepressor [Source:HGNC Symbol;Acc:HGNC:11838]",ENTREZGENE_ACC,,,,,,,,,,,,,,,,,,,,,,,,,,,,,,,,,,,,,,,,,,,,,,,,,,,
7090,TLE3,TLE3,"TLE family member 3, transcriptional corepressor [Source:HGNC Symbol;Acc:HGNC:11839]",ENTREZGENE_ACC,,,,,,,,,,,,,,,,,,,,,,,,,,,,,,,,,,,,,,,,,,,,,,,,,,,
7091,TLE4,TLE4,"TLE family member 4, transcriptional corepressor [Source:HGNC Symbol;Acc:HGNC:11840]",ENTREZGENE_ACC,,,,,,,,,,,,,,,,,,,,,,,,,,,,,,,,,,,,,,,,,,,,,,,,,,,
7092,TLL1,TLL1,tolloid like 1 [Source:HGNC Symbol;Acc:HGNC:11843],ENTREZGENE_ACC,,,,,,,,,,,,,,,,,,,,,,,,,,,,,,,,,,,,,,,,,,,,,,,,,,,
23731,TMEM245,TMEM245,transmembrane protein 245 [Source:HGNC Symbol;Acc:HGNC:1363],ENTREZGENE_ACC,,,,,,,,,,,,,,,,,,,,,,,,,,,,,,,,,,,,,,,,,,,,,,,,,,,
7126,TNFAIP1,TNFAIP1,TNF alpha induced protein 1 [Source:HGNC Symbol;Acc:HGNC:11894],ENTREZGENE_ACC,,,,,,,,,,,,,,,,,,,,,,,,,,,,,,,,,,,,,,,,,,,,,,,,,,,
7127,TNFAIP2,TNFAIP2,TNF alpha induced protein 2 [Source:HGNC Symbol;Acc:HGNC:11895],ENTREZGENE_ACC,,,,,,,,,,,,,,,,,,,,,,,,,,,,,,,,,,,,,,,,,,,,,,,,,,,
7128,TNFAIP3,TNFAIP3,TNF alpha induced protein 3 [Source:HGNC Symbol;Acc:HGNC:11896],ENTREZGENE_ACC,,,,,,,,,,,,,,,,,,,,,,,,,,,,,,,,,,,,,,,,,,,,,,,,,,,
7130,TNFAIP6,TNFAIP6,TNF alpha induced protein 6 [Source:HGNC Symbol;Acc:HGNC:11898],ENTREZGENE_ACC,,,,,,,,,,,,,,,,,,,,,,,,,,,,,,,,,,,,,,,,,,,,,,,,,,,
7132,TNFRSF1A,TNFRSF1A,TNF receptor superfamily member 1A [Source:HGNC Symbol;Acc:HGNC:11916],ENTREZGENE_ACC,,,,,,,,,,,,,,,,,,,,,,,,,,,,,,,,,,,,,,,,,,,,,,,,,,,
7125,TNNC2,TNNC2,"troponin C2, fast skeletal type [Source:HGNC Symbol;Acc:HGNC:11944]",ENTREZGENE_ACC,,,,,,,,,,,,,,,,,,,,,,,,,,,,,,,,,,,,,,,,,,,,,,,,,,,
23471,TRAM1,TRAM1,translocation associated membrane protein 1 [Source:HGNC Symbol;Acc:HGNC:20568],ENTREZGENE_ACC,,,,,,,,,,,,,,,,,,,,,,,,,,,,,,,,,,,,,,,,,,,,,,,,,,,
9830,TRIM14,TRIM14,tripartite motif containing 14 [Source:HGNC Symbol;Acc:HGNC:16283],ENTREZGENE_ACC,,,,,,,,,,,,,,,,,,,,,,,,,,,,,,,,,,,,,,,,,,,,,,,,,,,
23650,TRIM29,TRIM29,tripartite motif containing 29 [Source:HGNC Symbol;Acc:HGNC:17274],ENTREZGENE_ACC,,,,,,,,,,,,,,,,,,,,,,,,,,,,,,,,,,,,,,,,,,,,,,,,,,,
25987,TSKU,TSKU,"tsukushi, small leucine rich proteoglycan [Source:HGNC Symbol;Acc:HGNC:28850]",ENTREZGENE_ACC,,,,,,,,,,,,,,,,,,,,,,,,,,,,,,,,,,,,,,,,,,,,,,,,,,,
7265,TTC1,TTC1,tetratricopeptide repeat domain 1 [Source:HGNC Symbol;Acc:HGNC:12391],ENTREZGENE_ACC,,,,,,,,,,,,,,,,,,,,,,,,,,,,,,,,,,,,,,,,,,,,,,,,,,,
23331,TTC28,TTC28,tetratricopeptide repeat domain 28 [Source:HGNC Symbol;Acc:HGNC:29179],ENTREZGENE_ACC,,,,,,,,,,,,,,,,,,,,,,,,,,,,,,,,,,,,,,,,,,,,,,,,,,,
7267,TTC3,TTC3,tetratricopeptide repeat domain 3 [Source:HGNC Symbol;Acc:HGNC:12393],ENTREZGENE_ACC,,,,,,,,,,,,,,,,,,,,,,,,,,,,,,,,,,,,,,,,,,,,,,,,,,,
23548,TTC33,TTC33,tetratricopeptide repeat domain 33 [Source:HGNC Symbol;Acc:HGNC:29959],ENTREZGENE_ACC,,,,,,,,,,,,,,,,,,,,,,,,,,,,,,,,,,,,,,,,,,,,,,,,,,,
7268,TTC4,TTC4,tetratricopeptide repeat domain 4 [Source:HGNC Symbol;Acc:HGNC:12394],ENTREZGENE_ACC,,,,,,,,,,,,,,,,,,,,,,,,,,,,,,,,,,,,,,,,,,,,,,,,,,,
7270,TTF1,TTF1,transcription termination factor 1 [Source:HGNC Symbol;Acc:HGNC:12397],ENTREZGENE_ACC,,,,,,,,,,,,,,,,,,,,,,,,,,,,,,,,,,,,,,,,,,,,,,,,,,,
7272,TTK,TTK,TTK protein kinase [Source:HGNC Symbol;Acc:HGNC:12401],ENTREZGENE_ACC,,,,,,,,,,,,,,,,,,,,,,,,,,,,,,,,,,,,,,,,,,,,,,,,,,,
10844,TUBGCP2,TUBGCP2,tubulin gamma complex associated protein 2 [Source:HGNC Symbol;Acc:HGNC:18599],ENTREZGENE_ACC,,,,,,,,,,,,,,,,,,,,,,,,,,,,,,,,,,,,,,,,,,,,,,,,,,,
7991,TUSC3,TUSC3,tumor suppressor candidate 3 [Source:HGNC Symbol;Acc:HGNC:30242],ENTREZGENE_ACC,,,,,,,,,,,,,,,,,,,,,,,,,,,,,,,,,,,,,,,,,,,,,,,,,,,
26043,UBXN7,UBXN7,UBX domain protein 7 [Source:HGNC Symbol;Acc:HGNC:29119],ENTREZGENE_ACC,,,,,,,,,,,,,,,,,,,,,,,,,,,,,,,,,,,,,,,,,,,,,,,,,,,
25989,ULK3,ULK3,unc-51 like kinase 3 [Source:HGNC Symbol;Acc:HGNC:19703],ENTREZGENE_ACC,,,,,,,,,,,,,,,,,,,,,,,,,,,,,,,,,,,,,,,,,,,,,,,,,,,
29796,UQCR10,UQCR10,"ubiquinol-cytochrome c reductase, complex III subunit X [Source:HGNC Symbol;Acc:HGNC:30863]",ENTREZGENE_ACC,,,,,,,,,,,,,,,,,,,,,,,,,,,,,,,,,,,,,,,,,,,,,,,,,,,
7392,USF2,USF2,"upstream transcription factor 2, c-fos interacting [Source:HGNC Symbol;Acc:HGNC:12594]",ENTREZGENE_ACC,,,,,,,,,,,,,,,,,,,,,,,,,,,,,,,,,,,,,,,,,,,,,,,,,,,
27005,USP21,USP21,ubiquitin specific peptidase 21 [Source:HGNC Symbol;Acc:HGNC:12620],ENTREZGENE_ACC,,,,,,,,,,,,,,,,,,,,,,,,,,,,,,,,,,,,,,,,,,,,,,,,,,,
23326,USP22,USP22,ubiquitin specific peptidase 22 [Source:HGNC Symbol;Acc:HGNC:12621],ENTREZGENE_ACC,,,,,,,,,,,,,,,,,,,,,,,,,,,,,,,,,,,,,,,,,,,,,,,,,,,
7402,UTRN,UTRN,utrophin [Source:HGNC Symbol;Acc:HGNC:12635],ENTREZGENE_ACC,,,,,,,,,,,,,,,,,,,,,,,,,,,,,,,,,,,,,,,,,,,,,,,,,,,
7453,WARS1,WARS1,tryptophanyl-tRNA synthetase 1 [Source:HGNC Symbol;Acc:HGNC:12729],ENTREZGENE_ACC,,,,,,,,,,,,,,,,,,,,,,,,,,,,,,,,,,,,,,,,,,,,,,,,,,,
7454,WAS,WAS,WASP actin nucleation promoting factor [Source:HGNC Symbol;Acc:HGNC:12731],ENTREZGENE_ACC,,,,,,,,,,,,,,,,,,,,,,,,,,,,,,,,,,,,,,,,,,,,,,,,,,,
23325,WASHC4,WASHC4,WASH complex subunit 4 [Source:HGNC Symbol;Acc:HGNC:29174],ENTREZGENE_ACC,,,,,,,,,,,,,,,,,,,,,,,,,,,,,,,,,,,,,,,,,,,,,,,,,,,
22884,WDR37,WDR37,WD repeat domain 37 [Source:HGNC Symbol;Acc:HGNC:31406],ENTREZGENE_ACC,,,,,,,,,,,,,,,,,,,,,,,,,,,,,,,,,,,,,,,,,,,,,,,,,,,
23286,WWC1,WWC1,WW and C2 domain containing 1 [Source:HGNC Symbol;Acc:HGNC:29435],ENTREZGENE_ACC,,,,,,,,,,,,,,,,,,,,,,,,,,,,,,,,,,,,,,,,,,,,,,,,,,,
11260,XPOT,XPOT,exportin for tRNA [Source:HGNC Symbol;Acc:HGNC:12826],ENTREZGENE_ACC,,,,,,,,,,,,,,,,,,,,,,,,,,,,,,,,,,,,,,,,,,,,,,,,,,,
7518,XRCC4,XRCC4,X-ray repair cross complementing 4 [Source:HGNC Symbol;Acc:HGNC:12831],ENTREZGENE_ACC,,,,,,,,,,,,,,,,,,,,,,,,,,,,,,,,,,,,,,,,,,,,,,,,,,,
10730,YME1L1,YME1L1,YME1 like 1 ATPase [Source:HGNC Symbol;Acc:HGNC:12843],ENTREZGENE_ACC,,,,,,,,,,,,,,,,,,,,,,,,,,,,,,,,,,,,,,,,,,,,,,,,,,,
7988,ZNF212,ZNF212,zinc finger protein 212 [Source:HGNC Symbol;Acc:HGNC:13004],ENTREZGENE_ACC,,,,,,,,,,,,,,,,,,,,,,,,,,,,,,,,,,,,,,,,,,,,,,,,,,,
9745,ZNF536,ZNF536,zinc finger protein 536 [Source:HGNC Symbol;Acc:HGNC:29025],ENTREZGENE_ACC,,,,,,,,,,,,,,,,,,,,,,,,,,,,,,,,,,,,,,,,,,,,,,,,,,,
9831,ZNF623,ZNF623,zinc finger protein 623 [Source:HGNC Symbol;Acc:HGNC:29084],ENTREZGENE_ACC,,,,,,,,,,,,,,,,,,,,,,,,,,,,,,,,,,,,,,,,,,,,,,,,,,,
