33.9989193677397
135.329304022374
8.80705182452421
4.82162831997086
0.262780724680824
177.624735793109
38.7325750920819
47.3531040108432
5.72143623637132
19.3894331457766
17.9867707632979
9.27717050100057
22.2827883952412
29.2785877632549
39.9323449810892
279.261014421951
17.6172718686674
9.4604538437204
46.0093169387817
33.9171349873804
233.162552391039
0.508916620337866
1.50098550925485
0.219958501216337
0.397600180301324
9.28114481501183
166.577498741452
20.1426473828145
6.88464723800202
89.4464305028787
4.88913912220906
4.93038877768073
13.5026188030479
13.1383908621148
31.6323881240778
5.7892114564267
22.6304080602295
16.6198538136051
0.489836513743944
143.801418381633
5.43932436346024
157.526907200923
38.7490682717708
0.305514226411235
257.71185841075
60.5644119255183
2.47369798097721
270.525992532092
9.89241063949432
0.964780168310431
6.41939662620177
98.0201624802408
1.50597614440581
1.6853830425158
0.207075674628358
44.6669435546168
12.9138637292762
33.9240218929669
0.253173629696467
0.757214451050503
79.0021152162961
35.7525441598447
78.5864006617377
11.6810680773405
534.616699477658
5.83551244093096
0.245359548682283
53.2874388150063
19.0112124844597
0.843897851115282
8.41848831588838
20.3661631601653
0.786490422426438
17.1706969694726
53.5433454146329
17.8497281999261
86.440868245242
11.9190910134726
1.25030807433664
8.90711833377454
52.1572397717663
9.50911829718436
7.05049015063747
4.04571643783628
20.8155012511778
0.692346359312082
36.9450469907975
85.9606113189644
7.87130591584634
34.6698885810701
7.66239415866031
25.9882335663272
27.0449472267689
0.666967864848347
6.59056969565253
103.017108988738
21.3401374197213
118.409731252823
0.859924930416197
21.7062284138358
71.4613425448016
10.1204788981096
0.767680962701139
1.89491080510042
26.2534252535783
11.6276808254009
0.442133822896093
15.0423708453647
110.684545630118
28.5099155181787
0.404660426334519
42.9930358473109
2.1301161826506
649.677435950311
29.7549345181301
81.485464697493
26.688951857392
6.92040553505508
6.54249205543148
14.1444174375175
1.84462345916327
16.1129477641511
40.249662460457
96.0087868607461
6.67520997162775
0.770399871104093
80.14285870925
0.780379091811788
7.35889795235613
31.5727088918736
97.3854241306584
29.447456193359
0.612265709920345
29.9402822310795
7.21523669988434
12.00859889047
10.3462050776267
78.5186069875771
3.16551155052035
5.00229681299306
22.6594721312128
65.5456102730126
65.9205801059169
103.710362128145
3.28793968601282
114.475653258777
6.20240777755942
7.45042779826628
26.0788889353822
5.28438248317887
2.53978417930644
21.3343922614208
82.4041638516041
30.1741480836642
1.16032885853845
2.69525603233845
90.2356873367434
10.2831855522929
31.3870072367059
74.4035672326127
40.6336256515077
10.2561751125637
35.6700109267195
0.577843995389414
1.09318694382548
195.81535763563
2.02897844772526
21.1443325753487
8.44849856682249
23.424107011611
50.5614762787203
35.8383165172365
0.578784232260692
85.8852084748973
16.5325097881959
109.723938717546
24.9639311204799
41.7543985108435
19.2942767677521
137.988599213643
4.50846779406399
12.5520874122749
12.3958198104431
11.7218852782815
33.7374009154974
24.1424670881292
28.1714538779155
48.5148166052368
320.392694127288
311.052472085688
57.8067669401701
10.2247073665748
2.71005641052366
1.86700359863732
3.69747626907559
8.03811532654379
10.2062951634453
30.2618575039835
71.6665356823896
64.7595739576855
1.52334677568228
11.2198283397284
4.08448031407644
99.1228295830284
110.836964746119
34.0322355032421
140.272805118277
1.20340545494554
28.0943681030921
2.6653071132198
9.95814624176768
5.34376278842537
1.29778037264417
0.582148782856514
4.67409742809034
2.00015046013693
65.0542030092475
8.11791794587803
2.80543553828062
9.63866703054108
0.92766284332499
1.59514270344351
22.658756681593
28.8118335453618
36.0784028456404
3.53427593713052
54.791225064761
138.283264446445
20.9414834052946
0.620230951050746
30.2972122318075
25.5074335383533
19.1095564971
8.09446174637188
23.8556327688925
3.43651773637193
92.3259834769461
8.99601448576876
40.0258927953428
47.6935269163792
22.0114683992881
172.35238773118
1.37325760402111
46.9581956491146
8.25627338178485
49.3725220516954
18.2744802244125
16.5259476786402
16.9870427723895
33.8821147672998
2.72404005983359
23.357856173969
19.9866771852918
2.5642892630797
0.672310720475528
0.912839398339781
3.15663775124969
84.2591989201757
7.4667844536066
9.1956496317733
0.352593970539851
18.0557722282377
1.34378087220354
88.2436497637231
19.9845886507906
36.4574330997354
34.883274340279
26.7589151072718
33.3826170702911
5.02925085411284
180.024948199237
24.8085356966548
0.264871781596579
1.73311089159223
160.491720093672
117.043017844507
23.7294103951418
64.4829866475401
8.51330304644252
312.700463394805
11.7098864861773
10.2754099122074
32.6473054225552
27.0506512893117
3.74304660078987
26.5370648362158
2.0576044299692
19.6261544697978
5.55042720330108
23.8379003850122
3.56694043113508
85.3409135316768
22.6486736477455
19.9180416530698
30.7165249545563
5.89511470125132
5.79575601454479
35.7797994006326
1.9795281546848
11.0468268806612
2.7850215830533
22.5896232726425
23.9174755458179
1.00903335621884
12.9659932070029
2.72530958080516
1.71027031050266
5.4215567156775
23.0769470102267
68.0284574505679
17.9498882347164
20.086094662644
7.27928148542672
25.8146235850135
23.3848976507296
16.5487611237424
0.804989913968295
18.8064585836272
4.63282931216865
24.8552820788148
6.90492120880451
3.33983512873468
2.56896350601698
2.27512485665742
8.01550181820513
24.7554161568055
3.30479497501469
35.1393065972933
38.4032150853719
1.07098508098375
8.38772938557798
19.7081180762971
15.5932650132114
8.52166811125687
17.427640257785
114.276910178676
4.16181498669998
6.59997078260632
0.535492540491875
1.79713152615575
15.4231143866003
308.9805274395
24.3998298369288
10.3201942948425
41.9344128477783
7.29624455694712
10.6932183394167
122.523660491288
8.55707951693456
39.9321949570011
30.8581071129046
26.4885827416908
63.6637635245627
104.595862879411
215.369825229418
8.27897762377545
30.8327166229152
8.51022954503056
25.8801365410077
70.3961724823057
216.911370785424
19.1570739877013
14.5026780346857
34.2233852849633
39.6087094677023
1.89176725834823
23.6102731301872
4.77610790239012
29.2087855743681
20.5626841069404
11.3194157145532
23.3745552421747
25.7290405354632
28.8219430162208
41.3817736131517
57.6021855783537
16.842007940391
12.3535206628993
89.641993663903
1.81231610959768
15.4167480630376
22.0395992510128
7.24903942016305
6.51094551238451
126.510057048357
19.2797495141044
3.63999134770318
28.873028360627
2.91443862776199
38.3969310025952
3.58417843840247
16.0487354684935
38.6169690244722
15.3156974735132
14.0135438349837
39.2474388148701
60.7406573017286
6.48939967813013
0.524376851457625
6.16655179726104
37.7848917254013
36.6944387195089
23.2774139479799
66.9840542221366
2.30421575133372
313.138996582032
12.177101420122
3.80588917316087
8.13494945171913
195.202884605383
24.6825845681456
20.6568913474162
15.8188325483992
23.5344061300903
3.50785326138412
17.7924694874875
22.7184798132969
36.5478015627934
58.9294773452758
9.96960382743702
27.9190241598335
36.8457102673478
54.9851412958908
25.0474268809788
12.395807311618
1.56879637100463
52.544173544695
5443.55208896528
9.09919170191015
55.7987280906933
105.406092994908
16.2387146213566
45.7706959979529
116.626351960512
4.83617194914286
1.94871338794256
20.9022693620521
29.3050770454944
29.5488504285757
31.2040475204578
43.546371963627
37.1028354485079
0.832602075800601
0.521941026533949
16.4819483513639
11.7258343591568
7.88937327798261
0.493141085594336
37.1354982310626
0.227880937262933
73.9166198648136
12.8767528451945
13.8774725354922
17.1791962456512
8.28813756473259
3.65226717881119
20.7662647867192
32.278713280024
31.1491334581217
22.2981348743025
1.2150922299102
43.3250802779348
11.0058375606837
3.47553531229507
223.797324132898
28.611651577051
9.81778400263759
2.774857590135
27.9798694995015
1.35839871216669
23.3523816887601
2.13873647199078
7.8968094861202
10.1958935722556
45.3066001077499
25.8376405075447
6.29695322579611
112.302036055524
0.808210583212989
7.42347089063723
17.7535645636783
53.2789988807923
0.951211062786039
53.318080605058
6.16459418711968
8.45320853156567
20.6108270243723
0.535492540491875
8.2339448675839
15.7796378797194
2.8046449060985
13.7789122683114
108.384614632613
164.579607299503
1.14001298578619
0.535492540491875
1.47858715610967
13.8950250172179
8.38102072073706
0.42477827734932
7.50407278284171
0.489455874692757
48.6503723143451
31.7005907055036
206.162909317926
1.24957260517076
1316.87413188461
186.199778573328
9.63500125451489
0.263775862304186
0.441272769527119
16.8729711907935
10.9094538537028
43.5331257129246
116.35040689181
21.0579279077353
24.3113008662026
62.4985248944641
1.12981593085517
15.239546396665
10.3538690497257
4.95889035199163
0.665963121089183
11.0623856763438
12.4978281080353
34.1067171021842
4.19061735466993
33.542671899156
16.9703456381348
20.4725855396842
41.2915504890749
85.8844056992265
2.24230388134133
56.2767675989813
23.1411726931607
5.20047307137356
56.6617010791822
27.4936004895373
21.6636217524478
8.91065235467404
51.2875133647428
9.99766622678208
15.0927203655596
11.5171339034514
3.18799929632959
2.39120341539585
25.0420302323718
137.745992336669
23.1685474317413
0.886142431484658
12.3649735650229
13.8660225324445
104.024263723188
0.270109171243208
18.5142072027157
4.31150569653157
88.8734603825849
0.6556372837449
8.30858899326091
113.217601812763
2.53413396226599
24.4018818954332
40.6157947603927
48.5401423540568
30.3179207512096
14.4123041906509
4.05019616627833
0.492200848723057
2.29071204223524
0.171551293570314
13.7166402801821
0.715800460242304
115.125696895145
72.9481486701521
3.60315031250423
1.86907917986729
16.937492677277
27.6126845924822
2.99802780554146
13.5722254661309
366.04998296463
22.3281015996239
30.8884541103971
22.8453464598584
949.884763054044
3.45681362959833
7.68774206035395
1.64316474454007
50.8756806838427
39.036455775519
14.7547372043814
94.2011884621797
14.3711945758472
9.81489765236383
0.626682425451283
136.138626157325
130.897916225874
5.66554963523109
9.81431404004713
33.3876318451589
40.2252902307016
9.40908250848517
2.0780750204176
5.52418517287353
34.8833529964583
9.83942723673786
14.9315063240998
21.2671179444036
43.6738125429001
52.7689022840325
27.0363175210371
27.0640972101647
79.9006149798241
106.57330604264
3.06847898313575
84.8269040000142
13.146846780046
28.6333423060383
103.211924761517
49.8292717669513
20.3161848267425
39.1558358295455
57.6594248728092
17.8768796427063
1.78580405181143
106.12902693539
29.5750477845411
12.6133740810412
16.0764326698897
70.3908045971506
3.15819774339157
3.99372365987304
7.99294365311467
54.3918785203227
30.2320869019092
13.5961874983653
21.8542760192506
34.4672458482499
80.855396919306
32.9621309179982
30.7557722271228
12.9690821165939
141.861209525587
23.9065609699184
17.9484762148617
10.2828128684734
93.7399186690834
18.2640734216302
2.04315082421222
50.8948680349969
232.70892367684
8.13696859993541
277.887447459266
29.8753170089662
0.168122771773741
6.13214446906737
19.6729931519838
106.966930963252
0.771715009525277
17.3530290053747
45.4955843890756
10.9426484850946
12.6406441179368
8.0385866553391
0.985080130285541
25.5454575470631
100.839785603753
5.97392555926288
5.76527791102964
108.237670391213
27.723774880747
29.0924520870246
85.0097120515649
2.76724957645476
18.7327760159145
75.8742930165041
9.17664829863604
83.9140182421507
98.3295975360993
42.0415031983653
43.561284061606
19.5280813666397
25.283723604965
30.4747836785468
1.82947499534673
15.5206022038664
86.4313963566767
193.762678877854
8.51949281907659
25.4803569547557
0.68246588660073
0.480312813712389
3.36023667460299
51.7072184751555
0.533152388609356
29.2768426987125
11.412549545077
11.2835046418431
37.6803498862214
0.356076558431919
69.3881018326981
31.983235620373
11.1681825681389
71.8848121277063
36.2874266409974
25.2626681503015
58.4337276048395
17.1155414232891
12.9956225862699
129.616050840532
0.860460809858125
13.0026153242817
24.2488122739914
284.063962540011
13.2285551989799
9.46602151525217
182.255058362411
21.1263760469738
49.540921070944
0.496342456246382
6.53333040083737
27.0248284835436
65.1059483538584
3.90553079060193
28.5520612467021
40.185730336817
10.4481618925783
45.1084504272848
24.5573633011423
83.4419316703863
11.6258443264773
3.42891670802254
7.78930990260972
3.35831386909188
11.6983938208632
1.60056061827956
30.3798103000555
38.2268365757826
81.5917045848907
21.4245559335582
16.5916886185376
27.1186105059074
145.650507003309
65.7964744425773
6.35694695368889
23.856327363962
101.564483405436
39.818761610066
0.782220383599339
11.9668321579888
59.3328055607365
5.52572223879662
2.46200902892025
7.06567383590069
42.4096648641569
4.72822894744568
36.5307858830635
76.6683464058616
33.6825882810029
10.1866273268615
3.60012542248277
26.486264640895
20.2402815581749
58.8991843336532
378.951670340257
11.4425166645063
32.052795060961
36.6935754979054
57.6833334134268
0.964874430336245
1.87360778705941
34.3806812271979
48.4981386558015
0.821472288138657
15.3519495071105
100.599161505791
52.3502862695612
118.492930529305
50.6048539831483
1.31828956356943
159.456694024912
52.2022367829075
14.2278862710956
0.600962147332488
81.3751355374198
9.29576907680885
213.46955488065
2.94041953526083
11.5298114876462
1.85880707090796
2.94103282453364
24.005985447929
64.1054463026163
11.886433314564
10.1057402282405
26.6374397180233
12.8882061391271
20.2390042295102
303.767856805521
2.00023885275322
58.7446914674567
0.535492540491875
25.7078004121356
0.353360798610214
63.8990709938411
39.8905343967954
33.783127390365
1.39946868289502
0.322695600332683
7.5888601365997
2.49785763231911
309.257792617899
0.523218526100954
13.7098828520506
16.843551699013
38.8174104560233
9.80053887265372
92.8409420317016
12.0718283100552
21.3129249222646
40.824286286785
2.73095447671468
9.23737118440885
54.8949255565042
6.96669988064848
17.8786578758866
35.8136545851861
0.261756503707298
5.34059634837102
21.6142033279716
0.90312300716033
8.38335430329896
13.3427053894552
172.944128321186
190.848481250091
9.76546382320178
373.304969717835
31.1864038605473
31.4912782398444
130.637264017533
16.037392030565
80.562236775956
5.63146572668304
15.8822994403162
3.8092975268078
306.028020633007
34.0411751982971
46.5856240145514
11.562028383491
44.1245641508601
8.80392780653224
549.089449844823
27.6407333024466
18.1817664420328
14.8919365856542
109.626127184578
2.59047343767184
10.51889216387
40.579222299934
22.7385778770811
0.303748910334655
0.280883829902099
33.6719492829877
32.0482304913473
2.36721224883481
21.321158598662
2.94753276702659
44.6968038326623
89.9969266658493
14.5797031906995
15.1870040797296
84.071611680039
22.5084147045763
34.9484860801266
84.7571077350707
126.4973951482
19.2313553155826
22.9806718679462
51.7288199942782
32.2132671059174
33.7953089255582
6.03332211199333
30.6414336392016
15.5302576251761
556.615339439981
20.2407460395233
168.724875016179
7.88257960928901
31.6690956721262
1.46159956867864
69.4610135067434
5.77451658958241
40.8857973598756
67.7976775916603
33.589046261866
3.17343150888886
24.3852124265863
20.2992518994477
0.222441020875375
29.4075940869495
1.33018381302779
5.8808129987063
27.1280263099229
79.5470657505976
53.191407534999
73.2636473462413
19.9132808374019
0.320658270943225
4.45385873077734
8.36180256892222
1.84041336417712
42.4604575283699
60.8464924129552
11.3023646302365
3.33465523170558
4.35915371875778
8.33108738454451
30.1286467358015
5.65311376917992
110.094950167497
5.71570565284262
9.75934228068846
9.49031416773465
38.7865855778915
48.5589254072723
3.03807704381002
56.8961720612528
35.5818659950369
13.233475062146
50.1430750271531
20.2461353074188
0.665439401715864
45.907909134039
23.8314793259695
9.59000502516634
16.1369317502299
22.2488841385499
6.96555433582366
0.351094727338378
130.718592078267
57.8659005634366
34.3511826665317
12.9701958503275
19.8755718027506
83.4801448023147
12.6521192390684
21.5431341336135
49.4552871117175
1.01813877094185
115.227901399366
72.0675157070608
6.63565315606997
12.0261997784817
446.978452874296
20.2643412233518
49.0407037706427
67.2951411455921
43.8701355488638
13.8776677384605
0.437529976521782
13.5002993095227
72.1352340325957
33.857619514143
0.35523329136691
0.535492540491875
8.63551508983345
74.3899759166723
0.539522900519722
68.0898260219962
94.0132966554516
7.94833157597504
190.021739749334
251.725790782171
8.74636728971424
1.73934705080429
9.05127600815066
8.48354828765634
9.85381584368625
0.80046011780417
5.81640528748268
45.4938205301685
57.8537461586957
10.3822666440786
136.986995448963
29.6591706193376
2.08599585443648
42.9514697186643
31.0875964499453
7.07455285231016
102.996808179023
16.8696016871358
39.767297303885
0.797141631090419
12.6118645220792
2.15953348603491
18.6419339209692
2.89985113908575
80.5320026638396
30.5361634632479
10.7566992892575
75.0906804749071
18.6824548502701
4.25731289263039
20.6500599498789
13.0539675663738
1.28973015412546
0.585852616873453
3.97695254272552
7.54948916943798
36.595225398027
48.0437377171074
36.5152130728789
0.359711006805497
178.85320446511
16.1644970668803
30.027106892983
15.9611621339235
26.5406784690689
57.7094498864753
3.93792484115599
12.2555926604353
0.799646891664817
51.8681091346058
14.376928658786
11.8216751154467
494.914078105606
59.0773762286168
0.518797170689685
4.89655197990622
10.5528853424106
22.9267876756953
0.80107103135613
12.3952729130296
1.12654379316752
8.92060672911884
13.1026804799154
14.0245649231993
103.910370449224
0.495497726734799
8.60099949494661
1.75599887240203
4.85454161606752
34.8157030202662
17.1541699916402
2.05657677699577
60.7643736673304
21.0757745726897
3.33368150081499
4.57820717405413
37.3833243961141
13.0667434345322
43.2684627815867
0.759707144521446
18.5504073957579
26.0295808293393
2.62596655339072
31.893418753708
50.5352898199414
154.25775521581
10.3739352733017
17.2844025946774
0.277544859294208
1.27470375710217
91.5879868803153
41.3837445521951
37.6486718934575
126.143616010042
52.7554957847896
11.4403568321844
5.06396223659047
10.45035723584
0.78846336392232
104.924331120697
18.0570883327452
1.46809058834677
7.49216595209948
21.1563450492433
19.5404654416305
6.95671329018762
17.1776257302174
3.42687338592264
26.5781923695686
2.20569624159633
76.6269834450811
47.8253507714799
637.350249122562
208.990917686039
6.00181351812686
24.0256349080521
2.55729701203578
15.9331629785542
7.3433286596642
41.1937895701268
3.32376037465953
2.99499820249196
29.9043609007562
36.8387585064831
26.3330952020231
20.4263246129168
15.7551251836361
44.8226772609092
3.56278094248097
8.93688527776454
0.168863588899765
28.5651105734317
18.8123383511903
7.40349058675293
51.4215898705719
167.47627925614
32.3213552228007
144.493454298655
2.18631575527054
20.0909317909546
27.8003401995495
2653.45750810975
6.52018029703517
11.4274414097338
6.67067069211357
5.49676504638998
24.615657460197
713.702484173259
18.236180305605
6.14308792563348
49.5885047631699
34.5328832735935
18.4425220956638
44.4142667614805
21.1831639920575
21.8322625148836
11.7948475205802
110.328372642222
34.6666907975071
35.9664919456887
30.622378213581
9.37300376778702
19.2276742216
1.26128409740058
61.4468452132901
17.4043887401052
55.9358154432483
63.6236640283073
16.146238706348
5.76161995526862
8.04157271797142
8.34901088661383
50.9358268562786
16.8848027586949
8.17110148035117
12.4130892279803
61.7600347891805
12.2752028323248
26.890715909382
29.6291893952942
32.5635432288073
1.95509221216809
1.55406562456648
3.4728758567757
52.7302563603063
106.073461902519
11.8821885910615
4.1321099374591
18.3149587385062
48.3644289460238
43.1713041994372
24.3532335881273
1.64238311534329
48.388749833846
0.61010036741371
11.8915003883844
69.7814643788031
4.79935328226632
42.8901715655439
0.393015253318719
6.59654630640401
3.66373831689345
188.870780477602
14.4974088668261
8.126441522144
53.1801907103663
18.7315337944046
0.941284441502376
15.8981036032901
2.76549495602077
49.1715002584173
25.9694062648353
1.74598925486089
0.334197944847985
6.65079404521773
15.7051340668336
67.388115363504
11.8347032244359
10.355635869203
21.5263817045554
30.9118160713315
12.8001662657274
1.25043979451629
14.9730001261474
209.557158805665
10.1734284885634
29.0299543926694
16.6980401632797
4.6677543193575
7.78479875415311
89.532609619009
78.4458196927294
20.4021607160248
5.93470581577047
14.1213710385796
0.490534823674324
48.5854956684359
146.887383951544
0.404491353431984
63.7819251567516
7.73832215510314
0.535492540491875
14.6088531119086
3.00033307050852
4.55083427192353
37.4713143051626
152.101602370827
8.41733550260778
0.488455659076049
21.23360360222
3.13552465590083
29.6384591169541
59.0229404490304
8.85119393216229
2.7919993005184
20.1392074894136
13.8950694600516
42.3371113317731
4.6589730822123
194.100484875567
19.0651919060937
8.45143568662982
2.85894171955038
42.3366812107219
19.4362326715923
22.0110598762485
31.7324912238947
49.7052211620436
20.2661095304977
0.398492304955831
1.57206530365398
17.4190363476251
6.06994598638155
38.421460580884
5.06062440731368
27.0460657714969
11.2155011909986
3.23274143408141
15.6432233929869
18.0876449214814
0.667478192828931
7.34816607420547
20.1075968635347
20.3728496972522
3.26132015937819
66.9148841241001
49.8307281998447
8.8931020163385
0.425812688995759
1.68763308438519
27.6812966299929
56.9446740425934
23.5277027975615
165.846115872553
4.81227080715731
3010.85831259878
3.38087662614015
76.8175010445237
9.47018021984397
2.09838443872158
15.6066146723391
10.7865729315358
16.8639166664327
0.380422385294879
1.37160153089533
31.8278706607443
0.535492540491875
0.853106843484637
121.61358604855
19.1878387721167
77.9479857375363
0.578784232260692
0.352740019232336
257.436627105096
18.761000221217
17.8928297118906
12.387003622012
11.6753239494515
5.75820586355228
7.26202721382153
11.2584191557504
41.3677999449556
9.948216624367
27.2069454577839
2.93484510602765
10.4792790193722
16.8992958174895
18.3374783251917
0.413809010463088
2.05338578336205
9.11076851887751
0.700315901792685
27.0802764685646
82.7905779442095
0.48817048869521
1.08036985807968
11.4288513732622
21.0936609599106
40.0475418259957
12.6401832911211
11.7664469464484
23.2181971517706
9.42849248299612
0.221219664821716
0.887810584356761
1.54016805883321
14.8525269303651
15.7707728391249
0.490958897897106
1.1603724160314
56.4231833446747
95.6269475226845
24.5833130918747
84.6515985148835
0.360773894989148
34.6001807108529
21.6660162880749
8.5814906894089
25.585855801514
17.7624080865909
75.1231249401203
7.69606983637994
18.5030286202484
44.0014592302114
129.634112399573
1.06391285494964
4.93141344744241
21.455134123147
7.76666255444264
3.3197259847028
8.13539583792484
7.16070331699088
6.41044115902899
28.0980563031237
15.5798038277935
139.020630570726
1.58093054749445
8.76860214933593
21.1069863842888
6.74594954798058
6.33060310474911
16.8970134951566
196.234997511523
119.890836219536
130.849815543826
114.331299239549
34.4012764854025
15.4379607694432
74.9830783816902
89.6883342075258
26.512200141402
32.2388469571011
4.58105239667751
10.0242313785651
1403.22563646476
752.666321403655
3.29755919886227
0.978292172819993
63.7313458252038
463.336941860877
0.471873819214666
11.3781754355242
86.9734428369854
17.1589506091664
12.7056355540995
2.48616179566596
14.4984973193785
2.77186476155581
167.967448870031
20.7024080147847
18.7621411229052
255.042739087711
22.2603644453352
17.4366767755929
16.5080470295693
34.1443633808686
13.7235720215188
5.49533415738308
13.5325131385518
16.4389326725863
2.29681866870687
15.0285963785587
33.7846381783318
34.1140852631032
23.8959702083113
15.6091669480237
2.98270385663685
3.89045048103616
5.42317794733812
45.7314332642822
51.2954893869533
249.374040253647
5.83163465727809
35.5235448124045
13.5497318178436
15.861031623317
32.781082945434
4.5848391462197
18.8386014336614
48.7072659024534
31.079906207364
20.2175442333323
37.0342930661673
5.87005921165379
45.5436316400234
1376.19959375774
202.514998015801
163.947120310099
40.9362380228862
12.9879523897306
10.8627719963615
0.22158742475234
54.7400152876295
1.02719124083966
19.9122534430186
9.30104482881598
26.7534540515288
53.6231885294524
1.11480252711753
160.019155565149
77.8361496429924
12.22826862247
52.5188860864476
258.576642420646
6.77996094207211
45.7546879849345
10.6100110838438
24.121357594299
3.26567608542063
2.01471061416168
117.728305489889
31.7549445631132
11.3758042556552
0.622806647657932
10.6247914410028
27.3910111063817
991.30910711295
138.83553333099
21528.7986797065
117.62821390143
208.519402200802
43.8390538612319
0.711194768354589
13.6866624730781
88.9384407417805
19.3359389930931
87.5945669240411
35.4463718238506
0.269921631638212
10.2813617553012
6.50802206377905
0.269647262590892
41.9026260754975
20.2324133682102
50.5587896343882
4.41260666908984
5.05980736571015
30.1525196661828
15.5535806103772
15.5544239891001
76.985515861536
13.6971215253044
228.606786394707
36.352050771156
11.0869963985868
14.0971007803068
21.8068930025692
1.89154875502464
11.6790169354614
19.5227316751001
2.36987984458955
12.1885556014963
53.2889246643501
4.00951484943164
0.771815625511178
3.14752409640049
135.739870808402
53.5887774362961
22.2370602571844
63.5771914731505
4.55479189388616
19.6754028192492
64.7792591176197
22.3259372088714
29.5543230945544
31.1431928926244
23.1882218854373
14.4691950172823
4.94786779633727
2.88263928357471
28.9730894684271
78.6518284875756
1.92137311448178
3.06610666921093
13.2810113541138
20.9489907567438
47.9744199448316
31.419823760981
69.317021487294
11.1986414640951
18.8204125957755
13.6053202835154
18.5672113013923
42.7343045580598
43.6291554348644
0.895362731858593
87.3829417138468
8.81587183633967
8.69215638202203
223.425467933263
9.53319433079862
0.577441164026037
59.7206033437819
26.7347382053821
18.3794734995845
16.1923724571604
56.8255014771432
1.58680725903655
6.27291811032671
1.81214992894284
11.6549116626053
3.55401740894025
92.3090361373308
528.511333556723
129.180880621298
6.26446532505679
25.3049954056176
38.8315525853162
0.22315259691676
515.307856769644
35.5085837503525
252.68474003506
3.47688051025388
114.903552857442
55.359191634132
20.9149783381627
8.69360629327325
23.0953915675487
222.263465742489
53.4422217562749
1.05561677285574
306.477338983225
25.9051048340261
7.58367126836612
3.95980904945668
172.822998722134
7.03769006483349
92.3131304775908
2.66605363439077
23.7976128302391
3.73980879511128
2.17017995519427
72.5289317010696
30.2137213342021
7.62715611475693
86.2391715134205
58.6180687495606
58.2113610489004
69.6506889003245
40.1803265963055
46.5274823112699
47.3671334015972
16.3716967327905
53.5839585958535
162.734989391456
51.9555034196564
8.37383755482705
89.1087666913775
0.222722946431857
4.58073185068083
5.32098477961294
67.9718470864177
1.05277184869427
29.0073541288116
42.2690746408306
5.71780559859892
80.6371308935793
52.9319456179288
2.81013684031224
5.45476719598737
0.416120206251857
35.2724360688371
63.8842958075056
4.60851231702249
69.8897356975457
37.3019058100032
17.1239310493489
69.6796447291558
13.8858395689253
128.054852832227
53.8035295863713
2.58644146776246
23.4749580469819
1.51828444306197
10.1611906758341
10.8043766608001
47.9769151140968
56.4654635288156
1.13147826881522
32.7960499722184
10.9729365246471
0.49209903558665
8.81443870267486
1.07011808840912
454.378962127094
0.398780584193902
2.60026342226261
49.05724043915
3.08281616600947
17.1342757704389
17.3672559549911
83.6999756774077
149.117351746657
1.83680141976141
15.6244679143717
1.02310204937413
97.9543156938263
21.5359220195586
214.587989399538
0.964162008806314
70.173574418435
23.7053335144799
10.8205281157582
11.7374929192718
69.1058622140075
12.5041500535437
0.828627834625503
26.8387745571992
1.13276583750357
1.00249978575111
19.4030560405041
4.30321468636737
5.54463973622302
70.3324306713285
10.6188473155934
21.7141152262445
0.926326379602322
49.1158084763443
14.1783217582065
10.1445058829879
24.414502854632
36.9796263396512
6.85060268808774
80.6243988627272
260.141921688344
63.3161080801352
83.5946837175575
11.8264645463404
60.6146180584036
34.6527005898743
2.17382961079732
27.5170660302578
56.8113170726245
1.94960251735603
8.42156962506938
51.1473455803698
13.8761084350494
2.48827444763345
506.582736161318
8.93672940578881
1.1551412167245
1.50563711112145
15.2402900333202
19.928486148554
13.6287647426902
3.25617672488468
13.5673777805946
36.9395888582471
4.56219157263656
39.559716476201
1.4674745695184
16.8487099982343
35.5074427783893
19.3996910879514
4.7954597555753
23.7746920110098
9.85846298668104
13.2658655832446
8.10582459914062
32.4094425261707
23.8256412690887
20.1099563241891
3.44410223671221
55.8776570192515
2.79479129353938
14.9304462111404
35.9076398948679
27.5890393131933
254.816077430589
15.4859401269121
15.5138183728351
48.944868526657
1.50206323505144
59.9887476780523
52.9659131836411
0.594743130554541
16.9477550458104
36.0007102417612
10.9125857005697
0.672120350623566
18.3125849349596
50.5475100895331
102.816892911678
32.7787400041565
0.990870174396619
1.16545123958576
3.60592178352195
85.9050628122344
0.402702036259723
80.8831031004136
8.18633551210905
18.1883165615523
0.324022561994797
22.2324482937845
1.20274926785341
0.352587626138846
67.1359993026935
124.224286552708
1.66014720747956
3720.68124071778
1.18649257728923
61.1776284783733
80.7939439993275
16.8110574134091
47.7089735642643
214.206361385948
7.84128046325058
12.0626681507077
32.4220761291314
29.9697173522252
54.0747915301686
4.74549728938926
6.40761678267251
1021.01226058042
40.8258343308612
56.7321380596346
4.6822981283695
5.13866024579179
7.44845151929381
30.3058000830957
23.2381843219232
53.7073514379167
7.93074846234682
25.679805015431
20.9499959064166
33.8009002104168
211.386265115904
32.637152483505
3.03365134779315
26.2166401733928
30.9598892901245
14.3836950329411
28.9030016680733
3.09684856899088
51.3357925258147
42.2886599952265
35.319611038819
0.442274997626998
5.07620251510389
0.293867993114753
143.890067254157
49.5214045169895
252.495799261926
73.2703845786191
81.1187595385385
143.541586289897
5.42100767927142
63.3384478220549
120.972695771171
87.0166358957923
27.2082241297147
17.0594094913668
7.58518947484779
83.601894535918
375.275676931238
6.21814193856522
0.528868981704272
1.35867822250593
219.216631432745
23.8853475668081
11.1748588589614
11.5193262448387
33.1859789595784
43.957107726286
164.449428368258
28.3154863732798
1.94758504179649
3.76760672410987
11.6514836680503
0.448418041753085
3.2527641145201
7.84960206285643
23.53918904363
3.6086364246248
70.4733652540039
2.78391853432277
15.51541352783
39.854795111272
18.2905119635558
52.8000273418527
0.716787068601212
5.44355579400344
19.5954015100385
32.4686644842002
25.4352177961915
4.98581789339308
0.660931358669775
21.7837972326385
51.9928610331525
74.1901102833219
2.44055811653924
0.535492540491875
13.6150774063985
5.82925322018126
25.4611438099146
2.80433425920589
12.2203427876573
37.4638838305152
5.29882808776205
171.64486764118
11.6485470238542
2.27960865496192
51.3995275505939
28.0042645310515
8.81511471599105
14.0890666541749
13.2603756508971
9.4059064453642
14.9998736423007
4.84123849042419
10.7986273591316
45.5218831005161
32.3599842228168
2.33512169721245
14.0906327174701
56.4068232198924
11.613394391637
0.308533771987773
7.29835860338773
3.41162296737267
33.7999241195512
4.80333791056638
0.266079069621152
1.37931351338691
0.173176467865236
14.3408772790767
4.54586689869782
264.50551444749
0.218574804680201
43.4786362959502
15.6223526085957
23.7423618559183
75.8383466830079
269.050093359984
151.152208553094
108.243169123364
54.172034358757
101.916828019599
0.747280417161365
123.841091979495
62.5142350461954
44.1032345912309
159.688885859547
0.598013312586748
2.64018444382646
115.185335880375
31.6815844753132
118.674167122635
2.9690283389173
1.50451701512965
76.7050233586111
17.3324080401366
39.2625864769611
1.95245096251318
64.2135285283219
9.97974369815185
106.480331968675
19.8531614894453
5.9322821152781
0.268299408950332
32.6657072461389
90.8252859805958
0.427930892384058
4.42212116167986
7.30289740035457
446.771607252764
10.6999607257996
44.2483065708746
4.47412665673151
12.3268950303973
48.2962096496208
72.4703853518362
31.8459426327657
0.884272049841076
1.81148142778811
29.9884876922686
0.969572304547298
13.9290485029432
75.5480342705066
4.60183764030548
0.399492520572539
165.587680526614
5.21853838214739
57.5972212393021
4.95936835727174
0.308994036016944
23.7778029940704
21.1538714828443
10.1850689163619
10.5726295723826
168.020512697084
0.695389395567518
60.0272628540503
84.3724985522669
11.1665744051109
1.11834094847224
152.349099025674
40.9280097472919
77.1840503737982
157.971120474559
10.707505655117
10.1969605282053
37.6334895889399
68.1793604279955
28.527428642436
69.4405545742624
28.9094965463262
4.62514022300392
1.64454828328133
1.37887931874745
62.2710655975792
79.0977959261271
69.3563187979028
29.5058675181983
18.9134384694888
118.45653868341
11.5052457097425
2.29921113648149
2.53044778755436
16.3571916283861
28.6937277368648
2.37923378883621
7.16573255186771
110.385210993847
2.45144754765187
41.7162201238468
27.294057220102
3.81682229104655
5.5265925914669
48.2118429955865
9.45563872852011
106.817992102996
0.977399707018691
64.9327516455811
26.4890061916029
61.6129106602436
35.9961321791542
38.3260826462508
9.08534502855485
3.4047833465575
12.5756836735261
0.594771567337595
253.843538038357
20.4457814902272
2.75342833171908
31.51827064667
3.27832032552098
89.8184048042744
25.648002619089
155.853498037228
0.76149134296696
25.3937380867316
87.7878304972373
17.1875520097225
14.4955968004532
0.578784232260692
0.252120365206588
1.57843654585472
45.2523180289229
467.145166622226
221.718326011926
45.9902756913939
36.013265566391
24.1035370325762
22.2777584223533
12.0605907153805
19.1542869748981
13.4927301534488
32.6544342362347
10.7248031825943
24.6777832851878
4.09048816969125
1.21976865669571
71.1204454323612
2.45470442437488
262.986448976169
67.8664712872328
174.374751408495
27.5011757416967
26.5501609874802
124.60833432407
134.349314388278
8.3641208054614
51.5335924510112
13.5120496861541
75.1707791909074
26.1991311750791
37.8000727962228
20.2479689258471
39.3213926967606
37.7824848256596
513.035066616837
13.4768788951126
55.555045714914
7.42704921051303
9.96806816949817
62.2686157457805
68.7655380094257
35.6144345082978
332.220912579499
35.459505960631
2.11082633602018
72.0221307011874
15.025314201294
39.9281250191643
0.651916504957962
155.360765327081
189.444073437992
89.600080510558
100.79290158528
5.62906175961724
2.99722107371892
25.1340274136188
23.4272722323122
5.36648945245584
15.7781948468184
11.0966613311462
49.9676448208302
21.4965133754066
292.752072014618
7.90268318756296
0.578746134043529
33.3725346870996
6.87123431653511
42.9848341211674
21.6069427619841
15.9854135268378
1.82723141556655
47.3400465815699
171.069020330074
89.2214502422104
45.6061610026819
187.329220360971
75.9120903731055
0.215936797692894
109.658114463476
23.5872088900556
6.02082032389813
0.848976436927841
32.0032773465944
9.3727441222855
32.5605093229953
63.0714181618119
0.47569154961519
1.91384912044183
3.39783384425759
0.691078665235857
22.6682891335424
29.1195618928756
45.8202267710901
7.39454122720316
0.443805287522046
12.3255850804211
0.521994287006761
26.2634396309127
12.0036630123782
6.14620039962293
66.2361661908366
1.40566199120086
18.9023187510493
2.66323376505987
0.901068289388739
18.6063416055407
36.203603470796
4.35525238935546
0.918169639322871
91.7129926300304
11.1529582067367
0.39680577316228
2.14500850869085
44.7319647477887
0.631331837724336
64.3338079045905
1.12609706134097
20.7280078249597
35.8759857446932
9.16160871830335
43.4265618095817
0.73171660591615
66.7501351730899
86.5939256758675
64.0862580514427
223.640049844857
20.4623983781437
8.73700256905329
18.7435184234523
5.97612502471042
32.1715138156923
348.128352971923
229.14850292413
0.352877136460073
58.5513546583052
19.8697214954506
59.1338033448841
123.124001242993
0.443799847944826
23.9886108532861
6.9683068226045
46.0649624432664
51.5464826410591
0.31132218118967
18.6372118085467
1.98134332078937
15.16065069865
189.745798606636
0.353438963110909
29.7434385255441
0.490072672010694
91.8609289985678
4.1826081127648
56.2583487791047
73.7877805228775
4.76307839149007
18.4341691466249
1.28245501268164
269.931859397555
5.72098731813246
0.507748284790979
9.95441126085379
38.6746287717877
37.7130392760599
28.5873801516563
1.41349814289188
27.5173638275539
2.09141202093938
9.80236447660439
88.3656806027948
19.7790501545177
141.139421031216
35.4818035539789
1.7577133527209
18.6387709057262
65.4315367921768
44.3160347107664
5.29264229202148
15.520552843731
6.32270571451703
167.293190646283
4.80199649474083
5.74062542733701
10.2167378672723
1.20267643568753
17.7647153146772
11.6098409449011
12.4662464318457
55.6711495486295
30.2751535437202
0.270212677118081
26.8330235545534
6.25815236987551
0.672131257469989
15.1816410282562
26.3657814796696
46.4600936202335
7.94784850607212
0.349109021883769
13.6682334800973
16.2706105088212
1.03535063985877
6.95349514397334
160.438582103526
0.581407204202482
12.7422916724201
6.11759245361747
36.4366112109509
1.75121029474616
0.844028439261624
0.757918141380489
31.3880923062682
13.5459483706564
9.21191778648256
5.72498156386306
14.3267652453961
13.3115241052689
4.54210136200931
62.3600756347921
42.1561405572155
5.56948899434328
23.5526237728703
81.4240990435487
9.69973074447117
1.35106103132646
68.1428929390064
129.199825839381
1.26896893093211
40.1132456130907
6.45333254221629
32.9975783395943
38.930123842004
20.030831196817
16.4138038963713
7.57855775386315
56.7329749302814
333.311774514807
0.444528970754948
24.1733683655723
23.3420608885315
7.58385125366184
19.5169755205465
175.094554967528
91.4522016095903
8.93875686834284
4.25634786266385
1.86768656419767
3.28168885071732
0.759669046304283
1.23373957713274
92.8669961546205
112.847629196638
65.9988976724788
0.44789352135077
87.4557379037442
2.4368641005058
39.6449820200799
6.21657780345129
15.723338995669
147.328098702375
42.3186835043798
78.0195351982204
9.96941293710628
25.5141995932305
65.6976293854076
19.9153983134917
24.7723767092718
39.877022092878
91.0371221119249
0.666014334772284
10.0967438377867
12.2686255906852
5.39959841394095
25.0371766995536
8.13434263421621
46.4241271822642
5.40053142695831
0.890147924205476
5.23526354005847
25.5399600242285
19.3846019225596
25.7701355274785
7.2223157476783
2.00011160598841
79.4964341361503
26.3763000146532
29.4896034273831
2.02996166662353
16.0642129182826
27.544456076417
80.0780179978982
14.3550836404602
50.6761364967819
68.9445814950412
38.3910741279186
0.705395528200498
121.046819206509
2.08134570737536
0.397980819352511
1.42574588957958
0.22465789101007
16.9627833440668
8.70759919684136
99.3186855211886
3.26835701981729
17.2278204052114
68.3408620810404
33.6573675499738
50.7765884754709
3.7343441295348
52.5608450832254
25.1489685509825
211.494234754404
10.8878419476566
25.2707019908525
13.5386029489835
15.3686538529769
6.32501127471592
35.4521084339668
4.80465384036525
17.979640215996
54.2516829425152
21.9554895405082
67.3739556221486
3.02535702362567
21.1904931428442
48.5259460488544
7.76373600579974
32.2427720609361
51.4575281325352
7.70919554477937
2.11053976715033
56.8023588307008
2.14854352382654
11.0983124583749
13.0855927532618
0.312324523588354
0.316112575948152
25.3632061773414
68.4485843006744
3.19497783946688
13.4072828637078
3.9632858233642
58.7637074336172
25.907920602652
9.57025084960175
1.17116729274502
0.217821832781671
14.8364284811928
8.60197909743386
55.148984708141
3.34383610146594
10.2485786210181
226.098333635133
27.2187447096972
104.864313283376
34.2751259353247
66.0085825299539
4.89002555139896
105.865973079214
85.5776495482882
8.08958022119901
2.22542198525973
28.4346695065351
20.5176448014662
356.260015311516
13.511892930644
6.24215419131517
85.9638502488814
27.1338664580097
66.2025843389552
6.49739425376433
2.29329036276437
26.0317830826237
180.972917356443
7.30203120143935
1.12839607324069
222.532405160882
56.3259385608275
112.921567516385
26.902558837315
19.6135695520322
30.1400855694321
2.64442870441055
1.02588878795091
2.51631802109096
18.1440449864056
0.443569171173876
63.8404732143077
9.19550854881639
12.3505049569577
0.578071898311233
30.7563574641488
6.23227056989696
26.0048523179999
21.4044499716794
41.9906795041532
11.6428191690274
2.53383074808361
4.63537318734197
2.88218472308029
4.2096974275986
30.3142723858807
7.84125610861336
82.9897875604632
14.5002637256342
4.84646178545963
31.1132585843436
11.155102457334
53.425324649699
50.8933401154664
35.5828378145413
3.43683192998304
0.535492540491875
0.441055171838738
2.04182598351951
1.29020714322948
1.51212690190997
25.6662517846915
73.8269530175578
9.21248142650901
11.2513821087669
5.07911961651145
81.4325687048422
18.8800978234582
38.3085509167988
37.9955632864445
4.11090739162616
2.44189701037777
25.9494832582375
9.71772286161935
7.60969135395966
4.27725677527718
9.43731159320948
8.07734374324263
27.5917996075544
39.5949904038098
15.9939219596588
2.14261177827974
14.2225521062699
28.3137363704884
13.9721496711412
1.8285014271125
17.1891200240389
24.4291120028828
0.312023619167739
29.8359579624738
15.1662314285625
14.3827474061715
8.99451666662708
18.8456684229311
1.48808024282607
5.66570716602758
1.11507329315799
9.40756433740509
7.78953497599592
60.6940590403184
91.9265827709777
12.746266533403
91.9247102354916
0.359563997406679
145.714185595336
4.60778996131221
1.74743047911202
24.857638398045
5.86313229823167
19.9770482093071
21.1826170955918
1.6957678808264
17.9075447173853
94.250119425112
6.71936117296759
45.0028693151517
3.98737496991691
73.3488525311127
3.04523982653065
164.970539480732
13.6587580925257
28.994326529136
9.20563108795471
18.0870996383234
19.4296832449681
43.5252132951178
25.6023028582821
43.8889555747412
41.3202992518435
11.3580948725753
139.607390209646
9.40208814542927
31.916670513831
20.1503719387358
11.6195829290304
85.0352341478199
8.9250215455502
46.7175956883351
66.4941467974851
55.7917940606302
5.56771241917928
4.99733054747875
400.255081543611
42.8234918604467
0.775323928257525
82.5701745475184
114.374445824773
121.210759037972
3.89105619134284
4.58565853150867
16.9247049500748
11.706890120692
287.400696577806
158.564009217544
57.2059440266394
43.3620814233486
6.02770073285211
20.310411329235
52.5470254084431
27.8545842578232
4.34664319915239
38.6623400530975
68.8642104826311
3.77028099404124
11.3428138789524
25.1788826148862
50.0195617196168
0.567949440570602
30.1301370227506
46.1345828353598
0.537716282454361
41.1815108995377
43.0333124258771
33.6754730524238
0.742285579518952
0.624040390878242
111.634971369401
82.0529581804332
1.21762943510531
76.5553523016213
18.7625654885736
29.4956194149557
144.983046977885
65.1325842925804
5.16218885633017
4.55695283112051
13.8336888960553
47.2783641481759
16.6892950634667
150.272095990306
5.35462463189283
18.1553251175894
24.3063150921306
29.5029460560788
30.2531852065566
23.560424410907
7.85949764395777
2.22939551972757
75.8655185757003
27.0164924922401
25.7521701380494
28.5426586288054
82.7807781929256
24.7073822463023
364.271286526743
25.6380218217217
14.3487159185738
4.44781799245768
32.0035442766141
160.85091035899
4.05744082859699
32.3581318139492
22.953611136707
2.51406947156203
36.7730294667637
1.24050899998231
46.7995459256207
0.870342644397299
29.3569973637024
0.734704095366861
3.59774903925312
66.0839814234436
48.8610998864954
21.479950368829
28.5066115060978
45.6112055691632
77.3851028549908
40.2820969210255
22.2820219512317
52.4425508884766
12.5806515221691
33.0893381005238
129.150847543846
6.04837796461287
30.2026260643446
1.75449490400848
0.528474737741732
1.30999775946788
478.155447836688
44.5459005584731
3.93120637190612
24.8291925934355
7.14462219950599
77.2834184379548
38.4825400103162
29.3035402081343
232.826174786042
107.015400533158
82.4776385112248
4.53837126610388
4.84555163336553
267.889125081278
17.3068823082448
275.568048896424
27.8092918457822
1.70133417809042
1.70753476118028
2.75227373838475
6.63668685241877
5.62952952097704
4.6513205658488
0.388884634072092
3.43237869817844
80.1096768528015
5.54954858575822
62.0686874990875
15.7934531845218
1.68333842497922
0.680529835688072
43.3725919186275
22.3543125653144
109.842028021416
71.753466464336
291.148831398997
20.102148688329
28.5950736842223
1.94433224080623
18.628916656966
54.0900095546928
29.2271087883001
0.689080215860231
154.268540809388
5.66403682351765
0.629815662742371
11.8574854761048
25.6968614186394
2.85159982087455
5.24848430540204
53.7799744901531
7.74042165705357
2.7352221294068
139.362151991146
32.5767820421002
1.41620185213732
18.7795622899834
3.73607928936504
14.0263229203944
34.9686815066663
217.395199223948
67.6586081941869
17.9905478289603
8.32828609892346
1.73113068743828
3.41950031742921
107.40499193
89.7863759442527
27.1571089701827
17.1188116225251
3.36778861593058
18.6921693292496
2.76465241151676
50.9776876543781
24.042890108594
12.5996053168177
18.1782759669822
12.2325403303821
1.2712155303212
3.4210451691419
0.262055648618687
24.2087983667695
27.3056768293554
50.1798263847739
13.3625125193127
28.4457038648112
15.6643667730093
6.10676285443155
250.046285536678
3.29075645262913
83.4606416793913
3.48278169719705
10.2973667532437
2.63430020188428
32.3538850841621
9.01832406524919
182.734866416703
0.487144822581657
10.0806721957971
25.6272989817799
1.06451146088028
46.5272152345614
3.22287175180612
112.343704424174
1.63345766580788
1.86846189964845
30.0226369793823
86.3802968493951
78.2436814776382
0.740529401179392
15.223566258164
23.2839590959328
51.5524555392535
0.905675177684221
1.77223530873386
3.19616601004452
1.62943150740238
1.03240300958993
12.9812260012381
4.67374726540498
0.331098900556829
2.95181379987908
51.4438016520959
1.95287837185545
49.1286630257689
91.0832625004721
23.7616492782236
19.0634312883554
16.7367915713876
14.6698272279952
15.9698982833935
39.232585701898
3.10583360363548
216.438416822198
6.32976951547747
0.848087547543675
12.5359185251906
178.49361701205
64.35747142213
1554.44202801442
4.41001405883799
97.349128944179
146.078805803684
29.6576633848197
18.1577027012973
67.6392701946599
82.4927490641171
8.98937190990348
5.69913298410595
28.8984315103223
74.1995693904087
2.34265096274878
1.11045365927476
2.92938101421759
1.80127417165346
21.1027778688762
0.805936038922273
8.30614617850188
14.889923848304
29.8746237307399
13.9981381884329
121.263769990838
6.64200726379468
23.5463460273047
10.2857326139415
42.2903574647191
6.45025753680623
5.84618349430675
13.6249319458164
10.5186088281188
16.3937008493877
1.01115639707049
8.16647630986365
0.670238917198774
44.7439227137183
0.504429410297879
0.574683160783165
169.991155915918
1.11851084876999
106.830292233116
34.7145742552986
9.44083401302817
4.01268883192689
58.467564571605
46.2023462357682
8.00098602897486
49.3510557339753
37.6339718859007
55.2604700537152
58.7167337450563
4.90427786069594
31.7667526380566
2.0420276730185
59.5458079761679
234.851951973852
19.9894596554423
17.0568683650427
198.220275788957
17.3468770186282
1.11966235264005
79.9461366575692
6.74644921410941
3.52586337660957
60.0672299163896
39.8723410153207
1.64976931324444
32.2817899528324
13.3558840927663
54.5956036190741
28.5481268309462
226.740903474651
24.5237898116031
0.376394148763481
7.49446043971957
8.98165872667799
80.9166109274481
4.85446841570959
0.354697605668378
3.58157447657172
53.0710057564932
27.6923848991277
0.784401109305501
25.8315010815302
34.5566528304482
29.2963437556411
21.6917591807684
8.38260091236045
0.788437391885727
31.5252886580643
3.62538680702429
54.9039380688421
7.0161573244709
132.291763713042
63.3069339808922
12.2650524251998
389.138065072384
8.32029388912981
7.31459750616973
29.1269324330473
55.7674810546018
44.3236755423488
2.25111006763815
90.3596748019905
1.19251484504714
3.6457802074464
7.45322529418979
16.9192767769145
72.7885841672463
20.9407925388872
20.8693517010214
100.690293937291
182.556822089309
22.4002035939946
0.310941398031497
55.0667004189082
25.5259708767744
11.0841645300164
28.5590694746067
12.6994202877943
0.266971418645786
88.9936611423988
246.221828665531
0.532178861781829
0.691106498268267
47.5146591365092
16.6468330195048
44.526998801706
37.1740489612351
30.8002046856548
9.85793708264533
3.77159665174524
11.2657484861162
0.535492540491875
16.1375143154788
47.0988509868669
19.5334834954921
19.0106278182084
4.8122962114194
25.069187747491
37.2756744028087
55.7456945807709
12.393424752423
36.0861003880443
5.60428519101487
22.7119178420171
0.553611816964011
73.926996450912
78.9273703677667
0.686691761313666
58.0708765480007
3.02371201045137
23.9227889214158
45.7573957990143
11.1155074344256
3.83541595423989
24.4212114211293
8.14431979023245
59.8028479130625
94.423645699101
15.6344851626024
38.7332003026918
7.74519495606715
1.74652723955888
18.8866110062403
85.9926224678009
8.4696401920242
8.44068944252101
49.4423704327974
64.6639800098865
33.3434456964168
36.5427876315278
71.143582345091
61.1184558212205
16.9794606830533
27.1369120714061
34.3526757365312
14.976016094748
124.809770989739
28.4189755701702
0.321065950488786
321.281680371382
34.3907542755014
12.0819880676999
47.0216256172867
100.774728469214
2.11567528044893
93.0703179859194
33.3187778478974
1013.60098217648
10.1128779859816
4.33070113078206
40.3275856896717
0.687494199839003
99.8241626855665
44.7891768913783
26.0745915042806
1.82423046511256
8.92517847478556
0.397972605705677
7.52530601597756
0.616869893354998
26.8051139950313
26.651148658233
14.9238453081892
3.6606676308098
8.95844108442696
168.577363855231
15.5244213159878
20.3742195842076
5.35517096181772
44.5242355773478
55.7858748046468
10.071211260898
11.4190872985098
25.4567804914216
27.0201492224069
40.2595877760399
86.7008789307391
2.81666369675544
166.957421136706
43.710047649239
2.82856811509009
20.8746461577813
24.0959810427667
2.30453313924924
27.3746580433324
49.093345638989
18.0510510040758
120.568533021659
17.3776182721181
16.0012682273399
56.6088629376955
38.8677045453288
2.18306256467955
0.887370827512787
84.6737195988544
2.23319718280234
28.3291633193036
1104.0544256947
7.63883140573282
93.5424686380172
19.1007217553991
0.311087508213369
0.312789232958831
9.55290677082757
3.71469275723739
37.2959983947114
253.593150584907
45.9847748005712
5.31990391384331
60.5959920177906
3.3611545899206
0.396886258652527
25.23239263217
1.3523197741572
35.6102071826856
34.4288542362976
52.9453243148766
299.969115036909
155.095939684152
15.6176437293567
0.641190643989299
26.9762857608452
34.4828443453234
137.333048760105
0.314283195010073
1.00461890182584
27.2118540291304
104.924203810343
28.7844105250259
1.61722142492416
0.902769727933514
97.5569909122418
1.28679011159414
12.3013301367504
565.515423251878
29.8647536380742
27.7682345897595
10.4305223947786
0.535492540491875
15.0656606753507
261.610685394333
2.2104631489836
36.8732398484284
21.4464812537486
98.7070087254472
33.5000311691425
35.2889223594025
42.847438719515
9.68961410811028
33.1478198017943
214.232799665426
11.9826711463627
25.2211853457798
1.24734761024257
75.5999624697818
18.2882900771206
50.328784674782
23.301267459799
12.5848460402479
5.40490297413627
0.581930556891139
87.0526687732884
4.31877168592353
86.0508662514173
0.194883829234134
71.3020474435416
667.9256908278
33.5171713386553
208.834503484618
19.6087041704521
71.9148333814217
0.390972650363219
25.0807811709791
71.8573472962863
4.87964331685482
13.2509969001082
34.6219190669142
157.919931184078
31.6528638827218
2.84099325942755
48.4212545741639
22.3426883849763
62.4199296401693
49.3323549489318
9.02784949146419
24.3653923203479
118.543209665451
8.52624696192979
8.54600467868846
9.77369539869073
13.3775335830478
28.7926001753154
0.602099749717678
4.27363904698312
16.8614305130744
26.8741101421523
6.72587836655194
0.252123839589652
141.735350119783
4.15663735445063
6.26199469715818
1.28792994679834
33.7997129967391
1.37631304754591
19.6783648013585
78.5361490695873
1.37323268060236
3.70412060069878
87.2324370183129
1.50615651989034
461.036464256494
125.375972126599
28.4950537941669
8.11957818062259
12.9450620162547
1.22946003744778
56.2563262032488
102.438708242645
171.697560491163
1.29329030700201
96.5146101621811
0.382922698831055
5.74945413180614
4.3290962478207
4834.36788477184
0.395477580531453
23.73891435798
51.0685176330117
21.9788760125375
6.79069066610351
28.8958818233583
48.0555028639379
78.865401859797
100.395959524931
9.90982133100529
21.4323664483205
3.87006182141854
40.5671476417043
18.1160520298335
72.739468516848
5.29847231815777
11.2086863768253
58.4595829694118
26.629271802725
31.7426012917082
6.24073882200241
62.5605992155239
29.2564406049719
25.3980504861002
10.5393749388231
14.6213734147721
41.265681221477
12.0601103905121
23.8730250243346
1.11422035180598
511.311327439505
0.548449548240945
18.0072256038507
47.2766858959501
72.4939801990057
57.5882162079554
3.980032217008
52.2056402698515
29.3369689199931
50.4029064312947
0.389902646113879
31.8600672751104
32.6089568734616
10.0984801992006
14.1587929156858
21.0611899811791
38.7527722594531
12.5330950751489
11.8921719694314
71.3529423156503
63.7551473082025
94.7698977854795
37.9366818907192
1.29105197472838
0.647262535554132
1.43682677260252
53.0419842375383
26.0088422372171
357.167113976965
40.3658974539382
62.1388120619994
27.0307820018248
43.596600661637
15.0130336377842
25.9861915169518
33.2693732822543
1.33015590250734
3.60219273098283
0.535492540491875
20.9300003833952
20.3771672249194
16.5947500998627
6.65087284679218
64.8295198721038
13.0260989204312
30.8820039306381
144.845780429499
1.67784026550096
1.01891414518372
24.3624943109478
1.69216496921755
57.0275629908435
12.6320946057072
103.422698664153
30.8858479026171
42.7916659026343
21.5865821162232
3.64958054381377
4.30431171190045
781.343421732896
196.277770764661
6.94285057788984
218.020647931677
6.77063253290095
0.709876588781721
8.90751254681932
1027.78792988407
3.8303695380009
8.84297815740954
0.915745769395162
15.498642756245
13.5951308377737
0.952420554843421
2.08329134475492
4.9355937503533
5.63865039102467
9.39531723523149
3.75134778320324
4.57106291432541
0.306202768028627
3.22489514139614
205.197231019682
18.6198385872352
57.7065177200566
3.48689304630813
6.7181543075885
7.62182076536669
16.4564084208306
56.3719422693709
28.3855892537535
5.45046317611832
49.7468508745662
34.9765887410383
17.0870228547998
1.50761401501376
152.444520876457
34.111256279204
15.1307609970961
24.7820583205196
2.58998369982183
1.91612127210137
0.26720648108135
1.56980871231554
29.8825854680552
21.0278571513792
53.1599804973137
13.2068390856529
109.36541070516
1.16200877906019
10.2163590824283
30.0996141621759
11.4697101885209
3.32490467038782
6.68920044884124
16.6770826867601
6.94738896631187
95.8717525114534
2.13179329704972
33.7927637156895
129.790532434547
2.44034778576414
12.2024066592135
20.8956589472114
10.9080268087424
24.4812955615675
17.8916932238814
81.2094281337708
112.069677643584
1.74332181632769
19.1080268628862
19.6528046786039
3.38816859671429
3.08531516496355
18.397519205907
405.684820352502
16.4735743836071
21.6701082026109
93.0714869066527
71.5927624449286
11.9976628463697
60.6294406686139
8.42238289841862
4.34957093139521
0.538630775865215
36.7944665336433
37.107911752094
0.580922252017325
453.303618074058
26.6457824719378
195.036849396826
21.5430411984915
1.98428443823732
12.3097198342691
74.357766407271
3.43540158474945
258.648520981958
10.1008761260421
104.353404999127
25.1032989598516
3.55487497628891
177.046606381851
7.9278497500286
13.4123595004527
16.2787019651886
0.578499320285645
169.997549437754
33.7019073225013
18.5749497135293
1.98972574993079
8.11655096556936
4.78645885836864
15.8063051876249
2.52624365646074
2.12033974983862
19.6893964753587
51.2555961410823
2.54068108157445
19.6801529301173
33.5441147122536
14.7083921378334
17.7490613217926
10.1092609391836
5.81729472269387
35.0475675008874
3.39208255074174
11.9183545960001
65.9111322591281
8.93477404906568
35.693505019524
1.02603690940966
45.5648215891222
68.4240976571902
171.542114592745
21.9544439246949
494.980215945139
36.0867917919799
13.8059445726919
0.246169918736331
0.637927894563031
11.4080083569191
22.9591241039853
15.7289276083156
3.9468539574363
11.9350017055439
0.404447125026097
2.98940117571157
7.42771487199208
14.7993263871182
0.488026751451068
13.9412271399674
8.97937947829578
11.4934612999999
1.82974835904228
0.631900740046751
2.10721798348127
7.23092349586112
41.6841730095663
27.0581591573839
1.22010084450006
40.2504129360204
38.6229316275171
3.25373423348257
32.0323501985412
15.6762316113775
2.04320962469545
14.7708947525336
74.8443643897794
3.19518229141484
50.8026258065281
50.1574329824296
1700.2481579054
186.301540416877
31.5180007932326
0.84202240250658
0.449673242883333
24.5654843515472
18.224295988068
12.3706589975458
6.26933599053089
19.2073316067171
923.091291203343
4.86337881906724
2.32127786610122
20.5102038327787
123.184972195316
19.4048486688808
0.503012289465461
269.836463312211
0.582148782856514
32.9043558195795
13.0463288131209
129.430071091668
0.207718300634785
21.5740281789481
1.02432883861911
83.6729748026181
9.81128605330757
1.21951200987128
12.2818211234265
28.7772726611606
26.4304555264097
27.860254843167
9.34422825334052
1.59955634517918
6.08665737256953
52.4471058351892
24.6455004982827
61.117658686582
42.0205674890689
11.181856656646
48.3039430506909
30.766915796964
25.33788514818
194.063425756005
178.167766590308
8.62154559413191
26.8181050775687
53.007647596647
47.37552366886
3.11360871591567
47.89352014635
0.355795762887185
0.318526164467007
61.0433704884027
2.61517985550891
13.138139488306
10.3582620227897
8.58117472494747
0.38960267846559
35.6530582410465
1.5462443048368
28.5766206947413
14.4222130841279
7.13907756264407
50.6540847260961
6.05697081105616
0.629470834653179
34.1722165242792
8.16199151223862
98.2024758563753
0.359408413106313
27.3959404796227
3.12812974780874
12.4574534923734
12.1231619155478
220.378788630683
85.5667176112353
63.788799227467
0.753474552120213
45.3067231390001
0.716042195451547
8.54470835594802
6.2012141003201
409.149097871994
90.4325118291351
218.245538945304
20.2906012211042
94.122774345135
12.7247646714299
0.425899520091642
0.319756398544558
0.535492540491875
26.7387213407601
0.31578699647703
5.25693095532686
13.5952630712809
3.84339330858162
92.8515403186947
0.261339747215961
39.7222819983237
0.447176090927134
101.532641384146
6.06205311489027
3.05439696376396
77.8963899579567
5.60256377820731
17.0198211828113
3.75241567748901
4.12060279125055
43.9689346622842
151.416223619558
34.7677008557019
1.51428166995473
5.7359135282802
1.84606699796571
198.78542903806
40.3375536217151
12.5534050893857
2.30917724362702
10.4938796782664
23.5833158386693
7.08436703474891
2.83825917674441
24.1720216371146
1.16037341729711
76.9821050864578
69.4142840769179
11.383667309155
162.164279357198
0.402864767164157
45.0511261387575
60.5910182245898
19.7804688421585
20.0978977033714
9.99901674897003
65.6008419830277
16.6987490388381
7.69005559160972
91.1634934888775
42.9284318156242
49.6511308371336
53.9230329916658
70.9995728796022
22.0354140279751
177.0504473671
47.5797817642487
46.6914155415909
0.89621806485846
7.15895608786621
262.915634522585
18.6192260859482
35.4486344806893
61.1649605209799
0.489455874692757
65.1634650192558
8.04071062245627
18.0635065545053
9.32621580134208
20.5621509437662
24.3931021949958
12.1170916664296
67.7125765936668
10.7844709598509
19.5398196244982
3.51716325744501
2.34622945420075
1.66854346911344
11.2072214335031
0.803787141182508
74.2035521333622
19.2371773265804
72.5782042080459
8.48668682892685
61.3392469371692
13.1710681198181
27.389619397769
15.8482673153879
40.5624057197261
3.12858382907321
14.7491250181326
0.594463593807121
67.6846488363212
10.1066389939021
25.977923898218
17.784084591521
2.24237632180181
56.1889438442706
0.764929356265627
9.25362108544853
15.0778340809673
30.6732414525339
1.00579444411901
50.6599333079458
224.375562070075
29.1239654696842
18.7575765659325
17.2292338376021
64.5137762868672
141.761084949818
17.06865972644
70.1444135283712
54.5212972945069
14.4543714839047
337.92015904238
26.7725000803737
2.54550025817913
57.7603307038059
8.65920180062203
21.5336795792852
25.2406018770046
9.84310639938931
45.4886249015224
5.47226999514945
25.1354288372115
0.886583487827377
16.2214615544755
74.6962248259419
41.5945230910562
47.340040239503
15.0250038340635
22.8724431072378
57.3944958214616
61.9431709660785
4.87862633215544
8.86393430010559
27.9626048252037
0.956185943807658
29.0201576366557
128.598936250993
0.265598253071711
5.72281576947362
2.64708977142489
6.43825395455311
2.50813451253078
73.7925173216673
4.79853161817381
42.0761486399235
29.1729119626977
25.7554089982184
29.7796982109222
18.8406611323451
7.88798255360096
30.554494987701
17.7235696468503
17.3274193188197
0.97950181199667
6.6218993884256
5.4806401231129
107.605513372619
8.55035106468702
20.8377100546516
30.8008880791367
6.43644484620262
2.46554011621697
302.521424329169
47.4016422446834
13.0568896246277
39.447798103252
33.5178495607335
300.273751885071
10.6107884864367
116.038108352893
53.3362696139389
23.492185292936
47.7232175472785
42.6295709568281
8.74112937886908
111.496979500365
29.0050515606489
19.3033348510631
0.795685952293188
5.36123221349073
218.317264759867
41.8190610966212
29.3032202903514
0.268243542638474
78.49133298715
19.9059531132788
21.0093485924296
28.9738511571082
61.5791857158097
8.05858269918877
2.55212945976764
17.9722238734476
0.26593533237701
21.1965628402888
4.93286093407495
0.301126956299981
24.8118632953995
14.2919335910309
0.225077830090933
21.7514370901941
37.139623145162
35.6040031258122
114.94474284317
12.6126571841365
0.415301900569387
61.6314043444111
53.1249747753025
5.32092570513871
83.8369979343959
0.915831818933761
142.24166288595
2.13321772218459
0.326802780109204
5.67219164191189
292.06394743885
6.76233658708025
42.5636807417688
121.806862554535
12.1022046581502
17.3890003902159
49.2918456689804
2.57225912233292
19.377936747265
145.849693235
187.401185859755
186.854944230793
24.3961389223937
1.36196503674467
4.25911206939521
32.3057344410998
38.3521910535254
4.25963418104264
6.86110607600206
1.9675333082265
31.546673836649
50.0216631854202
0.664838439465699
7.1461765801687
45.0417914600207
58.5430009924004
11.9166914206183
0.619484639879722
15.7442630064032
82.2915207213767
35.3973047531505
9.73142217121406
2.99531476488904
41.2821352177134
8.38332902032822
2.99462657242164
366.345076281415
31.8421899216961
1.36201289588532
26.1131909557979
2.78300012909371
28.0858398613481
53.1243666443664
220.148429990251
4.88072150560162
2.19148448106063
30.6665216430844
37.8067016309015
242.026843733948
24.2117472116747
0.544941405524871
35.4551389390849
21.6214494658008
7.68387889731093
15.2251132847575
5.20782739775547
7.88357455714582
4.86047093025485
1.31430634415179
0.906590335828002
22.9062178442508
5.76474402205729
51.1907433125969
36.5871743051624
28.3108631475448
239.116636882413
53.0996153398122
5.40132543760284
43.8660528569554
0.309890248516788
13.1018822291119
12.8407927949763
43.7782848564747
27.0870076470108
144.764469964716
70.8284927159191
21.6012466072642
64.6249945976758
11.8743084591442
7.37899195587274
17.0489772530412
85.928565996874
5.80258214100209
2.11910353534994
6.52295269666516
48.9354632033872
105.87249842383
446.438042284421
0.44439301867967
9.4330314961704
48.0332952923253
5.11760739711237
5.53442410475115
16.8537293473237
47.1092771793652
41.7709058762166
11.4442414959968
111.117637085406
30.3173058203138
5.77226831921082
15.8412081850273
30.6318188803589
16.4664758438797
16.7162375432789
129.419665996826
1.02116316084525
158.495079086356
101.217158387303
2.64812558207393
92.2603053510942
10.7895694232159
3.70903134327028
46.3312158106078
6.53605551524833
3.58706519904092
2.78755260665071
476.870633082604
10.5885662781443
7.89415204380553
0.912484573057446
65.6069023909188
60.2025145487983
38.2448038812836
0.581038091089837
1.51532753701705
15.9411964288337
18.9889138362398
29.2854542361015
3.25521118353525
80.1933405254172
98.1308559547001
9.48864810304151
54.7898351108103
36.023368790981
0.958270030183601
225.844207035667
24.6098545971544
53.8221698302365
139.370118479725
0.60009262191089
20.2216707630151
59.9371827226613
9.25112535353565
2.70962411118109
27.4760274323121
52.825664288195
124.895816966476
53.7264275162229
65.0090999225908
162.28958853525
10.1118760503295
66.9890768891471
71.4061269167412
10.0721086328264
73.5932102783279
5.18138123491982
468.76721806128
81.1460166877449
17.5734344757762
32.3473602900372
69.613008645592
42.1106251929097
7.12606232378488
3.32054605724936
115.307489847024
81.9795419296353
4.03992667217792
6.88994029606702
27.969407769445
19.7365853972756
30.2773419176895
75.6968590182132
57.5994565746442
141.196992167796
0.491105907295923
38.6571191977282
39.4423260704813
4.24417319498029
47.0480967800334
240.804160367055
0.447320849151329
1.8168906510826
34.9026361930984
34.3949977737068
49.5836914869582
17.5453099349384
0.24469060949822
82.4947169740176
91.4326667515689
25.1897462083874
0.871135979969931
156.514560263476
78.7040344263151
10.1122728324018
41.3132728860823
28.3099679027777
5.56494526032183
6.23285857490617
7.25884898774105
0.589068669118278
39.8749339916013
86.1256188006913
100.796902162405
7.15345941825758
1.05614084438971
2.83137589787552
70.8708383021893
31.7804832311648
61.0259988213682
16.5804406673957
12.0194034626855
73.0303603276328
22.2904784788562
38.0381588364509
0.15572606386054
7.73963596387369
10.6056505422539
6.82410761144739
18.4826091909177
62.6890348651335
0.483245718356388
2.64840970527149
0.97269081596121
4.20592391722844
8.02761202131278
37.966176323606
28.5344157992328
0.761945193846914
1.24681341698744
22.6192175008667
0.757711664660747
93.459117636219
12.7993935315914
55.1145852256014
38.6873340872406
79.5034893629464
6.30379951852549
1.42055697816283
65.6561338865903
3.63160500863422
10.9996541009507
31.1232983785838
4.29309749279096
3.60070777839688
10.0733908680157
7.03050350880445
3.1393339590435
17.2440233906194
24.5194764680732
0.310893427030527
42.7879058019157
29.1108839769725
52.7019572551813
248.40688558967
102.163748040198
47.5906994036722
116.992684583593
27.5810538752
383.153019659032
62.0730399565959
23.7656550448327
15.2178369474602
54.3858038225717
190.798233298726
36.7541775610376
22.5606986474063
1.43261917126118
105.234874522351
1696.12247898824
7.46796259813367
48.2835564501978
45.6115750321207
0.339046508076032
36.5126254815597
12.1973429156721
10.9439639069167
52.2091692532399
0.198958693711863
24.1292350543762
106.553439743412
381.87154258807
43.8781930766628
6.96049930768565
12.2860846553005
0.226551293788348
6.2053097377805
4.53396188303456
636.885037505143
12.0620699883171
0.217929365650341
176.582079167376
9.2612827121138
0.443995173163145
45.4264944271823
18.8872474787959
63.8467092022822
72.8316715040215
7.77442338567847
13.5623706285201
15.5029988858134
31.5758314025426
0.930970121023328
3.1929248716396
43.093811795341
34.4141992530192
96.2159279341848
3.87410240569524
3.17173683993923
41.4845644286481
4.12423982917989
53.4156892327604
52.2667880175372
85.570882450576
7.5421975273933
6.63444884639964
48.9947870161095
77.3401825598326
74.7698401251379
19.5374907726815
18.9049938132943
0.32819815342831
370.468307651298
3.03048228758491
24.3427553533363
25.3744286370906
40.50011771545
2.40563262932091
10.9055938887487
1.01907604280299
0.352316578957746
33.1932250612005
420.770802645393
2.4221210545614
5.45956224403988
20.0365644527949
76.492079834306
44.3986933039795
0.942507381357719
14.3767535195064
18.3109808624955
3.69028001256103
11.2130820422147
9.99455193881446
7.02378172847833
12.2952120637717
0.560882846932135
0.352647759709634
4.67812492378877
8.23978052931812
27.3779749663452
15.7744053257701
44.4949714483039
2.84245275419583
7.12827525917329
116.181638064411
1.11799025873652
1.85873673422684
0.22194990567422
19.9550939400677
0.623053461415817
17.7787737440384
18.4806698586155
18.5523868563355
71.7372334962217
7.73909343709402
68.3021890491506
0.323869375172356
48.3161310368116
22.5239982304556
0.399000832912578
0.664294336287417
20.7579275824239
2.41127309037784
5.22455412775589
13.0071963427565
8.23451459703588
25.1515821260856
0.95599093909351
812.41309557916
6.04345786830456
0.397206918958284
6.39897050503058
11.7784309514062
192.902494698793
130.389091425096
4.06886950684939
28.8369740341743
33.4484206346778
6.68134088296287
81.9766581210474
38.4265424440032
4.22801046630902
89.7797716890038
1.95658047441954
6.7264156416397
11.64053865352
2.91350114673734
34.1292392988434
0.581156780886639
122.644769754406
9.60062415175141
169.055505823546
37.2549026061839
6.27256568711235
104.258781671104
3.88183238192616
13.0784897160568
20.8443909499529
57.6868022533622
34.9436401141475
37.390438359563
45.0677554814588
36.301621278068
11.4372081959869
33.7783691534403
0.535492540491875
23.1185221048539
60.5894938934916
196.254691481639
25.6671348485981
48.5033043425098
19.0630025709935
206.495516026109
41.7565622563502
31.8037071141404
98.9425747163804
2.99894581054287
20.4986113403128
32.0971141955646
12.9608320448442
32.9687162552339
22.6751311978866
43.5826849251109
125.997514295681
68.2624497231874
19.8539087445806
0.329537257333577
50.8241995134922
43.2175851234258
1.29011573027256
10.2962066488286
5.27158298949715
10.8633798464655
42.7869359317094
7.13444333599169
15.0668880788452
96.5401154653177
0.535492540491875
20.6025418570074
10.0173616649986
16.9681284025314
11.4611870712323
31.6352516748162
76.0393166307642
54.4143603362088
2.00883339352214
24.1480965488188
12.2318448805406
10.3770750863581
193.27406744251
2.48220579173407
12.9752896684131
9.86733773015205
6.3343255521488
40.7171954530072
7.78887767048603
3.81504392563314
27.370221966178
2.44432311704108
1.62187701107597
1.56699881627976
37.6785698724008
86.7436708948351
58.9912340922112
0.568107357411032
42.6697733271326
5.02061917341533
6.86067342221806
48.9091706153522
10.3886473664411
4.46451796563609
5.33012542519627
49.3665144926359
13.6860298105836
10.219980417892
47.6620073644465
163.658847578295
13.9937307974646
53.5466078233898
0.20383611960165
5.99788854262554
99.2579764463663
18.6709968226338
11.2957887160897
24.74979342311
1.56863690301113
2.41290953084362
12.6362717820692
7.85067188164675
24.5038854403012
20.3676551132615
1.93866929703115
14.5612921507643
35.1308638557157
18.1609075491259
1.59782860051635
51.9943754204618
7.28194011654715
102.649688183476
33.5161477467811
19.9466731446824
1.86716910290518
0.772424143489139
94.6162085414474
8.92419047708863
14.1782794763913
9.15728796785353
73.7502220200649
1.29813670189206
16.3220150986788
1.12988514368943
1.95242145345485
65.4244126729235
25.0329101321806
0.50684975260289
25.6113854546824
16.3218450909892
19.50601805198
0.806061915015725
5.1038138653378
9.30910717826934
23.1437528777977
18.28655602457
16.1003225492807
0.842714762310649
115.684226309681
5.50521754178573
166.314074919274
30.5317665117929
2.91017617635539
0.267108564952465
0.395864279478024
0.523891814810402
20.4366942512941
8.03848231022051
4.03231160655778
12.3777474374006
133.80713971598
297.034579280666
43.9231884147841
8.27336394249919
3.78906245468353
0.402490353334404
0.22487759944521
58.3262200417169
4.76238414273609
17.356542540029
23.7830131908489
14.0591208285826
55.8961610678962
16.9681652907915
3.0780829972014
5.01459677046374
35.0359851033738
1.47557735438231
1.51910523458782
14.6546077819755
0.371502607061604
0.933311401323932
28.4619658919308
19.4616961841342
45.5589785807163
162.761804206523
4.1505216878041
930.051021064999
4.19033862034323
35.734178929612
28.0452861100083
171.780188195938
19.9817850853756
58.2160420542979
45.8759637036051
93.71638739684
62.6029188232574
61.2770635477218
7.52556837490304
5.89522503891877
10.0529485983606
12.7657496995668
10.2062881354635
57.1129694450632
0.874974904548413
9.35357907171956
14.1728051731057
13.4972681380621
32.3452718622929
22.4062599324452
37.86297096775
23.1932686365368
37.1327279027625
13.0396787151676
14.4034788263904
181.177019227077
0.890069003587481
36.8969758126549
27.4063172355134
8.03393897413648
29.1402029951642
28.3903153975954
35.2154927826006
35.3407489275681
26.9765805121752
12.8976720573075
22.5624697607676
2.15615022393219
31.3638515539631
0.848157410852715
1.44953664975802
12.8144996763704
2.08016610786646
3.31719236824892
17.6393512999764
3.13504136358404
18.6595203849806
1.42393381472882
33.0084197085997
53.0041491937762
6.25659437374898
4.99782791776327
24.9066075592499
56.5509750417757
0.297697797701902
11.0459740669464
1.52232207802686
4.63858632732789
1.1412221766722
17.7779634252441
25.7492483642737
1.69286712376141
0.898518270593325
16.2958847184615
12.9102516469172
12.3792349122646
986.867444602395
2.63108415968866
3.32220001116257
48.4991789837214
67.0417080198129
0.223520542315748
2.52732769729234
33.9462293235499
8.34194482438516
42.9044823789148
21.1406952051509
16.1413897528493
30.3258340813707
33.3649890801283
47.8650135582365
0.55556937792082
14.164466705598
3.95143704046437
57.1988814335888
5.52359094121473
86.995660366685
14.0957196622824
0.71778728421792
16.5294127595076
5.84751387807205
7.36530045563192
0.58281459228854
14.2034022119272
34.5465826013187
4.45810855653589
2.14052224737032
6.33795008778378
111.232399830324
9.04341308791934
0.308932935216916
0.531996520870311
116.235044834995
0.49133132330146
31.3881650617933
9.6369221645216
2.73942616674052
2.08556437109008
3.77753784666381
6.65404526674401
12.1989763677301
251.974955421724
59.6569154151833
54.9462897266679
45.6255398929119
41.3462515438877
7.41690226063011
20.2679087281398
59.1523906958511
2.3095320594138
0.225060357174736
196.057697038468
145.654622334706
39.8864680719482
2.96346640772107
57.2778056069416
43.9475511259478
5.82369053637646
43.0006042638722
22.8298540618847
71.9343217842364
13.9681709289233
32.666375764586
345.643471128235
6.48958690287328
0.239639021959367
20.5201695156014
1.80605157533164
23.0464218486283
24.1603200270314
26.0023719148971
5.05966432296857
38.6870052297107
12.8551099666025
6.87143042006696
29.9560549142753
39.9201813993203
5.34665664905541
13.8604245163489
38.677239936805
90.1247115728841
332.76083111853
2.75338384867491
6.56473866301716
13.385812966576
2.29780057735601
12.1512283616518
46.3731758043992
11.2519631777385
17.2028664628396
4.84373471038894
10.1220443115813
33.5750314515768
1.95177887447604
31.7146145298823
4.42315404354205
11.4886917969927
187.216419600712
3.6797432525688
1.86308498878979
0.353964382730168
63.3614447611809
1.22680499232936
0.7975079195721
20.7486435549949
1.39626017281113
4.05142818380163
24.5833428054921
21.5656161720547
71.2178299763853
33.648444578493
0.736293830198226
101.049531770865
0.315198256907232
41.906859585775
4.80497083237439
30.9263649918753
5.0217906437309
37.9274596438002
14.4226321414127
16.4846140224753
63.2525276217357
29.7103048715918
2.20264278811507
3.63195622231511
29.2087628860534
1.63156183079961
40.9643336501205
24.4934657080878
1.55831305385738
132.762780437342
14.4217797098155
2.5986444234901
0.234340890091471
4.75142054277162
7.25885298005969
0.529611713440264
29.7789557717021
43.9077985021259
298.748126618977
122.554945059759
183.248270419934
6.24455314506089
12.9560177486513
97.4211873489499
35.5465967645318
97.0442008430701
14.0454903073989
40.0758089978507
11.041391970216
1.97647245257021
90.3428017805207
1.15881041534734
43.0447053089219
15.4333186697253
1.07336063922725
121.108089898527
28.5026283463769
82.9440301626503
7.27544523703448
46.3103922602065
66.639686408384
7.16249684073767
66.692913697565
0.799633569961927
1.1366435704625
14.5627589211243
3.50268580397584
12.9253388362804
4.72519834138029
17.4159134320675
7.2130274344193
2.28724177161976
1.30878368206442
0.489455874692757
64.7810383536618
14.1565024155058
7.01887141537302
660.803349622609
0.5307589596986
1.02314279241215
0.887436694045268
29.4826399418133
2.66815391289199
86.6423284685161
6.51472990615368
3.66143388573851
4.77597093939602
1.34240983891082
20.3229219095279
39.8775970493882
4.47369866403414
0.665439401715864
50.5874247595433
15.3761579832778
15.2382679813813
3.98364651479844
17.1277587915308
21.3730901525038
4.0432422909942
56.6202145607947
0.738630172340183
36.4924850410684
24.0126367393795
194.851171235164
0.734481717251831
77.5860604906108
104.610321564102
25.6205713470956
10.4108968575528
0.217367134404043
15.5472633014601
4.46576385077708
0.314812028369635
28.037192355073
438.968256087907
3.29228832559944
12.9707527983937
886.758128624719
30.8596965628395
3.42435082531976
0.664142466952002
2.34459437490385
338.853072926182
44.5111885663717
16.7582327883963
27.5520083265544
26.8798311360359
105.366466090204
15.7784584280149
24.5615502441839
0.490958897897106
227.330079107801
50.441797453954
53.6033307986971
1.2886739730314
28.8374336094542
0.220962195572697
1.9678021638359
6.9557786511175
86.0294622851758
18.1379929620583
63.5017108297842
4.0607201925925
0.217344786245311
7.50844389759564
9.37039588939709
12.8829963382419
22.2302089215486
6.15365115544654
70.2437388569666
0.358184144004498
2.77185538964176
57.6492097330505
8.69420021166377
36.4169045393912
21.4206560040115
13.9099821721829
5.69431400760654
46.2896213352158
32.3055966740603
1.11333653588129
118.046033266209
62.185559386021
8.98252812169055
6.28093768931749
8.81693235946227
352.568275364838
2.31388532292942
0.220279161522093
1.55404386392763
2.67875639065853
1.00605331280678
12.0977691548432
7.21635235302693
41.7240204962578
39.0999272600587
62.2593055664858
0.803666429753585
133.194809003769
0.44789352135077
4.72875284977002
13.0307935833485
28.6957656774959
16.9033058477257
41.8971739067923
9.81293590749557
13.120948093906
6.82505637513947
13.1601851427904
6.48455950888436
4.11118639086198
21.9850495875492
5.82068443293904
21.358528637426
0.550900453633741
37.693046071818
1.30141959337788
0.261185556019657
63.5742956713813
10.7839425492152
87.5402113456751
18.6342394029773
0.758853353117913
53.0111562222377
2.15420120809395
3.21096931819258
882.535371188303
18.428181894929
13.6684548809051
49.3231347529238
34.9997020913756
2.5801536072664
36.3322177504055
16.1494684974981
63.7434801015391
30.6452608192773
22.5052329883955
0.357660078167541
0.2886203535407
62.2636099504704
1.9254901546519
15.8353288595381
0.306461769354577
0.360905484401203
15.4235804677252
65.8397295068661
1.39551051702014
0.400374145689133
9.49257126244208
115.785446445188
1.53264708615777
10.9054607509538
962.780397143638
1217.28475290309
25.1187220965119
90.704302016234
91.6724857363014
2.11818817271296
6.04118058730315
19.9139999034199
2.41125294264311
9.56706689291812
106.170928098642
0.573071441840643
150.080202169221
3.90439762658669
19.9205307836329
3.47168882523448
3.50992679184249
482.178205668518
3.28640234663289
21.2822041232887
2.9178040881386
31.5818461815596
0.832705005010486
3.35916999869837
48.1560423721021
57.0222893202133
14.1514308522961
21.9110132866384
10.4879005271175
18.343611969563
47.7244950371936
9.16238927925554
23.9071330954316
20.6066175135951
11.5007080884282
26.365563249087
2.01979591028722
2.17376756134769
54.3042657009052
2.49189278798908
300.22437555963
20.1996761525848
1.66261372762918
7.26719105347602
2.92371305848845
18.8757570440827
13.1572445589161
52.4025642874676
8.53110309435758
29.530982267239
3.88256172180853
62.3798294294423
40.4309077961001
22.4338844879091
21.2015294753937
1.07021994565185
36.6926966403267
72.4849372195957
185.088839721523
5.49463625098695
0.899351064540736
21.516399625336
69.4999146024395
73.8841638333701
3.42025706795252
13.3415041975142
190.022441276283
8.52592034148886
26.2222765892085
139.598595471426
28.5847016261456
22.5031363464017
121.169946260299
19.1009961804583
2.69075026676503
0.718870192440098
24.9278976673149
0.266966816319061
15.3309040688136
12.2905115701808
40.2619628228555
26.6631885935282
0.221085874297621
51.486359704023
12.0060185312261
39.8824354120324
319.833073399726
26.9234480288841
6.2329622297863
167.839074203628
15.8519882461782
50.6135748441907
12.992874592321
1.95866351023826
6.633240539441
3.23815516870417
222.853125424763
0.890611111747921
49.3917084604226
33.1765889185865
2.82927117802317
45.6763278285062
56.4518313180734
6.76147434244494
7.86204690224456
11.4155575088234
303.82800200935
1.28274561683555
51.3997520458897
0.400722452004854
47.6211304909391
53.9791570023025
38.144621189118
12.8318705633125
0.308247402665702
3.86439088600473
13.0185456814516
299.5627260973
43.3166489051283
32.6071037355101
0.213988046918998
221.104236811919
114.464350800559
248.818778168692
44.4714420628443
12.0827608334312
38.3578431275554
40.2060061325114
0.201760745602788
209.256896667795
14.1819954093333
80.9728668714263
7.99868888814333
27.568666752509
0.852123108103693
5.13280023654209
45.5443011741254
35.3492244445332
1.8920547740055
8.02316549064227
1.29547550570684
71.6433652700906
41.2974592151752
16.3522693580825
5.88570362966698
2.84828506540881
201.465198342217
12.6327751724999
93.6895253186683
0.224905134129086
70.2610014545075
1.55190908762146
328.18930973258
6.18427170599668
0.894295813932445
136.161353953633
49.3741279556837
630.885098752562
55.8593021982419
50.8536559368434
58.6294373528565
21.7135051658935
121.82026514002
14.6495777273247
0.206837783091223
44.1311821960464
323.625778389096
1.19433559594249
2.40771141959841
52.0686373701692
0.824090180040879
43.6092719700379
10.7631634490308
29.9290934471711
143.651278863282
20.9428400795206
29.7646575569992
21.4262677882316
5.20124402160188
88.6480433815215
3.60043640892314
84.075392215573
46.7625648086804
6.2123649474924
38.8854069740477
57.8664694599043
0.430589926054763
3.65572829350237
6.28917984650598
14.1156617206348
23.4300150847624
10.0786385032398
71.2165433096347
27.60119458992
13.0635781186089
12.5291395435046
6.85441105189355
16.4860079282585
0.623808990056616
57.198936422947
64.5811983624904
152.846716525691
31.7091906091774
0.266484978611388
8.02936306202451
4.03340734197075
369.980131164233
38.3382412256072
42.5322640126468
6.00908208739375
4.17199959749654
4.56207259348017
33.864398655087
2.11933459863146
1.91055639313639
204.83106768712
18.7491846784823
9.07225792592959
3.39526167906378
6.59457439902571
2.44911145760583
1.16341756911604
14.1563874926301
21.6747113260658
0.200393658598951
10.5712191648567
0.259015092552011
13.2677245903235
10.8135263779932
1.32025739197087
2.71499109727853
7.87133637178036
5.25102650858131
6.05865753705765
20.4294060825784
2.46981799621128
29.011043855433
40.6617385414181
41.8529601129413
1.82782280170692
136.423039704306
0.975117975908832
53.427669927785
39.0274633546576
23.5133933842815
5.77727440228663
143.349690670401
34.1599404890836
7.07317475831719
3.79184334490756
2.84543143083951
10.5043904439016
4.57429297634419
5.1631940074897
53.5968500699919
25.2526534230635
15.6433445046005
54.7878590799391
2.71788161907804
1.17882160576758
145.680365139487
0.197472379968571
22.720709613974
220.857649243806
150.997611988663
15.8588617321661
3.62303380661574
137.699635686689
207.00571791614
0.755743015730862
24.102375142956
0.596709112715923
5.70632700152497
70.2979669280118
62.9411315505136
0.843897851115282
46.4930751070638
4.25168826767437
10.683130950688
9.09353904741313
7.67807919374168
2.68273582006167
20.594121303046
6.74603963502308
3.1219796932097
1.44880984388515
972.52559167859
13.4364470191348
0.303650383083806
0.837118298979942
3.17452618953164
10.7266547328781
23.4948009314155
27.6178197140781
21.5194217547828
3.93466931466071
4.43626046090622
48.737603074006
11.5231803278492
139.05282410261
0.204591411075908
0.799464744382932
0.902414941817927
0.921770018217077
10.2154153173397
5.93331612687948
1043.45993611336
6.36987947663198
8.02974716988723
10.7106109130794
26.4490614119495
1.30740433651048
74.8935340143179
7.06950542110598
19.9042400446362
34.8809633822039
2.55863128813827
2.70715025188844
0.310380945385801
3107.27497754149
53.1229243690293
5.27800578690449
15.5650038213578
284.201232909978
4.02796610042645
581.744513323211
5.33292662439891
5.3527395280961
31.0012178589682
53.5625604987426
0.734451234203738
10.6792698592511
2.62985926809311
31.510074747768
58.7374716166205
5.42643229375713
223.22664355493
5.59035386756577
7.17503859513566
9.91539450595779
0.757886420102237
30.4466819250814
9.42311648280674
39.5862396980827
72.4684252405728
1.86952113878293
0.829264501270746
2.20858220397432
1.09129259004595
3.56801343774122
32.7477084058858
14.0963530852729
0.204415879681356
17.1031725666761
31.3588097264641
33.2258446789763
26.380286869788
1.4729723186996
27.2688672924116
8.64193955044662
4.75102409081669
2.75372441751596
10.3912025947798
6.0418971457204
62.0641293887797
5.12612010827588
1.24728648733233
3.69649495998435
14.9175397931917
5.94203927927831
10.0337224024676
12.9764213978503
41.7264236918711
9.75001802051879
105.221201912124
10.0166728852277
20.9663307925658
0.268781180938662
2.83195553505327
6.72743439354983
90.1254811932944
39.826156928641
153.107420170904
88.8779939550104
125.70765251914
45.0256818039325
35.3690859671568
10.6320074272975
6.41643217336963
0.453479767042274
0.265501332212465
2.64964532434217
69.5843311932979
105.492852891996
0.827765594685491
28.8467538101785
49.7207468373566
105.045448073249
52.0445236091075
1.33990236459272
89.6895658751886
133.620961968731
45.8178252422681
13.4833532188067
1.18329357443701
33.44149284045
4.23189871877037
16.5680318505437
80.86000924238
87.2948385800785
83.8979501600802
29.9017671508331
13.9637802117635
4.17742274851151
0.865101492294062
60.3542362174217
39.0649050001611
53.4501439773823
8.03063631743196
2.79665782981906
37.8613498987128
57.1166312314292
67.7499010866854
6.21040162953868
42.3992193888872
12.9555878199505
60.3290569374829
52.957327806688
2.16907297361474
7.00193900892148
1.01622087257767
451.654837488911
8.23216916398801
96.2248808205669
40.180810678013
5.09414870106562
4.84177896262359
45.0108328093282
23.9904981042029
0.613439727593418
8.62980014086714
0.887963341229558
26.2130808692044
12.4659961162977
3.6968658254549
1.46786335401205
268.600002948676
0.799840986225871
21.8053498268977
113.221221357494
20.0932913568569
15.9711722093489
0.490887226765191
20.318184643912
41.6521382709284
0.201336958098436
1.01022693235222
62.9336752141249
15.7964566229711
11.2872062879571
41.050751798538
0.466413315543965
1.06617280599265
0.801544167386999
1.50435039736825
5.07832793631576
4.36774628219303
13.0202826539486
11.2753958462693
38.9975855908296
19.5069499141845
42.5399176932608
22.439961669021
120.614087258738
35.240965211414
0.64901619477879
158.437627081044
2.25987122099917
56.8235589201456
5.59821072418995
225.287190460236
3244.5136031043
60.1564919260785
1.02361482501247
45.4719033608898
6.42315973284138
10.3162396329437
312.330605339091
1.98396568014217
10.5343875523247
4.78790008050561
1.30190724018602
28.9744633298866
0.397168820741121
131.231321978
52.6000716238565
44.5205307081125
38.7574025745915
66.4965133985549
21.2273531244122
142.736149609018
5.09345060598178
10.5722785692573
11.9764441790994
10.3252607798866
40.0837252793986
0.789872577536299
382.101014355908
0.695793282958792
30.1086379414738
2.80656816871669
139.545515661086
0.534143841116231
54.4290045134052
1.29658390227721
89.9341693983644
11.9220019103566
3.84190726422857
106.916332677952
272.03492076218
0.209814635622544
16.0108313549239
1.31527295939562
6.33242154644597
0.598407826392892
28.8306864880534
30.6445393225708
5.05758997406432
11.5449919517133
8.04971774096253
0.89260983059153
0.778401162917511
7.90737827182039
78.4932149818286
5.28892866866188
39.5180995758226
25.7534018505916
0.490205666993622
0.361901100275748
0.8491383003407
15.6297309529068
23.7865882631799
20.0000545829857
8.98117831886738
7.719660048114
1.15742004814606
105.70448910148
38.5538047122069
171.158039112539
169.558439139301
0.205319823477722
7.78429716494039
21.6743697197654
22.2668698023255
0.443369005129431
157.463623156062
108.716216666133
125.547267117497
37.692829953779
94.0738397470287
31.6725805583763
98.4463092763236
112.933817133735
32.1975266685059
4.31868326441347
0.639344883722582
14.9833930245086
32.1625225955215
29.8060514283758
164.82298361721
35.8285007294474
153.65910404105
50.9884076565598
1.71018102225547
65.5772182706731
2.07552435469607
52.8987013087205
63.8301400410866
28.5917134959854
130.787142585886
4.07401385817877
16.6094712330813
25.4101483711058
53.2238765922487
4.46330786394264
9.96864063109777
9.90390666987132
15.1606106710286
1.5593191026488
5.2229133738944
8.6656406830214
50.6306676646363
19.4527103083216
24.6445482455206
16.995534923535
2.52938892755242
14.1079105290295
13.7250301188697
267.850965694852
33.6053197661838
0.535492540491875
90.7336703362135
23.3998624037837
10.4270390055623
9.81111915820971
19.452771282642
40.4719321599197
54.4775677184881
248.54143089171
3.09352640662515
63.8488264131313
20.8395293009727
3.00809530257814
0.486745756639182
0.39473553040023
152.927013688839
12.8725978767599
16.7998836490056
2.17149780155482
1.98134571097056
0.538573025950529
169.176543164132
40.903531345084
34.5439346450502
3.38581653930444
142.233843600936
102.601437270782
6.19969379889453
5.17734243316615
0.949506416040814
28.6052821768513
14.06066056031
41.7416613387762
12.5037198821382
20.3277348618602
2.82164099640692
46.7613118187698
30.3644521904792
30.140985477297
10.5920154003865
32.0997973426589
14.686334054195
1.8737744990641
24.5979182207478
0.224045062718062
36.6012520897914
0.943977710916433
0.32754497079222
24.6665650086862
42.881511562863
8.71566738675528
48.2607877135367
3.88974875711322
74.2195875012514
109.483154125065
584.056649706626
10.7041039598264
260.833237828833
89.2176325112904
1.74193795941168
1.2872568228577
105.291153825396
76.958350427121
221.578150880276
58.8212366875878
89.4581080384477
12.2483736259691
42.4831808101592
5.28306598984781
4.79208304870892
5.81150397887581
66.2299069266778
0.373429452274283
61.0949884138002
2.75471095028311
34.2618536965543
0.801633931988007
70.6034043751441
35.0356027290146
1.55620059962989
20.8118802122875
4.66314572274367
62.9838612048854
7.46297492776301
29.5855215774991
0.351096441380501
1.33887795970917
1.72852617028082
27.1029138362269
37.379592316
58.7056320221596
7.49291800406252
36.6012741033265
15.5727582923698
1.15000893217674
1.68157442969814
64.2098452833881
14.9829031870986
40.2381553600735
33.9789510575986
4.7769893803715
12.3263971863325
50.3723138844614
14.5185494242742
3.96935034258681
42.5451455767392
0.287361865460161
69.9114375548136
790.205288325545
1.89112260685653
2099.22285711184
35.5085700917866
18.7550195754776
16.2607036263823
6.70035951980802
1.4140345113571
44.5177186534584
30.9316737855443
0.218761228848941
41.0543716111044
0.935440444035122
63.3639971049146
1.16301692596827
37.7021089968421
74.1989198489798
2.20262910809717
11.9068117311076
7.92021788137644
0.288719249585401
13.1071777045588
8.63658636268811
0.535492540491875
6.63515124813904
0.967526124904484
74.3657635492521
16.7009295241976
0.337331769713148
15.1228479804264
43.7633854479146
38.2622799276956
24.0825002269634
86.9249263461555
18.3272336448429
1.32724814194731
22.0788537766948
15.3817076824632
2.77435649322931
9.70894500063914
164.392457883035
28.742098213652
10.9028489781705
18.6643387234505
57.1048454516637
22.5099556165853
18.1700160462819
37.7838132396693
50.6722971591267
10.7461931226837
50.187875219971
20.5929335267522
17.0271656472719
88.9963343853046
1.71724946619582
72.2547308538721
10.810797067029
5.01870280002603
8.39664995992527
42.2670257703547
69.3212806761396
111.721747015397
62.0540878883106
96.4081115355634
262.890806840737
11.312453003392
6.22366359342932
63.3355821367823
184.627192020285
1.73555501291378
4.31852223212192
1.79985984089855
37.5764828189141
47.2957179277808
16.218084310105
0.223059357077156
8.66302709681257
3.65094977580868
2.54476330352647
90.1803174535806
72.6744954455324
56.8277051327167
7.38969210521231
27.5791044878752
19.1760753471733
30.4982547324499
7.44583176099239
29.7569319957968
25.5789067547491
95.1381091377616
14.8178385421574
7.18775836164561
80.2651668068449
92.3100775393305
6.10874207032822
105.351380752397
0.535492540491875
9.62845371508841
0.444302655532467
24.4655295513587
189.434556341607
0.252469388634151
0.925373391899985
114.241123147977
2.82041695006244
20.3067038856285
13.8935084898703
46.1564010999181
2.7611847101199
2.56809219610386
25.6203721580415
18.711052752876
28.5717004008529
7.96722026336661
34.1074012220645
40.5698921837818
7.78902703137186
27.7290945286378
2.16449594786305
111.182352607373
159.022554550283
6.08533190130432
0.66720180924153
2.79586533311906
27.395782375525
6.3541519710749
29.6667194293089
2.75784677899143
63.9383268875198
0.398353244756864
31.1659433628613
5.92529979713373
14.2893794786301
0.265871997213287
38.1345721190624
6.45613000494219
0.466148365454182
0.591612205780115
26.410717575662
25.9001270192813
9.79388587755956
190.928895128337
31.9008738247691
0.779941588807242
8.62881444131425
0.577843995389414
0.535492540491875
66.913642721015
12.9077528537663
13.6001051706551
43.0570194768515
11.0411856437797
0.399131296783582
14.2332358493779
13.793129579697
47.716133907936
4.15174343924643
1.21082528948263
0.265301576188467
14.5792619325766
15.8497270480387
50.4565356319936
5.37175010829412
0.922173905608351
4.15766757938388
2.96511412797076
880.468701383788
6.5159139315995
0.216874172623729
5.59432884939346
7.01206272596505
36.2687147994883
23.7472512221673
74.8473752482021
5.66779403832802
39.1525092245133
13.060757362968
1.24989913771082
57.1741480978845
18.4126860845972
0.871559623480639
7.1549986309194
7.3406230811699
0.980942421039867
31.8861036222027
39.4237973434403
1.63754090130936
36.8595752596696
4.96458399068983
57.0170659426727
0.75666416781527
64.5525205541379
10.5672799340318
7.16109323105162
47.543683995124
140.634750757673
6.14201347483042
27.9667779547832
1.77080691863031
8.09051997093335
5.65160561043265
3.94283085210586
21.5753270014417
0.624040390878242
18.1027785759742
0.85006990823403
29.3217185008455
44.5223940557345
17.5615660317246
8.99077093082606
2.60380117117819
102.03122889242
0.572446402011329
16.7883505937872
1.20190046933734
0.272329768978179
34.3444553200484
1.68539181441533
66.7433428962307
20.7912102687845
37.7160485411878
117.567259947978
17.434124276129
2.23505040414528
2.39978489806059
28.2089140139017
30.245863513388
33.7816830891051
15.4508201891712
9.29183893438667
16.7591099910461
42.085197117036
50.9427321203243
33.4378493656688
70.3361535514901
0.580026183086644
232.016682520988
6.99854592108609
0.514001627618577
25.3917388502041
27.9807720771781
111.680456797682
5.13015294639765
0.310845134017599
83.5882010659857
0.814564001587373
72.1762502678132
9.95401246813102
19.4656583750902
89.1796980777555
0.60436847658509
4.42645632774935
18.0552002699521
1.12361949235233
15.3127105942472
2.18040070201205
59.7214343448405
26.4908673713636
73.7564527823949
28.7252371047085
136.067680837918
15.6172553547098
13.1933459639169
25.1246213386353
37.4599528356844
179.324924729515
125.981757200214
69.8697129828463
0.258071990788717
2.48936865418704
1.00113636510036
14.1849889937435
175.652161817177
0.223619748131539
65.2239315520508
18.6801816850673
4.2254857489498
1.56283033810296
41.4835380375878
0.26915377279096
2.69128986332619
0.219040607838487
48.5744866968043
1.70206858158118
128.580074472218
39.3466498981395
2.34163179254822
15.9239982680595
0.776849900374652
3.9654303600704
10.8482283417375
12.2310296612262
24.8556124613486
38.9036097107656
23.221027955622
161.154690521125
68.2849352263124
293.766776839888
27.0003130704832
63.6093463059071
30.9037227131855
1.12132285572145
2.00490531833707
27.8504538379035
1.45307349132736
8.57745542882181
266.604413824203
2.24889773515643
0.535492540491875
33.8514199552085
2.81870931529643
22.2622630329934
58.3566885802688
107.248582456608
22.8462664791113
44.3765420192626
36.0372423212509
2.88065310830596
9.39269354847091
2.74720179736186
12.5996189641154
0.303214944295895
3.59197557966459
2.63471803485215
0.535492540491875
86.4300804055876
1.46962349612145
0.444387681725237
0.535492540491875
3.55506520888255
8.72975215807607
0.353640720094466
47.1870845649194
51.3799942942244
0.264681999622945
234.74015797857
0.930021196901011
20.5920852419611
41.2922603746559
1.08902424797427
0.343773927829702
162.062872852069
2.57199862600643
71.3759574799265
42.4307343178238
10.2140136319278
43.888794649395
14.5671356058797
39.4722327442131
3.20101027283328
13.5527446181653
13.2512610542027
37.0309608627956
56.2262955784737
184.117764633794
14.8917121127159
18.7311038762646
172.522164753894
73.0272214106749
157.299159533356
4.85044274469362
0.798742633921386
6.9477455482003
60.0798762166931
0.350837701963868
86.6941880428261
38.1836119820477
5.02819864505129
28.9930397999843
20.2029612864162
4.80458923533895
2.50002232799674
70.9039064502015
0.532704131289979
1.77117277635943
44.6525842127415
159.261576049583
3.05078496675987
22.5334328763131
21.9933091075205
13.6110544991484
19.9533644449988
19.1143167470185
113.084675355084
40.8131453791425
11.1668116053115
47.8036138303228
15.6147748348375
3.23800701129188
15.2531007088312
25.2457663816659
187.649865938212
25.0002013450661
15.9793904122941
764.467290357196
722.916588309301
12.7870954556151
172.10973694476
2.21480408427629
79.0567905051292
20.5051023057249
7.66003155950489
1.07704412949093
8.91622861270916
21.2386751432967
12.9891546615122
13.2256086550796
19.9037361189674
9.8841461318217
1.51111947391214
10.3970996159677
15.3083091138487
57.9841499156448
38.7884968178439
12.1907794849729
1.55566053299737
37.2582425357655
1.76317157394068
22.3576447241797
9.79462080325674
41.8358271523207
14.1385525930163
0.691880738074534
34.0772666032258
43.6903212884689
2.56064959653329
111.099873457487
7.07819317771508
7.4226861724444
7.62888170300393
0.321129273141615
1.21200316525701
4.23396048300315
84.0292079121259
28.9992365223267
12.6411741811507
2.87157943965238
1.8753894926094
116.13151015616
16.1343615288984
4.67733103405537
46.2745531550748
0.668229533570604
2.99659747384174
16.4655231997947
39.0908581610794
64.2678099708472
0.261697949290782
38.2442651674536
786.985491679663
1.89855391123125
5.22024020709447
3.74835495990875
2.33785514248981
3.91000811103643
81.4481281036768
2.57193931389071
1.51998304271752
13.9804883988424
0.318589013688542
29.6284461315052
6.83477655350223
21.4231663030331
10.8685603673318
83.7062551002289
4.059449477263
196.315171749842
0.398047227294637
36.4464436242009
150.320260986792
1.03081978175861
67.7199706290924
48.2652014758434
138.7313077161
2.54457999305457
11.9674489560057
7.77516673034198
0.795819681964105
33.8345668452788
12.904350878104
17.659062910259
12.8815469532138
6.75939451579533
39.0259292558937
7.03537859226358
8.37773226599804
46.5036551732178
24.0886924592611
21.3432411957845
8.77400945501915
0.187476014228486
4.02716472087732
23.0170941816256
319.581492200561
27.3852133376472
45.5497255367182
31.98068714233
0.668747586380911
0.623514999907569
16.4941061879444
109.112343664378
4.80360175696451
11.9917007642943
8.4469837102704
5.08690833522119
5.86622058351903
56.0958326692813
9.22653648993682
35.1845653415315
3.61079246405081
9.5788352343767
23.1758550430594
4.18803544006042
17.1188589646871
96.0894351280731
24.4388898599836
7.53287570401701
149.220308978577
37.0681138669877
2.28820364347226
9.55695670500656
13.9494580701434
23.9780258025656
3.39890395444227
71.9407525680982
0.512888030234793
13.2401467498136
7.10425072837547
297.540412682418
3.19773684435325
97.547196037271
2.39149085509719
25.7181646105691
40.908293474175
2.4802320638789
102.436449424553
207.307826090867
18.0448445216626
2.63160769818808
12.6609442730332
45.6423457354923
19.5266841706283
15.9092997080424
40.7195438346094
21.8097923364606
1.67016217530019
22.7538765875392
18.0508505158142
79.9464012975199
3.38789942162161
0.378829700747137
48.817662606565
180.957034657938
4.23266542284164
39.7482366149971
12.4048928911739
35.8282098276815
11.8959986935029
12.8097045660647
232.366019388378
11.5084059741961
0.214542783475997
16.2258386417475
1.19176402701524
14.8653906031541
8.07570557728808
8.71420629325628
5.14137954747335
17.099954339331
13.1973160146818
34.4657645629848
48.6480896574449
9.10125265782163
32.8025490678881
33.9254108570014
48.2494208934595
104.870948373487
30.8837479662382
47.7049225753898
1.28994336658338
4.82219480806306
4.8580222648526
55.6838574939897
9.38041649902723
25.9194769623675
2.14600058398652
28.4083658896334
129.286595996971
4.15158637542638
196.086702520093
11.1517684180121
1.66357007549316
27.0836537760104
1.25116679054443
35.5089899734901
42.4055937835284
53.5041153997217
34.3208539861208
2.47117394134477
0.22024056979871
24.7626807604981
23.3873216119321
46.9622205739748
2.84245153348997
1.71886862782558
5.8303524845732
48.4116612861129
4.27737218878514
16.5293628493363
26.0502877967218
0.19319028681626
26.3532280380828
38.2954266634238
19.0055063700091
94.0649779555836
0.67292549511705
165.302270460112
74.5947829839201
0.717961978448791
28.0058599232633
23.4968279407632
66.1934749603891
5.73198644555635
1.84277856686847
11.272376192981
28.0546677735153
24.8700074323543
105.714900191448
55.1470345076743
0.535492540491875
0.254788206413666
86.0733783844293
2.30641328252684
3.4765485732975
3.34101764608934
29.8801778326324
23.1935300058188
80.1245602171084
13.978561243844
33.864471195819
35.2256512599917
5.66196029611655
24.6420635374305
71.4292874179196
20.6655897812974
2.01626794923032
3.31143919756377
0.496025005524797
28.8782746574052
26.0426269698637
11.0303174516156
28.7735348464117
37.7619437508879
13.0426363329558
27.7493987025528
0.889912265770169
50.4986962138331
104.782100437265
93.7071838515832
57.2043243805096
110.642772697987
615.529596649031
16.1081418086521
67.6153807665603
49.4590013532878
33.6963380861052
9.7887557677764
100.228857200356
46.2034716398627
7.24886236155385
0.346598701640688
17.0498163275677
2.09242033213643
18.1021244512858
10.0736041402482
40.9260688813847
1.06878541135165
31.8147896225723
1.28994191659129
94.9005715084942
67.8823186204886
13.4011602155026
44.5200956947763
31.9824606814165
15.2436838963516
317.983783885627
32.9049193339747
0.778626571761262
36.6157037742097
39.3012491956527
0.21524979213276
13.0279942329247
237.565666065343
4.19180578865552
10.0393183347115
10.8488365982433
20.712207960499
15.1095414575545
31.5279965754054
101.45455766442
14.2613746279611
526.697597712923
81.9650098567421
1.09152079645917
104.420189471419
14.763813550615
1.38073458452717
31.0985949534191
37.1973482876643
26.6709575549923
3.73066776216567
26.1147266878937
17.6487347951963
33.4137253043758
7.30673628270147
41.9895129124812
11.8315212786493
21.280558526729
167.159305180232
0.667580434734564
44.196809018335
31.2343610451562
3.18989374853772
2.98313909145983
31.492670919856
7.64116844548935
19.1337543438647
0.967757953902746
1.02826120068186
21.9964466031231
762.899241751587
67.1918261331152
36.7048198265043
18.9910884990125
19.5987924107796
96.0872425300174
22.9094902160284
28.6010926646822
19.9879500040083
2.42371660434162
148.617549130406
21.7599373589425
89.3081140490234
4.65044060917601
6.15229220943729
0.875893061192394
1.72391624044151
0.293632652963933
40.3788160188965
174.533946752027
52.5902519774861
1.55326456367156
0.229815134136864
13.4471565211432
37.1565772861832
25.4065319828194
25.7475469672745
337.979133155441
3.99793570275934
87.5217584465768
413.625837963975
15.2141369870243
11.5497918908951
21.1738692881042
38.6690906836585
6.30808263455779
369.58738786617
7.16848841723921
35.9691922342215
6.85302891973727
391.052416116632
0.352820285762332
37.0041881919746
15.8411593126875
3.00803922555551
1.39440956569745
12.4034704956337
36.6927116331925
10.6413128626618
8.6908493563295
36.1511411599604
15.7329069966526
13.0318782341084
5.54201472808805
48.5613885553055
1.42409431169846
16.4089603559596
18.5812579234743
31.4251280289253
0.400173491585535
60.7376548256696
0.800860326510504
20.082694556685
98.9931592449933
9.29590578097679
2.91780270123117
11.504385093516
2.36403686353409
35.5433661212294
1.29004613127654
0.574954573440183
0.702442763371112
8.99056612899865
109.094661171897
38.1516399344884
0.333270463084888
3.09631162823993
88.9625124401323
44.6208942139533
64.6025718049632
6.42749323846709
0.581529206290992
0.334960620525947
2.36418152074727
1.72926969602698
17.4444045746332
8.7093101065159
0.354493758576646
5.67815052476969
4.78372845844012
2.00425472483856
41.6347434387177
12.4315797855704
59.873375243054
55.6011555586789
31.5651913053029
13.1704731413118
39.6459175450587
5.21954700298591
5.82957957424603
1.94721885755762
24.4408237201178
44.8985662308163
30.1962103288202
457.403967829936
2.03355164672249
0.672503430602748
8.69968713929616
33.7078242000528
16.7290442117604
23.2045398060194
12.4492243341836
1.82718818588179
15.8833347399239
8.42004282605379
31.7737327317792
56.0686125393904
2.008571351504
1.35255330834816
1.73820893261135
2.46902541459888
1.71495669067854
3.41668780920506
74.167432221734
2.95672337322688
35.8422911185127
22.0464725766449
2.19853513699838
36.4300401143408
74.4397515532522
5.12198066231784
45.5266527241394
0.222932110547356
6.34151192702673
10.9411991158962
10.2893930582331
6.28572950524043
81.912887107324
9.33130235619295
68.80947465162
1.05871323021277
35.8849835760212
3.55566435600933
90.0709470377622
3.6594690337177
10.816142088753
37.1091178056676
33.0862064272448
6.82663783818778
18.1814030170436
50.4053745973797
238.487650184804
48.238849392268
28.4849590387298
0.756454736064572
29.5651038926842
22.2836822609142
1.32630339700098
47.8082833648099
117.203944085619
10.3418385107253
38.5284870362543
0.218553897547492
3.1300499423054
121.828240495221
5.84569610419639
11.5308482634161
2.6270393467477
114.624868556256
14.0491632313677
1.23211808871195
1.00271323711116
70.165761794463
4.17036802072204
3.25321330782347
0.660189268273937
31.157197535316
0.554408657559893
21.6069831002761
4.51282596276593
10.2760472002562
5.33874336890557
8.90988561456362
14.9165817336881
32.6366920354377
157.421619241885
185.915400118682
6.31327203088669
15.772658085284
10.0481978811582
0.858349914902514
1.74296646350226
151.019495332412
1.74217730943315
7.32044423047594
3.31213288881123
45.6122591436159
15.6943998382524
1.76356555327063
1.64833839794769
0.659545729108822
0.838883361288383
38.1639519696845
30.0503121761686
70.3322510780355
37.5337950736351
43.8278869350739
11.1186217680066
0.738636087517733
0.886583487827377
140.762777665015
35.897440018772
32.3485402131624
109.389142470089
2.44780161850449
9.31522080659513
5.39881162724779
121.994695382814
31.4460509516939
17.1272069441611
31.7316955651143
9.34764658351775
54.4898236687316
10.8129382907172
0.209393323725126
11.0183431371901
38.2773632355775
64.9057455123816
25.2018421485385
5.41808376603913
1.54788415673948
15.332483429184
34.0755990698595
0.268565350251976
10.6922241107226
10.1365802783708
0.532331705885625
4.01306723711789
8.12069241156017
25.415843609252
1.60651642862936
2.45635599741787
0.75600971010975
0.580619353821488
2.06732926318246
10.5892142404025
40.0307374140869
76.5130800298138
2.53056903620823
4.91368802627263
101.809055587225
4.36169700019163
18.6421231274781
21.7778137411045
1.93794764503612
16.3770845632225
0.578746134043529
7.73101213463813
1.19489591275896
12.2468800169304
22.4388409747695
46.8780223791504
109.895594050382
57.6478550734011
8.655584772185
68.5188980092683
20.7710268202282
7.5420935979013
107.20927050389
1.92723343510143
26.7059196633273
156.668993715025
3.7555757127457
9.11012113206947
27.6182254083263
2.05388329977991
45.6788496257586
1.55720951416401
10.0989750197564
80.708915347921
51.8487512853798
0.226313431523009
30.153743673135
5.93379410066515
88.6499472247955
75.0196923154696
2.45729476864827
84.7708906336801
72.222266464394
1.98119746252864
0.734847624038431
21.7652689610564
14.8916267081221
3.25375364791249
38.7410698894919
12.6952821616918
34.7560348320438
18.4214129136978
1.89975138350712
2.13808243170435
30.9944939168651
22.5693558949017
0.853887573949028
15.495784582033
2.51149208073704
33.2135946879568
14.8350243922909
5.71465340367458
5.2782545036776
22.5580229166406
1.4193264167622
15.7372705148296
40.1827040905716
12.8267222595008
12.4782132860923
13.6640781164994
1.69427586186718
9.00985272676414
44.8971689347621
6.21150209193087
89.8135987844076
7.43122044831261
21.1106225156045
48.9361783549439
32.0582832118632
1.91623283319836
15.0583102880688
4.52863088865256
9.6004137220514
10.7871499226722
67.1995297487319
22.8441976068119
14.9700434671106
13.2874599591936
262.538779144999
9.5028165376
6.2354700455375
3.21487565876397
72.4586811866985
22.0952145232634
3.10340672269595
97.1567676307283
16.9375234015401
78.4145599588235
19.64758366407
0.760690800242841
19.5016177965878
1.62418507732371
0.582148782856514
3.19719141695014
12.3400185723139
20.352053155703
3.00615859093693
0.219628916183815
33.0136352067874
1.13569191184865
63.1194224745377
22.1580815112158
3.49979686671737
4.38691009960828
20.5754863307943
24.8976831913381
80.9957070093756
509.218262499289
67.076436915537
17.5784876775896
15.6740675004422
2.91708227057226
47.9595207543443
59.604739263784
19.4132811101654
43.2082645918757
2.18406838104077
20.3923936756073
20.6812485659004
37.8897161780191
34.87868122654
68.6345719175576
4.94136198915619
1.15843798994298
20.3372089490515
0.26783956207452
0.400519848562494
18.4797534735995
3.15954876882981
1.11702174678287
10.8598749283145
25.6333132219765
28.712788253464
51.3634080383167
1.73916396268491
8.89106522021071
12.5941083581033
4.00068761025755
2.78004217385739
0.180655098661727
0.581529206290992
2.41891209671578
0.397353029140156
23.2432151080921
24.5689677013782
0.488836298127236
3.54560102019371
0.578746134043529
1.6254320946343
17.6427306705539
0.353831006430393
34.6573949923019
34.7443904972802
8.1363331310985
14.2784893441214
1.48070508382808
4.61430252081419
10.5530032317141
1.11138353189596
8.34557468362272
3.91478664720275
60.2125339123216
1.02500035120969
31.064267102731
64.1705433276062
18.5392184325373
57.5065591677636
101.0065824549
38.3636432173845
37.3559816517323
177.951873036884
23.9837844302782
2.5413467721616
40.1411265555218
9.54974634370189
25.8267298982444
54.0886949807275
222.187864259346
59.468989611379
2.2687210739965
12.0515655789572
13.7758426223558
30.9972973007182
19.6532165752288
86.4727578649311
0.59274981687138
73.4277582011903
0.79061518599159
24.7443049271814
8.62769541886022
71.4437937775786
17.5316699683855
19.4393252026837
8.61378471500233
10.5889219891245
52.7423644348291
31.1566598555142
360.428011443777
0.403220238220989
12.9532837416543
7.93063240314546
11.4002682801148
6.79156686021783
0.787845979084163
7.25810763286844
60.4661080604078
14.0688541427712
2.27360044173914
124.075099298581
0.773502132232236
93.8251825684818
54.1943229939368
7.1775633750616
34.7158173771426
1.43046734020071
2.06220947357301
381.196275154254
27.1554599777159
37.627209073773
1.06465682083379
3.41730568755717
157.795684217125
19.1307940801128
45.7764856001717
0.91466389277837
57.5926698016811
0.565034273381246
84.4828200613462
11.4683575097886
0.71382885372778
1.39057930081494
4.5113390696844
45.4881094651907
12.5499829974474
13.9280100026367
4.14063234209289
111.798276000751
34.7447718807491
29.3917149771486
1.73292237018754
0.578888622350393
113.886862986824
20.3388330251271
18.0334240722468
2.98059495914545
0.885866273399369
8.27337457337187
2.16487872934309
33.3090047050489
1.60202500435319
5.50904326526693
1.02853772066747
1.01764705416748
24.8884171363661
30.028247306417
4.09843172952414
14.5852599844714
19.158165514331
34.463608201694
4.86908233017615
2.30295671220138
18.4756888923881
611.153142168442
128.588335296029
29.8148392876838
5.7690122860316
46.6867157531932
12.0083988379317
12.3969719200565
13.3384352349941
37.0414127569244
66.0794106872011
17.8351997236612
0.958584037364385
12.9993352749692
27.4320882296504
25.2380038910338
5.80931010041092
0.573446704002213
12.2829955232756
25.7778581154371
13.9141224397904
26.3800179976362
18.4935323496288
126.215652603863
9.33573486326997
1.01316657779498
27.2045380537382
68.1255918261053
0.650994118765537
0.288592508287925
22.5997086202726
16.0114268302823
0.577530886972468
0.576933765236929
11.4038186443271
168.716425507649
0.249326730830354
2.63803697400699
16.5283018257047
38.4878787740995
13.1629808161538
38.8338206581297
3.40457047897785
33.1738791010738
5.94024809251935
106.682143626876
38.5143313672931
23.293059793269
52.7745564039474
0.535492540491875
0.626802418221082
0.257324403742896
17.568947926471
18.4322792918455
10.4955254294567
38.4881551942352
25.3416390664068
20.5680897447495
6.04115410257369
5.72594637362741
99.459811505296
10.7932341113028
224.565074418928
37.0414677076573
31.3382374542746
1.1059375850737
1.50968562569038
2.5935268216961
64.575670762256
132.311623466635
41.5582125873183
9.47258148889639
35.5031142922803
14.4536946291529
10.6387526069366
32.4592078947963
10.6012510194463
5.66151298387167
3.25406138252753
4.23418717767409
5.67316545794233
48.3199722158136
104.398882077193
28.4942200532152
11.3545508392947
31.3435565054174
4.6958964200625
196.688385875818
18.8498102836726
2.68756771122856
18.7105388312038
0.755915583365096
129.520529146274
29.264653541594
51.8569773335199
35.3541098875433
27.6528204038999
38.9261085826833
68.9943863992721
7.51276624375554
0.304863595421446
28.5304472404337
28.8599646877566
6.5849248356472
39.1899519715876
40.0346820318502
10.1767850434508
10.4031934679715
3.35018282111337
5.46394025202717
5.13328111677018
43.1661243611419
16.39341669677
3.71587658731755
8.93474554868656
99.666517581438
12.404144650911
35.4655070796516
30.0913551669648
6.01408286337572
1.1997309631551
5.28994892541514
103.878639627707
3.6985320384671
21.1795786735822
231.285349795806
1.9196991132116
0.81982221164998
111.630083342641
26.1770756293575
19.6430516320941
14.369184081545
38.4246389006882
29.9811919138108
90.8210479363828
7.67852984685467
27.6000689116304
45.0014162359844
5.78328728046039
0.547548509347321
0.52795965080047
25.9403050337153
17.1330241096582
52.2138205719243
24.1395800300853
25.1878815260536
0.535492540491875
47.9270932123802
9.16640989409888
6.18969212768897
225.386214581185
19.3020334618563
1.07284972302228
1233.98830807324
8.34462543543818
25.8854740564174
0.31322149173598
14.8417657956991
20.780931284612
7.80074991366226
18.4336349220981
1.48869250550451
1.57397723254657
242.591600447952
6.97642685360255
40.1115622311528
31.2206599941744
153.006952582727
1.1738982744412
64.8662754182539
559.86751378945
10.6326243954717
84.6489750889619
16.5721846283728
47.0492351530366
42.2475823957066
4.44799950717416
15.7070272122471
0.615241589484214
39.4265462838506
25.4088933213639
28.3228825423429
0.442409227796875
2.48968737246392
65.0788282756888
1.96551197796542
76.5731648629517
61.2167045915473
5.37626702365907
17.7906465955109
35.7140309503158
3.22646102836641
557.752061473757
4.87566110840647
172.363684023898
1.35795843115723
12.4043220959432
5.27332943701971
1.47841372019018
3.55754072982948
19.5485036306458
1.23458059637962
19.9166036044806
34.4558718633881
45.6220904358379
14.1437172784791
29.1979735865543
31.6607162674279
62.7049392874264
7.50194779999934
13.4922997050039
1.32388293215507
2.08961337062054
11.4805633456097
3.04656248132813
3.2653266277365
51.7041709904905
315.387091835589
4.3965441711163
19.66527840567
141.467742614162
128.298258091932
52.3834647466302
1.70647567318418
3.7131410859597
10.8620154782318
67.5579299688333
1.02322402977357
11.7656264986569
27.2356492936714
2.90049501353936
39.6073836277867
3.7580864408493
39.2771307941041
65.7966848213349
86.8834732529422
5.13290646564196
1.77766559977875
1.88341327070081
16.9483591508169
410.852199260426
3.97666462908839
39.5869413781965
7.63932859473187
52.3528290187851
40.3849427964081
3.50255998837194
1.5819529920842
31.1536274849346
254.94726665171
293.374365895178
168.940980878354
24.3422046693249
9.74061264222322
40.2136709437741
3.53834227336026
0.432425224808197
9.94934602871697
9.53616655008059
25.322684402761
0.574772489551908
95.8976671856536
169.463887176159
40.4611731309199
17.3616616335975
150.968338057637
9.06323834846556
24.6975413788509
17.8275734788624
984.91375237261
32.9055843354554
11.9777616285995
62.5139269112193
193.955863074686
22.3682259833632
18.342512206965
13.3168352741335
257.395373191871
113.62305619443
14.3260626583296
59.6212898171969
37.7651620082542
6.55988682050749
1.17727960197577
2.04276437411686
20.5244944737772
5.5111238793245
1.98171794314124
2.57351227133128
11.8003017046288
16.334982370424
18.3737467174442
0.267696724047323
7.91025787857649
16.4414316479173
2.22344051989592
23.254264440477
0.343518604128678
56.9324957922609
16.8155572781876
11.3345457067026
1.18647014493283
55.9811683423815
170.552680747128
58.7533843844336
481.069305938077
88.4080638653394
45.6445965795885
21.1830349090921
24.6642373081894
138.528191319651
150.603976226457
126.013705425683
6.36750376840804
27.6545278725043
3.32165322382605
172.75186178327
24.4981177784876
394.078831262331
73.2678320043011
27.6241165627426
1.16951680141904
7.17969942068683
35.6591565675641
10.4947644520251
70.4291034891296
16.4556919782945
36.3113637019371
14.9313039772109
7.39911329899659
6.25701951409626
70.5497465844937
11.034409604207
67.6991598297792
13.1952652246099
40.5528113704063
44.5874235559882
552.214568828383
28.6163812374194
3.7375887350835
136.595967407795
21.3576102927002
0.535492540491875
14.1778138195751
34.5429776568901
38.9515435237202
18.3065549806142
43.7182333914521
31.7077268144435
60.6480785662931
3.90471962452817
12.1094481667934
52.3888357309511
2.69588461537425
0.224532450318941
112.663597496126
0.263475608990691
1.1787907253609
329.333835504171
246.342527825215
29.8303520901024
21.9137817230242
63.3763567163786
4.048886080434
0.444387681725237
35.2269946333482
172.23400786796
9.00952996378286
411.590080801534
0.881686581710743
23.9719710661256
31.0097698037486
7.04461529378456
77.780755046194
1.48338758460899
0.578149835260996
1.1081130802506
52.9039459343506
8.2758377308163
70.9880112707317
15.4477119873404
1.32147686185522
16.2721648580095
1.29213513959946
28.3116369262813
17.1891172382678
5.40647308490979
34.5588046567975
0.844576887701595
0.248262422390164
5.36155258531415
191.965449426562
1.2390462912658
11.8077301868002
1.21868335879933
4.83630399651878
0.489455874692757
5.10930533349371
7.08914973314764
0.257483880653154
2.91269628040055
6.29943047135338
122.400635289846
0.311191232588768
26.1734259148801
0.356105772640514
0.311936105738433
23.9496034797521
72.5991418339641
2.21908213803203
32.9537815971071
10.8009325111609
1.29018164552465
3.44446190128862
0.736327670111925
24.3463318853246
1.81245098462335
29.3635602530752
6.80456241795512
534.723180337988
1.70901173749536
9.13315710280137
3.17838044009207
1.51991873690077
11.4177178112396
10.8570728007551
4.2050138751985
87.4341676851101
0.667282829107318
12.0101891184259
5.84181249766142
15.3510741557712
0.538193190325139
3.99532225621764
19.3246424083888
4.77084902160417
0.911156584168049
3.27425054725096
3.26995617012922
18.9534136274741
128.923466644355
40.1092712709559
40.5571305120754
28.6265872455874
4.46543916641111
26.3224041924602
23.1728588964747
2.53443118393848
112.073291080569
31.2069072080772
1.15255632177953
15.1076176284022
18.4375480737548
3.6639928367193
1.47794787150456
34.6462227335868
1.42163123708662
0.978944855532924
90.415679994687
0.741859787704253
14.0422874239858
1.06969438925279
295.918081885932
4.52708451749469
4.80600264503603
7.44247900602335
7.69752340181644
39.2290143174846
68.8007830578832
35.8717883944395
5.17730809145468
1.78626350806027
10.2352681205574
0.581529206290992
64.4654743418166
0.397132217043709
4.55257210248155
6.84713490113381
4.86452264723016
21.7104055081653
27.1366083718853
1.31767336062061
5.83365239200902
30.3432768334311
3.97972885469222
1.80967250544731
29.8243854963681
1.07272983939734
1.9693861290247
45.8170576987372
1.02892403210626
2.78140900979404
1.94311942863128
46.5007586976382
3.52344452695921
34.58444185479
7.39094878084492
14.5009549170868
15.5724051586843
6.42808735453405
19.639515149482
11.580058009753
26.0482729895447
8.88760535338232
7.06980469508046
32.3886604885973
0.763451524612685
2.33176995461609
2.32211963850184
22.283679130439
6.16209617400812
85.655365957917
3.01591237608651
27.2763521205295
37.8318037104211
30.8664958493395
14.0523689334533
0.518589173880018
17.7671775936788
72.6301794154722
2.29584635154531
12.6745733573127
14.3965721873335
73.0994943644011
1.80354922868415
10.3834043538802
7.66514428910846
13.4284846446238
4.91498427127672
49.8159569655347
13.1512297712393
4.31585311767991
1.96550706850955
3.86412856516097
2.73718050567229
1.0776849020109
8.83510764582413
16.8772355711394
25.7473119247274
9.31248192346008
0.489455874692757
4.61267313608556
276.269673666194
10.722894910304
10.3620309472499
1.0044641415662
0.45918098503573
59.3786901131724
3.00008913669082
3.65262146105819
8.17915928332858
40.5008899693073
17.7090283104808
161.262912078653
85.561671753577
29.5982223080337
45.7307464748361
141.107646445231
0.223144383269927
15.428204767813
1.42781940757022
37.1540936013995
5.58068011798084
14.3377362926479
31.0728123741698
1.83118951333939
43.8453600556602
0.210687152664835
3.71073502036028
6.07689240171842
50.5124364264821
37.5331256477445
1.20029327978809
30.5576516199835
303.85815399156
5.06538690147205
0.35169477356148
2.08277055314844
13.487144223427
50.5167617561461
16.9106385587303
24.918222551701
0.491185213119588
59.6003231707449
8.10520312362678
23.790598038057
5.20854366941212
58.0032715953095
0.798442994997243
26.9490511183388
1.3646574576577
3.52252174385941
56.2077401713079
45.2520786370434
13.1546134847591
13.391424991596
13.5122783627851
75.0487506886094
11.1530392008055
5.71137152122084
7.29613582889237
3.4528048529461
5.97316362747066
7.86002230520154
0.404672541031633
108.68353625565
0.827379130895246
2.28292377095221
17.3051458721658
2.17943772386116
1.72371969780607
3.56964930600071
13.5169109790323
271.933364809011
50.8305799255857
10.4650488406962
155.787735473046
42.1772148543108
52.7303180602255
0.540305489572177
7.69382649169254
28.0214131579585
126.064658676531
0.402537826564648
5.85681219997568
0.879461922314825
0.709976657125288
10.2291530221086
0.217228239031887
1.11626269751124
1.02149408905128
0.624129039914731
0.271351122069159
0.538266649986669
41.6998566586137
39.3085070189222
3.08372078188871
32.8493997111669
1.15687358688465
28.8444514197357
11.5154164097431
1.03686820444579
1.58649148162388
1.55552906982875
76.1173017071475
10.7721084673363
48.7927799693029
0.49264997039318
1.85003542807213
7.25831651679927
0.88965680900432
9.02245575731884
116.490891605
9.41481415036774
5.64430055696707
2.69883923926401
3.25452749751104
37.4197435817365
105.800789870666
3.2582099695732
42.8609155077277
55.7186144911622
35.2265777494334
66.086743880662
12.60200389156
1.57991120912783
25.6087177427081
20.7601081981364
0.887244922638231
4.11684376038463
17.7764005006418
17.7470602135104
31.4175771347147
125.71886085634
0.270847074117778
7.12326662431512
27.6826326350556
26.4609346028506
1.4126686354063
3.54491711895152
153.637575959916
9.89199649387561
17.8733167438101
227.078949885836
31.461990710925
0.666562534974862
12.0512785450038
3.81451042872061
4.85844949885626
27.0623259375166
12.8276270564913
55.9841018032366
24.6598139352082
43.6455823955856
11.8932546442839
3.50859417472072
1.60531134758551
6.7449596524875
13.8665518344061
24.459973973395
39.5550861816215
14.3168433123583
6.4881329255958
2.17843345704599
7.21651760235806
0.512295035405399
61.4159308037548
1.62102989074885
27.356648103483
2.21922612765518
0.694836235722799
21.1381123568936
20.7125641348665
48.2141416720331
139.027447452645
1.37330797828109
3.08593332909641
42.9485659053434
7.24226507224069
3.38135843591504
8.12397851224602
83.2311383274135
5.44221474665209
22.8875896574031
23.5365825794907
171.283733778612
29.7475748088772
252.445741933101
273.674541266635
91.7814936071289
2.11852100586789
4.65563186568999
1.12302733241236
0.612778641563378
21.4148948590756
4.09270083672319
0.535492540491875
5.06011196641291
32.7658553973888
0.310104272443169
60.1881227614549
10.7716551565589
16.9769625639503
7.70220344541445
21.2061016259919
147.103881308096
58.5682264897641
47.151501507698
63.1433738731934
162.954589827256
25.8886081925173
20.8125149555359
0.260887886600067
31.7760550341498
25.6808619490761
0.233510215433189
13.7628141850799
12.6686938967621
13.0266529059988
44.8321903488968
41.3157161889664
0.623032962880414
14.5173048620612
20.0461930300975
96.2728696423798
33.9029861477845
3.62120938347585
22.4629080804143
4.0595863259579
2.71826260373362
7.78125505397862
33.5246152589471
17.1810930764337
7.34476531587145
298.963043366815
7.11144690419713
2.85962693288689
5.8681915709891
2.85687835682293
54.7386035081853
8.11517427463337
14.2472307105492
97.6908007909284
64.2767449558057
8.64371369816554
56.9305182904307
6.51941821675491
14.6288755902096
16.8156195718174
13.4925851926903
9.11323009358651
39.188493103812
17.7624620326449
12.499784558493
46.7512816579534
26.3923086595292
2.80536490742646
7.47802260627636
6.46823879563103
8.85139731947719
4.23723845765
20.5321503811386
8.41331538994765
145.581677144605
1.47503020771993
2.39884619690001
0.359345670964403
9.28009247140784
9.49748915194256
59.7584879096427
7.36641557960765
5.82970145804167
10.0503408598694
27.3027009733906
89.2387320941809
19.6419866608293
138.465981470188
163.450936878776
13.5466808811915
26.5754615268737
3.33195775462111
1.26682397260187
41.5182513635295
448.459852326944
3.78538928331643
58.2645853802429
46.1718623631626
32.2938831687542
20.3593479213769
42.4686932823869
786.136628629421
42.2086959978869
26.5121496359939
27.7368885118923
26.5684199243138
23.9126507398856
43.8609764321996
13.7913249305735
10.8330104933895
38.3328908317378
0.83868344875367
50.115964585863
21.2765099460744
0.318579516138378
17.8211936809339
61.1470656762636
15.4751083522467
60.5809832786789
1.07208002241088
20.4586918535962
17.9370367895895
5.96869794338764
21.9085097628545
29.4574437343003
9.68568169428637
13.1364150553512
23.90010164456
1.93496238056838
34.4965177932183
0.3528362782079
8.6647625814608
0.668895466162746
18.9511783046922
2.19094705814614
23.8728958827788
34.1340584225007
0.269462740710231
18.1719188555177
70.8568412750429
200.18452846458
4.01780138193844
13.1295653698964
6.76222661208365
73.2667822291375
41.8209524021581
35.567375069561
81.3530031789031
23.1251745966659
4.52874208313699
3.59337831542304
5.72026110038739
46.5334408409943
0.964426569555983
18.9099861782407
18.0441858546629
169.511119095408
8.75026138700484
62.8432409816353
21.2708262248019
3.86295878716032
45.86298295173
0.811922255843344
17.0594407540312
88.1206965117323
142.472448900172
0.836266398574633
0.535492540491875
32.2081193399432
4.19449741397464
22.5310343646564
28.2142674776749
0.260737068297727
2.93130352097659
0.689257431537679
3.34282190036022
29.442431362968
5.75716553424118
9.90225458606867
23.1075750099786
44.1752337339823
137.546964057208
7.39909382717607
12.1548777983355
42.7964385362271
3.76628358827524
12.740537680808
4.76748912271789
56.718567025842
79.6752464085814
24.2277472232136
1.60661750537149
23.3098431597517
55.5827465022713
6.71880566378085
0.441961073307548
1.58972855586977
20.5243786796636
11.8580647639954
47.4797078477972
225.092752037276
22.4293201336297
6.55307060218865
0.814905762511405
0.620726590705673
16.1337833069442
0.220795468277574
6.60290146938819
5.12560107758346
1.60239397599947
3.34977771549953
102.944296233109
0.759787762334713
0.309527694776569
186.951499817001
187.015719090786
0.223007858406904
0.263725557846766
25.6167244770371
8.23138500051368
125.031711474384
13.9965710242365
2.66237654500721
18.3673466599758
12.301195655127
15.4033444193337
83.3048717078646
59.0291482848917
121.481536377947
1.77480062101157
4.29289784437872
3.5610786435355
36.3101166814338
25.7854742748166
37.5566164169836
0.970876833177422
3.02680060320518
33.3511814092754
9.94995353938501
12.4501616807405
1.13710828596552
0.171453772812693
54.0556174861427
8.56128270566907
16.6435224954096
0.266141277197326
3.30019138265642
24.3540537079645
32.5252385549768
56.7732739036453
58.8804444402328
53.36573062538
341.646624677807
76.0440436936761
30.7892555251891
2.90640841989066
186.555500716567
14.0925506051694
1.47301365275865
10.2255419692787
77.1994631361725
5.04754778240821
2.6353822127468
0.220882987748072
0.309465280615418
0.196315221226359
8.34652727565506
235.754510873181
0.618297493983892
0.447548516331487
6.1719294235645
87.5575594481287
39.588096179022
0.443636846100442
18.7056171371682
39.8155125202527
3.36736340486634
7.53005615265465
10.0487122916793
129.295175905188
1.9085964844113
1.66848633178419
0.26616060427556
46.4455170134481
3.73934607942899
5.12868859664319
0.254619165715261
0.502173114864295
3.09563964643768
0.489836513743944
0.321800733694976
0.196741517044372
0.311384970014753
0.582001166851719
59.3500412933445
26.2277170776122
5.70653994471696
0.665384417777953
165.18283331107
6.65396526222036
24.9836207062498
7.06795693907666
55.7747677305746
1.55188349751492
22.6816188268195
93.292839832569
54.5617119141108
0.992315958773339
58.777643797961
10.3842101826126
17.2059139487383
66.8995886630009
28.2170086832027
1.31409961775557
3.4221952296855
17.6258548900688
2102.56982232376
0.920986895435303
0.662157796951955
3.65705783677817
23.6082115178197
58.3317099982581
0.80017454011482
0.581148567239806
1.70414112653851
7.48842206244863
0.224301049497316
16.7003534739952
12.1438586902153
17.9029350919438
19.7045562313106
23.8856966410921
1.17812693263701
28.8645095103634
2.23985880166607
22.6634934944609
8.22359502650913
14.3279418138752
0.214032613906544
58.7455992531742
58.2015439739444
4.46108486480574
21.7813103285674
15.0595376108824
10.0396961890952
16.3688615918413
17.7281784634507
21.4211764126382
18.9761420326398
0.626129725138643
26.2424805974365
54.4436977745956
0.691131069237693
37.7278315415018
9.20477910944983
0.254644862275866
2.11595585102032
0.446811035767546
123.941908301056
4.99463338649457
9.06876923514771
2.77001257772587
27.8507168754813
0.216797181176591
47.8843308976244
24.8739586078245
31.7625172777006
41.9792200860093
2.3497803835691
2.16194841903719
3.442789367509
2.58844366039774
0.394592635123094
12.8230693362952
16.6722705584692
25.5240005627881
9.89256168293993
18.5797594946168
47.0960890433949
19.9767704583939
1.88849707622254
0.308207643878331
12.3736457593491
3.78092564443503
2.70717064668557
0.937515151629573
3.26251456454796
11.0257995537417
1.20847319102857
0.308308355982237
15.7944347323301
14.6364703086718
8.13444147568883
10.3321025783255
0.76916302283608
36.1111234915797
19.635476706413
1.9002368130248
22.6827871142871
25.6830992797627
53.0658584900672
2.85718462627265
39.8904867618218
34.0549671163777
9.71502959611647
5.77342704302937
25.4463898286923
2.32879347482657
4.49528677413808
18.3970564209597
12.0354899879786
15.7658139641874
0.284132009580569
1.87330975555232
13.6239857364473
0.486185720022212
7.16298940490101
3.70757048993084
7.49346029595971
1.24411976034195
3.39260243021207
0.406842614031748
19.8553578559533
51.6969505648917
1.77836143536814
45.7598546450725
430.090479635459
3.89460242499923
1.25550049604114
0.562945212398244
22.0370367842175
6.33156597872445
0.241592229379078
99.3288715416939
12.4545003993036
127.926143357932
16.72377366768
38.8789755311967
0.578784232260692
15.8150053060242
154.928056709246
7.3286494670666
7.24203412539244
2.41292882158106
22.9113994127514
2.1844731458344
1.51074704850779
6.117450251434
12.5902087692859
34.6867987636286
45.718740521168
165.196869311981
19.0479940576089
24.4619870554791
1.01655678867726
5.17423971825598
0.5773194749871
3.61942497613304
12.5665369714512
110.86279953255
0.476088736847459
0.556987479515813
56.9289267883301
3.21087551588602
7.83549850629681
12.2288682550535
2.20991139585638
14.4779759979465
0.727324261787525
12.1507645920394
9.3772750729823
23.5901225178169
33.3705732078984
7.90152322447152
4.87786062273847
32.9686445810033
28.7019180281047
7.76363075214182
3.70734223144283
0.970820460216897
27.5777301284716
13.4512483304919
0.316112575948152
2.19538857554621
74.9690692132546
30.1736462243558
3.9019887907176
114.067716894155
27.8391422135037
2.29654598890876
17.1528823833504
250.568219306192
0.981165608214659
0.845776030164693
23.9282612390479
23.6572934472618
24.9162212340231
4.87582981410646
1.67545313850296
20.6008282239179
34.1010315005964
32.1161822610878
0.957439049649371
5.56221817378531
0.404792015746575
1.51011583042033
16.3574786867889
6.50400275731785
5.3675680510341
1.82534927052193
9.94914783692629
2.23308974379477
437.57889435193
2.21792334383277
36.3124301244168
34.9086668700885
11.7632585528787
0.712608471609517
9.34868073750817
1.16132907415515
37.898216699829
17.8188218965413
29.9520945830849
21.0735380936738
0.43759654556253
0.356490676229736
14.5326733734473
18.006760494095
6.50797736089258
23.0985673687392
17.5808930203875
13.8224036585752
6.49377175851966
57.4329026060317
30.1771567545309
0.788030344927226
0.974261812792146
60.552075970694
29.3272235899691
0.361473384049549
9.47383417688624
9.06706084429553
85.2392036853022
20.186865021675
3.16206526323812
13.1031920918967
50.8127407421624
1.10330750472903
4.4517737227029
0.442902935682278
11.5554063569048
86.9061697755913
48.5434471371088
28.2243828984208
38.7058893562624
1.00270921292101
4.38026058739636
0.764529790019967
2.85116863817604
29.9774059074454
4.52302513581168
0.460627662063324
28.6901980399749
29.0735480218638
23.946507961597
2.67018194374992
27.4508049326426
32.4805535151356
1.28398536519986
19.7094091015396
27.089859078892
31.2170764054217
28.0937986013364
0.592564745093101
7.78445128645299
8.22204647029927
29.7664953398234
42.1407345773496
19.3026156170565
2.41977731604807
11.7527148221781
4.66596435650353
24.7757214243711
44.3710738123782
0.803872856084171
66.8631178465152
2.94082156120838
9.96203516553469
26.1414864554752
0.395477580531453
17.8786430851683
16.7905117046171
141.369207502384
2.04932192734189
118.619775705673
24.0384555808571
1.19609576781236
0.679286346728684
16.0148435873349
21.9540867745213
40.6142798851441
0.664389280709886
5.41425846735945
22.2860515004106
6.46809470335132
4.61530321136871
76.1508314773533
0.218011002985847
2.00944309887487
19.8345726655491
2.71427755551968
23.7102078991872
0.514834303646528
0.543632809789098
1.37963720536504
6.09655190401497
14.7467441951609
4.92128194813973
18.2709900511375
6.85882745143331
0.446449094898987
7.84497068147099
13.1612339737733
1.68569121516632
5.65327554311293
34.3379682717217
10.6870775537877
0.530137753362342
3.05838296670905
0.266505494996038
49.420681550092
14.8702315974456
3.07825542946364
44.3084985538796
1.69000818237172
3.57218505854337
2.98140477578718
20.4321163645234
6.46344652117522
2.58596827820895
1.76803487386571
1.1015581283163
1.24997609539265
1.66502244926076
8.96676660042045
1.24810328299035
12.0874149260453
43.0573247172325
30.4207646568002
6.5853527890531
3.36086178607445
26.2600086434726
0.218480356597768
2.70416375007061
13.0786846937555
19.7679196702515
0.663749546755757
7.30977115108126
0.401511850532369
39.6411392353961
0.798416504607299
32.1053119337613
75.8698154436067
4.99440039591171
2.14076026438503
45.9222856983254
4.40077301187818
0.440897366115141
1.9486925348039
58.1104481906586
92.0163040584868
16.9378891199184
1.19444744303372
0.886808903832913
2.91652206774793
1.56944369540292
56.2570305508434
62.2837668821069
124.92670625143
15.719923240895
36.7579874569282
2.94437890820657
0.922420023796935
2.26274179898547
48.6855517642542
25.470039207487
4.72249890696261
51.5069682630013
7.24325552149393
3.51229718248653
35.995377389103
10.4106296174029
69.1460508214839
5.66346494496967
11.1911196481767
23.3465546859374
10.6357718825572
19.9497564997601
2.68799120197664
0.798114943264674
1.04346716734814
31.8885639395086
11.6419652298019
0.224249809232855
4.41901222596804
12.2243104420292
2.92551251603048
14.4738674925705
0.620850775183184
23.3211532428849
2.20372522761406
84.8971366828757
58.406466152554
61.6969233509107
5.77361200333136
9.94358618820784
7.82751368795253
224.142691749262
9.4191799038151
13.6630913583318
37.7329529730155
88.3834092846975
18.6712135514247
48.0085618660061
9.88203193454626
7.08770001110859
43.4368169168974
63.4335397977499
0.183754205475026
28.4399704044327
31.7987868692842
9.56728975420745
47.8500709341245
396.13600337522
16.3532290687971
197.342870700627
73.4483973950427
8.80270573413915
0.882315148391296
51.9814703715621
48.5398623565242
110.472459279317
42.6092338432109
0.500800240270059
3.87643151376946
38.505309731889
40.9292967231668
6.12133352905236
5.69218684685173
16.5618158326953
0.628185448655632
5.23117160954144
0.754363290321239
371.330707391297
1.91858617967948
14.0352161179219
17.6676146096189
1.02496952441067
6.80403913064886
13.3678466818798
1.19663289560963
11.7112370531049
0.353126125633914
17.6315711184086
1.55686834001382
5.03655897014145
61.3069431247266
7.33022025886284
15.4623893919911
3.13231429822447
0.625682209834575
22.1253223692645
20.2437783671509
68.0444530274024
17.7635303403413
57.7032074747036
1.96045934918512
25.6177770302739
1.7413552572418
0.952802623397778
11.4915852766021
34.7343135501392
4.18701801883678
9.15989703756929
20.1582472153202
9.27489530949166
80.8087766197941
14.5722120170943
3.82883271619019
1.46739733757072
1.98894715363838
35.4689743881026
14.6143115574075
16.4677326415634
0.535492540491875
31.3615131885221
0.948606552887468
6.33439207401831
10.9171497968041
1.08663780936093
8.94793270443367
5.06564478026839
46.7027131528337
1.74876013687132
4.99615676581624
2.40912875302902
0.669014978314996
18.1931730318313
6.04118403557917
35.6907337866718
216.508160951674
5.77465616703136
4.62184747690944
72.2688812194708
8.058766402323
10.6074420072928
62.026415405285
3.61901042701165
3.57837204506747
7.70841631310278
16.0712117646211
12.794481547738
3.09370783287097
61.7898114018278
0.33294402252114
2.58808042477589
2.41883164384808
42.4359186902383
20.0888554130617
1.64465509339998
30.9427886855333
18.8604068413887
42.4981343002918
0.535492540491875
278.767832079472
2.28355595426885
29.666935443747
18.7577581264453
794.292753709432
17.3740107836101
15.3763726495846
0.463322197827467
24.0970513528241
102.419321940879
3.62541497723066
57.1969173259563
64.5891899872496
0.405462760629567
22.5713730538086
66.7333665449141
58.3911421637152
14.6695576907737
1.61286995437503
5.63862405749786
25.2324736316246
2.36467891608258
19.3078028048266
8.91562402364575
34.8759364089665
147.542956863738
21.5563315043663
60.7416414883411
5.89178768445215
15.332573847269
16.1975828663989
7.28338150948773
4.94839472224362
1.64757006048198
2.89148914746749
10.3920376289986
422.931951630863
33.5234678758114
15.0340326954721
7.74894944460132
27.4774511626883
0.523123464127243
79.5586336849155
7.4485209620786
22.6109945546656
1.16813364129794
34.8464698601828
0.228483504523124
0.264753091799777
49.9026208522939
21.655089866896
22.6879985663404
2.90279615926055
6.98238646217627
3.57259848962401
0.535492540491875
5.82049154275831
53.2968226037831
8.74144001551036
42.207351132784
1.8181934331517
10.0743634131125
2.43581274015914
17.2677724341941
24.666598220512
151.588068031815
2.98382099232994
17.0344703923594
14.5731973711191
0.886099612282487
3.68941092684683
0.270163015989776
10.9177980204833
3.7140112942807
13.9274649796379
6.1600962951996
10.2962871043605
0.889885415089289
1.42080663476727
33.9908954873523
10.8037742094032
9.27378117297198
1.15727413144017
1.24451275584098
36.603576064785
7.84272854718173
0.393169110686754
20.8178537496132
27.6753829378525
7.1850122635007
41.542350546907
31.823452446684
15.9314780505007
2.11108937209574
130.358738277181
12.8990382325914
0.24509048935142
124.781103941722
36.9353882730868
6.34388487230302
7.92529842018636
38.99091819377
0.797160562009242
26.9585980081123
2.17888015474062
0.491105907295923
4.26232346688994
1.04811707429766
11.6676952397935
15.514158685592
2.5630444021076
0.92909690124537
36.6532125457486
10.0727353432209
20.5234026767504
21.3044422161318
33.0459146057934
2.41957853557287
31.7032547954727
0.308309583547268
0.397850529098193
15.8877121212763
12.3020034022998
5.23854378602462
23.2421402677794
6.83370392286696
14.6038562147162
111.026196703509
25.5154364539741
27.9138780023748
18.5653406843023
5.66282117825241
43.0054020437594
0.328515700138641
30.1376914814066
38.4509207784621
17.365567681502
0.803527358883624
6.49699343604316
43.6530334213948
15.6221082354823
49.1333753779283
5.64501581319465
10.8727941843429
2.8897632616748
5.10339145968904
115.785102124961
0.875057575526202
16.3377758984026
10.2520392166209
29.2381232918315
18.0837054787926
26.9466199038763
2.43163851517251
0.94470483989112
3.59584836019129
4.08317227726759
103.602319048912
4.43621332033403
6.49257425939695
166.731217676384
1.19006622242212
6.32141990139721
3.01762147791095
22.8461666101743
10.0709746037203
5.422478512652
15.8305822366434
8.88299223070641
2.2099019649058
0.837370777013974
367.264981641254
2.11546404142435
19.3102137788242
113.21748578107
0.42542107447807
82.6178012615117
0.450134305800566
4.49693049720971
24.4162386422723
1.90024039290897
22.0843182205987
2.55676691540785
4.77315265267327
32.6753980164256
29.3125961721357
1.82359609249845
29.8640879377878
38.9846762085027
0.308818798261627
2.95916078065785
3.37423957088887
1.47891337393462
118.295084547963
139.538332429782
22.3306999201482
8.20736856708313
40.3766717005419
45.1463266225082
0.632336982120718
5.30313750336805
322.681459351426
15.2355124668224
4.65084278407456
39.6103603709038
84.4678153489329
67.3306858040942
420.797919116089
66.3013642046676
4.73227892308697
21.1271411448135
58.3337819524621
68.7277364335944
12.6522098719198
9.86965333306983
9.19032583432551
1.86050974205998
66.6567615803332
65.5264938745866
69.5413674513919
13.5010702042871
0.365078695968205
34.5574362093983
73.410264987099
1.20495147123615
36.9272003729303
22.4094793994937
2.50158553316628
68.0938789414149
0.399162791433031
10.6421531275446
24.8657120198502
15.3637487147303
12.9091932414342
15.8137726527766
22.3965482390514
110.718868636409
18.4300620615556
41.7225959641157
7.50564807834942
38.3354430934253
87.252292732396
37.5042150413939
219.403628742962
21.909299067607
2.79026086916141
56.4565986440721
1.70708622351407
48.6929481812228
126.205880271867
128.60814240185
31.7137725921806
12.5502751780503
6.7082426764597
3.78078810508753
2.28338553172193
22.3470654312731
44.5639366566266
5.92076331168077
1.7372772612191
9.93233779493135
0.535492540491875
21.0086758525644
47.3654986927111
202.794632297247
12.0870442447623
125.175075020172
107.267770376143
45.5095934252867
1.03457742147922
262.517135480701
57.7915356441905
6.67858279450591
0.784229412303199
5.70369204315044
1.29522787207269
8.40856471634308
19.0132456160189
78.1744917203109
78.8706031850408
78.5054906424311
15.5068950014657
0.533198056259788
85.3210245220636
27.4477570218068
0.839071392963765
0.473937073149515
7.0095985938879
0.445302871149175
60.285868307018
3.87623643580515
6.71287702645789
40.8548390680977
1.25029979868325
3.20795477836889
57.3102871794071
0.265249292600076
0.535492540491875
2.41524243329312
1.59525938347808
3.39905039399701
9.13812578811376
21.4651835302357
156.510630013588
20.2143049720811
16.5857724900865
119.840061581958
4.19977303294485
33.1026249077823
3.21611899695762
0.67512449579133
4.7512349590785
11.7583891845232
0.20383611960165
49.842765424731
267.210015175552
25.1193723414142
5.1615577689895
5.30120237361622
10.7693252132726
73.6088638761469
3.5427398266336
14.2095586182618
42.076627629353
56.2979489708734
7.93012737707303
0.837203055826483
0.775614264592801
98.2904531147629
2.45032183024046
31.1508669426346
14.871826481319
6.98843660764467
5.37815942479389
5.84476753565925
4.68332058623093
5.5349740230091
6.68031075400353
11.8083564247531
10.0572693002733
10.3018722722352
19.0016256564671
27.2485068681816
3.25422741263441
0.689215263591021
1.58050895625253
24.9839327382169
33.1380532191458
251.735281589751
22.3988807589606
30.1428017176567
17.9030802923522
0.334734305303465
0.535492540491875
0.612491437451244
0.891676477633084
6.22351783009618
2.1498115288249
11.199143946395
0.582148782856514
20.6626535150376
25.3423030496711
5.31833075473525
136.23522286841
57.8682648051631
59.9653028791237
1.41529796684777
22.5337973151063
19.1136231700528
31.1325882526162
1.19133181696229
0.383093876001265
4.86881749046937
37.0123961251817
10.1295325707101
103.303455053005
1.53963387747725
0.227042895479927
7.7453098913899
44.6766583362759
13.6096100186422
0.52375932001956
12.506527624759
30.0015575705701
45.3998696050775
13.7606617244682
50.4476508650526
36.2658126431602
0.268232527597886
12.1161920647736
5.86120577576637
55.7292834795617
16.7388556238502
201.007805483629
63.1729917406492
7.45996168991121
6.2459278459432
41.5506964938688
15.3036258685507
96.7168293871347
0.987055996864448
43.0149118621615
86.2420733876836
33.3534245800275
39.6468246980658
17.4966197191456
72.8239902972303
74.2910554585395
85.5096412935086
35.5345279687443
242.795721498166
29.3274156320551
21.8705208792891
38.3769333812507
47.109578334751
154.676036132308
125.627935569538
37.0726133489208
2.74540734803794
56.39516274519
3.79306851715657
50.0791389044081
18.9413836697941
0.39368002996473
6.77365369057551
1.20346274773891
0.626975809478955
119.333308115663
204.30121493827
12.8332400083551
36.4432243515244
275.003248542433
50.3302826590041
4.71368563000069
1.53914675057689
16.6108113855763
19.8043325652104
5.26721613641041
3.29895442496941
37.2887593458075
17.5874800837557
3.42625766461844
8.03742621786197
2.20786102480319
7.83666849847662
840.6586356274
87.8295057090088
938.773437996572
32.0412857962637
9.88110906219001
1.57982929679044
7.25281121924022
111.916560985301
42.9093635534038
31.8108709837153
188.093346001324
29.9711486130222
9.24137408329227
305.454668003232
8.78162700386833
8.19671290014193
0.58143126567839
9.65851479770267
25.07056487291
1.57218379105572
6.68171429229477
0.830386816662285
17.487214032927
1.19924380232706
36.3793938926323
48.010517289808
50.3340053732973
15.415844758091
10.8203597035428
288.183128125132
8.98952021423136
3.13764242767228
3.39376359062195
0.448039631532642
13.5710961539091
202.463946628809
0.283405494271749
84.855587126781
15.5253822419698
8.08084098287408
4.45337030749847
5.62624550366431
12.5147926812493
4.03780422581982
1.56972986353261
3.00053546032763
40.0516639635597
3.00492726183997
18.5775319752858
61.4034465652118
31.0938922294966
1.24943296866073
0.847622475179748
9.4503072767791
36.6398392084589
0.871299075555937
0.71590789997752
6.60170348749218
30.1599611823012
133.491971463104
0.612692361355138
5.79951600092557
69.8079386046488
43.3559404993643
453.178478512638
340.14909765692
0.262666631178686
14.5327810506092
17.3020870384657
6.67243601035702
41.9677213117757
1.14295901140035
34.2110261268191
3.73201833531171
2.06282502362111
4.723310951317
3.93639358002496
23.9584706276699
13.1752805930737
27.8340150177052
2.28233081390666
14.5346064028709
11.4074187170822
3.07009505435023
7.4109077404115
9.15468941349125
3.63291537624638
0.610689925901838
108.242353466961
20.8830353059891
13.4699439222479
204.043297971081
124.376175533256
2.04808017712452
333.607620929901
1.9725198413125
57.9010732091619
31.0671772552166
43.4646672476776
44.579337766048
7.67482287163214
5.61758271187536
21.9712963142523
83.1045229506744
0.35534423613235
22.6581320094339
16.4429865955251
1.6989166696421
18.9366340183667
51.8474241101904
4.40878883281404
8.30117485740489
0.400160522962606
0.35658494659456
43.8205732545714
39.0402486218041
8.84596787904466
5.39388338522948
101.005543815547
1.41768110986978
11.1901349524292
0.38027334596833
57.640488295042
88.9748154413493
48.525189930932
5.36592646215341
30.9439203897099
12.2875352521685
102.646485585271
9.75375736169303
5.37827679933625
5.47864309135026
0.303334624727652
5.12739906597214
49.1500194437364
0.187071670908611
10.4279644055906
27.3612980457789
5.09456483555985
26.0113835944475
139.880799197844
0.414790239261715
12.3263440696499
44.1741729932398
11.9982555254726
1.18941438498014
12.0627344369419
9.93697566444081
2.84235183933609
0.484910328189088
1.2046225346188
5.82895761410694
38.3529263400439
16.4028706027399
20.864897060863
174.828481783037
5.26230201506358
77.8411396169152
0.935115178800718
32.7416915631906
0.559390319158327
35.4425532828979
0.756056613989016
2.00701657861246
3.059291010488
6.83944522475077
0.33309933533562
0.786017830714449
7.74170062876579
7.71682625916012
11.5597345699999
0.579879173687826
0.642230077344206
34.4708006631634
15.5116686466667
6.90177671207748
51.7892314384921
35.9703586974025
2.66781846622587
0.444878796926393
6.20102514781541
1.76547898549115
1.22883255971156
52.3333023442407
7.25786548254791
659.844264035459
54.5575507480803
172.763191192206
25.0288258869199
0.709708519129537
1.30616262222721
6.31124047816543
14.406545210234
1.59634046575273
56.3183116229063
13.2246536855164
0.889916868096894
2.76917155868731
354.845630088303
0.276665684751185
30.6395689493557
0.424788244655725
26.7852799346184
1.00005951285671
4.55620982687197
1.89819727136464
36.6950364348528
25.8221869720853
26.0493278911476
1.0912695922191
11.7710679987217
27.6050867463695
19.2288902230262
1.13046568372668
0.691390958051347
1.36231228870024
172.063335221259
35.5787534116853
0.401972179859573
98.4933724438515
17.2662979045762
3.41183831947447
25.4403059811267
5.57946896928451
1.02105721740452
1.30980883074104
1.64963051145127
1.53087785433106
40.3036478591418
6.87846823222179
28.3793110281734
1.1184530988553
13.9464410154866
28.3157390100289
2.75691081655174
0.427000095030266
18.4127716671512
9.1894866463227
1.38146725062398
5.00723040165407
2.93856900764848
32.8041572744576
9.51708700158699
7.76591851879187
0.676734061272809
10.9612082738389
3.75136815267092
3.76360248068907
0.259664534270984
1.22187924403101
42.3296481635005
19.1511024947625
5.67945682190471
17.4478977085486
4.649099774791
2.11766251867979
15.7782102727988
63.9458087259968
1.9714004888334
19.4039855994701
0.35028971347166
1.02079401713216
4.80301466004135
36.8047633534572
0.310563442376413
12.7870164983021
22.6754096676312
21.5130447356042
42.3784645449141
97.4732994077668
17.8620038325991
21.0848180924343
364.404465581004
595.163969208696
35.0188422383774
8.41272046533368
156.353033691337
9.05201689644057
1.5837504392262
1126.44129849538
2.37402261691473
21.6674293995173
0.967917434628148
47.2581885104834
0.361423711975605
12.6843605913916
1.29316713575928
1.97001337334212
3.74873617794341
12.4139382206743
5.56493168017383
4.68282245901173
7.58273521944677
25.3758089070768
20.50956703966
13.6590747839297
15.4590100386751
16.3458579696403
58.8336986361012
3.2879434804902
1.79249880245907
62.3223229485316
41.9214613685299
48.5238424169397
2.25631396476019
0.481935863253163
3.53860679895986
39.6768577586001
0.274648487057915
141.325958906124
16.9425347035887
3.8828174710908
12.8824823008059
74.7379945615453
5.65377579583619
8.69530281279266
72.5576613346151
871.099143461507
2.48665502895493
5.23877118886524
0.79791978206873
15.1927344941893
9.02545420351676
1.16032622663959
25.2444636546851
3.65903634189681
33.7318370602145
1.42111320637737
51.3827167911353
1.63313060324499
1.88299804523074
347.443033768045
64.9227557215102
67.0599430466891
63.4345051188952
8.73826559199491
0.624333510458931
1.31604418806419
0.535492540491875
1.26438875364314
36.6930272381342
25.6286214280527
0.454141510668885
63.2010537287859
35.6278928333922
38.5180361746556
21.746652981081
6.20319549219216
10.6176753125349
7.44207226794361
114.411521120401
1.24932122777171
1.7695350893766
2.98421439592479
75.6596619646856
12.7565223276919
89.0183805052053
24.1427755183659
77.8080975768001
54.0483104477217
0.573425895228914
0.766034018868757
6.45877001494666
12.2061989195231
47.8222436284506
4.13536924547378
1.51846737514558
20.6389117904899
1.15505344967215
51.8430480021898
55.5534687411253
1.3810532254471
4.97630099717759
26.0422841497099
5.16733862458574
2.05801438474279
49.4928113078135
26.9839306337449
6.1091686227611
37.8799700943486
2.12503117135999
25.6213594653003
59.300856117526
4.68106553275898
8.91635179391671
4.25003816901407
11.0051154270159
96.9838327090047
185.446639792031
1.23841006953133
0.971190100333649
27.1401084829664
159.184825683678
22.1929110357252
10.2627248405038
20.1471793941905
2.00216531397285
2.03932780691445
53.4481951300932
12.2005936888168
8.61854249513805
35.016859988139
79.6205486705557
2.24215208431163
3.62496209583723
27.3140871151538
27.1487026586318
12.3645807830363
3.85391885809266
0.577923301213079
2.86060134278054
3.76789961336262
45.175422177175
25.472845655033
0.749352379268511
0.535492540491875
40.6412205795071
11.0589959660395
0.977489838524945
22.2522578859132
28.4787277735838
18.9504610755108
0.339439432448212
4.7747850890548
47.1572126176995
30.7693859141616
5.0978589734701
3.01341353554078
8.6859727437295
0.907657740171808
0.457641335301089
64.1568234855577
28.1662764859937
35.9000431720158
0.436151791060161
4.16336082880067
4.24098125846317
22.0775761699748
2.00455282549177
2.84425477720508
0.870210172390341
17.1541818750371
14.3499749289106
19.0518803749714
0.412449588733094
14.9022072215351
12.4941389691778
26.7641596888924
22.684680304547
113.288514863649
41.9649020322585
36.7059661931619
4.23585602137794
57.0420695282952
0.530918103828877
55.53223538326
21.5019283138768
266.266635922096
31.3541327419548
0.652704066815806
4.00476797920633
9.64864766372614
29.3339111264768
71.0600670348976
66.133658163339
87.7567367712448
13.4715770932974
107.131998881245
27.8103950297933
12.5197396629039
24.2250889758727
10.8956681823224
115.832426444298
57.0516936116238
0.441420167502744
21.3548599590543
70.6568929759885
10.9293061716998
11.5470878187889
148.913047587703
1.01116712636443
6.7377779818724
17.9056740403261
10.1111848289476
7.28873120225303
9.85317172676952
42.3786107403564
50.4177161498518
11.0583237446508
211.527080558852
0.968552822561602
6.21458852693047
8.7118307704565
52.1902001058558
7.4262343816807
1.69612714455497
4.56181622459442
44.8917704228103
28.8021695458665
6.1607628441285
179.682575553981
6.65515658034072
0.795386262939853
100.569761068702
2.42996242221963
24.5329003653863
34.5034865267736
7.31987299227512
6.76624407148614
5.18911024788465
17.5415682057106
29.9704882370244
25.9353414441101
0.469572374241227
57.1183538073509
6.63228608505896
9.25870042070445
0.398222554561753
64.7941815674875
16.2464904041716
15.4397230740288
41.6958167866389
10.7822197743236
1.07680337619099
3.01165860857962
447.06980713408
0.662019867182131
7.04375801568221
0.490958897897106
27.0255304171686
6.13963674117613
85.8749003685868
3.03724381661703
9.05618510170781
2.42981840080259
30.5435102990573
1.13685822059887
22.3521494831511
29.6014549343056
25.2095367748684
8.13323549421288
68.2377321139859
29.7001058595018
8.23279011883587
30.9318530061717
12.090202607521
23.326696455277
22.9524886119057
0.941423909009853
2.48513939600604
10.186629734145
29.9943657297476
1.01691157501051
18.2599098961206
64.0430370041362
2.62455877002113
2.30896423797583
16.9737116220367
50.8179196220132
8.05186203422651
1.38476684145275
9.39477957798488
8.92461579470677
14.616527115695
2.27296789400728
25.7811012781667
412.087143357387
20.5471689602624
14.7826832441889
101.200058406008
0.542747908140658
22.365580310473
0.78065691249779
8.67726777422938
28.2950895212423
19.6911595220409
5.39299788672288
21.1815216414918
0.447952118103336
75.4744337455698
3.94491008703049
11.7360625500942
2.72200278935316
20.7249802143862
2.83293978147719
15.1183791100496
1.83968796423138
17.5611031259028
23.4479909675142
35.9375857774914
37.9253470107197
0.35398023106875
11.0785362719857
0.694462708161404
27.4903231537295
50.8758525902442
9.60347944305149
8.9192701968438
1.08384220641678
0.621135687158232
0.901810665659266
12.0983804440296
116.876001475038
6.38545986350795
2.97897479876189
32.1055008572582
0.24697021162919
11.953209854097
24.0497305465801
0.221631474199207
138.965296719255
23.7392432787342
19.3154372152265
25.8848239843384
18.4276251482131
1.95548418123
9.63031485292788
19.0475063149784
0.692926538725753
7.98816877272713
2.0451304551508
20.8701265343779
0.404036644196341
1.03113899168924
18.2148577065457
29.4240995750934
110.940886226276
8.44809137141118
10.6154363236466
172.325427523997
15.5734877395897
15.0947708727181
90.098904898138
12.0862844287143
26.2605924425846
47.1456265984927
0.441761060088455
22.3194385285911
0.306787841475439
1.64167297451746
23.0332281774736
3.25181550925116
33.1047746877144
6.38939135354464
4.0022864870699
15.8150197052358
13.4492321610776
6.82867015383296
2.34413409346776
0.914532844501925
3.47148837748273
2.63414777570924
129.658986171719
1.8732429880128
21.822619866562
0.532133483941053
41.9016514956419
0.622907351233945
1.92564829287172
35.4686520347844
41.6619317652691
596.487790045124
1.91211624525406
13.2042552000018
0.799226761352202
1.72145725404519
2.16344513960269
0.481384695248533
3.97322884425536
12.2995017415487
95.768101500337
0.710462857576373
29.9969322489233
9.76996466709017
37.7064129418628
9.39893993660705
0.734695682805028
1.57804133301878
1.3335800665373
6.67845070463231
10.2553374959733
0.64127512226343
8.22127371364656
0.673866456323182
23.7611536900987
172.33930541465
41.7186285389368
14.2845842501824
3.34830170679846
36.1691574365892
1.54287812195999
23.4795183478534
34.8867640106302
15.6180767362966
50.588842539516
47.4933784245987
54.9259448664022
12.3452024614602
5.14849706056657
6.50807228463492
113.212015136608
7.07393523394824
0.519661318079098
37.6155401149789
10.6795935377861
13.6748648378296
15.9122523397538
55.2697960298571
17.7253334074419
21.0042772608162
0.88918145245886
35.7907214491537
1.14058611615761
40.2229928655147
32.9356709406884
51.1954792870263
3.3811301775024
17.624595416808
43.7489952061661
34.2853558633247
7.36734262002315
6.93645119298032
0.436242896847637
202.11460635771
6.87019159026169
0.450848767896183
60.0976458905752
109.22330376143
2.26381918428451
14.0569062438299
3.16190811316383
0.491709733521902
3.31781042599878
0.57310053026119
17.8767261518634
29.8052514657012
15.8741060228996
2.51641399345429
16.4870764197069
423.935605213783
1.55283742397511
1.51260154966626
8.68040764707945
3.98724596915807
33.9712446481532
0.488024378513338
61.6855346690924
4.11237185272199
43.4046990238346
7.36816083201942
0.48817048869521
1.08465802493718
28.3290028630682
0.436604152896763
11.110000092819
16.9259949534663
32.4990027844715
23.8993997670457
2.57135525350551
4.4023870651244
2.34497107854506
4.47023164184838
2.64570506910846
49.2748593271821
2.89708431025449
51.6730052552921
350.304643360661
7.95791984719563
345.254770759771
27.3767979020325
10.7636556075619
15.6766139821424
20.9884600604317
26.4573589403445
0.535492540491875
0.232457371008021
5.94287227543358
0.292548747126467
24.5311279257472
8.41536133699103
0.311612927832629
4.516291398121
78.1447949369757
11.3350924154479
16.0903580527926
18.6705188469729
9.17663475351547
20.2197055976519
17.3995910764232
6.12147588667609
0.578118681234458
5.37700713792432
3.2101966554543
147.713235068751
18.5450614085178
41.8522731330287
2.13853361208716
31.8158330702349
1.39081065576393
78.756986568082
0.256953678543521
5.9376857445973
9.48549937016886
18.2924137230166
3.70402938757013
1.92545862432488
21.4343584884693
23.8297851524596
2.52839660619708
15.9906988618178
22.9652019782202
5.30721864505152
2.43938808424019
3.82363813058326
42.0225741359554
1.59233646962401
2.78837064517117
0.3126594986372
2.58564835603792
7.26197220689883
4.18321483096665
36.4625756435111
0.990477100692191
0.393897667171532
5.71169914196224
130.176701328404
62.3368411620511
9.96868726172463
1.02432883861911
73.8154716032162
20.1914488855619
1.33211177498209
17.7188510635701
9.51594789061042
32.6175603705487
21.4165116020402
6.46898250997296
36.8353960445246
112.858738264711
11.2723181989035
291.584399345575
22.4453574834761
1.02228217451919
41.0170913567675
46.3200626413508
0.379356434232169
2.86046052239647
24.8012297052662
29.5930400325556
13.3987752076806
18.6102910804794
40.9498156453794
1.54571234097112
148.449631466088
33.9610859085628
3.90839363447445
5.1331613947119
11.0510508174661
76.2430211882908
21.7159260534502
10.351995203257
17.7188170429484
273.180812807612
6.79653855631885
42.2208745209695
28.6422198165703
28.7926341457471
1.21222040264531
44.7815858780766
1.63184748862314
34.4319032698345
5.48290352934857
11.7446655633866
2.48459350486623
51.1214825584774
8.72019797611338
8.11979053948301
7.44164488215711
34.5525581388401
1.65592445309902
5.74699851842364
9.15015832270555
13.6549458519067
0.267062327047627
6.65723838446146
43.491458858209
2.25823034339603
49.1240821738659
120.849433119476
1.8255117265811
0.842895464620131
14.1388378807599
19.9886228812176
0.393627754456097
47.4864384555956
29.1117899754129
8.57961369900942
3.98649781889327
13.6204654384342
0.972854516663936
0.670292482832711
14.533484585201
68.9277863624748
52.7735932782024
5.4511508580589
114.32421911225
30.3311895617909
33.3306065038776
23.7491566814126
4.6665317542898
11.3758749835813
4.71797638019832
4.89536216233677
0.781745986483296
1.41575499516267
57.7101576635954
61.5375556499634
59.4132528805959
14.3441322982898
10.2498858792053
25.2256642774086
134.674565588301
21.519548690452
1.6935984581658
403.259851170995
11.8372267797744
2.70984930560275
0.699800995651872
29.8043572402095
19.7895591319454
22.3719642287669
10.650521094989
37.8633821547913
15.3969401716123
2.35080386885757
10.6376820740102
24.959585313753
2.44424701004598
82.9056602621989
15.8685501501111
39.4343028602982
2.41249610623515
36.0535840081754
32.860763354865
167.925390575171
123.710643797125
20.6597890380398
0.306735648962244
9.71968705561259
3.03013795638133
10.0917143516508
15.4565461271841
2.03369601349927
1.3082267933736
1.92055300448183
23.8080601572985
3.84547482610799
28.2830021744035
14.5435635994904
6.44962528428649
0.306219213422995
40.3897134355487
139.833696342509
0.535492540491875
1.72507118386631
0.646655906323318
32.4716810868848
81.5128903531549
35.4560716314591
5.08828451752883
4.95808105799766
30.9984343459392
8.64403395954793
1.66298780375128
8.63050319627609
0.611415789790193
4.37199520999279
12.6667207123151
1.03251399870762
8.68484162396727
166.714203082422
24.8078813871912
21.3141504360949
10.4826362832905
2.91561584690891
28.9539089796398
5.9626686883585
2.17564015036409
0.606840206907588
2.19924106120179
4.13034934130784
24.6930665605743
169.283730028799
5.43648569635909
21.0671748135594
8.38053537573579
12.4281027383817
14.8849790163127
40.2267079511611
6.35530162772599
43.6934659965004
51.6280239575599
46.4376492405178
13.7667391286148
1.17269410765545
13.3275139268131
29.079458525277
6.50330346315797
20.6824951168371
40.0840876502781
8.64132670896958
21.98374082005
21.5037554684481
31.9416308211484
115.285144719544
0.327783459299733
5.82902545505908
18.4915105649465
24.7358830290865
9.24941969065955
2.56915929896486
71.772249402879
4.41864230944675
405.749278737447
231.114811837157
1227.62534073853
41.3347005190722
0.579865319630244
5.73251304752303
2.50402895408119
0.803034041493548
336.474361404228
0.884931842913408
25.5611495878167
28.2490540440958
6.11117569667125
293.083500016507
26.774592232506
9.35988886707008
0.774728544424028
89.3816814738234
18.7693988939894
2.23271034495633
1.53782874166432
1.77768065557162
19.6754090459925
11.0229919715928
3.67478444935181
636.457173167611
40.8518410113254
0.486806627738596
11.9025805403812
2.60513909257768
10.3197425900953
4.26757738810178
0.923755104233911
5.82157432133791
16.6286060034026
1.50660245204371
2.31208458717451
8.7656895997796
0.999029908420013
4.81360624731518
4.55639015586362
36.3111233734711
71.3929443351381
5.93878835838411
50.5116933519088
9.22585305974304
7.7133262114402
5.91611785093664
18.2959115091114
74.2042291902444
45.3157336597326
90.340154085978
88.9995874584399
1.25061769266048
1.32744791717149
37.6361542160216
130.948278192917
17.0464467238573
90.105379667646
0.311214287267278
8.87640685681203
3.61727241651605
1.42207602831925
2.27860121763402
49.4375958050659
0.217899039086921
10.0315989807724
22.9221797405054
32.5896769992771
0.716676592451243
1.76133896545575
11.0602569532412
7.28739046495362
7.0217336956011
18.5701131745532
15.727452582058
1.79232834854761
103.160727703439
39.4705734266312
6.39399763194052
389.283093970285
30.9391238950967
0.369531954687897
1.83081821095102
0.902677245689606
0.329668731279854
9.95067846225621
24.6268243440599
0.622885953481596
37.1843196142042
14.1135465658825
0.623317874855461
23.4140609911461
2.54121516400831
3.5972027033757
19.2909648638207
29.7571509410728
17.5200209262149
106.386334352998
13.250856729745
15.7748556928066
58.7868295572633
1.78171516605233
24.5021056120609
7.39305278977394
57.6675084361897
32.7007379412907
3.02297133750994
6.14865373968353
26.7130114489948
37.424050859641
17.0067644355586
11.8316177138242
21.5511109757189
125.793802197945
16.4406782331197
12.0580927367291
4.25705532819333
0.713188731620362
17.8421319317969
19.4321088583291
0.70392431253858
13.7206186362559
46.6885436401991
12.4633201327981
28.5088966977765
53.3818771351418
152.14644433395
9.34517359538661
31.7633242484649
66.6701285005493
7.92310105030273
46.7195781041121
34.1351631097823
7.85829433446802
0.885550580684116
19.6203138842144
16.9869503707797
6.50267371786068
11.0593245690266
8.53273215132896
2.48157768665994
7.79807774435747
19.8783173331304
51.1061914890389
1.84030039428097
32.8591945690776
36.6024474065965
52.2503599042736
322.31578708771
126.217344873677
0.905348925657616
0.72172954319556
4.990217622141
56.4899526068737
149.040552448809
5.57862071985097
21.6468145916841
33.3512744211714
3.20388533733346
8.77093244624372
1.8690770057337
184.928030248758
11.6025192169622
0.217749166499495
12.9858890961235
16.8973998018607
40.65512235418
49.3522522087341
3.63683480158604
2.30204150601603
52.1183637695918
337.153593396879
4.70247472716689
10.0220049919442
8.39901262347405
79.6745212085595
23.9964513933686
14.2814473185235
13.5384366489609
24.2772758957047
16.879979652109
50.5945342947773
0.271351122069159
357.99386022916
5.30388794591694
0.526171711823159
11.7820461333613
4.80184636787438
65.7574990861307
3.58994781284915
32.2748525023985
374.848989252781
17.4844624140697
1.46967994281657
15.5967826364349
190.050656309933
72.5239614874586
1225.75135793468
0.52058751495419
7.98450417620632
77.0000337130708
37.1451072510901
1.18567471581208
2.67717319691841
15.9321304900667
45.9475652058747
27.4279958616473
36.5980919042198
66.2517936145555
12.2891993562894
102.178145939764
7.38863209395254
16.4836898631197
17.5083483555003
6.01285879894559
43.2381842714088
97.146071526581
5.79316462673167
17.8836142143811
9.55859203534979
24.1965837258503
4.01755777755262
352.807881815408
17.8463902201119
44.9835393785876
8.29753745358212
25.5020262037923
83.1399570910399
531.777206452452
9.29613551141841
54.3820948793196
1.71323729881823
30.5637624782548
24.21827892562
32.8883461883785
87.038154944167
16.1848745140688
53.707551748726
58.46548819197
9.71052243320783
1.75659836477336
208.789025105305
7.23426642852115
29.3332748441794
0.559518600406097
0.388582799861429
77.5824809302158
51.7982353706627
67.6675133815138
0.374657891714837
2.16585668228549
11.5643764746871
9.4015848292871
0.454737079622062
0.452717321310412
28.355855174027
3.67454320495481
13.0914278888156
7.03264139877045
48.1710239854088
0.242548296528652
44.6407642149794
3.22627135758231
20.7005599649383
22.6549649093166
12.8157269939691
32.4204089235689
3.48916141766163
6.44473036959781
68.0348307867418
514.567942787359
7.2364260722945
43.0651405664066
82.0858412047545
24.2541671374176
5.21955490175503
0.675634167934535
913.518617179009
48.3268601459547
90.5233083648499
4.27410125401876
9.43283430352637
7.32312694204596
14.5060276922163
1.97104338208928
15.5894088731886
208.168305672228
2.27384210591614
42.9019941744155
11.199306939217
0.490375140494076
10.419879776918
1.42994586984382
0.488661603896365
113.154631328328
8.3082356302003
5.02305527680869
7.34189548289232
5.10894909923246
2.66893340728423
0.395056227044291
66.0251662198386
48.8291055526415
5.50344464114537
59.1315267180519
10.6350840878102
38.1915757777487
0.479190845611507
0.753923597298831
92.6970168396812
8.55094450077789
37.5240152048315
3.31000312852711
5.08510642205165
49.9208455773764
22.2778157306648
60.818297530626
532.438885457883
27.165239901453
12.0663992863044
8.44460252780916
0.313504368886899
11.8640060713209
20.55322322795
0.839709455977071
35.0901651441068
48.7384578317988
55.2117217886833
1.29546963791136
97.6860250511009
53.8013154406144
8.64216281669195
32.2635750607693
3.11239174579109
52.4114543568645
34.154904146785
25.3610646219122
178.796141033965
40.2004130280223
12.0926971665876
16.1489414714522
9.88662471391819
8.53237536698544
17.521893366373
16.2197980322371
0.353585972509726
0.869136980220752
9.3139947940239
0.434984923508924
415.717005674986
112.714094539728
27.7737548245473
113.086891538349
20.539970544103
29.5236843413913
12.7509613954643
6.5219585791084
1.6523267704155
28.464673716131
1.52351115402254
0.200219583094688
14.9370019723308
9.81348746993967
420.838543206925
2.86526967710445
10.0261600241484
31.8790992076
34.9415633725114
5.09713667583354
2.19994787299015
41.8001332683769
147.379251622739
2.79239872561196
0.382562973132461
24.5100965119768
19.2655244177451
1.54798655909751
6.66026632012707
0.305444818146431
1.34174576195188
30.0954407359288
94.8824367679559
21.897200751586
32.1047714137545
14.9544808974165
13.3688426121907
48.729397225804
0.424175085963375
42.577857306678
50.2909324059082
13.537407747931
184.440479150233
2.31373638125332
0.7759347799435
3.87317012078494
440.471181049935
8.15318974697017
11.0651562124845
30.5772936244079
0.930789413410587
65.701421057568
0.535492540491875
5.3324646656124
23.1756476547517
11.8051096178756
55.1495490236578
0.195379559343749
0.314545142101611
16.6454102615173
15.6237366948805
10.6053418067935
21.0730354495558
1.38482894698016
3.53155366748415
0.784332706684768
19.791911405129
7.24337212358063
30.6717518324276
62.5648588070223
2.00654857590253
3.51130864910258
4.08217882234171
18.330989917091
0.441909733501743
12.0966107725632
17.7731454053311
19.505734208584
8.584187864095
21.6851443656011
1.06797125577632
1.20012612264503
18.387606450113
0.799588294912251
43.5907241206744
44.5508083305849
67.3283876445692
14.4487667621447
26.9783608871459
149.595297110853
19.7503496050168
0.630282610160091
3.95783212659898
234.341062724041
0.886693947677579
6.28373721080646
4.92668792612049
25.750911527539
38.6041437474187
0.489455874692757
29.335127908363
86.8487837973336
1.1629795801798
8.39929437665114
2.79991208983784
25.1542022876455
1.12978523562955
1.63357351519443
95.6425409892594
0.208421019543646
13.0254942309843
222.70800969912
55.165286932735
4.85214031132657
83.4281490311578
284.692896846777
188.766541298373
21.4174207465804
12.654838960663
20.7037849424334
0.7077360451006
4.74383731130323
26.5731083241835
1.31556425815879
10.5636954392466
27.8422551133247
358.704148814838
9.84861656115971
24.8149432776018
1.77095258181641
15.1643308101447
11.957617939906
45.9527099371483
26.4849477243538
237.130937963053
1.43502629361891
9.93890079966293
122.078925961715
3.96451760515396
27.8075164436038
12.8613800797476
9.99900296956328
101.103744147253
21.5824171313571
34.4990569145586
424.091202754353
9.19152094874561
14.2135588023544
1.64290516592886
121.994886865497
0.516894464734465
4.11140696890711
0.316645090133943
0.688062153250099
18.4357774199555
42.8511558642286
7.29588089920373
3.27540321467096
9.39184679703111
2.32402428247017
0.397143605580187
16.7715685799676
0.788476987590762
0.219330711003982
41.233705225916
0.535492540491875
1.02326700171584
10.0699195264328
14.6871644564047
8.18357236038983
22.5311073804162
14.5492177297917
0.35620498896446
37.5589615582665
10.0503978780717
18.4292271590335
0.360905154048422
10.8697435725923
1.82436163513886
13.9904106973597
3.75399985725386
23.9602479153004
4450.38953966872
3777.64986677782
34.5206724680551
1.51724685936001
8.71398543732121
116.598754930296
1.8238810044735
253.605133780457
3.8930976162443
4.17375595105108
1.99747560002553
12.7440116288527
0.358375381809202
1.01300495342332
55.6693307671954
424.615335533431
440.04373016468
1.96351555187191
64.987062026903
29.7091097980176
40.4388542887827
2.89107830954937
31.2256598838804
3.11778453613981
1.51110179859135
3.258927607077
3.34190094116215
64.7381389723628
1.56579777229762
1.08069713881309
0.781164933115971
43.3316735652357
6.28099841126439
3.52599527676624
3.02232477068197
62.6825132003301
4.27443167144825
1.92245690378758
34.8353760724816
38.6574681535308
130.98519067181
5.30612876424718
308.140806128881
549.160699319421
480.770288962696
45.8878230006333
42.9380760052727
35.9651889261574
67.1699299527639
22.9273809834403
22.6998542318643
0.300342016604939
13.1729463839923
0.576192948110905
0.355855679677453
7.19924376571581
74.1243276941686
3.2776795380511
172.437579254341
9.94931874321289
27.8508649819243
10.1407188834344
11.0033411639237
0.577435532885049
22.2999925391098
8.33224080988948
2.85028079404405
12.5180472294214
0.213944454656836
2.18681692459187
1.07889000895183
0.673763039962917
11.3645874665747
44.1923488376153
5.37679624200616
0.677380426845247
53.5506678513656
1.76068748251878
0.446581879523135
59.5753380007625
10.5160042609533
51.75264343725
12.4330205966022
69.0794078473516
0.870315154745991
20.0542556879437
19.5925174573433
24.1278411496175
23.0009605025834
0.693199240799955
61.0045434001946
14.1836735964029
91.8269263364722
16.0868045208661
0.795346597432146
37.4735389001685
381.622162782166
41.8499913016564
60.6707106730155
182.535202130708
0.222770425677572
3.31499878305263
0.801219794561072
10.3834460228856
22.8261575159183
0.742952852843584
60.9364376982869
9.60839065482909
15.4795039237901
1.15285351093182
1.18752766665107
80.1244333968009
98.620938486635
26.6311360711281
1.27777974136842
0.483955386640589
0.776664893173175
0.40287099238559
38.5781172345934
25.0832959042648
14.3688070875277
9.52922533318969
1.43695425285981
1.22680235739049
7.50302235389937
1.19965310091297
10.059280884796
0.346931351128599
42.6064213366721
102.874337911749
1.90486583533196
32.749031259927
0.406696647956862
1.96402854188278
33.3452035390159
105.727912895275
11.0651370128901
34.2924763347701
40.0672650378314
6.99549977168893
0.223074518658126
12.8127064368515
40.4722976759184
22.0738463885841
295.902886743957
0.254515425974509
11.6631003416038
6.05389140630484
2706.42990441848
51.4779424724044
0.799646891664817
14.050785446004
91.4706342964285
114.863318949849
3.53614889967349
4.81407775454261
5.46247468177186
6.57963111842583
1.05999688812753
1.71248437528212
1.73610530437681
67.2304365856105
0.604393591764547
2.33450236445707
0.269819323817194
23.2320695107035
6.5401466063122
60.2907072665478
8.39967157183003
0.353465854908256
34.5137134759484
13.5092501963823
65.3433863057999
10.9408529837137
1.21460354644211
2.49038696617071
340.056503936965
11.1611683307225
3.98095589104419
40.31409849666
49.4308410680072
0.403298667298708
1.14370418306848
7.85173800246385
5.7508111519057
6.13979892423329
0.719177058241689
65.3620757706019
0.676423631581802
18.0694016678347
18.3158623259846
56.0182586677341
2.39319991236538
25.7111968700742
0.252347026764444
0.535492540491875
46.2633560971106
5.70370708111798
15.9484923746935
255.209161579848
0.466035249249226
19.0675955024522
9.95149819361532
8.93744166109505
8.48053188027793
29.8636323110714
6.77871337506636
34.2650175544038
23.7580266031726
0.368224995851025
35.0087862743541
2.46158920224375
0.406041665342793
4.14989081022166
2.28944708018673
26.353469390783
0.256282994082359
5.30250951653907
2.38105037371528
240.948854463432
10.516905086329
27.5861579673962
21.6450220045224
13.4623830485184
3.70821979970624
23.285840739827
1.85957464739604
36.9602378209159
25.1875273437245
24.624933678416
1.02437114530613
14.0436317787234
3.77104448494098
45.4680613141267
15.2017576460925
23.7092768811473
128.905032913895
39.9220135060115
140.193827427069
9.57965747139681
41.5198662994535
3.2955461326206
37.6225449586421
15.8670008113477
34.808937875424
0.863542890526676
25.1605230704718
0.842352430948839
11.6071560806921
1.60737670415519
0.62309155963298
5.52759891311535
30.9069069816463
8.98741831662396
14.2943551298913
0.756367314593114
0.77799547730822
1.61417293559678
2.40454289562272
0.853013311581659
19.7774057142207
1.79289350289813
32.3208676070287
1.74034077844745
7.45066136212517
5.90403023293173
15.1107909495896
17.0850215656136
100.637347769405
0.491185213119588
21.0326963020197
20.0034835044054
15.122350478949
12.382675730367
42.3218389528145
0.268122755713447
1.68645206132182
4.36686241969538
0.830561132361536
4.22346978180922
14.4791975796988
65.2460299141769
1.80396054737279
63.312091794004
12.8080605517326
37.6069334529645
40.1420829979054
5.55094834417412
15.6583494957474
31.752180752666
18.9112244965451
4.77520806974378
44.2949360603983
17.1337567845402
6.80503437334025
53.9541269845424
36.5140696829296
476.616982522288
18.603374199787
57.6548906928145
6.27728871450805
3.11068101233469
2.92342022834374
2.35336499836357
9.03566903124424
2.19351142754415
9.09631423715703
40.3803201478091
45.6878411261924
33.4384656931712
5.58668111375415
15.6968608859866
17.8723535556008
0.795509772482697
10.8457291276232
2.14951439674189
28.1396464286498
2.80469022909879
6.2821952729226
0.580319374562007
29.7493225389349
3.08215072566032
2.39163411336459
1.16012716352827
42.3080078038813
28.5427821033176
9.91118099652481
7.21341021911008
0.493141085594336
8.97698019565055
6.86337247355708
5.60065785593362
19.871301538408
9.27327037004559
16.9035748157315
15.3675450618359
17.5304753967925
51.8342550597151
25.886153663248
4.1067174362138
62.0868503169844
29.1528606453506
106.243542545947
0.711040444525884
25.4736825724466
0.492485760698105
9.44972734164328
14.5532661443417
101.067975214062
1.48339342805572
0.269331936216315
1.64654438034196
199.498700695269
51.391238829545
5.05822492465258
2.11611036459072
0.197047428860562
2.3215607655931
110.078844110457
33.1135018737853
134.870964685433
11.1019877907517
11.0156490954054
35.636764657023
124.438601537187
12.658232334809
32.900200647511
1.11482611427812
5.19217288657715
40.7122338105965
37.9918768576123
12.8349932373368
6.59788247724709
1.33177158361737
48.8477551307539
5.65563201210619
40.2753962039851
15.2623934658651
29.8576341602211
15.3472047749913
35.3671395228663
0.714434570111831
0.33383617952552
12.8028283247276
23.5361976913781
0.980021511246823
9.2347742210032
2.10460993138423
22.0352188697433
1.23866930861027
0.757536603112357
15.6102907641089
60.1226823059094
4.38336246109213
2.56292858368387
6.00465868317568
3.61093534951205
13.8727657444423
0.381963549217475
477.889400045164
19.1476758598533
15.3334542416944
144.520487768352
33.9562969154054
379.095589013342
0.48817048869521
4.15212310216717
1.42372516170547
1.25531126051428
14.706909744051
16.2424836007245
0.219326440283151
13.4768415995584
0.183414191101293
59.9742452628739
3.27631091368986
1.13952830409984
14.2844797884478
17.7899363606421
28.3372342782218
0.41685833363628
34.2956953896786
6.10804281304881
103.936260326747
10.7557257341392
5.00892738295043
4.95176840745367
11.6418177886802
17.6032885686806
0.35581478389153
6.56915600678906
50.2019415313561
62.7588439558155
39.6117604179151
24.4927338284483
0.474820242512425
2.48038995457312
36.7733183920535
8.32214271992103
24.0514411832643
27.6485056355658
13.611177518206
56.2477194641011
1.11373650201071
2.37794134094559
11.5668827199418
8.12908660698525
3.44126517249864
28.4166501322896
1.12383654844106
13.2924209505164
34.9325871033673
23.3363902720628
0.205791144926776
14.7899811827499
3.06281473182265
0.346575278599937
62.3404012616454
0.631172532081218
208.736431780066
1.698425938073
2.86423175864255
44.3253714999383
3.23756868663238
0.860849694680829
20.4327893972315
1.20286482296146
21.9994346547459
347.9488830449
13.1506878963726
40.5001261590951
49.7765764220128
18.1746251813854
0.580026183086644
22.2287952201011
75.5233732343538
2.59962970716953
53.9075169533812
6.46850394622118
1.28149672558546
3.3868678213977
0.649298841758639
219.303306076938
44.0426144853642
0.257154455946328
13.6037160146649
7.15685681962378
6.95831925953724
1.39349945874534
1.07633215528386
0.705615079299588
26.5438207160159
1.24489951847515
0.489730989669373
75.388557398677
2.90125921199995
1.3675118541753
15.7239476823219
69.2018531477206
5.17925976549176
0.352185888762636
9.39971037312553
1.5543240329788
50.92850953219
0.56622121914059
34.5423236001213
0.315136019622309
11.939655257076
134.843275553266
33.3309970787288
0.379202126660083
4.38315499174932
1.23841842030735
0.356140850058291
65.0360815996269
36.4724164110225
163.553798708227
14.8498545889915
2.49162025932936
38.9044574051161
16.6660566963848
23.3101898740671
1.68890576194545
5.55364565089611
6.0381123675152
0.381520121669209
0.259994546850323
60.510585984121
6.22479702410795
3.58017691819735
20.9744899612354
7.15273862469838
1.65673471749745
239.184553902896
18.2726465627597
19.1941147980314
2.49478127470846
51.5010565352277
5.78876155615384
9.13260456740448
2.66688930580943
0.938101267040808
3.39349631062106
11.0162058358786
208.337779468655
2.39810655993311
76.1861621000876
43.9991810552432
16.9347342494569
3.19659368501475
42.6653052366976
14.7698875654863
20.1953526974183
16.4029841654975
23.319182970481
1.86124979385036
34.6788671072376
22.1391427513574
18.9582530762355
122.759872115032
1.81631158477415
7.46784561722504
0.848764663145779
16.0456378511413
0.808618923395996
97.4357020240164
0.608780076636317
4.56805717865247
2.81006934955402
0.942741140986293
58.8728797680688
0.769982582288559
4.31321292449996
20.6133005441851
20.0399960751649
3.82665152429882
47.3988987849453
70.6594217380987
11.4969131388706
3.14691806234567
26.4193413848634
32.6237554185514
0.693645418776824
8.48886080998846
16.8748561916061
0.289821834781706
128.202225326261
0.79610608186981
77.1604034137413
10.2966965567439
36.7804877833962
67.2824014840075
49.7383247138085
1.0298159889848
21.016557191937
14.0389712985361
13.3395820218745
5.76570374297623
0.787946678085198
23.9002273005535
23.4310124468712
2.14654206309386
3.63092328275697
4.04614816733603
11.4949094576468
67.9262876877377
18.2777164540428
0.574450389641948
72.3359401056075
5.43992991839723
22.2670518833108
0.987033085289252
1.27718149535337
1.2203778254501
7.54150538141662
33.9306037118193
8.49374921910001
25.5205597142309
20.7068494699208
24.8651011425189
5.99345684192219
30.7854497227276
17.8655052238948
2.95330835933397
25.1753676338895
116.970544766668
4.41512261225244
3.73323395301348
6.92934567259757
0.303066366711981
11.597913431222
214.948112410693
13.1749214870877
70.848384321376
2.76317259419797
22.4051548783298
23.7870102082354
32.2872628496738
8.93908656405182
39.4283488439313
90.2634763211657
22.4613997156104
17.4243201225732
40.109207603371
8.21492959851789
62.1307753692525
2.52116195051084
35.1279443514446
63.8269823378864
15.2599340512068
23.3590875329256
118.011469132943
1.62729082458404
23.4154920204954
42.7007300277158
1.07438958865781
82.6175431009906
0.53185953540029
9.2920128428279
4.84599449606533
3.33584865905038
17.4663928515383
14.8663373842171
1.41740183612104
2.22211193256056
0.400519848562494
11.6175490390569
15.930583380765
1.19505496021169
30.4594549716753
276.616657674385
0.21834622942705
28.5979120893638
4.81881701405156
126.252315302664
3.84696776687857
0.575731409619152
27.359062594648
21.3182623601016
98.4223102710101
0.761056945617992
47.6353255796343
20.0434425756825
2.45304009945644
0.535492540491875
23.7009885474222
8.88768434656609
1.20226647595128
552.758514410139
10.132707241503
19.3575303274166
6.95004479048641
2.69676768629054
40.8608898228129
9.14133006569858
0.785643979579366
2.09524320815318
18.7650086322023
20.3449434915444
6.53769435393025
1.73409353465669
54.0623064386748
11.6449492915442
270.937486760576
7.67059777851309
0.816565990753886
2.85893952632867
5.08281162873873
4.73947725005732
143.813074088388
5.66828111097571
3.36654528867721
16.1133158083133
1.77167385672385
5.43059271661047
66.1248721988591
4.97978796274141
17.2551189193007
274.56491990556
13.5612082815943
1.27672059504353
0.489836513743944
1.73251925692695
3.60990949899703
41.2726459453946
39.0388874239838
0.299095131067484
1.13102366079872
30.8336701190492
5.79776894867308
0.83597435739852
6.01810275096633
14.1431964695801
0.450682736171703
7.85216606089802
40.4232533865804
9.94191978761387
15.3295551363971
3.469231838097
0.583675645657513
0.198796126033474
29.9660464283973
87.3170459222028
2.49243417023024
61.4928324722499
73.1738438707081
16.7434490260784
58.9969121557051
17.7310416558054
12.4729796999906
1.2358126937236
12.6613495895403
2.17439654832176
10.8539942527388
13.685992846752
1.79830800448646
1.72214559231345
8.03613173906618
56.729253407918
0.293561589951642
149.330611425381
468.282355754926
25.0947222158142
0.796783444185289
4.19359411920647
0.577843995389414
1.87697521056875
7.5352496720414
11.9936775385692
1.52384379337264
2.13055250536332
2.42055567054057
0.438421828480856
3.65960164847144
0.61563486216735
14.3789280629845
22.7306868104012
89.5572965882309
19.1812739840766
0.319767710992824
1.03899084989646
8.1118049903234
35.5337321893245
2.63647434825733
3.78866513707093
57.59805897753
34.2697895540604
1.87628703079517
0.268232527597886
49.4645471261277
56.2081309274154
14.5103858519553
53.8463315146603
33.4026390248141
0.621670292673058
25.6067566630827
60.2234783036792
139.003389874349
6.68680650653003
57.7265072680283
0.322082814464652
55.2845524791646
0.783066065118596
6.48687029053668
0.680348840095099
6.80503738483424
4.83219282366023
35.3503891449277
8.1699044483405
2.35616711250415
19.7243619187085
20.6258994166802
5.64601720917432
1.11054812667939
82.0935270075691
2.58220689486784
41.2614291245875
10.8202490922562
0.869221668407882
311.946246607198
17.3771381759714
32.0750457221074
6.61420354448507
31.6385372124629
14.0448361405708
0.198671134525724
4.34189706641018
2.26776129785457
26.4722743135751
8.44545904240829
1.07727422502158
49.0720396993864
6.70227894013473
19.3304966128976
12.6892572926096
4.64422989664529
3.23429136039983
163.640745926194
22.1413513232243
0.297089465902502
6.58497665219651
19.1782030732129
0.562391227670939
5.18984799928906
2.36201256578953
21.9204131422196
32.7280065648375
3.24175472862636
19.3969155026383
30.8887623600287
20.7509649156153
103.961700249985
24.5771319928899
3.18142668632661
8.96717523700819
0.313514709315708
13.8971881533014
367.041475563642
0.436571795545475
9.32919339612085
42.2853549823715
0.383607886255003
47.6928576958783
265.41034178531
4.90053713186422
0.344331392579805
132.318548436606
25.3580718764505
69.6886985281759
67.6592805317362
46.7298609238188
30.4252082296688
59.329124944435
0.706017745461893
20.270415864448
10.777551183158
7.55791153174673
46.4050922305115
17.3017917577677
1.06739433748681
2.19199412020113
15.1413592480827
10.1691021413494
33.2656648501675
8.69131040569621
80.3295268871302
1.42928454557097
112.600351106922
0.578739519423475
0.524231790720303
45.7544711923493
13.8730756751985
1.40860844101795
42.0385162871717
8.32994092105227
22.5878786845718
1.55107687580985
7.79511862122913
331.162587933039
0.228105094302682
1.7439890842092
0.735460126273155
15.0031787720898
34.8850091843688
87.1773826161331
1.5494953237488
76.7571068220045
1.02769338921493
31.1116028952646
0.665390393811142
0.274591262499073
1.59780019414886
2.03412522606581
3.56370130758883
0.197527301719638
1.41783046068633
194.031629594384
1.41318301400134
6.25404122036065
63.8330218933743
6.03890967832226
10.1888496136076
5.24134041706799
246.403159762368
7.1255323991002
7.02134749168799
20.5332483709567
22.6463371889729
1.66018704378923
43.6908750005783
3.29518139701275
38.2284495974955
0.800951177626062
10.8913922077545
0.757775800298619
16.9057473263997
33.8429117632879
0.625280369233012
2.0014212403929
17.167328610429
0.622806647657932
114.630352976776
3.03621765480634
0.39490190214753
3.01474102882636
1.67722289888814
2455.01114336551
4.59520741713364
86.7017617340372
22.2686977523828
26.1240015248595
73.5380881046291
0.478366302091396
1.24077102190582
0.755907833068258
9.21255999473428
64.3562925220218
0.308383374632628
9.09105690998639
17.5399732884071
19.6005805548871
39.291434744083
34.4791362517712
183.274901471052
44.8526356248495
9.6310728130554
18.9672823961211
0.438138092186572
38.2470572826417
0.535492540491875
1.81498217554751
17.4714903264452
5.54132869569908
62.9480966326668
61.3259591503207
56.1093499370289
86.0696186115261
39.6890933974518
115.734318794479
20.3142526199759
1.49653071882621
9.41575899416312
0.571612060863545
22.1206564362312
15.274052821179
25.0697849363356
5.54693653728119
0.267271750607595
106.91781401957
46.7803099690905
14.546050269922
3.51134090195859
1.22057915031487
9.06980682157638
2.78837804312354
5.03901940000662
0.868227823366358
0.916751718063376
22.7700414767525
23.8689242162817
7.69942619344945
1.96208173490573
830.069895403865
4.38961137729727
0.19999234816097
1.83023046187268
43.9325502465698
3.16007101174364
23.4718934854282
79.3854987470493
18.966403429481
1.84091740346711
1.89534675724064
0.252443631091971
0.950279794057501
46.640147532102
8.44033506970149
3.5583293255535
4.18866653872773
46.1673162370637
17.984282457813
4.42703156387082
0.310128331870957
9.20714201977899
7.26650604072981
0.634859872177962
24.2456637523261
0.839534139793024
10.8026499448775
0.489982623925816
4.61242660720056
5.98681472637486
68.4238165138603
36.0178436757945
13.4769637236556
58.0463948100395
7.13876790833263
0.665977853621341
0.563122482895444
0.576974925413418
2.27321106945711
2.61768506809525
4.20513024244862
34.261075185687
1.00404063312447
0.342240761391774
1.62598427646303
8.83785832666129
9.016912622743
0.530897099437811
0.763091227761643
2.39415346783049
20.6845009430365
0.224861606999643
485.248865683203
1.88277503189591
6.59322631504753
13.0772891900739
56.6761533746721
44.8914720245188
65.9766737323792
0.721572280065705
0.268037729520677
48.5463065434718
21.5265074745423
3.370830432203
62.6439576405073
6.63284360897039
0.666419519295516
1.50910367856945
72.1386926973238
3.76778310284209
18.2037463780467
0.469722308924926
11.7753828110096
8.79306448389585
47.6146274813631
36.1727437061919
8.63225398843156
42.3023538779513
77.2543285289037
2.08574155014795
179.865981589324
7.84880150714432
65.6288441920133
6.59183441792695
22.2006348342433
11.8983730539957
44.2240748207244
8.45998938327081
14.8723990753028
19.9200865820871
9.09611723313288
19.836713367064
10.8129481121712
10.844159597957
8.16248110342084
2.30422215469966
0.757486220006624
66.0174253788528
195.846570778045
1.36391145171918
81.7601556063849
31.6116358242655
0.449849393825518
0.444077239526931
16.2062846811079
157.858077994264
50.1622213441985
0.535492540491875
51.7903691824253
11.1033486493416
14.3297419841599
18.0171515515472
1.22694646109118
32.6893958843561
0.520084194876643
27.8414811605269
15.3830058669456
12.6531614622755
22.463450806838
0.62582137208231
1.51527703563285
1.69583626042461
0.507305302975567
26.1172355381481
0.79577662375096
26.8783042502244
2.81771416100489
6.75716872765249
46.1208097096774
6.78429366049738
0.673593125679542
45.7872269316106
0.313686372061798
25.4375404435437
23.6841452516676
20.3542244623357
3.82157697737623
8.19361141575341
25.9883125889646
0.61607379610316
5.41249469388676
122.093801323864
0.782593823117165
18.0785363513498
17.0656471380223
20.2841232380518
20.7336021951714
2.26241269372152
19.0884897812965
12.0108566261823
0.481075677416178
0.327789555162176
37.6652600115244
19.306166754587
1.84457325654174
1.24317524408981
24.1731089271559
27.6240652336975
3.03545585297082
563.639066741149
1.78374450820878
926.864624321023
14.8732952502941
1.02530792446466
0.361820998206556
53.0621249619523
13.9634170263159
86.9890021351507
0.65182654759893
3.03757295190544
1.66066389082153
6.18033323295384
6.27435968120374
4.71035208837582
1.46695366241755
1.45500825798894
158.028748962968
223.975684865048
12.4346987958919
6.93005539265349
1.13807444785175
3.87067415320746
0.468151941554344
18.900780266836
160.340467712539
8.05576796439664
54.9514528994799
3.16992192936968
0.172773387473562
2.00423477191448
1.56657058480033
5.06628104906742
36.2648916205885
3.60685234681428
11.2300188462794
12.1135896853755
35.5866662487355
3.33686407057542
0.422773266222086
89.4981810446316
94.7648491587576
8.33341698652973
40.8511392689096
13.2074364499475
2.73772527486119
16.3734676975164
13.6120467818878
60.7258498910953
644.375517288853
81.7538774208291
17.6399954974312
2.82162346906811
0.484563568941953
4.4921170714385
10.5225359292188
19.2007063546091
0.489455874692757
0.579923405926072
185.860644076598
86.2080675809697
7.69362669627114
51.3410106667055
11.6475424509031
2.04417258056388
51.587014054877
5.62861605301637
34.1197829185595
10.3949527209301
8.75458589583272
2.19013747052293
92.1254200937984
19.9803753968563
11.2265405773125
27.6724634888539
78.060434122694
2.70620392774486
0.713368748446177
23.1812716648824
0.695581180751658
1.96109798383798
11.1412450790816
200.992534951177
0.493455464392007
0.783113223114747
7.96296469745852
0.982752703929293
14.8261894719201
1.60006285653051
0.485902330158964
3.14399859406567
1.52234393378498
11.6602222230972
35.4194657573944
7.47736351480958
0.670667708047087
108.391533317415
480.343172660517
9.17971768022531
15.7956373893381
2.56362618990898
0.425809220777307
12.4355772587653
0.380385245974409
74.6980072329391
2.07997358066938
0.849189397089467
25.0430837154012
7.7442081122501
1.55198019653509
69.230355428418
1.24482275208207
11.8161982425619
0.225170719025899
11.8603699953913
8.85918754794237
42.4934484054574
13.9596207938918
7.75037112666223
0.799684649222
1.20436775165655
1.97340163384504
29.683571474331
2.98170933590766
17.8683504630324
3.13236408369266
7.77020984729833
124.501932862379
24.1146265612495
0.908275548806329
0.418867867199306
219.490682011791
4.51713555691219
0.454680382378887
52.4931221367168
10.8997266916573
5.21423560131486
20.8199629375625
6.55540710896228
0.300693881942646
2.70997186710681
8.55502769340389
5.20492458699182
0.670758616448928
10.6622763757985
2.81678789804253
11.8852484820107
2.06859242882578
1.75881665395769
0.412830358614933
0.880756997826834
14.045427809576
31.1752662815372
9.24323198394183
398.541970078624
5.92842286851459
5.88028897394519
4.68759373916073
34.4723819678938
16.1326844100557
451.324467768865
14.3458178741599
16.6429147560207
39.8518753363241
212.511132640432
0.580026183086644
5.23623385726749
14.4420913896319
35.290470455369
3.82420448632573
223.621609970993
85.0470348187564
92.2920396647075
8.10446471961992
3.26685424371807
24.8042149008222
4.39753632315449
14.497678942065
0.356380200079767
92.0692215861476
1.36447506218859
7.62146070006283
0.882281540816859
1.02644095385319
50.0024311105021
115.987872874798
168.238495390962
4.13286062104163
2.07774509222874
52.13426429136
0.217808442120652
77.4465638127562
1.78060869976974
161.546005757477
42.5305412895451
14.0688127464154
99.8491963169943
1.14281421514606
33.9354450561335
73.2756122327023
1062.04578590439
124.455677020502
0.304368600422488
15.0557497634094
0.7026707825027
0.442863211961663
107.64103130847
39.4896694933813
0.959645073843927
106.455037778685
4.20091204941257
1.82359732006348
5.78637921014967
32.7627074763198
6.77158972375698
8.57292516875236
3.83806282230104
11.639025972975
11.668063999402
45.7933932633015
0.675223666116775
19.7456266765198
4.62419292857662
16.2186929387709
24.1636213746336
9.72873363719743
0.397851477108744
16.4587216667011
2.71501460533757
18.0069628866892
0.704039630844419
9.28767101823894
43.351170984288
3.10269543717783
0.262337793652304
3.01231004207269
34.0070529032311
1.72734126510793
0.407996279848865
4.59426114762763
71.8732820141781
8.05329390419664
0.309387389764883
27.5100236509597
7.66466795628956
19.4365086713316
56.3411382633089
0.268330677275675
0.872593556439835
6.49959271003472
4.13246788665815
6.28427154236711
4.17064952836337
0.502059014109138
0.535492540491875
2.31261613757993
45.0366621527764
0.564598241860191
34.4820173006089
55.1067982511432
2.09444190694473
3.26692423407317
0.374493607128267
12.4713201753054
15.1224008450479
1.30398260170105
7.54213237812905
128.612809761746
4.63408795538952
18.8414273753785
12.7214439684992
17.0583809041906
128.300204988631
2.12410659539121
8.34309779357958
76.8026545235709
12.2297465288473
5.33122735995028
0.774636049254601
28.2151513186053
2.82209029756297
2.02622363919057
3.40754712473003
46.1195294961086
5.55782238995937
0.350080805777032
10.4372998483119
9.23864618800437
0.620632094652452
1.20020588926317
0.250766732756336
3.66991838205509
16.3477090319177
0.597735486865944
25.5817141821667
25.9707759301278
3.91049633583544
0.49133132330146
8.11459963364314
0.815550177947937
19.9728846887917
18.0537095326878
25.7342872498558
65.0316433350303
0.886552914327674
27.6752612586502
13.469132240839
0.183350772901215
13.654071192663
13.7381925137412
0.474990596017976
1.75821665972698
31.142777243229
6.57719893640042
1.8557272580588
0.22943772019303
0.619490133924722
0.822805098899166
18.1707177864251
2.65806404566629
8.90769455875823
32.0686110721773
4.99182321066569
123.048471327572
12.1400499453784
6.57486093839252
1.24998694524589
0.88037810652939
0.577133843995428
3.20722823931622
11.8674169041881
0.576336292248705
82.8273822385818
5.47813554581223
3.40009900479999
2.18488417000981
8.32931959858934
162.007534681076
0.95062008039407
0.335760601172196
17.6712695868956
0.629470834653179
3.03669831503329
108.738923867548
17.7373208607507
0.894521987525803
0.490536808578477
0.663243574073275
3.22001207612378
38.1214478513436
39.3535709904585
4.3190382632037
0.632934455108942
7.43644768902068
49.8969794349469
8.6066277235193
5.65307023546387
7.68462361930175
2.62360518296005
10.969474519378
2.73627150485727
4.36737549705775
0.259794826403278
3.40250284305188
3.42136064538094
4.23619621839018
0.893866921035364
72.7165693487634
0.717091733884074
4.15421965087486
9.39952326207415
73.2088809999883
31.2996220632427
7.73639966323213
8.69791384910058
25.5831278042165
82.9166990750945
0.387495397719353
13.8593253369832
105.31560343759
81.9231276056527
12.0568197571523
119.951331802845
1.4691201702248
4.62486647585081
5.5497969450758
1.33535232013312
296.311087950186
15.0451662086788
10.9399843168842
3.10459988690389
19.9950918247223
34.3445796119203
212.405447480635
0.310592267095305
2.90852299424983
10.8392175722891
3.67132207506122
40.2101109517644
10.8001366425734
37.1945398608768
22.5286802234278
7.92386740479421
120.517557972063
15.9658938243329
138.145525529656
0.525842986517655
11.1250037786844
23.503330787922
17.1317727935326
3.28448714132332
3.25531760311834
6.48890417496099
3.56472996164581
0.577608573307278
2.33432490495059
13.1756911286915
6.33308815102941
0.279917077805916
2.73392623773613
1.51503016026671
0.618770399843034
26.0359983658294
6.55679284406824
92.0020345126031
38.1086440970668
21.6881916185936
10.710549796468
12.3228090561797
0.445302871149175
0.916953524213801
54.2560480748107
0.644151046778146
0.310861754804549
17.2427099651209
19.6965560109548
0.653981654448691
0.551431054925097
1.22819103661054
3.48795192103927
318.598178392896
7.92103376146465
0.535769455167663
18.6802307754638
6.13217244102041
38.3294318686397
0.960683690782095
13.910600676614
15.1143823976134
2.3543243898931
22.5657076569279
66.1184982093135
151.084470892875
0.459598005538447
0.462812554184124
0.842422270636961
2.72685371492891
39.9399503785321
14.516495095534
14.4662865798976
19.7344599984756
21.4468430348335
0.623422264945161
0.670081653459393
4.75382340073455
21.1760108805865
8.12085242265645
18.5289629554297
0.347352125452211
20.1639642211588
65.9308241283501
42.5720815042608
3.89913548582751
3.95371949890644
11.0603923182682
19.5935857782338
0.940752360495284
2.57064809764206
26.5566067442027
0.324905454629702
1.09509238120427
0.353344806164647
78.5647894351967
1.658012685708
196.8368567706
8.09009619088561
23.2132237293834
25.5926537414343
8.80751201775224
14.9793826621712
5.69590522945095
119.153575386539
8.03822611218674
186.253995102029
3.21726125798338
40.5854195270457
0.344089107970226
11.5148357077192
0.538427959092588
13.6670386701528
0.698628252474495
0.577580151557423
79.5324237101701
0.53980781249477
1.0918074530753
4.79684178358736
86.1706360177575
33.9679244018596
50.0728033503331
26.3969849980115
1.38390271963349
33.0138603757551
0.709987980161459
108.730301027816
0.185260706949522
4.59293619729579
53.0849712666526
8.35896995597588
32.9762599518853
3.59420198939279
0.360663532875294
3.21411380976586
2.94312297676427
4.41790773731498
23.221382544568
6.52196504224609
7.1164570843986
4.95220178951638
32.755748995778
0.331141117531912
1.359767607379
15.7949243806015
0.257291431065356
24.5983218200527
54.7522926222979
4.17455343801039
2.19776415984382
32.8251424353708
3.85618998334542
0.342901992702385
2.2745059415073
0.851748694062334
49.6659172377284
168.63344982977
20.7652531066538
1.65249566899775
4.87613904464684
6.02958757900069
62.0261136415856
9.33694991234522
0.223800306835582
22.7129878648709
72.2403174382947
59.159560632111
6.58662636253487
0.563541645806692
2.52552681625679
25.3167791643745
43.3197035488874
1.55881927278909
58.9866263643711
0.499443673911686
4.53832762066566
1.28784109763532
26.920375598167
1.47110285201155
1.24596031281832
20.6288348507571
23.9028422486472
1.53714125380156
0.326486350288367
25.8094230883631
0.649963526860243
11.9851196840896
1.36503096498561
4.11739971272781
116.528909506146
7.55517570911707
0.535492540491875
2.54218770190994
62.0631905997068
15.5961157982739
1.33390792982227
74.07422350412
434.719265115502
5.36999849606482
1.08958769615052
63.8204961931216
2.57449729196377
7.26315187605026
13.6109080909312
86.1438039016297
30.5353980744926
0.266979959337988
19.6376561858617
0.704667699429499
1.90473367534586
52.0833435384698
125.251545350172
3.20243770207216
0.676452680788777
8.26155128943916
1.0159589762858
272.285822502211
4.37307108895058
31.3441598028184
0.532963995817686
4.41288096821656
35.7086593343651
5.98406022562871
114.682174736651
241.219374329691
0.34563280296458
82.3691884468054
3.27042060878255
10.9133885909533
12.9319168308813
22.0913219806798
4.12012240937338
22.6271052607558
3.24388673054445
1.12915988091283
44.1980517249571
50.4905433992561
6.81003513429133
40.0723497283277
0.310321821465976
0.640000700137059
0.36848134478119
0.801677563319169
21.0222195507859
20.6233295164858
2.752031989821
5.87498939891859
19.754148760424
62.2811035634342
2.24482891723709
1.72553360672404
3.61024708549528
0.26214541211393
1.15634331567506
0.188233826470731
1.02832005183388
3.62130020660863
0.768824706147
1.01869269069375
0.209588365240369
25.9234103136501
0.619357812814493
6.93564263473533
0.88401354669688
36.9565053943842
7.39066701966394
0.448178433325818
42.1758470091934
0.906775980650302
0.741102734040113
2.41537691735287
1.23261433807427
0.57591867827178
421.950515965843
48.4614569991339
1.86976779716498
134.85160733369
0.954732715400096
137.888154145685
0.764556237607383
0.477059728546261
17.4650111247111
1.24274462331933
0.225206467356608
6.45589601870558
0.659917060027016
5.66009523958294
11.0826231876962
11.1893343970303
3.29611261377548
18.1198171685543
2.33551556274318
36.9098442656311
1.19875393920779
6.93497775280806
9.45168776137628
42.0772208321003
0.849241581376987
7.37887055423844
65.2647312717859
3.8245139588861
5.27956178013413
23.2587076168413
2.93063959727617
11.3712006057043
3.85967809817895
1.31865709927458
2.0034307824854
17.3484489258176
1.1463492093505
18.2049552625975
38.8352967945823
30.5036646617503
31.9542336677403
0.216355152282597
0.492344471668394
0.792905358132738
0.800012369135033
55.9964046244517
5.00912148524758
1.38254885327568
15.955250239506
12.1879764936647
29.1311738266719
46.9046561214875
4.35153051304691
64.6660793067559
0.26551947180106
4.03655636955074
36.23219818943
0.401484430147299
18.6974551493468
8.85290719403838
33.0018786382288
3.00226270235856
0.426019977762438
21.2626292741086
92.9093111095707
5.33276915281033
0.804508023575264
0.802450884758312
1.29231565680353
147.829226900246
1.60752156167732
8.94408736563504
6.08571919073773
72.823094556767
129.522972075497
1.07233612596681
0.432387054859994
23.7594162974492
20.1131875498522
4.60326714731079
0.535492540491875
15.8629482900873
8.97848240041656
8.92510286330141
2.30498823898763
6.25699701049583
0.969404113675175
2.64056102047937
1.34298569328123
46.2903035123172
2.18389350314357
0.488543970314477
0.619957421691093
1.11530538061152
3.64738767454094
3.24774542642575
8.33271576619294
2.2244448187474
2.96252399821244
0.43038501226451
10.9393971338189
27.4141937308908
0.700946895292606
1.69810674223879
21.206960850772
30.0021384621213
0.886071142587467
30.4291862051012
4.95622013943505
79.4565202381429
0.632553478294566
6.23448742033502
8.88198264910766
4.50907957269109
21.4019149422119
0.930970121023328
10.754807611029
35.7822834027128
0.666443344446033
122.553197674633
1.62148415714731
49.106627337431
4.30324346018636
0.48817048869521
83.1594129257009
2666.53288338023
1.24392210447126
2.37291063558102
18.7981838478847
0.588465025891671
10.4440327914407
0.993091458307644
288.005283874937
1.5877518035327
3.19389850908232
116.620550102363
16.4857570730511
1.01735507453354
2.35612859272178
19.1587431966389
7.84860059794976
24.7314645680325
11.3077931255012
35.9813581594574
0.361498745032388
19.0909463708421
0.553265551221025
38.5953835252594
7.47122285695322
84.9187151732392
4.49981202002853
3.02830172418306
81.1221937416667
12.9417678612575
1.03091952562468
3.12807375465452
2.62258205886968
12.1680609211108
62.6231163253941
458.865713852594
1.73580195470261
0.754576740592525
5.97662083085072
0.98391058224496
7.41156582656105
5.86688010552826
0.301501824377803
11.2376787276725
139.986286162458
9.66691736653096
29.6920971878664
0.493519495814778
11.971794425428
10.0065188060394
4.28686109865592
0.356513275462645
0.599692215347851
21.8600927726479
0.404446225809152
5.48176712411812
129.711902591097
3.47972591231169
16.0586935444512
5.4063358807433
6.27026982601224
0.735684947090163
28.6120382791583
9.16868296725896
7.43832750184277
0.710320762927626
28.9287117546083
0.789953713323448
0.545172459589323
69.8275875663698
11.4927772188334
5.86564180633141
6.21775744533592
4.80284678023442
0.349908975254981
2.85797395401321
0.488656828837986
1.83056585517422
6.15324903620877
52.8296296697629
1.86234177063367
1.52849004778105
3.25614051625583
27.8056624404106
0.666341531309625
3.47509329819626
3.53493174730066
45.567143554065
5.11672314552734
53.2932015081276
8.30654739994062
0.265398530829637
4.75366446151802
66.5719899749057
120.512708681071
5.26665654547696
16.8665235650124
1.1577159293658
8.75158005527431
2.86416070585233
0.739975191802634
77.6207371926549
0.841796986501043
22.7945943232732
2.00825905040944
13.2253466028735
40.9588494791639
6.9325651648799
0.667340290252701
1.61152287334696
7.60091910190646
0.294753999593127
450.184221816534
0.49133132330146
15.757796675512
8.97370256451994
41.4759348288234
21.4876650416696
51.1940541503456
0.791292488568532
102.249228137064
4.16600944244584
0.850071758934597
1.15354684297451
16.6303007571654
3.14677427957472
22.2869156199557
3.05698177138605
7.25885986783763
0.708480298026975
24.5040657155944
3.31705240502415
128.977922760557
1.15372540966023
22.9151208109818
11.4794200552267
3.34448835690784
84.8978670209615
7.24146911939674
0.937491725505984
42.8958631738386
0.57994196251291
6.04666359345212
6.9775631948074
150.207624614588
5.03154941197326
17.759856224247
1.60126741614923
145.54493958257
26.3337105628019
1.14216757781732
0.220865787451814
1.29905891473258
0.270173213335606
4.50279095981934
22.7490081207111
55.4018554141728
2.66844295822707
5.37900814551199
22.9423221452275
16.1759694035249
10.1217484300593
12.3949979000903
35.295789938522
56.7745831901532
7.18086322280741
5.52868949564962
8.33010689807172
0.754508287236886
0.249418332437334
9.99353665212703
12.1231307284642
7.04431493100323
15.9673521140602
1.98828993695336
95.8704024916716
1.20499390240826
25.0495159143279
10.3939045307615
9.36231531437814
4.26284996357465
129.237195946051
96.494521814332
13.5247057781237
0.249451305886291
42.0079414960251
28.3871549224156
0.493094766095415
3.96090320775022
76.5726105204909
4.08312571836507
1.18520160113763
1.58203576364863
0.220076685896261
5.62571192394182
0.301193136167663
69.0248107330732
0.462638730170561
14.9630034621159
2.14208403054511
26.965705516245
0.346144151552924
5.2335623873945
40.3608936307562
12.8335950243574
6.48386706352016
0.577098048349804
1.60540756855036
0.663753869034846
106.215686768961
6.46602218601126
2.5070623072742
12.0945129321824
3.87081483015388
9.48999566427732
8.58922952052082
6.15556268353164
8.19899186431628
9.27307340364756
4.63501559293153
13.740413397594
5.53727405934569
1.99451954869018
110.787525561065
1.07098508098375
1564.63457519538
1.78423739718171
2.26623225801173
3.04675848992919
3.53882473763492
16.6692436827513
26.9425721099568
4.77417389325771
19.5388416404028
0.445673067722785
2.13676206162601
5.02726261225861
0.887943084245955
3.75991483466337
17.4613046991319
18.9939293219201
4.81658114184688
75.2938440452443
1.24680187467463
81.3180427015606
31.5103547291955
2.96967016801085
34.7147048466686
4.84771879242336
732.34248888212
100.700735958582
1.29144908200315
34.7254384695241
1.10876702315397
11.9572233730269
94.8845724606294
76.9100712679899
1.56025876681114
25.1399194772247
6.13094772897946
0.352170468775874
2.51352499683697
3.47448107369497
3.5916440133601
0.406178757768822
12.5793514370042
1.16165377723136
10.6266898478728
68.6796612561321
20.6769481940504
113.192114756741
5.16413679984586
1.44882437749626
2.93061930184987
10.8574907700424
86.6158072320792
24.4378268252068
52.0356840539983
5.40055736637717
53.083499136582
1.23933128520342
0.445449880547992
247.175031471342
0.361567204314523
2.08767562364344
2.12902822834119
0.713289442622512
3.20280771700706
3.61210766159037
0.267251728294109
2.665621953115
6.9309747224371
481.634007092622
14.0929877536671
274.225985784767
9.72985250668906
8.09145421797429
1.23050951065504
7.71894854077164
1.83349581322052
3.03675870292493
10.3716080525324
12.4145303017084
2.88568621919926
1.41560999938637
58.048727686763
121.580761968607
0.676405238279066
4.6657490204788
1.27361540644183
4.7284543215307
13.3143556767596
4.62571716467802
140.531265038217
1.94272604305095
1.71344158641407
6.5395370214316
7.33337784286328
0.877018212294455
5.09624296219449
11.1738726073383
4.44014842677862
3216.31991191639
2.84466009460354
10.8054292125693
12.9598391727336
16.8104810177151
0.684555189989126
10.705033874867
11.2296416525625
39.1401013750134
1.56682616485898
77.2893545383724
35.2031526374042
1.41780342520864
9.4087010314944
0.717165478821655
3.96720246704103
6.45828584431998
0.38949647668122
10.4725478988229
0.339776073140862
16.2172398761092
30.423916130638
1.42949327322509
7.46348782783547
0.220864888234868
13.8875062896402
3.57454140889417
1.23602886788201
1.6925500144359
20.5359347316734
60.3593422050684
13.2924991306674
1.68849411306932
1.90927036169964
16.9337181794432
0.483291667388636
0.626975809478955
16.0916014186065
25.0136892881227
11.9383176307208
9.89222090700634
5.47942273086758
1169.8837123143
0.34749620196532
12.3605649210372
0.445449880547992
64.6629964898523
0.306153218238986
0.984519478105333
3.18104203782654
13.065557681971
0.214369579519699
1.05261508776678
9.69790530051307
148.87916968309
0.534174393231598
1.95179262959829
2.84707330453357
6.02318443366577
0.528278336458735
23.1401209247776
0.395477580531453
4.08123618045612
37.9259150345121
2.32565794401635
5.62911755537445
0.395477580531453
38.5767076291478
19.1674967418561
31.7906502403329
130.59308421651
184.846099690842
1.7309398593927
1.27891877613473
45.7387201547318
36.6376450793068
1.11376440737277
1.96088686916711
2.28339789328026
13.9894399153314
112.858011017492
5.71839184171041
9.85803926215028
3.577992414705
5.40705125305266
0.369191602306315
0.312686941363229
26.5710797259269
1.74964184249859
7.76520106180926
0.914847878148682
2.43205130196307
0.380742537164694
48.6546658950553
18.6491013231864
0.218229325217666
11.6623232583354
13.4706078694435
23.8550554582763
0.527388405038674
2977.21331047464
147.998682401847
0.269363196350928
42.8150334987334
4273.68519196713
0.749436995148711
2.21571491528097
1.69622757583215
1.31441172190818
4.01464369638791
0.840947995204966
4.9106276637987
8.16546407910224
1.46591694523917
2.13490589044381
12.3342459486949
0.842027186905478
19.7838436021184
2.56425900831688
0.303772573009623
3.42801246200035
2.3251335318982
5.48020920564611
3.8524617143415
8.93352282146178
12.4279740127161
40.0682697533858
0.71572587104417
66.6765526714588
0.216980409292588
1.04690729524775
21.6496518531264
8.32819846388967
0.197165149066136
26.2019838288212
3.40411517980695
5.50551465305281
37.5617095464869
0.544990068469565
14.7695889180582
32.0739893646543
8.84354614529386
8.21070959295217
1.28471551889466
4.03324014239632
0.900968966027178
40.29534397074
154.291722516701
4.81447506735286
8.692544379909
14.4106131085944
24.8770101790853
2.49162663364851
1.28545304538091
71.460545410572
6.3319304894749
0.446449094898987
1.51714553630741
17.9841877282417
14.4722009479416
0.446495862444576
161.500797193159
3.67549703937411
6.30488851032431
2.04890212141953
0.519827214167366
230.86173821312
8.11669039012845
22.0958033211368
48.026976532508
3.24423620789742
1.0653949075191
0.65490622499697
0.770696506972941
93.8690230374298
2.684601255962
1.32598989794987
7.77042150442651
5.13723957726772
14.4682229800188
0.951984136144554
0.220767933593699
30.3332102444277
42.7028495142889
5.64565204391035
63.2034222798518
6.41381389090314
0.535492540491875
1.92665752731149
3.7009071024141
3.16443356079808
0.98515385395871
4.481147212564
2.94786695727719
0.491185213119588
12.0643296498925
20.1104145073895
0.35338930348448
12.7481665148255
5.26460199809237
4.86591607626383
38.1829191903972
0.665264851105164
5.796848350589
19.4598622831381
16.6452561281594
3.4170676930898
18.7974882854288
0.663046994110894
4.36954298998884
13.3094932775476
1.12384933653986
1.80764368412805
1.00944498179258
1.61473568643711
5.61913145818288
1.62532147634623
0.217688892047649
0.800483672841974
2.36829491637371
4.37339105680703
394.045464345178
41.0196097889307
83.8355212588808
0.312542419200947
1.48714867696498
5.12116817227721
5.83539327046178
4.75469681307441
0.875457368821827
2.04695219174672
1.45941476006357
0.516338569426254
2.30998411625104
29.8679868316798
26.3968146359679
0.218514301831392
11.6250497281847
1.49075750324906
5.64299496154749
1.00401066397188
10.1070580878232
20.8076904700551
43.0252208190001
7.3370456510058
3.32616128972618
0.622657559468435
4.31823144880725
23.3861006318335
0.399413214748875
8.46416463400496
6.29637059561559
0.759646580590374
19.256686222762
3.03120101106558
1.11331962959422
125.181904538871
27.8787763150638
5.54486731873602
51.2644670539229
173.980461349507
8.13088239317266
1.0227662274874
0.647142710025985
2.78710028298969
9.77067580899049
0.535643843521194
3.83189232285845
2.69266754939192
62.0785655145622
4.18320595299538
13.7439517804295
32.6400328112925
3.64463194515474
1262.11795191651
1.83325157879672
30.6353625642028
2.17466977875532
3.2888845498466
2.70373114961977
122.176449458592
565.558864143266
11.9514740246768
0.833945740142418
22.5520828527562
8.63363791847046
4.12399682714135
1.38294211461872
35.6158609533294
2.71368864340855
12.2510443974056
3.37653644766007
2.0957280923128
50.004079037531
6.03670286985033
0.245383885483528
2.67157200976062
0.313082689942805
0.625915839486944
0.287570666624744
11.7480450528923
14.433577860386
14.766808990865
128.282002248994
5.35215317042277
29.0752565928641
16.5954706004329
58.9396109502796
1925.03816709869
0.621791012054462
134.721308596812
2.61241881654057
43.9554958723538
0.217488191926894
4.77110203297832
15.1553785858806
87.8308754379693
13.7932836293119
34.6381712084891
4.106452350858
0.376441270569434
16.5716432999842
0.806833879920277
1.94614522345884
69.9424388494401
2.28344652211067
198.976757554028
0.447444731798497
4.19199174777625
14.1231127597236
1.12236029588537
0.273373871001399
0.399016825358145
3.86873432933713
2.31612654060787
8.68014066155227
73.1847710020647
3.2104648466852
37.5343680695255
2.12190353960571
9.43430650308325
0.662491419673492
0.885782406095171
15.7007051817586
5.19004495946711
0.355238355742078
0.671526676692302
1.07189962224806
0.27218916670608
8.10499775099039
30.4850508932957
0.833001057662096
3.22662749726895
9.6571012244295
0.62246105316394
2.16225838958689
8.73751219593862
17.0898131668021
94.7902875056536
4.06737353065747
9.17333181475347
1.65296890298986
6.96463635480724
6.33702765847309
0.326460794160613
48.5569500346913
0.55213491798693
2.42729106569276
98.5177474415975
6.70272975069927
3.32772585807506
0.51646185354979
42.107489684691
0.448702953728132
0.316356091466892
72.7316921993561
3.90298194634155
21.74666506173
0.868886976979014
23.5377007947141
964.098034288881
3.56154994522121
3.63741978053142
1.38298328572227
2.18232624327853
15.0194870634531
145.29834172164
4.42475670661917
8.51129084564377
19.7881655953997
9.44844567906578
3.88247296656743
2.04107910963101
2.65899911044754
23.9229268630178
478.165607890806
1.25776325960427
55.6165617672132
108.521861895828
13.1067674820714
0.294224939777608
53.7768030363317
0.219929676497444
20.3517984021719
20.5511879840153
0.450585113960206
6.04336704100113
111.91571629598
1.11129363225176
2.22637135780791
127.541624326047
2.30941729535722
0.556662081923301
9.90088845010994
2.24013159856384
0.444528970754948
19.5978011270737
2.46699619541192
33.9185719309502
10.9455192049755
2.18807514471966
0.671192228449402
46.5929667869581
227.538160663601
2.14718412583189
0.222571711070485
56.1931221712156
0.839344942287559
2.4700850227403
7.56167662268768
30.0937590124762
8.54373074614695
0.221365889302394
10.3561717579886
0.560553764621724
4.02566963775667
2.90517672842737
15.4816314618202
1.65891814661116
6.6950462559743
9.05871616963199
31.8400722261727
68.8922937272676
1.14413016066105
28.919483668185
2.84743486208256
125.988339752935
0.566517800938527
2.9894365082447
1.87825768756044
11.5836866320336
85.857347274813
0.653361118575783
1.85860447831734
12.5536305092506
0.247907262089048
0.380211265361814
6.34284662124245
34.9043636816106
2.94577324527802
9.03859280932194
28.7895700530948
31.4214156549195
62.4847739643366
4.6197805536901
13.404678235799
20.4936752654148
99.5527218980627
4.84895146941815
0.977006786822446
0.217973804022696
3.79251145801902
24.4583902997213
103.402265893417
16.5715957388883
10.9474236298807
2.00239976946399
36.9131393637495
0.620850775183184
0.677217405707291
7.56488022184827
0.618454406316292
1.19950146703392
5.67381748999777
1.02843019886594
421.661430589952
14.5611008027177
78.7872264058136
6.65587665476625
3.16619782934196
14.9498391407212
5.60215623504746
4.77579612290145
2.14025536230605
2.84749800892814
24.8878918897822
3.27838974813044
4.72244280281723
147.600302340853
7.68636629668855
15.6095785685773
6.59039182511208
1.20495147123615
6.45631767140645
12.724146914921
0.225723791314571
2.44897219148417
0.535881842556623
4.53810476633231
0.970430244941421
0.949369930305946
68.8455835194696
46.6313638827694
0.523718548682316
17.9669251141529
4.26080330816251
1.49820006304856
6.87427550537469
5.93885113986835
10.7924544932588
0.309380932244071
22.3069467506243
5.50745318227718
2.16467321439064
98.9082995675901
5.76100697707153
7.68305578660984
2.71468255351853
42.8829973175562
14.1289652661836
5.71837650540466
304.042075399392
0.526594087781965
1.75252678079411
21.8367006777318
25.4100952738549
1.32343376269003
0.628255229410598
3.91808815436229
4.65820508665993
84.0061150761461
19.000712126669
22.7296078926865
2.82641573583772
5.43846925105085
5.82328939261993
21.708195103774
3.10432374218894
19.7895344815108
4.65365706589631
1.32991759291861
16.0712802595139
20.0985423947357
7.12964191830989
0.49708508105369
54.9008159244925
7.6025388019861
20.9306436084748
30.538526524746
3.4678010027269
8.35922494986713
8.66203498320947
109.26115841685
31.5127771813776
17.1689186208415
24.6434591824428
19.5228434310344
6.01994487027068
2.49028123883933
85.2567210703888
0.223871705076744
4.60310240156925
161.514555413733
4.15908470377747
1.46264815428586
49.857058742089
34.9963158441175
0.265077604095536
23.1286630567638
3.03611866422146
6.29947219937492
1.81596569297842
5.82271180177221
7.39450041299751
14.7762929610788
33.5838788016401
6.70875107236848
17.6004896027468
7.47637142278138
27.9146356709185
1.73342048816146
9.4593893897532
15.2094970178658
0.215609175644021
11.9589784309249
7.88148783448316
152.651191087709
1.6376391078531
3.57908431065598
38.4922227977754
21.9704837095473
12.3436097128567
24.6615742730564
32.0838986122461
4.0506330840122
23.3930575282406
25.112247050055
16.05418682908
1.65085365135562
2.09094693084436
924.558751952056
16.6188969942926
18.2167566854218
11.7683255042445
56.9307822188587
7.92628802844691
52.9745008355458
2.46192493718626
8.13451443699751
4.59948927548722
10.1301861954282
5.2495919885185
230.407334215013
6.49075007683541
2.6651738929935
51.0889381107111
0.450134564206357
11.1178867928207
6.72326438590233
3.10862573537007
0.976844448424714
861.932612258663
18.655131368591
0.584601954960121
0.255211541758464
3.28160109496907
1.07696612043488
31.477873476703
0.488551127746397
43.5058622928282
299.637649449426
3.97189176009483
28.3184348534614
42.1873678956738
15.3953868288506
0.301447905629135
42.1084221265434
56.2832199472907
5.95887539392825
11.6370933807366
9.64905089116562
38.2051953954965
32.2480352146636
3.9242768937918
0.266812234084565
0.762161172938773
23.5708516709196
8.2945089425313
3.91063160286293
5.68943438715418
116.838872100789
4.33037051541695
25.4080996681631
15.7729135107519
11.8086627150563
17.5557599892791
28.9763146228638
5.24078695473898
2.74274237174362
5.48634830078182
13.8753762058766
321.595856562409
46.4849132416693
23.0319798244769
35.262638994201
0.535492540491875
2.78424644150074
56.0521703925081
0.423561171248779
1.44778532905834
180.338627239079
4.61499327137671
60.4144289373247
9.83058014109801
5.70766911084856
0.896469693738035
43.3851739718451
0.803256590526565
7.17523077492926
18.3503253018196
10.1331322130187
92.1023989806123
6.0573835956444
9.13087872908603
0.70585574413043
75.7280138584867
4.93843765730654
0.219361865030519
8.98831544993167
3.0114853733329
3.04615851524231
11.959200207712
20.8556240312986
2.45491396198949
10.3714364890639
43.6736740517935
5.37427783725012
3.12450593565847
0.896118244816624
14.064984844379
63.7202873177244
50.4822037813252
0.717164579604709
0.491279155971209
221.5589742116
14.6132847042739
0.538522426497222
9.87272622612414
1.08563596071266
8.11443994129208
2.34721850956843
22.2614829783875
28.1041071168233
32.1279769837908
126.188616713968
47.5965833330998
2.14281185017855
46.6829625218635
27.100274957827
0.849837401063133
6.81298543330627
6.51380826625468
1.95342631542162
11.6242390500791
8.55705142983084
0.87270954725118
9.58655096888169
4.67770491523017
20.9544885029454
3.60737686152075
7.25054128156339
1.11179541445978
0.886583487827377
0.262127766446938
15.4925459014492
15.7183414772472
4.36236448425606
2.18487532689808
81.9907050821492
213.947957042107
5.18056855776695
22.6886019121229
0.620865151846015
0.476882863536866
0.693503092357208
7.04257426747232
9.90400556241425
1.60981106237168
27.1873764385108
15.5025763457249
1.74990900382892
32.6306212560866
7.31830243461104
30.5619008029799
1.19433446656027
0.961207195823125
24.9406989998899
6.51038987711838
46.6550314957559
2.3553127687083
28.9889407761368
2.20220351402433
49.3782345614007
6.42077904634992
0.310033774392737
77.7622999937866
5.01778459509439
5.24575496934711
54.7659344780618
7.18782344228024
38.7205680595862
16.2963333724552
1.77963981886264
22.1706108167009
6.40750746491142
151.745148794909
115.428563698258
242.415767014321
17.0524055938657
1.40260206416659
14.6629299811336
0.402868763554846
72.8333877162436
18.7597455181531
72.7658424172435
35.0569537798901
9.56153540278999
22.2978211865008
125.609362886622
1057.41679639734
1731.22052654878
0.891817033782375
297.215076385942
3.69868617843768
6.80774927529986
2.05237895520484
0.213900862394673
0.758937405871788
28.988984217924
24.2952384363447
0.960819313033352
7.19496936386637
200.28515926217
4.83303874468325
25.7175919450894
23.8002877738278
8.29248336437655
0.677849062217882
1.82404782372647
40.030825590595
4.12515503853864
11.5648691938977
21.5797695148735
87.1179314950888
0.449194068929287
9.07156548560823
3.32968758552099
0.487713913974073
4.37117821283062
86.8315863838696
16.0176097452194
0.312061670701728
28.7403877056961
64.0864868971039
2.18626329691806
13.5528156623194
12.6896113708472
0.34347053394697
7.97580290260228
5.8129648883013
39.7161922053843
18.4515605324974
2.80661774580208
4.80956493358057
3.30312896586593
32.2871883912434
6.15283693795634
2.14220953490636
506.134932361054
0.516130307868758
64.3734120956892
91.6021080469079
22.2624146776664
5.64423692503319
129.572168958972
0.885767120284102
0.533310352794646
79.4587593947008
30.2869906066479
1.85171449630862
24.117754487729
7.91143499901174
1.31788184398738
7.61316501614026
15.7752927286782
82.48484643361
1.7298788391831
0.273501815116938
428.00297457087
2.47325373585101
12.0869115603384
23.2575280300374
2.49837718707102
7.71169408930563
16.8922317109997
2.76440643195373
80.2779324622891
16.5937085512716
6.29276232417305
58.5522936889702
2.55630574398979
11.3074539734916
13.669867193047
16.3596621779308
2.361925887178
2.06721045617091
4.17547423123823
19.5382906744248
18.5369140400339
0.488366427310623
9.23974644646712
10.7016525248472
5.624396885504
39.9454585080982
45.8642982695172
2.12434899759799
1.77876634093112
27.1985504061867
34.1060905665126
9.63917574441519
16.7166944641838
120.304023451524
0.534741704867079
7.83945642780502
3.0605000409618
48.7039517813219
7.46288434019622
2.54971941940466
3.66999247031759
89.4557281160119
2.2433748967008
6.94745801103281
0.768473523255037
60.8395305363273
240.8245136451
20.9079816045773
14.3176605625228
217.883340846442
3.61354720056835
34.9252270598926
14.885768697206
2.16738777100586
44.2147013073743
25.4214119870574
24.4527816109127
6.88924708475154
9.3847953267413
5.24040209642286
13.2307653124284
0.2614716033734
0.58281459228854
202.953856156467
119.899965342551
2.03520918798337
53.0879366775603
31.2430981814546
16.9426026004768
74.0106669979795
10.7490111477576
3.3745087476018
0.791864419374393
27.6672017383748
276.953131959288
78.5142747820911
31.7082775027666
9.43380280647554
214.305880468143
544.121659551598
1.83405102080663
0.57918029129864
1.93286667589171
14.7154203647637
12.9991317784673
18.8667524635589
2.03986682120184
17.7419499667008
9.20785079866677
11.816802267722
0.876862190950225
108.739273646887
11.928251911048
9.65905818269524
3.99693009822117
6.07267791083537
4.66993527240172
0.578888622350393
3.50545404337309
51.6807290407166
0.611190422739362
20.2491799784165
0.844546011729802
18.5615773484052
18.2926205399202
0.493164247042511
9.40590193056626
5.61298136393391
153.910204023993
255.792949260828
0.965695327398122
37.4369060922639
17.3786705161925
20.9884787072935
2.57070072408221
1.12378878177685
43.6203621152374
0.48676209934344
27.8837808005393
7.71328269779418
0.710668019121531
31.8626957666718
0.224014225722338
24.357874648849
79.7910696284893
2.23236453576677
62.4099367103496
229.972652011317
2.23115255346055
0.413062873495934
26.4462816041771
5.45096054349679
1.61430128336725
9.36544264573645
8.78272005439008
2.13675514434791
18.1334534866111
280.355463840068
23.066094175389
5.42994490856229
0.218795683696037
17311.0398229374
75.3656119596902
4.35084262516765
51.9907858223686
6.56741355965512
41.2985957607746
24.7426827451135
6574.09155358775
72.4251900078554
62.7165651833637
49.0853352884943
3.46687655220932
6.99812672865412
32.6421547034793
7.94370235544187
106.639290301238
53.1801548323536
35.4341795760832
91.1130565935859
5.6704853018889
1.19036097439962
453.644343503416
0.385945283991281
38.7409284134983
1.33431502182377
8812.76592226784
7.36566113034775
8.20677763509879
17.6171573396075
39.8394466446804
4861.07465781738
1.98323080958807
18.3365815022948
44.9438486852892
35.9194708308447
14.6452228724126
0.223298707098632
5.46849388932038
0.399016825358145
0.272266311493097
7.62988161496519
10271.1526319405
143.924802101493
0.31644017634369
3.07276509632835
16.5914268241973
30.1140294670706
0.485556460294866
14.5980036730405
37.9429480112384
3.066894073778
110.079419021364
15.816285358203
61.6703318409952
2.29978230141269
39.5901076567296
27.2049655003122
13.6593228987787
4319.16959247857
22.596436345451
12.4650648574781
71.9537948995854
1.70428388984725
13.3562598834802
25.7632423229855
2.01970051002418
16.9709205803588
143.588650026421
70.6441185546574
5.36389401126799
31.0339255939672
21.3023984833767
1.19969183859009
0.754486460123407
16.9541404801086
14.777079310799
52.9357973713249
3.77175447709119
0.615489315210973
10.201367972506
1.36137072714346
15675.6515706757
27.7267049022483
6540.50522600109
2.30753051240741
6.44070571205875
10.7890335322792
8.83264134123363
41.9834023136003
8269.45468787768
185.215206660558
14.0307029049072
19.5964783213999
27.9416813017856
135.355935802558
12.5728435813218
10.1670867872874
38.0318254495925
21.4044496070455
54.7338937210002
6.6478467661017
66.3442798708989
1.96798691187924
6.19268255175842
107.073483091288
35.8426049883124
1.64354497947192
56.2695114854598
10843.3999036199
1.99020141101042
6.65347370463761
8.71322545894313
4.93107412739735
5.75352722367633
22.2339065960658
21.9732983213223
19.4467170222309
18.5552096945944
89.2631307603539
32.9199541523811
0.224478661152959
1.50855700817653
5.36790505514688
0.272183658796307
14.0456323538387
0.378734991774713
0.827058142155036
1.35467828750895
0.481645247600125
0.695240232032659
2.45454140472176
40.8178295690461
3.30819601341195
7.79807229343119
0.362228712456205
0.980473620189151
0.565083210134317
8.06263335386104
0.976741103926594
0.308890469393542
1.17376879913615
13.1567664543009
9.53746122365197
0.482621939077624
1.25178849389193
2.46180818457396
8.31152655323141
1.48933963476781
2.17952493890511
1.60435390863103
2.02332243306312
30.3798439071112
4.13580929352905
2.24003402336251
0.277439852585376
4.10748943442554
0.367698342227944
15.5747077067237
2.26719676657709
3.1365183721547
6.13455868723726
82.4152494849709
210.280665527496
30.5691721002975
4.65282027432845
0.270286475031973
1.36482903682952
7.32308622433686
44.8229899450524
67.8393977700583
1.9190678442596
0.591612205780115
0.662743727476376
0.930861648216432
37.7481717109395
184.120498078368
17.1246986640262
0.315084189591829
1.34922924895138
1.47613628137263
62.2044137693213
5.22645419711865
0.358209125589437
15.398886558434
4.96571050881927
1.43476801296936
3.11901170865365
0.533332179908125
3.90721684489276
4.25138520782534
0.627511584696471
1.39809167817315
5.88461009843544
1.47039942458582
1.4918256824927
2.00411314562015
19.7461090185826
6.48144548987091
3.20786862195332
0.402237494602839
7.96377076979281
36.0485158242904
10.7847837986603
4.97765036701038
33.3502036677031
48.9160016020512
10.1164851861062
0.535492540491875
43.6801055891753
1.9801982143737
0.254415189444677
1.03177402847937
2.21302736422887
49.2159916038091
1.14337013230856
5.72657794576426
22.4633080712536
42.6927968833766
1.75465840680557
0.227693284925191
53.2072869141697
16.3083069847133
11.0714917631117
36.4633533942885
16.5913541452496
39.3953161233978
1.75650343213856
3.47685920100855
1.51333679949244
248.333292032017
3.11883158772515
0.411375707196629
49.1768351639723
14.4353912183881
21.1122697243215
1.50262474685851
37.3695147581346
0.941184153764624
0.603149146298912
0.31616302662905
1.99957391387607
85.4382713918672
37.0790225109538
93.9253103270021
85.4148949492025
1.76020750892485
0.827928247495451
39.7797390878439
2.57757456089854
4.60478937176824
1.82176382293052
21.7343472858433
27.0388659608565
48.8457607473033
70.7179483065046
0.348518044029182
1.44985203769202
1.77101621097627
52.1881015090916
9.13422335154706
5.75459657480689
184.381018920323
1217.60771437783
2660.18105031851
21.7825983360492
49.1922997459836
62.1313130070386
12.0878442081498
0.861740175487382
3.22837511207946
4.92755982484994
1.26301902613312
108.338233467251
0.303432292613359
41.1311175172881
3.01623944337675
153.891053116118
22.6203576290153
34.1355724935641
1.2502767926719
0.490950684250273
2.56856867227622
0.630262741420278
211.696415368627
1.69256472304913
0.509414605022113
39.7181505759864
1.66290832490939
2.11624795397242
33.2818088725552
0.890027586352887
6.69969257611581
37.3176260627988
5.16014359678825
277.365253558648
2.43893806657943
0.682810471381391
6.18899846948792
3.57511699622733
147.982392054493
7.82963300018232
10.3000316132347
51.1809589433493
19.9411025770753
64.3203128819435
96.1130615132155
5.62569549247186
65.3488258563153
1.4640178370365
1.21348535363538
39.7092913032324
254.128407578235
0.486236536855529
23.0457102687569
16.8067974694372
0.90710164295047
14.6317931533892
0.445053491157263
0.700896926828149
0.560787929704262
44.220537756442
102.290068011736
1.94769653162936
0.215493420004602
0.619045014483036
44.2706065736107
27.8348922905339
27.5146942569927
2.15440848086674
0.870278696555915
0.270286475031973
0.239703549423992
139.099793775855
23.2499245867154
3.27976448851679
2.44760269038268
0.264250078249081
0.49663929052812
1.51341485541011
1.14912120307926
28.1294796360188
1.11702174678287
1.68481370433105
2.2249640616797
0.328255308604157
0.181394189046276
0.492087351773703
0.298530770565992
4.01092564831213
12.8918244982318
19.1974999007939
33.6508657321168
1.00582690212725
0.591709726537736
1.67821098251148
2.0200320262359
0.596364129542537
20.5029142903518
0.214875273113944
0.399821677253241
10.5434352409099
0.851867822953909
18.4619464195591
20.0245225784109
2.01023146616506
1.18693796264962
5.06185792167193
7.05722784532844
12.6373984946377
5.54869086089835
0.26868030640731
6.47376517931019
0.447667206128289
17.0569073454549
2.10640064013535
1.37535621417072
4.47246249529879
0.533258694591515
1.97903003148713
0.984450484641306
6.12453922816774
104.359530947149
3.56613771437122
1.98834942684309
5.93267404823044
0.225980265702067
4.93836226061938
1.42179790740845
3.31163879930716
0.808592934721467
0.45100143233587
1.96621628706326
7.56202870735348
21.5027176239663
0.669012167534148
73.4750879784882
14.0864055757821
1.1374812042884
3.76357738165912
0.644674866529266
0.529027134035234
69.4609005038504
28.3252582088877
0.206011177748822
91.2435894924167
12.1063863670119
1.43015646185596
1.0941238409913
35.0894671283489
1.12393076049504
67.0092321240648
57.6302927099111
76.3969556441377
214.980189812464
11.5669541810681
658.266881856472
0.489551601768896
5.55854001463102
1.31515542989594
73.4768655039556
8.96893451835622
13.0412065924975
4797.00633336141
18.223564282578
0.667898468073219
2.9123974115404
1.16532182875203
8.81189012245328
3.08209997913662
8.33189911139997
81.1431395918622
1010.62635802055
223.982692443627
1.16856017184331
1.91255287555787
1.46161407433822
0.36696807265545
91.8469045224484
2.48748692828392
2.8000364894546
0.444449664931284
30.0842694450097
0.72074895506261
35.5469611445251
7.95010938762274
15.8087092564313
0.66755300284741
9.05538223692363
4.50846386717251
15.1377015205452
16.3279963244988
0.963603345851642
2.35940549560111
9.87429239390771
49.6370448112908
0.288328075708302
0.39835101592612
0.530184779797083
16.0709059223677
0.249493820852413
0.272833802051548
0.544836987999249
0.223782658018076
7.07357472049014
1.60876146495916
0.441514246330571
0.210544433852634
26.1467188179707
1.73664152673292
53.9830429925312
0.648139751353877
15.094036092842
12.0186191184594
0.522293010698028
0.209826316072822
1.99898704080199
123.517806516549
0.218724639647492
0.358156701278469
15.0251018913087
428.801313540502
2.2608779917185
0.837438271368991
0.436237194865939
0.440371801120351
0.892001914904239
0.765170303491119
6.40673720421838
2.39136466450384
40.285802636667
0.483703149420929
462.454944300412
104.279962812062
2.25327401464025
2.35426972455438
4.2115218174704
24.6150362901579
1.1194735667312
10.696479910327
2.2091227883559
8.10720498772557
0.488836298127236
17.0997823000524
204.286995402263
58.9436234099754
12.1351046768204
14.7204294713032
29.2670712386748
35.9419210179337
11.5303697416747
0.347168654868141
0.396507670311307
14.6286674487129
3.71789451060983
1.29964703549516
0.21003124939196
0.25801911062065
0.578738329160325
0.251564261014763
1.38650411558109
0.225393762093706
0.877373190590558
0.206093322244936
0.527285734741886
0.476208609456993
1.02479281141183
0.692057496826471
0.265812378922416
0.389674672324353
0.578621599619848
0.492929931952824
1.11806338228784
0.517227504307462
0.285932666866794
0.387102173001254
0.609414202190299
2.58890125003426
0.400630066306672
0.653973803617147
0.260575295130559
4.71868162121703
2.63566751108368
1.34283807129842
18.1655901335936
13.0680999731998
0.495443456675167
6956.21547408821
1.4173441498351
8.73578387348492
13.5396505304953
13.3630860090835
7.38048936833701
26.3391504645475
4.661369084365
14.4964646076782
1.12459238870508
1.05657977611462
18.8241474307315
4.47712465331966
47.9202463946336
1.57313833005888
10.711317387045
13.1135934512389
4.29888141707493
4.61984928050943
2.98793359515709
7.45434131159495
1.99002306626355
24.1552345129842
8.51053557913423
0.35874453505888
0.270678184486342
82.4206965482017
92.6953245714355
1.31783832697901
2.439251381978
25.8896489151131
39.5348547107831
2.81709726037137
2.74295559919614
0.249878860753915
9.08660107744609
11.049760991022
5.00239869170484
1.01846740039108
0.942742415471535
14.6308208750758
30.8521941755716
18.0610462071391
0.544464059496768
18.0920717912743
41.6587046095152
16.0573894504257
25.7499021918283
12.6436409995431
1.58787557943988
224.17925274087
20.1620425532096
145.031708072394
1.33614551805385
35.8278163997499
33.8830073933396
113.412308639415
5.82371391537627
100.942000241274
4.98328856813813
7.41283147448854
28.105845539109
48.6840022392174
3.68616690861674
42.7877679094305
2.70100401432638
726.649334280732
46.3244777283529
0.90333490320991
2.84815405009065
23.7734953530314
50.8777975469952
16.4438901454305
18.8057864970406
8.4492060747802
40.7530365453367
62.1442364823157
1.3044522002585
1.71555912463901
1.19379067459678
7.26062684134044
19.0472175562142
1.93970711986674
8.75203878719737
13.2263595335027
15.3428634327242
0.535366003543991
122.715461062629
2.82864602581084
30.4489696675619
18.794894637873
3.44630984487205
3.03802040901381
0.532123724488331
14.8638216629737
1.82890779394945
280.5754747117
69.782072453967
8.03591730906382
69.9404214987563
26.8492489267008
6.40891200674387
5.53382893144152
46.680054117148
2.98780481278996
1.03591966913325
0.556079561344535
32.5382854109734
11.1173519352088
0.695880348871085
16.7917823603518
138.293555797979
34.3343068194391
0.355404853199627
0.344113414045089
0.650513087525887
4.58297813482281
4.02447651334587
26.6184567916176
0.264918587250827
33.9138317398412
1.7988421429368
0.520881836342177
38.2838298142571
43.6600731230127
3.22021306944963
9.03534052963577
44.614904543233
0.349009406022755
1.11421727678306
8.49302983300156
3.37996585820584
3.15747067047808
0.290666330341715
0.324451088930827
0.494463431658744
5.12155581731203
0.740583920551204
0.53664697788852
1.94667403344369
0.615810885292571
5.67226097039216
8.44818539220234
0.622671429320365
0.529781792762675
4.22681351523843
44.5131124209657
101.063947927371
0.9124129218821
0.967785888096105
2.41224574768114
1.84218756614663
1.03462503653369
3.04747951052242
113.890556724022
0.39834633598976
0.409791637109927
38.0847712282173
1.91564059812502
0.715923652474209
36.3265367878886
5.17118016217451
382.726356942222
2.82010841954677
0.973755990572459
0.196189867436328
3.45426675645389
0.383455324653214
0.357515333509805
2.64581906491788
0.497010653117149
5.91344937783019
2.77765926503901
0.489455874692757
1.68589081467475
0.391596891018576
0.691400910360097
2.78139206385798
1.28119021136945
20.6181661598104
6.29614739594477
0.375673085461675
1.37450161455585
0.71948918707951
1.4331164265703
7.48428788067645
13.9945649793608
1.79347074240375
2.13191300881316
125.367397237931
0.667193280853884
0.967391705295984
5.92921223240963
18.2812901750959
0.605302262920318
3.64537323076825
2.78889912353539
13.8281201137504
0.820231687037674
3.03700598137667
0.223798078004838
1.66098083206807
1.81067615335615
1.29430407484285
7.42507994924701
0.711111253004603
0.216370638876432
67.4774661625526
15.7225174399149
3.07582827276879
5.55577831346351
0.316094927130647
0.221659014924275
140.878818183818
29.9020876957449
7.51020468921781
1.38589001551259
6.66715335944375
2.74463349092491
16.9904726062297
2.47169735306412
0.202237743377443
0.755714782997749
0.582215685213761
4.58134155820175
0.577738474404752
18.0082269706692
30.8629983330331
24.7879645790998
3.25749772803563
0.535492540491875
3.72522375709644
7.54679947909225
1.74531457804309
1.10234496176674
20.6783147028231
0.269703318296737
9.18714786354511
2.86305382375077
2.40794475116159
51.4660508414295
0.221602461854805
2.09294352468754
15.7279781137363
2.04727951444007
0.217175591397033
18.4733020168937
16.3480442989184
3.16234005046988
4.67695914574166
3.58922495298259
16.7088413251626
0.571938186752865
13.1331611307018
0.225198259750967
261.051296627683
1.31913863058789
2.79506089833083
3.32263414648389
14.2767706029644
0.845565947006525
2.20182574040635
1.56885569608059
0.212501162158319
11.0335656965464
120.403583998962
0.550606245153188
1.69916893804679
0.567636793761799
1.91106142516355
15.15811406785
51.8400759726694
3.25541669122284
8.62387493960838
6.78188215428454
0.449358278624363
0.357875009637283
0.535492540491875
6.94868190047418
1.34929192199579
2.25653931011169
0.197709683325097
2.74809098920221
11.6332083124638
63.9754739666753
1.15749513795584
7.94609126451334
31.7200903928171
0.219808925583492
4.88699442889655
0.252814279354629
0.881283155937499
0.394389126738599
8.28721074001059
4.13927673557555
199.229398196416
2.54083447918777
61.0235408611224
3.40399774779109
6.32127044213523
3.89462779692752
0.261505104218781
0.216485929069085
15.5740861320547
2.30612504738006
3.77634238818228
0.313465455775967
0.428129459667767
0.305914094541617
0.886567737487834
4.70444413001862
0.2665907795946
3.71275812189947
0.217938099521548
0.43309444221239
0.694776958545214
5.26663224794883
0.276201391499867
0.580921848319799
0.606009055321072
0.654059160305149
0.334692029984073
0.596502858571306
0.215506226427136
11.7492423112497
2.50693315222103
0.540189623082405
24.4924284498261
33.6163920313112
0.299317275433051
5.71469540838272
0.673626475581474
1.22738767232372
15.7045574927718
0.49603874338117
1.08949565282975
4.39995179564956
16.7495890099291
1.45157338903516
1.51126073809139
0.526249456513491
0.440082894258137
0.84417766270987
0.853091452372809
0.169008484386262
3.33323482352301
2.06072075049176
2.17711807445085
0.188656713497266
0.329990712818889
0.38922020069197
0.949124926316984
1.5096306615784
0.305996437266381
0.624831372668737
14.9869952588531
14.1458320193876
0.352739839264739
0.655404982698123
1.32978233353875
2.51530225288669
0.74820053835788
0.90697299194902
0.303735945437577
0.403400918648909
1.23598361561412
0.916841550170466
0.264076593980758
5.82466892639677
0.6597900096453
5.3678368512993
0.534457996328325
0.324798380520461
0.70113020992916
8.69213935758685
0.467608154275102
1.56765123133389
1.54975361927667
0.169004701919549
0.496679189098058
1.91204702233657
1.68484621902288
1.02506502126108
0.359075997719053
0.223643587728188
0.439157253179244
0.848502609267846
1.26264488211884
11.3843941960293
0.216740060802387
2.15747846575442
3.04542309324184
36.8452729273815
1.02722971673981
1.99390125051521
2.54385669800601
0.315424730424319
3.84045662113826
0.280281652205634
0.532033644812778
1.91752036698825
0.217745544624486
1.27507964201405
0.195661091900372
0.519435452979316
0.266911439900356
6.2171253747639
0.252932895964401
0.211001199111993
0.323405861115427
5.61009941526446
0.862254002358822
0.402011179380358
1.01962013690174
0.355768310355132
2.01506808817848
6.74578603028703
4.32261144016932
0.710155221733023
0.396018199487411
0.390908360198996
1.42354339515074
0.218839595802826
0.291575788351707
0.801951476050569
17.9638489968627
0.21639874454476
0.206397342967959
1.31185883902154
0.22120393078194
0.558207922870594
0.532503769385054
0.225529645262412
0.735432001273298
1.07662362110759
1.68831226941706
0.464475182132145
6.18903412977815
0.619661311094932
0.304844030666982
0.395169276474612
62.3616026271786
0.316380624317431
1.63645143010366
0.534797059503077
1.04466991993468
0.579886582805124
14.5769155500772
1.72198062416557
0.600043893581178
0.395183111701375
1.24927033856046
1.54834994829279
0.532031730920489
1.65415137239811
12.3522325243864
0.892262390700972
0.221220868535315
0.67398848480238
1.53582382243051
0.956976734192983
0.22024056979871
0.198914245618763
1.17560660588575
0.221806024323092
1.45992109684056
0.70526502011264
0.960066726804348
0.802128735253908
1.26665683012616
0.937458499302782
1.1038270136974
2.09022092979715
0.453000911263819
0.408027718709962
0.49042007778769
0.413595287991256
0.355244910232478
1.23556482647707
21.6596796424761
35.8543419023915
0.797732910200513
1.10154926685593
2.97240285670664
1.12413136526259
2.63730937310382
1.48416798385953
0.391125394047904
0.528624612620034
0.736959680626552
1.41122327757455
1.1116625243327
1.32188985850655
2.3981125259865
0.935630863045736
0.442522551204386
0.861435824209969
0.774137928091083
0.212188245463711
1.08318440814935
0.966829843483343
1.19387738953501
2.60459320364085
0.834476213916169
0.267269050911726
1.57251210441822
9.20937064900906
4.2813982335999
3.49485279623048
0.446829733950174
0.539936659230717
0.372460939183007
1.00259802715465
29.8728844620591
0.618632559134923
0.407332039300963
1.65761992561081
5.98933775149785
0.396227181338755
27.6754470132209
0.527936453637956
0.209707340656595
0.682963831657193
0.949551464734591
0.34697086277874
0.4465752063769
0.333189876958384
0.396801138939237
2.0469920358365
0.197200008994798
1.96266717693717
0.985697227613602
5.20009710735224
1.47411903861734
2.24501796207308
1.28568654831545
1.47522080797031
2.31972654741944
1.73923339184864
1.88541908744797
0.573170899915816
0.231184396826623
0.93049810660109
3.74168874018529
0.42160349160311
0.468551396471845
1.8118905086523
2.75264471228463
2.29926548535407
2.97353557280468
1.99715563529071
0.27209869216343
0.572548114037478
5.18480261716326
0.399533519132096
0.356881799816717
1.19493131759106
0.486151302842366
1.86890576226943
0.713860007754318
0.714360523787251
0.221789963525177
2.00250929985537
0.851489923335793
10.341026127311
0.553618947737211
0.210072226352503
0.540653305767409
31.8650349395457
0.233601987138392
1.4753752363375
0.543364529634027
58.3520898387896
0.624040390878242
0.885521875325558
0.692225071291574
5.16085468914679
1.42543394763724
1.82352042822957
5.02224589218234
0.31164868882793
0.297908001669232
2.55353398727766
0.218601750622019
0.860102381697292
11.2114411705483
0.31439868793317
0.309971108876296
1.08445995939414
2.67620139893131
4.65412420668162
1.55966588009182
0.305423869589255
0.213752005069038
0.508185856618542
0.263658366720217
0.715366201064573
72.5839939734342
0.269212203095582
1.33461797739119
0.589039746005703
2.83804965494382
0.355974245084528
14.0948056757258
0.736431115129201
9.53978012174376
8.53885367627095
1.08595105290676
0.531929911051125
0.44730689542105
0.400686391560426
2.09781190662217
0.306929730145087
0.262715901018194
0.221364605594118
2.10776326953635
0.715316407274091
0.2191043957815
0.716120217752275
1.26048154086636
0.449770088001854
9.68247568634796
0.183320455317178
0.911014634623154
17.6042029051211
1.21995705293213
0.591709726537736
0.711279554964047
1.25152025274705
0.589241138511213
0.530115968324919
0.261598745307673
0.610625187958834
4.35107237121794
0.490758651102019
12.5578663107832
0.48312172729539
19.4988529734438
2.48554977300263
0.766091928533662
0.800174361193145
0.309302278771033
0.344647268088419
1.81782310915514
0.424403356538727
3.39699795124165
1.33352157570021
7.58148092708602
0.252434886514598
2.36755368617856
0.508380462734073
0.299771242695859
3.56777325937128
0.911596995617202
1.30941713554108
0.306529862014705
0.249603030643205
0.472507537491087
0.648464240159786
2.63984474247033
0.281256457172143
0.458446440958144
0.833208912340063
1.99650948235236
0.354519821025265
1.15229532245681
4.97626893569126
3.71905425322848
0.221772763228918
0.212878119603642
0.219202635172253
62.5365934798448
0.303292992761507
1.84721209680177
0.34394466746835
0.218021282105935
0.198643301493315
0.185564622353564
0.488736071147055
2.00254832044757
0.356379211135869
0.249304097555925
1.15353488415968
2.79965432771824
0.542026037292011
0.344312280803731
13.1764364638266
0.507710056803834
8.43310441952998
0.29736023389124
1.43403106067618
0.21468527178286
1.56610065520652
0.372768379937262
1.49056205042524
0.317185761489094
3.27149531644467
2.30773065176666
0.442279933077965
0.40462900334132
2.50216574441046
0.455971874880981
1.20946441352168
0.853950654083223
1.16655575884884
58.8785074200063
5.50939275260851
0.523392343737862
1.9704059368234
4.36076097901686
0.743913221157318
0.225313215906301
0.218582109618331
0.399916144657875
2.99200507011782
3.33322154073454
1.97560684135875
0.259825943941317
2.46690875368087
0.781891163088906
1.79259491840766
0.260039823569496
3.64782745100695
0.709727499522141
0.475471765910254
0.415642134548087
1.00481441533381
2.33013162663663
1.02339143605187
0.215888634893993
21.5940706732716
2.46188984698974
0.264623402870379
16.4287830567454
0.576933765236929
0.797222800501706
1.20081281526363
4.0099476091209
3.69138126704391
3.17598810778063
1.00509760687916
0.223441236492083
0.407055487369332
7.07267376157273
0.513887294271573
0.39755161026918
0.433960818585176
0.39619150218025
20.8894715802555
0.676629884605459
7.26196312902643
3.53692502524139
0.993756884682344
2.36257036700036
0.254562537525282
2.65198201868805
1.089009331052
0.493141085594336
0.270081728517179
1.86165912286428
5.6778858019758
0.266374804800927
0.221910558519778
2.34122419347037
1.07991283881054
2.2687828560784
0.237342391142896
0.221199070049424
1.42146198183287
1.69321570956912
1.9555814852385
1.52413829769702
0.538108215796933
1.08215321410052
2.30333440500247
0.286553900611718
0.520558542023186
1.51407185361169
1.01462860237229
0.446484843229696
0.72175119910838
2.68608305343627
0.254589558493327
0.35852361877305
13.1573755821286
1.18992371690377
0.245062510540981
0.778785446375832
14.7270267879754
0.199454288703259
2.69684889840031
1.13412818693238
0.338248895742903
0.82217590420393
0.268196825897903
0.209984164229723
2.38400092525249
1.02625695758455
4.4337523296773
6.50264653627833
12.598784533082
0.69828845801489
2.71803730962014
3.20899427581296
2.30244664086688
3.14295766856817
1.58155135976676
0.306782720746269
0.221228136874341
0.695694477058532
0.714360148349588
1.37358951664146
0.406351336943346
0.260376491151106
0.201633432748888
0.501322827183193
0.307163359797456
3.95590760202679
3.26630651073539
1.7408444148178
3108.58774378248
0.843675889919435
0.392053726663288
0.225820323553024
21.9192397546707
2.4449062795736
45.0765588429563
0.268671948653491
0.304853981000481
1.01233363441204
1.15551798440468
2.50426102686347
0.38928234196489
0.140245526574087
16.7113029983852
0.846551174007982
0.273134431714979
0.306675598411785
0.426410597329297
1.86263461779178
0.576565603272462
0.911161466831535
7.71898249367696
0.221365889302394
0.771671719241941
0.986359384082905
597.913951296483
2.310462814786
0.53814401627678
0.216980409292588
7.73747784856029
0.738569319163875
0.600640870285649
8.28730403377573
1.46436606449905
0.517760644521798
0.449364468982706
7.49369131024023
0.668860291361624
0.445053491157263
2.73315841552184
1.01470379580399
0.35650116076553
0.759042568118599
0.535492540491875
0.344923762491356
2.44994725356198
2.6200128829779
0.268007872625435
1.42139570849029
1.08968188217162
2.66982488506392
1.16705740860182
2.33981530390192
2.84299369221658
1.33736286382224
0.391137687946195
0.511351679286295
0.430159023195751
5.06631011285849
1.32848735456356
1.06465274990999
2.61663208785956
0.741054312760605
0.936027972945968
2.89828509364831
3.12329483706918
0.479386786588622
0.629244564271004
0.847255237429393
0.169773819052251
0.309179157077469
2.74932035182253
4.19996865933767
2.08072142616214
0.156498068524516
6.11632993413101
0.264645466374097
1.75668246396239
0.216980409292588
0.44123005808069
1.49552674265562
0.267717651943857
1.2349912471856
1.59050738452813
1.40531734995256
1.18489416591252
1.86730939000477
2.86368452395342
0.400920206672222
0.260376491151106
0.358339773785877
4.76954665910294
5.0578353026113
0.29751860963186
1.35005349916872
3.27598104029428
0.85387448493882
0.225344645848349
0.520461414686657
0.222869697424882
191.676680314006
4.32541575444274
0.172982605804467
0.9340906040919
6.673416162962
0.702070787241297
0.803463051167297
0.932348421526571
1.04029756016501
0.493941018193479
1.24079937152205
0.582267472653316
0.531187753024775
1.05864571773003
0.695234137681933
0.477945826829585
0.399234112286362
0.261473950192243
0.529647815844427
0.216980409292588
4.4174161388138
0.507497920884858
1.32967182769624
0.676372436950628
1.04036456584101
0.22024056979871
1.51568338805357
0.29844148816329
8.12513273478072
1.05490363510137
4.6084419534967
0.217541646402582
7.04176694636383
6.97141027025807
0.320282267632871
0.299467226353514
0.620850775183184
5.31202633018278
2.35408913592756
0.220978383101635
0.535492540491875
0.273713617360674
0.237131139950779
0.614970829010973
1.7248427882067
1.31558931045487
0.211849355235484
9.55824133679202
0.662877093547808
0.312163510169369
1.86109227884409
12.1427439800675
0.532047566030007
1.5031202185727
0.353886763005324
0.773578336039179
0.578351676149464
4.49165988716419
0.674099058951388
0.953496182902482
0.665949697698923
1.94939864078363
0.26696612956145
0.662615021945904
0.394380912357258
4.92322775574377
0.300500631818859
0.413271234941789
5.59013835207505
0.880398161141973
0.401892778352859
4.31887614541287
5.75056242064303
0.307244682880447
0.933637531377455
0.334115893064194
1.22705135292092
0.168294631888904
11.3738312820336
7.16966657103211
1.13831119778981
33.5816432840777
0.170361940774897
0.493596956890945
1.45367037757165
0.479235143307969
1.27442512970912
1.19040162620221
1.78552475192289
0.802412355684197
0.54900597849816
1.8677179876324
0.269354071115528
0.42386767659923
0.674687388977192
0.216454048327298
1.75004514334276
8.52819036207694
0.489403827773269
0.530143533372307
11.8851584821408
0.464122123994931
1.20348965567537
0.279515845571959
1.4917202025504
0.224059883152237
0.478121906442398
0.243468151947529
0.230247346960148
0.604109138711928
10.0353712353636
8.373209564903
0.211272039874374
1.56985348247417
0.713675676627285
0.535872423011407
14.4161446438545
0.225519160726617
2.19966910298119
2.01599336730155
0.463885967737975
0.312277238495122
0.251534915698027
1.29549922045671
4.44793334948384
6.65858331258336
0.838402251037923
0.619567876422173
0.939250490768994
0.665645365766624
2.01702464653098
0.216591107227841
0.650716692108754
0.442474292086001
0.46975381659619
2.48687945917648
2.89838694316542
0.222831689896998
0.450837411310694
0.998861875893321
16.5535473543849
0.311987846514709
0.649658833115996
0.622142215902047
1.10024731803158
3.82168557028501
0.217813191053141
0.642386354950114
2.13699460368555
2.48086025926214
0.209579755748548
0.205369109418705
1.81668481068803
0.304711931435898
0.2707667670284
0.186140534379213
0.470239191066364
27.2352741120943
0.355627135624227
0.225464039108064
1.60163535033881
1.29626256808484
0.401894304922993
2.69619504360239
0.338381064991074
1.43617646690475
8.65384396407102
0.735469655044801
1.3351090174716
0.424840392713667
0.566878206647074
0.216355152282597
0.519280291329406
0.220076685896261
0.563088642269544
0.472955396805524
0.563456791847825
0.8362010415381
0.64938430573374
0.706296796161723
0.778114934522457
2.03210052963236
1.19990838979407
4.6234494858012
1.76402997411186
1.41181289622896
0.851330769533004
0.2201803977375
1.12068037086361
0.314102232637747
7.72169065640447
0.263993629071756
0.889458150787074
7.03765650629561
0.975698825197489
0.26654746085105
3.30424755005463
0.884327391638111
24.9026893010243
0.230020208475013
0.65968094088599
41.3933137117818
0.396002100933768
1.65678790441554
0.224825828305422
1.45414218964095
4.35056400171338
0.507383811953278
1.09433562215826
4.5201993884797
0.976552583772663
1.28452471052911
2.00259144846535
0.670156264501985
1.19015051459368
3.73667336578795
2.26734857957193
0.174702125182664
1.08127635876645
0.433318886038018
0.489307300325626
0.305514226411235
1.34266431540857
0.216881513247888
0.441049023193799
0.795817799412111
0.226052359144611
0.325481941353657
8.00832046361638
1.06864585391727
0.267081514068604
1.8702513609277
0.991001941147166
1.59350963493251
0.223612676457568
1.37220151139265
0.229288329171982
1.25099291331339
18.0242011296766
0.303977218264797
0.536157641968328
0.457823366722685
2.6266836601524
3.15225935699844
2.18528368702219
0.219475082010977
12.1967568677419
0.581529206290992
0.26801662375726
0.383556652160832
0.579799867864162
4.07923853596319
0.448435341194948
0.383894355353325
1.52634446651389
0.48817048869521
0.516122073252406
0.451139259828431
0.222869635986047
1.24808773418647
747.882536767512
0.222813108564063
1.55162734475947
0.473157519369781
0.266459708672339
1.60618401686034
0.44963764063142
1.26541502798929
0.566943434749016
0.268839901471105
0.440232498937585
0.836752464773723
0.398179593849925
0.527971830210873
23.1249725769671
0.220464250479722
1.01474864228571
0.28742940215003
0.216485929069085
0.490886540007579
3.79326513531699
1.10880702490286
6.05696357961543
1.82850624095824
1.17177588840763
3.71652766910392
0.782603665619365
2.59445398961478
0.492631030083288
0.214228627753899
0.204370363763896
9.14471761071718
5.7788588220156
0.754429926408449
2.44962776131934
0.262938735482234
3.20614035146996
1.48853267229801
2.48101614072061
1.13644102850355
0.331476954800041
0.250442652959948
0.489380386277678
1.71950938707523
1.76788878108897
0.495520292095827
0.214582015646426
0.302726775424964
4.80466371101781
0.86539880799555
2.62670308314371
0.372100555942066
0.627743839355898
0.270730976639474
0.532860127335302
2.83087533484465
3.8673722535311
0.576833295236911
0.410519499155613
7.94483993439685
52.680211793279
0.916233456039924
2.22789833696504
4.05043131107681
0.260376491151106
0.751814779955208
3.77755397125746
0.86250113894785
0.668737814813346
0.825162383478888
1.16360304295721
4.60535466669916
3.15220182962416
0.4926081050321
5.53532568102644
1.05749504486618
0.24482870202212
2.54331528520475
0.207206123725269
1.94122742182927
3.67276573225109
9.7883648693642
2.10964217975595
171.892484589295
8.68317849204683
0.344287357076033
0.443069034633517
0.819571460758435
0.387045340262786
0.583793510981497
10.5213503385428
2.01889319417052
0.268331720599606
0.340836447908471
0.523505467054761
0.844211752015902
0.538064983066419
0.595649067523742
0.226149221827934
1.16734223451139
0.437275429228591
0.536337058603165
4.48802670603115
5.22305186000159
0.303080300696719
0.703235339433426
83.2529195785593
1.14240800328815
2.74584292737758
0.611760276758828
9.16175778425305
10.3689806242652
1.4693059946532
1.90137786122585
0.434347543696632
0.383874140487531
0.170438137209223
0.259652338096414
0.757931287211446
24.1675460370391
9.87741584780944
3.78494450811365
2.63544615873105
0.488705039067962
0.326750014054641
3.83954757107246
1.47818955082973
3.64753545272779
1.1733352766385
1.5595423079949
0.385810526336665
0.44616418292394
3.0204235656392
1.00906645733462
2.2193968322785
1.29099896801132
0.673937907858697
0.403264674922479
8.41327707934695
1.3386342656497
0.426851258486181
0.52144561671869
1.44687423353109
0.289722396894037
0.769764706741391
0.589732999438916
2.97569032753954
2.09501144505237
0.624445753053623
0.229009843821143
0.273270005849457
2.74499019328682
0.69284970207055
6.80787992959815
5.0815011338252
0.383325529823254
2.51487727381252
0.257382268479735
2.50237507234123
0.511841183742881
0.436452573300975
0.835803104361875
0.526758776686123
0.662455725072191
5.8939394230492
0.220279161522093
1.07418451668278
18.9342398590238
0.230739421781897
0.648371557379459
0.508594028976879
1.63135671390922
4.64398755035785
0.264655130653372
0.888929911625815
0.337315423098051
1.53217842938259
0.648281431652642
0.347506325279449
1.8520775338188
0.671256231062973
0.935972138193925
0.35534423613235
3.77500397668214
0.464674783345691
0.398983420156986
0.841153137831165
0.223237520502511
1.16085270802783
2.46791911687137
1.88566219916192
0.242953346591073
0.353090485692017
1.41368689071845
0.226621784579343
1.37473822618304
0.400888356985295
0.413210451844656
8.14326222982974
4.09523036129971
0.286293281840532
1.22956158997475
10.5672953298977
1.03881698375383
0.303692349421245
0.196741517044372
0.173067591735172
0.976944753388445
1.12984786333998
0.532987174888842
0.443104535397309
0.620523224974791
0.581001557840989
1.01933440665712
0.333983467283839
0.532727094010642
0.716466383973135
4.18104813864726
0.430733941278283
89.4595119293216
2.17771619489018
0.496237819375143
20.2372043197509
0.218898192555393
0.209125626898124
6.6695421121906
0.488611766741082
1.37606419999809
3.98854213892089
1.02308688779316
0.207824429048355
2.55185398512288
0.8888079725459
3.4385673604417
0.310290553140632
0.218709007656484
0.167386691683239
0.75644313952021
0.535492540491875
1.00453018110724
0.261808306860497
0.308487644892895
0.764679482834514
6.81624041083197
0.594532763736904
0.891894603802623
0.518030930752289
0.308317797194101
0.772488001050158
2.62120462566803
0.214365749707815
0.443142437335295
1.71070411220543
0.576933765236929
2.97365213040753
2.13526893924765
1.09893820159461
2.21231197480832
1.52741330642853
2.12258407929309
2.66348927553703
2.98619460965831
0.227184184509638
0.71397177560035
1.5973258460574
0.183656684717404
1.64526833133965
0.200579604620687
0.78153318467087
3.10413895015871
0.26831878784938
333.382888033121
12.8391098698907
7.55884258806973
1.0797550203975
12.1533297732398
2.44345532718942
0.396386156801947
2.22214558141578
2.12465028614945
49.4195145274558
4.31964471123851
1.33436296823687
43.8225208786734
0.215322721496189
2.45208088496408
0.355779298445131
0.308313925767963
1.64235576634515
0.490645079483451
11.569140106645
1.42156299780582
1.07590273237156
0.568461759210332
7.1056443495231
1.23618192880265
0.587294102550761
0.287723243132173
1.51405249723416
2.7925432566146
2.40202440019579
2.18775984214465
3.77424739714141
0.337029590653387
0.624563634476884
2.47050435324233
0.350965309604563
2.94438121730977
0.273183874413016
0.66647556231922
0.359723181967901
1.86939018921019
0.773032634086181
2.02576315074715
0.491185213119588
0.533965677690876
0.229215794612862
0.312373204669289
2.81462112802146
2.82906207422322
0.860706151834551
0.273930107711087
1.4013872746153
0.219240354182002
0.499315743986323
0.570880935188211
0.583168098922656
0.13975792278598
0.934291672720228
0.559388233614195
5.63657503806465
6.4781366851251
0.224453402901068
0.67232306231423
0.75683342845232
0.274240478709753
13.9855696100888
26.540817715361
5.79626962528003
2.64580773443728
0.268893547250442
1.32288594716068
1.40431268792007
2.08531457815574
0.315133929039132
0.852290560207045
1.56312695222709
1.92695791147853
0.769640961063466
0.269804887340002
0.633213295506771
0.56570207008914
1.97271118758933
2.69818866134179
2.24750720277719
0.260376491151106
2.40634151505832
153.940257688105
395.434738021763
1.14521436134128
1.58653203578505
2.96202720837416
4.25156141998304
0.707472989600718
6.03967834941115
0.225113619996123
0.666565539962166
0.737606196906001
0.754815639729235
1.11252631234968
0.219698275675819
1.11443294827071
1.30205334637198
3.36766533395743
0.268323464894556
0.345699698516446
0.410625585411786
2.57819823669233
2.80790504711741
2.09255333139089
0.268937775656329
0.963266251623586
0.788626860357313
0.354200139164514
0.222345395848004
0.98289494664149
0.669128225432097
0.443389451418785
0.266505753401829
1.81433980498461
0.397572254799377
0.579238972744591
0.625095943685451
3.69463625211115
3.28736283686835
5.4771431815532
4.07448969673257
0.307684260031475
0.841082413803757
0.263938798689898
0.260729165643807
0.22729709578218
100.104573497473
18.3025348731853
17.1310033439008
0.889613153692771
0.898741924314497
0.828355958630571
1.201915018065
2.90983082665708
0.215961471161148
0.447860167305732
1.81922093671937
0.270825702449899
0.591482942998931
0.317468037913814
12.5214573768704
3.30061689508557
5.95223622881202
2.23864555833007
0.931318706831032
2.44097048369566
0.346169620478737
2.11939047108776
4.95517074772954
0.290874319113286
0.905410491291712
0.211342490287501
1.93813373479763
1.74207831837426
0.341636872687694
3.40600644670321
0.533833021160741
0.255989203127792
1.0756636648441
0.5285737899999
0.76841771009827
6.79215488168555
2.30979425710293
13.0845569415408
0.352052327946261
5.82157528443091
2.91649786174459
0.288282456991521
0.853110619643808
0.837746223410798
28.5028385108074
5.16016860607431
0.510533227544722
2.79355666634335
0.517704417232245
4.80899576408567
0.774118846921952
0.314812028369635
2.88771413101492
0.845241582473038
0.440832914304765
0.219898522470907
1.78260714467386
14.7876177172313
1.42291981366154
2.30390516966455
1.93333192142211
1.24517699194862
0.403585507220871
0.584491478859161
40.0902628722371
1.5770363201704
0.844421092548603
0.240247978245563
0.360785794789929
3.95869841103007
0.384716421097487
0.225109257718284
3.33870925275469
8.14848685205638
0.248523098343515
0.566189099079371
0.370425295308059
1.42264201846929
0.241574155822745
0.402303453821914
1.35383502740562
5.74952440343689
0.221203610937313
3.62647707286002
0.805614043145549
0.206593479258891
0.271101173213083
38.6599166809689
2.75738503130896
4.78359930340773
0.566922159405181
0.290725945887459
1.45629658603994
0.752302892253186
0.202873547031153
16.4343201812763
0.339010251524166
0.293157956360673
0.489786258938489
0.284902853333208
1.22138889004281
1.42081105704346
0.401098218787164
0.880625817342554
23.3103238800042
0.857124315444141
0.536271832882333
0.87219442526475
9.02555401901011
0.232913735253454
0.309856941140158
0.478952775769956
0.684298453138628
0.725358839759317
0.621398091858217
0.292162782944539
0.659199799926712
4.88776175474452
1.88197125774666
0.880460227844258
1.15554737266205
0.623557483282728
0.399016825358145
13.5041287122588
1.10027170222133
0.982217222735419
0.387669860351291
0.389674672324353
0.606975192791794
1.12687553587752
0.540134221380193
0.594210187172274
0.774803095327732
0.718272149341102
2.44030315785559
0.310076054775533
0.286885688464651
0.22635269110642
1.68582866553872
0.575509852604826
1.26163368896786
0.57594479914191
0.434976383853789
0.266635960821021
0.393319448778448
0.205112519164765
0.978146062638121
0.297296063252892
0.346345605768749
0.437106731316523
6.50446443193175
0.422341796140497
0.220063138283098
0.607545146019247
1.39555067574264
0.655182457076521
3.27810314173661
20.6746723074526
0.442448072818435
0.634348330011686
0.628278585888216
3.40637731572644
0.313351851578309
0.48943988224719
8.89203931184076
0.791172435024251
0.849445217420777
2.1809727942171
1.16146812287026
3.28054553146186
4.30132952533444
0.213801966349973
1.58503602663324
0.319034235694587
0.270415152743913
0.586070365383869
3.60979449635752
0.473447186216766
0.519566229765804
2.55189732587866
2.07356212800515
0.824525555311835
0.220227662851841
2.52443284679661
0.968035534991883
1.3317759640825
19.1812572074437
5.67126509164397
0.293472187266779
1.29090654383436
4.79665837754245
0.34645795602201
0.69287072033837
0.319895435334355
0.227254366152252
0.492485760698105
0.5396331182639
0.486328627409416
0.265829701540034
2.0677893747905
0.25437955372479
2.16528566831796
1.26061956140304
8.54064034281652
1.11119009651477
0.53217507505829
0.443242685540456
2.55186939899669
0.303668182919923
1.97776027932914
0.397841460064966
1.28479719997462
0.24325974085117
13.6153885625461
2.48693858800802
2.33985762299479
19.6739155139488
1.05815704423662
1.02029847859126
0.666309387085607
0.226787553012883
0.721251207077478
4.53717443720393
1.4539462052555
2.90653462238123
0.263381204477512
3.98167956343394
0.539964322681027
18.6929309237846
0.296401681199098
0.624763078726713
0.389674672324353
0.263629830770627
0.653640082365198
6.24310262725421
0.352820285762332
0.224647406474275
0.749444192092366
2.96237162146509
1.1182852110952
1.07835406317971
3.05217112580364
65.7331709538196
0.932299493320738
1.50747294477409
3.67182201861609
0.544679610817557
0.575277070859452
5.42422296871936
4.7543529360536
0.667591797026589
1.07098508098375
7.20267300291273
0.397574440111597
0.74685987339249
1.1330793293018
0.270173213335606
0.93059034384601
2.29550916149951
0.7302677686887
0.705705110086615
0.44199008565195
0.573978270396698
21.9201409106411
0.255267587357847
8.15087729999867
18.8939135542734
0.622281064318468
2.22402958492652
1.29621143560747
1.24834028645184
0.445721816626663
0.578521412346947
0.825200106345794
0.249278352123634
0.314535113693847
1.27504352980694
9.70799627285131
0.582148782856514
0.746289346549118
0.247202754636059
0.5263391698047
0.764440405694042
0.487206686049
0.351094624806288
2.71174465065641
0.31573775526511
4.48786786801094
3.54274689855623
1.32119612110565
0.226356762387163
0.354183397094479
3.14982268963039
0.821291893782548
1.10444834294932
2.23453997015303
0.628432754261812
0.798716835117958
0.811791309753459
0.218568047707001
0.444136790559471
0.223556434753442
2.25994309522774
0.890241604091605
0.66189478132516
1.86513050871209
3.8526670944237
0.267031173021089
1.39652421128179
0.224297921449627
0.707021216211088
0.877601167801386
5.36867407128806
0.362063934234066
1.7784072169653
0.426823144021046
3.36065673426247
0.195957107656186
1.22357651260035
0.663868443544787
0.401630540329171
27.1874329034697
0.528695249341758
0.745336489515438
0.91626937154987
25.0097346293722
52.4712286078934
0.59470257554114
0.7795284616883
0.236436831628496
0.756288588176854
0.261646539719275
0.62738118551911
0.739387783657592
137.232564920112
4.19130874343824
21.5116443761892
45.3084674597084
0.363063421689057
1.38571626384952
0.290088573215377
5.64645980188064
0.582839396997385
0.97898013295869
1.747833614773
2.10750325646913
0.800824737144029
16.2888127171874
1.89227255369107
55.1029614709455
0.618687747146244
0.307893185221263
1.23575526660097
12.4589494681894
2.91704070960435
1.80548766740131
1.02558295629131
7.94646599898034
0.322532827565252
8.34268018464096
16.7459862114453
12.8946322514123
0.399297629533528
1.63849328313796
65.7968219111263
0.829131006990756
19.3426385088724
13.2773332421879
0.268211987478873
0.62666667511174
0.40922652756837
0.311470931389259
0.400723894904848
1.20733263289975
1.37771004314038
3.49858701072219
0.552284864674343
0.602573502921273
0.590993099334615
2.8227218707839
33.2463440244603
0.24228371255809
0.394841518262252
0.264154351172942
0.286625452442065
5.20651767028885
3.10255462118066
0.193592233410603
2.6511458671694
8.09820997094324
1.10783069337416
15.1970388787178
1.60841917395323
6.49771774177549
45.2386179272333
19.0828253861127
37.8597987431694
0.488233277520294
0.836505100613074
2.10350899875552
1.35172919366179
4.57537325868542
0.578863538084357
4.7895135793939
1.61914327266763
2.40435027860238
0.801600960303658
0.851636877546311
29.0776653921586
1.43378676944637
4.12937127653595
5.96064507835374
2.07350828982369
28.0826836634023
2.53223763275041
2.71474334654442
0.13975792278598
35.4207125451009
3.26664337861339
2.75132382728229
5.54499161786254
1.20008027845641
639.539559230791
1.43075268929804
15.3273630682061
0.390564736726659
12.4477640696972
0.219623836625863
12.1671385450765
2.02035108732025
0.44832454350769
0.426901720977887
5.11888452368708
0.42459254834378
48.9161144067132
0.305308492409919
1.61427309857595
0.453617382710268
1.78831091630323
1.50528066537416
85.0326013193836
2.60559881497494
3.50468384742155
25.9615746585595
34.0576623229754
3.75503758376591
26.8249506592759
13.2239608724011
162.854736992627
0.29551418020848
28.2460071314199
0.269438684766007
0.977488460811737
102.93603166536
0.810292413970342
0.575161322074936
57.2606244326234
0.488698953007693
0.305062880007436
0.673021258181939
263.840569087624
6.65098387674543
6.13696072879756
0.397344912522361
1.68244340697054
2.03023996401344
3.54153998921752
33.5796190376859
109.295565607131
11.8772457514263
21.9311721405252
69.576103400747
0.994202484620655
0.375176571806654
0.333592243456938
0.531384003429173
1.16753935792636
0.299899666474571
42.4848402544381
0.256907226095369
6.90070153395239
0.394771394606206
0.7377333915948
0.44616418292394
17.1215000764983
23.2604395404101
24.7612633382583
0.530947513375913
0.58988687041478
1.49885842371291
0.300102945390999
2.22469453564989
6.08444476620154
80.6505388613616
9.52748049327828
8.20188881363112
3.75768787805545
1.60541249166252
1.76427039739377
1.41094227172648
0.307937158142915
1.31868095385257
66.6338702587881
7.04181915661658
5.53952200618715
0.482597425718512
0.243274306053385
0.21908420010065
0.231412807214726
0.670077056677359
1.15683520768667
13.9010050699705
30.8522370489686
2.69162710204201
0.7229033137024
7.75508364911959
0.4822009988384
0.418044552986037
0.960552073955233
0.487789849644024
0.900502773570455
2.39871416456421
55.3393926111878
1.55075831807837
1.04562608856439
14.9627078447897
1.15198742990009
0.262732098477979
1.32161643732416
1.48173127598944
0.312874136830243
45.9972346202936
0.489836513743944
0.397619339961613
0.6364955480105
1.15826329571211
13.7512947686612
96.2262277806949
2.02220677746841
13.0606415348112
1.25968106037029
3.04441212076269
1.21454943149119
1.65045776911291
1.46755760294234
29.4889127800042
0.259652338096414
0.665934129731674
0.488836298127236
2.30049151651147
1.12796910338052
1.93346534060776
16.9881283892301
26.8822197921799
13.8016228649264
7.00309130240986
0.219063022696655
5.29423349526494
13.6624144575974
2.43827357702712
16.5761273307451
49.2979437376124
2.14793583304102
5.03173857938292
226.594375980309
0.272016931501184
1.76973930722854
43.1236280790423
1.58698179859712
0.525509625134842
8.24551822344796
49.922913873658
0.367954715849777
53.8335650130268
1.63430892631439
23.1225136842663
0.579708228517947
2.2995024689652
3.64176788184233
0.904724172549333
3.19358790208942
0.621444898481176
1.15551056213885
14.3357709052847
0.22194990567422
7.12898054342279
5.61127990550346
59.9841918423424
17.8489373779459
1.43320530777111
357.143409465904
0.89699869445622
23.876800892884
3.67662032648659
0.530819156203756
0.461763271759984
3.80280301722556
1.65770338604932
19.7798270853738
0.70627677530666
424.40652425872
0.548418034768918
10.5192467976988
4.04171222886915
7.45440520779239
0.397109065100169
46.6169125357645
5.99573097883765
0.444655676930002
3.27459436931752
0.228015404666895
0.224584093096179
15.5098498032996
0.308342841384745
2.54119551401468
67.6362064940661
3.198275051016
2.14633707674763
0.44832454350769
6.59663128245869
6.74270642538189
0.306685864104139
0.224901343704761
60.4887372164843
0.217371583169687
0.35811435778034
0.399420404789036
3.02841381014023
86.6393027616315
2.10863627048321
0.260376491151106
1.15691570158014
84.0692829108181
0.27728950789372
7.29536969974216
3.38566665542715
0.557260556988252
2.50425982504471
18.3915356393444
0.30435978901459
1.05949237103723
8.3978541140521
0.257538328604755
0.821768836257894
0.490423266037195
0.711071598552422
4.17350067691816
4.85879091318617
0.331717492898138
0.586894526636221
1.09048408797985
0.432484401263224
0.823888175187146
0.310785034443328
25.519105819592
0.227894476368738
0.189228293035021
0.93227292734416
10.1562121891129
285.885456889261
0.290210902537298
0.616221506601977
2.84272932483082
2.6997971281451
0.308750782592794
0.401214848081969
4.64445148134349
7.24228843083635
0.578499320285645
125.522398018516
7.23732482230719
0.382548257219425
0.371819267079739
58.0864832165432
1.27140290943582
0.277313414895979
1.22551845969371
0.434984661939951
0.535492540491875
5.94705453697227
11.2943141520396
1.91444957914352
0.763174725037726
0.696259749166356
2.99271390148162
1.95171593558959
0.929756009725727
1.06050390022303
1.09701519925435
5.89106236839223
0.232300062843301
0.215157113563436
1.05623160736053
4.04920623216475
0.44185939545684
0.190969711207163
0.370857679983105
20.9305666122316
3.21264139029222
0.538302466495704
2.25469196411223
44.9722816120611
0.539846721519447
0.468190627255209
0.199339670526239
0.321046658102171
3.42032211599389
1.81841144585483
3.00895828072932
0.255572615801853
0.269811110170361
2.7824960912529
41.6504347448341
0.762356995380755
4.77211785958781
14.3500344370689
0.853979006368055
10.8565961279972
2.16004411275684
0.66609833942675
0.468308766554774
3.26782603428983
2.36920848601026
1.30785391614384
42.8978012721379
2.13252441873206
0.626720402612736
0.188335827233718
0.319445423644202
0.942969695630305
1.91682070387147
2.02448717698813
1.98223142171599
21.7470865940192
2.27387245854933
1.07153494042012
77.1850039978241
8.94859712192856
0.568638000279091
5.99421295601979
0.888424584942946
0.222330544725406
0.304883989572277
2.29364528103613
2.8006423873835
0.670579147159678
1.5502553411578
0.217973804022696
2.15558938804802
0.376922121585892
0.907501153610239
0.256008774828084
0.218629128918927
4.3627966070029
13.1133365455326
3.70445948709844
1.79933932717137
3.73698138843274
3.2390126205967
24.3108383917011
0.400570139382056
4.05673086721792
3.10687045855534
0.264244992649937
0.268806372490069
0.909086981395416
0.443745363244396
1.41663817703186
0.260376491151106
0.839721525012548
0.488464771939827
1.95732862171493
0.272956242777583
0.71061769764194
0.216485929069085
0.222425600888614
2.1231001331006
0.484308013026971
0.287698681262482
0.545426219751532
0.711813862144192
6.46208086434254
0.313488665210635
0.535768568749428
9.8077979561397
8.44160308746069
0.354811121356052
43.07754033976
0.221461019303808
0.489275856765187
4.0749251569618
0.718946046097115
0.490958897897106
0.646612022790805
0.742958681148277
0.62580629714004
0.253496123347516
4.30258446171795
12.4356786782467
0.93230810938379
0.458727560169525
0.578807988215646
0.535257163901518
14.2159290587264
12.7838406603746
0.759703281631731
2.48145998176156
0.358054888142062
1.10995955657394
5.22084874557104
0.403505988937874
2.05237603482608
0.379719084795383
1.99916679280518
0.337112433258724
0.716954325180143
1.75301328150992
1.43203982430648
0.440393677516846
0.703019415537609
2.04077499329422
0.755201661716299
1.85184202677601
0.33727219311817
0.425508612213132
0.166310402967141
0.665669329753
3.89379423965381
0.579275347461848
0.241022279622857
0.217866570540322
0.255914825129987
0.303080300696719
0.439540274342619
1.11256050870509
1.62630594799009
0.339829890821181
0.744291978786684
1.20484864606312
0.140840403655218
0.673169422937053
1.64728261799722
0.535492540491875
4.32502631663882
0.870944826828433
0.483973453521378
0.204134615300131
1.27479643894282
0.312023619167739
0.754273609006032
0.986785012453019
0.401254479282389
0.185917669186594
0.416763521407091
0.45877248309235
1.94390530974226
0.258450474376539
0.278515470296003
0.777912156611692
0.213615534326551
0.708969493574442
0.217673043709067
1.07888614625035
0.309688209384419
1.34136300135532
0.229848100917397
8.99404851683472
0.397612749560877
0.50412786967645
6.27745171671488
1.20434590813391
1.02083302896401
0.433576945926749
5.60584347639359
0.266365363589064
0.717724818235955
9.8140140460608
2.06719509893237
0.50255588412001
2.95708441828164
0.308564677591928
0.176093951769521
1.40774065022425
0.208893386574124
0.39147863208621
0.223879612659246
0.535492540491875
0.32659085751074
1.13607891016279
0.222116632969343
0.575277758686967
1.74074565160828
1.24633793812062
0.536009261734403
0.779809630772598
0.752704271068648
0.771793038604502
0.261167088469884
0.22050562085156
0.485150072550314
0.491684541967576
0.6631692032752
3.06570007692301
1.96859723554448
0.527977462918555
0.575699581304774
0.237658069382854
0.310006634815321
0.233263918898278
1.56090059071854
4.72827138289361
6.13525944311483
0.370557442455156
1.87088615820549
5.23698938297288
0.399162791433031
0.843790970758121
0.268409281204284
16.4171639176594
0.727319639482372
4.0651736729415
0.353357228381617
0.197146324905262
7.30092884937602
3.52668051527341
0.88588931212423
0.307510615991361
0.401082574430275
0.926826798533394
0.218232572110253
22.6675156757714
0.798163846837319
1.19654283753843
0.307865423678655
0.579639457975188
2.27204051170867
0.44832454350769
0.30931996357205
1.43996199874712
1.52850914193949
1.38938651846037
0.362724832012929
1.64810909447855
1.68891484450921
26.4785764149317
2.02929440496784
2.67444109622987
0.223393432909057
0.442133822896093
0.492022180180825
2.30781531210887
1.57704032428562
2.18260819517611
1.20862768121043
1.8176902838619
1.95068044882079
0.396630790363068
0.662481218868667
0.238234355352649
1.55037630180504
0.610265199002478
2.86482611360489
0.226446462071479
0.574756359469381
5.04791156092146
0.468141314608718
1.0444514202966
0.915769306877445
0.349821553783522
0.378895522493881
1.13149500295293
0.298952938430618
0.69187070094777
0.90881726892967
1.38415553658872
0.448039631532642
0.315177364210728
3.0144287954365
0.223667551714565
1.08327145373705
0.843576708033607
0.225914548851634
1.73127446436635
0.351993085989617
2.04233595022281
0.665443014530519
0.466266997533951
4.22493999321813
25.1182572267602
0.481954925868771
15.9585720407385
3.17619702554505
0.627226778048709
1.33371862216612
1.58085265198161
0.981267828659578
2.1366887955534
0.489880045478449
0.447176090927134
0.268184711200789
3.30848364220345
0.711548760023297
0.445966285302512
52.1066325446099
2.44260759812272
0.310941720825839
0.445449880547992
2.65580392760438
1.03234325553952
0.395477580531453
1.03834487077812
0.753033967695106
1.31397312130224
0.751456574118059
0.448702953728132
1.36738052509408
3.61008649400326
3.22022189323904
10.7204289323886
0.359493141294681
0.358885709789786
1.15943943312472
0.330911444700724
0.485078070845495
1.42030464826836
0.445302871149175
1.84885973792712
0.156865931568267
0.4268213317549
0.401892603882361
1.57552294069862
0.386986337799788
0.355088995714075
1.20361832147652
1.02513248787664
0.344331392579805
1.68679488339687
5.89111779102927
5.32041433587258
0.249957522390546
1.75180452782006
4.4837517032797
4.60158279442764
0.693395688273939
6.68806490244697
1.91626158593065
0.309739708054671
0.213908096599415
3.81732016404656
0.170936046142376
0.563660621222919
1.6063561557445
0.441650860444642
0.373501516888207
1.02025464161933
0.302330880224403
0.262560623024064
2.39607874479384
0.48817048869521
8.50312684310894
0.311928391923043
0.537479092685586
1.10407957710201
0.252272086083524
0.272465292575488
28.6881573012216
0.446957410396401
0.364881461425817
0.586936607030572
0.312989403379561
27.8743391952678
0.324876009461761
0.314356900597216
3.76620594911168
1.16022511550682
4.27631969307961
0.665522320354183
0.427428192589798
1.56295468370402
0.711111181531213
3.07247065560903
0.221244757661291
0.59634344358576
6.71321385516694
0.221293843968453
0.512086117422332
0.259652338096414
4.77468870945412
0.638336743354695
6.23944741808311
4.58728417727549
0.709850848591994
0.447143366955284
0.577273696685954
0.20059061568478
2.12126103655221
0.571606350545721
8.99739699248677
0.708238465976701
0.99754345443381
0.862620791086561
0.440628599953467
0.516944094041107
12.0553767159701
0.639199650867373
2.28593659267077
0.314118293435662
0.711991723427326
0.278572273367086
14.4371795504799
0.214641679520697
0.439731389699816
0.944903118786648
0.196343737203721
0.140245526574087
0.578843209740409
3.32423644375368
0.625332941157499
3.47543245926139
0.861049604909976
0.581148567239806
1.6555303808135
0.435308580485578
0.261731099596635
0.548012506978989
10.5580166643084
0.406220484061763
0.749421251712661
0.933559613602187
1.53478033328028
0.260115227396717
418.941981649315
0.430870116990767
0.394890954601733
0.876949761035093
5.33270532127401
2.01866865004713
1.81833029945148
2.11102674148263
2.46328563485335
0.759496972082438
1.11514629817417
0.480492267943858
0.739227452416932
2.99021022314414
0.544506521049732
1.03014903301291
0.415364668799215
0.44223978694111
1.56222273918564
0.938685577653948
0.607545146019247
0.140245526574087
0.273445425077748
51.908144689545
0.366259466144878
2.83731149087691
1.31398234190946
0.816795875282348
0.715138037263759
24.7705102189865
2.21484830803552
0.362097927850581
28.1363669833082
0.636972655611508
9.85249689734171
8.96664332423354
0.684822523681035
1.19835179064202
0.303808390146811
4.45821023279483
8.02928999148186
0.198711879953978
1.50267184104871
0.488836298127236
0.862298071501036
1.94453312579107
0.358330474506768
67.1960376504633
2.24941234840463
1.84363235652134
0.39924218388099
1.57775769481914
224.539779143751
0.45722413654122
0.428914107886378
0.384416520597204
162.22284047888
0.725785638399717
0.259839893167128
0.140840403655218
0.648803903274817
0.26766467080384
2.70390095916301
2.01388785430428
0.803316721381221
1.16974853559235
0.38861859909967
0.312658436728284
0.856528128514973
1.76890174421797
0.326750014054641
0.799053888643566
0.640717886892333
30.9326361878933
1.1588042219213
0.476152145048545
1.19373154793952
0.22001718992675
0.923511260784531
0.422876475425377
0.350823235656713
0.22381874749558
0.347168654868141
1.38200458640793
0.954927407932319
0.488836298127236
0.814160996714447
0.319615917962646
1.11441076823732
0.973848116914196
0.761677915436431
0.387279397054712
0.581910044394383
2.63236290801275
0.516758385248449
0.212519759194293
1.28946211490472
0.293265894813099
1.62879604543551
0.650434956945833
0.57965375768229
0.265269522944984
0.858361824419031
0.293127393627766
1.19507776855372
4.52949854650667
3.05070566872138
48.8172813086611
36.9444968137697
1.38263830493962
0.214395799634582
6.65217678671862
38.027419080442
0.599545214395689
2.39092467422579
1.07239136923012
0.277951885321752
1.0614337712919
0.567389743551199
1.45905622495299
1.22334558064796
0.358167185814264
0.264866296611933
0.26558897540005
0.580623611356615
2.66570970803429
0.734947115690398
0.356346938985594
4.37398485914402
1.47301558756185
1.02248544325389
2.70856414077853
1.19203704786402
0.346377486510536
0.793490269897204
1.16210054078686
0.231906679575072
4.75718309305635
0.261286457931878
0.352655662802032
1.73812507206387
8.96133005041027
12.3324348226306
0.554791353135773
1.49619047698678
0.504760459421751
0.374559737215704
0.353784753048332
0.454020771735716
6.70892505415968
13.4525650670486
0.879263786305136
0.303565921852875
7.15486629719959
1.15703674664221
1.13075468378583
2.20782808307787
2.62353358352896
1.64695585659521
0.930651206772397
1.12786652817872
5.08376820562064
0.350492380158672
0.382815406371759
2.67130094623686
0.726886254599987
0.463351821235728
0.753595169034134
0.396065864449311
0.218266923603385
0.353224084018659
0.866785884505967
4.57446455821595
0.308951675704003
2.84758484375295
1.8655182434525
1.06425770400213
1.96655449820843
0.478114175649537
0.3527751581395
1.29009290806721
1.41345333722911
3.14806687959783
0.534166462690099
43.2352213748518
17.1214131973922
3.58918700310576
0.347167273042178
0.204218758784151
1.02304252399807
0.50064743303166
0.7057910881493
30.852528176372
5.37349803019364
2.37249649186169
1.12534494160834
3.44438314074689
0.69830388776652
0.266169861246324
0.442957757918505
54.7902613650488
0.221499285234565
0.61757537699269
10.7428260571251
0.221106953796893
0.707299254241092
29.1838050591726
0.843235453895188
0.933594403647509
8.89516498779025
0.632284439356733
2.71332033314065
0.562863415579621
12.1821669996079
0.645430670367598
0.718228108599514
0.555448952969056
2.22888644496343
2.2481100111519
0.353020253644804
0.535121081716631
1.23889133270904
11.1529912517462
3.8436135301583
0.438245930593313
1.11069231406098
1.20553870018634
5.42234838638758
0.576478125954127
0.442636630483733
0.411644046070491
5.39703390661359
0.209125626898124
2.41671830770177
0.586949528026934
4.05317465373678
17.0796821670375
7.86636058821491
0.451423078251593
0.216355152282597
0.564230807316902
3.13083849535075
2.65238928487524
4.28257285114571
0.397012644445125
0.576375993667469
0.316573886273071
654.485698671621
0.772240238815489
2.39599100794983
0.254415189444677
0.355727362420072
0.402982822317862
8.42395822903678
1.63670035181525
0.765908947146956
1.30176427012908
0.389787462368617
28.7208374780394
6.2566308172274
6.70844241118355
0.596589311070166
0.807665144242068
0.274159082719417
0.706097130270946
6.08145012719735
1.58565554162111
3.44005947552054
0.578653427766776
1.62300324720388
0.302064923530242
0.972626600623154
0.828816681621699
8.47738487687076
0.726022324931884
0.216980409292588
0.48333603333925
51.8748539147739
3.2103778068883
1.52526533270618
0.827783558031635
1.443159590882
25.8735578144926
1.34700962981578
6.0144817175755
11.9406999443449
1.09433891446165
1.45316501274434
0.876494968054998
0.560241919973259
0.355248611104979
0.295820778469844
3.99840019888252
4.04439280732971
129.079576903824
3.02541748385085
1.63337725796339
1.00029810880406
0.797089187691406
7.25946993613555
1.47059447184083
7.9961208856558
0.212348499208837
0.409328434151513
12.605062650704
0.975499134988251
0.525133052562274
0.219803440598846
0.369266937075364
1.71902020069842
0.246948946420571
11.5026218766972
3.01189954073486
1.42706352350449
2.21169773383424
0.478857372427743
1.19841353437701
0.296969392453807
37.4884677348032
1.04408741973077
6.21746694630542
1.1334967811469
2.55490456648152
0.401164078833305
0.535492540491875
0.37780142356699
0.306626271960215
7.51708151551008
0.490958897897106
94.5517463696929
0.259263599106484
11.0037494516596
0.309107135912635
0.967841626361774
0.739918137194684
6.88690937935973
1.64601100553542
3.90443331607879
0.480013165485357
0.185374046249987
1.86867702707404
0.354455497931324
0.308343822102971
1.54218873452802
0.389369526489215
0.710321662144571
0.897305311128555
2.58985240817552
0.790069868935149
0.425632411515149
0.597528098529673
0.749046665300507
0.457621786492545
10.1964016698477
1.09866877892837
0.258649893435853
0.229855347055842
1.30540218415668
7.14296027122101
1.26022222957503
0.721806584057791
5.28726404764873
0.210130274411595
6.91030376087945
1.34060214552269
0.519566229765804
2.62869811189488
0.207108957848406
0.269824868781258
0.722607040507994
1.86213218961651
13.4422177665918
0.230038677020974
2.76612813734309
2.05499704082569
2.13360418842611
0.359952844063507
4.55716015298566
0.60378589415974
2.47644840089451
0.849550189727737
0.453913958537819
0.264578275247547
0.192378193423164
0.217367134404043
27.1946019274204
0.238974543213972
0.605263593566127
2.21284393887725
0.733225055953544
0.75470433004031
1.0171403432258
0.399622638308843
0.357338374537854
86.8702092563615
4.32819459232012
0.688386175377785
0.308632441708367
4.86947837435647
0.285646513252874
0.489455874692757
0.347360692733357
0.223725327416567
0.65314908528281
1.45603296760371
0.223024279659379
0.3978369800596
0.218088760178031
1.3786517037093
0.214499191213834
1.0626554275338
2.11724256059979
0.468749624772465
1.1084542574293
2.05247807267501
3.06992351294697
0.221958119321053
0.578596195538278
3.63835808398871
5.40647511048165
0.31256308869169
2.0352942714614
1.08631331959841
0.898444480961576
3.26312575262232
18.538121883374
0.380783537761462
20.2119933909773
12.216893882696
0.868757771056753
4.98115627139396
1.19073515033077
5.99950887706157
5.85419758834462
1.66360983385393
3.13394173980794
0.663774615985804
4.8152208241558
15.3527242947701
0.313298489956141
1.83773971381696
0.229246112196899
8.26664610272172
11.6795402341322
5.66525980621286
18.0860071828656
0.220180673715785
0.3026289521124
2.60483466779282
11.7375581427665
0.222096015856092
0.352801973789795
0.576526564339114
3.67589391995534
1.97708435764967
1.04942997224837
1.61482829877841
0.846604467256978
0.489601984874629
2.4079157175194
0.686125961895286
5.0313650644778
17.2180570378915
5.4124475856383
3.04289714646941
0.856144308936653
0.331529797960431
43.7933560276278
9.18608606222124
0.262351459426793
1.82436182830321
0.220874774101239
0.400972697832893
0.761832159885384
1.15531221140335
4.1492764092962
1.03318934417558
0.520752982302212
17.6366978531045
0.571320234139686
0.269233859253721
0.636300640917641
0.978984648082461
0.441838732451054
1.29476654743674
6.03506759720698
1.36408067290904
1.0815650578148
53.8500615245165
0.513095991997149
1.54140314114805
1.0545905906019
0.470386322768649
0.815233526070761
43.0065710312683
0.300699765242169
2.79452903447492
0.535916510407216
1.0846471795723
5.30466175741014
0.280864968643792
1.40280255003958
0.55350273116422
3.28397863424568
0.533048237092317
0.250423009079368
1.12844969632243
0.894494711247719
0.212773868960813
0.374390691289731
2.45754673831875
0.354117685394484
55.6850158836153
15.7830729584189
15.7854660001686
0.303345108089034
101.345458191265
0.726042243367535
4.68942474933082
0.483945007051774
0.323149776633075
1.09991525379009
0.242022248835
0.431466091334084
0.31322979734066
0.254084454890125
0.662236071381331
31.4904788757837
1.05285387437524
0.692995564597271
0.250988930695242
0.578222962435514
1.19640117617181
2.23929392043001
0.223442573081635
0.296821410101944
0.417886778495021
0.849345232088295
0.53020457028638
0.228926861659555
0.602351362874024
4.54362707735931
3.37805159024558
4.17958528835979
1.81040251365967
15.123250751269
0.535782946511922
0.481945859822907
0.51224008824636
0.355048276314834
4.76882834864005
3.9632803313442
0.258826395876625
0.346377486510536
9.4178696040022
0.521806322464729
2.70021531916895
0.273576212823459
0.656860980585936
0.932113329524276
0.244907105672068
0.531511349667477
4.0102345943721
1.07727477285352
8.59192171695052
12.5379467238787
1.07044533117541
1.83504501092434
1.5893178999299
0.307714246761069
0.187064320271748
10.9856475646303
0.483576609233155
0.354549768296148
1.11718427426404
1.29595491743882
2.39231838598864
2.2279705195785
0.572581295142277
33.1209247966443
1.53065738713086
91.3100365471407
0.620175235580154
0.558662668081892
0.517168274168701
0.216980409292588
1.21097382207443
0.797019066434726
0.40141846658578
0.222441897751362
1.16314010263182
0.80447932758192
0.357616332537573
0.21426945463325
0.653192486362478
0.264241864602248
0.626984676343715
0.286553900611718
0.515656481450998
0.80077036904154
0.643426280131111
0.215459940452871
2.4029948488605
0.921922681940091
1.15267117915283
2.41484335470187
0.48238089058611
0.986144749078708
13.8169355477121
0.266664796333927
0.529556858254817
0.180659835697249
48.3348177239813
0.648884829656397
0.58681291020154
0.372465157298327
0.195661091900372
0.39111213251733
1.42041547445068
0.699763261126805
2.3989746758342
13.3920888515146
0.547673611117349
0.224595497549816
0.931462352783897
0.290663487033811
4.6217998483213
0.907081114454247
1.74288704745844
1.86938809976806
0.396487237360025
0.221343093029675
0.17319820276137
1.56089154082212
0.578702545135671
0.444449664931284
0.852270228616991
2.01239082508379
0.494156721197805
0.510659599373377
0.459761265380934
1.95624241883899
0.520381829318094
0.22194990567422
0.252155198081816
0.626671172497938
0.318752479689488
5.0464514545557
4.39707842110125
29.6386686321286
0.264730370245508
3.81665715751518
0.424303276467092
0.315161613871185
0.311495970717735
27.9001479047639
0.198159416180287
0.789865591213002
0.436451146256001
0.568597173731265
0.241433724722899
0.545555690422917
2.07338644494504
2.03793942674
7.11534929701309
1.90213719826438
0.482610590014663
0.354862780165845
2.37879137473318
0.519780128935056
0.487332375705941
0.258962765598896
1.53599517696628
0.404252746400768
0.222556859947888
1.03466947955705
1.95677952772086
1.69072001348196
0.256929439999071
1.28456969759402
5.31395735040973
2.79315028223466
0.438842625387563
1.51424765895399
0.3636789657311
2.59107856540821
1.64396194619202
0.60149094413161
3.92451983608584
3.56166547993421
0.204218758784151
1.65625544280826
0.622429258975794
0.343773586614897
0.354641084006499
0.534191992913358
0.999252353854964
8.77654254038385
0.731254419514179
0.356722849170791
0.837948268872271
9.47575564287171
0.476254846030591
0.502892310547905
20.2103096125413
4.82538120915647
0.88063781408665
5.72125310209378
0.98680020484001
10.1906674309929
0.336546461385102
6.63897057658135
5.93248758099469
0.22245368881872
1.87212005179033
0.534354426700066
0.537424140346501
1.38813571319419
0.746457142879799
11.8195730787366
4.27732426556985
0.222198976263239
3.07468290075777
0.251862003512053
2.22970855176594
0.710321662144571
0.358289402459321
0.362193639874668
0.305567798029947
0.962377394716212
0.734246972248745
26.7589146768394
0.333830274756721
0.8997494732689
2.13668077181377
1.15862733204118
23.7617322846228
1.43283390210332
0.225723791314571
0.606855726159371
0.440614705656142
0.537266832167598
0.213746311113039
0.359755235211384
0.309193618944668
0.488440662435303
0.678605744018139
29.9627655669819
0.263535521881989
0.173593542479887
0.278708768243038
3.97286235933153
0.802744268785984
0.261923100805666
0.234874534674835
18.4273724554327
0.34948569996388
3.5908016862435
0.910523454377385
0.707556379634765
1.11711969523805
0.529683137005263
2.14853877495988
0.399475628910026
0.531807329590297
1.71781794254352
0.405657414293058
0.402432285865646
0.188868367577413
2.60971106376624
0.399153494325234
0.364591697753057
0.48992990046393
8.57381788468215
0.225802226755217
0.714308113067198
0.629862144927462
0.84202240250658
3.59915932357293
0.267961524025997
1.33998875917765
0.664882113105206
0.628380972374184
4.36770362965753
0.891712232363496
12.4240825646273
0.541963931764605
0.247225538577921
0.441930808182964
0.88983878983826
0.694748580981549
3.11995725661349
16.9119275831555
0.635547529127959
2.86541245292914
0.285906262297811
2.88857873286344
0.323329217290442
0.39150637170732
4.63371037801944
0.48702653583436
0.687058592347772
0.58005423532577
0.28547622988441
0.600619082438025
2.43924878784637
0.268090099689169
0.288544571882149
4.53723776256587
2.04933396836395
0.225054696520154
0.999097165742763
0.806639734112128
5.62885952835489
0.473755364374286
16.56265179492
0.249805466764318
0.404169311133363
0.519006459608975
1.2141776074366
0.62833824666561
9.74355419288524
23.5848437178014
0.391115992474439
0.623853384910448
1.27944728400161
0.483267469871807
0.198941559195031
4.29099641328647
4.0939210706995
0.803206847473668
1.83056786407596
0.489455874692757
0.483715264218287
0.221821676474685
0.56843627934425
0.225610213235443
0.213385448852013
0.688890124651367
4.96885004191611
0.34730879745635
0.48817048869521
1.30399958920807
1.3314309413686
0.656245189933133
0.720639469500017
0.319905989759495
1.38878860924407
0.609626397946419
0.210622145797749
0.323970360240813
1.20646058307021
0.341704550782656
0.442360138118574
0.448921665162117
0.269841479278759
7.4969489520547
0.303161706498926
0.332319060549867
0.414450435472523
1.40330184245918
0.593222124433799
0.536583778809229
0.390268048592557
0.69505226638263
0.44616418292394
0.2528621504732
0.261334768562
0.358266670162023
0.483645298730028
1.811932286102
1.29022142199037
0.914621769249589
0.226703133360789
4.09852366763291
3.30136587586176
0.140245526574087
0.221950776057238
0.355663359659598
6.76490238562797
0.57217700321149
0.838844407240282
0.220626887601655
0.607284068262675
0.485419008761971
0.53533575247791
1.95519762704467
0.397210272776762
0.61148630705445
0.266585271684827
0.404017216135402
0.362681396841333
0.376834497816273
0.533260069558086
0.252441947833356
1.55069277531652
0.483772767452837
0.978994019352031
0.757976799499036
0.572244904663877
1.82680919343546
1.46210578820216
1.55753368230013
0.268697089558031
4.74203741799694
1.30275282962729
0.35624343311072
0.26709358718224
6.37727517137885
9.58640155548895
0.674895561314838
0.835534681126112
2.92741545396329
0.896981977352897
0.695067137014405
0.868357764109401
0.225300934761242
3.99429784405008
0.963802958781915
0.573936413118679
2.62041122069509
1.20378207054381
0.936020494611242
1.69864237238243
0.390175434661911
0.271061274643145
0.577120199652465
0.334208069075213
1.27469161049516
3.36936650342373
11.0991180813851
1.94877277640408
8.98633695167529
0.25658235853527
0.307007637877337
0.4862662589977
2.80804917023031
0.302708577969138
45.3017578305137
1.92709360261741
0.592026055316441
2.20225684999966
2.67505034125131
27.1309069928055
4.65422676093098
2.10913096745654
0.973219904189979
0.496575977150023
0.208434600366804
2.13960328380989
3.17971925661703
0.892908724233399
3.17188905894592
1.12209596050074
20.4407901348185
5.73773806261631
365.096705015289
2.9150252116335
8.10730164523791
0.756128202816477
6.81454649812271
0.286585027164117
1.90346501267946
0.972238634448168
0.197341221150613
6.43391024053678
1.72120363036941
0.670838066379578
1.26503814724522
0.306757044464964
0.827734337726951
1.60581743912536
1.1926054753422
0.695896308812473
0.558580621344619
0.37084178494988
1.32066871383928
9.45439582744511
6.96274466356429
0.862984234913911
0.448263110873122
2.26422539221104
1.97310477828706
0.315842977993538
3.02842847784134
1.15708020895768
0.75898102956414
3.14606016887549
4.9835735465602
0.446735320446199
0.355724875183536
3.89802995661408
0.535492540491875
0.492200848723057
19.3242798642599
5.65176322876402
1.60588086474357
4.06178137127001
3.16018840404368
23.8483422884651
4.63535272735583
4.17863312241697
0.972273348264244
1.55808939644139
0.852256918843748
1.52760767899604
0.418078351183442
1.93861917564426
3.31939431208121
0.398014571806552
0.393317639008318
1.09215662326226
0.365764728767833
1.34108086789624
0.265967385620493
1.23531740673323
0.427506433081544
3.87506637706917
0.785297802466811
2.32165052461724
2.01830689135626
0.479825112282849
0.443915718187234
10.1620138193067
0.810975837380688
6.24785120652262
0.633915300261716
0.263664613009708
0.313949655145845
0.346499805595988
0.270131770476117
0.848178582638158
2.60696692689286
0.244504528929195
0.446544821975126
18.7139359076947
0.355726169468143
12.5402198968191
0.266354518040458
0.199548197131147
0.558320250902663
2.05198492137647
0.465056536924835
0.309033049374836
1.48149301750876
0.323266619510294
0.845821882350794
0.98373971447
0.227700947423154
0.673266694344554
1.64245184865249
0.764529158369109
0.685522828764565
1.20693355482667
0.301104212346403
0.575076669692622
0.216980409292588
0.723459166822566
4.62264888618233
11.9322937694827
6.74452707268194
0.589788153724005
0.318469277370673
0.445544606358418
0.445889303711797
0.511115660755648
1.93679008465653
0.428302405511666
0.457775186247015
0.770016319184528
0.399407805927642
1.09632387989494
0.57389050043485
35.1931980076768
0.213365534091107
0.185700737338118
0.603990469056293
2.69744628358473
1.11700364785939
0.303881935997663
2.01152437395592
0.306264988198891
1.03132775501822
0.376259050653235
0.521453824985091
1.53725613110473
1.51485451883941
0.97676302963244
0.221395644808561
0.312067054339335
1.37456240117792
2.35701166255162
59.3694688330863
11.5335798674751
0.312494987713197
3.34218997314314
0.252263709344388
2.67824889952362
5.0854401518201
0.259521561309927
1.03860445279009
1.13901682431466
3.63554190656969
1.27372758568428
0.266652504394855
3.98792035522991
6.15292237500189
2.28051208622401
4.22821990995753
0.401190146902682
0.390355103386936
35.0149000139896
0.756763703983843
0.216267967758272
0.307500151169906
0.704920125805661
0.615374143739803
0.223512907623999
0.217680297673665
0.898364077482105
0.521894383691378
0.847273527444676
0.535266225269393
7.22756720974937
15.3818441872581
17.2241983782547
8.85020562729978
0.960016824835346
1.48725424343118
0.666676607602651
0.308361919974023
2.9137482800504
0.968963644714034
16.2577322386481
0.534272151383627
2.33106334072344
0.739569481503228
0.400945998691653
1.77889012456082
0.325562409213259
0.31663901528109
5.7625381819339
0.182596981471626
7.15186232702569
0.32176827327639
18.0936574982869
0.220562327442315
0.586263236795923
0.507268169326177
4.53122001870694
0.220373773033713
11.1260887296126
0.669025737313103
0.5804457908024
4.86031736869501
1.75993364041388
0.338953642235484
12.9672781178024
19.0788718891649
2.74373165972974
0.215587311877269
0.711197041462474
10.9484508250533
0.307927548642709
5.77103439658532
0.563660621222919
2.17187016954589
0.491321053922827
3.03428892955625
1.09301309653877
0.66305739295345
0.96912784090516
0.400615639351388
0.278877757834987
22.4004797498212
3.20372911261936
0.742244339094698
1.40218177159202
0.602274440376511
21.7240098649773
1.50550384574017
1.83505069809741
17.4598584152706
0.441941331943653
0.140721428238992
0.837396609133565
0.346190605279635
0.610853465296582
10.2209910921318
0.222869955830674
0.573817021815048
2.14164141751502
0.802750253602073
0.243760836539302
0.395048915576523
1.40259957643044
9.36525662539154
0.310143634729662
0.928585191150046
6.38139536469519
0.283774087885018
0.196813260494822
0.19006107491104
8.78646198658967
0.310450731351589
1.65397285643243
1.16016010994458
0.201125334563458
2.06956035747238
0.499182204111644
1.22286070205803
0.575940861948659
1.42402662512124
1.45164508186114
1.74614843316161
0.46916360269641
0.480904553323016
8.36434114384183
3.70512910008793
0.222803111892111
0.479020411924659
0.203306283484152
0.167709507343176
0.451677152390593
1.27795133146549
0.194331675249548
0.386769345227305
0.187219156377562
0.25042308521182
0.21475985755868
2.44347576149726
3.63248742974176
0.70967728056733
0.447891514153394
0.712567685371472
19.8988383029143
4.51195553479454
0.517249706638569
1.51631641958286
0.658461616305594
3.32123005317297
0.523145551592623
2.68099739272713
3.7097360003578
7.11310128852795
2.76718972889977
7.39775042159658
0.493654153414618
0.29558116020146
1.51979686760095
0.431315970812593
0.781949952059756
0.217286123543475
1.59117890087839
1.51211942290871
0.171315312928637
5.31146324772601
2.64883139802637
0.931494641425643
2.27535697210236
0.835271161225723
15.5354997132541
0.264526776577295
4.42917507986112
0.290998803367863
0.642010300511969
2.85022237370534
1.72269301780429
0.470509481676071
1.97376087054466
0.998263397134798
0.472592826830584
0.396598134489107
0.564863897766145
2.16052782082024
0.490508990302452
3.05683556839746
0.22479814951456
2.21773454585892
0.44083907991701
0.194933905903673
0.478268145957464
0.400761914124519
1.46940358802569
2.30357149133849
0.656644104788343
1.05391386023156
0.991351094959234
1.19050005690997
0.403030149616494
1.6453310304655
2.77956795433504
0.220258833178146
0.188425367446343
0.421794745169412
5.23280395972477
2.72131574753152
0.755385950981029
0.304038971292366
0.180226843349553
0.707284423848692
5.94149062183592
0.263588263998156
2.63222203489424
0.28238850560458
3.9628455735061
0.284263490971772
0.33440742046408
9.03522890896194
3.51560195408887
0.282693967590683
0.357587737935474
0.444878796926393
2.94804900527067
0.221316483571322
5.47847880002795
0.237133748430678
3.57293437809456
0.259602286203188
0.752923915608401
2.45860878271662
0.928477271203402
11.4260859638764
0.791409651867848
0.477342240144207
0.574449636647425
4.56998776189879
0.217175591397033
2.28707230277154
1.09010848374732
18.6382476341609
3.34858162663838
0.408414245329308
0.886976457717618
6.90527291518357
13.5859016200053
2.31219247765005
0.307577889116626
0.358787970230477
7.68783765637893
0.654280462178873
13.1831288990724
1.20967057990167
1.19358251598231
1.0689055105393
5.19200790051035
0.501755272711602
0.451645094178918
0.39290738398545
12.3481350416569
1.54783100308542
0.341731759309396
0.521784536261625
0.224283940300387
1.20140235804724
5.0444442095941
4.60870197923848
2.79188189135537
0.451412452312654
1.73849863570785
0.261731099596635
0.969704424611244
0.492292271239889
0.489899827122041
0.341294537686038
0.436522411076539
6.74080086331689
2.05417503307286
3.1648343528557
21.9684875571894
3.01627980884066
3.50505559073787
0.849561822493821
0.766124752875011
0.303190908261795
2.74528357041736
0.592529910918969
0.261844124421975
103.680183007807
0.522868314538599
0.408963301131039
0.825018664109156
0.167709507343176
0.329371647219156
0.33931390067276
4.25805718114452
4.97923895106716
28.4202644553745
1.47193894834493
2.31741842081607
45.0922404050718
6.89086986141326
2.41032409575999
0.962979382555331
0.496254394733782
0.346506259671235
0.341179562105263
0.377845871660089
1.79574692646584
0.377096646697379
0.760640365909329
0.645669147798787
3.70622834627077
5.68872871834163
0.576619619719119
1.73335465255279
1.6289391331787
0.264327394302496
0.23389594102143
0.620475674317258
0.159328565288814
0.67658509390921
0.255702150641395
0.921354168044598
0.741126567697043
0.301176158135622
3.09340526505076
1.07832757029982
1.71003499890638
0.376704958069662
0.225602056997958
1.14499069448709
0.631775379289496
0.487352420360386
0.710512369311404
33.8746311090937
0.218597860593584
3.69833848294807
0.483614988262608
0.826692588242698
8.57933976654059
6.00614199379942
1.39821826188601
1.34632842845828
0.454341182571267
1.00512739395679
0.525504330178275
3.76244948386303
3.73198523711841
2.13604038934457
0.475279588457511
0.897004664006814
1.82201131457424
1.10407474953351
11.9392690844367
1.18587872639205
7.76891027995562
1.17621729048612
4.95983893579986
0.579357590991399
1.37719974441302
1.29568115347641
1.66158384385718
0.296780091604881
3.20423731057305
1.09303085629795
6.70718725128641
0.311111067128513
0.432714017300402
0.265917088756821
0.220996736052716
2.0119430219041
0.706884212851803
1.40621813465964
2.03250108828351
0.427454752082035
0.308614237831096
3.43955533935127
14.5503905324488
0.893130588617574
6.40300585170022
6.13638815323477
0.371178603740814
1.29014429223568
6.51827535923387
0.377702527522289
58.4051289218228
0.219135549808038
0.312358043088319
0.221281648027763
2.24748143390955
0.255100724283222
0.5654115909021
28.4668953499892
0.338643311539649
0.226043010216
5.49413401648417
0.269093535639738
3.95068967716975
0.739021039428575
0.854882225291799
0.65916518484169
0.35285143978887
0.213395117582214
0.275733865774687
1.37099239393443
0.31305831281651
0.475842441815449
0.367593765811471
0.357661263674354
0.912605329638585
1.86252698439192
0.294303375218254
0.173088613294186
0.390360764636574
0.394287049571088
0.578531373529128
0.399366668620231
0.194450650665774
6.66299215415451
0.566789648101329
0.4081235118332
10.5128269256616
1.39423598122373
4.75539587973528
0.599847281817311
69.7552955224213
0.858386853377848
7.71750964826892
1.70197142103179
0.246644799236847
0.183847183448988
0.508144021480051
0.971846889702195
1.06408782147064
6.94077872998024
0.212421141344855
0.283681345040981
0.938233067457858
5.66503805909691
1.58387918673373
0.907389843464477
1.81876963343342
0.493279826597903
1.31270422733998
22.944736016893
0.771683354307288
0.298627561433169
0.901107270294853
1.03834779881268
3.8717421921848
475.639185826385
4.57787012948023
0.355411195556404
0.29392143026329
0.985755410312244
2.31063178224243
2.11150795668255
0.803179915285181
3.86994387839035
2.2905571035295
0.224478661152959
18.9366508319348
0.79605123461845
0.219565383980282
3.77301085383742
1.31081068775317
0.575142979521848
0.323484911458258
1.02255551793645
414.57646524936
0.62381407565576
1.07203605638361
0.263948745021559
9.4924123062005
7.89930753799637
3.12780866457207
0.220914158074376
1.98421062545481
2.44919212398356
1.36113022559805
2.77471330597774
0.562333166509274
0.885540230015232
0.766867129227171
7.58761674425942
7.55310593150536
4.41152304482341
0.3924612695617
2.18301152023742
0.194208208026987
0.308799446721235
0.351546500186198
3.10898956828827
0.454220896386472
18.6056469860623
0.292979876193171
0.964938037999924
0.619984983403054
0.211044530533983
17.8885527141198
233.311141043279
0.674746520274136
0.207824429048355
0.482179631524932
0.983177743983071
1.17345190800621
3.69426828635233
0.404330079143078
0.389925457134042
0.535346430310003
3.64729419619611
0.71474164787303
0.222057136999831
0.266970367005704
0.158874118282514
7.88694188586555
0.40075987930039
0.168294631888904
0.754226322127193
6.82011396532576
0.397826495523805
0.798630547272177
0.21818448725417
0.222850117142594
1.14995234826837
0.975071131171087
0.397067783750277
0.850370249377144
0.440031410944955
0.265535464246628
0.859703301678292
0.986269054717596
7.40215383053445
0.25777529544005
1.83493700422604
2.27191987244094
0.977503933435828
0.417680185377008
3.98964190123003
0.45401457756858
0.62620962096642
0.325299145968695
0.847097523528854
0.556291904868832
6.64423979132202
0.271349623299627
14.9692557908845
4.77459214247995
16.5331866647091
0.489836513743944
2.36801816627917
1.24921538265553
2.69142748136487
0.617563304999362
0.269749424243259
8.88145365971691
4.58678057104199
0.225314456270041
0.852419574696278
0.404324559104578
0.265517982311759
1.15805899740259
1.08870378348262
1.49127919987686
0.619280240590425
1.85178823740496
0.264729252203127
1.1453110471215
1.53513599426876
1.02016346440924
1.96021937968955
0.47735239980746
0.268294731905157
1.78666090982704
1.90750479482282
0.405763665050182
6.54336101439806
5.24352413903099
0.395916816335206
2.25364397515273
12.8332311258257
2.17103374428918
1.74868389918317
2.21661746551256
0.354833971609263
2.07999231832432
1.0942165710224
0.252932245344903
0.50816757564752
1.31068877911642
0.717946187137612
6.40368777077553
39.2911593189816
0.204218758784151
0.491063251168111
3.62380194131616
0.649517948060238
0.260852935045919
1.37701011393715
12.959572362633
0.70693753902779
1.16348550667652
0.293676245226095
0.732509904391394
1.63052524091679
0.394847428201211
0.731697484462007
0.640557817203381
0.755957468765418
0.622326975794425
1.54433482051207
1.59653642388303
0.400610941776408
0.534296383003058
0.684487168336408
0.376284909111884
0.894741255945885
1.60049420961465
1.06858571790877
0.735047642808328
1.22647445146055
1.90004949055616
5.89117893313084
0.921262918344337
1.44738498088315
0.516985983880337
0.372746241560624
1.77816444148431
0.194688787718892
2.50903140860239
3.31887960428543
7.50262018910551
0.712832542999136
0.394064321928113
4.66342760635925
1.41026326916107
3.48491370186129
0.217548016801386
0.863648720651661
3.79557196387277
0.824737421969125
2.57840305891382
3.22343397736406
0.445069241496806
1.524099300764
26.4415888411752
5.13204574058367
2.87382969361854
0.798843465030278
3.51009201496419
0.603905265648299
1.18442464592425
0.352499625456576
0.205777011957599
22.2525102427829
2.97191222733212
1.77431478971617
0.714006873046149
0.716138980964923
1.7325000959886
0.221271163491968
1.22909730549771
0.335883962289303
0.628245203030934
0.389674672324353
0.298297092153328
0.354570437786891
0.55326327508057
0.956143036044943
0.934143972974767
3.66674425827718
0.38928234196489
0.725634898566098
0.605025841449497
5.41137941292531
0.262958632426405
0.157843004027901
4.2373328654137
0.817964394719631
18.6012475612669
0.582077111724599
0.259652338096414
4.99743196460553
2.0711647023902
0.202952996961803
10.7648187114905
0.764230220598511
0.890760922949015
0.214265022848094
12.8757128167305
4.1240384300275
5.08459361101793
0.246895250605096
1.01024669149646
0.779892116444465
0.601770889436805
1.05977249559559
7.15816567819708
0.402355208872726
3.75142095965861
0.947728721239113
1.47101548971922
2.84920731899312
0.434702795142625
2.15934700706374
1.11881193108102
0.307703502377772
35.5802857986099
0.252272086083524
11.1607021325088
19.5883994086204
6.48966815861943
2.25790201531606
0.213248639997716
2.04518626464451
0.694212380665874
4.12873876763471
0.559608609222977
0.368721059078522
1.87019673034003
3.23365402867124
3.88053957778343
0.13975792278598
1.11171281850538
0.263162771513696
1.11106620250783
1.21155613739343
1.20647640396979
0.486053709756836
0.439649961997302
0.140840403655218
8.92873095428057
21.2437550505477
0.183254107974531
1.27104184383871
1.87457425903982
1.67096920482908
1.06617921719894
78.7147766068029
3.7711220709346
1.19303924799445
1.23650177989433
2.00608156676279
0.958143243801717
30.8903632378812
5.3094694758362
1.82991182757273
8.48065039160696
6.32181651492827
0.752127504309929
0.294516814227757
1.21828468080924
2.821526989
1.51070063542463
0.485531726276844
3.44859199899055
0.303080300696719
2.10226478008847
1.62495373753672
13.3418382504906
0.983750108960999
2.58095659548253
0.66671294110314
0.229407304588208
1.5640217539842
0.624648449044354
1.09009297272893
2.45924699168567
0.270099009213387
3.31895901054243
0.396056571769425
0.370916412920748
1.07098508098375
3.5417900096969
0.250497815494087
1.15260173932952
1.25875200098012
1.6355709776949
0.401679221410106
16.2146595027001
0.689790654944325
1.33159622165596
1.19727224653396
2.22989365155362
12.4672318396275
0.348875250942979
0.217817016008731
3.0200387347373
1.70131087829775
0.342909192244851
0.519560735720805
0.610844568120948
0.305196364270987
6.08043943327471
0.426132700120546
3.51559250569548
6.44430662221425
0.392753083911619
0.709318950608057
2.03355551187557
2.19744216181577
1.14333248766602
0.384929648387811
0.939625291655823
4.06371867963581
0.704964591526347
1.17516519443175
1.34536170549711
3.32137436005225
5.48048328974543
0.829273326219796
0.207206123725269
3.88208677868583
1.25080902918582
0.535723766984449
0.270213576335027
2.53298225036942
1.97569246875905
18.0403750801655
0.342684181869919
1.17908185105582
0.479371561391939
5.53632544669445
3.87119664620883
0.906932979272465
0.689218516007038
1.80259433339295
4.98886328087374
0.309778322107976
0.732227672749362
52.078731246892
1.42875340730904
0.186091414689945
0.536011098419059
3.45930353006802
2.58297179147594
0.74571590692545
0.530402468877808
0.217575376451219
1.59484300744377
0.931442728469701
3.48129103239797
4.37219687335996
18.7708191003582
2.00100879125274
0.140840403655218
1.67426355210437
1.49902521898985
1.02354921215947
0.49013215092468
1.28378950756872
9.38991891800994
7.52045412744272
0.498342482438937
0.818231753878424
4.37630085563715
0.20407541464635
0.323360932395638
0.715713756347056
3.38138776907726
3.21967688639691
0.210417672421831
0.661863400761824
3.8233726398436
12.2115371270972
1.00400968786316
0.265631390857242
0.626858963091514
11.6871871605778
2.33536279128896
3.1516695579862
1.08142196439607
0.973493686174113
0.178434424384882
1.61655970268392
2.0925435748552
19.3812969787286
8.34178373204599
21.1485429631509
0.218923678842016
0.217770115226718
0.357922636395302
10.0145471503373
0.69065693982643
1.1915063700829
0.947454568009307
1.00268688678427
0.534139969408969
2.00192300472723
1.87090986370435
16.7390761864727
0.221806024323092
0.805625183176907
0.592139364940955
0.344419417005858
1.29629829689005
0.292614758798504
14.7056236059803
0.704919124016224
0.412677721644462
0.831325031087243
0.419270700702577
1.83216272584852
4.74934344415139
0.484363385984143
0.355271547673585
4.19657615315125
0.338415423537329
0.908291957675988
7.31192821600285
15.5471253360689
2.60306126714843
0.313402292719744
0.718380755710939
2.47302763948749
1.82054345294785
1.85133909364053
20.0986207518197
2.80015001485424
2.84577553753741
1.69206217138942
9.21971665488667
0.253079734231698
0.32834524945284
1.26321966440132
0.527134801121672
2.7562507584209
0.606684538872168
21.4417614559903
3.46380591161929
43.5649875838933
579.731372069903
0.771876668881178
0.306493428288111
5.79326040546729
5.61706076317163
0.304842708222385
0.711140835400903
0.755947201141936
7.58831501999301
0.720753442870902
0.222119120205878
9.14544619604171
0.647612895652128
0.504124403008715
3.07440314206448
0.937798474746354
51.4467220996947
0.26668602389482
0.393199260506286
0.981690511384143
3.62545119784797
1.49184903316629
40.7674107455225
0.532366140152347
1.50974387574276
2.00928819622846
5.95541452042584
0.996318517609735
3.28083102354128
3.00829527854467
1.27815096856616
4.25528832236375
0.516242711376348
6.31772620534175
0.730918878026466
3.82631075704307
1.01356458898179
2.35894271634605
0.222124938574023
1.42948352398722
5.55822360027482
0.45387963955456
0.891978406983037
1.05689363359806
0.445274751708722
1.20032927671648
0.892078132991926
0.578453832208253
2.08547236064109
3.00587777097297
0.250827915986553
0.510841940919991
0.707014553449831
0.494891390687178
8.13051879348441
0.929659793247061
32.1555261902252
0.317347417373224
3.40841599119368
0.504059185249816
3.24275786347809
3.19853126886277
0.335635825343878
0.431009944796768
59.4490250946605
8.31447694838726
0.865443593016545
0.635708633310679
0.557884493266156
1.20031353715328
3.21183573135628
2.75068076506634
0.48203173303773
0.938155232938206
0.189546616711309
2.26607861791109
0.45004171597897
7.83854354242726
2.03297759650007
58.5676236753848
0.402654239393615
1.33360917481297
2.91961085770724
1.88716258309987
0.22381117145576
5.5489410851081
3.60307388942735
0.944591801419487
2.07371480368666
1.88371623653817
0.216980409292588
0.260763216262561
0.705800575445258
0.331529797960431
1.29462542153527
6.55325222753237
0.352494856681907
3.45552221267338
0.955768800528591
0.760895275817683
6.11646160300652
1.23472548989294
2.28572089465487
1.81188834398245
0.398441005212339
1.49548579117177
0.382884241031614
4.13507610913669
5.36897241483366
51.8577509022313
0.361574576098714
1.84618648797792
1.71466888649605
0.57251330627635
0.349792412240155
2.37618726255515
1.94458526228923
0.26449140702232
0.354975197181477
0.199459308300306
0.225201552606539
4.04847106651016
0.807777042348616
0.316966681382988
1.24929019055353
1.25315313405587
0.551329283864177
3.97305388502823
1.02666028557057
0.502196698706142
1.20976838300587
4.42527538105402
0.899306188962355
1.53771642919896
1.28954640895939
2.07287878120637
6.44652737233582
2.24838966313028
6.05599222991379
1.56564831478045
0.456496017496643
1.20529619170861
0.532479854782786
0.354251781941751
0.431054983170115
0.213494825007417
0.393582662565463
0.607117681098657
0.223075389041144
0.443690498057603
0.265820376221676
0.514764960639823
0.399530434907704
271.249752516368
0.222028312280939
0.490046143850109
0.514753975618777
0.523780715269917
1.30315953783023
2.21760853896659
4.09890118397925
0.462053869380185
0.43906313418457
0.401156832488537
0.419097052824758
2.04907846890485
2.89823932252746
2.58764625972947
1.69989549443822
4.40326885389038
0.686196207018101
2.86812224832319
6.14613184170256
1.04837387765108
0.378114118341825
0.487494517233364
0.310952319795005
6.2247152093466
1.23891595979677
0.264829782021436
10.4281425800817
0.606870110714351
1.24489434846254
0.292077010534344
0.377403408466859
1.18813512091095
0.613552219388974
3.09122054337992
1.42855088878647
2.53462360150623
0.259783114882902
1.56498809140455
0.331283009368689
1.03320449312119
4.86153792040849
0.392549619939985
0.567281219889916
3.40483550616896
2.64885813255843
1.50537501386741
1.68184545767541
1.5911389574003
0.944496119643675
5.23029104164361
0.305079263121323
0.803651975087528
0.90516482233894
0.927083671743306
0.76840342718345
0.488232471901257
1.30890530194273
0.510682063592504
3.2749158892737
2.95894607575357
3.1485556645939
7.002361874911
4.10181347310532
0.286781781727915
1.94644476992096
0.403593511144299
0.529837798753783
0.792242675414297
10.614967692247
1.00974757629913
0.294535491585091
1.47729387662514
1.57399924167989
0.190761934639744
0.81439002419956
0.172594376535391
0.8149741256198
5.50359853299841
0.232802304609059
0.432076906356615
0.799085939045455
0.471150447005068
0.854437959248969
1.10511704378611
0.278820672026899
0.270359205059368
2.92454665905077
0.383172507938333
4.09752224671389
0.39172827301977
0.171897655182853
2.02853811203425
2.10318668324104
2.52467718670284
0.761908579611444
0.360165464471472
0.43285039300559
2.19384172825056
0.269887296482632
0.5514648186369
0.445235380033356
38.3526157694581
1.55953586386466
0.208362778472512
3.85523186296161
10.061563344585
0.420827078037334
1.74103946702386
0.564625584285185
3.92504599388102
0.64562365647056
1.02520614836609
0.309026772096687
7.67641354705911
4.71126540571336
2.50285778430673
3.98850573670853
3.79649254608279
0.793898658915757
0.426263698905427
0.29823082538904
4.83365442745121
2.10215233058256
0.966272164955863
3.23338191656232
0.426968666896057
2.1025257458024
1.00069406177741
0.515294334908973
2.8313029506978
128.909261830297
0.889675188821028
1.2392045966753
0.842083348432806
3.56202947808392
1.62827986942095
2.79050075584514
1.25741061002225
1.36866198299071
1.87664130361951
0.448877491317856
0.346279493764889
2.79089595373518
0.655814084578264
1.8881931986411
1.41222599236226
2.71306560142718
0.216781268408888
1.17730360972801
1.16850482678621
3.79452098947175
1.81630690655653
0.790271223559856
0.6961220576699
1.16735613006652
0.156764818696531
0.449755648086021
1.61600148240025
2.61915957065871
1.59787236584749
0.267917603921719
0.629245295083575
0.259783114882902
0.640821940590784
8.15760159640388
3.66342094177831
3.07883128825708
2.19800761671779
2.97652952531163
3.8854779837611
5.22355349667214
0.836955150573731
0.39496676407249
0.486550871408622
7.93263656209595
2.65128705121238
0.348887820716976
0.343569429991671
0.495809902203644
0.548991490198489
6.83980070743641
0.803843588169715
1.94392568031932
1.65238155571979
2.82466950708143
1.28545638091519
5.79617126764084
1.26623854618955
4.31248604748257
0.326156058504875
0.514884942633592
0.809505397599425
0.748568182365252
1.22302166658339
0.285906262297811
0.488209950870651
6.77329288122599
0.418682794936725
0.171712929884398
1.74518112125596
1.35068388840242
20.6984397358969
574.541692957152
0.58511188628928
11.9996260045467
0.444046093522947
0.724071033659157
0.220727764702421
1.01713673929978
4.19478187864863
0.888848040185754
0.757907530102508
0.258678049774934
1.90143852787857
13.8463152970275
7.70956691463977
0.324881136423828
2.89472672362098
1.92468218389863
0.441253081994326
1.34782880167443
0.277857273810132
0.481699526754734
1.11495470564031
2.68350368632532
0.338334137947672
0.808385664063079
0.588044330879658
16.0292102995287
0.908822285031594
0.699364557678494
1.19490246731116
2.06219904656809
0.308830493642809
2.97897724024285
1.28517292003376
0.808038522172636
0.822204159410849
0.399672717908762
1.12204681451765
0.490731086612882
0.483904264371945
0.261882703823507
14.3149594125789
4.08659480367329
1.29986008496798
3.91344094667956
0.299965239388764
0.683862323887995
7.78189045177631
0.53103463704676
0.400681807082948
1.64349457259106
4.95886136939262
0.846132010465139
3.75890944233095
0.261731655794433
1.57996746580603
0.339662033147446
0.58729693377722
1.44458146920288
1.26581266264973
0.345164707976284
0.581338547047275
0.489801653779219
1.98763767142025
4.89091038098607
1.01435338004013
1.19325174518788
0.340333068726801
0.595686616744075
7.15017040836339
0.606480024256373
1.74277850545237
6.0278015843412
3.45505675022976
0.224170359302205
2.41564032313744
2.82138593245472
0.22119113477034
3.96841993840521
7.99724665643885
0.353964382730168
0.681079392070843
7.70153287921405
1.74480628729917
1.27632059549302
0.258515052510585
1.68581175131775
3.67855762476278
2.50618549084128
0.968153327903876
1.07222022898007
0.333678827356274
4.67907274490621
1.86248684297853
0.57766184810753
2.40471422148908
0.848850799196902
2.21061442764852
0.529805830122576
1.01210143447673
0.358053339510582
0.758629191842505
0.6010145549118
2.22677491841593
4.1003585421533
0.664416134611514
0.533293240541213
0.612424649917082
1.25424495488617
0.568102343849389
0.709523807854889
2.40486505220712
0.376667321581181
2.36045376910118
0.409600745837437
1.40158912918482
0.465789088673947
6.46039398137534
0.381257454722719
1.20704248666049
2.09460052585552
15.7865070658919
0.684565757166499
3.08282199133249
1.59102608455028
0.545997428142791
0.629892223575995
0.359709812352244
0.640582513158446
9.57092796322096
1.35119985331386
0.492051192154386
0.45879888064649
0.262872608672519
0.219364332552715
0.583758794399077
1.07920765484902
62.1579407165789
30.7626485241947
0.8534863493866
8.98963279487318
0.875662660159359
13.2290999410768
0.223782658018076
0.396124007807734
2.50533744903354
0.583816367978827
2.9569088432746
0.282976621455232
1.83986900967229
16.781648281578
0.224630448284042
1.29531319787111
1.17370791967072
0.525682034725956
1.46921915316789
0.978096553358899
1.31239211650903
1.30818382308731
0.267343362592609
1.26697304115379
1.27341999868118
0.403225471203919
0.667447038802393
0.825109501077959
2.04022696141305
0.356925234988313
1.08373121794959
0.207154154723971
0.747962925040719
0.662912991282909
2.81364471572905
9.73049975694463
11.8259362605856
1.68862752072377
1.74107989344866
0.546374891231781
1.27565035316843
0.248647348470323
0.378783433000561
2.89697329645807
4.47355204830952
6.75112399802769
0.986162217974052
4.35072040887679
0.397972605705677
0.366025770285252
5.53867533073991
26.3840875620301
1.32014748209832
2.51018023074532
2.84597921132691
4.67365987353994
1.5522614627729
1.46537942025131
0.265421967297273
0.746001809400511
0.452739625059684
1.32592678474577
2.57294481193924
0.219844985619907
1.22029520721993
0.60115206364465
6.43683659521988
0.617164665064661
0.684297203412813
0.354278090590181
0.377046607169249
1.88817044288309
5.13723764429148
0.216485929069085
3.04851076238338
0.22430069304017
0.712548468248169
2.59321926210032
0.293529051423469
0.83149007862763
5.07508982655793
0.218844770003199
0.745314570272248
0.626530143807416
1.20838132299213
2.19171506796043
2.7670653296624
9.67435037313999
0.635927225301467
0.808223057917
0.794012831793853
0.36107742673597
1.06337899434616
1.01714340379814
0.305141656718479
0.220934630525309
0.3034859678923
0.916444279835619
1.83511567997735
1.57569476244323
15.3191529449274
1.55465220027234
0.695735397422455
5.62492862057354
0.369162840808864
9.38439768884412
0.63213235725325
1.29918153914257
0.565114216071226
3.820803642624
1.36380278238815
1.93239030317293
1.49837784233851
5.18581428121373
0.548329433842985
4.94588760468817
1.33276592654898
0.452911600896003
0.734837937658734
0.216582096617097
6.86247703061474
2.60818001669066
0.23170765250747
1.1802009844932
1.23491603202455
0.621092641335628
1.2743456174416
5.16603473920139
1.19164746546178
1.25082043254573
4.43929896821524
0.37921874702709
2.25199363934343
1.37524672212424
0.488019842683964
0.296536724833394
0.448269778657734
17.2561397687099
0.265922596666594
5.3758098855792
1.42022903821891
3.41865632682478
1.6729520734256
2.01879140979629
1.31888336410357
0.573296854094087
1.51710696048763
8.48771613498603
1.17348182180701
1.11745433938207
2.13173146759892
2.92667968460616
1.76177378329904
0.219660969427298
0.97683477459588
0.357366283252468
2.26493143307526
0.471796953428363
1.92243352298972
0.363003347182106
0.654738488379843
2.61084067671479
5.62896987924521
0.356916385773816
0.417050443446077
0.43101729518103
0.58249328275892
3.01529284259242
0.637025739103915
0.384772949573197
5.41131629657266
0.213572778172979
1.37519984981847
5.07084779473727
1.23933333618716
0.433462396030407
8.78429598016952
0.622074790548511
4.76448255888493
3.90670673684081
1.85891617013963
0.265789901376429
0.356625617182434
0.928308286946431
0.263864033754123
1.45053162228655
1.63352658931023
0.534037986115466
0.396119148135175
2.04058921998162
1.56060008310783
4.58524260519283
0.596762449061295
0.435771605821778
105.957365809311
1.57184347995024
16.8036964423159
21.2664551277493
3.65089738710668
27.9808934565103
10.9655363738008
3.62232496776656
0.229749188341426
0.847911235651296
3.48583625499626
0.257269452606805
2.55538010915642
11.376067290224
0.621366188725844
0.363384446746893
1.48580261275105
0.576927238088532
0.230014860343451
0.184956852630483
85.2040774478863
5.92014022046016
11.2872852204147
0.533310352794646
8.28304084821174
0.955682939498203
3.40961661098906
1.44501213632054
9.97575837844135
0.934777604431313
101.069863922238
0.402344920353683
0.350171038808171
0.785914865113088
6.01241451300425
23.9318806125594
1.46959844706812
6.63790694780172
0.221019532325434
1.64829213107802
0.483886080687797
0.308520036573683
0.67275312057115
3.20002335086976
0.814289208001246
0.617914176932514
0.557385679915333
0.664703562658463
3.00400163061655
11.1039211500829
0.306448482372513
0.445769273508117
0.397323357583383
0.573949510692211
19.5085965013444
0.44059631999695
0.375888581252999
1.54438241949143
2.71614869306956
0.719640882254716
1.01854484782997
0.87708068124481
0.513596168438266
0.559644912608434
7.47106294627273
17.0866366676276
0.758547824029614
1.05494945572453
0.489079568205509
9.16021636606147
19.7016299715616
29.2738760369348
0.213832030500399
4.48220518700762
3.13717421838175
28.7244436489976
0.963070029607198
0.61714914404092
0.326729914888222
0.535492540491875
1.02215377636337
1.20077560045803
0.691545937258274
0.646350383597071
1.06492488122181
0.756322887787292
0.720574716375624
0.712119004073895
1.33970014854896
1.89922035182821
4.28511226774727
0.82005249128248
0.300086848026634
0.262646393319848
0.985636287504304
5.63821139013026
0.70208670318127
4.73470260968426
7.71068787719506
1.12201078764441
0.575879908990281
1.74195337186809
0.288791792060674
4.28024499701076
1.9051746852869
0.263834301314827
0.306919938818275
0.305513906566608
2.38372628045308
0.641813467304926
0.673133217284276
5.89709188882724
30.3309631948566
4.78595746565569
1.56569518655663
11.8847066053259
1.84332001643935
0.394587496416861
0.623317874855461
0.886343664657743
0.191232702556527
3.12877464473112
0.319036946111868
6.6612206980279
2.06532901920231
0.483872580659444
1.56801581085818
12.309656562363
2.72738524786535
0.304228692383475
3.13497268933084
1.88973936623447
0.473933518277993
0.222147901294686
0.168142499690871
0.659023072619208
0.43855250037731
8.20054155948283
0.694878348986243
8.21120502938975
1.61037370479754
2.24132441319472
2.4728596409376
0.297756949575356
1.82857557006844
0.360090019386457
1.01853243666095
0.966170565324687
2.61362895094086
1.69298229626432
0.493125239923539
11.410403438994
1.35433872298289
1.57876079081721
1.02389770216339
0.353264438607692
1.82355265732686
14.8463269335329
0.265206065459902
44.5587684968142
6.06503441819035
5.42042067654148
24.7247360401506
13.553689688939
0.582390518065757
2.59947216950313
3.72966334688505
4.1156857305961
0.780731302938281
0.671508552856778
0.352520708730767
0.934093306472186
7.18137565116998
2.8803896363687
0.203502038095149
1.87940939959535
3.48843049832294
44.3609343044622
14.0464944065628
3.30609028864609
0.906462409995393
0.959809213860386
0.218828065844501
0.840370538307644
1.06146948273853
0.927821761568753
0.413236302464841
1.13615561259573
36.6232434866541
1.24798580360294
0.517353139963112
0.229580208499893
0.216971870069868
11.8285424434747
1.08761926175829
0.719290307422269
0.495960050669065
0.7541675051048
9.94177143662858
0.971189724835521
0.39874977420485
0.278942234177026
2.26689232095618
2.4828420432224
0.839356755016598
1.76392716544315
1.6217588389993
0.897078874213477
2.3619854239154
0.184129688244402
2.16861141279608
0.549468306510319
0.749040508736435
0.439377829858601
3.17592087007403
1.05825729086829
0.740636855352244
1.74301322998812
0.533123044066626
0.261950557556505
4.40104606721479
0.767963123639248
0.22456584947599
3.42317105998112
0.382473317544834
0.784424784276424
0.448946438090293
0.625455894612093
0.772432064597816
1.88905016098483
0.266069109036331
2.17783941805671
8.00354451300695
0.304910133745874
0.453040741989415
3.13378810804923
39.2603784547684
2.47663091003005
0.287171373389037
2.2311765000265
1.36181087656954
0.784008494472795
0.72744764891029
4.16329200121149
1.09465573874162
13.4863467227874
6.01141973613673
0.956094270958973
1.5323873067502
1.21191399420171
30.3081211516303
11.6367917456703
0.316291785086853
0.650429637508438
2.61525139043893
2.05186485883868
3.86259197745401
3.24517341245437
13.4445989337952
3.48735952359297
0.454264201996986
0.254427901673002
1.49991096845332
0.365709147838663
2.10819008781651
0.270672379886908
0.442195806102139
0.600802660861879
3.80632223803861
6.66185984407492
0.314642813837977
0.399343225716388
2.10032909540862
30.5005923567907
1.40532425624638
1.17732181865757
0.577080929978174
0.872174270665848
4.95577562140144
0.277089747943361
1.20712840731992
1.28509125368968
2.8420724405784
1.76558287756987
2.9820662187984
0.791405457925186
2.91992463154534
0.547577944050562
1.1829974194852
9.70930289502053
0.448418041753085
4.3230144048109
5.72219821549587
4.94644708369297
2.15092804115237
1.62469129755855
0.98741393651188
0.221874975853174
1.42443885764852
0.576936998610101
0.449981514951659
30.8107497416547
3.60171234914839
2.5028907527781
0.770703767729947
2.55471085636576
4.06526806123925
5.42110177077847
0.617093408419793
0.280491053148174
3.08028792879386
1.45913606810475
3.84500913560164
9.91329464957083
0.249681138640786
0.840964147593993
0.573921182943904
1.96452102468301
1.74896363716399
2.42114387196489
0.423729518792092
1.34635458274914
6.52146134428861
1.42302183396919
11.3589157091035
1.00218312221207
1.27201052927145
0.96379055210359
0.938856853143192
17.3807257010756
1.63849281619643
0.224851019856829
0.853177707660988
0.420487261765084
0.724201589345293
0.256807774540806
1.53400966416936
0.361349372395524
1.6644382734599
1.23596924852977
0.78718734525916
0.541781899110612
0.217259011805542
1.45290527623233
1.75878515747249
0.622869619068267
3.10603307743436
3.79004650595882
0.273589107056817
9.44524909751083
2.73239931732584
2.13643519570206
3.08395734887052
0.260050774728245
3.71054766649843
24.4111971878308
16.5899871594897
11.2031175973816
0.649301769001653
2.33102215774423
1.75320769439796
0.303772573009623
2.56793166366406
0.266498531634455
3.04731105446754
0.440148889312214
4.83811165528022
3.39037156181754
0.571974515659636
0.603773067110992
0.556660506708997
1.01530815529208
0.685290951050775
0.361339253604981
2.79545120420185
0.306254028861916
10.6038570473174
0.909030979996889
0.250260104519628
1.69764957617151
3.07501820214967
0.657266603497873
25.1425834444259
2.55169409355394
0.393619429073253
2.07070324569957
0.311217415314967
38.7205058922875
0.578499320285645
2.17429800199081
1.12212832840355
0.641568465809032
0.518218039072915
0.623606364221948
2.46284169597526
1.09613308013796
1.94861066262394
0.217828876267815
0.2528621504732
1.94396163235015
2.01882587351726
0.500981459800666
0.607060819393469
0.848981968288993
1.60466354444536
0.70012319063627
2.40893497877723
8.00550827780809
0.471325901620255
1.13455192502416
0.451944287165648
5.26169293208996
1.07631634039134
0.835409858096791
2.71525398930125
0.220044632652779
0.585522831360096
2.24400846123921
1.05928057072179
1.28693743566367
0.23025263188036
4.51324668869047
0.437994698671781
9.13998770904148
1.24922434940018
3.58003638055103
0.20654536704212
0.342581545573352
1.97770634785977
0.353966110126642
1.10406153185136
0.303772573009623
1.62527133237534
0.244202445714178
0.655299325488248
10.4012180155526
1.20471290227219
5.53478285298736
0.574662635666355
14.7092453260889
0.911992791242176
0.303657259170766
0.370021113217251
7.12786933238514
1.74029221408259
248.48530280538
0.825683372194574
4.00369497739457
0.57989060766852
1.34739218814242
4.58989546206426
0.898082831399455
2.53316121509896
0.908131084868205
2.68286448814524
0.310035989184896
9.56807558514266
2.08526401961495
12.057622194787
0.433960818585176
2.72297338717097
0.140050485058844
0.341762281975042
1.31612777352256
1.79532608889055
0.348904158089555
1.2691576442082
0.349551728670994
28.0808217645987
1.22387956659288
1.26800528028373
3.32699469415516
0.262839050954347
0.58848384494805
1.33862252277112
0.504669955584506
7.71018561697428
16.3146133721456
0.384578617964634
0.986937762513247
0.499413376662215
0.62332336890046
0.66465248629884
2.06924412576802
14.5655770514166
0.220458388972276
2.86783120736743
55.7489787893208
8.31496740876761
0.21949397480167
15.4802752155211
0.704570512790351
0.659026907449463
0.472482880440737
0.947032178935007
0.729360375497869
0.588632558773514
0.221946250595655
0.271821236606137
1.93574386961197
0.225540771492523
1.08868527080266
0.28858907891013
2.54219326822266
0.402980984734703
0.313309810784323
0.195661091900372
1.96136493183616
3.05486696717234
0.528491791307907
0.298765363966616
24.0589180018701
29.3520321924622
2.64826982036763
1.35023546243948
1.68380654854357
1.32664486519855
4.56126085784362
7.46256157256432
0.784107590705216
0.198595924992527
6.58727279675752
1.78541983738924
7.18089155541534
0.358443201831358
0.456418951191978
0.352322678072641
5.47553146909041
0.416609955150654
1.00132081553514
0.397543912856403
1.19178063472128
0.499374694621007
1.74362012430159
32.19151275464
0.67536245940356
2.60236829951564
0.345705669846228
0.672794363457935
0.246547307792384
3.30681291829341
5.93124981416812
3.27576012327204
12.6060169114952
0.824957379326366
0.677038347109825
2.91911625663456
0.401536602208345
0.686370614394777
1.88751351936603
0.751207538785897
0.310511489140803
0.287321851238968
0.925206890877487
1.25724976553861
0.440460863689765
21.7291895480575
0.52642211851575
0.830131089251249
0.209341818487874
0.259980906972303
0.219455876584507
0.706697531765696
0.54115391640551
0.531807329590297
0.872933943884572
0.195755261447543
0.169006077206628
0.259783114882902
1.43921272361625
0.152747610743235
0.331498898621357
0.216980409292588
0.705925843954271
0.391192167710147
0.559724036694826
1.96473151513831
0.659518148126758
0.224417488122415
0.443472846620907
0.766216427794332
2.02606485891055
0.270173213335606
2.20233681657172
2.23000969685645
0.666162309621522
9.57242901142318
0.728674652750237
3.23150995827685
0.675178703931021
0.788786375817584
0.645657794160278
0.380354609499614
0.466251756263387
0.48565488190275
0.519505711467275
10.1160212810971
2.61989755730688
0.251742608523196
0.271364630779248
18.0993923718795
4.35685734461405
5.49591655189464
3.15253798594094
0.453926892972064
0.443180271379304
0.535492540491875
0.389496304126581
40.7813721785464
16.2960238855664
1.40766696589552
1.73164426577908
1.28131245241321
0.470371860324594
3.16048605900054
0.305229314436188
0.310522737645525
0.221278375873088
2.82776571593533
0.21908420010065
26.4307923710441
0.564441489458535
0.595941711195847
3.74920891015965
1.33273308935542
0.907925458334257
1.48108930761951
1.10583822630704
0.328379967856949
3.78144625481644
2.00291400754229
3.73827298906902
0.527851609665434
0.610853231046465
1.15332835148203
2.64017000204201
3.17786092641171
22.744486111972
0.576111880956745
1.43882463143778
0.187253494651985
3.40271365431372
1.28629390401251
0.445880362505106
2.09484473273051
0.853419424428908
0.600343905902886
74.0332316225398
0.571149119871496
0.379944553832204
12.1795517276197
1.82915949820931
1.82279506992749
5.63499227452492
0.199905227970728
1.10602422952301
5.33250263820108
0.659344905467602
0.52244732162759
2.49777379406734
1.35558132559958
0.781099183601958
0.35622827152975
0.467764996167432
0.289599751588494
22.1344282641411
0.738368081114435
0.15824991423146
0.311306188744102
0.481992481450152
2.8210567253517
0.223706168337284
0.200359885638802
0.626070205373866
3.28465349916351
35.1446947754739
0.476879171283004
0.356879570985973
1.21229827935861
0.536602333041607
0.854857389695035
0.224948310894891
0.13975792278598
2.1051564505272
5.73496237374303
0.259368199389386
0.533634740700678
5.43356202594757
0.344252882351865
1.4464147639689
0.367331630711545
10.8721055515527
4.48640267055193
0.365386635485074
0.885062304045773
0.216980409292588
0.840753485860916
0.40008035435295
0.314812028369635
0.15541754097407
0.313833381460615
0.560126659615486
2.41957670419715
0.442183308578548
0.336432479947445
1.86195919574439
1.55653910201905
0.699054625489484
0.217968319038051
1.91686558889531
0.626799811642863
9.45089035849151
2.00531685129795
1.97281428615618
0.838805697320717
1.25624760518774
0.410945148712782
0.297381667365938
0.234579329305234
1.18917550755904
4.29752073503704
2.79007330461912
2.66458696951673
1.10242472577217
0.963954483615566
2.95223352861653
0.649742596611658
0.809407975921354
0.761323414713854
0.210060962240715
30.1586474914419
22.0525859456136
0.390871905076025
52.9154743279028
0.535492540491875
1.15292870200544
0.495412169749773
1.94799187146741
1.8105131323759
0.933450295074954
0.838940873723994
6.62030454405452
0.265155557964443
0.267652978417355
0.209559625861321
1.56341067153522
0.871479085443111
0.715572687177338
0.622229613910022
0.753694577600218
0.406606047601464
1.4029138846952
0.411980399007423
0.846079946854664
0.194173668585434
1.44218359410215
0.498080248843286
1.48242400197081
1.64689353472023
0.792951073736716
2.57558928724254
1.06355223507421
0.346389411514562
1.58287870290043
1.60302313641336
0.464108440387848
0.312034103703533
0.473878623648283
13.8239363935464
0.170838525384755
0.23076170596468
0.216442336806922
0.358084655944528
1.93544087664259
0.448418041753085
0.424487881790261
0.395191432186302
0.228984746494594
2.17071261746141
5.5922535935225
53.5859958926123
6.08545676700115
1.76483055561609
1.52783810035845
1.38832195091779
1.19657498507318
0.338240230975441
1.59942750959489
0.666826270731564
0.62200521257983
1.47904669650258
1.25979558935074
0.452977388985986
17.4589742282923
0.255871770632724
0.504070591826487
0.269038398216084
0.8066447110027
1.17764773529512
0.400398907591071
6.88902053263853
0.491926162878013
0.712681545103013
0.940313847369084
0.371572164864364
1.56809501380694
1.3488989273878
0.644906787584543
1.19540138687206
2.27753442094398
4.20247404159054
1.58881876169135
1.59276016622881
3.79780287253024
11.9224802714703
0.66305739295345
2.14205125851209
2.31707544374428
0.224023349903388
0.887894527820021
0.224904875723294
0.496025005524797
0.350580839408322
18.9672304920935
0.444503166135677
1.88454868005467
0.70542635709541
0.530228824012061
3.81753432809307
1.27877749570443
0.26060459170491
0.198508566847335
0.367776921807128
3.92217599818174
1.90238821050422
0.260636478014128
0.701434276565935
3.28049411348349
1.3677410425755
2.64665206970011
1.15453596423534
0.399964757386462
1.15048774570893
0.221874989717947
0.937114775216366
0.617202118231352
0.212172173851602
0.295804510627786
0.885881303233001
5.84296869701158
0.216454048327298
4.7718917018461
0.649639596325457
0.212269935943036
1.54402729213197
0.330114746884227
0.258002574555223
0.266298440653008
2.70222365808166
0.305934065853929
0.214302781710659
5.09051077829586
1.82418636922921
0.755260258468865
0.278326361190832
0.300836370249509
2.58218183051225
2.58703147955337
1.07388347440419
0.221710657701512
0.448589421874006
3.02201065063531
4.61596830008495
0.44619983765674
0.168506124976026
0.705990010094231
6.51485381140767
1.20059747549564
5.53627975457714
8.26943050280343
0.223074518658126
0.219361865030519
4.95336224275496
0.432753896827357
0.478410240606211
0.420662606979155
0.979292388436701
3.56721988837762
0.783438274019707
7.74233254958532
0.401746379401684
1.57306850567631
0.841210360571323
1.95330491324362
1.04155234822351
2.13898966105762
3.0073652660015
0.689407304098939
9.26812736687458
1.86898010948696
0.406920458739861
1.21674714267722
0.910724066809149
2.2729661114342
6.33542427225988
0.350840781063302
1.01628100198129
4.69874780965619
0.27434952728983
1.60728587428498
0.309283366613119
1.06267589505417
3.35625248152211
0.46034469002581
0.97881577611273
0.652210779118571
0.385376132888041
1.39814579962275
0.271778896008737
0.307937158142915
0.407601551731707
0.528493615067947
0.7852642093004
1.60636896164926
0.991696174723457
1.34654439211285
0.667521404613359
1.47401720047144
1.44500034101001
2.31358775414865
2.4494331802125
1.10634715816107
1.04250455778873
0.25617543129168
0.259885052954304
4.99237039633578
0.218143507762771
0.366169984920944
0.592867203742884
1.1584303173759
0.442677268909219
4.11319400653348
0.401367969181241
0.348684933690105
0.803886497906034
0.423522359012075
0.427084253962061
0.223992081578045
3.72337024668569
0.556954988431759
1.24835260780906
0.710752529567364
1.6387147071771
0.535492540491875
0.26067076662221
1.06192987585795
0.35624456189953
0.367295016804758
0.378814368481628
0.298694576736082
0.269967295704186
0.356097558993681
0.21639874454476
0.297907065319341
0.312162781415474
0.321205478873406
0.182017219822489
0.492406454874441
0.779724759606097
1.55356031960768
20.1328632237436
0.510603296123769
0.532699454244803
0.588748256333588
0.264820875115154
0.245539681897373
0.225726701285847
0.807332217856372
3.88327716174963
0.655258071816603
2.37666225085111
6.55580770748284
0.728536465923207
0.317279128041912
7.28613127791476
0.652693904385414
5.8208113194363
0.443879677011107
1.32111773675757
3.29289422262029
1.28934957637195
0.353748385595537
0.319713644663639
0.669117692084935
0.21771081775201
4.82784349050214
0.531158809055758
0.252191428218879
0.577368578378664
0.795369980128201
1.39226016338078
0.183247303281131
0.194995546461612
0.221771719904987
0.259202302842808
0.70033860623717
0.265578264540149
0.415591635683519
1.34003877479698
0.323902478767911
1.2986466611393
5.16060309528458
0.44516370890144
0.449205198919348
0.668465802453552
1.6012112143923
3.60584603869116
0.218072709127751
0.576779369130513
0.312931642747293
1.24468005023479
0.957020375930777
0.317004700602659
0.720223077899876
3.55200183294105
0.559410577323348
3.63529068279221
0.222376589454897
0.359958373019087
0.625747273697819
2.26272013534146
0.264837821760275
2.49903123178128
0.599921134400813
1.12220462971961
0.140840403655218
0.352011001970474
0.821051518316878
0.590852465008021
0.335509104914637
0.555846867003747
0.255781226915477
0.332378573600957
1.46778062046982
0.353289266169646
0.427281618624334
0.879864449171856
1.36484828521996
0.251798425330685
0.291373389511651
0.798008102757134
0.765843353449172
0.219136449024983
0.169173739550302
0.536292286008698
2.65678328522763
0.533141166473548
0.268261310733169
0.865192703940653
0.358914534508678
0.575423409265147
1.08683553291574
0.267696724047323
0.442914393459727
0.690012007427048
0.887962113664527
4.96147011611164
0.847769048922866
0.532166896962875
1.2789523591128
7.83641365059457
0.422603426557333
0.711180184752957
1.02300320457115
1.9551415677566
1.17531811065434
0.841539866304438
0.743620969561096
0.22251269200729
0.207206123725269
0.36645973890203
10.8998147159368
0.660797930209527
0.686862296056073
1.01407802482841
1.93991339994562
0.670122857852895
0.26409434663869
0.573767161825169
0.227487671885757
0.656252177131015
0.812455069572733
0.51951733822006
0.209681245193546
0.298624369554729
1.12981367131626
0.632060385094035
0.697645938635326
0.209473503875226
0.398921042359015
0.500373779291759
0.282558362034166
2.4361817837214
1.65158772063232
0.732570976234174
1.75222855799823
0.224905134129086
0.490883947686162
0.294844348960649
0.577276697024743
0.492485760698105
18.8672274015101
1.99019574912436
0.613756681993307
2.34595830124782
4.96348149533089
0.357271183411304
0.307968206407117
0.240639006095163
1.8243889611749
0.221029997146889
0.528173028600397
1.58617290103083
1.29111361006456
0.704662661882333
0.217169342314642
0.354128918203915
0.356313222791444
0.894504697845308
0.582989539273991
0.216683721158486
0.441812537280448
0.565032285819508
1.45056772040308
0.413940653628825
0.802340667014134
0.704599202423795
0.809253598962332
0.221145551845499
2.53377136879474
0.370030012175278
1.09168479742367
1.06911396827343
3.24159453538343
4.02625359884568
0.219875559750244
0.396315837627708
5.92476119638981
2.15359189140422
0.221817624744505
0.657003976506402
0.659423737770972
2.81973559394874
0.440024930818055
0.401971686186547
0.316118394316297
3.41257169265238
0.222773185430604
0.227434607825481
0.789751951955913
0.893079383568177
1.05528138941919
0.194929148237772
9.55722708747914
7.00121810172894
0.277457194178706
0.954316757622795
1.77862592198653
0.494791433253532
0.473670913002588
1.92328712691642
0.218670400954549
0.53219613261704
0.266400212702827
0.393897330396602
1.06622670723019
2.47554937498343
0.310623832302573
0.315711646471285
3.07610969353032
0.623067265100349
1.03760286769078
0.207206123725269
7.67017224432147
0.140623907481371
0.400492163730441
1.0327254047792
0.574580809502202
1.69102630859887
0.395334136658671
1.26646940035276
1.0150301806218
0.387697377614846
2.04569768192914
0.269191533604839
0.661162973481438
0.598477139561011
0.652402558045805
0.311709882473799
0.292849099406683
0.202506087182584
0.400566265064732
0.708529100147953
0.341900100709941
0.476118097944088
11.8057615932906
0.34285436201142
2.16297049579911
3.12856179017613
0.651922751211422
0.703202149693141
0.20110396543843
0.454907872977528
0.539632219046954
0.298310982491907
0.345420603237231
1.09288369249767
0.589640010649647
1.11637630775301
0.217523647812861
0.558874519547367
0.198407099892087
0.434166273892424
0.715765068316425
0.577677268094291
0.224646198623585
0.618891033150713
3.05817006106795
0.978567271172177
0.475271145369811
0.621174700703196
0.437829035428993
0.268791884299893
0.212088493588073
1.36643388952826
1.02507027380804
0.209635059531086
0.217486216490822
0.223678344884105
3.91427964615866
0.561044509101832
0.89238503343406
0.9570403566292
0.221025517141523
0.196076083072412
0.209323418987526
0.420525627818555
0.355248725403785
0.221628005004723
0.669193610038532
0.271481777747177
1.27272805443263
2.02212895534593
0.377803086218221
0.94736457465301
3.07164562039131
0.523643982394068
0.257241048676163
2.18710029002727
2.04619741564777
0.374681062984372
1.62519515199665
0.220808188774806
0.15344260448908
0.429853312268848
0.2191043957815
0.255199598832864
4.18322416243587
0.30938323868445
0.217559169076732
0.370099724300155
2.13088997962224
0.413286761768984
2.17249305240691
0.441120870688725
0.622655157988367
5.18371944505862
0.639658269172551
0.750928028275737
0.221650801277441
0.527186291493266
0.43747254038101
0.302060417354618
0.80318187246101
0.397631334327862
0.408565902750158
1.62434337805492
0.230058306692176
0.442651057960986
0.951606065534496
1.95719630170005
0.705021080326084
0.240736002206886
0.918745578468891
0.303345108089034
1.50832336166615
0.412800992195392
1.27497563982568
0.800756424752197
0.318197005737626
0.929894420341265
0.216485929069085
0.669665892359249
4.12909249307422
0.223366797442127
1.24142347212399
2.17170887011439
4.95957683667823
1.21194032777891
1.31924708808401
0.532521364558975
1.89027219120061
0.204939198417457
1.18587072666457
0.444185291564284
0.22184220553009
0.244447840799223
1.49409002266467
0.312833165843906
6.20223848428725
2.31238816266838
0.342240761391774
0.273756444005437
0.259768138393517
6.42259424665077
0.825260895866972
0.26184151486408
1.12317609287611
0.360667145409389
1.48065404545944
0.650114390237538
0.493112305445337
0.968881808515116
2.7455811177999
0.216267967758272
10.7684565937877
6.3381364591552
0.21873609596192
0.409585442641092
11.3858401857141
0.26741091285533
1.9293974019228
0.221088974626606
0.22277676364961
0.833511270841661
1.05056035789661
0.384460946713367
0.632806438433032
0.258812807914741
0.647765352469032
1.35209190844625
0.212421141344855
3.27851206732123
15.8982537139585
0.289105053638273
0.314495804439159
1.34521673087618
2.98470829462582
0.493632200795491
0.423978884816723
7.30923337359076
0.66534346676774
0.259783114882902
2.98154881979791
0.800704247781242
1.0238253858388
0.591701526460311
0.196787340424551
3.57728619334621
2.02732799454737
3.82152220158221
1.51539730780453
0.454972181318183
0.601858447222855
3.82916171704505
0.827114283486559
0.807684504892863
3.68623537031
0.590620537045604
0.350749856753842
1.41793455133028
1.32814673384544
20.7549272759096
2.24094630733676
1.88293310379618
0.906339401953451
1.73112266949791
0.268541716618381
0.454300429397194
0.216485929069085
0.265883689599772
0.254479708607329
0.790842689998959
0.518887477361282
0.27043377214964
0.456478731533151
5.45091127089702
0.201205967828298
1.61881690935858
10.6214570355115
4.45361220257749
