ID,logFC,AveExpr,t,P.Value,adj.P.Val,B
TSPAN6,-2.089568413,0.819848633,6.797568815,0.001657485,0.006392761,
LAS1L,-1.415802056,0.421584668,21.98107858,0.000262193,0.001239555,
SEMA3F,-2.36648006,0.32663693,43.28520678,7.16E-14,1.14E-12,
LAP3,-1.530846138,0.453065028,19.75618011,0.000211648,0.001023743,
RBM5,1.810000143,0.206038716,329.4520657,5.51E-19,1.19E-17,
ARF5,-0.810159222,0.16735841,164.9476585,8.76E-07,6.62E-06,
POLDIP2,-0.914568194,0.197222865,120.1023774,2.15E-06,1.53E-05,
FKBP4,0.451267122,0.114230652,463.2118476,6.59E-05,0.000358983,
RECQL,1.858467364,0.176864788,535.5616253,2.38E-26,7.33E-25,
ARHGAP33,2.070243917,1.048369376,8.918150201,0.009597684,0.028890958,
NDUFAB1,-0.768133505,0.258721404,81.62333391,0.002053171,0.007680972,
CDC27,0.82924063,0.307356881,43.14300473,0.004555236,0.01540364,
HCCS,1.032100351,0.203919545,110.9153676,2.40E-07,1.99E-06,
PRSS22,2.29020803,0.360567193,72.74185816,4.95E-11,6.12E-10,
UPF1,0.489310475,0.211437012,106.896141,0.017859112,0.048543577,
SLC25A5,-2.327362619,0.135471673,392.1436011,6.32E-67,5.29E-65,
FAM214B,1.398314829,0.198360797,151.9240852,7.23E-13,1.05E-11,
CREBBP,0.894242806,0.282741251,84.68687422,0.000978403,0.003997029,
WDR54,-1.716777413,0.974302225,5.226631629,0.013761039,0.039171274,
CROT,-3.101115285,0.953254998,7.102626766,0.000109879,0.000569195,
KMT2E,0.961004213,0.296968666,59.79104463,0.000710955,0.003020685,
SOX8,6.623463268,2.364473927,16.86399667,4.16E-07,3.32E-06,
FBXL3,1.297311259,0.324964653,43.26739689,2.72E-05,0.000160357,
ITGA3,0.556765501,0.185897522,120.572893,0.002306716,0.008511412,
ZFX,1.383627047,0.415602309,34.3641527,0.000329946,0.001525155,
REX1BD,-2.753861257,1.057953317,5.344933594,0.000963347,0.003948377,
MAP3K14,2.097112532,0.51069266,20.86414495,8.47E-06,5.49E-05,
TMEM132A,1.208882436,0.465848386,22.62825471,0.00400092,0.013782436,
AP2B1,1.315641336,0.183767859,137.8987972,3.44E-13,5.17E-12,
ZNF263,1.12248154,0.346620056,41.3740981,0.000592239,0.002573332,
SPATA20,1.254828896,0.609584546,10.34076424,0.014658251,0.041316148,
TNFRSF12A,2.078433326,0.096873639,979.1847969,8.77E-103,1.25E-100,
MAP3K9,0.944247247,0.327964803,44.59727576,0.002345228,0.008643725,
BAIAP2L1,0.605382547,0.222598315,99.60169049,0.005237603,0.017341392,
KDM7A,1.214637146,0.309253024,45.51260326,3.85E-05,0.000219453,
TTC22,-1.283781801,0.581023641,11.59634169,0.009294821,0.028178498,
GGCT,-2.303303463,0.220774209,132.8929823,2.98E-26,9.10E-25,
IFRD1,0.838149559,0.235016913,132.6351286,0.000242849,0.001157622,
PRSS21,1.673950639,0.76055077,9.116702856,0.006612794,0.021182221,
CCDC124,-1.985076293,0.298484348,63.07262608,6.07E-12,8.15E-11,
PAFAH1B1,0.495140783,0.160443446,160.2306345,0.001762193,0.006751322,
RHBDF1,2.217026824,0.251060773,134.3624607,2.44E-19,5.36E-18,
LUC7L,0.993157888,0.342638444,42.93395841,0.002090678,0.007797663,
TSR3,-2.04950761,0.296302917,58.84021362,9.06E-13,1.30E-11,
CRAMP1,1.481136552,0.360692685,43.61382829,1.39E-05,8.65E-05,
PSMB1,-0.510125817,0.14732128,203.3224109,0.000453079,0.002029373,
CDK11A,1.306479447,0.416130656,35.18690005,0.000686293,0.002932151,
NADK,0.814899117,0.319090223,39.46135663,0.007044315,0.022368049,
SYPL1,-1.326590919,0.232341005,83.76778133,4.44E-09,4.64E-08,
CYB561,-1.391398765,0.461447085,19.02364481,0.000853774,0.003546421,
SPAG9,0.802269986,0.186685153,162.4402346,1.20E-05,7.50E-05,
CELSR3,2.551495552,0.875272281,32.02874936,0.001097904,0.004435328,
SS18L2,1.052568807,0.324966813,58.06771425,0.00062413,0.00269674,
MPND,-2.28647759,1.189144185,4.347047846,0.005803721,0.018906318,
MGST1,-2.488765181,0.497499921,20.32494671,8.08E-08,7.18E-07,
CRY1,3.792882405,0.395747464,233.9471329,4.20E-22,1.07E-20,
NFIX,-1.648358512,0.667636235,9.502398208,0.003084988,0.010995051,
MMP25,7.463716792,1.246125798,117.5621633,3.89E-11,4.85E-10,
IL32,4.747258956,0.965233999,63.7434192,1.10E-06,8.22E-06,
PKD1,3.12838686,0.561540373,19.70287924,3.73E-09,3.93E-08,
RPS20,-0.514018884,0.11358166,398.5364739,5.19E-06,3.47E-05,
CSDE1,-0.658887413,0.109322671,360.5515498,1.30E-09,1.42E-08,
BAZ1B,1.587374677,0.239718136,84.6432539,1.15E-11,1.51E-10,
ZNF207,1.398813304,0.194477294,181.5356232,2.57E-13,3.92E-12,
UQCRC1,-1.036553333,0.21021042,93.22232476,4.43E-07,3.52E-06,
STARD3NL,1.356303751,0.454157088,23.45485714,0.001012966,0.004126014,
CD9,-0.637468102,0.141975351,200.6570767,5.60E-06,3.73E-05,
GIPR,1.326510818,0.534425409,17.07346136,0.004773252,0.016066066,
NISCH,1.368196187,0.277064371,67.79737592,3.08E-07,2.51E-06,
PRSS3,-2.726937383,0.285342617,74.5894168,1.65E-22,4.30E-21,
SCMH1,1.252215628,0.52624746,17.0213057,0.006750106,0.021538651,
FYN,1.483973012,0.330606811,47.0121226,2.57E-06,1.80E-05,
ELOA,-0.600899276,0.252387123,62.95168543,0.013656536,0.038921975,
CLCN6,1.56138433,0.446003563,28.5523822,0.00014755,0.000739008,
MRC2,1.077459937,0.437442082,20.60016034,0.006675275,0.021348505,
TSPAN9,-1.097777887,0.537540224,14.30596043,0.017975477,0.048754241,
APBA3,1.242748769,0.45169825,28.84362357,0.002495334,0.009126851,
ABHD5,-0.969903446,0.388314411,26.50490529,0.006752305,0.021539947,
RNF216,2.626819751,0.280613485,79.4411786,1.50E-21,3.75E-20,
PLAUR,0.998532441,0.393301867,25.8800712,0.00596322,0.019367483,
ANLN,-1.975354323,0.43031419,24.89414103,9.17E-07,6.92E-06,
ERCC1,0.918894144,0.177680407,161.2498301,1.46E-07,1.25E-06,
SEMA3B,2.31006407,1.323742925,4.267162469,0.012676321,0.036558668,
ELOVL5,0.558910091,0.199749312,130.4377527,0.00428115,0.014638224,
KDM5D,1.459699279,0.342547695,56.24001897,7.54E-06,4.93E-05,
PSMC4,-0.433911885,0.158779455,249.7943641,0.005626317,0.018451323,
CLK1,1.45785872,0.139718438,612.9791552,7.06E-26,2.10E-24,
RNF14,0.835764518,0.350437333,30.94873026,0.010922492,0.032269404,
GPRC5A,2.561261213,0.493734174,31.17330865,4.42E-08,4.05E-07,
UFL1,-0.8190359,0.283416446,48.06603794,0.002515292,0.009186278,
POLA2,-2.339056029,1.5026819,3.039529235,0.011138511,0.032816281,
CAPN1,-0.543986481,0.182294183,121.0309843,0.00235071,0.008655231,
MDH1,-1.969900913,0.310879745,46.59508244,4.98E-11,6.16E-10,
IL20RA,-7.50354834,2.874284457,5.488494966,2.36E-06,1.67E-05,
CLCA4,-3.643051457,0.906830116,11.22330074,1.10E-05,6.95E-05,
SLC38A5,-0.765319683,0.33964861,31.4286294,0.01626574,0.045034139,
RALBP1,-1.39214943,0.313351425,38.32104103,3.16E-06,2.19E-05,
RUFY3,0.906501555,0.371256089,27.26478726,0.008695806,0.026680125,
CNTN1,-2.398122571,0.575713929,14.44623571,4.51E-06,3.05E-05,
PHLDB1,1.964934245,0.850856387,9.720683067,0.004589064,0.015499043,
CYP24A1,-2.11789452,1.244389645,5.419994244,0.012641903,0.036475459,
SAMD4A,1.193363131,0.515978914,20.34582307,0.008770333,0.026859873,
SERPINB1,3.593025071,0.22446229,149.9549649,1.71E-58,1.21E-56,
CPS1,-2.512807916,1.273376405,3.566873995,0.004920244,0.01649244,
NLRP2,-1.118909519,0.521344848,14.10573058,0.013614915,0.038843462,
RNF10,0.431804938,0.177349967,174.2109333,0.013436859,0.038438775,
RNH1,-1.453479358,0.190557254,110.1985225,8.34E-15,1.42E-13,
RB1CC1,1.018363239,0.243560546,76.94954009,1.62E-05,9.97E-05,
ALAS1,0.958991172,0.151308293,274.8854209,1.40E-10,1.67E-09,
DERA,-1.358234226,0.384785997,26.88157155,0.000147985,0.000740728,
PLEKHO1,3.173005823,0.98345246,10.48385157,0.000270198,0.001272605,
GCLM,3.776863766,0.469105616,38.40683683,1.60E-16,3.00E-15,
UBR2,1.09498565,0.28567915,59.59383151,6.59E-05,0.000358983,
EHD2,-0.672594204,0.190247979,108.664905,0.000308568,0.001434235,
HSF2,0.800831166,0.348008456,45.56175371,0.01421963,0.040260751,
NCAPH2,1.387685272,0.362081146,39.2871127,4.79E-05,0.000269131,
TOMM34,0.924602725,0.177446407,168.3399323,1.15E-07,1.00E-06,
VIM,3.36598233,0.331061649,88.69903863,6.21E-25,1.77E-23,
RNASET2,-2.750830531,1.651989317,2.887806832,0.008474795,0.026122889,
CD44,-1.009571659,0.143420465,181.8088399,1.09E-12,1.54E-11,
AGPAT4,2.627232454,0.686806971,26.01423859,3.32E-05,0.000192097,
MIPEP,-2.661569076,0.609303418,13.54432327,1.66E-06,1.20E-05,
IFNGR1,-1.169269413,0.242521342,82.36256901,6.49E-07,5.02E-06,
TBPL1,1.126638433,0.434349096,25.760921,0.004456685,0.015148339,
GRN,-2.341515773,0.144292263,257.5913415,5.57E-60,4.04E-58,
FAM13B,1.259871027,0.550917191,15.73132356,0.008512361,0.026186293,
SARS,0.645780163,0.119783503,281.9501207,5.41E-08,4.90E-07,
ALG1,-2.324844823,0.841464303,6.950704341,0.000748001,0.003160566,
ZCCHC8,1.286414534,0.386005553,35.05270193,0.000354691,0.001625081,
ABCF2,-1.003260239,0.288859709,48.05284081,0.000279667,0.001314064,
CHPF2,1.50195316,0.263915632,72.13118553,4.38E-09,4.58E-08,
ATP6V0A1,0.856308249,0.255028493,70.02894846,0.000511111,0.002258512,
TMSB10,-1.652567655,0.072386843,4009.443208,6.99E-116,1.10E-113,
PEX3,-2.049200531,0.43869101,27.04191024,5.50E-07,4.31E-06,
VCL,-0.868700326,0.225014851,86.41880995,7.18E-05,0.00038764,
NSMAF,0.822278347,0.367697023,26.58899661,0.016340891,0.045191242,
ADSS,-1.17955224,0.500096106,21.30403805,0.007384407,0.023253419,
CUL3,0.707535487,0.283637467,57.16427096,0.009215805,0.027994301,
TUBG2,1.08675978,0.422839694,31.7879979,0.004888887,0.016407257,
MRI1,-1.125030553,0.488712852,15.33215831,0.009224256,0.028008553,
EDC4,1.899909785,0.253708495,100.4246557,1.74E-14,2.89E-13,
TRIO,1.624579917,0.295680097,59.52499182,1.24E-08,1.23E-07,
CDH1,-1.451837632,0.168377642,157.5739632,2.31E-18,4.79E-17,
RIPOR1,2.508270265,0.314656786,118.8834716,3.63E-16,6.69E-15,
PNKP,1.40812434,0.402735792,29.76124494,0.000170233,0.000844132,
PHLPP2,3.169153213,0.566995541,27.43996695,4.92E-09,5.10E-08,
SLC66A1,0.973153601,0.36807377,38.85418088,0.004534173,0.015354992,
RAB27B,-3.436568172,0.592395227,16.95260913,7.78E-10,8.73E-09,
AIFM2,3.515573125,0.81550288,10.96471835,2.47E-06,1.74E-05,
MED17,1.304127701,0.46775077,21.75272872,0.002055191,0.007686078,
CAPG,-1.369521622,0.174663003,140.1884162,1.70E-15,3.02E-14,
AP2S1,-2.784162221,0.244917262,108.943611,7.45E-31,2.71E-29,
BARX2,-0.930767667,1.759272843,2.147608368,0.011751544,0.034334295,
PHKA2,1.623427528,0.560044903,15.46594856,0.001048027,0.00425626,
HSPA5,-0.522785843,0.068327163,1354.182993,1.74E-14,2.88E-13,
DSG2,2.098334684,0.184184392,141.9450041,1.03E-30,3.73E-29,
OFD1,1.075519851,0.312703608,52.37873992,0.000303929,0.001414575,
WDR37,1.19571542,0.366184336,49.39503242,0.000510454,0.00225633,
POLR2B,0.629918933,0.173017565,173.9940276,0.00021664,0.001042773,
FAM214A,0.954788592,0.404598766,35.69817312,0.010352246,0.030833484,
MAP4,-0.939804505,0.197361424,93.65848292,1.14E-06,8.48E-06,
GOPC,-0.839150356,0.385847725,27.52335489,0.018235385,0.049342807,
HDAC9,1.723132661,0.460238045,42.21725695,5.55E-05,0.000307903,
TSPAN17,1.492443133,0.258400897,68.75002178,2.67E-09,2.84E-08,
ZNF800,0.92862322,0.341086868,37.68817326,0.003824359,0.013250352,
RSF1,0.792107774,0.325546331,44.40739865,0.010120329,0.030223013,
KITLG,-1.676600062,0.76115826,8.340874234,0.006016627,0.019508799,
VAMP3,-1.002710166,0.195165419,112.540217,1.55E-07,1.32E-06,
PER3,1.52302975,0.443916301,46.52044223,0.000211183,0.001021853,
EPN3,-2.091538524,0.451219069,22.20878771,6.87E-07,5.29E-06,
RFC2,-1.148078333,0.56425218,16.0347549,0.016828629,0.046223674,
NEDD4L,2.876197358,0.308744033,150.6637624,3.35E-21,8.17E-20,
HEXB,-0.586854777,0.247948458,67.86636913,0.014353185,0.040572296,
DKK3,-2.059739823,0.506016261,16.47003316,8.72E-06,5.62E-05,
ARHGEF5,1.256941757,0.303970494,57.24452403,1.57E-05,9.66E-05,
NFE2L3,-2.852031863,1.333465621,3.849733941,0.003296439,0.01165237,
LIMA1,-1.991776761,0.17412264,150.6227872,5.79E-31,2.13E-29,
BCAR1,2.29346049,0.40820412,34.84050852,3.85E-09,4.04E-08,
FAM160A2,0.831859101,0.334624615,39.84884433,0.008345061,0.025763275,
HERPUD1,0.915569449,0.159206086,178.4046219,5.63E-09,5.82E-08,
HOMER3,0.977404983,0.184010026,150.7277795,6.44E-08,5.79E-07,
THOC3,-1.665653352,0.450409444,22.15895041,5.51E-05,0.000305901,
FNIP2,-1.063407667,0.385810718,25.76014731,0.002873481,0.010329262,
MSMO1,-0.908863463,0.16629908,195.3583527,2.83E-08,2.66E-07,
FOXN3,-3.302798982,1.109636119,4.963927981,0.000320719,0.001485209,
AKR7A2,-2.809769293,0.454945323,26.06234011,8.48E-11,1.03E-09,
TRAPPC3,-0.643282453,0.230517718,81.24464664,0.004044812,0.01390593,
THRAP3,0.726298349,0.159167779,190.8207632,3.75E-06,2.57E-05,
PHPT1,-1.466600004,0.395778261,40.40296082,6.66E-05,0.000362298,
ARID4B,1.017773977,0.323377276,58.27901137,0.000912299,0.003757006,
OPN3,-1.945868076,0.540209754,15.23611453,6.16E-05,0.000338323,
ATP9A,1.38320085,0.372003902,30.52945943,7.40E-05,0.000398313,
RELT,2.833832446,0.491070586,68.21444899,2.12E-09,2.28E-08,
NOP58,0.460718918,0.186292534,140.4902197,0.011803726,0.034452498,
CUL1,0.582935273,0.191058032,114.8311685,0.001874836,0.007115714,
TAB2,0.651802334,0.174006505,166.8498228,0.000140725,0.000707984,
EIF2AK2,1.121911985,0.380588762,28.33765334,0.001518686,0.005918631,
USP36,1.967074743,0.305093106,67.59893777,2.95E-11,3.73E-10,
KMT2C,1.801775684,0.284298814,98.2631823,7.06E-11,8.62E-10,
MCOLN3,4.332687689,0.61486265,34.7418573,6.96E-13,1.02E-11,
PUM2,1.228063337,0.169497518,177.9466439,2.00E-13,3.06E-12,
MRPL43,-1.252094989,0.406692897,22.92281561,0.000820992,0.003418735,
HPF1,-1.430050065,0.598029634,15.8046319,0.004855148,0.016297992,
ZFR,0.78516243,0.217460948,100.7801396,0.000213466,0.001031454,
RC3H2,0.990831679,0.237781118,86.69177553,1.78E-05,0.000108429,
TRAF3IP2,-1.164231727,0.415932422,21.98693655,0.002226451,0.008235063,
SERPINB3,-3.93007701,0.24010394,169.280395,3.51E-61,2.65E-59,
GDI2,-0.688561337,0.196197156,119.6504414,0.00033551,0.00154644,
PITHD1,0.892542531,0.219949751,120.2697567,3.08E-05,0.000179883,
SEC61A1,-0.490046423,0.144552197,194.2642623,0.000609306,0.002640836,
ATP2B4,-0.843520494,0.164651467,150.5041658,1.96E-07,1.65E-06,
YIPF1,-1.648844159,0.381011538,29.83606187,4.06E-06,2.76E-05,
NDC1,-1.26179727,0.592619331,11.4417198,0.011591875,0.033941836,
PARP12,1.343325721,0.372567497,42.36628461,0.000123274,0.000628439,
TARBP1,-2.144085753,1.052666801,4.409707007,0.00534952,0.017673779,
MXD1,0.678163656,0.204230246,181.6681915,0.000705613,0.003001682,
CDK17,0.75178821,0.309754818,49.81355162,0.010676277,0.03162323,
SLC2A3,1.413331009,0.435681714,23.39198354,0.000404389,0.001831494,
STYK1,1.930432582,0.882163405,8.714000028,0.006012992,0.019507378,
WNK1,-0.923152579,0.201007003,102.0464646,2.65E-06,1.86E-05,
CCAR1,0.608553167,0.177030644,152.8445586,0.000475326,0.002113921,
OGFR,1.419672364,0.309064406,53.49605309,1.62E-06,1.17E-05,
GNA15,-0.693846709,0.197993892,92.468148,0.00034079,0.001567111,
MPC1,-1.363504311,0.356400547,39.85625344,4.72E-05,0.000265506,
ACAA1,-0.821655245,0.355690867,30.27225811,0.013263403,0.038005599,
HDAC7,0.95801372,0.388714432,27.25371398,0.007683434,0.024043008,
NCKAP1,0.604435274,0.239799081,66.81956092,0.009396698,0.028412452,
MRPS35,-0.884966916,0.275772208,51.98867707,0.000815148,0.003397476,
CDH3,-1.340225055,0.240006706,67.68002933,9.01E-09,9.13E-08,
GPBP1,1.356462183,0.247509427,102.5655613,1.72E-08,1.68E-07,
DGAT2,-4.382592216,0.71657062,15.33173092,1.67E-10,1.98E-09,
ZNF112,1.391693202,0.504042313,19.32265618,0.00199588,0.007490658,
CS,-0.857526578,0.237749099,71.51191631,0.000197189,0.000961556,
MRPS24,-1.345845342,0.380692718,29.61318677,0.000147587,0.000739008,
WAPL,1.008389234,0.228930229,87.28342552,6.05E-06,4.01E-05,
VMP1,0.973202694,0.201939709,114.1009218,8.57E-07,6.49E-06,
EIF4B,-0.702462588,0.165746386,157.1375381,1.68E-05,0.000102884,
BICRA,1.295849076,0.592791631,13.96922858,0.01059124,0.031425309,
SPHK2,1.411713019,0.690213046,10.19277557,0.012598115,0.036378738,
RPL18,-1.850670338,0.123554045,345.2124507,2.47E-51,1.50E-49,
ISOC2,-2.167494404,1.033262902,4.670475233,0.004671664,0.015758731,
ZNF275,2.18759023,0.972903417,6.208279472,0.003971563,0.013695045,
GPC1,0.942334569,0.240018002,71.30882091,5.17E-05,0.000288138,
INTS13,-1.136313323,0.364598407,30.85536665,0.000832208,0.003462306,
TM7SF3,-3.379362759,0.289763514,65.57995048,2.47E-32,9.56E-31,
DLX3,-2.426995723,0.491107838,20.78972202,1.19E-07,1.03E-06,
SPA17,-2.240985103,1.268835625,3.45687748,0.008810544,0.026959092,
ATP2C2,-2.355999272,1.048151318,5.650602059,0.003269768,0.01156995,
NGFR,4.087421513,2.125478413,23.90618239,0.000466928,0.002080857,
RFXANK,-1.530809509,0.45944828,19.71312037,0.000250154,0.001188746,
TMEM161A,-1.211991548,0.590389678,12.25176709,0.014841088,0.041746231,
LPAR2,1.736042263,0.405220717,38.08788028,4.95E-06,3.32E-05,
SUGP2,1.397132781,0.244840812,95.10233746,4.58E-09,4.77E-08,
CNN2,-0.813735132,0.224822127,78.58556928,0.000196351,0.000958488,
SBNO2,1.985472238,0.288328621,66.69898175,1.39E-12,1.96E-11,
TAF11,-0.989043812,0.289342481,54.2226268,0.000347936,0.001597843,
AP3D1,0.861819991,0.219590743,107.0080108,5.64E-05,0.000312788,
NTHL1,-2.231204467,1.277330818,3.992219863,0.009137009,0.027810041,
UHRF1BP1,1.184630753,0.451736753,22.62505096,0.003789978,0.013147738,
OAT,-1.22191538,0.199527828,114.9030928,4.12E-10,4.72E-09,
WDR3,-1.688259538,0.581751908,12.1015135,0.000872822,0.003616012,
WDR18,-1.002897795,0.344912654,32.61437571,0.001934309,0.00729928,
MCM10,-2.71408145,1.833604015,2.722279548,0.009175281,0.027895765,
ERBB3,-1.070851427,0.321047244,38.10399474,0.000426546,0.001923641,
KARS,-1.252715022,0.188439432,112.9841341,1.28E-11,1.67E-10,
NDUFB4,-1.035991441,0.225250675,86.37087756,2.27E-06,1.61E-05,
SPEN,0.827852922,0.265488534,73.67039352,0.001215949,0.004859571,
ZC3H15,0.433261074,0.147532004,257.5669256,0.002977646,0.010656514,
COL17A1,-1.96877789,0.109582721,412.4694691,8.30E-73,7.54E-71,
GSTO2,-1.819276663,0.979065643,4.968242467,0.010248448,0.030552729,
ASB1,1.806880055,0.453270711,28.17514304,1.77E-05,0.000107889,
ME1,-1.858177828,0.255298924,71.69817811,7.90E-14,1.25E-12,
MTHFD2,1.008049755,0.362282086,34.75675207,0.002893239,0.010386759,
SLC9A7,1.289782317,0.653881865,10.87983226,0.017157232,0.046996784,
YBX1,-1.211529865,0.10974371,380.0638002,1.08E-28,3.64E-27,
SMARCD1,0.987215822,0.276545336,67.99602601,0.000204167,0.000992077,
NGEF,3.844426988,0.96904151,12.41085484,1.82E-05,0.000110347,
ASPM,-2.052538855,1.285575063,3.561804747,0.01515136,0.042437337,
ELOVL1,-0.400418567,0.124421665,399.0857839,0.001166618,0.004681397,
ISOC1,-1.640076108,0.468869743,19.90612937,0.000121182,0.000619781,
MSANTD3,1.826332136,0.291836121,77.1566794,1.23E-10,1.48E-09,
KIF26A,3.657583987,0.942158795,12.36694564,2.84E-05,0.000166246,
DDX3Y,1.168611053,0.186282704,274.175946,1.78E-10,2.10E-09,
PFKP,0.528205859,0.147106928,251.2113017,0.000278782,0.001310352,
KLF6,1.438330207,0.094048133,602.3688878,2.59E-53,1.63E-51,
CACNB1,1.843559915,0.707033984,10.58988753,0.001970493,0.00741446,
PKM,-0.607381799,0.092811672,479.0703696,4.79E-11,5.94E-10,
TP53BP1,0.805929321,0.296215066,72.71595226,0.004423332,0.015060938,
RHOA,-1.098060464,0.095241915,481.5926966,4.88E-31,1.80E-29,
IARS2,-1.103609645,0.229023326,79.29351496,7.12E-07,5.46E-06,
CBFB,1.165740464,0.325445185,40.41934458,0.000160282,0.000798582,
RASSF1,1.375498834,0.2617638,66.28410502,5.66E-08,5.12E-07,
FGFR3,-1.76833273,0.278968309,61.63829849,5.95E-11,7.32E-10,
COASY,-0.744068976,0.300469188,45.56447089,0.009224556,0.028008553,
MEF2A,0.928218573,0.285360555,53.77973986,0.000679165,0.002904392,
OTUD5,0.559871267,0.209644505,118.3233216,0.006282109,0.020236485,
TFE3,1.270297354,0.175838585,211.8401509,2.19E-13,3.36E-12,
ACSL4,1.163127353,0.299776163,57.39065898,4.42E-05,0.000249672,
INPP5A,1.460571216,0.4285673,35.91280438,0.000226834,0.001087669,
GRIPAP1,0.767335258,0.321705375,45.00786044,0.011750379,0.034334295,
FTSJ1,-0.804972802,0.331249025,34.16153201,0.009822464,0.029448187,
PRR11,-2.042053599,0.699520979,9.24344219,0.00060163,0.002610025,
LAPTM4A,-1.135776235,0.144690047,264.5635986,2.03E-15,3.60E-14,
SRBD1,-1.78710301,0.774916225,7.10697795,0.004051705,0.013922691,
PSME4,0.861209609,0.228301577,102.6815559,9.24E-05,0.000487436,
SIRT2,-0.67447785,0.290210528,56.72019927,0.014881939,0.041844084,
PPP2R5B,0.805783001,0.305889472,47.59116342,0.005598551,0.01836463,
NUP133,-0.971882087,0.396171448,23.27761304,0.007586056,0.023787223,
NUCKS1,-0.898376319,0.231404317,68.88184616,6.35E-05,0.000347555,
DNAJA2,0.495274373,0.207140722,106.8071584,0.014527898,0.041007362,
BCL3,2.000911109,0.510020158,25.68741188,2.08E-05,0.000125685,
HES2,-3.644933451,0.491378474,25.9293943,1.40E-14,2.35E-13,
ATP1B3,-1.143663708,0.16217543,159.0806697,8.50E-13,1.22E-11,
NEDD4,0.81274366,0.364633314,34.94361909,0.016755387,0.046097357,
LRP6,1.485538853,0.389371997,34.71504591,4.69E-05,0.000263934,
SLC44A1,-2.11927854,0.615940257,11.47732673,9.72E-05,0.000509643,
FSTL3,1.251472971,0.176228587,156.8056665,5.42E-13,8.02E-12,
DGCR2,-1.009316481,0.305764852,38.94725852,0.000515116,0.002274752,
MNT,1.110262551,0.471019131,17.51060688,0.008494882,0.026155595,
JMJD6,3.019413246,0.249489333,150.6598308,2.28E-34,9.42E-33,
POLB,-1.399836797,0.626625275,9.697208795,0.007640833,0.023931797,
WIPI1,-1.513848739,0.463432314,19.45897591,0.000319666,0.00148083,
GBA2,1.202689091,0.2683192,70.04877619,3.42E-06,2.36E-05,
ASNS,7.467766974,2.352796852,37.09885228,4.45E-09,4.65E-08,
PABPC1,-1.395569488,0.103223435,454.6111917,4.50E-42,2.26E-40,
TESK2,-1.716306795,0.723211673,10.70623641,0.003879133,0.01341655,
CFAP20,0.657613462,0.258872487,75.06231107,0.008493826,0.026155595,
CSNK2A2,1.033014731,0.233682909,109.0775402,5.48E-06,3.65E-05,
PTPN21,1.573804947,0.401424786,33.3891352,2.74E-05,0.000161189,
EIF2B3,-1.318275952,0.538325771,13.48934263,0.004902877,0.016450206,
ATP2B1,1.208471061,0.289049989,51.46635492,1.32E-05,8.24E-05,
MAP4K4,1.036800614,0.204817731,104.9659463,2.30E-07,1.91E-06,
RPL31,-2.304116307,0.158240686,210.074096,8.49E-49,4.92E-47,
TRIP13,-1.921303468,0.699779039,10.30122582,0.00111945,0.004513118,
ATP6AP1,-1.045449619,0.286416424,51.3506581,0.000136304,0.000689012,
DAZAP1,0.661804073,0.253081754,63.15564854,0.006836599,0.021775148,
FAM50A,0.962404075,0.22851874,89.79022561,1.50E-05,9.26E-05,
CYBRD1,-2.876013381,0.43903977,25.12856201,7.24E-12,9.63E-11,
RDH11,-1.144252114,0.238430137,68.99982726,7.54E-07,5.76E-06,
SPEG,2.082986642,1.022184486,5.876041755,0.007273394,0.022963357,
ALDH3A2,-1.714326801,0.586664672,11.83592754,0.000793859,0.003324107,
AFF4,1.265014586,0.151025979,279.498874,3.78E-17,7.39E-16,
MPP5,0.935522512,0.375304992,29.98919149,0.007331438,0.023104327,
SMC1A,-1.119516728,0.42917116,21.74709066,0.004126311,0.014150868,
HSD17B10,-1.993951464,0.187985864,131.5027517,6.02E-27,1.91E-25,
HMMR,-2.168856182,1.136547386,4.846554955,0.007864228,0.024509112,
P4HA2,1.804912158,0.389485799,35.92234936,9.44E-07,7.10E-06,
ACADVL,0.782090108,0.095304872,774.2535985,1.62E-16,3.04E-15,
STK10,2.858016115,0.439446119,48.21245814,1.75E-11,2.25E-10,
CRMP1,3.457060913,1.002883021,8.472627321,0.000116991,0.000600848,
NDE1,-1.326010015,0.467553421,18.73659047,0.001619785,0.006268379,
PVR,1.706636198,0.234846785,99.47631634,1.09E-13,1.72E-12,
XRCC1,-1.282590157,0.520198894,15.77891783,0.004995305,0.016711567,
SCARB1,-1.170384899,0.539130833,13.48873106,0.012101817,0.035188596,
TP63,-2.599373351,0.371281105,34.26747032,3.69E-13,5.52E-12,
PDE8A,1.032360242,0.495744886,16.2003255,0.018409964,0.049766405,
KDM5A,0.881724703,0.266238377,71.45027034,0.000587031,0.002551505,
FERMT2,2.131154574,0.454531211,28.09873754,5.89E-07,4.60E-06,
DHRS9,-1.18783787,0.302850911,63.39949193,3.97E-05,0.000225609,
IGF2BP2,1.525648097,0.164473556,213.1531484,6.17E-21,1.47E-19,
NSF,-2.189359984,0.44593729,23.60752915,1.63E-07,1.39E-06,
MRPS34,-1.532016375,0.326524475,66.73746215,8.22E-07,6.24E-06,
CLNS1A,-1.402016954,0.390032963,29.21594819,0.000110088,0.000569846,
CA12,-4.760499598,0.456479331,41.24834957,3.00E-26,9.13E-25,
ZNF532,1.808885482,0.359780994,43.35821672,1.34E-07,1.15E-06,
LMAN1,-1.068518332,0.279682081,58.9002278,6.79E-05,0.000368461,
HACD3,0.83914616,0.33023241,33.67489409,0.007096973,0.022499019,
ZZEF1,0.835026273,0.362826681,36.64861742,0.013679352,0.038978951,
ENO1,-0.220878017,0.08287772,601.1136306,0.007470887,0.023495497,
EIF4G3,-0.687089247,0.289729293,43.02384106,0.012978064,0.037311935,
SEMA3C,-1.670859906,0.329820553,38.36444647,1.12E-07,9.73E-07,
ACAT1,-1.375139639,0.533160958,13.6569285,0.00320972,0.011374969,
CELSR1,1.410772692,0.36415183,31.85501253,3.86E-05,0.000220015,
RASAL2,1.052468846,0.32153845,52.40649723,0.000566857,0.002477081,
VPS9D1,2.506346309,0.543109269,20.11504507,6.40E-07,4.96E-06,
ZNF37A,1.776778011,0.578994457,13.003197,0.000510212,0.002255984,
FNDC3B,1.447791993,0.415547495,27.33251602,0.00017247,0.000853385,
FSCN1,-1.556993342,0.19741261,108.9901947,9.69E-16,1.75E-14,
ACTB,-1.890681983,0.07286458,1165.091469,4.45E-149,9.91E-147,
PLD1,-3.712478299,1.027907452,6.637899281,3.11E-05,0.000181077,
WDR62,-1.504383964,0.82297777,6.707695418,0.016529892,0.045595145,
RAB7A,0.617477726,0.070323318,1083.787474,1.29E-18,2.71E-17,
SART3,0.884150457,0.293671591,75.12150829,0.001642677,0.006344513,
KIFAP3,-1.043245692,0.381238834,29.53984861,0.003102494,0.011043183,
MCM6,-1.49210363,0.743447959,7.764848099,0.011107923,0.03273315,
REXO2,-1.240819995,0.241069939,75.96793456,1.13E-07,9.85E-07,
RBM7,1.324971961,0.393551364,34.51045618,0.000301467,0.001404539,
BAZ2A,0.853851294,0.18120573,154.2053508,1.60E-06,1.16E-05,
TRAF4,1.583838881,0.307334777,65.46897917,8.35E-08,7.40E-07,
GPATCH1,1.079677491,0.456255909,26.11362682,0.00872722,0.026751585,
CAMSAP3,-0.859282112,0.292091238,52.50888591,0.002065194,0.007717214,
STXBP2,1.115487437,0.267667902,100.6196274,1.56E-05,9.59E-05,
DGKD,2.488347959,0.791148828,14.62065871,0.000362192,0.001655597,
NFKB2,2.378881549,0.230796003,248.6912088,1.66E-25,4.86E-24,
UBE2T,-4.294927185,0.975654172,8.838446263,1.61E-06,1.16E-05,
IL4R,0.675186421,0.272710604,60.46867778,0.01001684,0.029965834,
EXOSC5,-1.93500147,0.697796083,10.68055039,0.000988787,0.004034672,
DYNC1I2,-0.496839441,0.215660842,88.95466962,0.018118909,0.049123956,
LRCH4,1.296281796,0.369738119,46.54473263,0.000187558,0.000920119,
FAM76B,1.153225072,0.535652404,21.45459231,0.013640472,0.038888301,
SIRT6,1.067851009,0.306541532,69.45577974,0.00025809,0.001223448,
CAPZB,-1.374961525,0.192253397,125.1512822,3.17E-13,4.80E-12,
JADE1,1.754045446,0.716736513,12.04840128,0.003589915,0.012551516,
FGFR1,5.012393759,1.272552019,23.83556156,6.15E-06,4.07E-05,
FBLN1,-2.999521972,1.314546172,4.043888482,0.002289797,0.008451244,
MAP2,-2.965283018,0.424146019,30.92814223,3.50E-13,5.25E-12,
NEBL,-2.987365579,0.770811577,8.73369772,1.26E-05,7.89E-05,
GNB1,0.436875149,0.152918719,191.8009455,0.003959404,0.013663096,
EDN1,-2.600547604,0.750714802,11.3966794,7.40E-05,0.000398313,
MLLT10,1.423679366,0.426235193,24.00106012,0.000290545,0.001359619,
ITM2A,-3.736144155,0.867754784,9.849852152,1.81E-06,1.29E-05,
NRDC,-1.273197839,0.23738347,71.21428354,3.38E-08,3.15E-07,
ITCH,1.074303954,0.268483399,63.73762868,3.31E-05,0.000191475,
TP53INP2,2.28121052,0.343533505,117.9234251,8.38E-12,1.11E-10,
TOLLIP,-0.687512262,0.210439609,86.718962,0.000818351,0.003409796,
XRCC5,-1.355182547,0.168151935,153.6489334,2.99E-16,5.53E-15,
TNS1,2.160138003,1.427450831,3.215278445,0.017899286,0.048576234,
CIC,0.699874184,0.307794445,57.98850384,0.016798182,0.046168764,
FDFT1,-1.819176162,0.182301625,129.9475849,4.66E-24,1.28E-22,
PAFAH1B3,-1.835622778,0.725898505,8.479025661,0.00215415,0.007997651,
KIF22,-2.108051796,0.598458466,13.78192675,7.52E-05,0.000404453,
PGM1,-1.129002262,0.397994476,24.73821343,0.002044807,0.007653468,
DDX1,-1.333894701,0.199832643,102.3598791,9.76E-12,1.28E-10,
PTPRH,7.194469341,2.429295618,14.1034316,6.78E-08,6.08E-07,
RIF1,1.263921952,0.426837876,24.88593744,0.001263698,0.005030008,
SESN1,-2.327796264,0.565241289,14.28792341,5.89E-06,3.91E-05,
MID2,1.066639271,0.388293565,34.30201844,0.002994864,0.010712576,
COL5A3,2.995308856,1.051205851,7.037476554,0.000765517,0.003223065,
SRCAP,0.91925963,0.251953261,103.8030097,0.000163094,0.000811062,
CNOT4,1.08158159,0.343815988,45.77363137,0.000853968,0.003546421,
CLDND1,1.669154669,0.148449698,293.3672949,8.25E-30,2.90E-28,
HSP90AA1,0.688312229,0.056900921,5213.502058,8.37E-34,3.40E-32,
DLGAP4,1.169104239,0.217095549,132.2429652,3.59E-08,3.32E-07,
IGSF9B,2.710342617,0.625563521,19.15848964,2.94E-06,2.05E-05,
NDC80,-2.0257484,1.448375166,3.091834447,0.018180751,0.049233587,
CXCL2,4.032328116,0.754507901,45.48392558,4.64E-08,4.24E-07,
PKP1,-4.038502928,0.121835433,538.3591863,6.38E-242,3.04E-239,
CCNT2,1.176412229,0.29039974,70.80724803,2.47E-05,0.000146759,
FAM135A,-1.450538709,0.482553508,17.07095928,0.000827974,0.003446769,
TRAF5,3.108006786,2.779872533,2.174841317,0.008875852,0.027110836,
NFE2L1,-0.568290866,0.164429629,134.9876846,0.000451751,0.002025394,
XPO1,1.191588205,0.198166714,135.6651045,8.73E-10,9.74E-09,
ULK2,1.477697091,0.658272136,9.589791805,0.007133525,0.022591212,
OXCT1,-1.32955489,0.33202388,42.3529768,2.34E-05,0.000140034,
CYLD,2.448032418,0.212469526,288.9988317,2.71E-31,1.02E-29,
ZNF671,3.395836495,0.66585429,34.77689697,9.97E-08,8.74E-07,
ZNF416,1.074474986,0.365160471,33.7283454,0.001640676,0.006338558,
ZNF264,1.447083965,0.432645701,29.14091701,0.000288173,0.001350354,
RPS5,-2.721726894,0.162902588,197.9640414,1.62E-63,1.29E-61,
FAT1,-2.114586564,0.192769001,121.4172034,1.11E-28,3.74E-27,
YTHDC1,0.901637746,0.176770256,219.7128646,2.21E-07,1.85E-06,
CHMP2B,0.679410908,0.173166554,168.9984533,6.72E-05,0.000365125,
ZMPSTE24,-0.646104822,0.24485629,68.29247039,0.006354026,0.02043,
NOA1,-0.997586096,0.427852676,23.33478936,0.010065719,0.030077678,
REST,1.321138623,0.314102211,51.1739361,1.07E-05,6.75E-05,
HAL,-2.762783764,1.113718607,5.952542455,0.001581698,0.006133024,
GSTP1,-3.165920676,0.071739259,1180.961624,0,0,
APLP2,-0.592585782,0.148157166,176.0400379,5.14E-05,0.000286945,
WBP11,0.740430658,0.227073538,95.97939019,0.000807338,0.003372055,
EIF3I,-0.756542019,0.106471884,571.9897439,1.05E-12,1.49E-11,
COL16A1,-1.021410334,0.418985648,21.900623,0.007449075,0.02343518,
TXLNA,1.116782092,0.212039517,106.5517691,7.09E-08,6.34E-07,
RAB10,-1.630524737,0.131701843,303.4679062,9.89E-36,4.28E-34,
HADHA,-1.946887831,0.178980927,133.5936321,3.33E-28,1.11E-26,
CD82,-4.089645497,0.423936273,42.00455548,6.18E-23,1.63E-21,
BCORL1,1.267301586,0.5652232,14.02009402,0.00939592,0.028412452,
AK6,0.877765068,0.317908967,49.12006137,0.003593159,0.012559673,
PREP,-1.322473811,0.515856769,14.30412871,0.003571547,0.012499963,
OVGP1,2.752505812,0.473626753,106.4989079,1.82E-09,1.97E-08,
ABCB1,5.29925211,2.163137178,61.02240546,1.14E-05,7.16E-05,
AKR1B1,-0.638119374,0.247126748,63.11275238,0.007566818,0.023737688,
CPNE3,-0.830652888,0.266323199,50.25145603,0.00117522,0.004710438,
RRN3,-0.669303614,0.236440222,78.69125601,0.003480484,0.012212224,
CTTN,0.608282742,0.119781391,306.5239102,3.12E-07,2.54E-06,
DDHD2,1.063834176,0.494640314,14.86450328,0.014981093,0.042071446,
MGST2,-2.758631951,0.614718009,14.85745038,8.72E-07,6.59E-06,
MAST2,0.91577816,0.373060963,30.49938329,0.008305259,0.02567486,
DNAJA1,2.426157101,0.074079902,2518.348313,5.83E-236,2.60E-233,
EIF2AK1,-0.699669911,0.303811141,39.96995345,0.015295808,0.042768667,
SNX10,2.834422686,0.920684637,7.699770606,0.000271501,0.001278306,
MRPL28,-0.942813975,0.300228454,44.75932046,0.000976299,0.003990796,
ITPKC,0.918068161,0.134115845,266.1781384,4.77E-12,6.45E-11,
FAT2,-3.389288388,0.462568475,25.62390505,2.91E-14,4.75E-13,
TMED2,-0.442154464,0.142801343,230.5641142,0.001726899,0.006627143,
ACOX3,-1.55591013,0.568448236,13.76567053,0.001647228,0.006358531,
PPP1R15A,2.741901468,0.099033831,1943.118627,1.78E-169,5.47E-167,
TRIP6,0.718813921,0.159993188,240.1488613,5.22E-06,3.49E-05,
ACHE,5.31260081,0.827288937,76.35668925,1.90E-10,2.24E-09,
FTL,0.463893431,0.056434016,6022.693576,2.06E-16,3.84E-15,
SRRT,1.10904861,0.19686342,184.3381539,9.35E-09,9.46E-08,
NLK,1.724827718,0.409659297,32.477442,7.22E-06,4.73E-05,
PIGS,-1.356733142,0.549941792,13.83769918,0.004546973,0.015387009,
ATXN7L3,0.921305593,0.213135339,101.7485722,9.53E-06,6.09E-05,
PSMC5,-1.209862249,0.237116507,73.06301628,1.51E-07,1.28E-06,
UIMC1,1.202886322,0.322325804,49.2931377,8.76E-05,0.000464511,
OGFOD1,0.773615021,0.268269048,57.05034286,0.002733387,0.009890075,
SH3BP2,0.814013672,0.356513773,30.56276632,0.014607618,0.041207099,
ADD1,1.048615492,0.238429234,86.85086082,5.95E-06,3.95E-05,
RTRAF,-1.105840538,0.370759453,27.94376594,0.00134074,0.005304534,
KLHL42,1.188992165,0.466404142,18.92628145,0.00459223,0.015504931,
TFAP2C,-1.18423657,0.417416674,24.93151474,0.001931253,0.007291735,
AURKA,-2.157863191,0.749647868,9.502013798,0.000643114,0.002767374,
PIR,-3.403335149,0.738755447,10.80487878,4.75E-07,3.76E-06,
SULT2B1,-2.947291496,0.223016074,111.1271925,9.70E-41,4.76E-39,
CNOT3,1.90519988,0.251727878,189.4566568,1.13E-14,1.92E-13,
ASAP3,-2.085571384,0.656055737,10.5262483,0.000253245,0.001202196,
EDEM2,-1.90916917,0.483888951,23.05975464,1.63E-05,0.000100025,
TPX2,-1.131678158,0.39190455,28.99101526,0.001758984,0.0067409,
SLC15A1,-2.162547782,1.361168743,3.447163362,0.013314704,0.03813676,
DOCK9,1.224664632,0.309046841,45.22177448,3.31E-05,0.000191684,
ANKRD10,2.028484752,0.575130515,21.37898842,9.83E-05,0.000514655,
TMEM40,-1.828633494,0.175140853,164.3511497,3.99E-26,1.21E-24,
PPP1R13B,2.032712623,0.405075595,37.35677934,1.24E-07,1.08E-06,
FKBP1A,-1.710973363,0.15065953,185.7392854,1.77E-30,6.35E-29,
C20orf194,1.869871984,0.454895634,24.86921021,9.83E-06,6.26E-05,
DYNLL1,-1.28740201,0.102665717,459.4444465,1.93E-36,8.52E-35,
RPL6,-1.709257212,0.131354433,277.7267715,2.82E-39,1.33E-37,
ESF1,1.018500508,0.21179558,105.7100444,8.61E-07,6.52E-06,
RBBP9,-1.273440261,0.646955659,10.71000588,0.016229273,0.044999794,
ANAPC5,-0.864727208,0.362813221,27.04536568,0.01042233,0.031010814,
TMEM230,-1.272832005,0.486971877,22.36503798,0.003284902,0.01161754,
OAS1,-5.905947988,1.485562778,7.036686773,2.97E-06,2.07E-05,
RPLP0,-2.537969382,0.10652297,417.6359753,3.11E-126,5.81E-124,
PXN,1.344078515,0.189853799,150.4355559,5.86E-13,8.62E-12,
PEBP1,-1.795522743,0.137171389,250.3090644,7.26E-40,3.50E-38,
BRAP,0.687467756,0.288114868,50.76618716,0.012630962,0.036458331,
ERP29,-1.842507321,0.312672002,44.44212767,8.96E-10,9.98E-09,
FUS,0.698544404,0.185181995,182.2970758,0.000122556,0.000625469,
IGBP1,-0.980820768,0.260553232,70.91159141,9.38E-05,0.000493728,
GRAMD1A,2.520520616,0.627901194,14.81613697,1.06E-05,6.69E-05,
FXYD3,-4.59843406,0.208588469,192.5719908,1.73E-108,2.56E-106,
GMIP,1.408875648,0.36240234,38.95731859,3.76E-05,0.000214956,
BIRC5,-4.82778078,1.531704131,5.117626584,9.38E-05,0.000493689,
LAG3,3.245157022,2.210647282,9.808228108,0.003842528,0.013306621,
MLF2,-0.786973482,0.143713509,220.0325029,3.05E-08,2.86E-07,
OTUB2,-1.892482213,0.584758554,13.60854103,0.000247208,0.001175561,
DDX24,0.483686322,0.191582539,117.7886142,0.01005969,0.03006795,
RCOR1,1.350458626,0.196890839,118.5113351,2.77E-12,3.82E-11,
GPATCH2L,1.098242429,0.324450592,55.25999647,0.000366357,0.001671865,
BLVRB,-1.346976246,0.258375351,79.10007398,7.07E-08,6.32E-07,
PAPOLA,0.580835495,0.223853263,92.63393683,0.007710803,0.024112639,
PCBP4,0.808112594,0.288199805,51.99350422,0.003388293,0.011922091,
MRPS33,-1.951412535,0.593847695,11.86229667,0.000192446,0.000941758,
NDUFB2,-1.51507517,0.311585057,41.3471663,3.65E-07,2.94E-06,
MAEA,0.796402217,0.273040833,85.13736096,0.002424667,0.008894313,
STRN4,0.977483188,0.224142212,149.3973858,7.67E-06,4.99E-05,
PDCD7,1.023862243,0.321986146,40.71957701,0.000793932,0.003324107,
P3H2,-1.501536582,0.41800194,23.0802141,0.00010109,0.000527825,
RAB11FIP3,1.53727149,0.414501616,28.21581264,6.51E-05,0.000355698,
GOLGA3,2.040579155,0.271299757,84.22118758,1.35E-14,2.27E-13,
CERS4,-1.29121415,0.428595524,22.47968723,0.00096618,0.003957639,
EFNB1,-1.220865071,0.202625599,110.2937573,7.46E-10,8.39E-09,
AARS,0.845759762,0.179702451,158.9065679,1.69E-06,1.22E-05,
KIF4A,-2.267898968,1.247919104,3.555396642,0.007992782,0.024842432,
TNRC6A,1.077306321,0.367896114,30.69901671,0.001710193,0.006575832,
NAT14,-1.802976909,0.991325027,6.114351865,0.011198933,0.032952085,
PITPNM2,1.926647906,0.659146876,12.58828294,0.000761903,0.003212423,
RBM27,1.701611406,0.248176025,96.43553035,2.19E-12,3.04E-11,
LAMB1,-3.791293494,0.739339264,12.10479473,3.89E-08,3.59E-07,
CMTM6,-0.846297767,0.243690088,65.28555492,0.000331204,0.001529288,
FH,-1.287411786,0.229001027,94.96945481,7.75E-09,7.92E-08,
ALKBH5,0.918651695,0.314266097,39.52067698,0.002070588,0.007733185,
ZC3HC1,1.072935122,0.356588036,42.19732632,0.001351546,0.005339633,
TMEM101,-1.140017316,0.475072341,16.16693092,0.007086764,0.022471817,
CCDC80,-1.896737409,1.116610696,3.779160257,0.012787991,0.036842228,
PSME1,-1.975073203,0.283420544,59.00547611,7.03E-13,1.02E-11,
HAUS4,-3.250047196,0.839152902,9.486176509,1.21E-05,7.58E-05,
SLC7A8,-2.196531602,0.541633942,14.62096308,8.41E-06,5.44E-05,
SUPT16H,-0.600080279,0.253250099,60.46919983,0.01406253,0.039873211,
TOX4,0.623199495,0.199464374,115.7526311,0.001433469,0.005634256,
TGM1,-4.05629512,0.261127442,121.6266405,2.47E-55,1.64E-53,
TINF2,-0.958664315,0.246488167,66.98742295,5.84E-05,0.000323122,
EZR,-0.439920402,0.072139768,1002.341541,1.01E-09,1.12E-08,
MYL6,-1.062868944,0.091360462,581.3901901,1.48E-31,5.66E-30,
UNC13D,2.29344413,0.697112689,16.67675457,0.000199403,0.000970639,
COMT,-1.445982578,0.332256339,35.18460453,4.52E-06,3.05E-05,
KRT31,-3.727618098,0.700173527,20.21952151,1.03E-08,1.04E-07,
UPRT,1.567362336,0.65776657,10.43570581,0.004824333,0.016222171,
CDC23,-1.342356163,0.354952142,34.94339841,5.79E-05,0.000320681,
ARCN1,0.715897895,0.130883798,273.2949838,3.39E-08,3.15E-07,
PSMD5,-0.794854884,0.297335327,41.76906547,0.004976607,0.01665305,
TBC1D2,-1.434785037,0.34085073,35.2846304,8.67E-06,5.59E-05,
WHRN,1.501093117,0.56318989,19.27014376,0.002463883,0.009023776,
BTAF1,1.424434494,0.182395465,168.3670307,2.18E-15,3.85E-14,
BLNK,-3.971607355,0.871324844,11.31874198,5.48E-07,4.29E-06,
IL11,7.246706904,0.702387,221.5906541,5.83E-24,1.59E-22,
WAC,1.334743087,0.203545653,132.9334907,2.71E-11,3.43E-10,
SMIM24,2.482391742,3.351472735,2.248058539,0.01525953,0.042696983,
HIVEP1,1.142315224,0.357621575,34.52012904,0.000665511,0.002853075,
FKBP5,-0.882909684,0.297289347,42.14533798,0.001810817,0.006905021,
SRPK1,-0.938451651,0.282829524,46.64146714,0.000525359,0.002314062,
HSP90AB1,1.109765037,0.060506862,6238.630071,2.35E-75,2.19E-73,
CDC5L,0.61023847,0.228145226,98.85384479,0.00595126,0.019342296,
ITPR3,0.821992181,0.199957607,98.5587792,2.71E-05,0.000159887,
DSP,-3.424718448,0.089131967,1215.599299,0,0,
SIRT1,1.743905321,0.281603323,87.92264093,1.77E-10,2.08E-09,
HNRNPH3,0.899900442,0.138099369,387.3414796,8.09E-11,9.83E-10,
SCD,-3.175290774,0.10326336,534.3877419,1.56E-208,5.97E-206,
ABLIM1,-2.594197365,0.24127191,82.98165682,8.81E-28,2.88E-26,
ERMP1,-1.776413998,0.448124992,21.34085242,1.70E-05,0.000104123,
RAB18,-1.07909206,0.270926916,51.1587207,3.43E-05,0.000197681,
PALMD,-5.241067321,1.243069707,7.754258207,5.77E-06,3.84E-05,
WASHC2A,0.716573285,0.258444935,90.8779948,0.004087484,0.014031663,
MZF1,2.209229658,0.405283461,45.20978035,1.08E-08,1.09E-07,
MYO9B,1.380559426,0.303625476,68.65453851,2.19E-06,1.55E-05,
KCNK6,-1.157516779,0.315443908,37.06534064,0.000111174,0.000574888,
PSMD8,-0.428904241,0.132275051,246.5615078,0.001072072,0.004342411,
SETD1A,0.950897498,0.35531086,46.04648596,0.004328917,0.014775921,
ATP5F1D,-2.421701943,0.472352231,25.72463443,4.32E-08,3.96E-07,
CBARP,3.411108278,0.385618631,70.16860821,1.99E-19,4.39E-18,
HNRNPM,0.612482903,0.158559884,232.0088692,9.43E-05,0.000495706,
2-Mar,-1.611479081,0.564471947,12.89039712,0.001090182,0.004406712,
NDUFB7,-2.042447028,0.249093768,125.3192657,4.77E-17,9.24E-16,
TECR,-1.324569629,0.244456539,93.53643855,2.41E-08,2.29E-07,
TIMM13,-1.718521854,0.260763446,67.77054924,1.15E-11,1.51E-10,
CEP170B,1.950822842,0.191612943,160.1295151,6.09E-25,1.74E-23,
POLR2E,-0.629476612,0.245780099,64.61362369,0.008076347,0.025073922,
HCN2,5.108356102,0.998128634,34.98199021,3.53E-07,2.85E-06,
GADD45B,2.926851985,0.201356443,770.4715313,2.11E-48,1.21E-46,
MKNK2,0.319175399,0.124897488,380.4229481,0.010135413,0.030261512,
ARVCF,3.795814831,0.583522584,31.43181941,1.89E-11,2.43E-10,
RANBP1,-1.358834484,0.362417344,31.82033521,6.40E-05,0.000349912,
MED15,1.2559947,0.298356675,61.57520858,1.13E-05,7.12E-05,
CRKL,1.319594542,0.151775114,255.3040535,1.98E-18,4.14E-17,
LZTR1,1.487543375,0.373206561,32.21538686,2.23E-05,0.000133828,
DDT,-1.274037422,0.409770707,26.99859042,0.000724884,0.003074185,
SEC14L2,-1.054286565,0.437323594,22.26153257,0.007636432,0.023923443,
MFNG,1.607573663,0.770229085,11.77373072,0.009752601,0.029276896,
CARD10,0.984945872,0.30498195,43.71765198,0.000700642,0.002985137,
LRP5L,1.990466504,0.829197121,8.966057201,0.00335401,0.011825584,
SLC25A1,-0.949229952,0.24844837,62.12381998,7.76E-05,0.000415962,
PLA2G3,-4.943827861,1.592173097,4.761966962,0.00010188,0.000531348,
SH3BP1,-0.990119057,0.428769956,20.94709752,0.010813482,0.031967877,
LGALS1,-1.053011112,0.236602599,74.21880493,4.46E-06,3.01E-05,
PIK3IP1,-2.38921716,0.522961469,18.19223356,7.66E-07,5.85E-06,
EIF3L,-2.016524204,0.262748677,63.80763087,3.43E-15,5.97E-14,
SNU13,-1.866104499,0.215317717,90.56884788,1.06E-18,2.24E-17,
MICALL1,-1.121699167,0.229049843,76.06379088,4.78E-07,3.77E-06,
POLR2F,-1.359421471,0.610122551,10.32494926,0.00815861,0.025278135,
SLC5A1,-3.726543847,0.511984985,26.02978818,4.66E-14,7.51E-13,
DDX17,1.307956074,0.119216941,408.758186,2.26E-28,7.53E-27,
TOMM22,-1.609871224,0.25364378,71.77706364,6.45E-11,7.90E-10,
XBP1,1.502808348,0.130485407,277.3214083,3.86E-31,1.44E-29,
RTCB,-0.702505707,0.17802437,151.3888232,5.88E-05,0.000324793,
JOSD1,2.170374492,0.239776,101.5421378,2.97E-20,6.77E-19,
FBXO7,0.620267259,0.266067546,63.37545329,0.015476594,0.043216715,
GTPBP1,0.792520301,0.291943856,58.9613786,0.004529578,0.015343196,
TIMP3,-1.66846169,0.757035743,8.724936778,0.006143482,0.019859463,
PPP6R2,0.673110018,0.284090842,59.1075314,0.013400414,0.038342467,
SUN2,1.178666816,0.331589647,38.13522098,0.000174544,0.000863025,
DNAL4,-1.03028763,0.493780114,16.05974018,0.017688016,0.048173401,
LMF2,1.67083593,0.312680681,48.66414109,2.67E-08,2.52E-07,
RHBDD3,1.797191116,0.382233415,43.77371493,6.92E-07,5.31E-06,
PACSIN2,0.689990932,0.249350185,71.94622703,0.004240297,0.01451652,
AP1B1,-1.077603375,0.242173722,73.47251774,4.43E-06,3.00E-05,
CHKB,1.903643147,0.264228836,86.67361212,1.46E-13,2.26E-12,
BIK,1.564083906,0.796243804,11.76638048,0.01138465,0.033441501,
HMOX1,0.778692601,0.346625116,40.76532564,0.016623076,0.045788112,
MCAT,-1.356835376,0.717273137,9.344897264,0.016819658,0.046209691,
MCM5,-1.96770465,1.11577555,4.052000521,0.010693997,0.031662124,
TSPO,-2.317554068,0.191963285,182.3432878,2.41E-34,9.94E-33,
TTLL12,-1.843234729,0.339928012,35.14366245,1.35E-08,1.34E-07,
RPL3,-2.205341091,0.10366533,451.557214,4.10E-101,5.72E-99,
SYNGR1,-1.813031093,1.123143877,3.770855606,0.015949309,0.044361147,
MTMR3,0.834209525,0.22663463,118.4942357,0.000159293,0.000794164,
SAMM50,-1.368625065,0.566243099,11.32250631,0.00500808,0.016746186,
TXN2,-2.231719784,0.280348482,58.02754068,3.05E-16,5.65E-15,
EIF3D,-0.520385936,0.134391414,241.5719484,9.26E-05,0.000488696,
KIAA0930,-0.887302064,0.303808563,38.38708414,0.002114021,0.007868084,
RBX1,-0.860021565,0.293430019,54.32681505,0.002108893,0.007854986,
EP300,0.846974358,0.216516118,135.0816787,6.16E-05,0.000338355,
ZC3H7B,1.004282723,0.326222304,38.70201023,0.001142248,0.004596974,
ACO2,-1.186643572,0.219933902,93.07864383,3.15E-08,2.95E-07,
BRD1,1.622790043,0.225087566,121.1874249,1.88E-13,2.89E-12,
ABHD4,-1.111691092,0.462332324,18.01532336,0.007221685,0.022815764,
KHNYN,0.478661471,0.20318748,95.99655669,0.016190384,0.044910011,
FKBP3,-0.753994279,0.240205821,68.6785345,0.001187507,0.004754163,
PRMT5,0.503634271,0.154108114,178.8132214,0.000941644,0.003864015,
SOS2,1.561089586,0.329774462,45.33214102,7.10E-07,5.45E-06,
PYGL,-2.266749449,0.217584479,88.71640525,3.68E-26,1.12E-24,
CDKN3,-2.049376083,1.19944262,4.85924171,0.010443517,0.031047077,
CNIH1,-1.138632219,0.310792215,39.84461228,0.000115939,0.000596111,
CGRRF1,1.453796583,0.671731165,9.86837923,0.009130577,0.027796593,
ATP6V1D,0.493924637,0.172769622,142.9847985,0.00370192,0.012881114,
PLEK2,-0.59311083,0.224660008,73.688987,0.006620727,0.021198614,
PSMA3,-1.335381133,0.335888086,40.55658669,2.59E-05,0.000153389,
VTI1B,-1.574231114,0.418411904,23.18269326,4.77E-05,0.000268204,
AHSA1,0.449290076,0.115058334,409.5901113,8.37E-05,0.000445173,
DAAM1,-1.467516745,0.352815993,32.83598155,1.05E-05,6.66E-05,
DHRS7,-0.752748752,0.264628804,52.39042,0.00309455,0.011022224,
SIX4,2.201816559,0.654597894,30.46319831,0.000197137,0.000961556,
HIF1A,-1.025051181,0.133344906,231.1667606,8.29E-15,1.41E-13,
SRSF5,1.164827351,0.100937045,836.4340221,4.09E-31,1.52E-29,
EIF5,1.797580648,0.137997226,366.4546669,2.57E-39,1.22E-37,
DICER1,1.079579945,0.312377595,43.62049405,0.000281819,0.001322824,
MTHFD1,-2.014384573,0.665290733,9.704977839,0.000429687,0.001934014,
PCNX1,1.318174987,0.410319284,29.49511459,0.000519672,0.00229267,
VRK1,-1.505512495,0.604084048,11.5159632,0.003460071,0.012156053,
PSMB5,-1.041714154,0.147373239,239.8137516,8.39E-13,1.21E-11,
ACIN1,1.773096496,0.171442777,287.5212764,1.32E-25,3.90E-24,
PABPN1,1.22365683,0.189034377,234.5411801,4.28E-11,5.32E-10,
EFS,-1.271407311,0.53094039,14.45532752,0.005968275,0.01937478,
DHRS2,4.071318135,2.135931064,19.31584998,0.00051799,0.002285981,
PCK2,1.009044142,0.359564416,30.36942845,0.002687751,0.009753078,
PSMA6,-0.847778445,0.320495939,36.9883046,0.005109662,0.016991287,
NFKBIA,2.189435862,0.14170479,973.7399403,1.95E-54,1.26E-52,
PSME2,-1.422399127,0.281846636,71.14730796,1.64E-07,1.39E-06,
PNN,1.496927885,0.111365027,610.7737347,1.39E-41,6.99E-40,
RABGGTA,-0.767414574,0.343842873,32.51438991,0.017083472,0.046813328,
PLTP,-3.226072306,0.357682262,46.3117399,2.38E-20,5.44E-19,
PYGB,-1.002357581,0.206966661,97.01625452,7.15E-07,5.48E-06,
PROCR,-3.460845095,0.458641275,36.31208494,4.87E-15,8.39E-14,
NINL,2.318249822,1.173042277,4.474943581,0.007218442,0.022810741,
ZMYND8,-1.256166495,0.438902941,23.01161105,0.001623313,0.006274992,
MYBL2,-2.627598643,0.797162791,9.95519569,0.000131619,0.000667528,
PABPC1L,1.803917827,0.40540578,37.74386993,2.38E-06,1.68E-05,
STK4,0.855013057,0.327921852,44.90578695,0.00578981,0.018872244,
RAE1,0.909270654,0.256259377,82.23746847,0.00024038,0.001146855,
TPD52L2,0.477848134,0.138878148,224.6389738,0.00052007,0.002293695,
CTSZ,1.494860669,0.276918859,67.3604972,2.20E-08,2.11E-07,
PRELID3B,0.551101562,0.158370746,160.5498658,0.000423992,0.001912748,
PSMA7,-0.415585374,0.13047068,271.9195526,0.001347867,0.00532815,
MRGBP,1.193096329,0.306076797,49.52692112,4.48E-05,0.000252872,
DIDO1,1.035142732,0.337716099,43.68123955,0.001169594,0.004691974,
GID8,-0.549857782,0.236541047,82.23887142,0.016510178,0.045552476,
ARFGAP1,0.7592107,0.293001917,55.64434224,0.006701859,0.021413672,
GMEB2,1.406967226,0.301106558,78.00324228,1.15E-06,8.57E-06,
C20orf27,-2.076897221,0.61299021,11.99752892,0.000120989,0.000619308,
RNF24,2.076790895,0.354069948,47.91985119,1.05E-09,1.17E-08,
TRIB3,1.61216085,0.21304007,112.8433965,1.18E-14,1.99E-13,
CDS2,1.092451805,0.512242562,14.31055527,0.015131224,0.042406761,
SEC23B,-0.541689947,0.206896974,109.2502503,0.007404253,0.023307183,
FERMT1,-1.883382957,0.487309402,18.8977843,2.37E-05,0.00014175,
TM9SF4,-1.355452534,0.293496145,48.84159825,1.46E-06,1.07E-05,
NOP56,-0.88164348,0.219362377,84.04646395,3.65E-05,0.000209341,
IDH3B,-1.237215398,0.238712255,84.22964244,9.51E-08,8.36E-07,
JAG1,-1.609127078,0.391572512,26.16330571,1.11E-05,7.00E-05,
PXMP4,-2.657999576,1.093733696,5.089555482,0.001459654,0.005719258,
CHMP4B,0.79360859,0.107604494,423.7062632,1.15E-13,1.80E-12,
CST3,-3.220445659,0.311102504,55.66576619,5.11E-26,1.54E-24,
AHCY,-2.623774007,0.277674915,61.2296987,5.10E-22,1.30E-20,
ZNF516,0.749916287,0.326897141,48.8737132,0.014809991,0.041675751,
ADNP2,1.465779249,0.218979617,175.0756629,8.82E-12,1.16E-10,
VAPA,1.247140269,0.221584801,99.10715566,8.12E-09,8.28E-08,
LPIN2,2.277152965,0.665077934,19.02953008,0.00013398,0.000678006,
MYL12A,-0.879133081,0.16290066,154.170687,4.32E-08,3.96E-07,
SMAD7,1.475517377,0.52908804,20.33132902,0.00174003,0.006673823,
ANKRD12,1.446281855,0.336983224,43.31006825,6.42E-06,4.24E-05,
POLI,1.421375586,0.680650495,10.32775076,0.011376168,0.033430818,
MIB1,1.831196426,0.22259723,153.8644076,5.54E-17,1.07E-15,
RIOK3,0.863817456,0.170050573,215.4903186,2.48E-07,2.05E-06,
CSTF2,-0.901455931,0.390086026,31.38922341,0.012073992,0.035122489,
PRPS2,-2.127063059,0.503004657,19.67968111,4.07E-06,2.77E-05,
AMMECR1,-0.950330335,0.326288581,37.41137461,0.002021055,0.007578957,
WDR13,1.144657075,0.384410435,29.92980179,0.001360366,0.005371404,
ABCD1,2.012987602,1.139226366,4.931107925,0.013447543,0.038461367,
SYP,4.135459058,2.197304012,12.7267392,0.000597143,0.002593824,
PLP2,-0.545257943,0.137958182,271.0814656,6.46E-05,0.000352877,
PLS3,-2.48134048,0.16178357,260.6170426,6.28E-54,4.03E-52,
RENBP,3.151401144,2.853217262,2.162229713,0.008816322,0.026970792,
ELF4,1.740704957,0.34175101,45.67770813,9.78E-08,8.58E-07,
SMARCA1,1.929628541,0.376497648,34.1362355,7.09E-08,6.34E-07,
PGK1,-1.468570423,0.149791249,197.2012802,3.50E-23,9.27E-22,
GPR50,9.889453089,2.458397512,484.2862992,3.85E-15,6.68E-14,
RP2,0.759938679,0.322209796,42.89706359,0.012669817,0.036547548,
CDK16,0.757866918,0.260606131,78.8045801,0.002758435,0.009970247,
HTATSF1,-1.2867561,0.305957756,41.39194697,1.04E-05,6.58E-05,
VGLL1,-3.78294721,1.036500258,7.433519253,2.63E-05,0.000155446,
GABRE,1.302658999,0.362503089,36.8145505,0.000133345,0.000675538,
FGD1,2.094857674,0.380794913,40.64138006,8.10E-09,8.27E-08,
KLF8,1.351097239,0.533745506,14.42101226,0.004000919,0.013782436,
PBDC1,-0.477705262,0.206973044,134.9684286,0.018167178,0.049206489,
ARMCX3,0.826249184,0.266232573,72.1146809,0.001272409,0.005057387,
NDFIP2,-1.238452266,0.246737993,61.35386377,2.26E-07,1.88E-06,
FNDC3A,1.002589965,0.310255871,49.64756394,0.000779144,0.003272121,
CAB39L,1.132738002,0.459936074,21.11207676,0.006247433,0.020143591,
KLF5,-0.583413763,0.13366809,256.136476,1.05E-05,6.67E-05,
ACP5,-1.861545571,0.7835829,7.592084518,0.003061011,0.010928523,
ARHGEF7,0.918813038,0.36747482,31.24408419,0.007306287,0.023040851,
PARP4,1.441891917,0.369820074,31.27188127,3.36E-05,0.000194188,
RGCC,3.055399848,1.144392734,11.11821416,0.001733058,0.006648929,
DGKH,1.967451845,0.496646375,21.00615911,1.67E-05,0.000102201,
KATNAL1,1.851539147,0.891933558,6.104017287,0.007018419,0.022296081,
INTS6,1.252979672,0.370930604,42.57686833,0.000315714,0.001463997,
TSC22D1,0.932313688,0.2371598,73.195874,5.13E-05,0.000286474,
MGRN1,1.05894496,0.453951369,22.46019246,0.009763054,0.029289161,
MAPK3,-0.728484356,0.246686578,60.11587343,0.002248379,0.008307265,
GDPD3,-1.019454547,0.345516874,39.1326598,0.001656157,0.006389424,
MT4,-3.622877963,3.626916923,3.788532275,0.0082036,0.025377645,
PHKB,-1.592895031,0.655273056,9.457705659,0.003706497,0.01289054,
CENPT,1.055925523,0.269997393,67.55758018,4.95E-05,0.000277282,
NFAT5,1.764111632,0.261809391,125.4518981,4.76E-12,6.44E-11,
N4BP1,-1.149861799,0.33918465,32.04506479,0.000317962,0.001473924,
ZNF821,1.320474587,0.507229016,28.01700032,0.003558524,0.012460703,
CCDC113,-1.941771048,0.920638913,5.242008557,0.005566835,0.018273626,
NME3,-1.608598904,0.724070922,11.67086681,0.005859874,0.019072231,
NDRG4,1.917738642,0.397902349,44.03397193,3.75E-07,3.01E-06,
HAS3,-2.755878371,0.395005289,30.79589045,4.34E-13,6.44E-12,
COG4,-1.005311844,0.33839308,35.30328263,0.001562444,0.006072014,
MON1B,0.750459383,0.289829236,65.67463056,0.006809612,0.021697679,
AXIN1,1.482358833,0.346033342,39.91254327,6.36E-06,4.20E-05,
HCFC1R1,-3.78088699,0.842046375,10.8349192,9.56E-07,7.19E-06,
MPG,-0.937565545,0.400822628,26.3332954,0.010673566,0.03162323,
NECAB2,3.841894215,2.424131618,4.317667784,0.002368136,0.008712415,
COTL1,-1.895838907,0.396589712,28.73116477,3.89E-07,3.11E-06,
USP10,0.681699613,0.215225165,99.89750905,0.001170669,0.004694925,
NME4,-1.403013907,0.383704557,29.75275337,8.61E-05,0.000457456,
ABCC1,0.724905408,0.29691226,46.54397442,0.010517222,0.031252312,
CLCN7,1.715347846,0.279433876,98.55601716,2.54E-10,2.95E-09,
SLC7A5,1.055899473,0.14726596,239.9374046,4.55E-13,6.74E-12,
METRN,-1.962481001,0.603935639,12.28454518,0.000214393,0.0010345,
FBXO31,0.899376076,0.38854669,31.45221507,0.012265217,0.035611192,
STUB1,-0.944914695,0.233861923,73.09681738,3.12E-05,0.000181647,
RHBDL1,2.81723654,0.863706566,13.82817934,0.000239559,0.001143522,
UBE2I,1.057425042,0.217985609,111.5514509,6.66E-07,5.14E-06,
CRYM,2.418979981,1.087078513,14.0457823,0.006750338,0.021538651,
CAPN15,2.221783518,0.357520943,47.43021261,1.10E-10,1.32E-09,
PIEZO1,2.216949509,0.199173544,177.1080746,2.07E-29,7.15E-28,
ELOB,-2.043358364,0.167935724,193.704195,9.53E-35,4.00E-33,
GGA2,1.531682884,0.37815516,36.2879929,1.70E-05,0.000103697,
QPRT,-4.054029095,1.358061972,5.190590991,0.000391194,0.001775815,
PYCARD,-2.889041855,0.518116279,22.0878352,2.92E-09,3.10E-08,
MAZ,0.805654508,0.248019936,68.55874204,0.000797549,0.003335748,
STX4,1.008131862,0.247549058,88.39075687,2.61E-05,0.000154176,
CDIPT,-0.741563383,0.290941624,45.1923068,0.007492593,0.023553024,
VPS35L,-1.154688929,0.555385939,15.94088882,0.015655661,0.043637271,
AQP9,-3.223302126,0.510951945,24.25460768,3.55E-11,4.45E-10,
AAGAB,-0.693001472,0.257944457,56.56248531,0.005296226,0.017518678,
CORO2B,6.359256709,2.461446995,6.625647417,5.09E-06,3.42E-05,
AP3B2,2.21151883,2.057834424,8.532592922,0.016166134,0.044851759,
RAB11A,-1.616448787,0.202953112,101.6561359,4.92E-16,9.01E-15,
CTSH,-2.030209213,1.236764884,3.533438467,0.013084192,0.037577908,
CD276,1.305206418,0.37313637,32.13733231,0.000186077,0.000913828,
CEMIP,-2.552323128,0.804426471,9.15591953,0.000217592,0.001046991,
HOMER2,1.55617281,0.475419538,21.06668308,0.000325298,0.001505405,
TMEM87A,-0.76385003,0.255398487,61.32145167,0.001929752,0.007288514,
TGM5,-3.147235824,1.806719042,2.704726593,0.005017198,0.016772609,
GABPB1,1.925000596,0.372903366,42.6949,6.27E-08,5.64E-07,
RHOV,-3.397554472,0.328366858,74.54212384,4.94E-26,1.49E-24,
MYEF2,3.417505223,0.908157382,16.29682397,5.17E-05,0.000288089,
ZDHHC2,3.828551895,0.990687742,10.05329621,2.53E-05,0.000149705,
CA2,-2.507370367,0.147848383,243.2592866,2.61E-65,2.16E-63,
NBN,-2.375448371,0.775389747,8.002244093,0.00029303,0.00136893,
DECR1,-2.910322691,0.585217203,17.23244991,7.77E-08,6.91E-07,
SFRP1,-3.727970863,0.573634037,19.01012624,1.01E-11,1.32E-10,
LAPTM4B,-2.62312057,0.283504233,59.41484793,3.21E-21,7.85E-20,
IKBKB,1.640872502,0.399741379,30.92510163,1.21E-05,7.58E-05,
EIF3E,-0.819638056,0.170703019,148.3771816,1.07E-06,8.01E-06,
ESRP1,-0.703639943,0.167019354,139.5856879,1.89E-05,0.000114265,
NDRG1,0.508864262,0.118942807,278.2441206,1.63E-05,0.00010017,
SNX16,1.097947942,0.423542183,31.43413962,0.004602154,0.015528052,
UBR5,0.833761442,0.18979969,159.7516664,7.54E-06,4.92E-05,
SQLE,-0.967096022,0.197852949,97.79532375,5.90E-07,4.60E-06,
INTS10,-1.120896307,0.474542368,17.40743869,0.007944375,0.024719815,
SLC39A14,2.105902601,0.280462147,77.98172522,1.38E-14,2.32E-13,
MTMR9,1.283171355,0.43791683,22.83437462,0.001389997,0.005474304,
LEPROTL1,-1.48679333,0.581330545,12.97193184,0.002945175,0.010548512,
R3HCC1,0.977323065,0.398642086,27.07777001,0.00776549,0.024269246,
GSR,1.209604163,0.404704796,24.16921927,0.001213672,0.004851876,
TNFRSF10A,0.874261672,0.270755724,67.09570584,0.00078522,0.003292626,
PPP2CB,1.27847348,0.154563555,197.7939834,5.78E-17,1.11E-15,
NEFM,4.902734355,1.204885311,266.2090516,4.39E-06,2.98E-05,
TUSC3,-1.033554692,0.459031412,18.35198137,0.011831081,0.03452504,
ARHGEF10,1.572801931,0.417164568,31.31030342,5.21E-05,0.000290129,
MCM4,-0.926011607,0.395199086,23.13973852,0.010742844,0.031786289,
KCTD9,1.323884066,0.190784105,131.3023396,1.64E-12,2.30E-11,
ASAH1,-3.05857916,0.691580691,11.07719705,1.16E-06,8.59E-06,
KCNN4,6.743176223,2.454668761,9.818249591,1.03E-06,7.75E-06,
NUCB1,-2.171160267,0.316809203,54.44102218,1.36E-12,1.93E-11,
ECH1,-3.065354835,0.287626757,66.162479,2.03E-27,6.54E-26,
NFKBIB,0.615397943,0.225529306,201.8529006,0.005109699,0.016991287,
LHB,3.250510478,1.781044194,7.011634613,0.004067995,0.013968235,
SNRNP70,1.663700674,0.134600451,469.1278847,1.36E-35,5.87E-34,
RELB,2.927831012,0.370553205,106.8880957,7.47E-16,1.35E-14,
CLASRP,1.515400554,0.329942306,64.91901549,1.53E-06,1.11E-05,
CKM,3.424989036,2.309586258,8.598802335,0.003522423,0.012346822,
KLC3,-0.796251344,0.267924732,60.85280882,0.001979407,0.007438948,
SF3A2,0.723942523,0.277939973,59.04598601,0.006653733,0.021284542,
AMH,5.031361911,2.234338786,14.56891898,5.94E-05,0.000327627,
OAZ1,1.115889237,0.108083565,627.2935239,2.82E-25,8.15E-24,
STX10,-0.758245761,0.262138275,64.95506519,0.002655283,0.009645407,
DMPK,1.810640069,0.374222564,56.65022176,3.70E-07,2.98E-06,
CCDC130,1.019367068,0.349727817,39.76042367,0.002023221,0.007585016,
PTOV1,1.634136539,0.220997209,187.1496409,4.82E-14,7.76E-13,
TLE5,0.551305745,0.203531961,96.92357099,0.005650924,0.018501245,
SNAPC2,1.496589132,0.38000182,29.8787504,2.69E-05,0.000158836,
C19orf53,-2.164151078,0.284321934,105.6662394,4.85E-15,8.37E-14,
TIMM44,1.257381731,0.249429655,108.3796013,2.05E-07,1.72E-06,
IL27RA,2.16184421,0.952182438,6.083691129,0.003625734,0.012651108,
TNNT1,0.627068334,0.212544255,94.18679089,0.002535389,0.009248841,
FAM32A,-0.745965402,0.193628758,124.4657136,8.41E-05,0.000447165,
PPP6R1,0.758748084,0.237538611,88.14071626,0.000995784,0.00405962,
OLFM2,-1.116971634,0.338272609,45.67600547,0.000456246,0.002040907,
EPHX3,-4.061808548,0.496272549,33.91596025,3.36E-17,6.60E-16,
ILVBL,-1.773267619,0.536448709,15.03381951,0.000216553,0.001042717,
CASP14,-5.535650795,0.277938042,158.4308921,8.17E-89,9.09E-87,
ANKRD27,0.778726022,0.342726825,31.77956712,0.015605045,0.043513766,
RPS16,-2.160993229,0.130196123,369.5758924,1.48E-62,1.14E-60,
FBL,-2.21339155,0.26025923,63.06921116,3.34E-18,6.85E-17,
GPI,-0.78801197,0.329634476,32.50653378,0.01100398,0.032482337,
PLD3,-1.698592854,0.405401538,25.17279048,7.16E-06,4.70E-05,
NUMBL,2.666743106,0.394117973,41.59822538,2.46E-12,3.41E-11,
POLR2I,-1.268304947,0.38179066,27.00611281,0.000351416,0.00161254,
CACTIN,0.739030649,0.330389041,76.87671551,0.017876266,0.04856151,
CCDC9,1.254829638,0.346878003,47.96430634,0.00012706,0.000646304,
FZR1,0.981457255,0.297909546,57.9163081,0.000567358,0.002478488,
TGFB1,1.790215725,0.283438115,66.12297136,7.43E-11,9.05E-10,
DENND3,1.96907622,1.170362778,4.572118895,0.015592204,0.043495537,
DMAC2,-0.826742148,0.356317112,28.13225084,0.012732536,0.036705451,
MYH14,-1.728481577,0.591123366,12.00216122,0.000791995,0.003318014,
MRPL4,-0.993970006,0.388195809,28.47616891,0.005483507,0.018043014,
RPS19,-2.170659122,0.114953912,456.3206191,2.94E-80,2.94E-78,
ICAM5,3.93278042,1.453759865,7.126639937,0.000529356,0.002329438,
ETFB,-2.262350823,0.608239376,11.9549207,3.14E-05,0.000182921,
TYK2,0.851049437,0.323198389,49.02431726,0.00539553,0.017808734,
NAPA,-0.569846978,0.209714265,113.532456,0.005380016,0.017761774,
RABAC1,-1.589631769,0.29770496,57.00976325,2.71E-08,2.56E-07,
MEIS3,5.310393739,2.396475962,5.940043941,9.31E-05,0.000490546,
CNFN,-1.717754922,0.150112813,559.6957332,6.00E-31,2.20E-29,
CYTH2,1.431680301,0.268977,86.44643067,3.98E-08,3.66E-07,
PLA2G4C,2.92402777,2.162546181,8.655076687,0.005986193,0.019428377,
RAB3D,-1.794554275,0.347521237,35.18437464,5.71E-08,5.17E-07,
TMEM205,-1.223765294,0.254221137,103.7587053,6.59E-07,5.08E-06,
BCAT2,0.932580482,0.402992692,28.86682558,0.011874969,0.034623826,
PLEKHA4,1.724803528,0.645753799,15.86625326,0.001979372,0.007438948,
PPP2R1A,-1.258324985,0.215877528,85.48812858,2.38E-09,2.54E-08,
WDR83OS,-1.47707152,0.185174942,230.7609723,5.13E-16,9.37E-15,
MAST1,3.924756141,2.527292039,3.612277948,0.00262652,0.009547962,
RPL18A,-1.948725238,0.161411314,209.9777002,3.14E-34,1.29E-32,
ARRDC2,2.428247643,0.692491681,12.21399383,7.67E-05,0.000411861,
PIK3R2,-1.510044238,0.521856873,15.0566315,0.001086564,0.004393375,
ISYNA1,2.057071634,0.686282042,37.48163299,0.000752193,0.003176334,
ELL,1.310742735,0.292376808,90.889651,3.15E-06,2.19E-05,
COPE,-0.857311719,0.209622388,125.8708066,2.79E-05,0.000163815,
DDX49,-0.890718818,0.366219563,33.05310075,0.008866999,0.027097943,
TMEM147,-1.964863487,0.217312821,102.281319,3.35E-20,7.60E-19,
LSR,0.519381812,0.213975186,91.44202996,0.012924198,0.037164813,
KXD1,1.156645287,0.237463628,85.32411951,5.39E-07,4.23E-06,
FKBP8,-1.435587577,0.166266461,210.1922144,2.11E-18,4.40E-17,
ERF,1.084832777,0.204365304,147.7616337,5.96E-08,5.37E-07,
GSK3A,0.878689399,0.186488504,132.7663946,1.59E-06,1.15E-05,
GRIK5,2.756153131,2.252675925,6.302689593,0.008743206,0.026788685,
ETHE1,-3.383191827,0.355620033,47.70085891,2.38E-22,6.18E-21,
RUNDC3B,3.604876786,1.265836118,25.24611048,0.000484789,0.002153924,
DNAJC2,1.731949874,0.300942839,91.29489541,2.61E-09,2.78E-08,
TFPI2,2.90040765,0.652334851,54.03348152,2.69E-06,1.88E-05,
PON2,-1.090753852,0.422681974,21.00227866,0.004593055,0.015504931,
CBLL1,1.310413478,0.30928069,55.43279844,9.42E-06,6.03E-05,
DLX5,-1.977683911,0.583617933,17.86386809,0.000130952,0.000664633,
GSDME,-1.223861174,0.4535156,19.7535887,0.002796864,0.010090299,
OGDH,-2.201056783,0.223873698,91.25367914,1.57E-23,4.22E-22,
CAV1,-1.531631295,0.16029658,166.7889653,3.95E-22,1.01E-20,
MET,1.211965261,0.199334315,128.1045178,5.62E-10,6.39E-09,
HOXA1,1.298464741,0.353331506,47.37316105,9.77E-05,0.000512304,
DNAJB6,0.64651297,0.24973662,92.65276408,0.007515561,0.023609093,
HIBADH,-1.009283671,0.475397106,18.82704647,0.016609744,0.045778803,
GRB10,3.760271863,0.639677759,26.46289792,1.13E-09,1.25E-08,
PLEKHA8,1.169680519,0.443803053,22.70793041,0.003667932,0.012782189,
STX1A,3.123358726,0.37341465,65.53378872,1.23E-17,2.47E-16,
GARS,1.085737985,0.118980612,336.7853245,3.72E-20,8.40E-19,
EPHB6,-4.600663621,0.953135094,9.868889086,2.33E-07,1.93E-06,
CHCHD2,-1.591962218,0.140325974,335.5504338,2.54E-30,9.02E-29,
CCL24,6.75148054,1.237755341,136.5822031,1.60E-09,1.74E-08,
HSPB1,-1.837691352,0.076683797,3117.745473,1.18E-127,2.22E-125,
PDAP1,-1.172591902,0.214691241,94.4547441,2.20E-08,2.11E-07,
ZKSCAN1,0.734730801,0.207521384,113.0611117,0.000292222,0.001366078,
SNX8,1.464718246,0.449517001,31.40210574,0.000388584,0.00176571,
NUDT1,-3.428220807,1.029569527,6.868521312,9.20E-05,0.000485749,
PTPRZ1,-4.882918849,1.025012897,10.04449268,4.28E-07,3.41E-06,
WASL,0.59436259,0.232618402,75.11111537,0.008653334,0.02656641,
MOSPD3,-2.133073348,0.685771662,9.404055579,0.000299933,0.001397864,
SERPINE1,1.292521858,0.146544273,219.7075823,5.02E-19,1.08E-17,
AP1S1,-1.269519249,0.183954223,130.7164959,2.15E-12,2.99E-11,
PLOD3,3.530066535,0.379932939,76.09134908,3.92E-21,9.45E-20,
RPA3,-2.070804877,0.904786123,7.45830257,0.003130714,0.011132146,
CLDN15,2.14621482,0.479132966,67.70863085,1.97E-06,1.41E-05,
ANKMY2,2.380390541,0.424081094,37.62789755,4.00E-09,4.20E-08,
PSMA2,-1.33808643,0.287230995,53.96930167,1.22E-06,9.01E-06,
URGCP,1.479012645,0.325354905,45.66173593,1.92E-06,1.37E-05,
RHEB,0.754186578,0.265505379,71.34685809,0.003191702,0.011322747,
AEBP1,2.256496599,1.498022077,5.704747576,0.013837587,0.039340481,
POLD2,-1.287556889,0.305548224,41.49596982,1.00E-05,6.36E-05,
YKT6,0.507257382,0.124935705,362.4242799,4.22E-05,0.000239537,
CLIP2,2.803233121,0.533112614,22.78590171,2.62E-08,2.48E-07,
EIF4H,-0.35909528,0.125371168,263.8585965,0.00358984,0.012551516,
FSD1L,2.815609956,1.072453818,6.447129111,0.001448649,0.005682593,
TMEM245,-1.263733769,0.546483739,12.74420684,0.007475704,0.023505291,
MEGF9,-0.844321989,0.384942079,24.3192166,0.017324488,0.047370305,
TGFBR1,0.908379708,0.334863992,35.18168378,0.004033532,0.013874064,
SEC61B,-0.463650247,0.135880911,233.9221146,0.000568308,0.002481065,
PLGRKT,-2.288289178,0.440905924,23.74130417,3.45E-08,3.20E-07,
KDM4C,1.090168187,0.416470856,26.89026963,0.004357994,0.014857014,
KANK1,-1.970742843,0.34859957,34.74202431,3.25E-09,3.44E-08,
TESK1,2.386755,0.343731204,64.35785627,7.81E-13,1.13E-11,
CA9,-3.832515861,1.423481529,5.212776294,0.000542647,0.002381849,
FUBP3,0.658002912,0.244986834,74.37833225,0.005531834,0.018187334,
TYRP1,-4.227849725,2.075834217,3.684134546,0.001651964,0.00637503,
CREB3,1.188280539,0.277625107,69.59749049,8.58E-06,5.53E-05,
RGP1,0.597394507,0.241692643,71.63273977,0.010871675,0.032126148,
MPDZ,3.577141288,0.496057287,56.10959724,1.75E-13,2.69E-12,
DDX58,-1.698855128,0.556283913,15.15711539,0.000532159,0.002338789,
EDF1,-1.234639874,0.163121308,251.681209,1.65E-14,2.75E-13,
RAPGEF1,1.694524981,0.389621317,32.2128016,3.86E-06,2.64E-05,
NPDC1,2.981467359,0.370533275,53.12835468,1.29E-16,2.44E-15,
SETX,1.421426535,0.214089701,165.7818355,1.29E-11,1.68E-10,
ZFAND5,0.636373188,0.220227251,110.1497758,0.003035283,0.010843103,
DVL1,1.101623715,0.185472875,138.1053503,1.46E-09,1.59E-08,
PDLIM1,-1.477075827,0.186331596,123.8620761,7.56E-16,1.37E-14,
CCNJ,1.361975089,0.379344117,32.014846,0.000139705,0.000703625,
GATA3,-2.187599397,0.301359423,62.34990989,7.12E-14,1.13E-12,
HPS1,0.680141557,0.25519636,74.25440544,0.005804788,0.018906318,
PHYH,-1.740392505,0.887377264,6.808501935,0.009006621,0.027455572,
RAB11FIP2,1.145348483,0.526410063,16.70553679,0.012795049,0.03685487,
MAPK8,1.202271174,0.48524653,20.97658217,0.005639758,0.018486619,
LIPA,-3.696986217,0.552742767,20.08461908,2.71E-12,3.73E-11,
LZTS2,0.969252707,0.305078388,41.42872559,0.000850781,0.003535312,
SFXN3,1.32140709,0.268528853,71.25351419,3.52E-07,2.85E-06,
NPM3,-2.191736885,0.261771741,91.91465024,1.02E-17,2.05E-16,
TNKS2,0.495978829,0.192027672,115.1206776,0.008486871,0.02614843,
GBF1,0.48349729,0.195770047,163.3429972,0.011628649,0.03402064,
ARHGAP21,2.829464286,0.264041182,91.83329973,1.56E-27,5.07E-26,
CUEDC2,-1.771265829,0.410275858,34.70456817,3.70E-06,2.54E-05,
LHPP,-3.380712154,1.462008169,4.10025239,0.001572861,0.006105622,
LARP4B,1.438666831,0.264615788,81.27638112,2.05E-08,1.98E-07,
SH3PXD2A,-1.895902836,0.34508617,33.67847108,8.66E-09,8.79E-08,
STN1,-1.603676118,0.7423442,7.713255378,0.006972453,0.022170471,
MAP3K8,-1.169600565,0.563040924,15.3042171,0.014997033,0.042102175,
DKK1,-2.26967081,0.506215613,22.92258571,1.27E-06,9.37E-06,
GLRX3,0.526957195,0.194282504,102.7176205,0.005675151,0.01856295,
SMC3,0.818951336,0.230620587,88.25128533,0.000259555,0.001228766,
SHOC2,0.912990567,0.229724388,86.49955178,4.39E-05,0.000248361,
CCDC6,-1.348189061,0.395220967,24.92879119,0.000231871,0.001109505,
RPL28,-1.770591736,0.192565373,110.0543662,9.75E-21,2.29E-19,
PPIF,2.017505734,0.101020677,631.1247872,2.47E-89,2.80E-87,
CYP2C18,-3.956031398,0.737754942,12.48129578,1.09E-08,1.09E-07,
KRT23,-2.325895748,0.198890664,196.1861019,2.35E-32,9.16E-31,
NUFIP2,1.014784198,0.180922753,148.718529,1.18E-08,1.17E-07,
RPL19,-2.078697968,0.091804818,1113.668473,3.49E-114,5.36E-112,
RUNDC3A,-1.760027929,0.757668756,8.092974447,0.004181145,0.014335353,
UBTF,0.746047067,0.27363962,53.16083403,0.004564856,0.01542483,
PSMD3,-0.858358961,0.20812005,107.6535475,2.40E-05,0.000143121,
CASC3,0.736787074,0.294409296,49.3285583,0.008788976,0.02690503,
RAPGEFL1,-2.826088669,0.325067839,49.03037845,4.67E-19,1.01E-17,
WNT3,3.637436166,0.716369528,27.63944828,1.27E-07,1.09E-06,
MTMR4,-1.106603349,0.480923067,16.0752245,0.009519096,0.028707063,
DHX40,-1.036874216,0.494529991,17.72963566,0.017260818,0.047233649,
PNPO,-2.022683935,0.563984929,13.31049568,6.09E-05,0.00033463,
TRIM16L,1.636482094,0.705449059,8.700372988,0.004854687,0.016297992,
INTS2,1.142152323,0.417376401,49.99824604,0.003016288,0.010783619,
CAMTA2,1.312268716,0.314051277,51.53169627,1.19E-05,7.47E-05,
MED13,1.180341074,0.206153334,151.8073487,5.00E-09,5.19E-08,
ENO3,5.137586942,0.964097568,61.3358784,1.66E-07,1.41E-06,
PFN1,-0.339763836,0.082264572,615.5008767,3.40E-05,0.000195764,
RNF167,-1.187314711,0.201692086,100.1044529,1.81E-09,1.96E-08,
RASD1,3.397986498,0.735986035,90.28374392,1.82E-06,1.31E-05,
C1QBP,-1.35515793,0.20183328,102.3441098,7.32E-12,9.72E-11,
BLMH,-1.846850819,0.400691752,31.03193111,9.42E-07,7.10E-06,
SMARCD2,-0.681196711,0.232277608,67.99621839,0.002505712,0.009157942,
SYNGR2,-0.873250712,0.233069985,75.9714659,0.000112228,0.000579618,
DDX5,1.684516813,0.07090092,2117.170387,1.90E-125,3.36E-123,
CYTH1,0.976505581,0.244171489,106.1496288,3.78E-05,0.000215795,
LGALS3BP,-3.240748781,0.509789238,25.7656884,2.73E-11,3.45E-10,
RAB5C,-0.621811753,0.152613645,199.8396648,3.67E-05,0.000210262,
EZH1,0.762318955,0.340026917,42.89180465,0.017215993,0.047139027,
MRPL27,-0.829643647,0.339352907,34.19929478,0.009213879,0.027994301,
VAT1,-1.376600643,0.158261591,166.4766813,1.31E-18,2.76E-17,
LRRC59,0.733539496,0.169672346,182.5473051,1.17E-05,7.35E-05,
HDAC5,-1.39987283,0.308027008,44.66728777,1.98E-06,1.41E-05,
ABCC3,2.071175994,0.45405453,23.37514892,1.06E-06,7.89E-06,
LUC7L3,0.929141317,0.162783276,247.4081133,1.14E-08,1.13E-07,
SMURF2,1.176669749,0.340998729,49.3404216,0.000260919,0.001234804,
DHRS7B,-2.026090218,0.812723374,6.731225541,0.002033278,0.007618581,
WSB1,1.188822903,0.179608612,157.7802387,1.72E-11,2.21E-10,
SLC9A3R1,-1.949248926,0.364568383,43.15343373,1.81E-08,1.77E-07,
NAT9,0.816541435,0.325035892,42.53251512,0.007859255,0.024499147,
FOXN1,-3.951203628,0.583000422,20.18257645,1.54E-12,2.17E-11,
ALDOC,-2.997564497,0.457275339,25.06731179,7.09E-12,9.46E-11,
SUPT6H,0.83075725,0.215856911,113.6419206,7.86E-05,0.000420936,
RAB34,1.532114504,0.282077371,72.30012457,1.85E-08,1.80E-07,
SLAIN2,-0.626357297,0.247455489,65.10952389,0.00882099,0.026973113,
CWH43,-2.065771647,0.221753656,105.9530856,2.43E-21,6.00E-20,
DCUN1D4,2.18613118,0.400289273,36.14151279,1.03E-08,1.03E-07,
SULT1E1,-2.103956921,1.418709594,3.623717368,0.013867863,0.039418437,
CHIC2,1.762560414,0.211942098,151.7806411,3.65E-17,7.14E-16,
NMU,-4.777160847,0.871264821,16.61703552,4.26E-09,4.46E-08,
LAMTOR3,0.88965468,0.188515869,136.7257135,1.53E-06,1.11E-05,
NFKB1,1.729977035,0.237513001,134.1947486,1.00E-13,1.58E-12,
AREG,0.575941527,0.079288086,960.3935984,3.18E-13,4.80E-12,
UBE2D3,1.330512469,0.13335996,374.5405612,8.32E-24,2.25E-22,
NDUFC1,-1.13103318,0.271958768,59.37930774,1.53E-05,9.43E-05,
INPP4B,-2.59563884,0.839846794,7.436930037,0.000266206,0.001256804,
GAB1,-1.4096689,0.514183126,14.71002964,0.001953451,0.007365471,
RPL34,-2.143709391,0.156532965,187.9770851,2.23E-43,1.16E-41,
FRG1,0.521609017,0.21677715,99.0514094,0.013618247,0.038844937,
CLCN3,-1.889788261,0.340460099,35.49664238,6.29E-09,6.49E-08,
DHX15,0.617735527,0.166389375,195.9528495,0.000164483,0.000817085,
NSD2,1.587416799,0.486682204,21.58604165,0.000335776,0.001547148,
SH3D19,-1.131661231,0.453697419,19.88842366,0.005524309,0.018172936,
MFSD10,2.080776218,0.213007431,185.029923,3.23E-23,8.61E-22,
RAPGEF2,1.290914477,0.37992796,40.60169457,0.000279901,0.001314715,
SNX25,1.047242918,0.49390682,16.39531025,0.016561782,0.045664852,
KLF3,-1.254537083,0.244050336,71.87404155,1.16E-07,1.01E-06,
NCAPG,-3.081687148,1.242812037,4.961495037,0.001492362,0.005832509,
CRYAB,-1.075511568,0.09873663,813.7484264,5.66E-28,1.86E-26,
HTATIP2,-0.753129082,0.250086373,77.62912441,0.001827287,0.006958213,
CTSC,-4.445634239,0.405025619,45.95873614,8.23E-29,2.80E-27,
ZPR1,0.643928236,0.260335275,66.27953169,0.010353049,0.030833484,
MTCH2,-1.5217151,0.232796985,79.7047604,2.02E-11,2.58E-10,
FNBP4,2.992194202,0.177959479,326.6950271,3.79E-64,3.06E-62,
SC5D,-1.368105685,0.360554837,30.35241988,5.27E-05,0.000293473,
B3GAT1,4.556376472,2.260864675,9.142398066,0.000292094,0.001365941,
HSPA8,2.370159389,0.050831957,8775.986216,0,0,
VWA5A,-3.071283105,0.487752878,24.12377143,3.61E-11,4.51E-10,
SIAE,-2.902112765,1.114555126,4.583093298,0.000931307,0.003826149,
ATG2A,1.265817732,0.289495619,70.77108787,5.47E-06,3.65E-05,
KMT5B,1.311209008,0.281848284,67.80543668,1.38E-06,1.02E-05,
PPP6R3,0.600693439,0.2234723,98.19143424,0.005732744,0.018717003,
CCND1,-0.987040982,0.282208675,52.28041633,0.000258855,0.001225877,
PRPF19,-0.745188316,0.228137884,75.53875119,0.000771107,0.003242315,
TMEM109,-1.841339564,0.419564593,30.63852599,2.52E-06,1.77E-05,
HPX,4.892717753,2.308227545,7.854056335,0.000160295,0.000798582,
TRIM3,1.912437832,0.515382535,23.75565039,5.13E-05,0.000286119,
CHORDC1,1.798553219,0.256395931,114.9275654,6.85E-13,1.00E-11,
CEP164,1.025218524,0.462915619,19.10159066,0.013567349,0.038723767,
RNF141,-1.792609245,0.440864452,20.93831107,1.11E-05,7.00E-05,
EIF4G2,0.899738514,0.085567478,713.1036832,4.76E-26,1.44E-24,
CBL,1.842388292,0.252451165,94.37906023,8.44E-14,1.33E-12,
NECTIN1,-2.51651799,0.295570008,51.82948143,2.59E-18,5.36E-17,
HIPK3,0.898518063,0.267623716,57.94515138,0.00048909,0.002172333,
COMMD9,-1.905964913,0.72895666,9.230089437,0.001669734,0.006438203,
MDK,2.53578743,0.286631143,101.1475635,1.76E-19,3.90E-18,
CARS,1.786958964,0.269193456,124.6698839,9.39E-12,1.24E-10,
CD81,-1.046762265,0.189776593,119.2705396,1.86E-08,1.81E-07,
C11orf58,0.55731764,0.229559407,79.75725859,0.012642183,0.036475459,
PITPNM1,1.161897792,0.454712591,20.22263992,0.004680136,0.015783448,
RPS13,-1.732855102,0.102718111,424.991141,2.12E-64,1.73E-62,
TCIRG1,1.924719179,0.48302504,21.98177184,1.52E-05,9.41E-05,
CHKA,2.91941738,0.543899852,32.20578274,1.73E-08,1.69E-07,
PRDM4,0.953966688,0.21756053,103.1297456,6.94E-06,4.57E-05,
CAPRIN2,1.313527779,0.551503385,13.53260816,0.006218224,0.020072864,
KCTD10,0.786677481,0.239267979,91.37660282,0.000699699,0.00298204,
MLEC,-1.681028771,0.273917749,53.66382842,2.31E-10,2.69E-09,
CSRNP2,0.796382648,0.280492808,56.94624526,0.003074229,0.010966971,
CAMKK2,0.992674226,0.375818128,26.39064079,0.004496249,0.015245265,
ATP5F1B,-2.466605471,0.10357646,588.5464555,3.60E-126,6.62E-124,
RSRC2,1.922944202,0.165055118,435.14591,6.79E-32,2.62E-30,
METAP2,-1.088690782,0.265153565,58.40718959,2.03E-05,0.000122762,
LTA4H,-1.575188431,0.337757607,36.34492565,9.12E-07,6.89E-06,
ELK3,-0.978752261,0.4300963,22.00052603,0.011924745,0.034732268,
FOXM1,-2.905928005,1.229209408,4.129521227,0.002152724,0.007994509,
ARPC3,-1.407890859,0.175947119,166.8257837,4.51E-16,8.30E-15,
SH2B3,2.082011917,0.845955967,7.938975362,0.002455377,0.008997397,
AKAP3,3.557541194,0.818749576,13.82954359,2.65E-06,1.86E-05,
SCNN1A,-2.999807147,0.584361718,16.36780977,3.75E-08,3.46E-07,
OAS3,-3.819135033,0.807940767,9.877635815,2.84E-07,2.33E-06,
OAS2,-4.009538768,1.254087009,5.407326576,0.000143576,0.000721805,
ARHGDIB,-4.309476781,0.498246721,33.64230111,6.81E-19,1.46E-17,
SLC38A1,1.071911154,0.155996563,191.8402636,3.40E-12,4.66E-11,
ENDOU,-2.38515704,0.576199612,20.3479758,5.17E-06,3.46E-05,
VDR,-2.261641295,0.477526238,20.12566779,3.75E-07,3.01E-06,
STX2,2.836832184,0.536916142,24.82486398,2.24E-08,2.13E-07,
COPZ1,-1.261227883,0.220711238,93.80249182,4.66E-09,4.85E-08,
RAB5B,-0.832077264,0.183385263,114.4218636,3.78E-06,2.58E-05,
MRPL51,-1.183842555,0.180139176,153.0044095,2.30E-11,2.93E-10,
GAPDH,-0.59214718,0.056942948,2047.678938,2.05E-25,5.95E-24,
COPS7A,-1.244940673,0.293456716,45.50597321,9.28E-06,5.94E-05,
USP5,-1.271233207,0.261537495,61.13694535,4.82E-07,3.81E-06,
TPI1,-1.082323641,0.126297887,350.9436114,5.37E-18,1.09E-16,
ENO2,5.055870212,0.567906386,41.47565311,1.97E-19,4.35E-18,
ATN1,0.8739672,0.211203415,111.9553447,2.29E-05,0.000137372,
C12orf57,-1.225694921,0.316615874,55.10282053,4.66E-05,0.000262771,
LPCAT3,-1.212013636,0.501259932,15.52569517,0.006110194,0.019765748,
NT5DC3,2.530464521,0.732737103,12.51895929,0.00010399,0.000541535,
LDHB,-3.14598442,0.192837871,146.177016,9.85E-61,7.23E-59,
PRKAB1,1.448789834,0.39818383,29.66609523,9.55E-05,0.000501595,
HCFC2,1.280827242,0.368702162,39.39912281,0.000213336,0.001031188,
RAB35,0.590772147,0.228798568,78.47061165,0.007975162,0.024798838,
COX6A1,-1.399900045,0.188582159,158.870291,4.20E-14,6.79E-13,
RIC8B,1.435371762,0.63429972,17.03711254,0.007820635,0.024398965,
FGFR1OP2,1.065567525,0.368331468,39.07176645,0.001951399,0.007359743,
TMEM14C,-1.975321137,0.216425227,99.72722445,1.52E-20,3.53E-19,
CEP85L,2.002061117,1.145842423,5.313503593,0.013911437,0.039517874,
ADTRP,-1.024878621,0.354188425,31.58485193,0.001964502,0.007399053,
ASF1A,-1.099722039,0.487211106,16.50907053,0.010684805,0.031641697,
MAN1A1,1.00761655,0.456552026,20.28578982,0.014052438,0.039860974,
GABRR2,2.995919427,2.737123011,2.496865208,0.009598916,0.028890958,
SERINC1,1.073132154,0.126174921,346.4747515,9.64E-18,1.95E-16,
TPD52L1,-1.337526554,0.475510675,16.8078521,0.001708425,0.006572698,
UST,1.374228065,0.647509987,9.750846145,0.010838652,0.032035424,
ULBP1,2.790680898,0.45502529,72.17675071,2.28E-10,2.67E-09,
PPARD,-1.395993315,0.23260499,79.70508478,7.20E-10,8.12E-09,
MAPK14,-0.844577124,0.33555783,30.61982353,0.007298897,0.02303268,
STK38,-0.726784846,0.260163214,62.90255818,0.003748303,0.013022806,
SRSF3,1.185579785,0.162020664,317.2087298,1.27E-13,1.97E-12,
MRPL18,1.97952244,0.102365887,736.5931978,5.67E-84,5.88E-82,
FBXO9,1.255067746,0.398017099,26.45067027,0.000672404,0.002879942,
RBM24,5.238482839,2.36267539,6.761507825,8.74E-05,0.000463549,
BAG2,2.083375458,0.947863179,8.52970854,0.005566302,0.018273626,
E2F3,1.64219588,0.360671208,44.2120596,1.60E-06,1.16E-05,
ACOT13,-2.06356171,0.591137497,14.38636427,8.29E-05,0.000441621,
RPS12,-2.789729409,0.080472124,2057.3157,3.54E-264,2.03E-261,
C6orf62,1.73063214,0.153713765,285.7894581,2.27E-30,8.11E-29,
GMNN,-2.486087765,0.817352083,9.363262648,0.00029979,0.001397864,
HBS1L,0.760142348,0.339667444,37.08495896,0.017353947,0.047432058,
PEX7,-1.976751249,0.68138867,11.87288267,0.000639678,0.002756889,
PERP,-3.134862523,0.097711411,1624.948419,2.62E-227,1.06E-224,
ARFGEF3,1.924103833,1.201023213,4.152064834,0.017898337,0.048576234,
ADGRG6,0.866345498,0.381265606,27.21917736,0.014130821,0.040050385,
PHF1,3.199907292,0.266135995,266.2301081,7.17E-34,2.93E-32,
CUTA,-0.813891176,0.212042686,92.30041325,8.29E-05,0.000441586,
QKI,0.908931304,0.371228516,33.94422239,0.008582085,0.026382884,
TFEB,1.809452858,0.642096557,14.34471522,0.001141207,0.004594124,
PPP2R5D,-0.725521812,0.313827552,39.9845766,0.014560133,0.041089947,
MRPL2,-1.398792152,0.507292712,17.15178732,0.00186431,0.007082544,
PTK7,2.168454384,0.266251821,97.05711929,8.93E-17,1.71E-15,
DNPH1,-4.001157212,0.526086969,33.96911217,2.91E-15,5.08E-14,
COX7A2,-1.337102314,0.17485611,159.3917747,8.14E-15,1.39E-13,
SENP6,1.039516671,0.354000097,35.58237206,0.001620277,0.006268525,
VEGFA,1.775883712,0.267751094,64.41051282,9.06E-12,1.19E-10,
PRPF4B,0.662022233,0.245981088,77.04381298,0.005436725,0.017927553,
BTN2A1,1.676417807,0.305152304,55.05694054,1.19E-08,1.19E-07,
CEP72,2.290102147,0.726156179,11.25557531,0.000284937,0.00133655,
TENT4A,1.687453704,0.306290146,58.40879577,1.09E-08,1.09E-07,
KIF20A,-2.786504036,1.444564259,4.409883332,0.004751444,0.016008925,
HSPA9,0.993970569,0.138178233,289.270553,3.73E-13,5.59E-12,
MRPS27,-1.485687847,0.523232538,14.805222,0.001313741,0.005203159,
SPARC,-3.029949397,0.646138784,13.00847619,3.42E-07,2.77E-06,
HMGCR,-1.314771405,0.170905985,152.0948866,5.84E-15,1.00E-13,
FAF2,0.591367453,0.192994938,120.4172953,0.0017838,0.006815182,
CLK4,1.117636219,0.372062055,47.08258598,0.001297391,0.00514187,
LMNB1,-3.020184914,2.184623518,2.278438445,0.007504784,0.023585977,
SUB1,-0.863964595,0.298513933,43.69878084,0.002370237,0.008717049,
TARS,1.241908803,0.143365106,344.7258341,3.17E-18,6.52E-17,
IRX4,2.139384928,0.288053352,86.28951494,2.48E-14,4.08E-13,
SLC12A7,3.917970199,0.563703443,56.20192976,1.42E-12,2.01E-11,
GNPDA1,0.568451275,0.227867538,84.20540139,0.010399101,0.030948371,
PPP2CA,0.524913488,0.138285837,249.3457732,0.000124474,0.000634089,
NR3C1,0.985366055,0.271398383,58.71920316,0.000162238,0.000807385,
LIFR,5.114821918,2.35719089,6.38351836,0.00012129,0.000619781,
SEC24A,0.795854432,0.321889777,45.86944911,0.009008797,0.02745614,
RARS,-0.685341694,0.184930079,108.1515369,0.000157993,0.000788252,
TCERG1,0.754026718,0.234210993,90.5281574,0.000919166,0.003780774,
CSNK1A1,0.47370621,0.119489746,290.1797567,6.69E-05,0.000363949,
ATP6V0E1,-0.693963476,0.197917398,205.6930871,0.000331616,0.001530537,
STC2,6.103727719,0.589517781,62.2330352,4.44E-25,1.27E-23,
CPEB4,0.764792735,0.254312601,84.80036962,0.001882913,0.007142442,
DBN1,1.747094039,0.262142038,73.97603932,7.26E-12,9.65E-11,
EHHADH,-1.682119595,0.976301825,4.844282346,0.014818519,0.041691245,
TIMMDC1,-1.827166187,0.270444302,60.21435382,3.39E-12,4.65E-11,
BCL6,-2.108439968,0.408739183,28.76217523,4.63E-08,4.23E-07,
CLDN16,-4.415814111,1.818223927,3.594510201,0.000739885,0.003130107,
NPHP3,1.774745395,0.606290904,13.24585629,0.000835251,0.003472871,
NIT2,-1.143635463,0.557426155,11.24892332,0.016402848,0.045335331,
FAM162A,-3.279471279,0.315192357,54.6785533,2.71E-26,8.33E-25,
PCCB,-1.514586219,0.684662786,8.397076421,0.006994818,0.022236463,
CEP70,1.481515475,0.639543358,13.2235618,0.006209444,0.02004921,
RBP1,-5.622330943,2.937255868,2.603662116,0.000532003,0.002338789,
BCHE,-1.165708466,2.301688614,1.867663959,0.012185128,0.035401004,
PDCD10,0.606814385,0.241812419,62.27966348,0.009712498,0.029175549,
HES1,0.713552689,0.135948664,420.3864198,1.20E-07,1.04E-06,
USP9Y,0.916332382,0.419300012,26.2929382,0.016798089,0.046168764,
HYAL1,-0.937328166,0.397439225,24.76277067,0.010175359,0.030367637,
RPL24,-1.702405873,0.116941178,350.756563,1.44E-48,8.31E-47,
C3orf14,-1.72491609,1.095088003,3.761342241,0.018324646,0.049545478,
FXR1,0.743159692,0.243571659,90.03236668,0.001703819,0.006556806,
C3orf52,2.722476208,0.346032395,79.41181449,8.48E-16,1.53E-14,
FRMD4B,-0.826220976,0.357901989,28.5146074,0.013229368,0.037931702,
PLXNA1,1.512114879,0.285791846,65.29848536,4.14E-08,3.80E-07,
ATP6V1A,-0.731069889,0.254831361,60.11299509,0.002931953,0.010506608,
UPK1B,-4.724620966,0.6446331,24.97650001,2.95E-14,4.82E-13,
MRPL3,-0.911570857,0.230439035,69.9745903,4.64E-05,0.000261436,
MAPKAPK3,-0.672687606,0.18218872,111.3933611,0.000168864,0.000837645,
AADAC,-3.752436854,1.339411196,5.182219956,0.00045411,0.002032669,
ABHD14B,-2.491074111,0.468192267,22.62489111,1.48E-08,1.45E-07,
EIF1B,0.978750508,0.186966442,159.0156561,9.78E-08,8.58E-07,
SSR3,-0.687849602,0.235944281,75.68331178,0.002623269,0.009544189,
NKTR,1.371731399,0.352587373,36.99444895,4.01E-05,0.000227667,
SPCS1,-1.719384051,0.447704242,23.6071267,2.97E-05,0.0001738,
SLC4A3,3.933368116,0.399133615,75.39316302,1.74E-23,4.67E-22,
INO80D,2.151037446,0.379709384,62.92712846,3.81E-09,4.01E-08,
EEF1B2,-2.154177319,0.128203215,304.5239568,4.37E-64,3.51E-62,
RTKN,0.805695196,0.281720161,54.33372245,0.002835904,0.010204818,
IL1A,-1.70651281,0.166586428,229.4267961,3.63E-25,1.04E-23,
CCL20,1.983430951,0.576013825,54.34009562,0.000161752,0.000805258,
NCL,-1.298388981,0.128781697,262.3005754,2.64E-24,7.28E-23,
SF3B6,-0.7955181,0.13917135,304.5014082,7.54E-09,7.72E-08,
GTF3C2,-0.849962899,0.345652424,30.41692743,0.00862377,0.02648743,
ITGB6,-3.699426983,0.819870704,10.45973996,6.96E-07,5.35E-06,
FNDC4,2.310363805,0.522302129,22.23738689,1.79E-06,1.29E-05,
REEP6,-2.899469825,1.842515575,3.16478193,0.007766269,0.024269246,
IFIH1,-2.654997637,0.839647672,8.280913367,0.000194465,0.000950288,
RPS15,-2.223577159,0.140825921,270.8019247,6.72E-57,4.57E-55,
PCGF1,0.772343264,0.265880096,82.15719402,0.002534835,0.009248841,
SPTBN1,-1.632730843,0.378760099,26.56799055,4.47E-06,3.02E-05,
AUP1,0.432849502,0.148830272,227.3824316,0.003259946,0.011540497,
POLE4,-1.004229612,0.426724372,22.64254554,0.009500819,0.028664473,
CCDC88A,1.649283327,0.84386934,7.490945557,0.012301892,0.035672643,
LANCL1,-1.786341637,0.365179764,32.3685542,2.39E-07,1.98E-06,
WDR75,-0.800335142,0.307684453,42.90336076,0.006088153,0.019717559,
EFEMP1,-2.78897613,0.439553572,35.53712743,2.90E-11,3.68E-10,
FN1,-2.70532874,0.590401179,14.29269676,6.45E-07,5.00E-06,
STAT1,-1.730517734,0.336139351,38.98499459,6.69E-08,6.00E-07,
GLS,1.942501472,0.237920726,97.04772901,7.93E-17,1.52E-15,
UNC50,1.38418627,0.215076953,125.1155096,4.68E-11,5.81E-10,
USP34,1.190073248,0.29325151,54.22305852,2.30E-05,0.000137509,
CCT4,0.414569652,0.111779012,543.2937838,0.000187791,0.000920938,
COQ10B,0.858087586,0.261197628,71.66928269,0.000660133,0.002834422,
HSPE1,0.883169839,0.126267612,357.5332271,1.74E-12,2.43E-11,
KDM3A,1.211597239,0.335092642,36.09344092,0.000133143,0.000674761,
CHMP3,-3.331943286,0.410043787,32.70028577,5.76E-17,1.11E-15,
ZNF142,1.3326137,0.414273671,31.35608579,0.000498335,0.002209838,
WNT6,5.404637685,2.412937603,9.718144934,8.67E-05,0.000460253,
IL1RL1,6.937859105,0.799329641,204.8346534,3.13E-17,6.17E-16,
HDLBP,-0.743482775,0.134310847,268.8652653,2.06E-08,1.98E-07,
PPP1R7,-1.32746383,0.276996919,60.56193084,6.47E-07,5.01E-06,
ODC1,2.563083566,0.098749172,1202.752894,3.14E-149,7.10E-147,
NOL10,-0.901766941,0.395968343,25.39225991,0.013106938,0.037627244,
PRKD3,1.106454256,0.484753086,19.09424822,0.01036642,0.030864421,
DLX2,1.842888514,0.771536036,12.98641472,0.003849014,0.013325738,
SDC1,-3.149893834,0.131188296,461.6112294,2.47E-128,4.73E-126,
SLC1A4,1.253917931,0.642122265,10.11900559,0.018138511,0.049165194,
SOS1,0.914591852,0.336488655,36.74602692,0.003935771,0.013592003,
RND3,-1.299478788,0.191246802,122.4609693,4.52E-12,6.12E-11,
ATF2,1.895329208,0.358271125,43.412521,3.17E-08,2.96E-07,
AAK1,1.296049215,0.513761748,21.50758032,0.004558429,0.015410663,
C2orf42,1.109031879,0.442626216,27.35192371,0.005743989,0.018748118,
PCYOX1,-2.363490818,0.473403101,20.69553647,9.20E-08,8.10E-07,
EPAS1,-0.705509343,0.202333048,97.68664838,0.00036047,0.001648817,
ARID3A,2.097399966,0.641036061,12.87164973,0.000212022,0.001025196,
EPHA4,-4.993803073,1.203226282,7.708327146,8.73E-06,5.62E-05,
FARSB,-1.433270237,0.341407329,32.87403435,9.13E-06,5.85E-05,
BCL9,1.029670161,0.47929961,22.42058282,0.016034669,0.044531784,
DHCR24,-2.573075911,0.143690618,232.7744723,1.53E-72,1.37E-70,
CACYBP,1.328688052,0.226450249,99.93475113,1.84E-09,1.99E-08,
SCP2,-2.273660599,0.475264492,19.48870252,2.77E-07,2.28E-06,
TMEM59,-1.643791542,0.305721688,44.48908343,2.14E-08,2.05E-07,
LRRC42,1.045176052,0.184833096,123.923964,8.64E-09,8.79E-08,
MRPL37,-0.495186825,0.186395911,106.626708,0.006781727,0.021618811,
ICMT,-1.820141105,0.353328456,32.99514803,6.03E-08,5.44E-07,
RPL22,-1.462175284,0.303058432,48.29491297,4.70E-07,3.73E-06,
PHF13,1.395306849,0.243264342,93.1175195,3.81E-09,4.01E-08,
PARK7,-1.181748633,0.204272906,106.6329637,3.35E-09,3.54E-08,
SRSF4,0.968277023,0.240223405,91.10936753,3.26E-05,0.000189248,
MECR,-2.436949123,0.803185388,7.755342893,0.00031945,0.001480325,
ATP5PB,-1.697656649,0.224661599,105.2524875,1.13E-14,1.92E-13,
RAP1A,0.769569756,0.278605509,54.25117915,0.003985701,0.013736933,
CAPZA1,-0.616201176,0.162976406,174.0229103,0.000124186,0.000632853,
SCAMP3,-0.621119964,0.262911247,60.09553805,0.014007793,0.039750678,
ASH1L,1.077526987,0.229545337,135.3404638,1.45E-06,1.06E-05,
SFPQ,2.509280935,0.122682384,887.7808536,1.35E-93,1.65E-91,
ARHGEF2,2.000231797,0.336271201,46.63678833,6.39E-10,7.25E-09,
LAMTOR2,-1.544597248,0.29533519,51.46854773,5.21E-08,4.73E-07,
SRM,-2.407834325,0.305353539,58.55330837,4.95E-16,9.06E-15,
DLEU2L,2.559965157,1.426921851,7.08397667,0.00766514,0.023991591,
C1orf21,-1.409652289,0.749634533,6.726577869,0.016143098,0.044814877,
IVNS1ABP,0.866286806,0.234042216,109.9920273,0.000138424,0.000698444,
KIAA2013,-0.955402753,0.390793051,23.87682629,0.007898881,0.024600442,
MFN2,-0.418880368,0.15726431,170.0179992,0.006951181,0.022107926,
NCF2,-2.555593866,0.920637915,8.075092492,0.000663268,0.002845228,
PLA2G4A,-3.179837152,0.339066687,45.03753241,8.91E-22,2.24E-20,
GADD45A,-0.640281728,0.138372626,239.7551887,2.92E-06,2.04E-05,
WLS,-1.321950557,0.358413632,29.83737196,8.47E-05,0.000450285,
PRDM2,0.71084414,0.296042338,57.3824422,0.011858833,0.034584085,
RGS2,-2.817782122,0.321872604,61.43038091,3.25E-19,7.10E-18,
BCAS2,-0.557376421,0.237456454,80.21884782,0.015450223,0.043151807,
SRSF11,0.831966625,0.191685824,130.6825187,9.59E-06,6.12E-05,
CTH,2.189339536,0.684300817,15.02317887,0.000274564,0.001292285,
PLEKHM2,0.489305281,0.164917567,245.7912187,0.002625587,0.00954759,
CRYZ,-0.809008092,0.34638096,36.36937754,0.012543762,0.036282522,
ZBTB17,0.753186965,0.300672678,69.12223549,0.008648822,0.026558465,
MRPS15,-1.559630165,0.258565219,62.70585961,5.03E-10,5.74E-09,
EXOC8,0.883623079,0.328911471,42.46944895,0.00445883,0.015151898,
RRAGC,1.04504775,0.20315161,121.2370146,1.46E-07,1.25E-06,
MYCL,-2.084860976,0.84449967,6.96386619,0.00211412,0.007868084,
SIPA1L2,-1.718076971,0.525123557,18.72408277,0.000266967,0.001259536,
RLF,1.134845494,0.23383732,119.1804172,6.19E-07,4.82E-06,
AKT3,7.49771482,2.455189582,13.9025871,2.06E-08,1.98E-07,
ADGRL2,-3.026307246,0.375498296,40.30046675,1.02E-16,1.94E-15,
SDHB,-0.801760711,0.238009288,81.47551893,0.00050872,0.002250108,
UAP1,0.581560005,0.183882234,127.1252209,0.001287811,0.005108304,
GBP3,-2.3018678,0.808275216,7.975144709,0.000570765,0.002489432,
GBP1,-5.638832374,1.604958476,6.300414429,1.98E-05,0.000119573,
KIF17,3.012092684,1.110370614,11.97019027,0.001710123,0.006575832,
GALE,0.741675337,0.30804067,45.18577852,0.01131112,0.033260912,
ID3,-2.597796386,0.237530326,95.36359643,1.14E-28,3.82E-27,
PRPF3,1.00615634,0.263755523,72.18116373,7.68E-05,0.000412161,
SLC2A1,1.540415578,0.087699752,724.5972988,1.53E-69,1.32E-67,
EBNA1BP2,-0.937368241,0.22135409,91.13725233,1.36E-05,8.45E-05,
CDC20,-1.821017204,0.467552452,25.79669034,2.20E-05,0.00013243,
ERI3,-0.995258165,0.466057634,21.04441242,0.016410307,0.045337786,
AKR1A1,-1.445391439,0.404271448,26.605701,0.000112741,0.000582052,
PRDX1,0.367756536,0.065684708,1538.213592,2.23E-08,2.13E-07,
TSPAN1,-1.544274189,0.449552942,20.81603512,0.000170956,0.000846497,
FAAH,2.546457935,0.74799326,9.95191492,9.75E-05,0.000511078,
TMED5,1.653612303,0.300223773,51.11402066,1.09E-08,1.09E-07,
CNN3,1.699634369,0.188465654,159.9786739,3.64E-20,8.23E-19,
F3,-2.484619864,0.221448272,125.3809663,5.23E-30,1.84E-28,
ABCD3,-1.132374803,0.465416927,20.26802768,0.006550332,0.020997579,
DPH5,-1.734204612,0.658601546,10.12221778,0.001794311,0.006849652,
PTBP2,2.710921435,0.963063543,11.15758662,0.001105084,0.004461721,
PRDX6,-1.392973461,0.193792205,176.7589502,2.40E-13,3.66E-12,
DARS2,-1.291224724,0.604442902,10.77920687,0.010979064,0.032415723,
IRF6,-0.988716901,0.114021198,307.9033687,2.46E-18,5.10E-17,
SYF2,1.021430436,0.228679861,108.1698302,4.39E-06,2.98E-05,
RSRP1,1.634008358,0.252404718,111.0734812,3.25E-11,4.09E-10,
STMN1,-1.190750809,0.506383835,16.57005533,0.007519296,0.023615449,
NEK2,-3.18930282,2.03667312,2.847655739,0.005790223,0.018872244,
RPS6KA1,0.879010375,0.348851063,32.29181375,0.007162327,0.022664552,
CENPF,-2.275729701,0.912961666,7.181893626,0.001958989,0.007382318,
TXNDC12,-1.107129362,0.375319638,28.79267563,0.001487246,0.005814161,
MESD,-1.320903113,0.59214766,10.4628721,0.008431437,0.025999902,
RCN2,-1.193882071,0.564704442,11.39572234,0.013269906,0.038016338,
CTSD,-2.522149471,0.169847787,272.8274596,1.05E-50,6.24E-49,
STAG1,0.870949616,0.367514416,33.4532508,0.010945751,0.03232428,
KMT2A,2.149567511,0.361409368,76.32056981,7.19E-10,8.11E-09,
SLC8A2,4.601283629,2.206568747,13.35987734,0.000183841,0.000904782,
KPTN,1.157556714,0.343759209,51.38998051,0.000356633,0.001632892,
RPS25,-2.081268091,0.110076094,493.3292226,2.03E-80,2.05E-78,
CAMSAP2,0.4389969,0.178219258,133.4871984,0.012271948,0.035621449,
NRP2,-2.21298347,1.229799069,3.544794014,0.008710949,0.026707643,
KLF7,-1.624290323,0.483788574,17.2414979,0.000208282,0.001009232,
ATP10B,-3.770239783,0.640345939,15.67922472,5.21E-10,5.94E-09,
USP35,1.292461975,0.564467302,12.91477572,0.008027982,0.024946217,
ELOVL4,-1.06847728,0.349915929,65.38794783,0.001108081,0.004471204,
HMGN3,-3.057994368,0.331821606,61.43383319,3.75E-21,9.07E-20,
PLAGL1,1.133508099,0.475733859,21.6060493,0.007832716,0.024421933,
FBXO30,1.267773495,0.403745689,29.94901119,0.000699687,0.00298204,
RAB32,-0.625666428,0.263597954,62.05125417,0.013516261,0.038617889,
SGK1,-1.289630285,0.342110691,42.69631102,6.55E-05,0.000357512,
ARG1,-1.909387625,0.587082162,21.6693362,0.000233911,0.001118493,
ZNF430,1.620222905,0.46493818,22.43160066,0.000143971,0.000723526,
VAMP8,-0.627952454,0.134163334,306.7795103,2.27E-06,1.61E-05,
MYL12B,-0.528531831,0.074259616,881.447739,9.47E-13,1.35E-11,
RPN2,-1.150732697,0.137330122,237.5184234,2.54E-17,5.02E-16,
TGIF2,2.612411708,0.565224634,47.93230553,9.90E-07,7.44E-06,
STBD1,1.160669294,0.505187704,16.74482296,0.009203571,0.027975611,
PPL,-2.232032687,0.186286931,127.8190263,8.15E-34,3.32E-32,
KLF12,2.767188072,1.007707651,6.34637061,0.000899941,0.003714981,
ELL2,-0.403101724,0.171458568,152.6088093,0.016801415,0.046168764,
NDUFB3,-2.340871948,0.189209041,123.9516289,6.40E-36,2.78E-34,
SATB2,3.009081045,1.114474676,9.696587909,0.001753592,0.006722104,
UBE2B,2.117343634,0.184378441,175.6118002,3.72E-31,1.39E-29,
SENP5,0.944771346,0.319758547,49.2214554,0.001835814,0.006986827,
C1orf198,-1.183480534,0.414043022,23.45835134,0.001817612,0.006925853,
CTNNAL1,1.481659262,0.320816359,71.36744672,1.41E-06,1.04E-05,
SET,0.423429773,0.119427638,285.8415774,0.000354488,0.001624687,
PTPA,-1.375739592,0.345575586,32.46486934,2.45E-05,0.000145652,
GLE1,-0.985074791,0.337919162,33.38321436,0.001928548,0.007287504,
PHF19,1.642083738,0.587906714,16.46353419,0.00143784,0.00564822,
NDUFA8,-1.13108276,0.338994744,96.20414694,0.000390109,0.001772057,
HSDL2,-3.013745111,0.543550631,18.32518713,3.56E-09,3.76E-08,
KDSR,-0.964007264,0.436645363,19.92688901,0.014414253,0.040719897,
DCAF4,1.57726861,0.675341204,11.40455732,0.005164696,0.017153501,
IFI27L2,-2.212916625,0.307807664,54.48057463,1.17E-13,1.82E-12,
NPC2,-2.738724894,0.224588159,106.2823837,4.66E-35,1.97E-33,
LTBP2,-1.683930865,0.671168797,10.17980503,0.002797499,0.010090299,
ABCD4,1.668370221,0.519712884,21.27048917,0.000377951,0.00172136,
DLST,0.526237398,0.184837962,145.7706557,0.003764826,0.013076921,
SLIRP,-1.654527883,0.394454695,31.38711416,7.24E-06,4.74E-05,
RBM25,1.251929675,0.206009481,148.8099905,5.72E-10,6.51E-09,
EIF2B2,-1.050302467,0.341140428,34.04792549,0.001053183,0.004273428,
SUPT7L,0.730896168,0.272057922,64.95363961,0.005206209,0.017273083,
DNMT3A,3.275196911,0.667422628,19.96992313,2.04E-07,1.72E-06,
ATL2,-0.867318564,0.252249097,67.93196955,0.000369315,0.001684251,
FAM98A,-1.307717694,0.34554151,31.78101954,5.89E-05,0.000325143,
LGALSL,-2.623448345,0.224403145,106.1145551,2.11E-32,8.23E-31,
EPCAM,3.356633018,0.257404022,137.7044919,1.25E-39,6.00E-38,
CUTC,-0.994537609,0.441194663,20.67729265,0.012324506,0.035715705,
PYROXD2,1.927978859,0.975679744,12.60448301,0.011609387,0.033978693,
SMNDC1,1.323137912,0.3080539,57.22412017,7.19E-06,4.72E-05,
TCTN3,-1.696926724,0.471310857,18.68604795,7.86E-05,0.000420835,
AVPI1,-2.291837253,0.264555303,89.49656592,8.00E-19,1.70E-17,
GNA13,1.687374881,0.22524594,113.2366498,2.07E-14,3.42E-13,
KANSL1,1.420696977,0.453145996,26.46810533,0.000616786,0.00266739,
DUSP1,2.647230734,0.099470116,972.838212,6.75E-157,1.64E-154,
MSX2,-1.108137438,0.515885239,14.65681713,0.013776234,0.039198358,
MOB3B,-1.961554851,0.802377111,6.719580307,0.002462781,0.009022134,
MTHFD1L,1.025794583,0.404244809,26.78917431,0.00578046,0.018853782,
LRP11,-1.566520546,0.377211315,27.30721818,9.62E-06,6.14E-05,
PCMT1,0.922342913,0.200408226,121.1581939,2.57E-06,1.81E-05,
PLEKHG1,-1.626870429,0.813506571,6.62564791,0.009655583,0.029029858,
CYSTM1,1.149805818,0.28911073,62.13267294,3.33E-05,0.000192859,
WDR55,1.011109629,0.39654741,29.34966242,0.005695094,0.018614945,
GORAB,1.768177303,0.594558798,19.37547312,0.000771651,0.003243613,
ACAT2,-2.497042663,0.345402894,42.76502331,7.52E-14,1.19E-12,
TP53AIP1,-3.878550499,1.044527452,7.002096114,2.49E-05,0.000147973,
PDZD11,-2.386263497,0.312601069,57.3998858,3.65E-15,6.34E-14,
KIAA1217,2.06610826,0.275173013,84.3509013,1.50E-14,2.51E-13,
PLXDC2,-4.427224727,0.737092325,14.47102635,3.08E-10,3.56E-09,
EPC1,1.05531988,0.444067123,27.95139877,0.008873495,0.027109639,
TAF12,-1.242148136,0.378065705,26.62439333,0.00041165,0.001859498,
MTRF1,1.486008797,0.465641016,22.85159659,0.000469487,0.002090651,
UFM1,1.093460434,0.203485672,124.5318877,4.07E-08,3.75E-07,
WBP4,0.761293693,0.316275506,53.21475669,0.01109649,0.032719661,
ELF1,1.069534392,0.146357384,228.5005184,1.58E-13,2.44E-12,
HSPH1,2.598085464,0.10094866,1890.950008,3.28E-146,7.19E-144,
ALG5,-1.431920539,0.482049224,21.09069493,0.000932122,0.003828357,
TGFBI,-4.29374612,0.621922991,20.293063,8.11E-13,1.17E-11,
FAM53C,0.70624896,0.246645718,97.05784161,0.003108659,0.011059891,
SIL1,-1.573005232,0.464003717,18.91927433,0.000194284,0.000949739,
PAIP2,0.881827983,0.204914389,104.6222501,1.12E-05,7.03E-05,
KDM3B,0.930654145,0.230176689,88.70870589,3.23E-05,0.00018743,
EGR1,5.386175794,0.13055231,6576.462564,0,0,
SERP1,-0.96761338,0.28814527,46.21224568,0.000441628,0.001981942,
TMPO,-2.0027296,0.79921122,7.587637929,0.001970742,0.00741446,
SOCS2,3.82322445,0.722707162,25.85669958,4.04E-08,3.72E-07,
CLU,4.965117705,0.270846365,1413.377924,3.00E-75,2.78E-73,
TNFRSF10B,1.697730306,0.157898894,396.5084446,2.04E-27,6.58E-26,
PTK2B,1.509678321,0.449674654,23.62759975,0.000254236,0.001206484,
PPP3CC,1.798428499,0.318522723,46.57988083,4.34E-09,4.54E-08,
PDLIM2,1.32459423,0.377653052,30.60696583,0.000175466,0.000867272,
EPHX2,-4.392679577,1.972739361,3.610824751,0.001109545,0.004475803,
TARDBP,0.94695351,0.140671066,321.4366999,1.03E-11,1.35E-10,
SCPEP1,-1.511463835,0.50281974,16.48547589,0.000770114,0.003239128,
SPOP,0.942997516,0.394482036,27.34503578,0.009597182,0.028890958,
TENT4B,1.443680799,0.342510224,49.47380241,9.14E-06,5.86E-05,
ADCY7,3.449062525,0.322869822,101.1814892,3.22E-27,1.03E-25,
TSHZ3,2.130842082,0.735038759,10.73703828,0.000740445,0.003131517,
PLBD1,-4.770603584,0.548510381,32.08384914,4.90E-19,1.06E-17,
PSPC1,0.841897992,0.319651853,56.87311596,0.005450786,0.017969624,
CSTA,-4.407673764,0.140086486,2062.98758,1.85E-218,7.29E-216,
B4GALT4,-1.090452887,0.509290032,14.4044702,0.014342782,0.040551196,
CAT,-1.679244544,0.482133277,24.05489101,0.000121285,0.000619781,
PILRB,1.390549598,0.393991802,32.08540233,0.000153364,0.000766544,
ZMYM2,0.792679609,0.307701104,46.78418393,0.006746303,0.021535736,
GJB6,-3.697935578,0.265220258,100.0280112,4.11E-45,2.21E-43,
ZCCHC17,-0.868281677,0.317016182,39.78036822,0.003776802,0.013106211,
TNFSF10,-5.559852468,1.7099522,6.48687532,4.97E-05,0.000278271,
PIK3CA,1.050987177,0.44382086,21.15259456,0.008888117,0.027136288,
TMEM54,-1.793508294,0.231900293,98.9166927,2.57E-15,4.51E-14,
ZSCAN20,1.631290721,0.654167106,14.38526593,0.003332929,0.011763279,
LRIF1,1.703489341,0.218681436,200.3016868,2.29E-15,4.02E-14,
CLCC1,1.083136732,0.463295789,18.5244107,0.009206642,0.027978784,
GPSM2,-2.438974741,0.512911637,17.44648579,2.96E-07,2.42E-06,
POLK,1.56363025,0.518628356,17.94325881,0.000757177,0.003193472,
RPL21,-2.206433969,0.139265983,313.580982,2.03E-57,1.40E-55,
MTIF3,-0.762435642,0.308293017,38.93361424,0.009100648,0.027717711,
GTF3A,-0.760479193,0.337769178,37.10786986,0.016395245,0.045323392,
UBL3,1.485473562,0.264194466,84.7692488,7.10E-09,7.28E-08,
OCRL,0.712752063,0.251094872,66.22244441,0.003334101,0.011764407,
MRPS2,-0.885268561,0.372390678,30.04641761,0.01028707,0.030661247,
KIAA1191,0.697959719,0.192110201,123.9586549,0.000210798,0.001020706,
ZC3H7A,1.113316275,0.286352113,56.90163053,5.06E-05,0.000282766,
SHLD2,1.297977248,0.57722299,13.27209097,0.008786048,0.026902032,
PRXL2A,-2.503307424,0.445058069,23.20575029,2.69E-09,2.87E-08,
RPL5,-1.939032096,0.104317003,400.7392841,8.83E-78,8.52E-76,
CCDC18,5.199605687,0.67361818,53.85162001,1.11E-14,1.88E-13,
ZMIZ2,1.212084178,0.349322205,36.6592866,0.000231804,0.001109505,
CBX3,0.845434481,0.204994377,98.90220837,2.53E-05,0.000149939,
HNRNPA2B1,0.51696609,0.103740787,567.0845192,5.47E-07,4.29E-06,
INHBA,2.070766418,0.521432501,24.01287511,1.56E-05,9.60E-05,
ARL4A,-1.073056787,0.452385912,21.4725175,0.008354951,0.025788041,
CLTA,-0.48627264,0.176558735,148.1989286,0.005076371,0.016913065,
CALD1,-1.877430899,0.318067514,40.66006273,8.14E-10,9.12E-09,
PLAU,1.586012862,0.153428947,212.500688,1.52E-25,4.49E-24,
CHST3,1.319533019,0.467083759,18.82589701,0.00177883,0.006801914,
P4HA1,1.889195711,0.271810596,63.04015341,8.71E-13,1.25E-11,
ZWINT,-2.921477358,0.699609313,12.25631506,3.52E-06,2.42E-05,
ACADS,1.454670576,0.693948789,8.874357663,0.01054151,0.031297944,
MED13L,0.887865272,0.390877847,38.88680136,0.014180256,0.040166812,
RASSF8,2.588521264,0.625722337,22.1035634,7.16E-06,4.70E-05,
ITPR2,-1.825182468,0.853887142,6.240064241,0.005733099,0.018717003,
ACOT9,1.506348037,0.27668426,67.25164241,1.87E-08,1.82E-07,
PRDX4,-1.216132017,0.351085227,37.46625992,0.000223309,0.001072629,
DDX39A,0.966916904,0.192403464,230.5144973,3.02E-07,2.46E-06,
PKN1,1.987067782,1.197332071,4.586897864,0.015596909,0.043499866,
TRIR,-0.431126026,0.169929003,218.0683685,0.00992335,0.029718365,
EBPL,-2.944122324,0.494200882,23.86939706,3.06E-10,3.54E-09,
ATF1,1.662759655,0.299799706,65.81285129,9.07E-09,9.19E-08,
MMP19,7.988891092,2.376302669,91.35040363,2.52E-10,2.93E-09,
PFDN5,-1.124167798,0.179691784,137.3154987,1.96E-10,2.31E-09,
ORMDL2,-0.820249624,0.270247964,53.01473394,0.001574117,0.006108776,
NR4A1,3.496185171,0.98194543,49.08659204,0.000198969,0.000968869,
LRP1,1.124225932,0.421596789,21.62617032,0.003574236,0.0125062,
HOXC11,1.095943984,0.522850669,15.34423288,0.016511122,0.045552476,
ATG101,0.605323119,0.238711049,88.48761916,0.008867704,0.027097943,
IKZF4,1.892167853,0.76286615,22.4400625,0.003607587,0.012594158,
TUBA1B,-1.063718661,0.166460371,137.47872,8.76E-11,1.06E-09,
HJURP,-3.64232181,1.878959808,3.014720898,0.002763593,0.009981049,
AMD1,0.986381836,0.227218435,79.91494836,8.06E-06,5.23E-05,
MORF4L2,0.653652663,0.081965157,1068.494945,1.23E-15,2.20E-14,
FAM199X,0.867288022,0.320069133,42.74074487,0.004238208,0.01451297,
BAZ2B,0.902001432,0.388929627,36.59035219,0.012196217,0.035425763,
SLC36A1,1.443634394,0.39915691,31.65480611,0.00010474,0.000545029,
LPGAT1,2.096410593,0.436506156,29.33457337,3.41E-07,2.76E-06,
G0S2,1.410029865,0.548586895,20.25127635,0.00340256,0.011966191,
RAP2C,0.809764064,0.25653538,74.32997521,0.001073921,0.004348623,
COQ8B,1.646751144,0.518061291,20.0295852,0.000410346,0.001854824,
RAB38,-2.923038618,0.236702781,103.4259573,6.55E-36,2.84E-34,
AGO2,2.059263395,0.304992925,64.52310404,3.56E-12,4.87E-11,
ACSL3,-0.691820355,0.252234083,57.41312408,0.004481126,0.01520146,
CHPF,-1.365119583,0.276168568,51.78740393,2.88E-07,2.35E-06,
SLC12A4,2.676938025,0.305624484,85.84239798,4.07E-19,8.84E-18,
FAM210B,-2.835965015,0.617528048,16.41581805,5.04E-07,3.97E-06,
SLPI,-2.413491376,0.118501069,1857.539423,4.92E-93,5.96E-91,
SDC4,1.100705282,0.103737274,440.8027953,1.35E-26,4.23E-25,
NCOA3,0.637594658,0.241966227,72.45927075,0.00655996,0.02102356,
PARD6B,1.951376886,0.554316897,18.79907286,9.90E-05,0.000518058,
ATP5F1E,-2.250159857,0.275575615,70.25849926,5.69E-17,1.10E-15,
SRSF6,1.372253794,0.144307573,425.0129181,8.22E-22,2.07E-20,
ZNFX1,0.834734637,0.244887968,93.42847504,0.000436166,0.001959341,
CSE1L,-1.473834607,0.213239233,91.64023879,1.63E-12,2.29E-11,
SNAI1,4.164385546,2.154419552,20.27014605,0.000449555,0.002016204,
STX16,0.985264604,0.19666259,112.8014362,3.19E-07,2.59E-06,
RNF114,1.083567124,0.21098534,152.8720303,1.51E-07,1.29E-06,
NEURL2,2.472980363,0.903571692,14.54951599,0.001228975,0.004907367,
PEPD,-1.74353548,0.47669547,19.77897724,6.06E-05,0.000333464,
XG,-3.371723161,0.58093147,16.81661847,7.93E-10,8.89E-09,
NAGK,-1.589562352,0.396341792,26.09357505,1.72E-05,0.000105088,
MCEE,-1.922533962,0.942702912,9.79929016,0.006073065,0.019673309,
PAIP2B,-2.823696217,1.062608001,4.833229146,0.000880189,0.003642162,
POF1B,-3.041995596,0.248993569,123.6283953,3.08E-35,1.31E-33,
LYPD3,-1.685918295,0.105848638,740.1480133,1.11E-57,7.71E-56,
USP9X,0.653449563,0.233954562,97.54428484,0.004043054,0.01390335,
RRP36,-0.792071109,0.293261262,51.93126146,0.004600725,0.015527025,
SNRPC,-1.622720893,0.223538539,101.0713297,1.14E-13,1.78E-12,
HIST1H1D,6.759956253,1.285445359,47.51217819,4.58E-09,4.77E-08,
HIST1H1A,4.510901409,2.267983512,13.58418576,0.000353466,0.001620543,
RPS10,-1.567035363,0.398891923,29.04561066,2.51E-05,0.000148883,
HIST1H2BJ,3.689880829,0.349045844,582.3297995,2.15E-26,6.63E-25,
MAD2L1BP,0.893543232,0.236594061,95.80376527,0.000100116,0.000523334,
MEA1,-1.138863952,0.317894733,40.31575494,0.000158497,0.000790481,
CDKN1A,-0.361011629,0.081603073,806.835629,9.02E-06,5.78E-05,
GLO1,-1.141545236,0.145208615,210.2500053,1.84E-15,3.28E-14,
ATXN1,1.166201802,0.42718015,24.87693378,0.002867624,0.010310893,
LRRFIP1,1.964244425,0.227637859,93.94349258,1.50E-18,3.15E-17,
RAB17,2.481924269,3.094144433,1.679821144,0.0158127,0.044021637,
CXCL6,2.552883141,2.485569888,3.83247123,0.01325062,0.037984744,
EMC3,-0.724442465,0.296221322,41.26531231,0.01020897,0.03046136,
SH3TC1,1.569663957,0.775226244,8.578687187,0.01115729,0.032864589,
BBS2,-1.392990647,0.585957123,11.90916816,0.005346546,0.017668183,
MT1G,-2.978981758,0.117564475,698.4604048,1.59E-142,3.44E-140,
MT2A,-1.969428476,0.117398677,725.56128,8.03E-64,6.41E-62,
C16orf70,-1.03638707,0.484231939,16.28275551,0.0154441,0.043143437,
GOT2,-1.100229665,0.224852883,78.10869837,4.98E-07,3.93E-06,
TM9SF2,-0.838592746,0.241688395,63.23733907,0.000338438,0.001557333,
IRF1,2.819030493,2.222102315,6.65852931,0.007706874,0.024105817,
NDUFA1,-1.779798318,0.139166654,353.3057465,4.89E-38,2.26E-36,
FAM193A,2.070900139,0.400589787,48.09544818,5.86E-08,5.29E-07,
SOX9,-2.181442817,0.312723184,47.21523541,5.78E-13,8.52E-12,
GGA3,0.76566924,0.262696266,82.7245646,0.002505825,0.009157942,
MBOAT7,1.1612485,0.229597367,118.7793786,2.04E-07,1.71E-06,
SRMS,2.270221283,1.514168979,4.162694794,0.01568121,0.043699655,
FNDC11,3.708870484,1.483844724,5.373883941,0.000977146,0.003993075,
PPDPF,-2.485915787,0.176600839,225.7728713,8.15E-46,4.46E-44,
IL1B,-4.380574216,0.453177872,40.53957645,7.49E-23,1.97E-21,
CHCHD5,-2.107893571,1.082282854,4.405754108,0.006511257,0.020882024,
POLR1B,-0.983051512,0.450249123,17.2128311,0.014938903,0.041970046,
CCDC93,1.07501862,0.256157926,73.91385462,1.43E-05,8.86E-05,
SLC25A23,-1.432342151,0.458724518,18.67018079,0.000577149,0.002513303,
GTF2F1,-0.881372647,0.249578311,69.16901708,0.000256924,0.001218821,
ALKBH7,-2.888400275,0.622725976,17.2614268,4.27E-07,3.41E-06,
TNFSF9,-1.39737703,0.390065206,35.48663029,0.000118427,0.000607546,
RPL23,-1.486599117,0.139716793,223.3877726,6.74E-27,2.14E-25,
C3,4.641522675,2.595181994,3.272445938,0.001057159,0.004286084,
SH2D3A,1.206875704,0.377871212,29.6308976,0.000615546,0.002662862,
GPR108,-0.620482337,0.243328209,68.1487792,0.008433012,0.025999902,
TNFSF14,6.742991012,2.549701948,7.264188331,3.59E-06,2.47E-05,
FOSB,2.980727581,0.815655817,154.200395,0.000120562,0.000617351,
SNRPD2,-1.867522153,0.169875813,189.2413976,9.41E-29,3.19E-27,
EML2,-1.222690219,0.440903682,20.31306547,0.002227964,0.008238452,
VASP,1.660345002,0.175583084,171.4591488,9.69E-22,2.43E-20,
SDCBP2,-1.025537642,0.206669105,165.4774256,3.81E-07,3.06E-06,
TGM3,-3.110713324,1.08431976,5.642779647,0.000490372,0.002176627,
DTD1,-1.217349127,0.504852643,15.6587851,0.006161477,0.019903649,
STK35,0.741253222,0.308905566,57.17325385,0.011664116,0.034117168,
FLRT3,-4.40686121,0.484802887,36.15532227,1.34E-20,3.13E-19,
OVOL2,1.997308805,0.677327546,10.38587943,0.0006266,0.002706442,
DSTN,-2.302701561,0.167940322,180.6863896,1.49E-43,7.81E-42,
MGME1,-1.508793915,0.370857168,34.6933487,1.46E-05,9.04E-05,
ITPA,-1.069102556,0.314407647,65.51935769,0.000336042,0.001547854,
MRPS26,-1.715100246,0.32050799,45.51218538,2.24E-08,2.14E-07,
HNRNPR,0.694681111,0.232073816,72.13049171,0.002069299,0.007730464,
ZNF436,0.679368491,0.24918391,104.038279,0.004850887,0.016295579,
MAX,0.726019476,0.290887812,55.35925097,0.009085894,0.027678881,
ID1,-2.00119024,0.470379291,23.31887955,4.13E-06,2.81E-05,
EIF2S2,0.33921403,0.123756665,295.5341065,0.005697362,0.018617948,
ERGIC3,-1.023515305,0.272044565,75.95922563,9.07E-05,0.000480082,
ROMO1,-2.557425068,0.241254963,144.8463762,3.68E-27,1.18E-25,
FAM83C,-5.656100018,0.372553583,91.6303105,1.44E-52,8.99E-51,
PLAGL2,0.929703556,0.298925154,49.45450375,0.001117052,0.004504767,
MMP24OS,-1.300309982,0.446312076,19.35505415,0.001320516,0.005227515,
KDM5C,1.489444292,0.159206893,381.3979727,3.09E-21,7.58E-20,
PSMB2,-0.786244005,0.208288005,86.66188326,0.000110006,0.000569637,
AGO3,1.528253016,0.701815169,11.16723135,0.008432662,0.025999902,
UROD,-1.010466812,0.412454787,23.24600463,0.007305476,0.023040851,
KLC1,1.474405097,0.306072359,49.25326979,4.76E-07,3.76E-06,
PCID2,1.6143706,0.273166479,126.4231258,1.21E-09,1.33E-08,
SLURP1,-3.223725925,0.623754024,34.31255995,2.34E-08,2.22E-07,
CAPNS1,-1.505004893,0.174992444,141.1726881,2.62E-18,5.41E-17,
COX6B1,-2.340114161,0.205264317,192.5475875,6.78E-31,2.48E-29,
NR1D1,-0.717276831,0.171777651,284.2988435,2.21E-05,0.00013275,
FRMD8,-1.985779993,0.298724777,54.64992936,6.26E-12,8.38E-11,
PRDX5,-2.283922159,0.096927671,584.3794308,1.53E-123,2.64E-121,
BCL2L12,1.04342079,0.309142128,94.96995169,0.000409703,0.001853132,
SCAF1,1.251202086,0.191835798,203.0624405,3.24E-11,4.09E-10,
TRAP1,-2.247800889,0.348898544,36.86373034,2.06E-11,2.62E-10,
GLIS2,3.844149139,0.766406245,18.20315047,1.32E-07,1.14E-06,
NSRP1,0.901620467,0.311224477,44.57767797,0.002273086,0.008396303,
IFI6,-6.146591667,0.409262607,106.4793759,1.15E-51,7.01E-50,
UXT,-0.852910642,0.316601911,71.3944347,0.004405476,0.015007547,
ELK1,2.798625498,0.227273752,135.6210911,1.50E-35,6.42E-34,
DLGAP5,-2.765225513,1.263012771,4.571471887,0.002750178,0.009943008,
SGPP1,0.999224704,0.389710843,29.92283099,0.005541815,0.018213157,
WDR60,1.430567798,0.604327692,11.87340398,0.005665998,0.018537404,
CANX,-0.757936447,0.118319654,316.7728604,1.10E-10,1.32E-09,
INTS11,1.021966608,0.334178106,46.77207908,0.001208325,0.004833299,
HIVEP3,4.07328885,2.247472528,8.586310552,0.000871754,0.003612674,
BCL11B,-1.688387658,1.024286684,4.022426924,0.017616199,0.048034686,
COX7C,-1.747838189,0.163820518,164.3079121,3.81E-27,1.21E-25,
TRAF2,1.147132307,0.450755604,24.27224241,0.004790417,0.016119911,
RAP1B,1.319299377,0.507215133,18.90934371,0.003477393,0.012204484,
FGFRL1,4.257692229,0.541631905,36.0823899,1.12E-15,2.01E-14,
UBR4,0.897047635,0.185957196,180.0421793,9.40E-07,7.09E-06,
HP1BP3,1.490019014,0.17371712,218.3330576,3.63E-18,7.42E-17,
SIN3B,1.467357127,0.254541049,81.6460138,3.05E-09,3.23E-08,
UQCR11,-2.352710196,0.288320356,86.7022625,5.36E-17,1.04E-15,
SYNGR3,5.175649213,2.625541775,3.749798125,0.000464074,0.002071222,
KDM4B,1.387031438,0.504793282,16.3762237,0.002078497,0.007756425,
TUBA4A,-2.60044587,0.110144094,430.6858353,4.13E-124,7.21E-122,
AAMP,-0.972332499,0.192163554,138.2502145,2.41E-07,1.99E-06,
RNF6,0.990006616,0.140516634,246.4372215,1.10E-12,1.56E-11,
ECHS1,-1.811834409,0.211571246,113.0478184,2.71E-18,5.59E-17,
PTPN12,0.811917494,0.208040457,102.2544426,6.53E-05,0.000356532,
POR,-1.385117142,0.348682859,33.10282913,2.48E-05,0.000147537,
STYXL1,-0.752485943,0.307505851,43.13515513,0.00988728,0.02961677,
STEAP4,-3.928719826,0.987757083,7.784334092,9.94E-06,6.33E-05,
GNAI1,-1.323274157,0.503250682,14.47091853,0.002991053,0.010701719,
RBM48,1.322463883,0.422120736,39.48594531,0.000707614,0.003009266,
ZFP36,2.734065994,0.081822534,1761.976517,1.38E-245,6.81E-243,
SRD5A3,-2.454947783,0.804300226,7.577853368,0.000284501,0.001334957,
PAICS,-2.07183029,0.396461025,29.76962533,3.29E-08,3.07E-07,
ADM2,5.384232327,0.757056496,38.30506931,1.05E-12,1.50E-11,
DGCR6L,-1.960690846,0.950419285,12.58426655,0.005354141,0.017684813,
DGCR8,1.009551556,0.38114328,28.1298816,0.004310546,0.014724142,
SDF2L1,-1.584101289,0.496847857,31.32473144,0.00038073,0.001732872,
YWHAH,0.443229665,0.171401988,139.5708015,0.008696174,0.026680125,
ATF4,1.965082004,0.08360975,1796.288645,8.88E-123,1.51E-120,
BAIAP2L2,1.932926523,0.674815121,11.51464807,0.000870625,0.00360908,
TST,-2.678635468,0.654893559,13.01030168,5.36E-06,3.58E-05,
RAC2,-1.010541074,0.333005714,32.32331114,0.001279551,0.00508431,
LIF,5.021411914,0.58482392,60.69640312,6.64E-18,1.34E-16,
KRT17,-4.582651061,0.07096197,6494.128739,0,0,
EMC4,-0.998811131,0.273899244,49.90003764,0.000145842,0.000732129,
RNF112,1.9804851,1.03031474,8.036360276,0.011566915,0.03387594,
CPA4,1.101195271,0.111105842,600.7837546,1.46E-23,3.95E-22,
DOCK4,1.897476825,0.748571987,11.96551245,0.002594447,0.009444306,
ATP6V1F,-1.900833226,0.155079639,390.8705603,3.54E-35,1.50E-33,
VGF,6.335906082,0.955438505,109.5074711,1.59E-10,1.88E-09,
FLNC,9.702427509,2.482167947,135.0997674,2.02E-14,3.34E-13,
IRF5,1.445874726,0.460203826,20.14661948,0.000564118,0.002468238,
MRPS12,-1.036039697,0.380448303,26.96050153,0.003254037,0.011523149,
MYO1B,-0.800607514,0.233452558,67.06959917,0.000406525,0.001839961,
MTX2,-0.863362431,0.280089789,59.27165781,0.00128085,0.005086912,
HAT1,-1.007231052,0.465949368,18.60467996,0.015425281,0.04309959,
INO80,1.430393511,0.258755898,109.0242375,1.27E-08,1.25E-07,
DUT,-1.438761565,0.452005874,19.51586243,0.000465311,0.002076073,
CHAC1,4.328358711,0.394708587,71.89468009,1.47E-28,4.93E-27,
ARPP19,0.775601033,0.189630256,118.8477284,3.09E-05,0.000180614,
PSMA1,-0.649415245,0.213432903,85.74052181,0.00180335,0.006880351,
SUMF2,-2.800065742,0.408998319,31.47154841,1.01E-12,1.44E-11,
SPCS3,-1.03662592,0.336630225,34.78229344,0.001070408,0.004336945,
BBOX1,-10.08006217,2.995616625,21.96448897,1.23E-12,1.75E-11,
RPAIN,0.805572773,0.341163996,44.43475646,0.012098826,0.035187313,
CD68,-1.452604628,0.272624453,72.05749552,3.39E-08,3.15E-07,
TXNDC17,-2.480638962,0.375111907,38.21680657,5.53E-12,7.46E-11,
FXR2,1.18303167,0.197801577,124.3792732,1.06E-09,1.17E-08,
KIF1C,-0.915526303,0.190502111,107.210156,9.42E-07,7.10E-06,
MPDU1,-1.336243497,0.300268568,50.10855704,3.31E-06,2.29E-05,
CCNT1,0.710203408,0.293163493,51.00189354,0.011226037,0.033024794,
SLC44A2,-1.389592046,0.241437211,70.34707933,3.20E-09,3.39E-08,
AP1M2,-1.913273348,0.270693174,72.53528684,3.48E-13,5.23E-12,
CDKN2D,1.289362771,0.364140671,36.70489083,0.000160786,0.000800737,
KLK10,-2.556369052,0.210489444,126.8808084,9.25E-35,3.89E-33,
KLK8,-3.393900093,0.35839149,81.88399925,2.94E-22,7.60E-21,
NGDN,1.203320052,0.256017422,100.0089365,1.22E-06,9.01E-06,
ADCY4,3.008967977,2.848543319,2.181232976,0.009963339,0.02982518,
RAB2B,1.230875828,0.336207018,55.74679677,0.000112816,0.000582223,
BCL2L2,0.661335771,0.208825692,102.0886016,0.001180356,0.00472965,
AJUBA,-0.674469446,0.245458619,60.98928585,0.004493824,0.015240788,
HEATR5A,-1.467113708,0.820113392,6.085729812,0.017799573,0.04841035,
NEDD8,-1.626518325,0.233021282,83.22712087,8.56E-13,1.23E-11,
DAD1,-1.093464204,0.163707087,233.0690799,1.19E-11,1.55E-10,
TEP1,1.325170592,0.428790106,28.85870336,0.000784145,0.003290118,
REEP5,-0.827853454,0.237170278,68.09727636,0.000315712,0.001463997,
SEC14L1,0.666106615,0.272434867,64.58366364,0.011053226,0.032599811,
RHBDF2,1.496908838,0.355938023,37.33341633,8.72E-06,5.62E-05,
ASH2L,-1.12477067,0.492494773,14.55585816,0.009680934,0.029093399,
RPS4Y1,-1.425424457,0.148890233,315.4351051,3.72E-22,9.57E-21,
TMEM8A,1.807617897,0.400830393,31.23296125,1.69E-06,1.22E-05,
ABHD17A,1.012078369,0.394045153,28.10079724,0.005407792,0.017840671,
PHF10,1.113258665,0.377751565,33.62120554,0.001512775,0.005902259,
STARD8,2.648020317,2.453769194,3.049047304,0.011878382,0.034626462,
FAM155B,-1.493841583,0.839381319,6.196418508,0.017647705,0.048101586,
GDPD2,-3.885575915,1.162269854,6.647848299,7.81E-05,0.00041852,
SAT1,1.564921629,0.055202998,3128.29705,2.68E-177,8.80E-175,
DOCK6,1.191911722,0.294640001,76.84736919,2.47E-05,0.00014677,
LDLR,0.633041489,0.176216334,126.6309168,0.000262461,0.001240396,
CDC16,0.897137177,0.264403001,65.45385786,0.000428187,0.001928459,
APOE,-3.222344969,0.356803277,69.57318085,1.83E-20,4.22E-19,
GADD45G,1.949898967,0.687681177,35.29403523,0.001159439,0.004658006,
XPO7,-0.754296158,0.318039857,36.42951793,0.012038637,0.035027026,
SAFB2,1.369857407,0.268064209,106.4188134,1.32E-07,1.13E-06,
RPL36,-2.611339472,0.165269669,295.7462695,3.81E-57,2.60E-55,
KIF1A,3.966400299,2.336010798,5.41211151,0.001499828,0.00586003,
MRPL34,-1.538803879,0.390777426,30.26105549,2.43E-05,0.000144759,
PGLS,-0.852531531,0.361840368,33.04718883,0.011286863,0.033196657,
SNX9,2.606733783,0.184542975,197.2055008,5.25E-46,2.89E-44,
MTRES1,-1.292694147,0.680131406,9.610164322,0.018284664,0.049466449,
AFDN,1.249008418,0.175833226,194.4935433,5.85E-13,8.61E-12,
ACTN4,-1.218863292,0.11467606,331.5219793,9.95E-27,3.13E-25,
ZSWIM6,1.778592513,0.305149355,92.45658194,1.66E-09,1.80E-08,
MAP1S,4.2222717,0.447554158,99.70162984,1.66E-21,4.14E-20,
LSM4,-1.846352912,0.288406549,55.66244167,3.58E-11,4.48E-10,
CRB3,1.053402675,0.199411377,163.1629187,6.91E-08,6.19E-07,
ZBTB46,5.054593392,2.352146561,6.917864577,0.000138636,0.000699261,
HELZ2,1.086484217,0.49643278,16.25832747,0.013334566,0.038177804,
TNNI2,-4.967354523,1.487120146,6.973131678,4.84E-05,0.000271539,
ZNF337,1.048689011,0.356044108,35.26050583,0.00167353,0.006449237,
TAF4,1.339484561,0.695518869,11.18791688,0.018232926,0.049342807,
LAMA5,1.153519405,0.333754005,36.48242655,0.000257669,0.001221936,
ADRM1,-0.572888602,0.174002418,135.3589875,0.000811574,0.003387694,
ASS1,1.274782175,0.251438013,94.58320527,1.96E-07,1.65E-06,
PRRC2B,0.95943387,0.196521772,142.1761823,6.33E-07,4.92E-06,
CHMP2A,-1.145093747,0.172013839,148.5197392,1.41E-11,1.82E-10,
TRIM28,-0.959693262,0.196971786,122.889646,6.46E-07,5.00E-06,
YIPF2,-0.630411881,0.279285276,46.76175727,0.018432517,0.04980786,
TMEM160,-1.681495596,0.819162885,13.96691002,0.007685051,0.024043008,
ZC3H4,1.126985446,0.383191733,48.00001548,0.001592974,0.006173277,
MAP3K10,1.128255944,0.468654196,22.99192125,0.007323057,0.02308846,
ARHGEF16,1.433717196,0.475762043,21.70278612,0.000854467,0.003547427,
SESN2,2.584297691,0.189434729,252.1444647,4.28E-43,2.21E-41,
ATP5IF1,-1.625340663,0.207167102,109.1483545,1.26E-15,2.25E-14,
CLIP1,-0.777091517,0.203979595,103.8112873,9.37E-05,0.00049335,
HIP1R,1.143069951,0.248256195,79.81224237,2.05E-06,1.46E-05,
ZNF317,0.985813961,0.231775224,115.4080674,1.24E-05,7.75E-05,
EIF3G,0.486462264,0.180196135,182.6299126,0.006043036,0.019585226,
SHFL,-1.693640745,1.030729764,4.693772347,0.016876366,0.046328596,
ZNF426,1.495735786,0.369958264,45.61679258,1.85E-05,0.000112383,
SLC6A8,1.737982162,0.282495332,72.47593251,2.21E-10,2.58E-09,
PNCK,4.248601904,2.365940259,5.133033866,0.00097286,0.003981116,
DKC1,-0.718416049,0.274985757,50.81889905,0.00642489,0.020633811,
PLXNA3,3.74433439,0.396025026,58.45597549,7.14E-22,1.80E-20,
ZNF236,1.490756104,0.466528539,26.34382339,0.000466987,0.002080857,
C12orf65,1.274110235,0.644926142,9.781460423,0.017224436,0.047152791,
PPIL4,1.294353853,0.202862969,160.4030359,7.84E-11,9.54E-10,
LATS1,0.933181624,0.392483288,30.54327684,0.010053204,0.030055073,
EPS8L1,0.716529136,0.240410561,73.74642734,0.002116069,0.007873216,
RBM39,1.467236525,0.149140532,477.6578833,3.11E-23,8.30E-22,
GGT7,1.830736899,0.39242415,40.05949067,8.12E-07,6.17E-06,
ACSS2,-1.212451338,0.368089695,31.67553872,0.000417709,0.001885019,
ATP6V1E1,-0.618475888,0.171739355,141.560548,0.000250916,0.001191549,
ZNF227,1.622641948,0.482837617,21.28393719,0.000224135,0.001076223,
COX4I1,-1.116529179,0.191379188,117.9959135,2.70E-09,2.87E-08,
GSE1,1.573661226,0.332056923,43.56842012,6.81E-07,5.24E-06,
SH3BGRL,-3.810707766,0.553554158,21.86355753,6.60E-13,9.67E-12,
COX7B,-1.363199979,0.20996401,120.5187653,3.21E-11,4.05E-10,
NFATC1,2.247862658,0.99159943,10.01580018,0.005089331,0.016945867,
GJA9,-2.323995898,2.094432944,1.991478446,0.015421552,0.043097898,
CAP1,-1.156520382,0.111373697,348.1034665,1.41E-25,4.16E-24,
PPT1,-1.371296738,0.401895895,24.21914789,0.000225865,0.001083775,
RLIM,1.144632714,0.276708705,78.46560705,1.76E-05,0.0001073,
TRAF3,1.33266395,0.471575385,22.75148422,0.001782522,0.006812186,
PDLIM4,1.459889121,0.257286819,87.41997934,4.25E-09,4.45E-08,
TUBG1,-1.010206215,0.283465255,55.59091414,0.000196059,0.000957402,
RPL27,-1.397413544,0.081196847,648.5379561,8.82E-67,7.33E-65,
AOC3,2.922833431,0.766424662,46.53521731,4.58E-05,0.000258383,
ACLY,-1.191469986,0.166888712,138.1663095,4.35E-13,6.46E-12,
VPS25,-1.34741899,0.27711502,59.49280108,4.39E-07,3.49E-06,
AOC2,2.817779788,0.470799013,81.53440477,6.50E-10,7.35E-09,
NDUFA2,-2.756981602,0.34503297,44.51924663,1.82E-16,3.41E-15,
UBE2D2,0.729697374,0.195303032,109.7097757,0.000137468,0.000694131,
EXOC4,-2.393657607,0.580788752,13.66357589,5.58E-06,3.72E-05,
ACAP3,1.387012561,0.312177225,49.1905638,3.35E-06,2.32E-05,
ANO1,1.617218379,0.736269965,9.053852332,0.007050032,0.022381054,
PPFIA1,1.32384723,0.295753205,56.76413914,3.12E-06,2.17E-05,
THOC6,4.587868044,0.233323132,663.3345936,2.42E-86,2.59E-84,
NINJ1,-1.716228232,0.531206145,16.88535619,0.00029989,0.001397864,
MAP1B,4.5767182,0.476609958,57.11658701,3.10E-22,7.98E-21,
WDR44,1.004694116,0.306453791,47.8691098,0.0005766,0.002511703,
TNS4,-3.995237736,0.239759459,129.8652344,3.07E-63,2.42E-61,
TOP2A,-4.258864954,0.901627295,10.48748118,4.66E-07,3.70E-06,
RARA,1.057783975,0.4496706,40.54323407,0.009485125,0.028629642,
PEX11B,-1.571532174,0.451787901,30.28731883,0.000139347,0.000702078,
PIAS3,-1.570696715,0.286921933,52.19940764,1.34E-08,1.33E-07,
PRKAB2,0.961575353,0.245478877,84.50773573,5.30E-05,0.000294948,
MCCC2,-0.908004311,0.384802926,24.85193867,0.01053339,0.031280564,
SELENOS,1.086601231,0.252151689,62.12139114,8.55E-06,5.53E-05,
THAP1,2.152112838,0.301896572,89.07583907,2.54E-13,3.87E-12,
RHPN2,1.85959939,0.598492053,13.41709801,0.000432232,0.001944197,
C19orf12,1.481581714,0.630267541,11.01460782,0.005479104,0.018042926,
ACTR10,-0.914857496,0.304133178,42.23230873,0.00154177,0.005998427,
LGALS3,-1.524680112,0.134729585,289.3994968,3.56E-30,1.26E-28,
DNAJB1,3.315919772,0.069809809,4292.362121,0,0,
ZSWIM4,2.007287306,0.357766405,72.05944552,5.38E-09,5.57E-08,
SLC6A11,-1.837717828,1.032537075,4.536175788,0.011565737,0.03387594,
ARFIP2,1.048650878,0.224964602,103.4988924,1.73E-06,1.25E-05,
TRIM22,-3.266938387,0.785501191,9.882566877,3.96E-06,2.70E-05,
EFR3A,-0.697205967,0.309348972,39.38557081,0.017451319,0.04766044,
IMMT,-1.866516834,0.33296986,41.48650039,4.64E-09,4.83E-08,
ILKAP,1.196155458,0.37959402,33.18719138,0.000754167,0.003181751,
PER2,1.940501336,0.607347131,25.52532123,0.000373838,0.001703753,
RAN,-0.378447467,0.142101267,211.1805301,0.007078501,0.022451552,
RAP1GAP2,0.952662241,0.361789322,33.50373017,0.004808481,0.016176751,
RPA1,-1.41445364,0.360306731,29.42110065,2.93E-05,0.000171643,
TBC1D14,-1.357764106,0.312623082,45.33482542,5.15E-06,3.45E-05,
COQ3,-1.406654418,0.450566373,25.45500208,0.000597987,0.002596671,
PNISR,0.754799494,0.191386363,151.7828284,5.78E-05,0.000320241,
UTP3,0.714964497,0.165758043,184.3708505,1.17E-05,7.33E-05,
ITGB4,-0.500496215,0.180489805,117.4026925,0.004767916,0.016052023,
H3F3B,0.282927988,0.102886716,433.2070321,0.005644089,0.018496422,
TRIM47,2.363855207,0.75109696,11.24836632,0.000258165,0.001223448,
EIF5A,-0.885759983,0.105622222,470.8661478,3.23E-17,6.36E-16,
KDM6B,2.889221722,0.203126639,345.7214107,1.52E-46,8.41E-45,
RIDA,-4.253950696,0.938026646,10.22050789,7.16E-07,5.48E-06,
ERAL1,-0.866869649,0.275655118,61.07191715,0.001040841,0.004228724,
ANKEF1,-1.52343327,0.755340048,6.973131108,0.010661891,0.031607753,
PCED1A,0.910220699,0.406807223,27.39924731,0.014678781,0.041357122,
PCNA,-2.855375968,0.286123978,59.03929805,2.57E-24,7.10E-23,
RIN2,-2.252076157,0.920790775,5.453621623,0.001917201,0.007254559,
KHDC4,1.113538498,0.185017194,181.7009967,8.38E-10,9.36E-09,
ARHGEF11,1.252428826,0.461712419,20.3637603,0.002697467,0.009783193,
RAB25,-2.768064818,0.17515921,170.2849054,3.61E-57,2.48E-55,
DCAF8,0.520308468,0.191661661,176.1719008,0.00565422,0.018507647,
ALDH3B2,-4.161056113,0.279873544,96.40283967,7.40E-51,4.44E-49,
RBM38,2.428714285,0.516642437,29.63172966,4.45E-07,3.54E-06,
OSER1,1.530902776,0.195783747,179.4825619,1.87E-15,3.31E-14,
AP3B1,-1.165062323,0.390703718,24.31192638,0.001255696,0.005003928,
PATJ,0.885874112,0.301368077,44.64088314,0.002059088,0.007698569,
CASP9,1.643264528,0.813165043,9.681273068,0.01104922,0.032594964,
ZMYM5,1.206929869,0.334193666,46.79132642,0.000137171,0.000692884,
USPL1,0.893160074,0.356968566,38.88787629,0.007525772,0.02363041,
POMP,-0.451702654,0.1614817,231.580278,0.004502907,0.015264093,
CDK8,0.892189867,0.3094402,44.37631261,0.002401153,0.008816973,
PEMT,-2.902549261,0.771327415,10.96506039,1.83E-05,0.000111363,
CHI3L1,-2.680758783,1.237131048,4.678096724,0.003698747,0.012875599,
PIK3C2B,-2.130159258,0.731929622,8.209857461,0.00057838,0.002517871,
SLC41A1,1.208638035,0.280278399,88.24698348,7.65E-06,4.98E-05,
CCNA1,5.962172862,1.0762777,19.00967311,2.61E-08,2.47E-07,
SPART,1.033024879,0.307171583,47.32383351,0.000409134,0.001851164,
TPT1,-0.691416325,0.063471431,1273.060424,8.45E-28,2.77E-26,
TCEAL4,-1.12552994,0.199331514,114.5694042,8.03E-09,8.20E-08,
SLC39A11,-2.02141134,0.974304758,5.079368404,0.005286454,0.017490544,
SRRM1,0.84877733,0.270813095,84.96781972,0.001124277,0.004531258,
HSPBP1,-1.721659634,0.330510297,43.80569935,4.90E-08,4.46E-07,
MACROD1,-1.726377312,1.069122504,4.692653013,0.017016715,0.046648922,
WDR74,1.946697975,0.263576589,100.0330155,4.10E-14,6.63E-13,
FOPNL,0.557920809,0.240546683,72.89544442,0.01679658,0.046168764,
MED10,2.118311933,0.159317433,257.4675873,5.87E-41,2.90E-39,
PDZD2,-1.477018252,0.598079848,11.8405844,0.003911218,0.013510591,
C1QTNF6,-1.958878597,0.641790679,10.50646741,0.000417221,0.001883431,
C12orf29,-0.985339296,0.419507157,21.30484317,0.009830935,0.029460783,
ATP13A3,1.751618025,0.254780476,103.3908291,1.86E-12,2.60E-11,
TMEM254,-2.637191681,0.382327289,33.97982428,7.55E-13,1.09E-11,
KRAS,1.185149494,0.256164921,63.32575345,1.75E-06,1.26E-05,
IPO8,-1.069110738,0.473952141,15.62405417,0.011186674,0.032929287,
LARS,-0.655377664,0.248000859,57.79452014,0.006257431,0.020171116,
SPINK5,-3.550723158,0.176463986,245.349061,5.72E-91,6.75E-89,
IMPA1,1.14435296,0.439929749,21.48771689,0.004184718,0.014344042,
ARNTL,1.935488696,0.320256308,63.42978115,3.86E-10,4.43E-09,
RRAS2,1.312871487,0.264276762,74.18849361,2.77E-07,2.28E-06,
HSD17B4,-2.87014052,0.506503181,19.56461445,1.86E-09,2.01E-08,
ZFC3H1,1.558313954,0.217537973,123.440472,2.75E-13,4.18E-12,
SARAF,-0.338184376,0.142997924,236.4055694,0.016771629,0.046126674,
MEN1,0.761548903,0.342441789,31.37580127,0.017813372,0.048438331,
ERG28,-1.864976076,0.344999765,50.13290203,1.45E-08,1.43E-07,
NUMB,1.256641607,0.203904815,121.2770651,3.20E-10,3.70E-09,
COX16,-0.839648095,0.373945913,56.91191874,0.015219076,0.042609707,
TTC9,1.107725479,0.515018652,16.12873662,0.014139909,0.040067914,
CCNB1,-2.684593035,0.396050434,34.18514603,1.83E-12,2.55E-11,
CDK7,0.714866646,0.163152689,196.7524924,9.01E-06,5.78E-05,
CAMK1,2.477262972,0.972194712,8.343336055,0.001567959,0.00609002,
VHL,1.138386846,0.309607883,48.92526638,0.000114246,0.000588683,
BHLHE40,1.130222959,0.109543406,353.5240835,3.02E-25,8.71E-24,
EMC7,-1.368703448,0.246769805,102.2913171,1.09E-08,1.09E-07,
PRPF38B,1.424629328,0.231194051,107.0577258,2.79E-10,3.23E-09,
VAV3,-3.740132594,1.029287681,6.449330097,3.54E-05,0.000203391,
SORT1,-1.45128929,0.504656514,15.82870123,0.001235162,0.004930642,
PTGFRN,-1.562332369,0.256792007,57.53235709,3.58E-10,4.11E-09,
SPIRE1,1.304672153,0.303991741,46.60449963,7.28E-06,4.76E-05,
FKBP11,1.185920008,0.548397444,17.9364823,0.012836851,0.036956706,
YWHAQ,-0.769111955,0.114377946,343.842481,1.25E-11,1.63E-10,
GRHL1,-1.733399076,0.194872933,115.774779,1.58E-19,3.52E-18,
ROCK2,1.75137656,0.364211688,35.91676561,4.17E-07,3.33E-06,
LPIN1,1.836485734,0.372782075,41.18070499,2.24E-07,1.87E-06,
LDHA,-0.832436737,0.101571748,417.3701984,1.56E-16,2.95E-15,
IL6ST,1.831571318,0.261065966,91.49455026,6.38E-13,9.37E-12,
FST,-2.404934922,0.519860437,21.51954352,5.87E-07,4.58E-06,
CDC73,1.027492233,0.374589842,29.87093057,0.003202629,0.011352757,
RPS15A,-1.971358817,0.189676171,124.626115,6.06E-26,1.81E-24,
NARS,-0.602315758,0.167508934,153.3117817,0.000261429,0.001236793,
ECHDC3,1.526472079,0.645646176,14.66560325,0.005029997,0.01679912,
RTL8C,-0.976687128,0.192720372,107.0128193,2.30E-07,1.91E-06,
PUM1,1.142735279,0.155909855,274.0865538,1.22E-13,1.90E-12,
YARS,0.647018373,0.218522458,104.735449,0.002384115,0.008757197,
PHC2,0.973848236,0.332911062,36.63747154,0.001949573,0.007354869,
AGO4,1.340650782,0.482523906,18.47575252,0.001984497,0.007454018,
CYP2J2,-2.875466052,1.470052048,3.435245348,0.004201562,0.014394625,
DSG3,-3.762862484,0.139202802,380.1188097,6.97E-162,2.00E-159,
RNF138,1.240823928,0.459961825,23.46996942,0.002832178,0.010196726,
DSG1,-5.782142457,0.216023393,359.5611804,1.56E-158,3.92E-156,
DSC3,-2.458612785,0.178337628,152.2795688,4.84E-44,2.56E-42,
DSC1,-5.763107427,0.213164844,328.1413342,1.44E-161,4.06E-159,
TPGS2,-1.252410353,0.504939617,14.0586731,0.004915143,0.016479343,
DHX34,2.101872473,0.299702111,114.7709451,5.97E-13,8.77E-12,
TMEM258,-1.491219338,0.404577663,26.44625342,7.03E-05,0.000380193,
TCN1,-3.180277473,1.430292913,4.587839452,0.003082482,0.010988955,
UBAC2,-1.271752473,0.339967304,32.53337498,7.26E-05,0.000391624,
ARGLU1,0.618550419,0.158364228,262.3114392,7.56E-05,0.000406367,
CARS2,0.991552851,0.361858429,30.80291417,0.003369136,0.011866788,
ETS1,2.505552261,0.26997514,80.9767408,3.31E-21,8.07E-20,
SLC37A2,-1.117340861,0.424049504,22.55956758,0.003827597,0.013258244,
OSTF1,-0.849942904,0.247539164,93.75123155,0.000381337,0.001735065,
UBQLN1,0.659303447,0.139685591,290.3654191,1.89E-06,1.35E-05,
ANXA1,0.963407239,0.067210909,1508.504181,8.40E-47,4.67E-45,
CTSL,-1.473025755,0.175155812,171.2947906,1.40E-17,2.80E-16,
CEMIP2,2.037155081,0.288097823,88.05506974,3.90E-13,5.83E-12,
PSAT1,0.531961468,0.231729912,76.80297105,0.01830024,0.049498885,
MSI1,6.192277273,2.457698647,6.556890497,9.50E-06,6.07E-05,
OASL,-1.756696805,0.554537608,20.65952701,0.000372515,0.001698287,
DMTF1,1.617464352,0.299182263,56.86702526,2.02E-08,1.95E-07,
CD36,-3.172444112,2.135730161,2.374967146,0.00622506,0.020090231,
KCP,3.175947429,2.50207006,3.105009511,0.006677309,0.021350062,
TES,1.185075415,0.181273657,139.0353959,2.97E-11,3.75E-10,
NT5E,-1.549835425,0.508462595,17.80192981,0.000653052,0.002805765,
AKIRIN2,0.970016541,0.171493678,198.664849,9.08E-09,9.19E-08,
ORC3,-2.45193932,0.71082032,10.27204006,7.53E-05,0.000404932,
PHF21A,1.898234424,0.43193166,28.15315723,2.70E-06,1.89E-05,
EHF,-1.789242368,0.219850543,133.7802381,1.05E-16,2.00E-15,
PRRG4,-1.770099355,0.37624008,28.29641252,6.21E-07,4.83E-06,
CAPRIN1,-0.746981539,0.214213776,78.76690434,0.000345933,0.001589173,
ATP5MC2,-2.014139355,0.260224466,68.38818346,2.08E-15,3.68E-14,
CD63,0.712696278,0.10614919,409.3786959,1.40E-11,1.81E-10,
ITGA7,2.446153716,1.116694408,10.81504208,0.006771496,0.021591183,
BLOC1S1,-0.810515469,0.354728447,37.42121683,0.014297344,0.040447592,
ESPL1,1.257781316,0.620521559,18.18644678,0.016643638,0.045826457,
HNRNPA1,-0.4912483,0.136989599,286.9013533,0.000295385,0.001378996,
OS9,-1.178929282,0.229540932,90.09017496,1.30E-07,1.12E-06,
LTV1,0.547287757,0.222488999,96.35318626,0.011595062,0.033943965,
SMPD2,-1.494690145,0.575196516,14.61751924,0.002612571,0.009507774,
MICAL1,2.212081706,0.263567149,92.96516159,1.05E-17,2.12E-16,
STX11,1.31809417,0.491864361,25.6834972,0.002829609,0.010192795,
CCT7,-1.01013724,0.131013445,234.6931279,7.04E-15,1.20E-13,
MPHOSPH6,-0.69871199,0.297220972,43.22377337,0.013372932,0.038271768,
DYNC1LI2,0.565897313,0.175123996,147.0775143,0.001026293,0.004174138,
SLC9A5,2.713462504,2.270492306,6.920053914,0.009424197,0.028489358,
KCNK1,0.50155267,0.216581878,89.02566016,0.017763846,0.048334556,
GLUL,0.946514781,0.251663831,72.95011388,0.000101464,0.000529575,
DHX9,0.785123208,0.160398825,236.2047004,7.01E-07,5.38E-06,
LAMC1,0.967834741,0.215415136,101.266591,4.16E-06,2.82E-05,
RC3H1,1.820295834,0.388864217,39.43524916,7.77E-07,5.92E-06,
SERPINE2,1.719727987,0.257554974,101.043081,7.52E-12,9.96E-11,
DNAJB2,0.94517472,0.187702109,140.857486,2.92E-07,2.38E-06,
TMBIM1,-1.680707033,0.139517069,222.2153276,5.75E-34,2.35E-32,
CAB39,0.382447098,0.161954139,152.2881221,0.016739011,0.046061487,
COX5B,-2.211442432,0.219013116,118.2469052,1.02E-24,2.88E-23,
MRPS9,-1.026417912,0.313026508,46.40245266,0.000546378,0.002396699,
ANKRD36,2.250715817,1.817763816,2.557965941,0.016267767,0.045034139,
EPC2,0.869226634,0.378187807,35.63244026,0.01332541,0.038159507,
ARHGEF4,-1.411690471,0.347002268,34.25933516,1.63E-05,0.000100191,
ALDH1L2,2.061335122,0.901326956,6.298519365,0.003578866,0.012519227,
CKAP4,-1.186765745,0.215844698,104.6259884,1.74E-08,1.70E-07,
SLC41A2,3.761799138,0.745574831,20.40177173,1.27E-07,1.09E-06,
FLNB,-0.496491871,0.170433402,126.7568986,0.003074725,0.010966971,
CKAP2,-1.534427527,0.413385832,22.23982033,6.08E-05,0.000334514,
TBC1D4,-1.279483644,0.662431106,8.207711405,0.017548086,0.047886807,
LMO7,-1.657564928,0.570366366,13.16240127,0.000914342,0.003764297,
SCEL,-4.003774019,0.272409753,96.72190765,9.80E-50,5.75E-48,
ITM2B,-3.305411489,0.293532122,61.99233789,2.59E-30,9.18E-29,
SPRY2,1.94607256,0.625372955,13.11175045,0.000382866,0.001741445,
NUDT15,-1.055864446,0.440495483,26.22191886,0.00787507,0.02453736,
GPNMB,-2.973633789,0.140917611,270.5397689,1.07E-99,1.45E-97,
RAC1,-0.564623855,0.160311716,181.6505457,0.000351487,0.00161254,
BZW2,-2.208875873,0.489521117,20.25019519,1.10E-06,8.20E-06,
HUS1,1.466218523,0.310525958,48.83151699,8.25E-07,6.26E-06,
TTYH3,0.834475709,0.294977061,56.68470591,0.00306157,0.010928523,
ABHD17C,-2.243219864,0.589260711,15.31286051,2.21E-05,0.000133018,
CIB2,-2.167122672,0.764239147,8.63910892,0.000682417,0.002917395,
SRSF1,0.750488752,0.143801235,287.0834556,1.29E-07,1.11E-06,
VEZF1,2.919169292,0.315369158,132.9885855,5.42E-21,1.29E-19,
TEX2,-1.668945653,0.44585247,20.06098377,4.70E-05,0.00026439,
DCAF7,0.729210212,0.265077683,62.89492038,0.004299942,0.014691558,
LIMD2,3.835951731,1.551412646,4.803090519,0.000950732,0.00390015,
NDUFB5,-1.566455601,0.501169839,16.00539212,0.000489368,0.002172872,
MRPL47,0.469624236,0.181542725,161.4741144,0.008501821,0.02617112,
TRA2B,0.936168073,0.248320843,96.38822641,0.000100046,0.000523166,
GALNT5,-4.762696249,3.075735156,2.034931995,0.002321949,0.008563042,
SKIL,2.210660506,0.268297539,145.165473,4.49E-17,8.73E-16,
EPRS,-0.634903748,0.185294977,115.9645929,0.000477383,0.002121703,
IL36G,-2.546933588,0.352776391,48.4076572,7.88E-14,1.25E-12,
IL1RN,-3.162403713,0.206968379,147.886284,1.34E-53,8.50E-52,
IL36RN,-3.969834668,0.426192369,41.50095986,1.59E-21,3.96E-20,
IL1F10,-2.238672501,0.999750307,6.967065342,0.003469962,0.012184599,
CCDC115,-2.083683563,0.655132974,10.72974936,0.00024603,0.00117157,
ABI1,0.66601,0.161468271,171.2974352,2.88E-05,0.000168516,
DNAJC1,-0.974285733,0.437970221,21.21668263,0.013641903,0.038888301,
NIPSNAP3A,-1.233743566,0.407272391,23.29114597,0.000985319,0.00402171,
LRRC8A,-0.897469666,0.203838158,99.10702694,6.63E-06,4.37E-05,
CDK9,0.997723225,0.215345183,95.4973226,2.07E-06,1.48E-05,
ECPAS,0.67432412,0.214240067,88.76633971,0.001265897,0.005036985,
KLF4,-2.471455876,0.177972367,180.3552995,1.23E-44,6.58E-43,
TOR1A,0.77630035,0.317131955,39.20287739,0.009828154,0.029458847,
NIBAN2,-0.61627292,0.163549512,155.1373103,0.00013085,0.000664361,
CDK5RAP2,-0.998902688,0.468751007,16.0699157,0.016616499,0.045779134,
SLC31A2,-1.7219037,0.216344536,99.31614687,4.65E-16,8.55E-15,
ZNF189,2.086079747,0.359306215,40.87437143,1.41E-09,1.54E-08,
FPGS,1.356079376,0.393725631,31.16372258,0.000214607,0.001035155,
KIF12,2.803625742,1.338559074,4.971235289,0.005189155,0.017230591,
ATP6V1G1,-0.699244879,0.127181384,282.7283829,2.88E-08,2.71E-07,
PSMB7,-0.332652026,0.134307288,307.3923354,0.012448233,0.036036421,
RPL35,-2.367414944,0.095020216,643.2528528,8.65E-138,1.84E-135,
CTSV,-1.841843293,0.395788198,38.54255139,7.46E-07,5.70E-06,
ARPC5L,0.665509054,0.17640181,148.0122938,0.000125621,0.000639692,
MYC,-1.930734921,0.267501222,69.15209455,1.16E-13,1.81E-12,
CCN3,6.928885292,0.755311454,56.56870686,1.02E-19,2.27E-18,
IL33,-5.861069454,1.533061651,7.121927379,5.62E-06,3.74E-05,
DMAC1,-1.673007848,0.392077573,27.4860437,5.19E-06,3.47E-05,
RNF38,1.991734008,0.451712615,24.13360202,2.33E-06,1.65E-05,
TLN1,1.055449049,0.200886517,118.5876793,8.08E-08,7.18E-07,
DNAJB5,2.475627266,0.29536699,85.20902601,1.14E-17,2.28E-16,
DCTN3,-1.250277975,0.331006944,41.01789996,6.55E-05,0.000357431,
GRHPR,-1.308947374,0.493757466,15.91179676,0.002850683,0.010252955,
HINT2,-2.534859486,1.060213942,5.062869965,0.0018884,0.007159318,
RPS6,-1.956746166,0.079671548,975.2592824,7.37E-134,1.52E-131,
PPIL1,-1.216123537,0.284908423,52.4671063,8.50E-06,5.50E-05,
KLC4,1.554115592,0.491556179,30.71592542,0.000508403,0.002249427,
KIF13A,-0.88046189,0.337365972,30.89253237,0.005456438,0.017983962,
ZSCAN9,1.318490354,0.426522376,36.40210889,0.000813811,0.003393953,
PIM1,-1.259205326,0.189120855,148.9302122,1.18E-11,1.54E-10,
YIPF3,-0.504696165,0.218757525,110.0681001,0.017887275,0.048572294,
FRS3,2.86450267,1.397980759,4.38150396,0.005206958,0.017273083,
TJAP1,3.491153306,0.463752895,85.08759527,1.82E-14,3.02E-13,
SLC22A23,-1.408033757,0.367291666,29.28702873,4.33E-05,0.000245676,
TUBB2A,-1.393593431,0.181130009,174.1568125,5.27E-15,9.07E-14,
UQCC2,-1.061336117,0.478888226,15.2533737,0.012469614,0.036083179,
IER3,3.843097916,0.110040829,822.8645859,4.70E-268,2.82E-265,
PGBD1,1.679362429,0.727521147,10.3432548,0.005213561,0.017286674,
ATAT1,1.242612592,0.473424726,33.15076173,0.003672775,0.012795834,
RNF144B,-3.076355592,0.59877464,14.6276344,3.41E-08,3.16E-07,
MTCH1,1.106810638,0.118022311,547.2915043,3.55E-21,8.62E-20,
VARS2,1.777860733,0.360356734,60.08881969,2.38E-07,1.98E-06,
FGFBP1,-2.964436894,0.086255026,804.7667148,9.43E-260,5.21E-257,
CPEB2,0.680505334,0.247305057,66.64938691,0.004552805,0.015402969,
FHDC1,-1.794239714,0.518259179,15.55735411,0.000121888,0.000622519,
MYO7A,2.771309702,0.937982747,14.77878936,0.000772848,0.003247655,
IL18BP,1.522827159,0.664761149,26.61754707,0.007365196,0.023200114,
NUMA1,-0.883774093,0.336309761,36.37868769,0.005203565,0.017273083,
CREBZF,1.364119933,0.264993195,71.63604726,1.08E-07,9.41E-07,
PRCP,-2.40938899,0.990571008,5.128006635,0.001831283,0.006971505,
MRPL15,-1.143497433,0.317386566,55.27591944,0.000144897,0.000727649,
GGH,-3.856345282,0.521987426,24.24288378,1.84E-14,3.05E-13,
DDX60,-2.117877531,1.000009917,5.108930613,0.005029192,0.01679912,
SORL1,-1.518726004,0.810907541,6.714140662,0.01496571,0.042036801,
TMPRSS4,-3.313627354,1.229194486,4.583029857,0.000794381,0.003324981,
TRIM29,-3.547061638,0.16596768,225.1489785,2.82E-102,3.98E-100,
C11orf1,-1.82801583,0.862232285,5.827570934,0.006030586,0.019549468,
TMPRSS13,-2.318782428,0.474723431,23.10972096,1.73E-07,1.46E-06,
CASP1,-4.038697809,0.630057913,18.03284588,1.81E-11,2.32E-10,
SQOR,-2.209034523,0.26867559,64.05412294,3.64E-17,7.12E-16,
CTDSPL2,1.518350951,0.542039272,18.66079802,0.001580883,0.006131588,
THBS1,-2.628866139,0.242460773,99.62024937,3.60E-28,1.19E-26,
NUSAP1,-0.977557949,0.465186758,20.00737862,0.0184918,0.049938717,
PARP6,1.178632434,0.334008547,42.23454805,0.000192169,0.000940735,
RPLP1,-3.089079227,0.132656087,528.2751844,7.30E-121,1.20E-118,
DUOX1,-1.229109216,0.247018489,63.13293655,2.82E-07,2.32E-06,
SPTBN5,3.794171245,1.482685999,5.316071677,0.000814185,0.003394485,
BCAR3,0.785405063,0.340806068,33.32936526,0.014223444,0.040263289,
FNBP1L,2.915321583,0.277604994,101.314243,1.58E-26,4.91E-25,
KYAT3,-1.196408238,0.363946807,37.6177899,0.00043295,0.00194616,
GTF2B,0.734728988,0.210130913,120.3921194,0.00034105,0.001567787,
RABGGTB,0.779645813,0.249764993,66.1283426,0.001254385,0.005000148,
IFI44,-1.889240071,0.636728507,21.71894993,0.000614672,0.002659918,
SLC44A5,-1.858769027,1.142257861,3.697297615,0.01474446,0.04151674,
CLCA2,-5.618563438,0.270070872,169.9935643,1.03E-96,1.33E-94,
RTCA,0.862278818,0.341561549,39.03563712,0.007244749,0.022878155,
SELENOI,-1.114054364,0.327730539,34.13555829,0.000315227,0.00146272,
HADHB,-1.751065051,0.227142019,85.5704494,3.36E-15,5.86E-14,
ADCY3,1.281745516,0.505989092,15.89289916,0.004294451,0.014680066,
DYNC2LI1,-1.784654112,1.054149343,4.787717451,0.013527327,0.038633507,
THUMPD2,1.223963651,0.417749553,33.44780341,0.001450432,0.005687969,
RAB1A,0.326582274,0.134968478,243.5562457,0.014509121,0.040971121,
PREB,-1.19682154,0.3953759,25.36648048,0.001036821,0.004214473,
FBXO11,1.324418482,0.257908402,80.78974332,1.18E-07,1.02E-06,
ATRAID,-1.549962649,0.296713907,46.25091034,5.37E-08,4.87E-07,
LRPPRC,-0.840750679,0.321014207,38.13981165,0.005574259,0.018293646,
ACTR1A,-0.984881824,0.197484985,94.9666827,3.51E-07,2.84E-06,
MYOF,-1.514333734,0.223413152,89.7112286,3.95E-12,5.38E-11,
BTBD16,-2.777024963,1.084667927,6.690588664,0.000991076,0.004041622,
KIF11,-2.72901755,1.143701486,4.38417337,0.001965174,0.007399562,
DUSP5,2.43993826,0.182487759,179.0330858,1.72E-41,8.60E-40,
CEP55,-5.160597801,1.500167625,6.649574025,3.15E-05,0.000183093,
GPR87,-0.710849616,0.14772115,281.0175798,1.09E-06,8.10E-06,
ANXA7,-0.799287003,0.159846197,152.2325259,3.84E-07,3.08E-06,
ZNF365,-1.332327732,0.520320155,19.8053263,0.003622035,0.012641396,
RPS24,-2.273829653,0.171213444,157.3698938,5.36E-41,2.66E-39,
MYPN,2.068593501,1.052991644,7.081502597,0.009817674,0.029440221,
AOX1,1.617295583,0.436400436,38.42496026,6.68E-05,0.000363343,
NAB1,1.293555221,0.279681157,58.85858551,1.55E-06,1.12E-05,
IDH1,-2.320964839,0.423400081,24.81444851,6.76E-09,6.95E-08,
SECISBP2L,0.714133681,0.317200018,41.61177249,0.017576777,0.047946141,
APH1B,1.245236665,0.631307403,11.10313124,0.017797223,0.04841035,
SEMA7A,1.623640324,0.489635634,23.68200909,0.000265469,0.001254182,
UBL7,-1.311815489,0.32608765,39.26411954,2.22E-05,0.000133511,
GPAT3,5.170840313,0.631894013,46.57796721,2.08E-16,3.87E-15,
LARP1B,1.163700974,0.469366371,18.46141369,0.00575121,0.018767249,
USO1,-0.604220247,0.245928691,75.84404376,0.011098604,0.032719661,
CDKL2,2.79006747,1.775233031,3.112456371,0.007955901,0.024750096,
ANXA3,-0.433594057,0.159291881,152.9419233,0.005785743,0.018866554,
PPA2,-2.184333976,0.442937604,23.45148966,1.42E-07,1.21E-06,
PAPSS1,-1.440498464,0.350829293,38.10386192,1.33E-05,8.30E-05,
MAPK8IP3,2.944708144,0.267043996,118.316509,5.21E-29,1.78E-27,
B4GALNT3,-1.067461541,0.315651957,40.26939907,0.000364569,0.001664811,
GABARAPL1,2.617768204,0.28710771,124.9609799,1.65E-20,3.82E-19,
AEBP2,0.963228439,0.353808195,37.88614422,0.003691714,0.012855324,
ZCRB1,-0.718097098,0.317677831,42.5447994,0.016702121,0.04596914,
TMEM117,-1.731394918,0.573394103,13.65331349,0.000572799,0.002496724,
CLSTN3,2.191015372,0.43413442,35.2155177,9.05E-08,7.98E-07,
VAMP1,2.764916021,1.02000078,7.9462373,0.001286561,0.005106284,
GLIPR1,-2.445720505,1.582326769,2.598340864,0.012601914,0.036382093,
DUSP6,0.577174139,0.21113127,103.0882646,0.005125061,0.017030939,
SNRPF,-1.013021811,0.338921847,37.58237968,0.001471908,0.005760729,
GAS2L3,1.454052672,0.587996069,17.99068412,0.004467076,0.01517618,
TDG,1.274465962,0.220289452,111.7012091,3.36E-09,3.54E-08,
MMAB,-1.883937199,0.784874807,7.101118903,0.002916795,0.01046044,
GLTP,-2.876227877,0.128234474,493.5797945,2.58E-112,3.92E-110,
NUP58,2.012439848,0.230452198,128.263877,6.46E-19,1.39E-17,
SLC7A1,1.304882897,0.18733268,180.5427866,1.41E-12,2.00E-11,
LNX2,1.206900552,0.295955465,60.75879809,2.00E-05,0.00012102,
NABP2,-2.456334893,0.502980073,19.93115464,1.53E-07,1.30E-06,
N4BP2L1,2.667119453,2.306924683,4.397700043,0.010442554,0.031047077,
KANSL2,0.914069075,0.241136182,96.97413199,9.40E-05,0.000494553,
CERS5,1.498437183,0.481597513,19.2400727,0.000545092,0.002391818,
GALNT6,-1.871999272,0.397613682,26.19624046,5.54E-07,4.33E-06,
LMBR1L,1.02511474,0.403349374,27.87250356,0.005760812,0.018794139,
C12orf10,-1.354737675,0.427316591,27.45531859,0.000548468,0.002402048,
ESYT1,0.878087994,0.207755299,100.1870441,1.53E-05,9.44E-05,
TMBIM6,-0.429526662,0.116088657,300.9330871,0.00019472,0.000951198,
ANKRD52,1.500601266,0.218599341,96.71287804,2.32E-12,3.22E-11,
ESD,-0.595998315,0.249743595,61.68417388,0.013465228,0.038503967,
SBNO1,0.886522997,0.291351191,57.95387903,0.00153159,0.005963867,
SETD1B,1.629632242,0.421610051,29.1300405,3.28E-05,0.000190355,
DIAPH3,-1.641180252,0.958686672,5.537116008,0.01794046,0.048668832,
MBNL2,-1.643332252,0.536658717,13.99528595,0.00054807,0.002401068,
TMX1,-1.163032951,0.496510122,15.89532254,0.007911089,0.024632902,
FRMD6,-0.787869601,0.296405712,40.56949031,0.005235965,0.01734013,
RDH12,-5.027112937,0.3977446,70.55181718,2.30E-37,1.03E-35,
RAB15,3.59404269,0.968486793,10.99607629,4.95E-05,0.000277282,
JDP2,3.126936093,0.82478597,9.350196563,2.38E-05,0.000142265,
WDR20,0.831286567,0.332978943,49.36038552,0.008176905,0.02532345,
DUOXA1,-1.137539707,0.209827178,88.75221079,2.89E-08,2.71E-07,
TCF12,0.998679848,0.292119652,60.17731594,0.000354905,0.001625521,
SORD,-3.092838751,0.702221076,10.97585322,1.33E-06,9.78E-06,
SERF2,-1.491131941,0.194887261,121.1819497,6.88E-15,1.18E-13,
ZSCAN29,0.966344193,0.369930867,32.09651697,0.005057583,0.016858609,
BNIP2,0.761547084,0.313619454,39.0086762,0.010523126,0.031256808,
SRP14,-0.931358057,0.134741077,246.5394508,2.91E-12,4.01E-11,
BAHD1,1.657645703,0.27908067,97.69199455,8.88E-10,9.90E-09,
ANP32A,-1.032188248,0.378060701,25.08600401,0.003202452,0.011352757,
UBE2Q2,1.41839072,0.299836288,50.59505407,8.16E-07,6.20E-06,
ETFA,-0.938877368,0.284714785,46.78423653,0.000565699,0.002472807,
TSPAN3,-1.28630061,0.476378186,16.3775112,0.002549143,0.009296556,
WDR61,-1.082364773,0.437885623,19.34281626,0.006293586,0.020259268,
NEIL1,2.332397251,1.040724993,5.605203469,0.003889672,0.013442894,
MAN2C1,1.472468939,0.351010947,41.1187737,9.62E-06,6.14E-05,
DNAJA4,3.66247533,0.151257224,1787.094963,1.17E-129,2.27E-127,
TLNRD1,1.358987452,0.653190842,10.18739227,0.012233485,0.035526535,
ARRDC4,-0.360924145,0.091779042,761.311804,7.84E-05,0.000420021,
ULK3,-0.828754502,0.259274044,59.31370205,0.000907311,0.003738694,
PCSK6,-1.780377455,0.871448892,5.555052057,0.007609634,0.023849313,
SCAMP2,-1.113366368,0.211878161,101.6627352,7.30E-08,6.50E-07,
HAPLN3,2.027337099,0.787882001,21.41914049,0.002465504,0.009027316,
RHCG,0.467719835,0.167874959,194.195239,0.004711461,0.015885211,
POLG,1.381709393,0.24986582,71.64336031,1.25E-08,1.24E-07,
FANCI,-1.54434662,0.852133736,5.445329571,0.015746107,0.043871648,
UNC45A,-0.919600599,0.309071608,39.14282628,0.001713394,0.006586304,
IQGAP1,-0.910537353,0.150082927,173.7715057,7.74E-10,8.69E-09,
CRTC3,1.462442938,0.482909727,20.06471867,0.00081939,0.003413094,
UQCRC2,-0.621649028,0.172086063,143.1388561,0.00024319,0.001158848,
CDR2,1.182853457,0.381075438,29.83859625,0.000865174,0.003588639,
DHX38,1.107515407,0.197666185,189.9685448,1.10E-08,1.10E-07,
TXNL4B,1.251889764,0.425180884,30.93918177,0.001345325,0.005319622,
CPNE2,2.635342116,0.715140829,12.46226022,3.94E-05,0.000223764,
KATNB1,-1.267961479,0.621653262,10.05472017,0.014026328,0.039795092,
CMTM3,3.075885893,0.453197633,35.85070256,1.95E-12,2.72E-11,
MAP1LC3B,1.805455922,0.171695955,215.2684213,2.07E-26,6.42E-25,
CDH13,-3.712520405,0.869414304,8.578708563,2.42E-06,1.71E-05,
OSGIN1,4.145435752,0.394011056,66.81847324,1.80E-26,5.57E-25,
RHOT2,1.076160298,0.279246843,78.66016246,6.01E-05,0.000331058,
RPS2,-2.575678852,0.098761609,664.3197679,8.73E-151,2.01E-148,
NDUFB10,-2.734206139,0.236123167,95.07631864,7.14E-32,2.75E-30,
TCF25,1.17410383,0.267611476,73.96146576,5.57E-06,3.71E-05,
CTRL,1.835957345,1.047631004,8.50048787,0.017237592,0.047179447,
TOM1L1,0.76690974,0.32699298,36.50626314,0.013055245,0.037502578,
TOB1,-0.687749286,0.157460505,170.9974758,9.55E-06,6.10E-05,
SGSM2,2.173353927,0.351728447,46.52921017,1.41E-10,1.67E-09,
TAF4B,1.870836379,0.564587142,26.23655344,0.000240424,0.001146855,
IMPA2,-3.676967474,0.53559324,23.71817685,7.28E-13,1.06E-11,
SLC39A6,-1.571691088,0.162259138,154.7044177,1.08E-22,2.83E-21,
GALNT1,-1.421189682,0.322657791,39.25307323,3.66E-06,2.51E-05,
GAREM1,-2.051867579,0.601487168,12.33020782,0.000115124,0.000592579,
GATA6,4.460812128,2.539596065,3.857237166,0.001199302,0.0047986,
GREB1L,2.446316982,1.063380538,15.93256297,0.005967683,0.01937478,
RMC1,0.732289121,0.300484656,51.92134334,0.010555591,0.031333008,
NPC1,0.541636316,0.209713572,90.14141191,0.008236052,0.025472326,
ZMYND15,2.656278177,1.179440104,7.539058597,0.004949262,0.016573604,
MINK1,-0.62245968,0.169219999,146.4642662,0.000184193,0.000905866,
SAT2,1.274716478,0.172244051,288.6035238,6.18E-14,9.87E-13,
ASGR1,3.765345651,2.286658816,6.479285847,0.001867499,0.007091768,
TMC6,2.323821983,0.421877014,31.43456765,6.84E-09,7.02E-08,
SLC16A3,3.40817966,0.45806463,31.94776514,1.61E-14,2.68E-13,
CSNK1D,1.869162419,0.200910473,214.9191371,3.91E-21,9.44E-20,
ANAPC11,-1.115152931,0.423431058,24.05132238,0.003818916,0.013238142,
ZNF750,-4.036904164,0.295090536,100.1913145,1.48E-43,7.78E-42,
CBX4,-1.274258813,0.333734724,37.57683305,5.39E-05,0.000299893,
MBD1,0.838129156,0.150189048,335.9609474,1.55E-08,1.52E-07,
SMAD4,1.111311315,0.447467189,21.43006305,0.006137276,0.01984405,
ZCCHC2,2.158365314,0.448402675,28.0613705,3.14E-07,2.55E-06,
PMAIP1,1.273325711,0.185747253,271.1342562,3.17E-12,4.36E-11,
MIEN1,-1.055515865,0.296507995,59.15011126,0.000190163,0.000931575,
SAMD1,0.91736879,0.319057248,43.81061074,0.002417439,0.008870156,
BRD4,1.326533417,0.329407533,61.78553368,2.35E-05,0.000140569,
MVB12A,-1.750490017,0.657735905,10.7235886,0.00163661,0.006324622,
IFITM3,-4.994721672,0.27562223,148.7161087,3.55E-74,3.24E-72,
PGGHG,5.211543253,0.329309269,323.7113218,2.10E-56,1.42E-54,
COL6A1,1.642990174,0.574153464,25.1742002,0.001286957,0.005106383,
COL6A2,6.623693097,2.333877402,24.21239601,2.65E-07,2.18E-06,
TMEM50B,-1.281697466,0.503967803,18.8830365,0.0040019,0.013782436,
APP,-1.503699747,0.117590113,309.5319593,6.39E-38,2.93E-36,
EMP3,3.308096989,0.409946691,53.88148392,1.07E-16,2.03E-15,
SAE1,-0.661411927,0.248096424,72.48446665,0.005815521,0.018936807,
CBLC,-0.653094767,0.270038343,72.57444546,0.011753276,0.034334295,
WTIP,2.0124801,0.870483423,7.255955142,0.003943656,0.013615825,
RNPEPL1,1.28371924,0.502443447,17.9100866,0.004094028,0.014047137,
CAPN10,2.153186114,0.478174707,27.51849194,1.51E-06,1.10E-05,
ERVK3-1,0.862021419,0.28801792,53.58464162,0.001778848,0.006801914,
ZNF787,1.198361579,0.371645934,33.81564561,0.000564652,0.002469792,
PSMB6,-1.149097968,0.143565496,217.1949522,5.82E-16,1.06E-14,
ZNF473,1.793058748,0.413744524,32.43449645,3.97E-06,2.71E-05,
RPS11,-1.480538758,0.071469576,1552.05893,8.23E-96,1.04E-93,
RPL13A,-1.785252796,0.084019784,905.4938478,8.77E-101,1.21E-98,
EPHA2,2.236370503,0.136507974,335.7152024,5.24E-61,3.93E-59,
PGD,-1.282676331,0.231568209,72.4302168,1.24E-08,1.23E-07,
SH3BGRL3,-2.233713968,0.083446765,1076.071839,1.40E-158,3.57E-156,
CNKSR1,2.241585338,0.278206179,105.4922874,1.78E-16,3.33E-15,
RPL11,-2.009323506,0.082217167,740.8017664,1.50E-132,3.05E-130,
IL22RA1,-3.398170573,0.571477913,17.80054147,3.55E-10,4.09E-09,
C1orf216,2.136881708,0.412310298,31.1065987,4.70E-08,4.29E-07,
GPN2,0.760656006,0.300936385,48.74146485,0.007986873,0.024829657,
HSPG2,1.023314262,0.47037379,17.38931017,0.014935452,0.041968894,
SERBP1,-1.529856543,0.209183022,96.88715317,8.42E-14,1.33E-12,
BCL10,1.931392468,0.241169209,107.8820577,2.98E-16,5.52E-15,
CCN1,0.569254651,0.17923102,213.2107408,0.001325624,0.005246233,
PIGK,-2.258636934,0.889260788,6.590237019,0.001450844,0.00568797,
RPS8,-2.380283531,0.088597937,692.4797743,9.35E-160,2.43E-157,
KIF2C,-1.573249981,0.829168869,6.625029536,0.013050634,0.037502578,
MOB3C,1.443194177,0.431932307,21.92419237,0.000280954,0.001319213,
CYP4B1,-4.438901649,1.356848063,5.151678738,0.000151244,0.000756222,
SLC44A3,-2.149740043,0.904384112,6.399987595,0.002590171,0.00943123,
IGSF3,-1.99629672,0.370289682,35.10844661,1.40E-08,1.39E-07,
ZNF697,2.078632582,0.537232859,22.46552991,2.43E-05,0.000144607,
FNDC7,2.814217504,2.075068695,15.89278412,0.006145775,0.019862223,
CELSR2,-1.756585177,0.416445235,22.895569,5.99E-06,3.97E-05,
ALDH9A1,-1.334925929,0.354071803,42.35941464,6.00E-05,0.000330651,
CREG1,-3.265607924,0.263577821,90.9330886,3.83E-36,1.69E-34,
DCAF6,0.709715224,0.281869522,51.72162245,0.008617768,0.026474889,
NECTIN4,-1.913753064,0.215123719,114.4889543,1.32E-19,2.93E-18,
UFC1,-1.331222109,0.258819,86.12689956,1.05E-07,9.16E-07,
SDHC,-1.506931907,0.519097794,14.70917792,0.001069304,0.004333741,
PFDN2,0.251824173,0.098202095,676.2582949,0.010075048,0.030094299,
MRPL24,-1.741774229,0.274619722,55.3270666,5.88E-11,7.23E-10,
CRABP2,-2.731650783,0.114921514,480.120153,9.17E-126,1.66E-123,
ABL2,3.213552096,0.196133621,347.1677453,6.90E-61,5.12E-59,
TOR1AIP1,0.688711636,0.29745093,49.69918788,0.01523331,0.042640909,
TUFT1,-1.486962552,0.201269947,122.9868079,5.07E-14,8.14E-13,
CGN,-1.904031781,0.742996777,8.640646775,0.001989105,0.00746726,
ADAMTSL4,-1.517041354,0.427697419,22.3103194,0.000117091,0.000601137,
MCL1,0.838947654,0.072384493,1876.794453,3.33E-31,1.25E-29,
CTSK,-1.027247036,0.371951574,45.07756534,0.002939649,0.010531453,
RFX5,-1.472603286,0.576620334,13.13785805,0.003029861,0.010826536,
PIP5K1A,1.481576904,0.139442692,326.3618197,1.14E-26,3.58E-25,
MINDY1,-2.030101497,0.537242356,17.17401265,2.85E-05,0.000167057,
CERS2,1.652787092,0.234714001,88.42182137,5.63E-13,8.31E-12,
ARNT,0.688274974,0.302293189,48.71047468,0.016831446,0.046223674,
POGZ,1.712701986,0.368278252,71.34094359,1.04E-06,7.76E-06,
DYRK3,2.224366212,0.532360928,24.47876187,6.36E-06,4.20E-05,
TP53BP2,1.222984228,0.261509035,91.33790909,1.35E-06,9.96E-06,
ATP8B2,1.54747516,0.462057437,20.29008698,0.000247016,0.00117505,
FLG2,-2.249162686,0.453414735,23.87157113,1.24E-07,1.07E-06,
ADAM15,-1.573996093,0.217585833,89.89604075,1.44E-13,2.23E-12,
JTB,-0.517395567,0.184761618,152.5342591,0.004320089,0.014753087,
RAB13,-1.394619098,0.250041544,70.33986454,8.91E-09,9.04E-08,
S100A8,-4.909707096,0.144036881,1005.812163,1.04E-255,5.30E-253,
TPM3,0.601826418,0.214653936,80.9890161,0.004059949,0.013947548,
UBAP2L,0.776904381,0.160198825,213.8982223,8.55E-07,6.48E-06,
EFNA3,-2.585888126,0.335357519,47.12560288,1.85E-15,3.28E-14,
C1orf43,-0.486938978,0.163650511,168.3717162,0.002527648,0.00922548,
ILF2,0.38377719,0.116341788,512.3452134,0.000898273,0.00371131,
RIT1,1.16152812,0.207319983,109.5441095,1.03E-08,1.04E-07,
FLG,-1.861645474,0.254099229,75.27229642,5.85E-14,9.37E-13,
LYST,-0.918098388,0.384829408,25.39670276,0.009731223,0.029225436,
ACP1,0.693862781,0.278877398,49.33401305,0.00950011,0.028664473,
DEGS1,-1.009792259,0.158468036,164.8793507,1.04E-10,1.26E-09,
GUK1,-0.43742272,0.164172683,175.5431489,0.006853674,0.021822958,
CDC42BPA,1.74862322,0.497656287,20.18715231,0.000115262,0.000592852,
MBOAT2,-0.977183584,0.24220805,68.6977775,3.10E-05,0.000180614,
PYCR2,1.005663497,0.270793991,56.08420512,0.000114133,0.000588357,
WNT9A,6.979975817,0.708592239,162.3527192,4.62E-22,1.18E-20,
EPHX1,-1.55877318,0.595767812,13.48217023,0.002324444,0.00856995,
PPFIA4,3.453177221,1.224403415,5.622960673,0.000565544,0.002472807,
PLEKHA6,1.960542115,0.848514746,17.91608749,0.005344288,0.017664953,
ARL8A,1.275634369,0.188254806,148.6281111,5.45E-12,7.36E-11,
PDIA6,-2.019515594,0.213126408,131.210328,5.52E-22,1.40E-20,
RHOB,-1.290393131,0.180161644,162.9299066,3.30E-13,4.98E-12,
ATP6V1C2,-2.892542513,0.321008592,60.61880619,2.95E-20,6.72E-19,
RPS27A,-2.100678122,0.107953499,468.0260706,4.67E-85,4.92E-83,
SNRPG,-0.556113935,0.232026115,93.22718027,0.013534191,0.038645114,
ZNF514,1.671528334,0.575702524,13.21206978,0.000957002,0.003923537,
DQX1,-1.810863888,0.831532494,7.147684244,0.00540046,0.017820744,
MALL,-3.151230177,0.758074498,10.01136278,3.60E-06,2.47E-05,
THNSL2,2.050894635,0.535331667,21.59065134,2.81E-05,0.000164745,
RALB,1.123441973,0.154785569,197.7597584,1.98E-13,3.04E-12,
SLC20A1,3.134205171,0.138188635,684.2518919,1.66E-114,2.58E-112,
FAHD2B,-2.391153053,2.175325076,2.074383841,0.014403486,0.040697811,
LYG1,1.793643718,1.134518588,6.912027758,0.01787464,0.04856151,
AMMECR1L,1.123749257,0.227479588,120.4992848,4.08E-07,3.26E-06,
PKP4,-0.93195399,0.376547649,26.2981769,0.007540078,0.023664563,
SCRN3,-1.695131314,0.715416791,9.854464244,0.003716205,0.012921047,
GULP1,1.370169984,0.614987735,13.04683888,0.00868892,0.026669727,
HSPD1,1.012987676,0.098948086,895.2342665,7.39E-25,2.09E-23,
ABCA12,-1.40790804,0.192889074,138.0071571,1.07E-13,1.68E-12,
SUMF1,-2.141370136,0.64903771,11.33990178,0.000156193,0.000780117,
RAB5A,0.864503441,0.158670182,191.9935107,3.26E-08,3.04E-07,
4-Mar,2.388724766,0.994298952,9.530460975,0.003444649,0.012104955,
EAF1,1.01762515,0.196650333,166.0947392,1.33E-07,1.14E-06,
CSRNP1,3.630545341,0.24063296,339.869253,5.27E-52,3.26E-50,
IQSEC1,1.391872072,0.734848734,8.830219055,0.017383965,0.047495292,
RPL32,-2.43389695,0.123115753,368.2876424,9.21E-88,1.01E-85,
UBA3,-0.724305284,0.292420648,42.07087939,0.009363998,0.028357071,
LIMD1,1.60682939,0.6300367,10.73753284,0.002831722,0.010196726,
NFKBIZ,1.897513289,0.297308516,112.7216521,5.25E-11,6.46E-10,
MYH15,2.543628976,2.077162886,10.21250437,0.00976649,0.029293101,
PHLDB2,-1.286264995,0.441916796,20.08190861,0.001363645,0.005381269,
TRPC1,1.477811059,0.722372369,9.820622618,0.011896034,0.034663275,
RUBCN,0.99714497,0.394978391,29.71233052,0.006286818,0.020246927,
TCTA,-1.400831624,0.504752828,15.31328347,0.001766383,0.006763618,
DCAF1,0.742277634,0.297624949,54.07892455,0.008936833,0.027272954,
MANF,-1.43307675,0.16635367,173.1950646,2.41E-18,4.99E-17,
TM4SF19,1.322805175,0.301174169,45.77177002,4.52E-06,3.05E-05,
EIF2B5,0.680866536,0.233568644,156.8808903,0.002719097,0.009853869,
DGKQ,2.456190221,0.379920565,36.45500494,1.83E-11,2.35E-10,
FIP1L1,0.857008817,0.279091961,52.49966069,0.001368405,0.005398509,
SLC26A1,4.501759666,2.220776767,12.68400112,0.000266756,0.00125897,
CENPC,1.150255599,0.531183472,24.00365612,0.013541354,0.038657568,
ATP10D,-2.458975313,0.368046774,33.31880556,3.66E-12,4.99E-11,
OCIAD2,-0.865153494,0.24848721,78.21474795,0.000311709,0.001447095,
SLC10A6,-3.180567562,0.483720241,25.47731847,6.11E-12,8.19E-11,
SCD5,-1.904348215,0.569480934,12.99479455,0.000162367,0.000807738,
SNCA,1.721141724,0.452663079,23.99500172,3.69E-05,0.00021101,
PYURF,-1.135737082,0.247906418,91.72980392,2.20E-06,1.56E-05,
CAMK2D,-1.188628927,0.387766051,24.1202008,0.000934796,0.003838196,
CCNA2,-2.514501424,0.72873937,10.4317011,7.76E-05,0.000415962,
RPS3A,-1.438034777,0.121582214,362.3552057,1.01E-32,3.97E-31,
NDUFS6,-1.545463244,0.281380899,61.31445681,1.22E-08,1.22E-07,
6-Mar,0.952888866,0.251848686,119.1226401,9.35E-05,0.000492723,
SRD5A1,-1.367992074,0.704287879,7.466515104,0.015104184,0.042339577,
MYO10,0.833902172,0.298757848,52.00035131,0.003391883,0.011931681,
RPL37,-1.741286667,0.152847953,183.370568,1.28E-30,4.62E-29,
SKP2,-1.951397947,0.695355055,10.2919336,0.000873237,0.003616646,
PLK2,-1.969957039,0.173727174,194.5440942,1.86E-30,6.65E-29,
LHFPL2,1.177320308,0.388155765,27.97858015,0.001084635,0.004388147,
PAM,-1.217429919,0.306513125,38.88810335,3.06E-05,0.000178929,
BDP1,1.425828736,0.285066531,61.79622394,2.14E-07,1.80E-06,
BTF3,-1.086859698,0.115434614,418.0382024,2.46E-21,6.06E-20,
FEM1C,1.158293281,0.245312893,87.99209109,1.42E-06,1.04E-05,
CXCL14,-6.517131325,0.497567363,77.06156622,1.53E-39,7.31E-38,
N4BP3,2.409421878,0.557127462,24.30912992,3.02E-06,2.10E-05,
NHP2,-3.134707563,0.282155463,76.55086642,1.37E-29,4.75E-28,
BOD1,0.822370291,0.22012826,93.54386809,0.000126558,0.000644225,
TENM2,-4.669928455,0.607871688,23.31912244,2.79E-15,4.88E-14,
ZMAT2,-1.335190057,0.222300008,97.53438853,7.40E-10,8.33E-09,
HIGD2A,-1.303398141,0.26395255,150.5833236,3.65E-07,2.94E-06,
FAM193B,1.321409374,0.278833362,75.0047226,9.00E-07,6.80E-06,
PLA2G7,-3.668914585,1.492474661,4.009678093,0.001434534,0.005636835,
TNFRSF21,-2.758738833,0.484808176,22.25238952,1.68E-09,1.83E-08,
RNF44,0.748213561,0.303967886,61.2474772,0.009749029,0.029272542,
PPP1R18,1.904695107,0.149299811,226.8441186,7.55E-38,3.43E-36,
NFKBIE,1.698804746,0.340171581,64.98758218,1.82E-07,1.54E-06,
TPBG,1.415348831,0.262475957,61.7685691,2.59E-08,2.46E-07,
PNRC1,0.498066294,0.194727235,111.2007775,0.00917406,0.027895765,
AIG1,-2.633258234,0.569877323,14.82190318,5.27E-07,4.14E-06,
PNLDC1,2.250612001,1.058687351,17.78150952,0.009347514,0.028317481,
WTAP,0.877398367,0.260839713,85.07537812,0.000494394,0.002193776,
RBAK,1.428049258,0.387351718,29.97723638,7.96E-05,0.000425495,
CREB5,1.59463829,0.556800659,65.37607124,0.001510654,0.005897319,
EGFR,-1.714704454,0.270826302,55.88793985,6.52E-11,7.98E-10,
CDCA5,-2.598041784,0.989757931,6.344807107,0.001163653,0.00467086,
PURB,0.727830802,0.320482073,43.38394654,0.016499986,0.045549071,
MDH2,-2.129597336,0.245898429,89.09907984,8.95E-19,1.90E-17,
ZNF92,2.081661185,0.631335816,17.11212666,0.000206212,0.001000606,
GIGYF1,1.789915688,0.277978848,103.7390785,3.46E-11,4.34E-10,
TLK2,1.783615129,0.394448881,39.30090772,1.71E-06,1.23E-05,
EPHA1,-1.132130315,0.352228747,29.94011412,0.000601278,0.002609319,
NCAPG2,-1.982152002,1.175671611,3.809558087,0.012274473,0.035621449,
SH3KBP1,-2.028315114,0.375502599,31.73090182,1.35E-08,1.34E-07,
KDM6A,0.817149639,0.296020113,70.7170861,0.003865334,0.013375528,
NDUFB11,-1.77577287,0.34852356,45.34500121,8.54E-08,7.55E-07,
TAF1,0.858798644,0.376024064,33.71993388,0.013964867,0.039637014,
EBP,-1.101911656,0.303713177,61.43711954,0.000138794,0.0006998,
OGT,2.577292742,0.124032789,518.6521777,1.78E-96,2.27E-94,
IL2RG,3.126545356,2.860651726,2.525636857,0.00897172,0.027367315,
GCNA,4.063122261,0.520747491,246.1639478,4.47E-15,7.73E-14,
DOCK11,1.926651333,0.953781923,5.988797803,0.008144112,0.025255899,
MFHAS1,1.389830722,0.511486582,15.28188431,0.00224396,0.008293156,
NSDHL,-0.895880355,0.255942667,64.00475614,0.000285118,0.001336944,
ZNF185,-2.706082782,0.211951994,116.7356529,3.54E-38,1.64E-36,
CETN2,-3.33175431,0.422847367,41.27711804,3.56E-16,6.58E-15,
RPL10,-1.856835076,0.13594987,227.1326839,4.36E-43,2.24E-41,
CCDC25,-1.802030977,0.509984686,17.41133453,9.01E-05,0.000477177,
HMBOX1,1.803110311,0.440008705,34.07448397,1.13E-05,7.10E-05,
GNRH1,2.087519192,0.399531315,62.47514748,4.58E-08,4.18E-07,
DOCK5,1.367681533,0.549914069,14.52795889,0.004479671,0.015200262,
TACC1,1.487615792,0.694666752,9.515882938,0.009282728,0.028148022,
GOLGA7,0.441039288,0.186781328,123.9623621,0.016233382,0.045002143,
RPL7,-1.927294527,0.12764341,356.1185447,3.81E-52,2.37E-50,
POLR2K,-1.016799002,0.275692579,74.18899078,0.000121167,0.000619781,
MAL2,-2.090814998,0.176883485,183.6470328,6.10E-33,2.41E-31,
EIF3H,-1.840220589,0.242341119,77.49254306,7.64E-15,1.31E-13,
NDUFB9,-0.978632089,0.321766968,35.75606413,0.001282217,0.005090505,
TATDN1,-1.364124663,0.732320517,6.985382351,0.017915226,0.048609933,
GSDMC,-4.090028567,0.457033188,35.20902498,5.00E-20,1.12E-18,
VLDLR,1.385800133,0.608956577,11.3141142,0.007385488,0.023253419,
UHRF2,1.628883307,0.372575031,42.44530943,3.82E-06,2.61E-05,
CDKN2B,-3.943707453,0.303983971,67.96268399,2.24E-39,1.07E-37,
IFNK,-5.044244658,1.234438232,8.857770323,1.02E-05,6.47E-05,
SIGMAR1,-2.447684719,0.259660679,71.8697317,6.44E-22,1.62E-20,
UGCG,-0.727791998,0.236155417,71.2644492,0.001480349,0.005788839,
STOM,-1.910043352,0.274579952,58.12954466,7.91E-13,1.14E-11,
GSN,-1.553577147,0.288763311,48.339475,2.28E-08,2.17E-07,
NR6A1,2.05712114,1.017564713,8.422927769,0.009233795,0.028024274,
ALAD,-1.848834815,0.775957777,7.168031463,0.003102303,0.011043183,
POLE3,-0.640727463,0.27835942,51.29702524,0.016242009,0.045017018,
MED22,1.110333548,0.388262099,28.78127741,0.002038842,0.007633213,
RPL7A,-2.412261935,0.090883709,806.3291556,5.29E-156,1.24E-153,
MIGA2,1.463608959,0.333286504,47.96976812,4.02E-06,2.74E-05,
PTGES,-3.020930886,0.788266761,12.18218125,1.46E-05,9.02E-05,
GPR107,-1.086831661,0.307505743,40.37315,0.000201718,0.000981214,
INPP5E,2.565047854,0.46594972,27.94429607,6.47E-09,6.66E-08,
NACC2,1.680651854,0.511945248,18.02903873,0.000267408,0.001261188,
COMMD3,-1.334587484,0.462177331,21.77635209,0.001359092,0.00536791,
RSU1,-2.205877366,0.360690228,35.22088206,1.68E-10,1.99E-09,
ZEB1,4.355007394,1.294417643,17.91255103,6.78E-05,0.000368311,
NRBF2,-0.928118754,0.24808297,92.39499576,0.000109245,0.000566334,
CDHR1,-2.418655617,1.243449931,3.474005223,0.005681789,0.018580257,
HERC4,0.82595947,0.289342818,58.06789022,0.002824365,0.01017922,
ADIRF,-1.074767735,0.219130057,137.157967,4.82E-07,3.81E-06,
GLUD1,0.485397941,0.208428476,95.72685333,0.017341405,0.04740717,
ADD3,-1.05761241,0.500714745,16.08170726,0.01621527,0.044970001,
MKI67,-2.821041251,0.952164212,6.135949415,0.000366185,0.001671633,
GSTO1,-1.929706009,0.237649547,89.88780923,1.04E-16,1.98E-15,
PPRC1,1.190435326,0.2278631,111.9617093,8.44E-08,7.48E-07,
ITPRIP,-2.5450245,0.323955002,43.48772586,6.17E-16,1.12E-14,
BTBD10,0.503769433,0.183104535,117.1675086,0.005124127,0.017030939,
ADM,1.353968202,0.188383622,135.4112431,2.66E-13,4.05E-12,
LIN7C,1.455699851,0.329761094,47.77025937,3.66E-06,2.51E-05,
PGAP2,-1.99617852,0.513796123,17.1159138,1.94E-05,0.000117484,
SYT8,-3.420697266,1.174428491,5.317535655,0.000451934,0.002025558,
DGKZ,1.137621511,0.402647978,28.88618346,0.00222266,0.008227657,
EIF3M,-0.899928255,0.277932754,51.86699089,0.000728452,0.003087421,
SSRP1,-1.192686714,0.276713519,54.92484222,7.30E-06,4.78E-05,
SLC43A1,2.854854437,2.591427329,2.620960024,0.010239425,0.030532427,
CELF1,1.904092152,0.222781125,122.1642693,3.40E-18,6.98E-17,
SESN3,-1.155057082,0.547705023,12.21854483,0.014226646,0.040264092,
ENDOD1,-1.738559842,0.341703012,42.03178254,9.04E-08,7.98E-07,
CCDC82,2.338221064,0.801019473,10.01808325,0.000662286,0.0028419,
SERPINH1,2.556720458,0.172605297,334.0266018,2.86E-50,1.70E-48,
RPS3,-2.654161668,0.131965582,285.6075901,8.90E-91,1.03E-88,
ZC3H12C,2.139760284,0.406975772,33.24314196,3.17E-08,2.96E-07,
MTA2,0.650293467,0.167252512,188.6412453,7.97E-05,0.000425875,
PLCH2,-0.815806659,0.339753184,32.63497848,0.010508109,0.031232373,
CPSF7,0.99790414,0.213309022,131.1520404,1.71E-06,1.23E-05,
EI24,-2.291132994,0.213537517,105.5245506,1.28E-27,4.17E-26,
MPZL2,-4.094979818,0.282646052,82.25948755,1.92E-48,1.11E-46,
TMEM25,1.727949798,0.64300546,16.40458637,0.001901986,0.007204887,
SPATA25,3.531229695,0.935081426,18.79215731,4.36E-05,0.000246875,
LSM14B,0.943958406,0.270555673,69.57149541,0.000286778,0.00134427,
YTHDF1,0.996039352,0.209540431,119.1921119,1.14E-06,8.45E-06,
LTO1,1.383312207,0.399543575,27.64269812,0.000216091,0.001040857,
FERMT3,2.89540724,0.877825004,32.45407439,0.000311755,0.001447095,
PLCB3,0.879037682,0.227133,81.74695672,6.98E-05,0.000377906,
FAU,-1.788849323,0.131582295,310.1154288,1.09E-42,5.51E-41,
TM7SF2,-2.34186664,0.382423495,34.33878151,1.53E-10,1.81E-09,
VPS51,-1.037365547,0.376190039,27.58232357,0.002924269,0.010484519,
PPP4C,0.602241341,0.157124732,239.079834,0.000103437,0.00053906,
TMEM219,-1.145988531,0.396410894,32.81481792,0.001696365,0.00652994,
ITGB1,-0.391533523,0.138640245,207.8248964,0.004326202,0.014770307,
DCUN1D2,1.910088761,0.479505798,25.27512722,1.61E-05,9.91E-05,
TMCO3,1.540967918,0.404864978,27.64610599,4.47E-05,0.000252554,
LATS2,1.697576064,0.348964715,54.79819059,3.53E-07,2.85E-06,
LYPD6B,-2.581568575,0.576426883,15.14296305,1.03E-06,7.70E-06,
PDCD4,-1.742394856,0.224797134,81.96571019,2.40E-15,4.22E-14,
PRSS23,-4.079198373,1.002570776,7.452874415,6.44E-06,4.24E-05,
CCT5,-0.538511549,0.145671506,208.7723997,0.000182436,0.000898507,
DOCK1,0.987645564,0.394669161,26.45331961,0.006699127,0.0214099,
DLAT,-1.029688208,0.475536849,18.25112826,0.01463093,0.041255994,
TIMM8B,-1.426308057,0.309112688,57.23935441,1.35E-06,9.92E-06,
IL18,-1.644537253,0.229554199,84.16574659,2.30E-13,3.51E-12,
CRIM1,-0.816312868,0.288681563,45.37559606,0.003072041,0.010963063,
SEC24D,1.066444445,0.474116667,18.11122227,0.011789463,0.034418149,
UBC,1.435946667,0.062198228,3723.586835,3.95E-118,6.27E-116,
SLC7A11,3.203192213,0.40070036,42.33186576,2.05E-16,3.82E-15,
NOCT,0.85218831,0.260671962,78.99249576,0.000702497,0.00299027,
TMEM86A,-2.772363445,0.34562344,47.61469197,1.63E-16,3.05E-15,
TMEM263,1.812830461,0.512256774,18.83448142,9.61E-05,0.000504363,
BTBD11,-2.395643083,1.066840278,4.7075448,0.003144549,0.011172704,
DLG5,0.915700159,0.271474002,57.56421592,0.000453794,0.002031915,
TWF1,-0.908696031,0.243996605,63.10940154,0.000118475,0.000607564,
MBIP,1.60230796,0.268298314,105.3780481,7.75E-10,8.71E-09,
NDUFC2,-1.152863069,0.276630085,53.78923528,1.43E-05,8.87E-05,
FER,1.953184963,0.285524425,96.28732861,2.14E-12,2.97E-11,
UPF2,-0.689239606,0.277854528,56.29677062,0.009620916,0.028950859,
EPS8,3.545453834,0.949102886,12.06876455,4.85E-05,0.000272082,
THYN1,-1.817879734,0.676089367,10.69674454,0.001405493,0.005532175,
FAM160B1,1.625689506,0.427821913,26.04245266,4.24E-05,0.000240222,
TMEM45B,-2.840475643,0.238285137,89.43530399,1.35E-33,5.44E-32,
WWC2,1.811757737,0.377341476,44.77699052,4.37E-07,3.48E-06,
ACSL1,-2.093784257,0.252281629,67.37555535,2.04E-17,4.05E-16,
SAV1,1.469287448,0.363176025,36.47660129,1.78E-05,0.000108302,
NBAS,-1.196777922,0.490634777,15.68966242,0.005933556,0.01929839,
SACS,2.072816817,0.524652113,24.29459577,1.78E-05,0.000108429,
DST,-2.131439346,0.322597753,40.48781211,7.41E-12,9.84E-11,
BAG3,1.245945205,0.102392789,802.8372324,1.98E-34,8.20E-33,
MZT2B,-1.66462433,0.339686188,51.70198215,2.56E-07,2.11E-06,
FAM168B,0.777314816,0.175398815,150.5687193,6.66E-06,4.38E-05,
HSPB8,-1.089837736,0.165019211,194.9983542,2.07E-11,2.64E-10,
ATP5F1A,-2.378764501,0.270634203,61.10312809,2.49E-19,5.46E-18,
HAUS1,-1.831386826,0.90649841,7.126789219,0.007153335,0.022646484,
PDK1,2.072438177,0.792262944,7.939179491,0.001550389,0.006026864,
UHMK1,1.28350556,0.246815768,88.2082932,1.07E-07,9.32E-07,
HOMER1,1.709299636,0.401429075,41.41419863,5.93E-06,3.94E-05,
XRCC4,1.020727665,0.35716585,47.76029397,0.002289788,0.008451244,
ZNF776,1.72410731,0.34824738,57.79502048,2.26E-07,1.88E-06,
ZNF256,2.270280644,0.430724015,47.71182588,2.85E-08,2.68E-07,
USP12,1.784710863,0.23997895,107.3180586,2.90E-14,4.75E-13,
CCDC50,0.990662252,0.329571925,41.71298299,0.001475292,0.005772337,
TRIM36,2.841374818,1.462412138,6.532937112,0.004909662,0.016464966,
ZFP36L2,-1.632446666,0.20047875,111.3894892,1.12E-16,2.14E-15,
PAN3,0.920641098,0.343318741,45.86776277,0.004381032,0.014931647,
PFKM,-1.413282314,0.424357319,22.11861069,0.0002905,0.001359619,
TMEM123,-1.943866743,0.237424883,95.51506797,5.82E-17,1.12E-15,
GJA1,-3.380371185,0.177369297,195.8120722,6.85E-82,6.95E-80,
ANKRD22,-4.45109247,0.479365186,33.77327546,2.89E-21,7.09E-20,
PANK1,-2.089408032,1.374125687,2.930035874,0.013699087,0.039019071,
PRDM8,2.481957833,1.545715413,4.509309839,0.010067304,0.030077678,
HNRNPDL,1.181256384,0.113909965,824.1943057,1.70E-25,4.96E-24,
MED21,0.751764655,0.282357499,52.18316764,0.005470585,0.018021979,
PLOD2,2.960249661,0.475392972,25.71058571,7.37E-11,8.99E-10,
MR1,-1.3907003,0.513343954,15.89804845,0.002192912,0.008128157,
CENPH,-1.853625921,0.970208761,5.391304603,0.008795,0.026917497,
RASSF3,1.185213773,0.58442508,13.37955909,0.016772728,0.046126674,
HNRNPU,1.140372173,0.196298849,132.2975535,3.16E-09,3.34E-08,
ADGRF4,-3.539778848,0.337970402,52.66684616,1.36E-26,4.24E-25,
FAM49B,0.797522812,0.343796279,35.9976281,0.013521036,0.038623534,
ASAP1,1.65174584,0.311506023,61.02566786,3.61E-08,3.33E-07,
INO80C,0.920556654,0.321628659,45.49288901,0.002521608,0.00920587,
LPCAT1,1.020988883,0.417844173,21.41220626,0.007539302,0.023664563,
NMRAL1,-1.515164837,0.636170665,10.08543605,0.004506618,0.01527292,
ING1,1.691317163,0.494790925,48.97406545,0.000198695,0.000967877,
LURAP1L,-3.684250347,0.737785942,12.21846715,7.15E-08,6.38E-07,
ZDHHC7,0.716058665,0.265281579,55.65690266,0.005095359,0.01695995,
JAZF1,2.600359903,0.589866997,18.35819242,1.78E-06,1.28E-05,
PID1,-1.960482467,0.983916726,4.644702996,0.006757476,0.02155146,
TRIP12,0.527813968,0.158960596,221.6872371,0.000765595,0.003223065,
CEBPG,0.985597087,0.172456323,180.1831697,6.50E-09,6.69E-08,
KCTD15,1.260858288,0.332473862,40.69422044,6.31E-05,0.000345432,
CHD1,1.244997416,0.287184644,68.99920028,6.55E-06,4.31E-05,
DGKE,2.507582441,0.831009241,9.365821309,0.000428313,0.001928459,
ZUP1,1.223662604,0.226800266,140.2225877,3.19E-08,2.98E-07,
IMPACT,-1.367701494,0.567060029,12.90225749,0.005081625,0.016926483,
SDHAF4,-1.392093289,0.649782123,13.05684439,0.009348873,0.028317481,
C16orf74,-2.576669225,0.748320677,9.935436189,7.51E-05,0.000403978,
TBRG1,1.217466249,0.309547594,67.80860278,3.81E-05,0.000217634,
TOMM70,-0.82941165,0.312363359,43.10361512,0.005063208,0.016873283,
CC2D1B,1.191556913,0.373388779,31.53447391,0.000635502,0.0027406,
CERS3,-3.587208018,0.41241727,42.79163624,3.86E-19,8.41E-18,
UCHL1,2.13984649,1.119443134,4.955191456,0.007507849,0.023590237,
TNIK,1.811201307,0.756004673,23.06151163,0.004758217,0.016023279,
NEIL2,1.473580616,0.375674051,46.01234795,3.14E-05,0.000182921,
TRIM11,1.196391419,0.424756961,24.85438563,0.002110585,0.007859168,
ENAH,-1.194565241,0.380992694,26.29940073,0.000731523,0.003098531,
SH3RF1,1.625330409,0.397668658,32.86964587,1.35E-05,8.37E-05,
DIPK1A,-2.006929002,0.49862136,17.58501184,1.08E-05,6.83E-05,
ATP5MC3,-1.385756349,0.258770666,59.82383313,3.12E-08,2.92E-07,
PDLIM3,2.317355087,2.013362414,13.41686722,0.013044387,0.037494802,
BTG3,-0.849978655,0.229930876,98.49246493,0.000139831,0.000704,
MRPL39,-0.764925839,0.230321612,84.16776381,0.000622806,0.002692583,
ATP5PF,-2.184398057,0.212705426,100.2546735,1.82E-25,5.32E-24,
FLCN,2.562381124,0.255131372,241.002058,2.42E-24,6.70E-23,
SKA1,-2.186731221,1.58855838,2.68977457,0.018506809,0.049969469,
APCDD1,-4.306641485,1.185674848,5.969676776,3.38E-05,0.000195167,
USP43,2.120850044,0.718069973,12.82717954,0.000641273,0.002761312,
RAB6B,2.274002235,0.895896851,7.053332064,0.001804919,0.006884433,
ANKRD40,0.786915909,0.353897302,34.82189046,0.017463009,0.04768293,
PROM2,-2.698846639,0.342554945,44.8334209,4.82E-16,8.84E-15,
ATP6V1C1,1.284224,0.239094364,95.50373516,3.43E-08,3.18E-07,
GTF3C6,-1.389051654,0.238851212,82.14654677,2.20E-09,2.36E-08,
ZFYVE27,1.37874397,0.283961996,67.30300024,4.76E-07,3.76E-06,
HSPA13,1.76449389,0.267816232,100.7360634,1.34E-11,1.73E-10,
GRAMD2B,-1.491781865,0.480990735,18.74850074,0.000572126,0.002494579,
RHOC,0.698137622,0.159981875,153.85134,9.73E-06,6.20E-05,
PPM1J,1.760333451,0.470572285,24.20330028,4.80E-05,0.000269681,
DBI,-3.489869469,0.186174957,199.482197,2.42E-79,2.40E-77,
SLC16A1,0.53251442,0.204615368,90.91766576,0.007800151,0.024353414,
OXA1L,-1.365850875,0.327333977,36.30988649,1.10E-05,6.95E-05,
MIER3,1.209306081,0.297570303,61.35249778,2.23E-05,0.000134045,
NUP205,-0.679439672,0.284527755,48.61468883,0.012492864,0.036142878,
ZKSCAN2,1.576432276,0.869733831,6.724555086,0.017200636,0.047106325,
PDIA4,-1.559126678,0.150675758,184.0379999,1.20E-25,3.55E-24,
TMEM237,-1.534225469,0.725277961,7.780673606,0.00860977,0.026456206,
RNF20,-1.9321413,0.512973801,17.25083139,3.29E-05,0.000190788,
RRAGA,-0.575856016,0.19302229,139.3604587,0.002310064,0.008521486,
RASA2,1.664205192,0.397811008,30.59929067,8.31E-06,5.39E-05,
RAET1L,-1.123282974,0.215450644,143.6825748,9.09E-08,8.01E-07,
TMBIM4,-1.771716869,0.621968904,11.59611715,0.000928778,0.003816897,
VBP1,-0.649120721,0.260481363,62.66172922,0.009659116,0.029034155,
RAB39B,2.856652442,2.698117644,3.437846335,0.010653285,0.031589026,
CLIC2,2.271784652,0.396387734,53.33283661,2.16E-09,2.32E-08,
GRIP1,1.928736194,0.56715373,17.84762905,0.0001538,0.000768443,
KIF5A,4.107231286,0.830210887,50.76274575,5.15E-07,4.05E-06,
PSD3,-1.638214439,0.855856281,5.716324856,0.01169594,0.034203005,
MCU,0.975986818,0.206449202,116.5680227,1.34E-06,9.89E-06,
GNAQ,0.988736855,0.297618342,49.27604331,0.000504603,0.002236198,
ADK,-0.955418184,0.310921135,45.35336361,0.00119133,0.004768082,
DRAM2,-1.391360654,0.40561373,24.81594904,0.000206152,0.001000606,
WHAMM,1.015156222,0.414194638,25.6568306,0.00745001,0.02343518,
RWDD2B,-2.489906841,0.747511672,8.554206865,0.000111425,0.000575907,
CCT8,-0.419929544,0.127081789,284.2269341,0.000833086,0.003464913,
TIAM1,-0.983982035,0.418256814,19.9943255,0.009758599,0.029284317,
SCAF4,1.510535956,0.251005263,101.1718898,6.27E-10,7.11E-09,
ATP5MPL,-1.219777921,0.320046533,40.78763315,5.80E-05,0.000320743,
PCDH1,-1.925969421,0.296238658,52.34240204,1.79E-11,2.30E-10,
SH3RF2,-2.664420961,0.546982827,16.50473291,1.48E-07,1.26E-06,
UQCRB,-2.357199497,0.425427605,24.74125151,4.92E-09,5.10E-08,
RPL30,-1.974489229,0.117301703,348.3436814,2.69E-64,2.18E-62,
EEF1A1,-0.652807679,0.083412867,821.3279933,3.89E-15,6.75E-14,
HK1,-1.141018987,0.194170473,99.99763737,2.03E-09,2.19E-08,
TYSND1,-1.660406154,0.514412162,16.91973943,0.000309409,0.001437659,
CD109,-1.257339545,0.372000547,28.09024805,0.000289673,0.001356458,
UBE2L6,-2.114659223,0.633066047,18.43567412,0.000131007,0.000664667,
ZFAND3,0.782064922,0.206160976,114.590305,0.000104116,0.000541983,
SAMD8,1.247523967,0.266783644,77.78009982,1.31E-06,9.64E-06,
RAB11FIP1,-1.590578594,0.39529203,27.30967539,1.64E-05,0.000100191,
AIFM1,-0.817826,0.373012976,29.44737163,0.017849145,0.048526045,
MAPK13,-1.18555109,0.28692408,51.28051996,1.61E-05,9.91E-05,
PRR14,0.784606226,0.294094419,57.94405399,0.005229875,0.017324971,
FBRS,0.749058114,0.170878078,277.1198857,8.57E-06,5.53E-05,
PHKG2,2.469082644,0.333461685,100.9214651,3.13E-14,5.09E-13,
BUB1B,-2.431458242,1.235161018,3.920253681,0.005424073,0.017890106,
EIF4A2,1.060616126,0.107099185,698.0927179,2.22E-23,5.96E-22,
BRPF1,1.402815112,0.339535178,55.15546414,1.40E-05,8.67E-05,
RPUSD3,-1.114674056,0.534274165,12.55142778,0.015752639,0.04388099,
SEC13,-0.67303055,0.279451295,51.05168417,0.011881468,0.034628142,
EXOG,2.172381227,0.751835375,11.37795882,0.000776608,0.003262463,
SMG1,1.51724703,0.271088389,72.38058722,7.69E-09,7.86E-08,
ODR4,0.715032427,0.271279912,75.50467057,0.00614869,0.019866992,
SSBP3,-1.395013855,0.566751081,12.08309683,0.004358058,0.014857014,
DHRS4,-3.367537535,0.830342524,10.71278269,4.91E-06,3.30E-05,
DDX19B,-1.745613831,0.777711674,7.075500459,0.004957279,0.016596423,
DHRS1,-1.310485267,0.296533209,43.6585873,3.87E-06,2.65E-05,
CCNB2,-1.603112433,0.646234191,10.98943048,0.003248728,0.011507303,
MYO1E,-1.034731062,0.302492125,40.0685069,0.00032585,0.001507452,
VPS26C,0.74313383,0.323038237,35.30135493,0.01506758,0.042254137,
DYRK1A,1.43784686,0.5051145,24.36452838,0.001547255,0.006016375,
KCNJ15,-4.120673391,1.717093768,3.204327044,0.000923574,0.00379664,
ETS2,0.371560641,0.151533521,220.334676,0.013099866,0.037615096,
SLC35B2,-1.498663292,0.275396628,82.39196391,1.73E-08,1.69E-07,
MX1,-2.442793857,1.001081963,4.977571077,0.001740792,0.00667489,
TAB3,0.85189991,0.385173796,34.3762637,0.01687537,0.046328596,
BRAF,1.094217058,0.49524685,26.34798223,0.013053,0.037502578,
SPPL3,-1.407346071,0.318070848,42.60827674,3.42E-06,2.36E-05,
BABAM2,-3.129587647,0.735274175,15.13127497,2.18E-06,1.55E-05,
MRPL17,-2.748809474,0.497846001,24.4442296,4.15E-09,4.35E-08,
DUSP2,2.62879699,0.480745258,28.71473653,8.14E-09,8.30E-08,
GRHL3,-3.154306988,0.248108992,98.62643252,6.56E-38,3.00E-36,
PTPDC1,1.297343275,0.601715269,11.01183956,0.011048477,0.032594964,
GALNT14,-2.224722315,1.003461975,5.886845808,0.003360211,0.011844422,
TPRG1L,-1.917892821,0.24228107,72.26298284,5.47E-16,9.98E-15,
PRXL2C,2.495304723,0.629751621,15.43478663,1.28E-05,7.98E-05,
XDH,-1.289665508,0.504379545,19.12944806,0.00388895,0.013442894,
DZIP1L,2.652820923,3.252283024,1.987900667,0.013909205,0.039517874,
ABHD3,1.862543263,0.393617449,33.06062184,5.68E-07,4.44E-06,
TENT5B,-1.687621541,0.147250628,271.0913191,6.08E-31,2.22E-29,
GPRASP2,1.3451614,0.477292192,21.21057668,0.001817785,0.006925853,
RHBDL2,-2.745586733,0.630118388,18.63760299,1.56E-06,1.13E-05,
HIST1H2BD,2.184018365,0.134399356,691.4066124,5.17E-60,3.77E-58,
HIST1H4H,4.188223944,0.272606522,418.6446998,1.58E-53,1.00E-51,
EIF5B,-0.4052035,0.170308287,139.7330298,0.015639663,0.043601485,
CNOT11,-0.730528655,0.27901961,52.89372544,0.00623937,0.020126999,
B4GALT5,1.98975664,0.262013657,87.52094332,7.99E-15,1.36E-13,
GDPD5,3.211057638,2.799661426,2.253516217,0.008093826,0.025122536,
PPP1R15B,1.665033474,0.177377841,225.8270906,2.06E-21,5.11E-20,
COPG2,-2.18420332,0.504331221,19.9101244,2.49E-06,1.75E-05,
GPAT4,1.073009902,0.342141629,36.9488379,0.00086808,0.003599609,
TAGLN2,-0.918385718,0.088448158,553.9598401,1.84E-25,5.37E-24,
ELK4,0.863314172,0.395723344,25.58942353,0.017880317,0.048562956,
RNF166,2.039733839,0.687059214,23.35199582,0.000735706,0.003115294,
PLA2G2F,-3.435752484,0.798769909,9.921487117,2.23E-06,1.58E-05,
SPATA2L,1.704858189,0.605241173,12.86825501,0.001174351,0.004708323,
DEDD,0.765354601,0.236950283,109.3111391,0.000875081,0.003623199,
CDA,-1.627626796,0.225225219,126.3383122,1.43E-13,2.22E-12,
PINK1,-0.683514589,0.274166874,45.94678246,0.009320234,0.028243132,
B4GALT3,0.794690537,0.244707269,108.5477201,0.000737696,0.003121806,
FAM160B2,1.176216103,0.306022781,48.33288153,5.70E-05,0.000315685,
NDUFS2,-0.699196351,0.224790364,75.63055049,0.001370014,0.005403315,
CCAR2,0.724381008,0.225637329,87.88899229,0.000973066,0.003981116,
CDC42SE2,1.075427024,0.387964111,25.36589546,0.002760955,0.009974132,
ALG8,-1.306394851,0.498181656,17.75501913,0.003108791,0.011059891,
FBXW5,0.620654295,0.263420354,61.22704603,0.014512959,0.040973576,
CFAP298,-1.15224808,0.46881465,16.28572736,0.005940469,0.019311772,
PAXBP1,1.953817004,0.298400281,76.35940581,1.54E-11,1.98E-10,
SON,0.940840168,0.138026394,356.9562257,5.82E-12,7.83E-11,
LAD1,-3.05870998,0.149659348,331.9406004,9.46E-94,1.17E-91,
CSRP1,-0.984051659,0.390994858,22.85210031,0.006235592,0.020119517,
ATP5MC1,-1.762022403,0.322817495,46.39032256,1.17E-08,1.17E-07,
UBE2Z,0.646333576,0.165224901,179.153466,7.28E-05,0.000392279,
CIART,1.338197388,0.217220047,268.4200105,3.83E-10,4.40E-09,
CCDC24,1.842478392,0.720290688,12.2008067,0.002362565,0.008694238,
RUNX1,1.380675102,0.663581428,11.40367906,0.012176226,0.03538259,
CBR1,-2.402681379,0.262697846,66.56945471,9.26E-21,2.18E-19,
MORC3,0.956947392,0.24826473,77.68562859,6.90E-05,0.000373463,
PLA2G4D,-2.880257762,0.469683045,25.118512,1.19E-10,1.43E-09,
ADIPOR1,-1.058440721,0.133455283,233.2536466,1.16E-15,2.08E-14,
CYB5R1,-2.306651432,0.230074815,99.39548453,2.03E-24,5.61E-23,
PSMD4,-1.135059711,0.240055569,75.74316785,1.08E-06,8.08E-06,
PSMB4,-0.748160105,0.141355087,215.9521647,8.71E-08,7.69E-07,
BTG2,-1.793824532,0.150192731,182.177311,1.84E-33,7.37E-32,
ALDH4A1,-3.051771053,0.39913185,31.99831678,2.73E-15,4.79E-14,
LCE2B,-1.284258893,0.634136906,17.76288878,0.014398287,0.040691452,
AMFR,0.597843508,0.23264437,75.93034724,0.008201543,0.025376972,
PGLYRP3,-2.735365058,0.427799025,31.90403047,2.18E-11,2.78E-10,
RSPRY1,0.859179154,0.300470135,53.46756198,0.003095009,0.011022224,
CCDC17,1.599741726,0.66375583,29.92198101,0.0050899,0.016945867,
GPBP1L1,1.089366131,0.200870838,126.4746411,3.10E-08,2.91E-07,
TMEM69,-0.994474473,0.275538586,52.91855938,0.00016884,0.000837645,
ACE,3.63583652,3.603846848,2.190731213,0.007935503,0.024697777,
CTBP1,1.142562066,0.33417722,39.02648757,0.000299333,0.001396954,
CARMIL2,4.113096935,2.549288568,3.188495172,0.002104215,0.007839677,
FAM131B,6.0067837,2.511934082,5.362075291,3.06E-05,0.000178803,
RGS12,-1.571523185,0.529443504,14.59077363,0.000813547,0.003393876,
PSKH1,-2.078752336,0.72107767,8.961702616,0.000630892,0.002724125,
ZYX,0.95844673,0.167779827,221.6975284,6.73E-09,6.92E-08,
LYPD5,-1.936832006,0.430225796,34.29019662,1.44E-06,1.06E-05,
CCDC117,2.359067272,0.217166751,209.2903301,4.15E-28,1.37E-26,
ZNF222,1.379092056,0.546454779,21.95087972,0.004092682,0.01404601,
NPR2,4.81406707,0.723354905,81.61368876,3.05E-11,3.85E-10,
CALM3,-1.072241542,0.208883235,92.78732681,1.48E-07,1.26E-06,
DFFA,-0.877188146,0.393743931,22.88512077,0.015238205,0.042645959,
UBE2J2,1.65487626,0.279340368,78.13742765,9.62E-10,1.07E-08,
ABCG1,-2.961302419,0.800069008,8.987593861,2.75E-05,0.000161834,
SLC37A1,2.116495343,1.219303076,4.186605948,0.012281004,0.035627046,
PKNOX1,1.615308736,0.396623878,44.71334876,1.51E-05,9.35E-05,
CBS,2.911018365,2.801083305,2.202664839,0.010675891,0.03162323,
PDXK,0.752637198,0.27007716,61.04269838,0.003774001,0.013102191,
G6PD,-3.178436147,0.4056206,33.59037767,5.88E-16,1.07E-14,
CSTB,-1.861048806,0.134960286,403.2683895,7.00E-44,3.69E-42,
LSS,0.747303005,0.221579625,87.35171098,0.000537147,0.002359206,
VAV2,1.148022521,0.432445827,20.30469094,0.003597901,0.012573064,
MCM3AP,0.935986298,0.283048917,53.9845392,0.000567679,0.002479107,
PCNT,1.13309807,0.435806394,29.14926407,0.004403978,0.015006147,
DIP2A,1.167556839,0.408516344,27.76796313,0.001929872,0.007288514,
GPSM1,3.921248095,0.420420602,81.96914954,3.36E-21,8.17E-20,
ZDHHC12,-2.899361076,0.640111441,15.17322431,6.78E-07,5.22E-06,
PKN3,3.729582503,0.744989221,15.85199205,1.10E-07,9.57E-07,
BRSK1,4.718334164,1.293214101,20.63580133,2.13E-05,0.00012818,
COX6B2,5.437740867,2.227651365,24.9191252,1.29E-05,8.08E-05,
TMEM190,6.42150805,2.475775402,10.89386814,6.22E-06,4.11E-05,
TAOK1,0.932275457,0.223749485,91.11494073,1.88E-05,0.000113956,
DEDD2,2.575781481,0.174940778,371.8377874,8.74E-50,5.16E-48,
MPZL3,-0.806092156,0.229051948,85.12134858,0.000291431,0.001363306,
TLCD1,-1.732929849,0.975575088,6.988117197,0.012463615,0.036073382,
SAFB,1.082708529,0.205351245,157.628123,7.16E-08,6.39E-07,
CHTOP,0.774520454,0.202325139,132.2621385,9.06E-05,0.000479427,
ZBTB7B,-0.474008281,0.164902864,141.3915695,0.003533036,0.012377735,
SHC1,-0.648288669,0.156171516,171.648329,2.58E-05,0.000152563,
IL6R,3.19007732,0.191821913,215.265939,7.71E-63,6.01E-61,
CRTC2,1.149712267,0.23226999,139.0762435,3.64E-07,2.94E-06,
ANO10,-2.81613556,0.553533739,16.46911571,4.79E-08,4.37E-07,
FDPS,-0.934299967,0.156889944,202.028675,1.58E-09,1.72E-08,
LMNA,-0.895923167,0.133646775,238.8905992,1.32E-11,1.71E-10,
CCDC12,0.741649025,0.310417113,52.16611562,0.012695345,0.036605885,
LY6K,3.772345558,0.309711619,251.7401297,1.62E-34,6.75E-33,
IER2,1.339941299,0.131983241,378.5484991,1.36E-24,3.83E-23,
LY6E,-2.492543345,0.339172647,41.35498285,3.02E-14,4.92E-13,
PWWP3A,2.279711247,0.428066425,43.38981724,2.19E-08,2.10E-07,
PPP1R16A,1.320344299,0.444789667,22.9829431,0.001152106,0.004632126,
SQSTM1,2.821596283,0.09667079,1572.520893,4.67E-188,1.61E-185,
MGAT4B,0.966550906,0.234307735,80.49335242,2.18E-05,0.000131282,
RPL8,-2.614608233,0.087828448,910.0022164,1.36E-195,4.81E-193,
MFSD12,1.746534833,0.292392425,60.7320904,6.57E-10,7.42E-09,
DVL3,1.473529527,0.218813485,107.199704,5.72E-12,7.70E-11,
AP2M1,-0.634517412,0.160419568,147.2551861,6.00E-05,0.000330767,
PCYT1A,-1.045571919,0.261646815,53.88719645,3.37E-05,0.00019482,
FBXO27,-1.397501812,0.682027715,8.795694766,0.011478987,0.033668441,
DMKN,-2.943914022,0.121079813,624.4357661,1.44E-131,2.89E-129,
BDH1,-3.331717474,1.081295536,5.490451175,0.000239452,0.001143406,
FDXR,-1.89795278,0.564930706,13.50210993,0.00015781,0.000787621,
SAP30BP,1.015800712,0.265056342,74.98495633,6.82E-05,0.000369527,
SRSF2,0.656996348,0.119241691,474.8034123,2.80E-08,2.64E-07,
KLHL10,5.221311658,2.362781086,7.269589994,9.44E-05,0.000495882,
ITGA5,3.247273868,0.202324282,362.1372467,1.19E-58,8.45E-57,
ZNF385A,-2.022756251,0.196021148,153.3088371,1.21E-25,3.58E-24,
MPP3,3.658102344,0.613290114,26.27684053,6.03E-10,6.85E-09,
EMC10,-1.382256683,0.654963803,8.572531919,0.010390457,0.030929315,
JOSD2,-1.020725029,0.444525337,26.11433866,0.010671314,0.03162323,
SHANK1,2.741131605,1.007774132,8.646521114,0.001295059,0.005134104,
FMNL3,4.344147081,2.365514588,4.903292007,0.000802389,0.00335443,
RACGAP1,-0.84461311,0.352228998,29.73913103,0.0102299,0.030510617,
LARP4,0.972250858,0.242972333,82.69552943,3.70E-05,0.000211744,
LEMD2,1.086333575,0.325842907,42.08455092,0.00043345,0.001947771,
MED11,-1.579735583,0.574721095,16.18233499,0.001524114,0.005938108,
EIF4A1,-0.698598002,0.082458593,628.3998885,1.82E-17,3.62E-16,
RPL26,-2.187531778,0.119122957,435.1364521,4.67E-76,4.42E-74,
SNRNP25,-2.70655329,0.783747825,8.803458553,6.75E-05,0.000366896,
JMJD8,-1.595740804,0.521232408,18.31779415,0.000583036,0.002536535,
HS3ST6,-3.96462523,1.164397801,7.815085284,8.47E-05,0.000450285,
BICDL2,-2.49565992,0.52338231,19.55038983,2.85E-07,2.33E-06,
PAQR4,-1.48887234,0.487949819,15.8885268,0.000676062,0.002892916,
ZNF75A,1.66374774,0.507402131,21.26676806,0.000294286,0.001374333,
UBXN1,-0.587663692,0.201343539,140.3522222,0.002834163,0.010201214,
NXF1,1.370911746,0.176038537,378.9180832,3.01E-15,5.25E-14,
RPL29,-2.553971936,0.129090637,334.7419432,6.21E-88,6.85E-86,
FGF19,6.133330052,2.425500899,9.31900457,8.65E-06,5.58E-05,
PDZK1IP1,-4.3434859,0.94344702,10.49122259,5.12E-07,4.03E-06,
CMPK1,-1.854848282,0.277033147,56.5628196,4.97E-12,6.72E-11,
USP24,0.743681718,0.268538136,57.09496629,0.004021129,0.01384175,
KLHL21,2.23468818,0.186779075,185.4898818,1.13E-33,4.58E-32,
PDPN,-3.849498051,0.95872325,8.610936438,7.03E-06,4.62E-05,
SDC3,1.015089319,0.377546584,30.42663147,0.003814541,0.013226297,
PEF1,-1.073728374,0.203954694,101.8322649,7.28E-08,6.49E-07,
SYNC,1.575655704,0.708596769,9.195295788,0.006548489,0.02099655,
CAMK2N1,1.300263714,0.332254801,49.30376186,3.75E-05,0.000214536,
SCNN1D,4.866518205,1.022051363,22.54460351,1.54E-06,1.12E-05,
OMA1,-3.238630775,1.156605974,6.296189476,0.000452513,0.002027493,
MYSM1,1.217347232,0.328944996,60.50335633,9.93E-05,0.000519451,
FUBP1,1.498486011,0.152788421,296.9785652,3.92E-23,1.04E-21,
DNAJB4,2.335507358,0.250383224,143.2318029,2.42E-21,6.00E-20,
NTNG1,4.650477336,2.465618355,3.949890787,0.000654153,0.002809619,
GBP2,-1.961905339,1.091959002,8.247004844,0.013822802,0.039306546,
SLC30A7,1.617231858,0.436612705,39.08643929,6.62E-05,0.000360641,
ZNF281,1.948691503,0.289783154,70.2597149,4.46E-12,6.05E-11,
IGSF8,-1.021383171,0.36130157,33.87981412,0.002407374,0.008835574,
DDR2,2.293321752,1.081150002,14.29513869,0.008887955,0.027136288,
PEA15,1.319103543,0.084039245,1112.667676,6.85E-56,4.59E-54,
PEX19,-0.80767185,0.301167749,43.01606369,0.004842206,0.016274341,
C1orf74,-1.054294879,0.39250872,23.97737549,0.003568172,0.012491318,
FLVCR1,1.89925569,0.796879098,8.40461879,0.003464949,0.012170094,
ATF3,3.475018153,0.236730935,560.9602073,3.18E-49,1.85E-47,
RBM15,1.998739316,0.318214611,103.3945434,9.22E-11,1.12E-09,
IER5,0.958165365,0.10957173,707.2236403,1.21E-18,2.56E-17,
BPNT1,-1.242847685,0.406157584,23.14276436,0.000881141,0.003645006,
TFB2M,1.155658393,0.331987355,43.4256394,0.000234659,0.001121681,
MAPKAPK2,0.667087849,0.186379967,142.2454974,0.000261559,0.001236983,
MRPL55,-1.114466472,0.497759645,18.15941037,0.010932952,0.032293393,
WDR26,0.901577672,0.18435553,159.5749781,6.35E-07,4.93E-06,
REL,1.698644485,0.485420495,34.66027848,0.00014098,0.000709012,
TRIM17,2.484358518,0.739721046,13.76472481,0.000146742,0.000735574,
DPY30,-1.264016712,0.377539673,28.25393816,0.000321838,0.001489891,
ARL5A,-2.248540593,0.39244074,28.04361259,1.76E-09,1.91E-08,
LRATD1,-3.288757524,0.54643157,18.66714377,2.30E-10,2.69E-09,
WDCP,1.89208806,0.348734689,61.95698724,1.57E-08,1.54E-07,
VSNL1,-6.135648743,1.569886905,8.002149207,3.60E-06,2.47E-05,
SPATA18,-2.607111824,0.948102771,6.230823707,0.000769191,0.003236231,
SGPP2,-1.595208636,0.357655909,34.93957395,2.33E-06,1.65E-05,
MSX1,3.953250249,2.137644134,18.11280428,0.000702265,0.00299027,
BNIPL,-2.64933895,0.259488204,72.50206467,2.78E-25,8.06E-24,
BOLA3,-1.239335234,0.501750857,14.94218708,0.005159164,0.017139253,
CDC42EP3,1.135231707,0.411345845,28.10310688,0.002727406,0.00987102,
S100A11,-2.578209991,0.05763549,3877.396309,0,0,
LCE3D,0.826946138,0.144095358,772.2259971,6.44E-09,6.63E-08,
IVL,-4.317810043,0.125897906,1245.179847,9.29E-259,4.93E-256,
SPRR3,-2.395550882,0.355659295,69.82637973,2.54E-12,3.50E-11,
DHX57,-1.199766567,0.583117616,10.63580889,0.01500708,0.042110147,
SPRR2D,-2.390796129,0.167593109,328.0306033,5.99E-47,3.36E-45,
PGLYRP4,-3.465453307,0.632151474,18.9886332,4.88E-09,5.07E-08,
S100A9,-3.826641671,0.117735686,2354.047322,8.41E-233,3.63E-230,
TGFA,-0.850776279,0.290973145,43.18291029,0.002179636,0.008085745,
CCNYL1,1.96220426,0.320205735,48.57497113,2.17E-10,2.54E-09,
ANTXR2,1.703921786,0.572505916,16.85370289,0.000762677,0.003214704,
CGGBP1,1.193877623,0.246119493,98.20564895,5.99E-07,4.66E-06,
GPR155,-2.69242839,1.695670131,2.538305228,0.009475209,0.02861223,
DAPL1,-9.967516891,2.994261389,19.41316873,4.03E-12,5.47E-11,
PMVK,-1.421680876,0.250296094,79.88602429,4.74E-09,4.93E-08,
PBXIP1,-1.486694408,0.588208505,11.75997069,0.003223657,0.01142143,
CLDN1,-3.380637344,0.145805552,288.0721229,7.43E-120,1.21E-117,
YY1AP1,1.261899943,0.198689253,246.3502618,1.00E-10,1.21E-09,
KBTBD8,1.478267176,0.479636896,32.42236443,0.000688573,0.00294098,
NAXE,-1.81632358,0.308979885,46.81303452,9.76E-10,1.08E-08,
IGFN1,10.86865985,2.594097373,155.5886041,1.62E-17,3.24E-16,
ATP1A1,-0.886062325,0.139236453,223.330425,1.25E-10,1.50E-09,
IGFBP7,-3.629872999,0.423397186,46.47317046,1.08E-18,2.29E-17,
ARPC2,-1.335165167,0.127572823,248.655417,4.95E-26,1.49E-24,
CCT3,-0.51460167,0.100258188,465.0880589,2.44E-07,2.02E-06,
TMEM79,-3.139025662,0.237624538,128.9550484,9.32E-41,4.59E-39,
SSR2,-0.871099307,0.349941458,31.91460605,0.007755424,0.024246682,
CRYBA2,3.50675583,2.142845291,16.44274582,0.001971389,0.007414875,
CIP2A,1.574293736,0.439283955,52.01787583,0.000116012,0.000596264,
CWC22,1.186934266,0.228528372,109.6485682,1.17E-07,1.01E-06,
ANKZF1,0.834276732,0.381603532,25.01738456,0.018224477,0.049342314,
STT3B,-1.33822737,0.225731676,82.05697845,1.22E-09,1.34E-08,
NUAK2,-2.013859351,0.533990984,17.59392163,3.10E-05,0.000180918,
PRKCI,0.968068403,0.197906237,118.3857051,5.98E-07,4.66E-06,
IFI16,-0.46589934,0.202299475,107.8546443,0.018473319,0.049903334,
EIF5A2,1.917835879,0.651906153,11.80879278,0.000692703,0.002956633,
RPL22L1,-0.89438175,0.238234002,71.25371378,0.000106796,0.000555098,
RYBP,1.950569821,0.294735296,81.5684049,9.80E-12,1.29E-10,
PPP4R2,1.071923093,0.257460054,80.55328359,1.66E-05,0.000101588,
NEPRO,0.960893891,0.348078247,43.84373965,0.00330747,0.011685376,
CDS1,-1.168154206,0.306986026,40.60663322,6.40E-05,0.000349912,
PTPN13,-1.971529776,0.314659111,43.61792253,7.98E-11,9.71E-10,
THOC7,-0.979992125,0.244147856,71.95258019,3.38E-05,0.000194932,
ATXN7,1.205168273,0.343728655,36.87882393,0.000204649,0.000994071,
TIPARP,0.763661005,0.192284001,128.8977263,4.98E-05,0.000278802,
CCNL1,1.584690254,0.169850358,367.6523573,4.04E-21,9.72E-20,
RPL9,-1.291621439,0.155034868,172.7523767,3.36E-17,6.60E-16,
SMIM14,-2.358759766,0.872708717,6.433171734,0.000890296,0.003680671,
DNASE1L3,-6.346069903,2.890931991,3.612690093,0.000101817,0.000531222,
CXCL3,5.067478583,1.239115678,54.66557711,3.38E-06,2.34E-05,
CXCL1,3.538605187,0.502808886,94.31345168,7.25E-13,1.06E-11,
RCHY1,2.120367592,0.430269575,38.27409337,2.00E-07,1.68E-06,
KIAA1143,-1.443179706,0.67758988,8.832041205,0.009236732,0.028027024,
SLC6A20,1.727149436,0.957595695,8.020435928,0.01615467,0.044837982,
ZNF148,0.894348255,0.377630802,31.9089932,0.010729151,0.03175258,
ZC3H12A,2.108113206,0.190716661,208.2068156,4.86E-29,1.67E-27,
SNIP1,1.257579098,0.322846748,67.7067877,4.41E-05,0.0002493,
POLR2H,0.947639447,0.261285638,62.36101307,0.000170665,0.000845363,
LIPH,-2.614288748,0.967983505,6.552998095,0.000764246,0.003219352,
RPN1,-0.511422851,0.158828417,155.7166707,0.001093754,0.004419854,
TKT,-1.202476848,0.267119701,56.42256441,2.98E-06,2.08E-05,
PRKCD,1.14535971,0.212574153,116.0918927,3.56E-08,3.30E-07,
SFMBT1,2.863693355,0.592022939,22.34323032,2.60E-07,2.14E-06,
UVSSA,1.693563974,0.613805846,13.95207249,0.001515132,0.005909784,
SLBP,0.87810556,0.207516809,125.196118,1.58E-05,9.69E-05,
UBXN7,1.113513969,0.230152415,127.1852537,6.88E-07,5.29E-06,
PIGX,-1.425592019,0.688239642,8.753718632,0.010587783,0.031421809,
MELTF,3.205877529,0.803540993,13.81019712,1.31E-05,8.14E-05,
S100P,-0.932842208,0.416145315,66.08851364,0.013924338,0.039538242,
AIMP1,0.910230649,0.272068906,68.71251795,0.000507301,0.002245992,
SGMS2,1.94569135,0.273192807,83.98959188,2.69E-13,4.08E-12,
METAP1,-0.717411579,0.272452823,54.25205184,0.006052129,0.019610091,
PGRMC2,-0.777822618,0.331077587,32.62718977,0.012552955,0.036298076,
CCDC51,-1.219029487,0.49051693,19.16727361,0.005034518,0.016809706,
SHISA5,-0.700858485,0.304267569,39.93108919,0.015178394,0.042504432,
APEH,-1.667494735,0.313225589,40.66114778,2.78E-08,2.62E-07,
RAD54L2,2.165256389,0.411967715,50.79162766,3.56E-08,3.30E-07,
DUSP7,-0.543298816,0.180945341,115.371496,0.002229467,0.008241802,
PPM1M,1.819841324,1.065222313,4.345308058,0.014874956,0.041832972,
C4orf3,-1.359208132,0.157649365,181.0115611,2.56E-18,5.31E-17,
SAP30,1.566837245,0.548466246,17.24189872,0.001211609,0.004845033,
ANXA5,1.064652285,0.120514404,391.1192617,5.46E-19,1.18E-17,
ABCE1,0.701005393,0.193253742,123.6231195,0.000214396,0.0010345,
OTUD4,1.049114069,0.294598631,53.67948198,0.000197281,0.000961669,
ELOVL7,-0.842136417,0.32762555,39.59471101,0.006387501,0.020532848,
NDUFAF2,-1.725432067,0.301040694,58.03633475,2.57E-09,2.75E-08,
NIPBL,1.109741997,0.243108117,101.5835194,2.62E-06,1.84E-05,
STARD4,0.635300527,0.268420944,54.15226544,0.013906477,0.039517874,
F2RL1,-1.41790992,0.259347862,80.32075412,1.61E-08,1.58E-07,
NDUFS4,-1.278841624,0.231917727,84.59163444,1.45E-08,1.43E-07,
GRPEL2,0.958447608,0.335348348,38.98853583,0.002427986,0.008901757,
SERINC5,-1.032703878,0.41740083,20.26877499,0.006625491,0.021208947,
CASP3,1.05470245,0.237077782,75.85240097,4.63E-06,3.12E-05,
CMYA5,3.353603112,0.691347853,41.69649496,4.55E-07,3.62E-06,
UBLCP1,-0.631963909,0.277528918,47.32180242,0.017437614,0.047632436,
NSA2,-1.367465959,0.347953127,33.87279165,3.08E-05,0.000179878,
ADGRF2,-4.420363453,2.871188891,2.271740875,0.002480925,0.009078961,
SEPTIN8,-0.656448222,0.289088235,40.8421856,0.017311116,0.047352507,
GDF9,5.630862938,2.190663377,63.11644983,3.98E-06,2.71E-05,
UQCRQ,-3.200401673,0.281930616,74.22982637,8.87E-31,3.22E-29,
SLC35A1,-1.496112185,0.377809234,32.87311463,2.34E-05,0.000140213,
CGAS,4.043877593,0.650635677,25.62200726,1.35E-10,1.62E-09,
CITED2,-1.957983703,0.314007291,55.49914248,9.73E-11,1.18E-09,
CREBRF,1.573303097,0.490509355,44.62864988,0.000458304,0.002046793,
TMEM200A,1.210718609,0.495346321,22.52628652,0.00610941,0.019765748,
RAET1E,-4.797827987,0.46606484,43.60005314,1.16E-25,3.45E-24,
DAGLB,0.942072341,0.332731529,45.84692119,0.002723018,0.009864863,
KIAA0895,1.853774038,0.446257768,32.80077364,8.73E-06,5.62E-05,
TRA2A,0.976698228,0.195734661,204.2293007,3.56E-07,2.87E-06,
RPS14,-1.938739596,0.148108059,193.2879301,8.44E-40,4.06E-38,
SLU7,0.798049958,0.202128969,154.7849939,5.54E-05,0.000307598,
PTTG1,-2.342461132,0.338955479,45.24233554,8.14E-13,1.17E-11,
STEAP1,-1.794151617,0.861282353,7.019533998,0.00650416,0.020864113,
MIOS,-1.025466198,0.457641392,17.74557174,0.012323885,0.035715705,
FABP5,-5.546555916,0.224076163,262.3264628,6.16E-136,1.29E-133,
BRI3,0.870580293,0.324520495,39.27582692,0.004541187,0.015374972,
CTSB,-0.383440434,0.150875547,167.0974725,0.010003092,0.029937686,
RAD21,0.61633594,0.183784915,134.6612924,0.000641064,0.002761312,
MED30,1.714866217,0.358338858,40.00495974,4.73E-07,3.75E-06,
PHKG1,4.180668613,2.138940994,19.84401684,0.000394244,0.001788482,
KCNV1,3.75950219,2.488647891,3.204840527,0.003076578,0.010970742,
DNAAF5,-1.290488311,0.653465314,8.615102856,0.016022274,0.044506318,
OSGIN2,1.380165874,0.388343892,28.31840361,0.000139011,0.000700639,
DEFB1,-3.094772027,0.245662063,343.4850889,2.41E-37,1.07E-35,
SUN1,0.801265996,0.268025052,64.11610589,0.001903024,0.007206844,
GPR146,2.449648712,2.789016022,3.174839384,0.015573473,0.043466531,
GPER1,4.842935006,2.338271172,8.440978985,0.000227697,0.001091425,
TMEM184A,-1.916350663,0.310543748,48.31703526,1.52E-10,1.80E-09,
SLC4A2,1.088043828,0.355842673,33.41724317,0.001105534,0.00446223,
ALDH7A1,-3.481961889,1.207220113,4.43023185,0.000457879,0.002045788,
COX6C,-1.792613916,0.275711359,72.92672856,1.94E-11,2.48E-10,
YWHAZ,-0.69072256,0.107376049,403.0434744,9.52E-11,1.15E-09,
GEM,5.490982053,0.652531583,117.4039756,6.32E-17,1.21E-15,
PDP1,1.338914599,0.32810578,42.27895706,1.76E-05,0.000107279,
FAM219A,1.302215035,0.283989138,52.24217749,1.87E-06,1.34E-05,
NUDT2,-1.860044212,0.437730699,30.45390741,4.61E-06,3.11E-05,
NFIL3,1.803271296,0.180883552,185.794408,5.75E-24,1.57E-22,
KDM1B,-1.242859111,0.378521389,25.90819069,0.000415721,0.001877272,
GKAP1,4.4975426,1.334784179,11.80319212,6.06E-05,0.000333702,
C9orf64,2.112964171,0.471508241,24.8374203,1.47E-06,1.07E-05,
CARD19,1.676257802,0.445670527,25.35075909,4.65E-05,0.000262343,
ATP7A,-1.63051509,0.870491591,5.603541962,0.012376625,0.035836638,
NDUFB6,-1.763658777,0.392851975,31.02253196,1.71E-06,1.23E-05,
AQP3,-1.796641483,0.103926878,525.5191767,1.44E-67,1.23E-65,
STOML2,-0.935025195,0.170678413,140.6873317,2.58E-08,2.45E-07,
MELK,-1.59851917,0.563468277,14.5087812,0.001162377,0.004668454,
SPTSSA,-0.787554562,0.294770636,44.04296593,0.005038451,0.016815144,
CFL2,1.217922611,0.54813841,13.54459568,0.010353795,0.030833484,
GTF2A1,0.847696831,0.380772699,26.8914563,0.016252458,0.045027889,
INPPL1,2.999201728,0.276568142,104.5038736,4.10E-28,1.36E-26,
GJB2,-4.117373175,0.1733019,287.4410386,9.70E-126,1.74E-123,
SKA3,-4.726603201,2.892750547,2.896791601,0.001764376,0.006757812,
PCF11,1.285713152,0.233296086,149.1808939,1.68E-08,1.65E-07,
RPL36AL,-0.282002308,0.105149099,581.6829555,0.006945532,0.022095052,
ZNF22,1.363930587,0.486004988,20.07395031,0.001836339,0.006986897,
KLHDC2,-1.429540004,0.627229191,10.226126,0.006589982,0.021114871,
EML5,1.942633747,1.15127058,4.480885752,0.016159502,0.044842375,
ARF6,-0.987391072,0.179848462,127.2091693,2.29E-08,2.18E-07,
NUDT5,-1.960053668,0.379981774,27.79160465,5.21E-08,4.73E-07,
BEND7,2.230388632,0.837514715,11.06333146,0.001584259,0.00614123,
ATP5F1C,-1.933645497,0.211281504,98.23255922,1.25E-20,2.93E-19,
PRDX3,-0.899955713,0.325069203,40.23118395,0.003336107,0.011768474,
GHITM,-0.490532333,0.129250719,236.7683147,0.000127842,0.000650044,
SNAPC4,2.016853011,0.434033136,33.24540898,7.95E-07,6.06E-06,
SPACA9,-1.931073801,1.141810456,3.854540234,0.012337217,0.035745035,
TSC1,0.96305031,0.385365312,40.31987478,0.007101544,0.022508339,
DDX21,-0.847854021,0.147547026,215.4258999,6.00E-09,6.20E-08,
PIP4P1,1.389023239,0.226701311,112.6386862,3.61E-10,4.15E-09,
SLC39A2,-4.951946313,0.717173317,19.83738343,9.67E-13,1.38E-11,
NDRG2,-2.021809126,0.394091991,32.72234808,5.95E-08,5.36E-07,
RNASE7,1.837335354,0.13983522,580.4857253,5.68E-40,2.75E-38,
ZNF219,1.10934772,0.320797763,50.23108028,0.000269346,0.001269025,
ZFYVE1,0.817538829,0.259543548,86.12683487,0.001101479,0.004448467,
UBTD1,-1.168329789,0.410563975,24.98560398,0.001914629,0.007248802,
SLC39A13,2.382503755,0.280179239,71.48715318,3.58E-18,7.33E-17,
PSMC3,-1.067196995,0.193693601,126.3647924,1.90E-08,1.84E-07,
MOAP1,1.082698338,0.273759626,63.45632021,3.93E-05,0.000223746,
IFI27,-4.552826481,0.294718461,91.11755158,1.08E-54,7.13E-53,
SERPINA12,-2.687359887,0.611473941,18.04799564,1.65E-06,1.19E-05,
TAF1D,1.634880565,0.184990482,217.6825865,3.29E-19,7.18E-18,
R3HCC1L,1.403194459,0.319831249,48.72893097,4.28E-06,2.90E-05,
AMOTL1,-1.371075572,0.251528567,60.20061707,1.88E-08,1.82E-07,
HTRA1,-3.475755604,0.368972451,42.36091664,5.85E-22,1.48E-20,
SPRED1,2.302133929,0.583556113,21.05839578,1.71E-05,0.000104281,
GPR176,2.786868112,1.058857837,16.6080662,0.002512092,0.009178415,
RAB8B,1.303759121,0.284593534,105.6811759,1.90E-06,1.36E-05,
NDUFB8,-0.82868817,0.175623886,151.2673861,1.61E-06,1.16E-05,
CKB,-1.620763286,0.415968385,30.95537104,2.78E-05,0.000163145,
DPCD,-3.1201988,0.639968827,16.74652474,1.17E-07,1.02E-06,
LARP6,2.277127071,0.528700664,21.94151027,3.42E-06,2.36E-05,
ZNF319,1.57132456,0.572545236,14.88289547,0.001670386,0.006438919,
NOLC1,-1.3825692,0.205359311,104.9287004,6.29E-12,8.42E-11,
FRS2,0.741260282,0.317063395,52.62835836,0.013707846,0.039035963,
CCT2,-0.951809164,0.14008427,240.1321649,6.53E-12,8.74E-11,
SCN3B,3.188702639,2.382660504,4.194131013,0.005690275,0.018603599,
WBP1L,-1.015523143,0.373113669,25.73928271,0.00336148,0.011845869,
ANAPC16,-1.101533823,0.402990774,26.04429268,0.002908372,0.010432943,
APBB1,2.831698295,0.510835193,32.03075651,6.25E-09,6.45E-08,
TRIM44,1.433176972,0.339125209,42.29423456,8.74E-06,5.62E-05,
TPP1,0.687878484,0.181683,231.846768,0.00011645,0.000598292,
CYB5A,-3.941467526,0.735635379,12.6951823,9.86E-09,9.96E-08,
USP54,-2.771572613,0.97380971,6.24006469,0.00058351,0.002537802,
PPFIBP2,-3.294025124,0.756082032,10.20811164,1.60E-06,1.16E-05,
CYB5R2,-1.448103992,0.559431189,13.05639608,0.002876791,0.010338467,
SERPINB7,-3.712091705,0.176484991,348.252657,3.44E-99,4.57E-97,
RNF169,2.16792458,0.363783297,45.50964998,5.35E-10,6.09E-09,
RPL27A,-1.866753087,0.14505779,202.4448801,1.59E-38,7.43E-37,
CDYL2,3.113492212,0.647224553,19.93814548,3.02E-07,2.46E-06,
LEO1,-1.100472245,0.269769411,55.75322715,2.23E-05,0.000134074,
ZNF143,1.079413148,0.275056318,66.16424136,4.22E-05,0.000239537,
WEE1,-1.286557803,0.492894774,17.51129339,0.003349241,0.011811789,
MCM7,-1.091952331,0.330006936,59.42407523,0.000466957,0.002080857,
RIMKLB,1.516624107,0.343524377,60.17803389,3.60E-06,2.47E-05,
A2ML1,-3.653700659,0.18215904,240.7079209,2.05E-90,2.33E-88,
TMED3,-1.625204299,0.603663413,10.84456342,0.001724682,0.006620476,
SEC11C,-1.34004718,0.443680535,22.13701695,0.00090109,0.003718612,
CDH16,-1.578872307,0.8675093,5.745051188,0.014778981,0.041596969,
RRAD,2.195649368,0.1478149,837.93507,1.83E-50,1.09E-48,
CIAO2B,-0.606986474,0.148875495,236.573029,3.69E-05,0.00021101,
HSP90B1,-1.080957784,0.079642884,888.8167193,3.55E-42,1.79E-40,
BEX3,-3.914359683,0.203902879,160.0695616,4.41E-83,4.54E-81,
B2M,-2.436091153,0.147020688,371.3396496,2.14E-62,1.64E-60,
ZNF592,0.83304033,0.34209537,41.70581724,0.009645166,0.029017503,
AP1G1,0.726757824,0.206417586,135.1306138,0.000311074,0.001444908,
YPEL4,4.067416081,2.251610196,7.432634178,0.000899483,0.003714205,
PPIB,-1.591252766,0.12477284,300.9230438,9.18E-38,4.15E-36,
KIF7,3.679069839,1.035245711,8.466963223,7.12E-05,0.000385067,
SCNN1G,-2.232669958,1.469504986,3.842016477,0.016354546,0.045219944,
RBPMS2,2.697399634,2.941817308,2.507155325,0.013150382,0.037728746,
NAV2,-2.821198596,1.163693678,4.659614363,0.001680098,0.00647274,
TERF2IP,0.587298493,0.211331028,102.862806,0.004437029,0.015103847,
CHP2,-3.385242341,0.837174102,11.16674732,4.87E-06,3.28E-05,
NAB2,0.845406042,0.208826106,96.94075351,3.42E-05,0.00019703,
PATL1,1.20926201,0.206707667,129.2292206,2.33E-09,2.50E-08,
STX3,1.024627347,0.191495297,159.2044051,4.08E-08,3.75E-07,
YWHAB,-0.621769018,0.190713116,112.0460813,0.000878523,0.003636358,
MAPRE2,-2.502461765,0.624214698,12.42977505,8.62E-06,5.56E-05,
MARS,0.830317552,0.189075635,154.2034108,7.64E-06,4.98E-05,
MBD6,1.328016451,0.299839015,58.70281508,3.91E-06,2.67E-05,
PDIA3,-1.855031619,0.160516839,194.066077,1.65E-31,6.27E-30,
PHB,-0.651228835,0.195174017,105.0033391,0.000653032,0.002805765,
ACSF2,-1.629021218,0.712145347,8.060437609,0.00500043,0.016724656,
CERCAM,-1.474233082,0.619307097,11.37713534,0.004848981,0.016293142,
C15orf39,0.961842119,0.443563663,22.07790744,0.016249897,0.045027889,
SP2,1.073301611,0.326054605,62.71168157,0.000524812,0.002312389,
CRK,0.599240458,0.175683219,133.5598768,0.000529637,0.002329929,
ZNF91,1.272841761,0.474174495,20.87515468,0.002896365,0.010395274,
CDK12,0.911002201,0.263269583,72.17499938,0.000332484,0.001533515,
POP5,-2.631017934,0.606281924,18.75109919,1.77E-06,1.27E-05,
ENGASE,2.201549967,0.343690681,105.8794334,4.11E-11,5.12E-10,
ATP5MG,-1.615239305,0.230924303,75.78416163,7.84E-13,1.14E-11,
TEPSIN,1.053818746,0.379989887,43.86937863,0.002904041,0.010420117,
STIM1,-1.060706419,0.452667055,18.47667908,0.009045189,0.027560965,
RRM1,-1.645984704,0.313823931,44.75043552,4.34E-08,3.98E-07,
IRGQ,1.026806247,0.404621637,41.00249776,0.005958182,0.019355674,
TPM4,-1.571442651,0.190515994,108.1380061,5.00E-17,9.69E-16,
GPX4,-0.55778422,0.178211363,116.3995773,0.001442991,0.005663618,
MIDN,0.883512269,0.208283471,107.0074247,1.42E-05,8.81E-05,
CDT1,-2.35889532,1.956350322,2.255131551,0.01477203,0.041585887,
TRAPPC2L,-2.060923457,0.64075443,12.71223203,0.000221046,0.0010625,
ANKRD11,0.92681603,0.345946735,36.6844527,0.00435298,0.01484704,
RSKR,1.342693349,0.709733946,10.12121814,0.01842817,0.049805866,
RPL13,-2.102377307,0.158236657,198.6029406,5.08E-41,2.53E-39,
ZNF641,2.417163047,0.742567796,13.02077735,0.000214139,0.001033981,
TP53I13,1.919882145,0.469140517,20.73404446,9.80E-06,6.25E-05,
KMT2D,1.2039431,0.297471979,66.2300771,2.39E-05,0.000142386,
TUBA1A,0.788267733,0.217329689,92.77801812,0.000200327,0.000974792,
TUBA1C,0.520278048,0.095681547,471.8623928,4.65E-08,4.24E-07,
ZNF528,1.606482008,0.566583381,15.09923686,0.001293519,0.005129471,
SERTAD3,2.255749647,0.244582593,111.7565264,6.23E-21,1.48E-19,
NCKAP5L,2.090540874,0.621409659,21.46500318,0.000184372,0.000906424,
GPD1,3.655483548,2.155420996,12.81346272,0.001506311,0.005882028,
PROSER3,1.066843494,0.513953696,24.70688764,0.018232621,0.049342807,
AXL,2.457326353,0.498388671,39.30827916,1.85E-07,1.56E-06,
NFKBID,3.352867436,0.548333605,30.90365298,1.78E-10,2.10E-09,
LENG8,2.722336182,0.135484161,626.6397418,1.60E-90,1.84E-88,
CDC42EP5,-2.624476811,0.891124775,10.84737095,0.000349402,0.001604041,
ZNF146,0.505418349,0.20983249,97.7898028,0.013740297,0.039120301,
SPINT2,-0.60631922,0.144807104,216.2444175,2.28E-05,0.000136478,
C19orf33,-2.37169724,0.200650374,377.2488712,4.80E-33,1.91E-31,
LY6D,-6.004129361,0.220006118,396.0057639,9.46E-165,2.84E-162,
EEF2,-1.450918315,0.077449643,1379.836144,9.07E-79,8.88E-77,
NXN,-1.063158904,0.329727468,37.35695848,0.000632363,0.00272877,
MFSD3,-3.342249865,0.551513386,20.34346679,1.51E-10,1.79E-09,
KIFC2,1.376396194,0.195017197,132.7409597,6.65E-13,9.74E-12,
TSR1,-1.089677488,0.263183624,57.37261322,1.77E-05,0.000107593,
TRPV3,2.690048302,0.203418398,203.73088,1.46E-40,7.12E-39,
GGT6,-3.542465063,0.602156286,19.92742515,4.56E-10,5.21E-09,
KLK5,-2.825639545,0.105683708,741.3955895,2.77E-158,6.82E-156,
KLK6,1.087191355,0.409374129,35.69442475,0.003903651,0.013487829,
KLK11,-2.119350456,0.22782428,94.55490272,2.72E-21,6.68E-20,
KLK13,-2.6597064,0.731565575,13.22253683,3.37E-05,0.000194426,
KRT80,-2.12731786,0.198205617,170.3358708,1.39E-27,4.53E-26,
KRT1,-5.877568125,0.1216557,1109.474328,0,0,
ACER1,-4.340162042,0.823626082,19.35384323,1.27E-08,1.26E-07,
ANGPTL4,1.586867813,0.422069957,27.38422659,5.08E-05,0.000283885,
ZNF558,1.215028469,0.490644446,21.31547422,0.005556805,0.018249382,
NDUFV1,-1.625533384,0.328299486,37.23953965,2.07E-07,1.73E-06,
CDK2AP2,-1.306678576,0.428882591,25.2481956,0.000856741,0.003555797,
NUDT8,-4.619580194,1.169147201,7.454908525,9.99E-06,6.35E-05,
PRDX2,-2.335406914,0.239645936,79.48364251,3.33E-23,8.83E-22,
HID1,2.523808504,0.69845998,15.7304635,5.51E-05,0.000306049,
MRPL58,-0.994421299,0.312278887,51.63012562,0.000784391,0.003290151,
ATP5PD,-2.351623635,0.27949877,63.18370435,6.51E-18,1.32E-16,
TMEM88,2.89487386,0.482795796,118.0311958,5.57E-10,6.34E-09,
EVPL,-0.980124371,0.201415206,108.5895203,6.51E-07,5.03E-06,
TK1,-4.068695519,0.887177935,11.87550585,6.59E-07,5.08E-06,
GSDMA,-2.505280187,0.340650684,59.69359551,2.99E-14,4.88E-13,
KRT24,-4.182758059,1.666583966,4.077467336,0.000708127,0.003010522,
FAM234A,-1.889682599,0.618542555,11.32919573,0.000440153,0.001975962,
MLST8,-1.517085739,0.561854007,13.18998971,0.001920225,0.007260567,
E4F1,1.065728043,0.390153926,32.86310692,0.003185271,0.01130284,
KCTD5,0.915900009,0.249570705,90.43399214,0.000148188,0.000741479,
SRRM2,0.998808468,0.111146592,835.0581945,2.27E-19,5.00E-18,
DDB1,-0.735148906,0.253627331,65.25872212,0.002671254,0.009695765,
FTH1,1.363955007,0.086914304,987.4665147,6.15E-56,4.14E-54,
BSCL2,-1.279266651,0.40891747,27.50878827,0.000677524,0.002898274,
POLR2G,-1.734479412,0.292760638,57.03852306,8.01E-10,8.98E-09,
SLC3A2,1.97148874,0.105774274,614.6731155,3.90E-78,3.79E-76,
SPINDOC,3.508515281,0.380765813,61.94616658,6.25E-21,1.48E-19,
ATG16L2,-1.365964007,0.539322416,13.50700877,0.003719783,0.012930228,
RPSA,-2.124015519,0.140988842,220.990865,5.52E-52,3.40E-50,
ENTPD3,-1.639915024,0.492916131,17.65727866,0.000227999,0.001092493,
LTBP3,1.714907402,0.789462224,7.249162084,0.006614072,0.021182221,
SAC3D1,-1.954837022,0.694331958,9.845828701,0.00088609,0.003664382,
SF1,0.87015896,0.185799403,143.7400513,1.78E-06,1.28E-05,
SCARA3,-1.692978336,1.067914279,4.177329224,0.018157551,0.049190068,
PBK,-1.950818524,1.239851987,5.124300363,0.013490118,0.038559162,
COPS6,-1.047711086,0.253895397,68.17768228,1.94E-05,0.000117461,
PAFAH1B2,1.212264012,0.281748903,55.36133666,7.61E-06,4.97E-05,
RAB4A,-1.269304136,0.382963729,26.92850675,0.000361141,0.001651341,
SETD5,1.553861686,0.218619773,150.6826413,4.25E-13,6.33E-12,
VASN,-1.609665567,0.822829723,7.987909606,0.011503621,0.033712034,
FAM83B,-0.542015416,0.226253631,72.44014339,0.013686276,0.038990628,
RNF187,-1.15254022,0.378156451,36.2807935,0.001017767,0.004144344,
MAPK1IP1L,0.808710125,0.246872641,68.91850345,0.000715351,0.003038426,
DDIT4,3.420497782,0.095587705,1053.049988,2.94E-281,1.85E-278,
UBTD2,1.327770362,0.401178579,30.97307007,0.000364177,0.001664122,
IRF2BP2,-0.374141356,0.156831925,150.3483141,0.015582035,0.043475957,
NT5DC2,-1.445277845,0.429572123,22.63492041,0.000244601,0.00116517,
MGAT2,0.759549576,0.340486071,34.37555248,0.017677558,0.048163928,
BMI1,1.497055709,0.351691815,43.24417619,7.06E-06,4.63E-05,
PDHB,-0.869090453,0.360821695,31.72153328,0.009649013,0.02902275,
PXK,1.197684457,0.475024943,19.05477113,0.004930594,0.016523116,
HIST1H1E,7.660198194,0.801226791,256.1482427,1.72E-20,3.98E-19,
SEPTIN2,-0.561984919,0.184857391,108.9598016,0.001954418,0.007367104,
FILIP1L,-2.589443978,0.492426936,22.23490995,2.23E-08,2.13E-07,
MFSD2A,1.17349236,0.180008656,236.9249004,3.49E-11,4.37E-10,
DTYMK,-1.524110712,0.557089985,14.00002676,0.001721488,0.006610056,
TAP1,-0.82873204,0.311757697,44.34407,0.005050819,0.016848271,
STIP1,1.113327522,0.109948868,733.2307736,1.94E-24,5.39E-23,
SCNN1B,-3.408094776,1.1384194,5.925359608,0.000377611,0.001720381,
HR,-2.156762975,0.475390159,20.16130538,1.02E-06,7.64E-06,
REEP4,-1.405445782,0.381920079,34.98969912,7.94E-05,0.00042436,
BMP1,1.189053628,0.342738639,36.80229931,0.00023656,0.001129984,
ATXN2L,1.488557546,0.182466756,221.4396566,1.27E-16,2.41E-15,
PHYHIP,-1.773612269,1.035485261,4.364785566,0.013927629,0.039539452,
FEN1,-1.330166662,0.460881727,19.57818548,0.001384566,0.005459146,
CAVIN2,-3.467240758,4.302535805,1.835506934,0.009006467,0.027455572,
SERINC2,-1.463675442,0.194057791,117.0009768,1.58E-14,2.64E-13,
TRAPPC11,-1.024405644,0.416292126,22.92789511,0.006931196,0.022054533,
ING2,0.864977104,0.370149659,29.8765097,0.011962382,0.034827187,
SLC20A2,-1.498896037,0.295310656,44.48300596,1.25E-07,1.08E-06,
NDUFS5,-2.052049577,0.124156521,424.0024984,4.68E-62,3.57E-60,
TMEM208,-0.906717228,0.36247463,32.62165911,0.007185168,0.022715995,
AHCYL1,0.806313763,0.166144087,179.3213057,8.29E-07,6.29E-06,
SEMA4C,2.162361253,0.620589701,15.16756353,9.51E-05,0.000499497,
PPIP5K1,1.030445562,0.347480442,38.22902087,0.001619361,0.006268379,
TSPAN5,-2.181767008,0.870365106,6.407271233,0.001790448,0.006836797,
ZBTB5,0.766004067,0.238167054,102.6034073,0.000922306,0.003792556,
ZNF507,1.534160706,0.546428493,19.45574008,0.001567102,0.006088404,
NSG1,-2.575899403,0.408979586,30.95180423,4.22E-11,5.25E-10,
ANKRD49,1.567506522,0.284068204,79.32933299,1.18E-08,1.18E-07,
TNIP2,1.057177094,0.270691011,62.61636772,5.08E-05,0.000283616,
MAT2A,1.833907221,0.121603836,438.3490593,8.17E-52,4.99E-50,
PLA2G4F,-4.441003382,0.420309359,42.700108,6.81E-27,2.16E-25,
SLC35G2,3.205025095,1.488609891,6.064415276,0.002670281,0.009694787,
INPP5D,-4.10224957,0.673003652,17.71561993,1.90E-10,2.24E-09,
TMEM129,-1.448688117,0.517148801,17.23937757,0.00153357,0.005969891,
PPIC,-1.324025491,0.422110578,29.96859649,0.000614451,0.002659795,
PXDC1,0.777124507,0.247014566,75.20475146,0.00115424,0.00463847,
E2F6,1.718077543,0.568942507,18.59755896,0.000666467,0.002856288,
FEM1B,-0.65572571,0.238090653,67.7135623,0.00446991,0.01518207,
COMMD8,-0.960354183,0.442166242,23.65996412,0.015768424,0.043916095,
ATP5ME,-2.257180391,0.210810327,171.2097871,1.45E-27,4.71E-26,
MAP2K1,0.740712727,0.209103332,92.49278021,0.000288732,0.001352513,
KLK7,-2.262026213,0.115286061,599.334568,1.80E-86,1.94E-84,
HNRNPH1,1.308564526,0.143616687,314.7280994,3.52E-20,7.97E-19,
IRS1,-1.121899237,0.517112469,13.63723438,0.012864114,0.037022894,
SLC25A6,-1.712472728,0.172341598,304.0172805,8.02E-24,2.18E-22,
ZBTB43,2.56238788,0.185007746,485.4321883,3.29E-44,1.74E-42,
PCSK9,-2.388317069,0.507345337,18.53973377,3.93E-07,3.15E-06,
XPO6,1.206209863,0.183857821,192.5309863,2.59E-11,3.29E-10,
MN1,-1.6765374,0.867544778,7.3407139,0.011626866,0.03402064,
APEX2,-2.148185819,0.46472093,23.07591764,6.58E-07,5.08E-06,
NSMCE1,-1.265922312,0.50628457,15.68601104,0.004578565,0.015467367,
TBC1D10B,0.765033018,0.343074624,40.00872834,0.017602082,0.048005679,
PRELID1,-0.886542004,0.137006348,236.3052189,6.15E-11,7.54E-10,
SLC50A1,-1.469620595,0.233537773,83.10849643,1.05E-10,1.26E-09,
NPIPB3,2.352730409,1.501650408,5.442611987,0.011836706,0.034534153,
ADRB2,-2.845069307,0.620622649,14.0160489,5.87E-07,4.58E-06,
PGM2,-3.269790096,0.345439031,44.25237907,3.76E-22,9.64E-21,
PTPN9,1.185751214,0.521233961,14.88880903,0.009473047,0.02861196,
CXCL8,7.03261641,0.502943157,1920.06706,1.96E-43,1.02E-41,
SPRR1B,-4.143269832,0.086928289,9304.707258,0,0,
SPRR1A,-4.246544738,0.152914284,7907.33832,9.17E-171,2.88E-168,
PLEKHA2,1.298801602,0.489916826,16.56101722,0.003012373,0.010772415,
CLIC4,0.617792565,0.183952968,133.5170853,0.000631196,0.002724587,
MUC15,-4.270817074,0.562761576,23.86282039,4.75E-15,8.21E-14,
PCBP1,-0.565894298,0.111306147,393.7281127,3.08E-07,2.51E-06,
HINT1,-0.993626742,0.114466395,332.4671702,2.07E-18,4.32E-17,
CLIC3,-4.395970669,0.276667743,116.0469495,1.00E-57,6.99E-56,
NFU1,-0.947635322,0.442698196,19.81330282,0.017323017,0.047370305,
CKAP2L,-4.392047476,1.642865837,3.926827992,0.000432505,0.001944794,
RAMAC,0.897101182,0.236407195,83.53355763,9.31E-05,0.000490546,
HIC2,1.838701498,0.597546694,16.1400776,0.000505656,0.002240147,
BUB1,-2.28040653,1.178382328,3.8207251,0.006687314,0.021377099,
CENPX,-1.541915865,0.422562653,24.11038701,7.71E-05,0.000413411,
AGPAT2,1.684830051,0.243168106,84.26169248,1.23E-12,1.75E-11,
FASN,-0.95644523,0.205938862,94.96052664,2.01E-06,1.43E-05,
CNBP,-0.311730512,0.07989536,757.2079448,9.03E-05,0.000478306,
MT1E,-2.340707108,0.163844145,240.1370159,4.71E-47,2.66E-45,
GPS1,-1.02675662,0.387100714,25.10380251,0.004066486,0.013966527,
DCXR,-2.211710368,0.433152805,26.09172752,5.75E-08,5.19E-07,
UGP2,-1.136149652,0.262680132,56.64749649,7.25E-06,4.75E-05,
HNRNPF,-0.614344799,0.161082485,158.2261951,0.000108935,0.000564941,
CSGALNACT2,1.572438247,0.356076884,37.82305374,3.06E-06,2.13E-05,
PCDH7,-1.80538351,1.042518104,4.477326489,0.013341974,0.038191091,
ROBO1,-1.505322395,0.683339589,8.974834601,0.007329622,0.023103879,
TRIM56,1.14757533,0.544627099,12.81960513,0.015001188,0.042102175,
ITGAM,3.77901787,2.177428447,11.43357719,0.001250492,0.00498607,
TOR1AIP2,1.540752782,0.297294286,90.74125639,8.10E-08,7.19E-07,
TM4SF1,1.526645612,0.137994725,290.3792954,6.46E-29,2.20E-27,
OTUD3,2.567904148,0.420905059,45.50841877,2.29E-10,2.68E-09,
KLF13,1.238143053,0.244764255,69.85599066,1.89E-07,1.59E-06,
ZNF764,2.739281151,0.49817341,73.59790875,1.08E-08,1.09E-07,
SF3B5,-1.831484211,0.173366265,239.5200535,1.01E-26,3.19E-25,
IFFO2,-3.125880388,0.244834452,121.2652796,3.15E-38,1.46E-36,
NLGN2,2.779249038,0.39399044,93.54663702,4.21E-13,6.27E-12,
CHD3,1.038768943,0.197735702,168.7447358,8.42E-08,7.46E-07,
TMEM154,-3.417319179,0.409775484,32.85988744,9.34E-18,1.89E-16,
ALCAM,-0.841573615,0.338127472,35.8353363,0.008039055,0.024975002,
YWHAG,0.460396371,0.094638642,607.6295737,1.03E-06,7.75E-06,
CNTROB,2.049969989,0.280804782,117.0551572,7.56E-14,1.20E-12,
TRAPPC1,-1.504873131,0.205027443,123.661326,6.98E-14,1.11E-12,
ZNF778,1.771428092,0.636000994,12.39523508,0.001280944,0.005086912,
CHRNB1,1.564707534,0.356932961,59.73379889,4.02E-06,2.74E-05,
PDCD6IP,-0.50623203,0.168050322,155.7157415,0.002218942,0.008218305,
ZNF212,1.151628707,0.328614134,59.40494227,0.000220318,0.001059738,
ZNF282,1.113319467,0.29269456,48.87815119,7.17E-05,0.000387411,
GLB1,-1.25388549,0.494595253,18.36678081,0.004206226,0.014407029,
FAXDC2,-3.043354897,1.606520138,2.902194236,0.005209098,0.017276029,
CRTAP,-1.551334872,0.478859164,16.95814676,0.000336154,0.001547854,
GABARAP,-0.872085725,0.124561379,290.4544576,1.70E-12,2.39E-11,
STX8,-1.431104836,0.626485067,10.76093876,0.006407295,0.020586884,
CDK1,-2.600177008,0.826789697,7.366430058,0.000213692,0.001032186,
UBB,1.921384943,0.071376631,4370.518263,3.11E-160,8.26E-158,
NFRKB,1.504091001,0.293543358,80.63226167,1.05E-07,9.21E-07,
B3GNT2,0.630120222,0.193630357,132.7844287,0.000903691,0.003728232,
FOS,3.580974505,0.165760799,2066.276386,1.29E-103,1.85E-101,
TMED10,-2.111435238,0.23285759,75.86596127,2.36E-20,5.41E-19,
SLC30A1,-1.854810717,0.265911597,73.83028986,7.41E-13,1.08E-11,
GPRC5C,2.867230903,0.759951547,19.59456775,3.83E-05,0.000218773,
KRT8,2.767720339,0.328994002,52.29216016,6.64E-18,1.34E-16,
KRT78,-2.69130807,0.361203028,48.8576936,1.33E-14,2.24E-13,
SDR9C7,-3.131599678,0.253166838,126.1615332,5.02E-36,2.21E-34,
KRT75,-5.5715956,0.303066171,136.3472871,4.26E-76,4.06E-74,
KRT6C,-6.022073689,0.149879505,709.1423581,0,0,
PYM1,-1.127643733,0.378340013,30.56574081,0.001313986,0.005203159,
KRT4,-4.458252913,3.099085938,2.39642936,0.003285926,0.011618187,
NUDT9,-1.396138395,0.380162855,30.15621598,8.35E-05,0.000444571,
PA2G4,-2.068870337,0.176707827,138.9312628,2.41E-32,9.36E-31,
ELOVL6,-1.81562505,0.526812107,15.54465528,0.000123241,0.000628439,
PFKFB3,3.269889736,0.331476334,94.03742753,1.38E-23,3.73E-22,
TMC7,2.076826842,0.645815696,14.10178799,0.000258689,0.001225509,
ARL6IP1,0.968244668,0.148229959,243.5229979,3.96E-11,4.93E-10,
SMAGP,-1.469682234,0.423632415,23.99315424,0.000163217,0.00081109,
EMB,-1.386500118,0.426105584,22.13304718,0.000384706,0.001749238,
RNF34,1.211244319,0.330548552,38.82423652,0.000110161,0.000570011,
HOXB9,4.580939797,2.585701398,3.301864813,0.001132598,0.004562128,
POLH,-1.928305271,0.433868519,24.38654251,1.83E-06,1.31E-05,
CDCA4,-0.998185232,0.382584586,25.46086418,0.004751634,0.016008925,
SDR16C5,-2.320962617,0.3465279,38.04137036,3.57E-12,4.87E-11,
FOXN2,1.347756418,0.372511823,33.13602777,0.00011521,0.000592802,
KBTBD2,1.308760817,0.286463622,73.46563329,2.05E-06,1.46E-05,
TRIAP1,-1.347833009,0.24689021,79.39162306,1.83E-08,1.78E-07,
KIAA0232,1.868637023,0.280282036,70.65405634,7.11E-12,9.48E-11,
MTSS1,-2.52207706,0.626616455,12.3198007,7.75E-06,5.04E-05,
TMEM43,0.597114051,0.150878549,205.6748866,6.21E-05,0.000340403,
RPS9,-2.128140234,0.171614426,161.0939593,5.24E-36,2.29E-34,
GSTA4,-3.593574376,0.396319595,37.07870031,1.47E-20,3.42E-19,
NDUFA3,-2.162956041,0.463327797,21.52291285,5.30E-07,4.16E-06,
TPT1-AS1,3.275920668,0.682858291,25.38392932,4.22E-07,3.37E-06,
TANC2,1.120534173,0.472896009,19.01092846,0.008197282,0.025369476,
ZNF160,1.338489131,0.394410726,28.40315395,0.000265863,0.001255618,
C9orf16,-2.199109437,0.358074,43.69531063,1.43E-10,1.70E-09,
ZNF692,1.02262962,0.305260387,49.64761958,0.000438894,0.001970954,
NAIF1,1.374333682,0.445147336,27.6349762,0.000753582,0.003180256,
TRIM8,1.193482753,0.501305286,17.88264293,0.007300358,0.02303268,
CDC42BPG,1.344976019,0.327031464,41.91902597,1.53E-05,9.44E-05,
JUNB,1.68301421,0.101722281,963.7087952,6.46E-62,4.90E-60,
FAM241B,3.161351783,0.658877201,16.50087127,2.13E-07,1.79E-06,
SHCBP1,-2.814046264,1.530486046,3.064903277,0.006837081,0.021775148,
PGAM1,-0.99334053,0.26652876,56.4490344,0.000106747,0.000555051,
CHD7,1.021629009,0.444249643,20.31972862,0.011035538,0.032568524,
KRT15,-2.668777092,0.700402764,11.31195749,1.96E-05,0.000118508,
KRT13,-3.776814897,0.695489157,14.57376663,7.67E-09,7.85E-08,
KRT9,-2.829013809,1.157195603,5.021742019,0.001603038,0.006208792,
ZNF524,-1.510726155,0.50078922,15.88206309,0.000736212,0.003116481,
ASXL1,1.730085896,0.320304602,85.69309093,2.09E-08,2.01E-07,
DLK2,2.288340458,0.671665788,12.81985345,0.000109426,0.000567058,
HOPX,-2.95331277,0.359280223,48.7471094,2.83E-17,5.60E-16,
RSL1D1,-0.678106603,0.214204941,84.39943059,0.001163343,0.00467086,
PPID,0.945803022,0.212683988,151.5109945,5.17E-06,3.46E-05,
LPAR3,-1.244700878,0.453491247,18.36151139,0.002345707,0.008643725,
TBCA,-0.575664184,0.228074803,73.50865385,0.009367783,0.028358994,
BCL2L1,-0.920816818,0.24556285,63.62190263,0.000105936,0.000551045,
ZNF274,2.29253055,0.238526982,259.2305686,1.96E-22,5.09E-21,
PIK3CD,2.276619015,0.552622914,19.90174491,7.66E-06,4.98E-05,
ENC1,1.381408849,0.367669757,32.6253809,6.38E-05,0.000348881,
RGS19,1.180476593,0.497459411,16.20575723,0.007413534,0.023331077,
NHLH1,4.096944357,2.216610298,10.30829332,0.000724308,0.003072686,
PWWP2B,0.87702011,0.343016245,33.94577591,0.006491778,0.020829234,
FBXL14,2.097591291,0.714851471,23.83056402,0.00083993,0.003491277,
RRM2,-2.568059954,1.175728928,3.924483097,0.003325539,0.011740201,
RPS21,-2.575296712,0.123176059,513.8859884,6.77E-98,8.81E-96,
RPS7,-1.808583466,0.163468199,171.042577,4.73E-29,1.63E-27,
RNASEH1,0.804586203,0.300494156,49.23908062,0.004948634,0.016573604,
PRNP,-0.957022185,0.090669569,667.9338873,2.81E-26,8.61E-25,
CYP4F11,6.39428232,2.292657378,31.3038162,4.33E-07,3.45E-06,
CYP4F22,-3.251201822,0.442219229,37.3264368,2.35E-14,3.87E-13,
PPIH,-1.616234202,0.421043887,32.15390353,3.35E-05,0.000193493,
JMJD1C,1.996872113,0.200410589,197.1948791,5.92E-24,1.61E-22,
SYNPO,1.246254702,0.607979014,11.12905732,0.015142913,0.042422687,
LAMB2,2.696632379,0.237324196,128.840519,1.21E-30,4.37E-29,
QARS,-1.849626581,0.305472755,45.03644721,3.31E-10,3.82E-09,
KRCC1,-1.075849267,0.463759175,19.58067358,0.009382568,0.028388387,
CALB2,-3.105072641,0.597318657,21.78004087,2.46E-08,2.34E-07,
MRPL13,-1.740929652,0.458626292,21.32402915,3.52E-05,0.000202324,
ISG20,1.176704015,0.490448271,21.44719279,0.007224178,0.022818416,
ID4,-2.318190195,0.72756306,13.97839751,0.000246115,0.001171572,
CEBPB,0.889232557,0.108535689,403.8486909,1.56E-16,2.94E-15,
PAIP1,0.722595202,0.299166071,50.02712973,0.011329084,0.033306639,
DPAGT1,-1.004675908,0.448190464,21.01349895,0.012580993,0.03635973,
BSG,-1.583648447,0.178636713,139.7368617,2.33E-19,5.13E-18,
SPTLC3,-4.450363348,0.637067389,20.26322318,4.26E-13,6.33E-12,
POP7,-1.611191598,0.325563522,65.66253174,2.06E-07,1.72E-06,
SUCLG2,-2.080749166,0.465266015,23.19260207,1.41E-06,1.03E-05,
STARD5,-2.241951097,0.766637914,8.153570253,0.00051597,0.002277793,
CFAP53,2.44613379,0.53296541,86.85291019,1.39E-06,1.02E-05,
GNG12,-1.296175029,0.170835307,156.6662015,1.36E-14,2.29E-13,
COPS9,-1.686234511,0.288415247,58.83854188,1.35E-09,1.48E-08,
GTPBP2,2.057508925,0.216531274,118.8172589,4.98E-22,1.27E-20,
FIBP,-1.839109925,0.435388218,23.39221576,5.42E-06,3.62E-05,
BANP,1.353654378,0.553892379,17.68046407,0.0052049,0.017273083,
HCFC1,0.943389415,0.28317563,122.8526883,0.000521229,0.002298071,
NIPAL4,-3.089416926,0.281297464,69.7897864,5.59E-29,1.91E-27,
CHCHD1,-1.21808046,0.297656883,56.50632706,1.84E-05,0.000111479,
MRPL52,-1.126807231,0.41022321,25.84920291,0.002710472,0.009827777,
SMPDL3A,-2.443466876,0.620145382,18.98514788,1.07E-05,6.77E-05,
EFEMP2,2.849385783,1.179519179,8.451091922,0.003201132,0.011352757,
WASHC2C,0.918152846,0.290569469,65.90510827,0.000981017,0.004005337,
MUS81,1.084181337,0.498220331,15.45833001,0.013769729,0.039187928,
CFL1,-1.951852282,0.151487799,181.6981737,1.22E-38,5.70E-37,
NAA16,2.020283808,0.483051161,35.78969827,7.04E-06,4.62E-05,
RPL38,-1.948310117,0.156963048,226.4339578,5.10E-36,2.23E-34,
OVOL1,-1.769348052,0.205469652,113.1865252,1.90E-18,3.99E-17,
RARG,-0.794431238,0.207992271,89.73843739,9.11E-05,0.000481335,
CES4A,-1.988867003,1.133782113,4.700533582,0.012109608,0.035203832,
CES2,-2.424206712,0.244143783,85.77389478,5.01E-24,1.37E-22,
KRT2,-5.939503688,0.647585475,34.22035085,1.87E-20,4.30E-19,
ZNF621,2.335335939,0.331747405,56.39028366,4.01E-13,5.98E-12,
DHCR7,-1.074682472,0.250860488,71.40158562,9.38E-06,6.01E-05,
LVRN,4.440067699,2.274359933,8.923181092,0.000427457,0.001925858,
OXSR1,0.671080743,0.1622608,162.5772244,2.71E-05,0.000159887,
PHF8,1.304573467,0.352397541,59.90712518,9.12E-05,0.000481893,
KAT5,0.652460683,0.241378866,101.4611336,0.005262892,0.017420942,
DCAKD,-1.059499143,0.472889822,19.073664,0.011781539,0.034402294,
RELA,1.052867554,0.209437245,116.0295087,2.73E-07,2.24E-06,
EVC2,2.567532266,0.644535817,16.83755694,1.21E-05,7.57E-05,
HECTD4,1.421473484,0.390057082,36.70089526,9.83E-05,0.000514655,
HPSE,-1.202283221,0.592914466,11.99819952,0.015961659,0.04437367,
COQ2,-1.288355611,0.564498805,14.63442721,0.00781279,0.024387356,
HSPA6,9.244098362,0.69894284,2945.550104,5.41E-38,2.49E-36,
TRMT112,-1.550596337,0.215413531,119.9343007,1.90E-13,2.92E-12,
KDM2A,0.585961177,0.215084717,100.9561231,0.005230132,0.017324971,
MRPL57,-1.605087767,0.497845331,21.24624465,0.000329494,0.001523799,
NOC3L,1.152246068,0.229073473,124.7399471,2.47E-07,2.04E-06,
RHOD,-2.048620199,0.126201134,332.6280338,6.21E-60,4.48E-58,
COMMD1,-1.05381083,0.428065867,21.96397484,0.006706434,0.021423332,
RAPH1,1.560282628,0.599186586,14.95511294,0.002723759,0.009864863,
PARP14,1.845640822,0.480055889,27.52137639,3.14E-05,0.000182921,
CKS1B,-1.063841437,0.475175752,17.398516,0.01175597,0.034334898,
LIPM,-3.095063596,0.403867741,46.7361213,2.18E-15,3.85E-14,
GPR137,0.870374802,0.378581968,44.06935325,0.013255494,0.037990825,
SNCG,-3.044216091,0.648935951,13.62050901,3.34E-07,2.71E-06,
MAP3K11,1.469992671,0.446508103,22.81234419,0.000331235,0.001529288,
TRIB1,1.828772126,0.180755309,216.7937703,1.47E-24,4.09E-23,
KCNK7,-3.887727308,0.941980286,8.772160036,4.53E-06,3.06E-05,
ARV1,-1.038202384,0.442883852,18.64483337,0.009252922,0.028069975,
NAA20,-1.290048911,0.219811302,104.1588328,1.78E-09,1.93E-08,
SAA1,-4.070431121,0.996728582,16.14906175,3.46E-06,2.39E-05,
ZNRD2,-1.05680042,0.489504929,19.74288958,0.014338888,0.040548494,
PEAK1,1.548175044,0.499512478,31.74920442,0.000649519,0.002793196,
TNFRSF10D,3.872870229,0.242610825,171.3818086,7.21E-58,5.08E-56,
MOB1B,1.586284195,0.387383699,35.80598181,1.34E-05,8.33E-05,
ZNF622,0.92164479,0.178787998,156.6153919,1.53E-07,1.31E-06,
NABP1,1.258106483,0.476281939,22.50503771,0.003364936,0.01185502,
CHD2,1.192552567,0.198055539,131.1841794,8.20E-10,9.17E-09,
LRFN4,3.880424597,0.742345374,20.32167937,2.75E-08,2.60E-07,
RCE1,1.321493574,0.355490412,42.07428683,8.03E-05,0.00042848,
UQCRH,-2.053615373,0.149935459,186.7677272,2.31E-43,1.19E-41,
PSMD1,-0.635148241,0.169972243,140.6701753,0.000146366,0.000734224,
TOMM20,-1.172664115,0.248591765,71.81965759,1.10E-06,8.19E-06,
AGFG1,0.962156219,0.259137599,66.16310709,0.000120376,0.000616625,
JUP,-2.474777917,0.091168834,858.0744688,4.02E-163,1.18E-160,
EIF1,0.421593185,0.076569,840.5207969,3.37E-08,3.13E-07,
PLK3,1.176796238,0.393503769,30.70458517,0.001241676,0.004953782,
NET1,-0.83559252,0.261475134,63.14155231,0.000915642,0.003768522,
PHC3,1.390295197,0.389372979,35.05565404,0.000132695,0.000672736,
CBX2,-4.236736397,3.694367458,1.945152857,0.005483376,0.018043014,
SPTBN2,-0.652558874,0.287362216,41.14006836,0.01737936,0.047492114,
ATP5MD,-1.285872855,0.149895641,223.4954811,3.87E-18,7.90E-17,
HOXB2,1.17038667,0.548910891,14.80301439,0.013814169,0.039290093,
RBM4,1.391875641,0.190584084,259.9480759,1.16E-13,1.80E-12,
KLHL15,1.73136555,0.606154741,29.23200667,0.001272131,0.005057387,
LEMD3,0.828125448,0.280401659,65.53733213,0.002099198,0.007825212,
FAM174A,-2.527860793,0.443450622,26.21138537,1.71E-09,1.86E-08,
NWD2,-2.295628531,0.647514825,12.48442669,6.15E-05,0.000337701,
ADCY6,1.488804281,0.348133469,43.6761274,6.53E-06,4.30E-05,
TNK1,1.068708238,0.509507977,15.66011603,0.016883945,0.046340183,
ZHX3,-1.441465967,0.591607609,11.35881702,0.004441939,0.015113878,
PHLDA3,-1.40325923,0.28771432,64.56961038,3.81E-07,3.06E-06,
GLIS1,-2.065154303,1.356097278,4.297459224,0.015923038,0.044319871,
EXO1,-4.482640167,2.951548814,2.017800311,0.002627073,0.009547962,
LIG4,0.680701992,0.223705476,92.99188406,0.001770316,0.006774921,
ATP2A2,0.552038826,0.160940961,202.9093276,0.000507725,0.002247148,
RPL4,-2.352589028,0.087421416,651.6107031,2.74E-160,7.41E-158,
MRPL11,-1.381028276,0.453678395,21.89650911,0.000788979,0.003306379,
IL20RB,-2.428152397,0.168088551,176.3240724,3.57E-48,2.03E-46,
GOLT1A,1.8370928,1.06973442,5.926617757,0.015562625,0.043448153,
AKIRIN1,1.017877538,0.13693409,302.2742432,6.06E-14,9.69E-13,
MSL2,1.396224195,0.42903804,29.46446104,0.000410481,0.001854828,
ZNF266,1.330338868,0.275540018,97.76172355,5.91E-07,4.61E-06,
B4GAT1,-2.132408642,0.940490382,5.865119857,0.003089063,0.011006731,
TMEM167A,-0.793454188,0.31708855,44.31620897,0.008140555,0.02525054,
SH3PXD2B,-1.127992024,0.425825086,20.30725496,0.003600291,0.012578232,
RESF1,1.653390748,0.357287772,53.50178948,1.16E-06,8.60E-06,
BRMS1,-1.449310664,0.280960102,50.93975514,8.51E-08,7.53E-07,
RPL15,-1.805096544,0.170820502,144.1054866,1.07E-26,3.35E-25,
SRP72,-0.802315082,0.239591965,68.9758122,0.000547232,0.002398159,
RIN1,-3.265961511,0.819917486,9.874198655,7.32E-06,4.78E-05,
DENND6A,1.371974756,0.40739147,30.63918952,0.0002755,0.001295806,
PDE12,0.916065617,0.372479353,30.83684877,0.008194933,0.025367896,
YIF1A,-1.15308663,0.292123376,53.30191237,3.67E-05,0.000210206,
NDUFA11,-1.064419922,0.346032716,37.93547994,0.001026046,0.004174138,
RAB1B,-1.374840759,0.133584708,277.3029715,2.94E-25,8.50E-24,
MICOS13,-2.873862262,0.508790369,24.87524605,1.93E-09,2.08E-08,
KCTD13,1.529762459,0.489967929,21.25233623,0.000569775,0.002485898,
CD164L2,-1.727475579,0.804378485,8.6659562,0.006095377,0.01973632,
KLC2,1.454832767,0.283908402,71.32748045,1.10E-07,9.57E-07,
CTBP2,1.25571814,0.390587388,27.23486745,0.000542437,0.002381681,
CHST2,-2.752700343,0.964389099,7.324944337,0.000456468,0.002041239,
SNHG29,-1.711595989,0.16461906,159.7782558,6.66E-26,1.99E-24,
UBE2C,-1.563087107,0.37387656,39.46244103,8.88E-06,5.71E-05,
VCPIP1,1.186314895,0.409748338,29.14938596,0.001693308,0.006519991,
TRAF6,0.857832507,0.353064985,34.97099736,0.009517105,0.028707063,
ZNF654,1.259950248,0.321547949,59.34238233,3.93E-05,0.000223709,
TVP23C,2.733756982,1.486497413,5.506458559,0.006187682,0.019983622,
WFDC5,-3.911242573,0.453689593,43.39710914,7.78E-19,1.66E-17,
CSRP2,1.309464045,0.300418599,79.20406039,5.66E-06,3.77E-05,
DDIT3,2.598083163,0.133834906,468.0693136,1.11E-84,1.16E-82,
ARHGAP1,-1.065058041,0.310277454,39.33563727,0.000302127,0.001407139,
GOLGA8A,2.041149829,0.415856859,36.57854771,2.16E-07,1.80E-06,
PHYHD1,-2.295264452,1.304280107,4.983486577,0.006998035,0.022241568,
TMEM9B,-0.890344899,0.312931286,38.16897039,0.002666237,0.009682648,
NRIP3,2.496210441,2.239105258,6.346142111,0.012320151,0.035715705,
EIF1AD,0.684784845,0.299489203,51.65842337,0.016481436,0.045516072,
EIF3F,-1.565192289,0.40991534,24.53263873,3.93E-05,0.000223746,
CLTB,-1.865844,0.104921237,508.4776017,2.33E-71,2.06E-69,
PPP2R2D,2.628882474,0.274485324,166.5698813,2.73E-22,7.06E-21,
CLCF1,4.49876134,0.465829551,55.31564541,1.60E-22,4.17E-21,
DRAP1,-0.311284024,0.125373025,301.0112271,0.012276494,0.035621449,
C11orf68,0.869109776,0.23152117,87.30653779,0.000111865,0.000577961,
FOSL1,2.454768174,0.127802677,496.0579349,6.99E-83,7.15E-81,
SUGCT,-2.24190293,0.933463794,6.589349681,0.002161547,0.008020798,
CCDC85B,-1.95519294,0.546307399,17.07699518,6.65E-05,0.000362025,
RPS6KB2,-0.991167256,0.286078993,45.39268906,0.000292328,0.001366111,
RMI2,-2.078296667,1.062677711,4.488078161,0.006648062,0.021276265,
TOM1L2,-1.524092373,0.32161817,43.78637289,6.80E-07,5.23E-06,
AURKAIP1,-1.47492936,0.250318364,75.21861909,1.28E-09,1.41E-08,
TOMM5,-1.562541862,0.298435218,47.68283543,4.98E-08,4.52E-07,
RUVBL1,-2.293938891,0.475590962,20.64793558,2.26E-07,1.88E-06,
SFN,-0.970071086,0.067281896,5120.979143,1.23E-46,6.81E-45,
ETV4,0.758010157,0.336039776,36.51233805,0.016614361,0.045779134,
SWI5,-1.430414684,0.510891404,16.95396543,0.00159602,0.006183345,
ARL4D,-2.025659091,0.353951652,36.91646519,2.04E-09,2.19E-08,
LYSMD3,1.197748133,0.277328695,68.0340079,8.55E-06,5.53E-05,
KCNE5,3.204651328,2.336990379,9.218497684,0.005125325,0.017030939,
SLC35A4,-1.266412476,0.277525037,56.63845708,2.10E-06,1.50E-05,
YES1,1.091290885,0.175788362,149.6531731,2.85E-10,3.31E-09,
GPX2,-5.474663098,0.91771834,16.04304865,1.29E-09,1.42E-08,
CCDC57,1.645248793,0.832762991,7.705765715,0.011384233,0.033441501,
SPHK1,4.511499599,0.291665334,216.3908085,2.59E-54,1.67E-52,
BNIP3,1.675952671,0.34035154,37.90264229,2.40E-07,1.99E-06,
CIDEA,-3.780188558,1.090434418,6.972226665,5.80E-05,0.000320907,
ZBTB8OS,-1.224379697,0.474117816,19.30727379,0.003862057,0.01336754,
COX8A,-1.391522264,0.120037208,491.9949662,1.58E-31,6.00E-30,
CDC26,1.914962864,0.318313761,80.91219887,4.28E-10,4.89E-09,
CRLF3,0.779495786,0.311816641,37.84680878,0.008481609,0.026138055,
RNPEP,-1.923298161,0.358771908,35.84846433,1.76E-08,1.72E-07,
EID2B,2.23367179,1.943821647,2.759229245,0.016944267,0.046481301,
KCMF1,0.972851018,0.254477347,69.31301044,7.69E-05,0.00041259,
VPS37D,3.731980977,1.496921085,5.928542127,0.00096834,0.003965311,
SYNE3,4.638731754,2.412399697,4.429091912,0.000531078,0.002335527,
CLK2,0.900751203,0.273229142,60.33796682,0.000610214,0.002643942,
AC008969.1,2.764373472,0.984108902,9.650832992,0.001055104,0.004279963,
B3GNT5,0.897675403,0.188471377,134.9791615,1.20E-06,8.88E-06,
RMDN1,-1.686553295,0.685232699,9.622462715,0.00302005,0.010794273,
MEX3C,0.802340197,0.245876888,87.7113887,0.000753053,0.003178992,
MYO1D,-1.262594678,0.342155741,32.69333079,9.09E-05,0.000480412,
MIR7-3HG,3.87439257,2.063036303,47.70507332,0.000600717,0.002607707,
FAM91A1,0.633685224,0.278022401,54.58758438,0.017628962,0.048059992,
WSB2,0.703263593,0.226179169,74.4867299,0.00140723,0.005537434,
TYMS,-3.302288382,0.945973558,7.722594447,6.15E-05,0.000337701,
PNMA1,2.135063051,0.243682655,83.85865869,4.28E-19,9.28E-18,
ANKLE2,2.115604261,0.227455367,133.3752257,3.46E-21,8.40E-20,
FUT2,1.691169165,0.411114643,29.11561452,1.05E-05,6.63E-05,
NFATC2IP,0.834490912,0.301541861,43.04230672,0.003735301,0.012980899,
FAM89B,-2.065784604,0.809344402,7.363710658,0.001685366,0.006491222,
SMCR8,1.050648086,0.251849448,101.989938,1.63E-05,0.000100025,
MTHFR,2.223394007,0.40312605,51.25858078,8.46E-09,8.61E-08,
DEAF1,1.220831697,0.42942523,23.10444326,0.001896088,0.007186491,
PHETA2,1.36773852,0.617617133,11.05633187,0.00870508,0.026695577,
SCN4B,-2.590201924,1.488508706,2.964978039,0.007134239,0.022591212,
EPS8L2,0.657643251,0.16926582,184.4571399,8.01E-05,0.000427823,
ZBTB34,1.961605706,0.370278597,54.18435397,3.09E-08,2.90E-07,
TALDO1,-2.388356403,0.213603026,102.0084322,8.41E-30,2.95E-28,
ULK1,1.493458996,0.303677615,79.95466121,3.04E-07,2.48E-06,
HIC1,2.845408627,1.225141454,6.060073337,0.003676795,0.012806606,
PPFIA3,-1.269088423,0.64005832,11.93316404,0.016290185,0.045078113,
ZFAS1,-1.664785082,0.286379982,52.67853783,1.73E-09,1.88E-08,
TGIF1,1.132479571,0.349993055,34.24163591,0.000580024,0.002524229,
MIEF2,1.12156051,0.451450217,22.98378584,0.005958091,0.019355674,
ERICH5,2.488578121,1.013849728,6.019431968,0.001780631,0.006806845,
NR2C2,1.149491558,0.363601596,39.54724352,0.000751706,0.003175249,
ARIH2,0.798007496,0.290108262,55.22661977,0.004032047,0.013872413,
ZBED2,-4.411224298,0.509054277,32.99440879,6.81E-19,1.46E-17,
IRX3,-1.562630443,0.322626612,42.76301664,3.81E-07,3.06E-06,
SLC25A22,1.016255384,0.400338934,26.30108438,0.005847233,0.019035579,
ATOX1,-2.781464117,0.493825453,22.16998253,2.32E-09,2.49E-08,
RPLP2,-2.653926553,0.099925815,560.2107164,3.10E-156,7.38E-154,
JUN,0.733266197,0.08640513,1850.075274,1.43E-17,2.85E-16,
GBA,-1.689093506,0.389877206,35.10223432,3.83E-06,2.62E-05,
ACAD9,-2.012308048,0.436520422,24.5752472,7.77E-07,5.92E-06,
AGTRAP,-1.043151454,0.36670001,39.14138541,0.00222412,0.008230855,
POLR2L,-2.85130171,0.225177947,170.6037288,1.09E-37,4.88E-36,
FLII,0.87973379,0.157186508,183.1779594,1.43E-08,1.41E-07,
HNRNPA0,0.983521427,0.272543827,63.69778577,0.000176257,0.000870561,
TENM3-AS1,1.925602588,1.074475802,6.276839613,0.014624145,0.04124529,
CHID1,-1.848087264,0.628146443,12.33615203,0.000645036,0.002774779,
AP3S1,-0.600172371,0.258536713,58.16046663,0.015954963,0.044363991,
RPS27,-2.179180985,0.107482894,637.9391423,3.78E-92,4.53E-90,
IMP3,-1.077172356,0.379155465,33.31893785,0.002160475,0.008018978,
IMPDH2,-1.848641561,0.159355606,181.606227,1.08E-31,4.13E-30,
ALS2CL,0.632593904,0.168632598,155.5008064,0.00014043,0.000706759,
NDUFAF3,-3.171220897,0.507006467,26.36145894,4.44E-11,5.52E-10,
STAP2,-0.865534486,0.249451376,83.19211831,0.000330651,0.001527615,
TSSK6,1.636383092,0.794252842,10.25718118,0.009226629,0.028008684,
ZNF518B,1.479140748,0.34229616,43.89579602,5.41E-06,3.61E-05,
SPINK6,-4.375320935,0.340318774,162.8265869,6.92E-39,3.25E-37,
PARD6G,-2.087379802,0.512002845,17.21815949,8.13E-06,5.27E-05,
PLEC,2.85199584,0.161787518,290.1813446,2.22E-70,1.94E-68,
WDR6,1.054219084,0.221398176,104.7284954,1.04E-06,7.75E-06,
ZNF354B,1.247448134,0.622573529,11.56137462,0.016560267,0.045664852,
CALML3,-6.624592136,0.314950113,222.7438631,1.44E-98,1.89E-96,
CALML5,-4.158970758,0.154561029,1005.133689,8.24E-161,2.27E-158,
ZFAND2A,1.932333371,0.264068939,128.4842263,6.82E-14,1.09E-12,
NT5DC1,-2.113319658,0.93296852,5.344929838,0.003319784,0.011725881,
COX14,-1.606993547,0.463065,30.98244118,0.000137874,0.000695923,
P4HTM,1.685537206,0.811103224,10.22289281,0.00939026,0.028405434,
DTX3,2.887189676,0.534682325,49.61992102,1.76E-08,1.71E-07,
MAF,-3.548151658,0.678893554,13.06057605,2.10E-08,2.02E-07,
CTNNBIP1,-2.428825623,0.280187496,64.93390866,6.96E-19,1.49E-17,
SUZ12,0.916105579,0.331079234,42.35040607,0.003386916,0.011922091,
THBD,-2.552962342,0.514573323,18.27078426,9.75E-08,8.57E-07,
COX5A,-2.075475991,0.232090206,104.9718129,7.54E-20,1.69E-18,
STX19,-2.455710611,0.873591749,9.409141506,0.000636725,0.002745018,
FAM219B,0.85026365,0.254631839,66.14528166,0.000553874,0.002424186,
CPNE7,1.515765235,0.439749279,30.21435416,0.00018404,0.000905436,
C5orf46,-3.280865603,0.89841666,13.38227438,2.39E-05,0.000142544,
TAF7,1.302664763,0.109725768,700.1768487,8.42E-33,3.32E-31,
LGALS7B,-2.694106799,0.093738725,945.2012244,1.55E-182,5.23E-180,
GAK,1.07378364,0.358522476,37.30502606,0.00140977,0.005544687,
TUFM,-1.89054517,0.205733426,125.3777683,9.41E-21,2.22E-19,
EIF3K,-2.657286903,0.263327562,68.42137717,9.16E-25,2.58E-23,
SNX18,-1.738769601,0.856334443,5.619233816,0.007958204,0.024751683,
RRS1,-1.242562564,0.470967163,24.92878223,0.003181667,0.011295858,
TRIML2,1.332803304,0.238078048,169.5930562,9.42E-09,9.53E-08,
RCC2,-1.40018738,0.209207222,88.55132297,8.05E-12,1.07E-10,
DPM3,-1.48050733,0.500804297,30.37513802,0.000907308,0.003738694,
CYC1,-1.647795342,0.264967344,86.20551975,1.41E-10,1.67E-09,
FARSA,-0.711540918,0.23196945,78.58919821,0.001569633,0.006094805,
SAMD4B,1.018351496,0.221312902,123.2891234,2.39E-06,1.69E-05,
ALOXE3,1.038551743,0.174713397,333.5738047,1.59E-09,1.74E-08,
ZNF664,1.124912218,0.225704572,88.18147116,3.13E-07,2.54E-06,
CALR,-2.95641199,0.105083136,553.5851271,5.46E-175,1.75E-172,
MAGED1,-0.939706791,0.280662384,46.73146485,0.000472444,0.002101782,
GADD45GIP1,-1.976285164,0.394776225,35.46307696,1.11E-07,9.71E-07,
RAB39A,3.162928129,2.150547464,11.83666751,0.003884994,0.013433454,
CLK3,1.432012351,0.36376674,55.56925486,3.15E-05,0.000183291,
ARID3B,5.015737397,0.567165803,100.6722489,9.14E-19,1.94E-17,
GEMIN4,-1.045195773,0.429534031,22.06425985,0.007345994,0.023144911,
ALOX12B,-3.201620483,0.4122261,34.09173655,1.11E-15,1.99E-14,
ALOX15B,-3.603473701,0.408014559,36.46381437,1.21E-19,2.69E-18,
PLD6,1.838625304,0.774790099,13.17479284,0.004295855,0.014681227,
ARL14,2.935399802,0.513904134,81.48347675,2.87E-09,3.05E-08,
MYADM,2.745114895,0.323678233,54.58314161,3.82E-18,7.80E-17,
MROH1,1.524187743,0.348813242,42.88260672,4.14E-06,2.82E-05,
NKPD1,-1.790433399,0.881612195,5.951563561,0.008042818,0.024981069,
CITED4,-2.482740715,0.517066864,23.95223342,2.19E-07,1.83E-06,
PDXDC1,0.74025704,0.251856943,74.74515637,0.002356284,0.008673438,
DCTPP1,-1.073695004,0.45200759,26.11583601,0.008123745,0.025209732,
SOCS4,1.611973388,0.274659257,79.66433177,1.44E-09,1.58E-08,
FAM71E2,5.740848406,2.27141913,19.59843166,6.37E-06,4.20E-05,
ANKRD18A,2.827541932,1.091667445,6.852670394,0.001529614,0.005957854,
TRNAU1AP,1.492324428,0.37152519,38.1781307,2.02E-05,0.000121737,
OAZ2,1.254713229,0.339819782,49.3516833,9.71E-05,0.000509336,
PNPLA1,-2.633467285,0.808505291,9.694869247,0.00013657,0.000690099,
PAK2,0.561654801,0.218620534,89.3483474,0.008404951,0.025930767,
MCFD2,0.602962712,0.215728985,86.72561969,0.004193104,0.014369217,
ARHGAP45,3.980215298,0.971344451,10.14959763,1.06E-05,6.72E-05,
NRIP1,0.771655545,0.185826976,160.9233627,2.29E-05,0.000137461,
HIST1H2AC,0.657742018,0.180293886,239.1735823,0.000207757,0.00100775,
HIST1H2BC,1.684684122,0.261681325,143.196039,3.60E-11,4.50E-10,
PCGF5,2.607111278,0.479889437,29.05859712,1.08E-08,1.09E-07,
YOD1,1.979054095,0.21282915,211.1013325,4.31E-21,1.03E-19,
S1PR5,-3.6067115,1.172247997,6.729696863,0.000170429,0.000844495,
ZFP3,2.888216334,0.710763647,16.08303034,9.01E-06,5.78E-05,
HOXC9,2.303366977,0.649454278,15.8524237,6.88E-05,0.000372991,
PPA1,-1.21350527,0.241517166,65.41382433,2.21E-07,1.85E-06,
CXCR2,-6.148203632,1.439903413,8.841557856,7.39E-07,5.65E-06,
SSR4,-2.121175708,0.385590346,30.14620328,6.87E-09,7.05E-08,
CUEDC1,1.316670392,0.610738189,10.71686476,0.010806554,0.031954242,
OXTR,3.13302521,1.072515718,13.88523415,0.001052887,0.004273428,
FAM83H,0.673108801,0.182719929,124.4515554,0.000176949,0.000873352,
PITPNB,1.603952921,0.173495459,175.4075698,7.70E-21,1.82E-19,
TCEAL8,-1.93076429,0.312425198,50.96221196,1.37E-10,1.64E-09,
LSMEM1,3.444039061,0.837415748,51.56408056,1.86E-05,0.000112825,
AEN,1.314939206,0.252842931,85.77549488,8.46E-08,7.49E-07,
FKRP,1.089941806,0.515872377,16.95810297,0.015967897,0.044382071,
TRAPPC5,-2.022218381,0.613274389,12.78494643,0.000175595,0.000867603,
SLC26A11,1.646753789,0.527351967,22.75934788,0.000512578,0.002264268,
HIGD1A,-1.688439493,0.236615443,90.40265842,2.60E-13,3.96E-12,
F2R,-1.573284658,0.666159376,8.795093688,0.004451868,0.015139424,
ZNF707,1.158326966,0.522101339,16.71034358,0.01140042,0.033473572,
NPM1,-1.323513779,0.129587096,310.6671914,7.23E-25,2.05E-23,
DHTKD1,-2.234063375,0.955193726,5.365873099,0.002571045,0.009371481,
HIST3H2A,0.907001446,0.230918836,228.6249561,5.41E-05,0.0003006,
ZNF746,1.238901484,0.444627316,24.78778611,0.00222509,0.008232236,
TLCD5,2.912565046,0.964222746,7.542654494,0.000406111,0.00183869,
HEPHL1,-3.201475685,0.730357814,11.95358926,1.53E-06,1.11E-05,
WASHC1,1.033509022,0.325718122,52.11241017,0.000805799,0.003367666,
ZNF467,1.780602523,0.402759572,32.75810074,2.55E-06,1.80E-05,
ZNF678,1.492619935,0.79645865,11.6209859,0.017736687,0.048277373,
TMEM45A,-3.763515255,0.205923647,185.1294549,1.46E-75,1.37E-73,
RAP2B,-0.986017139,0.38953679,24.62362389,0.006013787,0.019507378,
ZBTB2,0.932467929,0.34227928,52.44817221,0.003822745,0.013248086,
RNF135,-2.338203163,0.589451542,13.64510331,1.10E-05,6.97E-05,
SETD2,1.235247241,0.259217051,78.13651954,8.56E-07,6.49E-06,
MEX3D,1.096646487,0.462628368,19.9540102,0.008328194,0.025722712,
PHLDA2,1.004447496,0.12038723,554.4911858,4.40E-17,8.57E-16,
PLAG1,1.536665025,0.766241102,10.04056795,0.012557348,0.036298995,
GPR3,3.607746593,0.753447109,46.34021853,7.38E-07,5.65E-06,
SLC9A9,-3.133648212,1.23423147,4.875722145,0.001023436,0.004166201,
CLDN7,2.214630701,0.295481487,66.86807708,1.29E-14,2.17E-13,
COA4,-0.758289399,0.303523089,43.62849174,0.008512443,0.026186293,
PRKAG1,-1.010929366,0.302571444,40.44700296,0.000445793,0.001999981,
CCDC149,1.890471411,1.143971187,4.569746221,0.017871323,0.04856151,
CHST15,1.788140284,0.325757869,51.68262544,1.09E-08,1.09E-07,
IDH2,-4.079797651,0.648928707,18.67060843,3.83E-11,4.78E-10,
TMEM259,0.902479694,0.155780578,264.9244842,4.40E-09,4.60E-08,
TNRC18,1.026136974,0.384367463,27.2619946,0.003981048,0.013724323,
NOP10,-0.808314409,0.099058119,602.7978734,2.30E-16,4.29E-15,
FAM89A,-1.523641553,0.397017955,31.02409425,3.68E-05,0.000210863,
MRPL41,-1.754819963,0.332334856,75.6335134,3.17E-08,2.96E-07,
TP53TG1,-3.428901745,1.452267885,3.538387191,0.00203476,0.007622066,
LDOC1,-2.364478999,0.675275718,10.07096391,6.56E-05,0.000357805,
ATP6AP2,-2.275738857,0.475815061,19.36651378,2.88E-07,2.35E-06,
CYB5D1,2.016592095,0.264078868,195.9105888,6.75E-15,1.16E-13,
BACE2,-1.907734361,0.720919468,8.450507228,0.0015116,0.005899345,
NLRP10,-1.513244708,0.291181749,69.64331115,6.52E-08,5.85E-07,
SPACA6,3.889255522,0.957092611,13.02893087,1.29E-05,8.05E-05,
KCNJ14,2.218009357,0.923459108,17.15440154,0.004257656,0.014568721,
FBXL6,2.010762104,0.398902737,34.63942995,1.01E-07,8.87E-07,
NPLOC4,0.816931067,0.227681593,94.55234992,0.000224987,0.001079936,
CAPN12,2.274247622,0.624288064,22.60373072,6.00E-05,0.000330651,
KPNA2,0.354628352,0.135554454,239.6485941,0.008285387,0.025619168,
XKRX,-1.882324279,0.641247336,11.12390272,0.000674472,0.00288781,
GLRX5,-1.126342773,0.443963194,19.45773703,0.004973516,0.016646744,
LIMK2,-1.716505986,0.246027548,67.75501899,8.10E-13,1.17E-11,
MFSD5,-1.070162896,0.291126458,53.95208646,0.000118595,0.000607953,
ADI1,-2.55090597,0.423108309,25.21257165,2.44E-10,2.84E-09,
RWDD4,-1.384699669,0.599681955,11.16198732,0.006414301,0.020604599,
EPHB3,-1.444204795,0.315274798,43.76392397,1.58E-06,1.15E-05,
EPGN,-5.672246066,0.329155074,122.0103727,4.04E-67,3.42E-65,
TRAK1,-0.809930072,0.365177838,28.46020893,0.016937762,0.046478648,
TTC3,-1.389273054,0.497716954,15.86717142,0.001714738,0.006589635,
ANXA2,-0.874048577,0.079052462,766.5670097,1.29E-28,4.32E-27,
RPS17,-2.244602674,0.109073041,511.7402349,7.60E-95,9.53E-93,
HCAR2,-4.854768956,1.038676917,9.554439702,6.22E-07,4.83E-06,
C1orf116,-1.412977693,0.21446007,102.045408,1.61E-11,2.08E-10,
CRIP2,1.874098956,0.608583464,14.01849264,0.000457122,0.002043501,
C16orf72,1.606251698,0.317503944,50.17756423,1.34E-07,1.15E-06,
RBM10,1.046536977,0.195168126,218.6821971,4.55E-08,4.16E-07,
PRKCZ-AS1,2.600855655,1.639596865,5.143241791,0.009148573,0.027839097,
RPL35A,-1.722497383,0.120323482,353.3401965,4.77E-47,2.69E-45,
ZNF721,1.525138561,0.341663968,48.6563671,2.65E-06,1.86E-05,
SRPRA,-0.44927126,0.193344072,109.6720146,0.017681959,0.048166411,
EWSR1,1.170619046,0.142942559,460.0313332,1.37E-16,2.60E-15,
HMGN4,0.712061614,0.20109137,113.494267,0.000299905,0.001397864,
GJC1,2.294679696,0.608882274,20.93513955,3.52E-05,0.000202324,
MTA1,0.961166026,0.385380535,30.97420776,0.007078747,0.022451552,
NAA38,-1.422779801,0.451239901,28.6832651,0.000528701,0.002327296,
AP2A2,1.087845287,0.324647121,43.14094972,0.000402813,0.001826156,
SLC25A10,-2.003525007,0.685688516,12.09376866,0.00060428,0.002620701,
CAMK1D,-2.567928238,0.987514179,5.401466073,0.001146662,0.004613391,
BEGAIN,4.905099483,2.500552307,3.643461133,0.000454514,0.002033817,
ARHGEF37,-3.422842987,0.394721135,36.75083373,5.00E-19,1.08E-17,
SMDT1,-1.009837355,0.407780982,27.09982641,0.006784442,0.02162247,
C2CD4C,1.391639797,0.605445364,13.83120174,0.007042131,0.02236626,
RUVBL2,-1.991817091,0.291447705,51.06775924,1.76E-12,2.47E-11,
PRR36,3.188397575,1.734602668,3.127267311,0.004339481,0.014808319,
BCOR,1.147086185,0.537888104,14.78989091,0.014180631,0.040166812,
GBP6,-4.786589405,1.347239703,6.881845081,5.74E-05,0.000317807,
OVCH2,-3.245369189,1.435561942,4.05555341,0.002760877,0.009974132,
FHL3,2.04401364,0.310558481,64.28894024,1.07E-11,1.40E-10,
NPIPA1,3.07568943,0.781883911,11.92232073,1.24E-05,7.78E-05,
EP400,1.325127701,0.457838421,23.73325411,0.001462466,0.005727022,
PSMG1,-1.266093017,0.481693553,25.11451661,0.003184742,0.01130284,
PRR14L,0.816225694,0.339991859,34.39251492,0.010711701,0.031707739,
TNFAIP8L3,-2.374262016,1.013085882,7.010839931,0.002053269,0.007680972,
TANGO2,1.580649787,0.539313248,18.15616711,0.000974682,0.003986546,
HIST2H3D,4.686483065,1.326395225,25.43488516,3.14E-05,0.000182921,
FAM167B,3.146561983,1.373539523,16.07581361,0.002189871,0.008119349,
MRPL54,-1.291279163,0.369154345,41.31577186,0.000180708,0.000890951,
NDUFB1,-2.284028498,0.430988758,29.3804747,1.89E-08,1.83E-07,
KLHL25,0.921266008,0.420151693,31.43329704,0.016457747,0.045459749,
GPR1,-5.369674851,1.60948745,5.793400657,4.07E-05,0.000231251,
UPP1,1.52504235,0.140222438,289.1343175,5.26E-28,1.73E-26,
TRIM52,2.572273657,0.756392861,13.3328832,0.000134041,0.000678069,
CMTM4,2.44845815,0.351212567,43.41031641,5.65E-13,8.33E-12,
TMEM50A,-0.820609792,0.213580443,87.93603615,8.10E-05,0.000432429,
CBX6,2.767874915,0.521445182,29.85154257,2.26E-08,2.15E-07,
MACC1,-3.905412483,1.15097889,5.80857034,9.12E-05,0.000481893,
TBL3,-1.136749303,0.464760957,16.97106682,0.006291677,0.02025785,
KIRREL1,0.997010981,0.318186866,58.50363458,0.000963787,0.003949009,
TOB2,0.676021805,0.199327119,102.030011,0.000536018,0.002354997,
AC138969.1,2.552560775,0.926278587,7.337011569,0.000908093,0.003740802,
TTC32,1.445765549,0.409059966,40.6723752,0.000144133,0.000724076,
KMT5A,1.638230571,0.324387182,45.76799521,1.16E-07,1.01E-06,
SMTN,1.213174771,0.191739411,244.4800854,1.29E-10,1.54E-09,
COA3,-1.56063399,0.455450823,24.0581713,0.000170378,0.000844495,
PTP4A2,1.316284249,0.241657196,77.72446878,2.14E-08,2.05E-07,
ACTG1,-1.18857944,0.082181155,1268.225046,9.24E-48,5.25E-46,
DENND5A,2.715840689,0.440941263,56.9965472,1.76E-10,2.08E-09,
UQCR10,-1.858836006,0.225827512,142.8527217,4.34E-17,8.45E-16,
NIPSNAP1,-2.770900816,0.46504421,23.29517046,3.31E-10,3.82E-09,
SPRR4,-2.213216556,0.46313519,34.7149658,2.99E-07,2.44E-06,
CRELD2,-1.616104688,0.413266564,30.73471177,2.62E-05,0.000155014,
SCFD2,-1.42059424,0.545467327,14.83967649,0.002811585,0.010135806,
TSPYL2,3.568568348,0.234681743,528.6551542,1.32E-52,8.26E-51,
IRAK1,-0.702469021,0.212286077,83.14574568,0.000690371,0.00294775,
OAF,2.539294188,0.242938556,95.22479874,2.90E-26,8.88E-25,
HIST2H2AC,6.797230965,0.722613338,180.3841834,2.08E-20,4.77E-19,
HIST2H2AB,2.84033754,2.672539754,6.207847555,0.010434671,0.031034151,
TSSC4,0.664150122,0.233367982,96.02586693,0.003387914,0.011922091,
TACSTD2,-1.809687143,0.088034713,903.718176,1.81E-94,2.25E-92,
ZDHHC23,1.949756696,0.984947453,7.357423256,0.009375754,0.028373991,
HIST1H1B,6.340592744,2.370084791,23.75743673,2.33E-06,1.64E-05,
PKP3,-0.748630547,0.163463792,258.2319138,3.36E-06,2.32E-05,
CSF1,2.305979702,0.592937709,53.05221822,2.72E-05,0.000160357,
ACTRT3,3.170352756,1.145506289,18.46380021,0.001304455,0.005168382,
AP001062.1,3.483290747,1.073315137,7.173240453,0.000193552,0.000946598,
BPIFC,-3.102837919,0.362401761,60.08186931,1.34E-18,2.82E-17,
PTP4A3,4.08549018,1.579287637,5.038795374,0.000641891,0.002762976,
PROS1,-2.72086433,1.000545474,5.348930607,0.000695148,0.002965391,
DUSP8,2.471741765,0.402745614,249.9050862,2.71E-10,3.15E-09,
SOCS3,3.771524768,1.012957302,27.04027847,9.87E-05,0.000516974,
XPOT,0.574856754,0.213366386,85.95389763,0.005799008,0.018896414,
TMEM173,-3.381360353,1.493334005,3.617967427,0.002445733,0.008964441,
MED12,0.973569734,0.321410996,73.34561249,0.001441479,0.005660838,
ZBTB40,2.135745297,0.255877233,118.1943145,1.78E-17,3.55E-16,
HIST2H2BE,1.000702388,0.194227988,218.8380827,1.47E-07,1.25E-06,
CLDN6,6.385900647,1.241082407,98.71071005,1.09E-08,1.09E-07,
SERINC4,3.672400529,2.133974046,18.20650618,0.001343234,0.005312876,
FAM110C,1.489923373,0.185620298,157.9590683,3.63E-16,6.69E-15,
NDUFA12,-1.016673095,0.228725881,100.7164645,4.80E-06,3.23E-05,
TCTE3,3.339990648,0.822503475,25.99875834,1.30E-05,8.09E-05,
ZBTB7C,-2.507242384,1.840124612,2.445297535,0.01287665,0.037051245,
APOO,-1.789429322,0.886790113,6.155476866,0.007648837,0.023945995,
RBM33,1.242918325,0.308917232,66.90508312,2.60E-05,0.000153702,
H1FX,1.690662651,0.171923886,288.7583438,2.44E-23,6.53E-22,
JAG2,2.309580222,0.502443987,21.71446903,8.06E-07,6.13E-06,
NDUFA6,-0.99357603,0.253321203,91.87871605,4.95E-05,0.000277282,
TMEM106A,2.941592079,1.177544504,7.813748305,0.002579845,0.009398592,
IFNE,2.501832458,0.978648099,7.133398333,0.001517659,0.005916298,
CA13,2.861726786,0.991097846,9.695581011,0.000806199,0.003368317,
MAFF,2.897320033,0.247812401,291.7775131,4.06E-32,1.57E-30,
CIB1,0.670901913,0.234947608,95.04816468,0.003304345,0.011677328,
NRBP2,1.666829684,0.289904987,58.39204446,2.61E-09,2.78E-08,
TCEAL9,-0.605433524,0.176961725,157.2565838,0.000499827,0.002215743,
RAB11B,-0.94370262,0.290217164,46.99368967,0.000664356,0.002849011,
PRPF39,1.444389811,0.284251367,66.37535093,1.37E-07,1.18E-06,
UBALD2,-1.492609144,0.255347893,71.89389693,1.65E-09,1.80E-08,
SOCS1,2.180757073,0.93424043,9.27840226,0.003872203,0.013395939,
HGS,1.357743719,0.201658739,165.7948267,6.81E-12,9.09E-11,
MAPK11,2.828565528,0.631789471,17.307803,1.15E-06,8.51E-06,
TARSL2,1.371790317,0.700485124,11.21660138,0.015776897,0.043930827,
TMEM179B,-1.952589702,0.350346733,37.10997949,5.20E-09,5.39E-08,
KRT6B,-4.947964128,0.084329076,3269.326697,0,0,
L3MBTL1,1.863367877,1.014810106,5.754122893,0.01290654,0.037129508,
BRCC3,-1.196258421,0.537358236,15.02820596,0.010049541,0.030055073,
AHNAK2,-1.695413134,0.162673738,154.3230413,5.22E-26,1.57E-24,
SP1,0.621766409,0.201647091,129.5016773,0.001621149,0.006270139,
MRPL40,-1.740663243,0.449322105,22.73716664,2.56E-05,0.000151447,
INKA1,-1.478140145,0.827328789,9.25967762,0.017096164,0.046838804,
P4HB,-1.201315437,0.132680372,242.44759,6.39E-20,1.43E-18,
PSMD13,-1.110225223,0.219997822,85.40424461,2.24E-07,1.87E-06,
NDUFA4L2,-4.157609186,0.363002962,72.44754256,2.22E-31,8.35E-30,
KRT79,-3.642207469,0.513326043,25.07484049,1.80E-13,2.77E-12,
BRWD1,0.896172238,0.336760797,40.58435349,0.004757,0.01602309,
PMEL,-3.405802021,1.932123218,2.637529709,0.004048031,0.01391353,
POU3F1,-5.019062477,1.641635423,5.0642183,0.000114003,0.000587908,
MOSMO,1.27322037,0.531487707,17.09273705,0.006392493,0.02054411,
YTHDF3,1.345086839,0.190324162,185.5593851,6.60E-13,9.67E-12,
IFIT1,-3.244996513,1.307857032,5.712697968,0.001973605,0.007421185,
ADAMTSL5,2.711946552,0.584702476,19.39464007,6.21E-07,4.83E-06,
DMWD,1.150021354,0.405912502,36.78931103,0.0021458,0.007973086,
ATP6V0C,-0.263884291,0.110634682,448.8796466,0.016297843,0.045090264,
IFITM1,-9.767309855,2.969185179,18.28224084,9.84E-12,1.29E-10,
LAMP1,-1.142189529,0.137430834,246.371261,4.52E-17,8.78E-16,
KLHDC8B,-1.520491085,0.329147705,56.19458921,1.19E-06,8.79E-06,
ZNF267,1.374548172,0.496790848,20.1436516,0.002037138,0.0076289,
IRS2,1.537016917,0.379464262,40.15625425,1.71E-05,0.000104485,
BICD2,-1.513060153,0.203953624,91.82885856,3.91E-14,6.32E-13,
LCE3E,0.868174673,0.189016602,257.9400531,2.86E-06,2.00E-05,
NDUFA13,-1.823851025,0.237783741,95.48511705,4.21E-15,7.28E-14,
ZNF284,1.342966478,0.686528362,9.788494162,0.016259127,0.045028286,
MATN1-AS1,2.143359046,1.037799022,8.029958239,0.007821813,0.024398965,
KRT5,-4.925656726,0.052482359,6721.934394,0,0,
POLR3C,1.022676779,0.352569555,42.71574048,0.001982655,0.007449124,
CCDC84,2.752060641,0.439671963,47.20098412,8.78E-11,1.06E-09,
SAPCD2,-4.003650157,1.699698318,3.640686935,0.001085287,0.004389497,
SOWAHB,-2.442615727,1.027140291,5.758850495,0.001920171,0.007260567,
TOR3A,-2.829303253,0.683236281,11.72122108,4.20E-06,2.85E-05,
THBS2,-3.066126488,0.427546469,33.01026844,1.10E-13,1.72E-12,
ANKRD37,3.474050715,0.770041274,17.31758863,1.50E-06,1.10E-05,
NUDT17,3.725774648,0.770941136,41.64743292,5.35E-07,4.20E-06,
KRT10,-5.805298308,0.108839373,2415.493786,0,0,
KPNA4,1.10107562,0.221321414,99.38679597,3.40E-07,2.75E-06,
NAP1L2,1.868058325,0.605055396,19.49014881,0.000470958,0.002096523,
RPS23,-2.158595332,0.158602427,180.043876,6.70E-43,3.42E-41,
INSIG1,2.413431554,0.177305246,418.7518403,7.76E-43,3.95E-41,
CEACAM19,2.377753563,0.335673067,66.77601557,3.00E-13,4.55E-12,
SMIM29,-0.694651552,0.273849968,53.08086404,0.008169798,0.025307117,
UBE2H,0.470718552,0.164554689,189.0919031,0.003777058,0.013106211,
MIR22HG,2.171942777,0.1480329,321.5421475,1.91E-49,1.12E-47,
KATNA1,0.834226469,0.254786407,66.86900749,0.000702454,0.00299027,
ZFP91,0.698507966,0.16879505,183.7832096,2.66E-05,0.000157052,
VSIG10L,-2.985346259,0.452073356,31.25253357,5.65E-12,7.61E-11,
ZNF397,1.114297321,0.489045687,17.23465707,0.010425305,0.031012978,
KRT16,-4.982684054,0.095916142,6218.071336,0,0,
HEXIM1,-0.486094334,0.18865513,131.1164627,0.008601937,0.026438023,
KRT14,-6.120177212,0.060633696,8914.898212,0,0,
POFUT2,1.937881068,0.418935201,55.68766322,1.02E-06,7.64E-06,
TNFRSF18,1.62603042,0.873692969,7.716314057,0.01321417,0.037895998,
RTN4RL2,5.506810362,2.346531002,8.706607095,3.38E-05,0.000195149,
FAM183A,-1.21436826,2.337061857,2.187251433,0.016691522,0.045949133,
PLCD1,-1.609052565,0.272482118,60.4281846,1.05E-09,1.16E-08,
NAP1L1,-1.12538441,0.334470104,33.76003071,0.00035988,0.001646665,
AKR1C1,4.556548026,0.362414605,73.46184772,6.32E-37,2.80E-35,
SHTN1,1.063595032,0.372963976,31.4353443,0.002221875,0.008226957,
TSPYL4,1.308582747,0.285899002,75.93813953,2.02E-06,1.44E-05,
MT1X,-1.60863761,0.205666353,188.6643398,1.54E-15,2.74E-14,
EPOR,2.436571655,1.214695176,4.548089945,0.006097793,0.019739514,
CHP1,-1.070573012,0.2084178,93.3748776,1.46E-07,1.25E-06,
C11orf96,1.957836113,0.763757705,12.83036072,0.002126041,0.007906055,
SIRT7,1.344004343,0.290199878,62.0552946,1.47E-06,1.07E-05,
USP7,0.841576079,0.192320372,149.2849783,8.05E-06,5.23E-05,
NANOS3,3.584338706,2.50177861,5.264371798,0.003962122,0.013665904,
PLEKHN1,-0.957437471,0.406912121,25.64033251,0.010051285,0.030055073,
TET3,2.080296381,0.294686533,74.14722609,4.00E-13,5.98E-12,
ISG15,-2.361451804,0.494093201,22.87638349,2.82E-07,2.31E-06,
DHRS4L2,-3.413433225,1.046734647,7.077488007,0.000100999,0.000527551,
SPRY4,1.001525635,0.40528939,25.7056224,0.007173273,0.022688786,
TMEM203,-1.299266688,0.454477179,27.89625304,0.001545941,0.006012962,
PEAR1,1.883842399,0.850954013,7.030186056,0.005303036,0.017537,
HIST1H1C,0.458361381,0.191319418,234.2920886,0.014686286,0.041369818,
LCN10,2.445748423,2.670499391,2.755683891,0.015575507,0.043466531,
CYHR1,0.772233183,0.346951988,42.54490525,0.017693316,0.048178327,
TPRG1,-4.368723737,2.908429806,2.103051571,0.002801804,0.010103185,
MORN2,-2.227781993,0.690906498,11.78017439,0.000188711,0.000925118,
ARL4C,-2.188914265,0.485701291,21.96884748,1.14E-06,8.45E-06,
WNT7B,1.52901762,0.579688204,13.41044864,0.002378291,0.008740457,
C11orf95,4.035714519,0.678630871,25.05505997,8.38E-10,9.36E-09,
PLA2G4E,-4.784712754,0.474662101,40.19811483,1.43E-24,4.01E-23,
FAM25A,-3.10874397,0.305965253,262.2804486,3.20E-25,9.20E-24,
C6orf132,-1.592706307,0.311555945,42.02991174,9.34E-08,8.22E-07,
AGRN,2.444967689,0.219463508,130.7972937,1.35E-29,4.68E-28,
LAMTOR4,-1.909455067,0.334963651,59.51930995,2.59E-09,2.76E-08,
NCR3LG1,1.797744583,0.59579336,14.77295817,0.000610663,0.002644527,
TUBB4B,-0.879432911,0.089085824,1893.263677,3.32E-23,8.83E-22,
COMMD6,-1.100234064,0.392141818,29.09095478,0.002347879,0.008649421,
HES4,3.955787039,0.233870244,210.3174765,5.10E-65,4.19E-63,
IGFL1,-6.681577491,0.171175096,1178.927789,0,0,
ZNF669,1.718994189,0.614964005,16.94642197,0.001239398,0.004946124,
PLSCR1,-1.454377874,0.759023485,7.408633915,0.014085723,0.039930769,
GTF2F2,-0.841993525,0.273771322,52.76403163,0.001348646,0.0053297,
FOCAD,-1.94075138,0.796027083,7.118666155,0.002494111,0.009124796,
ZP3,-1.995878451,1.094752387,4.203921492,0.009446408,0.028543996,
C10orf99,-7.551304313,0.982718587,103.4710951,1.29E-15,2.31E-14,
CLEC2A,-3.356721131,1.49840951,5.206884008,0.001534673,0.005972501,
H2AFX,1.660591778,0.179887624,203.2188926,8.74E-21,2.07E-19,
NCCRP1,-2.68727476,0.225376929,121.851012,1.36E-33,5.48E-32,
KRTDAP,-3.360515167,0.104161119,4038.969866,2.35E-229,9.83E-227,
FAM83G,0.54954808,0.138190244,248.1641111,5.89E-05,0.000325143,
SRSF10,1.133974913,0.298239639,70.1708359,7.24E-05,0.000391071,
NDOR1,1.242915463,0.38972905,35.94296951,0.00060555,0.002625382,
IGFL3,-5.061959002,0.164819227,413.4999016,8.64E-208,3.14E-205,
S100A16,-1.245590646,0.070915029,1630.541374,1.95E-69,1.68E-67,
ZDHHC9,0.796119053,0.328691536,36.54175474,0.010318137,0.030747201,
NOXA1,1.276017818,0.636524189,11.14046973,0.015974642,0.044391876,
SPRED3,4.189952432,0.870105999,24.95638418,7.35E-07,5.63E-06,
ZDHHC11,2.079340847,1.244422267,5.112319242,0.017711587,0.048218563,
RPL14,-2.039862307,0.21778475,98.16088829,1.56E-21,3.89E-20,
BEND4,3.597981481,2.205126714,8.659148709,0.0019965,0.007490945,
FAM120AOS,1.672754035,0.495325836,24.78996556,0.000209781,0.001016137,
NOC2L,-0.723938023,0.268781287,52.78480887,0.005039881,0.01681585,
LRRC66,2.774099505,2.637246719,3.297003716,0.011348231,0.033355822,
ZNF292,1.651024421,0.377239911,37.36825849,3.63E-06,2.49E-05,
SBSN,-2.639193547,0.108820609,2026.257114,8.67E-131,1.71E-128,
ZNF567,1.349365264,0.527579386,21.77923725,0.003797627,0.013170962,
NDUFA4,-1.099488698,0.228790536,73.50285148,7.70E-07,5.87E-06,
RNFT1,1.751675414,0.497218759,21.72907064,0.000107543,0.00055856,
RNF222,-2.403831091,0.596710862,19.87714511,8.56E-06,5.53E-05,
H1F0,0.507021983,0.088855726,658.3654404,1.01E-08,1.02E-07,
LITAF,-0.600113083,0.231816737,84.81914048,0.007644381,0.023937477,
SP6,-2.144928299,0.432690843,23.30680484,1.30E-07,1.12E-06,
CLDN4,-1.801860443,0.258577333,76.55839344,8.19E-13,1.18E-11,
JPT1,-0.881532113,0.197522922,109.7651377,5.10E-06,3.42E-05,
S100A13,1.31688292,0.205995612,164.2225736,5.58E-11,6.87E-10,
KRT77,-4.150160434,1.463793264,4.677033808,0.000496188,0.002201028,
MAOA,-2.010954891,0.395481329,31.06725843,7.74E-08,6.89E-07,
PAX8-AS1,1.477961499,0.456441488,21.18003245,0.000400164,0.001814741,
PNRC2,1.617939912,0.139414808,440.5603973,1.35E-31,5.18E-30,
GJB5,-2.768413901,0.304669969,113.0845855,1.28E-20,2.99E-19,
S100A14,-1.315129948,0.091830284,2631.444719,6.11E-47,3.42E-45,
ALG1L,-2.131943031,2.84779797,2.278624701,0.015950725,0.044361147,
SH2D5,1.193152922,0.184715164,263.5927548,5.02E-11,6.19E-10,
ZFP92,2.583096791,1.123510179,6.141661069,0.00332327,0.01173519,
RASSF10,-2.935135078,1.881277107,2.632122583,0.00711973,0.02255562,
GJB4,-0.973755558,0.429980476,22.2429901,0.012347039,0.035765982,
BLOC1S2,-0.52198143,0.217230666,91.42594785,0.013623844,0.038852871,
TDRD7,1.152209715,0.440091717,20.79486457,0.003960318,0.013663096,
AKR1C3,-2.862250822,0.635634909,12.93720968,8.35E-07,6.33E-06,
SPATS2L,0.986851101,0.303223043,43.72904265,0.000634948,0.002739069,
S100A4,-3.655455734,0.431249176,60.07830483,2.20E-18,4.59E-17,
STK40,2.007914817,0.216275098,150.9020958,4.20E-21,1.01E-19,
SEMA4A,-2.671254889,0.551882801,20.24686089,2.05E-07,1.72E-06,
TUBB,-2.038359085,0.110206145,393.8836173,4.71E-77,4.52E-75,
LCOR,1.573477514,0.538499374,17.61285556,0.00104094,0.004228724,
PPIA,-1.797691471,0.138462839,218.0313077,3.79E-39,1.79E-37,
IARS,1.068427402,0.144343058,252.8764992,7.22E-14,1.15E-12,
CGB7,2.652392315,0.918690715,9.272000759,0.000722862,0.003067497,
NLGN3,2.494385866,0.88814166,24.73775159,0.001448204,0.005682459,
CD55,1.093492969,0.257858292,86.28388631,1.15E-05,7.22E-05,
WDR5,0.860797281,0.246011715,97.54473416,0.000302766,0.001409642,
TRRAP,0.971676717,0.440620659,21.4391596,0.014634411,0.041257379,
FUT4,6.460157697,2.528079383,5.960787533,7.57E-06,4.94E-05,
ASB13,-2.2667866,0.925794817,5.630647846,0.001821435,0.006937841,
PTPN1,0.654064564,0.179648331,136.2251396,0.000215355,0.001038037,
THEM5,-9.277684043,2.981675787,15.36648641,1.38E-09,1.51E-08,
EPHB4,-0.844422816,0.363883458,25.52293213,0.012585676,0.036365648,
XRCC6,-1.803299612,0.141660305,251.5644405,1.01E-37,4.57E-36,
PPP1R26,2.076821211,0.406466856,29.67715895,6.98E-08,6.25E-07,
YRDC,0.948821632,0.222361966,116.1681689,1.18E-05,7.42E-05,
ZNF777,0.86066213,0.369852596,27.85653672,0.012374519,0.035836638,
SIAH1,1.049930904,0.412741744,31.89260869,0.005630249,0.018459832,
IPO4,-1.134928104,0.468411134,18.24661871,0.006708405,0.021424668,
SLC6A9,1.685787623,0.541192309,14.5827926,0.000472276,0.00210171,
NACA,-1.176857262,0.16950746,141.2502192,1.80E-12,2.52E-11,
SPTSSB,-3.990263303,0.780332246,12.43984463,3.69E-08,3.41E-07,
MAN2A2,1.914540739,0.522582717,18.45448256,5.55E-05,0.000307903,
SULF2,-2.604233261,0.398424216,30.21949184,9.25E-12,1.22E-10,
PLXNB2,0.629319327,0.197545,119.2122196,0.001150366,0.004626945,
MRTFA,0.917410195,0.348381586,45.62190625,0.005035603,0.016809706,
MMP1,4.9164691,0.833991386,41.39220018,3.82E-09,4.01E-08,
SDHAF3,-2.548360234,0.870142684,6.903362555,0.00039416,0.001788482,
HRH1,1.246213359,0.382027962,31.55402032,0.000466744,0.002080857,
TOMM7,-3.541695787,0.228042288,111.9106591,2.81E-55,1.87E-53,
TRPV1,1.762705719,0.666905953,16.63815744,0.002118788,0.007881206,
ZNF512B,1.772387292,0.308991011,50.30809622,2.64E-09,2.82E-08,
AMZ2,-0.911607976,0.289630895,43.25950643,0.000978769,0.003997339,
ZNF431,1.83141345,0.432821262,32.37298833,6.19E-06,4.10E-05,
NF1,1.286091086,0.405626619,40.12604597,0.000641305,0.002761312,
GM2A,-3.939572951,0.241081164,126.5395844,5.83E-61,4.35E-59,
S100A2,-2.855827886,0.072127374,1936.498796,0,0,
SNHG17,1.497072244,0.563832943,29.80822399,0.002727209,0.00987102,
HIST1H2AG,3.094023404,0.621521577,103.8337574,2.49E-07,2.05E-06,
STRN3,1.328303648,0.253085334,85.98334864,6.41E-08,5.76E-07,
ILRUN,0.705183181,0.124370998,285.6912752,1.08E-08,1.09E-07,
PPTC7,1.421262677,0.271753036,85.04999004,6.51E-08,5.85E-07,
HIST1H2AD,6.096468812,0.503128616,279.2164641,1.53E-33,6.15E-32,
ZFP28,1.859448972,0.888852865,6.777486549,0.007283276,0.022989297,
LAMB3,3.165368444,0.079371237,1657.957842,0,0,
HIST3H2BB,1.964091396,0.676633337,38.67273043,0.001084346,0.004388147,
PDLIM7,1.407161692,0.266981989,63.65752394,5.12E-08,4.65E-07,
FUT11,2.213718341,0.617327894,13.9864603,5.92E-05,0.000326797,
ANXA4,-2.019590425,0.479923198,17.77882118,4.93E-06,3.31E-05,
LAGE3,-3.338976447,0.795908099,16.18804848,2.47E-06,1.74E-05,
WDR45,0.818100335,0.325414301,53.71078099,0.007882893,0.024556191,
SERTAD1,1.676703056,0.186328157,193.4729582,6.99E-20,1.57E-18,
ZNF100,2.083463686,1.127307753,5.192401746,0.011188799,0.032929287,
ZNF398,0.979662971,0.380657053,26.47364124,0.00553264,0.018187334,
ZNF441,1.370492312,0.474215168,31.58219438,0.001462324,0.005727022,
GMFB,0.806644902,0.339844867,37.76362107,0.011514111,0.033735613,
HIST1H4C,12.10116534,2.561908818,1240.634113,5.80E-22,1.47E-20,
MAFG,3.017398277,0.173292648,616.4733777,1.70E-68,1.46E-66,
ARRDC1,0.657847782,0.276115151,53.55069609,0.01310955,0.037627244,
IGF2R,0.824080005,0.205653556,129.6013621,4.20E-05,0.000238173,
PCBP2,0.374442387,0.157272185,278.2294045,0.015938397,0.044344733,
ZGPAT,1.241136183,0.339000904,49.42486192,0.000108717,0.000564022,
SLC25A29,2.011979687,0.465387549,26.4722033,3.52E-06,2.43E-05,
SRC,0.853533019,0.336305267,40.97878134,0.007056946,0.022397852,
PCNX3,1.293941043,0.318089377,45.22214738,1.92E-05,0.000116495,
ABCB8,1.196441716,0.438592754,25.30931782,0.00277749,0.01002337,
HIST1H3J,6.205881859,2.355429341,21.05315895,3.20E-06,2.22E-05,
SND1,-0.715708601,0.218758635,79.58940101,0.000782692,0.003285023,
PSMD12,0.937041521,0.214538465,115.5995907,7.64E-06,4.98E-05,
NOL4L,3.384262524,1.034030795,7.343839116,0.000197146,0.000961556,
CYSRT1,-3.075482262,0.511365937,33.22925933,2.10E-10,2.46E-09,
ENTPD4,1.035053491,0.30373221,53.96590696,0.000352974,0.001618824,
C6orf141,1.93156306,0.211637579,135.2001102,1.92E-20,4.41E-19,
ZNF165,3.804501103,0.188830347,451.3305816,8.14E-91,9.52E-89,
PELI1,-1.065135426,0.226072106,82.93312138,1.29E-06,9.50E-06,
ZNF655,1.408433311,0.283272292,65.7052194,2.55E-07,2.11E-06,
MRPL21,-1.395459458,0.403494913,27.95412584,0.0001851,0.000909681,
HIST1H3D,4.480514073,0.643753624,101.2081708,1.66E-12,2.33E-11,
MAP3K5,-2.540206442,1.529027545,2.969932759,0.008155333,0.025277557,
GSTK1,-1.907666485,0.357940432,31.83394653,2.12E-08,2.04E-07,
PDGFA,3.046941897,0.444472203,36.61404615,1.26E-12,1.79E-11,
SLC28A3,-3.126154872,0.49807151,32.21021981,5.01E-11,6.19E-10,
HHLA3,-1.837478522,0.848675815,14.10737498,0.005098766,0.016967197,
ENTPD6,1.32063795,0.310095682,48.61575267,8.34E-06,5.40E-05,
FAR1,1.877767395,0.255671417,75.75246172,5.22E-14,8.38E-13,
ZNF841,0.846960863,0.322961763,41.61939422,0.005592355,0.018348669,
MFAP5,-3.471680479,0.488928661,26.68237407,1.51E-13,2.34E-12,
CDC42SE1,-0.484410356,0.142284885,193.9617606,0.000575034,0.002505673,
SERPINB2,-1.643285132,0.149463365,241.7893039,1.26E-28,4.23E-27,
DPP4,-2.491068494,1.240914058,4.114621139,0.00481116,0.016181821,
SERPINB13,-4.421778561,0.513679697,33.77514249,9.32E-19,1.98E-17,
PDCD1LG2,-5.420435633,2.940482539,2.935517098,0.00074611,0.003153542,
SPTAN1,0.488505151,0.174757757,147.1496787,0.004560681,0.015414499,
ZNF460,1.577479527,0.559588223,17.11323499,0.001413353,0.005556774,
PHF2,1.217997788,0.36220917,35.58414628,0.000339217,0.001560399,
RPS26,-1.907453246,0.26389413,83.18039097,1.10E-13,1.72E-12,
PSAP,-1.406664698,0.093876595,513.4081721,3.56E-51,2.14E-49,
S100A10,-1.486514795,0.082801799,1203.733936,1.53E-72,1.37E-70,
RPL37A,-1.811315275,0.112211846,349.9365632,3.00E-59,2.15E-57,
CFD,-4.624954144,3.303263138,2.042555235,0.003428105,0.012049884,
TAF13,1.016480011,0.135295391,312.7592393,3.33E-14,5.40E-13,
SLC9A8,1.678372512,0.525834961,31.51002437,0.000431283,0.001940562,
HIST4H4,5.063421486,0.810887847,101.4278053,6.43E-10,7.29E-09,
ZNF44,1.600593013,0.471657011,32.6108499,0.000220506,0.001060275,
GPAA1,-0.907345104,0.362410622,28.93701926,0.007119054,0.02255562,
ADH5,-1.259649809,0.365884159,28.44766342,0.000229923,0.001100948,
HIST1H2BK,0.911093051,0.198390136,399.0021983,3.39E-06,2.35E-05,
FCHSD1,1.422960083,0.32975392,55.63563594,6.13E-06,4.06E-05,
AADACL2,-4.62814961,1.628016987,4.47837315,0.000249539,0.001186235,
S100A6,-2.402810937,0.078221463,3538.924566,2.67E-208,9.95E-206,
RPL12,-2.507643648,0.10709242,573.7271769,4.51E-122,7.59E-120,
ZNF121,2.656851241,0.285034745,120.8657047,2.65E-21,6.53E-20,
AKAP17A,1.429756604,0.1895319,222.6808787,1.81E-14,3.00E-13,
C1orf122,-0.719534283,0.286574899,49.25855593,0.008569212,0.026349182,
SNHG12,1.30854094,0.339459195,38.82409461,4.72E-05,0.000265506,
ZNF335,1.530465286,0.278582704,153.0058295,1.43E-08,1.41E-07,
RPS4X,-2.247458434,0.10422735,499.8020229,7.33E-104,1.07E-101,
ZNF84,1.506809709,0.51804526,18.23230756,0.001135197,0.004571263,
5-Mar,0.657851624,0.214843992,147.8102213,0.001719833,0.006605536,
AKR1B10,-4.371794086,0.757893574,14.1864899,9.80E-10,1.09E-08,
TMPRSS11F,-1.716266339,0.477135076,27.56868063,8.13E-05,0.00043391,
ZNF770,-1.339133847,0.226019827,77.36271739,1.23E-09,1.35E-08,
MIER1,1.354235467,0.338587925,43.6342421,2.38E-05,0.000141962,
ZNF251,1.541876182,0.488340739,19.16324191,0.000475808,0.002115383,
TFDP1,-0.74081218,0.233582035,73.42823752,0.001082059,0.004380293,
SZT2,2.736591945,0.416767468,94.37488449,1.52E-11,1.96E-10,
QRICH1,0.533307305,0.208383189,127.2593809,0.008819943,0.026973113,
DDX42,0.583271898,0.238300686,70.45456477,0.011702092,0.034213745,
RPL23A,-1.604312419,0.135231854,253.035524,5.72E-33,2.27E-31,
UBL5,-2.0966652,0.165049836,163.8543267,1.14E-37,5.12E-36,
HELZ,1.92211383,0.393434428,47.97901721,2.79E-07,2.29E-06,
CARD11,1.633925676,0.700829095,9.334740718,0.004936824,0.01653998,
ZKSCAN8,1.969171712,0.391574698,40.51165918,1.15E-07,1.00E-06,
PIM3,1.962030201,0.161484134,332.5096215,1.32E-34,5.50E-33,
GET3,-1.499379814,0.19851435,130.0852861,1.44E-14,2.41E-13,
GFPT1,1.956355318,0.298745682,52.24134108,1.37E-11,1.78E-10,
ITSN2,0.828980044,0.306310296,43.21602385,0.004475765,0.015194478,
OGA,1.612821427,0.126151988,504.3443401,6.68E-38,3.04E-36,
MT1F,-1.803003006,0.761212275,10.23746685,0.003485611,0.012227106,
TXNRD1,3.743775923,0.172584391,240.6558654,3.80E-105,5.57E-103,
NRARP,2.526429638,0.142743657,1145.49323,1.10E-70,9.63E-69,
ZXDB,1.654528321,0.547373048,21.98961765,0.000729707,0.003091789,
ZNF587,1.306556905,0.486223715,18.62414978,0.002744852,0.009928954,
TPM2,1.161417221,0.504568913,17.77991523,0.009259575,0.028083986,
SH3BGRL2,-1.929918263,0.730368867,8.768993789,0.0014801,0.005788839,
ANKRD35,-5.818439659,0.765408718,24.29225239,1.10E-14,1.86E-13,
YTHDF2,1.062600361,0.172165301,171.3547405,3.56E-10,4.10E-09,
NBR2,1.422262798,0.597017365,14.48188199,0.005483025,0.018043014,
MAFK,2.095452568,0.26743742,104.4716311,1.16E-15,2.08E-14,
ZNF627,0.89539967,0.398586522,31.01640578,0.014700388,0.041401094,
CTNND1,-1.41642079,0.15177605,176.2546558,3.76E-21,9.09E-20,
DDX39B,1.715656526,0.130396134,447.2262259,5.00E-40,2.43E-38,
ARC,6.529643733,0.415450998,1460.508546,3.07E-55,2.03E-53,
TLK1,1.103236998,0.419064539,27.23070685,0.003704753,0.01288772,
LRBA,-1.685481814,0.499495756,16.16239043,0.00018325,0.000902195,
COPS8,-1.104877039,0.355600693,30.46236383,0.000896956,0.003707096,
MDM4,2.915103343,0.453342725,60.87243252,3.40E-11,4.27E-10,
KLHL9,1.031125532,0.306302424,46.38901001,0.000410153,0.001854557,
TTC37,-0.969997425,0.377772988,25.04042008,0.005529448,0.018185506,
MT-CO2,-0.83619451,0.046704076,24141.94501,7.36E-72,6.55E-70,
GLMP,-1.0319189,0.441543572,21.07537536,0.009533957,0.028739321,
DLL1,2.692125596,0.524609936,107.6792328,9.37E-08,8.24E-07,
ANKRD13B,1.588150668,0.65262621,11.53504006,0.004003389,0.013784125,
PPP1R14C,-1.957874019,0.193227047,128.03644,8.57E-25,2.42E-23,
SMURF1,0.645806778,0.178337776,178.8708928,0.000228694,0.001095447,
SLC5A3,1.547985448,0.286438114,86.83872443,2.29E-08,2.18E-07,
CDC42BPB,1.025286988,0.200585524,103.340673,1.80E-07,1.52E-06,
PLXNB3,1.779466935,0.669642329,11.33778173,0.00179723,0.006858896,
RPL10A,-1.485343712,0.093028223,597.9947801,7.80E-58,5.47E-56,
MT-ND2,0.218909154,0.055099267,11541.61432,6.90E-05,0.000373729,
APCDD1L,3.259057631,0.804837807,15.83523519,1.02E-05,6.46E-05,
FAM169A,1.7577698,0.526548067,17.31331767,0.000211047,0.001021555,
ZNF830,1.02182433,0.275167302,69.23897225,0.000113405,0.000585041,
MT-ND5,-0.729103787,0.061376279,2461.902896,1.11E-32,4.33E-31,
MT-CO1,-0.442614477,0.052573108,14762.24351,3.40E-17,6.66E-16,
FOXJ3,1.126960278,0.264767779,80.01314406,1.05E-05,6.66E-05,
HMGN2,0.957658589,0.188935539,202.7158567,2.19E-07,1.83E-06,
DENND4B,1.497330251,0.407370426,32.94214113,7.87E-05,0.000420991,
MT-ND3,-0.440614614,0.084526574,6555.817129,1.67E-07,1.41E-06,
RUSC2,1.363382824,0.484029552,19.61466751,0.001771884,0.006779041,
FICD,2.329521885,0.529868109,31.09664275,2.30E-06,1.63E-05,
OSTC,-0.562659286,0.241449784,78.92822934,0.016060782,0.044595332,
DCAF12,0.795590607,0.255344198,62.39611837,0.001258051,0.005011865,
MT-ND4,-0.285621094,0.047896342,17407.74278,2.00E-09,2.15E-08,
SMC5,1.462494949,0.391110696,29.79885158,6.33E-05,0.000346512,
MT-ND1,0.772727085,0.054640148,9591.904721,1.43E-45,7.76E-44,
CIPC,-1.387316593,0.575738966,11.76542684,0.005028162,0.01679912,
MT-ATP6,-0.622260592,0.062584218,10647.20924,4.85E-23,1.28E-21,
PRC1,-1.59537456,0.498702979,21.83048947,0.000378388,0.001722783,
MAP3K3,1.545813967,0.429928784,26.42923322,0.000103263,0.000538357,
L1CAM,3.168875053,0.349667912,57.52743644,2.29E-20,5.26E-19,
RASGEF1A,2.070404766,0.955519592,6.535376976,0.004906159,0.016457218,
RPL39,-1.273886373,0.383257438,34.9655333,0.00034527,0.001586653,
KIAA0753,2.898587034,0.314327481,106.2800068,7.05E-21,1.67E-19,
APRT,-1.864372766,0.2327282,87.89664317,2.60E-16,4.84E-15,
GPRASP1,2.947802558,1.132297508,8.964192658,0.002187163,0.008111488,
TBKBP1,1.750196276,0.362541656,48.54216029,3.82E-07,3.07E-06,
CCDC167,-2.291429454,0.452373159,53.48246306,6.24E-08,5.62E-07,
MT-CO3,-0.856660795,0.043438754,17391.59272,8.90E-87,9.67E-85,
MFAP3L,-2.010162163,0.79141213,7.431873584,0.001846085,0.007020107,
INF2,1.606247066,0.371098284,32.57591994,4.48E-06,3.03E-05,
RAET1G,-4.806170935,0.502491908,62.2452885,1.12E-22,2.92E-21,
CENPW,-2.96090803,0.644333284,15.88316222,5.06E-07,3.98E-06,
LOR,-2.895638103,0.874727644,12.91664937,0.000128335,0.000652311,
PRR9,-2.53261841,0.23693778,169.0696069,1.70E-27,5.48E-26,
SPRR2E,-0.994627283,0.183458529,444.7943864,3.33E-08,3.10E-07,
ADAMTSL4-AS1,4.61755918,2.180952044,21.2968186,0.000147471,0.00073896,
HIST2H2BF,2.146288867,0.9404273,14.70801871,0.005650869,0.018501245,
PNLIPRP3,-2.860948888,0.252858765,93.94259172,1.51E-30,5.42E-29,
SNHG5,-0.81517182,0.343866653,37.16885542,0.011391549,0.033454644,
GDI1,1.680082017,0.175023624,274.204562,2.55E-22,6.60E-21,
LIME1,1.222471235,0.479817899,26.74163184,0.004554305,0.01540364,
LIPN,-2.389643382,0.901403293,8.216019306,0.001024731,0.004170241,
LIPK,-2.713869977,1.105569744,8.914639562,0.00124291,0.004957269,
RPA4,2.864628838,4.147419847,3.365508794,0.011403881,0.033476614,
MAFB,-1.064133743,0.300525778,54.93265604,0.000204046,0.000991841,
ZDHHC18,0.900160163,0.240461551,71.36773471,0.000114281,0.000588683,
MACO1,1.69143392,0.365282776,43.06306979,1.01E-06,7.60E-06,
ZDBF2,1.621739127,0.786200721,8.399269043,0.009651694,0.029024489,
PFDN6,-1.297459169,0.3517669,33.07357613,8.71E-05,0.000462492,
HSD17B8,-1.742018374,0.614606992,15.69889706,0.000996411,0.004060977,
BRD2,1.615574435,0.131252082,402.9265947,2.38E-35,1.02E-33,
COL5A2,-2.673276631,1.291297173,3.931128078,0.003643784,0.012707663,
TAP2,-0.92891104,0.334178801,35.34662401,0.003135515,0.011146342,
NBDY,-2.538864416,0.373759256,32.80538819,1.63E-12,2.29E-11,
TNRC6C-AS1,3.367515189,1.023171615,9.821753557,0.0001899,0.00093062,
PBX2,1.130134505,0.210779819,137.0634883,4.28E-08,3.92E-07,
AGER,2.000775505,0.437306064,69.64480848,1.29E-06,9.54E-06,
FKBPL,-1.730568545,0.423019559,23.61762445,1.06E-05,6.72E-05,
SMIM5,-2.587725032,1.55769203,2.962103125,0.010015818,0.029965834,
DXO,0.86190304,0.388908876,34.94567213,0.016504263,0.045551767,
NELFE,-1.3688768,0.272696076,53.18514367,1.93E-07,1.63E-06,
SPANXN5,3.192686138,4.826597877,3.155158772,0.009579687,0.028870862,
SDHD,-1.073238405,0.324530616,43.07974248,0.000469431,0.002090651,
SLC44A4,4.306108041,0.882013762,22.99871453,5.03E-07,3.96E-06,
NEU1,0.818202873,0.227189271,105.5250542,0.000215068,0.001037017,
HSPA1B,3.962796583,0.109055443,2496.418538,9.23E-290,6.06E-287,
HSPA1A,4.248633929,0.077578565,5647.096861,0,0,
HSPA1L,3.75796465,0.768376051,44.31235105,4.11E-07,3.29E-06,
LSM2,-1.013731596,0.352609821,39.74557832,0.002102043,0.007833699,
VWA7,2.777323365,1.041895,8.152028439,0.00138791,0.005467646,
LY6G6C,-2.834374544,0.183505779,219.3508286,1.23E-54,8.01E-53,
BAG6,0.414529315,0.170399169,186.3966584,0.013506684,0.038598519,
PRRC2A,0.551318988,0.156853477,327.6307292,0.000366569,0.001672281,
NFKBIL1,0.983039469,0.346429501,49.37979194,0.002515576,0.009186278,
MICB,3.270276351,0.445004651,46.25755542,3.83E-14,6.21E-13,
MICA,1.097844957,0.307203039,51.92645249,0.000176376,0.000870838,
ZNF805,1.463501778,0.77952524,7.797960309,0.017012721,0.046647239,
HLA-C,-0.921601204,0.153058193,252.0686126,1.07E-09,1.18E-08,
PSORS1C2,-2.347276193,1.058614288,6.951779673,0.00350602,0.012292447,
CDSN,-1.461986019,0.16106314,311.4300755,3.94E-20,8.89E-19,
MRPS18B,-0.959906372,0.2672522,57.42351843,0.000186163,0.000913927,
PPP1R10,2.001547275,0.187121863,233.0337675,2.85E-27,9.14E-26,
GNL1,0.855886291,0.302131342,57.63725881,0.002974325,0.010647389,
HLA-E,-1.132489067,0.122205398,332.2269556,9.64E-21,2.27E-19,
RNF39,-0.937999504,0.243860031,92.27561904,7.10E-05,0.000383697,
RACK1,-1.58833695,0.112491431,347.8680458,9.08E-46,4.95E-44,
HLA-G,0.80254469,0.323701031,85.01981205,0.008836708,0.027015192,
HLA-F,1.879029977,0.447753303,57.31692401,7.82E-06,5.08E-05,
AKT1S1,0.790086819,0.206405011,256.3606354,9.08E-05,0.000480316,
GABBR1,1.988367167,0.356987031,43.78489461,6.12E-09,6.32E-08,
TRIM27,1.360869388,0.450009096,20.68610872,0.000905392,0.003734134,
ATXN2,1.292810887,0.442422269,27.81451172,0.001400727,0.005514988,
ZBTB48,1.129577131,0.510863902,20.88259867,0.012127084,0.035247213,
IGFL2,-3.93334724,0.433751091,38.4853746,1.66E-20,3.85E-19,
ZNF155,1.676835642,0.443750531,30.13410904,4.52E-05,0.000255374,
UQCC3,-1.408906682,0.539589286,14.17953267,0.00282582,0.010181804,
ZNF783,2.054241725,0.576868466,17.65137415,7.91E-05,0.000423238,
SLFN12L,2.858618188,3.209383694,2.135273071,0.012008445,0.03494655,
LGALS7,-2.499946381,0.178409881,218.2616901,1.94E-45,1.05E-43,
FAM71F2,2.165402001,1.127447336,9.76986935,0.012823827,0.036930053,
PSENEN,-1.096952732,0.280319494,63.99311968,4.50E-05,0.000254264,
ZBTB10,3.683826046,0.903471401,17.79982545,1.53E-05,9.44E-05,
LGR4,-1.947857082,0.49844517,17.1103165,1.88E-05,0.000113758,
E2F4,1.465992643,0.214061229,130.5762383,2.72E-12,3.75E-11,
SAP25,1.847387326,0.804942428,17.31157078,0.005479558,0.018042926,
ADGRG1,-2.185755019,0.223670577,99.41767862,2.83E-23,7.57E-22,
MT1H,-1.769156201,0.212905085,188.2272358,2.59E-17,5.12E-16,
MT1M,-2.056889318,1.316750479,7.89302028,0.011961071,0.034827187,
SAMD9,-1.630094543,0.413545583,25.82455624,2.17E-05,0.000131009,
KRT6A,-5.351796356,0.077146977,9973.723429,0,0,
CALML3-AS1,-2.111413246,0.857544824,6.481152103,0.002085315,0.007779765,
RGL3,4.085588442,2.568193784,3.202695051,0.00228394,0.008434137,
TMSB4X,-1.500820383,0.091634024,674.1264989,9.35E-61,6.90E-59,
TMEM256,-2.76373009,0.329145757,59.91868211,6.16E-18,1.25E-16,
CPT1B,2.257378082,0.366812954,51.10625134,1.62E-10,1.91E-09,
ITPRIPL2,1.870012312,0.572496706,14.18494547,0.000242257,0.001155201,
C5orf51,0.663013926,0.245311236,73.77417837,0.005268578,0.017435581,
RFPL3S,3.224699918,2.100809759,14.63185401,0.003054329,0.01090832,
C1RL-AS1,2.729607807,0.627928381,16.73568635,2.48E-06,1.74E-05,
AC108134.1,8.362289836,2.427182176,58.77056354,7.12E-11,8.69E-10,
ZNF316,1.823751754,0.361200802,44.15916715,1.19E-07,1.03E-06,
RNPS1,0.780209829,0.263026555,77.98723277,0.002092487,0.007802301,
NYNRIN,-2.963691968,0.61828638,13.5340614,2.01E-07,1.69E-06,
SERPINB4,-4.318467054,0.519199824,31.47485056,1.37E-17,2.75E-16,
SERPINB5,-1.82993522,0.100750668,896.7580523,2.53E-74,2.32E-72,
HCG27,4.926433401,2.32967499,9.967895747,0.00017263,0.000853868,
HLA-A,-1.295197926,0.104495173,915.9569941,1.12E-35,4.83E-34,
HACD2,-1.19531988,0.253802807,60.87474139,1.13E-06,8.40E-06,
THUMPD3-AS1,1.577329252,0.460358286,26.15242559,0.000190294,0.000931886,
GPX3,-3.892291344,0.330322728,70.12473025,5.25E-33,2.09E-31,
DIO2,2.055557438,1.093868348,12.90565712,0.015382629,0.042997829,
MT-ND4L,-0.221872994,0.0574133,8141.902636,0.00010703,0.000556105,
ZNF611,1.722852773,0.762252234,11.62858369,0.005933401,0.01929839,
DENND1B,1.180251375,0.480346767,27.43957319,0.006246589,0.020143591,
SCAF8,0.981169063,0.278514173,76.79898219,0.000246688,0.001173895,
ZNF254,1.989273388,0.604036859,15.32437005,0.000215798,0.00103981,
MLLT11,-1.461226582,0.479473924,18.21750704,0.000703967,0.002995605,
ASIC3,3.304347617,0.76337367,26.02575516,3.55E-06,2.44E-05,
SUPT4H1,-0.797891159,0.276638625,69.41856033,0.002625272,0.00954759,
NRAS,0.743548893,0.245767763,72.56365001,0.001784895,0.006817479,
QTRT1,0.955498159,0.341353389,48.02930269,0.002931763,0.010506608,
CHUK,1.339468659,0.30202714,59.16676009,3.78E-06,2.59E-05,
LCAT,2.829772646,0.42039024,58.18368753,3.67E-12,5.00E-11,
SIPA1,2.381848047,0.674616435,11.97017631,6.80E-05,0.000368461,
ERV3-1,-1.327792886,0.498115393,16.78974115,0.002724275,0.009864863,
ARL2,-1.914785439,0.323648054,42.60620455,7.29E-10,8.22E-09,
VDAC1,-0.843328564,0.151855797,169.7139907,1.85E-08,1.80E-07,
TMX2,-0.979452369,0.186673663,124.0605755,8.96E-08,7.91E-07,
NDUFS3,-1.156225535,0.378439248,32.00972413,0.001000792,0.004077631,
LBH,1.785086779,0.930927112,18.35152511,0.015269216,0.042715424,
ATF6B,-1.246812951,0.278457745,54.33511055,3.20E-06,2.22E-05,
CLIC1,0.690312968,0.074965686,953.5342756,3.01E-20,6.84E-19,
DDAH2,1.291596773,0.300085757,126.9286496,7.40E-06,4.84E-05,
RPS29,-1.492381441,0.27234018,53.81069786,1.39E-08,1.37E-07,
GTF2H4,1.150544463,0.310797473,74.17905789,0.00010394,0.000541478,
DDX47,1.85259453,0.872993171,34.33933743,0.010634433,0.031539905,
ZNF888,1.664325809,0.741490236,9.795517248,0.006100951,0.019745104,
KCTD11,1.521469424,0.20395777,110.539519,2.96E-14,4.83E-13,
LTB4R,-1.804368134,0.47564412,19.85389422,3.40E-05,0.000196121,
LTB4R2,-1.63746286,0.729348402,8.50598582,0.005720163,0.01868361,
CSNK1E,1.592987961,0.180730328,196.5309838,4.07E-19,8.84E-18,
TAX1BP3,-2.0680237,0.203309467,177.5834703,5.23E-25,1.49E-23,
AP1G2,0.699177436,0.219162535,95.28263332,0.001057234,0.004286084,
TTLL3,1.517529576,0.541176848,23.52399017,0.001644992,0.006351675,
REPIN1,1.140393276,0.279851041,58.1164251,2.26E-05,0.000135638,
UCA1,1.471398405,0.706382443,15.80465486,0.011486174,0.033675206,
CPNE1,0.838402184,0.162246874,190.0955386,1.59E-07,1.35E-06,
MYCBP,-5.174082183,0.779550516,20.51226474,6.05E-12,8.13E-11,
ALG3,-1.044970749,0.421518783,22.23056377,0.006431211,0.020649304,
SMIM30,-0.743188333,0.248620185,60.13770179,0.001998063,0.007494774,
C17orf67,3.142952622,1.059373568,17.5170728,0.000956903,0.003923537,
FIS1,-1.331866359,0.202817579,115.7152347,2.02E-11,2.57E-10,
STARD10,-0.998630384,0.29899724,49.10956263,0.00045793,0.002045788,
MEG3,7.776516605,2.389577958,42.80084333,1.07E-09,1.19E-08,
CPEB1,3.516021599,2.574525431,2.984068501,0.0048367,0.016259794,
ZSWIM8,0.882646795,0.2028328,172.9556965,8.76E-06,5.63E-05,
IFRD2,-0.993774004,0.314820907,43.53845177,0.000865079,0.003588639,
TOMM6,-1.956785677,0.173113666,356.5840444,2.68E-30,9.48E-29,
ARHGEF28,-1.244162429,0.612092026,9.714739268,0.014914054,0.041925839,
PHB2,-1.343875344,0.222968911,100.0167064,6.45E-10,7.30E-09,
GOLGA8B,2.425486573,0.532878762,26.07966317,1.13E-06,8.41E-06,
DDX3X,0.529990283,0.163757168,228.8149122,0.001033071,0.004200465,
MYL5,1.963295014,0.82994404,8.489730036,0.003495056,0.012257122,
NPEPL1,1.788958302,0.488662794,19.21551474,6.27E-05,0.000343776,
AATBC,-3.503090135,1.172592074,5.165679317,0.000269186,0.001268705,
TSTD1,-1.8559509,0.253599818,92.85359622,5.85E-14,9.37E-13,
RPTN,-3.354237264,0.925068442,7.820560908,3.84E-05,0.000219027,
IFI30,-2.994162542,0.59261968,16.46565922,5.87E-08,5.30E-07,
FNIP1,1.858483587,0.273796248,93.05037227,3.20E-12,4.39E-11,
RNASEK,-0.461611493,0.147515002,225.1038013,0.001517011,0.005915441,
ZGLP1,2.112994215,0.777456471,18.82020533,0.001610854,0.006237313,
VAMP2,0.877814402,0.198259814,203.4012739,6.26E-06,4.13E-05,
PPP3R1,0.776219259,0.24830803,68.86955426,0.0012238,0.004889531,
CEBPD,-1.302041754,0.282338121,73.67284844,1.58E-06,1.15E-05,
PPP2R2A,0.733125908,0.2211652,94.05699998,0.000668618,0.002864615,
FADS3,5.064651191,0.497121476,75.34020333,1.53E-24,4.28E-23,
CCNL2,1.69235114,0.169948574,221.8221878,7.58E-24,2.06E-22,
UBA52,-2.291848478,0.164115045,171.4370978,4.58E-45,2.46E-43,
PPT2,-1.786674019,0.357664957,35.16243936,1.43E-07,1.22E-06,
CYTOR,1.958696405,1.002378359,8.883776248,0.011485709,0.033675206,
MEG9,5.978717594,2.233329198,40.6356761,1.45E-06,1.06E-05,
AL441992.1,-0.695777861,1.395933423,2.43699555,0.014595652,0.041181762,
EXOSC6,2.145438057,0.414145178,34.05063938,4.82E-08,4.38E-07,
VPS52,-1.240656472,0.342765632,37.96959067,0.000122618,0.000625557,
ZNF844,1.962349209,0.560410529,28.70087611,0.000121306,0.000619781,
CKMT1A,-3.025917071,0.762850682,9.122027394,8.28E-06,5.37E-05,
TINCR,-1.710982642,0.371467981,33.07520613,1.07E-06,8.01E-06,
LINC00571,2.013456003,1.213731454,5.051671656,0.014998747,0.042102175,
LINC00205,3.207135182,0.558840638,29.90343992,1.88E-09,2.03E-08,
CPTP,-1.055194053,0.395020262,32.81265589,0.003699402,0.012875599,
AL391427.1,6.323403946,1.526692922,14.41644797,1.41E-06,1.03E-05,
LINC01133,-3.127452002,0.854939101,8.775955517,2.68E-05,0.000157971,
ATXN1L,0.706982863,0.234760556,92.73358885,0.001933277,0.007297379,
AL451042.1,5.098599438,1.137525151,18.72848141,2.89E-06,2.02E-05,
SH3BP5-AS1,1.553661961,0.545709547,22.75023697,0.001361099,0.005372761,
NDUFAF8,-1.936079989,0.409385197,28.38979408,4.71E-07,3.73E-06,
INE1,3.510540821,0.523392444,99.29174945,7.15E-12,9.52E-11,
AL512363.1,-2.834643383,1.023904193,6.831868294,0.000528318,0.00232635,
AL603832.1,2.549237904,1.430485626,10.49119258,0.007831309,0.024421933,
AL590617.2,1.699780562,0.669536163,10.89638603,0.002583611,0.009409826,
NCBP2-AS1,3.621127278,2.280275588,8.090695864,0.002375195,0.008731404,
MCRIP1,1.582003458,0.46691382,24.64661449,0.000205075,0.000995788,
SLC26A6,1.371796865,0.457713129,39.29165643,0.001050642,0.004265624,
FAM229A,2.032732683,0.662574068,30.6429578,0.000569435,0.002485201,
LINC00115,2.800557887,1.083549875,8.640712062,0.001578748,0.006125028,
LINC02660,-4.720329741,1.101502449,8.092792644,2.94E-06,2.05E-05,
LINC00685,2.35866124,0.611584413,31.59183931,2.37E-05,0.000141758,
AC016831.1,6.304556653,2.440038697,7.341667065,5.00E-06,3.36E-05,
PARD3-AS1,2.71957421,1.366007732,15.30978747,0.003606467,0.012593432,
SLC16A1-AS1,1.950825194,1.182545555,4.049793713,0.016486131,0.04551993,
TMEM185B,1.412373156,0.395341324,40.46155999,0.000133506,0.000676102,
HSBP1L1,1.049550792,0.245038847,76.58987284,1.01E-05,6.39E-05,
DANCR,0.832547546,0.304877013,52.0760639,0.004124156,0.014146992,
SCAMP4,-1.207976491,0.516201483,15.59460711,0.007594162,0.023807233,
SLC2A1-AS1,2.382570557,0.67032234,14.52328694,6.79E-05,0.000368461,
LINC01068,2.866664429,1.201913577,11.64008336,0.003271692,0.011573788,
AC016596.1,2.757700483,2.256014326,5.707613948,0.008765094,0.026849789,
AC007383.2,1.281931692,0.541817277,23.77290667,0.0066533,0.021284542,
AL451042.2,4.868299399,1.061724127,15.76370655,2.67E-06,1.87E-05,
IL6R-AS1,9.041287588,2.544307602,30.3064115,8.79E-12,1.16E-10,
MELTF-AS1,2.951644426,0.823070152,12.57172665,5.21E-05,0.000290129,
AC093495.1,3.515097432,2.266966913,6.587489195,0.002765653,0.009985875,
MT-ATP8,-0.323573285,0.064294136,4348.877503,4.69E-07,3.72E-06,
LINC01004,2.862876052,0.727082918,31.75136554,1.73E-05,0.000105626,
AL139260.1,3.069860325,0.941945401,12.25009314,0.000186076,0.000913828,
OST4,-2.525278301,0.182551035,394.9770982,2.37E-44,1.26E-42,
BX284668.2,3.609762735,2.193055036,9.298463906,0.001880706,0.00713603,
FNDC10,-2.165528466,1.199037238,4.430404756,0.007922944,0.024664251,
AC008781.1,2.381636175,2.677068474,3.796874669,0.016258377,0.045028286,
BACH1-IT2,3.521824656,1.431194051,12.56333068,0.001182807,0.004736718,
RPL41,-1.123259734,0.156027401,200.8222521,2.99E-13,4.54E-12,
VIM-AS1,5.197468761,2.506577119,4.532734994,0.000250393,0.001189474,
HYI-AS1,4.325201194,2.319863299,16.31762348,0.000709501,0.003015435,
LINC00452,4.264326859,2.165365695,14.79112705,0.000364359,0.001664401,
PET100,-1.429507332,0.520605147,23.81242709,0.001847124,0.007022126,
AL021707.3,1.934127543,0.918198752,25.13007997,0.009691967,0.029120216,
LINC01786,4.068236499,1.388577428,10.9913805,0.000277838,0.001306357,
AC091133.1,2.750404938,0.717866795,55.32075819,2.80E-05,0.000164147,
ZNF341-AS1,2.243215305,2.67697338,8.876252182,0.0177647,0.048334556,
ZNF674-AS1,2.402710312,0.7858968,12.79404609,0.000427089,0.001924829,
MIR205HG,-4.727526274,0.410522159,51.03735777,1.95E-31,7.35E-30,
LINC02541,-3.320383639,1.038759722,7.340918043,0.000146005,0.000732678,
HSBP1,-0.743867001,0.299399059,39.93824747,0.008996993,0.027438342,
LNCAROD,-2.982149705,1.532002526,3.159697644,0.005216037,0.017290732,
APCDD1L-DT,3.356864086,0.563687159,38.58085794,6.92E-10,7.82E-09,
LINC01160,3.550451179,2.532003975,3.905277775,0.004342136,0.014813714,
RPS18,-2.961017355,0.089912222,940.5862996,9.22E-239,4.24E-236,
LUARIS,2.956387697,0.754057134,49.12035364,3.18E-05,0.000184619,
AL136454.1,-2.571325758,1.146390425,9.269837704,0.002138334,0.007949624,
AL159166.1,-2.79467572,1.882193102,3.022742332,0.00851104,0.026186293,
LINC01819,-3.490356196,1.506144872,4.165618681,0.002071981,0.007736293,
KF459542.1,4.112129238,1.447175219,8.97168541,0.000337967,0.001555685,
LINC02818,3.952634462,1.053384786,58.92795978,7.34E-05,0.000395779,
LINC01807,7.086108339,2.578408267,7.634623357,1.35E-06,9.96E-06,
TMA7,-0.92102598,0.188837923,163.7370482,6.54E-07,5.06E-06,
AC093673.1,3.549999769,0.476763184,53.84163032,1.54E-14,2.58E-13,
AL355304.1,2.6372404,2.589781639,2.766980698,0.012781498,0.036831211,
IDI2-AS1,4.80687374,2.242089003,12.13131879,0.000129879,0.000659673,
LMLN-AS1,2.58038534,2.059458303,14.46065892,0.008956906,0.027328169,
LINC00342,2.880000211,0.915911968,9.79361664,0.000305631,0.001421541,
SNHG7,1.225610528,0.368257522,44.99860863,0.000390913,0.001775122,
ERVH48-1,2.996153884,2.116692383,11.41382964,0.004852863,0.016297992,
AC079807.1,3.044819242,1.26895918,7.255569672,0.00269302,0.00976963,
LINC01783,2.355384082,2.147423486,8.219359114,0.013914862,0.039519467,
HOTAIRM1,1.89831327,0.186791193,189.5343503,8.33E-25,2.35E-23,
AL445524.1,-1.413782873,0.564716022,12.30582794,0.003769064,0.013088346,
LINC00513,3.707681209,1.482660639,6.330763341,0.000972358,0.003980582,
LINC01503,-3.902263104,1.154183485,5.369995584,9.43E-05,0.000495882,
RPS28,-2.399168296,0.128269155,326.2729771,8.28E-79,8.17E-77,
KRTAP5-AS1,2.683738147,1.998348067,24.49015752,0.006740902,0.021523473,
AC008443.1,2.511500085,0.800066809,11.07814944,0.00030467,0.001417548,
UQCRHL,-1.640958398,0.750205974,7.773173094,0.006338032,0.020392166,
LINC01191,2.640691515,1.360988801,14.25627254,0.005893282,0.019176442,
MAGI2-AS3,3.306919307,2.413091097,3.671000485,0.005056485,0.016858609,
SLC25A25-AS1,2.033254427,1.204473112,3.980888193,0.014328473,0.040527346,
C11orf94,2.492444902,1.534782969,7.724731815,0.009759317,0.029284317,
AL021392.1,1.530193352,3.57622752,2.44125215,0.014675245,0.041355601,
ZSCAN31,-1.568817147,0.853338011,6.233287431,0.014250425,0.040323123,
AL360181.2,1.802901249,0.662198955,17.75078695,0.001455447,0.005704394,
LURAP1L-AS1,2.555852934,0.887379848,12.43384944,0.000812631,0.003391084,
AC073046.1,1.829336572,0.4858073,45.59731757,3.90E-05,0.000222461,
AC019117.1,2.336015788,1.513109593,5.038778423,0.012296827,0.03566545,
AC003092.1,7.638826851,2.336455496,109.4711858,1.06E-09,1.18E-08,
AL033384.1,-4.04580037,1.362006336,4.556301635,0.000403316,0.001827236,
AC007666.1,3.71167003,2.226960882,8.091123876,0.001715622,0.006591198,
AC092809.4,-6.977132245,2.972237751,4.477367598,3.81E-05,0.000217546,
ZBTB40-IT1,7.004731991,2.357671277,44.02938105,8.17E-08,7.25E-07,
CKMT1B,-3.189701357,0.764765376,9.506774816,3.47E-06,2.39E-05,
RNF223,2.18665122,0.454726996,39.37376266,3.21E-07,2.60E-06,
FTCD-AS1,7.014150201,2.279589308,166.1708656,1.72E-08,1.69E-07,
PITRM1-AS1,3.119193163,1.351292904,12.27462156,0.002193424,0.008128157,
RGL2,0.623132011,0.240548144,77.04614593,0.007577034,0.023764335,
WAKMAR2,-3.094647964,0.814636124,10.36704719,1.95E-05,0.00011773,
C2orf74,-1.897994706,0.515491793,15.95943413,4.74E-05,0.000266465,
AL109615.3,3.717091034,3.026185137,2.416703814,0.005938268,0.019309165,
AL356356.1,4.018801636,1.272043688,63.09359729,0.00015719,0.000784814,
AL357079.1,2.903484373,1.364281328,4.45224147,0.004544774,0.015383341,
LINC01589,1.786577172,0.931760201,10.96249315,0.011457084,0.033618491,
LINC00707,2.37234457,0.36410082,53.41790783,1.52E-11,1.96E-10,
TXNDC5,-1.201741737,0.234741098,73.09208348,1.37E-07,1.18E-06,
CASTOR1,-2.676242768,0.573289258,17.22758203,4.10E-07,3.28E-06,
RNF103,1.980730781,0.310017541,95.23930016,4.72E-11,5.85E-10,
ALKBH6,0.941399877,0.402303189,28.52619079,0.010751449,0.031804929,
KMT2E-AS1,2.349338175,0.341580286,112.6208165,1.25E-12,1.77E-11,
NME1,-1.480725296,0.332786858,40.96292803,2.77E-06,1.94E-05,
CDRT4,1.209162916,0.520636003,18.93703324,0.008401917,0.025927205,
GET4,2.819004066,0.642473323,33.18885471,2.84E-06,1.99E-05,
LY6G5B,2.091681545,0.380992858,57.41596427,1.01E-08,1.02E-07,
PCDHGC3,-2.831762447,0.736513065,10.64372642,1.42E-05,8.80E-05,
AL139287.1,2.729514364,0.431008064,47.55518295,4.82E-11,5.97E-10,
MIF,-1.95537082,0.12157629,505.087889,7.32E-59,5.23E-57,
CRCP,1.597136531,0.264628666,72.27314842,5.03E-10,5.74E-09,
RPL36A,-2.43355969,0.230544048,103.0847801,7.70E-27,2.43E-25,
ATP5MF,-2.723605509,0.236649815,88.38466594,1.68E-31,6.36E-30,
ARHGAP8,0.915217481,0.399616003,26.80063719,0.01277549,0.036821587,
ARPC1A,-0.776989282,0.144769165,247.5005166,5.62E-08,5.09E-07,
SPRR2A,-4.055467533,0.448728773,69.75934394,1.44E-20,3.35E-19,
ATP5PO,-2.736035527,0.245292684,79.65869096,9.88E-30,3.45E-28,
C8orf58,1.491624412,0.41258894,29.08416058,0.000100523,0.000525263,
PISD,1.354314834,0.249123314,103.7827396,2.23E-08,2.13E-07,
PI4KA,0.86274819,0.361141884,33.94695829,0.010519347,0.031252312,
HYPK,2.898807342,2.173700707,8.504567977,0.0063446,0.020404447,
AMACR,-1.816850446,1.123932204,3.947964458,0.015286862,0.04275612,
SNHG3,1.210840521,0.337128635,38.44556804,0.000146423,0.000734243,
ARFGAP3,1.225391663,0.281024754,63.61172617,5.78E-06,3.84E-05,
EIF6,-1.319292262,0.117502218,392.9419557,1.19E-29,4.14E-28,
MRPL20,-1.165794156,0.295630074,43.34162782,3.66E-05,0.000210206,
AP5Z1,2.091506432,0.309256179,95.26168501,3.40E-12,4.66E-11,
EIF4EBP3,-1.113263999,0.315675212,51.72934835,0.000203083,0.000987507,
PSG4,-2.776552753,0.697751745,11.95609673,9.49E-06,6.07E-05,
PRAF2,-1.067179941,0.513047768,22.0473933,0.017050288,0.046731674,
STMP1,-1.755525976,0.449754673,21.65697829,2.24E-05,0.000134181,
KCTD7,3.17634054,0.595624399,24.3671844,2.10E-08,2.02E-07,
EFNA4,-1.011606444,0.472916416,20.5919153,0.015934946,0.044344073,
UPK3B,-3.81667262,1.164981712,5.799399831,0.000133924,0.00067797,
NME2,-2.605905849,0.151750296,234.0695696,5.79E-67,4.88E-65,
PLA2G4B,-2.346297849,0.25395993,78.26634561,4.43E-21,1.06E-19,
NPIPB5,2.269145793,0.757412428,13.43898213,0.00058473,0.002542304,
TTC4,0.721236454,0.252414082,77.67331603,0.003119727,0.011095935,
JMJD7,-2.334325878,0.515231961,19.18837045,9.25E-07,6.98E-06,
ACY1,-2.282682015,0.586863651,13.18664501,1.58E-05,9.74E-05,
DDOST,-1.914943244,0.197862979,134.9587982,8.58E-23,2.25E-21,
P2RY11,1.8212695,0.475684524,31.58220734,3.51E-05,0.00020177,
TMEM141,-3.323023329,0.371411303,56.46386915,4.02E-20,9.05E-19,
DBNDD2,1.075593205,0.23892657,84.15013464,3.54E-06,2.44E-05,
ETV5,2.905565933,0.546157751,23.2741746,1.86E-08,1.81E-07,
RBM12,1.534532715,0.222729684,119.6480207,1.95E-12,2.72E-11,
AL021707.5,2.36532065,1.420482766,12.1327079,0.010618656,0.031499884,
APOBEC3C,-1.428293167,0.367914449,39.96661096,3.44E-05,0.000197816,
ASPRV1,-1.340804971,0.216253144,181.6760315,2.43E-10,2.84E-09,
UBE2V1,-0.672105446,0.215643744,81.79992667,0.001385775,0.005462351,
N4BP2L2,1.260911375,0.398583059,30.3407856,0.000651899,0.002802557,
AC008393.1,2.795471286,0.626920487,52.82239148,2.20E-06,1.56E-05,
LINC02709,1.924650731,0.836013794,19.58480572,0.005700514,0.018623839,
NEAT1,2.712547699,0.12099903,536.4740987,4.56E-112,6.84E-110,
CEBPA,-2.461037486,0.239762291,94.88463822,1.61E-25,4.74E-24,
SNHG6,-2.320315855,0.326665336,56.26727545,2.01E-13,3.08E-12,
LINC01550,-4.041524376,3.795327924,1.937426445,0.006339304,0.020392166,
AL049543.1,4.042506743,2.260919832,8.14943542,0.000989284,0.004035509,
UBE2D3-AS1,1.468152071,0.527999565,28.97638662,0.001843495,0.007012192,
H2AFJ,-2.295188334,0.316772891,58.8232432,7.52E-14,1.19E-12,
SOCS2-AS1,4.304418503,2.471230951,3.791808696,0.001261435,0.00502286,
MIR210HG,1.696294009,0.498668777,22.52429524,0.000167727,0.0008326,
ZBED5-AS1,-2.603307216,1.897706819,2.53815769,0.011450558,0.033606486,
ZCCHC3,2.061343806,0.339282775,62.84930701,3.02E-10,3.49E-09,
OIP5-AS1,-0.95672649,0.432756028,18.56618707,0.014442258,0.040790659,
BCKDHA,-2.425430566,0.659071192,15.59804033,3.18E-05,0.000184876,
LUCAT1,8.649894542,2.528415491,21.34529865,6.81E-11,8.32E-10,
BACH1-IT1,2.877495953,0.823087673,28.24478731,8.79E-05,0.00046578,
ZNF436-AS1,2.13154757,0.705308703,16.17991004,0.000522405,0.002302519,
NOP14-AS1,2.20512931,0.453303137,24.52689816,2.21E-07,1.85E-06,
AC126768.2,2.883238084,2.307888066,7.503838119,0.007767917,0.024269246,
MCPH1-AS1,3.880139548,2.484605492,3.348409999,0.002563966,0.009348144,
YJEFN3,2.794886774,0.527730892,51.46597122,2.81E-08,2.65E-07,
HOXC-AS2,3.062368537,2.932136399,1.987507401,0.0098722,0.029578019,
AC112722.1,4.115885241,1.341226036,13.17643747,0.000187435,0.000919844,
CDK3,2.304222882,0.436958695,70.44151206,3.59E-08,3.32E-07,
SELENOP,-2.222595422,0.78836919,7.60775539,0.000674659,0.00288781,
LINC02381,1.751520464,0.780140811,10.20804456,0.005221192,0.017303661,
AC093866.1,-2.379309412,1.080681413,4.530464512,0.003474596,0.012197768,
SHANK3,2.878333746,0.640309051,18.43961428,1.28E-06,9.44E-06,
ZNF550,1.475556005,0.460189545,28.41089766,0.000464001,0.002071222,
AC007106.1,2.945720959,2.276975518,6.298046517,0.006879121,0.021898933,
LINC01094,-2.371864835,1.102552995,5.318558141,0.00340592,0.011974953,
FOXD1,1.052180562,0.44864534,21.64433004,0.009434203,0.02851336,
MALAT1,1.440101586,0.176798574,725.6313685,1.38E-16,2.61E-15,
AC009812.1,3.699585352,2.520458582,3.657150157,0.003523908,0.012348892,
LINC01605,1.90948314,0.246386157,110.2859331,2.28E-15,4.02E-14,
AC037459.2,2.310860655,0.57088723,45.80708097,1.36E-05,8.46E-05,
SHLD3,1.260460477,0.629391493,11.88620825,0.016278309,0.045054286,
TMEM200B,2.559397688,1.243867073,4.174218823,0.00502829,0.01679912,
C1orf210,1.022553985,0.286201625,53.65295845,0.000193573,0.000946598,
TUG1,1.853614409,0.140324768,410.4738519,2.28E-40,1.11E-38,
TRNP1,-1.097392305,0.234300442,97.31677115,1.40E-06,1.03E-05,
LINC02159,-3.038967025,1.614922693,3.708668518,0.005342245,0.017662429,
AC091185.1,2.245927434,0.517668525,61.97936868,3.05E-06,2.12E-05,
PRKDC,-1.465093269,0.344781136,32.19457373,7.04E-06,4.62E-05,
AC091182.2,0.840002582,0.299628879,80.79304158,0.003260609,0.011540497,
AC100797.1,3.377174758,2.971973317,8.396844703,0.00717853,0.022700209,
AC091564.2,3.078433438,1.372124284,20.34625649,0.002504642,0.009157942,
AP5B1,0.935527898,0.357052201,31.66834244,0.005101561,0.016972407,
AP002336.1,3.480135892,2.720751793,6.951551131,0.005662831,0.018531436,
AC105219.2,2.039482223,0.459636791,48.90643892,1.89E-06,1.35E-05,
AC080023.1,4.396952404,1.131112472,15.48143408,3.30E-05,0.000191391,
AC105219.3,3.326139792,3.411762382,6.568944962,0.008326697,0.025722712,
AP000911.1,5.774299094,2.3448291,11.55029049,1.33E-05,8.30E-05,
EEF1G,-2.061227544,0.089145474,697.5225678,5.88E-119,9.43E-117,
AP006284.1,3.77378648,0.611111402,26.70372771,1.34E-10,1.60E-09,
SLC22A18AS,-2.412474979,1.250947424,4.755659446,0.00688858,0.021923986,
MPV17L2,-2.926196723,0.756279557,9.538783533,1.36E-05,8.46E-05,
SCARNA9,3.671164749,1.793081011,6.364174985,0.002401667,0.008816973,
DPP3,-1.36822851,0.387954405,28.53485243,0.000149155,0.000746047,
BRK1,-1.173641198,0.164901228,333.3552366,5.19E-13,7.69E-12,
AC136475.3,6.121511491,0.545583647,225.536383,4.21E-29,1.45E-27,
AP002807.1,3.429152537,0.904287925,11.27914497,2.82E-05,0.000165153,
EID3,5.921248122,1.046386785,23.1501792,1.69E-08,1.66E-07,
AP000941.1,3.273946481,2.312232089,5.945516678,0.004478887,0.015200262,
SNHG9,-1.094148859,0.311920368,67.52967114,0.000221914,0.001066298,
CARD17,-2.427106797,2.751484522,2.368887429,0.01311726,0.037641546,
EID1,-0.876836262,0.325404354,43.92829134,0.004261725,0.014579028,
AP001922.5,3.197606357,2.325788347,14.26648007,0.005054691,0.016857112,
LINC02757,2.765193033,2.103430462,14.65049533,0.007009637,0.022273311,
HCAR3,-2.28348073,1.348734816,3.642985741,0.009165671,0.027878833,
EBLN2,2.560636126,0.881614801,18.57782533,0.00076355,0.003217399,
CARD18,-3.139989497,0.497059618,27.21100427,3.35E-11,4.22E-10,
AL356215.1,3.450773058,1.549877962,4.603565234,0.001966097,0.007401018,
CCND2-AS1,3.775703845,2.177573298,10.65260619,0.001261538,0.00502286,
ZNF432,2.62698031,0.371456705,69.93038053,3.44E-13,5.17E-12,
AC027290.1,2.203207525,2.809555895,9.188522433,0.018071395,0.049004765,
AP000763.3,1.60450548,0.869583802,34.30723716,0.018153139,0.049187771,
AL732437.1,-2.340202367,1.554710951,6.093661748,0.009310703,0.028220448,
POLG2,1.247712895,0.431279423,82.14540427,0.001767442,0.006765799,
CAPNS2,-6.122380241,0.398568993,112.1862674,7.81E-54,4.99E-52,
MIR200CHG,-1.679735599,0.452428112,103.1178226,5.00E-05,0.000279566,
AP001453.2,1.503621143,0.489948557,19.91196813,0.000661318,0.00283863,
LSM14A,0.495653603,0.175042078,133.9206117,0.004026621,0.013857199,
FNTB,-2.017944542,0.627022775,11.4691547,0.000232181,0.001110606,
AC068888.2,5.310510859,2.418883482,7.631816865,0.000114531,0.000589751,
GALNT4,1.682378005,0.715613105,9.732409777,0.004419114,0.01505029,
LBX2-AS1,2.172859767,1.094368076,9.133836194,0.008340316,0.025754389,
CNPY2,-0.994967548,0.349761196,33.39006118,0.002380766,0.008747221,
ATXN2-AS,2.661685385,1.376742844,6.423297124,0.007158283,0.022656951,
C17orf49,-1.459654068,0.395388803,34.7797645,7.28E-05,0.000392279,
LINC00641,2.974015829,0.438332926,144.563065,4.03E-12,5.48E-11,
AC005519.1,2.756320082,0.837225311,13.24407947,0.000181514,0.000894283,
TRIM34,-2.883679035,0.977087549,6.07600115,0.000332344,0.001533384,
HIF1A-AS3,5.000102662,2.362540135,12.37359716,0.00018086,0.00089138,
AL132711.1,5.409423647,2.363736504,25.17855233,6.27E-05,0.000343678,
AL135999.1,2.078808941,0.710818245,14.86287428,0.000726888,0.003081739,
LINC00520,-1.356664347,0.303435138,56.42217188,2.93E-06,2.04E-05,
MC1R,3.19350303,0.891056339,24.41167232,0.000107707,0.00055899,
CEP95,1.540924737,0.373825565,50.02482525,1.29E-05,8.05E-05,
AC004846.2,1.280738432,0.553485451,35.80663991,0.008046868,0.024988023,
AL355075.4,6.031052094,0.363154219,1701.602336,6.30E-63,4.94E-61,
AC090607.1,3.754615192,2.508725439,11.96903376,0.003143762,0.011172704,
AC108449.2,1.510826727,0.452585666,40.20686035,0.000275024,0.001294009,
AC009996.1,1.93289135,1.107837078,13.60283511,0.015087535,0.0423015,
AC009269.4,2.758729416,3.384947925,3.235451041,0.0125544,0.036298076,
AL138976.2,5.996541399,2.542183924,8.863261355,4.77E-05,0.000267987,
AC009120.2,2.222088463,1.340591346,4.132455596,0.015046585,0.042206521,
CRIM1-DT,-6.949145432,3.088055295,6.130252453,8.90E-05,0.000471759,
NORAD,2.645602919,0.113446216,640.4093874,5.02E-121,8.34E-119,
AC051619.8,4.684222017,2.269890994,17.06380134,0.000226721,0.001087503,
AC120498.2,4.566182656,3.455390575,4.269856023,0.004276325,0.014625349,
LINC02137,3.743449137,2.307281413,6.465458663,0.002061665,0.007706114,
KDM7A-DT,3.502037163,0.497089966,38.42208815,3.63E-13,5.44E-12,
LINC02533,7.315337924,1.231423232,178.696947,6.74E-11,8.24E-10,
AC027373.1,3.172501059,1.357235394,11.86532916,0.001988515,0.007467076,
SCX,3.041409648,0.827376593,19.45954669,4.34E-05,0.000245769,
AC132872.1,4.167189814,0.832056217,22.48655913,1.02E-07,8.90E-07,
ERVK13-1,2.300880551,0.894670043,7.066785981,0.001621972,0.006271563,
AC011374.1,-6.288731276,3.431083603,4.02871576,0.00078812,0.003303784,
AL118516.1,1.280224875,0.316348672,118.216859,2.30E-05,0.000137533,
AC120498.4,1.655401764,0.832674655,22.81189987,0.009368743,0.028358994,
AC008870.2,1.799933082,1.067349639,8.322915784,0.014919626,0.041932962,
AC092803.1,1.638792617,0.893945497,12.22117227,0.01767379,0.048163171,
AC009041.2,4.2290331,1.369933119,9.084210535,0.00016559,0.000822287,
FBXL19-AS1,3.577030188,0.494993545,69.80416157,1.57E-13,2.43E-12,
AC135050.3,1.996644397,0.88432769,10.84279133,0.004453165,0.015140101,
CAPN10-DT,3.298059299,0.864978105,32.49236614,5.21E-05,0.000290129,
AL390195.2,2.061204669,0.61234333,36.26197675,0.000207941,0.001008289,
BX255925.1,5.285168763,2.143461244,103.5186032,1.01E-05,6.42E-05,
AC105046.1,2.078432423,0.780931074,38.36790691,0.002370658,0.008717049,
AC234775.3,1.780069899,0.934578719,15.95908075,0.0117117,0.03423458,
AC012181.1,3.057024127,1.252364553,11.65833197,0.002476009,0.009063374,
EPPK1,1.027001296,0.324230896,36.52188549,0.000829092,0.003450384,
SPINT1-AS1,-1.577829062,0.589966411,13.34012209,0.001920367,0.007260567,
BOP1,-1.065631164,0.427287424,22.35533551,0.006014775,0.019507378,
AC012181.2,1.912914935,0.897572926,18.06140378,0.006273731,0.020218937,
ATP2C2-AS1,1.637346799,0.716483846,10.33253613,0.005650217,0.018501245,
AC010168.2,2.060913931,1.025453536,24.3057755,0.013574706,0.038736755,
AC124068.2,4.108317848,1.007398281,40.22721168,2.75E-05,0.000161834,
PAN3-AS1,2.233069748,1.089547736,6.418278426,0.007165703,0.022670036,
TBILA,3.066374411,0.572297587,49.41020033,2.07E-08,1.99E-07,
GAN,1.497592462,0.437287481,23.69941388,0.000197495,0.00096237,
AC007728.2,7.232057271,2.323206936,70.26110238,8.66E-09,8.79E-08,
AC006504.1,3.479205669,2.797226821,2.28467405,0.006312568,0.020315634,
AC144831.1,2.718546778,1.302142066,18.05851526,0.004474621,0.015194333,
AC108134.2,5.202342886,1.262162177,47.01923549,2.70E-06,1.89E-05,
DLGAP1-AS2,4.173191417,1.455721918,6.935050048,0.000305849,0.001422073,
AC020978.5,1.143142354,0.499216471,17.76250589,0.009595273,0.028890958,
AC007952.4,5.989538258,2.31525688,28.71442919,4.67E-06,3.14E-05,
CORO7,1.187762011,0.549798073,14.48608594,0.01259734,0.036378738,
AC099684.2,3.27262722,2.603568248,5.560169469,0.006438993,0.020669483,
AC090617.3,9.673680756,2.488103107,144.2969005,2.30E-14,3.78E-13,
AC135050.5,2.99764334,0.780061285,24.74929016,2.63E-05,0.000155458,
MRPL12,-1.928206165,0.298992063,74.5950113,2.41E-11,3.06E-10,
AC027796.4,1.451286051,0.597268151,23.54504406,0.004730737,0.015946305,
AC090617.5,7.899107077,1.255958556,146.3975726,3.82E-12,5.20E-11,
AC125421.1,2.735431189,2.118232366,12.74446656,0.007543244,0.023669115,
AC009831.1,1.668506545,0.706761763,14.22373274,0.004525687,0.01533378,
NBPF11,1.674508264,0.85614236,7.687812343,0.011839605,0.034535308,
ANXA8L1,-2.652610211,0.42938441,28.88388836,8.95E-11,1.08E-09,
AC016866.1,2.637888601,1.548736721,7.575079408,0.007783089,0.024305642,
AC104564.3,2.191986984,1.176715669,6.686551388,0.007611042,0.023849313,
OTUD7B,2.192480703,0.397988581,46.31979739,8.55E-09,8.70E-08,
AP001020.2,4.011463211,2.188744066,12.68929495,0.0007796,0.003273038,
GJA5,-4.546904872,3.620610389,2.317915393,0.004450222,0.015137556,
ANXA8,-2.167140062,0.473263889,21.29459911,8.07E-07,6.14E-06,
TIMM23,-0.459689813,0.180677841,152.1532976,0.009581815,0.028870972,
RNF115,1.310442991,0.478591012,20.57155257,0.002348762,0.008650365,
RPL17,-1.315617668,0.084793359,621.0795372,1.12E-54,7.32E-53,
TXNIP,-2.100019161,0.099292188,791.4988973,5.37E-100,7.34E-98,
RASSF5,-1.662901138,0.991006503,4.715984867,0.01757477,0.047946141,
NARF-IT1,2.077095051,1.52330832,8.739840916,0.018322446,0.049545478,
LIVAR,-4.043868659,4.629401783,4.430680603,0.007062916,0.022411644,
NBPF15,1.454799886,0.538952865,18.40605721,0.002206342,0.008173831,
SNHG25,-2.060947938,0.654266821,27.45157434,0.000267751,0.00126237,
NCOA4,-0.447095046,0.13929008,235.0166485,0.001181262,0.004731906,
MRPS21,-1.396620326,0.187810597,132.2805588,3.86E-14,6.24E-13,
AC127024.5,2.406213957,1.992312644,3.643978666,0.013802915,0.039266177,
AC055811.3,3.942437488,0.980527657,83.81119764,3.93E-05,0.000223746,
AC005546.1,4.557554998,1.40092569,14.69604774,8.24E-05,0.000439402,
AC087289.1,5.879525453,2.282503435,24.37484844,4.45E-06,3.01E-05,
AL050343.2,2.403639898,1.32364919,17.78515447,0.008736569,0.026774295,
UXT-AS1,2.936078074,2.412759564,3.900088487,0.008151971,0.02527459,
AC022098.1,3.13674115,1.022761238,24.87752379,0.000810078,0.003382474,
PARD6G-AS1,2.199693164,1.309030776,15.02041327,0.012596447,0.036378738,
AC027307.2,1.175275305,0.515455605,21.97035552,0.009458847,0.028575325,
UPK3BL1,-2.89892771,0.466600524,34.99987941,6.05E-11,7.43E-10,
AC090236.2,3.426810675,2.076292055,22.04548587,0.001864557,0.007082544,
AC020916.1,3.842758753,0.587999984,27.04652314,1.50E-11,1.95E-10,
AC010327.4,2.402469474,0.63472736,15.45358903,2.51E-05,0.000148883,
AC067852.3,3.644728094,0.928182735,19.30951496,2.52E-05,0.000149213,
ZNF224,1.473187991,0.560524315,14.4889869,0.002572948,0.009375939,
KF456478.1,1.956456066,0.466231937,41.62425479,5.78E-06,3.84E-05,
LIN37,1.241949455,0.397973404,30.87759196,0.000766334,0.003225195,
NDUFA7,-2.707963007,0.30944667,51.58242251,3.03E-19,6.64E-18,
AC026803.2,3.895977107,1.236327291,64.12530265,0.000178486,0.000880627,
AC009955.2,4.473623169,1.351704494,16.87506211,7.36E-05,0.000396562,
PTOV1-AS1,4.065720314,2.255458467,7.364679838,0.000916528,0.003771047,
NBPF12,2.375921755,0.721153346,11.92552641,0.000180445,0.000889973,
AC022154.1,3.425915798,2.604109573,4.97569882,0.005469342,0.018021979,
AC005261.1,1.619548113,0.445229287,26.94713331,8.16E-05,0.000434996,
LINC02560,-1.637370301,0.540823246,25.62887786,0.000610732,0.002644527,
SCGB1C2,2.475636519,2.345966873,15.1205254,0.013158257,0.037743492,
AC132192.2,2.027003964,0.855224515,11.25856824,0.002948272,0.010556865,
MIR4453HG,1.81102986,0.732404563,11.11110289,0.002772554,0.010008174,
AC073389.1,2.320172928,1.219360246,6.51262992,0.010790526,0.031913685,
AC115522.1,-2.832007301,1.235938614,11.39966829,0.001813736,0.006914243,
IGFL2-AS1,-3.429947,0.940272585,7.676010168,2.90E-05,0.000169563,
AC008687.4,5.287744359,2.507416463,4.898959345,0.000208031,0.001008371,
AC016586.1,5.261219565,0.841077472,35.89111302,1.46E-10,1.73E-09,
AL118506.1,4.640519063,0.378192569,96.21209818,4.72E-35,1.99E-33,
AC010422.2,2.129334263,1.8118335,6.884180911,0.018475082,0.049903334,
AC010319.3,5.231744882,2.388198862,15.90685284,0.00012242,0.000625009,
AC020922.3,2.20612054,1.939361898,5.330690381,0.016948834,0.046481301,
IKBKG,1.931872779,0.427266795,29.0648436,1.45E-06,1.06E-05,
PTOV1-AS2,3.063708992,0.509273352,32.1066316,3.38E-10,3.89E-09,
AC008982.2,4.182287448,0.778873783,55.75277994,3.42E-08,3.17E-07,
NBPF9,2.283291877,0.98492299,6.511174243,0.003555468,0.012453164,
AC006262.2,-6.211967819,0.836117321,32.42947612,2.56E-14,4.21E-13,
ZNF528-AS1,2.278997703,1.168812901,4.703762991,0.007820857,0.024398965,
RNF225,-1.564088178,0.559610154,18.87510168,0.001387632,0.005467646,
EGLN2,1.612228845,0.277651308,74.23624948,2.05E-09,2.20E-08,
SNHG8,-0.859992914,0.348539391,29.65955622,0.008308528,0.025679212,
RMRP,3.707599537,0.652422442,1204.210778,1.01E-09,1.12E-08,
Z98884.2,2.650717533,0.818786858,13.59036186,0.000235825,0.001126867,
AL158152.1,2.552444673,0.74978382,15.34651375,0.000134445,0.000679861,
AC068790.2,4.535281422,2.63928192,6.118980312,0.001409877,0.005544687,
AC090181.2,4.297050885,2.51152682,5.468450964,0.001441873,0.005660838,
AL020997.2,4.017924073,2.287950936,6.43173685,0.001152325,0.004632126,
KC877982.1,9.651654163,2.455333745,335.8543957,1.97E-14,3.26E-13,
AC232271.1,2.209131398,1.023914253,10.14279402,0.006276979,0.020224682,
Z93241.1,9.727258008,2.512222195,100.3692839,2.60E-14,4.26E-13,
AC068790.5,2.464356945,0.875632048,14.34439834,0.00069826,0.002977746,
AL356488.2,6.484758333,0.976377666,70.05145014,1.21E-10,1.45E-09,
MIR222HG,3.597646094,0.358092581,67.46812578,1.76E-24,4.89E-23,
AL360012.1,7.318209118,1.014891648,125.9298747,2.21E-12,3.06E-11,
AL049840.6,2.140656431,0.82692065,14.49947076,0.001501894,0.005866442,
TERC,7.367570922,2.386464915,50.83182471,2.07E-08,2.00E-07,
AC004918.4,1.7196605,0.978521719,10.1031034,0.013476899,0.038529357,
AC104109.2,3.398710715,2.344268421,4.984281846,0.003945269,0.013617986,
AC016773.1,4.313957144,1.261576815,38.73318525,5.95E-05,0.000328348,
AC026367.1,4.921111538,2.27822383,11.66287739,0.000119983,0.000614842,
AC104695.4,5.728775077,2.4409078,9.74185996,4.39E-05,0.000248428,
TAF15,-1.255204217,0.281318133,48.41556367,3.41E-06,2.36E-05,
SRXN1,2.554263861,0.121098971,446.0537311,1.21E-99,1.63E-97,
AC018638.6,2.390699439,1.158036975,15.45592235,0.008314394,0.025691589,
MMP28,-3.341369093,4.983334629,1.769733213,0.009531376,0.028737818,
Z83843.1,2.27318714,1.061997401,5.962193188,0.004442166,0.015113878,
AC011337.1,3.517991139,2.359765749,5.521619218,0.003384412,0.011917553,
AC013400.1,2.833074663,2.580337497,4.287673096,0.010226506,0.030507086,
AL162258.2,1.30930673,0.345933587,65.79936837,6.40E-05,0.000349912,
GTF2H5,-1.834738337,0.78969703,6.740317421,0.003629179,0.012659926,
AC008972.2,2.827267185,1.831897518,7.109060291,0.007782035,0.024305642,
AL390719.2,5.212546071,0.425771404,273.1037852,1.77E-34,7.35E-33,
NFYC-AS1,2.857444588,1.556973281,6.286394547,0.005546003,0.018222582,
AC087623.3,2.211976553,2.195512901,5.467337339,0.017510084,0.047801231,
AC005041.3,2.907190233,3.023528828,2.613602865,0.011172828,0.032903336,
AL645940.1,2.449251815,0.975662607,18.20334055,0.002639226,0.009589605,
AC044849.1,3.178737804,1.346534104,17.13752297,0.001885833,0.007151551,
AC034198.2,2.437000562,1.73209257,6.042355694,0.011905878,0.034684634,
KMT2B,1.177813662,0.323611496,61.99470949,0.00012846,0.000652707,
AC008035.1,-6.060847825,3.240237153,4.291616457,0.000692881,0.002956633,
POM121C,1.034174165,0.427991632,31.04416552,0.008156591,0.025277557,
CD24,-2.435337408,0.120164666,379.8982435,4.06E-92,4.83E-90,
AL139246.5,1.300455307,0.429080252,28.74267494,0.000936183,0.003842749,
AL391244.2,2.404018144,0.811098887,11.75313649,0.000546872,0.002397342,
AC113194.1,5.714422853,2.498992589,5.967822953,6.78E-05,0.000368304,
AL021807.1,5.421999256,0.937857923,269.1671329,2.20E-08,2.11E-07,
AL645608.7,5.063746256,1.309174708,17.93633217,7.73E-06,5.03E-05,
AC093673.2,1.294321192,2.49260087,3.331568492,0.017276575,0.047267395,
U62317.1,-2.99996087,0.783679231,12.63663363,1.40E-05,8.67E-05,
AL021707.6,2.494242962,0.553903922,60.55248941,1.64E-06,1.18E-05,
ADIRF-AS1,4.918995435,0.324631024,610.7910967,7.00E-52,4.30E-50,
AC007881.3,2.349048575,2.945750592,4.248611392,0.016604421,0.045773274,
AC004908.2,3.038666305,1.160461003,13.29809705,0.001916186,0.007252705,
AL022328.1,3.159082476,3.541676629,4.588966915,0.009595882,0.028890958,
DCP1A,1.426811431,0.267390324,102.5353256,3.66E-08,3.38E-07,
LINC01578,0.971922031,0.331463227,49.09471288,0.001925731,0.007278852,
ATP6V1FNB,3.485179878,1.282469887,19.56006047,0.000718488,0.003050812,
AL353708.3,2.887163393,0.964500114,25.47234975,0.000624158,0.00269674,
AC012360.3,2.469165483,0.736168805,19.40677882,0.000171369,0.000848241,
AL731533.2,5.641761274,1.348051371,21.15334518,1.58E-06,1.15E-05,
AL355388.2,3.103541051,2.979726554,2.77568652,0.009481467,0.028624862,
AL365203.2,1.407335026,0.466684485,46.57556697,0.000975284,0.003987826,
AL021707.8,6.407368103,2.79727669,12.32649812,0.000107638,0.000558842,
AC144652.1,2.623497604,1.6238272,4.630002366,0.008701024,0.02668907,
AL022328.2,3.909798112,2.729165556,4.86813404,0.003659079,0.012754557,
LINC02604,1.384321297,0.684635417,14.88514642,0.014212564,0.040249,
BX537318.1,3.192220452,2.803637292,2.991980719,0.008194741,0.025367896,
AC104506.1,2.182765563,0.941815167,10.20465332,0.002881109,0.010351289,
AP001437.1,5.776736138,2.371485243,19.40895634,2.05E-05,0.000123994,
AP001033.2,2.245697551,1.155325437,6.359506911,0.008133705,0.025234966,
AC018690.1,1.687061397,0.641968219,32.18970862,0.00215212,0.007994416,
PAXIP1-AS1,1.426657857,0.611474699,13.13964754,0.006131362,0.019829574,
LINC02019,4.513708237,2.47796846,5.888026194,0.000898514,0.00371131,
AC012510.1,2.836505721,0.588526672,34.02598936,2.59E-07,2.14E-06,
HIST1H4K,3.875887866,2.360610013,9.12238496,0.001900392,0.007200828,
CWC25,1.63520069,0.205794667,204.3182308,6.53E-16,1.18E-14,
AC131009.3,2.384679543,0.644086166,27.00022315,3.27E-05,0.000189763,
EPOP,2.031905358,0.418349816,38.06561867,2.81E-07,2.31E-06,
HIST1H2BM,4.39161366,2.379043275,23.74976389,0.000797679,0.003335748,
AL117379.1,1.545804016,0.857596744,10.53959787,0.018141244,0.049165194,
AC245041.1,-2.221505658,0.508120575,22.11683206,2.00E-06,1.43E-05,
HIST1H2BG,4.577363725,0.229045926,1813.290659,3.87E-89,4.34E-87,
TAF9,0.628798624,0.189494142,136.3782701,0.000720904,0.003060126,
SOCS7,0.918102611,0.393873989,25.93690438,0.011498646,0.033704613,
AC015912.3,1.162153867,0.365990619,60.68422722,0.000685,0.002927532,
HIST1H2BE,2.415531704,0.773195094,51.75629536,0.000546685,0.002397284,
AC103691.1,1.644713101,0.661085175,13.02439204,0.003158869,0.011220693,
AC090970.2,1.816252939,0.894217244,9.094527277,0.008559322,0.026324635,
AC005332.3,2.287341098,0.750369974,18.45848389,0.000387532,0.001761508,
AC080038.1,2.255467476,1.859972415,3.772229852,0.015995439,0.044440721,
HIST1H4F,10.22465769,2.567620244,84.23757777,2.96E-15,5.17E-14,
AC106886.3,5.693732438,2.361455847,25.99226279,2.52E-05,0.000149213,
AC004466.2,4.182189185,2.406067906,4.909129405,0.001271856,0.005057387,
HIST1H3E,2.444423706,0.606381344,22.69254332,1.14E-05,7.15E-05,
AC004825.2,3.805367508,2.310019589,15.80068363,0.001863561,0.007082544,
AC068473.5,1.500705247,0.612788277,15.07816869,0.004247164,0.014536423,
ZKSCAN2-DT,2.504582088,1.465630575,6.184419963,0.008890994,0.027139067,
AC079684.1,2.425175451,0.863962441,23.03853126,0.000795235,0.003327545,
HIST1H2AH,7.57278053,1.243084348,206.4155705,1.90E-11,2.43E-10,
MLLT6,1.05354506,0.474709911,17.23538222,0.012915412,0.037147289,
AC011468.5,2.610232112,1.093594717,10.32656998,0.002745764,0.009929651,
AC020663.3,3.634258911,2.344735708,11.14414398,0.002715722,0.009844223,
AL031710.2,3.172847387,1.503494513,6.940204119,0.002887129,0.010370219,
HIST1H4L,8.146722956,2.403352447,73.23378418,1.74E-10,2.06E-09,
AC048341.2,1.773458563,0.834976698,11.5434166,0.007202778,0.022766453,
AL161431.1,2.688100899,0.304083749,87.48148379,1.88E-19,4.17E-18,
HIST1H2AK,3.257178588,1.051967499,26.81022096,0.000333119,0.001535931,
AC010503.4,0.744298519,0.212225167,131.203336,0.000330008,0.001525155,
PRAG1,-1.71065423,0.492608593,18.104163,0.000126751,0.000644972,
HIST1H3I,6.503116773,2.374449671,25.07613938,1.23E-06,9.07E-06,
AP003419.3,1.022558863,1.941755217,4.138933474,0.011182078,0.032923551,
HIST1H2BH,2.442074634,0.986381126,9.981489388,0.002850767,0.010252955,
HIST1H3A,6.840566762,1.256988537,92.58051471,1.62E-09,1.76E-08,
AC092747.4,1.534852254,0.568426245,23.64114855,0.002076645,0.007751611,
AC091982.3,2.435577515,1.576106521,6.092794888,0.011103291,0.032726487,
ARHGAP23,1.103899648,0.277856469,62.70215477,3.63E-05,0.000208314,
AC132872.3,6.214293924,2.662042029,6.862928055,6.17E-05,0.000338557,
AL021578.1,5.145770805,1.313721524,27.74191683,6.10E-06,4.04E-05,
U2AF1L5,2.193427511,2.060716809,7.398017635,0.016629617,0.045796989,
DUSP14,-0.647460999,0.14767147,186.1980908,9.09E-06,5.83E-05,
ORAI1,-1.244200838,0.555676476,15.58228261,0.009161733,0.027872996,
AC245014.3,5.063556105,1.387406749,20.22173713,1.69E-05,0.000103428,
HIST1H2BB,3.864135724,1.015877334,71.55818179,7.25E-05,0.000391354,
AC005393.1,3.942937155,2.143192843,18.96829052,0.000742508,0.003139281,
AC025287.3,2.238555651,3.549897817,4.303567977,0.016407096,0.045337786,
AL356515.1,-0.803004184,1.542140666,2.528443698,0.012838438,0.036956706,
RAB7B,-2.807105292,0.473993107,22.65836982,3.95E-10,4.53E-09,
AL109614.1,5.155940314,1.037469277,33.37027019,5.48E-07,4.29E-06,
AC092117.1,2.639012435,2.45505975,3.280898513,0.011983028,0.034879939,
AC023157.3,3.263015989,0.654291576,48.00543545,1.92E-07,1.62E-06,
HIST1H2AL,5.717352636,2.321927847,34.57438424,1.59E-05,9.79E-05,
AL442125.2,2.236987136,0.905955723,12.27648856,0.002024184,0.007586565,
HIST1H4E,6.586481025,0.801511577,152.4049957,1.20E-15,2.15E-14,
HIST1H2AE,4.369873877,0.222391849,842.667591,3.35E-86,3.55E-84,
HIST1H4D,5.003694875,0.59106169,155.944937,1.66E-17,3.30E-16,
HIST1H2BF,3.935837661,0.83902333,51.82514372,1.58E-06,1.15E-05,
PCGF2,1.22178134,0.334656856,54.68267713,0.000117754,0.000604314,
AC090246.1,3.721074594,1.480316511,28.32131119,0.00090702,0.003738694,
AC005332.5,3.427639238,1.063526689,17.95756269,0.000426964,0.001924829,
AL109923.1,3.421968042,2.612494873,4.407359323,0.00554825,0.018225625,
AC005363.2,2.375560131,1.870728275,7.116251446,0.015047542,0.042206521,
HIST1H3F,3.525474482,1.159767911,14.49246172,0.000552135,0.002417344,
PSMB3,-1.643848594,0.207622017,156.4072826,6.90E-16,1.25E-14,
AC135279.4,3.820600987,2.421175462,5.224943039,0.002426927,0.008900236,
CISD3,-1.361398631,0.732489894,8.128247144,0.017891761,0.048574918,
AC139100.2,3.640659296,0.66072444,104.8933025,1.91E-08,1.85E-07,
PRICKLE4,2.478708668,0.6642056,17.03344336,3.55E-05,0.00020386,
GGNBP2,1.216517327,0.250607663,80.05782121,5.53E-07,4.32E-06,
AC138028.6,4.246848081,0.991698027,31.18166239,1.36E-05,8.44E-05,
HIST1H2AB,9.801293984,2.478157534,258.5297522,1.11E-14,1.88E-13,
ACACA,-1.171236558,0.360349784,28.9121562,0.000507049,0.002245595,
HIST1H2BI,6.283027236,2.573671445,9.447135303,2.77E-05,0.000162764,
AC015871.4,1.468004389,0.788402669,8.718541963,0.01694673,0.046481301,
ZNF426-DT,2.657591867,1.212766199,6.815546638,0.003647011,0.012715702,
HIST1H4A,3.248460557,2.41359182,11.04439835,0.00537719,0.017756692,
HIST1H4B,8.589574304,1.252545492,331.8407143,4.81E-14,7.74E-13,
AC005332.6,1.535990445,0.354262711,44.00808741,4.76E-06,3.20E-05,
HIST1H3H,3.182508103,0.739067458,24.27980531,4.41E-06,2.99E-05,
AC008764.8,2.418777944,1.586625436,4.909095576,0.011478102,0.033668441,
NPTN-IT1,2.2440131,0.463920209,51.7268309,3.22E-07,2.61E-06,
DNAJB5-DT,5.301901255,2.305447057,15.07966416,4.87E-05,0.000273179,
EBLN3P,1.036645176,0.407540871,25.46105452,0.005647624,0.018501245,
LINC01002,2.259698575,2.330095006,3.438787583,0.017513263,0.047801231,
AL627171.2,4.54954503,0.273606969,688.4129958,1.16E-62,9.00E-61,
AC004706.3,2.069651958,1.133552205,4.474442552,0.010149805,0.030297924,
PCBP2-OT1,1.767758725,0.941627463,44.73093218,0.016303978,0.045098196,
IQCJ-SCHIP1,2.29676949,1.786105872,3.660288943,0.015143055,0.042422687,
SLURP2,-4.021580735,0.352097855,62.4079888,5.08E-31,1.87E-29,
AL139424.2,3.877521046,1.07206675,14.5112954,0.000111187,0.000574888,
BX255925.3,-0.704212944,0.282216409,53.73856678,0.009112552,0.02774784,
UPK3BL2,-1.973561898,0.784265001,9.130756117,0.001963612,0.007397718,
AC016831.7,4.325660971,2.534784393,3.193166068,0.001469599,0.005753325,
AC103718.1,-3.415449537,1.844634089,2.636910689,0.003606171,0.012593432,
DINOL,7.079442043,2.490324537,11.63691186,4.52E-07,3.59E-06,
AL021155.5,4.580769787,2.30611342,8.135460915,0.000359593,0.001645897,
LINC02680,4.11552408,1.132201883,11.70287912,8.25E-05,0.000439765,
AL162458.1,3.576004063,2.328126714,5.284063655,0.002890329,0.01037901,
AC108925.1,-4.177194393,1.105052136,6.289899164,2.37E-05,0.000141783,
AC073210.3,-4.180000994,0.612188861,20.09564694,1.05E-12,1.49E-11,
AC084864.2,6.623287708,2.409343991,13.97252789,1.01E-06,7.56E-06,
HIST1H3B,4.261418205,2.446268866,10.20885725,0.001266181,0.005036985,
AC104304.3,2.432193034,2.759926287,7.448084048,0.015297546,0.042768667,
AC008766.1,3.220191699,1.371132231,10.5574442,0.001874789,0.007115714,
AC135893.1,2.531088701,2.078185686,16.641883,0.009950306,0.029792629,
AP000867.5,3.340197446,1.306759155,40.09226819,0.00113079,0.004556174,
AC093928.1,3.311789755,2.623763232,3.023307185,0.006453051,0.020709791,
AC010624.5,7.164282445,2.325007972,63.56296125,1.35E-08,1.33E-07,
HIST1H3C,6.786375346,1.246819396,120.5074893,1.65E-09,1.79E-08,
AL512625.3,3.865289495,1.362450203,14.01343614,0.000403307,0.001827236,
AL513303.1,5.230386423,2.28735998,13.03195288,4.96E-05,0.000277758,
AC090617.10,6.705846699,1.247924924,94.33400397,2.53E-09,2.70E-08,
BX323046.2,4.814872408,2.270744623,17.60032128,0.000163153,0.000811065,
Z99127.4,2.458896531,1.247107657,8.153338466,0.008493153,0.026155595,
AC132872.5,6.69566751,2.339919468,20.92809696,2.03E-07,1.71E-06,
AC006130.3,2.346213769,2.147454177,13.08812922,0.014056315,0.039863778,
AL136379.1,-4.713925244,3.313579185,2.639534072,0.003169066,0.011254018,
AC253572.2,4.039219195,2.510944753,4.238783891,0.002143822,0.007967882,
AL390839.2,-5.489360687,3.178258033,2.888271763,0.001228054,0.004905107,
