"","baseMean","log2FoldChange","lfcSE","pvalue","padj"
"TSPAN6",6.79756881531215,-2.08956841337903,0.819848632535379,0.00165748547649101,0.00639276120055225
"LAS1L",21.9810785756794,-1.41580205584736,0.42158466768918,0.000262192724362321,0.00123955450366565
"SEMA3F",43.2852067833556,-2.36648005971288,0.326636930278905,7.16438581742347e-14,1.1390382981618e-12
"LAP3",19.7561801112173,-1.53084613789285,0.453065027563412,0.000211647770097613,0.00102374315714934
"RBM5",329.452065709463,1.81000014286559,0.206038716379682,5.5140874937719e-19,1.18527114352106e-17
"ARF5",164.947658527375,-0.81015922224292,0.167358410205012,8.76437123448156e-07,6.62367596034204e-06
"POLDIP2",120.10237738997,-0.914568193604562,0.197222865246183,2.15494409131945e-06,1.5313196941405e-05
"FKBP4",463.211847561009,0.451267122038297,0.114230651846562,6.58885601075741e-05,0.00035898299195
"RECQL",535.561625345351,1.85846736369545,0.176864788371424,2.38111715997892e-26,7.33469125172076e-25
"ARHGAP33",8.91815020148677,2.0702439169112,1.04836937623679,0.00959768393678001,0.0288909577151023
"NDUFAB1",81.6233339093508,-0.768133504905411,0.25872140413879,0.00205317093887032,0.00768097192564083
"CDC27",43.1430047305333,0.829240630398371,0.307356880913611,0.00455523575353052,0.0154036396468319
"HCCS",110.915367583637,1.03210035080091,0.203919544740966,2.39731550055682e-07,1.98696419865971e-06
"PRSS22",72.7418581563756,2.29020802989146,0.360567192783935,4.95002064243334e-11,6.1209932675251e-10
"UPF1",106.896140982526,0.489310474557148,0.211437012287346,0.0178591115943024,0.0485435769157717
"SLC25A5",392.143601063938,-2.32736261872335,0.135471673372654,6.32452436751378e-67,5.28960219828425e-65
"FAM214B",151.924085198622,1.39831482909977,0.198360797386225,7.23142258700935e-13,1.05378702957475e-11
"CREBBP",84.6868742170062,0.894242806235122,0.282741251105184,0.000978403089363693,0.00399702860663676
"WDR54",5.22663162874265,-1.71677741345528,0.974302224961825,0.0137610387025575,0.0391712735345076
"CROT",7.10262676604535,-3.1011152847297,0.953254997914702,0.000109879348642858,0.000569194824050843
"KMT2E",59.7910446348461,0.961004212576604,0.296968666191937,0.000710955398795178,0.00302068488404355
"SOX8",16.8639966654017,6.62346326780809,2.3644739266937,4.1597601645451e-07,3.32395427161102e-06
"FBXL3",43.2673968884685,1.29731125891073,0.324964653099562,2.72374644600828e-05,0.000160357085985129
"ITGA3",120.572893034118,0.556765500685578,0.185897522135172,0.00230671612436454,0.00851141243749482
"ZFX",34.3641527014179,1.38362704712701,0.415602308773501,0.00032994646673984,0.00152515459311235
"REX1BD",5.34493359360072,-2.75386125720197,1.05795331743732,0.000963346697523225,0.00394837672284541
"MAP3K14",20.8641449516022,2.09711253179378,0.510692660139884,8.47415771243526e-06,5.48514898834928e-05
"TMEM132A",22.6282547073305,1.20888243573402,0.465848385529516,0.00400091980652996,0.0137824361550333
"AP2B1",137.898797213961,1.31564133593876,0.183767859034614,3.43507871495672e-13,5.17454572441864e-12
"ZNF263",41.374098097587,1.12248154027759,0.346620056269054,0.000592239237446428,0.00257333169923196
"SPATA20",10.3407642426892,1.25482889576549,0.609584545723301,0.0146582509454451,0.041316148498191
"TNFRSF12A",979.184796857992,2.07843332616691,0.0968736388696299,8.76575487798091e-103,1.24708677645502e-100
"MAP3K9",44.5972757600941,0.944247246693121,0.327964803196627,0.00234522845944961,0.00864372508179732
"BAIAP2L1",99.6016904856885,0.605382546684232,0.222598315496861,0.0052376030860254,0.01734139217542
"KDM7A",45.5126032611037,1.21463714585569,0.309253024020642,3.84837648133892e-05,0.000219452873729244
"TTC22",11.5963416922196,-1.28378180083498,0.58102364088249,0.00929482065314937,0.0281784984651716
"GGCT",132.892982306462,-2.30330346339264,0.220774209144853,2.97965958934136e-26,9.09719078161743e-25
"IFRD1",132.635128619225,0.838149559019216,0.235016913077107,0.000242848972345503,0.00115762204434126
"PRSS21",9.11670285620664,1.67395063899458,0.760550769700451,0.00661279366653759,0.0211822205192281
"CCDC124",63.0726260849318,-1.98507629331603,0.298484347753378,6.06795250244776e-12,8.14569499355828e-11
"PAFAH1B1",160.230634489123,0.495140783463752,0.160443446332533,0.00176219287671491,0.00675132195965179
"RHBDF1",134.362460661816,2.21702682353142,0.251060773062794,2.4382617049597e-19,5.35796361917896e-18
"LUC7L",42.9339584056534,0.993157888446796,0.342638444026208,0.00209067762880056,0.00779766250741832
"TSR3",58.8402136211082,-2.04950760989079,0.296302917110923,9.05674713145199e-13,1.29785161385293e-11
"CRAMP1",43.6138282885592,1.48113655169722,0.360692684742506,1.39361747579113e-05,8.65133655686804e-05
"PSMB1",203.322410880028,-0.510125816849834,0.147321280487182,0.000453079482628305,0.00202937256094469
"CDK11A",35.1869000504728,1.3064794471004,0.416130656398407,0.000686293338035329,0.00293215110368035
"NADK",39.4613566258966,0.814899117356301,0.319090222759043,0.00704431467375634,0.0223680493552318
"SYPL1",83.7677813312502,-1.32659091949222,0.232341005425958,4.44009892582322e-09,4.63840765907346e-08
"CYB561",19.0236448055418,-1.39139876451123,0.461447085310216,0.000853773842843349,0.00354642078870422
"SPAG9",162.440234640171,0.802269985730273,0.186685152656073,1.19691730729072e-05,7.50452468905585e-05
"CELSR3",32.0287493636874,2.55149555168945,0.875272281285519,0.00109790436676536,0.00443532794536355
"SS18L2",58.0677142475554,1.05256880730517,0.324966813206708,0.000624130078244323,0.00269673953361587
"MPND",4.347047846479,-2.2864775896669,1.18914418481187,0.00580372144634952,0.0189063180688091
"MGST1",20.3249467111089,-2.48876518121152,0.497499921054465,8.08364027851408e-08,7.18314461323209e-07
"CRY1",233.947132924236,3.79288240511089,0.395747463536516,4.19780760736558e-22,1.07277305521565e-20
"NFIX",9.50239820837248,-1.64835851219122,0.667636234539421,0.00308498813986382,0.0109950507050932
"MMP25",117.562163286858,7.46371679225003,1.24612579834966,3.88668069332458e-11,4.84956542205056e-10
"IL32",63.7434191959779,4.7472589556225,0.965233999041301,1.10380101676082e-06,8.22042851122467e-06
"PKD1",19.7028792400467,3.12838685964527,0.561540373128206,3.73171334317525e-09,3.9341210187791e-08
"RPS20",398.536473915034,-0.514018884154331,0.113581659687957,5.19370690547877e-06,3.47421983982584e-05
"CSDE1",360.551549769152,-0.658887413444935,0.109322671463418,1.29636311183867e-09,1.42321487218565e-08
"BAZ1B",84.6432538977134,1.58737467708159,0.239718135885091,1.15478118595151e-11,1.509089049823e-10
"ZNF207",181.53562320588,1.3988133043864,0.194477293759722,2.57337740674955e-13,3.91971393081057e-12
"UQCRC1",93.2223247558556,-1.03655333285508,0.210210419548029,4.42764430863672e-07,3.52169979591855e-06
"STARD3NL",23.4548571434835,1.35630375064006,0.454157088471055,0.00101296628008434,0.00412601377366112
"CD9",200.657076690326,-0.637468101626358,0.141975351042324,5.59568983707833e-06,3.72685906137456e-05
"GIPR",17.0734613555689,1.32651081821451,0.534425408558129,0.00477325150584461,0.0160660660440624
"NISCH",67.7973759154637,1.36819618661087,0.277064371046781,3.07683336685246e-07,2.50651124336269e-06
"PRSS3",74.5894167971834,-2.72693738349927,0.285342617261526,1.65336375404956e-22,4.30498486903469e-21
"SCMH1",17.0213057040101,1.25221562837946,0.526247459633186,0.00675010572450036,0.0215386508577043
"FYN",47.0121226016578,1.48397301235346,0.330606811335265,2.56627163495817e-06,1.80318475368751e-05
"ELOA",62.9516854264027,-0.600899276330756,0.252387123033281,0.013656536378708,0.0389219748092049
"CLCN6",28.5523822039738,1.56138433013007,0.446003563353764,0.000147550367407475,0.000739008252454786
"MRC2",20.6001603361939,1.07745993716382,0.437442081770629,0.00667527542973192,0.0213485054299654
"TSPAN9",14.3059604346489,-1.09777788660726,0.537540224407934,0.0179754765431067,0.0487542406239922
"APBA3",28.8436235716753,1.24274876902361,0.451698250395638,0.00249533400498749,0.00912685111816255
"ABHD5",26.5049052941399,-0.969903445890329,0.388314411079257,0.00675230512186437,0.0215399469906908
"RNF216",79.4411785956578,2.62681975141189,0.280613484911292,1.49950001401027e-21,3.74875003502567e-20
"PLAUR",25.8800711990609,0.998532441075247,0.393301866516214,0.00596321991553566,0.019367482898186
"ANLN",24.8941410283786,-1.97535432262444,0.430314190478648,9.17037391755946e-07,6.91914489132425e-06
"ERCC1",161.249830130619,0.918894144087018,0.177680406630148,1.4645448821889e-07,1.25143773214903e-06
"SEMA3B",4.26716246886346,2.31006407041944,1.32374292468364,0.0126763205880545,0.0365586675266775
"ELOVL5",130.437752705598,0.558910090838407,0.199749312276642,0.00428115003607143,0.014638223611939
"KDM5D",56.2400189710293,1.45969927892443,0.342547695433464,7.544596577373e-06,4.92504412335608e-05
"PSMC4",249.794364101654,-0.433911885243557,0.158779455203469,0.00562631651260556,0.0184513231639631
"CLK1",612.979155167437,1.45785872023621,0.139718438145131,7.05791935372114e-26,2.10365630845252e-24
"RNF14",30.9487302624691,0.835764518093303,0.350437332644962,0.0109224918720712,0.0322694043747768
"GPRC5A",31.1733086523877,2.56126121271005,0.493734174144564,4.42217228199347e-08,4.04681548352188e-07
"UFL1",48.066037940742,-0.819035900288626,0.283416445572729,0.00251529165266251,0.00918627755623169
"POLA2",3.03952923517978,-2.33905602868372,1.50268190009459,0.0111385114475662,0.0328162805244263
"CAPN1",121.030984251161,-0.543986480821591,0.182294183297035,0.00235071048599991,0.00865523071152582
"MDH1",46.5950824446363,-1.96990091256795,0.310879744902661,4.98304857415513e-11,6.15631784452469e-10
"IL20RA",5.48849496569552,-7.50354833974251,2.87428445684955,2.36146035334238e-06,1.66776626796954e-05
"CLCA4",11.2233007380239,-3.64305145734984,0.906830115962832,1.10016751840269e-05,6.94524782889161e-05
"SLC38A5",31.428629401899,-0.765319683351135,0.339648610130122,0.0162657397308707,0.0450341392356408
"RALBP1",38.321041032746,-1.39214942998095,0.313351425045188,3.16083518761571e-06,2.19303798839099e-05
"RUFY3",27.2647872560162,0.906501555477037,0.37125608863609,0.00869580620301659,0.0266801246110665
"CNTN1",14.4462357063623,-2.3981225705919,0.575713928644411,4.5128243995341e-06,3.04831016708618e-05
"PHLDB1",9.72068306677845,1.96493424452968,0.850856387054024,0.00458906446474094,0.0154990429793013
"CYP24A1",5.41999424398762,-2.11789452024448,1.24438964524217,0.0126419027281694,0.0364754586481839
"SAMD4A",20.3458230687869,1.19336313081234,0.515978914252715,0.00877033253726211,0.0268598732832262
"SERPINB1",149.954964868002,3.59302507113687,0.224462289892653,1.71351611922324e-58,1.21264217668107e-56
"CPS1",3.56687399518553,-2.51280791647229,1.27337640472251,0.00492024449510083,0.0164924396483827
"NLRP2",14.1057305823449,-1.1189095193052,0.521344847735836,0.0136149149229484,0.0388434620501733
"RNF10",174.210933271655,0.431804937568341,0.177349967402681,0.0134368587686289,0.0384387750843862
"RNH1",110.198522545603,-1.45347935759216,0.190557253880068,8.33943091467784e-15,1.41904003233729e-13
"RB1CC1",76.9495400888484,1.01836323889387,0.243560545572977,1.62349569189621e-05,9.9707345563719e-05
"ALAS1",274.885420932347,0.95899117163735,0.151308293314165,1.3983291802307e-10,1.66784292888364e-09
"DERA",26.8815715495505,-1.35823422575798,0.38478599723158,0.000147984613616677,0.000740728207439297
"PLEKHO1",10.4838515701836,3.17300582345423,0.983452459884157,0.000270198065957838,0.00127260522533043
"GCLM",38.4068368260089,3.77686376597461,0.469105616346028,1.59626856684782e-16,3.00115888589918e-15
"UBR2",59.5938315109889,1.0949856495094,0.285679150493629,6.58915883050253e-05,0.00035898299195
"EHD2",108.664904997911,-0.672594204005176,0.190247978916408,0.000308568315087012,0.00143423467436873
"HSF2",45.5617537128734,0.800831165992741,0.348008455705292,0.0142196303130332,0.0402607505785511
"NCAPH2",39.2871127029322,1.38768527224184,0.362081146265883,4.79171007852848e-05,0.000269131457402088
"TOMM34",168.339932292656,0.924602724762784,0.177446407302118,1.15383115377187e-07,1.00382730440825e-06
"VIM",88.6990386322899,3.36598233027958,0.331061649258987,6.21055546274181e-25,1.76712712135746e-23
"RNASET2",2.8878068322848,-2.75083053105233,1.65198931745045,0.00847479520250526,0.0261228889422766
"CD44",181.808839896546,-1.00957165938439,0.143420464568587,1.08521577700668e-12,1.54391522914353e-11
"AGPAT4",26.0142385858545,2.62723245428952,0.68680697141144,3.31994523641541e-05,0.000192097460220263
"MIPEP",13.5443232674198,-2.66156907561175,0.609303418062558,1.65861661051738e-06,1.19649290251646e-05
"IFNGR1",82.3625690103626,-1.16926941297254,0.242521341769889,6.49499563414359e-07,5.02415581564919e-06
"TBPL1",25.7609209959214,1.12663843278429,0.434349095763087,0.00445668523849893,0.0151483389880013
"GRN",257.591341468566,-2.34151577265216,0.144292263229485,5.56893624701488e-60,4.04480632677923e-58
"FAM13B",15.7313235573938,1.25987102692889,0.550917190848937,0.00851236142647922,0.0261862927004739
"SARS",281.950120695686,0.645780162555769,0.119783503068099,5.40559754381313e-08,4.89804636274598e-07
"ALG1",6.95070434071165,-2.32484482308659,0.841464303048775,0.000748000608050854,0.00316056594951065
"ZCCHC8",35.0527019251787,1.28641453383727,0.386005553092925,0.000354691498483636,0.00162508057074176
"ABCF2",48.052840812982,-1.0032602387001,0.288859709071455,0.000279667103053421,0.00131406401843283
"CHPF2",72.1311855344662,1.50195315986564,0.263915632014661,4.38085443967552e-09,4.58345650246567e-08
"ATP6V0A1",70.028948456014,0.856308249072335,0.255028493365735,0.000511110979030138,0.00225851153077679
"TMSB10",4009.44320810543,-1.65256765471209,0.0723868432958715,6.99313835292715e-116,1.09665124170903e-113
"PEX3",27.0419102392367,-2.04920053052033,0.438691010332707,5.50094853188451e-07,4.30590412592208e-06
"VCL",86.4188099522788,-0.868700325990315,0.225014851456064,7.17695296861282e-05,0.000387639729811573
"NSMAF",26.5889966119829,0.822278346702768,0.367697022907285,0.0163408909827099,0.0451912415954702
"ADSS",21.3040380520404,-1.17955224002963,0.500096105655261,0.00738440705949161,0.0232534188272881
"CUL3",57.1642709606438,0.707535487338477,0.283637466988066,0.00921580489195391,0.0279943005742822
"TUBG2",31.7879979011751,1.08675977992007,0.422839694405522,0.00488888715290443,0.0164072574684049
"MRI1",15.332158305052,-1.12503055345601,0.488712852302162,0.00922425619145927,0.0280085528102329
"EDC4",100.424655671755,1.89990978508697,0.253708495016861,1.74134392757049e-14,2.89176247899793e-13
"TRIO",59.5249918187048,1.62457991693383,0.295680096886157,1.24282415576819e-08,1.23388297479144e-07
"CDH1",157.573963243305,-1.45183763185232,0.168377642242316,2.30520522654744e-18,4.79093857324618e-17
"RIPOR1",118.883471616621,2.50827026461885,0.314656786171312,3.63071107757064e-16,6.69116090291681e-15
"PNKP",29.7612449389162,1.40812434008983,0.402735792199625,0.000170233309913884,0.000844132115275458
"PHLPP2",27.4399669471416,3.16915321334973,0.566995540872722,4.91814297130633e-09,5.10385158945593e-08
"SLC66A1",38.8541808783998,0.973153600793271,0.368073770394253,0.004534173264444,0.0153549916685465
"RAB27B",16.9526091276963,-3.43656817224061,0.592395226873658,7.77902976177738e-10,8.72769192784779e-09
"AIFM2",10.9647183534995,3.51557312494528,0.815502880254998,2.46752880186637e-06,1.73911631592216e-05
"MED17",21.7527287175908,1.30412770115217,0.467750769658362,0.00205519054047244,0.00768607844404328
"CAPG",140.188416237971,-1.36952162184355,0.174663002927576,1.69847017991398e-15,3.02437270745974e-14
"AP2S1",108.943611027921,-2.78416222073403,0.244917261678033,7.44986289620317e-31,2.7126149859526e-29
"BARX2",2.14760836761417,-0.930767667359659,1.75927284324353,0.0117515438529976,0.0343342950209232
"PHKA2",15.4659485647877,1.62342752839052,0.560044902974342,0.00104802699690468,0.00425626031703488
"HSPA5",1354.18299259922,-0.522785842934193,0.0683271628124509,1.73512979882813e-14,2.88491460528051e-13
"DSG2",141.945004080152,2.09833468431699,0.184184391975311,1.02958152350913e-30,3.72919291979685e-29
"OFD1",52.3787399237262,1.07551985065434,0.312703608387863,0.000303928539976134,0.00141457465486362
"WDR37",49.3950324198849,1.19571542014509,0.366184335552569,0.000510453732459137,0.00225632975910829
"POLR2B",173.994027630832,0.629918933106006,0.173017564968179,0.000216639895393748,0.00104277312746206
"FAM214A",35.6981731206755,0.954788591552901,0.404598765673977,0.0103522461534593,0.030833484294912
"MAP4",93.6584829242796,-0.939804505161702,0.19736142446077,1.14187415986846e-06,8.48108902378083e-06
"GOPC",27.5233548855431,-0.839150355855359,0.385847724880723,0.0182353850816393,0.0493428066914945
"HDAC9",42.2172569540416,1.72313266137382,0.460238045385274,5.54960615075635e-05,0.000307902774558013
"TSPAN17",68.7500217775586,1.49244313296099,0.258400896991427,2.66855347772872e-09,2.83932444045153e-08
"ZNF800",37.6881732587055,0.928623219505256,0.341086867795666,0.00382435882946746,0.013250351957482
"RSF1",44.4073986543267,0.792107773627954,0.325546330975493,0.0101203290771182,0.0302230126085762
"KITLG",8.34087423419259,-1.6766000616258,0.761158260051428,0.00601662668515654,0.0195087989321335
"VAMP3",112.540216982696,-1.00271016613643,0.195165418560548,1.55279921418868e-07,1.32030986788686e-06
"PER3",46.5204422343825,1.52302974995994,0.443916300994332,0.000211183011589076,0.00102185328188263
"EPN3",22.2087877083867,-2.09153852417881,0.451219068929461,6.8738607738993e-07,5.28590619770742e-06
"RFC2",16.0347548979123,-1.14807833346136,0.564252179817048,0.016828629177611,0.0462236735375516
"NEDD4L",150.663762413964,2.87619735812057,0.308744032630353,3.35482005905237e-21,8.16924290338488e-20
"HEXB",67.8663691254127,-0.586854777077327,0.247948457972716,0.0143531847854344,0.0405722961980735
"DKK3",16.4700331575187,-2.05973982341809,0.506016260519379,8.71949797556363e-06,5.61568845959165e-05
"ARHGEF5",57.244524029256,1.25694175737852,0.303970494057164,1.56859332715811e-05,9.65934311235251e-05
"NFE2L3",3.8497339408386,-2.85203186317969,1.33346562135212,0.00329643858491898,0.0116523699979206
"LIMA1",150.622787196469,-1.99177676133686,0.174122639978227,5.78725453190491e-31,2.12970966774101e-29
"BCAR1",34.8405085151319,2.29346049006995,0.408204119859148,3.84714761006063e-09,4.04346054979716e-08
"FAM160A2",39.8488443313404,0.831859100932542,0.334624614507826,0.00834506079064762,0.025763274924147
"HERPUD1",178.404621885935,0.915569448735492,0.159206085509974,5.62818909729672e-09,5.8222645834104e-08
"HOMER3",150.727779516137,0.977404983350202,0.18401002571207,6.44406672134131e-08,5.78959119495509e-07
"THOC3",22.1589504142755,-1.66565335171316,0.45040944444659,5.50621143494642e-05,0.000305900635274801
"FNIP2",25.7601473115993,-1.0634076665413,0.385810718470465,0.00287348104238753,0.0103292624081656
"MSMO1",195.358352686963,-0.908863463406389,0.166299079995588,2.82627227108891e-08,2.66047457987906e-07
"FOXN3",4.96392798138635,-3.30279898179507,1.10963611879063,0.000320719029534408,0.00148520892871638
"AKR7A2",26.0623401084786,-2.80976929342716,0.454945323106657,8.48418010819792e-11,1.02974217672059e-09
"TRAPPC3",81.2446466406221,-0.643282453489013,0.230517717519947,0.00404481189858254,0.0139059302940805
"THRAP3",190.820763166349,0.72629834929258,0.159167779113486,3.75182385776065e-06,2.56948730705196e-05
"PHPT1",40.4029608245508,-1.4666000044791,0.395778260736457,6.6578738591119e-05,0.000362297552270285
"ARID4B",58.2790113655905,1.01777397690586,0.323377276087176,0.000912299124636344,0.00375700624290706
"OPN3",15.2361145325964,-1.94586807575039,0.540209754047713,6.16091431851301e-05,0.000338323189794984
"ATP9A",30.5294594280587,1.38320085016731,0.372003901634596,7.3984733675645e-05,0.000398313161700307
"RELT",68.2144489923574,2.83383244620944,0.491070586087223,2.11888349615702e-09,2.27553247058108e-08
"NOP58",140.490219713171,0.46071891760613,0.186292534172604,0.0118037255062676,0.0344524983050958
"CUL1",114.831168510808,0.582935272766763,0.191058031903696,0.00187483605710706,0.0071157144081621
"TAB2",166.849822843838,0.651802333721298,0.174006504633634,0.00014072474438289,0.000707984495983918
"EIF2AK2",28.3376533403,1.12191198505435,0.380588761881978,0.00151868640793497,0.0059186310165215
"USP36",67.5989377712783,1.9670747427936,0.305093105801101,2.9452229897252e-11,3.72539663228302e-10
"KMT2C",98.2631822979873,1.80177568429644,0.284298813754398,7.05624682757566e-11,8.61736338234903e-10
"MCOLN3",34.7418573048722,4.33268768901846,0.614862649871959,6.96066350603519e-13,1.01647784532577e-11
"PUM2",177.946643896979,1.22806333700182,0.169497517633407,1.9966516621657e-13,3.06153254865407e-12
"MRPL43",22.9228156083224,-1.25209498918377,0.40669289729039,0.000820991914259843,0.00341873518913272
"HPF1",15.8046318979651,-1.43005006461974,0.59802963402614,0.00485514807933581,0.0162979916066247
"ZFR",100.780139636282,0.785162430488827,0.217460948095693,0.000213466195086928,0.00103145430399146
"RC3H2",86.6917755317037,0.990831679495825,0.237781117873551,1.78244681502866e-05,0.000108428645783253
"TRAF3IP2",21.9869365485073,-1.16423172728325,0.415932422376031,0.00222645067704513,0.00823506280976222
"SERPINB3",169.280394999535,-3.93007700957043,0.240103940422206,3.51102729360326e-61,2.64765992632377e-59
"GDI2",119.650441351968,-0.688561337490673,0.19619715580835,0.000335510176024875,0.00154643968909261
"PITHD1",120.26975670421,0.892542530746626,0.21994975147066,3.08016582590589e-05,0.000179882727031322
"SEC61A1",194.264262320344,-0.490046423205637,0.144552197043455,0.000609305879359673,0.00264083578365687
"ATP2B4",150.504165839954,-0.843520493920655,0.164651466682533,1.95907105984792e-07,1.65251715317245e-06
"YIPF1",29.8360618739571,-1.6488441587351,0.381011537697204,4.05928638152539e-06,2.76223629512083e-05
"NDC1",11.4417197954239,-1.26179726962126,0.592619330780258,0.0115918749131035,0.0339418361554907
"PARP12",42.3662846137495,1.34332572137634,0.37256749723115,0.000123274146643915,0.000628438575428898
"TARBP1",4.40970700747966,-2.14408575278278,1.05266680131063,0.00534951981085651,0.0176737786425233
"MXD1",181.668191527711,0.678163655849171,0.204230245826215,0.000705612739759172,0.00300168181525172
"CDK17",49.8135516242666,0.751788210300343,0.309754817747304,0.0106762772867591,0.031623229567992
"SLC2A3",23.3919835362633,1.41333100914915,0.435681714123983,0.000404388561826047,0.001831493978733
"STYK1",8.71400002762874,1.9304325822656,0.882163405463642,0.00601299212571208,0.0195073775303794
"WNK1",102.04646464325,-0.923152578947866,0.201007003134223,2.65015199578848e-06,1.85874888671206e-05
"CCAR1",152.844558649156,0.608553167113623,0.17703064379558,0.000475325894288011,0.00211392115410073
"OGFR",53.49605309116,1.41967236403627,0.309064405803782,1.61563830295374e-06,1.16731982098228e-05
"GNA15",92.4681479955924,-0.693846709177023,0.197993891961638,0.000340789780066364,0.00156711061809924
"MPC1",39.8562534409302,-1.36350431084345,0.356400547187969,4.71927015895536e-05,0.000265506049545526
"ACAA1",30.2722581120629,-0.821655244505336,0.355690867246926,0.013263403307773,0.0380055991792499
"HDAC7",27.253713981167,0.958013719856945,0.388714432409008,0.00768343447676759,0.0240430078012688
"NCKAP1",66.8195609182182,0.604435273902213,0.23979908054885,0.00939669794785851,0.0284124521648658
"MRPS35",51.9886770747183,-0.884966916423399,0.275772207994978,0.000815147966974326,0.00339747567026448
"CDH3",67.6800293349436,-1.34022505504759,0.240006705614904,9.0079000804164e-09,9.13365327771832e-08
"GPBP1",102.565561337654,1.35646218274945,0.247509426924742,1.72141618988364e-08,1.68479031350314e-07
"DGAT2",15.3317309245077,-4.38259221583935,0.716570620352956,1.67317555480356e-10,1.97856235272401e-09
"ZNF112",19.3226561752769,1.39169320241421,0.504042312602761,0.00199588044733018,0.00749065819231885
"CS",71.5119163052853,-0.857526578157027,0.237749099182716,0.000197188566533063,0.000961555554118821
"MRPS24",29.6131867708528,-1.34584534237917,0.38069271819974,0.000147587445200391,0.000739008252454786
"WAPL",87.2834255222821,1.00838923429481,0.228930228503198,6.05190507835752e-06,4.01134918738395e-05
"VMP1",114.100921816494,0.973202693975125,0.201939708517942,8.57257229982823e-07,6.48938550398407e-06
"EIF4B",157.137538141909,-0.702462588366332,0.165746385842724,1.68118341242504e-05,0.000102883951625125
"BICRA",13.9692285814271,1.29584907623882,0.592791630971248,0.0105912399167951,0.0314253087189364
"SPHK2",10.1927755738567,1.41171301888864,0.690213045704193,0.0125981150691537,0.0363787378016993
"RPL18",345.212450725458,-1.85067033806283,0.123554045258459,2.47313995976916e-51,1.49690050196554e-49
"ISOC2",4.67047523254727,-2.16749440393302,1.03326290226168,0.00467166441718424,0.0157587311066102
"ZNF275",6.20827947227237,2.18759022955221,0.972903417288077,0.00397156303871927,0.0136950449611009
"GPC1",71.3088209145304,0.942334568768631,0.24001800156492,5.16978118154036e-05,0.000288138046467112
"INTS13",30.8553666518711,-1.13631332259476,0.364598406716216,0.000832207804226372,0.00346230560697134
"TM7SF3",65.5799504791185,-3.37936275931098,0.289763514348372,2.46509171725151e-32,9.55569261181766e-31
"DLX3",20.7897220182057,-2.42699572321093,0.491107837681941,1.19251622535932e-07,1.03306490332445e-06
"SPA17",3.4568774798088,-2.2409851026223,1.26883562536443,0.00881054386499019,0.0269590920924312
"ATP2C2",5.65060205896488,-2.35599927221641,1.04815131815606,0.00326976841675941,0.0115699497823794
"NGFR",23.9061823911257,4.08742151285453,2.12547841290754,0.000466928138534748,0.0020808570831636
"RFXANK",19.7131203671476,-1.53080950876941,0.459448279704247,0.00025015356735783,0.00118874629116324
"TMEM161A",12.2517670936917,-1.21199154785059,0.590389678138769,0.0148410875932471,0.0417462308982492
"LPAR2",38.0878802821589,1.7360422631385,0.405220716587564,4.9476911525137e-06,3.32253712431577e-05
"SUGP2",95.1023374593809,1.39713278069698,0.244840811802085,4.57937050910404e-09,4.77305989619606e-08
"CNN2",78.5855692753832,-0.813735132497428,0.224822126606159,0.000196351031885442,0.000958487527420978
"SBNO2",66.6989817470258,1.98547223814987,0.288328620648785,1.3910040376687e-12,1.96477540632835e-11
"TAF11",54.222626804558,-0.989043811704313,0.289342481252832,0.000347936173248083,0.0015978433247333
"AP3D1",107.008010768172,0.86181999088642,0.219590742979235,5.64150926458872e-05,0.000312787576742966
"NTHL1",3.99221986324489,-2.23120446663011,1.27733081826304,0.00913700900122947,0.0278100406301206
"UHRF1BP1",22.6250509583267,1.1846307526019,0.451736753470079,0.00378997843991742,0.0131477381776924
"OAT",114.903092752524,-1.22191537997297,0.199527828123483,4.12452402813311e-10,4.72352129362962e-09
"WDR3",12.1015135009641,-1.68825953764796,0.581751907730004,0.000872821558084487,0.00361601245919121
"WDR18",32.6143757053427,-1.00289779468799,0.344912654198606,0.00193430908770829,0.00729927957625769
"MCM10",2.72227954788499,-2.71408145019145,1.83360401505151,0.00917528096771016,0.0278957650042741
"ERBB3",38.1039947380243,-1.07085142726235,0.321047243852101,0.000426546453737236,0.00192364086979538
"KARS",112.984134108296,-1.25271502239834,0.18843943222791,1.28072766870402e-11,1.66736243661466e-10
"NDUFB4",86.3708775616415,-1.03599144053286,0.225250675477469,2.27227208338278e-06,1.60972046974755e-05
"SPEN",73.6703935227891,0.827852921888505,0.265488533885981,0.00121594920760395,0.00485957111640152
"ZC3H15",257.56692561101,0.433261074264433,0.147532004019954,0.00297764610242989,0.0106565135408539
"COL17A1",412.469469069158,-1.96877788957334,0.109582720661675,8.30498703395994e-73,7.54005401767416e-71
"GSTO2",4.9682424670337,-1.81927666346638,0.979065642590001,0.0102484479441072,0.0305527288029118
"ASB1",28.1751430425493,1.80688005516916,0.453270711094847,1.77156555410796e-05,0.000107888811326963
"ME1",71.6981781103091,-1.85817782843074,0.255298924452512,7.89606865410838e-14,1.24674768222764e-12
"MTHFD2",34.75675206719,1.00804975517273,0.362282086390408,0.00289323936523856,0.0103867594277555
"SLC9A7",10.8798322559254,1.28978231707417,0.653881864581669,0.0171572318722366,0.0469967844058883
"YBX1",380.063800236973,-1.21152986538726,0.109743709989607,1.07503730364565e-28,3.63615558586028e-27
"SMARCD1",67.9960260089364,0.987215821745397,0.276545336422596,0.000204166627452248,0.000992077274239798
"NGEF",12.4108548386889,3.84442698824179,0.969041509687628,1.81512669899236e-05,0.000110346909454161
"ASPM",3.56180474708052,-2.05253885450146,1.28557506311676,0.0151513595108624,0.0424373373756649
"ELOVL1",399.085783938155,-0.400418567161524,0.124421665044632,0.00116661776499714,0.00468139725413216
"ISOC1",19.9061293711604,-1.64007610819064,0.468869742714592,0.000121181866287277,0.000619781100090557
"MSANTD3",77.1566794037788,1.82633213646965,0.291836121124101,1.23220220825655e-10,1.47735799078544e-09
"KIF26A",12.3669456404122,3.65758398669394,0.942158794777653,2.83582795880739e-05,0.000166246498859567
"DDX3Y",274.17594603728,1.16861105286823,0.186282704379486,1.78427497278192e-10,2.09914702680226e-09
"PFKP",251.211301703725,0.528205859241424,0.147106927591706,0.000278782172582569,0.00131035217358292
"KLF6",602.368887792409,1.43833020673691,0.0940481330155524,2.59455467602261e-53,1.63492486434302e-51
"CACNB1",10.5898875292641,1.84355991540487,0.707033983612978,0.00197049338609568,0.00741446040820142
"PKM",479.070369601507,-0.60738179862226,0.092811671949453,4.79448240810403e-11,5.93930495797447e-10
"TP53BP1",72.7159522593404,0.805929321445763,0.296215066092811,0.00442333215509534,0.0150609384999545
"RHOA",481.59269664426,-1.09806046417018,0.0952419145271235,4.87628269652963e-31,1.80409386627638e-29
"IARS2",79.2935149599819,-1.10360964496813,0.229023325870834,7.1220980576156e-07,5.46027517750529e-06
"CBFB",40.4193445758415,1.16574046360296,0.325445184987227,0.000160281631847502,0.000798582436036811
"RASSF1",66.2841050168997,1.37549883425334,0.261763800177569,5.6571120969292e-08,5.11922275000807e-07
"FGFR3",61.6382984942123,-1.76833272994951,0.278968308906699,5.95463642342263e-11,7.31736265745613e-10
"COASY",45.5644708912763,-0.744068975579535,0.300469188409366,0.00922455597989193,0.0280085528102329
"MEF2A",53.7797398598812,0.928218572713599,0.285360555305186,0.000679164740606688,0.00290439213522538
"OTUD5",118.323321636192,0.55987126728931,0.209644504899341,0.00628210874223857,0.0202364847439058
"TFE3",211.840150909655,1.27029735376347,0.175838585108313,2.19433215902212e-13,3.35718223885867e-12
"ACSL4",57.3906589829073,1.16312735254473,0.299776163409098,4.4162937318503e-05,0.000249671665299197
"INPP5A",35.912804382982,1.46057121631195,0.42856730011108,0.000226834070570457,0.0010876685802197
"GRIPAP1",45.0078604417889,0.767335258417509,0.321705374778784,0.0117503793609657,0.0343342950209232
"FTSJ1",34.1615320134301,-0.804972801809748,0.331249024576553,0.00982246415081882,0.0294481871130349
"PRR11",9.24344219009863,-2.04205359941641,0.699520978929285,0.000601629566442083,0.00261002452590404
"LAPTM4A",264.563598615751,-1.13577623506832,0.144690047000856,2.03313804139607e-15,3.60170795523308e-14
"SRBD1",7.10697794992154,-1.78710300972278,0.774916225212541,0.0040517048689821,0.0139226910338528
"PSME4",102.681555949524,0.86120960920623,0.228301576668388,9.23656604689258e-05,0.000487436372646721
"SIRT2",56.7201992702714,-0.674477850421388,0.290210528026834,0.0148819393269496,0.041844083682132
"PPP2R5B",47.5911634201498,0.805783000973403,0.305889471786632,0.00559855069060472,0.018364630266305
"NUP133",23.2776130367449,-0.971882086766883,0.396171447515057,0.007586055552529,0.0237872225914338
"NUCKS1",68.8818461582519,-0.898376318589114,0.231404316933745,6.34917585245033e-05,0.000347555044679946
"DNAJA2",106.807158363516,0.495274372968512,0.207140721846421,0.0145278982011702,0.0410073624823375
"BCL3",25.6874118809763,2.00091110938063,0.510020157721148,2.08381655891101e-05,0.000125684740004248
"HES2",25.9293943049159,-3.64493345119258,0.491378473946356,1.39870334367895e-14,2.34533488976544e-13
"ATP1B3",159.080669685863,-1.14366370830226,0.162175430253096,8.50121698956509e-13,1.22204994224998e-11
"NEDD4",34.9436190915845,0.81274365975049,0.364633314009496,0.0167553873225502,0.0460973574663462
"LRP6",34.7150459105639,1.48553885334795,0.389371996943651,4.68579274675461e-05,0.000263934448592709
"SLC44A1",11.477326734515,-2.11927853951997,0.615940256551997,9.71644814526147e-05,0.000509642662123178
"FSTL3",156.805666515484,1.25147297053242,0.17622858678445,5.42186945865721e-13,8.01948537293349e-12
"DGCR2",38.9472585228008,-1.00931648073546,0.305764852079475,0.000515115883483978,0.00227475174146525
"MNT",17.5106068848617,1.11026255141665,0.471019131465906,0.00849488247899939,0.0261555953168656
"JMJD6",150.659830811248,3.01941324611036,0.249489332948885,2.27928014849215e-34,9.41738504466816e-33
"POLB",9.69720879513979,-1.39983679669971,0.62662527531294,0.00764083305571153,0.0239317966792599
"WIPI1",19.4589759123857,-1.51384873911247,0.46343231403657,0.000319666152471365,0.00148083011215335
"GBA2",70.0487761944063,1.20268909102954,0.268319199941626,3.41832596026626e-06,2.35982482499622e-05
"ASNS",37.0988522783616,7.46776697393923,2.35279685168865,4.45488963115178e-09,4.65033864673938e-08
"PABPC1",454.611191659642,-1.39556948820603,0.103223434977802,4.49561692123944e-42,2.26421582164614e-40
"TESK2",10.7062364092479,-1.71630679500026,0.723211672598041,0.00387913295177193,0.0134165500587601
"CFAP20",75.0623110654593,0.657613461528452,0.258872487079805,0.00849382565528056,0.0261555953168656
"CSNK2A2",109.077540221868,1.03301473065227,0.233682908791497,5.47512977374064e-06,3.65185069490676e-05
"PTPN21",33.3891351951409,1.57380494726199,0.401424786209688,2.73905148883479e-05,0.000161189383991131
"EIF2B3",13.4893426283154,-1.31827595159791,0.538325770626114,0.00490287651411582,0.0164502056637001
"ATP2B1",51.4663549181769,1.20847106111442,0.289049989475168,1.32220077297369e-05,8.24135983154332e-05
"MAP4K4",104.965946307476,1.03680061421332,0.204817730960135,2.29925548402182e-07,1.91046048434724e-06
"RPL31",210.074095950018,-2.30411630747516,0.158240686051079,8.4917023657013e-49,4.92376019523857e-47
"TRIP13",10.3012258173046,-1.92130346753954,0.699779039428619,0.0011194495868621,0.00451311840452729
"ATP6AP1",51.3506580996142,-1.04544961925045,0.286416424261943,0.000136304495249792,0.000689011734229717
"DAZAP1",63.155648538433,0.661804072705308,0.253081753772017,0.0068365986494476,0.0217751478245712
"FAM50A",89.7902256058923,0.962404075088023,0.228518740019351,1.49734409043045e-05,9.25777260212376e-05
"CYBRD1",25.1285620139592,-2.87601338076454,0.439039769585821,7.23508026096814e-12,9.62816852472134e-11
"RDH11",68.9998272572127,-1.14425211369081,0.238430137421235,7.53673988646668e-07,5.7557836432341e-06
"SPEG",5.87604175452737,2.08298664247875,1.02218448573681,0.00727339368763832,0.0229633568724339
"ALDH3A2",11.8359275439763,-1.71432680108689,0.586664671966002,0.000793858959823678,0.00332410657822867
"AFF4",279.498873975624,1.26501458605982,0.151025979072446,3.78378221136578e-17,7.38560035598979e-16
"MPP5",29.9891914873982,0.935522512473646,0.375304991713427,0.00733143820611012,0.0231043268427311
"SMC1A",21.7470906579061,-1.11951672777285,0.429171160181219,0.00412631093940887,0.0141508675357461
"HSD17B10",131.502751664091,-1.99395146442437,0.187985864448998,6.01939229036024e-27,1.91400031352469e-25
"HMMR",4.84655495539438,-2.16885618156464,1.13654738631037,0.00786422826049019,0.0245091124649423
"P4HA2",35.9223493613822,1.80491215795113,0.389485798925537,9.44050996047015e-07,7.10354620798736e-06
"ACADVL",774.253598512265,0.782090107644236,0.0953048719109168,1.61931368122154e-16,3.04034405453841e-15
"STK10",48.2124581407398,2.85801611481443,0.439446119280431,1.74619105905085e-11,2.24580024370007e-10
"CRMP1",8.47262732065277,3.45706091318359,1.00288302093186,0.000116991174080886,0.000600847860929
"NDE1",18.7365904685582,-1.32601001498883,0.467553421431045,0.00161978535133425,0.0062683785329256
"PVR",99.4763163376203,1.70663619824002,0.234846785184013,1.0936271785981e-13,1.71695734523934e-12
"XRCC1",15.7789178328467,-1.28259015705007,0.520198894165651,0.00499530548300671,0.0167115674340588
"SCARB1",13.4887310605609,-1.17038489855284,0.539130833016858,0.0121018171943697,0.0351885961403923
"TP63",34.2674703230034,-2.59937335067242,0.371281104711633,3.6858993196724e-13,5.52284588615408e-12
"PDE8A",16.2003254984925,1.03236024221425,0.495744886437301,0.018409963567458,0.0497664049423938
"KDM5A",71.4502703366894,0.881724702996752,0.266238376717583,0.000587031067503793,0.00255150511229995
"FERMT2",28.0987375389592,2.13115457420803,0.454531211153596,5.89464568644827e-07,4.59842342979006e-06
"DHRS9",63.3994919329731,-1.18783787032414,0.302850911102303,3.96941126895083e-05,0.000225609042469199
"IGF2BP2",213.153148420076,1.52564809700131,0.164473555506897,6.17197220418871e-21,1.47104000721596e-19
"NSF",23.6075291466357,-2.18935998368669,0.445937290463927,1.63414244042487e-07,1.38776404171466e-06
"MRPS34",66.7374621535902,-1.53201637498991,0.326524474590219,8.2225457813745e-07,6.24497147952494e-06
"CLNS1A",29.2159481893185,-1.40201695402028,0.390032962793445,0.000110087586702649,0.000569845722616862
"CA12",41.2483495653106,-4.76049959839383,0.456479330645715,2.99596566903644e-26,9.12678283282625e-25
"ZNF532",43.3582167174423,1.80888548205301,0.359780994141761,1.3438485380445e-07,1.15330284981431e-06
"LMAN1",58.900227795093,-1.06851833229574,0.279682080509479,6.79144528234744e-05,0.000368460864386144
"HACD3",33.6748940922474,0.839146160242263,0.330232410476068,0.00709697317756937,0.022499019032956
"ZZEF1",36.6486174185744,0.835026272558485,0.362826681221045,0.0136793520249246,0.0389789506388519
"ENO1",601.113630606943,-0.220878016858119,0.0828777196128207,0.00747088707255491,0.0234954971743979
"EIF4G3",43.0238410649647,-0.687089247444113,0.289729293364143,0.0129780644555386,0.0373119353096735
"SEMA3C",38.3644464690301,-1.67085990602087,0.329820552614252,1.1170243075734e-07,9.73165116446526e-07
"ACAT1",13.656928496677,-1.3751396390024,0.53316095761319,0.00320971956887318,0.0113749691963148
"CELSR1",31.8550125316475,1.41077269200225,0.364151829788264,3.8598296115484e-05,0.00022001507079458
"RASAL2",52.4064972274354,1.05246884647155,0.321538450095968,0.000566856695302336,0.00247708118909824
"VPS9D1",20.1150450704554,2.50634630888632,0.543109269332748,6.39804802027421e-07,4.96028442021259e-06
"ZNF37A",13.0031970047991,1.77677801145534,0.57899445718975,0.000510211941419803,0.00225598359230801
"FNDC3B",27.3325160176875,1.44779199297617,0.415547494605587,0.000172470255637202,0.000853384556397775
"FSCN1",108.990194705739,-1.55699334236798,0.197412610297301,9.69464525071624e-16,1.74883796679587e-14
"ACTB",1165.09146928554,-1.89068198262246,0.0728645798215692,4.45388137280986e-149,9.91347789431873e-147
"PLD1",6.63789928147678,-3.71247829942175,1.02790745204107,3.10586292713702e-05,0.000181076926043477
"WDR62",6.70769541832117,-1.5043839643741,0.82297777039333,0.0165298922147029,0.0455951454253249
"RAB7A",1083.78747422933,0.617477726023554,0.070323318490858,1.28639307045128e-18,2.71026326293553e-17
"SART3",75.1215082932968,0.884150457122457,0.293671590570349,0.00164267718070027,0.00634451304048803
"KIFAP3",29.5398486123857,-1.04324569216305,0.381238834466602,0.00310249421071877,0.0110431829011914
"MCM6",7.76484809850034,-1.49210362990675,0.743447958968034,0.0111079231911753,0.0327331496985306
"REXO2",75.9679345598691,-1.24081999473797,0.241069938756545,1.13181583140778e-07,9.85429556683118e-07
"RBM7",34.5104561811047,1.32497196134634,0.393551363801713,0.000301466940091098,0.00140453874856757
"BAZ2A",154.205350833965,0.853851293505189,0.181205730138595,1.59733119414729e-06,1.15712180993347e-05
"TRAF4",65.468979169051,1.58383888137068,0.307334777291472,8.34607097640026e-08,7.40204238266861e-07
"GPATCH1",26.1136268186464,1.07967749103197,0.456255909259146,0.00872721989654932,0.026751584756193
"CAMSAP3",52.5088859116699,-0.859282112216246,0.292091238376512,0.00206519363039725,0.00771721421594424
"STXBP2",100.6196274236,1.11548743724776,0.267667902228996,1.55602878461381e-05,9.59053024907129e-05
"DGKD",14.6206587079398,2.48834795933406,0.791148828420145,0.000362191860537523,0.00165559711010858
"NFKB2",248.691208771585,2.37888154900219,0.230796003053157,1.65829152221131e-25,4.85868853641529e-24
"UBE2T",8.8384462633644,-4.29492718452459,0.975654172261344,1.61148702530516e-06,1.16493037973867e-05
"IL4R",60.4686777779333,0.675186420791418,0.272710603935985,0.0100168400259519,0.0299658340251759
"EXOSC5",10.6805503919523,-1.93500146951868,0.697796082972154,0.00098878709545841,0.00403467235875992
"DYNC1I2",88.9546696178438,-0.496839440713101,0.215660841822876,0.0181189085378367,0.0491239563501271
"LRCH4",46.5447326279981,1.2962817963102,0.369738118969482,0.000187557536016449,0.00092011873339033
"FAM76B",21.454592313808,1.1532250716698,0.535652403815155,0.0136404722777855,0.0388883014810676
"SIRT6",69.4557797398761,1.06785100882777,0.30654153213815,0.00025809035899859,0.0012234479341409
"CAPZB",125.151282229795,-1.37496152489085,0.192253396987699,3.17409086231038e-13,4.79764007665753e-12
"JADE1",12.0484012754807,1.75404544602336,0.716736512874344,0.00358991538982279,0.0125515156776171
"FGFR1",23.8355615640043,5.01239375874727,1.27255201879708,6.15461245553503e-06,4.07355644539009e-05
"FBLN1",4.04388848150282,-2.99952197214877,1.3145461718298,0.00228979718225002,0.00845124394625576
"MAP2",30.9281422264785,-2.96528301836961,0.424146018978348,3.49597442328166e-13,5.24966779556985e-12
"NEBL",8.73369771956826,-2.98736557932112,0.770811577016969,1.26126180777214e-05,7.8864580640034e-05
"GNB1",191.800945501207,0.436875148621451,0.152918718525584,0.00395940394874224,0.0136630959228519
"EDN1",11.396679399007,-2.60054760430232,0.750714801614904,7.40054309130135e-05,0.000398313161700307
"MLLT10",24.0010601217522,1.42367936578292,0.426235192503792,0.000290544669251247,0.00135961900158264
"ITM2A",9.84985215226768,-3.73614415494797,0.867754783868741,1.80587180715838e-06,1.29459900980705e-05
"NRDC",71.2142835428634,-1.27319783886089,0.237383470230934,3.3814669641874e-08,3.14661120065989e-07
"ITCH",63.7376286752986,1.07430395391942,0.268483398566135,3.30641806842341e-05,0.000191475322468498
"TP53INP2",117.923425058851,2.28121052041458,0.34353350489434,8.37837915278476e-12,1.10854872778936e-10
"TOLLIP",86.7189620042675,-0.687512262379303,0.210439608518601,0.000818350967251914,0.00340979569688298
"XRCC5",153.648933375132,-1.35518254744284,0.168151934877368,2.98578567851426e-16,5.53071709577139e-15
"TNS1",3.21527844480757,2.16013800270712,1.42745083063939,0.0178992860838809,0.0485762336199718
"CIC",57.988503835544,0.699874183866112,0.30779444519601,0.0167981820791442,0.0461687636153317
"FDFT1",129.947584886742,-1.81917616191325,0.182301625145853,4.66323158463687e-24,1.28192422047786e-22
"PAFAH1B3",8.47902566081217,-1.83562277794986,0.725898505436013,0.00215414984730189,0.0079976507648012
"KIF22",13.7819267531471,-2.10805179571542,0.598458466061763,7.52047418215111e-05,0.000404452625540473
"PGM1",24.7382134326893,-1.12900226246397,0.397994475728841,0.00204480689431371,0.00765346762721162
"DDX1",102.359879078103,-1.33389470116685,0.199832642590488,9.75580530278641e-12,1.28341385298811e-10
"PTPRH",14.1034315975506,7.19446934146903,2.42929561773583,6.78068533356974e-08,6.07619854566639e-07
"RIF1",24.8859374375741,1.26392195162561,0.426837875806808,0.00126369843120259,0.00503000817727017
"SESN1",14.2879234051078,-2.32779626366167,0.565241288986573,5.88803689112009e-06,3.91024586609515e-05
"MID2",34.3020184351971,1.06663927143943,0.388293565172634,0.00299486353276944,0.0107125756226589
"COL5A3",7.03747655416557,2.9953088564368,1.05120585055469,0.000765517212083906,0.00322306471605006
"SRCAP",103.80300973403,0.919259630416524,0.251953261256423,0.000163093966673496,0.000811061888322251
"CNOT4",45.7736313655431,1.08158159049664,0.343815987882483,0.000853967846439428,0.00354642078870422
"CLDND1",293.367294879455,1.66915466913811,0.148449697577933,8.25064036334944e-30,2.89717142529828e-28
"HSP90AA1",5213.50205830203,0.688312229478382,0.0569009209190047,8.36952491435072e-34,3.39704246523647e-32
"DLGAP4",132.24296515326,1.16910423912632,0.217095548541925,3.58988061236027e-08,3.31817497994453e-07
"IGSF9B",19.1584896448796,2.71034261693958,0.62556352069753,2.93848652821719e-06,2.04803606512107e-05
"NDC80",3.09183444664602,-2.02574839950731,1.44837516610623,0.0181807508483756,0.0492335874622415
"CXCL2",45.483925580049,4.03232811566567,0.754507901134059,4.64248342928702e-08,4.23699863838365e-07
"PKP1",538.35918627479,-4.03850292819143,0.121835432793297,6.38252270749309e-242,3.03720046080706e-239
"CCNT2",70.8072480328091,1.17641222863496,0.290399740316731,2.4672458012277e-05,0.000146758586452337
"FAM135A",17.0709592774093,-1.45053870930588,0.482553507851064,0.00082797394554979,0.00344676936608962
"TRAF5",2.17484131735086,3.10800678583471,2.77987253284312,0.00887585186928516,0.0271108357229161
"NFE2L1",134.987684584881,-0.568290866172097,0.164429628719059,0.000451750923322391,0.0020253940031998
"XPO1",135.6651045393,1.19158820507212,0.198166713511267,8.72996128172223e-10,9.73916456651307e-09
"ULK2",9.58979180478572,1.47769709121039,0.658272135878971,0.00713352534707165,0.0225912118710135
"OXCT1",42.3529767996101,-1.3295548902425,0.332023879716293,2.33999485883628e-05,0.000140034384440333
"CYLD",288.998831701969,2.44803241826722,0.212469525928091,2.70688129391846e-31,1.01508048521942e-29
"ZNF671",34.7768969726094,3.39583649505282,0.665854290462364,9.97120608074384e-08,8.74222642403208e-07
"ZNF416",33.7283454019807,1.0744749863152,0.365160470599698,0.00164067612006627,0.00633855835859871
"ZNF264",29.1409170114583,1.44708396530848,0.432645701476578,0.000288173378206563,0.0013503540303058
"RPS5",197.964041372432,-2.7217268942335,0.162902587912805,1.62105028906785e-63,1.28566057408829e-61
"FAT1",121.417203437157,-2.11458656350539,0.192769001303341,1.10955271999855e-28,3.74372311393153e-27
"YTHDC1",219.712864635616,0.90163774581512,0.176770255870962,2.21156193900103e-07,1.84631305252354e-06
"CHMP2B",168.998453317972,0.679410908041248,0.173166553526358,6.71776453517606e-05,0.000365124657681881
"ZMPSTE24",68.292470386913,-0.646104821637954,0.244856290039869,0.00635402621372945,0.020430000407611
"NOA1",23.3347893573762,-0.997586096145537,0.427852676210476,0.0100657187141739,0.0300776780477832
"REST",51.1739361027332,1.32113862266234,0.314102211247794,1.06738725090417e-05,6.74756942852841e-05
"HAL",5.95254245518152,-2.76278376390285,1.11371860657374,0.00158169788269857,0.0061330235406688
"GSTP1",1180.96162355391,-3.16592067642524,0.0717392594710399,0,0
"APLP2",176.040037852983,-0.592585782046548,0.148157165730299,5.14421753689826e-05,0.000286945036415505
"WBP11",95.979390193871,0.740430657555548,0.227073537865815,0.000807338412351285,0.00337205511212099
"EIF3I",571.989743870456,-0.756542018557212,0.106471884241747,1.04676471232946e-12,1.49318063940451e-11
"COL16A1",21.9006230002632,-1.02141033412951,0.418985647979559,0.00744907482699118,0.0234351800041673
"TXLNA",106.551769053575,1.11678209177408,0.212039517047985,7.09472283518114e-08,6.33703398870548e-07
"RAB10",303.467906155743,-1.63052473680379,0.131701843047891,9.88986700343153e-36,4.27837506731521e-34
"HADHA",133.593632084092,-1.9468878310676,0.178980927052657,3.33055919762636e-28,1.10751125125888e-26
"CD82",42.0045554788438,-4.08964549691423,0.423936272784223,6.17581059076589e-23,1.62645393420934e-21
"BCORL1",14.0200940227283,1.26730158624569,0.565223200431639,0.00939592005427057,0.0284124521648658
"AK6",49.1200613719872,0.877765067703937,0.317908967253032,0.00359315854322617,0.0125596727194836
"PREP",14.3041287133303,-1.32247381111048,0.51585676900405,0.00357154728590382,0.0124999626034676
"OVGP1",106.49890794038,2.75250581214441,0.473626753169402,1.82033052203304e-09,1.96869601912665e-08
"ABCB1",61.0224054631104,5.29925211049372,2.16313717772733,1.13920612478426e-05,7.16220707153655e-05
"AKR1B1",63.1127523822999,-0.638119373876181,0.247126747608383,0.00756681815375681,0.0237376882295622
"CPNE3",50.2514560274391,-0.830652888009904,0.266323198850831,0.00117522012064083,0.00471043789278055
"RRN3",78.6912560146052,-0.669303614270389,0.236440222162,0.00348048387503729,0.0122122241229379
"CTTN",306.523910213517,0.608282742426405,0.119781390565614,3.11887712104164e-07,2.53776558197963e-06
"DDHD2",14.8645032820436,1.06383417626968,0.494640314021924,0.0149810931422562,0.0420714459428439
"MGST2",14.8574503844965,-2.75863195098157,0.614718008537705,8.71547253578199e-07,6.59032991746803e-06
"MAST2",30.4993832896723,0.915778159928682,0.373060963109855,0.00830525902041351,0.0256748598749342
"DNAJA1",2518.34831280465,2.42615710069433,0.0740799022400633,5.83184853163374e-236,2.59611321730792e-233
"EIF2AK1",39.9699534533216,-0.699669911237868,0.303811141363542,0.0152958082472396,0.0427686670392028
"SNX10",7.6997706060559,2.83442268550794,0.920684637376783,0.000271501152984214,0.00127830634977214
"MRPL28",44.7593204649217,-0.9428139746561,0.30022845414239,0.000976299121398971,0.00399079617159532
"ITPKC",266.178138439283,0.91806816122815,0.134115845313048,4.7683402080007e-12,6.45128381082447e-11
"FAT2",25.623905052397,-3.38928838757349,0.462568475435436,2.90529498249827e-14,4.75036383394266e-13
"TMED2",230.56411422674,-0.442154463859659,0.142801343057294,0.00172689912710054,0.00662714347997424
"ACOX3",13.7656705317655,-1.5559101297946,0.568448236316235,0.00164722814096055,0.00635853100566591
"PPP1R15A",1943.11862687269,2.7419014676866,0.099033830850528,1.78485003186055e-169,5.47354009770568e-167
"TRIP6",240.148861347633,0.71881392080048,0.159993188487145,5.22069793005188e-06,3.49058291834864e-05
"ACHE",76.3566892512005,5.3126008095566,0.827288936609677,1.90302769531401e-10,2.23675806947173e-09
"FTL",6022.69357615128,0.463893430555375,0.0564340156401772,2.05712238658211e-16,3.83625526146393e-15
"SRRT",184.338153861007,1.10904861021007,0.196863420148099,9.34866069750471e-09,9.45832240656635e-08
"NLK",32.4774420040108,1.72482771834903,0.409659296791694,7.22222634132879e-06,4.73251298719551e-05
"PIGS",13.837699178018,-1.35673314222608,0.549941792162834,0.00454697258437362,0.0153870087455508
"ATXN7L3",101.748572233271,0.921305593226063,0.213135339204072,9.52842663150905e-06,6.08760590346412e-05
"PSMC5",73.0630162797955,-1.20986224933062,0.237116506917112,1.50672051903546e-07,1.28429543932609e-06
"UIMC1",49.2931377017583,1.20288632161866,0.322325804203218,8.75839156895282e-05,0.000464511159306491
"OGFOD1",57.0503428564532,0.773615021112196,0.268269047780267,0.00273338742914833,0.00989007512381935
"SH3BP2",30.5627663165357,0.814013672197398,0.356513773067283,0.0146076178380234,0.0412070985618811
"ADD1",86.8508608204526,1.04861549186402,0.238429233988092,5.95271898801066e-06,3.94940009781476e-05
"RTRAF",27.9437659411295,-1.10584053802479,0.370759452517169,0.00134074006919211,0.0053045335306339
"KLHL42",18.926281452285,1.18899216475774,0.466404142271837,0.00459222985813176,0.0155049307339213
"TFAP2C",24.9315147448859,-1.18423657011934,0.41741667358747,0.00193125300320972,0.00729173500527884
"AURKA",9.50201379774336,-2.15786319109975,0.749647867901931,0.000643113604196457,0.00276737378793611
"PIR",10.8048787801549,-3.40333514918594,0.738755446536966,4.75205917896198e-07,3.76023031362818e-06
"SULT2B1",111.127192509011,-2.94729149620363,0.223016074149588,9.7015012345737e-41,4.76443832872303e-39
"CNOT3",189.456656808211,1.90519987988848,0.251727878073762,1.13160227519292e-14,1.91608728805673e-13
"ASAP3",10.5262482983598,-2.08557138397893,0.656055736701311,0.00025324511249436,0.00120219558046858
"EDEM2",23.0597546420215,-1.90916916976532,0.483888950805557,1.63012525387502e-05,0.000100025471336039
"TPX2",28.9910152565221,-1.13167815785495,0.391904549619388,0.00175898424434341,0.00674090046429856
"SLC15A1",3.44716336167944,-2.16254778158322,1.36116874273721,0.0133147037142574,0.0381367603272627
"DOCK9",45.221774479022,1.22466463214461,0.309046841092308,3.3114177955681e-05,0.000191684419374328
"ANKRD10",21.3789884157263,2.02848475210187,0.575130515337017,9.82656704556513e-05,0.000514654756384809
"TMEM40",164.3511496949,-1.82863349420445,0.175140852502752,3.99307135836341e-26,1.21108537902011e-24
"PPP1R13B",37.3567793359354,2.03271262266397,0.405075594947623,1.24421403745067e-07,1.07515051451592e-06
"FKBP1A",185.739285362509,-1.7109733627644,0.15065952975708,1.77085139025242e-30,6.3474673209048e-29
"C20orf194",24.8692102105905,1.86987198372663,0.454895634335205,9.82543448995054e-06,6.25708333923938e-05
"DYNLL1",459.444446545265,-1.28740201020312,0.102665717106356,1.92577801455903e-36,8.51786429516494e-35
"RPL6",277.726771519521,-1.70925721187313,0.131354433343466,2.81932220246096e-39,1.33241939705347e-37
"ESF1",105.710044433241,1.01850050751787,0.211795580294055,8.61278561076915e-07,6.51625227130561e-06
"RBBP9",10.7100058778472,-1.27344026106933,0.646955658828323,0.0162292733990948,0.0449997936322099
"ANAPC5",27.0453656841634,-0.864727207887459,0.36281322119483,0.0104223299804832,0.0310108136547365
"TMEM230",22.3650379765857,-1.27283200539118,0.486971876801503,0.00328490155326554,0.0116175400909955
"OAS1",7.03668677289706,-5.90594798799312,1.48556277816253,2.96664202937747e-06,2.06557315869874e-05
"RPLP0",417.63597533912,-2.53796938222474,0.106522969859087,3.1134791449437e-126,5.80621786489501e-124
"PXN",150.435555906726,1.34407851491124,0.189853798511067,5.85731898571574e-13,8.61737761224703e-12
"PEBP1",250.309064390168,-1.79552274280157,0.137171389460985,7.26170499627525e-40,3.50389961358736e-38
"BRAP",50.7661871592024,0.687467755962337,0.288114867937171,0.0126309622738951,0.0364583307633869
"ERP29",44.4421276668948,-1.84250732096295,0.312672002155051,8.96145310673124e-10,9.98127948933746e-09
"FUS",182.297075840418,0.698544404095785,0.185181995094481,0.000122555744633335,0.000625469406782553
"IGBP1",70.9115914111327,-0.980820768284584,0.260553232008274,9.3808316921099e-05,0.000493727983795258
"GRAMD1A",14.8161369705594,2.52052061647247,0.62790119437103,1.05717728785671e-05,6.69222319835899e-05
"FXYD3",192.571990767914,-4.59843405974723,0.208588468962467,1.72741042349762e-108,2.56325417680292e-106
"GMIP",38.957318591399,1.40887564836424,0.362402339949724,3.76018021741601e-05,0.000214956449877137
"BIRC5",5.11762658365972,-4.82778077960537,1.53170413132892,9.37651048734933e-05,0.00049368883908974
"LAG3",9.80822810777641,3.24515702244461,2.21064728232895,0.00384252779766085,0.0133066207296662
"MLF2",220.032502942657,-0.786973482295555,0.143713509173479,3.04903177733549e-08,2.86235636239659e-07
"OTUB2",13.6085410264341,-1.89248221289832,0.584758553595864,0.000247208488663458,0.00117556069729694
"DDX24",117.788614232181,0.483686322230419,0.19158253898453,0.010059690100348,0.0300679496176744
"RCOR1",118.511335097576,1.35045862616322,0.196890839197142,2.77410323378352e-12,3.82062122018089e-11
"GPATCH2L",55.2599964731741,1.09824242910763,0.324450592326289,0.00036635655327661,0.00167186522328612
"BLVRB",79.1000739776048,-1.34697624626485,0.258375350923937,7.07090597344369e-08,6.32394701448626e-07
"PAPOLA",92.6339368297869,0.580835495301584,0.223853262895246,0.00771080252555911,0.0241126387610958
"PCBP4",51.9935042171269,0.808112594472542,0.288199804960636,0.00338829270733851,0.0119220906071574
"MRPS33",11.8622966720926,-1.95141253538789,0.593847695385837,0.000192446176119122,0.000941757883136128
"NDUFB2",41.3471663011875,-1.51507517027019,0.311585056816722,3.65151959949698e-07,2.94319414480907e-06
"MAEA",85.1373609564925,0.796402217196296,0.273040832981015,0.0024246670295631,0.00889431286761584
"STRN4",149.397385762038,0.977483188005068,0.224142211971813,7.67455011637776e-06,4.99334236709161e-05
"PDCD7",40.7195770124083,1.02386224341033,0.321986145785579,0.000793931542162442,0.00332410657822867
"P3H2",23.0802140965828,-1.50153658222916,0.418001939804096,0.000101089877361124,0.00052782455829872
"RAB11FIP3",28.2158126367341,1.53727149044467,0.414501615802486,6.51340316323182e-05,0.000355698312831813
"GOLGA3",84.2211875761183,2.04057915478121,0.271299757030422,1.34869469642444e-14,2.26975448910455e-13
"CERS4",22.4796872250803,-1.29121415013617,0.428595523833912,0.000966180039642666,0.00395763863077138
"EFNB1",110.293757292634,-1.22086507062584,0.202625599061938,7.4608372836792e-10,8.39116173714532e-09
"AARS",158.906567853135,0.845759762080946,0.179702451467378,1.69289668627096e-06,1.22058381768753e-05
"KIF4A",3.55539664198216,-2.26789896847646,1.24791910398583,0.0079927824159573,0.0248424318333808
"TNRC6A",30.699016710359,1.07730632071036,0.367896114278977,0.00171019291507217,0.00657583232878126
"NAT14",6.11435186494257,-1.8029769093864,0.991325027319375,0.0111989332383216,0.0329520850082811
"PITPNM2",12.5882829417326,1.92664790595244,0.659146875813105,0.00076190303580607,0.0032124234323629
"RBM27",96.4355303516861,1.70161140590033,0.248176024995684,2.18965850781643e-12,3.03691330732329e-11
"LAMB1",12.1047947305482,-3.7912934943189,0.73933926376018,3.89187929472554e-08,3.58530936363234e-07
"CMTM6",65.285554919583,-0.846297766575598,0.243690087673614,0.000331204408074363,0.00152928832075972
"FH",94.9694548145512,-1.28741178555291,0.229001026719389,7.74702817418599e-09,7.91918435583457e-08
"ALKBH5",39.5206769809782,0.918651694954387,0.314266097218525,0.00207058842828871,0.00773318546965741
"ZC3HC1",42.1973263203706,1.07293512227752,0.356588036427203,0.00135154612209976,0.00533963254651496
"TMEM101",16.1669309224011,-1.14001731616506,0.475072340787424,0.00708676418202225,0.0224718165698316
"CCDC80",3.77916025711518,-1.89673740926302,1.11661069559193,0.0127879907482296,0.0368422280429162
"PSME1",59.0054761131236,-1.97507320269149,0.283420544120637,7.02611540973174e-13,1.02495129655706e-11
"HAUS4",9.48617650863381,-3.25004719590311,0.839152902366852,1.21040390052983e-05,7.58219420213875e-05
"SLC7A8",14.6209630843612,-2.19653160152268,0.541633942113438,8.40645962969482e-06,5.44388281979299e-05
"SUPT16H",60.4691998273418,-0.600080278983476,0.253250099333223,0.0140625301293097,0.0398732105577305
"TOX4",115.752631111758,0.623199494771423,0.199464373545718,0.00143346900657535,0.00563425585039585
"TGM1",121.626640484689,-4.05629512037095,0.261127442454404,2.46662806975727e-55,1.64441871317151e-53
"TINF2",66.9874229505574,-0.958664315363506,0.24648816698192,5.84429796111315e-05,0.000323122243042314
"EZR",1002.34154119466,-0.439920401851758,0.0721397680981923,1.00943419037791e-09,1.11979033980829e-08
"MYL6",581.390190070741,-1.06286894382543,0.0913604615516183,1.48423993673844e-31,5.65815224502499e-30
"UNC13D",16.6767545696953,2.29344413031436,0.697112688803597,0.000199403076097513,0.0009706393122207
"COMT",35.18460453261,-1.44598257799559,0.332256339073697,4.51970196700951e-06,3.04999897639096e-05
"KRT31",20.2195215104437,-3.72761809760576,0.70017352700025,1.02774112796104e-08,1.03524288801915e-07
"UPRT",10.4357058087874,1.56736233561426,0.657766569626557,0.00482433255942514,0.0162221708869559
"CDC23",34.9433984059803,-1.34235616335436,0.354952141920157,5.79317057661618e-05,0.000320680922411967
"ARCN1",273.294983802641,0.715897894903425,0.130883798246467,3.38710805634577e-08,3.14973660226224e-07
"PSMD5",41.7690654676106,-0.79485488350453,0.297335327313402,0.00497660698814584,0.01665304957236
"TBC1D2",35.28463039697,-1.43478503717855,0.34085072995254,8.67106857667047e-06,5.58901197375304e-05
"WHRN",19.2701437649196,1.50109311746983,0.563189890484182,0.00246388318648159,0.0090237760014453
"BTAF1",168.367030664989,1.42443449401234,0.182395464839887,2.18059292655532e-15,3.84810516450939e-14
"BLNK",11.3187419808332,-3.97160735477079,0.871324844358647,5.47660052030743e-07,4.29023866186182e-06
"IL11",221.59065413977,7.24670690427804,0.702386999885227,5.82742406120021e-24,1.59244459494184e-22
"WAC",132.933490704878,1.33474308693142,0.203545652822441,2.70718117684213e-11,3.43374083092108e-10
"SMIM24",2.24805853938737,2.4823917423937,3.35147273509775,0.0152595303094477,0.042696982617676
"HIVEP1",34.5201290388859,1.14231522379041,0.357621574587438,0.000665510647728768,0.0028530745382594
"FKBP5",42.1453379788069,-0.882909684062077,0.297289346785293,0.00181081670296624,0.00690502086237472
"SRPK1",46.641467144461,-0.938451650609922,0.282829523909044,0.000525359079088743,0.00231406169531588
"HSP90AB1",6238.63007069189,1.10976503724665,0.0605068615530624,2.35007030741489e-75,2.1912817731301e-73
"CDC5L",98.8538447918744,0.610238470353165,0.228145226166746,0.00595126016067159,0.0193422963300207
"ITPR3",98.5587791987186,0.821992180741194,0.199957607069365,2.7128583064627e-05,0.000159886521810946
"DSP",1215.5992993816,-3.42471844793313,0.0891319674567418,0,0
"SIRT1",87.9226409346637,1.74390532139619,0.281603323452967,1.76897637119366e-10,2.08470315307195e-09
"HNRNPH3",387.341479602192,0.899900442280491,0.138099368690629,8.08957286646801e-11,9.82712196806853e-10
"SCD",534.387741861348,-3.17529077373999,0.103263360272805,1.5584550399204e-208,5.9740776530282e-206
"ABLIM1",82.9816568241394,-2.59419736542314,0.241271909890463,8.81476188599382e-28,2.88255246508803e-26
"ERMP1",21.3408524227467,-1.77641399766413,0.448124992014795,1.70369862455989e-05,0.000104123299463802
"RAB18",51.1587207030764,-1.07909206029301,0.270926916109504,3.43362888141633e-05,0.000197680761633481
"PALMD",7.75425820701633,-5.24106732056211,1.24306970736485,5.76886484351947e-06,3.83664264291897e-05
"WASHC2A",90.8779947969405,0.716573284840355,0.258444935388718,0.0040874842979603,0.0140316625153861
"MZF1",45.2097803540749,2.2092296575626,0.4052834612297,1.0801288261404e-08,1.0861507427043e-07
"MYO9B",68.6545385122678,1.38055942556707,0.303625475882322,2.18628220751811e-06,1.55199045595421e-05
"KCNK6",37.0653406416308,-1.15751677905399,0.315443907557813,0.00011117408568514,0.00057488812550109
"PSMD8",246.561507811874,-0.428904240632502,0.132275050982912,0.00107207203061354,0.00434241092529112
"SETD1A",46.0464859590789,0.950897498322753,0.355310859886378,0.00432891659396067,0.0147759210973676
"ATP5F1D",25.7246344309105,-2.42170194300179,0.472352231236472,4.31762234811748e-08,3.9563870122192e-07
"CBARP",70.1686082086668,3.41110827822741,0.385618630738648,1.98934432812802e-19,4.39247227650668e-18
"HNRNPM",232.008869186259,0.612482902786854,0.158559883541298,9.42560236039068e-05,0.000495706221697375
"2-Mar",12.8903971199815,-1.61147908053171,0.564471947384625,0.00109018223455643,0.00440671202017536
"NDUFB7",125.319265728773,-2.04244702760081,0.249093767866796,4.76789105084926e-17,9.24113714911796e-16
"TECR",93.536438549813,-1.32456962899716,0.244456538710774,2.41318072522303e-08,2.2903640995927e-07
"TIMM13",67.7705492397205,-1.71852185386066,0.260763445764234,1.15247002215551e-11,1.5074963322982e-10
"CEP170B",160.129515119591,1.95082284211578,0.191612942899711,6.08581029931551e-25,1.73521037459822e-23
"POLR2E",64.6136236936728,-0.629476612143369,0.245780099326964,0.00807634672720969,0.0250739223476926
"HCN2",34.981990211902,5.10835610219524,0.998128634125428,3.52628097569202e-07,2.84850406609939e-06
"GADD45B",770.471531293883,2.9268519851586,0.201356443413762,2.11359788342921e-48,1.21027596644494e-46
"MKNK2",380.422948063628,0.319175398874822,0.124897487834159,0.0101354134978409,0.030261511525358
"ARVCF",31.4318194143343,3.79581483076415,0.583522583641811,1.89311472232603e-11,2.42571802860717e-10
"RANBP1",31.8203352062061,-1.35883448380538,0.362417343558784,6.40034812465174e-05,0.000349911714759228
"MED15",61.5752085826731,1.25599470024321,0.298356675048123,1.13210578112877e-05,7.12405826702096e-05
"CRKL",255.304053483783,1.31959454219433,0.151775114163194,1.98181611952697e-18,4.14379734082912e-17
"LZTR1",32.2153868589406,1.48754337465685,0.373206561020916,2.22659327412566e-05,0.000133828341389086
"DDT",26.9985904179843,-1.2740374221493,0.40977070675686,0.000724883861637967,0.00307418478506575
"SEC14L2",22.2615325686717,-1.05428656475678,0.437323594329656,0.00763643232688189,0.0239234429309807
"MFNG",11.7737307242427,1.60757366298804,0.770229084559387,0.00975260085552049,0.0292768961945144
"CARD10",43.7176519784181,0.984945872118904,0.304981950275182,0.000700642031926707,0.00298513740061394
"LRP5L",8.96605720120673,1.99046650439032,0.829197121330858,0.00335400981624904,0.0118255839203466
"SLC25A1",62.1238199773254,-0.94922995238575,0.248448369671241,7.7585931283783e-05,0.000415961869353615
"PLA2G3",4.76196696198348,-4.94382786051958,1.5921730971849,0.00010188021397282,0.000531348054733527
"SH3BP1",20.947097515628,-0.990119057252559,0.428769956361011,0.0108134819896679,0.0319678773473473
"LGALS1",74.2188049312821,-1.05301111152444,0.236602598830679,4.45619987779415e-06,3.01448815262545e-05
"PIK3IP1",18.1922335596915,-2.38921716041464,0.522961469377857,7.6642963599976e-07,5.84996071725481e-06
"EIF3L",63.8076308703467,-2.01652420366175,0.262748676596931,3.43282360095415e-15,5.97389226899966e-14
"SNU13",90.5688478828381,-1.86610449931818,0.215317716836126,1.05794593139445e-18,2.23921071368765e-17
"MICALL1",76.063790876095,-1.12169916677973,0.229049842878375,4.77655633482663e-07,3.7731240652895e-06
"POLR2F",10.3249492597323,-1.35942147144045,0.610122550981042,0.00815860967609333,0.0252781350539039
"SLC5A1",26.0297881788599,-3.72654384717525,0.511984985084225,4.65762360984524e-14,7.50878572615237e-13
"DDX17",408.758186035418,1.3079560735711,0.119216941108936,2.25929530738863e-28,7.53098435796209e-27
"TOMM22",71.777063636892,-1.60987122433236,0.25364378036617,6.4484058547416e-11,7.90301960883073e-10
"XBP1",277.321408255914,1.50280834769837,0.130485407306045,3.8596855134327e-31,1.43567816941701e-29
"RTCB",151.388823166963,-0.702505706503088,0.178024369592201,5.87686809883612e-05,0.000324792870500354
"JOSD1",101.542137832002,2.17037449245079,0.239776000185123,2.97373617468105e-20,6.77187445719448e-19
"FBXO7",63.3754532945034,0.62026725882802,0.266067546149835,0.0154765944365327,0.0432167145334179
"GTPBP1",58.9613785955005,0.792520301025551,0.291943855582575,0.00452957825825795,0.0153431958674423
"TIMP3",8.72493677760143,-1.66846168955587,0.757035743136775,0.00614348184839515,0.0198594634593237
"PPP6R2",59.107531401644,0.673110018196031,0.284090842314553,0.0134004142767434,0.038342466725909
"SUN2",38.1352209810948,1.17866681608209,0.331589647238264,0.000174543634845735,0.000863024779960995
"DNAL4",16.0597401823985,-1.03028762999254,0.493780114120261,0.0176880160146722,0.0481734006320261
"LMF2",48.6641410913041,1.67083592992489,0.312680680996505,2.67120277872144e-08,2.52483550317506e-07
"RHBDD3",43.773714926293,1.79719111638802,0.382233414788813,6.91706469399867e-07,5.31489380719274e-06
"PACSIN2",71.9462270259021,0.689990932413592,0.249350184748078,0.00424029665901349,0.0145165204401851
"AP1B1",73.4725177377705,-1.07760337466198,0.24217372189156,4.43297167076931e-06,3.00171781435802e-05
"CHKB",86.6736121240818,1.90364314744842,0.26422883551271,1.45902657450734e-13,2.25977179890026e-12
"BIK",11.7663804822323,1.56408390612754,0.79624380404088,0.01138465024402,0.0334415013553589
"HMOX1",40.765325640435,0.778692601405135,0.346625115597119,0.0166230755789559,0.045788112373172
"MCAT",9.34489726374171,-1.35683537604002,0.717273136604093,0.0168196578501901,0.0462096910875222
"MCM5",4.0520005210402,-1.96770464957758,1.11577554951251,0.0106939971280623,0.031662124086518
"TSPO",182.343287834885,-2.31755406771441,0.191963284943069,2.41315231943473e-34,9.9407468681192e-33
"TTLL12",35.1436624460155,-1.84323472900818,0.339928012487513,1.35100357863391e-08,1.33551929693037e-07
"RPL3",451.557214011773,-2.20534109122115,0.103665330140815,4.1026649232647e-101,5.718866256672e-99
"SYNGR1",3.77085560596988,-1.8130310933533,1.12314387650192,0.0159493094484408,0.044361147073523
"MTMR3",118.494235663461,0.834209524668122,0.226634630396961,0.000159293138155539,0.000794163766815912
"SAMM50",11.3225063081535,-1.3686250650873,0.56624309948177,0.0050080804163644,0.0167461860300045
"TXN2",58.0275406777232,-2.23171978440196,0.280348482196261,3.05264343569391e-16,5.6469811545008e-15
"EIF3D",241.5719484098,-0.520385936363846,0.134391414067656,9.26398560597615e-05,0.00048869648838865
"KIAA0930",38.3870841438846,-0.887302063659184,0.303808562875173,0.00211402095284822,0.00786808368490831
"RBX1",54.3268150518532,-0.860021564589706,0.293430018871955,0.00210889293038662,0.00785498581358581
"EP300",135.081678701582,0.846974357793078,0.216516117627485,6.1639433609609e-05,0.000338354886162532
"ZC3H7B",38.7020102290756,1.00428272310933,0.326222304366412,0.00114224820358701,0.004596974397638
"ACO2",93.0786438335474,-1.18664357238297,0.219933901717883,3.1547220662855e-08,2.95353897657665e-07
"BRD1",121.187424910429,1.62279004345659,0.225087565576726,1.87882696705718e-13,2.89050302624182e-12
"ABHD4",18.0153233620895,-1.11169109249552,0.462332323552066,0.00722168539775773,0.0228157643061027
"KHNYN",95.9965566949351,0.478661470655813,0.203187480124276,0.0161903844629005,0.0449100111734727
"FKBP3",68.6785345030599,-0.75399427912019,0.24020582102871,0.00118750731150365,0.00475416330105898
"PRMT5",178.813221427387,0.503634271184948,0.154108114069408,0.000941643669544774,0.00386401505790005
"SOS2",45.3321410217816,1.56108958566928,0.329774462108001,7.10202476178556e-07,5.44791226862928e-06
"PYGL",88.7164052450212,-2.26674944938719,0.217584478940991,3.67709809574648e-26,1.11770823174673e-24
"CDKN3",4.85924170967125,-2.04937608275928,1.1994426204918,0.0104435166633779,0.0310470766813045
"CNIH1",39.8446122770215,-1.13863221863642,0.310792214868709,0.000115939304193617,0.000596111176554363
"CGRRF1",9.86837922966144,1.45379658273758,0.671731165061861,0.00913057659806721,0.027796593217147
"ATP6V1D",142.984798548799,0.493924637395495,0.172769621836376,0.00370192023815335,0.0128811142931206
"PLEK2",73.6889869954628,-0.59311083025659,0.22466000830973,0.00662072669566364,0.021198614477995
"PSMA3",40.5565866866648,-1.33538113292512,0.335888086420122,2.59205084699028e-05,0.000153388943775582
"VTI1B",23.1826932595838,-1.5742311143541,0.418411903967912,4.77324972527597e-05,0.000268203771208503
"AHSA1",409.590111308627,0.44929007583811,0.115058333710974,8.36797016912093e-05,0.000445173432281684
"DAAM1",32.835981547804,-1.46751674501956,0.352815992873773,1.05100782976928e-05,6.65927826024611e-05
"DHRS7",52.39042000401,-0.75274875175358,0.264628803988725,0.00309454962601001,0.0110222241310566
"SIX4",30.4631983091145,2.2018165591168,0.654597893572096,0.000197136653363964,0.000961555554118821
"HIF1A",231.166760573701,-1.0250511809805,0.133344905573555,8.2934130706774e-15,1.41295185648578e-13
"SRSF5",836.434022051424,1.16482735117812,0.100937044942307,4.09084692626816e-31,1.51757224684141e-29
"EIF5",366.454666932744,1.79758064833278,0.13799722589915,2.56728876965411e-39,1.21747714849576e-37
"DICER1",43.620494047497,1.07957994478316,0.312377594526256,0.000281819081193829,0.00132282425866491
"MTHFD1",9.70497783933635,-2.01438457302696,0.665290732655856,0.000429687478571858,0.00193401409141932
"PCNX1",29.4951145923703,1.31817498734699,0.410319283531613,0.000519671842662434,0.00229266989409897
"VRK1",11.5159632000329,-1.50551249544418,0.604084048443578,0.00346007080694199,0.0121560532423115
"PSMB5",239.813751567233,-1.04171415395786,0.147373238945133,8.38922782582572e-13,1.20720900934718e-11
"ACIN1",287.521276373051,1.773096496066,0.171442776988068,1.32093505815217e-25,3.9034055251606e-24
"PABPN1",234.541180094973,1.22365683040293,0.189034376983229,4.27516876235321e-11,5.31507467752021e-10
"EFS",14.4553275217089,-1.27140731147534,0.530940389734056,0.00596827450241893,0.0193747796126514
"DHRS2",19.3158499824777,4.07131813471839,2.13593106420389,0.000517989972447359,0.0022859806906855
"PCK2",30.3694284500823,1.0090441422589,0.35956441608392,0.00268775051082465,0.00975307837217463
"PSMA6",36.988304601909,-0.847778444690887,0.320495938776281,0.00510966247262281,0.016991286714298
"NFKBIA",973.739940264466,2.18943586158896,0.14170478954632,1.94900199839871e-54,1.26273368910339e-52
"PSME2",71.1473079620001,-1.42239912693133,0.281846636002767,1.64031400082168e-07,1.3921484139815e-06
"PNN",610.773734706834,1.49692788463365,0.111365026764091,1.3932882134732e-41,6.99177358033823e-40
"RABGGTA",32.514389907247,-0.767414574259216,0.34384287278587,0.017083472287523,0.0468133275551663
"PLTP",46.3117399042055,-3.22607230633744,0.357682261932434,2.38204261371106e-20,5.44241524324712e-19
"PYGB",97.0162545243519,-1.00235758138773,0.206966661415556,7.14808026401631e-07,5.47715200685314e-06
"PROCR",36.3120849360031,-3.46084509493714,0.458641275279373,4.87207698471153e-15,8.39384049800488e-14
"NINL",4.47494358147836,2.31824982206843,1.17304227735126,0.00721844234946292,0.0228107406509247
"ZMYND8",23.0116110471177,-1.25616649530806,0.438902941086725,0.0016233132151906,0.00627499226040065
"MYBL2",9.95519568993157,-2.62759864278896,0.797162790509376,0.000131619195042256,0.000667528442331175
"PABPC1L",37.7438699292702,1.80391782668168,0.405405779513679,2.37508418368802e-06,1.67653001201507e-05
"STK4",44.9057869547103,0.855013056852728,0.327921852451447,0.00578981037065346,0.0188722441953155
"RAE1",82.2374684718437,0.909270654012973,0.256259377309998,0.00024038049698912,0.00114685505640841
"TPD52L2",224.638973768883,0.477848134425791,0.138878147826926,0.000520070379853646,0.00229369486800266
"CTSZ",67.3604972013526,1.49486066921975,0.276918859299426,2.20377353522635e-08,2.10755889023726e-07
"PRELID3B",160.549865759569,0.551101561867821,0.158370746324057,0.000423992371046472,0.00191274753855551
"PSMA7",271.919552607175,-0.415585374445519,0.13047067980771,0.00134786738454057,0.00532814950061871
"MRGBP",49.5269211195975,1.19309632935257,0.306076797128579,4.47656651682094e-05,0.000252871952239578
"DIDO1",43.6812395498374,1.03514273230432,0.337716098501418,0.00116959361354563,0.00469197437992142
"GID8",82.2388714162603,-0.549857782144905,0.23654104694877,0.016510177690919,0.0455524760678744
"ARFGAP1",55.6443422428296,0.759210700492116,0.293001917039621,0.00670185876502408,0.0214136723679862
"GMEB2",78.0032422798429,1.40696722619829,0.301106557649415,1.15497895050492e-06,8.56919866503649e-06
"C20orf27",11.9975289238106,-2.07689722108685,0.612990210386173,0.000120989476521172,0.00061930815133241
"RNF24",47.9198511917939,2.07679089545639,0.354069948475441,1.0525856522317e-09,1.16578507229514e-08
"TRIB3",112.843396505859,1.61216085022416,0.213040070358003,1.17830194593292e-14,1.99027746069453e-13
"CDS2",14.3105552707953,1.09245180472916,0.512242561855494,0.0151312238305822,0.0424067605325008
"SEC23B",109.250250341923,-0.54168994698528,0.206896973732841,0.00740425292201635,0.0233071830118215
"FERMT1",18.8977842967324,-1.88338295653237,0.487309402478292,2.37174686897657e-05,0.000141750137686776
"TM9SF4",48.8415982461573,-1.35545253434586,0.293496144588614,1.46263926030456e-06,1.06852418169417e-05
"NOP56",84.0464639457523,-0.881643480442876,0.219362376915922,3.64830583513669e-05,0.000209341457483935
"IDH3B",84.2296424437844,-1.23721539832656,0.238712255108961,9.50581879355429e-08,8.35543307968467e-07
"JAG1",26.1633057063627,-1.60912707778657,0.391572511992993,1.11070689983544e-05,7.00179358595958e-05
"PXMP4",5.08955548203052,-2.65799957613597,1.09373369562864,0.00145965409364258,0.00571925794783295
"CHMP4B",423.706263247129,0.793608590220172,0.10760449380093,1.15288429763381e-13,1.80178972903132e-12
"CST3",55.6657661909635,-3.22044565850707,0.311102503824079,5.11176712758144e-26,1.53687116254082e-24
"AHCY",61.2296987020905,-2.62377400737585,0.277674915178147,5.10428219791744e-22,1.29722089007846e-20
"ZNF516",48.8737131984189,0.749916287369241,0.32689714094826,0.0148099914225247,0.0416757507403836
"ADNP2",175.07566293384,1.46577924941283,0.218979617128985,8.82131014542143e-12,1.16491942590254e-10
"VAPA",99.1071556619202,1.24714026877535,0.221584801098844,8.11902854815523e-09,8.28104907350645e-08
"LPIN2",19.0295300767065,2.27715296527439,0.665077933550793,0.00013397990134462,0.000678006101413916
"MYL12A",154.170686978415,-0.879133080934994,0.162900660346183,4.31669751065862e-08,3.9563870122192e-07
"SMAD7",20.3313290185848,1.47551737742384,0.529088040006399,0.00174003017569507,0.00667382335313839
"ANKRD12",43.3100682534299,1.44628185530731,0.336983224373132,6.42427611536732e-06,4.2378112042098e-05
"POLI",10.3277507591304,1.42137558646119,0.680650495297737,0.0113761680949469,0.0334308176555084
"MIB1",153.864407640544,1.83119642640496,0.22259723032798,5.54484194728253e-17,1.07019327094404e-15
"RIOK3",215.49031864309,0.863817455975823,0.170050572863685,2.47882434498382e-07,2.04836981801058e-06
"CSTF2",31.3892234054131,-0.901455931182258,0.390086026199963,0.0120739919831759,0.0351224893271138
"PRPS2",19.6796811066485,-2.12706305924511,0.503004657238264,4.06791601846072e-06,2.76674426095406e-05
"AMMECR1",37.4113746103401,-0.950330335421598,0.326288581381344,0.00202105517353618,0.00757895690076067
"WDR13",29.9298017890179,1.1446570750974,0.384410434932518,0.00136036649683913,0.00537140419352789
"ABCD1",4.93110792521298,2.01298760226763,1.13922636567432,0.0134475432340946,0.0384613671773068
"SYP",12.7267391964637,4.13545905794743,2.1973040118089,0.000597143328705578,0.00259382371297985
"PLP2",271.08146556505,-0.545257942506992,0.137958182084529,6.45919141843609e-05,0.000352877440912185
"PLS3",260.617042592565,-2.48134047962866,0.161783569663566,6.27635507267731e-54,4.02854418618358e-52
"RENBP",2.16222971349119,3.15140114412953,2.85321726185145,0.00881632194644534,0.0269707920330183
"ELF4",45.6777081348273,1.74070495670977,0.341751009652955,9.77998828428207e-08,8.58335152296141e-07
"SMARCA1",34.136235497543,1.92962854086591,0.376497648214231,7.08903104359925e-08,6.33605106228431e-07
"PGK1",197.201280187881,-1.46857042308037,0.149791248732815,3.49897989179177e-23,9.26793138324883e-22
"GPR50",484.286299203661,9.88945308872159,2.45839751241999,3.85003648683998e-15,6.68308220357128e-14
"RP2",42.8970635889685,0.75993867908308,0.322209796443429,0.0126698165161169,0.0365475476426448
"CDK16",78.8045800982262,0.75786691834494,0.260606130525213,0.00275843501971606,0.00997024705921468
"HTATSF1",41.3919469703263,-1.28675610012296,0.305957756015211,1.03764164025379e-05,6.58365730367919e-05
"VGLL1",7.43351925309485,-3.78294721023294,1.03650025819445,2.63131658079173e-05,0.000155445928146087
"GABRE",36.8145504965084,1.30265899901004,0.362503089298119,0.000133345263374671,0.0006755376778893
"FGD1",40.641380064666,2.09485767401262,0.380794913095847,8.10206564929484e-09,8.2698599083039e-08
"KLF8",14.4210122552654,1.35109723934346,0.533745505954394,0.00400091896801164,0.0137824361550333
"PBDC1",134.968428598293,-0.477705261558289,0.206973043810162,0.0181671783139568,0.0492064888582146
"ARMCX3",72.1146809043911,0.826249184185869,0.26623257325275,0.00127240913801188,0.00505738655085368
"NDFIP2",61.3538637744448,-1.23845226619044,0.246737993033164,2.26442790951991e-07,1.88361091931132e-06
"FNDC3A",49.6475639350118,1.00258996479269,0.310255871367813,0.000779144228654592,0.00327212122806858
"CAB39L",21.1120767550719,1.13273800217169,0.459936074286868,0.00624743271389622,0.0201435914606934
"KLF5",256.13647601259,-0.583413763485107,0.133668089836213,1.05307922029815e-05,6.66934063337054e-05
"ACP5",7.59208451812511,-1.86154557143619,0.783582899644335,0.00306101071000594,0.0109285229722676
"ARHGEF7",31.2440841936581,0.918813037763705,0.367474819797138,0.00730628725867458,0.0230408510442663
"PARP4",31.2718812667695,1.4418919174182,0.369820074179968,3.36029288846142e-05,0.000194187779986464
"RGCC",11.1182141590618,3.05539984807026,1.1443927339399,0.00173305775855831,0.00664892884851396
"DGKH",21.006159111404,1.96745184476252,0.496646374573989,1.66927922205052e-05,0.000102200768696971
"KATNAL1",6.10401728666979,1.85153914717085,0.891933557870632,0.00701841860574118,0.0222960812060839
"INTS6",42.5768683255999,1.25297967169696,0.37093060386398,0.00031571409010727,0.00146399678880387
"TSC22D1",73.1958740045281,0.932313688415158,0.237159800419575,5.13370353028659e-05,0.000286474357937545
"MGRN1",22.460192459678,1.05894495963391,0.453951369029993,0.00976305356323795,0.0292891606897138
"MAPK3",60.1158734286884,-0.728484356017326,0.24668657790291,0.00224837925934837,0.00830726473333533
"GDPD3",39.1326598032825,-1.01945454678739,0.345516874436562,0.0016561572709334,0.00638942419314534
"MT4",3.78853227503415,-3.6228779634329,3.62691692301159,0.00820359971313079,0.0253776453802297
"PHKB",9.45770565894101,-1.59289503074295,0.655273056117212,0.00370649716934516,0.012890539550646
"CENPT",67.5575801800301,1.05592552342154,0.269997393162668,4.95088350698715e-05,0.000277281624985481
"NFAT5",125.451898135159,1.7641116316705,0.261809390905466,4.75666590944608e-12,6.44180466637447e-11
"N4BP1",32.0450647933811,-1.1498617985467,0.339184649873639,0.000317961788561717,0.00147392431378962
"ZNF821",28.0170003240849,1.3204745868217,0.507229016145126,0.00355852406363044,0.0124607033945953
"CCDC113",5.24200855724339,-1.9417710482669,0.920638913146653,0.00556683513740424,0.0182736262835819
"NME3",11.6708668051037,-1.6085989044862,0.724070921810273,0.00585987381335536,0.0190722308076188
"NDRG4",44.0339719281628,1.91773864231907,0.397902348516352,3.74528843871764e-07,3.01194524791978e-06
"HAS3",30.7958904545465,-2.75587837092799,0.395005289204793,4.33608541173108e-13,6.44111718857793e-12
"COG4",35.3032826267127,-1.00531184440404,0.338393080030424,0.00156244353900583,0.00607201375338792
"MON1B",65.6746305598448,0.750459383114863,0.289829236179733,0.00680961221829118,0.0216976791993577
"AXIN1",39.9125432692953,1.48235883339579,0.346033341601726,6.35619261469863e-06,4.19892092306563e-05
"HCFC1R1",10.8349192035297,-3.78088698967877,0.842046375097862,9.55630675574017e-07,7.18675930404438e-06
"MPG",26.3332954028829,-0.937565544833624,0.400822627810776,0.0106735656105323,0.031623229567992
"NECAB2",4.3176677836663,3.84189421504516,2.42413161761368,0.00236813550170913,0.00871241533553347
"COTL1",28.731164768714,-1.895838907106,0.396589711521654,3.88562696547161e-07,3.1139170803431e-06
"USP10",99.8975090532528,0.681699613019417,0.21522516461985,0.00117066923106404,0.00469492455352623
"NME4",29.7527533655853,-1.40301390682433,0.38370455679705,8.61210791156042e-05,0.000457456078443163
"ABCC1",46.5439744161233,0.724905408261793,0.296912259534128,0.0105172215819206,0.0312523117645894
"CLCN7",98.5560171644283,1.71534784586473,0.279433876048886,2.53512847547554e-10,2.94732712397324e-09
"SLC7A5",239.937404577008,1.05589947272077,0.147265960180612,4.54541924582175e-13,6.73757095513858e-12
"METRN",12.2845451775573,-1.96248100097649,0.60393563896585,0.000214393040172618,0.00103450025290067
"FBXO31",31.4522150716352,0.899376076364617,0.388546690076016,0.0122652170375989,0.0356111919038218
"STUB1",73.0968173824811,-0.944914695105734,0.233861922814007,3.11696340915396e-05,0.000181647360837519
"RHBDL1",13.8281793393411,2.81723654030188,0.863706565804886,0.000239559478985637,0.00114352155309644
"UBE2I",111.55145088216,1.05742504159398,0.21798560910855,6.66258143335438e-07,5.13651529498829e-06
"CRYM",14.0457822962228,2.41897998149651,1.0870785132852,0.00675033804054864,0.0215386508577043
"CAPN15",47.4302126081525,2.22178351763955,0.357520943416402,1.09916678773911e-10,1.32129805494771e-09
"PIEZO1",177.108074559495,2.21694950875809,0.19917354395007,2.06589853965692e-29,7.14521299430211e-28
"ELOB",193.704194977631,-2.0433583642748,0.167935724077503,9.53175652522154e-35,3.99812279781329e-33
"GGA2",36.2879929002279,1.53168288408535,0.378155160309943,1.69597404297983e-05,0.000103697128015603
"QPRT",5.19059099068511,-4.05402909546644,1.35806197231627,0.000391194082492064,0.00177581524289161
"PYCARD",22.0878351998958,-2.88904185486626,0.518116278557792,2.91915634069048e-09,3.09641487329198e-08
"MAZ",68.5587420438516,0.805654508256829,0.248019935877868,0.00079754882080746,0.00333574783497626
"STX4",88.3907568716497,1.00813186181708,0.247549058411346,2.60758737815878e-05,0.000154176117474684
"CDIPT",45.1923067954419,-0.741563382680271,0.29094162408331,0.0074925925763407,0.0235530244996587
"VPS35L",15.9408888238825,-1.15468892920251,0.55538593907814,0.0156556613486196,0.0436372705738136
"AQP9",24.2546076836869,-3.22330212621756,0.510951945351277,3.55187790786326e-11,4.45194506162698e-10
"AAGAB",56.562485312282,-0.693001471581389,0.257944456508233,0.00529622628052546,0.017518677533857
"CORO2B",6.62564741688282,6.35925670889066,2.46144699491122,5.09094732722913e-06,3.41541434690141e-05
"AP3B2",8.53259292181392,2.21151883014406,2.05783442375095,0.0161661338507668,0.0448517585726943
"RAB11A",101.656135938535,-1.61644878719712,0.202953111599464,4.91570029610586e-16,9.00885313230557e-15
"CTSH",3.5334384668175,-2.03020921305137,1.23676488371835,0.0130841918242771,0.0375779078407959
"CD276",32.1373323147785,1.30520641800858,0.373136370039575,0.000186076610272013,0.00091382819279494
"CEMIP",9.15591952996715,-2.55232312770012,0.804426471066429,0.000217592061625199,0.001046991091502
"HOMER2",21.0666830801652,1.55617280964387,0.475419538262685,0.000325298439746617,0.0015054052543606
"TMEM87A",61.3214516666598,-0.763850030225293,0.255398486563545,0.00192975247115615,0.00728851358503809
"TGM5",2.70472659270231,-3.14723582442438,1.80671904197785,0.00501719772670738,0.0167726086793997
"GABPB1",42.6948999950903,1.92500059583273,0.372903365539718,6.26992088268405e-08,5.64047641336635e-07
"RHOV",74.5421238404001,-3.39755447215732,0.328366858469369,4.94070280944865e-26,1.49129718321842e-24
"MYEF2",16.2968239732148,3.41750522252506,0.90815738217417,5.16681799709688e-05,0.000288089245898735
"ZDHHC2",10.0532962108161,3.8285518946683,0.99068774228952,2.5254653741e-05,0.000149705421660567
"CA2",243.259286613673,-2.50737036677399,0.147848383164298,2.61046822471296e-65,2.15715338329574e-63
"NBN",8.00224409285816,-2.37544837062422,0.775389746612731,0.000293030337864038,0.00136892981128088
"DECR1",17.2324499065446,-2.91032269059758,0.585217203095931,7.76504820751095e-08,6.90894037805616e-07
"SFRP1",19.0101262424517,-3.72797086292042,0.573634036739251,1.00876538615633e-11,1.32328539248644e-10
"LAPTM4B",59.4148479252074,-2.62312057004411,0.283504233176176,3.20923447963722e-21,7.85238223741023e-20
"IKBKB",30.9251016309983,1.64087250215741,0.399741378589549,1.21104162963524e-05,7.58274704581049e-05
"EIF3E",148.377181599349,-0.819638056159259,0.170703019117569,1.07326091866118e-06,8.01461075623612e-06
"ESRP1",139.585687871856,-0.703639943359929,0.167019354136735,1.88537632453412e-05,0.000114265231789947
"NDRG1",278.244120560231,0.508864261631272,0.118942806579279,1.63320732111678e-05,0.000100170049028496
"SNX16",31.4341396234827,1.09794794191576,0.42354218348297,0.00460215445272568,0.0155280516986832
"UBR5",159.751666381265,0.833761441845647,0.189799690222277,7.53733003404908e-06,4.92262917510068e-05
"SQLE",97.7953237481109,-0.967096022376431,0.197852949098125,5.90122924837512e-07,4.60095839703823e-06
"INTS10",17.4074386895666,-1.12089630666167,0.474542367616429,0.00794437529954168,0.0247198149117644
"SLC39A14",77.9817252199676,2.10590260077779,0.280462147083669,1.38050695735627e-14,2.31763941745944e-13
"MTMR9",22.8343746175446,1.28317135463923,0.437916830406158,0.00138999708118304,0.00547430357315237
"LEPROTL1",12.9719318372957,-1.48679333018661,0.581330544519658,0.00294517523971578,0.010548512408014
"R3HCC1",27.0777700053229,0.977323064509944,0.398642086120183,0.0077654902998371,0.0242692461280125
"GSR",24.1692192668406,1.20960416292628,0.404704796335557,0.00121367212844474,0.00485187583213714
"TNFRSF10A",67.0957058432824,0.874261671580248,0.270755724304063,0.000785219759257902,0.0032926261555026
"PPP2CB",197.79398335505,1.2784734803828,0.154563555081581,5.78333097381781e-17,1.11155943507919e-15
"NEFM",266.209051571719,4.90273435518679,1.20488531112594,4.387599716022e-06,2.97537474600018e-05
"TUSC3",18.3519813686566,-1.03355469179551,0.459031412259362,0.0118310807238476,0.0345250399638606
"ARHGEF10",31.3103034219738,1.57280193068176,0.417164567943767,5.21180739406113e-05,0.000290128850496344
"MCM4",23.139738515199,-0.926011606832182,0.395199086109661,0.0107428442841377,0.0317862888338551
"KCTD9",131.302339586745,1.32388406647516,0.190784104784857,1.63576299131052e-12,2.29639158495271e-11
"ASAH1",11.0771970521079,-3.05857916028663,0.691580690928602,1.15851333924144e-06,8.59080283800747e-06
"KCNN4",9.81824959077696,6.74317622326513,2.45466876136449,1.034128256157e-06,7.7475406813065e-06
"NUCB1",54.4410221823413,-2.17116026744905,0.316809202795268,1.3631141882963e-12,1.92735407771403e-11
"ECH1",66.1624789994466,-3.06535483493746,0.287626757125703,2.02809013710491e-27,6.53916913365602e-26
"NFKBIB",201.85290060075,0.615397942504831,0.225529305992388,0.00510969854089397,0.016991286714298
"LHB",7.01163461348225,3.25051047772905,1.78104419381153,0.00406799526158553,0.0139682345384126
"SNRNP70",469.127884663644,1.66370067367832,0.134600451366339,1.36493223129232e-35,5.86793295695764e-34
"RELB",106.888095694455,2.92783101184862,0.370553204834204,7.47084926562039e-16,1.35298844967928e-14
"CLASRP",64.9190154943964,1.51540055359554,0.329942306366756,1.53089404139737e-06,1.11425832127024e-05
"CKM",8.59880233490176,3.42498903600143,2.30958625761204,0.0035224229405145,0.0123468215847346
"KLC3",60.8528088173942,-0.796251344274723,0.26792473160555,0.0019794070321865,0.00743894799677934
"SF3A2",59.0459860106376,0.723942522951216,0.277939972691009,0.00665373283670535,0.0212845417585846
"AMH",14.5689189759855,5.03136191137119,2.234338785575,5.9376403105984e-05,0.000327626694467245
"OAZ1",627.29352391145,1.11588923674096,0.108083564506764,2.81550798398641e-25,8.14549479643866e-24
"STX10",64.9550651896317,-0.758245761432931,0.262138275336753,0.00265528256503423,0.00964540652736836
"DMPK",56.6502217556054,1.81064006911052,0.374222564119242,3.70407397811678e-07,2.98227659848376e-06
"CCDC130",39.76042366571,1.01936706805029,0.349727816557922,0.00202322061635447,0.00758501616563206
"PTOV1",187.149640851974,1.63413653921157,0.220997209394182,4.82313590188697e-14,7.7574913107273e-13
"TLE5",96.9235709854965,0.551305745313897,0.20353196089815,0.00565092374377769,0.0185012449974216
"SNAPC2",29.8787504034627,1.49658913180904,0.380001819891488,2.69330681130014e-05,0.000158836042717701
"C19orf53",105.666239369069,-2.16415107766024,0.284321933940233,4.85101086820253e-15,8.36799374764936e-14
"TIMM44",108.379601334562,1.25738173125246,0.249429655183788,2.05252086024561e-07,1.72291897027916e-06
"IL27RA",6.08369112914362,2.16184420980907,0.952182437990439,0.00362573420253155,0.0126511079633212
"TNNT1",94.1867908885952,0.627068333897622,0.212544255007732,0.00253538892812073,0.00924884145071797
"FAM32A",124.465713556346,-0.745965402093128,0.193628757906403,8.40864182580663e-05,0.00044716476761515
"PPP6R1",88.1407162573774,0.758748084004223,0.237538611049447,0.000995783531660863,0.00405961971548594
"OLFM2",45.6760054657157,-1.1169716343423,0.338272608690343,0.00045624630754272,0.00204090730764653
"EPHX3",33.9159602484188,-4.06180854813622,0.496272549184072,3.3550822491311e-17,6.59546083162524e-16
"ILVBL",15.0338195063002,-1.77326761903043,0.536448709423514,0.000216552607633771,0.00104271667318424
"CASP14",158.430892070262,-5.5356507954126,0.277938042379869,8.16996731413388e-89,9.09238297863287e-87
"ANKRD27",31.7795671202512,0.778726021668455,0.342726825375289,0.0156050453879991,0.0435137656808219
"RPS16",369.575892426792,-2.16099322858373,0.130196122706282,1.47921653806e-62,1.14040157682838e-60
"FBL",63.0692111580679,-2.21339155021956,0.260259229977476,3.33790846099194e-18,6.85463344667988e-17
"GPI",32.5065337754572,-0.788011969604675,0.329634476222225,0.0110039799498721,0.032482336536521
"PLD3",25.1727904846531,-1.698592853741,0.405401538334372,7.15548600708044e-06,4.69501405598196e-05
"NUMBL",41.5982253809369,2.66674310557742,0.394117972575773,2.46458508196092e-12,3.40794329970548e-11
"POLR2I",27.0061128050117,-1.268304947172,0.381790660006179,0.000351415730068829,0.00161254020181184
"CACTIN",76.8767155136503,0.739030649043957,0.330389040653064,0.0178762658380937,0.0485615095601759
"CCDC9",47.9643063384498,1.25482963821709,0.346878003040842,0.000127059557894002,0.000646303685564771
"FZR1",57.9163081009873,0.981457255147758,0.297909545702542,0.00056735826383687,0.00247848814211738
"TGFB1",66.1229713626125,1.79021572469318,0.283438115484912,7.4296091141051e-11,9.04930324577673e-10
"DENND3",4.57211889543054,1.96907621951259,1.17036277823062,0.015592204471978,0.0434955370352327
"DMAC2",28.1322508380319,-0.826742147960807,0.356317112421536,0.0127325358477402,0.0367054511591425
"MYH14",12.0021612173258,-1.72848157726,0.591123366125787,0.000791995475285547,0.00331801383088663
"MRPL4",28.4761689101916,-0.993970005561493,0.388195809170077,0.00548350737369195,0.0180430142481996
"RPS19",456.320619080333,-2.1706591219482,0.114953911836829,2.93807536388934e-80,2.93807536388934e-78
"ICAM5",7.1266399371368,3.93278042005714,1.45375986522313,0.000529356332238571,0.00232943794161106
"ETFB",11.9549206980509,-2.26235082312943,0.608239375640849,3.14014671140422e-05,0.000182920867642163
"TYK2",49.0243172580059,0.851049436789152,0.32319838899247,0.00539553024599081,0.0178087341293167
"NAPA",113.532456023847,-0.569846977539402,0.209714265184875,0.00538001570180498,0.0177617743265332
"RABAC1",57.0097632509871,-1.58963176867824,0.297704960421328,2.71430590593319e-08,2.56382077357139e-07
"MEIS3",5.94004394087341,5.31039373851095,2.39647596234613,9.30615248681204e-05,0.000490545853009955
"CNFN",559.695733221146,-1.71775492234843,0.150112813273016,5.99620629257902e-31,2.20073528823379e-29
"CYTH2",86.4464306688357,1.43168030064888,0.26897699961495,3.97793496321117e-08,3.66214159388353e-07
"PLA2G4C",8.65507668715922,2.92402777029107,2.16254618067779,0.00598619267856249,0.0194283769906308
"RAB3D",35.1843746443178,-1.79455427488419,0.347521236618247,5.71239946761237e-08,5.16586583571761e-07
"TMEM205",103.758705254441,-1.22376529436524,0.254221136862969,6.58811398179582e-07,5.08194370870779e-06
"BCAT2",28.8668255752719,0.932580481933049,0.402992692135454,0.0118749688636465,0.0346238263930535
"PLEKHA4",15.8662532631195,1.72480352802962,0.645753799281818,0.00197937162394351,0.00743894799677934
"PPP2R1A",85.4881285787703,-1.25832498513936,0.215877527626105,2.37752517163503e-09,2.54339902081887e-08
"WDR83OS",230.760972313653,-1.47707151987627,0.185174941763997,5.1278107073433e-16,9.37268712070696e-15
"MAST1",3.61227794781661,3.92475614050049,2.52729203926,0.00262651987866353,0.0095479624279718
"RPL18A",209.977700183141,-1.94872523753669,0.161411314121413,3.14323954356073e-34,1.29097338396244e-32
"ARRDC2",12.2139938304414,2.42824764277647,0.692491680808398,7.66718919935902e-05,0.000411861467306946
"PIK3R2",15.0566314971695,-1.51004423798229,0.521856872733991,0.00108656436830984,0.00439337482645058
"ISYNA1",37.4816329928376,2.0570716342349,0.686282042221898,0.000752192809585201,0.0031763343856413
"ELL",90.8896509970145,1.31074273537631,0.292376807914531,3.15487392194501e-06,2.19000302428779e-05
"COPE",125.870806619248,-0.85731171884573,0.209622388481865,2.78959636364282e-05,0.000163814594971365
"DDX49",33.0531007500618,-0.89071881806438,0.366219562993399,0.00886699941644648,0.0270979433537691
"TMEM147",102.281318970212,-1.96486348657989,0.217312820962603,3.34745196758157e-20,7.59783505799763e-19
"LSR",91.4420299646008,0.51938181231567,0.213975186407283,0.0129241983552018,0.0371648129405677
"KXD1",85.3241195105295,1.15664528740101,0.237463627559569,5.39042753857632e-07,4.22898806323782e-06
"FKBP8",210.192214366891,-1.43558757692985,0.166266461174377,2.1107738437983e-18,4.40010257468528e-17
"ERF",147.761633736042,1.08483277669275,0.204365303930837,5.95952486074013e-08,5.37174677192775e-07
"GSK3A",132.766394637633,0.878689399489509,0.186488503736349,1.58987436924032e-06,1.15232491047881e-05
"GRIK5",6.30268959341317,2.756153131032,2.25267592540689,0.00874320568413087,0.0267886852666532
"ETHE1",47.7008589100607,-3.38319182721037,0.355620032575112,2.3809282715356e-22,6.17609213293069e-21
"RUNDC3B",25.2461104792535,3.60487678644388,1.26583611825358,0.000484788879780132,0.00215392354828262
"DNAJC2",91.2948954092346,1.7319498740234,0.300942838693269,2.61319701741972e-09,2.78471960157468e-08
"TFPI2",54.0334815219759,2.90040764986479,0.652334850745214,2.68579235580859e-06,1.8804634454672e-05
"PON2",21.0022786592303,-1.09075385227209,0.422681973999619,0.00459305484349784,0.0155049307339213
"CBLL1",55.4327984442569,1.31041347806748,0.309280690406548,9.4198240098168e-06,6.02659116066165e-05
"DLX5",17.8638680859459,-1.97768391063497,0.583617932951237,0.000130951954235084,0.000664632941685972
"GSDME",19.7535887016724,-1.22386117357669,0.453515599517362,0.00279686405250725,0.0100902988998266
"OGDH",91.2536791363472,-2.20105678325128,0.223873698227619,1.56688426601503e-23,4.22324274824363e-22
"CAV1",166.788965305295,-1.5316312951206,0.160296580487253,3.95245434507339e-22,1.01194563936944e-20
"MET",128.104517771936,1.21196526059622,0.199334315282619,5.61997692070423e-10,6.39370828571463e-09
"HOXA1",47.3731610522921,1.29846474129929,0.353331506282922,9.77460707932277e-05,0.00051230375121403
"DNAJB6",92.6527640775869,0.6465129700039,0.249736620465978,0.00751556118729794,0.0236090927349674
"HIBADH",18.8270464714408,-1.00928367060232,0.475397106273221,0.0166097439629287,0.0457788030134643
"GRB10",26.4628979192645,3.76027186344947,0.639677758570936,1.13106253886336e-09,1.24769488699555e-08
"PLEKHA8",22.7079304115855,1.16968051949089,0.443803052926103,0.00366793245792418,0.0127821888685236
"STX1A",65.5337887230269,3.12335872581083,0.373414649801787,1.23040868219937e-17,2.46797090324874e-16
"GARS",336.785324481639,1.08573798536212,0.118980611723672,3.71866761982474e-20,8.39895468962052e-19
"EPHB6",9.86888908645879,-4.60066362058788,0.953135093958284,2.32558929216981e-07,1.93099471913017e-06
"CHCHD2",335.550433811189,-1.59196221756377,0.140325973900553,2.53647656741559e-30,9.02148882225134e-29
"CCL24",136.582203090188,6.7514805399617,1.23775534149827,1.59559204095629e-09,1.74064586286141e-08
"HSPB1",3117.74547304411,-1.83769135155026,0.0766837974116426,1.17519407066985e-127,2.22159975003341e-125
"PDAP1",94.4547441029419,-1.17259190157279,0.21469124055114,2.20184975061319e-08,2.10717937298628e-07
"ZKSCAN1",113.061111740687,0.734730800924659,0.207521384074729,0.000292222007430905,0.00136607849002252
"SNX8",31.4021057353684,1.46471824627868,0.449517000726449,0.000388584081001969,0.00176570968647586
"NUDT1",6.86852131189809,-3.42822080717507,1.02956952704503,9.20107535286356e-05,0.000485749196134343
"PTPRZ1",10.0444926815314,-4.88291884867928,1.02501289703881,4.27731041143227e-07,3.40998750304826e-06
"WASL",75.1111153678931,0.594362589527198,0.232618402410738,0.00865333422074632,0.0265664098434481
"MOSPD3",9.40405557900829,-2.13307334763874,0.685771662170529,0.000299932972892274,0.00139786390608355
"SERPINE1",219.707582287747,1.29252185806896,0.146544272677944,5.01716189747085e-19,1.08182553414215e-17
"AP1S1",130.716495891784,-1.26951924889082,0.183954222839929,2.15485790766588e-12,2.99165383559247e-11
"PLOD3",76.0913490797183,3.53006653543545,0.379932939217999,3.92293649615854e-21,9.44790988603627e-20
"RPA3",7.4583025703984,-2.07080487657399,0.904786123152852,0.00313071449366632,0.0111321463572778
"CLDN15",67.7086308523822,2.14621481999341,0.479132965604842,1.97400575250675e-06,1.40927467069804e-05
"ANKMY2",37.6278975494293,2.3803905412394,0.424081093892937,4.00310697512216e-09,4.20417627524245e-08
"PSMA2",53.9693016725313,-1.33808643034533,0.287230995398038,1.21844704546987e-06,9.01102316585434e-06
"URGCP",45.6617359309164,1.47901264473696,0.325354905267705,1.92201358908297e-06,1.37286684934498e-05
"RHEB",71.3468580883842,0.754186577515967,0.265505378872613,0.00319170187519842,0.011322747012272
"AEBP1",5.70474757633066,2.25649659898877,1.49802207740158,0.0138375867163369,0.0393404813937883
"POLD2",41.495969821976,-1.28755688930931,0.305548224372544,9.99511841664254e-06,6.35634258754226e-05
"YKT6",362.424279906935,0.507257381709904,0.124935705292576,4.2231408155153e-05,0.000239536963642052
"CLIP2",22.7859017070575,2.80323312101632,0.533112614388473,2.62399052791747e-08,2.48191016348602e-07
"EIF4H",263.858596505067,-0.359095280019694,0.125371168031241,0.00358983994891556,0.0125515156776171
"FSD1L",6.44712911113772,2.81560995619957,1.07245381806503,0.00144864949706564,0.00568259325170716
"TMEM245",12.7442068426698,-1.26373376944685,0.546483739433267,0.00747570436131253,0.0235052905413791
"MEGF9",24.3192165951417,-0.844321989107022,0.384942079498973,0.0173244876072773,0.0473703049297458
"TGFBR1",35.181683781705,0.90837970844276,0.33486399230373,0.00403353210535656,0.0138740635727619
"SEC61B",233.922114641551,-0.463650247292063,0.135880911384067,0.000568307813175767,0.00248106542923935
"PLGRKT",23.7413041716597,-2.28828917820325,0.440905923990302,3.45361096863451e-08,3.20079458476536e-07
"KDM4C",26.8902696265236,1.09016818741494,0.416470856221282,0.004357994332878,0.0148570144518741
"KANK1",34.7420243122217,-1.97074284339414,0.348599570075897,3.2496214791268e-09,3.43638133424903e-08
"TESK1",64.3578562726189,2.38675500047908,0.343731204266807,7.80907202411912e-13,1.13198733122735e-11
"CA9",5.21277629399873,-3.83251586056244,1.42348152865867,0.000542647359086592,0.00238184909522741
"FUBP3",74.3783322534516,0.658002911979038,0.244986834499153,0.00553183438414405,0.0181873341923177
"TYRP1",3.68413454587036,-4.22784972549073,2.0758342166986,0.00165196425425732,0.00637502984025474
"CREB3",69.5974904865569,1.18828053948432,0.277625106610507,8.57519581208875e-06,5.53497203960827e-05
"RGP1",71.6327397678119,0.597394506807887,0.241692643391498,0.0108716745983718,0.0321261476354455
"MPDZ",56.109597243708,3.57714128786853,0.49605728680695,1.74595356699171e-13,2.69208482955146e-12
"DDX58",15.1571153904677,-1.69885512757385,0.556283912962456,0.000532159281277606,0.00233878919797165
"EDF1",251.681208974459,-1.23463987424305,0.16312130780053,1.65082932575327e-14,2.74806329256878e-13
"RAPGEF1",32.2128016021051,1.69452498073596,0.389621317171751,3.85889958405674e-06,2.63627793366253e-05
"NPDC1",53.1283546771466,2.98146735937248,0.370533275413881,1.28633735267419e-16,2.4350419021816e-15
"SETX",165.781835460368,1.42142653512768,0.214089701366311,1.28935799769178e-11,1.67701605731825e-10
"ZFAND5",110.14977578717,0.63637318793661,0.220227250736738,0.0030352829889244,0.0108431025749823
"DVL1",138.105350320788,1.10162371454461,0.185472874709275,1.45834886957357e-09,1.59470795563512e-08
"PDLIM1",123.862076138151,-1.47707582742931,0.186331596132683,7.56242664891849e-16,1.36777834541383e-14
"CCNJ",32.0148459989208,1.36197508887511,0.379344116803491,0.000139705253417034,0.000703624998961705
"GATA3",62.3499098927749,-2.18759939741857,0.301359423020931,7.11699679821874e-14,1.13280917895523e-12
"HPS1",74.2544054392223,0.680141557394703,0.255196359565434,0.00580478765634378,0.0189063180688091
"PHYH",6.80850193484851,-1.74039250499349,0.887377263502009,0.0090066213566438,0.0274555720613396
"RAB11FIP2",16.7055367921475,1.14534848310365,0.526410062527987,0.0127950494429313,0.0368548700297334
"MAPK8",20.976582169615,1.20227117350734,0.485246529795524,0.00563975833467157,0.0184866187692322
"LIPA",20.0846190779937,-3.69698621746899,0.552742766541946,2.70513577332623e-12,3.7330873671902e-11
"LZTS2",41.4287255910524,0.969252707337176,0.305078388240851,0.000850780614211867,0.00353531239871236
"SFXN3",71.2535141870604,1.32140708960872,0.268528852609413,3.52165330952238e-07,2.84703079504445e-06
"NPM3",91.9146502403319,-2.19173688490068,0.261771741275952,1.01986209331304e-17,2.05461268433868e-16
"TNKS2",115.120677620916,0.495978829160784,0.192027672394154,0.00848687082717039,0.0261484298760776
"GBF1",163.342997157135,0.483497290083547,0.195770046843071,0.0116286490766873,0.0340206396561976
"ARHGAP21",91.833299733376,2.8294642857901,0.264041182092771,1.5646933776138e-27,5.06872502607286e-26
"CUEDC2",34.7045681680938,-1.77126582904171,0.410275857575815,3.70405201138158e-06,2.53802968009264e-05
"LHPP",4.10025239047874,-3.38071215424737,1.46200816918145,0.00157286120930272,0.00610562157197682
"LARP4B",81.2763811158436,1.43866683104989,0.264615787603287,2.05279462018265e-08,1.98240488163195e-07
"SH3PXD2A",33.6784710805505,-1.89590283619719,0.345086170129389,8.65809292718901e-09,8.7942666116211e-08
"STN1",7.71325537834426,-1.60367611800381,0.742344200014365,0.00697245259520831,0.0221704713856854
"MAP3K8",15.3042171036408,-1.16960056526875,0.563040924259342,0.014997032660439,0.0421021749265864
"DKK1",22.9225857113167,-2.2696708097617,0.506215612682143,1.26776331649944e-06,9.36570330176248e-06
"GLRX3",102.717620475527,0.52695719493018,0.194282504008303,0.00567515127409038,0.0185629503632252
"SMC3",88.2512853334846,0.818951335942929,0.230620586513493,0.000259554506603523,0.00122876576024996
"SHOC2",86.4995517773396,0.912990566946435,0.229724388352393,4.38771256474033e-05,0.000248361088570208
"CCDC6",24.9287911870435,-1.34818906134609,0.395220967170427,0.00023187052851026,0.00110950530285769
"RPL28",110.054366169297,-1.77059173553996,0.192565372852687,9.75109081467544e-21,2.28852131364832e-19
"PPIF",631.124787207606,2.01750573366005,0.101020676653943,2.47292736245007e-89,2.79724570506647e-87
"CYP2C18",12.4812957770973,-3.95603139836035,0.737754942114392,1.08878232662394e-08,1.0911853687969e-07
"KRT23",196.186101859078,-2.32589574761081,0.198890664352972,2.34981689625719e-32,9.1603031549009e-31
"NUFIP2",148.718529042752,1.01478419831322,0.180922753209265,1.17520156284547e-08,1.17095895792545e-07
"RPL19",1113.66847335258,-2.07869796753959,0.0918048175780752,3.49492141563009e-114,5.35887950396614e-112
"RUNDC3A",8.09297444653024,-1.76002792869109,0.757668756465423,0.00418114453319172,0.0143353526852288
"UBTF",53.1608340342429,0.746047066878484,0.273639620048409,0.00456485552822826,0.0154248301394589
"PSMD3",107.653547450153,-0.858358961123807,0.208120050362857,2.40193960919477e-05,0.000143120753915751
"CASC3",49.328558296749,0.736787073786639,0.294409295995307,0.00878897647851859,0.0269050300362814
"RAPGEFL1",49.0303784513378,-2.82608866915275,0.325067839247521,4.66576826975588e-19,1.01079438183094e-17
"WNT3",27.6394482794763,3.63743616569861,0.716369527641157,1.26735379643854e-07,1.09309264942824e-06
"MTMR4",16.075224498906,-1.1066033489497,0.480923066606225,0.00951909569249226,0.0287070630586524
"DHX40",17.7296356588789,-1.03687421643936,0.494529990642911,0.0172608181939754,0.0472336488353879
"PNPO",13.3104956849265,-2.02268393503881,0.563984928572585,6.0863838729703e-05,0.000334629870306733
"TRIM16L",8.70037298806785,1.63648209426041,0.705449059168369,0.00485468687884372,0.0162979916066247
"INTS2",49.9982460395233,1.14215232335507,0.417376400726202,0.00301628775670476,0.0107836194410688
"CAMTA2",51.531696269503,1.31226871628944,0.314051277157624,1.19021817394789e-05,7.46591400021858e-05
"MED13",151.807348697053,1.18034107379032,0.206153334406019,5.00127784088779e-09,5.18539701008652e-08
"ENO3",61.335878401704,5.1375869422812,0.964097568184438,1.65775926612379e-07,1.40608960494827e-06
"PFN1",615.500876661038,-0.339763835915132,0.0822645717795679,3.39607985713245e-05,0.00019576400178959
"RNF167",100.104452940735,-1.18731471099241,0.201692086045111,1.81242723971078e-09,1.96168595356932e-08
"RASD1",90.2837439151968,3.39798649765555,0.735986035085312,1.82336693623337e-06,1.30646229075911e-05
"C1QBP",102.344109813973,-1.35515792965244,0.201833280218091,7.31947231700981e-12,9.72172454039802e-11
"BLMH",31.0319311122228,-1.84685081899404,0.400691752401067,9.42455730105836e-07,7.0954113886855e-06
"SMARCD2",67.9962183933203,-0.681196710656028,0.232277608168234,0.00250571160862284,0.00915794152106793
"SYNGR2",75.9714659009813,-0.873250711964587,0.233069984971758,0.000112227579337934,0.000579618486101607
"DDX5",2117.17038684693,1.68451681276448,0.070900920121582,1.90168833446803e-125,3.36452551482806e-123
"CYTH1",106.149628762851,0.976505581155465,0.244171489163102,3.77641473382767e-05,0.000215795127647296
"LGALS3BP",25.7656883992983,-3.24074878144269,0.509789237579858,2.72583706638224e-11,3.45422878935491e-10
"RAB5C",199.83966477957,-0.621811753200467,0.152613645202346,3.66892715076713e-05,0.000210262436381173
"EZH1",42.8918046456545,0.762318954786905,0.340026916941121,0.0172159926004977,0.0471390273585056
"MRPL27",34.1992947757543,-0.829643646979438,0.339352907363991,0.0092138794632539,0.0279943005742822
"VAT1",166.47668133063,-1.3766006429345,0.158261591041927,1.3121907230894e-18,2.76040121625514e-17
"LRRC59",182.547305102795,0.733539496109338,0.169672346159296,1.17085059566878e-05,7.35110929036812e-05
"HDAC5",44.6672877706289,-1.39987283026946,0.308027007532645,1.9812302852293e-06,1.41370103082546e-05
"ABCC3",23.3751489215948,2.07117599417896,0.454054530242589,1.05609605949187e-06,7.89497595936501e-06
"LUC7L3",247.408113280596,0.929141316699332,0.162783275647572,1.13568363104957e-08,1.13322010907332e-07
"SMURF2",49.3404216002475,1.17666974900221,0.340998728865574,0.000260919397943125,0.00123480373512178
"DHRS7B",6.73122554062604,-2.02609021802697,0.812723374093516,0.00203327794569787,0.00761858149623422
"WSB1",157.780238671529,1.18882290321153,0.179608611677625,1.71970431952756e-11,2.21379847103361e-10
"SLC9A3R1",43.1534337333517,-1.94924892565569,0.364568383456602,1.81405116397144e-08,1.76668356124248e-07
"NAT9",42.5325151233188,0.816541435442408,0.325035891976906,0.00785925538190967,0.024499147113249
"FOXN1",20.1825764485628,-3.951203627996,0.583000422322025,1.54174393981766e-12,2.17102718055956e-11
"ALDOC",25.067311788006,-2.99756449680947,0.457275339002461,7.08572654460757e-12,9.45677237094627e-11
"SUPT6H",113.64192056413,0.830757249663377,0.21585691065918,7.86357815937829e-05,0.000420936301782081
"RAB34",72.3001245733389,1.53211450422544,0.282077371391402,1.85466367808227e-08,1.80241963081235e-07
"SLAIN2",65.1095238887604,-0.626357297026029,0.247455489151584,0.00882098986380671,0.026973113255159
"CWH43",105.953085644706,-2.06577164742815,0.221753655834276,2.42722161023631e-21,6.00280613284248e-20
"DCUN1D4",36.1415127872442,2.18613117958728,0.400289273169508,1.02582044644737e-08,1.03406297742686e-07
"SULT1E1",3.6237173678123,-2.10395692086106,1.4187095943332,0.0138678630864361,0.0394184367853384
"CHIC2",151.780641144152,1.76256041443839,0.211942098060682,3.65205193502887e-17,7.1385717710196e-16
"NMU",16.6170355150261,-4.77716084748439,0.871264821274174,4.25620275449121e-09,4.45980243067417e-08
"LAMTOR3",136.725713491533,0.889654679892976,0.188515869485215,1.52653489584766e-06,1.11225879422902e-05
"NFKB1",134.194748607862,1.72997703537392,0.237513000896308,1.0016529728795e-13,1.57614720932007e-12
"AREG",960.393598379699,0.575941526934829,0.0792880863756928,3.17806508433744e-13,4.79839148401058e-12
"UBE2D3",374.540561215013,1.33051246883516,0.133359960103378,8.31681197624693e-24,2.25485275583905e-22
"NDUFC1",59.3793077441072,-1.13103318028987,0.27195876845622,1.52697092114286e-05,9.42827682853311e-05
"INPP4B",7.43693003700808,-2.59563884012009,0.839846793977771,0.000266205713346878,0.00125680425733387
"GAB1",14.7100296425921,-1.40966890048946,0.514183125564854,0.00195345092710711,0.0073654707087645
"RPL34",187.977085130262,-2.14370939112682,0.156532965480194,2.22864850174074e-43,1.15621614000083e-41
"FRG1",99.0514094015733,0.521609016727321,0.216777149723538,0.0136182468092287,0.03884493715737
"CLCN3",35.4966423828437,-1.88978826128996,0.34046009940419,6.28893307197912e-09,6.48634352715335e-08
"DHX15",195.952849510582,0.617735526987894,0.166389374976044,0.000164482715748948,0.000817084765059567
"NSD2",21.5860416450238,1.58741679897517,0.486682203611698,0.000335776066447853,0.00154714848647091
"SH3D19",19.8884236644278,-1.13166123142574,0.453697419466637,0.00552430907167745,0.018172935682753
"MFSD10",185.029923012907,2.08077621789114,0.213007431425409,3.23260146969334e-23,8.61194986134519e-22
"RAPGEF2",40.6016945737625,1.29091447720357,0.379927960217441,0.00027990087266203,0.00131471478649967
"SNX25",16.3953102518704,1.04724291800574,0.493906820212549,0.0165617816358909,0.0456648524625964
"KLF3",71.874041550474,-1.25453708274432,0.244050336242065,1.15804227636765e-07,1.00635915704493e-06
"NCAPG",4.96149503655674,-3.08168714831333,1.2428120370501,0.00149236155028614,0.00583250903255417
"CRYAB",813.748426368834,-1.07551156785335,0.0987366300003864,5.66176367779731e-28,1.86029377984769e-26
"HTATIP2",77.6291244072098,-0.753129082257057,0.250086372784822,0.00182728736485102,0.00695821347542608
"CTSC",45.9587361427769,-4.44563423915484,0.405025619487015,8.2339169332898e-29,2.79872053397535e-27
"ZPR1",66.2795316895302,0.643928235571141,0.260335275440612,0.0103530489597125,0.030833484294912
"MTCH2",79.704760403276,-1.52171510017919,0.232796985439116,2.01927354471654e-11,2.57779601453175e-10
"FNBP4",326.695027145306,2.99219420205266,0.17795947895556,3.78934031015619e-64,3.05806410995061e-62
"SC5D",30.3524198848922,-1.36810568477992,0.360554836965194,5.2740148991433e-05,0.000293473409710393
"B3GAT1",9.14239806631728,4.55637647155127,2.26086467500783,0.000292093533697417,0.00136594061844268
"HSPA8",8775.98621629271,2.37015938924904,0.0508319568515484,0,0
"VWA5A",24.1237714253463,-3.07128310475784,0.487752878191151,3.61194012073177e-11,4.51492515091471e-10
"SIAE",4.58309329800428,-2.90211276539943,1.11455512578113,0.00093130689674637,0.00382614920366178
"ATG2A",70.7710878713329,1.26581773219998,0.289495619371994,5.46523582420332e-06,3.64701423471982e-05
"KMT5B",67.8054366756699,1.31120900763994,0.281848283506995,1.38344094647154e-06,1.01658599900465e-05
"PPP6R3",98.1914342361938,0.600693438550455,0.223472299605443,0.00573274412348851,0.0187170027520777
"CCND1",52.2804163302782,-0.987040981603498,0.282208675432748,0.000258855460320904,0.00122587692259041
"PRPF19",75.5387511949453,-0.745188315869322,0.228137884392639,0.000771107025235925,0.00324231473133936
"TMEM109",30.6385259851441,-1.84133956374375,0.419564593334978,2.51882494510186e-06,1.77165057300742e-05
"HPX",7.85405633509601,4.89271775318221,2.30822754535257,0.000160295170132027,0.000798582436036811
"TRIM3",23.7556503901458,1.91243783221221,0.515382535227824,5.12526928415485e-05,0.000286119401785344
"CHORDC1",114.92756543225,1.79855321868575,0.25639593126086,6.84821219708596e-13,1.00111576609943e-11
"CEP164",19.1015906626648,1.02521852400214,0.462915618591473,0.013567348814014,0.0387237670389643
"RNF141",20.938311070876,-1.79260924531027,0.440864452148977,1.11115419951098e-05,7.00179358595958e-05
"EIF4G2",713.103683157113,0.899738514186967,0.0855674783912595,4.76470621583224e-26,1.44195056531765e-24
"CBL",94.3790602280524,1.84238829245638,0.252451164740692,8.43537622859055e-14,1.32886063875057e-12
"NECTIN1",51.8294814254788,-2.51651799013364,0.295570008107979,2.59391668474108e-18,5.35869015709985e-17
"HIPK3",57.945151380858,0.898518062964307,0.267623716451782,0.000489089736692206,0.00217233291482216
"COMMD9",9.2300894372723,-1.90596491279816,0.728956660325166,0.00166973387604658,0.0064382027073045
"MDK",101.147563530228,2.53578743010763,0.286631142794875,1.75611315754921e-19,3.89619960999664e-18
"CARS",124.66988392744,1.78695896376652,0.269193456173649,9.39175524170878e-12,1.23670059480516e-10
"CD81",119.27053964688,-1.04676226501104,0.189776593172004,1.86100084010741e-08,1.8073055308573e-07
"C11orf58",79.7572585910141,0.557317640323606,0.229559406953882,0.0126421825155263,0.0364754586481839
"PITPNM1",20.2226399184251,1.16189779247627,0.454712591007739,0.00468013558274224,0.0157834484461982
"RPS13",424.991141013689,-1.73285510228962,0.102718110958257,2.12158329239697e-64,1.73241712633599e-62
"TCIRG1",21.9817718357459,1.92471917929578,0.483025039751087,1.52376124744616e-05,9.41267019460922e-05
"CHKA",32.2057827372683,2.9194173796318,0.54389985169246,1.73277537053491e-08,1.69230715593643e-07
"PRDM4",103.129745647845,0.953966687779398,0.217560530230038,6.94363733624388e-06,4.56731149857796e-05
"CAPRIN2",13.5326081615807,1.31352777949445,0.551503384948542,0.00621822425605035,0.020072864265145
"KCTD10",91.3766028231651,0.786677481248497,0.23926797881473,0.000699698892672702,0.00298203975258903
"MLEC",53.6638284198844,-1.68102877100779,0.273917748828753,2.30967040720833e-10,2.694290077724e-09
"CSRNP2",56.9462452552013,0.79638264847206,0.280492808202392,0.00307422899334027,0.010966971076583
"CAMKK2",26.3906407871433,0.992674226008414,0.375818127823655,0.00449624859060781,0.0152452654914958
"ATP5F1B",588.546455484493,-2.46660547136024,0.10357645991636,3.59744337098318e-126,6.61929580260905e-124
"RSRC2",435.145909972934,1.92294420176339,0.165055117583346,6.7876870294986e-32,2.61648270969499e-30
"METAP2",58.4071895926961,-1.08869078207138,0.265153565406401,2.0335852445725e-05,0.000122762363845584
"LTA4H",36.3449256516353,-1.57518843129759,0.337757606605781,9.12104356356298e-07,6.8856893422959e-06
"ELK3",22.0005260344083,-0.978752261256076,0.430096299951539,0.0119247453050368,0.0347322678787479
"FOXM1",4.1295212270135,-2.90592800454614,1.229209407793,0.00215272429007991,0.00799450893517299
"ARPC3",166.825783717825,-1.40789085877089,0.175947119460491,4.51002794026366e-16,8.29845141008514e-15
"SH2B3",7.93897536157719,2.08201191664956,0.845955967129383,0.00245537672315643,0.00899739744544841
"AKAP3",13.8295435946373,3.55754119441075,0.818749576435519,2.65073754278937e-06,1.85874888671206e-05
"SCNN1A",16.3678097710856,-2.99980714678433,0.584361718096632,3.7540768771991e-08,3.4606720711655e-07
"OAS3",9.87763581512093,-3.81913503265056,0.807940767464925,2.83912445226922e-07,2.32659842288095e-06
"OAS2",5.40732657572557,-4.00953876771983,1.25408700870237,0.000143576336117237,0.000721804531299771
"ARHGDIB",33.642301106024,-4.30947678081359,0.498246721312443,6.80742387853969e-19,1.45647208564105e-17
"SLC38A1",191.840263644677,1.07191115375675,0.155996562847354,3.39762878434795e-12,4.65520798860954e-11
"ENDOU",20.3479758047805,-2.38515703957137,0.576199612162384,5.17151910420532e-06,3.46273477137474e-05
"VDR",20.1256677906649,-2.26164129549002,0.477526238398623,3.74502911801783e-07,3.01194524791978e-06
"STX2",24.8248639767028,2.83683218390113,0.536916142057041,2.23711663563699e-08,2.13353210585974e-07
"COPZ1",93.8024918204955,-1.26122788330501,0.22071123826639,4.66212632593643e-09,4.85198667405149e-08
"RAB5B",114.421863639792,-0.832077263876508,0.183385263079416,3.77620468318872e-06,2.58490201527799e-05
"MRPL51",153.004409504091,-1.18384255478623,0.180139175678939,2.30349587541958e-11,2.92979198901293e-10
"GAPDH",2047.67893803485,-0.592147180489659,0.0569429479502872,2.04873275784796e-25,5.95210780174776e-24
"COPS7A",45.505973214026,-1.24494067291428,0.293456716455674,9.27833520419666e-06,5.94157892426515e-05
"USP5",61.1369453514601,-1.2712332068425,0.261537495049404,4.82473146989654e-07,3.80682071381202e-06
"TPI1",350.943611415056,-1.08232364137511,0.126297886950004,5.36685986220284e-18,1.09236970646606e-16
"ENO2",41.4756531050163,5.05587021222215,0.567906385768888,1.96793381266215e-19,4.35216131646438e-18
"ATN1",111.955344693021,0.873967199850034,0.211203415236164,2.29152461194531e-05,0.000137372022783863
"C12orf57",55.1028205325717,-1.22569492078468,0.316615873626361,4.66322990405452e-05,0.000262770815336678
"LPCAT3",15.525695171981,-1.21201363582456,0.501259932045442,0.00611019418340631,0.0197657477100345
"NT5DC3",12.5189592850141,2.53046452099121,0.732737103280899,0.000103990328877325,0.000541534542832863
"LDHB",146.1770160214,-3.14598441992783,0.192837871051562,9.85148606658768e-61,7.2314099850484e-59
"PRKAB1",29.6660952273701,1.44878983351247,0.398183829898316,9.55211992700404e-05,0.000501595338632632
"HCFC2",39.399122805169,1.28082724213252,0.368702162121407,0.000213336308264005,0.00103118775973494
"RAB35",78.4706116515068,0.590772146613326,0.228798567732214,0.00797516238690918,0.0247988375257654
"COX6A1",158.870291033095,-1.39990004530604,0.188582159485837,4.20466144860416e-14,6.78647111002777e-13
"RIC8B",17.0371125424018,1.43537176177436,0.634299719806836,0.00782063474882941,0.0243989645272771
"FGFR1OP2",39.071766452111,1.0655675250765,0.368331467614509,0.00195139854067275,0.0073597430612965
"TMEM14C",99.7272244482869,-1.97532113687708,0.216425227063509,1.52016928576649e-20,3.5317064214777e-19
"CEP85L",5.31350359330592,2.00206111743684,1.14584242305643,0.0139114370621361,0.0395178739105555
"ADTRP",31.5848519287988,-1.02487862083728,0.354188424997329,0.0019645020831063,0.00739905260558594
"ASF1A",16.5090705313161,-1.09972203924812,0.487211106372935,0.0106848049514512,0.0316416970665292
"MAN1A1",20.2857898193914,1.00761654989059,0.456552025556715,0.0140524376063662,0.0398609740941116
"GABRR2",2.49686520814166,2.99591942678687,2.73712301105663,0.0095989160234597,0.0288909577151023
"SERINC1",346.474751524669,1.07313215415112,0.126174920555611,9.64111957699195e-18,1.9451381602703e-16
"TPD52L1",16.8078521014812,-1.33752655352234,0.475510675306693,0.00170842519525835,0.00657269799123647
"UST",9.75084614525691,1.37422806495066,0.647509987326416,0.0108386518221657,0.0320354241049233
"ULBP1",72.1767507097965,2.79068089758364,0.455025290054778,2.28437806720003e-10,2.67156079045428e-09
"PPARD",79.70508478385,-1.39599331480599,0.232604990064187,7.20326824285682e-10,8.12133184243661e-09
"MAPK14",30.6198235329524,-0.844577124041672,0.335557829935083,0.00729889729413862,0.023032680200857
"STK38",62.90255818091,-0.726784846204002,0.260163213861475,0.00374830330961553,0.0130228060605978
"SRSF3",317.20872977977,1.18557978486827,0.162020663918662,1.26960234165517e-13,1.97303066608574e-12
"MRPL18",736.593197823148,1.97952243996801,0.102365887446592,5.66696808537448e-84,5.88001199835849e-82
"FBXO9",26.4506702715471,1.25506774649442,0.39801709875365,0.000672403735193325,0.00287994151013901
"RBM24",6.76150782454135,5.23848283888984,2.3626753897263,8.7368854197176e-05,0.000463548707389861
"BAG2",8.52970853996021,2.083375457638,0.947863178673439,0.00556630204211273,0.0182736262835819
"E2F3",44.2120595995727,1.64219587963804,0.360671208255415,1.60322791889131e-06,1.16017542111694e-05
"ACOT13",14.3863642701429,-2.06356170975973,0.591137496810203,8.29478697350983e-05,0.000441620602756311
"RPS12",2057.31570028632,-2.78972940877398,0.0804721244266219,3.53573205583697e-264,2.03304593210626e-261
"C6orf62",285.789458118634,1.73063214029996,0.153713765072794,2.27445748793011e-30,8.11046856161124e-29
"GMNN",9.36326264846146,-2.48608776541389,0.817352083264708,0.000299789648005616,0.00139786390608355
"HBS1L",37.0849589614902,0.76014234779724,0.339667444026468,0.0173539465902651,0.0474320584166484
"PEX7",11.8728826731413,-1.9767512492165,0.681388669508677,0.000639678222286406,0.00275688927781149
"PERP",1624.94841875744,-3.13486252343603,0.0977114109727258,2.62087356340328e-227,1.06376632867545e-224
"ARFGEF3",4.15206483431866,1.92410383260795,1.20102321335027,0.0178983373687694,0.0485762336199718
"ADGRG6",27.2191773636538,0.866345497921781,0.381265605523741,0.0141308206250298,0.0400503850124072
"PHF1",266.230108098863,3.19990729173261,0.266135995075742,7.16743082519154e-34,2.92634749667583e-32
"CUTA",92.3004132511797,-0.813891176281725,0.212042686165766,8.29094390600443e-05,0.000441586360103671
"QKI",33.9442223917053,0.908931303715945,0.371228516323741,0.00858208462969819,0.0263828843595088
"TFEB",14.3447152199239,1.80945285796828,0.642096556855998,0.00114120698483447,0.00459412380125896
"PPP2R5D",39.9845766039972,-0.725521811570722,0.313827551910389,0.0145601332249866,0.0410899465245021
"MRPL2",17.1517873174809,-1.39879215247571,0.50729271232878,0.00186430965340224,0.00708254445044335
"PTK7",97.0571192923878,2.1684543841478,0.266251820890057,8.92817471766131e-17,1.70649322858346e-15
"DNPH1",33.9691121744023,-4.00115721207897,0.526086968793764,2.90536272939208e-15,5.08162302479224e-14
"COX7A2",159.391774683186,-1.33710231386394,0.174856109694346,8.14244511590753e-15,1.38894613843664e-13
"SENP6",35.5823720603032,1.0395166714598,0.354000096838054,0.00162027731356603,0.00626852451001156
"VEGFA",64.4105128239683,1.77588371249023,0.267751094416878,9.05573318313903e-12,1.19473344098775e-10
"PRPF4B",77.0438129834739,0.662022233284759,0.245981088243125,0.00543672516873771,0.0179275525277372
"BTN2A1",55.0569405398464,1.67641780709975,0.305152304015025,1.19334870182963e-08,1.18732603354354e-07
"CEP72",11.2555753062397,2.29010214748986,0.72615617919452,0.000284936921473477,0.0013365498016091
"TENT4A",58.4087957664592,1.68745370402711,0.306290146011641,1.09285860865707e-08,1.09365110946103e-07
"KIF20A",4.40988333181152,-2.78650403644922,1.44456425878988,0.00475144425282874,0.0160089246901266
"HSPA9",289.270553013918,0.993970568819626,0.138178233492364,3.73226826621955e-13,5.58625835941755e-12
"MRPS27",14.805221998512,-1.485687846886,0.523232537703561,0.00131374088911977,0.00520315865326908
"SPARC",13.0084761922549,-3.02994939669045,0.646138784459815,3.42285152050574e-07,2.77040181718353e-06
"HMGCR",152.094886597344,-1.31477140496406,0.170905985336811,5.83580032720085e-15,1.00291462659242e-13
"FAF2",120.417295253529,0.59136745308191,0.192994938327703,0.00178379990977174,0.0068151823795266
"CLK4",47.0825859824096,1.11763621890131,0.372062055278916,0.00129739069797016,0.00514187008385647
"LMNB1",2.27843844464557,-3.0201849136331,2.18462351765339,0.00750478432644355,0.0235859767034664
"SUB1",43.6987808408686,-0.863964594950689,0.298513932778195,0.00237023707761204,0.00871704874174363
"TARS",344.725834066093,1.24190880320066,0.143365106239403,3.17079702785154e-18,6.52116229274981e-17
"IRX4",86.2895149436479,2.13938492774198,0.288053352219928,2.48158077402878e-14,4.07688270019014e-13
"SLC12A7",56.2019297562548,3.91797019941145,0.563703442817453,1.42317868899432e-12,2.00611500593683e-11
"GNPDA1",84.2054013944429,0.568451275290882,0.22786753774953,0.0103991010588338,0.0309483706301286
"PPP2CA",249.345773184174,0.52491348830579,0.138285837302966,0.000124474381066941,0.00063408876291022
"NR3C1",58.7192031608957,0.985366055179517,0.271398383107705,0.000162237654176952,0.000807385368785406
"LIFR",6.38351836004628,5.11482191763776,2.35719089008062,0.000121289821348559,0.000619781100090557
"SEC24A",45.8694491090602,0.795854431993446,0.321889776891913,0.00900879712758714,0.0274561396556322
"RARS",108.151536878527,-0.685341693710079,0.184930078976278,0.000157993120823503,0.000788252012785374
"TCERG1",90.5281574038007,0.75402671820707,0.234210993173639,0.000919166318979804,0.00378077353261439
"CSNK1A1",290.179756720691,0.473706209863278,0.119489746227131,6.69349987857251e-05,0.000363949165974392
"ATP6V0E1",205.693087104382,-0.69396347575818,0.197917398051767,0.000331616422533508,0.00153053733477004
"STC2",62.233035203535,6.10372771920979,0.589517781237897,4.44094188018659e-25,1.27147298644346e-23
"CPEB4",84.8003696166486,0.764792734766176,0.254312601339588,0.00188291325477885,0.00714244170311934
"DBN1",73.9760393233083,1.74709403917192,0.262142037524425,7.2591255596056e-12,9.65086057057392e-11
"EHHADH",4.84428234578238,-1.6821195945941,0.976301824789589,0.0148185187461889,0.0416912454021216
"TIMMDC1",60.2143538237092,-1.82716618707429,0.270444302213455,3.38823350185581e-12,4.64787498266503e-11
"BCL6",28.7621752294172,-2.10843996819379,0.408739182790661,4.6306415907934e-08,4.2291763039675e-07
"CLDN16",3.59451020074369,-4.4158141107962,1.8182239274413,0.000739884751329706,0.00313010716381053
"NPHP3",13.2458562887528,1.77474539459501,0.60629090368189,0.000835250607002867,0.00347287085767989
"NIT2",11.2489233168583,-1.14363546258551,0.55742615510953,0.0164028482739613,0.0453353306991119
"FAM162A",54.6785533029006,-3.27947127945837,0.315192357381088,2.70890885422787e-26,8.3258223136625e-25
"PCCB",8.39707642109288,-1.51458621945728,0.68466278580749,0.00699481781477784,0.0222364629910007
"CEP70",13.2235618021462,1.48151547540221,0.639543357751169,0.00620944381847831,0.0200492102702388
"RBP1",2.60366211645808,-5.62233094291821,2.93725586804913,0.000532002763340911,0.00233878919797165
"BCHE",1.86766395896321,-1.16570846609219,2.30168861370941,0.0121851282460648,0.0354010041675147
"PDCD10",62.279663477779,0.606814384786895,0.241812418999237,0.00971249784593261,0.0291755486011907
"HES1",420.386419789447,0.71355268894439,0.135948663942432,1.20151490083154e-07,1.03955521200472e-06
"USP9Y",26.2929381968366,0.916332381587644,0.419300011590858,0.0167980892945798,0.0461687636153317
"HYAL1",24.7627706715812,-0.937328166256195,0.397439225160249,0.0101753590130721,0.0303676371929919
"RPL24",350.756562990713,-1.70240587274639,0.116941177665131,1.43855755148989e-48,8.3063155692722e-47
"C3orf14",3.7613422412972,-1.72491609044521,1.09508800342178,0.0183246464325257,0.049545478207064
"FXR1",90.032366679276,0.743159691803678,0.243571658855173,0.00170381918704159,0.00655680557199497
"C3orf52",79.4118144869241,2.7224762075008,0.346032394662648,8.48117790502013e-16,1.53194051163976e-14
"FRMD4B",28.5146073963968,-0.826220975636862,0.3579019885326,0.0132293683478967,0.0379317023064564
"PLXNA1",65.2984853603006,1.51211487941106,0.285791846233575,4.13987783321046e-08,3.80108543568226e-07
"ATP6V1A",60.1129950910816,-0.731069888741597,0.254831360706615,0.0029319525986148,0.0105066075982561
"UPK1B",24.976500008524,-4.72462096567151,0.644633099648017,2.9514920548556e-14,4.82018820792985e-13
"MRPL3",69.9745902970951,-0.91157085669853,0.230439035420663,4.63576057893817e-05,0.000261436436409263
"MAPKAPK3",111.393361086851,-0.672687606293183,0.182188720264556,0.000168864450432227,0.000837645368786747
"AADAC",5.18221995602714,-3.7524368540059,1.33941119589544,0.000454110111783515,0.00203266932942345
"ABHD14B",22.6248911149961,-2.49107411096234,0.468192267175579,1.47675883965207e-08,1.45151509880331e-07
"EIF1B",159.015656083209,0.978750507839432,0.186966442032063,9.78377677218717e-08,8.58335152296141e-07
"SSR3",75.683311779581,-0.687849601621845,0.235944281353582,0.00262326870893464,0.00954418881710995
"NKTR",36.9944489462931,1.37173139940498,0.352587372676937,4.00726667488972e-05,0.000227666859256806
"SPCS1",23.607126701455,-1.71938405073888,0.447704242183929,2.97097238027727e-05,0.000173799995115838
"SLC4A3",75.3931630204932,3.93336811604175,0.399133615234727,1.73609874395845e-23,4.67020714749055e-22
"INO80D",62.9271284574444,2.15103744561857,0.379709384341384,3.80914278263118e-09,4.01006405562551e-08
"EEF1B2",304.523956771162,-2.15417731855345,0.128203215309333,4.36863473725454e-64,3.50506740547166e-62
"RTKN",54.3337224544879,0.805695195980262,0.281720160525431,0.00283590414039884,0.0102048180280323
"IL1A",229.426796141251,-1.7065128095141,0.166586427615058,3.63127868461064e-25,1.04182215899432e-23
"CCL20",54.3400956221782,1.983430950566,0.576013825379341,0.000161751824345858,0.000805257999990203
"NCL",262.300575389492,-1.29838898113632,0.128781696896423,2.64364297897096e-24,7.2818908402793e-23
"SF3B6",304.501408229493,-0.795518099764757,0.139171349505985,7.53844757780237e-09,7.72313114875076e-08
"GTF3C2",30.4169274314237,-0.849962898998186,0.345652424496019,0.00862376981025414,0.0264874300871371
"ITGB6",10.4597399625249,-3.69942698266228,0.819870703693788,6.96494202123378e-07,5.34870338859355e-06
"FNDC4",22.2373868865197,2.31036380480092,0.522302128746419,1.79162470750905e-06,1.28505306463747e-05
"REEP6",3.16478192964609,-2.89946982486602,1.84251557503503,0.0077662694074909,0.0242692461280125
"IFIH1",8.28091336707493,-2.65499763746572,0.839647671713407,0.000194464684600808,0.000950287764692335
"RPS15",270.801924697569,-2.22357715872368,0.140825920544448,6.72257833923101e-57,4.57002862469891e-55
"PCGF1",82.1571940217245,0.772343264439383,0.265880096236706,0.00253483538319813,0.00924884145071797
"SPTBN1",26.5679905462414,-1.6327308425505,0.378760099406101,4.47341616238156e-06,3.02465179034128e-05
"AUP1",227.382431623565,0.432849502489502,0.148830271992377,0.00325994592438564,0.01154049722072
"POLE4",22.6425455426152,-1.00422961221832,0.426724371904104,0.00950081893402953,0.0286644733908193
"CCDC88A",7.49094555725437,1.64928332651745,0.843869340397745,0.012301891870239,0.0356726429521536
"LANCL1",32.3685542026867,-1.78634163720929,0.365179764388553,2.38591050174612e-07,1.97869981515003e-06
"WDR75",42.9033607558836,-0.800335142420411,0.307684453109434,0.00608815340868065,0.0197175585636689
"EFEMP1",35.5371274345562,-2.78897613001135,0.439553571815067,2.90475913183038e-11,3.67758495589534e-10
"FN1",14.2926967600571,-2.7053287397264,0.590401178795938,6.44769992932868e-07,4.99597187112498e-06
"STAT1",38.9849945898702,-1.7305177340233,0.336139351327817,6.6884448747812e-08,5.9974359500962e-07
"GLS",97.0477290114712,1.94250147230149,0.237920725757802,7.92930291035277e-17,1.51767517562924e-15
"UNC50",125.115509594255,1.3841862696139,0.2150769525155,4.67801199462121e-11,5.80544654008747e-10
"USP34",54.2230585230467,1.19007324832716,0.293251510191051,2.29580194719348e-05,0.000137508970795443
"CCT4",543.293783816218,0.414569651829917,0.111779012040054,0.000187791192223164,0.000920937616446222
"COQ10B",71.6692826859518,0.858087585955366,0.261197627840986,0.000660132848147137,0.00283442231002815
"HSPE1",357.53322710237,0.883169838700964,0.126267611577118,1.73948579574622e-12,2.4345744402939e-11
"KDM3A",36.0934409213492,1.21159723924523,0.33509264205371,0.000133143048672913,0.000674760951776055
"CHMP3",32.7002857651616,-3.33194328638102,0.410043786710915,5.75886504205719e-17,1.10840080307377e-15
"ZNF142",31.3560857944375,1.33261370047107,0.414273671050619,0.00049833456566535,0.00220983836959571
"WNT6",9.71814493446972,5.40463768485896,2.41293760324093,8.6681021852916e-05,0.000460253213378315
"IL1RL1",204.834653448886,6.9378591051315,0.799329641026957,3.12984574043301e-17,6.17026731685365e-16
"HDLBP",268.865265306976,-0.743482775376789,0.134310846577247,2.05508317395676e-08,1.98322711892331e-07
"PPP1R7",60.5619308444581,-1.32746383025658,0.276996918943183,6.47477008557356e-07,5.01131952781353e-06
"ODC1",1202.75289403195,2.56308356623277,0.098749172490189,3.13730515060645e-149,7.09751001284738e-147
"NOL10",25.3922599112989,-0.901766940913831,0.395968342977654,0.0131069379565243,0.0376272436721154
"PRKD3",19.0942482244446,1.10645425590751,0.484753086369865,0.0103664195456567,0.0308644206537352
"DLX2",12.9864147187578,1.84288851404229,0.771536036064825,0.00384901385933797,0.0133257378973568
"SDC1",461.61122940336,-3.14989383406608,0.131188296400117,2.47030885110376e-128,4.7347586312822e-126
"SLC1A4",10.1190055923313,1.25391793117289,0.642122264585512,0.01813851062945,0.0491651936365014
"SOS1",36.7460269182274,0.91459185208088,0.336488654729298,0.00393577127443277,0.0135920028996927
"RND3",122.460969301088,-1.29947878785291,0.191246802476559,4.51776015164483e-12,6.12427211126706e-11
"ATF2",43.4125209975295,1.89532920835612,0.358271125178939,3.1719595302191e-08,2.96364532952089e-07
"AAK1",21.5075803182991,1.29604921514057,0.513761747539609,0.00455842945390164,0.0154106630239693
"C2orf42",27.3519237093843,1.10903187905078,0.442626216262966,0.00574398854760731,0.0187481177760125
"PCYOX1",20.6955364734347,-2.36349081817558,0.47340310081692,9.19511390138881e-08,8.09780292528179e-07
"EPAS1",97.6866483797164,-0.705509343039976,0.202333047623039,0.000360469620497998,0.00164881695819436
"ARID3A",12.8716497254774,2.09739996622785,0.641036060972621,0.000212022379234721,0.0010251958070915
"EPHA4",7.70832714623376,-4.99380307273779,1.20322628226351,8.72665591165078e-06,5.61697068940209e-05
"FARSB",32.8740343528626,-1.43327023675443,0.341407329476289,9.13038383259986e-06,5.8522664602823e-05
"BCL9",22.420582815563,1.02967016088347,0.479299610434833,0.0160346693584973,0.0445317844933112
"DHCR24",232.774472279868,-2.57307591096492,0.143690618333109,1.52927689255725e-72,1.37427705837444e-70
"CACYBP",99.9347511275198,1.32868805160286,0.226450249244295,1.84375383718804e-09,1.99246695013273e-08
"SCP2",19.4887025165366,-2.27366059938376,0.475264492402653,2.7733966337688e-07,2.28079745358678e-06
"TMEM59",44.4890834285709,-1.64379154214738,0.305721687656928,2.1368906193661e-08,2.04927661898903e-07
"LRRC42",123.923963984604,1.04517605230795,0.184833095586291,8.64466220412665e-09,8.79118190250168e-08
"MRPL37",106.626707958724,-0.495186825347936,0.186395910913057,0.00678172690185811,0.0216188106365539
"ICMT",32.9951480313355,-1.82014110460802,0.353328455635642,6.0340085677692e-08,5.43533408846051e-07
"RPL22",48.2949129660275,-1.46217528356067,0.303058432210159,4.70189879751774e-07,3.72695022433916e-06
"PHF13",93.1175195023142,1.39530684854215,0.243264342364644,3.80956085284424e-09,4.01006405562551e-08
"PARK7",106.632963705266,-1.18174863349389,0.20427290576102,3.34950277394372e-09,3.53929083311051e-08
"SRSF4",91.1093675309132,0.968277023425465,0.240223405204813,3.26110163952671e-05,0.000189248118694149
"MECR",7.75534289264378,-2.43694912339178,0.80318538769026,0.000319449930834224,0.00148032540144805
"ATP5PB",105.252487472405,-1.69765664906997,0.224661599421453,1.13388610854088e-14,1.9176015070912e-13
"RAP1A",54.2511791548071,0.769569755860982,0.278605508636226,0.00398570148380402,0.0137369331859379
"CAPZA1",174.022910251063,-0.616201176186122,0.162976406236126,0.000124186025237728,0.000632853452097726
"SCAMP3",60.0955380513763,-0.621119964249929,0.262911247175315,0.014007793188178,0.039750677770277
"ASH1L",135.340463836228,1.07752698719189,0.229545337304452,1.45183560242544e-06,1.06119339584063e-05
"SFPQ",887.780853612521,2.50928093531503,0.122682383877012,1.35328739072456e-93,1.65268725592911e-91
"ARHGEF2",46.6367883253396,2.00023179740262,0.336271201347006,6.39179813402496e-10,7.24788942066922e-09
"LAMTOR2",51.4685477311153,-1.54459724772902,0.295335190326877,5.20684269390748e-08,4.72726507736337e-07
"SRM",58.5533083737955,-2.40783432481814,0.305353539301249,4.95024394080917e-16,9.06012816752872e-15
"DLEU2L",7.08397667009993,2.55996515733058,1.42692185126817,0.00766513951952522,0.0239915911475274
"C1orf21",6.72657786900796,-1.4096522893749,0.749634533117645,0.0161430979919272,0.0448148767428275
"IVNS1ABP",109.992027349714,0.866286806482148,0.234042216314259,0.000138423575645445,0.000698444367059285
"KIAA2013",23.8768262854581,-0.955402752892373,0.390793050540741,0.00789888118109744,0.0246004424055844
"MFN2",170.017999195595,-0.418880368433601,0.15726430985391,0.00695118062538251,0.022107926395547
"NCF2",8.07509249231775,-2.55559386565185,0.920637915353973,0.000663267907018007,0.00284522757750963
"PLA2G4A",45.0375324059522,-3.17983715180058,0.339066687109713,8.91301973842816e-22,2.23635767982379e-20
"GADD45A",239.755188671746,-0.640281728183065,0.138372626171783,2.92223621224395e-06,2.03876945040276e-05
"WLS",29.8373719561596,-1.32195055737761,0.358413632233668,8.47109445099168e-05,0.000450284710143036
"PRDM2",57.3824422008484,0.710844140275116,0.296042337548358,0.0118588326151426,0.0345840849723094
"RGS2",61.4303809111304,-2.81778212160759,0.321872603566974,3.24791476880245e-19,7.10320504112106e-18
"BCAS2",80.2188478207236,-0.557376420615373,0.237456453632883,0.0154502229764127,0.0431518067343646
"SRSF11",130.682518698715,0.831966625207025,0.191685823886854,9.58593819142665e-06,6.11868395197446e-05
"CTH",15.0231788657086,2.18933953586109,0.684300817438637,0.000274563780821255,0.00129228518940427
"PLEKHM2",245.791218651412,0.489305280862434,0.164917567223267,0.00262558720860741,0.00954758984948148
"CRYZ",36.3693775447405,-0.809008092280214,0.346380960339956,0.0125437617274479,0.0362825218693736
"ZBTB17",69.1222354878337,0.753186965188005,0.300672678381657,0.00864882177970705,0.0265584647440937
"MRPS15",62.7058596116668,-1.55963016501256,0.258565218893658,5.02958961955838e-10,5.74177695882256e-09
"EXOC8",42.4694489455171,0.883623078858124,0.32891147127585,0.00445883024056058,0.0151518978871549
"RRAGC",121.237014558437,1.04504775020355,0.203151609524326,1.46412360830056e-07,1.25143773214903e-06
"MYCL",6.96386619001431,-2.08486097647435,0.844499670190113,0.00211411987707536,0.00786808368490831
"SIPA1L2",18.7240827650172,-1.7180769705605,0.525123557174636,0.000266966956474761,0.00125953641003477
"RLF",119.180417205801,1.13484549384002,0.233837319744226,6.19365984773824e-07,4.81806684886064e-06
"AKT3",13.9025871013707,7.49771482017524,2.45518958226957,2.05749564273734e-08,1.98416770578444e-07
"ADGRL2",40.3004667535149,-3.02630724607176,0.375498296449619,1.01673165862082e-16,1.94064963886132e-15
"SDHB",81.4755189311601,-0.801760711175817,0.23800928766988,0.000508720143645581,0.00225010832766314
"UAP1",127.125220897576,0.581560005225125,0.183882233860245,0.00128781095902099,0.00510830446521694
"GBP3",7.97514470907857,-2.30186779956277,0.808275216335348,0.000570765329129955,0.00248943158722926
"GBP1",6.30041442872893,-5.63883237398707,1.60495847588423,1.97815152965819e-05,0.000119572891411665
"KIF17",11.9701902737554,3.0120926836132,1.11037061350597,0.00171012305441484,0.00657583232878126
"GALE",45.1857785248388,0.741675337064724,0.308040669921945,0.0113111201360318,0.0332609115442657
"ID3",95.3635964336185,-2.59779638617889,0.237530326053312,1.13522214438902e-28,3.82099160794352e-27
"PRPF3",72.1811637254411,1.00615633961985,0.263755523204655,7.6757606774553e-05,0.000412161468283592
"SLC2A1",724.59729882715,1.54041557768674,0.0876997518172224,1.52632105962822e-69,1.32473148571506e-67
"EBNA1BP2",91.1372523326167,-0.937368241265409,0.221354090364195,1.35987628657759e-05,8.45328502467148e-05
"CDC20",25.7966903428908,-1.82101720363727,0.467552451554406,2.19949678112753e-05,0.000132430434465794
"ERI3",21.0444124164861,-0.995258165435551,0.466057634456258,0.0164103074479647,0.0453377863427254
"AKR1A1",26.605701004878,-1.44539143903863,0.404271447509834,0.00011274088218417,0.000582051692533313
"PRDX1",1538.21359216494,0.367756536248296,0.0656847075373904,2.22830053647092e-08,2.12806556424213e-07
"TSPAN1",20.8160351213849,-1.54427418918936,0.449552942344407,0.000170955656998819,0.000846497332825155
"FAAH",9.95191492038475,2.54645793508201,0.747993260143251,9.74752034373757e-05,0.000511078194314508
"TMED5",51.1140206594715,1.65361230261099,0.300223772530913,1.09467809546583e-08,1.0940746722424e-07
"CNN3",159.978673892641,1.6996343691754,0.188465654449708,3.63812144999117e-20,8.23050426391444e-19
"F3",125.380966278603,-2.48461986445093,0.221448272243652,5.22921621739598e-30,1.84089754592001e-28
"ABCD3",20.2680276846113,-1.13237480263365,0.46541692651676,0.00655033186285128,0.0209975794906731
"DPH5",10.1222177810876,-1.73420461162647,0.658601546401518,0.00179431092867221,0.00684965167791881
"PTBP2",11.157586622101,2.71092143535133,0.963063542740985,0.00110508416137004,0.00446172072173976
"PRDX6",176.75895018371,-1.39297346084214,0.193792204968534,2.39833135915847e-13,3.66116955269767e-12
"DARS2",10.7792068717006,-1.2912247242667,0.604442902497623,0.0109790644149983,0.0324157229197639
"IRF6",307.903368688913,-0.988716901279478,0.114021198431408,2.46277340158879e-18,5.10304398527407e-17
"SYF2",108.169830241416,1.02143043606442,0.228679861296086,4.39049417273476e-06,2.97587522513456e-05
"RSRP1",111.073481157021,1.63400835805298,0.25240471757655,3.24737382556516e-11,4.08884660518241e-10
"STMN1",16.5700553289069,-1.19075080916428,0.506383834716444,0.00751929577072679,0.0236154487109763
"NEK2",2.84765573895148,-3.18930281975403,2.0366731203418,0.00579022332775116,0.0188722441953155
"RPS6KA1",32.2918137493029,0.879010375451606,0.348851063156579,0.0071623269671338,0.0226645522005151
"CENPF",7.18189362572494,-2.27572970101975,0.912961665567708,0.00195898899452604,0.0073823178930801
"TXNDC12",28.7926756311262,-1.10712936189263,0.375319638160337,0.00148724556992211,0.00581416115153684
"MESD",10.4628720956173,-1.32090311251172,0.592147660215378,0.00843143734567526,0.0259999019739943
"RCN2",11.3957223402208,-1.19388207110768,0.564704442316462,0.0132699059368942,0.0380163383701763
"CTSD",272.827459584473,-2.52214947101154,0.169847786959374,1.04508657739084e-50,6.24337435843877e-49
"STAG1",33.4532507954981,0.870949615762992,0.367514415503669,0.0109457507249259,0.0323242799066933
"KMT2A",76.3205698141308,2.14956751077733,0.361409368415024,7.19142414135296e-10,8.11460778010392e-09
"SLC8A2",13.3598773416761,4.60128362872138,2.20656874737975,0.000183841230157198,0.000904782088505466
"KPTN",51.3899805130724,1.157556713965,0.343759208851377,0.00035663316420967,0.00163289239087374
"RPS25",493.329222557908,-2.08126809069352,0.110076094491978,2.03274906494901e-80,2.0475866493647e-78
"CAMSAP2",133.487198442189,0.438996900458084,0.178219257527867,0.0122719481466872,0.0356214489564473
"NRP2",3.54479401438012,-2.21298346994834,1.22979906874025,0.00871094946888698,0.0267076433394002
"KLF7",17.2414979030802,-1.62429032262553,0.483788573992457,0.000208282084220515,0.00100923200921457
"ATP10B",15.6792247247357,-3.77023978257559,0.64034593859556,5.21173700542804e-10,5.94396451858735e-09
"USP35",12.914775716261,1.29246197535419,0.564467301662243,0.0080279818583887,0.024946216988463
"ELOVL4",65.3879478315651,-1.06847727966567,0.349915929218855,0.00110808110737169,0.0044712044683419
"HMGN3",61.4338331918141,-3.05799436782473,0.331821606052571,3.74700821944194e-21,9.07170411022785e-20
"PLAGL1",21.6060493012225,1.13350809914725,0.47573385925101,0.00783271573069565,0.0244219333672842
"FBXO30",29.9490111896935,1.26777349470578,0.403745688630935,0.000699687403796666,0.00298203975258903
"RAB32",62.0512541733529,-0.62566642848181,0.263597953830356,0.0135162610556454,0.0386178887304154
"SGK1",42.6963110174529,-1.28963028541608,0.342110690874247,6.55439360492412e-05,0.000357512378450406
"ARG1",21.6693362038159,-1.90938762528138,0.587082162105234,0.000233910967917726,0.00111849319378539
"ZNF430",22.4316006639658,1.62022290525525,0.464938180090955,0.000143971260645727,0.000723526364497824
"VAMP8",306.779510314261,-0.627952454123543,0.134163333615331,2.27433023042694e-06,1.61035183067685e-05
"MYL12B",881.447738957432,-0.528531830769266,0.0742596161779823,9.46525962707223e-13,1.35498529931117e-11
"RPN2",237.518423435685,-1.15073269654269,0.137330122215293,2.53602910951306e-17,5.02111932729989e-16
"TGIF2",47.9323055256389,2.61241170773369,0.565224634284358,9.896332804663e-07,7.43842008193624e-06
"STBD1",16.7448229583705,1.16066929354357,0.505187704211679,0.00920357056979446,0.0279756109830757
"PPL",127.819026266787,-2.23203268720143,0.186286930893418,8.14616389865839e-34,3.31613751626802e-32
"KLF12",6.34637061012637,2.76718807165477,1.00770765135881,0.000899940672364847,0.00371498093886775
"ELL2",152.608809286172,-0.40310172436178,0.171458568182381,0.0168014152808837,0.0461687636153317
"NDUFB3",123.951628910454,-2.34087194751659,0.189209040800941,6.3955457590402e-36,2.78418080362002e-34
"SATB2",9.69658790872554,3.00908104504054,1.11447467595907,0.00175359227202269,0.0067221037094203
"UBE2B",175.61180016408,2.11734363387653,0.184378441230018,3.71936318648897e-31,1.38722194523102e-29
"SENP5",49.2214554009617,0.944771345910246,0.319758546941186,0.00183581416716085,0.006986827221958
"C1orf198",23.4583513428033,-1.18348053364799,0.414043021947481,0.00181761210544921,0.00692585268966925
"CTNNAL1",71.3674467194436,1.48165926195153,0.3208163592334,1.41291059850563e-06,1.03548413485808e-05
"SET",285.841577359699,0.423429772540811,0.119427637508361,0.000354487888856795,0.00162468710269803
"PTPA",32.4648693375602,-1.37573959160491,0.345575585518563,2.44758400693191e-05,0.000145651829649247
"GLE1",33.3832143614169,-0.985074790500707,0.337919162034191,0.00192854815172666,0.0072875039687371
"PHF19",16.4635341934541,1.6420837375886,0.587906714250944,0.00143784030538739,0.00564821981621008
"NDUFA8",96.2041469446614,-1.131082760035,0.338994743639057,0.0003901094674324,0.00177205748866594
"HSDL2",18.3251871288007,-3.01374511082922,0.54355063116517,3.56068680428315e-09,3.7566879127758e-08
"KDSR",19.926889005222,-0.964007263973151,0.436645363466003,0.0144142533889392,0.0407198969841066
"DCAF4",11.4045573182042,1.5772686101706,0.675341203605733,0.00516469553122182,0.017153501403336
"IFI27L2",54.4805746323591,-2.21291662537009,0.307807664107321,1.16631945035762e-13,1.81661494525227e-12
"NPC2",106.282383708975,-2.73872489362085,0.224588158732294,4.65808480912264e-35,1.97182731183719e-33
"LTBP2",10.1798050316008,-1.68393086470919,0.671168797167748,0.00279749881092295,0.0100902988998266
"ABCD4",21.2704891684023,1.66837022074925,0.519712883794783,0.000377950680649142,0.00172135953562976
"DLST",145.770655710298,0.526237398277309,0.184837962494928,0.0037648264849177,0.0130769205869278
"SLIRP",31.3871141625519,-1.6545278834779,0.394454694632103,7.24030584029511e-06,4.74210823901625e-05
"RBM25",148.809990502991,1.25192967501444,0.206009481031569,5.72311359925633e-10,6.50568102716123e-09
"EIF2B2",34.0479254930142,-1.05030246725439,0.341140428273412,0.00105318329993562,0.00427342826789517
"SUPT7L",64.9536396086338,0.730896168254251,0.272057921533077,0.00520620859527784,0.0172730827348623
"DNMT3A",19.9699231259609,3.2751969105487,0.667422627634881,2.0423897053334e-07,1.71650291922052e-06
"ATL2",67.9319695514888,-0.867318564012273,0.252249096895152,0.000369314780553823,0.00168425114727123
"FAM98A",31.7810195354191,-1.30771769386068,0.345541509693287,5.88791182757519e-05,0.00032514278999815
"LGALSL",106.114555067791,-2.62344834486227,0.224403144646511,2.10538780980025e-32,8.23069455389335e-31
"EPCAM",137.704491945225,3.35663301818249,0.257404021657197,1.25137882206043e-39,5.99619018903957e-38
"CUTC",20.6772926454833,-0.99453760896049,0.441194662825618,0.0123245062046355,0.0357157046669404
"PYROXD2",12.604483006372,1.92797885931113,0.975679743581074,0.0116093866143971,0.0339786925299426
"SMNDC1",57.224120167183,1.32313791206736,0.308053899995507,7.19307643916325e-06,4.71565106225429e-05
"TCTN3",18.6860479452108,-1.69692672387568,0.471310857113272,7.85863287945934e-05,0.000420834822415751
"AVPI1",89.4965659242162,-2.29183725278518,0.264555303464892,8.00126780184932e-19,1.70397369854198e-17
"GNA13",113.236649820747,1.68737488149451,0.22524593999733,2.07358536843089e-14,3.4188145859434e-13
"KANSL1",26.4681053325141,1.42069697748081,0.453145996080674,0.000616785697720284,0.00266739035679722
"DUSP1",972.838211964945,2.64723073449933,0.0994701163266279,6.75497146628744e-157,1.63541414446959e-154
"MSX2",14.6568171259708,-1.10813743787276,0.515885238583816,0.0137762344418076,0.0391983577931846
"MOB3B",6.71958030666135,-1.96155485071309,0.802377110856439,0.0024627810673852,0.0090221339872354
"MTHFD1L",26.7891743084011,1.0257945825403,0.40424480916436,0.00578046028217965,0.0188537820595791
"LRP11",27.3072181775463,-1.5665205460098,0.377211315239949,9.62264178598836e-06,6.13643515002954e-05
"PCMT1",121.158193938734,0.922342912868114,0.200408225885112,2.57164001749308e-06,1.80603726419361e-05
"PLEKHG1",6.62564791040352,-1.62687042926287,0.813506571442899,0.00965558327911667,0.0290298582247952
"CYSTM1",62.132672939256,1.14980581784389,0.289110729954755,3.33450549371591e-05,0.000192859077172169
"WDR55",29.3496624245958,1.01110962853542,0.396547410241957,0.00569509416857488,0.0186149454112585
"GORAB",19.3754731205049,1.76817730313173,0.594558797977637,0.000771650730445334,0.00324361257390972
"ACAT2",42.7650233097381,-2.49704266302054,0.345402893866419,7.52101319233984e-14,1.19161862289655e-12
"TP53AIP1",7.00209611367104,-3.87855049931752,1.04452745170723,2.49088363374429e-05,0.000147973285172928
"PDZD11",57.3998857956578,-2.38626349660663,0.312601069423356,3.64706019087554e-15,6.33871922343607e-14
"KIAA1217",84.3509012987657,2.06610826035082,0.275173012607939,1.49839750373525e-14,2.50641036988441e-13
"PLXDC2",14.4710263544532,-4.4272247270798,0.737092324505109,3.07638686474503e-10,3.55860341437397e-09
"EPC1",27.951398774201,1.05531987972271,0.444067123452171,0.00887349547833602,0.0271096386099263
"TAF12",26.6243933297483,-1.24214813588792,0.378065704853203,0.000411649704944484,0.00185949784884906
"MTRF1",22.8515965876137,1.48600879733687,0.465641015501001,0.000469487407807052,0.00209065060591717
"UFM1",124.531887686424,1.09346043403276,0.203485671931063,4.07483186431547e-08,3.74634775000356e-07
"WBP4",53.2147566851169,0.761293692819397,0.316275506259981,0.0110964898163842,0.0327196608018765
"ELF1",228.500518394018,1.06953439204157,0.146357384211715,1.57874455227201e-13,2.43698823505075e-12
"HSPH1",1890.95000813286,2.59808546441178,0.100948659504464,3.28037964897842e-146,7.18559351680988e-144
"ALG5",21.0906949304411,-1.43192053921738,0.482049224064764,0.000932121700810922,0.00382835698547343
"TGFBI",20.2930630039228,-4.29374612045296,0.621922990763945,8.10661971074175e-13,1.1702024268644e-11
"FAM53C",97.0578416111111,0.706248960111814,0.246645717997271,0.00310865917275634,0.011059890650924
"SIL1",18.9192743314726,-1.573005231689,0.46400371693515,0.000194283626115813,0.000949739298759555
"PAIP2",104.622250064139,0.881827983437041,0.204914389435133,1.11608740323126e-05,7.02966963240137e-05
"KDM3B",88.7087058949129,0.930654144632714,0.230176688793018,3.22840702685791e-05,0.000187429604420022
"EGR1",6576.46256405803,5.3861757940562,0.13055230968426,0,0
"SERP1",46.2122456773035,-0.967613380412915,0.288145270276431,0.000441628349056797,0.00198194185918172
"TMPO",7.58763792894026,-2.00272960023646,0.799211220119515,0.00197074208531035,0.00741446040820142
"SOCS2",25.8566995788983,3.82322445041763,0.722707161507971,4.03958686532465e-08,3.71641991609868e-07
"CLU",1413.37792396248,4.9651177049294,0.27084636534788,3.00017363219394e-75,2.77868430364271e-73
"TNFRSF10B",396.508444590233,1.69773030625618,0.157898893569222,2.044224556622e-27,6.57582724507775e-26
"PTK2B",23.6275997469842,1.50967832096127,0.449674653599472,0.000254235927565524,0.0012064841129313
"PPP3CC",46.57988083432,1.79842849856982,0.318522723349306,4.33831903771348e-09,4.54239777848604e-08
"PDLIM2",30.6069658291969,1.32459423020908,0.377653051752224,0.00017546550129059,0.000867272176866096
"EPHX2",3.61082475089308,-4.39267957726401,1.97273936067929,0.00110954516812971,0.00447580336749197
"TARDBP",321.436699935542,0.946953509545682,0.140671066227399,1.02752255820465e-11,1.34661076004028e-10
"SCPEP1",16.4854758902681,-1.51146383526585,0.502819739726781,0.000770114365682028,0.00323912778007071
"SPOP",27.3450357805586,0.942997515719835,0.394482035525888,0.00959718190762319,0.0288909577151023
"TENT4B",49.4738024085105,1.44368079949723,0.342510223671817,9.14345721641484e-06,5.85792523614321e-05
"ADCY7",101.181489177876,3.4490625249643,0.322869822025936,3.22271310278987e-27,1.03186637629931e-25
"TSHZ3",10.7370382846415,2.13084208178499,0.735038759252853,0.000740444967196827,0.00313151717662158
"PLBD1",32.0838491401975,-4.77060358373955,0.548510381394412,4.89676907452567e-19,1.05917575593188e-17
"PSPC1",56.8731159645945,0.841897991763552,0.319651852524725,0.00545078608963767,0.017969624471333
"CSTA",2062.98758019053,-4.4076737642389,0.1400864857267,1.84930900609623e-218,7.29156122403656e-216
"B4GALT4",14.4044701964598,-1.09045288703601,0.509290032473444,0.0143427816986632,0.0405511959519672
"CAT",24.0548910135556,-1.67924454378529,0.48213327691177,0.000121285494385514,0.000619781100090557
"PILRB",32.0854023303863,1.39054959824676,0.393991801778041,0.000153364388454492,0.000766544208863452
"ZMYM2",46.7841839300863,0.792679609036359,0.307701103731204,0.00674630339613397,0.0215357360320724
"GJB6",100.028011202547,-3.69793557771845,0.26522025815603,4.10659560952395e-45,2.213711695759e-43
"ZCCHC17",39.7803682236447,-0.86828167705435,0.317016182475902,0.00377680244682417,0.0131062112532751
"TNFSF10",6.48687531967035,-5.55985246836438,1.70995219958331,4.97257600777086e-05,0.000278270676833893
"PIK3CA",21.1525945623508,1.05098717743839,0.443820860265356,0.00888811739767129,0.0271362876300584
"TMEM54",98.916692701267,-1.79350829424255,0.231900293494472,2.5677998072164e-15,4.50835080656314e-14
"ZSCAN20",14.3852659338684,1.63129072081768,0.654167106160406,0.00333292901900619,0.0117632788906101
"LRIF1",200.301686814461,1.70348934147537,0.218681435623083,2.28576865705772e-15,4.02341931982099e-14
"CLCC1",18.5244107048714,1.08313673233314,0.463295788513688,0.00920664178598616,0.0279787836702508
"GPSM2",17.4464857886493,-2.43897474084022,0.512911636554969,2.95839127246024e-07,2.41715805565135e-06
"POLK",17.9432588123454,1.56363024999596,0.518628355518642,0.000757176947759684,0.00319347245693265
"RPL21",313.580982004589,-2.20643396932153,0.139265983177613,2.02770267883855e-57,1.3991148483986e-55
"MTIF3",38.9336142383442,-0.762435642200135,0.308293016784588,0.00910064842048091,0.0277177109253226
"GTF3A",37.1078698571941,-0.76047919329297,0.337769178076494,0.0163952445771394,0.0453233924608421
"UBL3",84.7692487952514,1.48547356200305,0.26419446637261,7.10101828703858e-09,7.28039021999498e-08
"OCRL",66.2224444144941,0.712752062725273,0.251094872251311,0.00333410110385793,0.0117644068609664
"MRPS2",30.04641760733,-0.885268561335882,0.372390677660435,0.0102870704240708,0.0306612466203407
"KIAA1191",123.958654889181,0.697959718688329,0.19211020091988,0.000210797880394299,0.00102070552611976
"ZC3H7A",56.9016305324504,1.11331627480468,0.286352112583819,5.05904432446344e-05,0.000282765539398929
"SHLD2",13.2720909711375,1.29797724784707,0.577222990418963,0.00878604755029085,0.0269020315495926
"PRXL2A",23.2057502892324,-2.50330742415927,0.445058068844668,2.69488977286059e-09,2.86513704664685e-08
"RPL5",400.739284108611,-1.93903209571261,0.104317002716207,8.8314276137056e-78,8.52263643840121e-76
"CCDC18",53.851620011949,5.19960568747128,0.673618179605642,1.10643432063098e-14,1.8757731725685e-13
"ZMIZ2",36.6592865975296,1.21208417800933,0.349322204799309,0.000231804101307065,0.00110950530285769
"CBX3",98.9022083741191,0.845434480857932,0.204994377055802,2.53049550313409e-05,0.000149939192542939
"HNRNPA2B1",567.084519220618,0.516966089887299,0.103740787113476,5.47430076977364e-07,4.29023866186182e-06
"INHBA",24.0128751095024,2.07076641846007,0.52143250087586,1.5578800588747e-05,9.59765393413877e-05
"ARL4A",21.4725174989347,-1.07305678663303,0.452385912356317,0.00835495139579864,0.025788040541718
"CLTA",148.198928627771,-0.486272640361265,0.176558734663354,0.00507637058223363,0.0169130647114496
"CALD1",40.6600627301898,-1.87743089874976,0.318067513824123,8.14426524189015e-10,9.11523603715199e-09
"PLAU",212.500687982792,1.58601286243878,0.153428947418221,1.52491784621123e-25,4.48696509119721e-24
"CHST3",18.8258970113986,1.31953301898859,0.467083758838065,0.00177883007416923,0.00680191381789708
"P4HA1",63.0401534060849,1.88919571053165,0.271810595578324,8.70552521363371e-13,1.24881754623852e-11
"ZWINT",12.2563150641286,-2.92147735828187,0.699609313426499,3.51748056844744e-06,2.42342645254991e-05
"ACADS",8.87435766306287,1.45467057557537,0.693948788520392,0.0105415102739845,0.0312979435845496
"MED13L",38.8868013558102,0.887865271637513,0.390877846695084,0.0141802562573302,0.0401668117117163
"RASSF8",22.1035633984316,2.58852126361426,0.625722337278941,7.15819534332322e-06,4.69501405598196e-05
"ITPR2",6.24006424107515,-1.82518246805246,0.853887142474874,0.00573309932123423,0.0187170027520777
"ACOT9",67.2516424133509,1.50634803701844,0.276684260106669,1.87294841812443e-08,1.81635194449172e-07
"PRDX4",37.4662599179504,-1.21613201728201,0.351085227017206,0.000223308860217119,0.00107262870553298
"DDX39A",230.514497265762,0.966916903974624,0.19240346389536,3.01924149510347e-07,2.46368291627512e-06
"PKN1",4.58689786354914,1.98706778157754,1.19733207106799,0.0155969085706937,0.043499866264263
"TRIR",218.06836853396,-0.431126025573172,0.169929002715443,0.00992334983310961,0.0297183653856147
"EBPL",23.86939706176,-2.94412232425617,0.494200882398551,3.05949530549946e-10,3.54203315569568e-09
"ATF1",65.8128512940055,1.66275965489146,0.299799705676523,9.06905012786459e-09,9.18868906219462e-08
"MMP19",91.3504036305618,7.9888910917517,2.37630266881572,2.51600306566762e-10,2.92755837320516e-09
"PFDN5",137.315498726099,-1.12416779835237,0.179691783958442,1.9644157951701e-10,2.30518180045471e-09
"ORMDL2",53.0147339442729,-0.820249624494499,0.270247963849992,0.00157411650978877,0.00610877610660434
"NR4A1",49.0865920392354,3.49618517057568,0.981945430279761,0.00019896913192413,0.000968868744020113
"LRP1",21.6261703167747,1.12422593197064,0.421596788925634,0.00357423575654921,0.0125062001623679
"HOXC11",15.344232880086,1.0959439838911,0.52285066897733,0.016511122122573,0.0455524760678744
"ATG101",88.4876191623164,0.605323118893685,0.238711049254966,0.00886770378156674,0.0270979433537691
"IKZF4",22.4400624990753,1.89216785280096,0.76286615026457,0.00360758740854532,0.0125941579149824
"TUBA1B",137.478719964692,-1.06371866119483,0.166460371488358,8.76351480465329e-11,1.06271093413195e-09
"HJURP",3.01472089808968,-3.6423218103445,1.87895980759972,0.00276359341573125,0.00998104923765799
"AMD1",79.9149483607954,0.98638183592407,0.227218434756107,8.05875585870142e-06,5.23098922154655e-05
"MORF4L2",1068.49494455452,0.653652663216205,0.0819651573071906,1.22790493412772e-15,2.1978064968823e-14
"FAM199X",42.7407448719725,0.867288022138887,0.320069132800229,0.00423820794734556,0.0145129701422751
"BAZ2B",36.5903521896696,0.902001432367948,0.388929627209417,0.0121962174018663,0.0354257630279427
"SLC36A1",31.654806105607,1.44363439438849,0.399156909918148,0.000104740417918514,0.000545029324010368
"LPGAT1",29.3345733687569,2.09641059296397,0.436506155741183,3.40807368607944e-07,2.76005967534602e-06
"G0S2",20.2512763522226,1.410029865242,0.548586894839251,0.00340256043226587,0.0119661911226475
"RAP2C",74.3299752136855,0.809764064202653,0.256535380090264,0.00107392087608588,0.00434862326584071
"COQ8B",20.0295852007702,1.64675114388215,0.518061290805969,0.000410346314500018,0.00185482448087135
"RAB38",103.425957291809,-2.92303861781095,0.23670278053285,6.55326233548128e-36,2.84386856068056e-34
"AGO2",64.5231040379146,2.05926339511146,0.304992924904765,3.56108420976818e-12,4.8704620510209e-11
"ACSL3",57.4131240754033,-0.691820355165337,0.25223408283038,0.00448112591530581,0.0152014595946952
"CHPF",51.7874039339493,-1.3651195827443,0.276168567675014,2.87584314251997e-07,2.35249765066838e-06
"SLC12A4",85.8423979830956,2.67693802545732,0.305624483963685,4.06579343462528e-19,8.83589754296518e-18
"FAM210B",16.4158180519923,-2.83596501542101,0.617528047633828,5.04474922279963e-07,3.97360383987642e-06
"SLPI",1857.53942327578,-2.41349137608194,0.118501068895534,4.92395588385534e-93,5.96057817519331e-91
"SDC4",440.802795348317,1.10070528196388,0.103737273573332,1.35389371401271e-26,4.22708897135189e-25
"NCOA3",72.4592707540606,0.637594658145847,0.241966227388442,0.00655996017957116,0.0210235602596567
"PARD6B",18.7990728576292,1.95137688576496,0.554316897329662,9.89942157917472e-05,0.000518058467169553
"ATP5F1E",70.2584992551009,-2.25015985656638,0.275575614715908,5.68910271226563e-17,1.09650303672159e-15
"SRSF6",425.012918097464,1.37225379353322,0.144307572939267,8.2154391135581e-22,2.06508305586706e-20
"ZNFX1",93.4284750403077,0.83473463711236,0.244887968021449,0.000436166397551769,0.00195934123900209
"CSE1L",91.6402387910091,-1.47383460725308,0.213239232833939,1.62666988039969e-12,2.28828178894146e-11
"SNAI1",20.2701460542587,4.16438554637448,2.15441955171619,0.000449554949831354,0.002016203544905
"STX16",112.801436209288,0.985264603529398,0.19666258971033,3.18801560515533e-07,2.58944175109733e-06
"RNF114",152.872030251271,1.08356712374578,0.210985340493307,1.51178466837955e-07,1.28781656936035e-06
"NEURL2",14.5495159923437,2.47298036251574,0.903571691703048,0.00122897529450624,0.00490736662736866
"PEPD",19.7789772393702,-1.74353548038299,0.476695470251638,6.05793244077153e-05,0.000333464171051644
"XG",16.8166184719673,-3.37172316089262,0.580931470264063,7.93298517330818e-10,8.89319215204329e-09
"NAGK",26.0935750544869,-1.58956235165672,0.396341791609943,1.72176062896182e-05,0.000105087557185639
"MCEE",9.79929015984682,-1.92253396191435,0.942702911683195,0.00607306486592898,0.019673308720615
"PAIP2B",4.83322914638403,-2.82369621694143,1.06260800141466,0.000880189249852396,0.00364216241318233
"POF1B",123.628395325928,-3.04199559593903,0.248993568711478,3.07918571996988e-35,1.31150502887606e-33
"LYPD3",740.148013316162,-1.68591829456443,0.105848637551441,1.111365115988e-57,7.70695407067055e-56
"USP9X",97.5442848447739,0.653449562557432,0.23395456161741,0.00404305385078315,0.0139033498980333
"RRP36",51.9312614622084,-0.7920711093514,0.293261262235092,0.00460072502234923,0.0155270250204009
"SNRPC",101.071329722996,-1.62272089306369,0.223538538561769,1.13733736929793e-13,1.77950744856139e-12
"HIST1H1D",47.5121781909309,6.75995625299219,1.28544535917526,4.57772648548041e-09,4.77305989619606e-08
"HIST1H1A",13.584185759265,4.51090140944871,2.26798351162737,0.000353466154134509,0.00162054250068313
"RPS10",29.0456106643593,-1.56703536281798,0.398891922691811,2.50745369806801e-05,0.00014888347572454
"HIST1H2BJ",582.329799527947,3.68988082857023,0.349045844459096,2.14767083165686e-26,6.6303931715581e-25
"MAD2L1BP",95.8037652730501,0.893543231637423,0.236594061036037,0.000100116015097412,0.000523333715281926
"MEA1",40.315754940713,-1.13886395171646,0.317894732827652,0.000158497157585892,0.000790480944953128
"CDKN1A",806.835628963005,-0.361011629213226,0.0816030725020216,9.01545671204152e-06,5.78397501748828e-05
"GLO1",210.250005331638,-1.14154523624414,0.145208615293767,1.84159426556523e-15,3.27500011144332e-14
"ATXN1",24.8769337814029,1.16620180178929,0.427180150456837,0.00286762366872205,0.0103108928161449
"LRRFIP1",93.9434925784632,1.9642444247146,0.227637858544946,1.50273842876221e-18,3.15163986579309e-17
"RAB17",1.67982114396431,2.48192426868031,3.09414443300489,0.0158126997082616,0.0440216372753702
"CXCL6",3.8324712301491,2.55288314058883,2.48556988831972,0.0132506202335643,0.0379847443338568
"EMC3",41.2653123138625,-0.724442464678464,0.296221322296358,0.0102089702749095,0.0304613599554057
"SH3TC1",8.57868718747952,1.56966395683269,0.775226244174389,0.0111572898423689,0.032864589076775
"BBS2",11.9091681605401,-1.39299064659363,0.58595712325277,0.00534654579077057,0.0176681829292705
"MT1G",698.460404821488,-2.97898175820644,0.117564475010518,1.59370790328773e-142,3.43643266646417e-140
"MT2A",725.561280009024,-1.96942847643084,0.117398676707334,8.03294421294559e-64,6.40778208893926e-62
"C16orf70",16.2827555074712,-1.03638707049583,0.484231939401955,0.0154440998514229,0.0431434368319101
"GOT2",78.1086983682826,-1.10022966542625,0.22485288346447,4.97956204256699e-07,3.92674035356712e-06
"TM9SF2",63.2373390669957,-0.838592746381042,0.241688395229986,0.000338437760581996,0.00155733280961372
"IRF1",6.65852931035916,2.81903049335655,2.22210231511279,0.0077068743161608,0.0241058172173661
"NDUFA1",353.305746548215,-1.7797983183159,0.139166653609969,4.88779526834525e-38,2.25590550846704e-36
"FAM193A",48.0954481760589,2.0709001393034,0.400589787179775,5.85513094074013e-08,5.28801092815536e-07
"SOX9",47.2152354104705,-2.18144281701353,0.312723184014568,5.78152818556582e-13,8.52404796589832e-12
"GGA3",82.7245646033162,0.765669240280712,0.262696266185682,0.00250582515822844,0.00915794152106793
"MBOAT7",118.779378590932,1.16124849953264,0.229597367280272,2.03594752189332e-07,1.71213137124484e-06
"SRMS",4.16269479367538,2.27022128342962,1.51416897926539,0.0156812096348813,0.0436996552829891
"FNDC11",5.37388394113558,3.70887048384656,1.48384472435958,0.000977145894482749,0.00399307472427064
"PPDPF",225.772871264044,-2.48591578669894,0.176600839445952,8.15292172050175e-46,4.46469522789382e-44
"IL1B",40.5395764457361,-4.38057421587182,0.453177871774847,7.49202171663855e-23,1.96933142265927e-21
"CHCHD5",4.40575410849349,-2.10789357086807,1.08228285391053,0.00651125720321491,0.0208820240307613
"POLR1B",17.2128310961737,-0.983051512106286,0.450249122986827,0.0149389032224109,0.0419700456981413
"CCDC93",73.9138546249231,1.07501862002364,0.256157926169519,1.43097040843778e-05,8.86328170396832e-05
"SLC25A23",18.6701807876815,-1.43234215115016,0.458724517997202,0.000577149153209228,0.00251330334941222
"GTF2F1",69.1690170800954,-0.881372647442612,0.249578311388533,0.00025692394025627,0.00121882102974786
"ALKBH7",17.2614267989019,-2.88840027501647,0.622725975809147,4.27432463041391e-07,3.40957687281572e-06
"TNFSF9",35.4866302901114,-1.39737703020324,0.390065205544791,0.00011842747774425,0.0006075461683534
"RPL23",223.387772622276,-1.48659911698829,0.139716793336483,6.74011246138566e-27,2.13824257395683e-25
"C3",3.2724459384615,4.64152267510364,2.59518199403893,0.00105715932409328,0.00428608382834464
"SH2D3A",29.6308976007124,1.20687570373324,0.377871212135613,0.000615545668094378,0.00266286213783775
"GPR108",68.1487792045948,-0.620482336529192,0.243328209110938,0.00843301168373902,0.0259999019739943
"TNFSF14",7.26418833095534,6.74299101166521,2.54970194805802,3.59386179269969e-06,2.47111573190114e-05
"FOSB",154.200394951979,2.98072758146222,0.815655817260075,0.000120562453146501,0.000617351337076704
"SNRPD2",189.241397641381,-1.86752215299071,0.169875813077019,9.41365130925958e-29,3.19185228667769e-27
"EML2",20.3130654664676,-1.22269021898491,0.440903681981603,0.00222796405188325,0.00823845228188341
"VASP",171.459148763418,1.66034500180674,0.175583084356195,9.69257097676674e-22,2.42754046242071e-20
"SDCBP2",165.477425563866,-1.02553764243959,0.206669104672059,3.81175631035832e-07,3.0613255961091e-06
"TGM3",5.64277964667662,-3.11071332432615,1.08431976004587,0.000490371968082325,0.00217662694098941
"DTD1",15.6587851042179,-1.21734912749711,0.504852642804691,0.00616147747505717,0.0199036491469543
"STK35",57.1732538463902,0.741253221752005,0.30890556554412,0.011664115863249,0.03411716806122
"FLRT3",36.1553222716233,-4.40686120957865,0.484802887146227,1.33970157381863e-20,3.12823717744451e-19
"OVOL2",10.385879431295,1.9973088054973,0.677327545612083,0.000626600248910533,0.00270644238966052
"DSTN",180.686389573927,-2.30270156064878,0.167940321680988,1.49489494963487e-43,7.8142236003641e-42
"MGME1",34.6933486983881,-1.50879391465209,0.370857168046853,1.46118706570259e-05,9.03827050950056e-05
"ITPA",65.5193576913679,-1.06910255582147,0.31440764692602,0.000336042040014393,0.0015478539890948
"MRPS26",45.5121853784677,-1.71510024600341,0.320507989725513,2.24160001891638e-08,2.13633150974075e-07
"HNRNPR",72.1304917117707,0.694681110984517,0.23207381584409,0.0020692994652526,0.00773046362222142
"ZNF436",104.038278950315,0.67936849108968,0.249183909995506,0.00485088680208374,0.0162955788385481
"MAX",55.3592509737525,0.726019475633079,0.290887812468331,0.00908589363264054,0.0276788812649977
"ID1",23.3188795537699,-2.00119024024764,0.470379291185609,4.12840336458196e-06,2.80650080942025e-05
"EIF2S2",295.534106506604,0.33921403022988,0.123756664757068,0.00569736195998015,0.0186179481524334
"ERGIC3",75.9592256287969,-1.02351530469469,0.272044565436505,9.07285412080915e-05,0.000480082004858767
"ROMO1",144.84637618784,-2.55742506782565,0.241254963469787,3.67904481666266e-27,1.17525042754502e-25
"FAM83C",91.6303105041793,-5.6561000175251,0.372553582552911,1.44016740762174e-52,8.99290055438011e-51
"PLAGL2",49.4545037498505,0.929703556303492,0.298925153690928,0.00111705164554886,0.00450476701010354
"MMP24OS",19.3550541470777,-1.30030998217891,0.446312076069246,0.00132051580287796,0.00522751522653927
"KDM5C",381.397972713757,1.4894442922557,0.159206893166699,3.09344342990919e-21,7.58250787437777e-20
"PSMB2",86.6618832571884,-0.786244004529509,0.20828800517127,0.000110005894107769,0.000569636524835725
"AGO3",11.1672313505433,1.52825301605216,0.701815168565381,0.00843266188275672,0.0259999019739943
"UROD",23.2460046330607,-1.01046681244281,0.412454786723201,0.00730547561684286,0.0230408510442663
"KLC1",49.253269789715,1.47440509719512,0.306072358775022,4.76052776007192e-07,3.76261644266852e-06
"PCID2",126.423125759333,1.61437060044253,0.273166479065245,1.21055129565544e-09,1.3343137284381e-08
"SLURP1",34.312559953254,-3.22372592545187,0.623754024294891,2.3377728228998e-08,2.22032105684909e-07
"CAPNS1",141.172688099981,-1.50500489336342,0.174992443991737,2.62355617890457e-18,5.41181992061033e-17
"COX6B1",192.54758754899,-2.3401141608461,0.205264317113927,6.78073575163543e-31,2.47550670297801e-29
"NR1D1",284.298843496207,-0.717276830797959,0.171777650989009,2.20576919798256e-05,0.0001327501741481
"FRMD8",54.649929356363,-1.98577999269156,0.298724776861832,6.25563697923984e-12,8.38133886538931e-11
"PRDX5",584.379430836289,-2.28392215885751,0.096927670725463,1.53184918464026e-123,2.64243984350445e-121
"BCL2L12",94.9699516933203,1.04342079028815,0.309142128233988,0.000409703283174593,0.00185313186096669
"SCAF1",203.062440494319,1.25120208604544,0.191835798381032,3.24210375943806e-11,4.08593898449729e-10
"TRAP1",36.8637303395469,-2.24780088874011,0.348898543802199,2.05737319655503e-11,2.62400647989458e-10
"GLIS2",18.2031504748399,3.84414913945187,0.766406245029708,1.32485332730637e-07,1.13912622534754e-06
"NSRP1",44.5776779746212,0.901620466568152,0.311224477471132,0.0022730860152464,0.00839630273297652
"IFI6",106.479375871738,-6.14659166738575,0.409262606723913,1.15342428035396e-51,7.01200663827517e-50
"UXT",71.3944347047315,-0.85291064211906,0.316601910515282,0.00440547621471913,0.0150075467200997
"ELK1",135.621091090539,2.79862549828219,0.227273752108839,1.4985632713608e-35,6.4224140201177e-34
"DLGAP5",4.57147188688268,-2.76522551314209,1.263012770937,0.00275017826369948,0.00994300760782102
"SGPP1",29.922830986684,0.999224703814398,0.389710843488945,0.00554181487153764,0.0182131567580899
"WDR60",11.8734039764192,1.43056779757348,0.604327691637374,0.00566599782776337,0.018537403988415
"CANX",316.77286042357,-0.75793644730059,0.118319654362887,1.09530674414617e-10,1.31780584735982e-09
"INTS11",46.7720790761879,1.02196660809976,0.334178105672753,0.00120832479118325,0.00483329916473299
"HIVEP3",8.58631055163241,4.07328884955751,2.24747252834457,0.000871753885082244,0.00361267375799849
"BCL11B",4.02242692418559,-1.68838765793211,1.02428668373044,0.0176161988731159,0.0480346857239674
"COX7C",164.307912071701,-1.74783818925654,0.163820518463648,3.81100126155994e-27,1.21459162608608e-25
"TRAF2",24.2722424080115,1.14713230719601,0.450755603607939,0.00479041704061005,0.0161199110364347
"RAP1B",18.9093437101886,1.31929937655956,0.507215133064441,0.00347739348135198,0.0122044837341448
"FGFRL1",36.0823898965186,4.25769222946734,0.541631905478335,1.11701827007334e-15,2.00975907783729e-14
"UBR4",180.042179332379,0.897047635372468,0.18595719614538,9.40446863434908e-07,7.08802114440291e-06
"HP1BP3",218.333057630503,1.49001901363265,0.173717119615599,3.62968830158834e-18,7.42069608324727e-17
"SIN3B",81.6460138006773,1.46735712697384,0.254541048890968,3.04981369560098e-09,3.23252142851717e-08
"UQCR11",86.7022625011855,-2.35271019558105,0.288320355680689,5.36450830937118e-17,1.0368377404667e-15
"SYNGR3",3.74979812461601,5.1756492132551,2.62554177458025,0.00046407382740116,0.0020712221274696
"KDM4B",16.3762236968114,1.38703143832512,0.504793281600384,0.00207849699891927,0.00775642471202973
"TUBA4A",430.685835274175,-2.60044586955988,0.110144093890693,4.12943847481575e-124,7.21344948765284e-122
"AAMP",138.250214511099,-0.97233249908819,0.192163554490616,2.40690060828745e-07,1.99251520062188e-06
"RNF6",246.437221527145,0.990006616051963,0.14051663376451,1.09562731356596e-12,1.55712223761176e-11
"ECHS1",113.047818423191,-1.81183440904957,0.211571246035053,2.71253459559818e-18,5.58701155511268e-17
"PTPN12",102.254442591502,0.811917494074884,0.20804045705457,6.5312581511346e-05,0.000356532288313518
"POR",33.1028291339051,-1.38511714160827,0.348682858565379,2.48246299758637e-05,0.000147536560580068
"STYXL1",43.1351551285468,-0.752485942794915,0.307505850563538,0.00988727980950208,0.0296167704300258
"STEAP4",7.78433409150999,-3.92871982572491,0.987757083109785,9.94040899362661e-06,6.32738210848926e-05
"GNAI1",14.4709185303011,-1.32327415720439,0.503250682443978,0.00299105278159001,0.0107017185340789
"RBM48",39.4859453088526,1.32246388300481,0.422120736062642,0.000707613746065167,0.00300926647016928
"ZFP36",1761.97651687969,2.73406599402148,0.0818225341463577,1.38145255693872e-245,6.8085876020551e-243
"SRD5A3",7.57785336818383,-2.45494778333299,0.804300226315842,0.000284500554090481,0.00133495669719437
"PAICS",29.7696253293548,-2.07183028962704,0.396461024726111,3.29479000670505e-08,3.07216906030606e-07
"ADM2",38.3050693110987,5.38423232653276,0.757056495649015,1.05367246644846e-12,1.50058617512784e-11
"DGCR6L",12.5842665463209,-1.96069084636184,0.950419285219794,0.00535414120655844,0.0176848129848029
"DGCR8",28.1298816024268,1.00955155643394,0.381143280480846,0.00431054605129723,0.0147241424524509
"SDF2L1",31.3247314449763,-1.58410128933752,0.496847857160128,0.000380729611339763,0.00173287224158599
"YWHAH",139.570801538965,0.443229665022478,0.171401988179531,0.00869617394931717,0.0266801246110665
"ATF4",1796.28864451088,1.96508200351739,0.0836097504350749,8.87699590776056e-123,1.51237708058143e-120
"BAIAP2L2",11.514648067698,1.93292652273483,0.674815121182743,0.000870625157093329,0.00360907995430698
"TST",13.0103016833721,-2.67863546779677,0.654893559005449,5.3613718340279e-06,3.58290224259492e-05
"RAC2",32.3233111393882,-1.01054107378981,0.333005713859684,0.00127955146654129,0.00508431046307797
"LIF",60.6964031188396,5.02141191433565,0.584823920393934,6.63803772862336e-18,1.34318065476543e-16
"KRT17",6494.1287392964,-4.5826510605387,0.0709619697014629,0,0
"EMC4",49.9000376369627,-0.998811130623751,0.273899244317979,0.000145842166235837,0.000732128735560038
"RNF112",8.03636027617995,1.98048510033016,1.03031473996555,0.0115669152232273,0.0338759401698932
"CPA4",600.783754582484,1.1011952714281,0.111105841805343,1.46425805368142e-23,3.95435638763281e-22
"DOCK4",11.9655124482736,1.89747682487084,0.748571986751292,0.00259444671639492,0.00944430616888681
"ATP6V1F",390.870560255397,-1.90083322639386,0.155079639257544,3.54194622260471e-35,1.50396485759831e-33
"VGF",109.507471147406,6.33590608186502,0.955438504663005,1.58715062880058e-10,1.88005825557494e-09
"FLNC",135.099767436047,9.7024275090505,2.48216794659476,2.02217261737657e-14,3.33803613873165e-13
"IRF5",20.1466194777551,1.44587472561469,0.46020382610408,0.000564117602422397,0.0024682380828881
"MRPS12",26.9605015348895,-1.03603969695367,0.380448303492083,0.00325403707794663,0.0115231490058156
"MYO1B",67.0695991676758,-0.800607513626367,0.233452557986544,0.00040652466840618,0.00183996078189744
"MTX2",59.271657810676,-0.863362431341712,0.280089789206952,0.00128084985719352,0.00508691241653444
"HAT1",18.6046799643944,-1.00723105186551,0.46594936822202,0.0154252808740007,0.0430995902128385
"INO80",109.024237546205,1.43039351080192,0.258755898168576,1.26509730951548e-08,1.25419129822655e-07
"DUT",19.515862425725,-1.43876156454532,0.452005873752471,0.000465311245973853,0.00207607345439352
"CHAC1",71.8946800886057,4.3283587105408,0.394708587107999,1.47488146195593e-28,4.92817534503433e-27
"ARPP19",118.847728447454,0.775601032895329,0.189630256060061,3.09457147079967e-05,0.000180613662247417
"PSMA1",85.7405218084644,-0.64941524458581,0.213432902573711,0.00180334987928211,0.0068803506591355
"SUMF2",31.4715484073851,-2.80006574210158,0.408998319242168,1.00908396217869e-12,1.44154851739813e-11
"SPCS3",34.7822934361763,-1.03662591992221,0.336630225183233,0.00107040824890979,0.00433694475483121
"BBOX1",21.9644889678692,-10.0800621730239,2.99561662480219,1.22970781565199e-12,1.74588146666641e-11
"RPAIN",44.4347564572815,0.80557277313471,0.34116399587615,0.0120988261471518,0.035187313136079
"CD68",72.0574955193933,-1.45260462798198,0.272624453285746,3.39029164947177e-08,3.15057405809498e-07
"TXNDC17",38.2168065681888,-2.48063896239247,0.375111906765867,5.52674130966363e-12,7.45542815966355e-11
"FXR2",124.379273195824,1.18303166971763,0.197801577020632,1.05918513402247e-09,1.1721535564964e-08
"KIF1C",107.210156035289,-0.915526302594356,0.190502111246524,9.41997749281469e-07,7.0954113886855e-06
"MPDU1",50.1085570351597,-1.33624349733946,0.300268567529934,3.3056370989656e-06,2.29004979747617e-05
"CCNT1",51.0018935389186,0.710203408082717,0.293163493174288,0.0112260369948922,0.0330247943998109
"SLC44A2",70.3470793299895,-1.38959204648194,0.241437210701465,3.20375931523002e-09,3.39048148390907e-08
"AP1M2",72.5352868431062,-1.91327334806372,0.270693174053378,3.47746503728536e-13,5.22756182075576e-12
"CDKN2D",36.7048908327757,1.28936277086824,0.364140671190719,0.000160785747910087,0.000800737394860774
"KLK10",126.88080843046,-2.55636905203027,0.21048944352398,9.24654553251097e-35,3.89031488867839e-33
"KLK8",81.8839992453717,-3.39390009296044,0.358391489597978,2.94445037140382e-22,7.59503086455566e-21
"NGDN",100.008936536303,1.2033200519549,0.256017422073691,1.21780947784099e-06,9.01102316585434e-06
"ADCY4",2.18123297551063,3.00896797737662,2.84854331938697,0.00996333927804527,0.0298251804852548
"RAB2B",55.7467967679323,1.23087582765734,0.336207018383594,0.00011281634813048,0.00058222348698602
"BCL2L2",102.088601648814,0.661335771289273,0.208825692218815,0.00118035608344211,0.00472964981170183
"AJUBA",60.9892858508174,-0.674469445989676,0.245458619329051,0.00449382378503876,0.015240788457492
"HEATR5A",6.08572981200926,-1.46711370798041,0.82011339171771,0.017799573498358,0.048410349680201
"NEDD8",83.2271208702753,-1.62651832541447,0.233021281884224,8.56387965023782e-13,1.22977668234424e-11
"DAD1",233.069079873816,-1.09346420425235,0.16370708691213,1.18693297642402e-11,1.5481734475096e-10
"TEP1",28.8587033607713,1.32517059168809,0.428790105689392,0.000784144733181979,0.00329011776160271
"REEP5",68.0972763566261,-0.82785345441312,0.237170278190008,0.000315711594077162,0.00146399678880387
"SEC14L1",64.5836636363481,0.666106615256673,0.272434867478358,0.0110532256605437,0.0325998106679854
"RHBDF2",37.3334163266938,1.49690883751989,0.355938022932326,8.72059447022094e-06,5.61568845959165e-05
"ASH2L",14.5558581619515,-1.12477066951668,0.492494773107579,0.00968093389360582,0.0290933988962893
"RPS4Y1",315.435105092455,-1.42542445694525,0.148890232989703,3.72477061465667e-22,9.57203621643614e-21
"TMEM8A",31.2329612512619,1.80761789668342,0.400830393066624,1.69496722577963e-06,1.22143852301613e-05
"ABHD17A",28.1007972360135,1.01207836925096,0.394045153035569,0.00540779180547773,0.0178406710293073
"PHF10",33.6212055386007,1.11325866473633,0.377751565314518,0.00151277456358885,0.00590225868745437
"STARD8",3.04904730448468,2.64802031715896,2.45376919430766,0.0118783818710744,0.0346264617281003
"FAM155B",6.19641850780919,-1.49384158334941,0.83938131936749,0.0176477050639621,0.0481015859930234
"GDPD2",6.64784829906357,-3.88557591515182,1.16226985391009,7.80934352252165e-05,0.00041852015771184
"SAT1",3128.29705008032,1.56492162856012,0.055202997874646,2.67849925098619e-177,8.80078325324033e-175
"DOCK6",76.8473691920914,1.19191172219683,0.294640001449184,2.46850893779128e-05,0.000146770458171132
"LDLR",126.630916817056,0.63304148852859,0.176216333568661,0.000262460617681494,0.00124039606986459
"CDC16",65.453857855517,0.897137177002436,0.264403001329472,0.000428187047442983,0.00192845880014974
"APOE",69.5731808529901,-3.22234496942475,0.356803276824349,1.82888099529883e-20,4.22049460453576e-19
"GADD45G",35.2940352281332,1.94989896704715,0.687681176844154,0.00115943852401186,0.00465800629734021
"XPO7",36.4295179323845,-0.754296158335891,0.31803985652168,0.0120386365481406,0.0350270260097702
"SAFB2",106.418813381147,1.36985740697344,0.268064208502989,1.31737376573497e-07,1.1334013695226e-06
"RPL36",295.746269534186,-2.61133947193022,0.165269669162529,3.80687618126243e-57,2.60073719313968e-55
"KIF1A",5.41211150982991,3.96640029934208,2.33601079802579,0.00149982790371314,0.00586002974836958
"MRPL34",30.2610554942694,-1.53880387921171,0.39077742584399,2.43153514299506e-05,0.000144759210411268
"PGLS",33.0471888280889,-0.852531531140788,0.361840367642639,0.0112868633823339,0.0331966570068644
"SNX9",197.205500783769,2.60673378337257,0.184542974972052,5.25399179166037e-46,2.88864887350252e-44
"MTRES1",9.61016432189768,-1.29269414721189,0.680131406417697,0.0182846635033269,0.0494664489993945
"AFDN",194.493543254606,1.24900841762802,0.175833225528483,5.84726395139508e-13,8.61176547804184e-12
"ACTN4",331.521979275488,-1.21886329203471,0.114676060281467,9.94857670399942e-27,3.1344830711231e-25
"ZSWIM6",92.4565819438828,1.77859251289672,0.305149354825556,1.65827889855739e-09,1.80332929866761e-08
"MAP1S",99.7016298359097,4.22227169966212,0.447554157746923,1.66352429698179e-21,4.13633068438715e-20
"LSM4",55.6624416714536,-1.8463529124071,0.2884065493536,3.57829279405915e-11,4.48098371669839e-10
"CRB3",163.162918712064,1.05340267544674,0.199411376882475,6.910989503001e-08,6.18894582358299e-07
"ZBTB46",6.91786457670804,5.05459339226659,2.35214656082267,0.000138636015224208,0.000699260603104558
"HELZ2",16.2583274692557,1.0864842167935,0.496432780255898,0.0133345664398985,0.03817780433
"TNNI2",6.97313167790195,-4.96735452263062,1.48712014609348,4.83850823955801e-05,0.00027153889266328
"ZNF337",35.2605058308688,1.04868901117203,0.356044107952122,0.00167353034505715,0.00644923729734394
"TAF4",11.1879168797484,1.33948456128303,0.695518868639044,0.0182329255994857,0.0493428066914945
"LAMA5",36.4824265465529,1.15351940536235,0.333754004804567,0.000257669010592059,0.00122193551414791
"ADRM1",135.358987473718,-0.572888601785545,0.174002418063971,0.000811573601291268,0.0033876937984935
"ASS1",94.5832052679013,1.27478217499884,0.251438012693033,1.96176241761811e-07,1.65377650355101e-06
"PRRC2B",142.17618232286,0.959433870150223,0.196521771830345,6.33362617029858e-07,4.91586283184029e-06
"CHMP2A",148.519739199513,-1.14509374676316,0.172013839495176,1.40604898869223e-11,1.82021351256593e-10
"TRIM28",122.88964597728,-0.959693262415744,0.1969717856943,6.45855906974643e-07,5.00157773078006e-06
"YIPF2",46.7617572689442,-0.630411880866013,0.279285275984347,0.0184325174373279,0.0498078599246377
"TMEM160",13.9669100169844,-1.68149559599014,0.819162884847782,0.00768505126169541,0.0240430078012688
"ZC3H4",48.0000154793329,1.12698544568699,0.383191733476605,0.00159297375394693,0.00617327655278508
"MAP3K10",22.991921249672,1.12825594442881,0.468654196221332,0.00732305711051347,0.0230884597041549
"ARHGEF16",21.7027861246093,1.43371719562189,0.475762042999036,0.000854467094270537,0.00354742656466108
"SESN2",252.144464724777,2.58429769102671,0.189434728792154,4.28384186241233e-43,2.20585886945113e-41
"ATP5IF1",109.148354528273,-1.62534066305326,0.207167101871479,1.26124705613066e-15,2.25456079981905e-14
"CLIP1",103.811287279052,-0.777091517106747,0.203979594855765,9.36649389772694e-05,0.000493349678582564
"HIP1R",79.8122423723926,1.14306995078747,0.24825619450168,2.05092961633423e-06,1.46041427788506e-05
"ZNF317",115.408067409693,0.985813960730394,0.231775224035486,1.23864466436279e-05,7.75206184499162e-05
"EIF3G",182.629912562526,0.486462264485356,0.180196134739189,0.00604303579238152,0.0195852263820726
"SHFL",4.69377234737054,-1.69364074486361,1.03072976438982,0.0168763660187292,0.0463285957944029
"ZNF426",45.6167925776059,1.49573578602862,0.369958264356645,1.85106849721123e-05,0.000112383393143489
"SLC6A8",72.475932508773,1.73798216228902,0.282495332316935,2.20662957875676e-10,2.58282342551682e-09
"PNCK",5.13303386559368,4.24860190411626,2.36594025940433,0.000972860313638371,0.00398111595050772
"DKC1",50.8188990482039,-0.718416048585487,0.274985756806004,0.00642489041477636,0.0206338114321419
"PLXNA3",58.4559754926074,3.74433438971887,0.39602502642495,7.14329794444126e-22,1.7988597013374e-20
"ZNF236",26.343823393028,1.49075610424847,0.466528538594729,0.000466986549750555,0.0020808570831636
"C12orf65",9.78146042251,1.27411023462913,0.644926141857296,0.0172244362648292,0.0471527912030634
"PPIL4",160.403035892664,1.29435385252231,0.202862969032629,7.83542084662673e-11,9.53516822605369e-10
"LATS1",30.5432768433359,0.933181624427473,0.392483288166344,0.0100532041583071,0.0300550730902595
"EPS8L1",73.7464273413699,0.716529136083466,0.240410561234325,0.00211606942096444,0.00787321596368545
"RBM39",477.657883331457,1.46723652547824,0.149140532310712,3.10762929258673e-23,8.29502596473828e-22
"GGT7",40.0594906666127,1.83073689945814,0.392424150191017,8.11781276319864e-07,6.17222127449814e-06
"ACSS2",31.6755387155397,-1.2124513378732,0.36808969518719,0.000417709210977913,0.00188501867609392
"ATP6V1E1",141.56054797562,-0.61847588838668,0.171739354536412,0.000250916049849196,0.00119154903231896
"ZNF227",21.2839371922906,1.62264194826783,0.482837617027843,0.000224135140952108,0.00107622301501012
"COX4I1",117.995913540468,-1.11652917894883,0.191379187894873,2.69736990219861e-09,2.86556617785533e-08
"GSE1",43.5684201213737,1.57366122572723,0.332056923237869,6.81333206674113e-07,5.24394771450238e-06
"SH3BGRL",21.8635575283455,-3.81070776586441,0.553554158451582,6.59783589586836e-13,9.66574550412248e-12
"COX7B",120.518765321442,-1.36319997913506,0.209964010215756,3.20760692642625e-11,4.0461586457662e-10
"NFATC1",10.0158001835791,2.2478626582846,0.991599429797737,0.00508933145113835,0.0169458667017503
"GJA9",1.99147844638841,-2.32399589771984,2.09443294449438,0.0154215522015761,0.0430978980116951
"CAP1",348.103466525417,-1.15652038182297,0.111373697469715,1.41071317127602e-25,4.15979524863442e-24
"PPT1",24.2191478922377,-1.37129673800274,0.401895895167243,0.000225864925006734,0.001083774674928
"RLIM",78.4656070512469,1.1446327142198,0.276708705099093,1.76033951749509e-05,0.000107299846914453
"TRAF3",22.751484216203,1.33266395021288,0.471575385255662,0.00178252203288973,0.00681218611295439
"PDLIM4",87.4199793408079,1.45988912063676,0.257286819430048,4.2468736120803e-09,4.45340849898998e-08
"TUBG1",55.5909141413456,-1.01020621484446,0.283465255460139,0.000196059236835344,0.000957401793463463
"RPL27",648.537956125898,-1.39741354426802,0.0811968469958449,8.81926698360611e-67,7.33167978155207e-65
"AOC3",46.5352173090938,2.92283343137628,0.766424662023471,4.57975129646724e-05,0.00025838335196749
"ACLY",138.166309480067,-1.19146998591558,0.166888712470642,4.35351459722877e-13,6.46005391846849e-12
"VPS25",59.4928010829781,-1.3474189899166,0.277115019973908,4.38936678680028e-07,3.49326768499676e-06
"AOC2",81.5344047661117,2.81777978781768,0.470799013472683,6.49642441504981e-10,7.34841450226945e-09
"NDUFA2",44.5192466284892,-2.7569816022045,0.345032969658192,1.8225433039821e-16,3.40800780419417e-15
"UBE2D2",109.709775659462,0.729697374018362,0.1953030317508,0.000137468157211369,0.000694131199969591
"EXOC4",13.6635758870316,-2.39365760696013,0.580788752243937,5.58222231221861e-06,3.71968459240062e-05
"ACAP3",49.1905637999383,1.38701256108462,0.312177224713187,3.35290975624607e-06,2.32163344888087e-05
"ANO1",9.0538523318636,1.6172183786061,0.736269964904448,0.00705003200934085,0.0223810539979075
"PPFIA1",56.7641391391657,1.32384722998709,0.295753204689206,3.12379505803069e-06,2.16952047311643e-05
"THOC6",663.334593582993,4.58786804371988,0.233323132225685,2.4246057514181e-86,2.59376429221471e-84
"NINJ1",16.8853561896502,-1.71622823175844,0.531206144612416,0.000299890328575593,0.00139786390608355
"MAP1B",57.1165870105098,4.57671819982387,0.476609958080409,3.10127146527945e-22,7.98461683224932e-21
"WDR44",47.8691098029742,1.0046941163073,0.306453790938787,0.000576599685744392,0.00251170317653807
"TNS4",129.865234439746,-3.99523773572439,0.239759458819505,3.06597912245581e-63,2.41774353656515e-61
"TOP2A",10.4874811792057,-4.25886495362063,0.901627294964085,4.66328532810877e-07,3.70059445243824e-06
"RARA",40.5432340694708,1.05778397486909,0.449670600123508,0.0094851248315466,0.0286296418799963
"PEX11B",30.2873188287504,-1.57153217413093,0.45178790087604,0.000139347201323367,0.000702077903710284
"PIAS3",52.1994076432461,-1.57069671524615,0.286921933197445,1.3404746849639e-08,1.32701224192983e-07
"PRKAB2",84.5077357282206,0.961575352910671,0.245478877000951,5.30264795547533e-05,0.000294947770195726
"MCCC2",24.8519386743984,-0.908004310874359,0.384802926038325,0.0105333899478133,0.0312805640800135
"SELENOS",62.1213911358527,1.08660123131422,0.252151689062014,8.5540926603831e-06,5.52910907322186e-05
"THAP1",89.0758390747104,2.15211283757549,0.301896571754447,2.53995488841903e-13,3.87308038234062e-12
"RHPN2",13.4170980099947,1.85959938969603,0.598492053053289,0.000432231634878606,0.00194419705388682
"C19orf12",11.0146078209435,1.48158171448666,0.630267540755026,0.00547910426907156,0.0180429260704631
"ACTR10",42.2323087282165,-0.914857496219254,0.304133177799469,0.00154176958169958,0.00599842690370856
"LGALS3",289.399496822594,-1.52468011165813,0.134729584723034,3.55836821897319e-30,1.25589466551995e-28
"DNAJB1",4292.36212088708,3.31591977249476,0.0698098086582221,0,0
"ZSWIM4",72.0594455249459,2.00728730582579,0.357766405103682,5.37562394968713e-09,5.56516207844579e-08
"SLC6A11",4.5361757882924,-1.83771782819275,1.03253707520471,0.0115657373332518,0.0338759401698932
"ARFIP2",103.498892443496,1.04865087834705,0.224964602456374,1.73131919821571e-06,1.24503412899306e-05
"TRIM22",9.88256687659629,-3.2669383866913,0.785501190848058,3.95940923583016e-06,2.70093165864835e-05
"EFR3A",39.3855708125871,-0.697205966829884,0.309348972270143,0.0174513189989388,0.0476604397754513
"IMMT",41.4865003850977,-1.86651683438758,0.332969860009527,4.63825757355877e-09,4.83078902000838e-08
"ILKAP",33.1871913757887,1.19615545818675,0.379594019506321,0.000754167122110382,0.00318175062217159
"PER2",25.5253212274699,1.94050133566331,0.607347131106075,0.000373837917717131,0.00170375272935813
"RAN",211.180530050391,-0.378447466643949,0.142101267316961,0.00707850131103361,0.0224515521506274
"RAP1GAP2",33.5037301684987,0.952662241293206,0.361789321784623,0.00480848058703382,0.0161767508778807
"RPA1",29.4211006529183,-1.41445363984737,0.360306731433609,2.93286378442476e-05,0.0001716434275872
"TBC1D14",45.3348254191145,-1.35776410552991,0.312623081677574,5.15296584599308e-06,3.45366336448298e-05
"COQ3",25.4550020800226,-1.40665441767751,0.450566373142227,0.000597986899972518,0.00259667061662075
"PNISR",151.782828444465,0.754799494280757,0.191386363117482,5.78289531747172e-05,0.000320240591416973
"UTP3",184.370850530767,0.714964496531938,0.165758042572868,1.16772589786178e-05,7.33482812493974e-05
"ITGB4",117.40269245616,-0.500496215208028,0.180489805181781,0.00476791605474642,0.0160520228239816
"H3F3B",433.207032057594,0.282927988068347,0.102886715923868,0.00564408937703189,0.0184964220857374
"TRIM47",11.248366321949,2.3638552070787,0.751096960171179,0.000258165245233211,0.0012234479341409
"EIF5A",470.866147845446,-0.885759983290468,0.105622221892773,3.2295404429934e-17,6.35772583642068e-16
"KDM6B",345.721410659256,2.88922172234056,0.20312663901733,1.52295323467009e-46,8.4067018553789e-45
"RIDA",10.2205078878864,-4.25395069634171,0.938026645787831,7.16208924512823e-07,5.48484082035347e-06
"ERAL1",61.0719171468973,-0.866869648862189,0.275655117653136,0.00104084071027284,0.00422872375509063
"ANKEF1",6.973131108265,-1.52343326985501,0.75534004773192,0.0106618906200048,0.0316077530732689
"PCED1A",27.3992473109264,0.910220698916401,0.406807223197703,0.0146787813104701,0.0413571216995686
"PCNA",59.0392980538405,-2.85537596781233,0.286123977866929,2.57205802586689e-24,7.09888015139263e-23
"RIN2",5.45362162330247,-2.25207615746936,0.920790774909658,0.00191720113230876,0.00725455871287658
"KHDC4",181.700996724246,1.11353849836557,0.1850171937335,8.37681862558457e-10,9.36033174356819e-09
"ARHGEF11",20.3637602991965,1.25242882648358,0.46171241936317,0.00269746740037847,0.00978319319979576
"RAB25",170.284905372624,-2.76806481819812,0.175159210496891,3.61450552007927e-57,2.48160080483054e-55
"DCAF8",176.171900790026,0.520308468014138,0.191661661136882,0.00565422035752679,0.0185076472803296
"ALDH3B2",96.402839666289,-4.16105611291854,0.279873543648747,7.3975778877124e-51,4.43854673262744e-49
"RBM38",29.631729658544,2.42871428481431,0.516642436971172,4.44716770215948e-07,3.53519091531111e-06
"OSER1",179.482561923587,1.53090277622324,0.19578374722194,1.86599990054999e-15,3.3098712888933e-14
"AP3B1",24.311926379567,-1.16506232276926,0.390703718110521,0.00125569577672547,0.00500392772706077
"PATJ",44.6408831420576,0.88587411244351,0.301368076723403,0.00205908827179908,0.00769856899236719
"CASP9",9.68127306768437,1.64326452828749,0.813165042659353,0.0110492204723539,0.0325949641980513
"ZMYM5",46.7913264185993,1.20692986920678,0.334193666282111,0.000137170969902391,0.00069288410858455
"USPL1",38.8878762917895,0.893160074266673,0.356968565684008,0.00752577197120111,0.0236304102850001
"POMP",231.580277973749,-0.451702653502519,0.161481700066004,0.00450290732438899,0.0152640926250474
"CDK8",44.3763126123119,0.892189866729299,0.309440199551476,0.00240115289387605,0.00881697348852726
"PEMT",10.9650603910896,-2.90254926052018,0.771327414769261,1.83264888967926e-05,0.000111363076519479
"CHI3L1",4.6780967240731,-2.68075878304566,1.23713104773731,0.00369874718542627,0.0128755994565298
"PIK3C2B",8.20985746060205,-2.13015925756027,0.73192962204093,0.0005783804875124,0.00251787089200982
"SLC41A1",88.2469834780314,1.2086380348659,0.280278399271846,7.6456265519631e-06,4.97921880212793e-05
"CCNA1",19.0096731118266,5.96217286171496,1.07627770007758,2.60658852902351e-08,2.46714140607164e-07
"SPART",47.3238335050404,1.0330248788044,0.307171582977785,0.000409134066077898,0.00185116397110655
"TPT1",1273.06042448469,-0.691416325276665,0.0634714312926289,8.44797095006625e-28,2.76916862496233e-26
"TCEAL4",114.569404186904,-1.12552993983818,0.199331513813678,8.03029013956432e-09,8.20266498341877e-08
"SLC39A11",5.0793684035341,-2.02141133969962,0.97430475847696,0.00528645369504509,0.0174905444717387
"SRRM1",84.9678197247834,0.848777329822232,0.270813095385361,0.00112427732567219,0.00453125791304796
"HSPBP1",43.8056993494021,-1.72165963413396,0.330510296827588,4.89978656352857e-08,4.45728771105434e-07
"MACROD1",4.6926530130957,-1.72637731155463,1.06912250353598,0.0170167154701311,0.046648922027773
"WDR74",100.03301553341,1.94669797495442,0.263576589492423,4.10428411580391e-14,6.63221555012809e-13
"FOPNL",72.8954444237721,0.557920809275856,0.240546682814263,0.0167965804125649,0.0461687636153317
"MED10",257.467587287167,2.11831193337906,0.15931743345887,5.87060806960205e-41,2.90374162582467e-39
"PDZD2",11.8405843986832,-1.47701825150819,0.598079848331389,0.00391121812223354,0.0135105907601559
"C1QTNF6",10.5064674068014,-1.95887859731969,0.641790679029586,0.0004172208821389,0.00188343087128453
"C12orf29",21.3048431712501,-0.985339296403027,0.419507156666956,0.0098309351128767,0.0294607827486859
"ATP13A3",103.390829091269,1.75161802458699,0.254780475957807,1.86493897298407e-12,2.59961190173537e-11
"TMEM254",33.9798242763203,-2.63719168135462,0.382327289236407,7.54550766356913e-13,1.09493171143275e-11
"KRAS",63.32575345319,1.18514949425879,0.2561649212826,1.75071466394969e-06,1.25832616471384e-05
"IPO8",15.6240541714888,-1.06911073766537,0.473952141477851,0.0111866739007196,0.0329292868953946
"LARS",57.7945201387372,-0.655377664327629,0.248000858700093,0.00625743086020377,0.0201711155970128
"SPINK5",245.349061031106,-3.55072315756662,0.176463985579778,5.72121213623701e-91,6.74809636581801e-89
"IMPA1",21.4877168882235,1.14435296047241,0.439929749147218,0.00418471828593921,0.0143440418146948
"ARNTL",63.4297811500794,1.93548869646677,0.32025630778425,3.86140422996666e-10,4.42954101193183e-09
"RRAS2",74.1884936083244,1.31287148691159,0.264276761942805,2.77497023519725e-07,2.28079745358678e-06
"HSD17B4",19.5646144535475,-2.87014051968223,0.506503180643245,1.86007291818687e-09,2.00852944217362e-08
"ZFC3H1",123.440472013573,1.55831395414232,0.217537972668444,2.75384700668315e-13,4.17616359255246e-12
"SARAF",236.405569446641,-0.338184375544475,0.142997923961062,0.0167716291756248,0.0461266744689466
"MEN1",31.3758012656306,0.761548903249663,0.342441788526946,0.0178133718060728,0.0484383312165132
"ERG28",50.1329020277942,-1.86497607587929,0.344999765435937,1.4493155944327e-08,1.42657312433461e-07
"NUMB",121.277065100797,1.2566416070867,0.20390481541252,3.20181507212226e-10,3.70059028436241e-09
"COX16",56.9119187376527,-0.839648095018884,0.373945912981057,0.0152190757872203,0.0426097070123028
"TTC9",16.1287366206048,1.107725478547,0.51501865201107,0.0141399088753742,0.0400679142669742
"CCNB1",34.1851460308589,-2.6845930354421,0.396050433633705,1.82722776260201e-12,2.54962013386327e-11
"CDK7",196.752492353132,0.714866645664005,0.163152689346073,9.0126274161177e-06,5.78397501748828e-05
"CAMK1",8.34333605487953,2.47726297236868,0.972194712161037,0.00156795943079548,0.00609001974246486
"VHL",48.9252663837525,1.138386846121,0.309607883255653,0.000114246314564463,0.000588683283815166
"BHLHE40",353.524083531665,1.13022295856659,0.109543406378782,3.0229316469967e-25,8.70907238591951e-24
"EMC7",102.291317055,-1.36870344828125,0.246769804801834,1.09486747997591e-08,1.0940746722424e-07
"PRPF38B",107.057725764284,1.42462932824687,0.231194050681202,2.78674904269046e-10,3.2344101588838e-09
"VAV3",6.44933009665591,-3.74013259386092,1.02928768117222,3.54018659671066e-05,0.000203391236613685
"SORT1",15.8287012333528,-1.45128928975688,0.504656513596629,0.00123516151024623,0.00493064184014983
"PTGFRN",57.532357092491,-1.56233236947543,0.256792007014904,3.57546472616703e-10,4.11178443509208e-09
"SPIRE1",46.6044996251787,1.30467215293596,0.303991740655703,7.27959391408095e-06,4.76331891959777e-05
"FKBP11",17.9364822953006,1.18592000819689,0.548397443651946,0.0128368510173873,0.0369567059598899
"YWHAQ",343.842481043148,-0.769111955212825,0.114377945534229,1.25271509955376e-11,1.63243327420603e-10
"GRHL1",115.774779000812,-1.7333990757866,0.194872932584159,1.58203409614886e-19,3.51563132477524e-18
"ROCK2",35.9167656137835,1.7513765599718,0.364211688097294,4.17169072906865e-07,3.33155856835343e-06
"LPIN1",41.1807049917985,1.83648573358449,0.372782075425561,2.23855573219531e-07,1.86659027820515e-06
"LDHA",417.370198384517,-0.832436737082098,0.101571747683789,1.56487975767345e-16,2.94615834323241e-15
"IL6ST",91.4945502589435,1.83157131849539,0.261065965827624,6.38037323052017e-13,9.36693091289132e-12
"FST",21.5195435152209,-2.4049349223341,0.519860437264886,5.86839093956176e-07,4.58312365398711e-06
"CDC73",29.8709305722085,1.02749223252429,0.37458984192131,0.00320262927407326,0.011352757252045
"RPS15A",124.62611496119,-1.97135881731431,0.189676170602416,6.05795294664529e-26,1.81344361526475e-24
"NARS",153.311781718846,-0.60231575786863,0.167508934096172,0.000261429256375141,0.00123679250530578
"ECHDC3",14.6656032547252,1.52647207883067,0.645646175858149,0.00502999723831745,0.0167991195277785
"RTL8C",107.012819259306,-0.976687128380666,0.192720371955507,2.2994745394933e-07,1.91046048434724e-06
"PUM1",274.086553776179,1.14273527867968,0.155909854746951,1.22069851118194e-13,1.89917017523234e-12
"YARS",104.735449008324,0.647018373036741,0.218522458103229,0.00238411509989935,0.00875719680026912
"PHC2",36.6374715362448,0.973848235667229,0.332911062274164,0.00194957311845446,0.00735486851685938
"AGO4",18.4757525226736,1.34065078180763,0.482523906332099,0.00198449726706049,0.00745401804176231
"CYP2J2",3.43524534761842,-2.87546605181503,1.47005204768693,0.00420156162751628,0.0143946252382633
"DSG3",380.118809671486,-3.76286248402428,0.139202801656639,6.96684828344795e-162,2.00296888149129e-159
"RNF138",23.4699694231483,1.24082392843914,0.459961825489668,0.00283217772261643,0.0101967264732864
"DSG1",359.561180357491,-5.78214245676003,0.216023392996942,1.56339203606346e-158,3.92269274503195e-156
"DSC3",152.279568775826,-2.45861278519549,0.178337628419295,4.84257604145814e-44,2.56044250467902e-42
"DSC1",328.14133421573,-5.76310742747027,0.213164843766096,1.44109955381659e-161,4.05860690666714e-159
"TPGS2",14.0586730953779,-1.25241035292946,0.504939616881075,0.00491514316654846,0.0164793429782237
"DHX34",114.770945146159,2.10187247250662,0.299702111257771,5.97010763097382e-13,8.77396009663884e-12
"TMEM258",26.4462534155143,-1.49121933816837,0.404577663349215,7.02805715794925e-05,0.000380192821558995
"TCN1",4.58783945211808,-3.18027747276616,1.43029291282258,0.00308248164002209,0.0109889554720498
"UBAC2",32.5333749792616,-1.27175247320645,0.339967304005227,7.25923041455208e-05,0.000391623845663873
"ARGLU1",262.311439200151,0.618550418944927,0.158364227976897,7.56195621133453e-05,0.000406366805749285
"CARS2",30.8029141706711,0.991552850923287,0.361858429141485,0.00336913599595167,0.0118667883471498
"ETS1",80.9767407994128,2.50555226124692,0.269975139502391,3.30504211542123e-21,8.07249224651557e-20
"SLC37A2",22.5595675800998,-1.1173408613325,0.424049504393779,0.00382759747227318,0.0132582442563679
"OSTF1",93.751231552627,-0.849942903785296,0.247539164125863,0.000381337195260002,0.00173506537902672
"UBQLN1",290.365419058804,0.659303446903168,0.13968559085169,1.89463182224499e-06,1.35471083663114e-05
"ANXA1",1508.50418107366,0.963407238774767,0.0672109088831541,8.40047529337555e-47,4.67445802615253e-45
"CTSL",171.294790585166,-1.4730257554544,0.175155811862183,1.39830387506123e-17,2.79660775012247e-16
"CEMIP2",88.0550697425935,2.03715508112182,0.288097822593539,3.90001588349833e-13,5.83100966330195e-12
"PSAT1",76.8029710539648,0.531961467941812,0.231729912129183,0.018300239834072,0.0494988846942754
"MSI1",6.55689049663348,6.19227727334437,2.45769864739744,9.50226531049643e-06,6.07370362597734e-05
"OASL",20.6595270082043,-1.75669680539968,0.554537607708775,0.000372515484225331,0.00169828664760805
"DMTF1",56.8670252562842,1.61746435205883,0.299182262524425,2.01684260593613e-08,1.94904957716517e-07
"CD36",2.37496714571595,-3.17244411221207,2.13573016078842,0.00622505994806857,0.0200902308894636
"KCP",3.10500951059995,3.17594742851171,2.50207005985727,0.00667730912383294,0.0213500616100312
"TES",139.035395897226,1.1850754146804,0.181273657017772,2.97013263247233e-11,3.75346431576174e-10
"NT5E",17.8019298115289,-1.54983542491139,0.508462595455015,0.00065305206809271,0.00280576542331239
"AKIRIN2",198.664849048335,0.97001654053103,0.17149367802068,9.07549506650092e-09,9.18868906219462e-08
"ORC3",10.2720400613663,-2.45193932027329,0.710820319677176,7.53232435863402e-05,0.000404932123681922
"PHF21A",28.1531572349022,1.898234423582,0.431931660400989,2.69922372689161e-06,1.88890909894038e-05
"EHF",133.780238118377,-1.78924236829562,0.219850542514068,1.05244703385268e-16,2.00327849202303e-15
"PRRG4",28.2964125195225,-1.77009935504175,0.376240079659069,6.20825326981207e-07,4.82669831681164e-06
"CAPRIN1",78.7669043418983,-0.746981538653416,0.21421377575475,0.000345933058729373,0.00158917317259166
"ATP5MC2",68.3881834570753,-2.0141393550177,0.26022446635456,2.08028897667672e-15,3.68051126642804e-14
"CD63",409.378695911287,0.712696278391713,0.106149189524163,1.39793794203976e-11,1.8114125446149e-10
"ITGA7",10.8150420803329,2.44615371614959,1.11669440770322,0.00677149560593646,0.0215911828470247
"BLOC1S1",37.421216831286,-0.810515469404212,0.354728446511322,0.0142973444747492,0.0404475919949854
"ESPL1",18.1864467773491,1.25778131550257,0.620521558667803,0.0166436379822554,0.0458264573334248
"HNRNPA1",286.901353303394,-0.49124830043614,0.136989598910059,0.000295384946405822,0.00137899602855221
"OS9",90.090174963389,-1.17892928189056,0.22954093239829,1.30266545384646e-07,1.12149527522449e-06
"LTV1",96.3531862612705,0.547287757030595,0.22248899917944,0.0115950617762411,0.0339439653186523
"SMPD2",14.6175192375219,-1.49469014478302,0.575196515670161,0.00261257095372234,0.00950777404044521
"MICAL1",92.965161587057,2.21208170573639,0.263567149076447,1.05318903307674e-17,2.11866015400277e-16
"STX11",25.6834972002471,1.31809417005856,0.49186436086334,0.00282960852201396,0.0101927949892437
"CCT7",234.69312793383,-1.01013723963817,0.131013445151563,7.03524648376784e-15,1.2045459240198e-13
"MPHOSPH6",43.2237733744002,-0.698711989910546,0.297220971505601,0.0133729321872844,0.0382717677694992
"DYNC1LI2",147.077514266108,0.565897313345792,0.175123996160166,0.00102629345256363,0.00417413782651875
"SLC9A5",6.92005391413473,2.71346250449619,2.27049230637038,0.00942419720512008,0.0284893584733093
"KCNK1",89.0256601616756,0.501552670255848,0.216581877629057,0.0177638457518066,0.0483345555587395
"GLUL",72.9501138764936,0.946514780987141,0.251663831065926,0.000101463520998671,0.000529575109599718
"DHX9",236.204700391043,0.785123208157106,0.160398824851523,7.01056431028928e-07,5.38074457630657e-06
"LAMC1",101.266591010193,0.967834741024471,0.215415135653212,4.1550463440891e-06,2.8218326549424e-05
"RC3H1",39.4352491558789,1.82029583399756,0.388864217046913,7.77272384161566e-07,5.9228928224349e-06
"SERPINE2",101.043081025795,1.71972798727436,0.257554973581077,7.51529086474074e-12,9.96263342299925e-11
"DNAJB2",140.857485978173,0.945174720145508,0.187702109297915,2.91719718365364e-07,2.38491238947987e-06
"TMBIM1",222.215327594072,-1.68070703290898,0.139517069128266,5.7452141034016e-34,2.35263960317335e-32
"CAB39",152.288122084141,0.382447098059218,0.161954139292063,0.0167390114542878,0.0460614871523771
"COX5B",118.246905217935,-2.21144243230055,0.219013116129977,1.02427977501333e-24,2.87883113954866e-23
"MRPS9",46.4024526634707,-1.02641791238199,0.313026508164333,0.000546377806393232,0.00239669857858442
"ANKRD36",2.55796594067925,2.25071581684874,1.81776381596145,0.0162677669630195,0.0450341392356408
"EPC2",35.6324402559572,0.869226634160091,0.378187806739208,0.0133254103257087,0.0381595066392987
"ARHGEF4",34.2593351593248,-1.41169047126596,0.347002267741844,1.63470203331966e-05,0.000100191375840959
"ALDH1L2",6.2985193652646,2.0613351216836,0.901326955855288,0.00357886592092659,0.0125192267956368
"CKAP4",104.625988444179,-1.18676574497447,0.215844697726947,1.74347436283846e-08,1.70155206557077e-07
"SLC41A2",20.4017717302913,3.76179913804762,0.745574831200631,1.26689340557953e-07,1.09309264942824e-06
"FLNB",126.756898612823,-0.496491871114229,0.170433401652039,0.00307472544168838,0.010966971076583
"CKAP2",22.2398203250101,-1.53442752748357,0.413385832424973,6.08185860449595e-05,0.000334514343332181
"TBC1D4",8.20771140515512,-1.27948364400733,0.662431105836666,0.0175480858917779,0.0478868074563051
"LMO7",13.1624012721681,-1.65756492813059,0.570366366330887,0.000914342178179721,0.00376429655694515
"SCEL",96.7219076464922,-4.00377401895599,0.272409752778198,9.79741039807838e-50,5.75337291461624e-48
"ITM2B",61.9923378920749,-3.30541148881322,0.293532122405077,2.58747144733945e-30,9.1792046203816e-29
"SPRY2",13.1117504481174,1.94607255979573,0.625372954656825,0.000382865525836078,0.00174144504170662
"NUDT15",26.2219188587886,-1.05586444573683,0.440495483337805,0.00787506999987239,0.0245373596744726
"GPNMB",270.539768863974,-2.97363378898278,0.140917610806146,1.07198832192281e-99,1.45033714142497e-97
"RAC1",181.650545671578,-0.564623854632305,0.160311716374647,0.000351487023699276,0.00161254020181184
"BZW2",20.2501951923488,-2.20887587336836,0.489521117440792,1.10058032501302e-06,8.20086851251599e-06
"HUS1",48.8315169926511,1.46621852312039,0.310525958328595,8.2532767414197e-07,6.26486353309086e-06
"TTYH3",56.684705908217,0.83447570949978,0.294977061156952,0.00306157027614396,0.0109285229722676
"ABHD17C",15.3128605072987,-2.24321986402117,0.589260711053489,2.21119019945156e-05,0.00013301841653196
"CIB2",8.63910892009589,-2.16712267216458,0.764239146932531,0.000682416776914906,0.00291739514294477
"SRSF1",287.083455629609,0.750488752114474,0.143801234802898,1.29286127146522e-07,1.11439634892068e-06
"VEZF1",132.988585487116,2.91916929199407,0.315369158461402,5.41854716553178e-21,1.2937015723934e-19
"TEX2",20.0609837684302,-1.66894565323341,0.445852470198238,4.69579620882715e-05,0.000264389994621847
"DCAF7",62.8949203839888,0.729210211796645,0.265077682636532,0.00429994230865238,0.0146915582717016
"LIMD2",4.80309051851422,3.83595173094911,1.55141264558932,0.000950732128957369,0.00390014963722107
"NDUFB5",16.0053921183323,-1.56645560077613,0.501169838881712,0.000489368483812102,0.00217287164626995
"MRPL47",161.474114406883,0.469624235947904,0.181542724646654,0.00850182092178277,0.0261711195004689
"TRA2B",96.3882264141974,0.936168073279337,0.248320843497046,0.000100046083386829,0.000523166332223661
"GALNT5",2.03493199496985,-4.76269624862261,3.07573515623064,0.00232194939300797,0.00856304158832443
"SKIL",145.165472998237,2.21066050584877,0.268297538575187,4.49157893708038e-17,8.73011117348018e-16
"EPRS",115.964592887203,-0.634903747514897,0.18529497668014,0.000477383187644734,0.00212170305619882
"IL36G",48.407657198899,-2.54693358806638,0.352776391125174,7.88120714873978e-14,1.2458265595946e-12
"IL1RN",147.886284008635,-3.16240371306794,0.206968378506984,1.33707593500798e-53,8.50306354982036e-52
"IL36RN",41.5009598624865,-3.96983466756815,0.426192368547356,1.59037176745246e-21,3.96157588282382e-20
"IL1F10",6.96706534158286,-2.23867250051967,0.999750307235432,0.00346996201725283,0.0121845994498954
"CCDC115",10.729749360046,-2.0836835630786,0.655132973754929,0.000246029763655208,0.00117157030312004
"ABI1",171.297435239028,0.66600999982615,0.161468271378032,2.87698017342258e-05,0.000168515816609642
"DNAJC1",21.2166826296043,-0.974285733190147,0.43797022061724,0.0136419034398441,0.0388883014810676
"NIPSNAP3A",23.2911459684818,-1.23374356626113,0.407272391101751,0.000985318845428817,0.00402170957317885
"LRRC8A",99.1070269392422,-0.897469665988754,0.203838157736289,6.63061513111057e-06,4.36557675617013e-05
"CDK9",95.4973225966168,0.997723224656873,0.215345182952401,2.07429615098641e-06,1.4755302517326e-05
"ECPAS",88.7663397102747,0.674324119563318,0.214240066636566,0.00126589702843686,0.00503698507151719
"KLF4",180.355299467067,-2.47145587571774,0.177972367308066,1.22949036350942e-44,6.57634380481783e-43
"TOR1A",39.2028773884321,0.776300350489374,0.317131955327119,0.00982815435910708,0.0294588466888961
"NIBAN2",155.137310331017,-0.616272919831307,0.163549511920526,0.000130850204503423,0.000664360861717159
"CDK5RAP2",16.0699156999692,-0.998902688133676,0.468751007404282,0.0166164985381059,0.0457791335248277
"SLC31A2",99.3161468670009,-1.72190370017428,0.216344535527813,4.65267166802352e-16,8.54951651381152e-15
"ZNF189",40.874371433314,2.08607974674616,0.359306215452457,1.40515748128687e-09,1.53898200331419e-08
"FPGS",31.1637225829841,1.35607937634998,0.393725631280709,0.000214607131501441,0.00103515498592097
"KIF12",4.97123528937698,2.80362574159742,1.33855907395045,0.00518915481147111,0.0172305910486769
"ATP6V1G1",282.728382893353,-0.699244879207727,0.127181383925632,2.88081299594084e-08,2.70812120871823e-07
"PSMB7",307.392335350105,-0.332652025939049,0.134307287540498,0.0124482333254513,0.0360364212064669
"RPL35",643.252852822493,-2.36741494420627,0.0950202156011341,8.65223457621865e-138,1.83693595618181e-135
"CTSV",38.542551385002,-1.84184329274863,0.39578819809325,7.46459972627263e-07,5.70384696691929e-06
"ARPC5L",148.012293844507,0.6655090542259,0.176401810418559,0.000125620659154185,0.000639691917464114
"MYC",69.1520945459763,-1.93073492086097,0.267501222471086,1.16355861140681e-13,1.81436258049876e-12
"CCN3",56.5687068551344,6.92888529237124,0.7553114535567,1.01619513743739e-19,2.26917360786989e-18
"IL33",7.12192737948713,-5.86106945449839,1.53306165095705,5.62099541667042e-06,3.7419072238327e-05
"DMAC1",27.4860437009624,-1.67300784763367,0.39207757307694,5.18510552739699e-06,3.47014821911147e-05
"RNF38",24.1336020199688,1.99173400789038,0.451712615193951,2.32991375804566e-06,1.64632922995546e-05
"TLN1",118.587679305458,1.05544904938504,0.200886516992303,8.08212278031021e-08,7.18314461323209e-07
"DNAJB5",85.209026006326,2.4756272656557,0.295366989684798,1.13532891190056e-17,2.28057336014959e-16
"DCTN3",41.017899955932,-1.25027797537773,0.331006944423064,6.55031057219443e-05,0.000357430944627454
"GRHPR",15.9117967561972,-1.30894737425699,0.493757465871252,0.00285068334680689,0.0102529549852249
"HINT2",5.06286996492783,-2.53485948648518,1.06021394216611,0.00188839990430097,0.00715931831850368
"RPS6",975.25928237125,-1.95674616617457,0.0796715479126837,7.37116425469597e-134,1.5182398017135e-131
"PPIL1",52.4671062954692,-1.2161235371589,0.284908423219616,8.50464844052559e-06,5.50230419499546e-05
"KLC4",30.7159254216823,1.55411559190697,0.491556178935889,0.000508403020969086,0.0022494266397478
"KIF13A",30.8925323686504,-0.880461890388042,0.337365971807902,0.00545643830762369,0.0179839619405796
"ZSCAN9",36.4021088877168,1.31849035408542,0.426522375778892,0.000813810803476825,0.00339395258022973
"PIM1",148.930212209397,-1.25920532611192,0.189120855119208,1.18334887950262e-11,1.54495880199964e-10
"YIPF3",110.068100075554,-0.504696165259321,0.218757525216765,0.0178872752378641,0.0485722940343417
"FRS3",4.3815039595458,2.86450267002783,1.39798075899654,0.00520695827369761,0.0172730827348623
"TJAP1",85.0875952730535,3.49115330641075,0.463752894738235,1.8228923626759e-14,3.01991771967916e-13
"SLC22A23",29.2870287335194,-1.40803375693472,0.367291665857763,4.33493645514561e-05,0.000245676070147882
"TUBB2A",174.156812514463,-1.39359343135569,0.18113000859739,5.27132000647402e-15,9.07035113333435e-14
"UQCC2",15.2533737043294,-1.06133611691803,0.478888226449596,0.0124696143698895,0.0360831785079629
"IER3",822.864585913383,3.84309791631855,0.110040828929189,4.69976847183458e-268,2.81986108310075e-265
"PGBD1",10.3432547978768,1.67936242920915,0.727521146713938,0.00521356074248183,0.0172866742542646
"ATAT1",33.1507617290957,1.24261259242032,0.473424725667244,0.00367277522398743,0.012795833903314
"RNF144B",14.6276344021286,-3.07635559200834,0.59877463967618,3.4076260117474e-08,3.164551747114e-07
"MTCH1",547.291504265649,1.10681063800867,0.118022311054032,3.55344849287969e-21,8.61820548360979e-20
"VARS2",60.088819690992,1.7778607327349,0.360356734398598,2.38155647334163e-07,1.9762765683773e-06
"FGFBP1",804.766714792037,-2.96443689356023,0.0862550258454291,9.43205726605378e-260,5.20649561086169e-257
"CPEB2",66.6493869117307,0.68050533406822,0.247305056717783,0.00455280522052026,0.0154029693658199
"FHDC1",15.5573541102257,-1.7942397143764,0.518259179063632,0.000121887500286774,0.000622519431516465
"MYO7A",14.7787893610104,2.77130970245164,0.937982746634737,0.00077284771618228,0.00324765483657596
"IL18BP",26.6175470722749,1.52282715881356,0.664761148526665,0.00736519572490798,0.0232001143583041
"NUMA1",36.3786876854515,-0.883774093497191,0.336309760791461,0.00520356463713684,0.0172730827348623
"CREBZF",71.6360472597045,1.3641199326886,0.264993194747637,1.077889942386e-07,9.41448177527009e-07
"PRCP",5.1280066346476,-2.40938898957905,0.990571007779765,0.00183128294863248,0.00697150474238019
"MRPL15",55.275919439311,-1.1434974332719,0.317386566347192,0.000144897105138494,0.000727649217944401
"GGH",24.2428837838659,-3.85634528239117,0.521987426258523,1.84039140522639e-14,3.04525196548252e-13
"DDX60",5.10893061272615,-2.11787753117416,1.00000991749065,0.00502919156914577,0.0167991195277785
"SORL1",6.71414066174222,-1.51872600440144,0.810907540738814,0.0149657104556109,0.0420368011983373
"TMPRSS4",4.58302985697668,-3.31362735431328,1.22919448585338,0.000794381438850125,0.0033249814546957
"TRIM29",225.148978488978,-3.54706163831056,0.165967680367639,2.82464810041708e-102,3.97756569242406e-100
"C11orf1",5.82757093364176,-1.82801582979997,0.862232284804805,0.00603058579792973,0.0195494677029435
"TMPRSS13",23.1097209627214,-2.3187824275266,0.474723430794627,1.72540736417697e-07,1.46167106357534e-06
"CASP1",18.0328458830416,-4.03869780869871,0.630057913358757,1.80725718262732e-11,2.32001387165182e-10
"SQOR",64.0541229398143,-2.2090345225871,0.268675589987178,3.63511233720657e-17,7.11553904304265e-16
"CTDSPL2",18.6607980187818,1.51835095104739,0.542039272062316,0.0015808833036536,0.00613158785565479
"THBS1",99.6202493724993,-2.62886613942699,0.242460773021098,3.59643104466531e-28,1.19304683693224e-26
"NUSAP1",20.0073786210741,-0.977557949081282,0.465186757889149,0.0184918001057732,0.0499387165283112
"PARP6",42.2345480465476,1.17863243425926,0.33400854685616,0.000192168883429288,0.000940734512708117
"RPLP1",528.275184404168,-3.08907922734118,0.132656086884456,7.30467250091822e-121,1.20005333943657e-118
"DUOX1",63.132936553032,-1.22910921625457,0.247018488791035,2.8234709940343e-07,2.31514555660566e-06
"SPTBN5",5.3160716766293,3.79417124461695,1.48268599907065,0.000814184562017554,0.00339448548514871
"BCAR3",33.3293652573868,0.785405062673851,0.340806067684988,0.0142234444633849,0.0402632889425049
"FNBP1L",101.314242962093,2.9153215829284,0.277604993542732,1.58010139744409e-26,4.91112596502894e-25
"KYAT3",37.6177898984206,-1.19640823812537,0.363946806515471,0.00043295019150245,0.00194616046994587
"GTF2B",120.392119425807,0.734728988075051,0.210130913191315,0.000341050426582543,0.00156778677109896
"RABGGTB",66.1283426046727,0.779645813444211,0.249764993444828,0.00125438489342497,0.00500014775542016
"IFI44",21.7189499310686,-1.88924007058572,0.636728506751586,0.000614672454478436,0.0026599184295398
"SLC44A5",3.69729761549613,-1.85876902736685,1.14225786083737,0.0147444595047325,0.0415167396786999
"CLCA2",169.993564264294,-5.61856343806228,0.270070871828514,1.03015102544185e-96,1.32860599542967e-94
"RTCA",39.0356371234578,0.862278818396337,0.341561548951358,0.00724474909511095,0.0228781550371925
"SELENOI",34.1355582862287,-1.11405436384427,0.327730538947511,0.00031522678869182,0.0014627201358262
"HADHB",85.5704494013828,-1.7510650506412,0.227142019158649,3.36239836504323e-15,5.85872442393896e-14
"ADCY3",15.8928991562484,1.28174551649536,0.505989091675814,0.00429445125829163,0.0146800662284926
"DYNC2LI1",4.78771745092144,-1.78465411167593,1.05414934299571,0.01352732660599,0.038633507277041
"THUMPD2",33.4478034144883,1.22396365064071,0.417749552932448,0.00145043202142697,0.00568796871147832
"RAB1A",243.556245666,0.326582273881647,0.134968477846345,0.0145091207885546,0.0409711207043286
"PREB",25.3664804774813,-1.19682153968774,0.395375899936965,0.00103682139822986,0.00421447284111106
"FBXO11",80.7897433205125,1.32441848240743,0.257908401587671,1.18023152662969e-07,1.02306501680212e-06
"ATRAID",46.2509103417482,-1.54996264922055,0.296713906770954,5.37240793020616e-08,4.87117144788732e-07
"LRPPRC",38.1398116480713,-0.840750678857447,0.321014206566349,0.00557425944004517,0.0182936457247618
"ACTR1A",94.9666827036707,-0.984881823815674,0.197484985063207,3.50564796720281e-07,2.83575275189911e-06
"MYOF",89.7112285995051,-1.5143337344474,0.223413151984764,3.95235809791595e-12,5.37894889065484e-11
"BTBD16",6.6905886639268,-2.77702496294337,1.08466792657692,0.000991075895244339,0.00404162155862053
"KIF11",4.384173369985,-2.72901754972957,1.14370148637403,0.00196517352081899,0.00739956196106467
"DUSP5",179.03308577631,2.43993825969664,0.182487758711372,1.71986112980345e-41,8.59930564901724e-40
"CEP55",6.64957402511534,-5.16059780078065,1.5001676251994,3.14840986018973e-05,0.000183093367343524
"GPR87",281.017579785043,-0.710849615896864,0.147721149626559,1.08527918162134e-06,8.09559605749973e-06
"ANXA7",152.232525944618,-0.799287003397729,0.159846197441967,3.84373284124442e-07,3.08213324864457e-06
"ZNF365",19.8053262975854,-1.33232773206738,0.52032015487666,0.00362203489760107,0.0126413964559673
"RPS24",157.369893785496,-2.27382965313401,0.17121344431848,5.35912413213842e-41,2.66028464113346e-39
"MYPN",7.08150259682192,2.0685935010896,1.05299164380296,0.0098176736098601,0.0294402207336092
"AOX1",38.4249602563303,1.61729558338316,0.436400435806549,6.67971169373171e-05,0.000363342614795024
"NAB1",58.8585855124548,1.29355522054442,0.279681156981933,1.54693485837627e-06,1.12474715730203e-05
"IDH1",24.8144485101429,-2.32096483913586,0.423400080709524,6.7588725438152e-09,6.94508124383096e-08
"SECISBP2L",41.611772488135,0.714133681307054,0.317200017653945,0.0175767773508342,0.0479461410242167
"APH1B",11.1031312403423,1.24523666526927,0.631307402636162,0.0177972227603975,0.048410349680201
"SEMA7A",23.6820090869979,1.62364032370645,0.48963563367897,0.000265468500690913,0.00125418189302793
"UBL7",39.264119535523,-1.31181548854036,0.326087649955119,2.22034210486803e-05,0.000133510767090104
"GPAT3",46.5779672121658,5.17084031256664,0.631894013433101,2.08070579388176e-16,3.87499864447616e-15
"LARP1B",18.4614136877841,1.16370097402417,0.469366370773167,0.0057512097656891,0.01876724870336
"USO1",75.8440437627263,-0.60422024700813,0.245928691027972,0.011098603783593,0.0327196608018765
"CDKL2",3.11245637115861,2.79006747017623,1.77523303053498,0.00795590053626523,0.0247500963481651
"ANXA3",152.941923320843,-0.433594057165028,0.159291880648828,0.00578574308457965,0.0188665535366728
"PPA2",23.4514896554914,-2.18433397640869,0.442937604153321,1.4173736533635e-07,1.2141375801624e-06
"PAPSS1",38.103861922117,-1.44049846381339,0.350829292615436,1.33338504249244e-05,8.30357111299442e-05
"MAPK8IP3",118.316508989812,2.9447081442968,0.267043995779367,5.20974069558119e-29,1.78398068483922e-27
"B4GALNT3",40.2693990701935,-1.06746154067932,0.315651956799692,0.000364569422580606,0.00166481073183731
"GABARAPL1",124.960979901226,2.61776820364838,0.287107710254655,1.64560906880092e-20,3.81670674780718e-19
"AEBP2",37.8861442191884,0.963228439121111,0.353808194749539,0.00369171355878613,0.0128553235203756
"ZCRB1",42.5447993954515,-0.718097097732121,0.3176778312072,0.0167021208618966,0.0459691399868715
"TMEM117",13.6533134928871,-1.73139491770458,0.573394103160426,0.000572799229780124,0.0024967243749102
"CLSTN3",35.2155177016086,2.19101537194657,0.434134419917193,9.05405883394508e-08,7.98377072897394e-07
"VAMP1",7.94623730016305,2.76491602147804,1.02000077996139,0.0012865614534279,0.00510628359427813
"GLIPR1",2.59834086442068,-2.44572050461783,1.58232676864227,0.0126019135147934,0.0363820934109097
"DUSP6",103.088264594732,0.577174138644256,0.211131269898592,0.00512506082842,0.0170309386638084
"SNRPF",37.5823796832045,-1.01302181144135,0.338921846869649,0.00147190791669463,0.00576072865864602
"GAS2L3",17.9906841177787,1.45405267153084,0.587996069278309,0.00446707556324315,0.0151761799046665
"TDG",111.701209109639,1.27446596150463,0.220289452124445,3.3565821970011e-09,3.54405771374255e-08
"MMAB",7.10111890276113,-1.88393719924918,0.784874807344086,0.00291679521805884,0.0104604402310842
"GLTP",493.579794505189,-2.87622787685202,0.128234473815894,2.58364588001689e-112,3.91805638947616e-110
"NUP58",128.263876966564,2.0124398481779,0.230452198195919,6.45874765115996e-19,1.38616979138425e-17
"SLC7A1",180.542786570948,1.30488289720389,0.187332679511488,1.41462307694307e-12,1.99609391225095e-11
"LNX2",60.7587980897082,1.20690055209825,0.295955464705614,2.00296443188913e-05,0.000121019742382093
"NABP2",19.9311546372527,-2.45633489299692,0.502980072747356,1.52827731012074e-07,1.30106273162654e-06
"N4BP2L1",4.39770004276058,2.66711945347691,2.30692468287177,0.0104425535574589,0.0310470766813045
"KANSL2",96.9741319904244,0.914069074607786,0.24113618212117,9.4000917866175e-05,0.000494553056253609
"CERS5",19.2400727026901,1.49843718327294,0.481597513378933,0.000545091903025617,0.00239181820723482
"GALNT6",26.1962404607724,-1.87199927152891,0.397613682303042,5.54002456310293e-07,4.33157727880003e-06
"LMBR1L",27.8725035582872,1.02511474004091,0.403349374451951,0.00576081224026871,0.0187941392235717
"C12orf10",27.455318592882,-1.35473767516744,0.427316591175777,0.000548467545762118,0.00240204764567351
"ESYT1",100.187044126549,0.878087994226374,0.207755299209371,1.52977413577798e-05,9.43714039952443e-05
"TMBIM6",300.933087058392,-0.429526662160654,0.116088657222492,0.000194719975449962,0.000951198464144947
"ANKRD52",96.7128780445327,1.50060126630172,0.218599341347626,2.32383264785369e-12,3.21653867004824e-11
"ESD",61.6841738839748,-0.595998315104303,0.24974359460841,0.0134652278272065,0.0385039668494508
"SBNO1",57.9538790306047,0.886522997044916,0.291351190807534,0.00153159023006687,0.00596386714868027
"SETD1B",29.1300404983612,1.62963224167001,0.421610050683581,3.28293411041046e-05,0.000190355003040606
"DIAPH3",5.53711600826012,-1.641180251871,0.958686671870129,0.017940460178431,0.0486688324085607
"MBNL2",13.9952859498602,-1.64333225195026,0.53665871734561,0.000548069851163655,0.00240106791938363
"TMX1",15.8953225400183,-1.16303295117203,0.496510121942898,0.00791108860946234,0.0246329022587049
"FRMD6",40.5694903144731,-0.787869600740812,0.296405711711839,0.00523596532581186,0.017340129948693
"RDH12",70.5518171839685,-5.02711293721369,0.397744599655564,2.29949387871026e-37,1.02695843126866e-35
"RAB15",10.9960762858372,3.59404269033678,0.96848679336955,4.94858555482109e-05,0.000277281624985481
"JDP2",9.35019656285547,3.12693609283605,0.824785970335061,2.38448791746276e-05,0.000142265167578842
"WDR20",49.360385523648,0.83128656724101,0.332978943456484,0.00817690539411894,0.0253234502780165
"DUOXA1",88.7522107866402,-1.13753970729619,0.209827177998338,2.88637036661532e-08,2.71149837027171e-07
"TCF12",60.177315943129,0.998679847529651,0.292119652122477,0.000354905403082567,0.00162552093014916
"SORD",10.9758532167085,-3.09283875094942,0.702221076045669,1.3267628826305e-06,9.77540191153281e-06
"SERF2",121.181949728522,-1.49113194108435,0.194887261100694,6.87527601204675e-15,1.1786187449223e-13
"ZSCAN29",32.096516973852,0.966344192516059,0.369930867293823,0.00505758267129277,0.0168586089043092
"BNIP2",39.008676196073,0.761547083559102,0.3136194544026,0.0105231255164879,0.0312568084648157
"SRP14",246.539450799573,-0.931358057230604,0.134741077229201,2.91165693482334e-12,4.00606836496132e-11
"BAHD1",97.6919945459657,1.65764570273525,0.279080669735733,8.88009315908194e-10,9.89864988653722e-09
"ANP32A",25.0860040092561,-1.03218824848634,0.378060701121787,0.00320245243349712,0.011352757252045
"UBE2Q2",50.5950540717615,1.41839072001876,0.299836287981465,8.16188796663061e-07,6.20231574556731e-06
"ETFA",46.7842365251776,-0.938877368157592,0.284714784765555,0.000565699333091809,0.00247280671418022
"TSPAN3",16.3775112045845,-1.28630060972884,0.476378185652964,0.00254914272416991,0.00929655644649704
"WDR61",19.3428162591453,-1.08236477333239,0.437885623376719,0.00629358550839147,0.0202592675567535
"NEIL1",5.6052034688299,2.3323972514127,1.04072499267194,0.00388967208666042,0.0134428937630638
"MAN2C1",41.1187737015945,1.47246893878383,0.351010946536879,9.62003371748062e-06,6.13643515002954e-05
"DNAJA4",1787.09496288147,3.6624753298988,0.151257224357006,1.16916497137097e-129,2.27246149365062e-127
"TLNRD1",10.1873922715269,1.35898745175716,0.653190842147898,0.0122334852128416,0.0355265353403228
"ARRDC4",761.311804000566,-0.360924145225421,0.0917790422964128,7.84038645536139e-05,0.000420020702965789
"ULK3",59.3137020531631,-0.828754502263767,0.259274044437243,0.000907310608136193,0.00373869405562241
"PCSK6",5.55505205722393,-1.78037745472988,0.871448892083414,0.00760963358692362,0.0238493127163566
"SCAMP2",101.662735207778,-1.11336636833059,0.211878161271985,7.29982610036066e-08,6.50339575112829e-07
"HAPLN3",21.4191404888971,2.02733709860551,0.787882001166043,0.00246550393200166,0.00902731606835311
"RHCG",194.195239010397,0.467719834634148,0.167874958786149,0.00471146147091771,0.0158852109207585
"POLG",71.6433603096432,1.38170939271116,0.249865820098663,1.2462693450474e-08,1.23641387215342e-07
"FANCI",5.44532957078659,-1.54434661962196,0.852133735517865,0.0157461068355785,0.043871648360788
"UNC45A",39.142826275057,-0.919600598825173,0.309071607527925,0.00171339357121076,0.00658630397847032
"IQGAP1",173.771505703324,-0.910537352834482,0.150082926627375,7.73543151228862e-10,8.69291163433086e-09
"CRTC3",20.0647186710481,1.46244293783289,0.48290972735794,0.00081938985982468,0.00341309389241792
"UQCRC2",143.138856084292,-0.621649028121105,0.172086062703198,0.000243190233750811,0.00115884848955842
"CDR2",29.8385962471103,1.18285345706805,0.381075438312076,0.000865174014971311,0.00358863883576919
"DHX38",189.968544817295,1.10751540717699,0.19766618493995,1.09732818233571e-08,1.09574015312828e-07
"TXNL4B",30.9391817678114,1.25188976421728,0.42518088384284,0.00134532473530845,0.0053196221625377
"CPNE2",12.4622602237363,2.63534211571998,0.715140829228086,3.93532120126429e-05,0.00022376362825483
"KATNB1",10.0547201680578,-1.26796147874173,0.621653261550482,0.0140263279376736,0.0397950915994852
"CMTM3",35.8507025649172,3.07588589347459,0.453197633148878,1.95201504370571e-12,2.7155047987035e-11
"MAP1LC3B",215.2684212748,1.80545592218767,0.171695955290769,2.07373205130651e-26,6.41648033812327e-25
"CDH13",8.57870856258434,-3.7125204053066,0.869414303839467,2.41947104912997e-06,1.70611652927918e-05
"OSGIN1",66.8184732448075,4.14543575232049,0.394011055943365,1.79503378254513e-26,5.5666216177804e-25
"RHOT2",78.6601624557101,1.07616029786579,0.279246843053777,6.01182004193902e-05,0.000331057927289539
"RPS2",664.319767919241,-2.57567885154378,0.0987616094796988,8.73382203034577e-151,2.00877906697953e-148
"NDUFB10",95.0763186430314,-2.73420613904399,0.236123167262412,7.14488855247259e-32,2.74650312044907e-30
"TCF25",73.9614657644778,1.17410383007968,0.267611476391257,5.56569597814516e-06,3.71046398543011e-05
"CTRL",8.50048786999283,1.83595734463945,1.04763100427223,0.0172375922542839,0.0471794472647993
"TOM1L1",36.5062631399316,0.766909739648281,0.326992980103821,0.0130552453869925,0.0375025783389875
"TOB1",170.997475832209,-0.687749286131285,0.157460505198336,9.55193420528024e-06,6.09980064936915e-05
"SGSM2",46.5292101724777,2.17335392690852,0.351728447439689,1.40607186777207e-10,1.67418393229116e-09
"TAF4B",26.236553435616,1.8708363790327,0.564587141723677,0.000240424034651415,0.00114685505640841
"IMPA2",23.7181768490085,-3.67696747449781,0.535593240042643,7.27562691745597e-13,1.05799421981973e-11
"SLC39A6",154.704417714814,-1.57169108793519,0.162259138092554,1.08221461660233e-22,2.83388267725088e-21
"GALNT1",39.2530732323096,-1.42118968211274,0.322657790570051,3.66039733108994e-06,2.50976101563321e-05
"GAREM1",12.3302078176525,-2.05186757919758,0.601487168332797,0.000115123552750139,0.000592579271895532
"GATA6",3.85723716617486,4.4608121284561,2.53959606486685,0.00119930234395187,0.00479860027443775
"GREB1L",15.9325629679888,2.44631698247621,1.06338053805496,0.00596768317025426,0.0193747796126514
"RMC1",51.9213433384377,0.732289121348056,0.300484656124602,0.0105555908090102,0.0313330077789503
"NPC1",90.1414119104367,0.541636315898758,0.209713571939739,0.00823605220764391,0.0254723264153936
"ZMYND15",7.53905859712405,2.65627817664126,1.17944010444704,0.00494926237212383,0.0165736036727272
"MINK1",146.464266222575,-0.622459680477076,0.169219998804883,0.000184192735435342,0.000905865911977093
"SAT2",288.603523843386,1.27471647792263,0.172244050595145,6.17711759202305e-14,9.86622948725903e-13
"ASGR1",6.47928584702166,3.76534565132847,2.28665881601994,0.00186749894519634,0.00709176814631523
"TMC6",31.4345676451597,2.32382198328761,0.421877013517478,6.83953352560664e-09,7.0227353164711e-08
"SLC16A3",31.9477651357329,3.40817965994957,0.458064630036629,1.60524188741579e-14,2.67540314569299e-13
"CSNK1D",214.919137140121,1.86916241851708,0.200910473435018,3.91199422326914e-21,9.4380280211738e-20
"ANAPC11",24.0513223833851,-1.11515293125539,0.423431058206921,0.00381891614719637,0.0132381418817658
"ZNF750",100.191314542293,-4.03690416357178,0.295090536181381,1.48210019212629e-43,7.77679948720261e-42
"CBX4",37.5768330506023,-1.27425881277552,0.333734723559405,5.39372244612042e-05,0.000299892706512739
"MBD1",335.960947424462,0.838129155630475,0.150189047908339,1.55247651758394e-08,1.52485238026038e-07
"SMAD4",21.4300630502393,1.11131131526755,0.447467189409542,0.00613727580022958,0.0198440501506955
"ZCCHC2",28.0613704959325,2.15836531397942,0.448402675058546,3.1396209401383e-07,2.55163539304526e-06
"PMAIP1",271.134256189776,1.27332571117062,0.185747252906747,3.17209556425774e-12,4.36005167198773e-11
"MIEN1",59.1501112633612,-1.05551586496593,0.296507994767648,0.000190162797753834,0.000931574941073094
"SAMD1",43.8106107449104,0.917368789884242,0.319057248352827,0.00241743887712386,0.00887015594371423
"BRD4",61.7855336785248,1.32653341729205,0.329407532742035,2.35096931239291e-05,0.00014056922231812
"MVB12A",10.7235885992242,-1.75049001670467,0.657735905353844,0.00163661047140144,0.0063246218161131
"IFITM3",148.716108697395,-4.99472167237819,0.275622230422152,3.55045669978812e-74,3.24478824219047e-72
"PGGHG",323.711321799632,5.21154325343855,0.329309268552383,2.09899509200856e-56,1.41990844459402e-54
"COL6A1",25.1742001955829,1.6429901740534,0.574153463669963,0.00128695651218656,0.00510638294082076
"COL6A2",24.212396005786,6.62369309735827,2.33387740241568,2.65355935518141e-07,2.18491164090116e-06
"TMEM50B",18.8830365017874,-1.28169746641963,0.503967803229061,0.00400190012124771,0.0137824361550333
"APP",309.531959320483,-1.50369974749549,0.117590112827291,6.38786349797732e-38,2.92865502565073e-36
"EMP3",53.881483919749,3.30809698879415,0.40994669145205,1.06647569703465e-16,2.02718520923941e-15
"SAE1",72.4844666470979,-0.661411926940387,0.248096423928007,0.00581552084185015,0.0189368068941793
"CBLC",72.5744454557905,-0.653094767428588,0.270038343128686,0.0117532760636841,0.0343342950209232
"WTIP",7.25595514232154,2.01248009971369,0.870483423497046,0.00394365605913033,0.0136158252729544
"RNPEPL1",17.9100866020979,1.2837192400146,0.502443447054896,0.00409402782471024,0.0140471367431629
"CAPN10",27.518491943246,2.15318611414505,0.478174706682199,1.50667794086573e-06,1.09837060665331e-05
"ERVK3-1",53.584641621392,0.862021418757736,0.288017919539465,0.00177884833107178,0.00680191381789708
"ZNF787",33.8156456061604,1.19836157937645,0.371645933736752,0.000564651746015499,0.00246979210618507
"PSMB6",217.194952176943,-1.1490979678322,0.143565496495778,5.81810396200461e-16,1.06063189796121e-14
"ZNF473",32.4344964492755,1.79305874814422,0.413744524441425,3.97480134150428e-06,2.71009182375292e-05
"RPS11",1552.05892981348,-1.48053875813944,0.0714695760287585,8.23208229466075e-96,1.04222693271852e-93
"RPL13A",905.493847754025,-1.78525279619951,0.0840197835919081,8.76739193830822e-101,1.20990008748653e-98
"EPHA2",335.71520240773,2.2363705030844,0.136507974056479,5.24195921078497e-61,3.93146940808873e-59
"PGD",72.4302167970008,-1.28267633075396,0.231568209166953,1.24135548698222e-08,1.23331214689379e-07
"SH3BGRL3",1076.07183888217,-2.23371396813531,0.0834467647598022,1.39598658474662e-158,3.56752127213025e-156
"CNKSR1",105.492287428436,2.24158533840578,0.278206179497189,1.77954541435952e-16,3.33212031454021e-15
"RPL11",740.801766448712,-2.00932350554432,0.0822171667344792,1.50064050862954e-132,3.045417502807e-130
"IL22RA1",17.8005414665526,-3.3981705727414,0.571477913254036,3.55455299643963e-10,4.09456021292712e-09
"C1orf216",31.1065986959793,2.13688170786467,0.412310297695519,4.70163368767371e-08,4.28550494649255e-07
"GPN2",48.7414648487286,0.760656005769863,0.300936385352333,0.00798687300320672,0.0248296570047877
"HSPG2",17.3893101728969,1.02331426243926,0.470373789589441,0.0149354521360445,0.0419688942124648
"SERBP1",96.8871531728556,-1.52985654313753,0.209183021526739,8.42475222133051e-14,1.32870377890698e-12
"BCL10",107.882057708997,1.93139246805483,0.241169209282371,2.97715436795672e-16,5.52214116637133e-15
"CCN1",213.210740761867,0.569254650733808,0.179231020405208,0.00132562420133555,0.0052462328587412
"PIGK",6.59023701857089,-2.25863693430702,0.889260788053703,0.00145084444921192,0.00568796971566036
"RPS8",692.479774314668,-2.3802835310618,0.0885979370710298,9.34607759170102e-160,2.43350699557498e-157
"KIF2C",6.62502953560672,-1.57324998130445,0.829168868780307,0.0130506338568453,0.0375025783389875
"MOB3C",21.9241923678305,1.44319417727198,0.431932307351729,0.000280954101657444,0.00131921286249498
"CYP4B1",5.15167873767162,-4.43890164878261,1.35684806297989,0.00015124431545686,0.0007562215772843
"SLC44A3",6.39998759485375,-2.14974004348548,0.904384112469145,0.00259017101362501,0.00943122954829161
"IGSF3",35.1084466081573,-1.99629671981632,0.370289682336167,1.40432416872136e-08,1.38525186049713e-07
"ZNF697",22.4655299145987,2.07863258237395,0.537232859055381,2.42793363234081e-05,0.00014460718224559
"FNDC7",15.8927841194684,2.8142175037811,2.07506869461954,0.00614577470956311,0.0198622227147473
"CELSR2",22.8955689957838,-1.75658517677016,0.416445234701068,5.9935976841176e-06,3.9746106699098e-05
"ALDH9A1",42.3594146446731,-1.33492592937413,0.354071802545122,5.99963608267499e-05,0.000330650870371066
"CREG1",90.9330885983395,-3.26560792351464,0.26357782060748,3.82977911890594e-36,1.68852881280837e-34
"DCAF6",51.7216224493798,0.709715223817005,0.281869521798417,0.00861776830875351,0.0264748892833478
"NECTIN4",114.488954294094,-1.91375306436767,0.215123718937004,1.3182716416282e-19,2.93421752491437e-18
"UFC1",86.1268995596799,-1.33122210904332,0.258818999995446,1.04705646746738e-07,9.16257403363975e-07
"SDHC",14.7091779194869,-1.50693190725303,0.519097793916409,0.00106930350941579,0.00433374109542964
"PFDN2",676.258294891427,0.251824172999472,0.0982020953129686,0.0100750479117597,0.0300942989572042
"MRPL24",55.3270666046958,-1.74177422939634,0.27461972157247,5.87638409312511e-11,7.22763818940522e-10
"CRABP2",480.120153014624,-2.7316507825489,0.114921513500458,9.16541394156813e-126,1.66424621570579e-123
"ABL2",347.167745334612,3.21355209563702,0.196133621061064,6.8975248955865e-61,5.11751847091902e-59
"TOR1AIP1",49.6991878793894,0.68871163618502,0.297450929966235,0.0152333102189972,0.0426409089294446
"TUFT1",122.986807940002,-1.486962551581,0.201269946796701,5.06849494803171e-14,8.14263449159926e-13
"CGN",8.64064677539999,-1.90403178114541,0.742996777426553,0.00198910482738175,0.00746725968930037
"ADAMTSL4",22.3103193958235,-1.5170413539883,0.42769741906573,0.000117090958071989,0.00060113661510173
"MCL1",1876.79445253919,0.838947653870914,0.0723844925160194,3.33173515122277e-31,1.24601477200201e-29
"CTSK",45.0775653391166,-1.02724703578484,0.371951573875972,0.00293964892411708,0.0105314525318836
"RFX5",13.1378580480505,-1.47260328622091,0.5766203337022,0.00302986112859723,0.0108265363994412
"PIP5K1A",326.361819709041,1.4815769039281,0.139442691799741,1.14421843523329e-26,3.58054748440351e-25
"MINDY1",17.1740126479435,-2.03010149691629,0.537242355887145,2.85085840760734e-05,0.000167056671019029
"CERS2",88.421821368478,1.65278709186766,0.234714001236619,5.62620434026763e-13,8.31280726934617e-12
"ARNT",48.7104746766136,0.688274974161989,0.30229318940443,0.016831446342478,0.0462236735375516
"POGZ",71.3409435871454,1.71270198581225,0.368278251782149,1.03779157131793e-06,7.76234346026423e-06
"DYRK3",24.4787618685154,2.22436621172259,0.532360928069911,6.36189479393673e-06,4.2006769452788e-05
"TP53BP2",91.337909088428,1.22298422757368,0.261509035177856,1.35464488332725e-06,9.9595628076271e-06
"ATP8B2",20.2900869818,1.5474751599707,0.462057437267427,0.000247015977056477,0.00117505014938965
"FLG2",23.8715711301318,-2.2491626862967,0.453414735150459,1.24252654773955e-07,1.07436506007555e-06
"ADAM15",89.8960407450276,-1.5739960932044,0.217585832576756,1.43605854111049e-13,2.22669751318256e-12
"JTB",152.534259136068,-0.517395567334019,0.184761618318294,0.00432008887467383,0.0147530874710465
"RAB13",70.3398645351865,-1.39461909784423,0.250041543689073,8.90598692206453e-09,9.03695731797724e-08
"S100A8",1005.81216307617,-4.90970709622956,0.144036880593155,1.03615435126781e-255,5.29590001759102e-253
"TPM3",80.9890160978133,0.601826417666924,0.214653935853705,0.00405994935108661,0.0139475481814775
"UBAP2L",213.898222265194,0.776904380558241,0.16019882537311,8.55461488514268e-07,6.482904196319e-06
"EFNA3",47.1256028795838,-2.58588812601303,0.335357519221355,1.84719390988618e-15,3.28073049632295e-14
"C1orf43",168.37171621689,-0.486938977639634,0.163650510930737,0.00252764785711424,0.00922548014498187
"ILF2",512.345213394568,0.383777189783223,0.11634178761741,0.000898272859390678,0.0037113103498676
"RIT1",109.544109507816,1.16152811994322,0.207319983232767,1.03067184598663e-08,1.03743774431914e-07
"FLG",75.2722964190994,-1.86164547442517,0.254099229073841,5.85464782034346e-14,9.37287006041065e-13
"LYST",25.3967027584441,-0.91809838836014,0.384829407771009,0.00973122295405243,0.0292254356400269
"ACP1",49.3340130501638,0.693862781269028,0.27887739804221,0.00950010971629252,0.0286644733908193
"DEGS1",164.87935071304,-1.00979225855803,0.158468035724476,1.04288651577002e-10,1.25692872643024e-09
"GUK1",175.543148891809,-0.437422720301329,0.164172682945202,0.00685367383888906,0.0218229577703436
"CDC42BPA",20.1871523088095,1.74862322044178,0.497656286743056,0.000115262460803933,0.000592852016061976
"MBOAT2",68.6977775041537,-0.977183584149135,0.242208050396366,3.09529935663146e-05,0.000180613662247417
"PYCR2",56.0842051191602,1.00566349710221,0.27079399117641,0.000114132825462905,0.000588357486510304
"WNT9A",162.352719174981,6.97997581734414,0.708592238978064,4.61925437211134e-22,1.17829409122249e-20
"EPHX1",13.482170231587,-1.55877318041867,0.595767812059567,0.002324443766805,0.00856995030240691
"PPFIA4",5.62296067270821,3.45317722082846,1.22440341549762,0.000565544137286801,0.00247280671418022
"PLEKHA6",17.9160874872947,1.96054211455663,0.848514746232278,0.00534428824745433,0.0176649527700287
"ARL8A",148.628111088349,1.27563436949035,0.188254806446793,5.45380712038376e-12,7.36424053437337e-11
"PDIA6",131.210328017427,-2.01951559420684,0.213126408155665,5.51520205641674e-22,1.39907699225278e-20
"RHOB",162.929906615199,-1.29039313086952,0.180161644489065,3.3007455031033e-13,4.978173545664e-12
"ATP6V1C2",60.6188061908459,-2.89254251260189,0.321008591578453,2.94547297001587e-20,6.71859950185438e-19
"RPS27A",468.026070629975,-2.10067812201289,0.107953499495921,4.66888244065567e-85,4.91836470847696e-83
"SNRPG",93.2271802698181,-0.55611393542966,0.232026115158869,0.0135341910471909,0.0386451141012278
"ZNF514",13.2120697821777,1.67152833435208,0.575702523945445,0.000957001777013601,0.00392353669720371
"DQX1",7.147684243767,-1.81086388789802,0.831532494423958,0.00540046036254428,0.017820744381423
"MALL",10.0113627797417,-3.15123017687778,0.758074497882196,3.5992534162137e-06,2.47187306630129e-05
"THNSL2",21.5906513444616,2.05089463522485,0.535331667270224,2.80783179208231e-05,0.000164745232698707
"RALB",197.759758409177,1.12344197337412,0.154785568542138,1.97753623084425e-13,3.03559510407682e-12
"SLC20A1",684.251891855859,3.1342051712253,0.138188635160313,1.663922291219e-114,2.5800143391935e-112
"FAHD2B",2.07438384084475,-2.39115305349281,2.17532507559265,0.01440348614522,0.0406978109754374
"LYG1",6.9120277578973,1.79364371782754,1.13451858784605,0.0178746395764902,0.0485615095601759
"AMMECR1L",120.49928477688,1.12374925690217,0.227479588032463,4.07645342876653e-07,3.26305436873423e-06
"PKP4",26.2981768991682,-0.931953990340208,0.376547649306902,0.00754007843235154,0.0236645627396978
"SCRN3",9.85446424368332,-1.69513131405941,0.715416791238185,0.00371620547981332,0.0129210470197591
"GULP1",13.0468388775708,1.37016998371228,0.614987735070662,0.0086889199093501,0.0266697274797668
"HSPD1",895.234266498345,1.01298767557896,0.098948085861168,7.38562517057625e-25,2.09284655757602e-23
"ABCA12",138.007157117951,-1.40790803973016,0.192889074481418,1.06572783355932e-13,1.67506197074243e-12
"SUMF1",11.3399017758748,-2.14137013638366,0.6490377097008,0.000156192977396209,0.000780116933792139
"RAB5A",191.993510681847,0.864503440874469,0.158670181861284,3.26122559220586e-08,3.04292854445171e-07
"4-Mar",9.53046097541476,2.38872476649708,0.994298952398116,0.00344464923053041,0.0121049552791748
"EAF1",166.094739197398,1.01762515008793,0.196650332794895,1.33137661760082e-07,1.14402224924603e-06
"CSRNP1",339.869253012712,3.63054534121949,0.240632959769712,5.27083991794325e-52,3.26177537522945e-50
"IQSEC1",8.83021905490232,1.39187207247958,0.734848733582863,0.0173839650456506,0.0474952915521635
"RPL32",368.287642386673,-2.43389694989632,0.123115753362936,9.20757681734342e-88,1.00844888951857e-85
"UBA3",42.0708793948246,-0.724305284403906,0.292420647930825,0.00936399798265267,0.0283570709152089
"LIMD1",10.7375328369216,1.60682939003154,0.630036699570621,0.00283172183286545,0.0101967264732864
"NFKBIZ",112.721652079256,1.89751328940219,0.297308515699709,5.24559955185932e-11,6.46332801925523e-10
"MYH15",10.2125043722614,2.54362897567945,2.07716288582679,0.00976648977538925,0.0292931012606763
"PHLDB2",20.0819086100153,-1.28626499485736,0.44191679580741,0.00136364487443452,0.00538126945015625
"TRPC1",9.82062261770949,1.4778110588818,0.722372369466968,0.0118960340017761,0.0346632747517969
"RUBCN",29.7123305165619,0.997144970430635,0.394978390625899,0.00628681757881737,0.0202469270916406
"TCTA",15.3132834689966,-1.40083162415875,0.504752828047914,0.00176638262778849,0.00676361827510576
"DCAF1",54.0789245490798,0.742277633712714,0.297624948936371,0.00893683310982827,0.027272953762855
"MANF",173.195064580452,-1.43307674966814,0.166353669804837,2.40537517547559e-18,4.99160562730272e-17
"TM4SF19",45.7717700170847,1.32280517468062,0.301174168773875,4.51974485994168e-06,3.04999897639096e-05
"EIF2B5",156.880890252675,0.680866535545664,0.233568644301262,0.00271909653908975,0.00985386876035675
"DGKQ",36.4550049397622,2.4561902213827,0.379920565057381,1.83325633534526e-11,2.35120236317515e-10
"FIP1L1",52.4996606885517,0.857008816700822,0.279091960757516,0.00136840455779177,0.00539850854703442
"SLC26A1",12.6840011179734,4.5017596659448,2.2207767674652,0.000266755602777207,0.00125896967110994
"CENPC",24.0036561248516,1.15025559859411,0.531183472204179,0.0135413538166506,0.0386575677843978
"ATP10D",33.3188055643428,-2.45897531339295,0.368046773757596,3.65875124915219e-12,4.99414117094957e-11
"OCIAD2",78.2147479498192,-0.865153493926197,0.248487210205613,0.000311709453202396,0.00144709510152522
"SLC10A6",25.477318470134,-3.18056756207419,0.483720240521296,6.10951024220731e-12,8.19351227817889e-11
"SCD5",12.9947945499769,-1.90434821508098,0.56948093443601,0.000162367014426197,0.000807737851146907
"SNCA",23.9950017236262,1.72114172448932,0.452663079080676,3.68634678191036e-05,0.000211010047350334
"PYURF",91.7298039245154,-1.13573708186477,0.247906417657697,2.20368065395926e-06,1.56273345450348e-05
"CAMK2D",24.1202007977856,-1.18862892721307,0.387766051272873,0.000934795507082364,0.00383819636945452
"CCNA2",10.4317011038066,-2.51450142426976,0.728739370241903,7.75767151046511e-05,0.000415961869353615
"RPS3A",362.355205730052,-1.43803477722319,0.121582213825238,1.0085481787859e-32,3.96523215591038e-31
"NDUFS6",61.314456805239,-1.54546324385851,0.281380898851125,1.22372646604695e-08,1.2166732875683e-07
"6-Mar",119.122640087168,0.95288886560307,0.251848685501431,9.35103374107153e-05,0.000492723427364594
"SRD5A1",7.46651510402686,-1.36799207426848,0.704287878774007,0.0151041839095354,0.0423395770773082
"MYO10",52.0003513076453,0.83390217240913,0.298757848314199,0.00339188291375233,0.0119316809099623
"RPL37",183.370567958176,-1.74128666664763,0.152847953294511,1.28104705559246e-30,4.61578312458901e-29
"SKP2",10.2919335966971,-1.95139794715773,0.695355055155004,0.000873236538575858,0.00361664592807528
"PLK2",194.544094204921,-1.96995703920632,0.173727174091528,1.86080016189789e-30,6.65260161507534e-29
"LHFPL2",27.9785801477253,1.17732030785708,0.388155765216201,0.00108463544152584,0.00438814690502978
"PAM",38.8881033472826,-1.21742991932735,0.306513124794485,3.06123372520104e-05,0.00017892852777541
"BDP1",61.7962239354098,1.42582873636784,0.285066530773719,2.14498967272601e-07,1.79616853662737e-06
"BTF3",418.038202438105,-1.08685969842493,0.115434613709503,2.4558836288202e-21,6.06282541640766e-20
"FEM1C",87.9920910852641,1.15829328104684,0.245312893467918,1.41777736949313e-06,1.03849934708095e-05
"CXCL14",77.0615662198812,-6.5171313250124,0.4975673630169,1.53179458057204e-39,7.31445163041319e-38
"N4BP3",24.3091299209503,2.40942187785578,0.557127461516898,3.01762105621557e-06,2.09895012982736e-05
"NHP2",76.5508664194203,-3.1347075633058,0.282155462818799,1.37051743554812e-29,4.7520453795387e-28
"BOD1",93.5438680945815,0.822370291112885,0.22012825981059,0.000126557509030264,0.000644224870755309
"TENM2",23.3191224414691,-4.66992845510461,0.607871688179356,2.78650016771499e-15,4.87991146122676e-14
"ZMAT2",97.5343885280654,-1.33519005663546,0.222300007650447,7.39786653240533e-10,8.32712546061938e-09
"HIGD2A",150.583323629714,-1.3033981409002,0.26395255021661,3.65339968844778e-07,2.94319414480907e-06
"FAM193B",75.0047225963928,1.32140937435588,0.27883336236984,8.99720039128758e-07,6.79591490967535e-06
"PLA2G7",4.00967809270393,-3.66891458521382,1.49247466141284,0.00143453356981444,0.00563683464220937
"TNFRSF21",22.2523895202373,-2.75873883258073,0.484808175706239,1.68128539531038e-09,1.82690853978608e-08
"RNF44",61.2474772020372,0.748213561063618,0.303967885584534,0.0097490291103551,0.0292725417151654
"PPP1R18",226.844118575758,1.90469510703682,0.149299811104267,7.55483131322088e-38,3.42949579350158e-36
"NFKBIE",64.9875821790104,1.69880474614352,0.340171580917048,1.82011857261095e-07,1.54001448816868e-06
"TPBG",61.7685690958065,1.4153488305672,0.262475957333557,2.59462600504846e-08,2.45750438364233e-07
"PNRC1",111.200777462986,0.498066293983522,0.194727234839878,0.00917405953306477,0.0278957650042741
"AIG1",14.8219031772299,-2.63325823438492,0.569877322534698,5.27200355785145e-07,4.14314630400626e-06
"PNLDC1",17.7815095150048,2.25061200129846,1.05868735143741,0.0093475139987613,0.0283174811188835
"WTAP",85.0753781152653,0.877398367224341,0.26083971272992,0.000494394499751965,0.00219377623684152
"RBAK",29.9772363752314,1.42804925840463,0.387351718031103,7.96106932416044e-05,0.000425494797340876
"CREB5",65.3760712416302,1.59463828958712,0.556800658951933,0.00151065376468035,0.00589731879846926
"EGFR",55.8879398500002,-1.7147044541632,0.270826301694591,6.51908156972633e-11,7.98254886088939e-10
"CDCA5",6.3448071071294,-2.59804178399593,0.989757930671399,0.00116365332228462,0.00467085975786148
"PURB",43.3839465449084,0.727830801727124,0.320482073018495,0.016499985786674,0.0455490705853374
"MDH2",89.0990798369731,-2.12959733571923,0.245898429190767,8.95472457251067e-19,1.90408627273725e-17
"ZNF92",17.1121266575545,2.08166118492634,0.631335815789055,0.000206211754730578,0.00100060556092897
"GIGYF1",103.739078459157,1.78991568791671,0.27797884798463,3.45710729463209e-11,4.34104464658079e-10
"TLK2",39.300907717111,1.7836151291708,0.394448881316163,1.70802762175548e-06,1.2302077860243e-05
"EPHA1",29.940114124068,-1.13213031479582,0.35222874708215,0.000601277919014151,0.00260931927119348
"NCAPG2",3.80955808720474,-1.98215200243538,1.17567161121838,0.0122744730108976,0.0356214489564473
"SH3KBP1",31.7309018212512,-2.02831511443647,0.375502598523689,1.35252206426553e-08,1.33606331330453e-07
"KDM6A",70.7170861003454,0.817149639249035,0.296020112880095,0.00386533365650793,0.0133755276980465
"NDUFB11",45.3450012130741,-1.77577286996414,0.348523559671068,8.5361389446013e-08,7.54636242379872e-07
"TAF1",33.7199338828002,0.858798643970498,0.376024063632218,0.0139648667549579,0.0396370138252611
"EBP",61.437119541992,-1.10191165587106,0.303713176869813,0.000138793760653497,0.000699800473883179
"OGT",518.652177738878,2.5772927419679,0.124032788620175,1.77890155420965e-96,2.27304087482344e-94
"IL2RG",2.52563685736294,3.12654535559009,2.86065172608293,0.00897171975145772,0.0273673148917145
"GCNA",246.163947782936,4.06312226130894,0.520747490605896,4.46717346945091e-15,7.72518720280984e-14
"DOCK11",5.98879780300108,1.92665133258622,0.953781923217992,0.00814411221988083,0.0252558985695181
"MFHAS1",15.2818843050873,1.38983072156198,0.511486582062647,0.00224395963698148,0.00829315559462893
"NSDHL",64.004756141395,-0.895880354974923,0.255942667085887,0.000285117860526059,0.00133694409624859
"ZNF185",116.735652854085,-2.70608278169875,0.21195199405593,3.54325222251289e-38,1.64083492183483e-36
"CETN2",41.2771180443183,-3.33175431038887,0.422847366926239,3.56247192015302e-16,6.58127342678872e-15
"RPL10",227.132683897656,-1.85683507576589,0.135949870489791,4.35743114081841e-43,2.23541077112617e-41
"CCDC25",17.4113345330589,-1.80203097735479,0.50998468619676,9.00757642985819e-05,0.000477176793597094
"HMBOX1",34.0744839701201,1.8031103105975,0.440008704858861,1.12784431297082e-05,7.1004797075718e-05
"GNRH1",62.4751474812197,2.08751919240795,0.399531315164923,4.5784138831034e-08,4.18424580045212e-07
"DOCK5",14.5279588893682,1.36768153250225,0.549914068669313,0.00447967132369709,0.0152002616835554
"TACC1",9.51588293752042,1.48761579159408,0.694666751512236,0.00928272809891124,0.0281480219215502
"GOLGA7",123.962362102755,0.441039288392954,0.186781328265906,0.0162333816027898,0.0450021426513659
"RPL7",356.118544716902,-1.9272945271705,0.127643409924721,3.81161474272463e-52,2.36938213736936e-50
"POLR2K",74.1889907841087,-1.01679900221092,0.27569257902488,0.000121167254619101,0.000619781100090557
"MAL2",183.647032830816,-2.09081499801153,0.176883484940516,6.09752173607528e-33,2.41105444005269e-31
"EIF3H",77.4925430570042,-1.84022058881608,0.24234111938742,7.64484655399032e-15,1.30729718023626e-13
"NDUFB9",35.7560641341937,-0.978632088980687,0.321766967617099,0.0012822170921791,0.00509050514156259
"TATDN1",6.98538235149011,-1.36412466267657,0.732320516634758,0.0179152262146551,0.0486099334963115
"GSDMC",35.2090249752217,-4.09002856684579,0.457033188044731,4.99597140212595e-20,1.12287305129215e-18
"VLDLR",11.3141142039686,1.38580013266529,0.608956576548445,0.00738548802318866,0.0232534188272881
"UHRF2",42.4453094291903,1.62888330654392,0.372575031303987,3.82348597171418e-06,2.61467326113259e-05
"CDKN2B",67.9626839915841,-3.94370745261914,0.303983970551034,2.23913574381854e-39,1.06551976774813e-37
"IFNK",8.85777032273609,-5.04424465848871,1.23443823169044,1.01899827444662e-05,6.46834231249463e-05
"SIGMAR1",71.869731698985,-2.44768471880524,0.259660678680863,6.43922151372732e-22,1.6245202356387e-20
"UGCG",71.2644491962495,-0.727791998417283,0.236155416667432,0.00148034886876071,0.00578883944145587
"STOM",58.129544662598,-1.91004335223772,0.274579951885227,7.90837949161734e-13,1.14397942331572e-11
"GSN",48.3394750001116,-1.55357714663565,0.28876331057606,2.28153140947827e-08,2.17138851384829e-07
"NR6A1",8.42292776932863,2.05712113972763,1.01756471260938,0.0092337953164143,0.0280242743273625
"ALAD",7.16803146283689,-1.84883481520529,0.775957777124298,0.00310230295132718,0.0110431829011914
"POLE3",51.2970252414635,-0.640727463176252,0.278359419543979,0.0162420094825269,0.045017017645887
"MED22",28.7812774064517,1.11033354786524,0.38826209920939,0.00203884223992906,0.00763321294384726
"RPL7A",806.329155595927,-2.41226193454138,0.0908837087124368,5.29410665527702e-156,1.23828257360717e-153
"MIGA2",47.9697681171494,1.4636089593773,0.33328650363428,4.02052292801717e-06,2.7372085055075e-05
"PTGES",12.1821812538584,-3.02093088582864,0.788266760693257,1.4577525721065e-05,9.02106972873081e-05
"GPR107",40.3731500038407,-1.08683166128393,0.307505743200222,0.000201717758712567,0.000981214335648016
"INPP5E",27.9442960665145,2.56504785396725,0.46594972017692,6.4698395746138e-09,6.66296911415451e-08
"NACC2",18.0290387334518,1.68065185392814,0.511945248327361,0.000267408450868029,0.00126118818249446
"COMMD3",21.7763520935839,-1.33458748376775,0.462177330563918,0.00135909245612028,0.00536790952903831
"RSU1",35.2208820588029,-2.20587736588946,0.360690228375386,1.68172700997233e-10,1.98697198096046e-09
"ZEB1",17.9125510276365,4.35500739445033,1.29441764311067,6.78440454129685e-05,0.00036831149752123
"NRBF2",92.3949957598266,-0.928118754359444,0.248082970168858,0.000109244963844175,0.000566333771994595
"CDHR1",3.47400522322499,-2.41865561716798,1.24344993079558,0.00568178884283001,0.0185802573533304
"HERC4",58.0678902182317,0.825959469620566,0.28934281776535,0.00282436466238949,0.0101792197286432
"ADIRF",137.157967043439,-1.07476773476227,0.219130057117759,4.82417171198356e-07,3.80682071381202e-06
"GLUD1",95.7268533286387,0.485397940808426,0.208428475776447,0.0173414053183427,0.0474071698480843
"ADD3",16.0817072620449,-1.05761241025607,0.500714744638296,0.0162152697954332,0.0449700006384603
"MKI67",6.13594941538041,-2.82104125058094,0.952164211685492,0.000366184550640029,0.00167163307933589
"GSTO1",89.8878092318794,-1.92970600915225,0.237649546569906,1.03773204151219e-16,1.97799753768897e-15
"PPRC1",111.961709260909,1.19043532600214,0.227863100369889,8.4420270073516e-08,7.47753354951554e-07
"ITPRIP",43.4877258638783,-2.54502449986158,0.323955002004369,6.17064831234283e-16,1.12193605678961e-14
"BTBD10",117.167508600444,0.503769432885416,0.183104535094816,0.0051241271711301,0.0170309386638084
"ADM",135.411243054929,1.35396820154694,0.188383622422373,2.66358414188894e-13,4.04817854163737e-12
"LIN7C",47.7702593726955,1.4556998506622,0.329761094163893,3.66097748149975e-06,2.50976101563321e-05
"PGAP2",17.115913801533,-1.99617851993184,0.513796123366625,1.94103727704025e-05,0.000117483835189278
"SYT8",5.31753565508811,-3.42069726562053,1.17442849065991,0.000451934172594665,0.00202555751276596
"DGKZ",28.8861834603315,1.13762151056177,0.40264797789704,0.00222265970797726,0.00822765664433642
"EIF3M",51.8669908905431,-0.899928254664277,0.277932754143594,0.000728452367534285,0.00308742096805072
"SSRP1",54.9248422249758,-1.19268671403495,0.276713519147233,7.30098621723124e-06,4.77505259705171e-05
"SLC43A1",2.62096002366975,2.85485443734103,2.5914273292252,0.0102394253998808,0.0305324266461441
"CELF1",122.16426928727,1.90409215153535,0.222781124704553,3.40160084624283e-18,6.97505076941323e-17
"SESN3",12.2185448298683,-1.15505708174118,0.547705023415385,0.01422664570002,0.0402640916038303
"ENDOD1",42.0317825375084,-1.73855984193228,0.341703011947109,9.03988248945175e-08,7.97636690245743e-07
"CCDC82",10.0180832458465,2.3382210637339,0.801019472511552,0.00066228626072368,0.002841899999374
"SERPINH1",334.026601839758,2.55672045847586,0.172605297438177,2.8639013734178e-50,1.69621626408436e-48
"RPS3",285.607590057843,-2.65416166781802,0.13196558232111,8.89926588678317e-91,1.03201570787906e-88
"ZC3H12C",33.2431419590463,2.13976028442844,0.406975771713195,3.16817027944613e-08,2.9621104238724e-07
"MTA2",188.64124527407,0.650293466772749,0.16725251177523,7.97127411666271e-05,0.000425875272202654
"PLCH2",32.6349784761893,-0.815806658601674,0.339753183937201,0.0105081091967694,0.0312323728010807
"CPSF7",131.152040396038,0.997904140099455,0.213309022128065,1.71201575066339e-06,1.23179443999764e-05
"EI24",105.524550635691,-2.29113299374206,0.213537517178315,1.27705837291893e-27,4.16628972725324e-26
"MPZL2",82.2594875505201,-4.09497981751299,0.282646052470779,1.92409015320795e-48,1.10635183809457e-46
"TMEM25",16.4045863747272,1.72794979763517,0.643005459806594,0.00190198575828481,0.00720488703385406
"SPATA25",18.7921573130899,3.53122969546791,0.935081425998518,4.35966949856245e-05,0.000246875006484045
"LSM14B",69.5714954124145,0.943958405634649,0.270555673084476,0.000286777513932899,0.00134426959656046
"YTHDF1",119.192111937769,0.996039352232231,0.209540431379527,1.13682814903148e-06,8.44815748876381e-06
"LTO1",27.6426981188732,1.38331220713931,0.399543575147272,0.000216090919702166,0.00104085678599996
"FERMT3",32.454074392367,2.89540723972902,0.877825004349796,0.000311754618611193,0.00144709510152522
"PLCB3",81.7469567171381,0.879037681563519,0.22713299963788,6.98305231308671e-05,0.000377906360472928
"FAU",310.115428754003,-1.78884932266403,0.131582295224959,1.08648080232838e-42,5.51229230593075e-41
"TM7SF2",34.3387815060833,-2.3418666399499,0.382423494628686,1.52920274995073e-10,1.81297233241581e-09
"VPS51",27.5823235696476,-1.03736554715719,0.376190039056005,0.00292426903284658,0.0104845187459815
"PPP4C",239.079834020592,0.602241340871517,0.157124732229624,0.000103437035826221,0.000539060080967468
"TMEM219",32.8148179162466,-1.14598853124868,0.396410894326245,0.0016963649424651,0.00652994036430079
"ITGB1",207.824896415863,-0.391533522642093,0.138640244907812,0.00432620152171184,0.0147703070261315
"DCUN1D2",25.2751272209277,1.91008876070639,0.47950579769908,1.61243655991637e-05,9.90722374303021e-05
"TMCO3",27.6461059912005,1.54096791766545,0.404864978032438,4.46910015051333e-05,0.00025255357115923
"LATS2",54.7981905856467,1.6975760635462,0.348964715129842,3.52760394852454e-07,2.84850406609939e-06
"LYPD6B",15.1429630489848,-2.58156857506667,0.576426882731361,1.02726903308441e-06,7.70033278466318e-06
"PDCD4",81.9657101886109,-1.74239485581494,0.224797134286291,2.39950499480917e-15,4.21823808004669e-14
"PRSS23",7.45287441455043,-4.07919837342323,1.00257077622964,6.43798835848643e-06,4.24482748911193e-05
"CCT5",208.7723996662,-0.538511548962322,0.1456715063755,0.000182435989407608,0.00089850701421306
"DOCK1",26.4533196083285,0.987645564181067,0.394669160972349,0.00669912658679853,0.0214098996984298
"DLAT",18.2511282644495,-1.02968820800421,0.47553684870044,0.0146309299499536,0.0412559937289251
"TIMM8B",57.2393544060337,-1.42630805744976,0.309112687530632,1.34741223217377e-06,9.91695402879896e-06
"IL18",84.1657465926048,-1.64453725288855,0.229554198885037,2.2989042064853e-13,3.51327553150577e-12
"CRIM1",45.3755960622429,-0.816312867553287,0.288681563040494,0.00307204091074762,0.0109630629863763
"SEC24D",18.1112222746191,1.06644444517588,0.474116667261889,0.0117894629941292,0.0344181487875995
"UBC",3723.58683544554,1.43594666732301,0.0621982284484929,3.95073996276598e-118,6.26669097542191e-116
"SLC7A11",42.3318657638687,3.20319221269296,0.400700360092982,2.04645040405781e-16,3.82151766928252e-15
"NOCT",78.9924957553082,0.852188309648044,0.260671962196284,0.000702496830850842,0.00299027028554646
"TMEM86A",47.6146919730934,-2.77236344493069,0.345623439997551,1.62630785757147e-16,3.0493272329465e-15
"TMEM263",18.8344814158626,1.8128304610126,0.512256774335494,9.60848020968897e-05,0.000504362977914446
"BTBD11",4.70754479989021,-2.39564308284115,1.06684027818676,0.00314454938426203,0.011172703785483
"DLG5",57.5642159195426,0.915700158738253,0.271474002469185,0.00045379444752591,0.00203191543668318
"TWF1",63.1094015361974,-0.908696030622842,0.243996604968252,0.000118474997071424,0.000607564087545766
"MBIP",105.378048134754,1.60230796036049,0.268298314038787,7.7525781285776e-10,8.70509179612457e-09
"NDUFC2",53.7892352849257,-1.15286306868781,0.276630084934778,1.432729314128e-05,8.87019494614913e-05
"FER",96.2873286083916,1.95318496285833,0.285524425389039,2.13679398948157e-12,2.96956264399251e-11
"UPF2",56.2967706213766,-0.689239606338343,0.27785452829907,0.00962091593356337,0.028950859111028
"EPS8",12.0687645479819,3.5454538341707,0.949102885533456,4.85016004483506e-05,0.000272082148856601
"THYN1",10.6967445378821,-1.81787973353246,0.676089367314711,0.00140549314577687,0.00553217496055925
"FAM160B1",26.0424526648733,1.62568950638087,0.427821913166877,4.23695380606016e-05,0.000240221703055177
"TMEM45B",89.4353039923007,-2.84047564313719,0.238285136722731,1.34773342961158e-33,5.43822261071338e-32
"WWC2",44.776990515454,1.81175773728334,0.377341476472846,4.37024596728295e-07,3.48005737729398e-06
"ACSL1",67.375555353803,-2.09378425676253,0.252281629362732,2.04137480136436e-17,4.04755348546381e-16
"SAV1",36.4766012901363,1.46928744797077,0.363176025043606,1.77913734887913e-05,0.000108302141219815
"NBAS",15.6896624241121,-1.19677792216378,0.490634776869433,0.00593355573184894,0.019298390077661
"SACS",24.2945957738568,2.07281681691038,0.524652113158402,1.78278693682755e-05,0.000108428645783253
"DST",40.4878121137054,-2.13143934566072,0.32259775325471,7.41498270163642e-12,9.83911166178678e-11
"BAG3",802.837232376898,1.24594520481851,0.102392789243452,1.97834125307263e-34,8.19853131903971e-33
"MZT2B",51.7019821529218,-1.66462432994475,0.339686188466977,2.56095405192416e-07,2.11244267283643e-06
"FAM168B",150.568719339121,0.777314815686407,0.17539881532026,6.65996096618529e-06,4.38280693053681e-05
"HSPB8",194.998354249173,-1.08983773605857,0.165019210683768,2.07095203314563e-11,2.63888624722157e-10
"ATP5F1A",61.1031280872736,-2.37876450057483,0.270634203271963,2.48908467216981e-19,5.46094888329783e-18
"HAUS1",7.12678921874308,-1.83138682635375,0.906498409930487,0.00715333490558868,0.0226464835276724
"PDK1",7.93917949088446,2.07243817651178,0.792262944237957,0.00155038896946247,0.00602686416298089
"UHMK1",88.2082931972384,1.2835055598619,0.246815768490478,1.06627410054667e-07,9.31892500794432e-07
"HOMER1",41.4141986281951,1.70929963604122,0.401429074586072,5.92906308879941e-06,3.9355974326807e-05
"XRCC4",47.7602939716557,1.02072766502034,0.357165850034192,0.0022897879340311,0.00845124394625576
"ZNF776",57.7950204801806,1.72410731039573,0.34824737996581,2.25589319787472e-07,1.87877560500664e-06
"ZNF256",47.7118258772865,2.27028064406378,0.430724014719673,2.84574507323861e-08,2.67697900550053e-07
"USP12",107.318058603878,1.78471086253257,0.23997895009431,2.89925676556828e-14,4.74611427815448e-13
"CCDC50",41.7129829913608,0.990662252155649,0.329571925014262,0.00147529229923266,0.00577233732050206
"TRIM36",6.53293711162936,2.84137481774701,1.46241213838202,0.00490966201303306,0.0164649661676443
"ZFP36L2",111.389489199386,-1.63244666627762,0.200478750098192,1.12477087977555e-16,2.13505338939513e-15
"PAN3",45.867762765757,0.920641097865309,0.343318740860226,0.00438103168760087,0.0149316466507513
"PFKM",22.1186106864299,-1.41328231425684,0.42435731871741,0.000290499741743293,0.00135961900158264
"TMEM123",95.5150679709951,-1.94386674257365,0.237424882958944,5.81961087104652e-17,1.11697677358056e-15
"GJA1",195.812072165121,-3.38037118493501,0.177369296682406,6.85284549120692e-82,6.95362263078349e-80
"ANKRD22",33.773275457172,-4.4510924703179,0.479365185660323,2.88917354309316e-21,7.09441190296897e-20
"PANK1",2.93003587423876,-2.08940803230658,1.37412568654097,0.013699086886064,0.0390190710067457
"PRDM8",4.50930983937671,2.481957832777,1.54571541329432,0.0100673039784573,0.0300776780477832
"HNRNPDL",824.194305726898,1.18125638446724,0.113909964769516,1.69569924701698e-25,4.95776474763439e-24
"MED21",52.18316764306,0.751764655451849,0.282357498843032,0.00547058463618915,0.0180219785102436
"PLOD2",25.7105857074858,2.96024966060392,0.475392971608383,7.37375677371522e-11,8.98920878774471e-10
"MR1",15.8980484482477,-1.39070029961583,0.513343953948034,0.00219291182972614,0.00812815729609086
"CENPH",5.39130460345439,-1.85362592071622,0.970208760866478,0.00879499959124104,0.0269174970856346
"RASSF3",13.3795590889047,1.18521377272325,0.584425079895235,0.0167727284409547,0.0461266744689466
"HNRNPU",132.297553480951,1.14037217332445,0.196298849165991,3.15798753524897e-09,3.34460690609638e-08
"ADGRF4",52.6668461590384,-3.53977884792446,0.337970402035169,1.36041885264514e-26,4.2378736267501e-25
"FAM49B",35.9976280959948,0.797522811937156,0.343796279077848,0.0135210357030121,0.0386235339891465
"ASAP1",61.0256678566896,1.65174583998701,0.311506022961413,3.60600101121054e-08,3.33084430754388e-07
"INO80C",45.4928890131832,0.920556653687686,0.321628659409753,0.00252160774202074,0.00920586953436145
"LPCAT1",21.4122062649662,1.02098888263273,0.417844173026495,0.00753930180576823,0.0236645627396978
"NMRAL1",10.0854360468643,-1.5151648372364,0.636170664620725,0.00450661818952149,0.0152729201904215
"ING1",48.974065449819,1.69131716317931,0.49479092469631,0.00019869542593087,0.000967877471883519
"LURAP1L",12.2184671462964,-3.68425034728282,0.737785941922238,7.1480653176318e-08,6.38054989542813e-07
"ZDHHC7",55.6569026551331,0.716058664738531,0.265281579090819,0.00509535887162658,0.0169599499345023
"JAZF1",18.3581924196867,2.60035990256486,0.589866997207111,1.77747549737178e-06,1.27623110633354e-05
"PID1",4.64470299570178,-1.96048246700059,0.983916726466354,0.00675747586072812,0.0215514598747511
"TRIP12",221.687237083982,0.527813967913598,0.158960595600499,0.000765594647768992,0.00322306471605006
"CEBPG",180.183169676732,0.985597086579328,0.172456322634753,6.50324082791823e-09,6.69237311150422e-08
"KCTD15",40.6942204393348,1.26085828838106,0.332473861845864,6.30538753096135e-05,0.000345432107690618
"CHD1",68.9992002799008,1.24499741617313,0.287184644211014,6.55037488027492e-06,4.31480541039589e-05
"DGKE",9.36582130865877,2.50758244138069,0.831009241126037,0.000428313494381084,0.00192845880014974
"ZUP1",140.222587700022,1.22366260448721,0.226800265970727,3.18695497383543e-08,2.97564131521846e-07
"IMPACT",12.9022574921474,-1.36770149444095,0.567060029462986,0.00508162463225949,0.0169264832066572
"SDHAF4",13.056844391355,-1.39209328922111,0.649782122532669,0.00934887275200241,0.0283174811188835
"C16orf74",9.93543618920316,-2.57666922479061,0.748320676650684,7.50872187087954e-05,0.000403978018784162
"TBRG1",67.8086027801022,1.21746624913707,0.30954759400458,3.81175250514044e-05,0.000217634193508226
"TOMM70",43.103615121478,-0.829411649974207,0.312363359351081,0.00506320774510093,0.0168732834779987
"CC2D1B",31.5344739099004,1.19155691275064,0.373388779388126,0.000635501507291821,0.00274060025019598
"CERS3",42.791636237799,-3.58720801835636,0.412417270430602,3.85562360119104e-19,8.40562491254919e-18
"UCHL1",4.95519145642232,2.13984649049021,1.1194431338118,0.00750784922818892,0.0235902366459488
"TNIK",23.0615116275711,1.81120130710781,0.756004672619512,0.00475821705373377,0.0160232785118414
"NEIL2",46.0123479537531,1.47358061649327,0.375674050875502,3.14338348123141e-05,0.000182920867642163
"TRIM11",24.8543856323429,1.19639141888801,0.424756960784297,0.00211058523708862,0.00785916790928843
"ENAH",26.2994007318289,-1.19456524063441,0.380992694449372,0.000731522800753104,0.00309853120024335
"SH3RF1",32.8696458679483,1.62533040944238,0.397668657885798,1.3459912562958e-05,8.37451728443736e-05
"DIPK1A",17.5850118449975,-2.00692900173194,0.498621360237482,1.08210129434147e-05,6.83432396426193e-05
"ATP5MC3",59.8238331298767,-1.38575634863979,0.258770665602413,3.11981455155585e-08,2.92284051673257e-07
"PDLIM3",13.4168672226425,2.31735508681491,2.01336241372957,0.0130443872443781,0.0374948019105223
"BTG3",98.4924649261511,-0.849978654872161,0.22993087641284,0.000139830628377867,0.000703999515364673
"MRPL39",84.16776380869,-0.764925839308318,0.230321611751601,0.000622806056772248,0.002692582576271
"ATP5PF",100.254673537088,-2.18439805719078,0.212705426462736,1.82229981560554e-25,5.31664639648127e-24
"FLCN",241.002057985267,2.56238112429858,0.255131372498345,2.42369678887036e-24,6.70280875479177e-23
"SKA1",2.68977456989912,-2.18673122097128,1.58855838037333,0.0185068085069567,0.0499694692615932
"APCDD1",5.96967677643513,-4.30664148500406,1.18567484818932,3.38430367450806e-05,0.000195166697485212
"USP43",12.8271795353972,2.12085004404164,0.718069973359963,0.000641272686403077,0.00276131247763663
"RAB6B",7.05333206421882,2.27400223493373,0.89589685069662,0.00180491868678584,0.00688443280200236
"ANKRD40",34.8218904606791,0.786915909097266,0.353897301670402,0.0174630093599316,0.0476829301873874
"PROM2",44.8334208972489,-2.69884663948008,0.342554944892461,4.81509733080377e-16,8.83621584642182e-15
"ATP6V1C1",95.5037351608484,1.28422400025773,0.239094364070518,3.4301465628971e-08,3.18118431236425e-07
"GTF3C6",82.1465467666496,-1.38905165355596,0.238851211816632,2.19972725820615e-09,2.35868190856604e-08
"ZFYVE27",67.3030002431916,1.37874397000684,0.283961995733527,4.75958249257184e-07,3.76261644266852e-06
"HSPA13",100.736063384798,1.76449389022884,0.267816231917972,1.3361010228461e-11,1.73454319052457e-10
"GRAMD2B",18.7485007416035,-1.49178186549276,0.480990734968299,0.000572126198887009,0.00249457868709028
"RHOC",153.851339959527,0.698137621788687,0.159981874699595,9.73330771680998e-06,6.20414071556479e-05
"PPM1J",24.20330027619,1.7603334505383,0.470572285067755,4.80344008106389e-05,0.000269680525299763
"DBI",199.482196982652,-3.48986946897715,0.186174957049336,2.41630691421124e-79,2.39892341123131e-77
"SLC16A1",90.917665763652,0.532514419712163,0.204615367510828,0.00780015129118463,0.0243534135335629
"OXA1L",36.3098864890355,-1.36585087537213,0.327333977302213,1.10070474514363e-05,6.94546204068683e-05
"MIER3",61.3524977832139,1.2093060811833,0.297570302931148,2.2311644648075e-05,0.000134044708812989
"NUP205",48.6146888260425,-0.679439672062229,0.284527755260478,0.0124928642573274,0.0361428777256011
"ZKSCAN2",6.72455508635422,1.57643227616564,0.869733831288891,0.0172006355060569,0.0471063246643353
"PDIA4",184.037999924625,-1.55912667796044,0.150675757638838,1.19556024407557e-25,3.54811427274039e-24
"TMEM237",7.7806736058924,-1.53422546876473,0.725277960653334,0.00860976951423271,0.0264562055881566
"RNF20",17.2508313887284,-1.93214129957648,0.512973801014942,3.29178421979394e-05,0.000190787997619304
"RRAGA",139.360458722704,-0.57585601568681,0.193022289518437,0.00231006379284514,0.00852148632484975
"RASA2",30.5992906719203,1.66420519224615,0.397811008158495,8.31281881668747e-06,5.38829965572039e-05
"RAET1L",143.682574820229,-1.12328297439335,0.215450643571751,9.08942044736995e-08,8.00983411070915e-07
"TMBIM4",11.596117146096,-1.77171686911024,0.621968903567948,0.000928778298826763,0.00381689711846615
"VBP1",62.6617292215906,-0.649120720897307,0.260481362718371,0.00965911645023713,0.0290341553067463
"RAB39B",3.43784633530961,2.8566524419595,2.69811764370739,0.0106532846103754,0.0315890261330428
"CLIC2",53.3328366140719,2.27178465160643,0.396387734443718,2.16318422987083e-09,2.32130189519576e-08
"GRIP1",17.8476290528575,1.92873619364938,0.567153730115336,0.000153799883179885,0.00076844257345489
"KIF5A",50.7627457467221,4.10723128572125,0.830210886664469,5.14657267487913e-07,4.04687765887932e-06
"PSD3",5.71632485573002,-1.63821443920413,0.855856280623158,0.0116959404952127,0.0342030046268139
"MCU",116.568022715148,0.975986818389169,0.206449202253281,1.3426775202097e-06,9.88737981797965e-06
"GNAQ",49.2760433122391,0.988736855264204,0.297618342211545,0.00050460296143872,0.00223619809500781
"ADK",45.3533636102516,-0.95541818364356,0.310921135047528,0.00119132957510841,0.00476808240617635
"DRAM2",24.8159490447616,-1.39136065368252,0.405613730128817,0.000206151586627983,0.00100060556092897
"WHAMM",25.6568305987034,1.01515622217631,0.414194637961954,0.0074500097592958,0.0234351800041673
"RWDD2B",8.55420686463938,-2.4899068410753,0.747511672141359,0.000111425488006841,0.000575907016664571
"CCT8",284.226934082474,-0.419929544271347,0.127081789289226,0.000833085581314979,0.00346491290601167
"TIAM1",19.9943255037107,-0.983982034661212,0.418256813641457,0.0097585994110096,0.0292843171876214
"SCAF4",101.171889830182,1.51053595617302,0.251005263356525,6.26939239880191e-10,7.11493545258769e-09
"ATP5MPL",40.7876331482739,-1.21977792098089,0.320046532775951,5.79662130972729e-05,0.000320743280169353
"PCDH1",52.3424020388438,-1.92596942126078,0.296238657643568,1.79205314999994e-11,2.30263812569825e-10
"SH3RF2",16.5047329064535,-2.66442096052112,0.546982827143626,1.48157932888998e-07,1.2644276276241e-06
"UQCRB",24.7412515147631,-2.35719949685685,0.425427605239668,4.91892943041767e-09,5.10385158945593e-08
"RPL30",348.343681396866,-1.97448922872096,0.117301703455997,2.68931127257231e-64,2.18308797420576e-62
"EEF1A1",821.327993293729,-0.652807678968875,0.0834128667811334,3.89394096345803e-15,6.75080217282925e-14
"HK1",99.9976373739464,-1.14101898663481,0.19417047295164,2.03103270251202e-09,2.18629105262604e-08
"TYSND1",16.9197394298572,-1.660406153992,0.514412161588107,0.000309409126309704,0.00143765856669155
"CD109",28.090248048103,-1.25733954459975,0.372000546991083,0.000289672524573751,0.00135645769905591
"UBE2L6",18.4356741215159,-2.11465922308819,0.63306604734106,0.000131006746899223,0.00066466658353282
"ZFAND3",114.590304969129,0.782064922045985,0.206160975528718,0.000104115787553803,0.000541983352788565
"SAMD8",77.7800998247853,1.24752396694411,0.266783644251688,1.30832808984596e-06,9.64472630335162e-06
"RAB11FIP1",27.3096753923071,-1.59057859414587,0.395292030142965,1.63500708981044e-05,0.000100191375840959
"AIFM1",29.4473716314331,-0.81782599974125,0.373012976183965,0.0178491452151827,0.0485260449112532
"MAPK13",51.280519962516,-1.1855510898465,0.286924079805637,1.61167990186597e-05,9.90698558830754e-05
"PRR14",57.9440539949242,0.784606225826384,0.294094418534607,0.005229875054263,0.0173249706389815
"FBRS",277.119885659197,0.749058113632098,0.170878077678915,8.56799229046426e-06,5.53291032327594e-05
"PHKG2",100.921465063612,2.46908264425973,0.333461684637467,3.12908443756207e-14,5.08614431547192e-13
"BUB1B",3.92025368055009,-2.43145824173892,1.23516101840195,0.00542407266831974,0.0178901058371923
"EIF4A2",698.092717867116,1.06061612631511,0.107099185487277,2.21969342257054e-23,5.95948817732946e-22
"BRPF1",55.1554641424755,1.40281511191763,0.339535177942014,1.39771362411088e-05,8.67088299803742e-05
"RPUSD3",12.5514277839513,-1.11467405565649,0.534274164601515,0.0157526393327983,0.0438809896634268
"SEC13",51.0516841676409,-0.673030549883228,0.279451294904749,0.0118814676237912,0.0346281421770471
"EXOG",11.3779588202946,2.17238122682,0.75183537474758,0.000776608101406491,0.0032624632570501
"SMG1",72.3805872231758,1.51724702954455,0.271088389137132,7.6873235749103e-09,7.86397815669104e-08
"ODR4",75.5046705698551,0.715032426973319,0.271279911726546,0.00614869007291681,0.0198669920407989
"SSBP3",12.0830968255428,-1.39501385512047,0.566751080681965,0.00435805757254974,0.0148570144518741
"DHRS4",10.7127826929833,-3.36753753480551,0.830342523639327,4.90591268997515e-06,3.2976909460135e-05
"DDX19B",7.0755004592377,-1.74561383142433,0.777711673941509,0.00495727937931196,0.0165964229583952
"DHRS1",43.6585873024548,-1.31048526727587,0.296533208843251,3.87482472946302e-06,2.64584766286935e-05
"CCNB2",10.9894304760815,-1.6031124328284,0.646234191358388,0.00324872846184981,0.0115073030732873
"MYO1E",40.0685069034793,-1.03473106181272,0.302492125026013,0.00032584991463315,0.00150745183437394
"VPS26C",35.301354925533,0.743133830210521,0.323038236692388,0.015067580329624,0.0422541370755559
"DYRK1A",24.3645283751875,1.43784686022042,0.505114499956334,0.00154725462182748,0.00601637469180591
"KCNJ15",3.20432704388916,-4.12067339053691,1.71709376798521,0.000923573929206238,0.00379663992345728
"ETS2",220.334675962876,0.371560640939766,0.151533520650499,0.013099866149561,0.0376150963096009
"SLC35B2",82.391963905374,-1.49866329194004,0.275396627875209,1.72810647323708e-08,1.68894258715806e-07
"MX1",4.97757107670125,-2.44279385663436,1.00108196318829,0.00174079193491545,0.00667488988658884
"TAB3",34.376263695696,0.851899909600963,0.385173795897022,0.0168753697216519,0.0463285957944029
"BRAF",26.3479822272673,1.09421705847714,0.495246849614071,0.0130530004873421,0.0375025783389875
"SPPL3",42.6082767360109,-1.40734607093924,0.318070848417579,3.42103979540641e-06,2.36051745883042e-05
"BABAM2",15.1312749728018,-3.12958764651395,0.735274175439898,2.18136555035112e-06,1.54929719994058e-05
"MRPL17",24.4442296010173,-2.74880947368073,0.497846001246548,4.14974812666181e-09,4.35486875649681e-08
"DUSP2",28.7147365264471,2.62879698999664,0.480745258074493,8.14389977183444e-09,8.30028189448415e-08
"GRHL3",98.6264325217733,-3.15430698815321,0.248108991603737,6.55529472945841e-38,2.99546580352735e-36
"PTPDC1",11.0118395597717,1.29734327532642,0.601715268505731,0.0110484769749638,0.0325949641980513
"GALNT14",5.88684580770016,-2.22472231499819,1.00346197508126,0.00336021092325827,0.0118444216452016
"TPRG1L",72.2629828420993,-1.91789282096677,0.242281070432245,5.46539688937522e-16,9.97651813139921e-15
"PRXL2C",15.4347866282223,2.49530472316778,0.629751620500807,1.27600023135178e-05,7.97500144594863e-05
"XDH",19.1294480577793,-1.28966550807829,0.504379545008702,0.00388895032692572,0.0134428937630638
"DZIP1L",1.98790066736593,2.6528209231817,3.2522830235581,0.0139092045379072,0.0395178739105555
"ABHD3",33.0606218387046,1.86254326270238,0.393617448918112,5.67793419592223e-07,4.43689082127558e-06
"TENT5B",271.09131914413,-1.68762154100337,0.147250627972687,6.07716533623134e-31,2.22453266949582e-29
"GPRASP2",21.2105766760577,1.34516140001144,0.477292191529289,0.00181778539434652,0.00692585268966925
"RHBDL2",18.637602989331,-2.74558673260725,0.630118387509078,1.55654728242468e-06,1.13114020523752e-05
"HIST1H2BD",691.406612388987,2.18401836513472,0.134399356011648,5.16544643479206e-60,3.77159580953071e-58
"HIST1H4H",418.644699759153,4.1882239438113,0.272606522062363,1.5799519433015e-53,1.00015306502572e-51
"EIF5B",139.733029763853,-0.405203500323534,0.170308287462664,0.0156396629971253,0.0436014847192585
"CNOT11",52.8937254425292,-0.73052865454464,0.279019609733127,0.00623936976226748,0.0201269992331209
"B4GALT5",87.5209433183121,1.98975663981157,0.262013657478852,7.98983910072247e-15,1.36460123254914e-13
"GDPD5",2.25351621659573,3.21105763756843,2.79966142578357,0.00809382575050366,0.0251225360676902
"PPP1R15B",225.827090588171,1.66503347388559,0.177377840925356,2.06044737312294e-21,5.11406002681594e-20
"COPG2",19.9101243976276,-2.18420331965105,0.504331221269501,2.48911200159625e-06,1.7516443458454e-05
"GPAT4",36.9488378980016,1.07300990160319,0.342141628745928,0.000868079595610057,0.00359960890006574
"TAGLN2",553.959840123427,-0.91838571835108,0.0884481576406606,1.84358157854643e-25,5.36738940589467e-24
"ELK4",25.5894235284242,0.863314172069446,0.395723343551126,0.0178803172907987,0.0485629558380284
"RNF166",23.3519958193425,2.03973383892041,0.687059213568819,0.000735706051243411,0.00311529411081899
"PLA2G2F",9.92148711692775,-3.4357524836457,0.798769908814077,2.23186886161215e-06,1.58191013303789e-05
"SPATA2L",12.8682550075722,1.70485818945886,0.605241172644674,0.00117435116569258,0.0047083225120737
"DEDD",109.311139092128,0.765354600587555,0.236950283316984,0.000875081388608792,0.00362319926876728
"CDA",126.338312205806,-1.62762679620081,0.225225218734853,1.43007888900048e-13,2.2199199851751e-12
"PINK1",45.946782456864,-0.683514588770146,0.274166874205689,0.00932023371322236,0.0282431324643102
"B4GALT3",108.547720146352,0.794690537420583,0.244707268653134,0.000737696261740313,0.0031218057074567
"FAM160B2",48.3328815311549,1.17621610329608,0.3060227811822,5.6960577053678e-05,0.000315685125839661
"NDUFS2",75.6305504906763,-0.699196350553779,0.224790364130986,0.00137001436996518,0.00540331474864805
"CCAR2",87.8889922871743,0.72438100804606,0.225637328587157,0.000973065514569749,0.00398111595050772
"CDC42SE2",25.3658954583817,1.07542702357865,0.38796411076079,0.00276095536957966,0.00997413196340296
"ALG8",17.7550191346684,-1.30639485142256,0.498181655802116,0.00310879100253146,0.011059890650924
"FBXW5",61.227046032185,0.620654295102225,0.263420353954663,0.0145129594386398,0.0409735761565525
"CFAP298",16.2857273556491,-1.15224807974225,0.46881465043496,0.00594046889958795,0.0193117716877064
"PAXBP1",76.3594058061597,1.95381700428364,0.298400281432919,1.53709597024771e-11,1.98242284013256e-10
"SON",356.956225695328,0.940840168471977,0.138026393625964,5.82026310106897e-12,7.82842405406937e-11
"LAD1",331.940600424343,-3.05870998013173,0.149659347939906,9.45867712334808e-94,1.16544414555539e-91
"CSRP1",22.8521003075599,-0.984051659067034,0.390994858110079,0.0062355921875573,0.0201195165275405
"ATP5MC1",46.3903225605576,-1.7620224032286,0.322817494650506,1.17294183851219e-08,1.16955183319857e-07
"UBE2Z",179.153465959746,0.646333575819242,0.16522490100006,7.27706285981746e-05,0.000392279169787035
"CIART",268.420010455881,1.33819738792932,0.217220046920221,3.83179505380346e-10,4.39923225811047e-09
"CCDC24",12.2008067012209,1.84247839203088,0.720290687814254,0.00236256471348712,0.00869423814563259
"RUNX1",11.4036790648807,1.38067510211944,0.66358142775708,0.0121762260680474,0.035382589964004
"CBR1",66.5694547141127,-2.40268137910332,0.262697846171921,9.25782218702468e-21,2.18389651591351e-19
"MORC3",77.6856285857485,0.956947391811308,0.248264730072085,6.89553216887754e-05,0.000373462888267308
"PLA2G4D",25.1185120042502,-2.88025776164436,0.469683045435482,1.19178726537059e-10,1.43138940488373e-09
"ADIPOR1",233.25364662463,-1.05844072144243,0.133455282876372,1.15888663323717e-15,2.07966651998347e-14
"CYB5R1",99.3954845338446,-2.30665143234651,0.230074815212774,2.0258886853596e-24,5.61390840521334e-23
"PSMD4",75.7431678492132,-1.13505971113415,0.240055568629438,1.08207053197842e-06,8.07602668539871e-06
"PSMB4",215.952164664468,-0.748160105077367,0.141355087417515,8.70622905451543e-08,7.69180287786894e-07
"BTG2",182.177311022273,-1.79382453169199,0.150192731158448,1.8424034181407e-33,7.36961367256279e-32
"ALDH4A1",31.9983167764373,-3.05177105326546,0.399131849668493,2.73147357918669e-15,4.78962330276701e-14
"LCE2B",17.7628887768794,-1.28425889335244,0.634136905768265,0.0143982869258549,0.0406914518895757
"AMFR",75.9303472350639,0.597843508243463,0.232644370024053,0.00820154317942741,0.0253769721695288
"PGLYRP3",31.9040304671349,-2.73536505809491,0.427799025378975,2.18471451119814e-11,2.781278621267e-10
"RSPRY1",53.4675619846194,0.859179154230367,0.300470134655597,0.00309500858752494,0.0110222241310566
"CCDC17",29.9219810086305,1.599741725751,0.663755830457024,0.00508989981730108,0.0169458667017503
"GPBP1L1",126.47464108686,1.08936613080153,0.200870838387902,3.09904110445373e-08,2.90535103542537e-07
"TMEM69",52.9185593820444,-0.994474473143864,0.275538585914394,0.000168839523185811,0.000837645368786747
"ACE",2.19073121287349,3.63583651986435,3.60384684779965,0.00793550299903497,0.024697776586983
"CTBP1",39.0264875725151,1.14256206617904,0.334177219581032,0.000299332781868229,0.00139695380107594
"CARMIL2",3.1884951722467,4.11309693545602,2.54928856820859,0.00210421488178777,0.0078396774753432
"FAM131B",5.36207529127112,6.00678369982721,2.51193408249526,3.05779723336546e-05,0.000178803397544252
"RGS12",14.5907736277119,-1.57152318474635,0.529443504287101,0.000813546555491168,0.00339387619884465
"PSKH1",8.96170261633317,-2.07875233551522,0.721077670403185,0.00063089154230232,0.00272412493234419
"ZYX",221.697528446058,0.958446730213116,0.1677798268592,6.73074542434237e-09,6.92133285066503e-08
"LYPD5",34.2901966178839,-1.93683200591566,0.43022579567013,1.44411048944056e-06,1.05722677741537e-05
"CCDC117",209.290330081241,2.35906727218722,0.217166751078069,4.15476447346191e-28,1.37166865391805e-26
"ZNF222",21.9508797164525,1.37909205642332,0.546454778668165,0.00409268170961967,0.0140460103438825
"NPR2",81.6136887613036,4.81406706981669,0.723354904554317,3.04822030572538e-11,3.84862216093416e-10
"CALM3",92.7873268052078,-1.07224154237003,0.208883235044559,1.48263934143104e-07,1.26455024176442e-06
"DFFA",22.8851207678439,-0.877188146089333,0.393743931205976,0.0152382046166633,0.0426459589758576
"UBE2J2",78.1374276470289,1.6548762600319,0.279340367664805,9.61563123934318e-10,1.07012670244303e-08
"ABCG1",8.98759386109353,-2.96130241905114,0.800069007812793,2.75209856976824e-05,0.000161833717796796
"SLC37A1",4.18660594774772,2.11649534313383,1.21930307600074,0.0122810041705486,0.0356270459435716
"PKNOX1",44.7133487571331,1.61530873553543,0.396623878414293,1.51318914783278e-05,9.35154959251787e-05
"CBS",2.20266483872067,2.91101836529174,2.8010833049918,0.0106758910579359,0.031623229567992
"PDXK",61.0426983848197,0.752637197693665,0.270077160429741,0.00377400068643932,0.0131021910623554
"G6PD",33.5903776713952,-3.17843614749264,0.405620599573317,5.88375386598458e-16,1.07118474077292e-14
"CSTB",403.268389539809,-1.86104880558832,0.134960285505182,6.9973447717642e-44,3.68562434543305e-42
"LSS",87.3517109804927,0.747303005062151,0.221579624977104,0.000537146833652917,0.00235920633494916
"VAV2",20.304690935544,1.14802252051298,0.432445826954884,0.00359790058042008,0.0125730635628759
"MCM3AP",53.9845391992743,0.935986297770758,0.283048916779872,0.000567679459717722,0.00247910650129891
"PCNT",29.149264072596,1.13309807010113,0.435806394477,0.00440397801648734,0.0150061473154383
"DIP2A",27.767963127818,1.16755683909398,0.408516344391978,0.00192987164056009,0.00728851358503809
"GPSM1",81.9691495367561,3.92124809488372,0.420420602130981,3.356493279869e-21,8.16924290338488e-20
"ZDHHC12",15.1732243127429,-2.89936107633781,0.640111441310111,6.7770187946612e-07,5.22182352687463e-06
"PKN3",15.8519920527159,3.72958250291139,0.744989220874275,1.09618366124528e-07,9.5682065307937e-07
"BRSK1",20.6358013282467,4.71833416363342,1.29321410105168,2.12612429705596e-05,0.00012818049497323
"COX6B2",24.9191252014684,5.43774086707869,2.22765136463187,1.29393241424102e-05,8.07610462077163e-05
"TMEM190",10.893868139038,6.42150804964878,2.47577540169588,6.21617364158585e-06,4.11035918801556e-05
"TAOK1",91.1149407262657,0.932275457364479,0.223749485254208,1.87944488874089e-05,0.00011395579729624
"DEDD2",371.837787358221,2.57578148134863,0.174940777743166,8.74243979418435e-50,5.15579782733949e-48
"MPZL3",85.1213485754982,-0.806092155568612,0.229051948296324,0.000291431343044104,0.00136330594373174
"TLCD1",6.98811719674336,-1.73292984927279,0.975575088001925,0.0124636150468836,0.0360733824762991
"SAFB",157.628122967474,1.0827085290292,0.205351244998112,7.16402255617708e-08,6.39066006950508e-07
"CHTOP",132.262138462868,0.774520453834158,0.202325139270979,9.05700874015034e-05,0.000479427390157556
"ZBTB7B",141.391569474031,-0.474008280753952,0.164902863788922,0.00353303622890352,0.0123777354554122
"SHC1",171.648329004406,-0.648288669376333,0.156171516184632,2.57699316240149e-05,0.000152563301763795
"IL6R",215.265938966125,3.19007732032169,0.191821912861105,7.70805596922463e-63,6.00967075566666e-61
"CRTC2",139.076243504355,1.14971226687732,0.232269989960539,3.64008516895456e-07,2.93589569442273e-06
"ANO10",16.4691157116756,-2.81613555965143,0.553533738525499,4.79329732342644e-08,4.36617181935874e-07
"FDPS",202.028674993123,-0.934299967156286,0.156889943755737,1.57529810063517e-09,1.72122832848498e-08
"LMNA",238.890599160663,-0.895923166715177,0.133646774888301,1.31831355584858e-11,1.71306281268459e-10
"CCDC12",52.1661156238887,0.74164902465953,0.310417113074354,0.0126953451984572,0.0366058846090075
"LY6K",251.740129748325,3.77234555795363,0.309711619232025,1.61909057281829e-34,6.75028698033003e-33
"IER2",378.548499091303,1.33994129927726,0.131983241264997,1.36497301093673e-24,3.82858283555424e-23
"LY6E",41.3549828469107,-2.49254334450939,0.339172646855048,3.02498132195484e-14,4.92272903808688e-13
"PWWP3A",43.3898172425607,2.2797112472166,0.428066425260508,2.18824986818139e-08,2.0970727903405e-07
"PPP1R16A",22.9829431001437,1.32034429873898,0.444789666703568,0.00115210583709512,0.0046321261761521
"SQSTM1",1572.52089337085,2.82159628342527,0.0966707899188116,4.67442263544698e-188,1.61267580922921e-185
"MGAT4B",80.4933524218288,0.966550905989947,0.234307734624637,2.17946573889079e-05,0.000131281655157978
"RPL8",910.002216389617,-2.61460823303596,0.0878284478157765,1.35879872063617e-195,4.80805701148185e-193
"MFSD12",60.732090400297,1.74653483270888,0.292392425496196,6.5671880462632e-10,7.42237469602229e-09
"DVL3",107.199704047815,1.47352952695486,0.218813484828175,5.72199495406781e-12,7.70375906011081e-11
"AP2M1",147.255186094716,-0.634517412241862,0.160419567821247,6.0041395506009e-05,0.00033076696925466
"PCYT1A",53.8871964489373,-1.04557191859311,0.261646815267869,3.37406108858352e-05,0.00019482026369227
"FBXO27",8.79569476626652,-1.39750181224007,0.68202771537887,0.0114789866119812,0.0336684410723359
"DMKN",624.4357661352,-2.94391402221386,0.121079812766761,1.44368869084247e-131,2.88737738168494e-129
"BDH1",5.49045117509493,-3.33171747433044,1.08129553607688,0.000239452372669688,0.00114340579337083
"FDXR",13.5021099293662,-1.89795277993563,0.564930706194074,0.000157809569547317,0.000787620998102341
"SAP30BP",74.9849563269972,1.01580071168581,0.265056342366547,6.81749805393211e-05,0.000369526603080374
"SRSF2",474.803412280325,0.656996347957495,0.119241691006523,2.80291330666706e-08,2.64209041202223e-07
"KLHL10",7.26958999390463,5.22131165814226,2.36278108554238,9.43612743181976e-05,0.000495881791923506
"ITGA5",362.137246728331,3.24727386813757,0.202324281598517,1.18824421949067e-58,8.452458880913e-57
"ZNF385A",153.308837107038,-2.02275625100436,0.196021147610613,1.20966119506842e-25,3.58225847466614e-24
"MPP3",26.2768405277379,3.65810234445267,0.613290113654287,6.03092419642921e-10,6.84993859347515e-09
"EMC10",8.57253191872774,-1.38225668293614,0.65496380281163,0.0103904569534079,0.0309293153487982
"JOSD2",26.1143386609024,-1.02072502884104,0.444525337248764,0.0106713138998514,0.031623229567992
"SHANK1",8.64652111440247,2.7411316052651,1.0077741316115,0.00129505921086978,0.00513410431198015
"FMNL3",4.90329200741583,4.34414708054136,2.36551458759832,0.00080238926330199,0.00335442951637912
"RACGAP1",29.7391310297241,-0.844613109811576,0.352228998381522,0.010229900241239,0.0305106166693533
"LARP4",82.6955294297957,0.972250858200503,0.24297233312214,3.70092429157132e-05,0.00021174442464214
"LEMD2",42.0845509240986,1.08633357496121,0.32584290683042,0.000433449699461843,0.00194777136195814
"MED11",16.1823349867106,-1.5797355834676,0.574721094570744,0.00152411449444296,0.00593810841990763
"EIF4A1",628.399888508569,-0.698598002119723,0.0824585928395126,1.82122756919156e-17,3.61625042515734e-16
"RPL26",435.136452107536,-2.18753177808549,0.119122957066739,4.67390275047123e-76,4.41779849017144e-74
"SNRNP25",8.80345855300101,-2.70655329015386,0.783747824847855,6.75302058633632e-05,0.000366896394060792
"JMJD8",18.3177941505062,-1.59574080441296,0.52123240787592,0.000583035540522649,0.00253653545372401
"HS3ST6",7.81508528443611,-3.9646252297808,1.16439780118144,8.47383617566279e-05,0.000450284710143036
"BICDL2",19.5503898308258,-2.4956599204702,0.523382309895368,2.84564075656082e-07,2.33055444750975e-06
"PAQR4",15.888526804458,-1.48887233961913,0.487949818726415,0.000676061976976166,0.00289291636659569
"ZNF75A",21.2667680623129,1.66374773959268,0.507402130738991,0.000294286444146986,0.0013743326325646
"UBXN1",140.352222243277,-0.587663691640445,0.201343538766682,0.0028341633145813,0.0102012138083521
"NXF1",378.918083189243,1.3709117456678,0.176038537007069,3.0075239919546e-15,5.24700772300549e-14
"RPL29",334.741943232978,-2.55397193631421,0.129090637393646,6.20622784002465e-88,6.85167553538721e-86
"FGF19",9.3190045699457,6.13333005224671,2.42550089910465,8.65207267504301e-06,5.57937396801839e-05
"PDZK1IP1",10.4912225864488,-4.3434858997141,0.943447020129104,5.1230843397086e-07,4.03070489669205e-06
"CMPK1",56.5628195999579,-1.85484828244076,0.277033146561482,4.97389357815725e-12,6.72279445431637e-11
"USP24",57.094966288979,0.74368171840796,0.268538135744708,0.00402112856204994,0.0138417496024668
"KLHL21",185.489881795038,2.23468817995955,0.186779075184028,1.13178538019805e-33,4.58024582015632e-32
"PDPN",8.61093643795963,-3.84949805073883,0.958723250226137,7.02637596627194e-06,4.61953255524311e-05
"SDC3",30.4266314721332,1.0150893193624,0.377546583820878,0.00381454069030012,0.0132262968658647
"PEF1",101.83226490467,-1.07372837440871,0.203954694209153,7.27871893963173e-08,6.48878045005929e-07
"SYNC",9.19529578797528,1.57565570428075,0.708596768738799,0.00654848936004715,0.0209965504574002
"CAMK2N1",49.303761862995,1.30026371362612,0.332254800576954,3.75127438400859e-05,0.000214536205964851
"SCNN1D",22.5446035065418,4.86651820457454,1.02205136299029,1.5360540517802e-06,1.11742466602883e-05
"OMA1",6.29618947550683,-3.23863077520951,1.15660597395365,0.00045251292828086,0.00202749299034931
"MYSM1",60.5033563347513,1.21734723153079,0.328944995724872,9.929796976453e-05,0.000519451092778815
"FUBP1",296.978565236773,1.49848601070774,0.152788421412164,3.92190243127274e-23,1.0368247806813e-21
"DNAJB4",143.231802885961,2.33550735832832,0.25038322376903,2.42241529346801e-21,6.00167523336778e-20
"NTNG1",3.94989078662833,4.65047733567776,2.46561835517364,0.000654152634488495,0.00280961915840063
"GBP2",8.24700484356635,-1.96190533915099,1.09195900248999,0.0138228019659574,0.0393065458747603
"SLC30A7",39.0864392948738,1.61723185796534,0.436612705138535,6.62220840536081e-05,0.000360641183875214
"ZNF281",70.2597149003699,1.94869150292143,0.289783153882792,4.45892050590206e-12,6.0504526038789e-11
"IGSF8",33.8798141207026,-1.02138317145772,0.361301570187009,0.00240737372369885,0.00883557377315002
"DDR2",14.2951386928732,2.29332175220669,1.08115000222971,0.00888795467313132,0.0271362876300584
"PEA15",1112.66767557371,1.31910354299212,0.0840392446158481,6.84891657232784e-56,4.58810916010312e-54
"PEX19",43.0160636867597,-0.807671850046965,0.301167748819622,0.00484220616341453,0.0162743412214127
"C1orf74",23.9773754871809,-1.05429487947449,0.392508719697613,0.00356817214638068,0.012491318016249
"FLVCR1",8.40461878953901,1.89925568979929,0.796879097965162,0.00346494911662931,0.01217009361402
"ATF3",560.960207343511,3.475018152598,0.236730935021972,3.18149822778997e-49,1.85251795542201e-47
"RBM15",103.394543440523,1.99873931618753,0.318214611093978,9.22309167665172e-11,1.11550100909548e-09
"IER5",707.223640268693,0.958165365296145,0.109571729896202,1.21098044792425e-18,2.55527984424382e-17
"BPNT1",23.142764360294,-1.24284768499109,0.406157584206382,0.000881140658485618,0.0036450063210736
"TFB2M",43.4256394034012,1.15565839325687,0.331987354590905,0.000234658983659304,0.0011216813212672
"MAPKAPK2",142.24549737179,0.667087849410275,0.18637996736457,0.000261559256050539,0.00123698345904642
"MRPL55",18.1594103746721,-1.11446647166836,0.497759645430824,0.0109329517697119,0.0322933934978648
"WDR26",159.574978052796,0.901577671615276,0.184355529886827,6.35454482444016e-07,4.92932650799743e-06
"REL",34.6602784797687,1.69864448549356,0.485420495179901,0.000140980296144828,0.000709011693439735
"TRIM17",13.7647248060894,2.48435851834181,0.739721046495131,0.000146741720467686,0.00073557418904979
"DPY30",28.2539381594103,-1.26401671155718,0.377539672827303,0.000321838139609674,0.00148989142120547
"ARL5A",28.043612594271,-2.24854059276138,0.392440740256386,1.76299380426294e-09,1.91117945788127e-08
"LRATD1",18.6671437685651,-3.28875752387467,0.546431570275684,2.30263653026727e-10,2.6883573703628e-09
"WDCP",61.9569872397149,1.89208805978206,0.348734689406886,1.57150749342857e-08,1.54244689966673e-07
"VSNL1",8.00214920671386,-6.13564874250923,1.569886905414,3.60033685743883e-06,2.47187306630129e-05
"SPATA18",6.23082370686185,-2.6071118240161,0.948102770901906,0.000769191124322327,0.00323623094989272
"SGPP2",34.9395739548377,-1.59520863610583,0.357655908829692,2.32909254890781e-06,1.64632922995546e-05
"MSX1",18.1128042807107,3.95325024909483,2.13764413418325,0.000702264994383872,0.00299027028554646
"BNIPL",72.5020646683995,-2.6493389498863,0.25948820355922,2.77924424554679e-25,8.0574728127197e-24
"BOLA3",14.9421870821952,-1.23933523414758,0.501750856949571,0.00515916363741176,0.017139253297131
"CDC42EP3",28.1031068832813,1.1352317068315,0.41134584455309,0.00272740564015517,0.00987101962605333
"S100A11",3877.39630925014,-2.57820999058487,0.0576354895846335,0,0
"LCE3D",772.225997134977,0.826946137778488,0.144095358228771,6.43603284438077e-09,6.63310330488832e-08
"IVL",1245.17984712769,-4.31781004283337,0.125897906275633,9.2859549132019e-259,4.92869914623793e-256
"SPRR3",69.8263797287133,-2.39555088228639,0.355659294820438,2.53577121962388e-12,3.50286715023118e-11
"DHX57",10.6358088931198,-1.19976656717641,0.583117616482387,0.0150070800094707,0.0421101472408898
"SPRR2D",328.030603308927,-2.3907961294749,0.167593108595109,5.98671102614671e-47,3.3583988683262e-45
"PGLYRP4",18.9886332041953,-3.46545330657717,0.632151474272817,4.87589852455542e-09,5.06682226196271e-08
"S100A9",2354.04732185538,-3.82664167115142,0.117735685951399,8.41348504624747e-233,3.62831542619422e-230
"TGFA",43.1829102876938,-0.850776279177968,0.290973145033041,0.00217963572667109,0.00808574543765081
"CCNYL1",48.5749711261637,1.96220425996675,0.320205735020081,2.16632039923582e-10,2.53779469519986e-09
"ANTXR2",16.8537028875677,1.70392178571657,0.572505916442355,0.000762676975326508,0.00321470441646481
"CGGBP1",98.2056489458598,1.19387762344031,0.246119493242551,5.98538736633302e-07,4.65867713792418e-06
"GPR155",2.53830522814621,-2.69242838984227,1.69567013070929,0.00947520948010344,0.0286122299399185
"DAPL1",19.413168731665,-9.96751689145879,2.99426138878426,4.02647411711225e-12,5.47441801144325e-11
"PMVK",79.8860242930643,-1.42168087589421,0.250296093812527,4.74139373964171e-09,4.93076364785649e-08
"PBXIP1",11.7599706866615,-1.48669440765955,0.588208504678558,0.00322365710690454,0.0114214295443601
"CLDN1",288.07212285903,-3.38063734439493,0.145805552240391,7.43260631989965e-120,1.20670549664253e-117
"YY1AP1",246.350261772071,1.26189994304428,0.198689253024273,1.00436077448736e-10,1.21155408111237e-09
"KBTBD8",32.4223644255499,1.47826717618059,0.479636895902583,0.000688573002812047,0.00294098032770234
"NAXE",46.8130345211609,-1.8163235803485,0.308979885178816,9.75655267157071e-10,1.08493494655661e-08
"IGFN1",155.58860409279,10.8686598505755,2.59409737327152,1.62330957442091e-17,3.23723585650413e-16
"ATP1A1",223.330424996238,-0.886062325249377,0.13923645287863,1.25182561280765e-10,1.4995827653425e-09
"IGFBP7",46.4731704605165,-3.62987299936729,0.423397185842366,1.08239423908365e-18,2.28744877478627e-17
"ARPC2",248.655416981028,-1.33516516713522,0.127572822560963,4.94937760807271e-26,1.49129718321842e-24
"CCT3",465.088058927934,-0.514601669991048,0.100258188151708,2.43968824434532e-07,2.01844710863102e-06
"TMEM79",128.955048378383,-3.13902566190773,0.237624537932573,9.31883386907904e-41,4.59285383547467e-39
"SSR2",31.9146060494973,-0.871099306672031,0.34994145848226,0.00775542408209249,0.02424668154347
"CRYBA2",16.4427458208161,3.50675582960733,2.1428452907782,0.00197138948001363,0.00741487457732027
"CIP2A",52.0178758319198,1.57429373627415,0.439283955304395,0.000116012298716611,0.00059626432859934
"CWC22",109.648568186964,1.18693426605301,0.22852837213396,1.166143387021e-07,1.01212444911257e-06
"ANKZF1",25.0173845553209,0.83427673208191,0.381603531768574,0.0182244765424828,0.0493423143586939
"STT3B",82.0569784454249,-1.33822736961978,0.225731675728297,1.21896235689186e-09,1.34251241221929e-08
"NUAK2",17.5939216346164,-2.01385935094632,0.533990983599003,3.10182096103519e-05,0.000180917706095882
"PRKCI",118.385705096371,0.968068403202074,0.197906236616948,5.97974949688861e-07,4.6569155224076e-06
"IFI16",107.854644332309,-0.465899339911961,0.202299474537685,0.0184733187156178,0.0499033337707144
"EIF5A2",11.8087927756848,1.9178358791348,0.651906153410361,0.000692702811126124,0.00295663346044663
"RPL22L1",71.2537137822279,-0.894381750462078,0.238234001609757,0.00010679605728572,0.000555098150863628
"RYBP",81.568404895067,1.95056982145006,0.294735296265616,9.79688801113618e-12,1.28759099574933e-10
"PPP4R2",80.5532835878087,1.0719230927119,0.257460053857435,1.65852845073315e-05,0.000101587628140779
"NEPRO",43.8437396509602,0.960893890665713,0.348078247303291,0.00330746950987673,0.011685376148566
"CDS1",40.6066332159157,-1.16815420634492,0.30698602643837,6.39810084148059e-05,0.000349911714759228
"PTPN13",43.617922526635,-1.9715297761679,0.314659110720875,7.98382576198355e-11,9.70720665333683e-10
"THOC7",71.9525801897339,-0.979992124751672,0.244147855641141,3.3774171942018e-05,0.00019493248548718
"ATXN7",36.8788239312711,1.2051682734748,0.343728655499525,0.000204649010470633,0.000994071222983011
"TIPARP",128.897726322652,0.763661005099094,0.192284001399352,4.98408602074519e-05,0.000278801731196934
"CCNL1",367.652357261169,1.5846902537485,0.169850358003069,4.04414193208504e-21,9.72284994124975e-20
"RPL9",172.752376725217,-1.2916214385996,0.155034868256561,3.36249558696176e-17,6.60063145093488e-16
"SMIM14",6.43317173389004,-2.35875976565586,0.872708717311474,0.000890295653560607,0.00368067106624817
"DNASE1L3",3.61269009312636,-6.34606990274,2.89093199138416,0.000101817495057803,0.000531221713345059
"CXCL3",54.6655771101779,5.06747858306207,1.23911567797438,3.38068703027427e-06,2.33852035176866e-05
"CXCL1",94.3134516755404,3.53860518748141,0.502808885826602,7.25394515197414e-13,1.05595404111016e-11
"RCHY1",38.2740933741347,2.12036759165391,0.430269575152897,1.99639720642444e-07,1.68194636438689e-06
"KIAA1143",8.83204120513436,-1.44317970553638,0.677589880344811,0.00923673216400621,0.0280270237166415
"SLC6A20",8.0204359283679,1.72714943604057,0.9575956953493,0.0161546701446706,0.0448379823001717
"ZNF148",31.9089932018246,0.894348254934869,0.377630801520487,0.0107291508680896,0.031752580308736
"ZC3H12A",208.206815560907,2.10811320563974,0.190716660654136,4.85871196527437e-29,1.66791604778075e-27
"SNIP1",67.7067876967354,1.25757909828295,0.322846748472646,4.40791045742797e-05,0.000249299853739779
"POLR2H",62.361013065863,0.9476394469742,0.261285637691031,0.000170665302282524,0.000845362947415229
"LIPH",6.55299809462521,-2.61428874832054,0.967983505312566,0.000764246194993354,0.00321935210345186
"RPN1",155.71667065379,-0.511422851122991,0.158828417222114,0.00109375379866133,0.00441985429620099
"TKT",56.4225644082575,-1.20247684820508,0.267119701415526,2.98267628343725e-06,2.07569000057661e-05
"PRKCD",116.091892740825,1.14535971025253,0.212574153440862,3.56455532684576e-08,3.29918601679889e-07
"SFMBT1",22.3432303178141,2.86369335533659,0.592022938675193,2.59777019249029e-07,2.14025245709648e-06
"UVSSA",13.95207248719,1.69356397406412,0.613805846157871,0.00151513169683688,0.00590978445911502
"SLBP",125.196117977927,0.878105559928888,0.207516809396399,1.57503004606505e-05,9.69465416400432e-05
"UBXN7",127.185253736329,1.11351396899329,0.230152415417146,6.87550842382958e-07,5.28590619770742e-06
"PIGX",8.75371863241171,-1.42559201863382,0.688239642006753,0.010587783340632,0.0314218086238112
"MELTF",13.810197115131,3.20587752852214,0.803540992669207,1.30519925918811e-05,8.13906451730498e-05
"S100P",66.0885136448022,-0.932842207638696,0.416145315103095,0.0139243375488814,0.0395382424227496
"AIMP1",68.7125179452086,0.910230649233638,0.272068905821993,0.000507301175095465,0.00224599172804537
"SGMS2",83.9895918843415,1.94569134995829,0.273192807068244,2.68649218987475e-13,4.07850299452932e-12
"METAP1",54.2520518395727,-0.717411578683325,0.27245282298201,0.00605212893524677,0.0196100914079374
"PGRMC2",32.6271897719405,-0.777822618400351,0.331077586503216,0.0125529553020781,0.0362980759837954
"CCDC51",19.1672736126632,-1.21902948713585,0.490516929866735,0.00503451799514464,0.0168097064801464
"SHISA5",39.9310891941519,-0.700858485465867,0.304267568958946,0.0151783943795402,0.0425044323128357
"APEH",40.6611477805089,-1.66749473511432,0.3132255888858,2.77918250577678e-08,2.62151186464249e-07
"RAD54L2",50.7916276572225,2.16525638931204,0.411967715051402,3.55800553256839e-08,3.29533398318415e-07
"DUSP7",115.371495983041,-0.543298815605839,0.180945340829908,0.00222946729306151,0.00824180247635919
"PPM1M",4.34530805759403,1.81984132368947,1.065222312818,0.0148749559850838,0.0418329717942035
"C4orf3",181.011561141276,-1.3592081321614,0.157649365160516,2.56437433149149e-18,5.30560206515481e-17
"SAP30",17.2418987182041,1.56683724485904,0.548466246108893,0.0012116094252185,0.00484503334338315
"ANXA5",391.119261657678,1.0646522847615,0.120514404362212,5.45991331223973e-19,1.17545715614521e-17
"ABCE1",123.623119468335,0.701005392974616,0.193253741590116,0.000214396429224341,0.00103450025290067
"OTUD4",53.6794819813253,1.04911406852443,0.294598630538022,0.000197281465707194,0.000961668748413731
"ELOVL7",39.5947110146011,-0.842136416992194,0.327625550257422,0.00638750128543068,0.0205328482969819
"NDUFAF2",58.0363347549083,-1.72543206681186,0.301040693740811,2.57384772177023e-09,2.74915623532734e-08
"NIPBL",101.583519433398,1.10974199710907,0.243108117281781,2.61549284650815e-06,1.83590037038721e-05
"STARD4",54.1522654350429,0.635300527075555,0.268420944223849,0.0139064766824503,0.0395178739105555
"F2RL1",80.3207541191306,-1.41790991956697,0.259347861575796,1.6069547297537e-08,1.57611764538742e-07
"NDUFS4",84.5916344404117,-1.2788416237233,0.231917726693081,1.45394909075181e-08,1.43011385975588e-07
"GRPEL2",38.9885358344509,0.958447607677241,0.335348347905503,0.00242798649327129,0.008901757068848
"SERINC5",20.2687749924049,-1.03270387789951,0.417400830306587,0.00662549067783948,0.0212089471941973
"CASP3",75.8524009674759,1.05470245038541,0.23707778204609,4.63018087290538e-06,3.11994609600069e-05
"CMYA5",41.6964949562445,3.35360311213028,0.69134785261671,4.55405016548265e-07,3.61598919929002e-06
"UBLCP1",47.3218024159269,-0.631963909104084,0.277528917880506,0.017437613556032,0.0476324360794224
"NSA2",33.8727916482814,-1.36746595864185,0.347953127336427,3.07878101706086e-05,0.00017987797644132
"ADGRF2",2.27174087516726,-4.42036345260316,2.87118889079159,0.00248092484662185,0.00907896125255411
"SEPTIN8",40.8421856026319,-0.656448222109918,0.289088234546639,0.0173111156663876,0.0473525066791176
"GDF9",63.1164498335095,5.63086293848446,2.19066337691324,3.980068766084e-06,2.71234315910909e-05
"UQCRQ",74.2298263705286,-3.20040167285389,0.281930615798385,8.87371235939926e-31,3.22255869893973e-29
"SLC35A1",32.8731146281411,-1.49611218456507,0.377809233614068,2.34400203073012e-05,0.000140213385453297
"CGAS",25.6220072646718,4.0438775928973,0.650635676520059,1.35241281551229e-10,1.6158698574952e-09
"CITED2",55.4991424807189,-1.95798370301491,0.314007290709921,9.73335717903426e-11,1.17515598487028e-09
"CREBRF",44.6286498811769,1.57330309732132,0.49050935493704,0.000458303652442256,0.00204679301090716
"TMEM200A",22.5262865229794,1.2107186086093,0.495346320532847,0.00610940983384617,0.0197657477100345
"RAET1E",43.6000531368291,-4.79782798722579,0.466064840119685,1.15851570668972e-25,3.44558550696511e-24
"DAGLB",45.8469211859052,0.942072340567427,0.332731529307245,0.002723017703557,0.00986486266583744
"KIAA0895",32.8007736418801,1.85377403843519,0.44625776797448,8.73484917527735e-06,5.61962324563298e-05
"TRA2A",204.229300654366,0.976698227942668,0.195734661114985,3.55545906003231e-07,2.86931783792081e-06
"RPS14",193.287930123947,-1.93873959631447,0.148108058504627,8.44422593186935e-40,4.06028982089885e-38
"SLU7",154.784993945772,0.798049957520621,0.202128968826787,5.54121544642186e-05,0.000307597639423257
"PTTG1",45.2423355370822,-2.3424611320796,0.338955479400464,8.1382983818131e-13,1.17354772903888e-11
"STEAP1",7.01953399796846,-1.79415161744884,0.861282353004788,0.00650416045920234,0.0208641130490452
"MIOS",17.7455717416438,-1.02546619757027,0.457641391670564,0.0123238847820168,0.0357157046669404
"FABP5",262.326462843346,-5.54655591647179,0.224076162774787,6.16153647408703e-136,1.28832126276365e-133
"BRI3",39.2758269244155,0.870580293216376,0.324520494565889,0.00454118745087342,0.0153749722330847
"CTSB",167.097472484347,-0.383440434098157,0.150875547318955,0.0100030921062953,0.0299376861997128
"RAD21",134.661292364482,0.616335940200537,0.183784915077323,0.000641063599526205,0.00276131247763663
"MED30",40.0049597431778,1.71486621703253,0.358338858102032,4.73064564861704e-07,3.74543373212364e-06
"PHKG1",19.8440168395185,4.18066861321338,2.13894099378951,0.000394243591212694,0.00178848177473214
"KCNV1",3.2048405273864,3.75950219018668,2.4886478909454,0.00307657762000739,0.0109707419008016
"DNAAF5",8.61510285556028,-1.29048831076499,0.653465313765105,0.0160222743576264,0.0445063176600733
"OSGIN2",28.3184036064226,1.38016587449211,0.388343891936876,0.000139010746177328,0.000700638530769584
"DEFB1",343.485088946209,-3.09477202681138,0.245662062911506,2.41048644137392e-37,1.0730552545471e-35
"SUN1",64.1161058890957,0.801265995745792,0.268025051696879,0.00190302449464665,0.00720684358565416
"GPR146",3.17483938417206,2.44964871168775,2.78901602153904,0.0155734733058381,0.0434665308464713
"GPER1",8.44097898498904,4.84293500577223,2.33827117153887,0.000227696505712861,0.00109142472345866
"TMEM184A",48.3170352568961,-1.91635066325405,0.310543747718002,1.5209388017339e-10,1.80472531934031e-09
"SLC4A2",33.4172431740426,1.088043828422,0.355842673295115,0.00110553363101532,0.00446222992337276
"ALDH7A1",4.4302318497258,-3.48196188863358,1.20722011275872,0.000457879469424429,0.00204578800366381
"COX6C",72.9267285616523,-1.79261391579926,0.275711359396254,1.93837721948981e-11,2.47911080898604e-10
"YWHAZ",403.04347440257,-0.690722559795433,0.107376049171567,9.51919653914804e-11,1.15030571138567e-09
"GEM",117.403975573479,5.49098205280413,0.65253158336074,6.32368781814263e-17,1.212040165144e-15
"PDP1",42.2789570625337,1.33891459912714,0.328105779745733,1.75922806513836e-05,0.000107279484308039
"FAM219A",52.2421774908756,1.30221503511121,0.283989137644109,1.8698131829108e-06,1.33835175955233e-05
"NUDT2",30.4539074091554,-1.8600442120999,0.437730699235436,4.60957527898533e-06,3.10757883976539e-05
"NFIL3",185.794408007543,1.80327129596291,0.18088355196549,5.75018672358059e-24,1.57445588859945e-22
"KDM1B",25.9081906871849,-1.2428591110786,0.378521389445604,0.000415720510171981,0.00187727193729494
"GKAP1",11.8031921217575,4.49754259950436,1.33478417869779,6.06466258925924e-05,0.000333701530031011
"C9orf64",24.8374203004608,2.11296417101507,0.471508241075127,1.47102515464079e-06,1.07351386219159e-05
"CARD19",25.3507590862356,1.67625780240993,0.445670526882961,4.65373182105406e-05,0.000262342725206479
"ATP7A",5.60354196249326,-1.63051508964245,0.870491590519406,0.012376624540961,0.0358366384106718
"NDUFB6",31.0225319563714,-1.76365877693344,0.39285197540438,1.70994430541151e-06,1.23094582236196e-05
"AQP3",525.519176749607,-1.79664148347799,0.103926877716942,1.43826106903639e-67,1.22518535510507e-65
"STOML2",140.68733167921,-0.935025195260944,0.170678412813559,2.58457816207405e-08,2.44966886240535e-07
"MELK",14.5087812032026,-1.59851916996621,0.563468276518285,0.00116237728307778,0.00466845358162787
"SPTSSA",44.0429659292313,-0.787554561852063,0.294770636134342,0.00503845066796471,0.016815143704453
"CFL2",13.5445956782906,1.2179226109558,0.548138410325619,0.0103537946538132,0.030833484294912
"GTF2A1",26.8914563041845,0.847696831211043,0.380772699309629,0.0162524575877116,0.0450278889199799
"INPPL1",104.503873637851,2.99920172771354,0.276568142178331,4.09637073412713e-28,1.35563348035862e-26
"GJB2",287.44103855941,-4.11737317452106,0.173301900353593,9.70013852851917e-126,1.73846638563071e-123
"SKA3",2.89679160053664,-4.72660320062557,2.89275054727999,0.00176437643877878,0.00675781150573053
"PCF11",149.180893861631,1.28571315189137,0.233296086067752,1.6816760144662e-08,1.64823359372397e-07
"RPL36AL",581.682955513882,-0.282002308262486,0.105149098615978,0.00694553152867208,0.022095051889275
"ZNF22",20.0739503098004,1.36393058740179,0.486004987600117,0.00183633873107864,0.0069868967435581
"KLHDC2",10.2261259996191,-1.42954000440796,0.627229190876287,0.00658998179250113,0.0211148708466486
"EML5",4.48088575233889,1.94263374695526,1.15127057955909,0.0161595023454659,0.0448423753001064
"ARF6",127.209169289312,-0.987391072109723,0.179848462390186,2.28765565673993e-08,2.1757166135776e-07
"NUDT5",27.7916046467389,-1.96005366822336,0.379981774108738,5.21262786689029e-08,4.72940595418054e-07
"BEND7",11.0633314644642,2.23038863178139,0.837514715214356,0.0015842593868136,0.00614123020731113
"ATP5F1C",98.2325592171369,-1.93364549665103,0.211281504441161,1.24909738151532e-20,2.92657790575746e-19
"PRDX3",40.2311839466141,-0.899955713290152,0.325069203094826,0.00333610655382986,0.0117684740395839
"GHITM",236.76831470891,-0.490532333340471,0.12925071914315,0.00012784190792342,0.000650043599610609
"SNAPC4",33.2454089833402,2.01685301084799,0.434033135587133,7.95080876506814e-07,6.0552517084956e-06
"SPACA9",3.85454023376234,-1.93107380127248,1.14181045580867,0.0123372174804526,0.0357450349003244
"TSC1",40.3198747791804,0.963050310077611,0.385365311834039,0.0071015441237531,0.0225083392071182
"DDX21",215.425899876591,-0.847854020890673,0.147547025768882,6.00186775774136e-09,6.20417790687871e-08
"PIP4P1",112.63868618747,1.38902323921385,0.226701311240754,3.61375970336524e-10,4.1523633560733e-09
"SLC39A2",19.8373834284203,-4.95194631342491,0.71717331739838,9.6674919243494e-13,1.3825014358137e-11
"NDRG2",32.7223480776028,-2.02180912646865,0.394091991288211,5.94520452244363e-08,5.36234133396877e-07
"RNASE7",580.485725314776,1.83733535393333,0.139835219796378,5.68283276984702e-40,2.75168744645224e-38
"ZNF219",50.231080282236,1.10934771984947,0.320797762557267,0.000269345994210768,0.00126902516903674
"ZFYVE1",86.1268348713875,0.817538829279051,0.25954354750182,0.00110147900392444,0.00444846656545426
"UBTD1",24.9856039784551,-1.16832978857119,0.410563975252228,0.00191462909973093,0.00724880152984549
"SLC39A13",71.487153178476,2.38250375458412,0.280179238898691,3.5820452282417e-18,7.33415788571742e-17
"PSMC3",126.36479244871,-1.06719699524277,0.193693601353802,1.89967290429109e-08,1.83839313318493e-07
"MOAP1",63.4563202094097,1.08269833790016,0.273759626182034,3.93339453627241e-05,0.000223746267933055
"IFI27",91.1175515777517,-4.55282648112012,0.294718460527245,1.08463603289943e-54,7.12760821619625e-53
"SERPINA12",18.04799563857,-2.68735988746206,0.611473941338425,1.65203673419335e-06,1.19236960940733e-05
"TAF1D",217.682586495603,1.63488056475843,0.184990482354328,3.28625407070227e-19,7.1756813569132e-18
"R3HCC1L",48.728930972973,1.40319445902282,0.319831249151202,4.27733442194534e-06,2.90202630397472e-05
"AMOTL1",60.2006170705845,-1.37107557150571,0.251528566738638,1.87891112479673e-08,1.82085488217661e-07
"HTRA1",42.360916636496,-3.47575560351514,0.368972450782633,5.85243560544776e-22,1.47918702115713e-20
"SPRED1",21.058395778626,2.30213392937535,0.583556112986035,1.70703142494285e-05,0.000104280804179776
"GPR176",16.6080662027075,2.78686811225943,1.05885783685934,0.00251209223191259,0.00917841482668619
"RAB8B",105.681175852448,1.30375912119674,0.284593534101422,1.90428575082807e-06,1.36090851172592e-05
"NDUFB8",151.267386102074,-0.828688170007992,0.175623885682986,1.60786252651653e-06,1.16291943741761e-05
"CKB",30.955371038655,-1.62076328568389,0.415968384863516,2.77701811294244e-05,0.000163145380836976
"DPCD",16.7465247362162,-3.12019879963707,0.639968826736192,1.17056436881363e-07,1.01532295975035e-06
"LARP6",21.941510269245,2.27712707109847,0.528700664270055,3.41590657772655e-06,2.35933487350483e-05
"ZNF319",14.8828954710223,1.57132455987808,0.57254523633706,0.00167038630154474,0.00643891926293783
"NOLC1",104.928700373577,-1.38256919982386,0.205359311220918,6.29182486800357e-12,8.42164725300186e-11
"FRS2",52.6283583593058,0.741260282105707,0.317063394881067,0.0137078463006038,0.0390359634643691
"CCT2",240.132164854736,-0.951809164130043,0.140084269872354,6.5345497436744e-12,8.73806070375065e-11
"SCN3B",4.19413101258754,3.18870263923675,2.38266050398049,0.00569027485468321,0.0186035993827596
"WBP1L",25.739282709366,-1.01552314313592,0.373113669416632,0.00336147996350391,0.0118458691257288
"ANAPC16",26.0442926842795,-1.10153382347568,0.402990774047221,0.00290837197949514,0.0104329434148773
"APBB1",32.0307565103089,2.83169829466378,0.510835193345018,6.24802738600372e-09,6.4489736669298e-08
"TRIM44",42.2942345618684,1.43317697203072,0.339125209216714,8.73947150481009e-06,5.61997701614069e-05
"TPP1",231.846767978032,0.687878483942859,0.181683000222975,0.000116450210512398,0.000598292220800855
"CYB5A",12.695182298345,-3.94146752645497,0.735635378535449,9.85720423643282e-09,9.95822975569347e-08
"USP54",6.24006469011004,-2.77157261264199,0.97380971031345,0.000583510479194309,0.00253780164288732
"PPFIBP2",10.2081116353134,-3.29402512424677,0.756082031876053,1.60172562878215e-06,1.15969641538267e-05
"CYB5R2",13.0563960767814,-1.44810399248751,0.559431189309078,0.00287679085527521,0.0103384671361453
"SERPINB7",348.252657014909,-3.71209170471565,0.176484991359479,3.44275206070896e-99,4.56826715747919e-97
"RNF169",45.5096499790295,2.16792457966959,0.36378329657911,5.34777529682739e-10,6.09407919869678e-09
"RPL27A",202.444880081134,-1.86675308745038,0.145057790211756,1.59450143734714e-38,7.43382426871301e-37
"CDYL2",19.9381454807224,3.11349221174081,0.647224552719395,3.02068948865037e-07,2.46368291627512e-06
"LEO1",55.753227145769,-1.10047224516081,0.269769410695282,2.23262164775156e-05,0.000134073884851921
"ZNF143",66.1642413583246,1.0794131482127,0.275056317951367,4.22263228682755e-05,0.000239536963642052
"WEE1",17.5112933895529,-1.28655780261347,0.492894774313577,0.00334924129699226,0.0118117888828247
"MCM7",59.4240752295782,-1.09195233070128,0.330006935601806,0.000466956623756008,0.0020808570831636
"RIMKLB",60.1780338892661,1.51662410679561,0.34352437670862,3.59631383584868e-06,2.4715702656729e-05
"A2ML1",240.707920929249,-3.65370065948497,0.182159040433862,2.04694788491389e-90,2.33453560428195e-88
"TMED3",10.8445634165432,-1.62520429858673,0.603663413370821,0.00172468192767607,0.00662047582807503
"SEC11C",22.1370169469619,-1.34004718039673,0.443680535491624,0.000901089719105183,0.0037186118790824
"CDH16",5.74505118810856,-1.57887230700676,0.867509300120456,0.0147789810157847,0.0415969687982519
"RRAD",837.935070008969,2.19564936761227,0.147814899548848,1.83221316197548e-50,1.08985093255438e-48
"CIAO2B",236.57302901244,-0.606986473554742,0.148875494878566,3.68655959537431e-05,0.000211010047350334
"HSP90B1",888.816719331135,-1.08095778432091,0.079642883907437,3.55072056313154e-42,1.79486973520935e-40
"BEX3",160.069561649218,-3.91435968344279,0.203902878507558,4.4050509069938e-83,4.53654496391899e-81
"B2M",371.339649645776,-2.43609115272398,0.14702068826921,2.13750212872245e-62,1.63875163202054e-60
"ZNF592",41.7058172441441,0.833040329714381,0.342095370104939,0.00964516562880452,0.0290175028727932
"AP1G1",135.130613757567,0.726757823729222,0.20641758596253,0.000311074123791251,0.00144490841747535
"YPEL4",7.4326341778984,4.06741608050333,2.25161019596669,0.000899483446223006,0.00371420453557076
"PPIB",300.923043802939,-1.59125276563094,0.124772839850681,9.17909352444633e-38,4.15316362745441e-36
"KIF7",8.46696322308672,3.67906983930327,1.03524571138845,7.12373308251073e-05,0.000385066653108688
"SCNN1G",3.84201647695382,-2.23266995839371,1.46950498594713,0.016354546334766,0.0452199437827631
"RBPMS2",2.50715532539337,2.69739963423944,2.94181730770817,0.0131503818830756,0.037728746358928
"NAV2",4.65961436337698,-2.82119859567574,1.16369367819166,0.00168009810997811,0.00647273978718534
"TERF2IP",102.862806025764,0.587298492630964,0.211331027753138,0.0044370285577276,0.015103846595126
"CHP2",11.1667473170539,-3.38524234125266,0.837174102071383,4.87433220420242e-06,3.27805966949285e-05
"NAB2",96.9407535070063,0.845406041977044,0.2088261056503,3.42089501409772e-05,0.000197029846387932
"PATL1",129.229220646712,1.20926201030232,0.206707667491437,2.33401049546686e-09,2.49878548001883e-08
"STX3",159.204405058628,1.02462734748424,0.191495297387804,4.08358128708645e-08,3.75189226110472e-07
"YWHAB",112.046081264788,-0.621769017863031,0.190713115853136,0.000878522909058643,0.00363635757198838
"MAPRE2",12.4297750491482,-2.50246176506771,0.624214698163379,8.62101070083902e-06,5.56194238763808e-05
"MARS",154.203410767874,0.830317551588727,0.189075634679822,7.63951393475706e-06,4.97838953516982e-05
"MBD6",58.7028150793284,1.32801645065894,0.29983901450171,3.9104537554844e-06,2.66885567881725e-05
"PDIA3",194.066077015833,-1.85503161851322,0.160516838573041,1.65448486839507e-31,6.27249757798132e-30
"PHB",105.003339063294,-0.65122883545339,0.195174016771386,0.000653032335692838,0.00280576542331239
"ACSF2",8.06043760880305,-1.62902121845198,0.712145347089965,0.00500042988001938,0.0167246564091778
"CERCAM",11.3771353381315,-1.47423308202938,0.619307096768172,0.00484898086382944,0.0162931424204642
"C15orf39",22.0779074446639,0.961842118702922,0.443563663308288,0.0162498969113845,0.0450278889199799
"SP2",62.7116815700754,1.07330161053613,0.326054605046973,0.000524811651022688,0.00231238850067468
"CRK",133.559876812935,0.599240457808326,0.175683218572687,0.000529636853323442,0.00232992941532148
"ZNF91",20.8751546777615,1.27284176126614,0.474174495364835,0.00289636451566494,0.0103952744645452
"CDK12",72.1749993831269,0.911002201366858,0.263269582795233,0.000332483878077844,0.00153351521305957
"POP5",18.7510991883596,-2.63101793386426,0.606281923948777,1.77329869732028e-06,1.27389495174492e-05
"ENGASE",105.879433419954,2.20154996683158,0.343690681307594,4.11016385312309e-11,5.11915714558652e-10
"ATP5MG",75.7841616289327,-1.61523930512483,0.230924303143011,7.84359512128321e-13,1.13579866394237e-11
"TEPSIN",43.8693786322572,1.0538187460405,0.379989886585779,0.00290404138194326,0.0104201172831038
"STIM1",18.4766790816864,-1.06070641851268,0.452667054597294,0.00904518906952044,0.0275609647073045
"RRM1",44.7504355204041,-1.64598470351573,0.313823931496953,4.34205558230066e-08,3.97613583515256e-07
"IRGQ",41.0024977584406,1.02680624739025,0.404621637213704,0.00595818151243251,0.0193556744047949
"TPM4",108.138006120152,-1.57144265108177,0.190515993911354,5.00481656906577e-17,9.68674174657891e-16
"GPX4",116.399577276767,-0.557784220381432,0.178211362675949,0.00144299148727519,0.00566361846541455
"MIDN",107.007424734616,0.88351226891313,0.208283471021138,1.42221458156453e-05,8.81300459164369e-05
"CDT1",2.25513155060409,-2.3588953198333,1.95635032165169,0.0147720302029443,0.041585886740235
"TRAPPC2L",12.7122320279696,-2.06092345654171,0.640754430195194,0.00022104624535562,0.00106250023890894
"ANKRD11",36.6844526970795,0.926816029630168,0.345946735297833,0.00435297984391356,0.0148470395071693
"RSKR",10.1212181371003,1.34269334896829,0.709733945732644,0.0184281703120812,0.0498058657083275
"RPL13",198.602940582657,-2.10237730723297,0.15823665662603,5.08063590545279e-41,2.53114712979236e-39
"ZNF641",13.0207773474026,2.41716304659364,0.742567796195925,0.000214139031493667,0.0010339813277161
"TP53I13",20.7340444562361,1.91988214518971,0.469140516720995,9.80364408727767e-06,6.24608903067552e-05
"KMT2D",66.2300770983307,1.20394310045555,0.297471979380965,2.38753710873315e-05,0.000142385531981493
"TUBA1A",92.7780181159519,0.788267732603829,0.217329689244746,0.000200326720331136,0.000974791516420901
"TUBA1C",471.862392843353,0.520278047612355,0.0956815470979473,4.64534705788005e-08,4.23699863838365e-07
"ZNF528",15.0992368581279,1.60648200803456,0.566583380640258,0.00129351879927606,0.00512947110057747
"SERTAD3",111.756526435709,2.25574964742634,0.244582593085852,6.23213418019269e-21,1.48281813252861e-19
"NCKAP5L",21.4650031778667,2.0905408738164,0.621409659256282,0.000184371917305261,0.000906424103602638
"GPD1",12.8134627195776,3.65548354803063,2.15542099561163,0.00150631077261398,0.00588202848389159
"PROSER3",24.7068876382727,1.06684349389499,0.513953696273636,0.0182326213924282,0.0493428066914945
"AXL",39.3082791564187,2.45732635316262,0.498388670722292,1.84870101187109e-07,1.56323982621452e-06
"NFKBID",30.9036529784254,3.35286743563458,0.548333604644814,1.7798286572061e-10,2.09570268510616e-09
"LENG8",626.639741835658,2.72233618204621,0.135484161301784,1.59974325033117e-90,1.83970473788085e-88
"CDC42EP5",10.8473709460483,-2.6244768106466,0.891124774737511,0.000349402074204566,0.00160404145842416
"ZNF146",97.7898028035881,0.505418348771054,0.209832490023927,0.0137402968995743,0.039120300642485
"SPINT2",216.244417522535,-0.606319219906346,0.144807103757464,2.27561666050718e-05,0.000136477661516728
"C19orf33",377.248871156991,-2.37169724011817,0.200650373519916,4.79603875255836e-33,1.91287094755218e-31
"LY6D",396.005763948338,-6.00412936141701,0.220006117823056,9.45685090385552e-165,2.83705527115666e-162
"EEF2",1379.83614353456,-1.45091831547415,0.0774496433366933,9.07106041362727e-79,8.87805912823095e-77
"NXN",37.3569584772752,-1.06315890393098,0.329727467926236,0.000632362702141346,0.00272876963400581
"MFSD3",20.3434667877738,-3.34224986492061,0.551513385779598,1.50701784561545e-10,1.78974580632472e-09
"KIFC2",132.740959740081,1.37639619361335,0.195017197108845,6.6534810452196e-13,9.73680152958966e-12
"TSR1",57.3726132223934,-1.08967748772249,0.263183624492149,1.76592816134178e-05,0.000107592974068505
"TRPV3",203.73088002017,2.69004830188652,0.203418398301125,1.45582461585667e-40,7.12424812014965e-39
"GGT6",19.9274251468169,-3.54246506288301,0.602156286228446,4.55826480639543e-10,5.21160350689784e-09
"KLK5",741.395589470733,-2.82563954459632,0.105683707969355,2.76775613013395e-158,6.82054189211581e-156
"KLK6",35.6944247528234,1.08719135480614,0.409374128574637,0.00390365126455117,0.01348782860561
"KLK11",94.554902720931,-2.11935045587746,0.227824279847776,2.71756778641648e-21,6.68492610562342e-20
"KLK13",13.2225368345953,-2.65970639977584,0.731565575499612,3.36582625685626e-05,0.000194426129529579
"KRT80",170.33587083233,-2.12731786035262,0.198205616727199,1.39122902953837e-27,4.52805674708244e-26
"KRT1",1109.47432780163,-5.87756812468862,0.121655699840785,0,0
"ACER1",19.3538432301295,-4.34016204216098,0.823626081773199,1.27492137346275e-08,1.26302332762283e-07
"ANGPTL4",27.3842265853854,1.58686781264419,0.422069957414681,5.08318399352339e-05,0.000283884820358651
"ZNF558",21.3154742202136,1.21502846942653,0.490644446100998,0.00555680458847018,0.0182493820373366
"NDUFV1",37.2395396507187,-1.62553338373491,0.328299486225867,2.06539248885319e-07,1.73161703196683e-06
"CDK2AP2",25.2481955989781,-1.30667857561553,0.428882591499013,0.000856741061483133,0.00355579748826082
"NUDT8",7.45490852484387,-4.61958019369511,1.16914720129148,9.98659513580797e-06,6.35385029387506e-05
"PRDX2",79.483642507308,-2.33540691370276,0.239645935811475,3.32689511306402e-23,8.8290678000545e-22
"HID1",15.730463497871,2.52380850388139,0.698459979694943,5.51110801995895e-05,0.000306049459458485
"MRPL58",51.6301256219982,-0.994421299354943,0.312278887167818,0.000784390993059681,0.00329015066997678
"ATP5PD",63.1837043470963,-2.35162363506062,0.279498769741332,6.50826368401024e-18,1.32079468881384e-16
"TMEM88",118.031195806574,2.89487386030086,0.482795795916681,5.56563202980269e-10,6.33710577650801e-09
"EVPL",108.589520277134,-0.980124371049654,0.201415206112966,6.50743462576593e-07,5.03095786193669e-06
"TK1",11.8755058519335,-4.0686955191982,0.887177934901376,6.58692464382469e-07,5.08194370870779e-06
"GSDMA",59.6935955055238,-2.5052801865852,0.340650684414539,2.99359711782169e-14,4.87740734662803e-13
"KRT24",4.07746733583353,-4.1827580591494,1.66658396589518,0.000708127186602597,0.00301052223509422
"FAM234A",11.3291957261482,-1.88968259947728,0.618542555090488,0.000440152629063608,0.00197596170497
"MLST8",13.1899897095598,-1.51708573885788,0.561854006671837,0.00192022517613767,0.00726056705638345
"E4F1",32.8631069237392,1.06572804283097,0.390153925650379,0.00318527129186927,0.0113028397602972
"KCTD5",90.4339921446304,0.915900009187119,0.249570704959533,0.000148188386322192,0.000741479235404729
"SRRM2",835.058194542647,0.998808468372901,0.111146592179319,2.27010578222907e-19,5.00438654868388e-18
"DDB1",65.2587221212623,-0.735148905989004,0.25362733148237,0.00267125355196763,0.00969576512813079
"FTH1",987.466514733983,1.36395500724026,0.0869143035467203,6.15208113347095e-56,4.14140095814142e-54
"BSCL2",27.508788272533,-1.27926665132295,0.408917470011551,0.000677524161788926,0.00289827446766497
"POLR2G",57.0385230618015,-1.73447941162717,0.292760638277342,8.01323208318232e-10,8.97586061265552e-09
"SLC3A2",614.673115499596,1.97148873991362,0.105774274120964,3.89894599379805e-78,3.78911652918402e-76
"SPINDOC",61.9461665845597,3.50851528148156,0.38076581293622,6.24530509679203e-21,1.48339432591618e-19
"ATG16L2",13.5070087663716,-1.36596400700825,0.539322415920521,0.00371978301999617,0.0129302281299615
"RPSA",220.990865006564,-2.12401551911972,0.140988841866976,5.51700698140528e-52,3.39887037247289e-50
"ENTPD3",17.6572786620227,-1.6399150243822,0.492916130784375,0.000227998602401281,0.0010924933031728
"LTBP3",7.24916208366091,1.71490740194087,0.789462223881149,0.00661407160995316,0.0211822205192281
"SAC3D1",9.84582870122488,-1.95483702224044,0.694331957521397,0.000886089980671796,0.00366438170011111
"SF1",143.740051276004,0.870158960454673,0.185799402504742,1.78189837399587e-06,1.27874142283635e-05
"SCARA3",4.17732922440756,-1.69297833639791,1.06791427870176,0.0181575513360798,0.0491900684016297
"PBK",5.12430036299056,-1.95081852443875,1.23985198679733,0.0134901183414226,0.0385591617878277
"COPS6",68.1776822807875,-1.04771108558339,0.253895396895284,1.93981648146427e-05,0.00011746146311631
"PAFAH1B2",55.36133666206,1.21226401239311,0.281748902835168,7.61400161848491e-06,4.96565322944668e-05
"RAB4A",26.9285067470181,-1.26930413608465,0.382963728931136,0.00036114107528116,0.00165134090088801
"SETD5",150.682641327147,1.5538616863561,0.218619772535496,4.25106462154801e-13,6.32844571492585e-12
"VASN",7.98790960600774,-1.60966556684416,0.822829723429242,0.0115036207680843,0.0337120336800941
"FAM83B",72.4401433921712,-0.542015416185998,0.226253630712863,0.0136862755878361,0.0389906282229847
"RNF187",36.2807934956677,-1.1525402197261,0.378156451086575,0.00101776672916106,0.00414434371862574
"MAPK1IP1L",68.9185034544101,0.808710124785946,0.246872640596322,0.000715351201499203,0.00303842615595229
"DDIT4",1053.0499884825,3.42049778211878,0.0955877047300284,2.94184061105581e-281,1.84533638329864e-278
"UBTD2",30.9730700681571,1.32777036162938,0.401178578906383,0.000364177323637673,0.0016641215450993
"IRF2BP2",150.348314067364,-0.374141356299843,0.156831924527176,0.015582035080588,0.043475957159748
"NT5DC2",22.6349204089587,-1.44527784543961,0.429572123068938,0.000244601214247419,0.00116516974684653
"MGAT2",34.3755524763566,0.759549575677098,0.340486070610576,0.0176775576540885,0.0481639280604977
"BMI1",43.2441761901087,1.49705570898409,0.35169181489251,7.05977677063731e-06,4.63486771811584e-05
"PDHB",31.7215332790521,-0.869090453299345,0.360821694693382,0.00964901295398952,0.0290227503847113
"PXK",19.0547711268835,1.19768445712874,0.47502494317012,0.00493059353569909,0.0165231157825759
"HIST1H1E",256.148242705317,7.66019819429536,0.801226791313784,1.72307706808154e-20,3.98299221767592e-19
"SEPTIN2",108.959801562895,-0.56198491908325,0.184857390918002,0.00195441792455775,0.00736710389480932
"FILIP1L",22.2349099466447,-2.58944397800793,0.492426936409388,2.23315000869003e-08,2.13122199999464e-07
"MFSD2A",236.924900445992,1.17349235952262,0.18000865594886,3.48691647344226e-11,4.37449521213665e-10
"DTYMK",14.0000267560945,-1.52411071236768,0.55708998487747,0.00172148844793152,0.00661005581008766
"TAP1",44.3440699969529,-0.828732039540711,0.311757697132715,0.0050508187408367,0.0168482713617468
"STIP1",733.230773554072,1.11332752229325,0.109948868261788,1.94112373515501e-24,5.38984055234188e-23
"SCNN1B",5.92535960838036,-3.4080947756683,1.13841939967412,0.000377611130854979,0.00172038085368066
"HR",20.1613053765987,-2.15676297489722,0.475390159432107,1.01801750286494e-06,7.63928305575648e-06
"REEP4",34.9896991241593,-1.40544578206138,0.381920078800852,7.93675763921383e-05,0.000424359765289232
"BMP1",36.8022993101287,1.18905362776203,0.342738638814771,0.000236559664772049,0.00112998386080106
"ATXN2L",221.439656637991,1.48855754593932,0.182466755895994,1.27321881390156e-16,2.41351918019801e-15
"PHYHIP",4.36478556566505,-1.77361226855519,1.03548526074072,0.0139276286090329,0.0395394517187111
"FEN1",19.5781854799008,-1.33016666192146,0.460881727047719,0.0013845660441324,0.00545914611686487
"CAVIN2",1.83550693421376,-3.46724075836319,4.30253580545268,0.00900646728548312,0.0274555720613396
"SERINC2",117.00097683672,-1.46367544215503,0.194057790747743,1.58304204568484e-14,2.6415937400787e-13
"TRAPPC11",22.9278951105756,-1.02440564356501,0.416292125923446,0.00693119633506855,0.0220545329545645
"ING2",29.8765097019285,0.864977103510494,0.37014965937992,0.0119623817099674,0.0348271872568671
"SLC20A2",44.4830059575871,-1.49889603689853,0.295310656224043,1.24975314471327e-07,1.07926116376991e-06
"NDUFS5",424.002498426515,-2.05204957691254,0.124156520608361,4.68352196240111e-62,3.57086204868151e-60
"TMEM208",32.6216591075558,-0.906717227794677,0.362474629990996,0.00718516807654822,0.0227159952935545
"AHCYL1",179.321305710241,0.806313763218916,0.166144087309584,8.28776699611917e-07,6.28758573647304e-06
"SEMA4C",15.1675635291825,2.16236125276692,0.620589701324296,9.50854147522554e-05,0.000499497039810097
"PPIP5K1",38.2290208672211,1.03044556184926,0.347480442030378,0.00161936139422713,0.0062683785329256
"TSPAN5",6.40727123271026,-2.18176700779388,0.870365105825065,0.00179044815185856,0.00683679703808746
"ZBTB5",102.603407332129,0.766004066696595,0.238167054174025,0.000922305602426956,0.00379255581450894
"ZNF507",19.4557400801772,1.5341607057254,0.546428493044573,0.00156710230142831,0.00608840421163025
"NSG1",30.9518042273036,-2.57589940299364,0.408979585910019,4.21616730463613e-11,5.24644804364099e-10
"ANKRD49",79.3293329875502,1.56750652168731,0.284068204407892,1.18047337304863e-08,1.17536309870643e-07
"TNIP2",62.6163677229191,1.05717709445,0.270691011033212,5.07631545032064e-05,0.0002836160049167
"MAT2A",438.349059343823,1.83390722104873,0.121603835807601,8.17010557392614e-52,4.98882552744162e-50
"PLA2G4F",42.7001079973622,-4.44100338155744,0.420309358968241,6.81211269019785e-27,2.15612741111767e-25
"SLC35G2",6.06441527586619,3.20502509520564,1.48860989140024,0.00267028148722805,0.00969478677288795
"INPP5D",17.7156199342965,-4.10224957042089,0.673003652198648,1.90448603741253e-10,2.23675806947173e-09
"TMEM129",17.2393775665024,-1.44868811679407,0.517148801290658,0.00153356991996763,0.00596989136686975
"PPIC",29.9685964871853,-1.32402549119543,0.42211057796062,0.000614451282859718,0.00265979539004521
"PXDC1",75.2047514568963,0.777124507075288,0.247014565678729,0.00115423962563656,0.00463847024862684
"E2F6",18.597558961403,1.71807754253894,0.568942506715617,0.000666467217633506,0.00285628807557217
"FEM1B",67.7135622998083,-0.655725709667505,0.238090653426974,0.00446990955727285,0.0151820703643528
"COMMD8",23.6599641154749,-0.960354183008264,0.442166241735056,0.0157684241043679,0.0439160953865341
"ATP5ME",171.209787123894,-2.25718039097749,0.210810327171481,1.4508916716521e-27,4.7111306044233e-26
"MAP2K1",92.4927802074902,0.740712727168179,0.209103331575607,0.000288732145087696,0.00135251310326212
"KLK7",599.334568010492,-2.26202621300664,0.115286060907166,1.79730023381397e-86,1.93771431458069e-84
"HNRNPH1",314.728099424241,1.30856452640939,0.143616687149483,3.51929318900407e-20,7.97475303912253e-19
"IRS1",13.6372343820408,-1.12189923693089,0.517112468805265,0.0128641143888167,0.0370228943828302
"SLC25A6",304.017280472704,-1.71247272823585,0.172341597583077,8.01825338418836e-24,2.17818694294881e-22
"ZBTB43",485.432188251038,2.56238788009816,0.185007746114837,3.28587750232139e-44,1.74404267430905e-42
"PCSK9",18.5397337663337,-2.38831706942356,0.507345337495259,3.93334863791676e-07,3.15033146855782e-06
"XPO6",192.530986326193,1.2062098627586,0.183857821073526,2.59048564820995e-11,3.28874902900619e-10
"MN1",7.34071390001335,-1.67653740040206,0.867544778246499,0.011626866461584,0.0340206396561976
"APEX2",23.0759176445409,-2.14818581859212,0.464720930295943,6.58252824120191e-07,5.08194370870779e-06
"NSMCE1",15.6860110416805,-1.26592231195925,0.506284570190563,0.00457856480655813,0.0154673670331707
"TBC1D10B",40.0087283358091,0.765033017784082,0.343074624361905,0.0176020822625449,0.0480056788978499
"PRELID1",236.305218908336,-0.886542003783569,0.137006348314875,6.15054484339143e-11,7.54466834122682e-10
"SLC50A1",83.1084964296175,-1.46962059476608,0.233537773363196,1.04764690370537e-10,1.2615643343049e-09
"NPIPB3",5.44261198698953,2.35273040920386,1.5016504078691,0.011836706097448,0.0345341530961484
"ADRB2",14.0160489003833,-2.84506930734841,0.620622648776432,5.87258995780427e-07,4.583808903716e-06
"PGM2",44.2523790661151,-3.26979009640877,0.345439031488703,3.7596625533352e-22,9.64374409591557e-21
"PTPN9",14.8888090339647,1.18575121393686,0.52123396141397,0.00947304666360094,0.0286119597193462
"CXCL8",1920.06706030168,7.03261640986353,0.502943156522676,1.95565586344444e-43,1.0184170156805e-41
"SPRR1B",9304.70725765211,-4.14326983241529,0.0869282891262979,0,0
"SPRR1A",7907.33832014765,-4.2465447376981,0.152914284005959,9.17282896767657e-171,2.87693272168038e-168
"PLEKHA2",16.5610172239513,1.29880160244518,0.489916826021101,0.00301237310638427,0.0107724148401407
"CLIC4",133.517085349666,0.617792565371505,0.183952968345468,0.000631195940144146,0.00272458679198912
"MUC15",23.8628203877657,-4.27081707389409,0.562761576043632,4.7532018439608e-15,8.20953509970702e-14
"PCBP1",393.728112686696,-0.565894297525455,0.111306146983973,3.08179535573243e-07,2.5090723250211e-06
"HINT1",332.467170170789,-0.993626742079797,0.114466395481343,2.07161078857054e-18,4.32499680518508e-17
"CLIC3",116.046949454515,-4.39597066864002,0.276667743428401,1.00281806198387e-57,6.98933800776637e-56
"NFU1",19.8133028157122,-0.947635322047278,0.442698196339691,0.0173230172417626,0.0473703049297458
"CKAP2L",3.92682799229065,-4.39204747580853,1.64286583742294,0.000432505208500447,0.00194479370391208
"RAMAC",83.5335576315688,0.897101182499242,0.236407195145198,9.30591606708894e-05,0.000490545853009955
"HIC2",16.1400775951398,1.83870149827472,0.597546694371138,0.000505656457239969,0.00224014738680949
"BUB1",3.82072509977801,-2.28040653009382,1.17838232760919,0.00668731424953358,0.0213770990603575
"CENPX",24.1103870142249,-1.5419158645097,0.422562652725061,7.70501457712236e-05,0.000413410579954466
"AGPAT2",84.2616924816226,1.6848300506584,0.243168106414268,1.23227202245326e-12,1.7477239372924e-11
"FASN",94.9605266440528,-0.95644523000446,0.205938861569643,2.00927277618653e-06,1.43222956153792e-05
"CNBP",757.207944841283,-0.311730512479563,0.0798953595116266,9.03235804026114e-05,0.000478305989852662
"MT1E",240.137015884816,-2.34070710796203,0.163844145196269,4.70775399162474e-47,2.66258217559104e-45
"GPS1",25.1038025100932,-1.02675661957024,0.387100714264994,0.00406648590717189,0.0139665270082061
"DCXR",26.0917275158213,-2.2117103679027,0.433152804779208,5.74714607137264e-08,5.19388446528765e-07
"UGP2",56.6474964853423,-1.13614965203254,0.26268013150749,7.24993195957584e-06,4.74616039099367e-05
"HNRNPF",158.226195104454,-0.614344798542164,0.161082484932651,0.000108935351110944,0.000564940941499823
"CSGALNACT2",37.8230537416162,1.57243824718037,0.356076883546414,3.06138677663286e-06,2.12724760914066e-05
"PCDH7",4.47732648919749,-1.8053835096662,1.04251810410538,0.0133419744592849,0.0381910905492909
"ROBO1",8.97483460142127,-1.50532239485723,0.683339589028125,0.00732962177627163,0.0231038786003994
"TRIM56",12.819605127891,1.14757533001526,0.544627098921063,0.0150011879792772,0.0421021749265864
"ITGAM",11.4335771873683,3.77901786950273,2.17742844720915,0.00125049180851734,0.00498606962078571
"TOR1AIP2",90.7412563866158,1.54075278155287,0.297294286239791,8.09650062335901e-08,7.18994263850414e-07
"TM4SF1",290.379295438581,1.52664561226821,0.137994725108302,6.45792872846833e-29,2.20047941858921e-27
"OTUD3",45.5084187680848,2.56790414835945,0.420905059123237,2.29345394064731e-10,2.67990384258535e-09
"KLF13",69.8559906629777,1.23814305342487,0.244764254742005,1.88707969156363e-07,1.59471523230729e-06
"ZNF764",73.5979087544567,2.73928115113136,0.498173410388386,1.08432238246557e-08,1.08826537294726e-07
"SF3B5",239.520053512347,-1.83148421086604,0.173366264796755,1.01356631450548e-26,3.18615379047282e-25
"IFFO2",121.265279629345,-3.12588038817434,0.244834452232288,3.14824844218941e-38,1.46282250849205e-36
"NLGN2",93.5466370249707,2.77924903776239,0.393990440142537,4.20727393214724e-13,6.2700194669149e-12
"CHD3",168.744735849537,1.03876894271905,0.197735701961875,8.41695406102246e-08,7.4601134259544e-07
"TMEM154",32.8598874376621,-3.41731917911764,0.40977548396882,9.34295197249829e-18,1.88774139415046e-16
"ALCAM",35.8353362968827,-0.841573615187565,0.338127472175587,0.00803905493952885,0.0249750018382481
"YWHAG",607.629573682201,0.460396371460185,0.0946386415046496,1.03487746141788e-06,7.7489468082294e-06
"CNTROB",117.055157218685,2.04996998860055,0.280804782081224,7.55976542694851e-14,1.19638489554919e-12
"TRAPPC1",123.661325996043,-1.50487313130172,0.20502744340881,6.98276073934326e-14,1.11272630719327e-12
"ZNF778",12.3952350751572,1.77142809203286,0.636000993708893,0.00128094352517806,0.00508691241653444
"CHRNB1",59.7337988879954,1.56470753376094,0.35693296076274,4.01636357135156e-06,2.73572642076266e-05
"PDCD6IP",155.715741493241,-0.506232029905708,0.168050321594693,0.00221894243306205,0.00821830530763723
"ZNF212",59.404942271153,1.15162870716777,0.328614133841973,0.00022031799567839,0.00105973800640006
"ZNF282",48.8781511927886,1.11331946723554,0.292694559669979,7.16990842773974e-05,0.00038741087041037
"GLB1",18.3667808099662,-1.25388548996762,0.494595252803413,0.00420622619960484,0.0144070294253033
"FAXDC2",2.90219423578148,-3.04335489721087,1.60652013770818,0.0052090981796934,0.0172760285699997
"CRTAP",16.9581467578097,-1.55133487163697,0.478859163840149,0.000336153507631676,0.0015478539890948
"GABARAP",290.454457608823,-0.872085724689928,0.124561378999004,1.70394689570241e-12,2.38725554930897e-11
"STX8",10.7609387633298,-1.43110483600301,0.626485066662803,0.00640729471571725,0.0205868840691264
"CDK1",7.36643005753942,-2.60017700794452,0.826789697283187,0.000213692416616172,0.00103218598155519
"UBB",4370.51826304209,1.92138494309491,0.0713766305716492,3.11375578917268e-160,8.2634288251121e-158
"NFRKB",80.6322616679227,1.50409100074472,0.29354335805055,1.05352459120106e-07,9.21333292685334e-07
"B3GNT2",132.784428669027,0.630120222018968,0.193630357306189,0.000903690953438336,0.00372823173615816
"FOS",2066.27638634373,3.58097450534002,0.165760798977683,1.28812107632083e-103,1.85167404721119e-101
"TMED10",75.865961271082,-2.11143523784357,0.232857590353598,2.36214459887344e-20,5.40590306209843e-19
"SLC30A1",73.8302898626793,-1.85481071719881,0.265911596759792,7.40607082446564e-13,1.07582923555396e-11
"GPRC5C",19.5945677504916,2.86723090281051,0.759951546818125,3.83328633520335e-05,0.000218773165532698
"KRT8",52.2921601614592,2.76772033852482,0.328994001790961,6.63572586755453e-18,1.34318065476543e-16
"KRT78",48.8576935995039,-2.69130807006943,0.361203028113759,1.33135319760557e-14,2.24330575420718e-13
"SDR9C7",126.161533189794,-3.13159967824027,0.253166838184684,5.01991062219604e-36,2.20620275752565e-34
"KRT75",136.347287093286,-5.57159560038723,0.303066171120659,4.26486590740305e-76,4.05897582911463e-74
"KRT6C",709.142358104807,-6.02207368880003,0.149879504550206,0,0
"PYM1",30.5657408126867,-1.12764373315292,0.378340012633448,0.0013139860801915,0.00520315865326908
"KRT4",2.39642935976386,-4.45825291298492,3.09908593830605,0.00328592646439797,0.0116181873452964
"NUDT9",30.1562159787253,-1.39613839487742,0.380162854599777,8.35342968850195e-05,0.000444571267648773
"PA2G4",138.931262778186,-2.06887033709668,0.17670782725979,2.40820281510997e-32,9.36146446437116e-31
"ELOVL6",15.5446552794583,-1.81562505012213,0.526812106823006,0.000123241281142493,0.000628438575428898
"PFKFB3",94.0374275334452,3.26988973580767,0.331476333805343,1.38021761804256e-23,3.73470649587987e-22
"TMC7",14.1017879909768,2.07682684230258,0.645815695759135,0.000258688993216832,0.00122550913367397
"ARL6IP1",243.522997861434,0.968244667522267,0.148229959051414,3.95514935961591e-11,4.93053849708216e-10
"SMAGP",23.9931542443725,-1.46968223443288,0.423632414517692,0.000163217071966804,0.000811089518596291
"EMB",22.1330471827335,-1.38650011803194,0.426105583815033,0.000384705544049229,0.00174923772912005
"RNF34",38.8242365228178,1.2112443187724,0.330548551547952,0.000110160819791652,0.000570010991047916
"HOXB9",3.30186481347603,4.58093979736788,2.58570139844549,0.00113259795102039,0.00456212834911893
"POLH",24.3865425069088,-1.92830527064377,0.433868519177175,1.82663745582995e-06,1.30812646032451e-05
"CDCA4",25.4608641815863,-0.998185231879832,0.382584586065683,0.00475163445875063,0.0160089246901266
"SDR16C5",38.0413703564566,-2.32096261689363,0.346527900335702,3.56784903386823e-12,4.87488283835461e-11
"FOXN2",33.1360277651308,1.34775641823178,0.372511822995335,0.000115209831785011,0.000592802266455313
"KBTBD2",73.4656332860236,1.30876081653592,0.286463622006686,2.05211273347927e-06,1.46050313161495e-05
"TRIAP1",79.3916230648248,-1.34783300855309,0.24689020978653,1.83101208253809e-08,1.78194405775921e-07
"KIAA0232",70.6540563444276,1.86863702259288,0.280282036283703,7.11137734716062e-12,9.48183646288083e-11
"MTSS1",12.3198007038068,-2.52207706041896,0.626616455204877,7.74909859861172e-06,5.03709659259735e-05
"TMEM43",205.674886603683,0.597114051163402,0.150878548849451,6.20617933157461e-05,0.000340402522956
"RPS9",161.093959309936,-2.12814023370121,0.171614426356987,5.23812030758611e-36,2.2875335520471e-34
"GSTA4",37.0787003091142,-3.59357437622928,0.396319594814481,1.46937846080631e-20,3.41946420895903e-19
"NDUFA3",21.5229128491184,-2.16295604112485,0.463327797471733,5.29517083228193e-07,4.15898448978319e-06
"TPT1-AS1",25.3839293248944,3.27592066828133,0.682858290816931,4.2207475352474e-07,3.36878634970584e-06
"TANC2",19.0109284642394,1.12053417266783,0.472896008584248,0.00819728224042999,0.0253694763215819
"ZNF160",28.4031539469757,1.33848913148324,0.394410725662461,0.000265863361492414,0.001255617518342
"C9orf16",43.6953106328388,-2.19910943688758,0.358073999510931,1.42962775997679e-10,1.70076405928274e-09
"ZNF692",49.6476195818615,1.0226296197635,0.305260387048684,0.000438894245259698,0.00197095365590102
"NAIF1",27.6349762014493,1.37433368163662,0.445147336329594,0.000753582307116667,0.00318025560801529
"TRIM8",17.8826429280909,1.19348275250125,0.501305286139649,0.00730035820279336,0.023032680200857
"CDC42BPG",41.919025966895,1.34497601905831,0.32703146406137,1.53138149018551e-05,9.44283492607689e-05
"JUNB",963.708795233589,1.68301420992633,0.101722281153144,6.46159811030054e-62,4.89945351220591e-60
"FAM241B",16.5008712673295,3.1613517826613,0.658877201447433,2.13493432990295e-07,1.78883386476385e-06
"SHCBP1",3.06490327685984,-2.81404626417288,1.53048604605562,0.00683708083506282,0.0217751478245712
"PGAM1",56.4490343983177,-0.993340530154992,0.266528760264336,0.000106746813961992,0.00055505125571797
"CHD7",20.3197286248468,1.02162900930873,0.444249643324768,0.0110355376493852,0.0325685242860385
"KRT15",11.311957492734,-2.66877709206607,0.700402763803841,1.95968186772414e-05,0.000118508368863248
"KRT13",14.5737666272102,-3.77681489710921,0.695489157394905,7.6705787856164e-09,7.85266967666961e-08
"KRT9",5.02174201898698,-2.82901380882417,1.15719560271002,0.0016030381389506,0.0062087921183043
"ZNF524",15.8820630879959,-1.51072615502349,0.500789220451618,0.000736212093493103,0.00311648064116712
"ASXL1",85.6930909264828,1.73008589578481,0.320304602069017,2.08985775080935e-08,2.01116017860314e-07
"DLK2",12.8198534520122,2.28834045799508,0.671665788174344,0.000109425721793796,0.000567057814778217
"HOPX",48.7471094001472,-2.95331276998803,0.359280222802918,2.8347473482487e-17,5.59649691070559e-16
"RSL1D1",84.399430590366,-0.678106602859033,0.214204941100055,0.00116334340674753,0.00467085975786148
"PPID",151.510994477432,0.945803021718028,0.212683988161185,5.1682696266682e-06,3.46223887611753e-05
"LPAR3",18.3615113943023,-1.24470087819434,0.453491246958624,0.002345706552995,0.00864372508179732
"TBCA",73.508653852223,-0.575664184475147,0.228074802634346,0.00936778267045001,0.0283589936640059
"BCL2L1",63.6219026272001,-0.92081681816948,0.245562850414532,0.000105936383929691,0.000551044891907176
"ZNF274",259.230568570895,2.29253055011758,0.238526981531582,1.95764807283038e-22,5.08767295763828e-21
"PIK3CD",19.901744910484,2.27661901469287,0.552622914213107,7.65553364690744e-06,4.98331907204352e-05
"ENC1",32.6253808989852,1.3814088493603,0.367669756742805,6.37592124986692e-05,0.000348880702807944
"RGS19",16.2057572257219,1.18047659272279,0.497459411118595,0.0074135344022685,0.0233310774803433
"NHLH1",10.3082933213578,4.09694435730781,2.21661029755931,0.000724307696418055,0.00307268558578824
"PWWP2B",33.9457759064077,0.877020109879423,0.343016244704097,0.00649177800701181,0.0208292342470967
"FBXL14",23.830564016675,2.09759129086907,0.714851470861121,0.000839930462992035,0.00349127722568978
"RRM2",3.92448309666128,-2.56805995405534,1.17572892788022,0.00332553945857097,0.0117402006979482
"RPS21",513.885988384385,-2.57529671203015,0.123176059373275,6.77074223370906e-98,8.8147398891684e-96
"RPS7",171.042577035716,-1.8085834664575,0.163468199145044,4.73392705886332e-29,1.62913200529461e-27
"RNASEH1",49.2390806153148,0.804586202814755,0.300494156483729,0.00494863388573903,0.0165736036727272
"PRNP",667.933887338301,-0.957022184621928,0.09066956922638,2.80875838904623e-26,8.61352572640844e-25
"CYP4F11",31.3038161991723,6.39428231970548,2.29265737808709,4.33065096976495e-07,3.45051867105983e-06
"CYP4F22",37.3264367967827,-3.25120182166719,0.442219228980082,2.35021374133309e-14,3.86566741721057e-13
"PPIH",32.1539035323101,-1.61623420188911,0.421043886844945,3.34686800758268e-05,0.000193492997505828
"JMJD1C",197.194879106495,1.99687211263086,0.200410589053692,5.91580991191326e-24,1.61340270324907e-22
"SYNPO",11.1290573209245,1.24625470234739,0.607979014092158,0.015142913259332,0.0424226872226958
"LAMB2",128.84051895434,2.69663237863828,0.237324195567315,1.21056324298501e-30,4.37323894062647e-29
"QARS",45.0364472083427,-1.84962658111458,0.305472754922654,3.30540516244368e-10,3.81627119163457e-09
"KRCC1",19.580673582154,-1.07584926665073,0.46375917520119,0.00938256757036621,0.0283883868605687
"CALB2",21.7800408680472,-3.1050726411147,0.597318657368099,2.46316904633138e-08,2.33620156971636e-07
"MRPL13",21.3240291451773,-1.74092965161177,0.458626291865475,3.5191735039614e-05,0.000202324265985522
"ISG20",21.4471927897386,1.1767040152226,0.490448270592283,0.00722417817907904,0.0228184158551821
"ID4",13.9783975129243,-2.3181901950963,0.727563060046975,0.000246114916922021,0.00117157152587923
"CEBPB",403.84869090572,0.889232556657159,0.108535689351525,1.55814478091444e-16,2.93748606237969e-15
"PAIP1",50.0271297282696,0.722595202417271,0.299166070819295,0.0113290843337347,0.0333066390723347
"DPAGT1",21.0134989536018,-1.00467590834492,0.448190464132879,0.0125809934739749,0.0363597298305452
"BSG",139.736861672296,-1.58364844742628,0.178636713396017,2.33089191532558e-19,5.13019273229553e-18
"SPTLC3",20.2632231803827,-4.4503633480988,0.637067389065392,4.25602112144556e-13,6.32899692628759e-12
"POP7",65.6625317435515,-1.6111915979606,0.32556352189075,2.05541852023278e-07,1.72430246682142e-06
"SUCLG2",23.1926020747044,-2.08074916550805,0.465266015162095,1.40729796129924e-06,1.032467403824e-05
"STARD5",8.15357025348052,-2.24195109715155,0.766637913864892,0.000515969691970814,0.00227779326589803
"CFAP53",86.8529101885333,2.44613379027527,0.532965409818311,1.39152474858926e-06,1.02198198672335e-05
"GNG12",156.666201453615,-1.29617502876387,0.170835306880195,1.36118084018925e-14,2.28797753892956e-13
"COPS9",58.8385418799235,-1.68623451062666,0.288415247131808,1.34819413621597e-09,1.47894110332117e-08
"GTPBP2",118.817258859691,2.05750892476695,0.216531274266194,4.97979869236913e-22,1.26791922425635e-20
"FIBP",23.3922157573667,-1.8391099248683,0.435388217604439,5.41501313500579e-06,3.6152482468834e-05
"BANP",17.6804640721565,1.3536543779069,0.553892378525878,0.00520489951142285,0.0172730827348623
"HCFC1",122.85268829132,0.943389415411635,0.283175630186093,0.000521229091271432,0.00229807075384849
"NIPAL4",69.7897864033713,-3.08941692605743,0.281297463800881,5.59412825152384e-29,1.91086559086706e-27
"CHCHD1",56.5063270630719,-1.21808046047699,0.297656883215728,1.83537118624648e-05,0.000111479411840675
"MRPL52",25.8492029134237,-1.12680723115665,0.410223210082798,0.00271047247010224,0.00982777721687098
"SMPDL3A",18.9851478827744,-2.44346687609576,0.620145381544224,1.07094442974314e-05,6.76695656156378e-05
"EFEMP2",8.45109192216727,2.84938578344492,1.1795191788269,0.00320113192573473,0.011352757252045
"WASHC2C",65.9051082681015,0.918152845673278,0.290569469265151,0.000981017328889142,0.00400533702327519
"MUS81",15.4583300087014,1.08418133727017,0.498220331449158,0.013769729295461,0.0391879282898252
"CFL1",181.698173716915,-1.95185228160736,0.151487799339137,1.21775478412275e-38,5.69661560030306e-37
"NAA16",35.7896982740236,2.02028380849741,0.483051161477147,7.0406992253028e-06,4.62454304184573e-05
"RPL38",226.433957841272,-1.94831011724209,0.156963048252243,5.09552241441749e-36,2.23232410536385e-34
"OVOL1",113.186525174897,-1.76934805214411,0.205469652415836,1.90451057232505e-18,3.98820119849556e-17
"RARG",89.7384373902197,-0.794431237613042,0.207992270850205,9.1070038203564e-05,0.000481335322561924
"CES4A",4.70053358220907,-1.98886700260154,1.13378211339434,0.0121096079936489,0.0352038319596283
"CES2",85.773894776595,-2.42420671213025,0.24414378270553,5.00634839349026e-24,1.37351109006294e-22
"KRT2",34.2203508523799,-5.93950368754977,0.647585474708943,1.86857047458561e-20,4.30488690305199e-19
"ZNF621",56.3902836629505,2.33533593947405,0.331747405487407,4.01116383375209e-13,5.98422280062474e-12
"DHCR7",71.4015856188035,-1.07468247201066,0.250860487729934,9.3817518050455e-06,6.00501738912931e-05
"LVRN",8.92318109238203,4.44006769867313,2.27435993337243,0.00042745671343495,0.00192585786660212
"OXSR1",162.577224356477,0.671080743368014,0.162260800190628,2.71343647884953e-05,0.000159886521810946
"PHF8",59.907125180387,1.304573467348,0.352397541275556,9.12365576621077e-05,0.000481893476769345
"KAT5",101.461133593344,0.652460683309843,0.241378865974962,0.00526289177706224,0.0174209418382008
"DCAKD",19.073663997561,-1.05949914262638,0.472889822232451,0.0117815391036572,0.0344022936162652
"RELA",116.029508695278,1.05286755355233,0.209437244656402,2.72632864497892e-07,2.24349047708462e-06
"EVC2",16.837556940691,2.567532265564,0.64453581695016,1.20864712360574e-05,7.57462775011774e-05
"HECTD4",36.7008952580011,1.42147348401926,0.390057081650378,9.82692234111574e-05,0.000514654756384809
"HPSE",11.9981995181238,-1.20228322101647,0.592914466191664,0.0159616591905356,0.0443736697883545
"COQ2",14.6344272102321,-1.2883556110213,0.564498804603009,0.00781278991101676,0.024387355976483
"HSPA6",2945.55010358136,9.24409836184363,0.698942840047648,5.40649292450145e-38,2.48698674527067e-36
"TRMT112",119.934300726578,-1.55059633729103,0.215413531047612,1.89929786244477e-13,2.91874281756545e-12
"KDM2A",100.956123110032,0.585961177362307,0.215084717320809,0.00523013244072441,0.0173249706389815
"MRPL57",21.2462446540844,-1.6050877669218,0.497845330640947,0.000329493872057224,0.00152379873806625
"NOC3L",124.739947101838,1.15224606777012,0.22907347345899,2.46892403040989e-07,2.04141112160914e-06
"RHOD",332.628033771348,-2.04862019946426,0.126201134129338,6.20612107236183e-60,4.48400370673263e-58
"COMMD1",21.9639748418691,-1.05381083009391,0.428065867294533,0.00670643422622123,0.0214233315559845
"RAPH1",14.9551129367629,1.56028262814209,0.599186586243193,0.00272375869550955,0.00986486266583744
"PARP14",27.5213763895967,1.84564082152882,0.480055889134725,3.14351981204245e-05,0.000182920867642163
"CKS1B",17.3985159967548,-1.06384143697087,0.475175751953076,0.0117559703409329,0.034334897503677
"LIPM",46.7361212950672,-3.09506359606707,0.40386774073281,2.17612607554767e-15,3.84513954450165e-14
"GPR137",44.0693532481353,0.870374801629827,0.378581968155071,0.0132554942691833,0.0379908246967247
"SNCG",13.6205090133177,-3.04421609100585,0.648935951477099,3.33684627688178e-07,2.70555103530955e-06
"MAP3K11",22.8123441853432,1.46999267050949,0.446508102966276,0.000331234984837015,0.00152928832075972
"TRIB1",216.793770342949,1.82877212614857,0.180755309283643,1.46577103806615e-24,4.09466403346414e-23
"KCNK7",8.77216003634182,-3.8877273080269,0.941980286097978,4.53114326499882e-06,3.05619633709598e-05
"ARV1",18.6448333747224,-1.03820238426035,0.442883852159315,0.0092529215741388,0.0280699753183371
"NAA20",104.158832802758,-1.29004891120375,0.219811302324917,1.78243476000337e-09,1.93073780910884e-08
"SAA1",16.1490617523991,-4.07043112078283,0.996728581880763,3.46459271198821e-06,2.38866188698478e-05
"ZNRD2",19.7428895829754,-1.05680041971378,0.489504928849071,0.0143388877946595,0.0405484941734222
"PEAK1",31.7492044231624,1.54817504354494,0.49951247762372,0.000649519376741356,0.00279319644718938
"TNFRSF10D",171.381808640923,3.87287022924894,0.242610824829155,7.20928974567017e-58,5.07592849440042e-56
"MOB1B",35.8059818063445,1.5862841949894,0.387383699363326,1.33781417075697e-05,8.32739537954274e-05
"ZNF622",156.615391947149,0.921644789674473,0.17878799768852,1.53407053927009e-07,1.30518948470575e-06
"NABP1",22.5050377094073,1.25810648297053,0.476281939006182,0.00336493580381013,0.0118550201921317
"CHD2",131.184179407963,1.19255256683816,0.198055539430848,8.20359463964497e-10,9.17419821937606e-09
"LRFN4",20.3216793666532,3.88042459746588,0.742345374192688,2.75144113903005e-08,2.5971195429969e-07
"RCE1",42.0742868316231,1.32149357368623,0.355490412460106,8.02623032151566e-05,0.000428479607106058
"UQCRH",186.767727220916,-2.05361537328019,0.149935459317137,2.3068336069879e-43,1.19229602158925e-41
"PSMD1",140.670175278374,-0.635148241397328,0.169972242989859,0.000146365895439107,0.000734223684863568
"TOMM20",71.8196575862287,-1.17266411535321,0.248591764805136,1.09881671889373e-06,8.19215057846219e-06
"AGFG1",66.1631070879973,0.962156219492482,0.259137599396714,0.000120375955979867,0.000616625164262124
"JUP",858.074468780223,-2.47477791718542,0.0911688343493472,4.02432142881034e-163,1.18160927058686e-160
"EIF1",840.520796889853,0.421593185406936,0.0765690004087345,3.36622924834541e-08,3.13454545392488e-07
"PLK3",30.7045851734819,1.1767962378823,0.393503769348343,0.00124167621306075,0.00495378194282694
"NET1",63.1415523093583,-0.835592519558151,0.261475134333741,0.000915641553361244,0.00376852175257535
"PHC3",35.0556540374769,1.39029519717287,0.389372979126731,0.000132694702763346,0.000672735818565092
"CBX2",1.9451528571317,-4.23673639749091,3.69436745823216,0.0054833755396388,0.0180430142481996
"SPTBN2",41.1400683553801,-0.652558873826011,0.287362215531323,0.0173793604488699,0.0474921137018622
"ATP5MD",223.495481072683,-1.28587285509496,0.149895641108763,3.87458805249971e-18,7.89797860036869e-17
"HOXB2",14.8030143850503,1.17038667006262,0.548910891108471,0.0138141690473125,0.0392900933332466
"RBM4",259.948075873796,1.39187564098809,0.190584084452882,1.15553261582055e-13,1.80388575772891e-12
"KLHL15",29.2320066736643,1.73136555026087,0.606154741398753,0.0012721313771249,0.00505738655085368
"LEMD3",65.5373321305978,0.828125448090674,0.280401659335467,0.00209919805620531,0.00782521155473615
"FAM174A",26.2113853747803,-2.52786079343537,0.443450622355752,1.71489726477324e-09,1.8619655589198e-08
"NWD2",12.4844266861648,-2.29562853082289,0.647514825387934,6.1451008966072e-05,0.00033770140151584
"ADCY6",43.6761273993947,1.48880428098135,0.34813346915988,6.53179982331373e-06,4.304624525393e-05
"TNK1",15.6601160259134,1.06870823773801,0.509507976722195,0.0168839450492976,0.0463401833095279
"ZHX3",11.3588170165941,-1.44146596692204,0.591607608925597,0.00444193891454295,0.0151138778699712
"PHLDA3",64.5696103778997,-1.40325923029078,0.287714319852101,3.80952400635175e-07,3.0613255961091e-06
"GLIS1",4.29745922443821,-2.06515430304011,1.35609727819961,0.0159230376650558,0.0443198708708694
"EXO1",2.01780031050953,-4.4826401669748,2.95154881415683,0.00262707343036297,0.0095479624279718
"LIG4",92.9918840602386,0.680701991668635,0.22370547608744,0.00177031632125755,0.006774921029771
"ATP2A2",202.909327567199,0.552038826496281,0.160940960784866,0.00050772525992832,0.00224714836017024
"RPL4",651.610703084476,-2.35258902846354,0.0874214156770195,2.73852827485017e-160,7.41013533194752e-158
"MRPL11",21.8965091143074,-1.38102827563416,0.453678394967723,0.000788978797396193,0.00330637941210673
"IL20RB",176.324072410296,-2.42815239706334,0.168088550703825,3.5666844951175e-48,2.03389446415792e-46
"GOLT1A",5.92661775668709,1.837092800216,1.06973441993813,0.0155626246125403,0.0434481528733676
"AKIRIN1",302.274243174702,1.01787753846494,0.136934090400629,6.0622372977e-14,9.69395998936963e-13
"MSL2",29.4644610373468,1.39622419460406,0.429038040292579,0.000410481448965473,0.00185482776546285
"ZNF266",97.761723549319,1.3303388680709,0.275540017921773,5.91210595973514e-07,4.60683581278063e-06
"B4GAT1",5.86511985691355,-2.13240864200424,0.940490381501915,0.00308906287117451,0.011006730602171
"TMEM167A",44.3162089703074,-0.793454188297669,0.317088550341811,0.00814055464307654,0.0252505403628807
"SH3PXD2B",20.3072549552696,-1.12799202434868,0.42582508626457,0.00360029111309201,0.0125782322432075
"RESF1",53.5017894753409,1.65339074779627,0.357287772259831,1.15985128815471e-06,8.59610514314449e-06
"BRMS1",50.9397551368269,-1.44931066424812,0.280960101896371,8.50974515616865e-08,7.52785148430303e-07
"RPL15",144.105486591956,-1.80509654375971,0.170820501556362,1.06718524766914e-26,3.34708100405321e-25
"SRP72",68.9758121987305,-0.802315082289538,0.239591964860686,0.000547232161071552,0.00239815935941169
"RIN1",9.87419865508015,-3.26596151093872,0.819917486028388,7.3163461170875e-06,4.78283166346791e-05
"DENND6A",30.6391895176744,1.37197475619934,0.407391470427313,0.000275499523742509,0.00129580553089524
"PDE12",30.8368487703122,0.916065617072048,0.372479352811161,0.00819493321172583,0.0253678955410086
"YIF1A",53.3019123654513,-1.15308662986716,0.292123375958677,3.66641719576506e-05,0.000210205888249098
"NDUFA11",37.9354799365189,-1.0644199221919,0.346032715999215,0.00102604616376732,0.00417413782651875
"RAB1B",277.302971543421,-1.37484075858428,0.133584707731705,2.94421188552386e-25,8.50002594565466e-24
"MICOS13",24.8752460499169,-2.87386226173272,0.50879036857314,1.92779834096857e-09,2.07840758635674e-08
"KCTD13",21.2523362279117,1.52976245857571,0.489967929318192,0.000569775016236265,0.00248589795259578
"CD164L2",8.66595620021998,-1.72747557942168,0.804378484651674,0.00609537663974572,0.0197363204196365
"KLC2",71.3274804463899,1.4548327667135,0.28390840164026,1.09756549863376e-07,9.57421231425148e-07
"CTBP2",27.2348674521153,1.25571814035812,0.390587387750999,0.00054243652634044,0.00238168121651227
"CHST2",7.32494433711942,-2.75270034287153,0.964389098836113,0.000456468479591144,0.00204123947451646
"SNHG29",159.778255770667,-1.71159598943114,0.164619060012742,6.65893573150258e-26,1.9890327509683e-24
"UBE2C",39.4624410324166,-1.56308710742023,0.373876559674084,8.88269198030339e-06,5.70675741751335e-05
"VCPIP1",29.1493859612279,1.18631489527568,0.409748338425857,0.0016933077142868,0.00651999064094805
"TRAF6",34.970997361802,0.857832507253966,0.353064985232198,0.00951710498802539,0.0287070630586524
"ZNF654",59.3423823345891,1.25995024804188,0.321547948891382,3.92788091400359e-05,0.000223709272031571
"TVP23C",5.50645855887774,2.7337569821955,1.48649741323246,0.0061876823967993,0.0199836220631477
"WFDC5",43.3971091374224,-3.91124257305007,0.45368959295485,7.7802882577951e-19,1.65947415699494e-17
"CSRP2",79.2040603923019,1.30946404500105,0.300418598898371,5.66071716221162e-06,3.76653311661139e-05
"DDIT3",468.069313627406,2.59808316328264,0.133834905916698,1.11022601469508e-84,1.16069083354485e-82
"ARHGAP1",39.3356372740314,-1.06505804141223,0.310277454010783,0.00030212694691193,0.00140713866600899
"GOLGA8A",36.5785477095354,2.04114982879449,0.415856858901006,2.15573950859034e-07,1.8040755135565e-06
"PHYHD1",4.9834865773515,-2.29526445173041,1.30428010650189,0.00699803534710074,0.0222415678926739
"TMEM9B",38.1689703947988,-0.890344899093176,0.31293128599561,0.00266623650156367,0.00968264834778387
"NRIP3",6.34614211107717,2.49621044124046,2.23910525774664,0.0123201513935416,0.0357157046669404
"EIF1AD",51.658423372594,0.684784844777189,0.29948920255083,0.0164814355209822,0.0455160716809194
"EIF3F",24.5326387276737,-1.56519228922604,0.409915339541201,3.93223346096568e-05,0.000223746267933055
"CLTB",508.477601691957,-1.86584399958108,0.10492123742166,2.32504249767131e-71,2.05676836332462e-69
"PPP2R2D",166.56988129906,2.62888247394556,0.274485324199247,2.73208007050637e-22,7.06043164288164e-21
"CLCF1",55.315645412126,4.49876133954551,0.465829550763367,1.59906946882324e-22,4.17148557084324e-21
"DRAP1",301.011227142406,-0.311284024224404,0.125373025048921,0.0122764935678887,0.0356214489564473
"C11orf68",87.3065377855985,0.869109775566005,0.231521170185436,0.000111864770574284,0.000577961001095139
"FOSL1",496.057934908315,2.45476817381687,0.12780267709653,6.99195961592271e-83,7.14733649627655e-81
"SUGCT",6.5893496805787,-2.24190292981222,0.933463793987829,0.00216154689373662,0.00802079783102053
"CCDC85B",17.0769951809638,-1.95519293995013,0.546307398694726,6.65024497095047e-05,0.000362025170016238
"RPS6KB2",45.3926890625045,-0.991167255794447,0.286078993000162,0.000292328019392109,0.00136611129956353
"RMI2",4.48807816120921,-2.07829666748525,1.06267771128035,0.00664806197926397,0.0212762651469951
"TOM1L2",43.7863728878811,-1.52409237326083,0.321618169529765,6.79543544582064e-07,5.23309202858956e-06
"AURKAIP1",75.2186190907559,-1.47492935966143,0.250318364031996,1.27806696040149e-09,1.40536446641758e-08
"TOMM5",47.6828354344785,-1.56254186162895,0.298435217661293,4.97718121406357e-08,4.52471019460324e-07
"RUVBL1",20.6479355824668,-2.2939388906653,0.475590961676975,2.25725358920363e-07,1.87877560500664e-06
"SFN",5120.97914291275,-0.97007108564697,0.0672818960523753,1.22912272293898e-46,6.81200545243292e-45
"ETV4",36.5123380470858,0.758010156875733,0.336039776149552,0.0166143610180971,0.0457791335248277
"SWI5",16.9539654290695,-1.43041468381592,0.5108914037867,0.00159601979281824,0.00618334450895333
"ARL4D",36.9164651925527,-2.02565909109099,0.353951652483016,2.03713852195472e-09,2.19115445073852e-08
"LYSMD3",68.0340078983113,1.19774813269164,0.277328694711065,8.55011910183407e-06,5.52910907322186e-05
"KCNE5",9.21849768399954,3.20465132830144,2.33699037947815,0.00512532523701421,0.0170309386638084
"SLC35A4",56.6384570755324,-1.26641247604062,0.277525036608591,2.10300068190699e-06,1.49517822824917e-05
"YES1",149.65317313262,1.09129088455747,0.175788362027139,2.85252796080242e-10,3.30797360160281e-09
"GPX2",16.043048654441,-5.47466309756991,0.917718339773878,1.29105171202902e-09,1.41851223136946e-08
"CCDC57",7.70576571544249,1.64524879343564,0.832762991446798,0.0113842325552944,0.0334415013553589
"SPHK1",216.390808476595,4.51149959879405,0.291665333683104,2.58777518062615e-54,1.66875221928228e-52
"BNIP3",37.9026422936777,1.67595267098191,0.340351539871026,2.40108458314257e-07,1.98889359227896e-06
"CIDEA",6.97222666548168,-3.78018855765982,1.0904344177129,5.80189690290897e-05,0.000320906522084745
"ZBTB8OS",19.307273794153,-1.22437969695594,0.474117815689393,0.00386205673796169,0.0133675402517861
"COX8A",491.994966187687,-1.39152226380927,0.120037208309011,1.5779635986664e-31,5.99886987922765e-30
"CDC26",80.9121988694776,1.91496286439809,0.318313761423293,4.27685297645342e-10,4.89391136609098e-09
"CRLF3",37.8468087751828,0.779495786494214,0.311816641406694,0.00848160939851977,0.0261380548681494
"RNPEP",35.84846432745,-1.92329816115216,0.358771908208674,1.7646113013888e-08,1.71974830220095e-07
"EID2B",2.75922924508562,2.23367178988758,1.94382164705645,0.0169442668076478,0.0464813013916865
"KCMF1",69.313010437486,0.972851017665312,0.254477346961031,7.68672620086357e-05,0.000412589737735968
"VPS37D",5.92854212703002,3.73198097713026,1.49692108504205,0.000968340423171282,0.00396531093168062
"SYNE3",4.42909191190234,4.6387317537577,2.41239969676921,0.000531078431719094,0.00233552656396542
"CLK2",60.3379668235521,0.900751202928891,0.273229141561468,0.000610214239543206,0.0026439423879737
"AC008969.1",9.6508329916042,2.76437347215853,0.984108901651108,0.00105510399104328,0.00427996327936427
"B3GNT5",134.979161546562,0.897675403350699,0.18847137690281,1.19903013310864e-06,8.8769398266627e-06
"RMDN1",9.62246271485628,-1.68655329525979,0.685232699279605,0.0030200499911612,0.0107942734726818
"MEX3C",87.7113887037124,0.80234019743828,0.245876888361052,0.000753052549162687,0.00317899210108445
"MYO1D",32.6933307897178,-1.26259467811055,0.342155740545723,9.08606165508046e-05,0.000480412455326093
"MIR7-3HG",47.7050733244201,3.87439256950807,2.0630363034599,0.000600717463188973,0.0026077071380962
"FAM91A1",54.5875843752159,0.633685223664236,0.27802240070038,0.0176289622227223,0.0480599918359478
"WSB2",74.4867298979702,0.703263592621831,0.226179169329026,0.00140723047426038,0.00553743385936507
"TYMS",7.72259444736754,-3.30228838197406,0.945973558052538,6.14714435223036e-05,0.00033770140151584
"PNMA1",83.8586586919299,2.13506305107547,0.243682655326101,4.27514913674184e-19,9.27626699481719e-18
"ANKLE2",133.375225701197,2.11560426084474,0.227455367420873,3.4571186477247e-21,8.39933755961283e-20
"FUT2",29.1156145190264,1.69116916472048,0.411114643391044,1.04573315526764e-05,6.63194740013485e-05
"NFATC2IP",43.0423067201445,0.834490911845166,0.301541860858973,0.00373530071262452,0.0129808989761316
"FAM89B",7.36371065842425,-2.06578460420732,0.809344402266254,0.00168536580259344,0.00649122190225776
"SMCR8",101.989938040981,1.0506480859747,0.251849447820994,1.62992068927983e-05,0.000100025471336039
"MTHFR",51.2585807809882,2.22339400690409,0.403126050105495,8.45842645359123e-09,8.61448598225528e-08
"DEAF1",23.1044432641465,1.2208316967895,0.429425229625734,0.0018960879354485,0.00718649093907972
"PHETA2",11.0563318725972,1.36773851984853,0.617617133497813,0.00870507953547339,0.0266955772421184
"SCN4B",2.96497803882837,-2.59020192398712,1.4885087060949,0.00713423922709251,0.0225912118710135
"EPS8L2",184.457139886027,0.657643250941201,0.169265820073408,8.01082360879602e-05,0.000427822623070376
"ZBTB34",54.1843539684994,1.96160570587969,0.370278597182469,3.08607724840302e-08,2.8951642439131e-07
"TALDO1",102.008432213723,-2.38835640291545,0.213603025612564,8.41472497704714e-30,2.94728945896575e-28
"ULK1",79.9546612075872,1.49345899580232,0.30367761513823,3.03886846230739e-07,2.47704576372368e-06
"HIC1",6.06007333663912,2.84540862677784,1.22514145352167,0.00367679504115296,0.012806605645611
"PPFIA3",11.9331640404195,-1.26908842340557,0.640058319775821,0.0162901848056625,0.045078113157839
"ZFAS1",52.6785378257223,-1.66478508194425,0.286379982459661,1.73444493679038e-09,1.88170912953673e-08
"TGIF1",34.2416359138494,1.13247957142298,0.349993054665492,0.00058002401246432,0.00252422938253157
"MIEF2",22.9837858381313,1.12156051018473,0.451450217330504,0.00595809118115107,0.0193556744047949
"ERICH5",6.01943196815684,2.48857812079973,1.01384972796158,0.00178063121609757,0.00680684509200733
"NR2C2",39.5472435172726,1.14949155756305,0.363601596229001,0.000751705573517394,0.00317524851990818
"ARIH2",55.2266197683892,0.798007495909205,0.290108262129888,0.0040320469945398,0.0138724129954249
"ZBED2",32.9944087880114,-4.41122429819437,0.509054277232389,6.80684820333229e-19,1.45647208564105e-17
"IRX3",42.763016640426,-1.56263044323199,0.322626611917213,3.81334688384895e-07,3.0613255961091e-06
"SLC25A22",26.3010843842133,1.01625538363293,0.400338934244482,0.00584723328240382,0.0190355789802247
"ATOX1",22.1699825260415,-2.78146411748059,0.493825452616448,2.32335810152743e-09,2.48931225163654e-08
"RPLP2",560.210716445045,-2.65392655320468,0.0999258148029456,3.10224998583716e-156,7.38121548354359e-154
"JUN",1850.07527377527,0.733266196907067,0.0864051300415677,1.42566537756933e-17,2.84720437199084e-16
"GBA",35.1022343154439,-1.68909350611519,0.389877205951102,3.83073713135754e-06,2.61833444342417e-05
"ACAD9",24.575247195761,-2.01230804801367,0.436520421747677,7.76960297655911e-07,5.9228928224349e-06
"AGTRAP",39.1413854061546,-1.04315145439313,0.366700009780665,0.00222412010146527,0.00823085476004845
"POLR2L",170.603728775569,-2.85130170951982,0.22517794720867,1.08632774800759e-37,4.88316707573447e-36
"FLII",183.177959391795,0.879733790424838,0.15718650839067,1.43402771182337e-08,1.41253264976178e-07
"HNRNPA0",63.6977857684053,0.983521426828358,0.272543827027373,0.000176257068194556,0.000870561038326724
"TENM3-AS1",6.27683961304877,1.92560258780021,1.07447580244667,0.0146241452704596,0.0412452901558027
"CHID1",12.3361520335518,-1.84808726434013,0.628146442909653,0.000645035603325165,0.00277477909161075
"AP3S1",58.1604666302822,-0.600172371329435,0.25853671255296,0.0159549627477511,0.0443639907150847
"RPS27",637.939142264381,-2.17918098481938,0.107482893530255,3.77847979492992e-92,4.5341757539159e-90
"IMP3",33.3189378511088,-1.07717235556627,0.379155465416471,0.00216047529611634,0.00801897769940974
"IMPDH2",181.606227009839,-1.8486415607548,0.159355606211244,1.07814150670339e-31,4.13287577569632e-30
"ALS2CL",155.500806447404,0.632593903901988,0.168632597850188,0.000140429976390391,0.000706759180958202
"NDUFAF3",26.3614589364208,-3.17122089678513,0.507006466849183,4.44073113490097e-11,5.51593966351336e-10
"STAP2",83.1921183061264,-0.865534485730716,0.24945137612036,0.000330651132529264,0.001527614874089
"TSSK6",10.2571811782221,1.63638309203063,0.794252842268025,0.00922662867975349,0.028008683629696
"ZNF518B",43.895796021409,1.47914074846824,0.342296159613618,5.4116513835563e-06,3.61475261825155e-05
"SPINK6",162.826586898275,-4.37532093465951,0.340318774090227,6.92037133267043e-39,3.24833756431469e-37
"PARD6G",17.2181594899045,-2.08737980240637,0.512002845394236,8.12987899381042e-06,5.27467466453145e-05
"PLEC",290.181344605334,2.85199583972622,0.161787517801035,2.2230985355028e-70,1.94169365759105e-68
"WDR6",104.728495446544,1.05421908378204,0.221398176226939,1.03584074639654e-06,7.75195352509342e-06
"ZNF354B",11.5613746244924,1.24744813388488,0.6225735293498,0.016560266809648,0.0456648524625964
"CALML3",222.743863124019,-6.62459213580053,0.314950112943988,1.43944259850222e-98,1.89183884374577e-96
"CALML5",1005.13368852962,-4.15897075792947,0.154561028704815,8.23710827739691e-161,2.27344188456155e-158
"ZFAND2A",128.484226336799,1.93233337143894,0.264068938880955,6.81660506642672e-14,1.08750462331432e-12
"NT5DC1",5.3449298382156,-2.11331965845456,0.932968519773876,0.0033197839131318,0.0117258812391141
"COX14",30.9824411833417,-1.60699354708062,0.463064999835201,0.000137873508461025,0.000695923341902762
"P4HTM",10.2228928113264,1.68553720586294,0.811103223611152,0.00939026029257577,0.0284054344668009
"DTX3",49.6199210230835,2.88718967619799,0.534682325346838,1.75661648519334e-08,1.71316660746771e-07
"MAF",13.0605760537638,-3.54815165786225,0.678893553933401,2.10117188534125e-08,2.01923203465942e-07
"CTNNBIP1",64.933908657354,-2.42882562309123,0.280187495666393,6.96050067735122e-19,1.48691810135367e-17
"SUZ12",42.3504060732569,0.916105579022289,0.331079233749352,0.00338691649969746,0.0119220906071574
"THBD",18.2707842641701,-2.55296234173443,0.514573322956399,9.75332074743712e-08,8.56752554517073e-07
"COX5A",104.971812859466,-2.07547599111649,0.232090206274204,7.54478753232295e-20,1.68748894564111e-18
"STX19",9.40914150600697,-2.45571061067043,0.873591749328219,0.000636724887749503,0.00274501826021342
"FAM219B",66.1452816571114,0.850263649573881,0.254631839438521,0.000553873793585647,0.00242418596621691
"CPNE7",30.2143541619905,1.51576523519829,0.439749279493875,0.000184039786463143,0.000905436382599421
"C5orf46",13.382274384537,-3.28086560258777,0.898416660202876,2.39123115813639e-05,0.000142544233184804
"TAF7",700.176848677164,1.30266476279661,0.109725768153785,8.41672496925671e-33,3.31859441644979e-31
"LGALS7B",945.201224351976,-2.69410679937728,0.0937387251651162,1.55477677433117e-182,5.23315109409027e-180
"GAK",37.3050260582252,1.07378363976389,0.358522476016162,0.00140976982209423,0.00554468698371032
"TUFM",125.377768327538,-1.89054517019449,0.205733425697648,9.40793007755832e-21,2.21551936980042e-19
"EIF3K",68.4213771700078,-2.65728690257155,0.263327561774991,9.15597675982154e-25,2.57862202623545e-23
"SNX18",5.6192338163763,-1.73876960146481,0.856334442868974,0.00795820427160688,0.024751683332922
"RRS1",24.9287822290011,-1.24256256371259,0.470967163463154,0.00318166680826794,0.0112958584908921
"TRIML2",169.593056225494,1.33280330350712,0.238078047678664,9.42309350422378e-09,9.52664398229217e-08
"RCC2",88.5513229697194,-1.40018738042519,0.209207221830025,8.04923326435362e-12,1.06602129604683e-10
"DPM3",30.3751380208451,-1.48050732960019,0.500804296518578,0.000907307553856029,0.00373869405562241
"CYC1",86.2055197529809,-1.64779534207526,0.264967343844007,1.40513161429791e-10,1.67418393229116e-09
"FARSA",78.5891982057558,-0.711540917542487,0.231969450466942,0.00156963312521369,0.00609480504444259
"SAMD4B",123.289123383718,1.01835149641521,0.221312901817822,2.38949609266425e-06,1.68584080157293e-05
"ALOXE3",333.573804749096,1.03855174329194,0.174713397438504,1.59227986979336e-09,1.73840681986934e-08
"ZNF664",88.1814711607134,1.12491221843672,0.225704572309955,3.12810834418495e-07,2.54377696816454e-06
"CALR",553.585127080222,-2.95641199040329,0.105083135539498,5.4571572504157e-175,1.75136674548225e-172
"MAGED1",46.731464849057,-0.939706791025657,0.280662383787917,0.000472444003956476,0.00210178183578316
"GADD45GIP1",35.4630769550387,-1.9762851638363,0.394776225418809,1.11427951813121e-07,9.71387072028469e-07
"RAB39A",11.8366675107076,3.16292812865572,2.15054746424098,0.00388499394569923,0.0134334543850287
"CLK3",55.5692548574289,1.43201235096562,0.363766740162484,3.15314410881236e-05,0.000183291443561966
"ARID3B",100.672248928805,5.01573739665748,0.567165803491421,9.13537522718187e-19,1.93951043284784e-17
"GEMIN4",22.0642598451113,-1.04519577280974,0.429534030609599,0.00734599350996044,0.0231449110587795
"ALOX12B",34.0917365534044,-3.20162048287377,0.412226100446814,1.10524320869989e-15,1.99116922716168e-14
"ALOX15B",36.4638143730564,-3.60347370095005,0.408014558662116,1.20594809091855e-19,2.68854340140162e-18
"PLD6",13.1747928427183,1.83862530409816,0.774790098903879,0.00429585467067655,0.0146812269577356
"ARL14",81.4834767494231,2.93539980177743,0.51390413407247,2.87374187244204e-09,3.05058752613078e-08
"MYADM",54.5831416109224,2.74511489459487,0.323678232871108,3.81886176087952e-18,7.79590122783098e-17
"MROH1",42.8826067184886,1.52418774309593,0.348813242299437,4.14411093554059e-06,2.81579177304088e-05
"NKPD1",5.95156356135776,-1.79043339921504,0.881612194944744,0.00804281798558441,0.0249810686925647
"CITED4",23.9522334230904,-2.48274071544167,0.517066863788957,2.19149385279016e-07,1.83177560075737e-06
"PDXDC1",74.7451563679372,0.740257039846527,0.25185694277172,0.00235628410307754,0.00867343841623634
"DCTPP1",26.1158360120613,-1.07369500434469,0.452007590150873,0.00812374475311192,0.0252097318625915
"SOCS4",79.6643317690124,1.61197338829374,0.2746592565525,1.44391700580426e-09,1.58017880095946e-08
"FAM71E2",19.5984316554747,5.74084840623728,2.27141912972134,6.36864073655353e-06,4.20312014177134e-05
"ANKRD18A",6.85267039396199,2.82754193198053,1.09166744489914,0.00152961423882227,0.00595785393614093
"TRNAU1AP",38.1781306993181,1.49232442797899,0.37152518961446,2.01572276311906e-05,0.000121737304731042
"OAZ2",49.3516833039431,1.25471322888601,0.339819782063019,9.70690229197867e-05,0.000509335557525877
"PNPLA1",9.69486924657152,-2.6334672851701,0.80850529132607,0.000136569591319754,0.000690098996782352
"PAK2",89.3483473981561,0.561654801290734,0.21862053445956,0.00840495074856427,0.025930766896979
"MCFD2",86.7256196916951,0.602962711894009,0.215728985033428,0.00419310401376248,0.014369216635193
"ARHGAP45",10.1495976332142,3.98021529813933,0.971344451373477,1.06154278094329e-05,6.71574845990897e-05
"NRIP1",160.923362689754,0.77165554527319,0.185826975981693,2.29400545781803e-05,0.000137461030472813
"HIST1H2AC",239.173582347135,0.657742017991945,0.180293886183742,0.000207757202764062,0.00100775022781865
"HIST1H2BC",143.196038985943,1.68468412173995,0.261681324853314,3.60056626638256e-11,4.50478825712415e-10
"PCGF5",29.0585971204742,2.60711127774204,0.479889437455573,1.08182247104778e-08,1.08654658664187e-07
"YOD1",211.101332462853,1.97905409498324,0.212829150079106,4.31414805501861e-21,1.03359797151487e-19
"S1PR5",6.72969686302934,-3.60671149963399,1.17224799707122,0.000170428883017932,0.000844495003823147
"ZFP3",16.083030335411,2.88821633431564,0.710763647056241,9.01192087569306e-06,5.78397501748828e-05
"HOXC9",15.8524237024294,2.30336697684474,0.649454278268677,6.88410830503014e-05,0.000372990555985143
"PPA1",65.4138243324707,-1.21350527047725,0.241517166215456,2.21047045909266e-07,1.84631305252354e-06
"CXCR2",8.84155785573267,-6.1482036324702,1.43990341250077,7.39317688132936e-07,5.65240116134876e-06
"SSR4",30.1462032802365,-2.12117570823731,0.385590346023662,6.86820172545947e-09,7.04692816441195e-08
"CUEDC1",10.7168647569233,1.31667039248424,0.61073818923461,0.0108065541910464,0.0319542420905165
"OXTR",13.8852341490909,3.13302520985246,1.07251571784741,0.00105288667286351,0.00427342826789517
"FAM83H",124.451555413367,0.673108801086546,0.182719929320888,0.000176948743513152,0.000873352167554182
"PITPNB",175.407569755298,1.60395292125483,0.173495459182851,7.7037827716371e-21,1.82353691678545e-19
"TCEAL8",50.9622119587139,-1.93076429031697,0.312425197969392,1.37260984483277e-10,1.63858268673808e-09
"LSMEM1",51.5640805632621,3.44403906131866,0.837415747542698,1.8591633433756e-05,0.000112825216088757
"AEN",85.7754948786424,1.31493920648923,0.252842930599007,8.46263501160519e-08,7.49097903528875e-07
"FKRP",16.9581029711718,1.08994180616283,0.515872377061395,0.015967897152861,0.0443820706363508
"TRAPPC5",12.7849464251906,-2.02221838118523,0.613274389410008,0.000175595365512864,0.000867603309730584
"SLC26A11",22.7593478754394,1.64675378902352,0.527351966785404,0.000512577722065281,0.0022642677863319
"HIGD1A",90.4026584190649,-1.6884394925403,0.236615443480026,2.599410612228e-13,3.95500181353324e-12
"F2R",8.79509368846102,-1.57328465764479,0.666159376139556,0.00445186822125125,0.0151394237193857
"ZNF707",16.710343578791,1.15832696563723,0.522101338678309,0.011400419593031,0.0334735724220912
"NPM1",310.667191430996,-1.32351377949579,0.129587095799516,7.22905546464336e-25,2.0526947615654e-23
"DHTKD1",5.3658730986949,-2.23406337490568,0.955193725670199,0.00257104544356437,0.00937148101457696
"HIST3H2A",228.624956146191,0.907001445565334,0.230918835562502,5.40861697036858e-05,0.000300599734962088
"ZNF746",24.7877861058025,1.23890148445419,0.444627315808125,0.00222508989039311,0.00823223605560991
"TLCD5",7.54265449429312,2.91256504630226,0.964222746276719,0.000406110564983246,0.00183868956586903
"HEPHL1",11.9535892629791,-3.20147568521588,0.730357813836884,1.53036898843028e-06,1.11425832127024e-05
"WASHC1",52.1124101652385,1.03350902207349,0.325718121566894,0.000805799472178268,0.00336766587403395
"ZNF467",32.7581007411827,1.78060252282964,0.402759572071721,2.55369062292023e-06,1.79525881794698e-05
"ZNF678",11.6209858983282,1.49261993542063,0.796458649783076,0.0177366871351666,0.0482773732673174
"TMEM45A",185.12945486783,-3.76351525464179,0.205923647073272,1.46074698085822e-75,1.37131349223424e-73
"RAP2B",24.6236238853206,-0.9860171388326,0.389536790210974,0.00601378690745848,0.0195073775303794
"ZBTB2",52.4481722086764,0.932467928831726,0.342279280109064,0.00382274493872563,0.0132480864275273
"RNF135",13.6451033139724,-2.3382031625895,0.589451541981222,1.10433452891718e-05,6.96518121529119e-05
"SETD2",78.1365195354995,1.2352472409845,0.259217050523659,8.56381261651246e-07,6.48631251964171e-06
"MEX3D",19.9540101980982,1.09664648661722,0.46262836842118,0.00832819401172328,0.0257227120326278
"PHLDA2",554.491185831073,1.00444749638964,0.120387229702696,4.40398572417713e-17,8.57193272124745e-16
"PLAG1",10.0405679492392,1.53666502505773,0.766241101670029,0.0125573480506097,0.0362989952028517
"GPR3",46.3402185345183,3.60774659288547,0.753447108500174,7.37956097901654e-07,5.64511870900378e-06
"SLC9A9",4.8757221454874,-3.13364821201609,1.2342314695172,0.00102343635188302,0.00416620107846186
"CLDN7",66.8680770840417,2.21463070051084,0.295481487020691,1.28809298636495e-14,2.17306640731496e-13
"COA4",43.6284917436612,-0.758289398724951,0.30352308878164,0.00851244268509608,0.0261862927004739
"PRKAG1",40.4470029604772,-1.01092936620866,0.302571444362249,0.000445792886854818,0.00199998109187142
"CCDC149",4.56974622054135,1.89047141082969,1.14397118668081,0.0178713226119702,0.0485615095601759
"CHST15",51.6826254446223,1.78814028379184,0.325757868871623,1.08987671735842e-08,1.09145854133136e-07
"IDH2",18.670608428002,-4.07979765144566,0.648928706898012,3.82626252477111e-11,4.77849980469153e-10
"TMEM259",264.924484155778,0.90247969380981,0.155780578002027,4.40375922916064e-09,4.60393010321339e-08
"TNRC18",27.2619945956662,1.02613697441265,0.384367462578306,0.00398104816476285,0.0137243229262372
"NOP10",602.797873389615,-0.80831440929167,0.0990581186931956,2.30463045933848e-16,4.28623993785324e-15
"FAM89A",31.0240942533443,-1.5236415525347,0.397017954602806,3.68093001135831e-05,0.00021086274037669
"MRPL41",75.6335134017129,-1.75481996270908,0.332334856285901,3.16700913196516e-08,2.9621104238724e-07
"TP53TG1",3.53838719069742,-3.42890174458954,1.45226788540502,0.00203476020026287,0.00762206589675018
"LDOC1",10.0709639124519,-2.36447899897553,0.67527571839086,6.56234319951043e-05,0.000357804567970146
"ATP6AP2",19.3665137836931,-2.27573885748789,0.475815060872848,2.87533846854085e-07,2.35249765066838e-06
"CYB5D1",195.910588780123,2.01659209463241,0.264078867741494,6.75006521829988e-15,1.15859328373804e-13
"BACE2",8.45050722775427,-1.90773436124164,0.720919467842012,0.00151160024146923,0.00589934483378827
"NLRP10",69.6433111477278,-1.51324470809512,0.29118174923004,6.51681167186701e-08,5.84733426994569e-07
"SPACA6",13.0289308691276,3.88925552195812,0.957092610847701,1.28895920034991e-05,8.05234810540009e-05
"KCNJ14",17.1544015446381,2.21800935651596,0.923459108344001,0.00425765585778782,0.0145687207630726
"FBXL6",34.6394299515179,2.01076210398302,0.398902736846041,1.01276977846679e-07,8.87379234466139e-07
"NPLOC4",94.5523499184583,0.816931067131506,0.227681593370827,0.000224986751447372,0.00107993640694738
"CAPN12",22.6037307202543,2.27424762188975,0.624288063772899,5.99897731160999e-05,0.000330650870371066
"KPNA2",239.648594084444,0.354628351607861,0.135554454384994,0.00828538735789099,0.0256191677210163
"XKRX",11.1239027224348,-1.88232427876323,0.641247336283033,0.000674472233690479,0.00288781048647415
"GLRX5",19.4577370261879,-1.12634277311082,0.443963193634309,0.00497351645912966,0.0166467443938854
"LIMK2",67.7550189946514,-1.7165059862033,0.2460275478525,8.09800040721861e-13,1.17018225779703e-11
"MFSD5",53.9520864646338,-1.07016289626391,0.291126457968859,0.000118594869576033,0.000607952897529439
"ADI1",25.2125716473016,-2.55090596973483,0.423108308729296,2.44062644516945e-10,2.84224851842519e-09
"RWDD4",11.161987317542,-1.38469966889298,0.59968195455782,0.00641430127570737,0.0206045990700097
"EPHB3",43.7639239737097,-1.44420479529875,0.315274797716738,1.57991884187753e-06,1.14631335530546e-05
"EPGN",122.010372734928,-5.67224606583198,0.329155073634065,4.04370815074524e-67,3.42350751412787e-65
"TRAK1",28.4602089315231,-0.809930072427213,0.365177837800294,0.0169377623059653,0.0464786478071826
"TTC3",15.867171422571,-1.38927305385862,0.49771695415268,0.0017147375720605,0.0065896347798482
"ANXA2",766.5670096528,-0.874048577102075,0.0790524623996873,1.29048192532231e-28,4.32248800229316e-27
"RPS17",511.740234877422,-2.24460267362195,0.109073041421071,7.59682936408326e-95,9.53056774766809e-93
"HCAR2",9.55443970204088,-4.85476895558932,1.03867691682364,6.22312920342652e-07,4.83281840221081e-06
"C1orf116",102.045408037939,-1.41297769290745,0.214460070279308,1.61189568543005e-11,2.07695242380343e-10
"CRIP2",14.0184926409404,1.87409895583995,0.608583464093979,0.000457122306113843,0.00204350107689376
"C16orf72",50.1775642283593,1.60625169845574,0.317503944254529,1.33591519776287e-07,1.14720782384117e-06
"RBM10",218.682197091389,1.04653697725169,0.195168126043496,4.5533378857563e-08,4.16408633687455e-07
"PRKCZ-AS1",5.1432417910216,2.60085565455182,1.63959686524544,0.00914857278739398,0.0278390969054106
"RPL35A",353.340196460221,-1.72249738270939,0.120323482361145,4.7722724557153e-47,2.68805550566821e-45
"ZNF721",48.656367103959,1.52513856130088,0.341663968386856,2.65412562728585e-06,1.86017946452741e-05
"SRPRA",109.67201461324,-0.4492712598943,0.193344071550378,0.0176819593592403,0.0481664112036156
"EWSR1",460.031333192906,1.17061904592516,0.142942559479277,1.37344185328242e-16,2.59636953086266e-15
"HMGN4",113.494266998891,0.712061613882345,0.201091370492312,0.000299905241449712,0.00139786390608355
"GJC1",20.9351395491897,2.29467969555953,0.608882273710373,3.52014900457419e-05,0.000202324265985522
"MTA1",30.9742077583948,0.96116602576097,0.385380535361868,0.00707874662372317,0.0224515521506274
"NAA38",28.6832651047385,-1.42277980121032,0.451239901229574,0.000528700985222157,0.00232729620289179
"AP2A2",43.1409497234638,1.08784528699784,0.324647121239316,0.000402812944771194,0.00182615592570384
"SLC25A10",12.0937686594044,-2.00352500685752,0.685688515967683,0.000604280427430841,0.00262070078521232
"CAMK1D",5.40146607341228,-2.56792823762875,0.987514178899093,0.00114666161189199,0.00461339074172286
"BEGAIN",3.64346113280542,4.90509948312143,2.50055230723409,0.000454513943880062,0.00203381725860728
"ARHGEF37",36.7508337299778,-3.42284298679873,0.394721134967349,4.996216991003e-19,1.07899521871426e-17
"SMDT1",27.0998264111108,-1.00983735518468,0.407780981932978,0.00678444175075279,0.0216224702448934
"C2CD4C",13.8312017373988,1.39163979749505,0.605445363524417,0.00704213053316376,0.0223662603815097
"RUVBL2",51.0677592389104,-1.99181709120895,0.291447704572357,1.76311987199748e-12,2.46515240461653e-11
"PRR36",3.12726731134023,3.18839757458459,1.73460266790661,0.00433948128600407,0.0148083189285005
"BCOR",14.789890907596,1.14708618542845,0.537888104134128,0.0141806309173537,0.0401668117117163
"GBP6",6.88184508102811,-4.78658940500132,1.34723970262709,5.73664523150524e-05,0.000317806921697199
"OVCH2",4.05555341041778,-3.24536918858169,1.435561942417,0.0027608765521833,0.00997413196340296
"FHL3",64.2889402385692,2.0440136399726,0.310558480943012,1.06852688027552e-11,1.39902001402298e-10
"NPIPA1",11.9223207280657,3.07568943043802,0.781883911249694,1.24291110702466e-05,7.7752372062286e-05
"EP400",23.7332541089019,1.32512770112865,0.457838421066423,0.00146246554618046,0.00572702171886785
"PSMG1",25.1145166065091,-1.26609301738133,0.481693552548379,0.00318474179461884,0.0113028397602972
"PRR14L",34.392514915986,0.816225693955445,0.339991858844213,0.0107117012689599,0.0317077386339867
"TNFAIP8L3",7.0108399313644,-2.37426201580747,1.01308588218428,0.00205326850968761,0.00768097192564083
"TANGO2",18.1561671148046,1.58064978658239,0.539313248384776,0.000974681649291274,0.00398654616485465
"HIST2H3D",25.4348851584466,4.68648306527677,1.32639522517826,3.14411810179138e-05,0.000182920867642163
"FAM167B",16.0758136097222,3.14656198300326,1.37353952330656,0.00218987074413393,0.00811934880952398
"MRPL54",41.3157718554094,-1.29127916337468,0.369154345234932,0.000180708155221142,0.000890951247606915
"NDUFB1",29.3804747038151,-2.28402849770177,0.430988758415501,1.88814756852961e-08,1.8285218558392e-07
"KLHL25",31.4332970427772,0.921266007818619,0.420151693278783,0.0164577466368824,0.0454597485166087
"GPR1",5.79340065662133,-5.36967485145784,1.60948744984721,4.0720330639624e-05,0.000231251260422556
"UPP1",289.134317468769,1.52504235026224,0.140222437835768,5.25684359546486e-28,1.73137092165669e-26
"TRIM52",13.3328832016721,2.57227365677277,0.756392861083916,0.000134041493654248,0.000678069139453306
"CMTM4",43.4103164124182,2.44845814979288,0.351212566981893,5.64641095262371e-13,8.33374022954087e-12
"TMEM50A",87.9360361473592,-0.820609792116781,0.213580442880538,8.10333837931318e-05,0.000432428730218569
"CBX6",29.8515425729334,2.76787491478939,0.521445181816232,2.2569417200046e-08,2.14946830476628e-07
"MACC1",5.80857033955452,-3.90541248250884,1.15097889031419,9.12454822317608e-05,0.000481893476769345
"TBL3",16.9710668172227,-1.13674930311345,0.464760957392986,0.00629167705332511,0.020257849588401
"KIRREL1",58.5036345821951,0.99701098149432,0.318186865949985,0.000963787103713647,0.00394900891664143
"TOB2",102.03001095373,0.67602180500544,0.199327118842623,0.000536017733430818,0.00235499672758526
"AC138969.1",7.33701156914248,2.55256077482067,0.926278587076247,0.00090809320262956,0.00374080184963819
"TTC32",40.6723751971415,1.44576554948663,0.409059966123064,0.000144133083419187,0.000724075919615863
"KMT5A",45.7679952078099,1.6382305707688,0.324387182356232,1.15963634819017e-07,1.00711023316705e-06
"SMTN",244.480085387884,1.21317477086756,0.191739410902344,1.28677995664835e-10,1.5401182482001e-09
"COA3",24.0581712978507,-1.56063398994734,0.455450822803442,0.00017037826813763,0.000844495003823147
"PTP4A2",77.7244687830846,1.31628424855989,0.241657195556311,2.13526114233697e-08,2.04913795300767e-07
"ACTG1",1268.22504633557,-1.18857944002325,0.0821811547141535,9.24374133338492e-48,5.24953211525563e-46
"DENND5A",56.9965471986168,2.71584068903614,0.44094126288876,1.76424504821463e-10,2.0809044158429e-09
"UQCR10",142.852721664617,-1.85883600603883,0.225827511780468,4.33540926101014e-17,8.45037398332486e-16
"NIPSNAP1",23.2951704570386,-2.77090081580605,0.46504421039569,3.30743503274996e-10,3.81627119163457e-09
"SPRR4",34.7149658027612,-2.21321655646629,0.463135189673575,2.98976276150753e-07,2.44134474016591e-06
"CRELD2",30.7347117726858,-1.6161046882463,0.41326656415028,2.62288624611256e-05,0.000155014262082884
"SCFD2",14.8396764893495,-1.42059423999278,0.545467327202729,0.00281158450026916,0.0101358061921929
"TSPYL2",528.655154202052,3.56856834818816,0.234681742755565,1.31642847074012e-52,8.25759677100624e-51
"IRAK1",83.1457456766137,-0.70246902103863,0.212286076967826,0.000690371481218106,0.00294774951757731
"OAF",95.2247987375754,2.5392941878234,0.242938555538421,2.901742846564e-26,8.87894706930891e-25
"HIST2H2AC",180.384183351372,6.79723096521346,0.722613338167829,2.07839028438229e-20,4.77234374783288e-19
"HIST2H2AB",6.2078475550119,2.84033753983607,2.67253975406767,0.0104346709569975,0.0310341506910701
"TSSC4",96.0258669344797,0.664150122412218,0.233367981985128,0.0033879144213904,0.0119220906071574
"TACSTD2",903.718176021793,-1.80968714267492,0.0880347130699287,1.80672853954375e-94,2.2462030491625e-92
"ZDHHC23",7.35742325594908,1.94975669612245,0.98494745347984,0.00937575355863423,0.0283739910327089
"HIST1H1B",23.7574367345463,6.34059274433359,2.37008479112377,2.32559244367566e-06,1.64496031382491e-05
"PKP3",258.231913819189,-0.748630547186445,0.163463792357826,3.35906856183312e-06,2.32473150217137e-05
"CSF1",53.0522182190653,2.30597970163825,0.592937709425853,2.72334033162413e-05,0.000160357085985129
"ACTRT3",18.4638002145713,3.17035275568612,1.14550628897335,0.00130445456418522,0.00516838156352457
"AP001062.1",7.17324045334006,3.48329074655303,1.0733151366785,0.000193551669772681,0.000946598398045511
"BPIFC",60.08186931066,-3.10283791878944,0.362401761270535,1.34063222221963e-18,2.81593982749328e-17
"PTP4A3",5.03879537446659,4.08549017989024,1.57928763692667,0.000641891299071605,0.00276297564790647
"PROS1",5.34893060655405,-2.72086433017895,1.00054547387425,0.000695147748652124,0.0029653907052239
"DUSP8",249.905086174993,2.47174176538079,0.402745614050057,2.7096227745793e-10,3.14754160683454e-09
"SOCS3",27.0402784685575,3.77152476800892,1.0129573024819,9.87495323631715e-05,0.000516974031339821
"XPOT",85.9538976250261,0.5748567543303,0.21336638597642,0.00579900824111635,0.0188964141032835
"TMEM173",3.61796742707755,-3.38136035296537,1.49333400473069,0.00244573343546822,0.0089644412774134
"MED12",73.3456124905955,0.973569733912656,0.321410995962715,0.00144147891039898,0.00566083840543872
"ZBTB40",118.194314493025,2.13574529711607,0.255877233350168,1.78483610567007e-17,3.54909773173588e-16
"HIST2H2BE",218.838082710208,1.00070238835192,0.194227988171641,1.46824887363515e-07,1.25382638961418e-06
"CLDN6",98.7107100507273,6.38590064736896,1.24108240679523,1.08881322669082e-08,1.0911853687969e-07
"SERINC4",18.206506177856,3.67240052870915,2.13397404596258,0.00134323357904517,0.00531287572107291
"FAM110C",157.959068272078,1.48992337304519,0.185620297557347,3.6316518233947e-16,6.69116090291681e-15
"NDUFA12",100.716464470541,-1.01667309483138,0.228725880769378,4.79672373035975e-06,3.22743966255312e-05
"TCTE3",25.9987583381489,3.33999064797314,0.822503474935905,1.29676701822226e-05,8.09013781711896e-05
"ZBTB7C",2.4452975345028,-2.50724238388018,1.84012461209147,0.0128766499847149,0.0370512447433414
"APOO",6.1554768656246,-1.78942932174945,0.886790112629757,0.00764883675387611,0.0239459952820985
"RBM33",66.9050831178496,1.24291832482,0.308917232300873,2.598462456684e-05,0.000153702451359791
"H1FX",288.758343819846,1.69066265072613,0.171923886338977,2.43522529547168e-23,6.52545807330276e-22
"JAG2",21.7144690312271,2.30958022221781,0.502443987093821,8.05714260452898e-07,6.13284985893546e-06
"NDUFA6",91.8787160468217,-0.99357603001339,0.253321203162768,4.95028203607147e-05,0.000277281624985481
"TMEM106A",7.81374830509697,2.94159207919366,1.17754450447519,0.00257984534504776,0.00939859180614022
"IFNE",7.13339833321966,2.50183245770005,0.978648098858173,0.00151765902394282,0.00591629788994657
"CA13",9.69558101103237,2.86172678629355,0.991097846065733,0.00080619937628313,0.00336831710345359
"MAFF",291.777513102654,2.89732003297547,0.247812400874476,4.06390400306935e-32,1.57092087513605e-30
"CIB1",95.048164682382,0.670901912685531,0.234947608192683,0.00330434536085606,0.0116773280358037
"NRBP2",58.3920444618641,1.66682968378233,0.289904986979691,2.60685630488339e-09,2.78010950598074e-08
"TCEAL9",157.256583775937,-0.605433523880109,0.176961725267482,0.000499826724210916,0.00221574326826554
"RAB11B",46.9936896698912,-0.943702620302209,0.29021716398043,0.00066435637657722,0.00284901118606763
"PRPF39",66.3753509315729,1.44438981061414,0.284251366673902,1.37412741050966e-07,1.17806806278165e-06
"UBALD2",71.8938969255566,-1.49260914411492,0.255347893434844,1.64995937780395e-09,1.79569711464468e-08
"SOCS1",9.27840226037159,2.1807570729561,0.934240429779589,0.00387220298515746,0.0133959391314046
"HGS",165.794826690864,1.35774371926219,0.201658738750666,6.80568019503896e-12,9.09180897304334e-11
"MAPK11",17.3078029993298,2.82856552816781,0.63178947092867,1.14641064963976e-06,8.51020277839091e-06
"TARSL2",11.2166013839118,1.37179031666002,0.700485123522807,0.0157768970619902,0.0439308271701907
"TMEM179B",37.1099794856805,-1.95258970235841,0.350346733214005,5.20320066573102e-09,5.39070339242403e-08
"KRT6B",3269.32669715654,-4.94796412831576,0.0843290763222468,0,0
"L3MBTL1",5.75412289340973,1.86336787677833,1.01481010589465,0.0129065397761539,0.0371295077988168
"BRCC3",15.0282059642885,-1.19625842058912,0.537358236027791,0.0100495408129201,0.0300550730902595
"AHNAK2",154.323041261612,-1.69541313435906,0.162673737655473,5.22475761450064e-26,1.56742728435019e-24
"SP1",129.501677253146,0.621766409047897,0.201647091478756,0.00162114907755984,0.00627013936948592
"MRPL40",22.7371666367851,-1.74066324279011,0.44932210537739,2.55703347665483e-05,0.000151446617930629
"INKA1",9.25967762016289,-1.4781401447175,0.827328789479934,0.0170961635182856,0.0468388041596866
"P4HB",242.447589956755,-1.20131543674861,0.132680372104541,6.38944117270639e-20,1.43372826314387e-18
"PSMD13",85.4042446111578,-1.11022522319468,0.219997822105179,2.24422386472261e-07,1.8701865539355e-06
"NDUFA4L2",72.4475425637708,-4.1576091864442,0.363002962063597,2.22078795885537e-31,8.35064682076407e-30
"KRT79",25.0748404878644,-3.64220746863597,0.513326043450331,1.79742566530402e-13,2.768356493437e-12
"BRWD1",40.5843534884168,0.896172237815245,0.336760797367119,0.00475699993290316,0.0160230898398984
"PMEL",2.63752970904822,-3.40580202138881,1.93212321787864,0.00404803052383027,0.013913529571322
"POU3F1",5.06421829990684,-5.0190624766651,1.64163542269633,0.000114003059510751,0.000587908154427639
"MOSMO",17.0927370517202,1.27322037039109,0.531487706944916,0.00639249340771634,0.0205441101598709
"YTHDF3",185.559385090422,1.34508683856967,0.190324161548367,6.59792193107491e-13,9.66574550412248e-12
"IFIT1",5.71269796808948,-3.24499651281503,1.30785703182265,0.00197360488660651,0.00742118458723974
"ADAMTSL5",19.3946400714244,2.71194655233706,0.584702475515814,6.21435431188943e-07,4.82872125586003e-06
"DMWD",36.7893110323935,1.15002135374378,0.405912502448549,0.00214580005691041,0.00797308583343125
"ATP6V0C",448.879646624278,-0.263884290911795,0.11063468222373,0.0162978433776201,0.0450902643566876
"IFITM1",18.2822408437415,-9.76730985468549,2.96918517928109,9.84482848583191e-12,1.29266063848221e-10
"LAMP1",246.371261006548,-1.14218952907687,0.137430833730214,4.52354272858303e-17,8.7798719626506e-16
"KLHDC8B",56.1945892123053,-1.52049108506043,0.329147704707025,1.18670313671293e-06,8.79039360528099e-06
"ZNF267",20.1436516032901,1.37454817217888,0.496790847789236,0.00203713754397267,0.00762890043604419
"IRS2",40.156254252801,1.53701691682295,0.37946426175982,1.71112596158021e-05,0.000104484682609765
"BICD2",91.8288585565287,-1.51306015286198,0.203953623925023,3.90757291215538e-14,6.32174750149405e-13
"LCE3E",257.940053121329,0.868174672799387,0.189016601552875,2.85858885158672e-06,1.99638290242392e-05
"NDUFA13",95.4851170546623,-1.82385102548653,0.237783741242245,4.20726992410062e-15,7.28485883972253e-14
"ZNF284",9.78849416157422,1.3429664779344,0.686528362321806,0.0162591265930593,0.0450282855677742
"MATN1-AS1",8.02995823900945,2.14335904571172,1.03779902201537,0.00782181297599085,0.0243989645272771
"KRT5",6721.93439368964,-4.92565672574204,0.0524823589503236,0,0
"POLR3C",42.7157404822888,1.02267677930837,0.352569555305278,0.00198265463172322,0.00744912439906902
"CCDC84",47.2009841159882,2.75206064100017,0.439671962501755,8.78430198520132e-11,1.06429646528339e-09
"SAPCD2",3.64068693522695,-4.00365015726807,1.69969831750901,0.00108528734482796,0.00438949746735811
"SOWAHB",5.75885049509619,-2.44261572709172,1.02714029099748,0.00192017134259535,0.00726056705638345
"TOR3A",11.7212210804373,-2.82930325343384,0.683236281394084,4.20434241926985e-06,2.85390680698101e-05
"THBS2",33.0102684354231,-3.06612648804482,0.427546469422829,1.09988917942121e-13,1.72286840817398e-12
"ANKRD37",17.3175886333527,3.47405071503619,0.770041274384317,1.50175122887806e-06,1.09535766165524e-05
"NUDT17",41.6474329198081,3.72577464821123,0.770941135624306,5.35498452316829e-07,4.20357146869866e-06
"KRT10",2415.4937857099,-5.80529830757891,0.108839373327845,0,0
"KPNA4",99.3867959692783,1.10107562021623,0.221321414230829,3.39624137876686e-07,2.75209225055682e-06
"NAP1L2",19.4901488078045,1.86805832504501,0.605055395627494,0.000470958116933425,0.00209652323021976
"RPS23",180.043876022884,-2.15859533165002,0.158602427051076,6.69992963056503e-43,3.42440847784435e-41
"INSIG1",418.751840269846,2.4134315536437,0.177305246341681,7.76345640218121e-43,3.95334680258674e-41
"CEACAM19",66.7760155731481,2.37775356282866,0.33567306731447,3.00409310323232e-13,4.54566719568049e-12
"SMIM29",53.0808640425166,-0.694651552101438,0.273849967608208,0.00816979751788966,0.0253071168904326
"UBE2H",189.091903121073,0.470718552240588,0.164554688683752,0.00377705812712138,0.0131062112532751
"MIR22HG",321.542147487992,2.17194277677448,0.148032900003552,1.90838794660871e-49,1.11592176538984e-47
"KATNA1",66.8690074900602,0.834226469169578,0.254786406616553,0.000702453519713665,0.00299027028554646
"ZFP91",183.783209645832,0.698507965613631,0.168795050391779,2.6607767426754e-05,0.000157051835110866
"VSIG10L",31.2525335706287,-2.98534625885585,0.452073355740745,5.64776765495508e-12,7.61124937874806e-11
"ZNF397",17.2346570720433,1.11429732120827,0.489045687323729,0.0104253046838962,0.0310129779344185
"KRT16",6218.07133619016,-4.98268405369176,0.0959161415704735,0,0
"HEXIM1",131.116462724463,-0.486094333612128,0.188655129533191,0.00860193662478103,0.0264380234792824
"KRT14",8914.89821235769,-6.12017721249198,0.0606336961149778,0,0
"POFUT2",55.6876632213069,1.93788106796268,0.418935201236221,1.01870875417788e-06,7.64031565633412e-06
"TNFRSF18",7.71631405708989,1.62603042026638,0.873692969371898,0.0132141698411054,0.0378959982974344
"RTN4RL2",8.70660709539188,5.50681036184384,2.34653100186724,3.38258140340495e-05,0.000195148927119517
"FAM183A",2.18725143336554,-1.2143682601869,2.33706185681653,0.0166915221474034,0.0459491333800452
"PLCD1",60.4281846032821,-1.6090525646568,0.272482117935023,1.0458143100481e-09,1.15921586174007e-08
"NAP1L1",33.76003070704,-1.12538440980714,0.334470103992079,0.00035987983613677,0.0016466650327213
"AKR1C1",73.4618477216911,4.55654802583139,0.362414604693368,6.32019166087039e-37,2.80445803601323e-35
"SHTN1",31.4353443004549,1.06359503194822,0.372963976155399,0.00222187459541536,0.00822695718184382
"TSPYL4",75.9381395302874,1.30858274724298,0.285899002210715,2.0154511111903e-06,1.43589186032143e-05
"MT1X",188.6643398498,-1.60863761020724,0.205666352502547,1.5387905980712e-15,2.74358013609595e-14
"EPOR",4.54808994473908,2.43657165490146,1.21469517591592,0.00609779346253334,0.0197395143755477
"CHP1",93.3748775996382,-1.07057301203412,0.208417800413252,1.45700471808147e-07,1.24653844448384e-06
"C11orf96",12.8303607188325,1.95783611314847,0.763757704724281,0.00212604131337169,0.00790605500526254
"SIRT7",62.0552946047725,1.34400434276478,0.290199878337282,1.46500380161144e-06,1.06968531546232e-05
"USP7",149.284978332471,0.841576079175421,0.192320371759324,8.04712481602397e-06,5.22589752758262e-05
"NANOS3",5.26437179757437,3.58433870584315,2.50177861024554,0.00396212184077331,0.0136659038746993
"PLEKHN1",25.640332505629,-0.957437470711326,0.406912120830966,0.0100512850368997,0.0300550730902595
"TET3",74.1472260884018,2.08029638140181,0.294686533344026,4.00435034069695e-13,5.98052323610583e-12
"ISG15",22.8763834917067,-2.36145180412848,0.494093200614191,2.81764084505553e-07,2.31173862436185e-06
"DHRS4L2",7.07748800651859,-3.41343322537585,1.04673464697075,0.000100999225563459,0.00052755083753813
"SPRY4",25.7056224005996,1.00152563538536,0.405289389602867,0.00717327343078981,0.0226887860061653
"TMEM203",27.896253040158,-1.29926668764927,0.454477179327511,0.00154594136192177,0.00601296245617826
"PEAR1",7.03018605569981,1.88384239944456,0.850954012506791,0.00530303626761013,0.0175369998785094
"HIST1H1C",234.292088570833,0.458361381038096,0.191319417687018,0.0146862855003788,0.0413698183109261
"LCN10",2.75568389078584,2.44574842294786,2.67049939057598,0.0155755068866522,0.0434665308464713
"CYHR1",42.5449052533857,0.772233183271879,0.346951988143897,0.0176933158809476,0.0481783265897941
"TPRG1",2.10305157127708,-4.36872373690386,2.90842980649619,0.00280180356790102,0.0101031850632438
"MORN2",11.7801743874341,-2.22778199255441,0.690906498342417,0.000188710639578199,0.000925117877861152
"ARL4C",21.9688474782288,-2.18891426495082,0.485701290939336,1.13609779786488e-06,8.44727888498669e-06
"WNT7B",13.4104486408299,1.52901761997162,0.57968820354634,0.00237829089610309,0.00874045655558526
"C11orf95",25.0550599702787,4.03571451874917,0.678630871022105,8.38388502061183e-10,9.36064832398409e-09
"PLA2G4E",40.198114833758,-4.78471275410082,0.474662100510532,1.4340581311639e-24,4.01419923124986e-23
"FAM25A",262.280448564023,-3.1087439703526,0.305965253236401,3.19940131604463e-25,9.19827878362832e-24
"C6orf132",42.0299117423453,-1.5927063074362,0.311555944629064,9.34380087825288e-08,8.22349822193175e-07
"AGRN",130.797293684703,2.44496768854182,0.219463507774802,1.34546896843716e-29,4.67694502882437e-28
"LAMTOR4",59.5193099531065,-1.90945506687987,0.334963650962394,2.58753511937557e-09,2.76163841047045e-08
"NCR3LG1",14.7729581679954,1.79774458288994,0.595793360235929,0.000610662576912406,0.00264452701139232
"TUBB4B",1893.26367659156,-0.879432910549944,0.0890858242712296,3.31995191083651e-23,8.82761779759996e-22
"COMMD6",29.0909547803282,-1.10023406429497,0.392141818299582,0.00234787911848829,0.00864942120532259
"HES4",210.317476549264,3.95578703861551,0.233870244198858,5.10115773226371e-65,4.19023670864519e-63
"IGFL1",1178.92778919704,-6.68157749123948,0.1711750963125,0,0
"ZNF669",16.946421968552,1.71899418923919,0.614964004952063,0.00123939838155309,0.00494612425258318
"PLSCR1",7.40863391532456,-1.45437787418042,0.759023484623754,0.014085723343889,0.0399307687234323
"GTF2F2",52.7640316314504,-0.841993524875049,0.273771321718906,0.00134864591337702,0.00532970034496075
"FOCAD",7.11866615540664,-1.94075137995338,0.796027082815896,0.00249411095779208,0.00912479618704421
"ZP3",4.20392149175104,-1.99587845057075,1.09475238673286,0.00944640783062428,0.0285439956344679
"C10orf99",103.471095090309,-7.55130431297218,0.98271858729385,1.29480237994866e-15,2.31154888011533e-14
"CLEC2A",5.20688400796716,-3.3567211313214,1.49840950995887,0.00153467306121007,0.00597250091503072
"H2AFX",203.218892624479,1.66059177767477,0.179887624485765,8.74394644140517e-21,2.06620652211287e-19
"NCCRP1",121.851011960218,-2.68727475995062,0.225376928727721,1.36217394710075e-33,5.48046660932661e-32
"KRTDAP",4038.96986602737,-3.3605151667204,0.104161119022826,2.35114779930046e-229,9.83207261525646e-227
"FAM83G",248.16411113607,0.549548080406205,0.138190244167145,5.88747009664672e-05,0.00032514278999815
"SRSF10",70.1708359049267,1.13397491257024,0.298239639039991,7.24332351320342e-05,0.000391071457285631
"NDOR1",35.9429695115563,1.24291546348404,0.389729049933396,0.000605550112153377,0.00262538220160748
"IGFL3",413.499901621456,-5.06195900162041,0.164819226854525,8.639921524152e-208,3.13765571140257e-205
"S100A16",1630.54137375298,-1.24559064641522,0.0709150289217436,1.94913754467869e-69,1.68113113228537e-67
"ZDHHC9",36.5417547382518,0.796119052722747,0.328691536265135,0.0103181367272534,0.0307472007851646
"NOXA1",11.1404697302833,1.27601781815727,0.636524189489238,0.0159746418810003,0.044391876350746
"SPRED3",24.956384183148,4.1899524318548,0.870105999273618,7.34954692210027e-07,5.62527717831302e-06
"ZDHHC11",5.1123192416383,2.07934084660293,1.24442226738968,0.017711586669898,0.0482185630389806
"RPL14",98.1608882921054,-2.03986230722255,0.217784750044114,1.55825717532795e-21,3.88859837604444e-20
"BEND4",8.65914870853649,3.597981480689,2.205126713891,0.00199649972903493,0.00749094514972325
"FAM120AOS",24.7899655639879,1.67275403493916,0.495325835710126,0.000209780672614342,0.00101613663814599
"NOC2L",52.7848088732858,-0.723938023389116,0.268781287102459,0.00503988097688921,0.0168158504548044
"LRRC66",3.29700371589149,2.77409950533705,2.637246719419,0.0113482308906476,0.0333558224261846
"ZNF292",37.3682584941332,1.65102442058916,0.377239910761709,3.63441655247822e-06,2.49403025480852e-05
"SBSN",2026.25711350749,-2.63919354690417,0.108820608715392,8.672119468525e-131,1.70964640950921e-128
"ZNF567",21.779237251581,1.34936526372328,0.527579385556053,0.0037976272406283,0.0131709615281906
"NDUFA4",73.5028514804897,-1.09948869836812,0.228790536488454,7.69864464363172e-07,5.87292957888987e-06
"RNFT1",21.7290706359705,1.75167541426613,0.4972187586441,0.000107543132651303,0.000558560493258558
"RNF222",19.8771451070261,-2.40383109054356,0.596710861675545,8.56463069127979e-06,5.53291032327594e-05
"H1F0",658.365440374537,0.507021983133903,0.0888557264643601,1.00928665082384e-08,1.01814004249773e-07
"LITAF",84.8191404808032,-0.600113082913014,0.231816736820053,0.00764438122615015,0.0239374769505042
"SP6",23.3068048350769,-2.1449282991453,0.43269084292331,1.30272241027888e-07,1.12149527522449e-06
"CLDN4",76.5583934432109,-1.80186044274293,0.258577332563504,8.1947845517325e-13,1.18045957008255e-11
"JPT1",109.765137736044,-0.881532113432912,0.197522921718858,5.10025335244104e-06,3.4199949593628e-05
"S100A13",164.222573622407,1.31688291995957,0.205995611997339,5.58335002164857e-11,6.87334793030779e-10
"KRT77",4.67703380761474,-4.15016043350415,1.46379326441357,0.000496188264646168,0.002201027982037
"MAOA",31.0672584316743,-2.01095489132687,0.395481329303121,7.74286530738286e-08,6.89364782205699e-07
"PAX8-AS1",21.1800324513184,1.47796149937864,0.456441488321078,0.000400163575946835,0.00181474115940398
"PNRC2",440.560397316086,1.61793991236607,0.139414807881798,1.3542742574125e-31,5.1770040865076e-30
"GJB5",113.084585545094,-2.76841390056263,0.304669968739045,1.28006715170873e-20,2.9940553717933e-19
"S100A14",2631.44471879823,-1.31512994821266,0.0918302838265563,6.11360199863266e-47,3.41569666320368e-45
"ALG1L",2.27862470053606,-2.13194303063987,2.84779796988749,0.0159507254912189,0.044361147073523
"SH2D5",263.592754767159,1.19315292211783,0.18471516414107,5.01966923399921e-11,6.19047680332343e-10
"ZFP92",6.14166106903545,2.58309679146983,1.12351017922486,0.0033232697310841,0.0117351899408804
"RASSF10",2.63212258283905,-2.93513507805281,1.8812771071155,0.00711973037945268,0.0225556196594231
"GJB4",22.2429901027064,-0.973755557794473,0.429980476149809,0.0123470391696161,0.0357659824812558
"BLOC1S2",91.4259478498667,-0.521981429607328,0.217230665767263,0.013623843639037,0.0388528708862804
"TDRD7",20.7948645670821,1.15220971540322,0.440091717002498,0.00396031765879764,0.0136630959228519
"AKR1C3",12.9372096781326,-2.86225082166154,0.635634908989765,8.34788082230524e-07,6.32971183229738e-06
"SPATS2L",43.7290426496662,0.986851100887503,0.303223043431827,0.000634947983874781,0.00273906913956611
"S100A4",60.0783048312926,-3.65545573384348,0.431249175742637,2.20337503834193e-18,4.58621048704655e-17
"STK40",150.902095828027,2.00791481670438,0.216275098297899,4.19778079493277e-21,1.00746739078387e-19
"SEMA4A",20.2468608923239,-2.67125488900414,0.551882800884942,2.04708452846438e-07,1.71940149073697e-06
"TUBB",393.883617341263,-2.03835908459222,0.110206145185153,4.71184279700352e-77,4.51551601379504e-75
"LCOR",17.6128555591656,1.57347751350803,0.53849937414494,0.00104094018811905,0.00422872375509063
"PPIA",218.031307650759,-1.79769147137184,0.138462838710244,3.78994734274997e-39,1.78502639351364e-37
"IARS",252.876499183398,1.06842740240189,0.14434305822647,7.2195768974898e-14,1.14649207347939e-12
"CGB7",9.27200075933512,2.65239231542583,0.918690715014514,0.000722862418366864,0.00306749734731326
"NLGN3",24.7377515863814,2.49438586639415,0.888141659779924,0.00144820360207462,0.00568245939966727
"CD55",86.2838863065589,1.09349296893078,0.257858291984393,1.14896819868608e-05,7.22029195895623e-05
"WDR5",97.5447341626269,0.860797281006074,0.246011714741332,0.000302766490193675,0.00140964155353331
"TRRAP",21.4391596027403,0.971676717285604,0.440620659223378,0.0146344108576146,0.0412573789244293
"FUT4",5.96078753250978,6.46015769661881,2.52807938310995,7.57486221445509e-06,4.94246328886431e-05
"ASB13",5.63064784622918,-2.26678660006744,0.925794817219819,0.00182143453847772,0.00693784063786712
"PTPN1",136.225139561729,0.654064564298988,0.179648330952252,0.00021535511613759,0.0010380372346136
"THEM5",15.3664864137406,-9.27768404305803,2.98167578738206,1.37590567631658e-09,1.50814124965598e-08
"EPHB4",25.5229321339895,-0.844422815765662,0.363883457862198,0.0125856763419676,0.0363656477217656
"XRCC6",251.564440513372,-1.80329961241322,0.141660304606401,1.0129556008799e-37,4.5682311412231e-36
"PPP1R26",29.6771589529291,2.07682121120715,0.406466855602794,6.98169258774577e-08,6.24820737424719e-07
"YRDC",116.168168871359,0.948821632162492,0.222361965982981,1.1828436767204e-05,7.42302989483469e-05
"ZNF777",27.8565367154122,0.860662129546856,0.369852595684417,0.0123745189459513,0.0358366384106718
"SIAH1",31.892608689782,1.04993090415194,0.412741743607518,0.00563024882396353,0.0184598322097165
"IPO4",18.2466187144139,-1.13492810448963,0.468411134129803,0.0067084050432228,0.0214246678075618
"SLC6A9",14.5827925995971,1.68578762255271,0.541192309294784,0.000472275612547094,0.00210171023964847
"NACA",141.250219173919,-1.17685726214829,0.169507460024989,1.80413874641296e-12,2.51995088061729e-11
"SPTSSB",12.4398446284172,-3.99026330346003,0.780332245518514,3.69302594374375e-08,3.40666831708982e-07
"MAN2A2",18.4544825578876,1.91454073933614,0.522582716610996,5.55117466014736e-05,0.000307902774558013
"SULF2",30.2194918392294,-2.60423326095536,0.398424216341438,9.25386085250092e-12,1.21970658800872e-10
"PLXNB2",119.212219604988,0.629319326526017,0.197544999903613,0.00115036576809882,0.00462694479736627
"MRTFA",45.621906253311,0.917410195244009,0.348381586444031,0.00503560337600907,0.0168097064801464
"MMP1",41.3922001808668,4.91646910026382,0.833991385801361,3.81606911685156e-09,4.01385318693228e-08
"SDHAF3",6.90336255544745,-2.54836023371997,0.870142684204519,0.000394159673778395,0.00178848177473214
"HRH1",31.554020316309,1.2462133587908,0.382027961656365,0.000466743910696435,0.0020808570831636
"TOMM7",111.910659124093,-3.54169578654522,0.228042287735046,2.8120974669905e-55,1.86571851175331e-53
"TRPV1",16.6381574359906,1.76270571868556,0.666905952990281,0.00211878804435387,0.0078812062027179
"ZNF512B",50.3080962222736,1.77238729179858,0.308991010784315,2.64409428299697e-09,2.81547076430233e-08
"AMZ2",43.2595064305967,-0.911607975841454,0.289630894853054,0.000978768803133167,0.00399733929660778
"ZNF431",32.3729883345037,1.83141344980861,0.432821262070557,6.19391938277102e-06,4.09760726185235e-05
"NF1",40.126045965368,1.2860910855393,0.405626618735699,0.000641304818175753,0.00276131247763663
"GM2A",126.539584354257,-3.93957295107309,0.241081163777906,5.83127515154216e-61,4.34981605898821e-59
"S100A2",1936.49879594866,-2.85582788614464,0.0721273737581105,0,0
"SNHG17",29.8082239882329,1.49707224365485,0.563832943389826,0.00272720887552148,0.00987101962605333
"HIST1H2AG",103.833757387007,3.09402340448649,0.621521577222366,2.48780843002635e-07,2.05456351492302e-06
"STRN3",85.9833486376581,1.32830364815116,0.253085333765942,6.40798434871927e-08,5.76092403989094e-07
"ILRUN",285.691275184021,0.705183180879049,0.124370998062323,1.08064128241522e-08,1.0861507427043e-07
"PPTC7",85.0499900360675,1.42126267744659,0.271753035656494,6.51387521402847e-08,5.84733426994569e-07
"HIST1H2AD",279.216464088331,6.09646881236256,0.503128616205165,1.53368339612166e-33,6.15256711234852e-32
"ZFP28",6.7774865494348,1.85944897218462,0.888852864741663,0.0072832759759401,0.0229892974537908
"LAMB3",1657.95784154661,3.16536844439533,0.079371236708369,0,0
"HIST3H2BB",38.6727304290367,1.96409139619567,0.676633336606195,0.00108434645755961,0.00438814690502978
"PDLIM7",63.6575239421186,1.40716169212851,0.266981989004395,5.11899732251565e-08,4.65057031275286e-07
"FUT11",13.9864603042235,2.21371834135312,0.617327893808191,5.92024318693267e-05,0.000326797423918683
"ANXA4",17.7788211798398,-2.01959042514756,0.479923198479122,4.9253741890182e-06,3.309160847539e-05
"LAGE3",16.1880484834428,-3.3389764468245,0.79590809941763,2.47130296973516e-06,1.74088723748572e-05
"WDR45",53.7107809903603,0.818100335036754,0.325414300500513,0.00788289325695506,0.0245561911841941
"SERTAD1",193.472958199147,1.67670305555874,0.186328157247304,6.98877606851298e-20,1.56566736599804e-18
"ZNF100",5.19240174580974,2.0834636861157,1.12730775301531,0.0111887990038047,0.0329292868953946
"ZNF398",26.4736412426661,0.979662970666817,0.380657053000058,0.00553263977821375,0.0181873341923177
"ZNF441",31.582194382748,1.37049231198103,0.474215167940017,0.00146232392053691,0.00572702171886785
"GMFB",37.7636210695335,0.806644902498061,0.339844867144507,0.0115141113728358,0.0337356129395189
"HIST1H4C",1240.63411345148,12.1011653444667,2.56190881848756,5.79999495493571e-22,1.46862257574519e-20
"MAFG",616.473377651874,3.01739827667284,0.173292647578945,1.69882255341857e-68,1.45613361721592e-66
"ARRDC1",53.5506960900142,0.657847781617559,0.276115151251844,0.0131095498243138,0.0376272436721154
"IGF2R",129.601362130127,0.824080004599907,0.205653556134992,4.19564685370039e-05,0.000238173289103519
"PCBP2",278.229404517352,0.374442386796905,0.157272184738444,0.0159383966506668,0.0443447326167746
"ZGPAT",49.4248619151681,1.2411361826978,0.339000904458742,0.000108717344962837,0.000564022315972611
"SLC25A29",26.4722033015022,2.0119796866249,0.465387548981657,3.52392519241777e-06,2.42665507262302e-05
"SRC",40.9787813394432,0.853533019452723,0.33630526694806,0.00705694646805954,0.0223978521755339
"PCNX3",45.2221473842019,1.29394104342866,0.318089377258746,1.9230039206233e-05,0.00011649453074891
"ABCB8",25.3093178249137,1.19644171594332,0.438592754067254,0.00277749039162185,0.0100233701371291
"HIST1H3J",21.0531589483643,6.20588185946228,2.35542934091126,3.19721132427006e-06,2.21604802988081e-05
"SND1",79.5894010135248,-0.715708601054343,0.218758635470872,0.00078269237586847,0.00328502274543336
"PSMD12",115.599590747025,0.937041521239955,0.214538465403367,7.64074567789107e-06,4.97838953516982e-05
"NOL4L",7.34383911574266,3.38426252358611,1.03403079541992,0.000197145646115838,0.000961555554118821
"CYSRT1",33.2292593316865,-3.07548226205772,0.51136593680105,2.10155573776127e-10,2.46401607316105e-09
"ENTPD4",53.9659069590613,1.03505349081551,0.303732210080358,0.000352973961989043,0.00161882375388793
"C6orf141",135.200110228489,1.93156306040362,0.211637579081448,1.91647119734432e-20,4.40788375389193e-19
"ZNF165",451.330581558846,3.80450110348068,0.188830346968092,8.13880394417578e-91,9.51826223979879e-89
"PELI1",82.9331213816803,-1.06513542560981,0.226072106184082,1.28723773716936e-06,9.49940148285407e-06
"ZNF655",65.7052194003569,1.40843331095478,0.283272291518445,2.55145571350288e-07,2.10586655779544e-06
"MRPL21",27.9541258364486,-1.39545945828878,0.403494913174671,0.000185100367233548,0.000909681291959745
"HIST1H3D",101.208170803146,4.48051407276543,0.643753623881811,1.66403828635517e-12,2.33371223086395e-11
"MAP3K5",2.96993275944647,-2.54020644176976,1.52902754499644,0.00815533333841832,0.0252775567953907
"GSTK1",31.8339465333927,-1.9076664849116,0.35794043158073,2.12140503302061e-08,2.03725744298431e-07
"PDGFA",36.614046147301,3.04694189700817,0.444472202893244,1.26297021676731e-12,1.78758861450143e-11
"SLC28A3",32.2102198097464,-3.12615487201209,0.498071510012978,5.0112565941839e-11,6.1856297853075e-10
"HHLA3",14.1073749805847,-1.8374785221627,0.848675814758353,0.00509876572859736,0.0169671972642015
"ENTPD6",48.6157526704732,1.32063795002575,0.31009568193737,8.33536960416509e-06,5.40038030692386e-05
"FAR1",75.7524617237777,1.87776739519436,0.255671417145736,5.22075486872345e-14,8.37749037074228e-13
"ZNF841",41.6193942165969,0.846960862555724,0.322961763488809,0.00559235524701661,0.018348669141424
"MFAP5",26.6823740656414,-3.47168047869835,0.488928661224401,1.51306351472204e-13,2.34083817300046e-12
"CDC42SE1",193.961760556328,-0.484410355569323,0.142284884674133,0.000575033867016105,0.00250567330749045
"SERPINB2",241.789303897054,-1.64328513193658,0.149463365441675,1.25834156506505e-28,4.22508846664177e-27
"DPP4",4.11462113855552,-2.49106849445308,1.24091405782119,0.00481116036126382,0.0161818213466831
"SERPINB13",33.7751424920998,-4.42177856131585,0.513679696949677,9.32117414163025e-19,1.97591709914743e-17
"PDCD1LG2",2.93551709785132,-5.42043563318823,2.94048253933163,0.000746109708936815,0.00315354180193814
"SPTAN1",147.149678721365,0.488505151468756,0.174757757132988,0.00456068112995499,0.0154144990431984
"ZNF460",17.1132349919076,1.57747952676374,0.559588223393619,0.00141335349758562,0.00555677443495202
"PHF2",35.5841462781033,1.21799778758336,0.362209169591067,0.000339217217301115,0.00156039919958513
"RPS26",83.1803909667765,-1.90745324566749,0.263894130467937,1.09775170498909e-13,1.72147426464198e-12
"PSAP",513.408172139454,-1.40666469815206,0.0938765948803036,3.55590046517099e-51,2.14285704888033e-49
"S100A10",1203.73393637391,-1.48651479465083,0.0828017986247016,1.53361352891061e-72,1.37427705837444e-70
"RPL37A",349.936563212876,-1.81131527513657,0.112211845606935,2.99624144207646e-59,2.15354853649245e-57
"CFD",2.04255523451553,-4.62495414445033,3.30326313803805,0.00342810471188407,0.0120498841120734
"TAF13",312.759239298519,1.0164800109136,0.135295391496864,3.32729815411959e-14,5.40196641492358e-13
"SLC9A8",31.5100243660752,1.67837251162532,0.525834960820031,0.000431282810557186,0.00194056171688593
"HIST4H4",101.427805292915,5.06342148553872,0.810887846751567,6.43126496052806e-10,7.28665488138647e-09
"ZNF44",32.6108498993442,1.60059301289541,0.471657011110984,0.000220506435405707,0.00106027484620166
"GPAA1",28.9370192627949,-0.907345103771907,0.362410621858396,0.00711905435221308,0.0225556196594231
"ADH5",28.4476634195888,-1.25964980924061,0.365884159479377,0.000229922680834897,0.00110094829823788
"HIST1H2BK",399.002198275915,0.911093050767882,0.198390136179592,3.39491175717962e-06,2.34718347941276e-05
"FCHSD1",55.6356359410808,1.42296008311265,0.329753919794698,6.12532901782967e-06,4.05611998301581e-05
"AADACL2",4.47837314969479,-4.62814961039948,1.62801698671117,0.000249539148339031,0.00118623501449488
"S100A6",3538.92456594798,-2.40281093734826,0.0782214629636289,2.66868502125789e-208,9.95347386306995e-206
"RPL12",573.727176923499,-2.50764364847417,0.107092420203955,4.50943027956136e-122,7.58904120218862e-120
"ZNF121",120.865704744038,2.65685124065348,0.285034745215947,2.65136003656434e-21,6.53370866153355e-20
"AKAP17A",222.680878716932,1.42975660397968,0.18953189985012,1.80681021411149e-14,2.99687271090607e-13
"C1orf122",49.2585559279613,-0.719534282791342,0.286574898611152,0.00856921228188509,0.0263491821501814
"SNHG12",38.8240946115618,1.30854093977162,0.339459195246059,4.71946622851576e-05,0.000265506049545526
"ZNF335",153.005829452002,1.53046528557439,0.27858270419435,1.42615393343612e-08,1.40578030581561e-07
"RPS4X",499.802022939746,-2.24745843418327,0.104227350396036,7.33296502047942e-104,1.06520965560648e-101
"ZNF84",18.2323075562022,1.50680970921032,0.518045260288195,0.00113519698667262,0.00457126303358101
"5-Mar",147.81022125292,0.657851623701943,0.21484399182084,0.00171983257330501,0.00660553562805708
"AKR1B10",14.1864899000216,-4.37179408590833,0.757893574020656,9.8049861991673e-10,1.08944291101859e-08
"TMPRSS11F",27.5686806292964,-1.71626633938098,0.477135075526512,8.13424547377473e-05,0.000433910272663669
"ZNF770",77.3627173903826,-1.33913384716981,0.226019826887738,1.22993309815235e-09,1.35351489270354e-08
"MIER1",43.6342421014528,1.35423546733632,0.338587924557852,2.37837946557436e-05,0.000141962096128573
"ZNF251",19.1632419135556,1.54187618216065,0.488340738686417,0.000475807805932243,0.0021153826423534
"TFDP1",73.4282375169051,-0.740812180317393,0.233582035211505,0.00108205938223213,0.00438029318709398
"SZT2",94.3748844895272,2.73659194508365,0.416767467806009,1.520275655317e-11,1.96256352136339e-10
"QRICH1",127.259380879334,0.533307304929284,0.208383188775629,0.00881994344910291,0.026973113255159
"DDX42",70.454564770083,0.583271898379817,0.238300685975469,0.011702092375525,0.0342137446572552
"RPL23A",253.035524011919,-1.60431241901849,0.135231853795939,5.72134389239458e-33,2.26880878491509e-31
"UBL5",163.854326739375,-2.09666519959561,0.165049835951102,1.14372998618141e-37,5.12450448354006e-36
"HELZ",47.9790172065551,1.92211383021868,0.393434428004092,2.79162217287814e-07,2.29311821343561e-06
"CARD11",9.33474071754584,1.63392567649323,0.700829094839179,0.00493682441859873,0.0165399798438122
"ZKSCAN8",40.5116591794737,1.96917171199641,0.391574697504854,1.15440140006949e-07,1.00382730440825e-06
"PIM3",332.50962153136,1.96203020112739,0.161484133864661,1.31535257238074e-34,5.5005653026831e-33
"GET3",130.085286102044,-1.49937981369983,0.19851435021919,1.43752567925627e-14,2.40750659875444e-13
"GFPT1",52.2413410835987,1.95635531830518,0.298745681759823,1.36969488803085e-11,1.7764839713182e-10
"ITSN2",43.2160238536022,0.82898004446307,0.306310296240642,0.00447576467341574,0.0151944778580903
"OGA",504.3443400883,1.61282142687834,0.126151987510553,6.6774259363956e-38,3.04120389182374e-36
"MT1F",10.2374668538078,-1.80300300645962,0.761212275462362,0.00348561134402193,0.0122271063923494
"TXNRD1",240.655865364802,3.7437759225706,0.172584391156578,3.79741161296815e-105,5.57492343180431e-103
"NRARP",1145.49322962484,2.52642963785853,0.14274365683336,1.09590923152484e-70,9.63283273569603e-69
"ZXDB",21.9896176528221,1.65452832133942,0.547373048452626,0.000729707061793972,0.00309178920870642
"ZNF587",18.6241497789171,1.30655690529286,0.486223715239059,0.00274485203923022,0.00992895364125217
"TPM2",17.7799152265849,1.16141722060094,0.504568912988691,0.00925957505752047,0.0280839858887434
"SH3BGRL2",8.76899378914386,-1.92991826340386,0.730368867208531,0.00148010042477834,0.00578883944145587
"ANKRD35",24.2922523904801,-5.81843965938705,0.765408718262646,1.09502257380746e-14,1.86099895548558e-13
"YTHDF2",171.354740501777,1.06260036054883,0.172165301030396,3.56199803246772e-10,4.09971416580939e-09
"NBR2",14.4818819883116,1.42226279800643,0.597017365492377,0.00548302505920053,0.0180430142481996
"MAFK",104.471631076,2.09545256814066,0.26743741961522,1.15542030894184e-15,2.07614586762986e-14
"ZNF627",31.0164057784993,0.895399670417159,0.398586521504073,0.0147003883997539,0.0414010938605314
"CTNND1",176.254655838919,-1.41642079044509,0.151776050476694,3.76235013967922e-21,9.09289525876939e-20
"DDX39B",447.226225862313,1.71565652596365,0.130396133646402,5.00276709198283e-40,2.43092203765363e-38
"ARC",1460.50854640674,6.52964373326421,0.41545099758959,3.06715355047337e-55,2.0252018658628e-53
"TLK1",27.2307068526331,1.10323699789537,0.419064538793936,0.0037047525985904,0.0128877201564274
"LRBA",16.1623904336589,-1.68548181358754,0.499495755620147,0.000183250130904039,0.000902194722253206
"COPS8",30.4623638277239,-1.10487703907708,0.355600692878539,0.000896956041783305,0.00370709594986811
"MDM4",60.8724325178522,2.91510334295827,0.453342725254943,3.39963032714141e-11,4.27275942755478e-10
"KLHL9",46.3890100084738,1.03112553246949,0.306302424118544,0.00041015272201797,0.00185455686888859
"TTC37",25.0404200762702,-0.969997424550938,0.377772987566647,0.00552944807606542,0.0181855060652295
"MT-CO2",24141.9450117128,-0.836194509699176,0.0467040763903532,7.35711002966887e-72,6.55020118770519e-70
"GLMP",21.0753753611821,-1.03191890011459,0.441543572331571,0.00953395744246582,0.0287393212551394
"DLL1",107.679232758133,2.692125596272,0.524609935511751,9.37062142023378e-08,8.24184675584616e-07
"ANKRD13B",11.5350400571944,1.58815066821075,0.652626210274095,0.0040033893875988,0.013784125136942
"PPP1R14C",128.036439989162,-1.95787401912884,0.193227047298604,8.57148821538892e-25,2.41894759452693e-23
"SMURF1",178.870892779236,0.64580677808824,0.178337776194305,0.000228694368330222,0.00109544681810381
"SLC5A3",86.8387244262078,1.54798544789062,0.286438113791856,2.29224363435803e-08,2.1785786607535e-07
"CDC42BPB",103.340672976073,1.02528698774424,0.200585524056846,1.79894026777061e-07,1.52302918375671e-06
"PLXNB3",11.3377817283362,1.7794669348857,0.669642328883932,0.00179722951271759,0.00685889581734034
"RPL10A",597.994780141849,-1.48534371182402,0.0930282229306863,7.80432229023327e-58,5.46698718808219e-56
"MT-ND2",11541.6143209878,0.218909153639255,0.055099267141881,6.90315508401774e-05,0.000373729070849136
"APCDD1L",15.8352351861496,3.2590576311966,0.804837807225325,1.01706609333855e-05,6.45904836082463e-05
"FAM169A",17.313317665161,1.75776980024077,0.526548066596378,0.000211047373723664,0.00102155515867645
"ZNF830",69.2389722527662,1.02182432992981,0.275167301527081,0.000113404596120912,0.000585040533259284
"MT-ND5",2461.90289617942,-0.729103786722391,0.0613762794930328,1.1054029928312e-32,4.33368218780413e-31
"MT-CO1",14762.2435093272,-0.442614477472165,0.0525731075219033,3.39942128647588e-17,6.66363831723966e-16
"FOXJ3",80.0131440586507,1.12696027822365,0.26476777931516,1.05040807365531e-05,6.65853533139331e-05
"HMGN2",202.715856716013,0.957658589487101,0.188935539469302,2.18604659528151e-07,1.82832987968999e-06
"DENND4B",32.9421411309241,1.49733025062324,0.407370426197935,7.86764669039878e-05,0.000420990788396678
"MT-ND3",6555.81712900698,-0.44061461433288,0.084526574268494,1.66711440723505e-07,1.41315594716485e-06
"RUSC2",19.6146675132527,1.3633828237787,0.484029552287723,0.00177188422490642,0.00677904139276647
"FICD",31.0966427541411,2.32952188517593,0.529868108764209,2.30313880070395e-06,1.62991361280587e-05
"OSTC",78.9282293414144,-0.562659286279211,0.241449784112783,0.016060782443252,0.0445953315325711
"DCAF12",62.3961183727345,0.795590606955862,0.255344198108358,0.00125805074876605,0.0050118649921973
"MT-ND4",17407.7427780432,-0.285621093962983,0.0478963415002055,1.99936571119378e-09,2.15388343594646e-08
"SMC5",29.7988515789986,1.46249494933914,0.391110696489072,6.3276124045632e-05,0.000346512107868937
"MT-ND1",9591.90472103848,0.772727085397329,0.0546401482729734,1.42770775209944e-45,7.75683739329616e-44
"CIPC",11.7654268361226,-1.3873165933984,0.575738966257955,0.0050281624283207,0.0167991195277785
"MT-ATP6",10647.2092425908,-0.622260592313548,0.0625842183804613,4.84589674586131e-23,1.27864961936685e-21
"PRC1",21.8304894681296,-1.59537455998514,0.498702979216464,0.000378388068045814,0.00172278302178563
"MAP3K3",26.4292332246917,1.54581396680225,0.429928784249779,0.000103263023910676,0.000538356528132727
"L1CAM",57.5274364387544,3.16887505317616,0.349667911712914,2.29274257572682e-20,5.25578862874255e-19
"RASGEF1A",6.53537697553823,2.07040476639233,0.955519592149267,0.00490615890796222,0.0164572175327853
"RPL39",34.9655332984286,-1.27388637293036,0.383257438172158,0.000345269520774049,0.00158665314241821
"KIAA0753",106.280006764014,2.89858703437786,0.314327481171027,7.04901981810548e-21,1.67141707027243e-19
"APRT",87.8966431734856,-1.8643727661931,0.232728199622505,2.60433462703086e-16,4.83712218748665e-15
"GPRASP1",8.96419265799535,2.94780255845606,1.13229750801565,0.00218716288915853,0.00811148827476155
"TBKBP1",48.5421602866243,1.75019627617326,0.36254165561802,3.82132749964582e-07,3.06594880785537e-06
"CCDC167",53.4824630615945,-2.29142945413642,0.452373158830786,6.24401055877677e-08,5.62083142277361e-07
"MT-CO3",17391.5927160881,-0.856660795286721,0.0434387535082706,8.90321524824727e-87,9.67435987604821e-85
"MFAP3L",7.43187358433192,-2.01016216318763,0.791412129565132,0.00184608466423116,0.00702010701746761
"INF2",32.5759199408883,1.60624706647163,0.371098284334827,4.4825796168771e-06,3.02936330621469e-05
"RAET1G",62.2452884978432,-4.8061709345587,0.502491908120525,1.11800917561353e-22,2.92206943626264e-21
"CENPW",15.8831622157724,-2.96090802982209,0.64433328407292,5.05620712796274e-07,3.98035700889251e-06
"LOR",12.916649372693,-2.89563810338875,0.874727643592847,0.000128335071966412,0.000652310863033698
"PRR9",169.069606896877,-2.53261841045148,0.236937780196612,1.6971005519817e-27,5.48477461764578e-26
"SPRR2E",444.794386394615,-0.994627283242475,0.183458528583107,3.32811323066082e-08,3.1011453465982e-07
"ADAMTSL4-AS1",21.296818598587,4.61755917996521,2.18095204441939,0.000147470796722042,0.00073896041930435
"HIST2H2BF",14.7080187122157,2.14628886733015,0.940427299527485,0.00565086887067053,0.0185012449974216
"PNLIPRP3",93.942591718543,-2.86094888811465,0.252858765475235,1.50912712960785e-30,5.42342562202821e-29
"SNHG5",37.1688554163251,-0.81517182017632,0.343866652565213,0.011391548859033,0.0334546444466175
"GDI1",274.204562034214,1.68008201701504,0.175023623913177,2.55069883474935e-22,6.60406077289701e-21
"LIME1",26.7416318377717,1.22247123526271,0.479817898596418,0.00455430491512701,0.0154036396468319
"LIPN",8.21601930608717,-2.3896433819305,0.901403293418864,0.00102473087424455,0.00417024065602322
"LIPK",8.91463956179188,-2.71386997730893,1.10556974356764,0.00124290958022044,0.00495726942400059
"RPA4",3.3655087939262,2.86462883783354,4.14741984732037,0.011403881300256,0.0334766138999219
"MAFB",54.932656043,-1.06413374270889,0.300525777721675,0.000204046203882452,0.000991841357371553
"ZDHHC18",71.3677347126563,0.900160162943178,0.240461550685902,0.000114281341836292,0.000588683283815166
"MACO1",43.0630697866591,1.69143392016231,0.365282776294387,1.01161692840356e-06,7.5953828139114e-06
"ZDBF2",8.39926904324852,1.62173912682328,0.786200720811172,0.00965169436711983,0.0290244894892686
"PFDN6",33.0735761310671,-1.29745916919729,0.351766900419758,8.71361295334198e-05,0.000462491764446613
"HSD17B8",15.6988970610765,-1.74201837423745,0.614606992367131,0.000996410799689775,0.00406097726985201
"BRD2",402.926594729754,1.61557443539613,0.131252081703263,2.38115725720537e-35,1.01733653713418e-33
"COL5A2",3.93112807794226,-2.67327663120849,1.2912971730455,0.00364378428516547,0.0127076631628212
"TAP2",35.3466240076388,-0.928911039754319,0.334178801393852,0.0031355145629438,0.0111463423412222
"NBDY",32.8053881915008,-2.53886441566873,0.373759256061023,1.63258995400422e-12,2.29427101479208e-11
"TNRC6C-AS1",9.82175355745516,3.36751518928182,1.02317161504289,0.000189900423191445,0.000930619971605804
"PBX2",137.06348833022,1.13013450549984,0.210779818855574,4.27664499802056e-08,3.92404926680078e-07
"AGER",69.6448084767017,2.00077550527155,0.437306063840277,1.29355422402028e-06,9.54091303660068e-06
"FKBPL",23.6176244524732,-1.73056854464727,0.423019559328515,1.06186689416822e-05,6.71574845990897e-05
"SMIM5",2.96210312495022,-2.58772503248046,1.55769203017947,0.0100158184551775,0.0299658340251759
"DXO",34.9456721324706,0.861903040093921,0.388908875979877,0.0165042632349095,0.0455517665283503
"NELFE",53.1851436668033,-1.3688767996576,0.27269607640824,1.92914308398818e-07,1.62826755712764e-06
"SPANXN5",3.15515877177342,3.1926861377608,4.82659787742211,0.00957968663167574,0.0288708616547554
"SDHD",43.0797424774353,-1.07323840451331,0.324530615532127,0.000469430862071101,0.00209065060591717
"SLC44A4",22.99871452905,4.30610804058598,0.882013762258995,5.02895202207161e-07,3.96342306708099e-06
"NEU1",105.525054180688,0.818202873174992,0.227189270904661,0.000215068316556267,0.00103701703999877
"HSPA1B",2496.41853797783,3.96279658324059,0.109055442911396,9.22915364917955e-290,6.06487239803227e-287
"HSPA1A",5647.09686098531,4.24863392903473,0.0775785649353189,0,0
"HSPA1L",44.3123510540769,3.75796465043995,0.768376051106578,4.11245353963903e-07,3.28805671187825e-06
"LSM2",39.7455783194228,-1.01373159612045,0.352609820504006,0.00210204264686911,0.00783369930510227
"VWA7",8.15202843918515,2.77732336545957,1.0418949999554,0.00138791046634692,0.00546764614204611
"LY6G6C",219.350828609776,-2.83437454364879,0.183505778717375,1.22992665658769e-54,8.00612634948592e-53
"BAG6",186.396658384381,0.414529314992273,0.170399168787039,0.0135066844857441,0.0385985185138266
"PRRC2A",327.630729195665,0.551318987705041,0.156853476658305,0.000366568906256873,0.00167228129135367
"NFKBIL1",49.3797919446399,0.983039469147002,0.346429501150104,0.00251557557137678,0.00918627755623169
"MICB",46.2575554172594,3.27027635118677,0.445004651471114,3.82691900216531e-14,6.20581459810591e-13
"MICA",51.9264524907553,1.09784495687514,0.307203038721671,0.000176376307296439,0.000870838297206033
"ZNF805",7.79796030914415,1.4635017777882,0.779525240230179,0.017012721116807,0.0466472385082331
"HLA-C",252.068612557345,-0.92160120397518,0.153058193380262,1.06792452419233e-09,1.17993262080497e-08
"PSORS1C2",6.95177967313018,-2.34727619255743,1.05861428828475,0.00350601963304483,0.0122924468841511
"CDSN",311.43007545771,-1.46198601915382,0.161063139994396,3.94393534245472e-20,8.8931875369077e-19
"MRPS18B",57.4235184348622,-0.959906372149769,0.267252199561994,0.000186162974018654,0.000913927086964576
"PPP1R10",233.033767479986,2.0015472751283,0.187121862695715,2.84878317188184e-27,9.14260645859753e-26
"GNL1",57.6372588111229,0.855886290527227,0.302131342428479,0.00297432495318627,0.0106473889374761
"HLA-E",332.226955568377,-1.13248906705613,0.122205397937345,9.63918185153977e-21,2.26611089525126e-19
"RNF39",92.2756190376233,-0.937999504442334,0.243860030985833,7.09562036347192e-05,0.000383697339404046
"RACK1",347.868045831147,-1.58833695049325,0.112491431360566,9.08316271220038e-46,4.95445238847293e-44
"HLA-G",85.0198120464142,0.802544689590973,0.323701030982284,0.00883670832348218,0.0270151915959358
"HLA-F",57.3169240091864,1.87902997734675,0.447753303160516,7.81996102175746e-06,5.08076563560513e-05
"AKT1S1",256.360635391843,0.790086818679314,0.206405011395494,9.08075509546356e-05,0.000480315907694125
"GABBR1",43.7848946075536,1.98836716675741,0.356987030839229,6.11908330596012e-09,6.3206100016654e-08
"TRIM27",20.6861087169169,1.36086938840997,0.450009095861643,0.000905392105654363,0.00373413360969223
"ATXN2",27.8145117166342,1.29281088677145,0.442422268798627,0.00140072699988736,0.00551498790255222
"ZBTB48",20.8825986691099,1.12957713102986,0.510863902169563,0.012127084446505,0.0352472125867248
"IGFL2",38.4853746040866,-3.93334723964447,0.433751091057594,1.66296046495307e-20,3.85047892891818e-19
"ZNF155",30.1341090357494,1.67683564154749,0.443750530992953,4.52455723402592e-05,0.000255373782533979
"UQCC3",14.1795326678887,-1.40890668238458,0.539589286270241,0.00282581958447324,0.0101818042469271
"ZNF783",17.6513741528171,2.05424172490844,0.576868465650565,7.91270370475531e-05,0.000423237640021796
"SLFN12L",2.13527307120367,2.85861818832873,3.20938369357174,0.0120084449649426,0.0349465500877705
"LGALS7",218.261690107631,-2.49994638091401,0.178409880680528,1.94266780562195e-45,1.05132610657188e-43
"FAM71F2",9.76986935002395,2.16540200059649,1.12744733551962,0.0128238272586373,0.0369300534576785
"PSENEN",63.9931196795039,-1.09695273159045,0.28031949445691,4.50304908011567e-05,0.000254263818762669
"ZBTB10",17.799825454289,3.68382604644035,0.903471401370972,1.52914476903438e-05,9.43714039952443e-05
"LGR4",17.1103164983024,-1.94785708156202,0.498445170402375,1.87535376590283e-05,0.000113757722942677
"E2F4",130.576238266969,1.46599264316531,0.214061228553052,2.72266243502272e-12,3.75352063969166e-11
"SAP25",17.3115707777732,1.8473873257552,0.804942427807475,0.00547955820009499,0.0180429260704631
"ADGRG1",99.4176786175221,-2.18575501862239,0.223670576605779,2.82994616131747e-23,7.56846066398859e-22
"MT1H",188.227235848633,-1.76915620124563,0.212905084977985,2.58775060407637e-17,5.1161831427298e-16
"MT1M",7.89302027965654,-2.05688931782819,1.31675047945266,0.0119610712427852,0.0348271872568671
"SAMD9",25.8245562392825,-1.63009454311028,0.413545582908338,2.17398838223769e-05,0.000131008906877206
"KRT6A",9973.72342913422,-5.35179635555954,0.077146977343825,0,0
"CALML3-AS1",6.48115210332563,-2.11141324617455,0.857544823708996,0.00208531527191922,0.00777976500472701
"RGL3",3.20269505128978,4.08558844240214,2.56819378358429,0.00228393975576751,0.00843413664158191
"TMSB4X",674.12649890857,-1.50082038322868,0.0916340240375087,9.34985263159875e-61,6.89989124684827e-59
"TMEM256",59.9186821076211,-2.76373009002926,0.329145756782768,6.16373472872313e-18,1.2527178093723e-16
"CPT1B",51.1062513368436,2.25737808234993,0.366812954255549,1.61700856070478e-10,1.9137837167861e-09
"ITPRIPL2",14.1849454733479,1.87001231204162,0.572496705600642,0.000242257398513418,0.00115520114011236
"C5orf51",73.7741783735223,0.663013925560405,0.245311236444204,0.00526857763291028,0.0174355806556743
"RFPL3S",14.6318540145556,3.22469991820078,2.1008097587512,0.00305432947939123,0.0109083195692544
"C1RL-AS1",16.7356863455032,2.72960780733309,0.627928380569933,2.47645727450426e-06,1.74362808102851e-05
"AC108134.1",58.7705635380866,8.36228983607269,2.42718217593492,7.12464078926209e-11,8.69319565798557e-10
"ZNF316",44.1591671476073,1.82375175406018,0.361200801940514,1.19401754229324e-07,1.0337165673555e-06
"RNPS1",77.9872327736455,0.780209829317542,0.263026555177374,0.002092486739499,0.00780230127130134
"NYNRIN",13.534061403336,-2.96369196768104,0.618286380113275,2.00614790127313e-07,1.68913002059605e-06
"SERPINB4",31.4748505634479,-4.31846705389048,0.519199824456432,1.37146752988819e-17,2.74691609759899e-16
"SERPINB5",896.758052288041,-1.82993522010886,0.100750667556688,2.52618120530978e-74,2.32408670888499e-72
"HCG27",9.96789574677466,4.92643340076428,2.32967499005882,0.000172629858708289,0.000853868118342077
"HLA-A",915.956994117119,-1.29519792617641,0.10449517311533,1.12009534959817e-35,4.83041119514211e-34
"HACD2",60.8747413880934,-1.19531987995872,0.253802806931014,1.12881476657635e-06,8.40218111043884e-06
"THUMPD3-AS1",26.1524255861699,1.57732925193758,0.460358285642888,0.000190293923684232,0.000931886496395459
"GPX3",70.1247302472006,-3.8922913439503,0.330322728472417,5.24668630139436e-33,2.08657841381101e-31
"DIO2",12.905657115719,2.05555743761334,1.09386834841987,0.0153826290955885,0.0429978289485764
"MT-ND4L",8141.90263591263,-0.221872994185737,0.0574133000292788,0.000107030095200565,0.000556105163316191
"ZNF611",11.6285836854756,1.72285277270915,0.762252233598387,0.00593340125644378,0.019298390077661
"DENND1B",27.4395731852437,1.18025137516803,0.480346766650401,0.00624658891534276,0.0201435914606934
"SCAF8",76.7989821903428,0.981169063397325,0.278514172860012,0.000246688086342926,0.00117389503156289
"ZNF254",15.3243700525474,1.98927338793173,0.604036858975422,0.000215798330712368,0.00103981039239898
"MLLT11",18.2175070351987,-1.46122658188114,0.479473923616624,0.000703967139385383,0.00299560484844844
"ASIC3",26.0257551610075,3.30434761654926,0.763373670317683,3.54772694606804e-06,2.44060976349646e-05
"SUPT4H1",69.4185603266737,-0.797891158675075,0.276638625275969,0.00262527236878329,0.00954758984948148
"NRAS",72.5636500072646,0.74354889285779,0.245767762747897,0.00178489499575455,0.00681747881024434
"QTRT1",48.0293026862648,0.955498158724269,0.341353389055195,0.00293176283585441,0.0105066075982561
"CHUK",59.1667600938922,1.33946865856041,0.302027140421221,3.78019383552868e-06,2.58634977344054e-05
"LCAT",58.1836875276236,2.8297726456148,0.420390240192493,3.66573638696992e-12,4.99873143677716e-11
"SIPA1",11.970176313623,2.3818480470222,0.674616435028806,6.79516594103431e-05,0.000368460864386144
"ERV3-1",16.7897411462421,-1.32779288613353,0.498115393122033,0.0027242747550367,0.00986486266583744
"ARL2",42.6062045491653,-1.9147854385549,0.323648054171261,7.29465014297075e-10,8.21764669167317e-09
"VDAC1",169.713990684593,-0.84332856397402,0.151855796979968,1.84686651382682e-08,1.79610696904934e-07
"TMX2",124.06057550734,-0.979452369204796,0.186673663191717,8.95629768689384e-08,7.90767166213275e-07
"NDUFS3",32.0097241293311,-1.15622553539256,0.378439247821055,0.00100079236149647,0.00407763052514062
"LBH",18.351525108504,1.78508677870914,0.930927111639476,0.015269216286368,0.0427154236269771
"ATF6B",54.3351105525992,-1.24681295084476,0.278457744807006,3.19653844959039e-06,2.21604802988081e-05
"CLIC1",953.534275557455,0.690312967958238,0.0749656855740931,3.0067713543608e-20,6.83582284846443e-19
"DDAH2",126.928649554444,1.29159677346234,0.300085756791001,7.40485611295325e-06,4.8384003010774e-05
"RPS29",53.8106978555844,-1.49238144110945,0.272340179897122,1.38579142720521e-08,1.36794861912961e-07
"GTF2H4",74.1790578866492,1.15054446337991,0.310797473150023,0.000103940187111136,0.000541477758449858
"DDX47",34.3393374261629,1.85259452965276,0.872993170894175,0.0106344331036237,0.0315399047560729
"ZNF888",9.79551724830385,1.66432580922587,0.741490235628251,0.00610095109177929,0.0197451043777097
"KCTD11",110.539519040063,1.52146942432473,0.203957770436743,2.96259046035875e-14,4.83259436796108e-13
"LTB4R",19.8538942197143,-1.80436813374204,0.475644119757353,3.40368584588012e-05,0.000196120520555932
"LTB4R2",8.50598582034262,-1.63746285975175,0.729348402074438,0.00572016327628064,0.0186836102278515
"CSNK1E",196.530983781558,1.59298796077287,0.180730327871902,4.06510947552779e-19,8.83589754296518e-18
"TAX1BP3",177.583470348595,-2.0680237002671,0.203309467088068,5.23171279147287e-25,1.49477508327796e-23
"AP1G2",95.2826333233311,0.699177435682192,0.219162534638101,0.00105723401099168,0.00428608382834464
"TTLL3",23.52399016574,1.51752957620556,0.541176848030434,0.00164499176688051,0.00635167498123978
"REPIN1",58.1164250987228,1.14039327626487,0.27985104128956,2.26063816128051e-05,0.000135638289676831
"UCA1",15.8046548564427,1.47139840471746,0.706382442992489,0.0114861736737147,0.0336752064366395
"CPNE1",190.09553864721,0.83840218434546,0.162246874489864,1.59435479181207e-07,1.35480887481567e-06
"MYCBP",20.5122647398455,-5.17408218319335,0.779550515799308,6.05316303119849e-12,8.13375363491131e-11
"ALG3",22.2305637722229,-1.04497074862748,0.42151878322097,0.00643121088768506,0.0206493043857733
"SMIM30",60.1377017850809,-0.743188332869558,0.248620185461614,0.00199806325844515,0.00749477384249607
"C17orf67",17.5170727988946,3.14295262159246,1.0593735676659,0.000956903356326035,0.00392353669720371
"FIS1",115.715234665353,-1.33186635896558,0.202817579044409,2.01500317559726e-11,2.57472627992983e-10
"STARD10",49.1095626316803,-0.99863038377463,0.29899724030658,0.000457930372704167,0.00204578800366381
"MEG3",42.800843328312,7.77651660481582,2.38957795757844,1.07345508737187e-09,1.18509441645855e-08
"CPEB1",2.98406850135009,3.51602159928204,2.57452543132119,0.00483669955691953,0.0162597938819707
"ZSWIM8",172.955696472459,0.882646795354725,0.202832800313005,8.7614486859934e-06,5.63148541531015e-05
"IFRD2",43.5384517677866,-0.993774003637719,0.314820907062316,0.000865078807949828,0.00358863883576919
"TOMM6",356.584044406231,-1.95678567727412,0.173113665591095,2.67986598534388e-30,9.48260271737067e-29
"ARHGEF28",9.71473926842487,-1.24416242901915,0.612092026310631,0.0149140539595271,0.041925839201767
"PHB2",100.01670643559,-1.34387534447757,0.222968910906833,6.45111497375577e-10,7.30314902689333e-09
"GOLGA8B",26.0796631658507,2.42548657287318,0.532878761893579,1.13029025885528e-06,8.4086283408102e-06
"DDX3X",228.814912176166,0.529990283234174,0.163757168342501,0.00103307096051706,0.00420046530793619
"MYL5",8.48973003594006,1.96329501448959,0.829944039661121,0.00349505623524221,0.0122571222481175
"NPEPL1",19.2155147367289,1.78895830183876,0.48866279436705,6.27266507684854e-05,0.000343775925577879
"AATBC",5.16567931734714,-3.50309013504813,1.17259207359726,0.000269186141610052,0.00126870517562115
"TSTD1",92.85359621805,-1.85595089999354,0.25359981784417,5.8505508575027e-14,9.37287006041065e-13
"RPTN",7.82056090787143,-3.35423726420439,0.92506844187024,3.83932954164397e-05,0.000219027481085931
"IFI30",16.4656592199228,-2.99416254246713,0.592619680111841,5.87024519808654e-08,5.29819383476745e-07
"FNIP1",93.0503722730755,1.85848358666406,0.273796247635865,3.200500081709e-12,4.39471653010788e-11
"RNASEK",225.103801266033,-0.461611492574266,0.1475150019988,0.00151701068523845,0.00591544149655003
"ZGLP1",18.8202053345998,2.11299421544989,0.777456471431093,0.00161085384843718,0.00623731288115406
"VAMP2",203.401273947096,0.877814402347133,0.198259813934725,6.25608423986714e-06,4.13476831945242e-05
"PPP3R1",68.8695542565163,0.776219258968915,0.248308029551412,0.00122379994348916,0.00488953075279397
"CEBPD",73.6728484354389,-1.30204175433807,0.282338120821796,1.57840649740986e-06,1.14581849890879e-05
"PPP2R2A",94.0569999781828,0.733125908139783,0.221165200403716,0.000668617687812016,0.002864614744429
"FADS3",75.3402033290542,5.06465119066796,0.497121476071689,1.53495971182297e-24,4.27928162083978e-23
"CCNL2",221.822187778711,1.69235113956258,0.169948573998196,7.5774784055775e-24,2.0625089151276e-22
"UBA52",171.437097750442,-2.29184847768295,0.164115044823978,4.58047580293834e-45,2.45955510041047e-43
"PPT2",35.1624393602306,-1.7866740193591,0.357664957016719,1.42594739932651e-07,1.220724200416e-06
"CYTOR",8.88377624763753,1.95869640501078,1.00237835913985,0.0114857087925325,0.0336752064366395
"MEG9",40.6356760975165,5.97871759358107,2.23332919832357,1.44644223879667e-06,1.05837236985122e-05
"AL441992.1",2.43699555046219,-0.695777861487032,1.39593342324541,0.0145956521089491,0.0411817622374765
"EXOSC6",34.0506393765976,2.1454380566087,0.414145178285209,4.81631535769338e-08,4.38424485067075e-07
"VPS52",37.9695906738591,-1.24065647204866,0.342765632202376,0.000122618251964772,0.000625557071021756
"ZNF844",28.7008761067574,1.96234920945089,0.560410529476012,0.000121306431256855,0.000619781100090557
"CKMT1A",9.12202739363586,-3.02591707067399,0.76285068166462,8.28410615623918e-06,5.37221169906488e-05
"TINCR",33.0752061259891,-1.71098264151881,0.371467980554002,1.07234163100401e-06,8.0120814877398e-06
"LINC00571",5.05167165644098,2.01345600269355,1.21373145387088,0.0149987472318785,0.0421021749265864
"LINC00205",29.9034399165751,3.20713518188384,0.558840638036139,1.87770303389191e-09,2.02598138136891e-08
"CPTP",32.8126558936534,-1.05519405305597,0.395020261737574,0.00369940230761889,0.0128755994565298
"AL391427.1",14.4164479656078,6.32340394562031,1.52669292206034,1.40805412554405e-06,1.03247326952752e-05
"LINC01133",8.77595551697748,-3.127452001794,0.854939101060834,2.67749845920885e-05,0.000157971264374015
"ATXN1L",92.7335888490451,0.706982863030152,0.234760556077448,0.00193327669317963,0.00729737920292092
"AL451042.1",18.7284814071365,5.09859943841879,1.13752515109381,2.88925016160154e-06,2.01677553010123e-05
"SH3BP5-AS1",22.7502369670712,1.55366196123167,0.545709547298097,0.00136109941663497,0.00537276085513803
"NDUFAF8",28.3897940781383,-1.93607998943383,0.409385196531871,4.71014176686654e-07,3.73134077972206e-06
"INE1",99.2917494531179,3.51054082100245,0.523392444221061,7.14821038591808e-12,9.52174742525768e-11
"AL512363.1",6.83186829447021,-2.83464338264119,1.02390419252228,0.000528317555398513,0.00232635043538592
"AL603832.1",10.4911925846954,2.54923790423497,1.43048562561516,0.00783130852473211,0.0244219333672842
"AL590617.2",10.8963860344509,1.69978056215033,0.669536163052562,0.00258361103758373,0.00940982642350368
"NCBP2-AS1",8.09069586445375,3.62112727771202,2.28027558813105,0.00237519498093228,0.00873140403219645
"MCRIP1",24.6466144895453,1.58200345829875,0.466913820036167,0.000205074563964842,0.000995787819392969
"SLC26A6",39.2916564340191,1.37179686451982,0.457713129485418,0.00105064162850922,0.00426562355793681
"FAM229A",30.6429577961948,2.03273268262846,0.662574067685819,0.000569435212559004,0.00248520111743019
"LINC00115",8.64071206159048,2.80055788699661,1.08354987491035,0.00157874813871214,0.00612502792078369
"LINC02660",8.09279264395651,-4.72032974072647,1.10150244873898,2.94088850662758e-06,2.04867548669665e-05
"LINC00685",31.5918393080092,2.35866124041923,0.611584412881713,2.37290238694975e-05,0.00014175780493466
"AC016831.1",7.34166706542593,6.30455665316936,2.44003869702618,4.99970051891657e-06,3.355830114837e-05
"PARD3-AS1",15.3097874696091,2.71957421012294,1.3660077320707,0.00360646682365311,0.0125934317222705
"SLC16A1-AS1",4.04979371305881,1.95082519406343,1.18254555455965,0.0164861310940022,0.0455199297913626
"TMEM185B",40.4615599938944,1.41237315589243,0.395341324281742,0.000133505720034029,0.000676102362007192
"HSBP1L1",76.5898728414043,1.04955079172006,0.245038846517768,1.00548750377426e-05,6.39139914881841e-05
"DANCR",52.0760638996386,0.832547546218006,0.304877012662446,0.00412415584090472,0.014146992444565
"SCAMP4",15.5946071072006,-1.20797649061188,0.516201483379865,0.00759416217028684,0.0238072326101677
"SLC2A1-AS1",14.5232869371501,2.38257055741822,0.670322339752303,6.7939357010081e-05,0.000368460864386144
"LINC01068",11.6400833585027,2.86666442893049,1.20191357665571,0.00327169182850277,0.0115737880628911
"AC016596.1",5.70761394814107,2.75770048312073,2.25601432592236,0.00876509407062029,0.0268497887179933
"AC007383.2",23.7729066697213,1.28193169183518,0.541817277303582,0.00665329984078076,0.0212845417585846
"AL451042.2",15.7637065531349,4.86829939897197,1.06172412738319,2.67051193729926e-06,1.87071394592537e-05
"IL6R-AS1",30.3064114968693,9.04128758798554,2.54430760244247,8.78799832561966e-12,1.16163196258191e-10
"MELTF-AS1",12.5717266461549,2.95164442562779,0.823070152360011,5.20970090852855e-05,0.000290128850496344
"AC093495.1",6.58748919504079,3.51509743175285,2.26696691273331,0.00276565320080791,0.00998587497936923
"MT-ATP8",4348.8775034144,-0.323573284658235,0.0642941355794834,4.69244592012784e-07,3.72159504010139e-06
"LINC01004",31.7513655400223,2.86287605207806,0.727082917865591,1.73134513626396e-05,0.000105625830594353
"AL139260.1",12.2500931416902,3.06986032549545,0.941945400711687,0.000186076262459115,0.00091382819279494
"OST4",394.977098235389,-2.52527830118684,0.182551035349033,2.36777547619298e-44,1.26159465526885e-42
"BX284668.2",9.29846390628654,3.60976273486186,2.19305503596262,0.00188070576535596,0.00713602957435035
"FNDC10",4.43040475605002,-2.16552846606888,1.19903723787462,0.00792294383788551,0.0246642510631221
"AC008781.1",3.79687466908185,2.38163617531424,2.67706847395274,0.0162583771198023,0.0450282855677742
"BACH1-IT2",12.5633306773836,3.52182465648712,1.43119405127689,0.001182806566983,0.00473671811502187
"RPL41",200.822252056621,-1.12325973377538,0.156027401372792,2.99494966350774e-13,4.53680629598319e-12
"VIM-AS1",4.53273499439562,5.19746876061386,2.50657711873809,0.000250392816986925,0.00118947362286388
"HYI-AS1",16.3176234783357,4.32520119421748,2.31986329901249,0.000709501342143227,0.00301543533156037
"LINC00452",14.7911270473712,4.26432685940868,2.16536569496349,0.000364359180834545,0.00166440142188571
"PET100",23.8124270852935,-1.42950733161877,0.520605146940125,0.00184712449738169,0.00702212618839319
"AL021707.3",25.1300799743289,1.93412754347188,0.91819875233603,0.00969196745006299,0.0291202157219397
"LINC01786",10.9913804989604,4.06823649902462,1.38857742760942,0.000277837522685677,0.00130635700615412
"AC091133.1",55.320758187037,2.75040493801538,0.717866794568474,2.79643944628229e-05,0.00016414659446489
"ZNF341-AS1",8.87625218156551,2.24321530546197,2.67697337991397,0.0177647004198498,0.0483345555587395
"ZNF674-AS1",12.7940460875434,2.40271031247836,0.785896800167649,0.000427088870266718,0.00192482900381473
"MIR205HG",51.0373577730375,-4.72752627357793,0.410522159005773,1.94903836122416e-31,7.34883316527143e-30
"LINC02541",7.34091804267767,-3.3203836387242,1.03875972152158,0.000146004607726389,0.000732677667863333
"HSBP1",39.9382474657099,-0.743867000591038,0.299399058714563,0.00899699257454182,0.0274383419952878
"LNCAROD",3.15969764374168,-2.98214970525276,1.53200252584511,0.00521603737606703,0.0172907316333714
"APCDD1L-DT",38.5808579427547,3.35686408634551,0.563687159143226,6.92405559095886e-10,7.81930991450345e-09
"LINC01160",3.90527777521306,3.55045117881505,2.53200397504521,0.00434213571027705,0.0148137139188686
"RPS18",940.586299586406,-2.96101735500345,0.0899122223435016,9.22006156027439e-239,4.24122831772622e-236
"LUARIS",49.1203536399747,2.95638769740134,0.754057134370077,3.17731354331421e-05,0.000184618639569415
"AL136454.1",9.26983770410614,-2.57132575804547,1.14639042462998,0.00213833374348208,0.00794962436962628
"AL159166.1",3.02274233188376,-2.79467572025542,1.88219310245281,0.00851104038692281,0.0261862927004739
"LINC01819",4.16561868114709,-3.49035619638397,1.50614487151564,0.0020719811604274,0.00773629329380361
"KF459542.1",8.97168541027866,4.1121292377025,1.44717521888572,0.000337966895548082,0.00155568484274968
"LINC02818",58.9279597751516,3.9526344619225,1.05338478600137,7.34485661880635e-05,0.000395779075906004
"LINC01807",7.63462335707647,7.08610833866332,2.5784082671378,1.35444674137635e-06,9.9595628076271e-06
"TMA7",163.737048222854,-0.921025979716504,0.188837923064648,6.54457637641884e-07,5.05683952937178e-06
"AC093673.1",53.8416303215695,3.54999976927491,0.476763183972279,1.54379378318694e-14,2.57921963776995e-13
"AL355304.1",2.76698069839755,2.6372404001672,2.58978163865676,0.0127814976885336,0.0368312107124168
"IDI2-AS1",12.1313187893446,4.80687374035164,2.24208900274505,0.000129879149790601,0.00065967326724707
"LMLN-AS1",14.4606589167826,2.58038534007688,2.0594583032818,0.0089569064431607,0.0273281691168732
"LINC00342",9.79361663966173,2.88000021141855,0.915911968150547,0.000305631419745082,0.00142154148718643
"SNHG7",44.9986086274081,1.2256105280891,0.368257521585873,0.000390912841428647,0.00177512247835318
"ERVH48-1",11.4138296352297,2.99615388350974,2.116692382803,0.00485286293998632,0.0162979916066247
"AC079807.1",7.25556967193397,3.04481924168788,1.26895918031295,0.00269301966642749,0.00976962970470541
"LINC01783",8.21935911446859,2.35538408249436,2.14742348590084,0.0139148615504517,0.0395194668442547
"HOTAIRM1",189.534350341834,1.89831327034509,0.186791193013176,8.32606912273285e-25,2.3545031535597e-23
"AL445524.1",12.3058279365795,-1.41378287326256,0.564716022410941,0.00376906441814865,0.0130883464948292
"LINC00513",6.33076334116027,3.70768120915073,1.48266063873096,0.000972358202583864,0.00398058237782774
"LINC01503",5.36999558354793,-3.90226310358284,1.15418348505093,9.43458671348082e-05,0.000495881791923506
"RPS28",326.272977066532,-2.39916829587269,0.128269154700737,8.28342343838242e-79,8.1650888178341e-77
"KRTAP5-AS1",24.4901575181119,2.6837381470742,1.99834806657373,0.0067409022102051,0.0215234730450788
"AC008443.1",11.0781494441415,2.51150008536712,0.800066809187525,0.000304670049239227,0.00141754776786964
"UQCRHL",7.77317309365743,-1.64095839752296,0.750205973511158,0.00633803236628831,0.0203921657743533
"LINC01191",14.2562725434392,2.64069151472123,1.36098880139692,0.00589328204917793,0.0191764424142078
"MAGI2-AS3",3.67100048499453,3.30691930744387,2.41309109726631,0.00505648492397719,0.0168586089043092
"SLC25A25-AS1",3.98088819302168,2.03325442685286,1.20447311185347,0.014328472634894,0.040527346251596
"C11orf94",7.72473181494952,2.4924449024629,1.5347829688084,0.00975931701057034,0.0292843171876214
"AL021392.1",2.44125214963916,1.53019335150159,3.57622752026854,0.014675244889746,0.0413556012821104
"ZSCAN31",6.23328743108295,-1.56881714677969,0.8533380106639,0.014250425493625,0.0403231231929517
"AL360181.2",17.7507869467843,1.80290124899409,0.662198954916726,0.00145544721483103,0.00570439408255274
"LURAP1L-AS1",12.4338494356178,2.5558529338596,0.887379848416196,0.000812631402842595,0.00339108356795519
"AC073046.1",45.5973175679638,1.82933657186047,0.485807299573256,3.90435766431437e-05,0.000222461336777615
"AC019117.1",5.03877842251952,2.33601578772966,1.51310959293514,0.0122968268739172,0.0356654499495706
"AC003092.1",109.471185787143,7.63882685052001,2.33645549629461,1.06440085498433e-09,1.17698171464613e-08
"AL033384.1",4.5563016352823,-4.04580036963586,1.36200633590539,0.000403316073507302,0.0018272363146424
"AC007666.1",8.09112387569078,3.71167003029399,2.22696088210271,0.0017156220972084,0.00659119848036635
"AC092809.4",4.47736759807337,-6.97713224537958,2.97223775147661,3.80862949421989e-05,0.000217545889984414
"ZBTB40-IT1",44.0293810511093,7.00473199066543,2.35767127741143,8.16976345956516e-08,7.25033670366554e-07
"CKMT1B",9.50677481645115,-3.18970135689457,0.764765375532107,3.46529065053879e-06,2.38866188698478e-05
"RNF223",39.3737626629033,2.18665121995042,0.454726996172559,3.2090158960836e-07,2.6049658450561e-06
"FTCD-AS1",166.170865611509,7.01415020069358,2.27958930804071,1.72476397917237e-08,1.68687051116788e-07
"PITRM1-AS1",12.2746215649428,3.11919316330142,1.35129290415231,0.0021934244761335,0.00812815729609086
"RGL2",77.0461459320417,0.623132011031232,0.240548144008112,0.00757703442316501,0.0237643352362902
"WAKMAR2",10.3670471910853,-3.09464796366822,0.81463612382406,1.94596240155929e-05,0.000117730298735283
"C2orf74",15.9594341307151,-1.89799470635503,0.515491793379418,4.73844431037066e-05,0.000266465083468276
"AL109615.3",2.41670381444205,3.71709103424285,3.02618513701165,0.00593826776820979,0.0193091647505408
"AL356356.1",63.0935972872349,4.01880163591147,1.27204368763187,0.000157190275270642,0.000784813964810006
"AL357079.1",4.45224147018379,2.90348437310406,1.36428132761845,0.00454477407418668,0.0153833412371293
"LINC01589",10.9624931454272,1.78657717248878,0.931760200888772,0.0114570841891782,0.0336184907103252
"LINC00707",53.4179078320022,2.37234456964277,0.364100820099557,1.51965037568993e-11,1.96256352136339e-10
"TXNDC5",73.0920834757387,-1.20174173661556,0.234741098400528,1.37441273991193e-07,1.17806806278165e-06
"CASTOR1",17.2275820346014,-2.67624276776826,0.573289258280807,4.09662297832258e-07,3.27729838265806e-06
"RNF103",95.2393001587148,1.98073078078872,0.310017541363243,4.71513618195962e-11,5.84626049515208e-10
"ALKBH6",28.5261907914354,0.941399876687923,0.402303189181481,0.0107514488520262,0.031804929079949
"KMT2E-AS1",112.62081648462,2.34933817464646,0.341580286177358,1.24855455150785e-12,1.76899926188997e-11
"NME1",40.9629280347379,-1.48072529616453,0.332786857744467,2.77139772276612e-06,1.93745129555078e-05
"CDRT4",18.9370332414772,1.20916291645876,0.520636002635979,0.00840191740712024,0.0259272048788594
"GET4",33.1888547094423,2.81900406644661,0.642473323431327,2.84136823272432e-06,1.985361094258e-05
"LY6G5B",57.4159642655751,2.09168154508839,0.380992857796595,1.00750097056741e-08,1.01708217950478e-07
"PCDHGC3",10.6437264228742,-2.8317624471408,0.736513065443355,1.41869195227707e-05,8.79512531061256e-05
"AL139287.1",47.5551829513339,2.72951436367404,0.431008064295063,4.82455843582554e-11,5.97120236900381e-10
"MIF",505.087889008795,-1.95537081954455,0.121576290490455,7.31762310241114e-59,5.23229009395201e-57
"CRCP",72.273148416439,1.5971365312195,0.264628665998712,5.03029590088151e-10,5.74177695882256e-09
"RPL36A",103.084780096504,-2.43355968951133,0.230544048499733,7.69804346768651e-27,2.4309610950589e-25
"ATP5MF",88.3846659377072,-2.72360550896602,0.236649815374278,1.68240254551139e-31,6.36086441864579e-30
"ARHGAP8",26.8006371906001,0.915217481248149,0.399616003107739,0.0127754898320578,0.0368215872352543
"ARPC1A",247.500516621304,-0.776989282394644,0.144769164988425,5.62400907663918e-08,5.09260664420083e-07
"SPRR2A",69.759343942878,-4.05546753340733,0.448728772795125,1.43586104325949e-20,3.34710851300353e-19
"ATP5PO",79.6586909600961,-2.73603552734435,0.245292684493261,9.88449864432295e-30,3.45331851371283e-28
"C8orf58",29.0841605750928,1.49162441157163,0.412588939962243,0.000100523251955014,0.000525263489958043
"PISD",103.782739621878,1.35431483350558,0.249123314359814,2.22690624411734e-08,2.12806556424213e-07
"PI4KA",33.9469582874874,0.862748189824169,0.361141883823626,0.010519346967139,0.0312523117645894
"HYPK",8.50456797692563,2.89880734190129,2.17370070726028,0.00634460019099151,0.0204044471301987
"AMACR",3.94796445803811,-1.8168504457745,1.12393220446158,0.015286861954594,0.0427561197757189
"SNHG3",38.4455680386204,1.21084052143732,0.337128635204939,0.000146422975910215,0.000734243120480003
"ARFGAP3",63.6117261681764,1.22539166252515,0.281024753950123,5.77589297187937e-06,3.8394664263938e-05
"EIF6",392.941955686578,-1.3192922622887,0.117502218102391,1.18728984916859e-29,4.13752523195116e-28
"MRPL20",43.3416278241026,-1.16579415630206,0.295630074238223,3.66497040438997e-05,0.000210205888249098
"AP5Z1",95.2616850093123,2.09150643199044,0.309256178840918,3.40032583515827e-12,4.65520798860954e-11
"EIF4EBP3",51.7293483511252,-1.11326399893213,0.315675212267473,0.000203083005710348,0.000987507215927697
"PSG4",11.9560967271175,-2.7765527533026,0.697751745052328,9.48590580015445e-06,6.06605653577995e-05
"PRAF2",22.0473932990003,-1.06717994139855,0.513047767842616,0.0170502884149906,0.0467316743052373
"STMP1",21.6569782909511,-1.75552597581441,0.449754672992756,2.23538273313214e-05,0.000134181303685183
"KCTD7",24.3671843989849,3.17634053951234,0.595624399204637,2.09879262372809e-08,2.01835109459566e-07
"EFNA4",20.5919153037324,-1.0116064439007,0.472916416396889,0.0159349462654048,0.0443440730918705
"UPK3B",5.79939983052108,-3.81667262003321,1.16498171168152,0.000133923659702015,0.000677970104140796
"NME2",234.069569562951,-2.60590584879815,0.151750295800689,5.79470134629728e-67,4.87602918164039e-65
"PLA2G4B",78.2663456110762,-2.34629784916872,0.253959930012907,4.42542201183072e-21,1.0584198225869e-19
"NPIPB5",13.4389821306642,2.26914579256718,0.757412428129274,0.000584729841766476,0.00254230365985424
"TTC4",77.6733160291672,0.721236453577649,0.252414081938662,0.00311972675733465,0.0110959353740253
"JMJD7",19.1883704494815,-2.33432587785473,0.515231961169691,9.25161178045915e-07,6.97662527706755e-06
"ACY1",13.1866450112265,-2.28268201523402,0.586863650737865,1.58239336458903e-05,9.73563461048981e-05
"DDOST",134.958798245645,-1.9149432438454,0.197862979016164,8.5832566201697e-23,2.25188101441714e-21
"P2RY11",31.5822073436851,1.8212695001444,0.475684523711368,3.50757846843251e-05,0.000201769832698493
"TMEM141",56.4638691472074,-3.32302332942437,0.371411302546871,4.01868303438515e-20,9.04695365000245e-19
"DBNDD2",84.1501346402138,1.07559320494051,0.238926570456156,3.53888882183449e-06,2.43574392724768e-05
"ETV5",23.274174596807,2.90556593266384,0.546157751062504,1.86468464532258e-08,1.80960957141009e-07
"RBM12",119.648020687781,1.53453271475819,0.222729684176876,1.95154438882801e-12,2.7155047987035e-11
"AL021707.5",12.1327078965299,2.36532064984265,1.42048276636061,0.0106186564942607,0.0314998838393803
"APOBEC3C",39.9666109567472,-1.42829316703228,0.367914448765333,3.43740345807036e-05,0.000197815545126651
"ASPRV1",181.676031501681,-1.3408049714096,0.216253143964167,2.43319463620714e-10,2.83598699152521e-09
"UBE2V1",81.7999266668513,-0.672105445857118,0.215643744219021,0.00138577479611721,0.00546235138143887
"N4BP2L2",30.3407855976921,1.26091137489503,0.398583059442781,0.000651899063005021,0.00280255671946084
"AC008393.1",52.8223914840922,2.79547128562094,0.62692048714933,2.19803014858872e-06,1.55952781750768e-05
"LINC02709",19.5848057237623,1.92465073099603,0.836013793761458,0.00570051427994366,0.0186238392668614
"NEAT1",536.474098744092,2.71254769904724,0.120999030045052,4.55961263902707e-112,6.8394189585406e-110
"CEBPA",94.8846382166433,-2.46103748614423,0.23976229117442,1.61283069487949e-25,4.73554544453977e-24
"SNHG6",56.2672754502801,-2.32031585520153,0.326665336117427,2.01402714509647e-13,3.08474745863832e-12
"LINC01550",1.93742644483485,-4.04152437598272,3.79532792380801,0.00633930370811419,0.0203921657743533
"AL049543.1",8.14943542042755,4.04250674276342,2.26091983155534,0.000989284473559237,0.00403550864177283
"UBE2D3-AS1",28.9763866200947,1.46815207138638,0.527999565458662,0.00184349518772532,0.00701219227966082
"H2AFJ",58.8232432002461,-2.29518833375778,0.316772891114607,7.51546558375264e-14,1.19161862289655e-12
"SOCS2-AS1",3.79180869604203,4.30441850308469,2.47123095065217,0.00126143488901526,0.0050228595619928
"MIR210HG",22.5242952356224,1.69629400871585,0.49866877706118,0.000167726628320145,0.000832599809646761
"ZBED5-AS1",2.53815769013843,-2.60330721571594,1.89770681855459,0.0114505577231197,0.0336064858738946
"ZCCHC3",62.8493070135139,2.06134380598024,0.339282774680797,3.01612560076058e-10,3.49475510415584e-09
"OIP5-AS1",18.5661870658653,-0.956726489751548,0.432756027911159,0.014442258116342,0.0407906594362505
"BCKDHA",15.598040332016,-2.4254305661751,0.659071191622024,3.18308886412273e-05,0.000184876373421269
"LUCAT1",21.345298650392,8.64989454167596,2.52841549077281,6.807730569246e-11,8.32122957091186e-10
"BACH1-IT1",28.2447873067657,2.87749595317126,0.823087673330935,8.7856882953955e-05,0.000465779863528459
"ZNF436-AS1",16.1799100379036,2.13154757038399,0.705308702655581,0.000522404940551677,0.0023025193802661
"NOP14-AS1",24.526898160776,2.20512931029904,0.453303136764543,2.21299349357666e-07,1.84639118569274e-06
"AC126768.2",7.50383811932207,2.88323808420165,2.30788806595287,0.00776791740198778,0.0242692461280125
"MCPH1-AS1",3.34840999905756,3.88013954761947,2.48460549200464,0.00256396566506052,0.00934814430061697
"YJEFN3",51.4659712230088,2.79488677378359,0.527730892029592,2.80941290506999e-08,2.64640942593624e-07
"HOXC-AS2",1.98750740145035,3.06236853727803,2.93213639868339,0.00987219951414884,0.0295780185182922
"AC112722.1",13.176437468558,4.11588524093107,1.34122603576598,0.000187434786351215,0.000919843546104823
"CDK3",70.4415120596608,2.30422288201615,0.436958695429048,3.58539621922643e-08,3.31625119472686e-07
"SELENOP",7.60775538990564,-2.2225954221348,0.788369189989082,0.000674659493361787,0.00288781048647415
"LINC02381",10.2080445598288,1.75152046382395,0.780140810700851,0.00522119164258733,0.0173036610633298
"AC093866.1",4.53046451239218,-2.37930941233834,1.08068141334022,0.0034745961288688,0.0121977681451003
"SHANK3",18.4396142798178,2.87833374620831,0.640309051254948,1.27859514796482e-06,9.44067043441119e-06
"ZNF550",28.4108976570848,1.47555600547619,0.460189544988214,0.000464000780081527,0.0020712221274696
"AC007106.1",6.298046516779,2.94572095946546,2.27697551765447,0.00687912138580266,0.0218989331312749
"LINC01094",5.31855814135996,-2.37186483456488,1.10255299528908,0.0034059195447994,0.0119749527944539
"FOXD1",21.6443300371224,1.0521805622152,0.448645340083298,0.00943420306802004,0.028513360126736
"MALAT1",725.631368506046,1.44010158643204,0.176798573913041,1.38214972714845e-16,2.6092566668466e-15
"AC009812.1",3.65715015675574,3.69958535215188,2.52045858163228,0.00352390842085645,0.0123488918760333
"LINC01605",110.285933143681,1.90948313997517,0.246386157258092,2.28126400675465e-15,4.02061855596604e-14
"AC037459.2",45.8070809725703,2.31086065471763,0.570887230441996,1.36242559906924e-05,8.46150912113207e-05
"SHLD3",11.8862082473129,1.26046047662963,0.629391492902318,0.0162783093245066,0.045054285735698
"TMEM200B",4.17421882281413,2.5593976884625,1.24386707325596,0.00502828999731654,0.0167991195277785
"C1orf210",53.6529584494794,1.02255398499558,0.286201625326762,0.000193572512991625,0.000946598398045511
"TUG1",410.473851893715,1.85361440937516,0.140324768087394,2.28467532984979e-40,1.11408196296562e-38
"TRNP1",97.3167711452864,-1.09739230484136,0.234300442278742,1.39698880567994e-06,1.02544922970123e-05
"LINC02159",3.70866851758351,-3.03896702515315,1.61492269346508,0.00534224474910338,0.0176624287344577
"AC091185.1",61.9793686826359,2.24592743384225,0.517668524701268,3.04796115561054e-06,2.11898558929096e-05
"PRKDC",32.1945737326684,-1.46509326938913,0.344781136062205,7.03953112969343e-06,4.62454304184573e-05
"AC091182.2",80.7930415830958,0.840002582312578,0.299628878941951,0.00326060859881067,0.01154049722072
"AC100797.1",8.39684470339363,3.37717475800247,2.97197331686614,0.00717852978423644,0.0227002087585845
"AC091564.2",20.346256486427,3.07843343809499,1.37212428434663,0.00250464160330698,0.00915794152106793
"AP5B1",31.6683424396506,0.935527897593332,0.357052200542922,0.00510156129042758,0.0169724073789539
"AP002336.1",6.95155113060414,3.4801358915332,2.72075179297228,0.00566283073513099,0.0185314356520768
"AC105219.2",48.9064389204286,2.03948222322962,0.459636791140335,1.89085275264994e-06,1.35270958976512e-05
"AC080023.1",15.4814340801906,4.39695240435394,1.13111247187124,3.30357896001985e-05,0.000191391224384022
"AC105219.3",6.568944961825,3.32613979245598,3.41176238165283,0.00832669664534096,0.0257227120326278
"AP000911.1",11.5502904914218,5.77429909385233,2.34482910008574,1.33195181634447e-05,8.29839054878272e-05
"EEF1G",697.522567800248,-2.06122754350064,0.0891454737671723,5.87795423890598e-119,9.43206610429099e-117
"AP006284.1",26.7037277051883,3.77378648009589,0.61111140152532,1.33623235509084e-10,1.59792084057657e-09
"SLC22A18AS",4.75565944622233,-2.41247497895561,1.25094742403724,0.00688857983072309,0.0219239856236113
"MPV17L2",9.53878353316204,-2.9261967225005,0.756279557125311,1.36092110944074e-05,8.45597087360748e-05
"SCARNA9",6.36417498546087,3.6711647488388,1.79308101149654,0.00240166690894014,0.00881697348852726
"DPP3",28.5348524294494,-1.36822850983769,0.387954404729317,0.000149155404256379,0.000746047328284895
"BRK1",333.355236590774,-1.173641197874,0.164901228370077,5.19173202324376e-13,7.6873285322708e-12
"AC136475.3",225.536383001555,6.12151149056278,0.54558364721901,4.2131046279856e-29,1.45352109665503e-27
"AP002807.1",11.2791449733786,3.42915253669298,0.904287925307758,2.81598523935711e-05,0.000165153405453158
"EID3",23.1501792044243,5.92124812244584,1.04638678535673,1.69105176832968e-08,1.65624658644071e-07
"AP000941.1",5.94551667846186,3.27394648104066,2.31223208864811,0.00447888655238051,0.0152002616835554
"SNHG9",67.5296711411037,-1.09414885931655,0.311920368468503,0.000221913584834376,0.00106629786584763
"CARD17",2.36888742899239,-2.42710679694455,2.7514845216537,0.0131172603664867,0.037641545655545
"EID1",43.9282913370818,-0.876836262184901,0.325404353657713,0.00426172453665556,0.0145790279141911
"AP001922.5",14.2664800720432,3.19760635687625,2.32578834698536,0.0050546906765628,0.0168571124544627
"LINC02757",14.6504953326909,2.76519303287357,2.10343046153185,0.00700963680395411,0.0222733105905058
"HCAR3",3.64298574052154,-2.28348073035606,1.3487348164795,0.00916567149044335,0.0278788332748773
"EBLN2",18.5778253276871,2.56063612575248,0.88161480109578,0.000763549502359073,0.00321739942978785
"CARD18",27.2110042690098,-3.13998949671756,0.497059618377968,3.35442022962754e-11,4.21978114574841e-10
"AL356215.1",4.60356523392038,3.45077305796025,1.5498779615335,0.00196609652100031,0.00740101800049217
"CCND2-AS1",10.6526061886119,3.77570384479904,2.17757329776791,0.00126153849578747,0.0050228595619928
"ZNF432",69.9303805287201,2.62698030976644,0.371456704785965,3.43844813716804e-13,5.17454572441864e-12
"AC027290.1",9.18852243254096,2.20320752454235,2.80955589453585,0.0180713947985602,0.0490047648300512
"AP000763.3",34.3072371596694,1.6045054804713,0.869583802225444,0.0181531391057416,0.0491877713841024
"AL732437.1",6.09366174796938,-2.34020236710325,1.55471095067351,0.00931070301711847,0.0282204484156018
"POLG2",82.1454042654066,1.2477128951612,0.431279423209259,0.00176744241563026,0.00676579898354995
"CAPNS2",112.186267418654,-6.12238024105201,0.398568992648108,7.81436258807716e-54,4.99250943127152e-52
"MIR200CHG",103.117822635542,-1.67973559891478,0.452428111863653,4.99977687831608e-05,0.000279566130148954
"AP001453.2",19.9119681339649,1.50362114290145,0.489948556514392,0.000661318493338989,0.00283862992475211
"LSM14A",133.920611655341,0.495653602604214,0.175042078334874,0.00402662074458225,0.0138571985723778
"FNTB",11.469154696103,-2.01794454169755,0.627022775354515,0.000232181137720209,0.00111060648198922
"AC068888.2",7.63181686503343,5.31051085947751,2.41888348210744,0.000114531320057511,0.000589750827161812
"GALNT4",9.73240977710811,1.6823780051754,0.71561310507524,0.00441911402957968,0.0150502896367719
"LBX2-AS1",9.13383619439216,2.17285976710373,1.09436807554529,0.0083403161685768,0.0257543887058312
"CNPY2",33.3900611836656,-0.994967548079113,0.349761196271193,0.00238076550309554,0.0087472214969964
"ATXN2-AS",6.42329712447316,2.66168538534119,1.37674284359847,0.0071582830430683,0.0226569509161336
"C17orf49",34.7797645046702,-1.4596540680193,0.395388803426747,7.27611582088546e-05,0.000392279169787035
"LINC00641",144.563065011001,2.97401582882157,0.438332925650051,4.03376382077602e-12,5.47893117388869e-11
"AC005519.1",13.2440794657842,2.75632008191942,0.837225310869267,0.000181513543350994,0.000894283076845311
"TRIM34",6.07600115028065,-2.88367903489732,0.977087549195481,0.000332344386045875,0.00153338432879742
"HIF1A-AS3",12.3735971606037,5.00010266182992,2.36254013465951,0.000180859770196066,0.000891380295966325
"AL132711.1",25.1785523264811,5.40942364713838,2.36373650404131,6.26838073039749e-05,0.0003436776085796
"AL135999.1",14.862874275447,2.07880894148963,0.710818245358332,0.000726888428683099,0.00308173896031544
"LINC00520",56.4221718777589,-1.35666434738945,0.303435138406226,2.92876168540482e-06,2.0422896037689e-05
"MC1R",24.4116723218583,3.19350302973517,0.891056339143162,0.000107706921446997,0.000558990415934022
"CEP95",50.0248252480554,1.54092473676819,0.373825564725,1.28978065529504e-05,8.05383395614097e-05
"AC004846.2",35.8066399101211,1.28073843221099,0.553485450670734,0.00804686768303865,0.0249880229581308
"AL355075.4",1701.60233627902,6.03105209400107,0.363154218581138,6.30032701952529e-63,4.9400291403096e-61
"AC090607.1",11.9690337627259,3.75461519236477,2.50872543875483,0.00314376189241501,0.011172703785483
"AC108449.2",40.206860352451,1.51082672653483,0.452585666311341,0.000275023862183412,0.00129400930723869
"AC009996.1",13.6028351128089,1.93289135034093,1.10783707765759,0.0150875350235267,0.0423015000659627
"AC009269.4",3.23545104112154,2.75872941556649,3.38494792526048,0.0125543997587431,0.0362980759837954
"AL138976.2",8.86326135476102,5.996541398542,2.54218392442097,4.76745049148866e-05,0.000267987033737448
"AC009120.2",4.13245559639682,2.22208846267861,1.34059134585298,0.0150465846995614,0.042206521345095
"CRIM1-DT",6.13025245276418,-6.9491454319167,3.08805529505293,8.90189418711511e-05,0.000471759369363243
"NORAD",640.409387414664,2.64560291874007,0.113446216265199,5.01655802049363e-121,8.34078321479664e-119
"AC051619.8",17.0638013442399,4.6842220173206,2.26989099360028,0.000226720794359043,0.00108750328889635
"AC120498.2",4.26985602323514,4.5661826562721,3.45539057535815,0.00427632487528126,0.0146253490158318
"LINC02137",6.46545866266879,3.74344913650969,2.30728141310995,0.00206166457654684,0.0077061135309714
"KDM7A-DT",38.422088150515,3.50203716291379,0.497089965637549,3.62735409180193e-13,5.44103113770289e-12
"LINC02533",178.696947035141,7.3153379238006,1.23142323232337,6.73739643520254e-11,8.24255946859885e-10
"AC027373.1",11.8653291593397,3.17250105910958,1.35723539443728,0.0019885149023836,0.00746707636813435
"SCX",19.4595466913287,3.04140964774936,0.827376592778413,4.33836553014002e-05,0.00024576947584537
"AC132872.1",22.4865591266941,4.16718981400697,0.832056216875201,1.01605239927638e-07,8.89690552665865e-07
"ERVK13-1",7.06678598106242,2.30088055147874,0.894670042500915,0.00162197165552253,0.00627156313987417
"AC011374.1",4.02871576029929,-6.28873127557652,3.43108360289476,0.000788120151598983,0.00330378435360449
"AL118516.1",118.216858959198,1.2802248752066,0.316348672151316,2.29719924402377e-05,0.0001375329699242
"AC120498.4",22.8118998737373,1.65540176401885,0.832674654602495,0.0093687429068263,0.0283589936640059
"AC008870.2",8.32291578381835,1.79993308176224,1.06734963890541,0.0149196264709329,0.0419329623826626
"AC092803.1",12.2211722709965,1.63879261724147,0.893945496561576,0.017673789652225,0.0481631708532197
"AC009041.2",9.08421053503339,4.22903309996908,1.36993311875465,0.000165589542772007,0.000822287042192766
"FBXL19-AS1",69.8041615698024,3.5770301875658,0.494993545144201,1.57427662282074e-13,2.43281269820002e-12
"AC135050.3",10.8427913346507,1.99664439687814,0.884327690495588,0.00445316461446024,0.0151401014238855
"CAPN10-DT",32.4923661413521,3.29805929912702,0.864978105257892,5.21103231536152e-05,0.000290128850496344
"AL390195.2",36.2619767450388,2.06120466868395,0.612343329651994,0.000207941322349038,0.00100828891370932
"BX255925.1",103.518603171578,5.28516876295748,2.14346124393438,1.01004315470382e-05,6.41740125916793e-05
"AC105046.1",38.3679069062002,2.07843242260411,0.780931073835083,0.00237065825563506,0.00871704874174363
"AC234775.3",15.9590807540763,1.78006989926656,0.934578719179766,0.0117116995402456,0.0342345803125162
"AC012181.1",11.6583319654533,3.05702412709698,1.25236455306873,0.00247600860138742,0.00906337366025104
"EPPK1",36.5218854892125,1.0270012960832,0.32423089639169,0.000829092238687028,0.00345038386425844
"SPINT1-AS1",13.3401220920574,-1.57782906197836,0.589966411446283,0.00192036737360867,0.00726056705638345
"BOP1",22.3553355107662,-1.06563116387989,0.427287424170363,0.00601477473853364,0.0195073775303794
"AC012181.2",18.0614037826608,1.91291493483056,0.897572925722805,0.00627373109083267,0.0202189371913804
"ATP2C2-AS1",10.3325361290386,1.63734679897453,0.716483846364964,0.00565021715857596,0.0185012449974216
"AC010168.2",24.3057755039155,2.06091393062227,1.02545353588693,0.013574706290049,0.038736754921976
"AC124068.2",40.2272116784839,4.10831784843589,1.00739828146517,2.75234591064551e-05,0.000161833717796796
"PAN3-AS1",6.41827842596225,2.23306974780828,1.08954773564659,0.0071657028294807,0.0226700364619059
"TBILA",49.4102003349064,3.06637441095056,0.57229758674162,2.06901787748944e-08,1.99388594339066e-07
"GAN",23.6994138804758,1.49759246231524,0.437287480627826,0.000197495076350262,0.000962370075435599
"AC007728.2",70.2611023819099,7.23205727113604,2.3232069355681,8.6604408153573e-09,8.7942666116211e-08
"AC006504.1",2.28467405013734,3.47920566860766,2.79722682111192,0.00631256806933479,0.0203156341783629
"AC144831.1",18.0585152639358,2.71854677800844,1.30214206578914,0.00447462095307928,0.0151943329607515
"AC108134.2",47.0192354928647,5.20234288625704,1.2621621771088,2.70480976058426e-06,1.89185882899457e-05
"DLGAP1-AS2",6.93505004750006,4.17319141710008,1.45572191838447,0.000305848824798834,0.00142207337676008
"AC020978.5",17.7625058906495,1.1431423536503,0.499216471436303,0.00959527313515442,0.0288909577151023
"AC007952.4",28.714429191445,5.98953825849755,2.31525687955928,4.66822368354299e-06,3.14404523342573e-05
"CORO7",14.4860859350078,1.18776201078623,0.549798072803909,0.0125973399609936,0.0363787378016993
"AC099684.2",5.56016946879834,3.27262722048093,2.60356824796104,0.00643899324147367,0.0206694828407389
"AC090617.3",144.296900457543,9.67368075562432,2.48810310737896,2.29645732049743e-14,3.78175549198861e-13
"AC135050.5",24.7492901626696,2.99764333969088,0.780061284881004,2.63264697740868e-05,0.00015545797299204
"MRPL12",74.5950113029366,-1.92820616546997,0.298992063070877,2.40850229320158e-11,3.06052777589152e-10
"AC027796.4",23.545044057013,1.45128605062024,0.597268150797061,0.00473073721210998,0.0159463052093595
"AC090617.5",146.397572563508,7.89910707658157,1.25595855583164,3.81706569503646e-12,5.19995129234977e-11
"AC125421.1",12.7444665635427,2.73543118921939,2.11823236569076,0.00754324402968802,0.0236691149635504
"AC009831.1",14.2237327368215,1.6685065449193,0.706761763068666,0.00452568746914364,0.0153337802784636
"NBPF11",7.68781234326198,1.67450826411979,0.856142360162862,0.0118396045803689,0.0345353082242848
"ANXA8L1",28.8838883555025,-2.65261021073119,0.429384410341824,8.94951616785492e-11,1.08336248347717e-09
"AC016866.1",7.57507940820887,2.63788860095632,1.54873672075216,0.00778308942729068,0.0243056424749064
"AC104564.3",6.68655138772349,2.19198698361393,1.17671566859016,0.00761104153643729,0.0238493127163566
"OTUD7B",46.319797387294,2.19248070276232,0.397988580814909,8.54577576234455e-09,8.69702843070463e-08
"AP001020.2",12.6892949491,4.01146321104833,2.18874406595834,0.00077959960630818,0.00327303759265375
"GJA5",2.31791539293427,-4.54690487190732,3.62061038888337,0.00445022220492999,0.0151375564279107
"ANXA8",21.2945991099382,-2.167140062327,0.473263888707418,8.06832738277299e-07,6.13797783253954e-06
"TIMM23",152.153297581013,-0.45968981281536,0.18067784119385,0.00958181539493274,0.0288709721506707
"RNF115",20.5715525723984,1.31044299127445,0.478591011926885,0.00234876215791497,0.00865036503315362
"RPL17",621.079537183895,-1.3156176683438,0.0847933594435141,1.11949223266842e-54,7.32179754067499e-53
"TXNIP",791.49889728229,-2.10001916144192,0.0992921881661558,5.37092562844179e-100,7.33849244282145e-98
"RASSF5",4.71598486685277,-1.66290113766017,0.991006502736262,0.0175747704147217,0.0479461410242167
"NARF-IT1",8.7398409155162,2.07709505074231,1.52330831995967,0.0183224461329075,0.049545478207064
"LIVAR",4.43068060292993,-4.04386865872472,4.62940178277796,0.0070629158475415,0.0224116437562825
"NBPF15",18.4060572051176,1.45479988643504,0.53895286525356,0.00220634201295308,0.00817383081308792
"SNHG25",27.4515743366246,-2.06094793818756,0.654266820811742,0.000267750577086659,0.00126237033269419
"NCOA4",235.016648523312,-0.447095045988411,0.139290079558907,0.00118126200155914,0.00473190584078844
"MRPS21",132.280558777362,-1.39662032639329,0.187810597465944,3.8553721939902e-14,6.24461693392778e-13
"AC127024.5",3.64397866614489,2.40621395706764,1.99231264350373,0.0138029148386854,0.0392661770302738
"AC055811.3",83.8111976402739,3.942437487651,0.980527657008559,3.93074273195139e-05,0.000223746267933055
"AC005546.1",14.6960477382685,4.55755499787302,1.40092569027218,8.24356691434416e-05,0.000439402176199109
"AC087289.1",24.3748484376393,5.87952545317216,2.28250343534187,4.44734544277017e-06,3.00997386514117e-05
"AL050343.2",17.7851544650414,2.40363989805414,1.3236491898033,0.00873656898993971,0.0267742953722336
"UXT-AS1",3.90008848737396,2.93607807369596,2.41275956383732,0.0081519710638013,0.0252745901326574
"AC022098.1",24.8775237867771,3.1367411499906,1.02276123841524,0.000810078071934553,0.00338247424892491
"PARD6G-AS1",15.0204132685646,2.19969316392781,1.30903077595102,0.012596446675343,0.0363787378016993
"AC027307.2",21.970355524243,1.17527530509813,0.515455604520452,0.00945884673007069,0.0285753250601961
"UPK3BL1",34.9998794126753,-2.89892771015281,0.466600523784464,6.05125580261156e-11,7.42947776477221e-10
"AC090236.2",22.0454858745005,3.42681067509323,2.07629205459326,0.00186455681075802,0.00708254445044335
"AC020916.1",27.046523141889,3.84275875321099,0.587999983927704,1.50499978691116e-11,1.94648519769204e-10
"AC010327.4",15.4535890328054,2.40246947415249,0.634727360458671,2.50836290622866e-05,0.00014888347572454
"AC067852.3",19.3095149628767,3.64472809417237,0.928182735282718,2.51502970386709e-05,0.000149213492288839
"ZNF224",14.4889869009349,1.47318799130254,0.560524314924021,0.00257294779276197,0.00937593861634941
"KF456478.1",41.6242547877765,1.95645606584859,0.46623193722209,5.7844308329485e-06,3.84329058712996e-05
"LIN37",30.877591961055,1.24194945457555,0.397973403528005,0.000766334423357561,0.00322519519436851
"NDUFA7",51.5824225071867,-2.7079630073448,0.309446669932348,3.03175988952212e-19,6.64099785323893e-18
"AC026803.2",64.1253026462944,3.89597710694002,1.23632729148736,0.000178486414705037,0.000880626572373795
"AC009955.2",16.8750621080919,4.47362316914464,1.35170449394544,7.36226776618061e-05,0.000396562432370384
"PTOV1-AS1",7.36467983834427,4.06572031447938,2.25545846657799,0.000916528432737269,0.00377104721877588
"NBPF12",11.9255264084311,2.37592175549853,0.721153345565128,0.000180445241384036,0.000889972956075659
"AC022154.1",4.97569881987929,3.42591579815071,2.60410957295457,0.00546934186648664,0.0180219785102436
"AC005261.1",26.9471333087789,1.6195481127161,0.445229287390759,8.15775201557962e-05,0.000434996050289794
"LINC02560",25.6288778617961,-1.63737030112515,0.540823245611447,0.000610732433717921,0.00264452701139232
"SCGB1C2",15.1205254028633,2.4756365187908,2.34596687331582,0.0131582565264679,0.0377434920110698
"AC132192.2",11.2585682444225,2.02700396355717,0.855224515330526,0.00294827234477284,0.010556865168102
"MIR4453HG",11.1111028902788,1.81102986034188,0.732404562995846,0.00277255421661382,0.0100081737350957
"AC073389.1",6.51262991982189,2.32017292760779,1.21936024574287,0.010790525645396,0.0319136849349474
"AC115522.1",11.3996682942849,-2.83200730062762,1.2359386144612,0.00181373625119823,0.00691424316755125
"IGFL2-AS1",7.67601016839839,-3.4299469998432,0.940272585108596,2.89609163006702e-05,0.00016956327744983
"AC008687.4",4.89895934549587,5.28774435867974,2.50741646257366,0.000208031369662349,0.00100837123334753
"AC016586.1",35.8911130206975,5.26121956464588,0.841077472107931,1.45646021239374e-10,1.73119301731555e-09
"AL118506.1",96.2120981751126,4.64051906264369,0.378192569482011,4.7172143240753e-35,1.99075099915104e-33
"AC010422.2",6.88418091098815,2.12933426267303,1.81183349956188,0.018475082045984,0.0499033337707144
"AC010319.3",15.9068528358338,5.2317448817187,2.3881988619149,0.000122420302370372,0.000625009312878705
"AC020922.3",5.33069038109251,2.2061205395566,1.93936189765428,0.0169488339567367,0.0464813013916865
"IKBKG",29.0648435968967,1.93187277884168,0.427266794799242,1.44781803855188e-06,1.05881764345606e-05
"PTOV1-AS2",32.1066315970515,3.06370899240617,0.509273352148701,3.37687747938997e-10,3.89314195618894e-09
"AC008982.2",55.7527799434998,4.18228744773424,0.778873783416822,3.41727259009202e-08,3.17137604191459e-07
"NBPF9",6.51117424279978,2.28329187722916,0.984922989719266,0.00355546848729809,0.012453163737237
"AC006262.2",32.4294761190663,-6.21196781886925,0.836117321336542,2.5634593280567e-14,4.20638986054488e-13
"ZNF528-AS1",4.70376299096704,2.27899770345913,1.16881290089972,0.00782085705094904,0.0243989645272771
"RNF225",18.8751016750958,-1.56408817785703,0.55961015388716,0.00138763167781419,0.00546764614204611
"EGLN2",74.23624947802,1.61222884542637,0.277651307717887,2.04807461509168e-09,2.20120168911722e-08
"SNHG8",29.6595562171697,-0.859992914131081,0.34853939109129,0.00830852757601535,0.0256792117690956
"RMRP",1204.21077770211,3.70759953702248,0.652422442042544,1.00649369181494e-09,1.11742662486293e-08
"Z98884.2",13.5903618614855,2.65071753331155,0.818786857559544,0.000235825411086329,0.00112686657652055
"AL158152.1",15.34651375292,2.55244467277443,0.74978382033498,0.000134445019003355,0.000679861217385965
"AC068790.2",6.11898031187711,4.53528142182373,2.63928191957661,0.0014098772917275,0.00554468698371032
"AC090181.2",5.46845096378637,4.29705088512995,2.51152682023641,0.00144187297066066,0.00566083840543872
"AL020997.2",6.43173685002745,4.01792407268505,2.28795093575557,0.00115232530164711,0.0046321261761521
"KC877982.1",335.854395660073,9.65165416295294,2.45533374547267,1.97313289495835e-14,3.26098610184733e-13
"AC232271.1",10.142794022548,2.20913139772223,1.02391425265263,0.00627697915578008,0.0202246818467815
"Z93241.1",100.369283918643,9.72725800791208,2.51222219499746,2.60084527205815e-14,4.26266802308818e-13
"AC068790.5",14.3443983361475,2.46435694462719,0.875632048291973,0.000698259856122918,0.00297774598717437
"AL356488.2",70.0514501376239,6.48475833334054,0.976377666229228,1.20612509028534e-10,1.44735010834241e-09
"MIR222HG",67.4681257786095,3.59764609430826,0.35809258130507,1.7574343951074e-24,4.88963601864558e-23
"AL360012.1",125.929874682888,7.31820911840438,1.01489164776236,2.20987653588318e-12,3.06187712803091e-11
"AL049840.6",14.4994707644247,2.14065643051108,0.826920650483271,0.00150189424156994,0.00586644226823242
"TERC",50.8318247057677,7.36757092243242,2.38646491545452,2.07235579243872e-08,1.99570899760324e-07
"AC004918.4",10.1031033999085,1.71966050042104,0.978521719475734,0.013476899068187,0.0385293571868615
"AC104109.2",4.98428184613897,3.39871071474946,2.34426842094828,0.00394526863640923,0.0136179857885061
"AC016773.1",38.733185248567,4.3139571442978,1.26157681463102,5.95308617638729e-05,0.000328347678793543
"AC026367.1",11.6628773945761,4.92111153802334,2.27822382976605,0.000119983209576481,0.000614841549259353
"AC104695.4",9.7418599600901,5.72877507666714,2.44090779969923,4.39070148271885e-05,0.000248428374175974
"TAF15",48.4155636694754,-1.25520421740185,0.281318132611351,3.41053952286562e-06,2.35680748200028e-05
"SRXN1",446.053731123172,2.55426386133621,0.121098971142888,1.21407377241565e-99,1.62662311255688e-97
"AC018638.6",15.4559223491444,2.3906994391501,1.15803697497524,0.00831439396839212,0.0256915890648928
"MMP28",1.76973321252087,-3.34136909293763,4.98333462872105,0.00953137621878232,0.0287378177450723
"Z83843.1",5.96219318832496,2.27318714011177,1.06199740053841,0.00444216584352198,0.0151138778699712
"AC011337.1",5.52161921799435,3.51799113897133,2.35976574918032,0.00338441245944101,0.0119175534422776
"AC013400.1",4.28767309642568,2.83307466300801,2.58033749700143,0.0102265058641851,0.0305070862355718
"AL162258.2",65.7993683658756,1.30930673026511,0.345933587467252,6.4023701432395e-05,0.000349911714759228
"GTF2H5",6.74031742088256,-1.83473833730617,0.789697030180676,0.00362917892000737,0.012659926465142
"AC008972.2",7.10906029119996,2.82726718471562,1.83189751847243,0.0077820345045306,0.0243056424749064
"AL390719.2",273.103785246538,5.2125460707612,0.42577140429282,1.76782549787675e-34,7.34819032249975e-33
"NFYC-AS1",6.28639454659438,2.85744458797877,1.55697328082471,0.0055460033027473,0.0182225822804554
"AC087623.3",5.46733733854155,2.21197655320502,2.19551290106826,0.0175100839630609,0.0478012309282888
"AC005041.3",2.61360286498307,2.90719023305405,3.02352882776377,0.0111728284164923,0.0329033359256495
"AL645940.1",18.2033405545658,2.44925181459479,0.975662607050243,0.00263922606708367,0.00958960498308442
"AC044849.1",17.1375229721886,3.17873780445533,1.34653410448244,0.00188583285075998,0.00715155079430825
"AC034198.2",6.04235569400243,2.43700056153112,1.73209256977676,0.0119058775481299,0.0346846337690929
"KMT2B",61.9947094880913,1.17781366215374,0.323611495852713,0.000128460357138552,0.000652707263811494
"AC008035.1",4.29161645660485,-6.0608478252824,3.24023715291587,0.000692880623991624,0.00295663346044663
"POM121C",31.0441655151337,1.0341741649104,0.427991632050555,0.0081565913340489,0.0252775567953907
"CD24",379.898243472969,-2.4353374080534,0.120164665563326,4.05805715841327e-92,4.82768868845716e-90
"AL139246.5",28.7426749361415,1.30045530748913,0.429080252438817,0.000936182709065208,0.00384274877605588
"AL391244.2",11.7531364921698,2.40401814391331,0.811098887030542,0.000546871924659479,0.00239734198230648
"AC113194.1",5.96782295341293,5.71442285281888,2.49899258938605,6.78160214965817e-05,0.000368304248977893
"AL021807.1",269.167132892704,5.4219992558165,0.937857922836844,2.20171014757721e-08,2.10717937298628e-07
"AL645608.7",17.936332165965,5.06374625624516,1.30917470787554,7.73271133486398e-06,5.02881321494453e-05
"AC093673.2",3.33156849249726,1.29432119248156,2.49260087048488,0.0172765753415737,0.0472673948679059
"U62317.1",12.6366336301879,-2.9999608697285,0.783679231163344,1.3980228022198e-05,8.67088299803742e-05
"AL021707.6",60.5524894125461,2.49424296163634,0.553903921575356,1.6387678128586e-06,1.18341160740182e-05
"ADIRF-AS1",610.791096702036,4.9189954349968,0.324631024059692,7.00298236045246e-52,4.29516251441084e-50
"AC007881.3",4.24861139190143,2.34904857541473,2.94575059228023,0.0166044209376155,0.0457732738591877
"AC004908.2",13.2980970535851,3.03866630541539,1.16046100312893,0.00191618556920186,0.00725270456801581
"AL022328.1",4.58896691544045,3.15908247554129,3.54167662896433,0.00959588164731644,0.0288909577151023
"DCP1A",102.53532562079,1.4268114313523,0.267390323927785,3.66292973143875e-08,3.38116590594346e-07
"LINC01578",49.0947128818084,0.971922031300316,0.331463226982076,0.00192573112201187,0.00727885222781806
"ATP6V1FNB",19.5600604674578,3.48517987753587,1.28246988745804,0.00071848836196461,0.00305081212157281
"AL353708.3",25.4723497476289,2.88716339261257,0.964500114287895,0.00062415841089631,0.00269673953361587
"AC012360.3",19.4067788240607,2.46916548302511,0.736168805030049,0.000171369357596071,0.000848241440037942
"AL731533.2",21.1533451765563,5.64176127448731,1.34805137079795,1.57821170063177e-06,1.14581849890879e-05
"AL355388.2",2.77568652028353,3.1035410509734,2.979726554351,0.00948146694960763,0.0286248619349344
"AL365203.2",46.5755669690037,1.40733502593104,0.466684484980982,0.000975283543916806,0.00398782604623761
"AL021707.8",12.3264981166821,6.40736810346756,2.79727669036349,0.000107637819981173,0.000558841954755523
"AC144652.1",4.63000236620655,2.62349760425624,1.62382720046892,0.00870102365040692,0.0266890700990477
"AL022328.2",4.86813404027254,3.90979811181105,2.72916555622877,0.00365907917881915,0.0127545573800718
"LINC02604",14.8851464177835,1.3843212968435,0.684635416526935,0.0142125636579698,0.0402490003037109
"BX537318.1",2.99198071921554,3.1922204519209,2.80363729159146,0.00819474121703773,0.0253678955410086
"AC104506.1",10.2046533189165,2.18276556317849,0.94181516690133,0.00288110890282408,0.0103512894712243
"AP001437.1",19.4089563361956,5.77673613838921,2.37148524285733,2.05488786293098e-05,0.000123994108038686
"AP001033.2",6.35950691050186,2.24569755145551,1.15532543667706,0.00813370510292804,0.0252349663714944
"AC018690.1",32.1897086151434,1.68706139677983,0.641968219214374,0.00215212007398683,0.0079944164255769
"PAXIP1-AS1",13.1396475370185,1.4266578573479,0.611474699096221,0.0061313616218604,0.0198295735602703
"LINC02019",5.88802619354468,4.51370823701322,2.47796845957926,0.000898513614413597,0.0037113103498676
"AC012510.1",34.0259893580472,2.83650572099355,0.588526671867766,2.59138651658629e-07,2.1362684545335e-06
"HIST1H4K",9.12238496001365,3.87588786568481,2.36061001266476,0.00190039242002021,0.00720082795065317
"CWC25",204.318230768372,1.63520069023012,0.205794667496262,6.52569641418668e-16,1.1849290857339e-14
"AC131009.3",27.0002231524925,2.38467954290148,0.644086166394771,3.27134748941317e-05,0.000189762906069364
"EPOP",38.0656186740364,2.03190535762522,0.418349816329817,2.8126881892646e-07,2.30904800784363e-06
"HIST1H2BM",23.7497638905001,4.39161365981564,2.37904327540085,0.000797678830103018,0.00333574783497626
"AL117379.1",10.5395978747744,1.54580401641051,0.857596744205089,0.0181412439128308,0.0491651936365014
"AC245041.1",22.1168320567646,-2.2215056580992,0.50812057494166,2.00290897980401e-06,1.42843121040286e-05
"HIST1H2BG",1813.29065931254,4.57736372506122,0.229045925577509,3.87023602964429e-89,4.34221603325945e-87
"TAF9",136.37827011218,0.628798624182202,0.189494141819653,0.000720903670553501,0.00306012631609914
"SOCS7",25.9369043824396,0.918102610534629,0.393873989263043,0.0114986462216119,0.0337046129690408
"AC015912.3",60.6842272231029,1.16215386698076,0.365990619377977,0.000685000128108983,0.00292753229108206
"HIST1H2BE",51.7562953608467,2.41553170426526,0.773195093532321,0.000546684904354654,0.00239728366065911
"AC103691.1",13.0243920401824,1.64471310093367,0.661085175483716,0.00315886899664028,0.0112206929610388
"AC090970.2",9.09452727749832,1.81625293937671,0.894217243860418,0.00855932167829647,0.026324635426898
"AC005332.3",18.4584838906585,2.28734109798731,0.750369973931656,0.000387531766738202,0.00176150803062819
"AC080038.1",3.77222985207858,2.25546747633292,1.85997241500029,0.0159954390563408,0.0444407205511382
"HIST1H4F",84.2375777687488,10.2246576920381,2.56762024438019,2.95827673764488e-15,5.16762265563283e-14
"AC106886.3",25.9922627898832,5.69373243786653,2.36145584685005,2.51608548229078e-05,0.000149213492288839
"AC004466.2",4.90912940490866,4.1821891852427,2.40606790586544,0.00127185565514943,0.00505738655085368
"HIST1H3E",22.6925433180427,2.44442370591012,0.606381344483962,1.13666784198806e-05,7.14950602526676e-05
"AC004825.2",15.8006836341367,3.80536750820671,2.310019588647,0.00186356128680712,0.00708254445044335
"AC068473.5",15.0781686864473,1.50070524744896,0.6127882768668,0.00424716363127634,0.0145364231427613
"ZKSCAN2-DT",6.18441996255433,2.50458208773466,1.46563057470788,0.0088909944846553,0.0271390674382312
"AC079684.1",23.0385312584328,2.42517545050147,0.863962440890246,0.000795235053146863,0.00332754509806753
"HIST1H2AH",206.415570483302,7.5727805296346,1.2430843481786,1.89651979945906e-11,2.42782683047634e-10
"MLLT6",17.2353822225885,1.05354506009502,0.474709910783732,0.0129154123448987,0.0371472885284705
"AC011468.5",10.3265699836199,2.61023211168789,1.09359471737754,0.00274576439622425,0.00992965111842104
"AC020663.3",11.1441439784656,3.6342589105667,2.34473570801256,0.00271572165073562,0.00984422347784386
"AL031710.2",6.94020411886187,3.17284738747214,1.5034945134226,0.0028871291313284,0.010370219159899
"HIST1H4L",73.2337841763761,8.14672295613594,2.40335244706089,1.74392760341927e-10,2.05869982268486e-09
"AC048341.2",11.5434165993686,1.77345856347615,0.834976697683708,0.00720277780648125,0.0227664529842971
"AL161431.1",87.4814837868535,2.68810089913788,0.304083749359643,1.88441898566503e-19,4.17415441447471e-18
"HIST1H2AK",26.8102209552253,3.2571785875303,1.05196749895492,0.000333118902455527,0.00153593078980497
"AC010503.4",131.2033359566,0.744298519174153,0.212225166794472,0.000330008088045903,0.00152515459311235
"PRAG1",18.1041629993166,-1.71065422977318,0.492608592541736,0.000126750921855904,0.00064497150501898
"HIST1H3I",25.0761393830463,6.50311677285207,2.37444967076904,1.22744977807764e-06,9.072740727087e-06
"AP003419.3",4.13893347369884,1.02255886262152,1.94175521697874,0.0111820783506644,0.0329235505097437
"HIST1H2BH",9.98148938811987,2.44207463382462,0.986381125640795,0.00285076726654404,0.0102529549852249
"HIST1H3A",92.5805147084886,6.84056676155966,1.25698853690569,1.61548364835031e-09,1.76095373990792e-08
"AC092747.4",23.6411485529432,1.5348522542487,0.568426244670551,0.00207664524456528,0.00775161059642976
"AC091982.3",6.0927948882979,2.43557751492041,1.57610652082676,0.0111032906159172,0.0327264866509306
"ARHGAP23",62.7021547677846,1.10389964827341,0.277856468542917,3.62888728826223e-05,0.000208313829359479
"AC132872.3",6.86292805506526,6.21429392375461,2.66204202851334,6.1700781758652e-05,0.000338556973466957
"AL021578.1",27.7419168293933,5.14577080502228,1.31372152368346,6.09836231869711e-06,4.04020163216611e-05
"U2AF1L5",7.39801763484381,2.19342751132625,2.06071680904181,0.0166296166634975,0.0457969886162972
"DUSP14",186.198090795973,-0.64746099883017,0.147671470300185,9.09130171601183e-06,5.82992396287004e-05
"ORAI1",15.5822826108289,-1.24420083811327,0.555676475806563,0.00916173255709699,0.027872995874766
"AC245014.3",20.2217371272085,5.06355610538865,1.38740674928933,1.69082573314163e-05,0.000103428169846429
"HIST1H2BB",71.558181787807,3.86413572440577,1.01587733369417,7.2513893055643e-05,0.000391353822513834
"AC005393.1",18.9682905172136,3.94293715546436,2.14319284275105,0.000742508266375424,0.00313928127327844
"AC025287.3",4.30356797709819,2.2385556505281,3.54989781700203,0.0164070959069889,0.0453377863427254
"AL356515.1",2.52844369815117,-0.803004183649188,1.54214066591744,0.0128384382878052,0.0369567059598899
"RAB7B",22.65836982385,-2.80710529183847,0.473993106882588,3.95268040492046e-10,4.53048086278259e-09
"AL109614.1",33.3702701926361,5.15594031407236,1.03746927653878,5.4778264653627e-07,4.29023866186182e-06
"AC092117.1",3.28089851280477,2.63901243508884,2.45505975011533,0.0119830284590635,0.0348799394083687
"AC023157.3",48.0054354453218,3.26301598905618,0.654291575612494,1.92041568428897e-07,1.62189329517673e-06
"HIST1H2AL",34.5743842364799,5.71735263586276,2.32192784704024,1.59250487879412e-05,9.79347920114033e-05
"AL442125.2",12.2764885618073,2.2369871358323,0.905955723426415,0.00202418362097173,0.00758656544524982
"HIST1H4E",152.404995667075,6.58648102498125,0.801511576873651,1.19968576481702e-15,2.15008617590583e-14
"HIST1H2AE",842.667591047482,4.36987387698339,0.222391848883182,3.34849367139398e-86,3.55455482040284e-84
"HIST1H4D",155.944936982779,5.00369487472399,0.591061690416091,1.65580514030449e-17,3.29727430536824e-16
"HIST1H2BF",51.8251437160984,3.93583766084898,0.839023330030273,1.58368015946811e-06,1.14843858122227e-05
"PCGF2",54.6826771311076,1.22178134008648,0.334656856383644,0.000117753637014034,0.00060431394228102
"AC090246.1",28.3213111921709,3.72107459402922,1.48031651116295,0.000907020169348215,0.00373869405562241
"AC005332.5",17.9575626939446,3.42763923792912,1.06352668930569,0.000426963745495009,0.00192482900381473
"AL109923.1",4.40735932264684,3.42196804154002,2.61249487338273,0.00554824999383808,0.0182256248309844
"AC005363.2",7.11625144635076,2.37556013133187,1.87072827493392,0.0150475423925991,0.042206521345095
"HIST1H3F",14.4924617164194,3.52547448152246,1.15976791054486,0.00055213537777934,0.00241734397631817
"PSMB3",156.407282584806,-1.64384859417507,0.20762201706622,6.89670695932867e-16,1.25065119630402e-14
"AC135279.4",5.22494303870878,3.82060098665583,2.42117546193892,0.00242692673090422,0.00890023621750682
"CISD3",8.12824714427822,-1.36139863102933,0.732489893906781,0.0178917614358812,0.0485749179254692
"AC139100.2",104.893302504008,3.64065929643107,0.66072444022129,1.91056084962181e-08,1.84763417833083e-07
"PRICKLE4",17.0334433617194,2.47870866804499,0.664205599596547,3.54981600753079e-05,0.000203859595938098
"GGNBP2",80.0578212137353,1.21651732668132,0.25060766284794,5.52657522159323e-07,4.32351122777702e-06
"AC138028.6",31.181662385098,4.24684808146144,0.991698026563487,1.35637840909185e-05,8.43534116514985e-05
"HIST1H2AB",258.529752155098,9.80129398389398,2.47815753373841,1.10560337206626e-14,1.8757731725685e-13
"ACACA",28.9121561985687,-1.17123655820438,0.360349783784601,0.0005070489265259,0.00224559537421612
"HIST1H2BI",9.44713530307695,6.28302723644217,2.573671444627,2.76934543947025e-05,0.000162763914244844
"AC015871.4",8.71854196315675,1.46800438902556,0.788402668573519,0.0169467304205195,0.0464813013916865
"ZNF426-DT",6.81554663838508,2.65759186745092,1.21276619939218,0.00364701083205673,0.0127157022441594
"HIST1H4A",11.0443983482214,3.24846055735932,2.41359182030043,0.00537718966310676,0.0177566923548393
"HIST1H4B",331.840714258307,8.58957430389827,1.25254549246516,4.80858368800708e-14,7.74311025606741e-13
"AC005332.6",44.0080874097286,1.53599044542927,0.354262710855401,4.75750270610131e-06,3.20261157776576e-05
"HIST1H3H",24.2798053108096,3.18250810313408,0.739067458465909,4.4085908570909e-06,2.98667421835319e-05
"AC008764.8",4.909095576275,2.41877794440789,1.58662543642876,0.011478102421196,0.0336684410723359
"NPTN-IT1",51.726830900008,2.24401310024538,0.463920208527242,3.21501233031222e-07,2.60829924505048e-06
"DNAJB5-DT",15.0796641564111,5.30190125505445,2.30544705716241,4.87169983740056e-05,0.000273179430134611
"EBLN3P",25.4610545203171,1.03664517647912,0.407540870847112,0.00564762379739503,0.0185012449974216
"LINC01002",3.43878758346238,2.25969857460053,2.33009500562927,0.0175132625777846,0.0478012309282888
"AL627171.2",688.412995836099,4.54954503005926,0.273606969107959,1.16066876628314e-62,8.99844324421762e-61
"AC004706.3",4.47444255204918,2.06965195794016,1.13355220527947,0.0101498046722592,0.0302979243948035
"PCBP2-OT1",44.730932183822,1.76775872499498,0.941627463362803,0.016303978317788,0.04509819618871
"IQCJ-SCHIP1",3.6602889428816,2.29676949046028,1.78610587224067,0.0151430548738405,0.0424226872226958
"SLURP2",62.4079887981714,-4.02158073475,0.352097854756753,5.07932572242699e-31,1.87418970506664e-29
"AL139424.2",14.5112953970501,3.87752104581394,1.07206674971469,0.000111186696156696,0.00057488812550109
"BX255925.3",53.7385667790963,-0.704212944205429,0.282216409339014,0.0091125515983419,0.0277478402597348
"UPK3BL2",9.13075611743453,-1.97356189769054,0.784265001038344,0.0019636116275452,0.00739771784333163
"AC016831.7",3.19316606755663,4.32566097137838,2.53478439338952,0.00146959919452154,0.00575332450621197
"AC103718.1",2.63691068914499,-3.41544953657151,1.84463408859888,0.00360617131073814,0.0125934317222705
"DINOL",11.636911863478,7.07944204265224,2.49032453673347,4.5234762121586e-07,3.59378075577367e-06
"AL021155.5",8.13546091488243,4.58076978698438,2.30611342025646,0.000359592689816408,0.00164589688871192
"LINC02680",11.702879121053,4.1155240803556,1.13220188284533,8.25356431106952e-05,0.000439765202674747
"AL162458.1",5.2840636548765,3.57600406342569,2.32812671448338,0.00289032877299723,0.0103790104260634
"AC108925.1",6.28989916413552,-4.17719439326167,1.10505213567812,2.37435566950557e-05,0.000141783246383284
"AC073210.3",20.0956469358016,-4.18000099379208,0.612188861433635,1.04739047749534e-12,1.49318063940451e-11
"AC084864.2",13.9725278876368,6.62328770807069,2.40934399119496,1.0066211961768e-06,7.56198830007612e-06
"HIST1H3B",10.2088572507309,4.26141820534286,2.44626886638043,0.00126618124732559,0.00503698507151719
"AC104304.3",7.4480840481557,2.43219303392834,2.75992628727414,0.0152975464134424,0.0427686670392028
"AC008766.1",10.5574441984664,3.22019169855461,1.37113223143865,0.00187478868760733,0.0071157144081621
"AC135893.1",16.6418829969204,2.53108870076472,2.07818568633933,0.00995030627334453,0.0297926288939367
"AP000867.5",40.0922681897148,3.34019744641035,1.30675915518438,0.00113078961309909,0.00455617420752335
"AC093928.1",3.02330718493184,3.31178975470533,2.62376323191819,0.00645305066680327,0.0207097905120663
"AC010624.5",63.5629612499609,7.16428244509685,2.32500797159009,1.34632429499537e-08,1.33184768967284e-07
"HIST1H3C",120.507489275013,6.78637534550893,1.24681939611815,1.64540640558371e-09,1.79215535888359e-08
"AL512625.3",14.0134361375506,3.86528949540175,1.36245020323133,0.000403307147749515,0.0018272363146424
"AL513303.1",13.0319528815622,5.23038642311494,2.28735998039714,4.9613950750731e-05,0.000277757614750543
"AC090617.10",94.3340039701382,6.70584669913337,1.24792492371442,2.52903441636156e-09,2.70338303220678e-08
"BX323046.2",17.6003212845546,4.81487240831587,2.27074462317852,0.000163153418754235,0.000811065266141372
"Z99127.4",8.15333846593837,2.45889653122535,1.24710765698377,0.00849315310534271,0.0261555953168656
"AC132872.5",20.9280969578899,6.69566750950425,2.33991946849922,2.02976560243009e-07,1.70797349472775e-06
"AC006130.3",13.0881292221581,2.34621376930692,2.14745417732967,0.0140563148244541,0.0398637781704618
"AL136379.1",2.63953407224952,-4.7139252441764,3.31357918529927,0.00316906623694445,0.0112540180313519
"AC253572.2",4.23878389088004,4.03921919466388,2.51094475251973,0.00214382205580408,0.00796788159711722
"AL390839.2",2.88827176336575,-5.48936068739118,3.17825803292808,0.00122805400883663,0.0049051071843547
