"","baseMean","log2FoldChange","lfcSE","stat","pvalue","padj"
"ENSG00000000003",33.9989193677397,-1.04142134144461,0.353091732562626,-2.94943564349782,0.00318354869466085,0.0116652298725028
"ENSG00000001617",22.2827883952412,-2.18910665078609,0.403279627138442,-5.42825995530539,5.69061152550483e-08,3.11735858618103e-06
"ENSG00000002549",33.9171349873804,-1.21250539430151,0.287585082920727,-4.21616233355099,2.48494911708473e-05,0.000301615347564179
"ENSG00000003756",177.299205169079,1.89678541470006,0.501121119158154,3.78508376954161,0.000153656810998254,0.00110062865184631
"ENSG00000004478",257.71185841075,1.10190636108877,0.191894620951312,5.74224725855317,9.34282645746024e-09,6.69799415030704e-07
"ENSG00000004700",270.525992532092,2.21532006573425,0.52334207209519,4.23302498280954,2.30568880812649e-05,0.000287800929274775
"ENSG00000004777",6.41939662620177,1.89260298800413,0.517015088448663,3.66063395496447,0.000251591976997813,0.00160111930093282
"ENSG00000004838",1.6853830425158,2.85864012647319,0.994492995188046,2.87446984574553,0.00404706413365843,0.0141771915232407
"ENSG00000005001",48.2310946408938,1.04547871077231,0.3968613302648,2.63436780316875,0.00842941214002898,0.0258302502837647
"ENSG00000005022",534.616699477658,-1.4063072053921,0.292058746985895,-4.81515181416574,1.47088022875097e-06,4.16669980692261e-05
"ENSG00000005059",5.83551244093096,-1.12726486557222,0.399910215918727,-2.81879487120008,0.00482043127586959,0.0164155496298665
"ENSG00000005238",86.440868245242,1.19715141252593,0.284493013863562,4.20801690793035,2.5762159461618e-05,0.000309324501630333
"ENSG00000005339",52.1572397717663,1.36821699304864,0.364913975529158,3.74942338414033,0.000177241634845119,0.001216537014586
"ENSG00000005448",4.04571643783628,-1.28563134187824,0.521559720888656,-2.46497436513642,0.0137023054324395,0.0385669330590922
"ENSG00000005469",20.8155012511778,-2.20701832654762,0.556045687099605,-3.9691312741938,7.21351357910806e-05,0.000638794980697705
"ENSG00000005483",36.9450469907975,1.20559908937897,0.263603399392989,4.57353392314041,4.79565990597968e-06,0.000100095742012277
"ENSG00000005513",7.87130591584634,4.89729956946903,0.757251540714082,6.46720317643847,9.98333802512178e-11,9.69340043749505e-09
"ENSG00000005889",21.3401374197213,1.30349367802148,0.31061861001097,4.19644424387659,2.71138171381944e-05,0.000320784234971296
"ENSG00000006015",10.1204788981096,-1.45566366043463,0.495912320338718,-2.9353246546494,0.00333198869394785,0.0120802905836645
"ENSG00000006062",11.6276808254009,1.26587487308519,0.381717738914973,3.31625896318945,0.000912312480005615,0.00427482821335964
"ENSG00000006555",7.45315660588562,-2.17998973291242,0.528808980582252,-4.12245217642127,3.74860451630166e-05,0.000403418668740021
"ENSG00000006625",96.0087868607461,-1.30403088016466,0.306953249911252,-4.24830452370742,2.15394474977377e-05,0.000274682095738744
"ENSG00000006652",80.14285870925,1.29567970490756,0.332519693074016,3.89655028527634,9.75725561984628e-05,0.000785480869211486
"ENSG00000006757",10.3462050776267,-1.02532433304701,0.366376351091746,-2.79855490124211,0.0051331842176356,0.0173125536029031
"ENSG00000007038",5.00229681299306,1.42585345235754,0.535761245639401,2.66135982018608,0.0077825739517243,0.02421261545094
"ENSG00000007384",82.4041638516041,1.61236975048632,0.335453232969556,4.80654109728807,1.53563927370423e-06,4.29172135323882e-05
"ENSG00000007520",90.2356873367434,-1.50390268564165,0.33098436487322,-4.54372727309251,5.52681557103443e-06,0.000109925846825302
"ENSG00000007545",31.3870072367059,1.17026889723078,0.238330132282675,4.91028509916976,9.09440732176352e-07,2.88935804101269e-05
"ENSG00000007944",35.6700109267195,1.15763388167562,0.442052014382373,2.61877300410687,0.00882466476686768,0.0268270459699265
"ENSG00000008056",2.02897844772526,2.95930942772037,0.874608015853408,3.38358370158864,0.000715463955253751,0.00354912309211164
"ENSG00000008128",23.424107011611,1.3437086627206,0.290761530861772,4.62134264714475,3.81264458213467e-06,8.46119737749914e-05
"ENSG00000008283",16.5325097881959,-1.02413598517109,0.307946280847874,-3.32569687918074,0.000881977874307784,0.00416941891326291
"ENSG00000008294",109.723938717546,1.02769802602719,0.255941171822479,4.01536813600276,5.93530765851949e-05,0.00055764836456597
"ENSG00000008300",18.0690337873312,2.44448296225871,0.640711269697775,3.81526450036033,0.000136037140292182,0.00100859550641987
"ENSG00000008311",40.6690001606415,1.23731935904157,0.450678710192808,2.74545775306808,0.00604265470184391,0.019730165025486
"ENSG00000008382",19.2942767677521,-1.20548976730851,0.431523567431518,-2.79356646609996,0.00521303147957062,0.0175316492079625
"ENSG00000008394",137.988599213643,-1.77496591336084,0.409644619486031,-4.33294086857004,1.47130637345936e-05,0.00021275050390988
"ENSG00000008405",131.187565533426,2.10446393248061,0.646340060908486,3.25597013052636,0.00113005639116467,0.00509390372714986
"ENSG00000008441",4.50846779406399,-2.48859534968899,0.551637485025043,-4.51128760688917,6.4435282438063e-06,0.000120700405435193
"ENSG00000008516",55.9940150801527,6.50901464245632,0.562913667414662,11.5630779980006,6.33949317528868e-31,2.98662579906671e-28
"ENSG00000008517",78.6801074084971,2.02705521484214,0.677741122999427,2.99089895249555,0.00278157520143116,0.0104452714083529
"ENSG00000008735",11.7218852782815,1.18623640108809,0.342522050001491,3.46324098282994,0.000533710167246925,0.00282940644619259
"ENSG00000010244",99.1228295830284,1.17092504189707,0.319797021341516,3.66146325248796,0.000250778835752825,0.00159964882890845
"ENSG00000010278",140.272805118277,-1.03364713432638,0.251799602473228,-4.10503878550119,4.04247050423513e-05,0.000426191151817986
"ENSG00000010438",58.8302138036606,-1.58354898862575,0.361885372958045,-4.37583032351333,1.20971091756555e-05,0.000186419844109704
"ENSG00000010704",1.59514270344351,-2.56614853875069,0.942107139966559,-2.72383939139001,0.00645278778367472,0.0208056350733306
"ENSG00000010810",28.8118335453618,1.24539176992145,0.235694378602669,5.28392648693975,1.26444007544211e-07,6.07852839765744e-06
"ENSG00000010818",36.0784028456404,1.36916180993644,0.250825494081359,5.45862299584399,4.79841408554876e-08,2.68206948666486e-06
"ENSG00000011021",26.7936310766717,1.02620813916238,0.229093154228117,4.4794360731554,7.48404993941489e-06,0.00013341026967677
"ENSG00000011132",19.1095564971,1.08749250936607,0.318327049721913,3.41627426986207,0.000634842718277961,0.00323283557186081
"ENSG00000011638",31.4808850013522,-1.02163617247376,0.275108133386184,-3.71358040163661,0.000204347502554662,0.00136306066732355
"ENSG00000012061",84.2591989201757,1.04240915258184,0.236213217840569,4.4130009408932,1.01947553261271e-05,0.000164604012251046
"ENSG00000012211",9.1956496317733,-1.38732452593822,0.410250570402658,-3.38165166858043,0.000720514454854957,0.0035666655196948
"ENSG00000012660",88.2436497637231,1.10926134563885,0.207495869601141,5.34594422419652,8.99469054830687e-08,4.57757569293309e-06
"ENSG00000012817",36.4574330997354,1.18828113855386,0.327230880241837,3.63132335700002,0.000281971624481566,0.00174135959403616
"ENSG00000013016",5.02925085411284,-1.39808648932142,0.55248248439924,-2.53055350857263,0.0113882713047512,0.0331344057570322
"ENSG00000013441",312.700463394805,1.98721100771228,0.414466622193574,4.79462253726228,1.62981416922295e-06,4.49398090908315e-05
"ENSG00000013503",11.7098864861773,-1.45236203195611,0.384163209051779,-3.78058595340492,0.000156459690625529,0.00111248979677635
"ENSG00000013583",26.5370648362158,-1.01195973570306,0.306202724971347,-3.30486848475224,0.00095020976464761,0.00441850220227706
"ENSG00000013588",71.4268907548981,1.17052359518727,0.352467267705218,3.32094268726883,0.000897139580683816,0.0042217278955181
"ENSG00000013810",19.6261544697978,2.22738317615955,0.41120195693438,5.41676210095226,6.06880025585465e-08,3.25955854784324e-06
"ENSG00000014138",5.55042720330108,-1.13067465161646,0.464207917248696,-2.4357073837039,0.0148627022110971,0.0412299960899696
"ENSG00000014641",85.3409135316768,-1.25574912514989,0.290294307336546,-4.32577936739926,1.51993498793921e-05,0.000217235648539001
"ENSG00000014914",19.9180416530698,1.37058607264422,0.299122679761162,4.58201990480489,4.60506048917366e-06,9.72251503277651e-05
"ENSG00000015479",2.7850215830533,3.54334862779104,0.966081237349833,3.66775431589086,0.000244690128586071,0.00156687205058474
"ENSG00000016402",2.72530958080516,-3.68548505619961,1.27016758267277,-2.90157386039122,0.00371293239294788,0.0131746378797757
"ENSG00000017797",35.3300415098427,-1.16848567358115,0.28562396592542,-4.09099309924945,4.29529913773862e-05,0.000442380933680026
"ENSG00000018236",7.27928148542672,-2.68292897274047,0.447377160503397,-5.99701819762454,2.00973547048847e-09,1.64052119667745e-07
"ENSG00000019144",6.90492120880451,1.66658241795153,0.432596876881466,3.85250681874012,0.000116914719914103,0.00090000318238265
"ENSG00000020577",15.5932650132114,1.12681991893278,0.300202276875418,3.7535355516321,0.000174357790348923,0.00120141479526259
"ENSG00000021826",308.9805274395,-1.33291830892605,0.481463352676189,-2.76847303437965,0.00563196460232199,0.0186514288667779
"ENSG00000022556",7.29624455694712,-1.67432004412873,0.403671491235736,-4.14772923151751,3.35789195377767e-05,0.000371848760415313
"ENSG00000023191",75.1159947271777,-1.02168336556912,0.226707492167019,-4.50661491511906,6.58700188827186e-06,0.000122312020423102
"ENSG00000023445",8.27897762377545,1.45442313606101,0.410547274498368,3.54264472426011,0.000396135991154978,0.00224463448733829
"ENSG00000023608",25.8801365410077,1.33036568197499,0.284009634698365,4.68422729175337,2.81018036321139e-06,6.80426784273018e-05
"ENSG00000023697",70.3961724823057,-1.13049623262781,0.281868052975303,-4.01072849758842,6.05316862725438e-05,0.000565206806377235
"ENSG00000023902",7.61259711697457,1.33621676542941,0.46037617525956,2.90244551572646,0.00370261560098374,0.0131465177959993
"ENSG00000024048",39.6087094677023,1.00999071144521,0.201337555913796,5.01640494671369,5.26473044581436e-07,1.87900736625612e-05
"ENSG00000025156",29.2087855743681,1.13344000369455,0.29210238376761,3.88028330708966,0.000104334863732362,0.000823935616897947
"ENSG00000025770",28.8219430162208,1.21602159307149,0.236444608014736,5.14294490909138,2.7046495298912e-07,1.12618601258525e-05
"ENSG00000026025",142.266657175279,1.48292741903562,0.429771190703131,3.45050448032465,0.0005595398798162,0.00294110713365933
"ENSG00000026508",89.641993663903,-1.28064372276234,0.265385655224545,-4.82559511997278,1.3958582403872e-06,4.00727073381107e-05
"ENSG00000026652",15.4167480630376,2.47631037493463,0.496819942813142,4.98432160535469,6.21795834852539e-07,2.15394779850494e-05
"ENSG00000026950",7.24903942016305,1.91015603095999,0.519593076798497,3.6762538152539,0.000236684043911751,0.00152806703213033
"ENSG00000027001",10.4985424649511,-1.26905181421121,0.391445812236723,-3.24196038005834,0.00118710524616687,0.00527890463971021
"ENSG00000028277",3.58417843840247,3.43201638485306,0.729597289461899,4.7039873015212,2.55129122820643e-06,6.30708261797538e-05
"ENSG00000028839",15.3156974735132,1.19379292665319,0.289743516962724,4.12017131277788,3.78590799151104e-05,0.000405942726113058
"ENSG00000033011",17.7924694874875,-1.44423927171064,0.443778722541363,-3.25441306297876,0.00113626932365431,0.00511771234027205
"ENSG00000033030",22.7184798132969,1.24263024573307,0.254090728055106,4.89049819032976,1.0058108350258e-06,3.13325887967272e-05
"ENSG00000034510",5443.55208896528,-1.23697480158279,0.276692784604606,-4.47057122703951,7.80109574114489e-06,0.000137353608667095
"ENSG00000034693",23.144299425624,-2.02359026902348,0.44885370501103,-4.5083514883179,6.53332765971718e-06,0.000121692898958909
"ENSG00000037757",17.1791962456512,-1.0160642556546,0.303359833003231,-3.34936977514677,0.000809956202722431,0.00391673047267694
"ENSG00000038358",77.8008710821695,1.06397781816584,0.281866577286072,3.77475693787556,0.000160163752649081,0.00113199319221204
"ENSG00000039068",223.797324132898,-1.14890101824735,0.252648860065811,-4.54742213342295,5.43070027680236e-06,0.000109273546603139
"ENSG00000039523",69.7042621789475,1.66815450824509,0.45062637443305,3.70185724336231,0.000214027036087751,0.0014113788233282
"ENSG00000040199",21.4758342593639,1.26478813078559,0.379153109283314,3.33582423516538,0.000850469152409234,0.00405769266610991
"ENSG00000041353",17.7535645636783,-1.87821315028331,0.429781026442687,-4.3701630242483,1.24153811198932e-05,0.000189552980820295
"ENSG00000041988",20.6108270243723,1.11605964990333,0.268081681542774,4.16313283130929,3.13910626999065e-05,0.000356724488531191
"ENSG00000042429",13.7789122683114,1.056853996276,0.291806991431971,3.62175693971466,0.000292608984184229,0.00178763599118701
"ENSG00000042493",94.2212810073338,-1.28905710540533,0.294649739219676,-4.3748795054737,1.21499572885213e-05,0.000186781420678885
"ENSG00000042753",164.579607299503,-1.84548598861883,0.377861236089206,-4.88403099433874,1.03938725780459e-06,3.19747322648132e-05
"ENSG00000043039",1.47858715610967,-3.06473788938011,1.05136930308081,-2.91499654821533,0.00355692476625188,0.0127583494606759
"ENSG00000047056",32.6792716749635,1.34118787959462,0.333667804410895,4.01953038880256,5.83142601384521e-05,0.000551976943411559
"ENSG00000047346",21.0579279077353,1.41926589379283,0.329245573385519,4.3106605176161,1.62767626140561e-05,0.000228414926589933
"ENSG00000048052",20.4725855396842,3.26597606753043,0.355605304329679,9.18427264094623,4.14317813190647e-20,9.10891522893411e-18
"ENSG00000048162",85.8844056992265,1.16130075864157,0.293553426895039,3.95601158850308,7.6211465559702e-05,0.000661395187165225
"ENSG00000048649",27.4936004895373,1.06572548676452,0.232642181414494,4.58096412389521,4.62837244342124e-06,9.74677308040521e-05
"ENSG00000049246",23.1685474317413,3.10662906229837,0.434082688296969,7.15676792936979,8.26013547720452e-13,9.94170612289236e-11
"ENSG00000049759",104.557004974873,1.76157659050269,0.523718337199317,3.36359540115218,0.000769342407569392,0.0037531618220153
"ENSG00000050165",15.3609559502114,-1.23897785802523,0.339301331393459,-3.65155613429789,0.000260656108672858,0.00164609673531473
"ENSG00000050405",101.067977723067,-1.10609094387752,0.258553074955966,-4.27800343920062,1.88577108339637e-05,0.000252390254822426
"ENSG00000051128",72.9481486701521,1.14986283330923,0.200207203866932,5.74336393046821,9.28139507283067e-09,6.68300975353296e-07
"ENSG00000051596",20.7403467811731,-1.47634209250803,0.388403809553741,-3.80104946499954,0.00014408453204462,0.00104984969018283
"ENSG00000052802",949.884763054044,-1.01196281614815,0.20717538865829,-4.8845706176869,1.03654488722638e-06,3.19468946644407e-05
"ENSG00000053108",3.45681362959833,1.49187952805953,0.614954696452303,2.42599908036517,0.0152663089641695,0.0421934576785435
"ENSG00000053254",7.68774206035395,-1.61897153249965,0.508858965996325,-3.18157218538887,0.00146478014924467,0.00625071425489009
"ENSG00000053371",50.8756806838427,-1.62356018055903,0.396041327908184,-4.09947161104214,4.14094458202831e-05,0.000433524033098824
"ENSG00000053438",19.0282324909541,1.67384253262815,0.619293237106336,2.70282708147956,0.00687525032747457,0.0219191807134045
"ENSG00000054267",33.3876318451589,1.53273072687711,0.308366514791384,4.97048367237291,6.67860858646215e-07,2.27999124186697e-05
"ENSG00000054277",40.2252902307016,-1.02204043491019,0.299080312486161,-3.41727754132089,0.000632507625325296,0.00322293517737602
"ENSG00000054967",35.6440372864549,2.10723879582599,0.535378385371116,3.93598033354538,8.28577585655394e-05,0.000700143403669705
"ENSG00000055483",39.1558358295455,1.53308603112653,0.299919536872737,5.11165777032076,3.19343960329706e-07,1.28118310507945e-05
"ENSG00000055609",57.6594248728092,1.64972775154271,0.36217161173264,4.5550995663364,5.23607711315217e-06,0.000106196402852111
"ENSG00000055732",17.8768796427063,2.11112551918799,0.542678543506706,3.89019529968187,0.000100163575985217,0.000800022230987314
"ENSG00000056050",16.0764326698897,-1.24164806431274,0.418802656295323,-2.96475689838313,0.00302922202827673,0.0111817421142277
"ENSG00000057149",80.855396919306,-2.17191487424622,0.252519304105326,-8.60098550461836,7.90344678111522e-18,1.43208718652537e-15
"ENSG00000057704",10.2828128684734,-1.39803864674775,0.337132853999421,-4.14684783806371,3.37083919053612e-05,0.000373031996058726
"ENSG00000058799",45.4955843890756,-1.13914098355556,0.263959429850678,-4.31559116565743,1.59176341361393e-05,0.000224713929170207
"ENSG00000058804",10.9426484850946,-1.08046914842887,0.380654146320606,-2.83845364321567,0.00453327036705775,0.0155662422079165
"ENSG00000059378",25.5454575470631,1.67374978640306,0.311089175967903,5.38028936942425,7.43662037650973e-08,3.86821556429871e-06
"ENSG00000059588",5.97392555926288,-1.26105365854695,0.469581103980334,-2.68548637894034,0.00724243267336868,0.02287310330419
"ENSG00000059728",108.237670391213,1.65929532167769,0.357476459781474,4.64169115552957,3.45569119252493e-06,7.8702889604342e-05
"ENSG00000059758",27.723774880747,1.02263957066474,0.238512813369971,4.28756659323987,1.80641111691186e-05,0.000244949941667431
"ENSG00000060558",43.561284061606,-1.49394852120202,0.171837679946982,-8.69395188332943,3.50045976929758e-18,6.71152106231951e-16
"ENSG00000060982",8.51949281907659,2.52063353211026,0.642973141441726,3.92027811061951,8.84468395125646e-05,0.000733201879461988
"ENSG00000061794",49.2766892509931,-1.17836058792735,0.280154354784118,-4.2061119800739,2.59801540523808e-05,0.000310200405626146
"ENSG00000061936",29.2768426987125,1.35280859297759,0.296272915280937,4.56608931563927,4.96907115695244e-06,0.000102675456525049
"ENSG00000062038",37.6803498862214,-1.45423900887753,0.27244117056456,-5.33780928140934,9.4076338927385e-08,4.77299923868816e-06
"ENSG00000062194",69.3881018326981,1.11097104426615,0.265955512615768,4.17728150599078,2.95013823665374e-05,0.000339574804038746
"ENSG00000062282",31.983235620373,-1.80319878121201,0.486380523871742,-3.7073827851041,0.000209412290755369,0.00138841948623453
"ENSG00000062370",11.1681825681389,1.04082782718975,0.345410685838547,3.01330523305309,0.00258418858189697,0.00982694217815705
"ENSG00000063241",9.46602151525217,-1.17337941018334,0.400943083231513,-2.9265485782325,0.00342745973728848,0.0123666047282603
"ENSG00000064115",83.4419316703863,-1.86405654726934,0.418796220696522,-4.45098703175767,8.54765041414635e-06,0.000145601454213697
"ENSG00000064195",11.6258443264773,-1.31265520872367,0.372394861353028,-3.52490150899069,0.000423640270158977,0.00236152955194435
"ENSG00000064199",3.42891670802254,-1.5204893204417,0.548090002604482,-2.77415992485988,0.00553444640271838,0.0183801584560772
"ENSG00000064300",11.6983938208632,5.56517796884085,0.682365096639885,8.15571897836657,3.47108698087693e-16,5.66680725026532e-14
"ENSG00000064490",21.4245559335582,-1.09671014081107,0.309894761022709,-3.53897606139492,0.000401682277247262,0.00226786696492062
"ENSG00000065183",11.4425166645063,-1.09404990815164,0.333998956282474,-3.27560876335902,0.00105434507981711,0.00481848559343248
"ENSG00000065491",52.3502862695612,1.2221452690036,0.322678390871395,3.78750267628146,0.000152169046479481,0.0010909197423479
"ENSG00000065526",50.6048539831483,1.25048029625081,0.239027447345923,5.23153432852883,1.68108807401355e-07,7.6998503478915e-06
"ENSG00000065621",2.94041953526083,-1.71258098724009,0.603266610188728,-2.83884597343175,0.00452770063917527,0.0155504673402598
"ENSG00000065809",74.6432214224869,1.34786179730849,0.387745681816392,3.47614908564407,0.000508669430093155,0.00272940131233519
"ENSG00000065833",64.1054463026163,-1.10653064928343,0.294256551159612,-3.76042825528538,0.000169622719037762,0.00118013038574416
"ENSG00000066248",7.5888601365997,1.72536286780739,0.556459109033419,3.10061034099052,0.00193122244967117,0.0077839710478029
"ENSG00000066583",40.824286286785,-1.31700891935223,0.328192491367145,-4.01291605991958,5.9973244112545e-05,0.000562193759051594
"ENSG00000066735",6.96669988064848,1.8449835170488,0.583414368287725,3.16238957649206,0.00156480069067834,0.00661257171067663
"ENSG00000067048",163.907285930191,1.27687040480697,0.394794395639159,3.23426679535246,0.00121955472372238,0.00539555616835477
"ENSG00000067057",172.944128321186,1.10110977670171,0.239432985802599,4.59882239287413,4.24885808513906e-06,9.13421394600495e-05
"ENSG00000067191",5.63146572668304,1.27117794215197,0.509306093778902,2.49590169385213,0.0125637414680526,0.0359908848274357
"ENSG00000067365",11.562028383491,1.05050649685412,0.337690007978834,3.11086046975949,0.00186543060838683,0.00758734220564637
"ENSG00000067369",44.1245641508601,1.47402358159679,0.331672140608531,4.44421885688783,8.82117746868217e-06,0.000148876556070727
"ENSG00000067704",109.626127184578,-1.12840216772986,0.268016229119701,-4.21020089505809,2.55143708973094e-05,0.000307533963249806
"ENSG00000067798",10.51889216387,3.12512565479028,0.423716390257943,7.37551278789998,1.63713683946129e-13,2.04505676862706e-11
"ENSG00000068323",126.4973951482,1.00380712093263,0.275024592291731,3.64988131631462,0.000262361502817954,0.00165342364656239
"ENSG00000068489",6.03332211199333,-1.07532967693995,0.422835738278718,-2.54313810208524,0.0109861797531463,0.0321646161132153
"ENSG00000068745",168.724875016179,1.36793837259831,0.399076316463994,3.42776134830274,0.000608580202752605,0.00313589967599616
"ENSG00000068784",7.88257960928901,-1.03417885778571,0.404213709916045,-2.55849525242601,0.0105126255577767,0.0309983338380152
"ENSG00000068878",69.4610135067434,1.06892404435259,0.249753000736077,4.27992473044262,1.86956531201472e-05,0.000251036339004973
"ENSG00000068976",3.17343150888886,2.65781245371626,0.767631827776679,3.46235311974255,0.000535474098261433,0.0028344887339431
"ENSG00000069399",19.9132808374019,1.46621582308356,0.308144385078607,4.75821041720275,1.95316840520532e-06,5.12831111997301e-05
"ENSG00000069812",15.6354077660287,-2.09199776771542,0.479952889560303,-4.3587564805203,1.30803563450202e-05,0.000196629523569467
"ENSG00000070214",23.8314793259695,-1.30206098131587,0.377862860671719,-3.4458559356726,0.000569253747770288,0.00298076374943928
"ENSG00000070495",83.4801448023147,1.73172875626829,0.408075365770433,4.24364933913334,2.19913905089607e-05,0.000277672733340181
"ENSG00000070669",17.9292981615463,4.93635307884683,0.610349638206305,8.0877463831285,6.07787966301467e-16,9.63636132340855e-14
"ENSG00000070770",67.2951411455921,1.00936286912944,0.268120999456057,3.76457969042767,0.000166829458980617,0.00116660345595055
"ENSG00000070785",13.8776677384605,-1.11221605859692,0.33163920002937,-3.3536929847208,0.000797407858992573,0.00386946974306314
"ENSG00000071082",190.021739749334,-1.28925330039685,0.299204276782138,-4.30894008021017,1.64038799581075e-05,0.000229499115556379
"ENSG00000071243",9.85381584368625,1.62769940382365,0.455778514878196,3.5712508393658,0.000355280431486053,0.00206493445004354
"ENSG00000071967",12.6118645220792,-3.58607868029052,0.415450718397998,-8.63177874410387,6.04051460243193e-18,1.13184142363068e-15
"ENSG00000072210",36.595225398027,-1.10960181344303,0.323485023058759,-3.43014895388675,0.000603249991971612,0.00311427336180961
"ENSG00000072364",178.85320446511,1.08846896029783,0.287655820081719,3.78392816800512,0.000154372394468338,0.00110240208418728
"ENSG00000072786",34.43571026113,1.66427867178391,0.403937288422464,4.12014121866189,3.7864025275146e-05,0.000405942726113058
"ENSG00000072832",4.89655197990622,1.73992821600566,0.591275039135192,2.94267151637333,0.00325393480469869,0.0118593698203933
"ENSG00000072864",12.3952729130296,-1.26017082832384,0.332153992156228,-3.79393551811089,0.000148278196077175,0.00107141068147088
"ENSG00000073146",1.75599887240203,3.4164769859553,0.996966835547872,3.42687125001286,0.000610578493901097,0.00314382437613542
"ENSG00000073282",17.1541699916402,-2.11635164993585,0.339888202593041,-6.22661108502734,4.76632315972664e-10,4.225371106491e-08
"ENSG00000073614",43.2684627815867,1.17156505861952,0.224742758542386,5.21291571847716,1.85895368123228e-07,8.30685291323551e-06
"ENSG00000073803",10.3739352733017,1.09559115963702,0.352495733031972,3.10809765046899,0.00188295841047846,0.00763978868857761
"ENSG00000074071",126.143616010042,-1.44886321471449,0.320923932196111,-4.51466241485884,6.34177048282375e-06,0.000119507946847178
"ENSG00000074201",29.6136831612003,-1.35248162834267,0.325676789145065,-4.15283395507881,3.28383019107348e-05,0.000367597257437954
"ENSG00000074410",23.0141119222844,-2.79578120120315,0.588683186982824,-4.74921190722697,2.04210877748341e-06,5.27779492663384e-05
"ENSG00000074657",26.5781923695686,1.41559904677452,0.257564879124382,5.49608724445273,3.8831045389091e-08,2.2545250261293e-06
"ENSG00000074935",6.00181351812686,1.1336700152635,0.427350850884244,2.65278520662305,0.00798306533043323,0.0247244110130566
"ENSG00000075188",17.4426887307462,-1.06193079349741,0.315280538615188,-3.36820914529563,0.000756581789211955,0.00370626177133569
"ENSG00000075391",28.5651105734317,1.55838137966263,0.275887371500719,5.64861440081745,1.61746199075474e-08,1.08415978721768e-06
"ENSG00000075618",85.5988408500228,-1.01704911995747,0.225803754295924,-4.50412847708718,6.6645879887478e-06,0.000123613488578698
"ENSG00000075624",2653.45750810975,-1.15179349504202,0.246723396771326,-4.66835942644527,3.03614405821737e-06,7.18263692624766e-05
"ENSG00000075651",11.4274414097338,-2.34453391689301,0.585033357351086,-4.00752177193552,6.13592067566718e-05,0.00056968015777633
"ENSG00000075856",49.5885047631699,1.24775706308729,0.326416866361382,3.82258759173882,0.000132058545198444,0.000988430935895205
"ENSG00000076003",21.1831639920575,-1.20034838389329,0.387533134723678,-3.09740839257312,0.00195220723315431,0.00784546552948609
"ENSG00000076053",21.8322625148836,1.27835346210941,0.261321658329839,4.89187719946226,9.98787573536972e-07,3.12504901329243e-05
"ENSG00000076248",30.622378213581,-1.04406589338143,0.312330804095418,-3.34282075187967,0.000829314503545384,0.00398443090004657
"ENSG00000076258",9.37300376778702,-1.08111233762177,0.440680818422109,-2.453277502508,0.01415610842841,0.039629893357564
"ENSG00000076554",16.146238706348,-1.21026082627134,0.342101372850963,-3.53772572201455,0.000403589057673556,0.00227358386470081
"ENSG00000076650",20.2847149101328,1.02862218681749,0.255820094707196,4.02088111176263,5.79808633972919e-05,0.000550269391848799
"ENSG00000076944",76.4146751128275,1.04773147977314,0.319609713610087,3.27815906449995,0.00104486498877958,0.00478577188888513
"ENSG00000077150",144.930219758952,1.83950711952371,0.479979587590928,3.83246947803845,0.000126863343046492,0.000960822853151578
"ENSG00000077152",11.8821885910615,-1.64529362308074,0.52532490996854,-3.13195432361901,0.00173646888321727,0.0071653241780204
"ENSG00000077348",11.8915003883844,-1.07680720486857,0.396634050583801,-2.71486324304136,0.00663031438730237,0.021269893761134
"ENSG00000077458",13.6633961043086,1.08332249383912,0.357527732980965,3.03003765555943,0.00244523250132282,0.00941383112638619
"ENSG00000077463",42.8901715655439,1.23717533144502,0.285631883598643,4.33136285717822,1.48189236438084e-05,0.000213591985981431
"ENSG00000077522",3.66373831689345,4.42861345121461,0.925664112182333,4.78425531781044,1.71622419284299e-06,4.68239743857001e-05
"ENSG00000077713",19.1778257827514,-1.353598423905,0.334317586616439,-4.04884001946921,5.14721129060193e-05,0.000508217766291827
"ENSG00000077782",20.7049846733858,1.89993690147523,0.50052075184432,3.79592033791674,0.000147096730988576,0.00106474012171669
"ENSG00000078018",15.8981036032901,-2.05917651061797,0.417120636915179,-4.93664500957477,7.94779475549815e-07,2.60022197863907e-05
"ENSG00000078114",6.65079404521773,-1.71051946737732,0.504239129794605,-3.39227831857094,0.000693139945668184,0.00346129150942541
"ENSG00000078399",10.1734284885634,-1.25530023552245,0.376549717101939,-3.33369055534999,0.000857019450151749,0.00408539858732356
"ENSG00000078487",4.6677543193575,1.44481335726789,0.506443236515132,2.85286336768903,0.00433272460568167,0.0149931366260409
"ENSG00000078596",7.78479875415311,-2.23282891194138,0.595425643237027,-3.74997102879652,0.000176855001753953,0.00121494603797665
"ENSG00000078687",5.93470581577047,1.37096246092886,0.439936037065146,3.11627678895022,0.00183150275816325,0.00748999230638738
"ENSG00000078804",105.362529859894,1.49153833917384,0.513382435977942,2.9053162606403,0.00366882184943053,0.0130546403701468
"ENSG00000079134",14.6088531119086,1.30853696422759,0.290797909187017,4.49981558631514,6.80124393741147e-06,0.000125302470708355
"ENSG00000079387",20.1392074894136,1.15670963394707,0.270915357075633,4.26963479085514,1.95793296591734e-05,0.00025906868943045
"ENSG00000079432",42.3371113317731,1.03612693775949,0.271062163113276,3.8224698196867,0.00013212165348441,0.000988454602678961
"ENSG00000079459",194.100484875567,-1.25572985279795,0.272087982259042,-4.61516103126683,3.92790640399089e-06,8.63563315938743e-05
"ENSG00000079462",19.0651919060937,-1.17373410284058,0.387575118649881,-3.02840416311883,0.00245849042650897,0.00945604120427022
"ENSG00000079739",31.7324912238947,-1.37000481784563,0.329145597469577,-4.16230637255376,3.15049258355197e-05,0.000357131507219733
"ENSG00000080007",5.06062440731368,1.95554260930098,0.586622547937132,3.33356195764666,0.000857415730090262,0.0040861063507105
"ENSG00000080031",12.9891264420837,1.75304727781693,0.510935916776661,3.43105117541232,0.000601247162944798,0.00310880039818024
"ENSG00000080298",3.23274143408141,1.42691179521385,0.56002852913157,2.54792697333928,0.0108365152790092,0.0318111626198296
"ENSG00000080345",15.6432233929869,1.01353421041564,0.273306732097437,3.7084128979827,0.000208562376936796,0.0013838973977106
"ENSG00000080546",20.1075968635347,-1.1320546308233,0.357103578456063,-3.17010161510488,0.00152385636353472,0.00646267170224382
"ENSG00000080573",3.26132015937819,2.13039500777267,0.730321672655767,2.91706392886525,0.00353343343415881,0.012682364801011
"ENSG00000080603",66.9148841241001,1.03056035418101,0.313685953120435,3.28532516017808,0.00101864740937848,0.00467998805607183
"ENSG00000080802",27.6812966299929,1.19974011897827,0.282143814758453,4.25222902726179,2.11653239122595e-05,0.00027164095709074
"ENSG00000080822",165.846115872553,1.1648015776135,0.285914412950924,4.0739519410427,4.62220237570143e-05,0.00046786087536093
"ENSG00000080823",4.81227080715731,3.1409796886598,0.653198097115082,4.80861732839129,1.51977819046855e-06,4.26184057527822e-05
"ENSG00000080824",3010.85831259878,1.09436181294489,0.212922856212639,5.13971037403326,2.75162265451256e-07,1.1371304749438e-05
"ENSG00000080845",76.8175010445237,1.1173918019993,0.289886474176457,3.85458412702323,0.000115926516757473,0.000893647655359503
"ENSG00000080854",9.47018021984397,2.45408158802509,0.465680390086187,5.26988389519879,1.36510079434508e-07,6.44961232033126e-06
"ENSG00000080986",2.09838443872158,-2.1049108277784,0.78857784222056,-2.66924926758172,0.00760210085926497,0.023771866080729
"ENSG00000081041",36.1855709261145,2.23150869830099,0.549832031393386,4.05852800653664,4.93830117396835e-05,0.000492157820749083
"ENSG00000081277",257.436627105096,-3.69009935383268,0.246513578413969,-14.9691525212291,1.16800137028718e-50,1.92591745946653e-47
"ENSG00000081320",17.8928297118906,1.17768098075863,0.373876707033429,3.14991803074091,0.00163316277138536,0.0068453241467739
"ENSG00000081870",10.4792790193722,-1.35046118209968,0.373509182984064,-3.61560369496269,0.000299648496765466,0.00181634576096587
"ENSG00000082213",21.0936609599106,-1.12667064932045,0.309931702907501,-3.63522233689242,0.000277740994908836,0.00172282773778578
"ENSG00000082258",40.0475418259957,1.433660852759,0.274108139837611,5.23027464127236,1.69258395340349e-07,7.73102958661223e-06
"ENSG00000082641",152.033267912175,-1.01731339646105,0.242425449606041,-4.19639686391943,2.71194871459753e-05,0.000320784234971296
"ENSG00000082898",84.6515985148835,1.10998026718249,0.224506924407044,4.94408032230682,7.65041581437774e-07,2.52801014756061e-05
"ENSG00000083168",17.7624080865909,1.01588637056558,0.263781540574202,3.85124132778278,0.000117520618938603,0.000904245210302668
"ENSG00000083799",139.020630570726,2.60800428039569,0.512353948107726,5.0902394526827,3.57611634941134e-07,1.40396624965342e-05
"ENSG00000083814",19.3056683239468,2.45455428033134,0.491971855316384,4.98921687045051,6.06245568740628e-07,2.10450172272931e-05
"ENSG00000083844",16.8970134951566,1.53998727999341,0.294547582853599,5.22831409809543,1.71062717864097e-07,7.79185954381517e-06
"ENSG00000083845",196.234997511523,-1.37124635481808,0.340024678082624,-4.03278480418081,5.51197508251706e-05,0.000532748869493692
"ENSG00000083896",130.849815543826,1.33006547806608,0.341003763907421,3.90044222041836,9.6017140453018e-05,0.000778380840181816
"ENSG00000084092",26.512200141402,-1.06857219701002,0.266592917994142,-4.00825425165082,6.1169246143112e-05,0.000568556764179129
"ENSG00000084093",32.2388469571011,1.03220749419045,0.230217190809749,4.48362474826418,7.3385667961181e-06,0.000131814409478422
"ENSG00000084207",1403.22563646476,-1.83313755712496,0.389892836211926,-4.70164462352048,2.58074375674607e-06,6.35132594104267e-05
"ENSG00000084636",11.3781754355242,-1.04669235528649,0.309715724340815,-3.37952603961012,0.000726109285845084,0.00359220402469234
"ENSG00000084733",269.255646701921,-1.1410057638324,0.26006205494878,-4.38743654493205,1.14694440067793e-05,0.000179150826878055
"ENSG00000085117",22.2603644453352,-2.26416093494772,0.538615976617136,-4.20366463907763,2.62627964957458e-05,0.000312669495608919
"ENSG00000085365",13.5325131385518,-1.06048691570264,0.32708335845178,-3.24225274169362,0.00118588802233489,0.00527633772268751
"ENSG00000085377",16.4389326725863,-1.09106253898705,0.324337820226765,-3.36396951247998,0.000768300299219887,0.00375029710889186
"ENSG00000085465",61.308328930086,2.14925568783685,0.604323104388303,3.55646784349297,0.00037587446419624,0.00215800628138294
"ENSG00000085552",3.89045048103616,-1.5573182508419,0.54319544105456,-2.86695751315313,0.00414438646316788,0.0144566931227364
"ENSG00000085563",32.3843304097998,2.38084449919628,0.832926165364587,2.85841002263885,0.00425769838475991,0.0147924965584295
"ENSG00000085871",18.8386014336614,-2.23241710804983,0.485906424591064,-4.59433544211444,4.34130555325238e-06,9.27251130409049e-05
"ENSG00000085872",48.7072659024534,1.15739022927741,0.319940807646926,3.61751362006519,0.00029744668284786,0.00180848021883421
"ENSG00000086061",1376.19959375774,1.53396887240048,0.379467871331972,4.04242094861969,5.29021504268375e-05,0.000517687571743693
"ENSG00000086570",12.22826862247,-2.88640688261663,0.380468158902348,-7.58646108768713,3.28761021125771e-14,4.5174503977857e-12
"ENSG00000086730",2.01471061416168,1.92270992729117,0.77638689962541,2.47648424801969,0.0132683479786488,0.0375784592614119
"ENSG00000087008",10.6247914410028,-1.04542595155533,0.349018233533484,-2.9953333411019,0.00274145066361637,0.0103215894874789
"ENSG00000087074",991.30910711295,1.9076333725337,0.474124339165362,4.02348754314503,5.73426184631915e-05,0.000546527885026168
"ENSG00000087085",43.5468366414119,2.79167861625129,0.651910259250527,4.28230508208408,1.84967139498339e-05,0.000249176729018637
"ENSG00000087087",117.62821390143,1.38515426122753,0.320931150021072,4.31604804063608,1.58847423014917e-05,0.000224634233112605
"ENSG00000087088",208.519402200802,1.00740985714701,0.314883299960586,3.19931179987351,0.00137756095111123,0.00595246397349923
"ENSG00000087302",30.1525196661828,-1.0454331372946,0.262671684068582,-3.97999937070356,6.8915450660302e-05,0.000617622692899308
"ENSG00000087589",1.89154875502464,2.185045743812,0.907180776377608,2.40861116186449,0.016013348821711,0.0439122083354719
"ENSG00000087842",11.6790169354614,-1.67684716821898,0.458828384200249,-3.65462823565672,0.000257554908050283,0.00163213792422795
"ENSG00000088002",53.2889246643501,-2.44616840548251,0.180361935578503,-13.56255352681,6.6770508478454e-42,7.86413510215163e-39
"ENSG00000088035",4.00951484943164,-1.25870096341824,0.511540143128772,-2.46061033591528,0.013870091645686,0.0389415871182898
"ENSG00000088038",104.491558078525,1.51080536497826,0.470597822125471,3.21039599833814,0.00132552225173005,0.00576537494296406
"ENSG00000088298",63.5771914731505,-1.03654475618567,0.296701958106038,-3.49355549522602,0.000476633907445137,0.00259894725524566
"ENSG00000088448",23.1882218854373,1.44303055700027,0.419867360179227,3.43687243605763,0.000588472686318383,0.00306098615921256
"ENSG00000088726",78.6518284875756,-1.10209911347085,0.149831711281503,-7.35557983049552,1.90100103516172e-13,2.33922433349116e-11
"ENSG00000088808",20.9489907567438,1.60269975896077,0.301456290847282,5.31652450992539,1.05767981265705e-07,5.27621234565473e-06
"ENSG00000088832",151.386183700111,-1.60024322491303,0.301513154909648,-5.3073744838515,1.11215537702591e-07,5.47412836172545e-06
"ENSG00000088899",43.6291554348644,1.0046088068162,0.351565614438038,2.85752862498234,0.00426954122451686,0.0148242714784288
"ENSG00000089050",9.03821000674673,-1.29115352749571,0.383262840237798,-3.36884610752924,0.000754835610157761,0.00370276842359087
"ENSG00000089060",16.1923724571604,1.07621106054855,0.269676821256298,3.99074364468919,6.58664452402977e-05,0.000598386675243674
"ENSG00000089063",56.8255014771432,-1.15983203620807,0.318815750751905,-3.63793831851998,0.000274829219827202,0.00171394062243976
"ENSG00000089127",3.55401740894025,-3.94589828360909,0.810971311278997,-4.86564472593482,1.14084291693601e-06,3.45162547841429e-05
"ENSG00000089157",528.511333556723,-1.44579275110318,0.31699483855286,-4.56093467547766,5.09264236812289e-06,0.000103797997537674
"ENSG00000089220",515.307856769644,-1.53659893327242,0.303552383603874,-5.06205523748295,4.14760808252643e-07,1.56141346284882e-05
"ENSG00000089280",114.903552857442,1.11063913165635,0.284880888882141,3.89860876949116,9.67469412352437e-05,0.000782373866614975
"ENSG00000089356",222.263465742489,-2.10858697868233,0.494052362752833,-4.26794230257984,1.97284335371943e-05,0.000260241712475838
"ENSG00000089682",7.58367126836612,-1.00346910964153,0.386365861694717,-2.59719920709354,0.00939873982093346,0.0282184670261056
"ENSG00000089692",6.57241013240708,2.88986044654189,0.673764750925949,4.28912382633609,1.79379349829135e-05,0.000243854053689715
"ENSG00000089723",7.03769006483349,-1.29893547681471,0.398408858479477,-3.26030771949218,0.00111291398145869,0.0050290048342758
"ENSG00000089876",55.2975424645759,-1.01077554982846,0.217992054994855,-4.63675407735531,3.53923076981575e-06,8.03834382417243e-05
"ENSG00000089916",30.2137213342021,1.30362898404068,0.311250023015616,4.18836590407345,2.80970249538763e-05,0.000329510557940588
"ENSG00000090263",16.3716967327905,-1.18381512666838,0.360685277566732,-3.28212766169629,0.00103026949594981,0.00472416955470421
"ENSG00000090316",51.9555034196564,1.45410240701624,0.349752337983904,4.1575201909963,3.21720848605802e-05,0.000363097540907671
"ENSG00000090372",89.1087666913775,1.24844640734235,0.355982995194223,3.5070394490647,0.000453121968231679,0.00249800338822205
"ENSG00000090512",5.71780559859892,-2.00905173725174,0.717109229430687,-2.80159793626799,0.0050850204046409,0.0171852636712695
"ENSG00000090615",73.2847372348454,1.09378733059762,0.266572867554084,4.10314575760678,4.07570297386745e-05,0.000428598637347579
"ENSG00000090674",37.3019058100032,1.20005744668598,0.41430945979099,2.89652436922724,0.00377321335819345,0.0133655241811497
"ENSG00000090924",29.0951302070554,1.23621332493401,0.382026492853386,3.23593611453655,0.00121244516496366,0.00537192752566583
"ENSG00000091009",56.4654635288156,1.20640726661385,0.270292196253947,4.46334479253852,8.06900525177484e-06,0.000139702146689444
"ENSG00000091136",454.378962127094,-1.41652900169117,0.437753825684555,-3.23590319165348,0.00121258501125164,0.00537192752566583
"ENSG00000091732",26.8387745571992,1.19203566943952,0.266480535604107,4.47325605503305,7.70374349847324e-06,0.000136306803255749
"ENSG00000091986",5.54463973622302,-1.16037044954826,0.433875505490896,-2.67443180097339,0.00748559997253428,0.0234702650277465
"ENSG00000092036",21.7141152262445,-1.36103683443616,0.424124094294,-3.20905332365461,0.00133172791361395,0.00578473697776089
"ENSG00000092068",49.1158084763443,-1.12707493534589,0.32096834865594,-3.51148311061053,0.00044561377706818,0.00246485258976089
"ENSG00000092295",60.6146180584036,-1.8602604485154,0.483088594669697,-3.85076457825985,0.000117749646746727,0.000905584853174808
"ENSG00000092850",1.1551412167245,2.68649458421936,1.06279952791724,2.52775289567926,0.011479511543471,0.0333543023507126
"ENSG00000092929",18.5188669314625,1.163103265113,0.34244449419519,3.39647237677603,0.000682604467359642,0.0034252784730046
"ENSG00000092978",13.5673777805946,1.19628566301003,0.302083954892585,3.96010990863584,7.4915275923154e-05,0.000653309723009176
"ENSG00000093010",39.559716476201,-1.1242756022359,0.27569340250581,-4.07799240757024,4.54262496140768e-05,0.000461292986746368
"ENSG00000093144",16.8487099982343,-1.05268191972655,0.309057485004422,-3.40610394765715,0.000658970841270677,0.00332999393248918
"ENSG00000094796",9.85846298668104,-1.67399859863162,0.52241791958557,-3.20432844256106,0.00135377943830429,0.00585584185682042
"ENSG00000094804",13.2658655832446,1.10492339505521,0.359092889072184,3.07698489354685,0.00209105897770172,0.00831030886558777
"ENSG00000095303",1.50206323505144,-2.27550853537572,0.873701171367702,-2.6044471610512,0.00920226090206967,0.0277498317509559
"ENSG00000095383",36.0007102417612,-1.08257396240538,0.230289409250442,-4.70092813181901,2.58981658681269e-06,6.36415584202005e-05
"ENSG00000095397",10.9125857005697,1.76316104108408,0.385975099180793,4.56806940350886,4.92237056998832e-06,0.000101838103298039
"ENSG00000095564",102.816892911678,1.02413052764698,0.22006817075102,4.65369673475251,3.26036227467343e-06,7.56119740465403e-05
"ENSG00000095574",32.7787400041565,1.41108542951966,0.362119913035818,3.89673524907779,9.74980999519942e-05,0.000785366961459909
"ENSG00000095585",5.90516574124536,-3.10465386224123,0.616815755462247,-5.03335693802856,4.8196452567574e-07,1.76210932679984e-05
"ENSG00000095739",85.9050628122344,1.20699969109893,0.353651389285625,3.41296465295122,0.000642602763828135,0.00325826475177187
"ENSG00000095752",105.178412802299,6.30036131231469,0.501423759722338,12.5649437031135,3.29109211807215e-36,2.26111741395382e-33
"ENSG00000095787",80.8831031004136,1.0618090053932,0.223224664981948,4.7566831625845,1.96799678776715e-06,5.14800392453383e-05
"ENSG00000096384",3720.68124071778,1.39434138025594,0.308357161674264,4.52183880758659,6.13047375805264e-06,0.00011699696967191
"ENSG00000096696",868.766229165941,-1.71679613824682,0.392808282296494,-4.37057011173448,1.23922555206079e-05,0.000189550928830523
"ENSG00000096717",47.7089735642643,1.78655209070203,0.291902355731785,6.12037572024122,9.33549705675051e-10,8.10173741940838e-08
"ENSG00000096746",214.206361385948,1.24491507930972,0.33143529829802,3.75613305433243,0.000172558975967501,0.00119300836676232
"ENSG00000097046",4.74549728938926,-1.11508898883675,0.462799843668302,-2.40944115278474,0.0159769724282429,0.0438270335001325
"ENSG00000099194",1021.01226058042,-2.1396399453234,0.398712432516419,-5.36637378428195,8.03353709109621e-08,4.12663529891232e-06
"ENSG00000099204",65.7083134295816,-1.48946481873282,0.331234171201164,-4.49671244162862,6.90122225769606e-06,0.000126157709320566
"ENSG00000099219",56.7321380596346,-1.47948850727601,0.343595499006914,-4.30590188623581,1.6630676073732e-05,0.000231607447449128
"ENSG00000099260",7.44845151929381,-2.62900109618442,0.704936499079476,-3.72941548581672,0.000191924464016413,0.00129698462588796
"ENSG00000099290",53.7073514379167,1.22249509302287,0.309173660549397,3.95407257801495,7.68320864073972e-05,0.000664538907182967
"ENSG00000099326",25.679805015431,1.52821928519701,0.341190392180593,4.47908065473343,7.49652064112581e-06,0.000133488260098837
"ENSG00000099331",51.4195722337173,1.09914375730518,0.295616625541535,3.7181391787139,0.000200695694400996,0.00134523223779594
"ENSG00000099337",33.8009002104168,-1.16783792806385,0.294076258255563,-3.97120779144622,7.15091730249183e-05,0.000635641376823654
"ENSG00000099381",30.9598892901245,1.22469891618517,0.309550705795906,3.95637578352879,7.60954273796031e-05,0.000661084036913739
"ENSG00000099624",42.2886599952265,-1.53900986361625,0.369609894872751,-4.16387625159791,3.12889741249605e-05,0.000355962101655774
"ENSG00000099625",35.319611038819,2.14413702132824,0.463252651061953,4.62843982956828,3.68430876781821e-06,8.27782065843846e-05
"ENSG00000099785",49.5214045169895,-1.04174130694826,0.306982133959349,-3.3934916456285,0.000690076634105362,0.00345122038815994
"ENSG00000099795",252.495799261926,-1.42819964118124,0.327318792723111,-4.36332918528573,1.28097967222819e-05,0.000194136707861862
"ENSG00000099800",81.1187595385385,-1.25979470586249,0.298752679622852,-4.21684822192347,2.47740599869695e-05,0.000301031300755446
"ENSG00000099810",5.42100767927142,-1.02302141983412,0.418875146423465,-2.44230632580881,0.0145937577118843,0.0406274642767619
"ENSG00000099822",17.0594094913668,4.58626192620083,0.60478897577082,7.58324326324816,3.37022085799393e-14,4.55504686290672e-12
"ENSG00000099860",375.275676931238,3.08633572855083,0.605384096476605,5.09814470930704,3.4299857525781e-07,1.3530391166091e-05
"ENSG00000099869",1.35867822250593,3.49942327858616,1.15921214071724,3.01879453783235,0.00253782578950546,0.0096911091809068
"ENSG00000099889",23.752806587348,1.37240142451003,0.403395151653665,3.40212672086923,0.000668636266319405,0.0033685131058175
"ENSG00000099985",2.78391853432277,4.05166704441116,1.00121540836661,4.04674859231451,5.19339671351291e-05,0.000511247274084265
"ENSG00000100003",19.5954015100385,-1.119476090281,0.275219465708489,-4.06757598849039,4.75047198340526e-05,0.000477334140977266
"ENSG00000100034",13.6150774063985,-1.24510104397399,0.309615472183575,-4.02144322824976,5.78426497539479e-05,0.000549721874232188
"ENSG00000100060",9.8524553916317,1.16262765368266,0.369928693307836,3.14284259295124,0.0016731578845926,0.00696332669334867
"ENSG00000100068",5.29882808776205,1.98469707139254,0.544102104105189,3.64765557129484,0.000264644074161355,0.00166363558476804
"ENSG00000100078",2.27960865496192,-3.2214934723571,0.969694388558383,-3.32217398632821,0.000893189802483065,0.00420914737157567
"ENSG00000100100",9.4059064453642,-1.311868256579,0.333213030762811,-3.93702567266289,8.24977840402884e-05,0.000697592800533495
"ENSG00000100129",56.4068232198924,-1.05791486291144,0.260584155837069,-4.05978199063225,4.91185553584878e-05,0.000490560786981287
"ENSG00000100139",57.098458482422,-1.0618666949568,0.217956923532128,-4.87191082416005,1.10524056478799e-06,3.36845033335505e-05
"ENSG00000100170",14.3408772790767,-1.84577807955448,0.5286208201106,-3.49168630771732,0.000479981592320661,0.00261145323507218
"ENSG00000100197",4.54586689869782,1.74147545489165,0.507797573740236,3.42946785283874,0.000604766069900938,0.0031201463474958
"ENSG00000100211",23.7423618559183,-1.04419423340499,0.297305595828917,-3.51219165752221,0.000444427376194834,0.00245994058612844
"ENSG00000100216",75.8383466830079,-1.05572184321176,0.244223565533497,-4.32276811988055,1.54083654267345e-05,0.000219402882142854
"ENSG00000100253",2.64018444382646,3.68966560178121,0.960748758333414,3.84040631827782,0.000122830839942621,0.000938099916541862
"ENSG00000100294",9.05739718205413,-1.27426154518684,0.402189301996496,-3.16831287869,0.0015332641463167,0.00649421847126023
"ENSG00000100300",90.8252859805958,-2.12881110727034,0.391026954334107,-5.4441543829007,5.20520617733707e-08,2.88015586101043e-06
"ENSG00000100304",33.1237721809175,-1.48053733761767,0.329949132592842,-4.48716844921867,7.21760079381144e-06,0.000130066687966292
"ENSG00000100316",446.771607252764,-1.04523365108839,0.285105342508304,-3.6661314091578,0.000246247421706454,0.00157560065776324
"ENSG00000100321",4.47412665673151,-1.21156072086611,0.480589651710417,-2.52098795001966,0.0117025859514544,0.0339247432759373
"ENSG00000100330",72.4703853518362,1.00987442843144,0.316585046582529,3.18989933142083,0.00142322360621986,0.00610815565928143
"ENSG00000100347",13.9290485029432,-1.15858456231038,0.314881504459812,-3.67943034411617,0.000233755524253739,0.00151262752304758
"ENSG00000100348",75.5480342705066,-1.52488587819292,0.334756955966806,-4.55520296445797,5.23350211399943e-06,0.000106196402852111
"ENSG00000100364",29.2994330807245,-1.03666532478662,0.244003846281054,-4.24856140830071,2.15147673404873e-05,0.000274579720338464
"ENSG00000100393",84.3724985522669,1.23988054847256,0.291889235466023,4.24777757389031,2.15901585087991e-05,0.000274903570387327
"ENSG00000100425",69.4405545742624,1.39699102421209,0.272745462367819,5.12195881128221,3.02377949997085e-07,1.22746924907686e-05
"ENSG00000100427",4.62514022300392,4.65935063152213,0.87436258325427,5.3288540941226,9.88343532007574e-08,4.95686641983398e-06
"ENSG00000100503",7.16573255186771,-1.29568939239111,0.397936481393905,-3.25602062885143,0.00112985542206968,0.00509390372714986
"ENSG00000100504",110.385210993847,-1.5889204092819,0.33347011271868,-4.76480604611885,1.89035394458972e-06,4.99805689708931e-05
"ENSG00000100526",5.5265925914669,-1.12322717376747,0.470546272777886,-2.38707060016958,0.0169832294989114,0.0461193134399787
"ENSG00000100567",61.6129106602436,-1.27830629300008,0.323700012934414,-3.94904615978215,7.84632216461388e-05,0.000673007890749013
"ENSG00000100568",35.9961321791542,-1.17115946173394,0.285132671693482,-4.10741938052241,4.00104363515355e-05,0.000423522884081919
"ENSG00000100625",14.4955968004532,4.18302898704666,0.493718825725824,8.47249237639889,2.40197400031037e-17,4.21342013735295e-15
"ENSG00000100650",467.145166622226,1.09576308540805,0.288977809331867,3.79185892488256,0.000149523849643471,0.00107852089097602
"ENSG00000100664",221.718326011926,1.00418991523492,0.290884878052804,3.45219016525373,0.000556055681378211,0.00292512101330452
"ENSG00000100714",7.68688934114633,-1.73902954497386,0.432661060087109,-4.0193807703049,5.83513017185405e-05,0.000552010679309819
"ENSG00000100731",19.1542869748981,1.15912659421925,0.263468077244166,4.39949540127795,1.08502876570399e-05,0.000172086155820629
"ENSG00000100739",13.4927301534488,2.99579673849757,0.400900497158312,7.47266905312556,7.85843123661869e-14,1.02839422746512e-11
"ENSG00000100749",10.7248031825943,-1.1073767212387,0.362072976969056,-3.05843515445049,0.00222496226966072,0.00875506259005518
"ENSG00000100813",174.374751408495,1.33271260458999,0.331491564594054,4.02035148683809,5.81113741287735e-05,0.000550372457213869
"ENSG00000100836",134.349314388278,1.22487398354004,0.359288813183991,3.40916259731356,0.000651626285458983,0.00329995879021289
"ENSG00000100842",8.3641208054614,-2.2466469645317,0.501489317940784,-4.47994978987166,7.46606001703144e-06,0.000133233618637264
"ENSG00000100867",19.0351804617079,1.81757127673235,0.669058429473619,2.71661068251142,0.00659541383450763,0.0211702898028414
"ENSG00000100906",513.035066616837,2.33810817722164,0.523465997295031,4.46659035983928,7.94761022088498e-06,0.000138822187428149
"ENSG00000100941",332.220912579499,1.39595362697145,0.315212097105198,4.42861692108715,9.48393010947356e-06,0.000157008557806335
"ENSG00000100979",72.0221307011874,-1.45542779213314,0.405438110601915,-3.58976562408601,0.000330975415843761,0.00196029225281888
"ENSG00000101000",100.79290158528,-1.82917599598947,0.474536781906861,-3.85465587860055,0.000115892524727513,0.000893647655359503
"ENSG00000101040",23.4272722323122,-1.19801112751284,0.334441428639767,-3.58212537359791,0.000340810151745441,0.00200057621649362
"ENSG00000101079",21.4965133754066,-1.18710640198748,0.323257952054678,-3.67231925600607,0.000240359142958968,0.0015445369868474
"ENSG00000101104",28.5247680128671,1.04705006819979,0.267274347768115,3.91751051660298,8.94681438214664e-05,0.000737989106289224
"ENSG00000101146",47.3400465815699,1.04597073694884,0.24781512201603,4.22077042127067,2.43468795550279e-05,0.000297810328218249
"ENSG00000101213",29.1195618928756,-1.59610011545725,0.305660956713021,-5.22179912220779,1.77193123618613e-07,7.98288911297078e-06
"ENSG00000101216",45.8202267710901,1.44654082465053,0.320471802003032,4.5137850369651,6.36807641356722e-06,0.000119866680346244
"ENSG00000101220",7.39454122720316,-1.67979591827503,0.449557632951944,-3.73655299153735,0.000186560146827761,0.00126696468741472
"ENSG00000101236",26.2634396309127,1.56409320403682,0.302607226366329,5.16872390265847,2.35697794927727e-07,1.01738768077573e-05
"ENSG00000101311",11.1529582067367,-1.44952180665933,0.365094972221255,-3.97025956791563,7.17943733328683e-05,0.000637146082823286
"ENSG00000101417",3.81846595282967,-2.63905230959128,0.724990699391231,-3.64011884815525,0.000272512228190707,0.00170335638007451
"ENSG00000101439",229.14850292413,-1.73519685437936,0.390088713149267,-4.44821087072926,8.65885024681435e-06,0.000147039939979116
"ENSG00000101444",123.124001242993,-1.48902184135637,0.339555296183874,-4.3852116520958,1.15873057381977e-05,0.000180418398788614
"ENSG00000101447",23.9886108532861,1.75400469207445,0.456953515093774,3.83847510553563,0.000123800763265692,0.000943780448808136
"ENSG00000101493",29.7434385255441,1.20061529468864,0.284396969942565,4.22161774413809,2.42555196689505e-05,0.000297802877007688
"ENSG00000101544",91.8609289985678,1.76978972879906,0.388882489750186,4.55096275981971,5.34010000670191e-06,0.000108040379153997
"ENSG00000101752",88.3656806027948,1.56041237879997,0.347034198413981,4.49642250225304,6.9106351129029e-06,0.000126189880815787
"ENSG00000101888",17.7647153146772,1.12728459098985,0.288017213944054,3.91394866839042,9.07989460678175e-05,0.000746725098110844
"ENSG00000101911",12.4662464318457,-1.68254949699361,0.413346793080504,-4.07055171386297,4.690192767159e-05,0.000473296135481547
"ENSG00000102003",6.95349514397334,3.5134644251608,0.745907063422726,4.71032464693209,2.47322512826471e-06,6.16959291073477e-05
"ENSG00000102024",220.828090093271,-1.17550747098895,0.297298256762504,-3.95396691453864,7.68660431401541e-05,0.000664538907182967
"ENSG00000102057",9.21191778648256,2.12105512020928,0.612447375876879,3.46324468640662,0.000533702820647936,0.00282940644619259
"ENSG00000102081",14.3267652453961,1.04760282118359,0.26991180356311,3.88127828184677,0.000103908858305176,0.000820964621271707
"ENSG00000102144",185.732702090654,-1.65933774626599,0.337741750998584,-4.91303708043174,8.96763086202142e-07,2.86010184301492e-05
"ENSG00000102195",228.5840903516,8.19761138891436,0.639296106974425,12.8228708097581,1.22094710683838e-37,9.15099856575366e-35
"ENSG00000102243",4.98435013308362,-2.45242331780461,0.704560758850773,-3.48078329228102,0.000499949812689095,0.00269101721224152
"ENSG00000102287",24.1733683655723,1.03281967751535,0.232369716834562,4.44472580844377,8.80040325651544e-06,0.000148830614663265
"ENSG00000102543",6.21657780345129,-1.10167676200138,0.418868224997435,-2.63012731989429,0.00853528955880909,0.0261110184666425
"ENSG00000102575",5.21563693586691,-2.36456250432558,0.579893916489327,-4.07757770359211,4.55073237114235e-05,0.000461545260102389
"ENSG00000102760",14.917477165354,1.16445250744112,0.414835739486449,2.80702069904264,0.00500020286262763,0.0169263693290632
"ENSG00000102780",12.2686255906852,1.03890063044885,0.343963490570791,3.0203805314478,0.00252457282272787,0.00965615432010204
"ENSG00000102786",25.0371766995536,1.49806128083523,0.284956609644781,5.2571557568104,1.46300399451364e-07,6.83384500440099e-06
"ENSG00000102908",68.9445814950412,1.53945649007968,0.387837369471439,3.96933511636001,7.20734592362612e-05,0.000638591762142241
"ENSG00000102921",24.0217429111671,-1.12606531705463,0.248281821617926,-4.53543199303371,5.74856997609491e-06,0.000112655196155514
"ENSG00000102984",17.2278204052114,1.47272057958514,0.410434670172279,3.58819731034653,0.000332972268259625,0.00196999631551236
"ENSG00000103024",52.5608450832254,-1.18616649730117,0.34304254714786,-3.45778244466539,0.000544641004599517,0.00287378736794926
"ENSG00000103034",25.1489685509825,1.87142499535477,0.393362450596428,4.75750797392394,1.95997517016614e-06,5.1380016821732e-05
"ENSG00000103044",15.3686538529769,-2.08365964842152,0.280337389691203,-7.43268548914117,1.06414719987244e-13,1.36021109912377e-11
"ENSG00000103111",48.5259460488544,1.07701080281114,0.286448332548751,3.75987806676389,0.000169996193332934,0.00118173154800453
"ENSG00000103154",2.14854352382654,3.69440049091296,0.978961888862547,3.77379398824756,0.000160783547108247,0.00113442871556178
"ENSG00000103202",58.7637074336172,-1.29387413138943,0.310496823597778,-4.167109075053,3.08486911470856e-05,0.000352749007159705
"ENSG00000103249",55.148984708141,1.19875980993711,0.372762241574326,3.21588314544483,0.00130043772634678,0.00567723528454646
"ENSG00000103260",9.54026276730124,-1.64015899746435,0.387664137253032,-4.23087626595132,2.3278270203544e-05,0.000289032678754696
"ENSG00000103266",104.864313283376,-1.05193991418488,0.24370155729171,-4.31650878999394,1.58516371598844e-05,0.000224358493673248
"ENSG00000103269",13.6039803149056,1.20403822054732,0.379143305032414,3.17568108038828,0.00149485192475712,0.00636093248705034
"ENSG00000103275",66.0085825299539,1.15018776794427,0.235614623847116,4.88164846970872,1.05202671416009e-06,3.23032932770684e-05
"ENSG00000103316",12.8025038750004,1.50305180986088,0.521306087225271,2.8832423919335,0.00393604438381121,0.0138353092825971
"ENSG00000103479",26.0317830826237,-1.06194983889265,0.274446358089223,-3.86942587355232,0.000109091942034658,0.000852924149933368
"ENSG00000103485",180.972917356443,-1.19767599535154,0.4786459319805,-2.50221701539571,0.0123418246793534,0.0354413701041203
"ENSG00000103490",13.2634266693861,-2.24317581373777,0.568093449558829,-3.9486035536579,7.86084105145234e-05,0.000673337184921546
"ENSG00000103550",9.19550854881639,-1.27657631238301,0.408969153516145,-3.12144889512458,0.00179963480411667,0.00738347307416766
"ENSG00000103569",12.3505049569577,-1.77129740996272,0.328861267046393,-5.38615394227269,7.19813179398067e-08,3.76793635399833e-06
"ENSG00000103723",4.63537318734197,4.13473882334491,0.749465706143924,5.5169153030611,3.45001598020271e-08,2.0244595550734e-06
"ENSG00000103769",97.6824709282491,-1.09963523292956,0.255347224100633,-4.30643112257289,1.65909557001984e-05,0.000231445235651922
"ENSG00000103888",4.84646178545963,-1.20010732999581,0.484402334525011,-2.47750112759592,0.0132305990740076,0.0374973097509989
"ENSG00000103942",11.155102457334,1.29079286437798,0.351097011810395,3.67645642360253,0.000236496231197774,0.00152745254846067
"ENSG00000104064",25.6662517846915,1.4852566992259,0.296371589875854,5.01146786656594,5.40164044408174e-07,1.91956140694965e-05
"ENSG00000104140",38.3085509167988,-2.34686711778545,0.47190128162042,-4.97321624075008,6.58511361562255e-07,2.25742075692308e-05
"ENSG00000104147",4.11090739162616,-2.23405499791434,0.731505638762814,-3.05405027593877,0.00225774240693927,0.00885114468569225
"ENSG00000104177",9.71772286161935,2.52144482467584,0.486465937734737,5.18318885062564,2.18123977076546e-07,9.48983181534345e-06
"ENSG00000104218",9.43731159320948,1.02508204199189,0.342426700610028,2.99358093327921,0.00275724369693234,0.0103728476656896
"ENSG00000104219",8.07734374324263,1.29724545126709,0.490395037797963,2.64530705100964,0.00816168189969193,0.0251688746669198
"ENSG00000104320",13.9721496711412,-1.37259475198862,0.416115817740618,-3.29858826189639,0.000971723262363902,0.00450906211083939
"ENSG00000104325",24.4291120028828,-1.82784879819567,0.452213131536148,-4.04200734283534,5.29955726959535e-05,0.000518294186348504
"ENSG00000104332",15.1662314285625,-1.96231034371509,0.492105373614134,-3.98758162160155,6.67502429504163e-05,0.000604417768264368
"ENSG00000104341",45.731290894077,-1.63667616619251,0.35517220560207,-4.60812006226135,4.06326027380345e-06,8.85060748411428e-05
"ENSG00000104361",16.6404708386404,-1.34023300092712,0.308747938347172,-4.34086461630099,1.41923151369074e-05,0.000208015186037748
"ENSG00000104365",18.8456684229311,1.03455222110737,0.269950831048225,3.83237279577981,0.000126913225432964,0.000960822853151578
"ENSG00000104413",91.9247102354916,-1.30674255892677,0.298389663499254,-4.37931576986424,1.19052519223154e-05,0.000184324599950289
"ENSG00000104442",24.857638398045,-1.00401915042101,0.282560524538055,-3.55328881152959,0.000380446532115827,0.00217592191052996
"ENSG00000104497",17.9075447173853,1.45656094153076,0.299480612627592,4.86362348718049,1.15256062416685e-06,3.48018698870152e-05
"ENSG00000104517",94.250119425112,1.20500407992561,0.272840480533943,4.41651501847323,1.00304934801546e-05,0.000163109277114664
"ENSG00000104611",13.6587580925257,-1.11956731625771,0.32155276979015,-3.48175298564013,0.000498142980658906,0.00268556204146309
"ENSG00000104613",28.994326529136,-1.00402515102303,0.292682958227482,-3.43041889798952,0.000602650096777472,0.00311312576621671
"ENSG00000104660",19.4296832449681,-1.29880584255415,0.346548615113713,-3.74783157661147,0.000178369956753567,0.00122191201367244
"ENSG00000104714",9.40208814542927,1.34185455804597,0.342257307883364,3.92060162672482,8.83281763984686e-05,0.000733201879461988
"ENSG00000104722",130.127141064013,2.54915846304669,0.962288567661265,2.64905824376791,0.0080716419621293,0.0249565543434371
"ENSG00000104728",20.1503719387358,1.21759747844371,0.264367900481862,4.60569333956354,4.11093832527993e-06,8.91261647036382e-05
"ENSG00000104763",46.7175956883351,-1.57394241579303,0.419866870322841,-3.74867017867545,0.000177774690801588,0.0012188469341486
"ENSG00000104783",5.56771241917928,3.26518462426318,0.753152822422429,4.33535469436481,1.45525277721223e-05,0.000211975821938625
"ENSG00000104808",24.709460870793,1.94731656602577,0.521786002013036,3.73202147722069,0.000189949301725213,0.00128625709325453
"ENSG00000104823",82.5701745475184,-1.79300896986008,0.381012679944309,-4.70590367260783,2.52743847235269e-06,6.25749744303655e-05
"ENSG00000104825",121.210759037972,1.53650583467756,0.428530803835593,3.58552015613572,0.000336407017948912,0.00198562149378522
"ENSG00000104852",287.400696577806,1.15580547326579,0.316133519116416,3.65606746319161,0.000256113979721501,0.0016242551583184
"ENSG00000104856",57.2059440266394,2.24568227246137,0.494578224904187,4.5406007773521,5.60941584444075e-06,0.000111022776728731
"ENSG00000104859",43.3620814233486,1.33795904179328,0.31981920107512,4.18348566094697,2.87073204821126e-05,0.000334012335589981
"ENSG00000104863",6.02770073285211,-1.12496691247324,0.421482328887961,-2.66907254555927,0.0076061019887245,0.023775737571958
"ENSG00000104879",4.34664319915239,4.37003101236913,0.904100090824327,4.83356992961331,1.34106140411384e-06,3.87782104831536e-05
"ENSG00000104892",30.1301370227506,-1.10165933696739,0.271574413888542,-4.05656527503188,4.97996492001547e-05,0.000495534859181373
"ENSG00000104899",8.49974176550583,3.3339982755428,0.650915947540271,5.12201043489801,3.02295157685077e-07,1.22746924907686e-05
"ENSG00000104904",493.806934529836,1.11701167399813,0.275406454802639,4.05586599195214,4.99488924086348e-05,0.00049644481409476
"ENSG00000104936",33.6754730524238,1.74696140804423,0.342208591356664,5.10496069405655,3.30863279439175e-07,1.31460352160785e-05
"ENSG00000104960",111.634971369401,1.58805584800093,0.414893527459681,3.82762261374459,0.000129386934098897,0.000973294323155436
"ENSG00000104967",1.21762943510531,2.90334127077382,1.06683091954782,2.72146337116328,0.0064993587393118,0.0209312355961938
"ENSG00000104979",144.983046977885,-1.3910549072499,0.319823808823341,-4.3494413763869,1.36484762944915e-05,0.000202201011338607
"ENSG00000104980",65.1325842925804,1.1605561246658,0.293894675280512,3.94888448917318,7.85162253270654e-05,0.000673007890749013
"ENSG00000104983",5.16218885633017,-1.15109761091471,0.434757556815157,-2.64767706246936,0.0081046905202373,0.0250352645163344
"ENSG00000105085",18.1553251175894,1.04764054549897,0.327659854641366,3.19734178801259,0.00138700474544793,0.00597913172593584
"ENSG00000105131",30.2531852065566,-1.77574258584228,0.489222866866984,-3.62972114777516,0.000283727561730003,0.00174762187723796
"ENSG00000105141",75.8655185757003,-3.1632919935233,0.318515358654085,-9.9313640852048,3.04067015273964e-23,8.49790002517354e-21
"ENSG00000105146",11.7370547503122,1.59162078215421,0.542991717913647,2.9312063695368,0.00337648396253466,0.0122120737131463
"ENSG00000105193",364.271286526743,-1.11150364716416,0.276449383779608,-4.02064071175601,5.80400685773062e-05,0.000550329321892583
"ENSG00000105202",51.7371016760824,-1.34807651261972,0.320436877549218,-4.2069955335046,2.58788254240093e-05,0.000309663245585261
"ENSG00000105219",4.44781799245768,2.3332376236679,0.72249503347777,3.22941683410159,0.00124042953313472,0.00546445166226511
"ENSG00000105220",26.0776221470165,-1.36830215726245,0.317545871750107,-4.30899053960694,1.64001382512146e-05,0.000229499115556379
"ENSG00000105245",22.953611136707,1.68822484979683,0.336233861297121,5.02098403558764,5.14074325323076e-07,1.85889726979215e-05
"ENSG00000105298",45.6112055691632,1.68399421083512,0.423327497236143,3.97799392156127,6.94991479930847e-05,0.00062247227118847
"ENSG00000105327",22.2820219512317,1.13072645918954,0.324196690871344,3.4877791508312,0.00048705020154924,0.00264350585034412
"ENSG00000105357",6.04837796461287,-1.27103500265768,0.414666536287572,-3.06519791550341,0.00217525998580785,0.00859934354015477
"ENSG00000105369",1.75449490400848,3.2136096532626,1.04396220581817,3.07828160382879,0.00208198072429503,0.00828621292853024
"ENSG00000105376",3.93120637190612,2.16591141805917,0.730980336665451,2.96302281938186,0.00304633984425746,0.0112348686405639
"ENSG00000105379",24.8291925934355,-1.34520808644078,0.362021436324764,-3.71582440006125,0.000202542216724458,0.00135540528066948
"ENSG00000105404",82.4776385112248,-1.40892484715643,0.310310274132436,-4.54037447227779,5.61544034154656e-06,0.000111022776728731
"ENSG00000105419",4.53837126610388,1.70137150274319,0.571761308337348,2.97566742963195,0.00292351714762198,0.0108816871889704
"ENSG00000105443",60.4488792714762,1.07758388753195,0.269336982976383,4.00087606099915,6.31084071836937e-05,0.000579395615841829
"ENSG00000105472",1.70753476118028,-2.60386741923993,0.920532269498701,-2.8286541444744,0.00467441843291218,0.0159870900918576
"ENSG00000105497",5.62952952097704,1.5492143126343,0.503667620281358,3.07586640524733,0.0020989186508426,0.00833551773452398
"ENSG00000105499",4.6513205658488,3.47371138909688,0.706323197782726,4.91801968277621,8.74241238578492e-07,2.80454548305851e-05
"ENSG00000105514",30.9848047460414,-1.77245748282096,0.3878585459927,-4.56985543088773,4.88060773311042e-06,0.000101152836654973
"ENSG00000105523",15.7934531845218,2.03511353724032,0.481697536864191,4.22487843821816,2.3906979138011e-05,0.000294400432417225
"ENSG00000105559",14.3521971795241,1.13708287271858,0.307745097084624,3.69488542137815,0.000219985966122781,0.0014428594253773
"ENSG00000105613",1.94433224080623,3.58605553370439,0.988314834613483,3.62845462610793,0.000285122847981537,0.00175425023894312
"ENSG00000105647",25.6968614186394,-1.01764758619061,0.284736390723191,-3.5739990368141,0.000351570221861733,0.00205183203309814
"ENSG00000105650",5.24848430540204,1.24479673847847,0.494974969811792,2.51486805272555,0.0119076939912898,0.0343983823094564
"ENSG00000105655",41.6710338132087,2.01619494287271,0.559162412204833,3.60574119229985,0.000311263236037395,0.00186769268523312
"ENSG00000105656",53.7799744901531,1.42810464224049,0.361830290226798,3.94689079608382,7.91726460597727e-05,0.000676764002529597
"ENSG00000105677",106.880632570941,-1.3394918669377,0.287315131731473,-4.66209996969319,3.1299907428526e-06,7.35191130468611e-05
"ENSG00000105717",3.41950031742921,2.4558930283569,0.735848408745394,3.33749859233119,0.000845361500830059,0.0040368276244387
"ENSG00000105722",107.40499193,1.18715475305724,0.299294585064427,3.96650929318246,7.29329331827384e-05,0.000643785404309514
"ENSG00000105737",3.36778861593058,4.00154648102376,0.888664833051293,4.50287479845936,6.70403818803917e-06,0.000123927001886298
"ENSG00000105755",50.9776876543781,-1.38893051902405,0.397097798365526,-3.4977039025171,0.000469281829765909,0.00256820049485897
"ENSG00000105784",12.2325403303821,5.12069605974897,0.619940523603784,8.25997957026874,1.45697402339715e-16,2.42667117896925e-14
"ENSG00000105821",50.1798263847739,1.40149352026703,0.364491646725078,3.84506348186388,0.000120521233355129,0.000922597315131254
"ENSG00000105825",35.0762834272147,2.09975836846018,0.582086685588605,3.60729496215311,0.000309405863351178,0.00185993192883616
"ENSG00000105856",83.4606416793913,1.16709392532228,0.321247562974235,3.63300475968401,0.000280139848706515,0.00173329304514886
"ENSG00000105866",5.36854131614221,1.55902374876961,0.501513422410401,3.1086381323087,0.00187951764380713,0.00763146181451264
"ENSG00000105879",32.3538850841621,1.16513715490012,0.257117418686254,4.53153722860713,5.8556014994276e-06,0.000113458299793257
"ENSG00000105880",9.01832406524919,-1.02948301681002,0.39686999313987,-2.59400568096664,0.00948649194042673,0.0284456747782681
"ENSG00000105971",35.9862181203333,-1.01088008109755,0.26417047091281,-3.82662027896068,0.000129914684030204,0.000976818616039235
"ENSG00000105974",86.3802968493951,-1.19575516845327,0.257378694835486,-4.64589801893893,3.38600253148001e-06,7.76520107671403e-05
"ENSG00000105991",23.2839590959328,1.7165277581123,0.330246811613618,5.19771182566511,2.01756574816075e-07,8.89000455389772e-06
"ENSG00000105993",51.5524555392535,1.49587757856741,0.2768976845415,5.40227550491928,6.58007826135948e-08,3.48871094699538e-06
"ENSG00000106070",31.709871821623,1.42158046233035,0.434337906501329,3.27298271933352,0.00106418983613206,0.00485271742477364
"ENSG00000106089",39.232585701898,1.79729294744094,0.378392897110828,4.74980624944057,2.03611632192136e-06,5.27056860787462e-05
"ENSG00000106123",6.32976951547747,-2.23468597104896,0.66051612014454,-3.38324213882917,0.000716354429267639,0.00355140354305294
"ENSG00000106178",64.35747142213,7.30453198555044,0.607767107149786,12.0186365790774,2.83612477390334e-33,1.61258142747904e-30
"ENSG00000106268",8.98937190990348,-1.3144548050602,0.49888162289126,-2.63480301688064,0.00841861236012108,0.0258115468958788
"ENSG00000106278",5.69913298410595,-2.10238711054116,0.620398818073066,-3.38876711124482,0.000702076116006186,0.00349849896549592
"ENSG00000106305",34.9286453876322,-1.16445757831808,0.314360923959399,-3.7042058651936,0.000212053998646927,0.00140193108316787
"ENSG00000106328",1.80127417165346,3.5611283908745,0.988067175547806,3.60413591201441,0.000313193144563348,0.00187531411105818
"ENSG00000106330",21.1027778688762,-1.43554129662667,0.395513816540512,-3.62956042644248,0.000283904268170973,0.00174805731063151
"ENSG00000106346",14.889923848304,1.37704384776204,0.327352830455155,4.20660437194748,2.59236385808544e-05,0.000309864692038463
"ENSG00000106367",124.661888262573,-1.28945169827259,0.267392432659553,-4.82231933584421,1.4189853328331e-06,4.05505184628855e-05
"ENSG00000106397",80.9958839837551,1.45714616416948,0.436563473437136,3.33776473028567,0.000844552268382199,0.00403413162032273
"ENSG00000106399",10.2857326139415,-1.08664776431628,0.422126845588376,-2.57422093778865,0.0100466095732668,0.0297947023837403
"ENSG00000106404",51.1934038305564,1.7550948237353,0.540876189748777,3.24491049338019,0.00117487546267797,0.00523864832452598
"ENSG00000106462",16.3937008493877,1.25443588115023,0.304090426278902,4.12520675675498,3.70401853272875e-05,0.00039944775399715
"ENSG00000106524",36.0425391956847,1.18853750726705,0.294359314238215,4.03770986606257,5.39755508464808e-05,0.000524765836030437
"ENSG00000106628",31.7667526380566,-1.10830688873637,0.2746230738337,-4.035738415074,5.44308344834936e-05,0.000528004613526999
"ENSG00000106701",3.52586337660957,1.80214788262825,0.681383284641398,2.64483723514981,0.00817302201211155,0.0251944213792685
"ENSG00000106733",5.94336158022615,-1.72930947661601,0.456579293556249,-3.78753373405657,0.00015215003266044,0.0010909197423479
"ENSG00000106785",13.3558840927663,-1.45204249411201,0.366202929528294,-3.96513074317125,7.33557285909428e-05,0.00064544429494987
"ENSG00000106853",80.9166109274481,-1.02864015907229,0.286025239604499,-3.59632653570937,0.000322742627319254,0.00191980634266493
"ENSG00000107020",25.8315010815302,-1.61176806116571,0.383105887864645,-4.20710856246398,2.58658900654993e-05,0.000309663245585261
"ENSG00000107104",27.0758219273562,-1.23920812437938,0.293800205721585,-4.21785996145183,2.46631905452168e-05,0.000299905124557581
"ENSG00000107159",3.62538680702429,-4.01480404844167,1.03435071232032,-3.88147269646618,0.000103825810268419,0.000820701718847535
"ENSG00000107165",7.0161573244709,-2.45455119136417,0.715039736420715,-3.43274795279345,0.000597497264703028,0.00309620754169963
"ENSG00000107186",33.1891490805261,1.72171813788483,0.475999392559852,3.61705952737817,0.000297968795976321,0.00181031963038083
"ENSG00000107223",389.138065072384,-1.13502463783358,0.257985494766399,-4.39956765345012,1.08466759248388e-05,0.000172086155820629
"ENSG00000107290",90.3596748019905,1.82544563893667,0.358977477887215,5.08512581257311,3.6738245631788e-07,1.43549036071695e-05
"ENSG00000107438",182.556822089309,-1.57536082124598,0.299716330567076,-5.25617278933493,1.47084107583201e-07,6.8510447738401e-06
"ENSG00000107643",16.6468330195048,1.02869806754275,0.259856685910435,3.95871310348855,7.53546882671759e-05,0.000656377947616198
"ENSG00000107798",55.7456945807709,-2.12921612374331,0.48130216193577,-4.42386569630132,9.69503034390321e-06,0.00015938320572345
"ENSG00000107863",58.0708765480007,1.00822784572268,0.32000023243265,3.15070972935898,0.00162874272188297,0.00683889451009124
"ENSG00000107874",45.7573957990143,-1.39626399594273,0.334404140057327,-4.17537891637157,2.97490457710551e-05,0.00034183415729542
"ENSG00000107902",8.14431979023245,-2.79501109186166,0.719234243938407,-3.88609290424861,0.000101870533581463,0.000809514808783009
"ENSG00000107929",59.8028479130625,1.04038937419516,0.259686175611757,4.00633330497571,6.16686114631563e-05,0.000571587259368176
"ENSG00000107957",18.8866110062403,-1.42393608985463,0.364057433905062,-3.91129518928039,9.18024869175996e-05,0.000753639352692612
"ENSG00000107960",8.4696401920242,-1.2797226709473,0.388907409759464,-3.2905587264043,0.000999886283887182,0.0046117831986058
"ENSG00000108091",27.1666247752696,-1.05507630630283,0.266748451073377,-3.95532308456628,7.64312908757696e-05,0.000662954000657846
"ENSG00000108107",124.809770989739,-1.00803977446015,0.25881038834392,-3.89489688149851,9.82405145073639e-05,0.000789034507409607
"ENSG00000108242",47.0216256172867,-1.94526168406482,0.501777422515277,-3.87674215056098,0.000105864445198702,0.000833221401852698
"ENSG00000108352",26.0745915042806,-1.86508637908931,0.413264420056104,-4.51305819851636,6.38994784401763e-06,0.000120141220068423
"ENSG00000108379",16.3161457071592,2.21146517155756,0.468729757926213,4.71799610364335,2.38179054810229e-06,5.98679029689919e-05
"ENSG00000108439",13.3312867705979,-1.60031909356478,0.396959494219492,-4.03144178907057,5.54357275964204e-05,0.00053486232436359
"ENSG00000108479",25.4567804914216,-1.52148919516668,0.458215969521639,-3.32046304880003,0.000898682548329464,0.00422657630901441
"ENSG00000108506",27.0201492224069,1.97668969411421,0.459542892463971,4.30142588761544,1.69702534685807e-05,0.000235342732921301
"ENSG00000108510",86.7008789307391,1.4108961425291,0.311485336794394,4.52957483343882,5.91024985451442e-06,0.000114248663365871
"ENSG00000108515",33.8309791480656,2.65264090175617,0.673980935074819,3.93578032212691,8.29268037702064e-05,0.000700143403669705
"ENSG00000108528",43.710047649239,-1.11765171981321,0.257924082118189,-4.33325849464909,1.46918433466592e-05,0.00021275050390988
"ENSG00000108551",127.45661772137,2.79017485478469,0.704015392477111,3.96322990178855,7.39425116801568e-05,0.000648530891007503
"ENSG00000108561",99.4491434274172,-1.01822896717603,0.248083214911462,-4.10438476274754,4.05392281913075e-05,0.000427125452809246
"ENSG00000108654",1104.0544256947,1.17510373447725,0.323228219321987,3.63552333686144,0.000277416877344544,0.00172226163047221
"ENSG00000108799",25.23239263217,1.07130989642709,0.275258355382535,3.89201590243557,9.94147269646069e-05,0.000795752151902623
"ENSG00000108828",299.969115036909,-1.02378439984905,0.1959758277861,-5.22403406284612,1.75066553357298e-07,7.91575313579444e-06
"ENSG00000108848",137.333048760105,1.21058908682892,0.296475136260063,4.0832735658717,4.44056964705722e-05,0.000453097480880734
"ENSG00000108854",27.2118540291304,1.44159003635828,0.27596213971945,5.22386888949272,1.75222869462367e-07,7.91575313579444e-06
"ENSG00000109101",9.68961410811028,-3.06387645011843,0.439364784430454,-6.97342290208832,3.0932098541909e-12,3.49342036203793e-10
"ENSG00000109107",214.232799665426,-1.66365996928323,0.373691086663774,-4.45196588480608,8.5087686685469e-06,0.000145389727021419
"ENSG00000109182",50.328784674782,-2.59476738887532,0.226907722873961,-11.4353418914552,2.78437770402276e-30,1.24085416112517e-27
"ENSG00000109184",23.301267459799,1.02750729477776,0.317991663230986,3.23123972602827,0.00123254518894646,0.00543843661239984
"ENSG00000109193",5.40490297413627,-1.83981635869544,0.557069049948465,-3.30267200962904,0.000957683320137049,0.00445074415607097
"ENSG00000109220",87.0526687732884,1.07335436001134,0.236667649144988,4.53528128533433,5.75267649717566e-06,0.000112655196155514
"ENSG00000109255",9.07410673229881,-2.94341267100412,0.795306938368972,-3.70097698008333,0.000214770961711899,0.00141428050625699
"ENSG00000109320",71.3020474435416,1.73843818625967,0.340870016525261,5.10000323284765,3.39647680174149e-07,1.34303371664066e-05
"ENSG00000109332",208.834503484618,1.13857227371968,0.298505822334058,3.81423807688919,0.000136603730613208,0.00101007126191981
"ENSG00000109452",4.87964331685482,-1.29256202518064,0.456596342128205,-2.83086373218844,0.00464224942600161,0.015897414493321
"ENSG00000109475",157.919931184078,-1.07710489068272,0.265253559011972,-4.06066140901095,4.89338937410785e-05,0.000489012711452511
"ENSG00000109572",49.3323549489318,-1.17627751579653,0.278831159420244,-4.21860138673989,2.45822428102003e-05,0.000299262641834982
"ENSG00000109686",26.8741101421523,-1.10621611857527,0.289933278505507,-3.81541616842807,0.000135953606823525,0.00100842960994742
"ENSG00000109771",1.37631304754591,3.13954023747262,1.03633596673476,3.02946181378277,0.00244989872431188,0.00942959385274943
"ENSG00000109846",461.036464256494,1.40338964486831,0.361087527248424,3.88656361398712,0.000101673291458363,0.000808726918889022
"ENSG00000109861",28.4950537941669,-2.22679603585333,0.519174195805542,-4.28911154260713,1.79389269892428e-05,0.000243854053689715
"ENSG00000109919",102.438708242645,-1.29556881659459,0.282025988106781,-4.59379231428864,4.35262585143694e-06,9.28466334596943e-05
"ENSG00000109920",171.697560491163,1.61298197969351,0.400590885052754,4.02650694231621,5.66115687685596e-05,0.000542398696934793
"ENSG00000109956",4.3290962478207,4.39889462515664,0.831230000569775,5.29203063188452,1.20965624356229e-07,5.87923988137622e-06
"ENSG00000109971",4834.36788477184,1.32474654465673,0.320376582938764,4.13496683342159,3.55005902453211e-05,0.000387610812369177
"ENSG00000110002",21.3072431418659,-1.80687679091465,0.434737863175291,-4.15624435773174,3.23521798974144e-05,0.000364630959896423
"ENSG00000110013",51.0685176330117,-1.6611719428249,0.525340321625212,-3.16208726885048,0.00156642612969002,0.00661598372245356
"ENSG00000110025",21.9788760125375,1.2718092250366,0.306572177407554,4.14848221319794,3.34686845140363e-05,0.000371126522496265
"ENSG00000110046",48.0555028639379,1.05750369814747,0.280212507236765,3.77393467756219,0.00016069285304025,0.00113442871556178
"ENSG00000110066",40.5671476417043,1.08512222200684,0.237689309249821,4.5652967120466,4.98788346447321e-06,0.000102775372298187
"ENSG00000110108",31.7426012917082,-1.38569995405699,0.331257500289785,-4.18315042782358,2.87497021222941e-05,0.000334012335589981
"ENSG00000110169",282.220468009546,1.06568929309046,0.413595535358542,2.57664602729965,0.00997640559846134,0.0296184645144093
"ENSG00000110172",62.5605992155239,1.58325861954506,0.328847086661182,4.81457395782352,1.47514264939168e-06,4.16669980692261e-05
"ENSG00000110315",23.8730250243346,-1.08894665537689,0.301564130755831,-3.61099528862265,0.000305024203692883,0.00184030153483057
"ENSG00000110395",52.2056402698515,1.47111752737891,0.269427873092684,5.4601534373277,4.7572326073078e-08,2.66809552591491e-06
"ENSG00000110400",29.3369689199931,-1.73744052376751,0.375741876663758,-4.62402684309341,3.76361129403098e-06,8.42037810410812e-05
"ENSG00000110429",31.8600672751104,1.16737914856077,0.288921755636471,4.04046813985722,5.33446118878195e-05,0.00052047296178595
"ENSG00000110492",160.429433155215,1.28365643394434,0.354350254593579,3.62256388221486,0.000291697391157172,0.00178272731015219
"ENSG00000110619",71.3529423156503,1.50109900764682,0.392053903745525,3.82880770553722,0.000128765565424795,0.000970390954428449
"ENSG00000110721",30.1279593257773,1.29700283389809,0.382294586929167,3.39267904449403,0.000692126829774217,0.0034583270594385
"ENSG00000110876",6.65908802757461,2.05833181826165,0.60184302346527,3.42004765031629,0.000626101676649357,0.0032031618201276
"ENSG00000110944",4.30431171190045,3.58787639856761,0.866136476536634,4.14239152346317,3.43702945907546e-05,0.0003780732404983
"ENSG00000110955",781.343421732896,-1.18971369871945,0.284762651151693,-4.17791340931746,2.94195608408432e-05,0.000339361447266954
"ENSG00000111011",218.020647931677,2.09643821104043,0.440961954444728,4.75423829631816,1.99195980368827e-06,5.1888507429725e-05
"ENSG00000111144",27.8765615317635,-1.15367674386707,0.290907011449026,-3.96579215509633,7.31525879050616e-05,0.000645098434223022
"ENSG00000111145",13.5951308377737,-1.47931676208316,0.342966141062196,-4.31330264119248,1.60833714816644e-05,0.000226278764813281
"ENSG00000111203",9.39531723523149,1.33579851478863,0.361650263343915,3.69361963803781,0.000221084421582913,0.00144891137817196
"ENSG00000111331",5.79333659441085,-2.24380396236794,0.576062234995985,-3.89507213987666,9.81695078877407e-05,0.000788902518974806
"ENSG00000111335",2.58998369982183,-3.17085582193147,1.01931716005603,-3.11076468265987,0.00186603578146932,0.00758793193604136
"ENSG00000111348",29.8825854680552,-1.90284654352997,0.500860403678525,-3.79915547237251,0.000145189994380511,0.00105650389114751
"ENSG00000111405",10.2163590824283,-1.35837526177102,0.408060265337552,-3.32885942875953,0.000872024051319689,0.00413421638361425
"ENSG00000111424",11.4697101885209,-1.07923033987455,0.357416411869357,-3.01953213124705,0.00253165437568987,0.00967650649066999
"ENSG00000111432",3.32490467038782,1.55371746882515,0.599512869175711,2.59163322208813,0.00955215495567287,0.0286217486941832
"ENSG00000111450",16.6770826867601,1.28315968639219,0.367303995707107,3.49345419976155,0.000476814766406478,0.00259907394488477
"ENSG00000111640",1941.48888784546,-1.03819688350359,0.235342252460151,-4.41143429473798,1.02688116596934e-05,0.000165192619957741
"ENSG00000111641",81.2094281337708,1.08413536767816,0.273989140982851,3.95685523809141,7.59429204482628e-05,0.000660106913690778
"ENSG00000111652",45.8736786720395,-1.40664755343601,0.320834991483904,-4.38433335132828,1.16341504750082e-05,0.000180806321566834
"ENSG00000111667",65.0381032922391,-1.06551025316119,0.254716889340176,-4.18311583468733,2.87540789220954e-05,0.000334012335589981
"ENSG00000111669",405.684820352502,-1.18928274639942,0.246025259240471,-4.83398635599845,1.33825762491606e-06,3.87782104831536e-05
"ENSG00000111696",8.42238289841862,1.43809148632429,0.415282614543232,3.46292244356543,0.000534342390287085,0.00282940644619259
"ENSG00000111716",453.303618074058,-1.78488201237747,0.376328234214819,-4.74288626284311,2.10694575244125e-06,5.4283482050006e-05
"ENSG00000111727",21.5430411984915,1.48791150960369,0.281714188986868,5.28163496114512,1.28036112297417e-07,6.13717283625613e-06
"ENSG00000111785",10.1008761260421,1.91708573432194,0.428881610887451,4.46996487062028,7.8232445554913e-06,0.000137507725419897
"ENSG00000111801",3.55487497628891,1.6781227206503,0.564283379821837,2.9739006688096,0.00294040243550987,0.0109346630038616
"ENSG00000111843",169.997549437754,-1.43249973375861,0.311419357155061,-4.59990588525088,4.2268186257465e-06,9.10864568052862e-05
"ENSG00000111860",4.78645885836864,1.30924775833247,0.504086990695087,2.59726551666637,0.00939692545700987,0.0282181576872402
"ENSG00000111863",15.8063051876249,-1.3288586967725,0.273898325081561,-4.85164959068953,1.22438808078129e-06,3.63557846645838e-05
"ENSG00000111907",14.0566509337148,-1.33220432701892,0.322070345378464,-4.13637686963527,3.52832541253474e-05,0.000385799454424969
"ENSG00000111981",35.0475675008874,3.1323400545771,0.577840413046355,5.42077013627952,5.93428246964843e-08,3.20820929973879e-06
"ENSG00000112062",35.693505019524,-1.05837832340588,0.275037644666016,-3.84812168054701,0.000119026932956241,0.000913703490463433
"ENSG00000112081",171.542114592745,1.53680330561909,0.343231676066816,4.4774518576774,7.55392548689632e-06,0.000134296268506625
"ENSG00000112110",494.980215945139,1.30770470343458,0.322377657126569,4.0564371460804,4.98269632192805e-05,0.000495534859181373
"ENSG00000112149",47.0907544131105,2.62229782364681,0.703307759240035,3.72852110501433,0.000192606780580451,0.0013005295679734
"ENSG00000112182",2.98940117571157,2.31301824586631,0.689253107033646,3.35583288963456,0.00079126364947906,0.00384644643757671
"ENSG00000112183",7.42771487199208,1.60613897449758,0.469514261172776,3.42085237301566,0.00062425208008842,0.00319667470452732
"ENSG00000112200",13.9412271399674,1.22279153205139,0.298186841904517,4.10075617100146,4.11802287297005e-05,0.000431398215707771
"ENSG00000112208",8.97937947829578,1.01042610671519,0.367959713356617,2.74602373585369,0.0060322399184148,0.0197000602128623
"ENSG00000112234",7.23092349586112,-1.26371320767678,0.406562753794603,-3.10828573419988,0.00188176039298389,0.007636886561342
"ENSG00000112242",27.0581591573839,1.38321516915963,0.257027545516968,5.38158338779418,7.3833486581166e-08,3.85265936783812e-06
"ENSG00000112297",74.8443643897794,1.16970678700699,0.281599331218869,4.15379817112508,3.27001625854012e-05,0.000366797946170531
"ENSG00000112304",50.8026258065281,-1.53888755778075,0.38205501733184,-4.02792134108823,5.62721623897488e-05,0.000540088291993346
"ENSG00000112306",1700.2481579054,-1.35966458294386,0.350030829431039,-3.88441379621886,0.000102577078501473,0.000814344461921417
"ENSG00000112357",12.3706589975458,-1.44727128778854,0.43432657483141,-3.33221905279529,0.000861564119617453,0.00410113474837534
"ENSG00000112378",923.091291203343,-1.75039713761971,0.372951933342235,-4.69335852996765,2.68755867212889e-06,6.59451710487101e-05
"ENSG00000112511",159.540986913672,2.04192886818305,0.524899988380048,3.89012938347526,0.000100190788221772,0.000800022230987314
"ENSG00000112531",21.5740281789481,1.13534273727384,0.243647519013352,4.65977548990196,3.16554464370437e-06,7.40378235887112e-05
"ENSG00000112561",9.81128605330757,1.30503501476643,0.366926168438491,3.55666923490412,0.000375586560973177,0.00215710442489959
"ENSG00000112562",1.21951200987128,3.79072029867509,1.11313881276162,3.40543358583517,0.000660590792427959,0.0033361352454348
"ENSG00000112651",24.6455004982827,-1.04898574847114,0.306514531588256,-3.42230348112907,0.000620929656241368,0.00318460625249267
"ENSG00000112655",61.117658686582,1.09647095309208,0.305983441412581,3.58343231918105,0.000339108659875942,0.00199655479193597
"ENSG00000112667",48.3039430506909,-2.13689454401204,0.510856931842986,-4.18296084640156,2.87736961587713e-05,0.000334012335589981
"ENSG00000112874",14.4222130841279,-1.4525819150856,0.427776466761962,-3.39565644197509,0.000684642360814546,0.00343445935122332
"ENSG00000112877",7.13907756264407,1.17536136258569,0.453613517537304,2.59110744531336,0.00956676172903544,0.0286603078034276
"ENSG00000112941",34.1722165242792,1.437289343707,0.244948253614089,5.8677264381375,4.41811403760027e-09,3.42020105004652e-07
"ENSG00000113048",14.1495402101027,-1.35688741216454,0.37234623431133,-3.64415505550677,0.000268271661386639,0.00168259088041243
"ENSG00000113140",409.149097871994,-1.34156625921113,0.400740026390838,-3.34772214119363,0.000814786583765905,0.00393411888132241
"ENSG00000113240",26.7387213407601,1.80996688091024,0.319581536100509,5.66355272896932,1.48270579973076e-08,1.010261815362e-06
"ENSG00000113318",6.06205311489027,-1.13175355615514,0.430367125417569,-2.6297397949647,0.00854502442221318,0.0261359502314734
"ENSG00000113356",5.60256377820731,-2.09928065449259,0.476182456328606,-4.40856362218417,1.04058453039987e-05,0.000166908543986025
"ENSG00000113368",4.12060279125055,-1.64400125642154,0.61113949827703,-2.69005891626451,0.00714394053711564,0.0226270525387053
"ENSG00000113369",43.9689346622842,1.72078227019472,0.333600532935702,5.15821199400295,2.49319241396632e-07,1.05331816303785e-05
"ENSG00000113407",198.78542903806,1.04333391149963,0.25369691386207,4.11252110093413,3.91361686981907e-05,0.000416333087525462
"ENSG00000113430",40.3375536217151,2.79636177678585,0.254737122522479,10.9774411718853,4.90624352576484e-28,1.88137324410085e-25
"ENSG00000113504",69.2949704247093,1.73205088230516,0.520644970190531,3.32674083391473,0.000878680539286907,0.00415860029055735
"ENSG00000113742",61.1649605209799,1.13489140164381,0.265269073863363,4.27826502771437,1.88355678559428e-05,0.000252298682678019
"ENSG00000113790",18.0635065545053,-1.18154367277331,0.360925936495581,-3.27364579072798,0.00106169605923457,0.00484622342247312
"ENSG00000113810",20.5621509437662,1.02097546744055,0.239981064135513,4.25440011743604,2.09610198138997e-05,0.000270057914499579
"ENSG00000113845",67.7125765936668,-1.42283208033977,0.31375982133805,-4.53478101266122,5.76632819184024e-06,0.000112655196155514
"ENSG00000113916",23.8707243978297,-1.091923824119,0.323642982651393,-3.37385292637457,0.000741239595317203,0.00365171786291765
"ENSG00000113946",2.34622945420075,-2.77261386176705,0.830089581609516,-3.34013812869576,0.000837367302001564,0.00400915607778149
"ENSG00000114023",72.5782042080459,-2.37717931407927,0.463638064094914,-5.12723069603841,2.94035134896592e-07,1.20306335963025e-05
"ENSG00000114115",3.12858382907321,-1.90274190296426,0.685142220679331,-2.77714881018083,0.00548380657613116,0.0182524195869654
"ENSG00000114127",25.977923898218,1.04001457730221,0.295483458866608,3.5197048974972,0.000432027192349119,0.00240178569610405
"ENSG00000114200",2.24237632180181,-2.34954249079036,0.937570606745221,-2.50598992106504,0.0122109100532326,0.0351143522615543
"ENSG00000114315",224.375562070075,1.34352780328777,0.345981916503711,3.88323128811086,0.00010307743405583,0.000817136447185855
"ENSG00000114416",57.7603307038059,1.03664876123629,0.257711244223113,4.02252049328051,5.75786425619214e-05,0.000547844337682356
"ENSG00000114529",47.340040239503,1.62995634022516,0.406502307810497,4.00970993007254,6.07933834515041e-05,0.000566896592554424
"ENSG00000114631",8.86393430010559,-1.32752838209938,0.507417492474849,-2.61624481179111,0.00889027906232415,0.026981743320203
"ENSG00000114638",27.9626048252037,-2.56876215053705,0.57967837251156,-4.43135758094171,9.36416526073487e-06,0.000155807992920542
"ENSG00000114670",5.72281576947362,1.13479063393749,0.421120266500433,2.6946948988415,0.00704531098011715,0.022366217318281
"ENSG00000114742",42.0761486399235,1.29391540314128,0.342917745672162,3.77325297238566,0.000161132756932637,0.00113640634262714
"ENSG00000114771",7.88798255360096,-2.35758438932826,0.664519502601497,-3.54780315716643,0.000388458420387169,0.00221100824776114
"ENSG00000114779",30.554494987701,-1.8708532310302,0.427534717710236,-4.37590949584164,1.20927185486376e-05,0.000186419844109704
"ENSG00000114796",17.3274193188197,1.18563729968572,0.326675745869545,3.62940106413407,0.000284079582228203,0.00174848384895888
"ENSG00000114902",47.4016422446834,-1.1155436836986,0.29653862419892,-3.76188325116896,0.000168638767017086,0.00117576517097029
"ENSG00000114923",39.447798103252,2.15207685036479,0.449685647347213,4.7857361315851,1.70361758702769e-06,4.65853240339959e-05
"ENSG00000114933",33.5178495607335,2.20714723291891,0.402353017913353,5.4855988016827,4.12071162428346e-08,2.36747087013275e-06
"ENSG00000114942",300.273751885071,-1.26813093318595,0.284723200233773,-4.45390797850246,8.4321251439379e-06,0.000144229576243145
"ENSG00000115009",29.0050515606489,2.92863404870156,0.607416264926754,4.82146135657844,1.42510330861237e-06,4.06548935219885e-05
"ENSG00000115137",8.05858269918877,1.53511003602782,0.393694166713323,3.89924506335307,9.64930745876267e-05,0.000781087043139606
"ENSG00000115221",12.6126571841365,-2.22516401456656,0.55340547794149,-4.02085650261998,5.79869214533789e-05,0.000550269391848799
"ENSG00000115255",142.24166288595,-1.49431629807495,0.462193333814763,-3.23309790243283,0.00122455588817703,0.0054147766264819
"ENSG00000115339",32.3057344410998,-1.11766514151565,0.239143654556274,-4.67361404001899,2.95945254208896e-06,7.04532114200487e-05
"ENSG00000115355",4.25963418104264,1.61077596402446,0.590223935919292,2.72909291880145,0.00635088062229184,0.0205252196356272
"ENSG00000115364",11.992887554462,-1.09470298600114,0.328707483990837,-3.33032571303323,0.000867444491054306,0.00412124858798948
"ENSG00000115365",27.1178963746274,-1.42377458277985,0.345772911039245,-4.11765796950546,3.82742168149099e-05,0.000408745829702752
"ENSG00000115392",7.1461765801687,-1.05823827823879,0.417003650115234,-2.53771946107991,0.0111577386189115,0.0325858930370585
"ENSG00000115414",827.534738901015,-1.07788453383381,0.35537509510123,-3.03308968099402,0.00242063651148563,0.0093431356362094
"ENSG00000115415",45.0417914600207,-1.65657694477898,0.354193645069105,-4.67703745632073,2.91049110762529e-06,7.00599822972751e-05
"ENSG00000115524",220.148429990251,1.18795754626617,0.350659403698002,3.38778180119553,0.000704602940916559,0.00350685115990738
"ENSG00000115561",35.4551389390849,-1.57206938871282,0.392876157278058,-4.00143750031691,6.29588258880757e-05,0.000578427635759
"ENSG00000115590",7.68387889731093,1.22885649270556,0.477931288341453,2.57119908799027,0.0101347046649954,0.0300143559610547
"ENSG00000115596",5.20782739775547,3.48779490606836,0.811254318836179,4.2992620502433,1.71367753464068e-05,0.00023686568893166
"ENSG00000115602",97.8998774474689,3.07162997952512,0.826698757406017,3.71553719176155,0.000202772435445295,0.00135594678468404
"ENSG00000115687",5.40132543760284,1.4645537662627,0.513572512163236,2.85169811774739,0.00434863777807374,0.015045045808363
"ENSG00000115738",177.888628998206,2.21828942573243,0.506836511729155,4.3767356423561,1.20469939249554e-05,0.000186169524675341
"ENSG00000115758",1840.25600794428,2.00792769162274,0.419848629646556,4.78250385933874,1.73125062375186e-06,4.69394724591487e-05
"ENSG00000115844",6.52295269666516,2.8136015128451,0.568021412090144,4.95333706257993,7.29514467710206e-07,2.44454665225877e-05
"ENSG00000115884",446.438042284421,-1.96900361168718,0.38689924543047,-5.08918958861353,3.59596962854435e-07,1.40840720202061e-05
"ENSG00000115966",30.3173058203138,1.13557582492713,0.249032486003095,4.55995056369077,5.11656645515735e-06,0.000104156869480358
"ENSG00000115977",15.8412081850273,1.20304475029506,0.305535936874734,3.93749017742648,8.2338301271128e-05,0.000696886781959341
"ENSG00000116005",129.419665996826,-1.60740963975931,0.390429252703747,-4.11703177625114,3.83783175276509e-05,0.000409592283309667
"ENSG00000116106",6.53605551524833,-1.65407785920264,0.578976260511601,-2.85690100271304,0.00427799242941069,0.014844237619645
"ENSG00000116120",21.7159109472,-1.31402913508264,0.304683411959411,-4.31276887255579,1.61222634552861e-05,0.000226632567872305
"ENSG00000116133",476.870633082604,-1.7751605707542,0.345924179735405,-5.13164639751986,2.8721870013022e-07,1.17826919242842e-05
"ENSG00000116161",60.2025145487983,1.04133755823338,0.20539776167098,5.06985835562058,3.98111876420272e-07,1.51955248386432e-05
"ENSG00000116171",38.2448038812836,-1.70532108727213,0.386040096321534,-4.41747140652395,9.9862276144741e-06,0.000162855554798334
"ENSG00000116237",54.7898351108103,-1.44556421372411,0.327495778104561,-4.41399343249726,1.01481038518638e-05,0.00016425826025947
"ENSG00000116273",53.8221698302365,1.23002559665791,0.231985093764039,5.30217513849841,1.14430978970848e-07,5.58240358653941e-06
"ENSG00000116350",59.9371827226613,1.06554494845138,0.210283060120279,5.06719346694831,4.03723899849937e-07,1.53387174760959e-05
"ENSG00000116353",9.25112535353565,-1.18406504001134,0.407093258688708,-2.9085842487919,0.00363069335448695,0.0129469080281435
"ENSG00000116539",73.5932102783279,1.54238527144205,0.344078589410461,4.48265401832979,7.3720399455972e-06,0.000132127789851035
"ENSG00000116560",468.76721806128,1.91695310444599,0.442629496442176,4.33083000535284,1.48548334126958e-05,0.000213922574796455
"ENSG00000116586",69.613008645592,-1.35441656178912,0.320047578707715,-4.23192253869867,2.31702213351668e-05,0.000288778367041244
"ENSG00000116649",55.8557997820653,-1.4769202134316,0.339155535844949,-4.35469882498631,1.33249990924773e-05,0.000198658146506202
"ENSG00000116652",3.32054605724936,3.61353862790445,0.797070482125253,4.53352458652034,5.80075105538086e-06,0.000112902294565665
"ENSG00000116667",4.03992667217792,-1.81958539573791,0.534399353260317,-3.40491691211226,0.00066184187734122,0.00334143010271873
"ENSG00000116668",6.88994029606702,1.09497757139479,0.406941050017497,2.69075231252219,0.00712911028400416,0.0225844187267905
"ENSG00000116679",75.6968590182132,1.26786448701737,0.253255892052012,5.0062585977545,5.54981864330632e-07,1.96375449805746e-05
"ENSG00000116701",4.24417319498029,-1.44590724036797,0.54048847155354,-2.67518608900568,0.00746877807187852,0.0234353342772987
"ENSG00000116711",30.7493457850398,-1.37817423355229,0.400528940583324,-3.44088552389032,0.000579813784969352,0.00301785022107312
"ENSG00000116731",34.3949977737068,1.1711778355495,0.247783634275516,4.72661497186389,2.28293554951366e-06,5.76467446798327e-05
"ENSG00000116750",11.1303180262602,-1.14753833781289,0.336144875088591,-3.41382071498326,0.000640587143494364,0.00325104383166469
"ENSG00000116809",41.3132728860823,1.13353654333813,0.30063625123599,3.77045861461443,0.000162947824090689,0.0011457768321669
"ENSG00000116898",70.8708383021893,-1.03224941532006,0.243290680497213,-4.24286459806208,2.20684596789177e-05,0.000278200941625133
"ENSG00000116918",16.5804406673957,-1.00374530490209,0.324962389988264,-3.08880453808314,0.00200963608645561,0.00805270703027133
"ENSG00000116962",22.2904784788562,1.16498880574061,0.374077481939535,3.11429813871801,0.00184383074791286,0.00753106891313727
"ENSG00000117000",62.6890348651335,1.56514043494474,0.294464132673265,5.3152158829524,1.06530949907564e-07,5.29093021995732e-06
"ENSG00000117020",8.02761202131278,2.39561854849797,0.646512176959308,3.70545000368764,0.000211015752333354,0.00139680399045551
"ENSG00000117114",22.6192175008667,-1.32606338090085,0.396198532243099,-3.34696691932015,0.000817009595172165,0.00394211555471035
"ENSG00000117226",4.29309749279096,-3.77878591001413,0.715591170541168,-5.28064915495871,1.28726980689322e-07,6.15240343358328e-06
"ENSG00000117228",3.60070777839688,-3.02574773684616,0.803036502025307,-3.76788318988618,0.000164637703877861,0.00115470484867803
"ENSG00000117245",7.03050350880445,2.60144864363757,0.578230933898661,4.49897867984608,6.82807041920237e-06,0.000125656309310522
"ENSG00000117318",248.40688558967,-1.34349153793629,0.342015609312678,-3.92815854409743,8.55987758201327e-05,0.000716466098730034
"ENSG00000117448",105.234874522351,-1.33174128756613,0.311249132075831,-4.27869879888267,1.87989045119781e-05,0.000252012306095941
"ENSG00000117543",12.2860846553005,-1.46869637420729,0.40279102981169,-3.64629861517503,0.000266044796353169,0.0016698944221802
"ENSG00000117569",6.2053097377805,2.85628005347713,0.593765530918744,4.81045110358217,1.5059004048244e-06,4.23733648040094e-05
"ENSG00000117593",12.0620699883171,-1.17385468111507,0.37376593670268,-3.14061439485545,0.00168593850543142,0.00700237783779815
"ENSG00000117614",63.8467092022822,1.17514433430469,0.237260484705828,4.95297114376931,7.30888167604813e-07,2.44454665225877e-05
"ENSG00000117616",72.8316715040215,1.17228941104627,0.346084094993076,3.38729640571818,0.000705850840915086,0.0035109425387176
"ENSG00000117984",370.468307651298,-1.14835758525252,0.313375208259501,-3.66448128309367,0.000247840362269836,0.00158458306842471
"ENSG00000118058",40.50011771545,2.22355089510338,0.424765052766522,5.23477833362526,1.65182981238686e-07,7.58691414385711e-06
"ENSG00000118096",10.9055938887487,-1.09178174767597,0.347536528352407,-3.14148775339346,0.00168091838375373,0.00698504617684357
"ENSG00000118160",6.99890404636218,3.88428340676086,0.666441924083116,5.8283899412613,5.59646867359608e-09,4.21370648214273e-07
"ENSG00000118162",33.1932250612005,1.04094486241115,0.24009568377844,4.33554175580987,1.4540156890657e-05,0.000211975821938625
"ENSG00000118181",420.770802645393,-1.12420295092928,0.270133288961701,-4.1616601761683,3.15942270673548e-05,0.000357800281671438
"ENSG00000118242",14.3767535195064,-1.06920320915115,0.370396448203147,-2.88664541557573,0.0038937277120927,0.0137363449389595
"ENSG00000118263",9.99455193881446,-1.10130155550052,0.330735431621241,-3.32985658688584,0.000868907253756793,0.00412418298998151
"ENSG00000118292",12.2952120637717,1.04323122501792,0.331735957215655,3.14476378675988,0.00166220981867186,0.00693000700381296
"ENSG00000118322",8.23978052931812,-2.33242782823624,0.403926369686822,-5.77438860959895,7.72330021564541e-09,5.71073978725458e-07
"ENSG00000118418",116.181638064411,-1.58636996445936,0.380952207721652,-4.16422305030575,3.12414587292204e-05,0.00035586704354663
"ENSG00000118496",18.5523868563355,1.03571372899975,0.276443410088786,3.74656689652001,0.000179271211732666,0.00122757600093851
"ENSG00000118503",71.7372334962217,1.06352924448053,0.280274114149907,3.79460389235835,0.000147879351765278,0.00106946606634108
"ENSG00000118514",9.03866093998107,1.59746105329091,0.53868157541607,2.96550156195161,0.00302189810843581,0.0111622038328849
"ENSG00000118523",176.298738708669,1.61016921635753,0.364495680990903,4.41752618845904,9.98369772250051e-06,0.000162855554798334
"ENSG00000118620",13.0071963427565,1.09445828170114,0.322451769757044,3.39417669354328,0.000688352642242861,0.00344531154946678
"ENSG00000118707",31.6698817734572,1.96206018523349,0.506548851416479,3.87338788696672,0.00010733279369677,0.000841164655544693
"ENSG00000118894",6.68134088296287,-1.13031433886969,0.426572214791647,-2.64976081346924,0.0080548773882677,0.0249187379465565
"ENSG00000118898",81.9766581210474,-1.26921037432771,0.300079828354371,-4.22957578084479,2.34132400839038e-05,0.000290271365220669
"ENSG00000119013",169.055505823546,-1.25987399854632,0.308804411160586,-4.07984456508023,4.50658243538637e-05,0.000458981085713933
"ENSG00000119042",6.27256568711235,2.19522474683809,0.528369592527516,4.15471438531688,3.25694119381018e-05,0.000366245446154922
"ENSG00000119048",104.258781671104,1.00545002443733,0.263767709550099,3.81187684479006,0.000137915591994629,0.00101648055714366
"ENSG00000119326",80.4356818897776,1.32448461668922,0.328777053078907,4.02851903527262,5.61293167740512e-05,0.000539325814527828
"ENSG00000119383",41.7565622563502,-1.0856097233951,0.261543950282484,-4.15077359741097,3.31353411866045e-05,0.000370033092337373
"ENSG00000119403",12.9608320448442,1.11279188671391,0.315275427767016,3.5295864780691,0.000416209655287495,0.0023304273048765
"ENSG00000119421",125.997514295681,-1.32454439393065,0.351909604414188,-3.76387679482511,0.00016729933338965,0.0011684026718602
"ENSG00000119431",68.2624497231874,-1.07980560209188,0.296940041776277,-3.63644322144145,0.000276428538736501,0.00172095716359281
"ENSG00000119471",50.8241995134922,-1.73452992981511,0.409586331053327,-4.23483353400599,2.28721074932811e-05,0.000286361564507754
"ENSG00000119630",76.0393166307642,1.08241924240961,0.33320402395818,3.24851791869556,0.00116007901928162,0.00519330965784072
"ENSG00000119632",54.4143603362088,-1.23058397716981,0.305790316652467,-4.02427385746284,5.71513815618799e-05,0.000545668286377439
"ENSG00000119655",193.27406744251,-1.42916929063304,0.343365079058759,-4.1622441471064,3.15135146464134e-05,0.000357131507219733
"ENSG00000119669",12.9752896684131,-1.07774002502811,0.310838413017472,-3.46720347258859,0.000525903632751722,0.00279910426095647
"ENSG00000119707",86.7436708948351,1.25933101411999,0.264407020193402,4.76285014368697,1.90877593889306e-06,5.03580903302523e-05
"ENSG00000119772",16.8019090495646,1.22555847094195,0.353027022668089,3.47157127428799,0.000517421955962588,0.00276556584501365
"ENSG00000119812",28.993445310839,-1.32895362527541,0.347461673444369,-3.82474881934908,0.000130905480096886,0.000982029327260037
"ENSG00000119862",77.0589696296922,-1.08999173782109,0.314745312972919,-3.46309124518998,0.000534007273213726,0.00282940644619259
"ENSG00000119888",635.475223873784,1.01210216181561,0.375658038006922,2.69421138220649,0.0070555402741164,0.022390069973038
"ENSG00000119912",24.74979342311,-1.0311033088058,0.263009178126404,-3.92040808671035,8.83991472369619e-05,0.000733201879461988
"ENSG00000119922",12.6362717820692,4.5818513989255,0.571737969932163,8.01390084249457,1.11126312903134e-15,1.69663127172201e-13
"ENSG00000119929",24.5038854403012,-1.10193892065674,0.261097703958289,-4.22040831440164,2.43860223394236e-05,0.000297852683225745
"ENSG00000119938",20.3676551132615,1.52113133648325,0.372110208700349,4.08785166576329,4.35386383541768e-05,0.000446460577003744
"ENSG00000119943",8.86282116436068,1.81246266667752,0.501275125719209,3.615704378064,0.000299532046433281,0.00181634576096587
"ENSG00000119953",35.1308638557157,1.08354242357709,0.242982114627496,4.45935053795305,8.22083764728668e-06,0.000141792251010575
"ENSG00000119977",51.9943754204618,-1.21894014008849,0.307767332061986,-3.96058974785208,7.47648862468141e-05,0.000653309723009176
"ENSG00000120063",73.7502220200649,1.02689033896036,0.243392286646805,4.21907511165512,2.45306546185369e-05,0.000299176008879479
"ENSG00000120071",16.3220150986788,1.43621173228342,0.305099062890227,4.70736199147277,2.50943059880151e-06,6.22225581107341e-05
"ENSG00000120093",1.95242145345485,1.93394608902972,0.791688975095406,2.44281043423229,0.0145733899296353,0.0405836661222285
"ENSG00000120129",710.819142247445,1.35394572362052,0.33153116400234,4.0839169002253,4.42828723077374e-05,0.000452124013301722
"ENSG00000120256",16.1003225492807,-1.35425937479717,0.31048650293977,-4.36173347947391,1.29035997804911e-05,0.000195199501633503
"ENSG00000120278",5.50521754178573,-1.45232506600635,0.447554205863357,-3.24502607053983,0.00117439871245511,0.00523793896934605
"ENSG00000120334",8.03848231022051,1.07115286376236,0.397951581837896,2.69166630476842,0.00710960418509478,0.0225290615994767
"ENSG00000120370",12.3777474374006,1.71227038647781,0.372407770588446,4.59783742904245,4.26898887902913e-06,9.15362257819392e-05
"ENSG00000120437",133.80713971598,-1.17987830574962,0.31464330644257,-3.74989164425454,0.000176910997463881,0.00121494603797665
"ENSG00000120471",3.78906245468353,-1.93094868675428,0.581989724588812,-3.31783982632775,0.000907164895316593,0.00425675639125649
"ENSG00000120509",58.3262200417169,-1.4953920693238,0.355328547873054,-4.20847713552711,2.5709753847851e-05,0.000309104983616505
"ENSG00000120594",8.66044476830155,-2.30934526144615,0.572432177643403,-4.03426877740049,5.47725947306466e-05,0.000530326080160676
"ENSG00000120616",16.9681652907915,1.35685209456818,0.312250541277039,4.34539549241112,1.39024950117178e-05,0.00020467700022162
"ENSG00000120694",930.051021064999,2.35486434046448,0.481661892251083,4.88904017184927,1.01328818330607e-06,3.14062196513793e-05
"ENSG00000120708",19.9817850853756,-1.70712754331689,0.505824348780243,-3.37494141480831,0.000738314063498832,0.00364056835916036
"ENSG00000120709",58.2160420542979,1.15529660762633,0.299591836942446,3.85623526801324,0.000115146671610555,0.000890132896477471
"ENSG00000120738",3123.82213340292,4.22233245828196,0.592506144647685,7.12622560360556,1.03158584365643e-12,1.22372798388855e-10
"ENSG00000120802",10.2062881354635,-1.14233322639191,0.395351513594602,-2.88941154165726,0.00385963581156805,0.0136394202522386
"ENSG00000120833",20.1828748384582,1.4015074559228,0.478993960779584,2.92593972091377,0.00343417471361944,0.0123786475226878
"ENSG00000120885",889.649084766053,2.38796753824428,0.767070176351283,3.11310178894337,0.00185132154924679,0.00754667045206473
"ENSG00000120889",315.719071298606,1.61739817574301,0.403270815497812,4.01069979176756,6.05390469345234e-05,0.000565206806377235
"ENSG00000120915",37.1327279027625,-2.73192815211169,0.696852716808828,-3.92038100191716,8.84090834867905e-05,0.000733201879461988
"ENSG00000120925",13.0396787151676,-1.13013750909712,0.353872437067716,-3.19362965497328,0.00140496230859626,0.00604078839802966
"ENSG00000121274",33.0084197085997,1.21047660377085,0.29484517511688,4.10546519301529,4.03502040389577e-05,0.000425677872295824
"ENSG00000121281",53.0041491937762,1.91741144696538,0.427298907469132,4.48728375722303,7.2136969106777e-06,0.000130066687966292
"ENSG00000121297",4.99782791776327,1.96244681633975,0.554989153951891,3.53600931183218,0.000406220374537321,0.00228684457348784
"ENSG00000121316",56.5509750417757,-2.46807368892907,0.56203266127244,-4.39133498637136,1.12656817482195e-05,0.000177590656162898
"ENSG00000121552",986.867444602395,-3.13197974378452,0.210234499822922,-14.8975536670839,3.41869031883247e-50,5.12461678792988e-47
"ENSG00000121653",8.34194482438516,1.25542983520627,0.459579482971528,2.73169251831907,0.00630099160188384,0.0204170335534946
"ENSG00000121691",30.3258340813707,-1.678068117229,0.376754066870257,-4.45401460737748,8.42793626691897e-06,0.000144229576243145
"ENSG00000121742",47.8650135582365,-3.31219586955894,0.289442577894611,-11.4433608685069,2.53857229235217e-30,1.16273662579431e-27
"ENSG00000121766",57.1988814335888,-1.09098439973638,0.282415500721157,-3.86304716614533,0.000111981376032964,0.000868922780897668
"ENSG00000121775",14.0957196622824,1.31261180775991,0.312211480568744,4.20423940006552,2.6196156019422e-05,0.000312101457083995
"ENSG00000121858",5.84751387807205,-3.05010701052797,0.818812866312586,-3.72503551912138,0.000195287722796464,0.00131271881825964
"ENSG00000121903",9.04341308791934,1.24759622222621,0.399033694969575,3.12654354244779,0.00176874310051654,0.00728209862282576
"ENSG00000121931",116.235044834995,1.7967226600752,0.42950724262877,4.18321853917639,2.87410863748661e-05,0.000334012335589981
"ENSG00000121957",9.6369221645216,-1.94739609977427,0.41643027144175,-4.6764037903202,2.91949474261749e-06,7.01599304695484e-05
"ENSG00000122034",54.9462897266679,-1.01152549817182,0.270249447912112,-3.74293270897181,0.000181884949073329,0.00123981022127744
"ENSG00000122035",45.6255398929119,1.28516861576202,0.463813146031114,2.77087578642242,0.00559057489948475,0.0185404242794859
"ENSG00000122042",81.7451223985164,1.06643442851883,0.282367323298086,3.77676289190527,0.000158879849909588,0.00112678272910073
"ENSG00000122257",57.2778056069416,1.08902255961542,0.257629952205783,4.22708054824914,2.36742937491328e-05,0.000292189692836415
"ENSG00000122378",71.9343217842364,-1.8289454519661,0.393463288582135,-4.64832553643518,3.34640489412281e-06,7.70654613117192e-05
"ENSG00000122406",345.643471128235,-1.06671914810886,0.258466574414525,-4.12710676622376,3.67355864741436e-05,0.000397197940108982
"ENSG00000122435",20.5201695156014,1.01152640023749,0.251592903018486,4.02048860719717,5.80775581195995e-05,0.000550368307950618
"ENSG00000122483",26.0023719148971,3.43870458212475,0.507334876629529,6.77797790084869,1.21869484972304e-11,1.32204338007126e-09
"ENSG00000122641",12.1512283616518,1.9775768834007,0.389512720088658,5.07705340906602,3.83333145562861e-07,1.47337534666341e-05
"ENSG00000122786",71.2178299763853,-1.24342678163219,0.276437871704751,-4.49803340607479,6.85849226383679e-06,0.000125692857619567
"ENSG00000122873",30.9263649918753,-1.09214080217146,0.314923848262313,-3.46795204046208,0.000524440875716778,0.00279312196372544
"ENSG00000122877",5.0217906437309,2.18385903436252,0.628186622231236,3.47644944523928,0.000508100011354321,0.00272776028456212
"ENSG00000122952",16.4846140224753,-1.38213348876613,0.440231676534867,-3.13955937847345,0.00169202120012586,0.00701880190411956
"ENSG00000123066",24.4934657080878,1.28927632109644,0.331556039853983,3.88856231261611,0.00010083978209085,0.000804425334734411
"ENSG00000123094",14.4217797098155,1.69861361447611,0.410215658558157,4.14078199853819,3.46123797488467e-05,0.000379722907304547
"ENSG00000123095",2.5986444234901,2.44693472186671,0.751985493805737,3.25396532515937,0.00113806170107859,0.00512019082921823
"ENSG00000123104",4.75142054277162,-1.62562169362785,0.489113045680676,-3.32361139819026,0.000888599246953577,0.0041947074099678
"ENSG00000123130",43.9077985021259,1.13260511851849,0.225716352600681,5.01782482956476,5.2259793204378e-07,1.86922284196744e-05
"ENSG00000123131",298.748126618977,-1.12313058428663,0.310963402031568,-3.61177738907235,0.000304105566027912,0.00183677534001254
"ENSG00000123136",122.554945059759,1.75761557673323,0.36601098804179,4.80208418369273,1.57022648559005e-06,4.35883241092496e-05
"ENSG00000123179",97.0442008430701,-1.97784412942074,0.450653737287842,-4.38883330098172,1.13960377569998e-05,0.00017857866908494
"ENSG00000123268",43.0447053089219,1.24247382806161,0.256880316307015,4.8367809800446,1.31958690591195e-06,3.84283304013428e-05
"ENSG00000123342",46.5980685004689,2.47860890857744,0.812265155459062,3.05147757714244,0.00227718056196226,0.00890316107837006
"ENSG00000123358",30.058474109919,3.52049622215931,0.595296286846069,5.91385550346903,3.3419108893469e-09,2.6365918016479e-07
"ENSG00000123388",7.16249684073767,1.2222549752498,0.412028710466651,2.96643157188127,0.00301277395287907,0.0111409799751117
"ENSG00000123411",13.6821888324837,2.44677131753723,0.516810807885134,4.73436561350136,2.19741308021389e-06,5.60017685929626e-05
"ENSG00000123562",660.803349622609,1.03120335719282,0.227149569498757,4.53975483848964,5.63196740657483e-06,0.000111083146611259
"ENSG00000123600",6.51472990615368,-1.61015309118453,0.437492252903207,-3.68041509420916,0.000232854586004126,0.00150942847653222
"ENSG00000123636",20.3229219095279,1.61244763170421,0.308483870248395,5.22700791586232,1.7227512752119e-07,7.82546715618981e-06
"ENSG00000123892",56.6202145607947,-2.28796135926258,0.451810618850284,-5.06398314648895,4.10585962758732e-07,1.55278714218549e-05
"ENSG00000123908",36.4924850410684,1.55108661761688,0.278938124497899,5.56068346845347,2.68720189025357e-08,1.68476319271449e-06
"ENSG00000124067",71.8869100486335,1.11130037024454,0.356053578736883,3.1211605123783,0.00180139817231422,0.00738764346931808
"ENSG00000124098",28.037192355073,-2.01099617029715,0.472669212068973,-4.25455290708399,2.09467129291607e-05,0.000270057914499579
"ENSG00000124103",3.29228832559944,3.07132622121699,0.890906675558463,3.44741632931613,0.000565975684308077,0.00296858916411097
"ENSG00000124172",105.366466090204,-1.07417322680961,0.297372027686178,-3.61222013774343,0.000303586672472568,0.00183633185708004
"ENSG00000124193",227.330079107801,1.4406479049004,0.377164240154191,3.81968318181873,0.000133623193590116,0.000993378196171066
"ENSG00000124201",53.6033307986971,1.25280834955019,0.275530329395821,4.54689816651884,5.44423231344705e-06,0.000109342200507221
"ENSG00000124216",23.1757096027877,3.01813003888472,0.63087412863319,4.7840447117773,1.71802441041595e-06,4.68239743857001e-05
"ENSG00000124225",18.1379929620583,1.15794940240532,0.255712031812016,4.52833366580332,5.94506525174946e-06,0.000114787097114868
"ENSG00000124226",115.428404134699,1.14218305717965,0.316526937092164,3.60848611392299,0.000307988996087118,0.00185411849451643
"ENSG00000124257",9.37039588939709,1.58143809293823,0.517303669958511,3.05707881999961,0.00223505496041539,0.00878308418548364
"ENSG00000124343",8.69420021166377,-2.91920183891462,0.442277130533675,-6.60039065414066,4.10075752850968e-11,4.19983794332895e-09
"ENSG00000124370",13.9099821721829,-1.11970752618479,0.442267816437807,-2.53174091482246,0.0113497819213819,0.0330472460006474
"ENSG00000124374",5.69431400760654,-1.36611185534879,0.477704066701051,-2.85974508189337,0.00423981668356259,0.0147365803742124
"ENSG00000124429",62.185559386021,-1.39859325550622,0.384850040584271,-3.63412526443522,0.00027892533170178,0.00172772343892962
"ENSG00000124466",352.568275364838,-1.78949113442353,0.323318487400338,-5.53476279321993,3.11649837758061e-08,1.89623401283862e-06
"ENSG00000124532",41.7240204962578,-1.09069668511941,0.320203308563634,-3.40626300837445,0.000658587008488869,0.00332907455026762
"ENSG00000124575",23.431292250269,4.7364931673782,0.64283804312187,7.36809717168567,1.73080617046454e-13,2.14580924396915e-11
"ENSG00000124610",6.48455950888436,4.10826771431422,0.927084685729655,4.43138342974659,9.36304259495684e-06,0.000155807992920542
"ENSG00000124635",301.504435038438,2.34950840393002,0.77798952057285,3.01997435929475,0.00252796085700665,0.00966462939280842
"ENSG00000124733",53.0111562222377,-1.10333132273088,0.259785001083172,-4.24709401285888,2.16561103497672e-05,0.000275318121478266
"ENSG00000124875",1.9254901546519,3.30815104532764,1.05352996086834,3.14006356554016,0.00168911179666289,0.00701202528075891
"ENSG00000125124",10.9054607509538,-1.44105316077675,0.370661594238375,-3.88778655025694,0.000101162526372117,0.000806219863388035
"ENSG00000125166",90.704302016234,-1.0913156191394,0.210287423269536,-5.18963807807283,2.10703212277032e-07,9.19123086570367e-06
"ENSG00000125266",106.170928098642,1.57381376204249,0.369588123222125,4.25829095459492,2.05995727185242e-05,0.000267243394615063
"ENSG00000125347",5.89070733818861,1.98908618655869,0.559462096111067,3.55535468870051,0.000377469522358241,0.00216414984498089
"ENSG00000125356",482.178205668518,-1.15634056680565,0.273291301461569,-4.23116491678114,2.32484133587743e-05,0.000288879493498741
"ENSG00000125386",31.3346381343724,1.4797157641816,0.348954306159439,4.24042844023683,2.23093551108227e-05,0.000280808363681187
"ENSG00000125534",300.22437555963,-1.31296165861468,0.314123349287769,-4.17976461027695,2.91810992108438e-05,0.000336951782134177
"ENSG00000125538",20.1996761525848,-1.75405506664772,0.365076646758262,-4.80462139176265,1.55044610800243e-06,4.3184638302115e-05
"ENSG00000125611",7.26719105347602,-1.35160502546501,0.440370385423368,-3.06924595795783,0.0021459983329655,0.00850405347567124
"ENSG00000125691",185.088839721523,-1.054201998609,0.22664330662241,-4.65137053601725,3.29736252718828e-06,7.61487544969294e-05
"ENSG00000125703",5.49463625098695,-1.3284890121806,0.530507695281726,-2.50418424463213,0.0122734102230211,0.0352756250945434
"ENSG00000125735",3.42025706795252,3.05234233349955,0.991753821919563,3.07772177534105,0.00208589563304904,0.00829778844230294
"ENSG00000125740",73.5616553005188,6.67029007936392,0.55672782713725,11.9812406605634,4.45604598863154e-33,2.44919141021818e-30
"ENSG00000125743",190.022441276283,-1.04544810293763,0.259154960160231,-4.03406557332049,5.48200089584106e-05,0.00053047366649955
"ENSG00000125780",2.69075026676503,-1.74833238543471,0.669703667024279,-2.61060596129501,0.00903819672071451,0.0273508709511767
"ENSG00000125821",10.5719809988816,-1.40639189118595,0.357763534831235,-3.93106550629699,8.45702235039746e-05,0.000709658226644803
"ENSG00000125845",149.529834553507,1.17175138472652,0.353118429585451,3.31829575166075,0.000905685326270121,0.00425235074928194
"ENSG00000125848",50.6135748441907,-2.07786906695807,0.501586068978335,-4.14259724395937,3.43394687745233e-05,0.000377986315502746
"ENSG00000125868",222.853125424763,-1.50007270557449,0.32114351768612,-4.6710352940726,2.99685435936092e-06,7.11009086784205e-05
"ENSG00000125901",303.82800200935,-1.50370642874462,0.348255320947569,-4.3178275773452,1.57572445710927e-05,0.00022321409427212
"ENSG00000125945",53.9791570023025,1.766706401091,0.358055807119374,4.93416491497367,8.04944072808831e-07,2.6230677503053e-05
"ENSG00000125962",12.8318705633125,1.3546498996174,0.367018731270497,3.69095575838339,0.000223412997800374,0.00146269060810994
"ENSG00000125995",248.818778168692,-1.56652733677953,0.367190761786524,-4.26624931726978,1.98786626219998e-05,0.000261595584975383
"ENSG00000125998",44.4714420628443,-3.51050934607923,0.32104307744083,-10.9346987764477,7.86667959173619e-28,2.88252621751418e-25
"ENSG00000126012",209.256896667795,1.31955398126078,0.38488803318664,3.42840999844985,0.000607127803783664,0.00313135137835122
"ENSG00000126070",7.99868888814333,1.1456053047525,0.386546799755449,2.96369108598823,0.00303973268509402,0.0112130094506746
"ENSG00000126226",71.6433652700906,1.77501532494308,0.419062967868098,4.23567688162266,2.27864248462296e-05,0.000285511350016375
"ENSG00000126233",16.3522693580825,-2.26255180293726,0.645216437182093,-3.5066555539389,0.000453776122823005,0.00249910303581447
"ENSG00000126247",201.465198342217,-1.15725392669515,0.250305919065057,-4.62335821309271,3.77576858236325e-06,8.43056751261113e-05
"ENSG00000126267",328.18930973258,-1.41895050409685,0.322021578688501,-4.4063832923117,1.0511089981357e-05,0.000168432811178422
"ENSG00000126368",136.161353953633,1.79618587754913,0.442472789138876,4.05942675264799,4.91933359308667e-05,0.000491010239808754
"ENSG00000126391",49.3741279556837,-1.4143396195067,0.329662403313847,-4.29026666459207,1.78458702112363e-05,0.000243190540424029
"ENSG00000126432",630.885098752562,-1.43928202652855,0.310059266318509,-4.64195778961189,3.4512337551987e-06,7.8702889604342e-05
"ENSG00000126453",55.8593021982419,1.87410908351556,0.438621937793329,4.27272081497805,1.93102171057536e-05,0.000256701890840761
"ENSG00000126461",121.82026514002,1.25412735911144,0.354301455956029,3.53971833315605,0.000400554289769711,0.00226499989163675
"ENSG00000126562",16.5402667772737,2.09634779063913,0.581659362158892,3.60408157595591,0.000313258664342969,0.00187531411105818
"ENSG00000126602",43.6092719700379,-1.26262087227165,0.310303424530174,-4.06898787592618,4.72178039823285e-05,0.000475610488616136
"ENSG00000126603",10.7631634490308,1.62681973828079,0.506199964019208,3.21378872760856,0.00130996021488278,0.00571275693816508
"ENSG00000126709",82.2700472882152,-4.06750086077149,0.708142052168037,-5.74390526352515,9.25175624877261e-09,6.68300975353296e-07
"ENSG00000126759",3.60043640892314,2.30005150043949,0.747352493009337,3.07759928809223,0.00208675309232872,0.0082991972357473
"ENSG00000126767",84.075392215573,1.06018808147187,0.331138368384459,3.201646751611,0.00136644452937682,0.00590907522813912
"ENSG00000127081",6.00908208739375,1.19931902094297,0.464228175412327,2.58346882947751,0.00978123051977486,0.0291914407313244
"ENSG00000127124",4.56207259348017,3.95156144585344,0.741553783275124,5.32875906640391,9.88860707959161e-08,4.95686641983398e-06
"ENSG00000127125",33.864398655087,-1.12535106867288,0.264105042866178,-4.26099803494892,2.03516022840133e-05,0.000265698788646948
"ENSG00000127129",2.11933459863146,2.1052993878541,0.778451441043328,2.70447105221162,0.0068413230277424,0.021836348316772
"ENSG00000127184",204.83106768712,-1.16135977429605,0.266019713801565,-4.36569063886129,1.26721724421986e-05,0.000192581982856602
"ENSG00000127337",10.8135263779932,-1.12028626134671,0.346935691624199,-3.22908910323418,0.00124185195942278,0.00546925666637881
"ENSG00000127399",5.25102650858131,-1.27911036287561,0.487113783576714,-2.62589646608546,0.00864210995624158,0.0263741904624222
"ENSG00000127418",36.2535340285899,1.01368774741647,0.431096484437227,2.35141733697918,0.0187020445799773,0.0499719720575876
"ENSG00000127483",136.423039704306,1.12902521903375,0.294198848880198,3.83762622910027,0.000124229379307387,0.000945714790119805
"ENSG00000127528",5.77727440228663,1.76683874702922,0.487640496734295,3.62324039709921,0.000290935191415001,0.00178001167375484
"ENSG00000127540",143.349690670401,-1.54534175160307,0.34877802022137,-4.43073147391067,9.39139766945982e-06,0.000155899741803035
"ENSG00000127743",1.17882160576758,2.7182172764728,1.07034792555145,2.53956420298787,0.0110990671885091,0.032443275814807
"ENSG00000127954",4.25168826767437,-1.94279713331432,0.521951471639073,-3.72217962565255,0.000197510431002057,0.00132495911179533
"ENSG00000127955",10.683130950688,-1.01466029191064,0.310590446217261,-3.2668754118756,0.00108741524619623,0.00493814100648022
"ENSG00000127980",9.09353904741313,-1.00295943347957,0.348904898964906,-2.8745925793964,0.0040454914863654,0.0141746938203738
"ENSG00000127993",20.594121303046,1.71090313552612,0.405368936315402,4.2206074078526,2.43644934663362e-05,0.000297810328218249
"ENSG00000128016",972.52559167859,1.46763232060317,0.314760436659768,4.6626962911148,3.12093167806764e-06,7.35157749137963e-05
"ENSG00000128039",13.4364470191348,-2.01493975749069,0.496614693221947,-4.05735026569214,4.96326176081906e-05,0.000494198207573342
"ENSG00000128050",24.2573910154659,-1.31626085408482,0.337785085381951,-3.8967405934944,9.7495949381605e-05,0.000785366961459909
"ENSG00000128165",23.6537005286915,1.75240370883392,0.563124724347163,3.11192819826106,0.00185869700458146,0.00756790986846032
"ENSG00000128185",27.6178197140781,-1.41183691962034,0.464678322205784,-3.03831027218674,0.00237908862169779,0.0092129620204732
"ENSG00000128272",1043.45993611336,1.30156175961711,0.332774497139117,3.91124251048897,9.18225155897542e-05,0.000753639352692612
"ENSG00000128311",74.8935340143179,-1.45497828242814,0.416926147184492,-3.48977460937298,0.00048342808843161,0.00262477157829894
"ENSG00000128340",19.9042400446362,-1.16381085382474,0.278376211747821,-4.18071230482519,2.90597345176836e-05,0.000336492951167195
"ENSG00000128342",34.8809633822039,2.38812771293761,0.555248512331081,4.30100695436646,1.70023723576351e-05,0.000235590014962223
"ENSG00000128422",3107.27497754149,-2.98791006545832,0.366743202482119,-8.14714504655065,3.72616643381841e-16,6.02360375757174e-14
"ENSG00000128482",5.27800578690449,2.07097859400706,0.550912671875411,3.75917763328452,0.000170472774842273,0.00118404616022504
"ENSG00000128510",284.201232909978,1.77073340705501,0.445313679552643,3.97637325858453,6.99742651799734e-05,0.000625030150895223
"ENSG00000128524",581.744513323211,-1.11934474819921,0.249367294459889,-4.48873919342002,7.16459474992615e-06,0.00012939430759204
"ENSG00000128564",53.5625604987426,3.75653579997859,0.760725156966563,4.93809855711622,7.88879735157865e-07,2.59637484092176e-05
"ENSG00000128656",2.20858220397432,2.03284177529863,0.835699630606116,2.4325029003833,0.0149948714189292,0.0415198043369812
"ENSG00000128694",3.56801343774122,-1.49851880990984,0.556654078796609,-2.69201083220189,0.00710226384659382,0.0225123468985939
"ENSG00000128881",10.3912025947798,1.59358492555628,0.375014747419114,4.24939268795021,2.14350866164917e-05,0.000274199490472717
"ENSG00000128908",62.0641293887797,1.70170207211952,0.327667975660845,5.19337316589303,2.06517653097492e-07,9.03254531014468e-06
"ENSG00000128918",3.69649495998435,4.25565455548199,0.849166800878196,5.01156492585539,5.39891611345271e-07,1.91956140694965e-05
"ENSG00000128951",12.9764213978503,-1.00099325657466,0.318769394476834,-3.1401799354593,0.00168844093986208,0.00701100545388713
"ENSG00000129103",125.70765251914,-1.82704807836249,0.408693704012183,-4.47045809716713,7.80522356243967e-06,0.000137353608667095
"ENSG00000129151",10.6320074272975,-4.17463072177351,0.755787141301881,-5.52355351611633,3.32211039885762e-08,1.97044166786918e-06
"ENSG00000129197",28.8467538101785,1.01584780678418,0.256493261855218,3.96052434062613,7.47853691514798e-05,0.000653309723009176
"ENSG00000129235",52.0445236091075,-1.83075852852567,0.391764861307282,-4.673105501133,2.96679269784663e-06,7.04891135371657e-05
"ENSG00000129354",83.8979501600802,-1.30984158479767,0.310736809836075,-4.21527654058322,2.49472303546641e-05,0.000302074931991985
"ENSG00000129437",4.17742274851151,2.22103683072576,0.665672921344772,3.33652873582253,0.000848316584835871,0.00404859397029195
"ENSG00000129451",60.3542362174217,-2.19965732037282,0.204734923489659,-10.7439282115634,6.32927458034998e-27,2.08726817110782e-24
"ENSG00000129455",39.0649050001611,-1.87211922385467,0.348436486553467,-5.37291384829584,7.74743503376951e-08,4.01721560603225e-06
"ENSG00000129460",53.4501439773823,1.76321134571817,0.314670583845974,5.60335613252375,2.10240628615264e-08,1.37565782747503e-06
"ENSG00000129472",37.8613498987128,1.17501721305633,0.300620999292583,3.90863318205104,9.28197732403934e-05,0.000758802796708402
"ENSG00000129484",42.3992193888872,1.31005601346009,0.380026900751632,3.44727178752087,0.000566278596241223,0.00296858916411097
"ENSG00000129559",81.6376682520568,-1.19507455461937,0.273367449227277,-4.37167833257934,1.23295084096738e-05,0.000188766261993604
"ENSG00000129646",5.09414870106562,1.22485972169827,0.500711499105372,2.44623845045848,0.0144355492914426,0.0402413816173451
"ENSG00000129749",3.6968658254549,1.79989111164146,0.675502270215412,2.66452266854335,0.00770976700080611,0.0240314457611138
"ENSG00000130054",4.36774628219303,-1.41972541317642,0.484874863738794,-2.92802436123238,0.0034112331632412,0.0123161426819979
"ENSG00000130055",13.0202826539486,-2.49676266474619,0.61938948004549,-4.03100592629183,5.55386431329197e-05,0.000535228922629289
"ENSG00000130158",42.5399176932608,1.50019221100491,0.30930224254202,4.85024679638755,1.23307951564198e-06,3.65031384801087e-05
"ENSG00000130203",3244.5136031043,-1.88857899981386,0.422195092247135,-4.47323769151814,7.70440539962142e-06,0.000136306803255749
"ENSG00000130222",24.9856689168254,2.65815895286435,0.531105848686433,5.00495138481094,5.58761310944839e-07,1.97289405913693e-05
"ENSG00000130254",68.6352476415918,1.19657509426916,0.370352746122688,3.23090649872694,0.00123398299273994,0.00544186829828535
"ENSG00000130255",312.330605339091,-1.28338969817815,0.328229596039946,-3.91003649171831,9.22821788048851e-05,0.000755531701248139
"ENSG00000130294",11.3317647495288,1.12785502950179,0.414986074592799,2.71781415944736,0.00657147367279317,0.0211098829905877
"ENSG00000130312",44.5205307081125,-1.16710977213491,0.2861125571483,-4.07919800433633,4.51913342230593e-05,0.000459691492908096
"ENSG00000130340",142.736149609018,1.08226068727377,0.322355254096807,3.35735395505219,0.00078692303363941,0.00382760292084962
"ENSG00000130347",5.09345060598178,-1.3172771786755,0.512057193315125,-2.57251962451163,0.0100961231926687,0.0299253955282966
"ENSG00000130396",146.251435896478,1.08801778584153,0.269462574088694,4.03773247368817,5.39703508649727e-05,0.000524765836030437
"ENSG00000130449",54.4290045134052,1.729244422692,0.365370415054216,4.73285288420356,2.21385951111719e-06,5.63338417882891e-05
"ENSG00000130479",54.357755645353,1.77950492691008,0.56566852427577,3.14584398908954,0.00165608319107723,0.00691320398422086
"ENSG00000130518",3.84190726422857,2.70554875068329,0.898475761527006,3.01126515208944,0.00260161563510548,0.00988434106157934
"ENSG00000130520",106.916332677952,-1.67902890299645,0.362453593019847,-4.63239690633861,3.61456340233677e-06,8.17565650769974e-05
"ENSG00000130544",6.33242154644597,1.10510462695794,0.41382667420943,2.67045286307153,0.00757490063388661,0.0237135997846146
"ENSG00000130560",30.6445393225708,-1.07340658722304,0.271748663331244,-3.94999767087953,7.81519536867605e-05,0.000671790079099343
"ENSG00000130584",5.05758997406432,2.24824917316621,0.596048649211613,3.77192226866036,0.000161994726032886,0.00114086096510897
"ENSG00000130699",8.98117831886738,1.17882514310951,0.352640840024392,3.34284918056562,0.000829229551253643,0.00398443090004657
"ENSG00000130707",169.558439139301,1.46196190035753,0.368686244160503,3.9653280357297,7.32950779871859e-05,0.000645254960454196
"ENSG00000130731",37.692829953779,-1.14905378408784,0.302053687660919,-3.80413757893847,0.000142299081022598,0.00103959660920763
"ENSG00000130749",32.1975266685059,1.57123810687876,0.37482226345746,4.19195512130267,2.76560713476918e-05,0.000325643544898639
"ENSG00000130766",164.82298361721,1.20117774155353,0.372476015621491,3.224845872423,0.00126040504970799,0.00553913082746136
"ENSG00000130770",153.65910404105,-1.21527314380985,0.270922627563832,-4.48568343935585,7.26805839988285e-06,0.000130832985759463
"ENSG00000130783",2.07552435469607,2.08642316432949,0.869041167900032,2.40083351790016,0.0163577766856411,0.0447154144180265
"ENSG00000130803",63.8301400410866,1.20779831640778,0.310282488158865,3.89257648272237,9.91852157807135e-05,0.000794306602634755
"ENSG00000130813",4.07401385817877,-1.78324702925201,0.578546055342532,-3.0822905329399,0.00205414242820538,0.0081932158922783
"ENSG00000130818",25.4101483711058,1.43394306884881,0.331194393188772,4.32961154638719,1.49372594387229e-05,0.000214921876863091
"ENSG00000130822",4.46330786394264,2.25924080809572,0.634588002211938,3.56016943311384,0.000370615588947586,0.00213226812496746
"ENSG00000130827",48.3688348231237,1.20838867370103,0.389273421826373,3.10421571560569,0.00190784174771384,0.00771606636694958
"ENSG00000130856",15.1606106710286,1.26950217409693,0.337085219420513,3.76611640308448,0.000165806511893105,0.00116142038003628
"ENSG00000131013",90.7336703362135,1.4786030310371,0.283864604656819,5.2088319810942,1.90033096076023e-07,8.44597229433301e-06
"ENSG00000131018",10.4270390055623,1.43314349377135,0.470271392445787,3.04748176647075,0.00230767525877343,0.00899769622651102
"ENSG00000131051",248.54143089171,1.67648430135781,0.424550537835824,3.94884507720518,7.8529151664813e-05,0.000673007890749013
"ENSG00000131115",12.8725978767599,1.13316388688168,0.320246027573331,3.53841668378603,0.000402534291129848,0.00226841692632948
"ENSG00000131171",15.9359945015542,-2.59839830236523,0.547528352304268,-4.74568721679872,2.07799610693547e-06,5.36214050191847e-05
"ENSG00000131196",5.17734243316615,3.1807975288645,0.610129086526683,5.21331895021102,1.85491562096613e-07,8.30685291323551e-06
"ENSG00000131238",28.6052821768513,-1.18892480779312,0.288273242079939,-4.12429818048609,3.71866891978172e-05,0.000400503800250038
"ENSG00000131263",41.7416613387762,1.53549134328139,0.293322287990764,5.2348266945529,1.65139738352669e-07,7.58691414385711e-06
"ENSG00000131374",10.5920154003865,-1.14434504065122,0.363964596007732,-3.14411086463726,0.00166592312851104,0.00694197787870067
"ENSG00000131435",42.881511562863,1.60713986073665,0.256108712672672,6.27522525089066,3.49128478729119e-10,3.14578113976199e-08
"ENSG00000131459",3.88974875711322,2.86229993534638,0.70806066909868,4.04245011799613,5.2895567754368e-05,0.000517687571743693
"ENSG00000131462",74.2195875012514,-1.07535419704622,0.244929669448533,-4.39046114530518,1.13110526109216e-05,0.000177799004404678
"ENSG00000131471",26.1988717213495,2.57199007520406,0.620359358772392,4.14596804067514,3.38381026187813e-05,0.000374216280403142
"ENSG00000131480",47.3531088985285,2.18928707350106,0.564711820221043,3.87682176130847,0.000105829826503303,0.000833221401852698
"ENSG00000131495",105.291153825396,-1.48397798401494,0.360479242045338,-4.11668082632146,3.84367782238304e-05,0.000409685866924847
"ENSG00000131558",12.2483736259691,-1.52256008427062,0.402813556833376,-3.7798134110477,0.000156945927682583,0.00111450534089497
"ENSG00000131652",329.522696190488,2.18756204998591,0.602919704234395,3.62828090477443,0.000285314731805383,0.00175477605846287
"ENSG00000131711",34.2618536965543,1.58922962412959,0.505699640047355,3.14263546634277,0.00167434216412527,0.00696649708409327
"ENSG00000131746",62.9838612048854,-2.31511967186807,0.408635900068981,-5.66548282095934,1.46611113785129e-08,1.0030998569307e-06
"ENSG00000131759",29.5855215774991,1.57215148294239,0.434133118886182,3.62135809167457,0.000293060542750514,0.00178973158867156
"ENSG00000131779",27.1029138362269,-1.08575112745261,0.309645084004818,-3.50643747806349,0.000454148114979317,0.00249917753604169
"ENSG00000131931",50.3723138844614,1.42738271754118,0.396052629121246,3.60402283077437,0.000313329515189842,0.00187531411105818
"ENSG00000132002",2099.22285711184,2.14046979950493,0.431430649191616,4.96132994611206,7.00121489475666e-07,2.36563590982874e-05
"ENSG00000132003",35.5085700917866,2.64846957093437,0.434810435408748,6.09109017460596,1.12144356406078e-09,9.58107923720112e-08
"ENSG00000132005",16.2607036263823,1.27730516935993,0.379193681144872,3.36847693638633,0.000755847205690543,0.00370391043806206
"ENSG00000132010",6.70035951980802,1.17044470729074,0.393981597890041,2.97081060018799,0.002970148931191,0.0110105183737429
"ENSG00000132164",2.20262910809717,-2.46372476554806,0.776768237129082,-3.17176301473646,0.0015151659589691,0.00643243344424343
"ENSG00000132305",86.9249263461555,-1.15821705083973,0.281727058181534,-4.11113173976148,3.93724460377493e-05,0.00041803751623725
"ENSG00000132326",15.3817076824632,2.09759525721819,0.43058006514537,4.87155682999399,1.10722304607826e-06,3.36845033335505e-05
"ENSG00000132383",32.5598771068251,-1.46398156323621,0.340945064129486,-4.29389282104466,1.75567253681147e-05,0.000240842632774412
"ENSG00000132405",50.187875219971,-1.17169245160712,0.261414309983618,-4.48212820361881,7.39023223782824e-06,0.000132310031888762
"ENSG00000132481",6.22366359342932,1.2712502300183,0.517436245657451,2.45682485656384,0.0140171005786852,0.0393074781363843
"ENSG00000132510",184.627192020285,1.98940626670072,0.485594798907111,4.09684426434985,4.18820456393159e-05,0.000436807748606376
"ENSG00000132535",5.14556200849362,1.37648154009761,0.492712068920999,2.79368342470685,0.00521114661010712,0.0175288854455439
"ENSG00000132541",47.2957179277808,-1.64091672366585,0.508795726466326,-3.22509926540125,0.00125928996965943,0.00553570576105421
"ENSG00000132646",95.1381091377616,-1.52680516822353,0.368068483250498,-4.14815513335986,3.35165260581285e-05,0.000371407256836345
"ENSG00000132669",7.18775836164561,-1.3586033510141,0.463943630171936,-2.9283802226374,0.00340733086489382,0.0123074432927128
"ENSG00000132680",105.351380752397,1.15944856310269,0.295084594081893,3.92920737427898,8.52263192650773e-05,0.00071443659296485
"ENSG00000132698",189.434556341607,-1.93254959545995,0.366163080030608,-5.27783848469486,1.30716600117586e-07,6.21148708743194e-06
"ENSG00000132716",114.241123147977,1.03629120782369,0.336144317064217,3.0828758816283,0.00205010641702743,0.00818107568014649
"ENSG00000132746",46.1564010999181,-2.98869750880874,0.268750901657272,-11.1206976065149,9.94909851063987e-29,3.90596869861764e-26
"ENSG00000132823",111.182352607373,1.29577862866109,0.290739025571811,4.45684450552386,8.31748880506601e-06,0.000143010503552381
"ENSG00000132950",26.410717575662,1.1014967993032,0.254300998492676,4.33146863689931,1.4811804826689e-05,0.000213591985981431
"ENSG00000132952",25.9001270192813,1.11534341797434,0.238370599204056,4.67903097822713,2.8823389648619e-06,6.94837532041051e-05
"ENSG00000133027",12.9077528537663,-1.61395567183033,0.45059602242605,-3.58182405415088,0.000341203566154974,0.00200217281221685
"ENSG00000133056",14.2332358493779,-1.04244054306346,0.341442094973119,-3.0530522112264,0.00226526521522522,0.00887430699307402
"ENSG00000133065",47.716133907936,1.42834828890687,0.3611465834132,3.95503752356603,7.65226404867869e-05,0.000663397381170678
"ENSG00000133135",74.8473752482021,-1.01488106622772,0.261292740127931,-3.88407678579524,0.000102719443918733,0.000814690192773445
"ENSG00000133195",13.060757362968,-1.6800535075664,0.48730675307238,-3.44763025953154,0.000565527634063181,0.00296858916411097
"ENSG00000133226",57.1741480978845,1.13791624102477,0.283817465202098,4.00932423314575,6.08927586234492e-05,0.000567121172448777
"ENSG00000133315",4.96458399068983,-1.50307969414697,0.550557629564277,-2.73010419515308,0.00633143108446604,0.0204904744164397
"ENSG00000133316",57.0170659426727,1.19617398681011,0.316843064192211,3.77528853238353,0.000159822560176882,0.00113085966230742
"ENSG00000133398",140.634750757673,1.07004702784238,0.29229828799669,3.6608049782847,0.000251424083412551,0.00160111930093282
"ENSG00000133678",34.3444553200484,-1.40334497717264,0.350576109487535,-4.00296808366097,6.25527435222653e-05,0.00057697501151591
"ENSG00000133710",117.567259947978,-1.85206855190146,0.143986483483736,-12.862794528284,7.2892910456668e-38,6.00965600259999e-35
"ENSG00000133794",33.7816830891051,1.43250346125021,0.328251016837675,4.36404881560079,1.27677066837522e-05,0.000193684092254962
"ENSG00000133835",33.4378493656688,-1.7838658800043,0.409960240092592,-4.35131436063508,1.35323868415943e-05,0.000200842058173761
"ENSG00000133858",70.3361535514901,1.03251575437908,0.272998826142248,3.78212525295285,0.000155495081572019,0.00110849397355549
"ENSG00000133935",111.680456797682,-1.7024158706018,0.381285838214396,-4.46493339111257,8.00936656277822e-06,0.000139195027833175
"ENSG00000134186",65.2239315520508,1.12181123128392,0.229345082743129,4.89136814213004,1.00137467634938e-06,3.12720966634941e-05
"ENSG00000134215",3.61612991345522,-1.90281563949053,0.547820339199122,-3.47343007065478,0.000513851246797349,0.00275004648115595
"ENSG00000134247",38.1633479703363,-1.48152251831411,0.317004510651322,-4.67350611279994,2.96100888556576e-06,7.04532114200487e-05
"ENSG00000134259",10.8482283417375,1.24989990035528,0.411319258691962,3.03875851651123,0.00237555189536564,0.00920251617969546
"ENSG00000134262",12.2310296612262,1.09702518579988,0.333621807351115,3.2882298507703,0.0010081949106433,0.00464231384574069
"ENSG00000134333",266.604413824203,-1.64950513832154,0.39713494966219,-4.15351290468048,3.27409739446067e-05,0.000367006063475608
"ENSG00000134590",234.74015797857,-1.19449057028301,0.264524175888625,-4.51561966413964,6.31318842413867e-06,0.000119165911462088
"ENSG00000134644",162.062872852069,1.25234364244738,0.295980288630025,4.2311724481518,2.32476348330406e-05,0.000288879493498741
"ENSG00000134716",3.20101027283328,-1.85139056013986,0.644244697932456,-2.87373814030825,0.00405645136082174,0.0141982387321487
"ENSG00000134757",184.117764633794,-2.26242814825586,0.464829844509844,-4.86721791850857,1.13180208066035e-06,3.4368848081047e-05
"ENSG00000134760",172.522164753894,-4.22587764619293,0.346302279762529,-12.2028582921566,3.00101345641917e-34,1.83273003269984e-31
"ENSG00000134762",73.0272214106749,-2.7407837593468,0.156976082514483,-17.459881247157,2.89535806221769e-68,7.95692651465124e-65
"ENSG00000134765",157.299159533356,-4.31787757822368,0.368417921385502,-11.7200530364688,1.00608991720208e-31,5.02709595295308e-29
"ENSG00000134779",12.5712196612327,-1.32055257100069,0.333393097624954,-3.96094754332987,7.46529329933051e-05,0.000653309723009176
"ENSG00000134815",60.0798762166931,1.99766249506465,0.430056058065401,4.6451211594393,3.39876928335914e-06,7.77285807396794e-05
"ENSG00000134825",38.1836119820477,-1.06901157036345,0.284145720739363,-3.76219486107982,0.000168428737690894,0.00117554724274708
"ENSG00000134882",44.6525842127415,-1.17133533457624,0.295443238364879,-3.96467132251515,7.34971452000081e-05,0.000646281254533158
"ENSG00000134954",40.8131453791425,1.90297483519758,0.327074527335837,5.81816887636629,5.94957773910028e-09,4.45920851545566e-07
"ENSG00000134955",11.1668116053115,-1.21010510237253,0.332424110769367,-3.6402446849353,0.000272379076640015,0.00170335638007451
"ENSG00000135218",1.76317157394068,-2.16982533334625,0.84570070147103,-2.56571305849931,0.0102963965230448,0.0304314899208613
"ENSG00000135334",116.13151015616,1.00395447629608,0.198752484563105,5.05128013117902,4.38858896908483e-07,1.6334863095088e-05
"ENSG00000135336",16.1343615288984,-1.42698983769877,0.423408891904356,-3.37024059953166,0.000751025783267131,0.00368890799532074
"ENSG00000135338",4.67733103405537,1.40514122480015,0.531887642107586,2.64180084957855,0.00824665302425739,0.0253597653332675
"ENSG00000135365",16.4655231997947,1.2656380701818,0.309349116656592,4.09129362921952,4.28973579376145e-05,0.000442380933680026
"ENSG00000135378",20.7185429081045,-1.18059169254413,0.289534856541177,-4.07754598754583,4.55135298032922e-05,0.000461545260102389
"ENSG00000135390",62.5298901014356,-1.17213531606324,0.279213693986791,-4.19798649316495,2.69298689090043e-05,0.00031922833101407
"ENSG00000135406",1.89855391123125,2.14015154544842,0.830312776685826,2.57752452514435,0.00995108196667322,0.0295699027840106
"ENSG00000135407",5.22024020709447,2.42411335589639,0.624517483164069,3.88157805225053,0.000103780831644102,0.000820701718847535
"ENSG00000135409",3.74835495990875,1.63493023340312,0.664530025431015,2.46028045511216,0.0138828481882805,0.0389707667307723
"ENSG00000135424",20.5396864741048,1.74463319196737,0.431040800144332,4.04748968400017,5.17698628732421e-05,0.000509936241885836
"ENSG00000135437",25.1798896634079,1.44628923008182,0.550708916991993,2.62623172688313,0.00863360192061294,0.0263531029376133
"ENSG00000135476",10.8685603673318,1.83088666217897,0.447131313915344,4.09474041562121,4.22641650158565e-05,0.000438297998079533
"ENSG00000135541",7.77516673034198,1.51013618578,0.42151280919886,3.58265787616327,0.000340115933140026,0.00199792362719839
"ENSG00000135587",12.904350878104,-1.24037423190987,0.374765417217039,-3.30973503670838,0.000933843258567702,0.00435221636249939
"ENSG00000135596",81.6642967948119,1.10113907354588,0.281177104548484,3.91617615991208,8.99645223000017e-05,0.000741712504102364
"ENSG00000135604",12.8815469532138,2.36618459434306,0.360812521845371,6.55793369432202,5.45584560726427e-11,5.51910663915218e-09
"ENSG00000135625",8.37773226599804,5.1672932587894,0.831361351089453,6.21546004275753,5.11744950915286e-10,4.48838430619263e-08
"ENSG00000135740",5.08690833522119,2.07023061068158,0.684357438887959,3.02507212319571,0.00248573843713922,0.00953193978836944
"ENSG00000135829",149.220308978577,1.06396570371701,0.241720418742523,4.40163768229416,1.07436858002802e-05,0.000171385362135793
"ENSG00000135870",23.9780258025656,1.59617660248728,0.263964753938642,6.04693080674818,1.47631121973092e-09,1.23567998488036e-07
"ENSG00000135899",3.39890395444227,-1.6946260392369,0.562525226375359,-3.01253341144583,0.00259076914863023,0.00984767000732225
"ENSG00000135926",215.189669465874,-1.25480353685982,0.258233560979259,-4.85918070486822,1.17872512277505e-06,3.53381791807961e-05
"ENSG00000135940",207.307826090867,-1.3696496247339,0.309499787405556,-4.42536531677538,9.62792109886411e-06,0.000158592135681516
"ENSG00000135999",22.7538765875392,1.23034058675917,0.266931786871022,4.60919473540875,4.04231579152835e-06,8.8283106074849e-05
"ENSG00000136002",18.0508505158142,-1.43142911884856,0.328698875847886,-4.3548342389555,1.33167648226641e-05,0.000198658146506202
"ENSG00000136026",180.957034657938,-1.14834536155052,0.261619025069223,-4.38938017312265,1.13674193472467e-05,0.00017851178820643
"ENSG00000136052",11.8959986935029,2.18687469138126,0.509976241339084,4.28818935885918,1.80135499089592e-05,0.000244666741720617
"ENSG00000136108",14.8653906031541,-1.31703587009178,0.321052691351453,-4.10224211031464,4.09165793358274e-05,0.00042972832908819
"ENSG00000136111",8.07570557728808,-1.19782423383039,0.360106717220357,-3.32630349990783,0.000880060466957408,0.00416274154895603
"ENSG00000136155",48.2494208934595,-1.60713480756934,0.459046911995564,-3.50102520150461,0.000463472013603116,0.00254062168627054
"ENSG00000136156",104.870948373487,-1.63075171110529,0.381829581157204,-4.27088887708227,1.9469540754797e-05,0.000258480883660103
"ENSG00000136159",47.7049225753898,-1.05159068941674,0.282159059255116,-3.72694285341354,0.000193816380987418,0.00130602301025809
"ENSG00000136197",9.38041649902723,-1.03422486959628,0.333782616462094,-3.09849829975711,0.0019450408619044,0.00783002411424358
"ENSG00000136235",129.286595996971,-2.8132085028537,0.123307048279159,-22.8146609793528,3.2798612822412e-115,1.80272108942917e-111
"ENSG00000136244",1.66357007549316,2.6890855974282,0.978949394422771,2.7469097102959,0.00601596936012332,0.0196626342970026
"ENSG00000136367",5.8303524845732,2.08675427865433,0.527769538603845,3.95391193696893,7.68837167174415e-05,0.000664538907182967
"ENSG00000136379",16.5293628493363,-1.50631137581353,0.41649383100345,-3.61664750756188,0.000298443276596389,0.00181145962468391
"ENSG00000136425",26.3532280380828,-1.39993874790328,0.392280468618421,-3.56871896486142,0.000358730972042934,0.00207760388147537
"ENSG00000136451",74.5947829839201,2.07483658065584,0.469599390243215,4.41831191386608,9.9474793177609e-06,0.000162560938028305
"ENSG00000136527",55.1470345076743,1.32855793011897,0.273790682027292,4.85245852883531,1.21940288489364e-06,3.6293743987385e-05
"ENSG00000136603",80.1245602171084,1.86272195494159,0.427315740418799,4.35912319334643,1.30584590124751e-05,0.000196629523569467
"ENSG00000136689",71.4292874179196,-2.20082679572223,0.371441701643095,-5.92509345608406,3.12119832988151e-09,2.47429996449117e-07
"ENSG00000136695",20.6655897812974,-2.2472633633954,0.419113099825899,-5.36194970839354,8.23284638104479e-08,4.21588211108843e-06
"ENSG00000136710",11.0303174516156,-1.21857295955738,0.384186467202623,-3.17182686946308,0.00151483286222946,0.00643243344424343
"ENSG00000136783",21.3993969031747,-1.2046994973923,0.306550542890199,-3.92985602320007,8.49967405144766e-05,0.000712874493562159
"ENSG00000136866",1.28994191659129,2.6777016874661,1.01854275356106,2.62895364785057,0.00856480341990221,0.026184257104189
"ENSG00000136874",13.4011602155026,-1.11047637418893,0.293046679935839,-3.78941803548862,0.000151000623201966,0.00108713576214877
"ENSG00000136982",1.38073458452717,-2.52604740546904,1.02764294078948,-2.45809833863932,0.0139674921647399,0.0391816907629119
"ENSG00000136997",37.1973482876643,-1.15458092343566,0.298380926087848,-3.86948635951258,0.00010906488275815,0.000852924149933368
"ENSG00000137033",3.73066776216567,-3.4120596756287,0.936702809300174,-3.64262778092649,0.000269868936994757,0.00169067967405264
"ENSG00000137038",26.2630332888458,-1.30298199316828,0.320702581849912,-4.06289835788747,4.84671374062758e-05,0.00048582044297391
"ENSG00000137094",44.196809018335,1.81034769562024,0.37248694352611,4.86016416705177,1.17288450875598e-06,3.52271268941301e-05
"ENSG00000137106",31.492670919856,-1.02748121145299,0.268918327239451,-3.82079281096411,0.000133023369406815,0.000992049904183159
"ENSG00000137133",19.1337543438647,-1.14351665726211,0.351355728545753,-3.25458378605374,0.00113558657503398,0.00511603470921728
"ENSG00000137168",56.7571246580069,-1.0711172732812,0.286368413322621,-3.74034713135238,0.000183766284456396,0.00125056634931965
"ENSG00000137171",30.0841922077152,1.16629181215677,0.359302362755596,3.24598982097455,0.00117043024305327,0.005224478689146
"ENSG00000137185",19.5987924107796,2.16501439328895,0.334992014371653,6.4628835924638,1.02726317443678e-10,9.79629236016217e-09
"ENSG00000137203",19.9879500040083,-1.16162300038589,0.266304723810341,-4.36200674086871,1.2887489825866e-05,0.000195134820696699
"ENSG00000137221",46.8203924111856,1.89431454314151,0.558857508340331,3.38961992076863,0.000699895889350891,0.00348974397324066
"ENSG00000137331",413.625837963975,1.20579237221275,0.384794294397952,3.1336025241729,0.00172674583942489,0.00713055651046257
"ENSG00000137343",21.1738692881042,1.48960094477848,0.391020370548216,3.80952261563774,0.00013923537084107,0.0010231069651508
"ENSG00000137393",8.44644499024954,-2.0790350498179,0.480222205242497,-4.32931885931441,1.49571239253457e-05,0.000215020066612926
"ENSG00000137409",369.58738786617,1.28247493436129,0.318783625770874,4.02302637489629,5.74550594725554e-05,0.000546984108338895
"ENSG00000137411",45.259098423866,1.41566686918213,0.371221776050977,3.81353401258368,0.000136993661893817,0.0010125004441807
"ENSG00000137440",391.052416116632,-2.23225302662169,0.404846197904256,-5.51382979061497,3.51108176050285e-08,2.05298677833091e-06
"ENSG00000137474",14.7072989830201,1.66848983602226,0.434296641565333,3.84182071960891,0.000122125027053282,0.000933574210051724
"ENSG00000137496",17.0114410172847,2.00764219604737,0.502925574533494,3.99192703196616,6.55385408460329e-05,0.000596393487864369
"ENSG00000137509",16.4089603559596,-1.07339261534987,0.381693289986815,-2.81218623305363,0.00492060046127669,0.0166986238750288
"ENSG00000137547",48.8644888522755,-1.08773427217654,0.261168322603569,-4.16487827211582,3.115187291953e-05,0.000355230451293312
"ENSG00000137563",60.7376548256696,-2.04866015309096,0.484096591890082,-4.23192434611506,2.3170035096388e-05,0.000288778367041244
"ENSG00000137571",5.26973416677912,2.89934218115253,0.770252045731686,3.76414732972031,0.000167118337982409,0.00116803920748194
"ENSG00000137648",2.36403686353409,-2.08225397113426,0.728607398596033,-2.85785455259801,0.00426515844380072,0.0148152933599811
"ENSG00000137699",109.094661171897,-2.56215988349851,0.472874048141711,-5.41827129986775,6.01780526177184e-08,3.24273173076326e-06
"ENSG00000137709",3.09631162823993,-2.24956616256855,0.634783170696281,-3.543833967906,0.000394353504139593,0.00223838035447771
"ENSG00000137720",6.42749323846709,-1.21275386693464,0.423725818210761,-2.86211935835218,0.00420818397165714,0.0146420648889332
"ENSG00000137752",8.7093101065159,-3.25908630902675,0.511675835042349,-6.36943565794349,1.89724989486575e-10,1.7575142424967e-08
"ENSG00000137767",41.6347434387177,-1.38120539438169,0.35156958814934,-3.92868280118411,8.54124118130714e-05,0.000715632753244784
"ENSG00000137770",12.4315797855704,1.34256784927152,0.32140334767092,4.17720555495318,2.9511231377738e-05,0.000339574804038746
"ENSG00000137818",457.403967829936,-1.32308102743902,0.378243651697236,-3.49795963924882,0.000468832076591096,0.00256659100627841
"ENSG00000137843",8.42004282605379,-1.17392620554004,0.346204033924206,-3.3908507426492,0.000696760357126066,0.00347726438518514
"ENSG00000137875",3.41668780920506,-1.75993087647486,0.625828684752903,-2.81216077075427,0.00492099001544453,0.0166986238750288
"ENSG00000137942",81.0070192865499,1.06997220682964,0.338416633017158,3.16170099941686,0.00156850527434608,0.00662137313586598
"ENSG00000137975",81.912887107324,-4.01712735180073,0.200475267587404,-20.0380196527201,2.567825593561e-89,1.05852190530568e-85
"ENSG00000138036",6.82663783818778,-1.65011485417513,0.542591185349874,-3.04117519548552,0.00235656667194146,0.00914292420085711
"ENSG00000138050",18.1814030170436,1.44346798550309,0.33609791897146,4.29478406150341,1.74863454867904e-05,0.000240147113530994
"ENSG00000138073",48.238849392268,-1.22871686914158,0.292098145846323,-4.20652060485187,2.59332448913263e-05,0.000309864692038463
"ENSG00000138081",47.8082833648099,1.09537081262052,0.239621996260236,4.57124483443047,4.84835408693021e-06,0.000100812749734416
"ENSG00000138085",117.203944085619,-1.51940753759444,0.321411468666731,-4.72729720534614,2.27528115937891e-06,5.75415813450903e-05
"ENSG00000138119",114.624868556256,-1.04672475575536,0.241931261516995,-4.32653783224222,1.51471313875224e-05,0.000216994830103264
"ENSG00000138152",4.17036802072204,-1.68798376747158,0.674535989885077,-2.50243692372762,0.0123341601790895,0.0354294854087672
"ENSG00000138316",1.74296646350226,2.12062206393579,0.845636374330281,2.50772332920903,0.0121511767914284,0.0349913996007444
"ENSG00000138326",151.019495332412,-1.40480453415651,0.317688932172033,-4.42194987578539,9.78141511508886e-06,0.000160323810966899
"ENSG00000138347",3.31213288881123,2.11828671463168,0.728396256565648,2.90815156659275,0.0036357207912766,0.0129620324599697
"ENSG00000138356",28.8227982140585,1.36500900004869,0.360870083275272,3.78254963021542,0.000155230129593874,0.00110756798220397
"ENSG00000138363",45.6122591436159,-1.0864763739356,0.272504246495703,-3.98700713074112,6.69120153001713e-05,0.000605214393499445
"ENSG00000138382",30.0503121761686,-1.06605225958817,0.334930051684957,-3.18291014564117,0.00145802853621431,0.00622568129113005
"ENSG00000138413",140.762777665015,-1.75753230384002,0.389216498478958,-4.51556475819599,6.31482449741303e-06,0.000119165911462088
"ENSG00000138604",5.41808376603913,-1.09284252490859,0.450834014146071,-2.42404630222622,0.0153486484046017,0.0423855072087551
"ENSG00000138629",40.0506062861425,-1.06939340471799,0.224025768936049,-4.77352855341951,1.81025869854794e-06,4.84567462343456e-05
"ENSG00000138670",4.91368802627263,1.24509626177567,0.485325034585546,2.56548946179738,0.0103030351007351,0.0304401981322381
"ENSG00000138678",33.2007359481077,1.41496365294532,0.512386651374891,2.76151544765761,0.00575337948122217,0.0189697009129919
"ENSG00000138685",4.36169700019163,1.5634432771694,0.518331700257151,3.01629878395197,0.00255880984620712,0.00975091646732359
"ENSG00000138744",12.2468800169304,-1.11547535434785,0.348710388775752,-3.19885896793626,0.00137972646162478,0.00595869817331874
"ENSG00000138777",21.4827600572488,-1.44786088002682,0.341508898091537,-4.23959928458069,2.23919141395504e-05,0.0002814178904322
"ENSG00000138801",80.708915347921,-1.4350182763631,0.350122729553968,-4.09861501477272,4.15629692326531e-05,0.000434797061345221
"ENSG00000138834",75.0196923154696,1.32809844199254,0.335052988322885,3.96384598340808,7.3751844937406e-05,0.000647547481987693
"ENSG00000139112",142.600156065079,1.29449618495911,0.425326523967007,3.0435350536933,0.0023381619911012,0.00909598546389271
"ENSG00000139154",22.5693558949017,1.17646592212627,0.235366929652226,4.99843339871322,5.77979626809065e-07,2.02341954701798e-05
"ENSG00000139163",15.495784582033,1.14922894076049,0.302647609265139,3.79725101265772,0.000146309615535622,0.00106140067169403
"ENSG00000139173",12.4977684455033,-1.25318664272893,0.36295294992064,-3.4527523278236,0.000554898229403784,0.00292043310074657
"ENSG00000139190",5.71465340367458,1.32926402142015,0.493850012831817,2.69163508531251,0.00711026966848669,0.0225290615994767
"ENSG00000139219",168.334736027,1.9329792141591,0.619352433378677,3.12096814347585,0.00180257532940538,0.00739002103594363
"ENSG00000139263",12.4782132860923,-1.37045132161899,0.396135931097097,-3.45954813496348,0.000541082557383084,0.00285867039048051
"ENSG00000139291",6.21150209193087,-1.55719682989929,0.483706441634476,-3.21930141066019,0.00128503335040128,0.00562771249814505
"ENSG00000139350",15.0583102880688,-1.0777210059487,0.307434247575556,-3.50553334395134,0.000455693417788891,0.00250380831920061
"ENSG00000139354",9.6004137220514,2.13330238365227,0.413576964965459,5.15817505414123,2.49368423520539e-07,1.05331816303785e-05
"ENSG00000139372",67.1995297487319,1.10660725749775,0.204547455950022,5.41002699035344,6.30152510866962e-08,3.37220169153666e-06
"ENSG00000139428",13.2874599591936,-1.20223663413044,0.365569126357647,-3.28867113617864,0.0010066156650609,0.00463763221603498
"ENSG00000139433",262.538779144999,-1.48867470458576,0.347396015370476,-4.28523828345637,1.82543428661542e-05,0.000247123037372756
"ENSG00000139437",6.2354700455375,-1.47956542408878,0.437054528638983,-3.38531081852932,0.000710976987646531,0.00353111432207941
"ENSG00000139496",72.4586811866985,1.52278651801925,0.319391117495033,4.76777979914528,1.86267206879279e-06,4.95365578708074e-05
"ENSG00000139514",97.1567676307283,1.28281451899963,0.259820525038162,4.93731016366474,7.92074455728604e-07,2.60022197863907e-05
"ENSG00000139572",3.19719141695014,3.58360082806331,0.854735806836303,4.19264151495835,2.75724973062447e-05,0.000325209519372438
"ENSG00000139574",12.3400185723139,1.46727944148105,0.474066232186001,3.09509376931399,0.00196750684410904,0.00790117397771892
"ENSG00000139579",20.352053155703,-1.28867390243703,0.376172272384547,-3.42575462637944,0.000613093974374089,0.00315097104564575
"ENSG00000139597",3.00615859093693,2.10715965109867,0.756421718203828,2.78569427660307,0.00534132219023153,0.0179010287794162
"ENSG00000139625",3.49979686671737,-1.70631333272378,0.571460684820244,-2.98588053045243,0.00282763088491742,0.0105797153758573
"ENSG00000139626",4.38691009960828,1.98837707317428,0.554784251704696,3.58405464297978,0.000338301262480642,0.0019951770781198
"ENSG00000139629",20.8039393862824,-1.40341133216165,0.299072403811607,-4.69254706979146,2.69824426980964e-06,6.60109046956842e-05
"ENSG00000139679",47.9595207543443,2.89959094578005,0.267301978579814,10.847622457513,2.04680260919003e-27,7.031193379778e-25
"ENSG00000139718",20.3923936756073,1.07728498372673,0.248511191508704,4.33495560979193,1.45789538759936e-05,0.000212173319030237
"ENSG00000139793",18.4797534735995,-1.23268443627146,0.31393754711604,-3.92652757720577,8.61810154336117e-05,0.000719472423070093
"ENSG00000139890",4.00068761025755,3.01664168801227,0.744875212571838,4.04986182530719,5.12478834420684e-05,0.000506610521628457
"ENSG00000139914",2.41891209671578,2.37405001446289,0.992558841444609,2.39184813568091,0.0167637771324009,0.045621098092676
"ENSG00000139921",23.2432151080921,-1.12993698976822,0.338793736871757,-3.33517673674095,0.000852452018737838,0.00406480084932568
"ENSG00000139988",34.6573949923019,-3.20058152356454,0.579743866274341,-5.52068199381344,3.37686435272466e-08,1.98861129685989e-06
"ENSG00000140153",31.064267102731,1.24438100471056,0.276978764176855,4.49269462375102,7.03275964647224e-06,0.000127853554366792
"ENSG00000140263",37.3559816517323,-1.36128333052019,0.395969803652701,-3.43784631545831,0.000586360387560691,0.00305096132233772
"ENSG00000140320",59.468989611379,1.41774016171179,0.315823590967559,4.4890255264605,7.15497241278154e-06,0.00012936221503767
"ENSG00000140350",30.9972973007182,-1.15571251275215,0.308804944811161,-3.74253240490978,0.000182175031447124,0.00124127441881472
"ENSG00000140403",847.295374260772,4.2252335888829,0.5680173973215,7.43856369330779,1.01785896669305e-13,1.31120910170326e-11
"ENSG00000140450",360.428011443777,1.37409115189186,0.320040521618307,4.29349116463025,1.75885317071774e-05,0.000241078386799376
"ENSG00000140465",639.321392151372,1.26618438027827,0.366362994268286,3.45609245499027,0.000548067299190179,0.00288724654835363
"ENSG00000140511",45.6453585775925,1.75418925892013,0.482347253236673,3.6367767145953,0.00027607104412468,0.00171973382945669
"ENSG00000140678",1.39057930081494,2.58244559505268,1.06250578657919,2.43052379353815,0.0150770160760629,0.0417122345768793
"ENSG00000140691",12.5499829974474,1.10106850643301,0.345415823608153,3.18766087474349,0.00143428646246377,0.0061492328340003
"ENSG00000140829",113.886862986824,1.51398834005867,0.358665576436947,4.22116991292816,2.43037649266526e-05,0.000297810328218249
"ENSG00000140830",20.3388330251271,1.18647062672886,0.272582529971287,4.35270237917975,1.34469643492697e-05,0.000199934170563668
"ENSG00000140848",8.27337457337187,1.32453686397264,0.42008554568535,3.15301699279303,0.00161592400003999,0.00679545290401924
"ENSG00000140854",9.30019924034459,-1.13111044192709,0.349877983972714,-3.23287115434877,0.00122552823164637,0.00541762332751127
"ENSG00000140941",157.189622158725,1.08474956126606,0.298050340182867,3.63948439247049,0.000273184493895293,0.00170626481812102
"ENSG00000140945",4.09843172952414,-2.93387694313769,0.618812189399378,-4.7411427786924,2.12516095527142e-06,5.44973234704051e-05
"ENSG00000140961",34.463608201694,1.45473043235088,0.493446175804722,2.94810356971249,0.00319729926584393,0.0117078098144572
"ENSG00000140988",611.153142168442,-1.16637698358609,0.321701619422213,-3.62564846792173,0.000288237236424992,0.00176813385097161
"ENSG00000140990",128.588335296029,-1.92444617062654,0.394307326731739,-4.88057421244878,1.05777398923603e-06,3.24193964842248e-05
"ENSG00000141086",5.80931010041092,1.96194916405477,0.532477324021062,3.68456847934648,0.000229090429604473,0.00149189261206484
"ENSG00000141101",46.9139129487029,-1.21046613716925,0.299368006408536,-4.0434051443606,5.26804745289137e-05,0.000517052586016225
"ENSG00000141258",27.2045380537382,1.11627919262793,0.282315493886339,3.95401321146527,7.68511630989596e-05,0.000664538907182967
"ENSG00000141349",11.4038186443271,-1.09856474337843,0.346553441880451,-3.16997210420839,0.00152453573095934,0.00646344364313697
"ENSG00000141384",13.1629808161538,2.79972679484041,0.419086757253764,6.68054226572739,2.38059708965877e-11,2.5324945426699e-09
"ENSG00000141401",33.1738791010738,-2.22606749683718,0.487627515315506,-4.56509820902306,4.99260556800579e-06,0.000102775372298187
"ENSG00000141424",106.682143626876,-1.04116107830529,0.2544896559508,-4.09117248563759,4.29197755393155e-05,0.000442380933680026
"ENSG00000141429",52.7745564039474,-1.07308711587538,0.264264028714803,-4.06066281928016,4.89335981398283e-05,0.000489012711452511
"ENSG00000141441",17.568947926471,-1.09437291542355,0.335814705808777,-3.25885941411608,0.00111861084871661,0.00504783094813581
"ENSG00000141497",8.39721059404835,1.31272357310091,0.408054465371106,3.21703028517786,0.00129524925459562,0.0056573454262121
"ENSG00000141551",132.311623466635,1.37820324672663,0.382143240203266,3.60650955383523,0.00031034343766088,0.00186488809897604
"ENSG00000141579",48.3199722158136,-3.12723071751947,0.250725237103206,-12.4727400944972,1.05147175925761e-35,6.66835301476873e-33
"ENSG00000141644",196.688385875818,1.48360618705091,0.369266248890926,4.01771402479065,5.87654534040478e-05,0.000554021475802942
"ENSG00000141664",18.7105388312038,1.11488259248515,0.308043025715155,3.61924309078845,0.000295465983688244,0.00180175244269063
"ENSG00000141682",129.520529146274,2.70693932030146,0.40391616358814,6.70173556872469,2.05958495610921e-11,2.20522703514836e-09
"ENSG00000141867",40.0346820318502,1.22710936057019,0.342560678978151,3.58216641860537,0.000340756594637412,0.00200057621649362
"ENSG00000141971",8.93474554868656,-1.57644453458236,0.448673849692208,-3.51356455399352,0.000442136965269917,0.00244890709450308
"ENSG00000142089",103.878639627707,-2.41833176609379,0.551001253278588,-4.38897688835397,1.13885170233516e-05,0.00017857866908494
"ENSG00000142102",190.440495111407,2.15243072896704,0.607727860941937,3.54176740495478,0.000397455775211798,0.00225056602935005
"ENSG00000142156",109.792161047468,1.43408147118814,0.373607621240416,3.83846953235814,0.000123803572731639,0.000943780448808136
"ENSG00000142173",56.8272262918908,2.14424502580036,0.549241624350577,3.90401042225398,9.46117036814616e-05,0.000770015983219951
"ENSG00000142227",29.9811919138108,1.42534129457521,0.399376911331268,3.56891260895387,0.000358465963309082,0.00207686060049313
"ENSG00000142330",17.1330241096582,1.58943546042428,0.330738819660413,4.8057118364764,1.54201866999329e-06,4.30225818096775e-05
"ENSG00000142528",19.3020334618563,1.36924825310342,0.294323072277734,4.65219475492341,3.28420676597669e-06,7.59513118712337e-05
"ENSG00000142541",745.94528445947,-1.04800711255627,0.250339540505836,-4.18634271852808,2.83485209911281e-05,0.000331752138128255
"ENSG00000142627",242.591600447952,1.05773070314838,0.248223505609751,4.26120282424544,2.03329595373895e-05,0.000265665744700487
"ENSG00000142669",1009.42467023459,-1.57616936184105,0.314012001491848,-5.01945579899108,5.18180665118513e-07,1.86549778754463e-05
"ENSG00000142675",64.8662754182539,1.44440647801325,0.350771109585369,4.11780342948033,3.82500733957218e-05,0.000408745829702752
"ENSG00000142677",10.6326243954717,-1.66480709447488,0.461207305716769,-3.60967199313457,0.000306584437228497,0.00184764970294789
"ENSG00000142686",16.5721846283728,1.23937771200485,0.362957561996702,3.41466287459831,0.000638609996272984,0.00324400499955183
"ENSG00000142867",61.2167045915473,1.33174637945055,0.296471733656081,4.49198432183565,7.05626192729497e-06,0.000128139540659875
"ENSG00000142871",232.917212820713,1.22797409465236,0.306062568583519,4.01216685965721,6.01639488046621e-05,0.000563660995363678
"ENSG00000142892",17.7906465955109,-1.30386188868804,0.416403933489013,-3.13124296824743,0.00174068083403607,0.0071809072485416
"ENSG00000142937",557.752061473757,-1.11847172321406,0.293826816895102,-3.80656787911009,0.000140908631176732,0.00103126605391617
"ENSG00000142973",5.27332943701971,-2.25428455197823,0.688349458687876,-3.27491294360182,0.0010569453950255,0.00482769324614279
"ENSG00000143061",45.6220904358379,-1.47837134383412,0.347269012014215,-4.25713580160617,2.07062588684073e-05,0.000267784707828367
"ENSG00000143067",14.1437172784791,1.6054950544651,0.384439241405767,4.17619972559081,2.96419582057066e-05,0.000340841177722382
"ENSG00000143107",7.50194779999934,4.69784213694889,0.845641962608648,5.55535598358544,2.77046556258934e-08,1.7173761902833e-06
"ENSG00000143110",13.4922997050039,2.94068717410796,0.633304525797708,4.64340148272884,3.42719449384943e-06,7.82700969654892e-05
"ENSG00000143126",11.4805633456097,-1.7369879558086,0.31312441141237,-5.54727735207163,2.90152285714296e-08,1.78519441759068e-06
"ENSG00000143127",3.04656248132813,1.40871007413518,0.587536322042769,2.39765614700606,0.0165003465471918,0.0450528587873234
"ENSG00000143149",51.7041709904905,-1.3511841779909,0.341962003545832,-3.95126991882245,7.77375867634148e-05,0.000669352144660723
"ENSG00000143162",128.298258091932,-1.30586666614203,0.376885318620563,-3.46489131208832,0.000530445810083535,0.0028185953759606
"ENSG00000143190",11.7656264986569,1.10227615270452,0.336117820755716,3.27943383134582,0.00104015599236915,0.00476685162817534
"ENSG00000143217",65.7966848213349,-1.00193894775749,0.263650591286148,-3.8002529896474,0.0001445484397351,0.00105276467437812
"ENSG00000143258",39.5869413781965,1.47658036377214,0.41538652100346,3.55471419776724,0.000378390157814095,0.00216792053933169
"ENSG00000143322",168.940980878354,1.83517454534656,0.495497972086168,3.70369738875019,0.000212479706842508,0.00140367703771078
"ENSG00000143333",9.74061264222322,2.26561318878233,0.613067365830734,3.69553708948824,0.00021942244408704,0.00143973604478758
"ENSG00000143353",9.53616655008059,-1.37336249477394,0.42135460154704,-3.25939835409777,0.00111648780147307,0.00503962971762646
"ENSG00000143382",17.8275734788624,-1.13008012955609,0.324615321856569,-3.48129017168022,0.000499004582216067,0.00268891717521592
"ENSG00000143384",984.91375237261,1.28062812736583,0.350225531967933,3.65658128969047,0.000255601379755738,0.00162162799184008
"ENSG00000143390",11.9777616285995,-1.34946830735947,0.393037904352216,-3.43343044631686,0.000595995094043888,0.00309231060594389
"ENSG00000143398",193.955863074686,1.20354165935732,0.291456810468733,4.12939967819496,3.63711661277514e-05,0.000394295962051606
"ENSG00000143409",17.8085767112718,-1.80258072112158,0.418342674422928,-4.30886168523951,1.64096947808218e-05,0.000229499115556379
"ENSG00000143442",45.0667634464029,1.64055073708473,0.440319600668312,3.72581809802406,0.000194682766297207,0.00130972016869631
"ENSG00000143479",11.8003017046288,2.52212147267357,0.422092753615379,5.97527782950708,2.29698381976352e-09,1.85661599039611e-07
"ENSG00000143507",23.254264440477,1.21088069942355,0.380169207052211,3.18510988518133,0.00144699052542911,0.00619614767202121
"ENSG00000143514",56.9324957922609,1.25423073670932,0.303633752090116,4.13073555912543,3.61604352034902e-05,0.000393065002563456
"ENSG00000143520",11.3345457067026,-1.1591293034975,0.318346923974024,-3.64108843593564,0.000271487853159875,0.00169888546897654
"ENSG00000143537",55.9811683423815,-1.32754361154926,0.305309625755227,-4.3481878708062,1.372669979759e-05,0.000202813219500414
"ENSG00000143546",481.069305938077,-2.99036463273669,0.274213280011266,-10.9052509514267,1.08792665732334e-27,3.89974405491403e-25
"ENSG00000143556",24.6642373081894,1.52187891250253,0.463146586556123,3.28595515259856,0.00101637190671484,0.00467213726507417
"ENSG00000143590",27.6545278725043,-1.0354723245721,0.359015926414187,-2.88419607150659,0.0039241434322664,0.0138140907460804
"ENSG00000143614",24.4981177784876,1.13157359911564,0.285875796546657,3.95827003469654,7.54945789582659e-05,0.000657249267393266
"ENSG00000143753",123.965975904796,-1.12630960368517,0.266852024919718,-4.22072721398316,2.43515470046838e-05,0.000297810328218249
"ENSG00000143797",34.5429776568901,-1.34024215705763,0.266197467940203,-5.03476673699502,4.78431060426449e-07,1.75307772341594e-05
"ENSG00000143816",77.9268341079176,3.44345966602989,0.744819402176564,4.62321423954205,3.7783912862027e-06,8.43056751261113e-05
"ENSG00000143850",27.4348663166339,1.42445634303125,0.479043914395194,2.97354021254953,0.00294385830013159,0.0109435558537134
"ENSG00000143870",329.333835504171,-1.24995941994138,0.293392919362331,-4.2603598705043,2.04098012535273e-05,0.000266247794991623
"ENSG00000143882",29.8303520901024,-1.48746028708882,0.35648173957137,-4.17261284933507,3.01126369473828e-05,0.000345290174287479
"ENSG00000143970",31.0097698037486,1.0621790312596,0.226413355541392,4.69132674934195,2.71439068435345e-06,6.63075377693392e-05
"ENSG00000144063",5.36155258531415,-3.07853516978099,0.567540437226256,-5.4243450648675,5.81674181727738e-08,3.16542098432629e-06
"ENSG00000144134",4.83630399651878,2.82389663469405,0.632339562069339,4.46579148939031,7.97732761496882e-06,0.000139153989331788
"ENSG00000144136",396.10806375201,1.64726272834591,0.418551916198652,3.93562343067638,8.29810017415995e-05,0.000700242445095821
"ENSG00000144233",72.5991418339641,1.32950474839704,0.287329037778489,4.62711586227494,3.70793102940898e-06,8.30707537281585e-05
"ENSG00000144306",10.6037162442027,-1.55604468333441,0.446762062166683,-3.48293826872403,0.000495942709340036,0.00267766841332936
"ENSG00000144381",534.723180337988,1.43292292455573,0.307034475602304,4.66697728893407,3.05663100893692e-06,7.22074336767348e-05
"ENSG00000144445",10.8570728007551,1.64568739761816,0.431962844659516,3.80978923989477,0.000139085306339429,0.00102291597512526
"ENSG00000144451",4.2050138751985,-1.13790257396901,0.472942588455755,-2.40600572193017,0.0161280121044292,0.0441898955782541
"ENSG00000144455",10.9651321952343,-1.36879543734227,0.402999706798297,-3.39651720398733,0.000682492669675438,0.0034252784730046
"ENSG00000144485",15.3510741557712,1.06217926148083,0.388350587967417,2.73510403844154,0.00623605626444367,0.0202493760820031
"ENSG00000144504",3.99532225621764,1.7789692663886,0.537433090801905,3.31012231445258,0.000932552103896803,0.00434742766218671
"ENSG00000144583",4.46543916641111,2.64720459274768,0.679684747737846,3.89475356267477,9.82986167270881e-05,0.000789116792216629
"ENSG00000144589",26.3224041924602,1.16713838610737,0.317572656537393,3.67518538539524,0.000237676767891347,0.00153222399098763
"ENSG00000144597",112.073291080569,1.15749933123275,0.297653887913416,3.88874252356298,0.000100764947275476,0.000804217432538877
"ENSG00000144647",18.4375480737548,-1.04297340499659,0.303034544846956,-3.44176405869281,0.000577934095928942,0.00301472803156353
"ENSG00000144655",190.107861177824,2.04552795824735,0.533868302164687,3.83152165047692,0.000127353165029405,0.000963268962463235
"ENSG00000144677",23.8808808587788,-1.05030551913627,0.274118753419471,-3.83157119326687,0.000127327518027601,0.000963268962463235
"ENSG00000144749",5.17730809145468,1.1276645162103,0.454526016771208,2.48096802955491,0.013102612439065,0.0372049210449014
"ENSG00000144802",64.4654743418166,2.23807097045769,0.40982624435585,5.46102403465013,4.73395946734776e-08,2.66410435689751e-06
"ENSG00000144821",4.86452264723016,4.08766089717804,0.840575941411065,4.86292873231196,1.15661499776119e-06,3.48018698870152e-05
"ENSG00000144827",27.1366083718853,-1.00048038573918,0.320424680517631,-3.12235744176433,0.00179408969956797,0.00736622137852996
"ENSG00000144935",7.39094878084492,1.3451888536009,0.388699275292539,3.46074443434065,0.000538683942677733,0.00284873621899074
"ENSG00000145022",26.0482729895447,-1.30177298269048,0.327560610732214,-3.97414383793142,7.06328700490976e-05,0.000629548861751119
"ENSG00000145040",7.06980469508046,1.32409433797191,0.470146860043591,2.81634197843871,0.00485739318127222,0.0165175409705089
"ENSG00000145147",6.16209617400812,1.71137555510205,0.479293765888284,3.57061926714261,0.00035613824596173,0.00206850338899863
"ENSG00000145191",85.655365957917,1.59548322709637,0.423630757097564,3.76621196729803,0.000165743092733915,0.00116142038003628
"ENSG00000145217",12.8997040737656,2.01926344699924,0.586510250178406,3.44284425785401,0.000575630708286239,0.00300366289523158
"ENSG00000145241",14.0523689334533,1.76887102786362,0.392933489498857,4.50170595059133,6.74102012227458e-06,0.000124331857713854
"ENSG00000145246",17.7671775936788,-1.89687990591998,0.423305758075145,-4.48111056779731,7.42556271560603e-06,0.000132654500127441
"ENSG00000145283",12.6745733573127,-2.05509204831058,0.327322891671882,-6.27848555844564,3.41886777620785e-10,3.09745663526875e-08
"ENSG00000145284",14.3965721873335,-1.66880610197327,0.391747982164284,-4.25989712251647,2.04521017692964e-05,0.000266588700453698
"ENSG00000145337",72.9319493322765,-1.33342141911447,0.300934181245571,-4.43094039233239,9.38230240147897e-06,0.000155899741803035
"ENSG00000145391",17.6019711268659,-1.13820923220396,0.277241354207631,-4.10548143316144,4.03473691728771e-05,0.000425677872295824
"ENSG00000145494",59.3786901131724,-1.05185396787816,0.266970955641685,-3.93995655950642,8.14963649955598e-05,0.000692953826737627
"ENSG00000145495",78.1140851336227,1.48247028628796,0.359100480271128,4.12828823054947,3.65473815404209e-05,0.000395945975177398
"ENSG00000145506",3.00008913669082,1.99068330852803,0.672711697408441,2.95919234970486,0.00308446510364645,0.0113576920710197
"ENSG00000145545",8.17915928332858,-1.35341194441854,0.390712233078432,-3.46396101743467,0.000532283641110128,0.00282485515232214
"ENSG00000145604",85.561671753577,-1.46992046740004,0.383865487136045,-3.82925925007446,0.000128529551839981,0.000969498527122347
"ENSG00000145734",37.5331256477445,1.15346287040228,0.20666457394005,5.58132847063029,2.3868837913204e-08,1.53739557949539e-06
"ENSG00000145780",50.5167617561461,1.14649764481874,0.259003695462368,4.42656867413431,9.57439101271067e-06,0.000158060944937397
"ENSG00000145824",40.9474924395191,-4.23638897001232,0.762021140668549,-5.5594113390287,2.70686059148872e-08,1.69066001110066e-06
"ENSG00000145882",3.52252174385941,-1.48155580226481,0.548580041628853,-2.70071036099992,0.00691915654495099,0.0220126055192907
"ENSG00000145908",13.1546134847591,1.07253843386825,0.356307991825025,3.01014419680754,0.00261123688595555,0.00991404213965488
"ENSG00000145911",13.391424991596,1.9379803419306,0.415807968840724,4.66075805938425,3.15046881647335e-06,7.38699019053303e-05
"ENSG00000145912",68.7443604352399,-1.71313722419226,0.410070380478423,-4.17766633667509,2.94515271416709e-05,0.000339361447266954
"ENSG00000145934",11.1530392008055,-3.21234630826457,0.458252244915969,-7.00999579140878,2.38325293566514e-12,2.74807396197081e-10
"ENSG00000145979",7.29613582889237,-1.07424243090978,0.405658868724017,-2.64814235243706,0.00809354367421574,0.0250102027069234
"ENSG00000145982",3.4528048529461,-1.42502759300368,0.545401582593885,-2.61280428675392,0.0089802711347304,0.0272097924918356
"ENSG00000146054",3.56964930600071,-1.23443441014496,0.522097298098213,-2.36437617019185,0.0180604639042403,0.0484619998888558
"ENSG00000146066",271.933364809011,-1.02038059567365,0.234283867214764,-4.35531736693714,1.32874262516474e-05,0.000198636782831744
"ENSG00000146067",50.8305799255857,1.01136380761625,0.255201022122087,3.96300845195053,7.40111604525712e-05,0.000648787891920493
"ENSG00000146070",10.4650488406962,-1.41985358505617,0.557729196181752,-2.5457759693711,0.0109035139960496,0.0319736870497709
"ENSG00000146072",155.787735473046,-1.42518427424208,0.378188265462963,-3.76845186483357,0.000164263152176426,0.00115256813456897
"ENSG00000146232",39.3085070189222,1.57955122750411,0.335454692427478,4.70868723306231,2.49317288236256e-06,6.20943620236925e-05
"ENSG00000146247",28.8444514197357,1.51658329595827,0.294958991253347,5.14167508342081,2.72299732817425e-07,1.1309698474626e-05
"ENSG00000146409",9.41481415036774,-1.2967684478608,0.418050536454647,-3.10194183425352,0.00192255730218733,0.00775680600334881
"ENSG00000146416",37.4197435817365,-1.28935612163849,0.355610714565354,-3.62575161216503,0.000288122200787627,0.00176808595786646
"ENSG00000146453",16.1062871148423,2.15401510709043,0.592358829758165,3.63633493565011,0.000276544711115643,0.00172095716359281
"ENSG00000146457",55.7186144911622,1.27167585075595,0.296996006271289,4.28179444808541,1.85392198165882e-05,0.000249425784489867
"ENSG00000146592",31.4175771347147,4.68563472566102,0.448652141109521,10.443803330735,1.56415569561881e-25,4.86629495567142e-23
"ENSG00000146701",153.637575959916,-1.275976770769,0.290248085302986,-4.39615913206463,1.10183169888636e-05,0.000174357993118399
"ENSG00000146757",12.0512785450038,1.31059294636524,0.350897915624433,3.73496931161018,0.000187738079343263,0.00127339086396177
"ENSG00000146802",4.85844949885626,-1.56162164792572,0.480636923748365,-3.24906716643205,0.00115784135662254,0.00518794731775788
"ENSG00000146830",55.9841018032366,1.61771750588194,0.352881744044551,4.58430489302305,4.55499181040951e-06,9.62955775365548e-05
"ENSG00000146872",24.459973973395,1.32034721550416,0.291764674218251,4.52538409264889,6.0285915124281e-06,0.000115722288065689
"ENSG00000146904",39.5550861816215,-1.08117745046503,0.272972265265006,-3.96075934460009,7.47118000970006e-05,0.000653309723009176
"ENSG00000147050",48.2141416720331,1.19589030777822,0.32003658169631,3.73673003704628,0.000186428893946691,0.00126682323307196
"ENSG00000147133",23.5365825794907,1.17617158648298,0.236075213665243,4.98219007502753,6.28686340823606e-07,2.16870482716327e-05
"ENSG00000147162",273.674541266635,1.28496122471609,0.351958265394364,3.65089088979432,0.000261332250078342,0.00164785349955878
"ENSG00000147174",179.538336565413,2.8650537772814,0.738525194480971,3.87942591355321,0.000104703284425742,0.000826053807127299
"ENSG00000147180",9.86835913697583,1.29477641895353,0.419576419035589,3.08591322155239,0.00202928037068536,0.00810974406985721
"ENSG00000147394",58.5682264897641,-1.87912783242206,0.372949609883542,-5.03855690587488,4.69054966818439e-07,1.72639449729224e-05
"ENSG00000147400",47.151501507698,-1.91888414870997,0.429772322927101,-4.46488535055213,8.01116389190874e-06,0.000139195027833175
"ENSG00000147403",189.867334251641,-1.12535825405394,0.268652094788426,-4.18890556182042,2.80303009602918e-05,0.00032906286587066
"ENSG00000147419",25.8886081925173,-1.36488870534493,0.341731336253856,-3.99404023144959,6.49568343685996e-05,0.000592735607030348
"ENSG00000147421",20.8125149555359,1.62468804561505,0.307029599171021,5.2916332822689,1.21228792508212e-07,5.87923988137622e-06
"ENSG00000147437",31.7760550341498,2.40387083189095,0.469605234435559,5.11891830758719,3.0729302291776e-07,1.24190065070856e-05
"ENSG00000147592",17.1810930764337,-1.11322205940051,0.342705620386169,-3.24833324340028,0.00116083229301421,0.00519429136486061
"ENSG00000147676",129.847226795721,-1.15242593441174,0.274605115511971,-4.19666593706082,2.70873018621979e-05,0.000320784234971296
"ENSG00000147687",6.51941821675491,-1.11372367909451,0.400598452154255,-2.78014973124673,0.00543338395900559,0.018135843744948
"ENSG00000147697",16.8156195718174,-2.61321796473984,0.352295167330044,-7.41769461257376,1.19176499540373e-13,1.51161638532401e-11
"ENSG00000147799",9.11323009358651,1.01907692107487,0.336817642818453,3.02560433754998,0.00248136775379201,0.00951960746679302
"ENSG00000147854",26.3923086595292,1.17685193127198,0.280585968993049,4.19426507852621,2.73757698662298e-05,0.000323120307318728
"ENSG00000147883",37.2068578586263,-2.39092917460524,0.462797930146349,-5.16624863436438,2.38839034188731e-07,1.02825504823446e-05
"ENSG00000147889",6.46823879563103,-1.39822048134142,0.419207242340421,-3.33539199736911,0.000851792340261474,0.00406283017025497
"ENSG00000147896",4.23723845765,-2.22051785003905,0.772117531207312,-2.87588062735341,0.00402902051489507,0.0141229845387128
"ENSG00000147955",145.581677144605,-1.79852065306481,0.367621800756853,-4.89231228768818,9.96581492961195e-07,3.12407456985497e-05
"ENSG00000148143",10.0503408598694,1.53038225116069,0.36356154946408,4.20941723187338,2.56030210270043e-05,0.000308377073567768
"ENSG00000148180",163.450936878776,-1.13490724299652,0.283072127183582,-4.00925112015881,6.09116135852255e-05,0.000567121172448777
"ENSG00000148218",26.5754615268737,-1.30059453224136,0.346271482035145,-3.75599666653853,0.00017265299098898,0.00119315807561496
"ENSG00000148300",42.4686932823869,-1.0607821786411,0.293739379916714,-3.61130393528395,0.000304661364280652,0.00183945852640925
"ENSG00000148303",786.136628629421,-1.25987198108549,0.30237682328487,-4.16656265979274,3.09226924569168e-05,0.00035286109060353
"ENSG00000148344",13.7913249305735,-1.11689222460608,0.380465372047139,-2.93559494940765,0.00332908710178908,0.0120750807790146
"ENSG00000148346",10.8330104933895,1.02429996980278,0.381734511172873,2.68327840376714,0.00729042718482813,0.0229894537866956
"ENSG00000148384",17.8211936809339,1.07467728544401,0.349364216694466,3.07609432818319,0.00209731483028934,0.00833115495944131
"ENSG00000148400",60.5809832786789,1.23326725470293,0.209505027347054,5.88657594674312,3.94278619911345e-09,3.09583817319913e-07
"ENSG00000148444",21.9085097628545,-1.25143708610739,0.320311681160926,-3.90693552471059,9.34740830199981e-05,0.00076314951181921
"ENSG00000148450",29.4574437343003,-1.20307637878023,0.368704011227266,-3.26298695470028,0.00110244594448201,0.0049953919149667
"ENSG00000148484",32.9695163149439,-1.84480805654752,0.405520910589844,-4.5492304055645,5.38424650180375e-06,0.000108666879520492
"ENSG00000148516",8.6647625814608,4.60466570691677,0.680000125397572,6.77156596732183,1.27395848312481e-11,1.37296087766307e-09
"ENSG00000148600",2.19094705814614,-1.71267354136085,0.669557310758984,-2.55791926074174,0.0105300537609097,0.0310386228930355
"ENSG00000148634",34.1340584225007,1.16570617450416,0.2243247201068,5.19651233243117,2.03062135963073e-07,8.90503074440191e-06
"ENSG00000148834",169.511119095408,-1.38849651727051,0.299677466263432,-4.63330304604869,3.59877132033949e-06,8.15111817322497e-05
"ENSG00000148840",62.8432409816353,1.36358909562972,0.249514266406833,5.46497446926094,4.62973433071904e-08,2.6143729239461e-06
"ENSG00000148841",21.2708262248019,-2.34662511516198,0.252164952994163,-9.30591300376426,1.32846019942105e-20,3.08520848285263e-18
"ENSG00000148908",17.0594407540312,-1.07257028202158,0.392948753415939,-2.72954239629882,0.00634222934429842,0.0205093194073616
"ENSG00000148985",22.5310343646564,-1.33703248810812,0.357315454141994,-3.74188262111047,0.000182646826797107,0.00124397502150248
"ENSG00000149043",2.93130352097659,-1.42081613827315,0.569823557165091,-2.49343173059009,0.0126514910877521,0.0361856784988627
"ENSG00000149179",4.76748912271789,-1.28150171982353,0.464443901618364,-2.75921745415993,0.00579399662593687,0.0190845406242655
"ENSG00000149201",1.60661750537149,2.97457351826806,0.982728876469062,3.02685062939809,0.00247116037689171,0.00949290191271733
"ENSG00000149218",55.5827465022713,-1.68717275353158,0.358767176209002,-4.7026954119925,2.56749293529667e-06,6.33763338474652e-05
"ENSG00000149231",6.71880566378085,1.56215346758429,0.452885090482071,3.44933737147641,0.000561964117137888,0.00295196760990336
"ENSG00000149257",332.448704813459,1.61675169028589,0.415312798066617,3.89285304428919,9.90721710805203e-05,0.000794166761763101
"ENSG00000149273",225.092752037276,-1.42989627247685,0.33197674009341,-4.30721824690041,1.65320474495785e-05,0.000231014347793305
"ENSG00000149289",22.4293201336297,1.15326382900701,0.299317548860854,3.85297766000059,0.000116690040696968,0.000898693171906725
"ENSG00000149313",12.4846661597245,-1.01370481740352,0.29767161222238,-3.4054467264625,0.000660559002123505,0.0033361352454348
"ENSG00000149527",15.4033444193337,-1.48835359061133,0.293616889502509,-5.06903261979624,3.99842705877627e-07,1.52263426725547e-05
"ENSG00000149532",83.3048717078646,1.1817134185873,0.282257641513008,4.18664810012891,2.83104232790748e-05,0.000331674953955338
"ENSG00000149547",121.481536377947,-1.69537497454802,0.336165858495423,-5.04326936154674,4.57644303146834e-07,1.69575211563779e-05
"ENSG00000149573",59.6511853368259,-2.39371098630242,0.489487054972658,-4.89024369895979,1.00711213913915e-06,3.13325887967272e-05
"ENSG00000149600",33.3511814092754,-1.00402203105055,0.298123948783496,-3.36780065857673,0.000757703594903233,0.00370955302148438
"ENSG00000149743",24.3540537079645,-1.04561727144166,0.305910105312252,-3.41805404033438,0.000630705828219564,0.00321872745326908
"ENSG00000149781",17.1451031833524,3.24320956705515,0.619130108889576,5.2383328164607,1.62033664419446e-07,7.48395824261131e-06
"ENSG00000149809",76.0440436936761,-1.0353177865351,0.302571837309171,-3.42172555034328,0.000622250896964885,0.00318840740834493
"ENSG00000149922",2.90640841989066,-1.67384475995308,0.642175008943179,-2.6065242911083,0.00914663359621259,0.0276130238129869
"ENSG00000149930",63.6434848287641,1.08359738845089,0.354730954326428,3.05470209248712,0.00225284177084309,0.00883823648808749
"ENSG00000149932",77.1994631361725,-1.01554310780579,0.280697756678993,-3.61792384741847,0.000296975742649273,0.00180628292900917
"ENSG00000150054",8.34652727565506,-1.37087886572983,0.385092325973506,-3.55987064209672,0.000371037517935717,0.00213395104054483
"ENSG00000150347",39.588096179022,1.23877654594838,0.368934094914665,3.35771771441972,0.000785888265031982,0.00382369772856664
"ENSG00000150401",18.7056171371682,1.12646213201309,0.280158578454257,4.02080185525005,5.80003761922016e-05,0.000550269391848799
"ENSG00000150433",3.36736340486634,-1.65437484910348,0.583743858720416,-2.83407666631375,0.00459583047467591,0.0157515378709065
"ENSG00000150456",10.0487122916793,-1.36422931858318,0.484207299400586,-2.8174488907375,0.00484068182069795,0.0164743039301318
"ENSG00000150457",39.0356460151047,1.27965278492279,0.310602813227994,4.11990082003371,3.79035519541255e-05,0.000406102448454564
"ENSG00000150556",13.334201264891,-1.60774563288301,0.406967729299484,-3.95054820599763,7.7972390580345e-05,0.000670676446676739
"ENSG00000150593",57.3609529977742,-1.1359505848375,0.287752910595673,-3.94765975602466,7.891885480216e-05,0.000675294757048685
"ENSG00000150687",59.3500412933445,-1.84399445471788,0.520502274147379,-3.5427212258361,0.000396021101293851,0.00224463448733829
"ENSG00000150779",93.292839832569,-1.22580935050166,0.308786900667355,-3.96975826323079,7.19455868344049e-05,0.000638144583815225
"ENSG00000150991",2102.56982232376,1.16643493548287,0.267813097086659,4.35540661816637,1.32820131075791e-05,0.000198636782831744
"ENSG00000151332",54.4436977745956,1.84942734292477,0.332207146995121,5.56709077349238,2.59027476228504e-08,1.6364383354528e-06
"ENSG00000151422",47.8843308976244,2.08479120959582,0.379796516815076,5.48923204214354,4.03685014882418e-08,2.3273993742644e-06
"ENSG00000151500",16.6722705584692,-1.21208639643008,0.372850317050987,-3.25086594002904,0.00115054095754652,0.00515803965442758
"ENSG00000151632",11.0257995537417,-1.12561515543402,0.332738198956833,-3.3828852802682,0.00071728588015634,0.0035549524730682
"ENSG00000151715",53.0658584900672,-1.41131282828209,0.351799956504566,-4.01169130975652,6.02852950994351e-05,0.000564156771222806
"ENSG00000151726",39.8904867618218,-1.31921929780475,0.32118278812644,-4.10737856004106,4.00175058159761e-05,0.000423522884081919
"ENSG00000151746",5.77342704302937,1.4123046657939,0.428988973488827,3.29217008611688,0.000994174659140395,0.00459057573636684
"ENSG00000151835",13.6239857364473,2.0449916989553,0.407245558380469,5.02151995736383,5.12641760213163e-07,1.85779120530876e-05
"ENSG00000151914",51.6969505648917,-1.38606883218481,0.313563719063615,-4.42037374835324,9.85303380605555e-06,0.000161337313235402
"ENSG00000151929",430.090479635459,1.37193311266049,0.311397605921476,4.40572787514123,1.05429252033554e-05,0.000168778925901095
"ENSG00000152082",99.3288715416939,-1.03071679125363,0.28850065256981,-3.57266710516096,0.000353363849957195,0.00205669485419844
"ENSG00000152147",7.3286494670666,-1.14171167943411,0.385171899760857,-2.96416140466884,0.00303509047839896,0.0112008967990869
"ENSG00000152217",6.117450251434,1.61366322228083,0.485372976355339,3.32458398157601,0.000885505595377548,0.00418249835639656
"ENSG00000152234",165.196869311981,-1.47984165961629,0.317643034038408,-4.65881981040815,3.18027425759045e-06,7.42769720019956e-05
"ENSG00000152240",19.0479940576089,-1.07260440787416,0.358490457732293,-2.99200267326261,0.00277153836132418,0.0104218691082952
"ENSG00000152377",12.2288682550535,1.42673473796886,0.387663750651544,3.6803408509848,0.000232922396666021,0.00150942847653222
"ENSG00000152413",23.5901225178169,1.37850693480784,0.314374142753664,4.38492467202688,1.16025921660007e-05,0.000180485983231307
"ENSG00000152422",33.3705732078984,1.40243416240343,0.280891178358919,4.99280244611817,5.95094198890369e-07,2.07152619589114e-05
"ENSG00000152433",7.90152322447152,1.853107204336,0.494952111657742,3.74401312912757,0.000181104183385663,0.00123800567939464
"ENSG00000152443",32.9686445810033,1.51853438203037,0.345492977683715,4.39526844282353,1.10635944912307e-05,0.000174906624703647
"ENSG00000152454",28.7019180281047,1.60086258287662,0.360159996153772,4.44486505989722,8.79470510382937e-06,0.000148830614663265
"ENSG00000152484",74.9690692132546,1.12725993955186,0.259643441345897,4.34156909070592,1.414687778888e-05,0.000207718493197545
"ENSG00000152503",3.9019887907176,3.30487441729223,0.748659208125512,4.41439092904094,1.01294770038316e-05,0.000164249633979926
"ENSG00000152518",114.067716894155,-1.25151120014148,0.253504458857215,-4.93684097622276,7.93981603668196e-07,2.60022197863907e-05
"ENSG00000152520",27.8391422135037,1.15773842237261,0.267206664265233,4.33274531365515,1.47261431619253e-05,0.00021275050390988
"ENSG00000152558",250.568219306192,-1.2788241816937,0.29407907356819,-4.34857253247287,1.37026500859175e-05,0.000202639459432013
"ENSG00000152661",197.428910624624,-1.90346420132384,0.391826722742191,-4.85792339022333,1.18623286592074e-06,3.54987181963105e-05
"ENSG00000152683",20.6008282239179,-1.08471074954555,0.324388250529267,-3.34386571577655,0.000826197180185316,0.00397408556128228
"ENSG00000152766",16.3574786867889,-2.53348904975178,0.300237739563012,-8.4382764586464,3.2205117431126e-17,5.58979138233512e-15
"ENSG00000152782",9.94914783692629,-1.10818100281368,0.385652581892464,-2.87352154463908,0.00405923390801712,0.014204734276166
"ENSG00000152784",2.23308974379477,3.20196209093973,0.882747920721508,3.62726664745087,0.000286437446745847,0.00175916401628103
"ENSG00000152795",437.57889435193,1.45376952674317,0.386949546999676,3.75700020329624,0.000171962356981023,0.0011898813698112
"ENSG00000153044",6.49377175851966,-1.53906598521235,0.490209718051189,-3.13960725081267,0.00169174475561945,0.00701880190411956
"ENSG00000153130",20.186865021675,-1.19173340850945,0.314912680949051,-3.78432969075085,0.000154123404571072,0.00110205586208691
"ENSG00000153294",28.6901980399749,-1.83411666473034,0.441465415770307,-4.15461007637488,3.25842725155722e-05,0.000366245446154922
"ENSG00000153406",19.7094091015396,-1.45064762844801,0.391093856072722,-3.70920587455679,0.00020791032487442,0.00138080540793758
"ENSG00000153443",27.089859078892,1.15627592360975,0.323326805822514,3.57618330057196,0.000348647233060188,0.00203787459267261
"ENSG00000153487",28.0937986013364,2.02653368405892,0.505146357855721,4.01177530540116,6.02638450529349e-05,0.000564156771222806
"ENSG00000153531",8.880981238403,2.25773088390027,0.518180628339454,4.35703451735609,1.31836483371676e-05,0.00019767674896457
"ENSG00000153714",11.7527148221781,-1.48262407055127,0.482491296184003,-3.07285143229995,0.00212024016472024,0.00841613867984401
"ENSG00000153814",9.96203516553469,1.36536427593446,0.465607247518867,2.93243776425351,0.00336312320947488,0.012171760009006
"ENSG00000153823",16.7905117046171,-1.18211595566113,0.366978202978176,-3.22121571817558,0.00127648029400196,0.00559635298266372
"ENSG00000153914",21.9540867745213,1.09221436904891,0.245670478056779,4.44585111604855,8.75445656411426e-06,0.000148357897518685
"ENSG00000153922",40.6142798851441,1.45689631072828,0.253954676518896,5.73683592166444,9.64616236627715e-09,6.85584358868724e-07
"ENSG00000153933",5.41425846735945,1.75340759717203,0.535866722584035,3.27209644352764,0.00106753153561431,0.00486392027928829
"ENSG00000153956",4.61530321136871,1.39100598643681,0.506332259633976,2.74721975534872,0.00601028485559617,0.0196517126678416
"ENSG00000153975",76.1508314773533,1.17467870115754,0.274838759652345,4.27406491953114,1.91941109118134e-05,0.000255441238761009
"ENSG00000154079",18.2709900511375,-1.28785003752051,0.369700956723373,-3.48349122202607,0.000494919350844439,0.00267477062473745
"ENSG00000154102",7.84497068147099,-1.65039494959724,0.507147027711575,-3.25427313858941,0.00113682918638284,0.00511883573300563
"ENSG00000154124",34.3379682717217,1.14813238988518,0.287570066062154,3.99253095291575,6.53717965795137e-05,0.000595533455137901
"ENSG00000154227",20.4321163645234,-2.84939214772245,0.374897970296013,-7.60044698420911,2.95109645435856e-14,4.08912852402675e-12
"ENSG00000154263",1.66502244926076,2.4705666511312,0.897871689037216,2.75158096785564,0.00593083563626902,0.0194536599973026
"ENSG00000154265",8.96676660042045,1.17075000727287,0.35324474433997,3.31427438350254,0.00091881296088309,0.00430039935055386
"ENSG00000154310",25.6490496001646,1.87763246588974,0.501536831149633,3.74375788431289,0.000181288351270667,0.00123830307543581
"ENSG00000154328",26.2600086434726,1.91734146046765,0.339088148490502,5.6544042279359,1.56387768226998e-08,1.05393226559698e-06
"ENSG00000154511",11.0709884542621,-1.27573445213995,0.424209975450229,-3.00731837054509,0.00263563572231525,0.00998827796489454
"ENSG00000154518",75.8698154436067,-1.05040381845672,0.252101195524475,-4.16659594283732,3.09181800960715e-05,0.00035286109060353
"ENSG00000154553",7.98554589149701,2.44857179154017,0.780618672207019,3.13670666449395,0.00170856974724981,0.00707321279497919
"ENSG00000154723",124.92670625143,-1.09098745989504,0.284081231190008,-3.84040668693571,0.000122830655475365,0.000938099916541862
"ENSG00000154734",36.7579874569282,1.12663634893851,0.367712672959881,3.06390405277502,0.0021846896477967,0.00862421537048594
"ENSG00000154743",2.94437890820657,-1.56005953117908,0.594526619298586,-2.62403646958586,0.00868944802947258,0.0264794508515937
"ENSG00000154803",125.831009960362,1.86233720817908,0.516561025527947,3.60526078458144,0.000311839623728777,0.00186979038387775
"ENSG00000154856",5.66346494496967,-2.95039599942365,0.747229220664024,-3.94844837144054,7.8659375320967e-05,0.000673423904292536
"ENSG00000155066",23.3211532428849,-1.07245603001681,0.395727958192064,-2.71008405601784,0.00672661587625632,0.0215369260550661
"ENSG00000155115",224.142691749262,-1.21032494031186,0.286248353599429,-4.22823371765333,2.35533056872588e-05,0.000291350680778102
"ENSG00000155265",9.88203193454626,1.33479858569507,0.333381063802659,4.00382244411215,6.23271509166316e-05,0.000576071968309607
"ENSG00000155304",63.4335397977499,1.43065279011737,0.325206380709218,4.39921500616735,1.08643148892761e-05,0.000172086155820629
"ENSG00000155324",16.6121399583465,-1.30122319242126,0.306471557210345,-4.2458204091291,2.17795029814322e-05,0.00027624786512372
"ENSG00000155367",16.3532290687971,1.00581297586835,0.283396708776018,3.54913428674745,0.000386499923004743,0.00220214140650491
"ENSG00000155368",197.342870700627,-1.9818922025226,0.41790741254797,-4.74241935657245,2.1118090407563e-06,5.43238990218888e-05
"ENSG00000155393",8.80270573413915,-1.64370571842971,0.487360632437488,-3.37266822354704,0.000744435956539257,0.00366418044399278
"ENSG00000155545",38.505309731889,1.0983610081405,0.256887384085696,4.27565180769675,1.90578884942195e-05,0.000254038418254799
"ENSG00000155827",17.6315711184086,-1.40037272457958,0.342282601752333,-4.09127638217748,4.29005488218895e-05,0.000442380933680026
"ENSG00000155858",7.33022025886284,1.02885329305115,0.388344357502637,2.6493324112329,0.00806509612149428,0.0249409921131506
"ENSG00000155876",123.604256869003,-1.02700402857101,0.244079752010541,-4.20765762055778,2.5803141723824e-05,0.000309431275552097
"ENSG00000155957",17.7635303403413,-1.2375291983305,0.352898767052538,-3.50675410023822,0.000453608116596653,0.00249901244054869
"ENSG00000155961",1.96045934918512,3.53770195485043,0.982943781939727,3.599088798211,0.000319334143427668,0.00190158927084826
"ENSG00000155962",25.6177770302739,3.11958254891977,0.319854679608183,9.75312461503209,1.78876134951164e-22,4.91581431534956e-20
"ENSG00000155974",11.4915852766021,1.08916547275924,0.346174901603128,3.14628665369828,0.00165357851952468,0.00690624524023363
"ENSG00000155980",25.9962073713309,3.3104025257105,0.64636286893323,5.12158523458201,3.02977733261132e-07,1.22746924907686e-05
"ENSG00000156017",9.27489530949166,-1.03859944798013,0.36584071742821,-2.83893891112307,0.00452638215492262,0.0155504673402598
"ENSG00000156030",14.5722120170943,1.17123005472662,0.282887830389553,4.14026313225908,3.46907658593013e-05,0.000379824726596294
"ENSG00000156110",31.3615131885221,-1.0294515446397,0.241215859809294,-4.26776060850059,1.97445044393336e-05,0.000260245510551695
"ENSG00000156171",46.7027131528337,-1.18530339399278,0.291052699089423,-4.07247002931455,4.65171873424361e-05,0.000469701103545272
"ENSG00000156253",7.15203866075345,-1.79486840401922,0.515513161767358,-3.4817120825117,0.00049821907240194,0.00268556204146309
"ENSG00000156299",10.6074420072928,-1.36733874244193,0.331859465079386,-4.12023427481521,3.78487353594244e-05,0.000405942726113058
"ENSG00000156304",62.026415405285,1.17001109426519,0.306015672146269,3.82336984919501,0.000131640092005386,0.000986642489580367
"ENSG00000156384",12.794481547738,1.02012291757416,0.280654750989136,3.63479653908886,0.000278200101223469,0.00172408751113771
"ENSG00000156427",2.41883164384808,2.12341964043425,0.9008213655858,2.35720390474243,0.0184131331000444,0.0492981382857372
"ENSG00000156463",20.0888554130617,-1.5810573767781,0.384533643699617,-4.11162300798096,3.92887457528285e-05,0.000417686736762339
"ENSG00000156467",30.9427886855333,-1.1861062454591,0.327893957720066,-3.61734706460106,0.000297638087765438,0.00180897693666211
"ENSG00000156502",29.666935443747,1.11905478466753,0.263286386483701,4.25033287749123,2.13453050920395e-05,0.000273659739278989
"ENSG00000156515",68.440496025596,-1.1407949621337,0.270771965405235,-4.2131206619799,2.51866423434731e-05,0.000304250949158628
"ENSG00000156521",15.3763726495846,-1.23373621769722,0.352032311754954,-3.50461073174444,0.000457275359548697,0.00251166335896018
"ENSG00000156535",25.4787777976508,-1.22872008669532,0.273139757483701,-4.49850324981943,6.8433550635491e-06,0.000125657106506527
"ENSG00000156587",13.723539726887,-1.58086808299471,0.494356177816184,-3.19783215813785,0.00138464845631967,0.00597369659765962
"ENSG00000156671",57.1969173259563,1.01291025583279,0.226929229032626,4.46355130253917,8.06122857914691e-06,0.000139702146689444
"ENSG00000156804",2.36467891608258,1.8409226155767,0.717754580546341,2.5648357606794,0.0103224653166643,0.0304812196644838
"ENSG00000156860",147.542956863738,1.28276019159802,0.367503334458325,3.4904722524184,0.000482167680191764,0.00261959238177331
"ENSG00000156873",60.0886187937448,1.7018496908598,0.448113106196131,3.7978128006703,0.000145978500985397,0.00105990290741885
"ENSG00000156976",422.931951630863,1.27832997420672,0.328943474296041,3.88616912660274,0.000101838569539698,0.000809514808783009
"ENSG00000156983",33.5234678758114,1.4199609261806,0.311549543131609,4.55773714802323,5.17076919544502e-06,0.000105130472581619
"ENSG00000156990",15.0340326954721,-1.00490478920846,0.276180906853019,-3.63857444259627,0.000274151385420548,0.00171100764352741
"ENSG00000157036",7.4485209620786,1.28186536579055,0.427066499214747,3.00155916736043,0.00268600835323212,0.0101465273164821
"ENSG00000157212",10.0743634131125,1.300810441894,0.327478226614411,3.97220436711856,7.12105849276494e-05,0.00063367044515489
"ENSG00000157326",10.9177980204833,-2.04875693187226,0.546432738957203,-3.74933049542758,0.000177307292378985,0.001216537014586
"ENSG00000157426",9.27378117297198,-1.02559255616514,0.389803444218637,-2.63105052399151,0.0085121380453807,0.0260498597309358
"ENSG00000157540",15.9314780505007,1.44961531189943,0.330803372214855,4.38210560609979,1.17537808089679e-05,0.000182493495065039
"ENSG00000157551",2.11108937209574,-1.94223188143004,0.720559672470492,-2.69544904556059,0.0070293828097173,0.0223199486134082
"ENSG00000157557",130.358738277181,1.16367215367438,0.211827008416378,5.49350227987455,3.94040018205486e-08,2.27976345971588e-06
"ENSG00000157601",6.34388487230302,-1.40409008135281,0.46534169076761,-3.01733137006631,0.00255010879255381,0.00972225292032827
"ENSG00000157764",15.514158685592,1.72263281962361,0.380461677323506,4.52774332422148,5.96169343804441e-06,0.000114839209228872
"ENSG00000157870",12.3020034022998,-1.13151224599837,0.33865882986863,-3.34115678140533,0.000834300968534792,0.00399906647388668
"ENSG00000158019",17.365567681502,-1.20799484257345,0.437791961104272,-2.75928968527984,0.00579271601213649,0.0190841347300936
"ENSG00000158042",43.6530334213948,-2.19675975021562,0.460690626867223,-4.76840556786226,1.85689676301887e-06,4.94642499602879e-05
"ENSG00000158050",15.6221082354823,1.63708400618851,0.389115910871037,4.20718855346698,2.58567393817581e-05,0.000309663245585261
"ENSG00000158055",49.1333753779283,-1.70099825578847,0.406581609211193,-4.18365764031622,2.8685601153315e-05,0.000334012335589981
"ENSG00000158089",2.8897632616748,-2.29312267850397,0.706915785767866,-3.24384138064358,0.00117929398735126,0.00525408769452442
"ENSG00000158092",13.0498093866971,-1.00388119324853,0.28892933008232,-3.47448697216899,0.000511831217398941,0.0027401249817179
"ENSG00000158109",115.785102124961,-1.17510302875479,0.270309028203181,-4.34725779070727,1.3785016490222e-05,0.000203310498128149
"ENSG00000158315",8.88299223070641,-2.71127821131645,0.567656788285507,-4.77626317040147,1.78582649365516e-06,4.80366933994778e-05
"ENSG00000158373",367.264981641254,1.45079155533447,0.427399427567957,3.39446302862395,0.000687633238281047,0.00344422371385668
"ENSG00000158406",240.811053327647,1.96152636309502,0.644816102631357,3.04199345377767,0.00235017005451869,0.00912884664993136
"ENSG00000158470",87.5721370696535,1.04276596067197,0.283512433826588,3.67802549820367,0.000235046467337508,0.00151927918460532
"ENSG00000158545",29.8640879377878,1.00771440608688,0.22083089914157,4.56328534640822,5.03592952581951e-06,0.00010315210180278
"ENSG00000158615",139.538332429782,1.23753654839226,0.308357525053658,4.01331716544591,5.98713803657331e-05,0.00056187774095081
"ENSG00000158623",22.3306999201482,-1.32707070477695,0.357669955695021,-3.71032199838592,0.000206995797454038,0.00137682682703495
"ENSG00000158716",39.6103603709038,-1.1101746476323,0.314801908726696,-3.52658169107903,0.000420961278360233,0.00235216215482273
"ENSG00000158717",15.5590225344116,1.87023378291121,0.468374538823358,3.99303042306608,6.52341949032386e-05,0.000594608424411002
"ENSG00000158786",4.73227892308697,-2.45276799655286,0.551010889458122,-4.45139659393116,8.53136127623221e-06,0.000145474266891203
"ENSG00000158825",66.6567615803332,-1.38748719526058,0.306041494297829,-4.53365710569407,5.79711111135838e-06,0.000112902294565665
"ENSG00000158987",15.3637487147303,1.16717021204681,0.299208981793381,3.9008528589319,9.58544007988518e-05,0.000777445209345631
"ENSG00000159079",18.4300620615556,-1.23520224644025,0.329978196984592,-3.74328442826762,0.000181630432356828,0.00123909979277275
"ENSG00000159082",18.0054831208824,1.47239718276903,0.39966437248536,3.68408415694588,0.000229526404490942,0.00149296287323516
"ENSG00000159086",41.7225959641157,1.46666013078859,0.318332759422635,4.60731761773023,4.07896702680601e-06,8.87309858905069e-05
"ENSG00000159140",219.403628742962,1.08725601692571,0.276046825275173,3.93866517335201,8.19361787459488e-05,0.000695698069692044
"ENSG00000159166",213.216981939938,-1.99415729537733,0.392582272149118,-5.07959079369704,3.78248720029046e-07,1.46064242261334e-05
"ENSG00000159199",46.819035022016,-1.29003264776513,0.300858153338,-4.28784340212259,1.80416208664848e-05,0.000244846326310674
"ENSG00000159208",128.60814240185,3.15934101161653,0.445240538241466,7.09580718794103,1.28598665307474e-12,1.50387474628009e-10
"ENSG00000159216",6.7082426764597,1.5107436164148,0.429174306229546,3.52011663905802,0.000431357060842655,0.00239967833206293
"ENSG00000159228",56.3108951272497,-2.0554110952505,0.402590504867014,-5.10546341854103,3.29984822689142e-07,1.31428013075393e-05
"ENSG00000159337",12.0870442447623,-1.88161865860991,0.336610398103918,-5.58990057707313,2.27199661853214e-08,1.47491937964474e-06
"ENSG00000159348",125.175075020172,-1.41045330306003,0.308357692238001,-4.57408178412294,4.78312989546926e-06,0.000100057057614164
"ENSG00000159423",21.5504210486729,-1.37053625593481,0.405251877202131,-3.38193684726898,0.000719766895489022,0.0035651055391164
"ENSG00000159516",78.5054906424311,1.67665984489354,0.210102107745233,7.98021430097518,1.46079445051691e-15,2.18973088132485e-13
"ENSG00000159527",15.5068950014657,-2.26283342781144,0.330206165284759,-6.85278975896784,7.24234887060167e-12,7.96127270182339e-10
"ENSG00000159588",17.5364617198133,2.25107919450707,0.531646677498606,4.23416394718835,2.29403546165063e-05,0.000286780521055021
"ENSG00000159596",46.151368602036,-1.03940316398516,0.229250458158319,-4.5339196804019,5.78990534903354e-06,0.000112902294565665
"ENSG00000159685",6.71287702645789,-1.69116651652284,0.443914579235809,-3.80966653412048,0.000139154350068539,0.00102296748920202
"ENSG00000159792",21.4651835302357,-1.45195163768943,0.364757720768996,-3.9805919244927,6.87438741871874e-05,0.000617477103395408
"ENSG00000159873",119.840061581958,1.57154411128423,0.438906323098106,3.58059118444951,0.000342817678560464,0.00201021362083339
"ENSG00000159885",20.408961905982,1.10245144651036,0.314922947429697,3.50070217336726,0.000464034113804471,0.00254201279153552
"ENSG00000159899",53.564073771604,2.27267381589493,0.639542480682863,3.55359320848915,0.000380006509949771,0.00217415938326224
"ENSG00000159917",4.7512349590785,1.19438224342015,0.497394109187961,2.40127943085229,0.0163378552494272,0.0446925542024776
"ENSG00000160049",25.1193723414142,-1.0896942182411,0.272972527036788,-3.99195563769772,6.55306336501335e-05,0.000596393487864369
"ENSG00000160050",5.1615577689895,1.23767678916936,0.457686550339145,2.70420179105599,0.00684686955866384,0.0218498223636168
"ENSG00000160117",2.45032183024046,1.83376914820941,0.772145417634668,2.3749012897426,0.0175536438025252,0.047426189195451
"ENSG00000160179",5.84476753565925,-1.33089274797483,0.448903810065063,-2.96476153272555,0.00302917639853939,0.0111817421142277
"ENSG00000160188",6.68031075400353,2.15396636647868,0.578287662485458,3.72473166247575,0.000195523088649061,0.00131376536623242
"ENSG00000160199",27.2485068681816,1.53307573126433,0.342824862566946,4.47189191526315,7.75306132839063e-06,0.000136873906042648
"ENSG00000160211",33.1380532191458,-1.67328632172381,0.400032718505089,-4.18287366087663,2.87847370291323e-05,0.000334012335589981
"ENSG00000160213",251.735281589751,-1.19481124425724,0.250763650565237,-4.764690741916,1.89143520151842e-06,4.99805689708931e-05
"ENSG00000160282",25.1213958606424,2.28187820083358,0.614616508927239,3.71268615094053,0.000205071125993669,0.00136733432936094
"ENSG00000160299",22.5337973151063,1.29908686241785,0.28136329895272,4.61711554866349,3.89110634718172e-06,8.58908334118867e-05
"ENSG00000160352",7.7453098913899,1.03242628038796,0.371296234254283,2.78059992302776,0.00542585587706827,0.0181253925358547
"ENSG00000160360",44.6766583362759,1.81933774802016,0.479015659207968,3.79807572685276,0.000145823776353678,0.00105924592435938
"ENSG00000160446",36.2658126431602,-1.80597265605231,0.446919784628255,-4.04093244060455,5.32390954076457e-05,0.000519751003064932
"ENSG00000160469",14.8357192804317,2.27819169898273,0.490420620267258,4.64538317687623,3.39445819157152e-06,7.77285807396794e-05
"ENSG00000160471",12.1161920647736,5.28692051565181,0.678567808689451,7.79129284936562,6.63269852919653e-15,9.51013617808014e-13
"ENSG00000160472",5.86120577576637,3.58307623872207,0.822520445313847,4.35621540976393,1.32330551999772e-05,0.00019818333078331
"ENSG00000160570",201.007805483629,1.7968122541169,0.419559359946912,4.28261749265767,1.84707542605782e-05,0.000249030471792865
"ENSG00000160584",38.7705181909949,1.14980023725435,0.355875015739068,3.23091025332724,0.00123396678382666,0.00544186829828535
"ENSG00000160606",41.5506964938688,-1.11090135607752,0.409712620780913,-2.71141600168465,0.00669965134576814,0.0214630952089316
"ENSG00000160633",96.7168293871347,1.19850021251849,0.324886426347696,3.68898210365936,0.000225153054383737,0.00147148185245083
"ENSG00000160703",17.4966197191456,-1.0375816774491,0.245959278368065,-4.21851000837793,2.45922056938808e-05,0.000299262641834982
"ENSG00000160712",166.688345672695,1.05129251026404,0.375840747771744,2.7971754433144,0.00515515317268346,0.0173724342252969
"ENSG00000160741",85.5096412935086,1.45945114296056,0.315712803187349,4.62271763522525,3.78745111906764e-06,8.43291483374758e-05
"ENSG00000160746",35.5345279687443,-1.36400178525428,0.367586810674126,-3.71069294557332,0.000206692688947078,0.00137592077030616
"ENSG00000160886",119.333308115663,4.90837916329341,0.448870428947537,10.9349577222141,7.84425360236834e-28,2.88252621751418e-25
"ENSG00000160888",204.30121493827,1.43068294415349,0.260126331958442,5.49995432366323,3.79889646314176e-08,2.21342769543267e-06
"ENSG00000160932",275.003248542433,-1.53011119498835,0.338149622080579,-4.52495314226237,6.04088883473276e-06,0.000115823506971987
"ENSG00000160953",29.1981285909503,1.50997734726054,0.316110661064188,4.77673654592095,1.78162946141456e-06,4.80021048844194e-05
"ENSG00000160961",5.26721613641041,1.88606932120448,0.516828221709698,3.64931565649657,0.000262939848874891,0.00165418358187641
"ENSG00000161011",840.6586356274,1.45618280948357,0.453253796874652,3.21273162966195,0.00131479081757094,0.00572927742889197
"ENSG00000161016",938.773437996572,-1.16816771479821,0.314232118671554,-3.7175312305335,0.000201179123405811,0.00134737715915451
"ENSG00000161243",9.24137408329227,-1.48758716007007,0.40160398419758,-3.70411454717595,0.000212130393141114,0.00140193108316787
"ENSG00000161249",305.454668003232,-1.16736759914464,0.343798182763164,-3.3955025293104,0.000685027409292935,0.00343534578826983
"ENSG00000161267",8.19671290014193,-1.384523698121,0.461371770873486,-3.00088515493647,0.00269196072711891,0.0101666835614896
"ENSG00000161526",48.010517289808,1.00442180675259,0.236398118541652,4.2488570253812,2.14863992779552e-05,0.000274430083419213
"ENSG00000161547",288.183128125132,1.15413532087063,0.232405042449246,4.96605111794283,6.83299509758354e-07,2.32787719347221e-05
"ENSG00000161594",3.39376359062195,2.87911209333535,0.894414326025399,3.21899147806538,0.00128642308335274,0.00562790475990395
"ENSG00000161638",202.463946628809,1.43977799333758,0.50800269726677,2.83419359992394,0.00459414902888291,0.0157490485108628
"ENSG00000161647",15.5253822419698,2.00192362494568,0.418972466152925,4.77817466939458,1.76893686118099e-06,4.77381340491216e-05
"ENSG00000161671",5.62624550366431,-1.51437527871567,0.451428844771472,-3.35462675071705,0.000794721355105354,0.00386130305408519
"ENSG00000161677",12.5147926812493,-1.44813754921804,0.373601502772085,-3.87615557879988,0.00010611984527507,0.000834434968402782
"ENSG00000161681",4.03780422581982,2.20575353508949,0.69865549151526,3.15714048179253,0.00159324568914488,0.00671206647120848
"ENSG00000161791",3.00492726183997,2.98859357364454,0.81794549156323,3.65378085027749,0.000258406846651023,0.00163504436548488
"ENSG00000161835",4.31178037806146,3.07824154561437,0.82618054891127,3.72587027093635,0.000194642497781214,0.00130972016869631
"ENSG00000161847",31.0938922294966,1.30290121231914,0.399553824964884,3.26089035046441,0.00111062979538839,0.00502281258808536
"ENSG00000161914",6.60170348749218,1.22364011786414,0.421460829344483,2.9033305889122,0.00369216666968669,0.0131207190121689
"ENSG00000161920",30.1599611823012,-1.37359182327268,0.343678148426836,-3.99673889527226,6.42210687357539e-05,0.000587974015760048
"ENSG00000161970",340.14909765692,-1.12829858465933,0.281330285557204,-4.01058344082869,6.05688899792937e-05,0.000565206806377235
"ENSG00000161981",17.3020870384657,-1.15566577864665,0.391441029910732,-2.95233685367679,0.00315378677369415,0.0115767564807308
"ENSG00000161996",6.67243601035702,1.02038135471283,0.40964305585874,2.49090358085967,0.0127418692983637,0.0363810706252328
"ENSG00000162040",3.73201833531171,-2.02486209524966,0.780715267591482,-2.59359868995055,0.00949772762583108,0.0284741874222416
"ENSG00000162069",13.1752805930737,-1.01771029698174,0.393849503945469,-2.58400807106931,0.00976595089511694,0.0291563940448277
"ENSG00000162073",10.8653908688942,-1.58264353489893,0.376359299882841,-4.20513996968216,2.60920630655231e-05,0.000311086064994512
"ENSG00000162076",27.8340150177052,-1.06694356719395,0.383359458999163,-2.78314136288541,0.00538353441239933,0.0180241825230564
"ENSG00000162086",14.5346064028709,1.04556866665253,0.300891326918642,3.47490463537104,0.000511034990723472,0.002737640013658
"ENSG00000162194",12.9740497044546,2.10136260784167,0.534385478873482,3.93229736008447,8.41378971065743e-05,0.000707109982359991
"ENSG00000162231",204.043297971081,1.95453250226614,0.433131259217853,4.51256394146114,6.40486165929661e-06,0.000120284469134558
"ENSG00000162244",333.607620929901,-1.34718461263201,0.322161773061726,-4.18170225420844,2.89334709844899e-05,0.000335502111858828
"ENSG00000162344",5.61758271187536,3.30744586872198,0.723075083340945,4.57413890330729,4.78182534143103e-06,0.000100057057614164
"ENSG00000162366",21.9712963142523,-1.94782001992326,0.574593865503711,-3.38990744047663,0.000699162258140127,0.00348819560498413
"ENSG00000162368",83.1045229506744,-1.60800332590247,0.353686094534712,-4.54641375714208,5.45677144489157e-06,0.000109420543777974
"ENSG00000162413",101.005543815547,1.17899057297313,0.292916910012307,4.025000034732,5.69753070719495e-05,0.000544617877280797
"ENSG00000162461",5.37827679933625,1.20096028441907,0.460785614952224,2.60633198053197,0.00915177119851698,0.0276228364071657
"ENSG00000162493",5.12739906597214,-1.57661812233024,0.576042445224014,-2.73698255293865,0.00620055814486598,0.0201579265084178
"ENSG00000162572",12.0627344369419,2.71076030375214,0.622546785135433,4.35430777007775,1.33488056849724e-05,0.000198833294434968
"ENSG00000162600",5.82895761410694,-2.17542407018436,0.588186181197648,-3.69852971682338,0.000216851964810427,0.00142513832114752
"ENSG00000162601",38.3529263400439,1.41713441577264,0.318523742012644,4.44906997141954,8.62429187471199e-06,0.000146647501229308
"ENSG00000162613",174.828481783037,1.32642256209847,0.295220000565123,4.4929969499335,7.02277908971376e-06,0.000127813029150431
"ENSG00000162616",77.8411396169152,1.52858914750872,0.391860287115959,3.90085241543341,9.58545764206239e-05,0.000777445209345631
"ENSG00000162631",2.00701657861246,2.71493474626971,0.939692152226876,2.88917465133222,0.00386254478031617,0.0136408870315506
"ENSG00000162650",7.71682625916012,1.70786534929133,0.489127609884783,3.49165599074162,0.000480036069834665,0.00261145323507218
"ENSG00000162695",30.2180820384431,1.28193867422442,0.33968654341211,3.77388712943261,0.000160723499116188,0.00113442871556178
"ENSG00000162729",52.3333023442407,-1.09981927535491,0.26838617989382,-4.09789831872129,4.16918338331709e-05,0.000435374697957666
"ENSG00000162733",7.25786548254791,3.74766608965942,0.61608007958015,6.08308272556614,1.17893478832097e-09,1.00203380023838e-07
"ENSG00000162771",1.59634046575273,3.18024974158155,1.06208717241342,2.99433965891421,0.00275039574279963,0.0103518090397222
"ENSG00000162772",360.690668429147,2.28409458680184,0.623915862099569,3.6609016143868,0.00025132926222311,0.00160111930093282
"ENSG00000162775",56.3183116229063,1.43889482881581,0.46273146666156,3.10956771363944,0.00187361333276405,0.00761311243074088
"ENSG00000162783",354.845630088303,1.88052869239202,0.334270378916131,5.62577126483544,1.84680932995519e-08,1.2229734554872e-06
"ENSG00000162813",30.6395689493557,-1.24700645764486,0.302527818826881,-4.12195632943907,3.75668427833874e-05,0.000403806825720518
"ENSG00000162885",19.2288902230262,1.09671502892046,0.273712916866492,4.00680772203164,6.15449253232218e-05,0.00057076168372025
"ENSG00000162923",98.4933724438515,1.03383052252286,0.247328111256364,4.17999602742798,2.91514188328559e-05,0.000336844951040617
"ENSG00000162924",17.2662979045762,2.97699130695178,0.388078221839597,7.67111149097731,1.70512251410926e-14,2.38269196060572e-12
"ENSG00000162961",40.3036478591418,-1.16358017892257,0.286417191805788,-4.06253609144929,4.85424395305695e-05,0.000486279638772516
"ENSG00000162980",21.9153098750933,-1.26278417697978,0.315694520128386,-4.00001931128305,6.33373149991301e-05,0.000581173615481723
"ENSG00000162981",28.3157390100289,-1.04480797044249,0.35954308564806,-2.90593259096965,0.00366160321944657,0.0130373948359867
"ENSG00000163026",32.8041572744576,1.7681198405899,0.387416470914855,4.56387369492736,5.02182980942236e-06,0.000103001664618584
"ENSG00000163032",7.76591851879187,-3.38802091268768,0.82673848410786,-4.09805637189337,4.16633827483674e-05,0.000435353306804708
"ENSG00000163041",10.9612082738389,1.03540462716962,0.360603787329043,2.87130824342905,0.00408776706761917,0.014283363250259
"ENSG00000163082",17.4478977085486,-2.02724269328058,0.298239597049524,-6.79736263506269,1.06551659854113e-11,1.16353001280428e-09
"ENSG00000163083",4.649099774791,1.47709802802119,0.546835806073375,2.70117284130986,0.00690954206856057,0.0220010190951977
"ENSG00000163121",1.9714004888334,3.38244274156882,1.09910926781942,3.07743992394807,0.00208786918845191,0.00830163372278359
"ENSG00000163132",14.2606625118993,3.12465785038336,0.659658602881713,4.73678026290163,2.17140381095051e-06,5.54245780785806e-05
"ENSG00000163141",36.8047633534572,-1.61218944638575,0.363736227730799,-4.43230375055995,9.32315489120097e-06,0.000155439333671398
"ENSG00000163191",2319.80520451728,-1.62242725510226,0.339261961058617,-4.78222565842548,1.73364902223431e-06,4.69394724591487e-05
"ENSG00000163202",364.404465581004,2.05406103882626,0.24920813259963,8.2423515532948,1.68858554145446e-16,2.78430869930427e-14
"ENSG00000163207",595.163969208696,-2.73217116567314,0.152383191676383,-17.9296097923678,6.92640757710351e-72,2.2841906907772e-68
"ENSG00000163218",9.05201689644057,-1.89880139849013,0.462750346591702,-4.10329546476924,4.07306542430043e-05,0.000428594612516208
"ENSG00000163220",1126.44129849538,-1.32434551783108,0.434491912157543,-3.04803261182658,0.00230344927990434,0.0089854684590354
"ENSG00000163235",21.6674293995173,-1.1614270343382,0.234009833013979,-4.96315483575779,6.93572457640715e-07,2.34831955935067e-05
"ENSG00000163273",1.97001337334212,3.80856364377523,1.12824416753279,3.37565551267479,0.000736400611329098,0.00363330630766173
"ENSG00000163281",3.74873617794341,-1.79242975332406,0.586492980518546,-3.05618278967173,0.00224174545130722,0.00880517883435082
"ENSG00000163297",13.6590747839297,1.01167413628398,0.318923651511854,3.17215148982571,0.00151314053034054,0.00642844356891297
"ENSG00000163312",15.4590100386751,1.02843944176161,0.279902886710472,3.67427236584886,0.000238528187850013,0.00153456546603936
"ENSG00000163320",58.8336986361012,1.25471707132648,0.290156871505848,4.32427143570574,1.5303677640579e-05,0.000218100553686696
"ENSG00000163328",1.79249880245907,-2.02499808120298,0.757814851191148,-2.67215412580006,0.00753660238234745,0.0236077483386477
"ENSG00000163331",9.50918892557236,-5.44666313451771,1.34397160263041,-4.05266236567615,5.06380570299517e-05,0.000501785410076247
"ENSG00000163344",73.270934137941,-1.08114991473452,0.27071133735622,-3.993737112354,6.50399735763631e-05,0.0005931659979539
"ENSG00000163347",171.162944388457,-1.70446121292719,0.384761226983427,-4.429919371789,9.42683262791739e-06,0.000156220143921337
"ENSG00000163374",141.325958906124,1.51685342994761,0.437667224575004,3.46576884165942,0.000528717639498393,0.00281135928980619
"ENSG00000163376",16.9425347035887,2.04419309788752,0.419478290462531,4.8731797195834,1.09816237075976e-06,3.35325913545514e-05
"ENSG00000163382",74.7379945615453,-1.81439253219538,0.378371837640341,-4.79526315571096,1.62461416266008e-06,4.48714621911256e-05
"ENSG00000163395",72.5576613346151,4.17319654872442,0.693773849032339,6.01521166377935,1.79651804964258e-09,1.49610030911901e-07
"ENSG00000163453",33.7318370602145,-1.70132597415921,0.427799105263522,-3.97692737835719,6.98114735404987e-05,0.000624252379180739
"ENSG00000163472",64.9227557215102,-1.54188199420136,0.416324205191446,-3.70356077060742,0.000212594223410527,0.00140387110525277
"ENSG00000163499",8.92584045743537,2.48708438985995,0.818368209944635,3.03907747104229,0.0023730382200468,0.0091960110952648
"ENSG00000163507",25.6286214280527,2.62789170428507,0.456714955948608,5.75389894737929,8.7208298396604e-09,6.39101169894046e-07
"ENSG00000163510",63.2010537287859,1.15269801932942,0.218518483673115,5.27505957369609,1.32712968630989e-07,6.28823028665624e-06
"ENSG00000163602",51.8430480021898,1.43001605815432,0.319993851941736,4.468886041019,7.86280045796837e-06,0.000137756504722702
"ENSG00000163606",1.3810532254471,2.83135173668957,1.07306655638659,2.63856115898698,0.00832586808950352,0.0255604615393453
"ENSG00000163608",26.0422841497099,1.09820145028373,0.281425979804283,3.90227459116416,9.52929654301324e-05,0.000774032367969188
"ENSG00000163624",49.4928113078135,-1.18673300746259,0.262707901747284,-4.51730990796076,6.26302093330096e-06,0.000118975751347004
"ENSG00000163634",58.6834048714718,-1.21450785800853,0.277994048539179,-4.3688268306124,1.24915766341167e-05,0.000190470207577626
"ENSG00000163660",185.446639792031,1.79809305232543,0.433406136633201,4.14874848402801,3.34297853302592e-05,0.00037099029314625
"ENSG00000163683",22.1929110357252,-1.28878665715906,0.390715954926591,-3.29852579836727,0.000971939484770852,0.00450906211083939
"ENSG00000163687",2.00216531397285,-2.58820265569267,0.99551405624107,-2.59986550613397,0.00932603033840172,0.0280460158472491
"ENSG00000163702",35.016859988139,1.08161239390386,0.278376326276242,3.88543238705774,0.000102147920032541,0.000811328060412609
"ENSG00000163734",26.3339807593543,6.03330610186067,0.601458876247867,10.0311198988346,1.11247567507827e-23,3.16269162178717e-21
"ENSG00000163739",45.175422177175,4.39317635429118,0.523278765932095,8.39547988626254,4.63995228894599e-17,7.96960138462817e-15
"ENSG00000163743",25.472845655033,1.31272559143852,0.331166481230163,3.96394461952256,7.37213619597256e-05,0.000647547481987693
"ENSG00000163794",4.7747850890548,2.00407413895763,0.575876673384087,3.4800404871079,0.000501338014482324,0.00269620434468331
"ENSG00000163806",3.01341353554078,3.09474948416391,0.858908380956721,3.60311943948751,0.000314420960041327,0.00187911823491172
"ENSG00000163817",4.16336082880067,1.83292262656637,0.666901073906011,2.7484175663881,0.00598836908757716,0.0195994874722231
"ENSG00000163874",113.288514863649,1.64550633942262,0.286649567981785,5.74048079335384,9.44081285692514e-09,6.73894212977656e-07
"ENSG00000163877",36.7059661931619,1.62237586102213,0.374062644513949,4.33717690022274,1.4432446484167e-05,0.000210598769980027
"ENSG00000163898",55.53223538326,-1.41199079499139,0.444415558398289,-3.17718578548494,0.00148711737683281,0.00633455913887787
"ENSG00000163931",66.133658163339,-1.03489810149271,0.240758472241124,-4.2984908977834,1.71964961833561e-05,0.000237354752005712
"ENSG00000163935",20.0409173202371,1.20509607901721,0.32375637546086,3.72223119097434,0.000197470088451169,0.00132495911179533
"ENSG00000163960",70.6568929759885,1.44393280486439,0.323121936481787,4.46869321404236,7.86989068159291e-06,0.000137756504722702
"ENSG00000163964",11.5470878187889,-1.25110523616538,0.37092076939104,-3.37297164086924,0.000743616110982187,0.00366233155734328
"ENSG00000164023",50.4177161498518,1.07362176495256,0.289691112540381,3.70609148322735,0.000210482298232929,0.00139439237266483
"ENSG00000164051",28.8021695458665,-1.07956591015104,0.308096234047964,-3.50398930868779,0.000458343758919835,0.00251585560613487
"ENSG00000164054",179.682575553981,-1.02778898972963,0.278727340585293,-3.68743513848122,0.000226525808229654,0.00147869519077544
"ENSG00000164062",100.569761068702,-1.01873816610057,0.26467909715442,-3.84895587544721,0.000118622370538785,0.000911446536726017
"ENSG00000164080",29.9704882370244,1.74490810717002,0.385831715540193,4.52245898118309,6.11253347992472e-06,0.000116789761935665
"ENSG00000164086",57.1183538073509,-1.20269214597338,0.243974701243778,-4.92957728748957,8.24077298352412e-07,2.66435501422214e-05
"ENSG00000164096",140.624140403714,-1.67166365051602,0.362322528712838,-4.61374471097519,3.95478137522016e-06,8.67513224080367e-05
"ENSG00000164104",41.6958167866389,1.31349030142729,0.2472602778021,5.31217676006402,1.08323455365386e-07,5.3638001667263e-06
"ENSG00000164164",29.7001058595018,1.10905897430108,0.225258726790536,4.92348949185162,8.50144439786798e-07,2.73255977926794e-05
"ENSG00000164182",43.8432031227338,-1.20341584184004,0.329943796217186,-3.6473358664028,0.000264973466588338,0.00166507145220088
"ENSG00000164190",64.0430370041362,1.0610616368175,0.291747501852725,3.63691764309649,0.000275920103293532,0.00171944315313947
"ENSG00000164236",8.92461579470677,1.09561187628343,0.432975400563019,2.53042522706545,0.0113924364350304,0.0331344057570322
"ENSG00000164244",25.7811012781667,-1.04085915713504,0.287692488053227,-3.61795736891978,0.000296937290912374,0.00180628292900917
"ENSG00000164251",412.087143357387,-1.34338589637984,0.310044901931696,-4.33287529648139,1.47174482005569e-05,0.00021275050390988
"ENSG00000164309",20.7249802143862,3.57981002224118,0.553417917057232,6.4685473887015,9.89494875597423e-11,9.69340043749505e-09
"ENSG00000164327",17.5611031259028,1.15238508219626,0.31001427947569,3.71720000815842,0.000201442965392536,0.00134859645000305
"ENSG00000164366",9.60347944305149,1.19530659730128,0.348933252626563,3.4256024276956,0.000613437586695498,0.00315108173427479
"ENSG00000164404",30.1668504200112,5.92117343451243,0.67892849104573,8.72135064679971,2.74902671094439e-18,5.39627398056691e-16
"ENSG00000164405",116.876001475038,-1.75707562491602,0.390669182067988,-4.49760489326296,6.87232580495109e-06,0.000125768901440442
"ENSG00000164430",11.953209854097,3.20528136158957,0.514383513441747,6.23130655985258,4.62560914902754e-10,4.12279293288189e-08
"ENSG00000164463",23.7392432787342,2.2773583818135,0.489739942167742,4.6501381360344,3.31712779087254e-06,7.64980701310451e-05
"ENSG00000164484",18.4276251482131,1.0415853642875,0.29433282089528,3.53880128325236,0.000401948308777451,0.00226786696492062
"ENSG00000164488",1.95548418123,2.56219747213687,0.955804122035882,2.68067213047726,0.00734744657309826,0.0231427023006337
"ENSG00000164494",9.63031485292788,-1.0881167319832,0.353365807511027,-3.07929264477364,0.00207492753675724,0.00826281760909292
"ENSG00000164509",7.98816877272713,1.99675046145411,0.467337597880996,4.27260821835818,1.93199737117705e-05,0.000256701890840761
"ENSG00000164520",20.8701265343779,-3.54591035651631,0.437962405795508,-8.096380670107,5.66184628197477e-16,9.06390129548369e-14
"ENSG00000164542",18.2148577065457,1.80941741352251,0.356763519265113,5.07175570318872,3.94162183470961e-07,1.51147447517504e-05
"ENSG00000164548",110.940886226276,1.3911947998042,0.367144980790457,3.78922461859338,0.000151118228469402,0.001087167743993
"ENSG00000164587",172.325427523997,-1.09543961739052,0.257005233006739,-4.26232417361635,2.0231166795922e-05,0.000264545368198222
"ENSG00000164603",15.0947708727181,1.14298827248215,0.283465112106581,4.03220087293281,5.52569245444524e-05,0.000533449314293604
"ENSG00000164609",90.098904898138,1.28255564362769,0.315401451162822,4.06642277294276,4.77402955218964e-05,0.000479409094312149
"ENSG00000164647",33.1047746877144,-1.34380939340014,0.392273323619622,-3.42569660613273,0.000613224943021238,0.00315097104564575
"ENSG00000164663",6.82867015383296,1.71619884288068,0.482334562910392,3.55810877936093,0.000373534625722088,0.00214681507268439
"ENSG00000164687",129.658986171719,-2.86355910967051,0.590902354715033,-4.84607835257566,1.25925800623431e-06,3.72112997577016e-05
"ENSG00000164776",9.39893993660705,4.85783595318713,0.775333335231418,6.26548057776618,3.71677328125594e-10,3.33075405622984e-08
"ENSG00000164794",1.57804133301878,2.78855420260435,1.02480216245863,2.72106588447691,0.00650717909112401,0.0209482381947567
"ENSG00000164815",10.2553374959733,-1.17730531788543,0.409994102996121,-2.87151768594235,0.00408505922630108,0.0142769269992536
"ENSG00000164825",172.33930541465,-1.226312794831,0.426233827336927,-2.87708932557722,0.00401361962348362,0.0140779778710107
"ENSG00000164850",6.14620979921004,1.56398785349434,0.595755704190052,2.62521674991032,0.00865938236452603,0.0264024696391771
"ENSG00000164855",36.1691574365892,-1.11419415029681,0.28270757522902,-3.94115420994363,8.10904704556168e-05,0.000691365443300241
"ENSG00000164877",23.4795183478534,1.02175879460447,0.2774980274822,3.6820398468238,0.000231375235668326,0.00150261766874164
"ENSG00000164885",15.6180767362966,-1.36312830155023,0.4247639749794,-3.20914291664291,0.00133131299366045,0.00578445848549858
"ENSG00000164904",5.14849706056657,-1.76247513680049,0.561761082462285,-3.13741053238378,0.00170447284480502,0.00705979722129865
"ENSG00000164919",113.212015136608,-1.14950755081464,0.285568752529517,-4.02532679304898,5.68962464799724e-05,0.000544177614969992
"ENSG00000164949",64.5817787242225,2.29301616099828,0.641548823735034,3.57418808384461,0.00035131633534627,0.00205129428240958
"ENSG00000164972",3.3811301775024,1.69479977823668,0.65581704664845,2.58425697669486,0.00975890523372288,0.029140635349304
"ENSG00000164975",17.624595416808,-1.03384036364628,0.334746569665057,-3.08842705895605,0.00201219082579154,0.00806098506474166
"ENSG00000164978",34.2853558633247,-1.63198848120253,0.330028756536651,-4.94498872864522,7.61482702167761e-07,2.52130286667554e-05
"ENSG00000165097",17.8767261518634,-1.1859664504258,0.287370670760821,-4.12695717098034,3.67594822278998e-05,0.000397197940108982
"ENSG00000165113",7.46417995355198,2.54556471282201,0.543622845714433,4.68259333265623,2.83268140076506e-06,6.83866524410176e-05
"ENSG00000165152",3.98724596915807,-2.60644347940243,0.604235224084284,-4.31362385956973,1.60600096727669e-05,0.000226143039704743
"ENSG00000165195",28.3290028630682,1.82377657734429,0.338355963076732,5.39011211967526,7.04137389379229e-08,3.69761828454589e-06
"ENSG00000165240",4.4023870651244,-1.50089100963183,0.52476768025026,-2.86010565459379,0.00423499889156079,0.014722938377176
"ENSG00000165246",4.47023164184838,-1.10687211172838,0.446621193476658,-2.47832419933342,0.0132001143236195,0.0374302123959005
"ENSG00000165264",49.2748593271821,-1.51293029469283,0.354373705989205,-4.26930742637807,1.96080856576628e-05,0.00025906868943045
"ENSG00000165304",15.6766139821424,-1.07308668023257,0.349472746880723,-3.07058759176668,0.00213638012286166,0.00847001006152102
"ENSG00000165338",5.94287227543358,2.43205064480684,0.55272385311222,4.40011884978856,1.08191605504781e-05,0.000172031955946802
"ENSG00000165458",94.4728730047223,1.09592578837644,0.364209569309628,3.00905270131645,0.002620636528676,0.00994514976325399
"ENSG00000165474",147.713235068751,-2.67249789939757,0.482245698005256,-5.54177654762291,2.99418237578807e-08,1.83535588083158e-06
"ENSG00000165494",78.756986568082,1.81038240033691,0.388158349343533,4.66403055196079,3.10075315127947e-06,7.3144948085046e-05
"ENSG00000165533",5.30721864505152,-1.3172851663775,0.452861442106918,-2.9088039826241,0.00362814263647406,0.0129434106302079
"ENSG00000165555",3.82363813058326,1.63689545839394,0.586622048158611,2.79037493311427,0.00526470357924256,0.0176801827531834
"ENSG00000165591",4.18321483096665,-1.41489933075341,0.560096187858219,-2.52617204227709,0.0115312996053214,0.0334988723030557
"ENSG00000165609",36.4625756435111,-1.3219327905251,0.311115619124914,-4.24900811551457,2.14719140913041e-05,0.000274430083419213
"ENSG00000165626",5.71169914196224,2.55927833705372,0.564548306260184,4.53332037077128,5.80636459407387e-06,0.000112902294565665
"ENSG00000165629",130.176701328404,-1.63368472803873,0.322721324523327,-5.06221499447473,4.14413307397921e-07,1.56141346284882e-05
"ENSG00000165684",22.4453574834761,1.38985082507585,0.291092067391589,4.77460906966648,1.80056677717723e-06,4.827568388435e-05
"ENSG00000165698",2.86046052239647,-1.96444060463209,0.651123438725092,-3.01700182760813,0.00255288272714809,0.00973057866110606
"ENSG00000165699",24.8012297052662,1.25485038726278,0.343811420349803,3.64982171326963,0.000262422386339222,0.00165342364656239
"ENSG00000165794",10.351995203257,-2.8014796321314,0.680218330459195,-4.11850064410967,3.81345504185281e-05,0.000408047113466003
"ENSG00000165795",17.7188170429484,-1.01876674638114,0.318996268196531,-3.19366352509643,0.00140479749617961,0.00604078839802966
"ENSG00000165799",273.180812807612,2.76583854710755,0.238130632681202,11.6147952741986,3.4661762742488e-31,1.68099354664966e-28
"ENSG00000165801",6.79653855631885,1.03788851060641,0.403619836764172,2.57145069708958,0.0101273434168701,0.0300017545096605
"ENSG00000165804",28.6422198165703,1.03724014171865,0.245746132543799,4.22077910639668,2.4345941450566e-05,0.000297810328218249
"ENSG00000165813",44.7815858780766,1.04998102438947,0.300316052640315,3.49625341422233,0.000471840365962899,0.00257792438514322
"ENSG00000165832",11.7446655633866,-1.07563304285892,0.313432283089233,-3.43178766481017,0.000599616830230822,0.00310426433710393
"ENSG00000165861",51.1214825584774,1.11328370674674,0.292185062995652,3.81020061509202,0.000138854070293036,0.001021671024124
"ENSG00000165917",1.8255117265811,2.43029420109205,0.946518465565456,2.56761414542523,0.0102401069376544,0.0302814066167473
"ENSG00000165949",54.9809922976467,-2.65467751174363,0.534691312383394,-4.96487870713734,6.87440197137591e-07,2.33715493002098e-05
"ENSG00000165953",8.57961369900942,-1.02385598258762,0.41176822838425,-2.48648611527208,0.0129011603848242,0.0367277682295176
"ENSG00000165959",3.98649781889327,1.33725886112151,0.533469787684627,2.50671901575813,0.0121857538121093,0.0350664737535552
"ENSG00000166012",114.32421911225,1.48580174409444,0.328951086683618,4.51678624647157,6.27852260616282e-06,0.000118996045118412
"ENSG00000166033",23.7491566814126,-1.89408989748338,0.444051523622213,-4.26547325416862,1.9947891074139e-05,0.000262209086911577
"ENSG00000166068",16.0891884213573,1.4922839446209,0.316720847568673,4.71166945932519,2.45695666111166e-06,6.13829672501062e-05
"ENSG00000166073",12.3520533743682,1.79194132206178,0.548783285893883,3.26529864907053,0.00109348717655133,0.00496025035877714
"ENSG00000166128",59.4132528805959,1.66640977768171,0.380911340825278,4.37479696475112,1.21545554241278e-05,0.000186781420678885
"ENSG00000166171",11.3830177187734,-2.48526546812617,0.585430201176229,-4.24519517977181,2.18403227295824e-05,0.000276652064113227
"ENSG00000166173",15.3969401716123,1.09775983434401,0.316926359429583,3.46376942681512,0.000532662871424628,0.00282595820042494
"ENSG00000166225",32.860763354865,1.0420155846738,0.284681575855185,3.66028458829334,0.000251935277084862,0.00160259168115015
"ENSG00000166257",3.03013795638133,2.39396825291679,0.695335083952878,3.4428986946947,0.000575514855179222,0.00300366289523158
"ENSG00000166275",14.5435635994904,-1.09960087522957,0.314663724925247,-3.49452697634847,0.000474902613893697,0.00259207851721058
"ENSG00000166313",40.3617419884191,1.02405372004582,0.372328637225815,2.75040278307881,0.00595220505964499,0.0195043539802238
"ENSG00000166340",198.568076484286,1.34338545289737,0.369323091852836,3.63742609799408,0.00027537616763521,0.00171670231687599
"ENSG00000166343",4.95808105799766,1.58836313396279,0.608052458940025,2.61221398024057,0.00899579298400253,0.0272468094256462
"ENSG00000166347",30.9984343459392,-2.30946159776597,0.536224646098714,-4.30689192406277,1.65564451636021e-05,0.000231159377055575
"ENSG00000166352",8.63050319627609,-1.41429299604364,0.42961522997908,-3.29199920615597,0.000994778925205849,0.00459207998256418
"ENSG00000166387",12.6667207123151,-1.53383469172979,0.434566063572148,-3.52957771051337,0.000416223446713646,0.0023304273048765
"ENSG00000166394",8.68484162396727,-1.22242059355198,0.356721397868537,-3.42682160603801,0.000610690125341849,0.00314382437613542
"ENSG00000166396",166.714203082422,-2.1525797309085,0.171806270615972,-12.5291103938809,5.17397732740096e-36,3.41254848606057e-33
"ENSG00000166446",21.0671748135594,1.1347377730582,0.37386045703903,3.0351906752731,0.00240383661332971,0.00928481188034518
"ENSG00000166452",14.8849790163127,-1.15441085486154,0.32925322004492,-3.50614902021017,0.000454640601345461,0.00249968952170234
"ENSG00000166455",6.35530162772599,2.29911918110407,0.543021888230346,4.23393463677251,2.29637714202492e-05,0.00028685577799128
"ENSG00000166532",31.9416308211484,1.88120340403961,0.335247556371708,5.61138587973423,2.00712633413289e-08,1.3185460606979e-06
"ENSG00000166535",115.285144719544,-2.0035781989388,0.148690815811164,-13.4747945796688,2.20097058815696e-41,2.26823775175751e-38
"ENSG00000166548",5.82902545505908,-1.0701055919153,0.406593132176721,-2.63188309695843,0.00849130749042375,0.0259909354389451
"ENSG00000166557",18.4915105649465,-1.17950363085423,0.333657331368139,-3.5350748206783,0.000407659711227101,0.00229207984253744
"ENSG00000166592",405.749278737447,2.51031526311819,0.491864786670662,5.10366940498024,3.3313002671783e-07,1.32042812753613e-05
"ENSG00000166681",336.474361404228,-2.24667452149183,0.449072719996763,-5.002919174222,5.64686208293858e-07,1.98531149009753e-05
"ENSG00000166747",89.3816814738234,1.05593628929851,0.285257065423079,3.70170073695597,0.000214159125233014,0.0014113788233282
"ENSG00000166793",3.67478444935181,3.62048740211161,0.893588664163325,4.05162637722302,5.08628407935683e-05,0.000503645207889937
"ENSG00000166821",5.82157432133791,-1.01003753218427,0.409205360438317,-2.46829008081022,0.0135760253289118,0.038278912730579
"ENSG00000166863",7.7133262114402,1.18479358582859,0.497553222867091,2.38123989831954,0.017254471065784,0.0467481060472745
"ENSG00000166869",5.91611785093664,-3.43531537229032,0.686447822004538,-5.00448142184886,5.6012613414462e-07,1.9734871422886e-05
"ENSG00000166902",37.6361542160216,-1.29560829071547,0.353260775669851,-3.66756905931247,0.000244867427057426,0.00156739868196813
"ENSG00000166974",15.727452582058,-1.10269300144955,0.377530146354117,-2.92080781388844,0.00349125121200723,0.0125610388904183
"ENSG00000167004",389.283093970285,-1.18544218852454,0.27301218744531,-4.34208523662339,1.41136753917432e-05,0.000207415680511991
"ENSG00000167074",24.6268243440599,1.1455042186162,0.265250808733564,4.3185701264603,1.57043324372251e-05,0.000222655836248844
"ENSG00000167107",17.5200209262149,-1.16193652375291,0.332726710226675,-3.49216485493854,0.000479122439516445,0.00260820399643006
"ENSG00000167123",7.39305278977394,-1.02912861085645,0.40305203573373,-2.55333932002847,0.0106695495310187,0.0314048915060635
"ENSG00000167182",37.424050859641,1.37186176989992,0.361284229667287,3.79718143568928,0.000146350672973159,0.00106140067169403
"ENSG00000167207",4.25705532819333,-1.82622055442652,0.534799908582396,-3.41477349775043,0.000638350707294829,0.00324400499955183
"ENSG00000167272",28.5088966977765,-1.70528373707326,0.435158414352814,-3.91876539859497,8.90036913841922e-05,0.000734893273527263
"ENSG00000167280",53.3818771351418,2.53192962250656,0.48330240668378,5.23881029246184,1.61615063757994e-07,7.48395824261131e-06
"ENSG00000167302",31.7633242484649,1.2693973268368,0.331567125743301,3.82847763930483,0.000128938342981945,0.000971249126281082
"ENSG00000167378",27.3290168559079,1.07968117729494,0.374205871194693,2.88525985401549,0.00391090707312876,0.0137792621215428
"ENSG00000167397",51.1061914890389,-1.09207039069607,0.320460423481088,-3.40781672455264,0.000654848621383179,0.00331322458361069
"ENSG00000167460",112.243746802778,-1.38662426948105,0.273068026404281,-5.07794445120475,3.81540201900127e-07,1.46991037129233e-05
"ENSG00000167515",21.6468145916841,-1.03765407264642,0.341570414755911,-3.03789212361363,0.00238239223255829,0.00922358899334438
"ENSG00000167526",184.928030248758,-1.18617589868457,0.283329705212222,-4.18655678124571,2.8321810611263e-05,0.000331674953955338
"ENSG00000167528",11.6025192169622,1.18130055204499,0.345195390976677,3.42212145041301,0.000621345525239824,0.00318475796259852
"ENSG00000167562",8.39901262347405,1.22529827443976,0.365278685528909,3.35442040004491,0.000795314314990324,0.00386271031024642
"ENSG00000167565",79.6745212085595,1.28862190542882,0.303635548466574,4.24397575295988,2.19594090118018e-05,0.000277672733340181
"ENSG00000167566",13.2901438535738,1.48049996976155,0.412407239886028,3.58989810695539,0.000330807246600445,0.00196000024764453
"ENSG00000167588",28.9104131631069,1.80701553767367,0.574855278901645,3.14342688324315,0.00166982126326221,0.0069511948522925
"ENSG00000167595",14.2814473185235,1.55690186559596,0.394223816479786,3.94928413888914,7.8385261780086e-05,0.00067282383211444
"ENSG00000167601",24.2772758957047,2.05163303814207,0.37445364350292,5.4790040736406,4.2772651648987e-08,2.44888282305607e-06
"ENSG00000167604",16.879979652109,2.30737241392591,0.427066272285861,5.40284392297187,6.55925301711316e-08,3.48871094699538e-06
"ENSG00000167615",357.99386022916,1.43344749136017,0.381184111740556,3.76051217039135,0.000169565824379125,0.00118013038574416
"ENSG00000167617",5.30388794591694,-2.74851267166813,0.685268551712217,-4.01085481713801,6.049930585377e-05,0.000565206806377235
"ENSG00000167644",290.469187290169,-1.35906325431886,0.356485831784836,-3.81239065663386,0.000137629120411676,0.00101648055714366
"ENSG00000167645",17.4844624140697,-1.13483208338608,0.336898778368656,-3.36846600893361,0.000755877168056209,0.00370391043806206
"ENSG00000167656",190.050656309933,-4.47116334307751,0.395556241612806,-11.3034832286989,1.26114464983049e-29,5.19875353276374e-27
"ENSG00000167700",66.2517936145555,-1.9659723933234,0.451884926416752,-4.35060405513565,1.35763009852578e-05,0.000201312614159997
"ENSG00000167703",7.38863209395254,1.21120397793196,0.407660027196411,2.97111293020741,0.00296722648508748,0.011005464056932
"ENSG00000167711",190.99987589617,1.22838970473623,0.513160043419118,2.39377504248311,0.0166759731347394,0.0454420956897568
"ENSG00000167723",97.146071526581,2.36665756102849,0.45901207053614,5.15598110146463,2.52306343910207e-07,1.05859524293522e-05
"ENSG00000167741",9.55859203534979,-2.54382348135749,0.457205400861175,-5.56385265039747,2.63882789260866e-08,1.66074935577192e-06
"ENSG00000167754",352.807881815408,-2.04716932700712,0.151685367403479,-13.496155641445,1.64751373949602e-41,1.81105693670333e-38
"ENSG00000167755",17.8463902201119,1.65867415225394,0.321122967105427,5.16523052587948,2.40142770319024e-07,1.02849717916633e-05
"ENSG00000167757",44.9835393785876,-1.76657507479492,0.184310453570625,-9.58477959644321,9.26552581548485e-22,2.42506754240523e-19
"ENSG00000167759",8.29753745358212,-1.06175642433026,0.443970400836304,-2.3915027270517,0.0167795593073434,0.0456489281337708
"ENSG00000167768",531.777206452452,-3.57195985475425,0.343171193694647,-10.4086820816685,2.26333207453837e-25,6.91112640315985e-23
"ENSG00000167769",9.29613551141841,-2.78346317547058,0.734678021499941,-3.7886844223103,0.000151447146466385,0.00108858413168449
"ENSG00000167799",9.71052243320783,-2.60317174231541,0.668327248396541,-3.89505552640711,9.81762368206867e-05,0.000788902518974806
"ENSG00000167815",208.789025105305,-1.61511452664113,0.33660785720508,-4.79820803962135,1.60091451080847e-06,4.42910727663102e-05
"ENSG00000167861",17.7610046502916,1.07042302475101,0.326709963318091,3.27637092508508,0.00105150363424972,0.00480816512067211
"ENSG00000167863",77.5824809302158,-1.36872011007653,0.331823672091885,-4.12484167102314,3.70989877960883e-05,0.000399820398542287
"ENSG00000167874",215.174979826959,2.25789735585398,0.647939619291019,3.48473420767909,0.000492626123356356,0.00266499742389205
"ENSG00000167880",51.7982353706627,-1.54365713413478,0.172557987794137,-8.94572980287862,3.69500006616658e-19,7.34058507120732e-17
"ENSG00000167900",11.5643764746871,-1.3164297586428,0.491698871510578,-2.67730888744674,0.00742161788624771,0.0233224700162587
"ENSG00000167914",28.355855174027,-1.1052636717544,0.292028549135406,-3.78477951908023,0.000153844908687212,0.00110149748126072
"ENSG00000167916",3.67454320495481,-1.47603836279967,0.618848982869898,-2.3851349903729,0.0170728553505811,0.0463245535421641
"ENSG00000167930",48.1710239854088,-1.05220371263758,0.31154346776616,-3.37738974333862,0.000731772834461309,0.00361479996028536
"ENSG00000167965",20.7005599649383,-1.05950076485845,0.308463615031477,-3.43476738658571,0.000593062666281498,0.00308097363084928
"ENSG00000167978",514.567942787359,1.35118684834283,0.384200282950255,3.51688145039127,0.000436648754580787,0.00242339323940848
"ENSG00000168002",90.5233083648499,-1.28668615436523,0.291284810586367,-4.41727857959735,9.99513745259955e-06,0.000162855554798334
"ENSG00000168005",51.8598440800758,1.34694027267258,0.377535738615619,3.56771594024888,0.000360106581083142,0.00208343768964208
"ENSG00000168010",9.43283430352637,-1.23233393733323,0.363276007739192,-3.39228000495414,0.000693135679265169,0.00346129150942541
"ENSG00000168028",175.162218827015,-1.34586625803936,0.297248533564509,-4.52774734293946,5.96158009225361e-06,0.000114839209228872
"ENSG00000168071",5.02305527680869,1.72015949848025,0.488298519782111,3.52276205802921,0.000427074594200296,0.00237826173041833
"ENSG00000168077",7.34189548289232,-1.42900028410567,0.491014224961023,-2.91030322842298,0.00361078251485815,0.0128898447472388
"ENSG00000168116",10.6350840878102,1.18642018606554,0.348979511683483,3.39968435494172,0.000674636836684628,0.00339459469029381
"ENSG00000168137",92.6970168396812,1.28522091470164,0.348955896170983,3.68304685149065,0.000230462782077333,0.00149846246595944
"ENSG00000168148",3.31000312852711,3.02789683007728,1.26247480059755,2.39838199435278,0.0164676816589658,0.0449785659888499
"ENSG00000168159",49.9208455773764,-1.32028896412125,0.319202979790444,-4.13620500970266,3.5309676003296e-05,0.00038583250339188
"ENSG00000168268",53.8013154406144,-1.14154487942029,0.305102387550846,-3.74151408182623,0.000182914926258152,0.00124528663049986
"ENSG00000168298",123.187800265309,3.47581778229163,0.797437172983693,4.35873558450567,1.30816051522655e-05,0.000196629523569467
"ENSG00000168350",9.3139947940239,-1.65795666637695,0.376430206434402,-4.40441983145119,1.0606735549696e-05,0.000169635754101783
"ENSG00000168389",113.086891538349,2.22443999708188,0.320981317185632,6.93012296349767,4.20474977836069e-12,4.71647068676118e-10
"ENSG00000168439",420.838543206925,1.30403052436515,0.299285578403056,4.35714454175596,1.31770253168366e-05,0.00019767674896457
"ENSG00000168453",10.0261600241484,-1.98779507756853,0.359869579285226,-5.52365410134608,3.32020814384308e-08,1.97044166786918e-06
"ENSG00000168477",5.09713667583354,1.18728820439217,0.473751404976852,2.50614181175924,0.0122056655174354,0.0351053931130284
"ENSG00000168488",147.379251622739,1.15332273766045,0.329796398926092,3.49707498752559,0.000470389588113072,0.00257340873204925
"ENSG00000168490",2.79239872561196,-1.59090379252696,0.623163848468139,-2.55294622182869,0.0106815987414257,0.0314347459659769
"ENSG00000168497",1.54798655909751,-2.33030888426387,0.926074667683702,-2.5163293690912,0.0118584304828489,0.0342981337014024
"ENSG00000168517",10.7203192550123,1.17935326944223,0.397645039426007,2.96584428953169,0.00301853274272249,0.0111522712065317
"ENSG00000168528",94.8824367679559,-1.09602193848756,0.246633359986144,-4.44393223426519,8.83294361803511e-06,0.000148922706868897
"ENSG00000168569",13.3688426121907,-1.00579815310434,0.353142209915362,-2.84813914866024,0.00439756923584181,0.015172948133458
"ENSG00000168653",440.471181049935,-1.35478553930506,0.297932709445841,-4.54728700928802,5.43418692550026e-06,0.000109273546603139
"ENSG00000168769",21.0730354495558,1.46490782515306,0.337636306841539,4.33871534390576,1.43318010292786e-05,0.000209500946074268
"ENSG00000168781",19.791911405129,1.25731015646514,0.270106628772659,4.65486597710781,3.24191514303356e-06,7.52900546387048e-05
"ENSG00000168785",7.24337212358063,-1.17687704397123,0.400951936504692,-2.93520728252538,0.00333324939118824,0.0120814765848711
"ENSG00000168795",62.5648588070223,1.19236907719507,0.258682977088538,4.60938361934408,4.03864530829819e-06,8.8283106074849e-05
"ENSG00000168813",12.0966107725632,1.65628836675943,0.341403829197403,4.85140535960935,1.2258970388446e-06,3.63557846645838e-05
"ENSG00000168824",19.505734208584,-1.98292291580938,0.46061049515763,-4.30498856768511,1.66994359210425e-05,0.00023217284898994
"ENSG00000168876",43.5907241206744,1.42519113852888,0.345349546394674,4.12680761682582,3.67833861693502e-05,0.000397197940108982
"ENSG00000168906",234.341062724041,1.21136204205008,0.261418526922091,4.63380333564151,3.59008070566747e-06,8.14261908607304e-05
"ENSG00000168907",24.3396126238412,-2.13980258486282,0.513542477046874,-4.16674896528084,3.08974420731201e-05,0.00035286109060353
"ENSG00000168916",6.28373721080646,1.61000309753903,0.476686940162442,3.37748522539842,0.000731518827842695,0.00361479996028536
"ENSG00000168917",4.92668792612049,1.67219596964236,0.54525678604729,3.06680450832083,0.00216360307987719,0.00856352644841455
"ENSG00000168936",29.335127908363,-1.14731430448148,0.318837946581155,-3.5984245814651,0.000320150660491113,0.00190576326384042
"ENSG00000168938",86.8487837973336,-1.32855843289954,0.327639444936628,-4.05494043355041,5.01470800174985e-05,0.000497518172327637
"ENSG00000168993",1.63357351519443,2.0823216846823,0.878477784488939,2.37037489330901,0.0177700567237987,0.0478697051656129
"ENSG00000169016",13.0254942309843,1.25401757859649,0.328262437461142,3.8201677544813,0.000133360938891769,0.000992986024675816
"ENSG00000169020",222.70800969912,-1.59224078209571,0.339489434528334,-4.69010408028714,2.73066114414818e-06,6.65079344251985e-05
"ENSG00000169035",284.692896846777,-1.56913719697943,0.166896517382869,-9.40185704043032,5.36084176080067e-21,1.33931696657337e-18
"ENSG00000169045",188.766541298373,1.04650158140899,0.23237468794968,4.50350935655954,6.68404235992043e-06,0.000123696043179268
"ENSG00000169057",12.654838960663,1.46909709428649,0.341852687659771,4.29745661601645,1.72769061408112e-05,0.000238193064678793
"ENSG00000169093",27.8422551133247,1.35506459374748,0.273495224791899,4.95461884125596,7.24722118427503e-07,2.43876387974512e-05
"ENSG00000169100",358.704148814838,-1.07420571435906,0.258804445028605,-4.1506463084138,3.31537757518857e-05,0.000370033092337373
"ENSG00000169155",237.130937963053,2.20515076294388,0.517028819019609,4.26504419449053,1.99862636903041e-05,0.000262209086911577
"ENSG00000169174",9.93890079966293,-1.86307949768162,0.421203933916565,-4.42322435205621,9.72386722930173e-06,0.000159539150989011
"ENSG00000169180",122.078925961715,1.26076595255353,0.311694614976165,4.04487563139305,5.23509079114805e-05,0.000514430345978785
"ENSG00000169188",27.8075164436038,-1.54525431904556,0.366003107929499,-4.22197048486051,2.4217582758427e-05,0.000297558660285919
"ENSG00000169189",12.8613800797476,-1.1014690894596,0.316094320310272,-3.48462157870606,0.000492833507515476,0.00266524490174571
"ENSG00000169241",121.994886865497,-1.23928947528873,0.270190562458764,-4.586723770109,4.50255773554802e-06,9.55504176337855e-05
"ENSG00000169246",4.11140696890711,2.02580977934994,0.612521600986223,3.30732789845808,0.000941905686033682,0.00438483423405121
"ENSG00000169252",7.29588089920373,-1.78345477416221,0.393712046167838,-4.52984558517146,5.90268109654618e-06,0.000114236277700645
"ENSG00000169299",41.233705225916,-1.70676782943579,0.418622441809524,-4.07710542716767,4.5599820267323e-05,0.000462136101037424
"ENSG00000169379",14.5492177297917,1.04631646863187,0.284767511821762,3.67428314395205,0.000238518120253395,0.00153456546603936
"ENSG00000169429",904.400334939513,9.52501471132998,0.406982411384221,23.4039959587778,3.89139343633539e-121,3.20825931858672e-117
"ENSG00000169469",4450.38953966872,-1.89240211847981,0.46062963565419,-4.10829432585727,3.98591942492134e-05,0.000422389623377429
"ENSG00000169509",253.605133780457,1.15554304292655,0.197060604734184,5.86389676660776,4.52128640499929e-09,3.48371455757165e-07
"ENSG00000169550",12.7440116288527,-2.08643383398952,0.506805239258329,-4.11683556595203,3.84109915247053e-05,0.000409675833926822
"ENSG00000169583",64.987062026903,-1.81787135052085,0.493125072644383,-3.68643058600228,0.000227421436022813,0.00148395411894743
"ENSG00000169607",3.258927607077,-1.53220568541949,0.639745562697883,-2.39502354491994,0.016619298030964,0.0453251083745559
"ENSG00000169740",22.9273809834403,-1.04096845780751,0.342088288364924,-3.04298186524601,0.00234246449193661,0.00910964552064686
"ENSG00000169764",74.1243276941686,-1.1545965438429,0.280143035840742,-4.12145367232785,3.7648918835951e-05,0.000404425421945274
"ENSG00000169860",8.33224080988948,1.43496189602421,0.416279948194445,3.44710789517524,0.000566622243190634,0.00296887008832868
"ENSG00000169896",5.37679624200616,4.63961170465329,0.80743082172648,5.74614143999692,9.13029418621252e-09,6.63213307649596e-07
"ENSG00000169905",62.2863266078607,1.28303787402618,0.395967412866207,3.24026127488352,0.00119420221037591,0.00530760114471383
"ENSG00000169914",28.811603188549,1.62265619106011,0.317742357476612,5.10682996106226,3.27608300889263e-07,1.31032695819303e-05
"ENSG00000169951",44.1321549099705,1.90909688140491,0.550328270458573,3.46901473881055,0.000522370795789816,0.00278537770302101
"ENSG00000169991",61.0045434001946,-1.64853699605445,0.377045862596597,-4.37224528788484,1.22975249268358e-05,0.000188451569255201
"ENSG00000169992",54.5287865704066,1.99628457949127,0.483206265042898,4.13133008388053,3.60670240801009e-05,0.000392547300367514
"ENSG00000170004",91.8269263364722,1.43517504024655,0.297937891468315,4.81702757972018,1.45712554577163e-06,4.14966202490993e-05
"ENSG00000170006",16.0868045208661,-2.94869840775142,0.31713610076388,-9.29789576351901,1.43252577347865e-20,3.28068298317909e-18
"ENSG00000170037",60.6707106730155,1.83318716879274,0.423896935000518,4.3246058591825,1.52804814681063e-05,0.000217958355473706
"ENSG00000170043",182.535202130708,-1.38454421474086,0.288299899899359,-4.80244431310655,1.56740417321664e-06,4.35833514539108e-05
"ENSG00000170153",1.27777974136842,2.33796410347523,0.986961198429281,2.36885108269305,0.0178434363040124,0.0480203070371897
"ENSG00000170175",38.5781172345934,1.32604206538047,0.381629404497679,3.47468525682887,0.000511453066512914,0.00273898980634344
"ENSG00000170260",32.749031259927,1.5757940826455,0.322268115040102,4.8896990086947,1.00990278092768e-06,3.13602390860952e-05
"ENSG00000170266",105.727912895275,-1.03548123114649,0.289829284368913,-3.57272810924264,0.000353281512955114,0.00205669485419844
"ENSG00000170270",11.0651370128901,-1.42389391037883,0.434497159228544,-3.27710752564407,0.00104876421853502,0.00479829999984016
"ENSG00000170275",40.0672650378314,-1.17538689814161,0.30833853154639,-3.81200134879922,0.000137846124286473,0.00101648055714366
"ENSG00000170310",11.6631003416038,-1.36892998555869,0.374871212445007,-3.65173408923608,0.000260475517043021,0.00164583055388977
"ENSG00000170312",6.05389140630484,-1.17261334298479,0.444796057693383,-2.63629437065093,0.0083816983817524,0.0257174962070553
"ENSG00000170315",2706.42990441848,1.64709507341368,0.35231541960851,4.67505814887104,2.93870340883261e-06,7.03284187347474e-05
"ENSG00000170322",51.4779424724044,1.23756249117665,0.29524182145839,4.19169101810687,2.76882921916364e-05,0.000325643544898639
"ENSG00000170345",995.791020677557,3.50293636554643,0.589702527175622,5.94017526484706,2.84717517016472e-09,2.26797446284281e-07
"ENSG00000170348",114.863318949849,-1.37951394753526,0.310072371277186,-4.44900634601223,8.62684675798583e-06,0.000146647501229308
"ENSG00000170412",46.7595046940045,1.79691170773488,0.463783212018738,3.87446475242894,0.000106859307960439,0.000838250774957033
"ENSG00000170423",23.2320695107035,-1.46428223935824,0.298923420993413,-4.89851960910921,9.65614035613021e-07,3.0385514948899e-05
"ENSG00000170425",6.5401466063122,-1.35947828274098,0.513797711501114,-2.64594071228757,0.00814640929873528,0.0251317805757317
"ENSG00000170426",60.2907072665478,-1.81117614641537,0.273226516887641,-6.62884469284578,3.38324307970872e-11,3.48664344633232e-09
"ENSG00000170454",65.3433863057999,-4.23914868741205,0.398767383676152,-10.6306304400632,2.14656469100697e-26,6.80667407500267e-24
"ENSG00000170465",340.056503936965,-4.37521473482029,0.36079474391128,-12.1266033074366,7.63511475075169e-34,4.49626454018374e-31
"ENSG00000170515",104.351229919565,-1.34549429125176,0.294815467367218,-4.56385244392834,5.02233842885207e-06,0.000103001664618584
"ENSG00000170522",18.3158623259846,-1.30413206687269,0.347276184382248,-3.75531673498587,0.000173122401505357,0.00119590082883194
"ENSG00000170525",56.0182586677341,1.57641389672938,0.43285701051892,3.64188140291302,0.000270652763065506,0.00169494622490966
"ENSG00000170545",21.6681525618228,-1.08125677162687,0.286666115471538,-3.7718331999173,0.000162052575345714,0.00114086096510897
"ENSG00000170549",2.39319991236538,1.96866296257489,0.751077837264614,2.621117099853,0.00876421522795622,0.026677708121427
"ENSG00000170561",25.7111968700742,1.06787562688948,0.208791626597215,5.11455197841599,3.14486485190736e-07,1.26477259861221e-05
"ENSG00000170571",17.8102438331328,-1.5043311407734,0.353516827377413,-4.25533107414823,2.0873991222189e-05,0.000269742352086735
"ENSG00000170632",8.48053188027793,-1.20767986260924,0.360282798015748,-3.35203309528104,0.000802204283841186,0.00388851237409602
"ENSG00000170734",26.353469390783,-1.21420072396137,0.332503231093074,-3.65169601501254,0.000260514145530493,0.00164583055388977
"ENSG00000170779",16.1200334294411,-1.22462934082496,0.34607785727648,-3.53859490018341,0.000402262658412721,0.00226786696492062
"ENSG00000170786",21.6450220045224,-1.7658894423189,0.431640020987959,-4.09111610706774,4.29302121744002e-05,0.000442380933680026
"ENSG00000170801",3.70821979970624,2.40865259091212,0.724095002505121,3.32643172868063,0.000879655656424899,0.00416202069405743
"ENSG00000170852",45.4680613141267,1.21723868159854,0.26995851099594,4.50898427727974,6.51387355313609e-06,0.000121546160754584
"ENSG00000170854",15.2017576460925,-1.2297365601911,0.317036933890475,-3.87884321583785,0.00010495436909072,0.000827638733590089
"ENSG00000170873",23.7092768811473,-1.52336738085892,0.38656616379479,-3.94076751546108,8.12213153601155e-05,0.000691765634800075
"ENSG00000170899",37.6225449586421,-2.38636619076224,0.4718139972351,-5.05785374055602,4.2400142341016e-07,1.58894533422958e-05
"ENSG00000170906",34.808937875424,-1.34051700223188,0.34159613931465,-3.92427445146595,8.69915177193161e-05,0.000724080330981223
"ENSG00000171044",7.45066136212517,1.92765457773913,0.533828161103825,3.61100203809633,0.000305016264808332,0.00184030153483057
"ENSG00000171150",12.8080605517326,1.07812623846722,0.313127128656426,3.44309432112535,0.00057509869994852,0.0030033798438159
"ENSG00000171155",37.6069334529645,-1.17430587621283,0.380468024482108,-3.08647718244205,0.00202543491060559,0.00810158861711581
"ENSG00000171159",40.1420829979054,-1.47634140547994,0.416410974862223,-3.54539504144532,0.000392025077312568,0.00222823216125713
"ENSG00000171169",18.9112244965451,1.17314910240009,0.286238710002313,4.09849912470125,4.1583781050483e-05,0.000434797061345221
"ENSG00000171223",476.616982522288,1.43479614680236,0.17156244199601,8.3631133371005,6.10844819166788e-17,1.03837321889084e-14
"ENSG00000171246",2.35336499836357,3.19364420835207,0.867689113872676,3.68063187297368,0.000232656695333541,0.00150942847653222
"ENSG00000171314",55.4187146914188,-1.06511549162616,0.256646554668985,-4.15012581407886,3.32292575003549e-05,0.000370262736723352
"ENSG00000171443",15.7624172098351,-1.20643993819728,0.324990344457191,-3.71223317484191,0.000205438589871789,0.00136923076329666
"ENSG00000171448",6.86337247355708,1.16329287875127,0.417110649364647,2.78893113979042,0.00528823076012859,0.0177555766653961
"ENSG00000171456",59.3337554259777,1.53415797403818,0.395892503298409,3.87518824240476,0.000106542305121243,0.000836929935656548
"ENSG00000171467",15.3675450618359,1.07739357804137,0.279431273751395,3.85566570118384,0.000115415121205356,0.00089179003446819
"ENSG00000171476",25.886153663248,-1.0957131077912,0.40535496083722,-2.70309534519601,0.00686970375858135,0.0219142087976877
"ENSG00000171517",9.44972734164328,-2.32194508273917,0.383453346311383,-6.05535224838967,1.40110726150789e-09,1.17871722627569e-07
"ENSG00000171587",2.11611036459072,1.86766879405713,0.779993359895895,2.39446755586022,0.0166445159345008,0.0453863772521885
"ENSG00000171606",134.870964685433,2.16679319781154,0.506166860293229,4.28078834824604,1.86232413594724e-05,0.00025026782948357
"ENSG00000171608",11.1019877907517,1.44729189927678,0.397592077027957,3.640142706302,0.000272486978506962,0.00170335638007451
"ENSG00000171681",37.9918768576123,1.3581424716588,0.320955958347603,4.23155400713233,2.32082251287725e-05,0.000288815414451569
"ENSG00000171747",9.76830688135269,1.46195792225794,0.590313757515535,2.47657775826013,0.0132648726929255,0.0375750705778471
"ENSG00000171786",5.86834815481493,3.55762972272386,0.684512130077973,5.19732166370611,2.02180344939756e-07,8.89000455389772e-06
"ENSG00000171823",15.6102907641089,1.58421151937868,0.538147566102917,2.94382362601954,0.00324184689258734,0.0118251907035814
"ENSG00000171858",477.889400045164,-1.28408470842414,0.323792172529643,-3.96576822222774,7.3159929164719e-05,0.000645098434223022
"ENSG00000171903",14.706909744051,5.52094353037226,0.711875364214997,7.75549177272112,8.80017835321021e-15,1.25091500746623e-12
"ENSG00000171954",17.7899363606421,-2.18432421950002,0.384474163807109,-5.68132900757382,1.3365209315025e-08,9.25961917627933e-07
"ENSG00000171970",34.2956953896786,1.46424416391004,0.322645460130364,4.53824505486119,5.67243199198633e-06,0.000111614237608428
"ENSG00000171988",103.936260326747,1.64096657674089,0.339275400740614,4.83668009280595,1.32025654675796e-06,3.84283304013428e-05
"ENSG00000172005",5.00892738295043,4.68029554502516,1.00535373633351,4.65537191127777,3.2339640888909e-06,7.52900546387048e-05
"ENSG00000172006",4.95176840745367,2.17158572784525,0.671069679110766,3.23600632757364,0.00121214697132674,0.00537192752566583
"ENSG00000172053",62.7588439558155,-1.01715757109164,0.271183669878345,-3.75080686660796,0.00017626643505003,0.00121302579079666
"ENSG00000172059",24.4927338284483,2.00768988041615,0.407552554643395,4.92621100651144,8.383945956108e-07,2.70534021272534e-05
"ENSG00000172086",27.6485056355658,-1.13626217714062,0.301256417457301,-3.77174430583431,0.000162110330599206,0.00114086096510897
"ENSG00000172155",8.12908660698525,2.22848679299642,0.584238488990124,3.81434437304608,0.000136544951634293,0.00101007126191981
"ENSG00000172183",14.7899811827499,1.19846133604283,0.290207254476666,4.12967394010886,3.63278072971375e-05,0.000394085009554277
"ENSG00000172232",1.698425938073,3.51752225037327,1.15267186061839,3.05162498587082,0.00227606268061833,0.00890316107837006
"ENSG00000172296",12.9926350657516,-2.36408603602903,0.553044453988248,-4.27467632842272,1.91415165969154e-05,0.000254947065562632
"ENSG00000172340",53.9075169533812,-1.44846969903903,0.341079305110802,-4.24672408244907,2.16918821793435e-05,0.000275421032300521
"ENSG00000172345",6.46850394622118,-1.36500082363171,0.417689975277354,-3.26797602151051,0.00108319542292848,0.0049216889855794
"ENSG00000172361",44.0426144853642,2.66034288045756,0.667076340178802,3.98806361464489,6.66148028966477e-05,0.00060358709158402
"ENSG00000172425",5.24924697905426,2.36863130560577,0.806139668013587,2.93823936420636,0.00330082067556355,0.0119883771188034
"ENSG00000172466",69.2018531477206,1.06175129779292,0.229849927153695,4.61932405609576,3.84992179733266e-06,8.52098798875413e-05
"ENSG00000172469",5.17925976549176,-1.20787566593389,0.461754079296214,-2.61584189526788,0.0089007761376211,0.0270036610364736
"ENSG00000172530",11.939655257076,1.176447820762,0.330391470638534,3.56076934579553,0.000369769793892214,0.00212814454851264
"ENSG00000172534",75.4775053895851,1.47786590975426,0.454065189972416,3.25474390548203,0.00113494657673039,0.00511454881216382
"ENSG00000172548",33.3309970787288,-2.07559301765367,0.229234665987468,-9.05444649356454,1.37262159249636e-19,2.82914467983405e-17
"ENSG00000172586",65.0360815996269,-1.14347762926349,0.274600201386593,-4.1641543723912,3.12508629422961e-05,0.00035586704354663
"ENSG00000172594",163.553798708227,-1.56876124614021,0.412967540945722,-3.79875193713203,0.000145426554696887,0.00105729209012212
"ENSG00000172638",17.9765218473127,1.2375249667936,0.367218823944313,3.36999327404105,0.000751700184418393,0.00369002213184724
"ENSG00000172661",38.9044574051161,1.39318311822795,0.281332917528711,4.95208001419092,7.34243999668623e-07,2.45079945557407e-05
"ENSG00000172738",7.15273862469838,2.53672243557879,0.525850918539466,4.82403347820416,1.40683788031898e-06,4.02731767510064e-05
"ENSG00000172757",239.184553902896,-1.42197114999686,0.295352229345633,-4.81449269283425,1.4757430330783e-06,4.16669980692261e-05
"ENSG00000172766",19.1941147980314,2.16867585401125,0.423304507844289,5.12320519584212,3.00385142083968e-07,1.22600262569865e-05
"ENSG00000172819",43.9991810552432,-1.11173807823269,0.26872742843972,-4.13704728500416,3.51803633186626e-05,0.000384929668720257
"ENSG00000172831",64.1007681018679,-1.46583525077504,0.338846681053949,-4.32595428178816,1.51872922367293e-05,0.000217235648539001
"ENSG00000172867",16.4029841654975,-3.2537959495704,0.503203895132379,-6.46615811412671,1.00525894524329e-10,9.69340043749505e-09
"ENSG00000172888",34.6788671072376,1.15443058242858,0.268518921883704,4.29925226248513,1.7137532105978e-05,0.00023686568893166
"ENSG00000172901",5.69948520847961,2.84429698755932,0.64504330965766,4.40946669002561,1.03625495353246e-05,0.000166404970955605
"ENSG00000172943",45.7773890070374,1.08223870232984,0.368054446615795,2.9404309940577,0.00327755997421833,0.0119249087411487
"ENSG00000172965",2.81006934955402,1.86897740902636,0.734885733944661,2.54322178632345,0.0109835487184709,0.032162623835707
"ENSG00000172977",58.8728797680688,1.21445936465168,0.28082259127858,4.32464980513949,1.52774357959644e-05,0.000217958355473706
"ENSG00000173040",11.4969131388706,1.25455303630929,0.385681643446531,3.2528201889474,0.00114265779054779,0.00513806498727637
"ENSG00000173064",26.4193413848634,1.07933261562318,0.251886421485802,4.28499721920904,1.82741473898557e-05,0.000247188200419467
"ENSG00000173110",1395.07990595273,6.3989817339896,0.850791304756372,7.52121195669951,5.42707829321957e-14,7.27537349405671e-12
"ENSG00000173141",36.7804877833962,-1.36450174118847,0.347667725995225,-3.92472938718277,8.68272886002329e-05,0.000723763242420415
"ENSG00000173145",67.2824014840075,1.45099990493489,0.314067945106705,4.6200190995038,3.83704720356998e-06,8.50390743812707e-05
"ENSG00000173156",201.403173283748,-1.4658764406485,0.302656415664844,-4.8433681388462,1.2765645021536e-06,3.75879858500192e-05
"ENSG00000173166",14.0389712985361,1.14825850772682,0.296907246912842,3.86739804995022,0.000110002792869275,0.000858011377304387
"ENSG00000173193",26.8453977558102,1.13019526225803,0.300039575825012,3.76682062408052,0.000165339705830159,0.0011591353781605
"ENSG00000173212",2.14654206309386,-2.03615989477828,0.805172893253691,-2.52884804225114,0.0114437561624808,0.0332679998877195
"ENSG00000173218",11.4949094576468,-1.05848776330112,0.328583792026942,-3.22136328384187,0.00127582316248129,0.00559495960801968
"ENSG00000173239",22.2670518833108,-2.02462401261138,0.363248120831018,-5.57366685883896,2.49432516190504e-08,1.59414448041288e-06
"ENSG00000173264",33.9306037118193,1.20046362612652,0.310709977929127,3.86361466125926,0.000111721414575805,0.000867722282119852
"ENSG00000173267",8.49374921910001,-1.36546124047225,0.523311235546678,-2.60927178268171,0.00907351461413194,0.0274418896684559
"ENSG00000173269",25.5205597142309,3.60124514635756,0.349870759314529,10.2930726574955,7.57207272880662e-25,2.19045451272443e-22
"ENSG00000173273",24.8651011425189,1.21228190572695,0.285274329927344,4.24953028909299,2.14219242504638e-05,0.000274199490472717
"ENSG00000173276",30.7854497227276,1.1966093642004,0.250728908083246,4.77252253578637,1.81932743821847e-06,4.86205674696667e-05
"ENSG00000173334",116.970544766668,1.78942028909138,0.320757628772448,5.57873025791955,2.42280607451538e-08,1.55446106469588e-06
"ENSG00000173338",4.41512261225244,-2.26673440804822,0.57981662916184,-3.90939875478377,9.25261241224043e-05,0.000757152982955
"ENSG00000173409",19.1220524421828,-1.73523024840904,0.36514521303183,-4.75216485518539,2.01250177293098e-06,5.22584909194628e-05
"ENSG00000173418",70.848384321376,-1.1916450906455,0.244386262505328,-4.87607232268027,1.08218945472386e-06,3.31061631149198e-05
"ENSG00000173451",8.93908656405182,1.39814703534439,0.402182712520988,3.4763976466826,0.000508198168122679,0.00272776028456212
"ENSG00000173517",22.7311315958585,1.45793548813434,0.38773193770653,3.76016352111245,0.000169802327196624,0.00118088172633705
"ENSG00000173530",116.965280279008,1.37883059683809,0.41003635789463,3.36270325860326,0.000771832819696748,0.00376365130604034
"ENSG00000173660",276.616657674385,-1.12387219169293,0.263878190143574,-4.25905676813016,2.05291334055744e-05,0.00026708602008298
"ENSG00000173801",672.322020308423,-1.55024342937429,0.314402696206273,-4.93075742695668,8.19113962345695e-07,2.65873427659806e-05
"ENSG00000173818",10.132707241503,1.07529174542433,0.349421496224447,3.07734858056251,0.00208850915257036,0.00830217632997413
"ENSG00000173825",6.95004479048641,1.74074724352869,0.552808232321089,3.14891700548629,0.00163876729285032,0.00686002383645822
"ENSG00000173889",20.3449434915444,1.50477018686896,0.272324002529889,5.52566124502302,3.2824694549417e-08,1.96816868518305e-06
"ENSG00000173894",1.73409353465669,-2.42512971765621,0.96027216818594,-2.52546079955389,0.0115546671532476,0.0335549324920571
"ENSG00000173917",7.67059777851309,1.07672265836163,0.404809759716345,2.65982386174707,0.00781815256220804,0.0243049618397904
"ENSG00000173933",143.813074088388,1.51114361721726,0.401769777668627,3.76121774511279,0.000169088152399325,0.00117840006124788
"ENSG00000173991",5.43059271661047,1.98693532392377,0.592735840896509,3.35214304051287,0.000801885759443698,0.00388851237409602
"ENSG00000174010",17.9490755999779,1.91279425713075,0.476037445017918,4.01815923757584,5.86545556100716e-05,0.000553630096459493
"ENSG00000174106",41.2726459453946,1.0825114306005,0.230230957713044,4.70185000902322,2.57814862115857e-06,6.35132594104267e-05
"ENSG00000174132",30.8336701190492,-1.64865527907948,0.396056224664721,-4.16267988333003,3.14534178755901e-05,0.00035702541771317
"ENSG00000174307",61.930433229198,-1.27697570094556,0.279778576332744,-4.56423689649073,5.0131445991069e-06,0.000103001664618584
"ENSG00000174332",2.17439654832176,-2.13386293576197,0.89542156785076,-2.38308190507828,0.0171683740360051,0.0465454323379954
"ENSG00000174485",11.9936775385692,1.19343758780648,0.314331682184147,3.79674609798743,0.000146607812582634,0.00106260053700002
"ENSG00000174564",89.5572965882309,-1.98918009386758,0.38763208007464,-5.13161886261981,2.87260728580402e-07,1.17826919242842e-05
"ENSG00000174579",19.1812739840766,1.02046234256616,0.271614657566903,3.75702236288485,0.000171947136113749,0.0011898813698112
"ENSG00000174628",2.63647434825733,-1.68195960506905,0.641761476413757,-2.62084850350951,0.00877112297065267,0.0266844565970357
"ENSG00000174652",57.59805897753,1.5048501403368,0.3533382143599,4.25895099702973,2.05388485332779e-05,0.00026708602008298
"ENSG00000174684",49.4645471261277,-1.5721754149,0.411595324289969,-3.81971155190382,0.000133607826085538,0.000993378196171066
"ENSG00000174705",14.5103858519553,-1.43103143912871,0.311201786769239,-4.598403672373,4.25740479841772e-06,9.14067027618617e-05
"ENSG00000174718",53.8463315146603,1.57973819787012,0.36223581868942,4.36107672506174,1.29423969449855e-05,0.000195427823466911
"ENSG00000174738",25.6067566630827,1.35217921226551,0.295897991325449,4.56974785874194,4.88311346821264e-06,0.000101152836654973
"ENSG00000174744",60.2234783036792,-1.00426061166375,0.245231639446387,-4.09515107402487,4.2189318808108e-05,0.000437797154076081
"ENSG00000174791",6.48687029053668,-1.61585873809126,0.513204604254337,-3.14856633143234,0.00164073482258965,0.00686303310240507
"ENSG00000174807",8.1699044483405,-1.4973136719136,0.538534253862547,-2.78034992421442,0.005430035179857,0.0181356795788256
"ENSG00000174842",5.64601720917432,-1.17826344432736,0.449735524437413,-2.61990298809792,0.00879547839350618,0.0267531162572447
"ENSG00000174871",2.58220689486784,2.0975556753255,0.765797156021675,2.73904866168782,0.00616172526310493,0.0200593658170458
"ENSG00000174917",32.0750457221074,-1.90789057374726,0.446774008399152,-4.27037056292391,1.95148452635429e-05,0.000258665822789839
"ENSG00000174950",4.34189706641018,-1.83220719750118,0.602005767860944,-3.04350439035062,0.00233840028997763,0.00909598546389271
"ENSG00000174996",49.0720396993864,1.01558224518333,0.244136185803633,4.15990051552699,3.18386245041932e-05,0.000360320576149377
"ENSG00000175003",6.70227894013473,3.24899186759985,0.70581211423104,4.60319651942999,4.16055296143103e-06,8.99412501118123e-05
"ENSG00000175040",12.6892572926096,-1.13023214553389,0.418428094508701,-2.70113828484906,0.0069102600457292,0.0220010190951977
"ENSG00000175061",163.640745926194,-1.1430614906565,0.261269391857885,-4.37503024188252,1.21415644268411e-05,0.000186781420678885
"ENSG00000175073",19.1782030732129,1.09522819070679,0.257860706658501,4.2473636441137,2.16300727166298e-05,0.000275199281654714
"ENSG00000175105",32.7280065648375,1.57881826287583,0.300777460224727,5.24912425850065,1.5282396972772e-07,7.09835052631091e-06
"ENSG00000175106",3.24175472862636,2.64393872077094,0.756627937474216,3.49437099771516,0.000475180190265253,0.0025927353266988
"ENSG00000175121",20.7509649156153,-2.19897031615565,0.376999492551382,-5.83282036077528,5.44982325792136e-09,4.12211631650758e-07
"ENSG00000175183",42.2853549823715,1.74774304646058,0.364111357058488,4.80002343398434,1.58647065635082e-06,4.39652347101995e-05
"ENSG00000175197",265.41034178531,1.16741004654793,0.336869776586567,3.46546389045957,0.000529317602106818,0.00281364214736922
"ENSG00000175265",20.270415864448,1.50943839689146,0.322893209948135,4.6747294473424,2.94341392805226e-06,7.0339061245875e-05
"ENSG00000175287",17.3017917577677,-1.85065113927726,0.541914225800071,-3.41502594168846,0.000637759372052073,0.00324368114921858
"ENSG00000175348",45.7544711923493,-1.08304661689911,0.297892780143154,-3.63569273608663,0.000277234623721206,0.0017220532476917
"ENSG00000175352",6.03291769034549,1.43618575861039,0.555060403356033,2.58744048382277,0.00966918978693124,0.0289218243552235
"ENSG00000175470",87.1773826161331,2.16404757346155,0.488083349224595,4.43376643948111,9.2600942224021e-06,0.00015470080408631
"ENSG00000175505",31.1116028952646,1.62277308888917,0.505877719219598,3.20783665149864,0.00133737434804107,0.00580314884864452
"ENSG00000175564",1.41318301400134,2.91830357643006,0.977527619562484,2.98539245135214,0.00283214709688178,0.0105894044173432
"ENSG00000175575",6.03890967832226,-1.08412694958932,0.398994482930896,-2.71714772000266,0.00658472114445777,0.0211483184555832
"ENSG00000175581",10.1888496136076,-1.09941415829429,0.34864013925044,-3.15343540378906,0.00161360935770343,0.00678745017836015
"ENSG00000175592",246.403159762368,1.92771639190147,0.341433575801609,5.64594851978348,1.64273000130158e-08,1.09663866362193e-06
"ENSG00000175600",7.02134749168799,-1.32357418590423,0.466653604382391,-2.83630978840496,0.00456381543706407,0.0156613429223204
"ENSG00000175643",3.29518139701275,-1.57742340806812,0.588684215004548,-2.67957483462664,0.00737157238091344,0.0232009652584237
"ENSG00000175691",10.8913922077545,1.58656764814257,0.410632586751859,3.86371588453918,0.000111675105496884,0.000867722282119852
"ENSG00000175701",16.9057473263997,-1.37818749656351,0.323733188029684,-4.25717086638996,2.07030126719545e-05,0.000267784707828367
"ENSG00000175768",45.3444944735899,-1.0425718650884,0.245173847990627,-4.25237794990375,2.11512496402245e-05,0.00027164095709074
"ENSG00000175792",14.7325653043398,-1.6766047606719,0.412754786675422,-4.06198744338327,4.86566948944984e-05,0.000487128258722152
"ENSG00000175793",2455.01114336551,-1.33502344485275,0.334455108594119,-3.99163717505922,6.56187140364194e-05,0.000596793698701886
"ENSG00000175866",73.5380881046291,1.30619881807842,0.479450472702398,2.72436652469252,0.00644249653674599,0.0207765158213191
"ENSG00000175895",64.3562925220218,1.24076703397245,0.290953711143003,4.26448258418198,2.00365970955538e-05,0.000262209086911577
"ENSG00000175906",26.9023123908606,-1.1746184734902,0.33311032090625,-3.52621458949267,0.000421545254824124,0.00235382990409583
"ENSG00000176076",5.54132869569908,2.60081767249624,0.803645107868193,3.23627637004518,0.00121100073649676,0.00536923666149371
"ENSG00000176125",9.41575899416312,2.75170491472953,0.607928852411048,4.52636012226802,6.00082867157589e-06,0.000115323617675542
"ENSG00000176153",25.0697849363356,-1.42646332990112,0.543057706190004,-2.62672514107007,0.00862109398637206,0.0263246701372757
"ENSG00000176170",106.91781401957,1.8021671436806,0.566899667986093,3.17898782703963,0.00147790297660196,0.00630182109676484
"ENSG00000176194",3.51134090195859,-2.51618299485754,0.672239927832776,-3.74298355494804,0.000181848134376783,0.00123981022127744
"ENSG00000176225",5.03901940000662,1.28531032224759,0.4714859921019,2.72608379417092,0.00640907253864254,0.0206768141439399
"ENSG00000176386",43.9325502465698,1.3905151849156,0.299262755097522,4.64646923558019,3.37664462497404e-06,7.76520107671403e-05
"ENSG00000176393",79.3854987470493,-1.55950539516459,0.332961943735218,-4.68373465648903,2.81694625668873e-06,6.81064909480065e-05
"ENSG00000176428",4.18866653872773,1.67833836763413,0.663560846873353,2.52929083375297,0.0114293275734305,0.0332319136586661
"ENSG00000176593",6.56302222200439,1.70768064008807,0.488964985763881,3.49243951981604,0.000478629972047849,0.00260638362255515
"ENSG00000176597",68.4238165138603,1.14643136927868,0.205926362187338,5.56719089824802,2.58878737281998e-08,1.6364383354528e-06
"ENSG00000176623",13.4769637236556,-1.13226110323267,0.365020629187925,-3.10190989959019,0.00192276470937044,0.00775680600334881
"ENSG00000176840",22.5234142988509,5.67402006390708,0.821821596831766,6.90419926390496,5.04873908503214e-12,5.62490937656047e-10
"ENSG00000176896",3.370830432203,1.37239565831242,0.576173001896057,2.38191594155951,0.0172228283149615,0.0466777146754437
"ENSG00000176915",72.1386926973238,1.46642139435526,0.322752873602183,4.54348052114551,5.53329206531633e-06,0.000109925846825302
"ENSG00000176919",3.76778310284209,1.36244943119655,0.575714262952437,2.36653756710751,0.0179553519035413,0.0482270398334407
"ENSG00000176928",11.7753828110096,-1.24041311674936,0.308626807747455,-4.01913601025992,5.84119458750263e-05,0.000552267531842493
"ENSG00000177000",35.7301148929123,1.29591983368292,0.381687679063,3.39523622262121,0.000685694113159598,0.00343764373119143
"ENSG00000177042",44.2240748207244,1.61422571656415,0.411123573161452,3.9263759656278,8.62353289993751e-05,0.000719472423070093
"ENSG00000177098",2.30422215469966,-2.37593905881247,0.751086783601421,-3.16333493104481,0.00155972775230931,0.00659444895072518
"ENSG00000177125",31.6116358242655,1.61399649972007,0.350444358323416,4.6055713592928,4.11334898050025e-06,8.91261647036382e-05
"ENSG00000177156",157.858077994264,-1.23097531621292,0.303694029460381,-4.05334052302635,5.0491423979728e-05,0.000500633247144759
"ENSG00000177169",50.1622213441985,1.00358456653031,0.305487548195398,3.28518976455429,0.00101913706712773,0.00468093345400254
"ENSG00000177283",16.0168660849326,2.63740119611751,0.595590831988061,4.42820986232102,9.50184261379634e-06,0.000157147324833388
"ENSG00000177374",2.81771416100489,2.61934600476742,0.784664833613416,3.33817178056167,0.000843315960546122,0.00403055732280257
"ENSG00000177463",25.9883125889646,1.31466507295782,0.241106416020307,5.45263413001459,4.96291118188034e-08,2.76237970586323e-06
"ENSG00000177494",17.0656471380223,-2.24650746379431,0.49812751872825,-4.50990435045584,6.48568618879506e-06,0.000121249976833381
"ENSG00000177508",20.7336021951714,-1.20240763453445,0.236634804034646,-5.08127973583464,3.7490055215373e-07,1.45540033390395e-05
"ENSG00000177556",37.6652600115244,-1.51319209996793,0.370380458536369,-4.08550738866625,4.39806008828398e-05,0.000450152779613373
"ENSG00000177600",563.639066741149,-1.22441915030786,0.320546915421754,-3.81978141545008,0.000133569989506662,0.000993378196171066
"ENSG00000177606",926.864624321023,1.81185279218569,0.444303786002295,4.07795938109863,4.54327012236098e-05,0.000461292986746368
"ENSG00000177646",23.6606080532859,-1.49428441800666,0.36640750010283,-4.07820368738986,4.53849973694201e-05,0.000461292986746368
"ENSG00000177666",86.9890021351507,1.14285348159332,0.3880565036502,2.94506977938322,0.00322881834748093,0.0117865808571204
"ENSG00000177674",35.9418214610483,-1.19122173853666,0.297171741334374,-4.00852965759054,6.10979667622807e-05,0.000568214536911025
"ENSG00000177688",4.71035208837582,3.11878498380297,0.912535752274936,3.41771264964457,0.000631497406073974,0.00322139304230668
"ENSG00000177700",223.975684865048,-1.39343651721068,0.349579932180427,-3.98603120184684,6.71876803979988e-05,0.000606712848895182
"ENSG00000177830",36.2648916205885,-1.0919494209716,0.3361432793821,-3.24846423518811,0.00116029794283978,0.00519330965784072
"ENSG00000177954",644.375517288853,-1.1631816057187,0.284751340192982,-4.0849030067089,4.4095232056562e-05,0.000450766448469095
"ENSG00000177971",37.361029208876,-1.08902191742332,0.293939299199639,-3.70492111938961,0.000211456526980931,0.00139915998129558
"ENSG00000178057",51.3410106667055,-1.57982901071882,0.434772795115093,-3.63368874149683,0.000279397891782949,0.00173000069005221
"ENSG00000178093",5.62861605301637,1.33289659343304,0.54480584240943,2.44655341348442,0.0144229424782933,0.0402130366122048
"ENSG00000178163",27.6724634888539,1.12951563917792,0.233304829808527,4.8413727229947,1.28945254164374e-06,3.7832354019864e-05
"ENSG00000178172",78.060434122694,-2.33135224625474,0.40528914983524,-5.75231843044032,8.80277907727826e-09,6.42252319492218e-07
"ENSG00000178184",10.5915127146541,-1.86623641935106,0.446346920111566,-4.18113430442086,2.90058464774653e-05,0.000336104991262772
"ENSG00000178297",1.52234393378498,2.40394816434846,0.960658032861683,2.50239740065192,0.0123355373722926,0.0354294854087672
"ENSG00000178363",108.391533317415,-3.34574075686552,0.710636627375152,-4.70808937786326,2.50049465605748e-06,6.20943620236925e-05
"ENSG00000178372",480.343172660517,-2.98590261163735,0.211468128041791,-14.1198706362373,2.86516798233013e-45,3.93697957172012e-42
"ENSG00000178381",119.663024705782,1.54340346055356,0.388670383500109,3.97098293586118,7.1576706480661e-05,0.000635898875624795
"ENSG00000178425",12.4355772587653,-1.09201047769508,0.380802625965272,-2.86765479866903,0.00413526453266055,0.0144309474441966
"ENSG00000178498",25.0430837154012,2.78047130163622,0.554030450423069,5.01862541943859,5.20425121153819e-07,1.86549778754463e-05
"ENSG00000178502",7.7442081122501,1.1916183528861,0.43538821846397,2.73690996299826,0.00620192648385756,0.0201584005110048
"ENSG00000178531",11.3454674315667,-1.39408238714062,0.364444216980644,-3.82522844974835,0.000130650875730605,0.000981011971731304
"ENSG00000178573",11.8603699953913,-1.83355402411551,0.462973730945992,-3.96038457812503,7.48291549152849e-05,0.000653309723009176
"ENSG00000178585",48.2687207223404,-1.51513687217671,0.317919814563127,-4.76578307727925,1.88121571008521e-06,4.98703630925965e-05
"ENSG00000178607",13.9596207938918,1.3362632570621,0.305885274994131,4.36851122398011,1.25096389192488e-05,0.000190470207577626
"ENSG00000178623",7.75037112666223,1.71734562690403,0.554300145714158,3.09822330046731,0.00194684675880412,0.00783316584031347
"ENSG00000178726",24.1146265612495,-1.67108227499328,0.375377878606041,-4.45173349372321,8.5179843155006e-06,0.000145396525236324
"ENSG00000178741",219.490682011791,-1.18786197523629,0.263829281493075,-4.50238869815315,6.71939459501709e-06,0.000124071777690075
"ENSG00000178773",20.8199629375625,1.1308321550574,0.275429868266422,4.10569907386931,4.03093962303678e-05,0.000425677872295824
"ENSG00000178802",8.55502769340389,-1.01062651870074,0.391386370901243,-2.58217095391845,0.00981809372002682,0.0292643794919599
"ENSG00000178913",398.541970078624,1.30417324751716,0.341385999551351,3.82023061646083,0.000133326953032232,0.000992986024675816
"ENSG00000178917",5.92842286851459,1.17874318842325,0.47030824964481,2.5063204596421,0.0121994996542834,0.0350937804953731
"ENSG00000178919",5.88028897394519,-1.73641504203082,0.451321399978002,-3.84740241015705,0.000119376804194477,0.000915536802029179
"ENSG00000178934",451.324467768865,-2.60782097580318,0.408764139187893,-6.37976947044384,1.77354754347431e-10,1.65220482736429e-08
"ENSG00000178977",3.82420448632573,1.8743517309998,0.627373687991957,2.98761610006162,0.00281162481795331,0.0105317768339918
"ENSG00000178980",223.621609970993,1.28880939068275,0.285418210433797,4.51551212770879,6.31639314802989e-06,0.000119165911462088
"ENSG00000178982",85.0470348187564,-1.58549222299181,0.361897740165532,-4.38105035490579,1.18108569444758e-05,0.000183034981350998
"ENSG00000178996",8.10446471961992,-1.18446485900445,0.409604543551574,-2.89172783273903,0.00383129688810236,0.0135508911170999
"ENSG00000179041",20.7371898320837,-1.44706404302636,0.379256344594924,-3.81553021762085,0.000135890824349322,0.00100841755296848
"ENSG00000179046",92.0692215861476,2.0227034046739,0.418215905365888,4.83650520872533,1.32141811738501e-06,3.84283304013428e-05
"ENSG00000179085",50.0024311105021,-1.47305312996563,0.375068853352377,-3.92742057038177,8.5861763466498e-05,0.000717574565534255
"ENSG00000179094",168.238495390962,1.63093202662099,0.42753968803792,3.81469152982198,0.000136353149004178,0.00100912346226656
"ENSG00000179111",2.07774509222874,2.20414496907278,0.790834105501116,2.78711420478775,0.00531797336913535,0.0178336511864293
"ENSG00000179134",77.4465638127562,1.13068252057435,0.275386171998687,4.10580717386107,4.02905480528584e-05,0.000425677872295824
"ENSG00000179141",1.78060869976974,3.81951719977162,1.30831717308713,2.91941226358667,0.003506920960986,0.0126091626091797
"ENSG00000179148",161.546005757477,2.18843553891155,0.451696487833395,4.84492485077445,1.26659610603069e-06,3.73611863905904e-05
"ENSG00000179218",1062.04578590439,-1.22814361060933,0.337798998346501,-3.63572306792203,0.000277202002083983,0.0017220532476917
"ENSG00000179271",39.4896694933813,-1.53788175665468,0.365928683321246,-4.20268163374497,2.63771445534818e-05,0.000313804283219597
"ENSG00000179331",5.78637921014967,4.8877494896184,0.82050022802835,5.95703611364447,2.56853500181733e-09,2.06597920219346e-07
"ENSG00000179335",32.7627074763198,1.55953257143175,0.38092190816862,4.09410049143564,4.23810481379989e-05,0.000438957979112728
"ENSG00000179344",6.77158972375698,-1.50236740595344,0.442607339364178,-3.39435719279226,0.000687899064575568,0.00344450885994125
"ENSG00000179361",69.0776655594389,1.69702251067607,0.608052921354852,2.79091251941492,0.00525596758436994,0.0176544407208548
"ENSG00000179387",11.668063999402,-1.36082968819725,0.410513169672189,-3.31494770139513,0.000916602716203129,0.00429127262563129
"ENSG00000179388",45.7933932633015,1.00633897079312,0.181270007933812,5.55160217767831,2.83063185063108e-08,1.74810069606951e-06
"ENSG00000179456",16.4587216667011,1.13389794160303,0.301806000335414,3.7570424058596,0.000171933370186985,0.0011898813698112
"ENSG00000179477",18.0069628866892,-1.33920446622178,0.456809773083289,-2.93164582969114,0.00337171024064329,0.0121974835800718
"ENSG00000179593",71.8732820141781,-1.89565581470915,0.451520536101267,-4.19838227310218,2.68828548671399e-05,0.000319129873221216
"ENSG00000179598",8.05329390419664,2.08633087911798,0.459124454948564,4.54415106107061,5.51570934589145e-06,0.000109925846825302
"ENSG00000179674",48.3202943250724,2.11255382045604,0.602459440957143,3.50654944854009,0.000453957081067151,0.00249917753604169
"ENSG00000179750",6.28427154236711,1.64414711048893,0.450289267643785,3.65131311943589,0.000260902913818553,0.00164702455817539
"ENSG00000179818",2.31261613757993,2.14326312157723,0.825279923522426,2.59701352291407,0.00940382217824031,0.0282285861818686
"ENSG00000179862",15.1224008450479,-1.41428652683739,0.459695056242307,-3.076575455038,0.00209393298496968,0.00831972553955784
"ENSG00000179921",2.12410659539121,2.07992451073795,0.786032732807839,2.64610419378861,0.00814247319598722,0.0251284373065007
"ENSG00000179958",28.2151513186053,-1.2169721752007,0.345752591566554,-3.5197774503635,0.000431909038161109,0.00240178569610405
"ENSG00000180008",46.1195294961086,1.21748407816698,0.283649506520537,4.29221292538659,1.76901186073703e-05,0.000241867633264452
"ENSG00000180011",5.55782238995937,-1.33611602788947,0.458305139880838,-2.91534157403705,0.00355299443929762,0.0127470246539553
"ENSG00000180043",9.23864618800437,5.20032288876975,0.757103435252328,6.8687086158004,6.47856808754135e-12,7.16947041580331e-10
"ENSG00000180071",3.66991838205509,2.32647788978304,0.754024240516131,3.08541524897205,0.00203268144672895,0.0081195041142113
"ENSG00000180185",18.0537095326878,-1.22121508074558,0.331630135196943,-3.68246112501312,0.000230993100994266,0.0015007270458213
"ENSG00000180304",31.142777243229,1.04529421127567,0.280690750420671,3.72400661478543,0.000196085784301584,0.00131647332953942
"ENSG00000180316",6.57719893640042,-1.6110953290295,0.559325510449466,-2.88042526030119,0.00397139099265505,0.0139452148612541
"ENSG00000180530",82.8273822385818,1.31871654280308,0.288238833465201,4.57508284692072,4.76031575385242e-06,9.99908872169078e-05
"ENSG00000180573",162.007534681076,1.05415843946283,0.274638612857954,3.83834752328892,0.00012386509316082,0.000943813087397766
"ENSG00000180596",121.58598329508,1.38620101903573,0.352326467044365,3.93442204516863,8.3397130023623e-05,0.000702316280367477
"ENSG00000180628",28.1139045265501,1.02333670404336,0.329757389868315,3.10330180758654,0.00191374367911572,0.00773424498160274
"ENSG00000180667",108.738923867548,1.58423108234626,0.398899219674137,3.97150709805957,7.14193723478382e-05,0.000635185561296388
"ENSG00000180739",3.22001207612378,-3.22098883537489,1.15119464665629,-2.79795327812757,0.00514275511499286,0.0173412861127029
"ENSG00000180787",8.6066277235193,2.06192877367214,0.483463424147912,4.26491161623285,1.99981349314818e-05,0.000262209086911577
"ENSG00000180806",7.68462361930175,1.94717339548879,0.486513518024519,4.00230070357604,6.27295017558114e-05,0.000577524709353196
"ENSG00000180871",4.23619621839018,-3.3420465233354,0.754313730080878,-4.43057893560689,9.39804374748116e-06,0.000155899741803035
"ENSG00000180879",72.7165693487634,-1.57807910836495,0.36380750089376,-4.33767611851901,1.43997138287308e-05,0.000210307246520764
"ENSG00000180914",8.69791384910058,2.05067863063075,0.545447057449658,3.75962910171169,0.000170165447746248,0.00118240963669949
"ENSG00000180964",81.9231276056527,-1.4966434931397,0.361024415293053,-4.14554647758333,3.39004225856939e-05,0.000374403260559616
"ENSG00000181016",26.4505261007568,2.51206953288499,0.702237969228256,3.57723399041737,0.000347249307988651,0.00203315759306051
"ENSG00000181029",10.9399843168842,-1.10821903965993,0.371717261005298,-2.98134941773429,0.00286981142890462,0.0107132263190419
"ENSG00000181061",212.405447480635,-1.32701788937413,0.299068583279052,-4.43716914302539,9.11496693143485e-06,0.000152740538345965
"ENSG00000181104",40.2101109517644,-1.03874101632805,0.316097314759883,-3.28614312056751,0.00101569388721584,0.00467032250594032
"ENSG00000181218",120.517557972063,1.73432354668383,0.506363448049215,3.42505675195431,0.00061467100854708,0.00315643421361969
"ENSG00000181220",15.9658938243329,1.06255219740049,0.274138336195969,3.87597084065221,0.000106200402705198,0.000834670371880846
"ENSG00000181323",3.25531760311834,3.59432514424157,1.02974016907468,3.49051659067688,0.000482087679426479,0.00261959238177331
"ENSG00000181333",6.48890417496099,-1.23621825551551,0.45059828558579,-2.74350412565016,0.00607872843585205,0.0198321121482064
"ENSG00000181450",6.55679284406824,2.32692688202129,0.511858751332302,4.54603320928792,5.46664146609049e-06,0.000109420543777974
"ENSG00000181458",92.0020345126031,-1.93498071904655,0.419788481658335,-4.60941832277673,4.03797128198129e-06,8.8283106074849e-05
"ENSG00000181472",38.1086440970668,1.36362269049158,0.316029757136092,4.31485535681488,1.59707437937113e-05,0.000225078285824364
"ENSG00000181481",21.6881916185936,-1.30077543647153,0.366484433902721,-3.54933338537594,0.000386207782795279,0.00220123751486739
"ENSG00000181649",318.598178392896,1.16151607655337,0.230795680657717,5.03265950750596,4.8372183076063e-07,1.76462151933894e-05
"ENSG00000181652",7.92103376146465,1.35600606309303,0.486894963803905,2.78500737099256,0.00535265062666837,0.0179280634131901
"ENSG00000181690",6.13217244102041,1.55128462214754,0.477505598387797,3.24872551732409,0.00115923278271076,0.00519226599231894
"ENSG00000181773",22.5657076569279,4.58972082550801,0.504651017899992,9.09484111338415,9.47248694305363e-20,2.02846541823391e-17
"ENSG00000181804",2.72685371492891,-2.20175199373264,0.678262497884091,-3.24616501811795,0.00116971016003733,0.00522409285721983
"ENSG00000181924",65.9308241283501,-1.06290963885916,0.278080203143342,-3.82231322778222,0.000132205607443843,0.000988634132036977
"ENSG00000181938",3.89913548582751,1.54998537145788,0.521000657521067,2.97501615224969,0.00292973121117029,0.0109023556626014
"ENSG00000182022",26.5566067442027,1.30944849460328,0.294922241835472,4.43997877696107,8.99677496224732e-06,0.000151028143559345
"ENSG00000182054",78.5647894351967,-2.21322006773505,0.518382058869707,-4.26947659523713,1.95932206903421e-05,0.00025906868943045
"ENSG00000182118",27.0013173609368,-1.34647927805941,0.322303423584509,-4.17767600196266,2.94502760248703e-05,0.000339361447266954
"ENSG00000182150",8.03822611218674,1.66793848344479,0.408349980073703,4.08458078813606,4.41564619743517e-05,0.000451112702289396
"ENSG00000182154",186.253995102029,-1.19874208667657,0.286175464731058,-4.18883599194335,2.80388942051233e-05,0.00032906286587066
"ENSG00000182165",11.5148357077192,-1.24440831939424,0.4409589591039,-2.82205020150419,0.00477177070340545,0.0162767329599612
"ENSG00000182195",4.79684178358736,-3.08384995347352,0.583359190471035,-5.28636559404071,1.24770413264396e-07,6.01561211788488e-06
"ENSG00000182220",33.0138603757551,-1.15701569354968,0.327673384315308,-3.53100297104489,0.000413987097820531,0.0023202696315305
"ENSG00000182224",108.730301027816,2.1860921228554,0.525594221196798,4.15927731830381,3.19256096398973e-05,0.000360809717170848
"ENSG00000182240",4.59293619729579,-1.30722482117112,0.456579540406534,-2.86308234487944,0.00419541514824634,0.0146037999534376
"ENSG00000182308",6.52196504224609,1.3269499772804,0.42316253355152,3.13579268500822,0.00171390313197994,0.0070881737504934
"ENSG00000182310",7.1164570843986,2.36556876417572,0.567561489932263,4.16795150153342,3.07349305228613e-05,0.000351692067586023
"ENSG00000182324",9.50743901219496,2.70428469761432,0.578429396549401,4.67522002468517,2.93638627577489e-06,7.03284187347474e-05
"ENSG00000182379",4.17455343801039,-2.57349300691582,0.615611923785688,-4.18038200282119,2.91019794393e-05,0.000336745641385697
"ENSG00000182459",2.2745059415073,3.39886446118947,1.08632331754176,3.12877796720847,0.00175534894211391,0.00723598717662908
"ENSG00000182472",36.3783112023059,1.41682669905069,0.366878470843679,3.8618420312114,0.000112535324934885,0.000872400081265309
"ENSG00000182511",6.02958757900069,1.28160369466511,0.466562379298342,2.7469074908965,0.00601601006903864,0.0196626342970026
"ENSG00000182518",9.33694991234522,-1.36188466908995,0.43038188590095,-3.16436335660136,0.00155422624193609,0.00657385251979747
"ENSG00000182551",59.159560632111,-1.40567970611229,0.34210903190459,-4.10886464553884,3.97609016737541e-05,0.000421618976011918
"ENSG00000182552",10.7708164828864,-1.32057580441701,0.346431876011478,-3.81193503213676,0.000137883121935506,0.00101648055714366
"ENSG00000182568",6.58662636253487,1.08082998995474,0.397373292654087,2.71993616565368,0.00652945197849497,0.0210076358387129
"ENSG00000182585",58.9866263643711,-3.42089093692828,0.220754958804518,-15.4963265851596,3.67300465695096e-54,7.57052172355806e-51
"ENSG00000182636",23.9028422486472,-1.01025931801705,0.358956216205074,-2.8144360576831,0.00488628974082079,0.0165952691115127
"ENSG00000182670",25.8094230883631,-1.08097662817454,0.297963031437838,-3.62788840937152,0.000285748708003603,0.00175678987556727
"ENSG00000182759",1.33390792982227,3.70543682874556,1.07676964220772,3.44125306239897,0.000579026718152246,0.00301672831550741
"ENSG00000182774",434.719265115502,-1.12875450336063,0.295601499272171,-3.81850060348084,0.00013426525608408,0.000997701580698692
"ENSG00000182809",7.26315187605026,1.05893747126003,0.439574143568353,2.40900764240552,0.0159959630131425,0.0438718286965579
"ENSG00000182870",1.90473367534586,3.86772141802694,1.07915063127553,3.58404221425085,0.00033831736978731,0.0019951770781198
"ENSG00000182872",125.251545350172,1.32544599558128,0.323820008134485,4.09315657552207,4.25540157414801e-05,0.000439920479975715
"ENSG00000182873",3.20243770207216,2.27402789895495,0.780350686519953,2.91411020485699,0.00356703959574356,0.0127862860639599
"ENSG00000182944",241.219374329691,1.71348003315795,0.406153539351514,4.21879872299965,2.45607405500457e-05,0.000299262641834982
"ENSG00000182963",10.9133885909533,2.51193079999146,0.429028085934752,5.85493323710626,4.77201675389856e-09,3.65980391883876e-07
"ENSG00000183049",2.752031989821,-1.90766720380615,0.647171962784348,-2.94769754177658,0.00320150131298795,0.0117153917332131
"ENSG00000183111",21.1453830398863,-2.14761251475185,0.458144021258165,-4.68763623468015,2.7637871417416e-06,6.7116474492161e-05
"ENSG00000183161",6.93564263473533,-1.02223959700323,0.398105083982439,-2.5677632317007,0.0102357042234286,0.0302738164915003
"ENSG00000183186",7.39066701966394,1.20062866333486,0.4315109080349,2.782383112405,0.00539612991423971,0.0180590189072252
"ENSG00000183347",3.29611261377548,-2.59192335096098,1.05961021232733,-2.44611020241875,0.0144406853729303,0.0402488947116714
"ENSG00000183386",36.9098442656311,1.42814967160911,0.263382577764461,5.4223391832936,5.88241284888697e-08,3.1906284692532e-06
"ENSG00000183397",6.93497775280806,2.57189834585451,0.699456884416399,3.67699339752786,0.000235999146425299,0.00152483931246346
"ENSG00000183401",9.45168776137628,1.09269170684877,0.412642094926581,2.6480374161613,0.00809605640946566,0.0250132797705976
"ENSG00000183508",5.5298511373883,2.19171441764852,0.688593813774307,3.1828842690807,0.00145815884203677,0.00622568129113005
"ENSG00000183569",3.73394405819364,2.58848949533192,0.709935984899707,3.6460885916321,0.000266262213900473,0.00167062315258938
"ENSG00000183578",4.1857180744505,-2.25777474304669,0.585653212564437,-3.85513934630432,0.000115663728727709,0.00089287416806704
"ENSG00000183598",12.1879764936647,4.44297246377523,0.783090811101835,5.67363631495537,1.3979776146278e-08,9.60468870316573e-07
"ENSG00000183605",29.1311738266719,-1.12784564489398,0.332872449855485,-3.38822166083024,0.000703473879671181,0.00350334666321296
"ENSG00000183615",9.74128187148874,2.72579743428551,0.682292407895571,3.99505754826266,6.46785403934924e-05,0.000590850112215122
"ENSG00000183648",36.23219818943,-1.27316546561031,0.356287832185353,-3.57341831687357,0.000352351191168255,0.00205258141217567
"ENSG00000183655",18.6974551493468,1.49361898150149,0.325069308583699,4.59477084443642,4.33225093190257e-06,9.27251130409049e-05
"ENSG00000183671",3.00226270235856,-3.36338151866131,1.00391338228854,-3.35027062892027,0.000807326412049785,0.00390954631667809
"ENSG00000183696",147.829226900246,1.02306876097831,0.219436642004652,4.66225126137604,3.12768999813892e-06,7.35191130468611e-05
"ENSG00000183718",8.94408736563504,1.35589801529799,0.408034825438255,3.32299581007987,0.000890562520921038,0.00420036767948141
"ENSG00000183741",20.1131875498522,1.72645684329689,0.406016091149687,4.25218822832417,2.11691812639699e-05,0.00027164095709074
"ENSG00000183742",4.60326714731079,-1.81628895638882,0.584246159673882,-3.10877346186178,0.00187865702557616,0.00763146181451264
"ENSG00000183760",8.97848240041656,1.33017655815208,0.479626051321058,2.77336177734363,0.00554804039067913,0.0184158753382859
"ENSG00000183762",8.92510286330141,-1.26842119568316,0.361428331750395,-3.50946808608004,0.000449003939204311,0.00248027670135339
"ENSG00000183853",30.4291862051012,1.50048425835231,0.320880482593141,4.67614685139587,2.92315314649644e-06,7.01599304695484e-05
"ENSG00000183891",21.4019149422119,1.84189980952697,0.353109947712705,5.2162218069981,1.82609492337323e-07,8.20449024291585e-06
"ENSG00000183963",122.553197674633,1.95365357939209,0.378279279553357,5.16457994130372,2.40979472281004e-07,1.02940687006256e-05
"ENSG00000183978",49.106627337431,-1.42828141101903,0.332700242354927,-4.29299780760402,1.76276747655186e-05,0.000241213883160693
"ENSG00000184014",41.5413577591062,1.64439047053129,0.436740414581594,3.76514381456236,0.000166453249387129,0.00116496079335499
"ENSG00000184060",10.4440327914407,-1.00018459430127,0.322902859365456,-3.09747828268463,0.00195174696443736,0.00784546552948609
"ENSG00000184117",116.620550102363,-1.85902149417273,0.409940009705129,-4.534862297315,5.76410794706534e-06,0.000112655196155514
"ENSG00000184148",16.4857570730511,-1.29223002408866,0.39850547114308,-3.24269079764955,0.00118406637031915,0.00526965462353375
"ENSG00000184178",11.3077931255012,-1.18475281993541,0.374371062330348,-3.16464849756464,0.00155270406202022,0.00656980684594597
"ENSG00000184205",271.201799587509,3.04477831072618,0.564674438021209,5.3920951715045,6.96408643382351e-08,3.68047503869602e-06
"ENSG00000184260",85.3538215363347,6.23493416650055,0.549245013837479,11.3518266154811,7.2629347295569e-30,3.07073155783753e-27
"ENSG00000184270",3.12807375465452,4.30491421173042,1.08853785040574,3.95476759042033,7.6609085728781e-05,0.000663797800621056
"ENSG00000184277",12.1680609211108,1.56502433747856,0.338580776152234,4.62230713528427,3.7949558189748e-06,8.43329198100748e-05
"ENSG00000184292",458.865713852594,-1.17667591974112,0.238695396587596,-4.92961295677652,8.23926859729247e-07,2.66435501422214e-05
"ENSG00000184307",5.97662083085072,1.21702960161286,0.448474002155868,2.71371271414273,0.00665338377222923,0.0213355980202816
"ENSG00000184349",5.86688010552826,-1.09173756947788,0.419407823348175,-2.60304531461151,0.00923997399841192,0.0278381018198089
"ENSG00000184357",11.2376787276725,4.97656133738003,0.870447660801325,5.71724362243521,1.08265844313472e-08,7.62904062771299e-07
"ENSG00000184363",139.986286162458,-1.03411553170317,0.26171669959347,-3.95127836056883,7.77348442646403e-05,0.000669352144660723
"ENSG00000184371",29.6920971878664,2.1909360908717,0.600770913880569,3.64687444124042,0.000265449551351878,0.00166679270839342
"ENSG00000184378",11.971794425428,1.95612053727336,0.630102448302687,3.10444839968894,0.00190634176801721,0.00771189141629925
"ENSG00000184381",10.0065188060394,1.62705945832333,0.472823592170749,3.44115540185601,0.000579235756614583,0.00301674617524253
"ENSG00000184459",28.6120382791583,-1.68265248817948,0.331154822203365,-5.08116559192409,3.75125927533008e-07,1.45540033390395e-05
"ENSG00000184500",69.8275875663698,-1.54522203753609,0.45148503866235,-3.42253210009847,0.000620407718186714,0.00318291937311162
"ENSG00000184508",5.86564180633141,-1.11333415240556,0.421765344045925,-2.63970041190567,0.0082979344603029,0.0254936913202785
"ENSG00000184545",124.820767163278,2.52323571404168,0.746145550630777,3.3816937082967,0.00072040420781801,0.0035666655196948
"ENSG00000184557",26.4716189993089,2.41127656856655,0.520685250916122,4.63096768023295,3.63960688513696e-06,8.20977810246558e-05
"ENSG00000184560",2.85797395401321,3.83924582000941,0.948539169494102,4.04753535065616,5.17597667295119e-05,0.000509936241885836
"ENSG00000184584",1.86234177063367,-2.59215848451242,0.819824076716583,-3.16184722812006,0.00156771788092952,0.00661974395355874
"ENSG00000184619",3.53493174730066,1.6631291687278,0.588845237642119,2.82439096457224,0.0047370562799846,0.016175050942362
"ENSG00000184634",45.567143554065,1.30538531984946,0.376327080284655,3.46875201981762,0.000522881848635705,0.00278634632971166
"ENSG00000184677",66.5719899749057,1.43115846428167,0.349398629622844,4.09606204187613,4.20237353179074e-05,0.000437698338888376
"ENSG00000184678",120.512708681071,1.28544838433243,0.378182849486966,3.39901290097169,0.000676295262360079,0.00340065846757794
"ENSG00000184702",5.26665654547696,-1.35521846654793,0.465499871269535,-2.91131867094163,0.00359906741552045,0.0128539984378303
"ENSG00000184716",8.75158005527431,5.38598351592293,0.833381991748738,6.46280285541229,1.02781161884169e-10,9.79629236016217e-09
"ENSG00000184719",2.86416070585233,-1.84618119216051,0.678846569199569,-2.71958536129504,0.00653638217424929,0.0210217292122482
"ENSG00000184731",77.6207371926549,1.38135743943745,0.311393887141967,4.43604546035188,9.16265062122229e-06,0.000153357297332692
"ENSG00000184786",13.2253466028735,3.62329980845153,0.562032319259933,6.44678194524931,1.14249976930226e-10,1.08268268367959e-08
"ENSG00000184828",1.61152287334696,-2.16392557028298,0.829461098093347,-2.60883310291118,0.0090851540743019,0.027461980848976
"ENSG00000184831",7.60091910190646,-1.35206127708936,0.429222934337443,-3.15002104716615,0.0016325870071139,0.0068453241467739
"ENSG00000184863",41.4759348288234,1.41789452165182,0.310219279049856,4.57062025930359,4.8628276492548e-06,0.000100986354041011
"ENSG00000184992",11.4794200552267,-1.08498131942207,0.335101080502515,-3.23777326469686,0.00120466508463388,0.00534689706070742
"ENSG00000185015",6.04666359345212,1.81065767300079,0.526111339338979,3.44158648105885,0.000578313578054866,0.00301575350681426
"ENSG00000185022",150.207624614588,2.14898433396509,0.531979140756003,4.03960262598105,5.35418368197792e-05,0.000521779756100082
"ENSG00000185130",5.52868949564962,2.86580010999632,0.969156926210289,2.9570031771867,0.00310644916950448,0.0114207893770255
"ENSG00000185133",8.33010689807172,2.49634293571348,0.600161797041991,4.15944991503487,3.1901496210112e-05,0.000360784479429724
"ENSG00000185158",12.1231307284642,1.80465541764341,0.364283595277907,4.95398486518908,7.27088642159328e-07,2.44174432190736e-05
"ENSG00000185201",25.0495159143279,2.49734291797276,0.570488150577769,4.37755440747287,1.20018406686578e-05,0.000185645732444182
"ENSG00000185305",14.9630034621159,-1.60731478691523,0.411519730708786,-3.90580248520976,9.39131993699379e-05,0.000765843098126066
"ENSG00000185338",5.2335623873945,2.11801905968421,0.572477324149064,3.69974315197979,0.000215817778613871,0.00141890723746576
"ENSG00000185359",106.215686768961,1.14090867840845,0.295284155055508,3.86376532189472,0.000111652494767915,0.000867722282119852
"ENSG00000185414",9.48999566427732,-1.3157915324893,0.395225714130256,-3.32921539628276,0.000870910222849214,0.00413012328575228
"ENSG00000185418",8.58922952052082,1.04915184409914,0.379149301094553,2.76712060676463,0.0056553828615012,0.0187101942221696
"ENSG00000185475",110.787525561065,-1.72845622713465,0.353799537802938,-4.88541120734132,1.03213212827277e-06,3.18704619158983e-05
"ENSG00000185479",1564.63457519538,-3.48390466024899,0.2625275902817,-13.2706229334244,3.42719864300327e-40,3.13950435691561e-37
"ENSG00000185513",4.77417389325771,1.2405546507085,0.507340895715182,2.4452092492164,0.0144768122239771,0.040329136131299
"ENSG00000185515",19.5388416404028,-1.52817066417461,0.424571834881445,-3.5993218075837,0.000319048168761778,0.00190144223505298
"ENSG00000185567",75.2938440452443,-2.10425848446266,0.358257969380685,-5.87358457957058,4.26471284321791e-09,3.31702122980283e-07
"ENSG00000185608",31.5103547291955,-1.23027675147194,0.341819231243077,-3.59920285057646,0.000319194135886146,0.00190144223505298
"ENSG00000185614",4.92942546380869,-1.84919571343372,0.610947123853461,-3.02676883356155,0.00247182912114008,0.00949290191271733
"ENSG00000185621",4.84771879242336,1.02243110206752,0.42474945298381,2.40713930267614,0.016078035750168,0.0440676082919748
"ENSG00000185633",34.7254384695241,-4.23230527909349,0.457780239296764,-9.24527735315773,2.34631402647626e-20,5.2997769839133e-18
"ENSG00000185640",11.9572233730269,-2.07147678296294,0.352253535570856,-5.88064156575728,4.08679300152969e-09,3.19370283422858e-07
"ENSG00000185658",25.1399194772247,1.00159218428837,0.22085923461298,4.53497987550078,5.76089781258371e-06,0.000112655196155514
"ENSG00000185668",2.51352499683697,-2.57525636739653,0.96760763980539,-2.66146758402453,0.00778008318806158,0.0242094341739852
"ENSG00000185716",10.6266898478728,1.11871475894949,0.335842157201957,3.33107305011965,0.000865118965556767,0.00411449282465115
"ENSG00000185728",113.192114756741,1.2835629381619,0.330671354872873,3.88168772180271,0.000103734030915465,0.000820701718847535
"ENSG00000185739",1.44882437749626,3.28945639620404,1.20060437597447,2.73983375542351,0.00614702680105252,0.0200233751328635
"ENSG00000185800",24.4378268252068,1.22852901519515,0.286924208083929,4.28171963390344,1.85454552601478e-05,0.000249425784489867
"ENSG00000185864",3.20280771700706,1.64368038787558,0.630388274865671,2.60740951792898,0.00912301783061685,0.0275605619289019
"ENSG00000185869",3.61210766159037,1.47154807404961,0.61011525839321,2.41191816432366,0.0158688429093937,0.0436102251221655
"ENSG00000185880",6.9309747224371,1.04766447527666,0.427323899967857,2.45168705835424,0.0142188260908866,0.0397784566360077
"ENSG00000185885",14.0929877536671,-3.01789865256137,0.846211936811739,-3.56636265842794,0.00036197037240893,0.00209275226881166
"ENSG00000185909",41.8062645344407,-1.38068613415397,0.327546463359622,-4.21523749636116,2.49515469326875e-05,0.000302074931991985
"ENSG00000185947",12.4145303017084,1.27350243893445,0.318406979446247,3.99960591677119,6.34480473383593e-05,0.000581865880179203
"ENSG00000185950",37.0933625199186,1.0940947494342,0.276736258819872,3.95356486388849,7.69953786329414e-05,0.000664551136364753
"ENSG00000185955",2.88568621919926,3.3724322970218,0.853849808278781,3.94967857850793,7.82562080808837e-05,0.000672065945336298
"ENSG00000185963",58.048727686763,-1.06765685548561,0.252063135942008,-4.23567235048305,2.27868843848353e-05,0.000285511350016375
"ENSG00000185966",121.580761968607,1.96973874269476,0.227411849656414,8.66154840071327,4.65398841100575e-18,8.82064539184756e-16
"ENSG00000186056",5.09624296219449,1.9329082450954,0.573965527495058,3.36763821606349,0.000758150131342528,0.0037106374341665
"ENSG00000186073",4.44014842677862,-1.31808101522184,0.460733085390536,-2.86083430302077,0.00422527820835573,0.0146984414298687
"ENSG00000186081",3216.31991191639,-3.28362113219265,0.246852962119178,-13.3019312549604,2.25565794149527e-40,2.18785551748915e-37
"ENSG00000186132",11.2296416525625,-1.45455740207385,0.394751604483287,-3.68474094988873,0.000228935363700845,0.00149189261206484
"ENSG00000186166",34.4704040703652,1.48675132778843,0.36029312302788,4.12650487273769,3.68318203589603e-05,0.000397460658310796
"ENSG00000186212",16.2172398761092,-1.39351207462261,0.43014585146723,-3.23962690763919,0.00119686192274711,0.00531798874809406
"ENSG00000186283",20.5359347316734,-1.54853168383293,0.410869815686212,-3.7689107953736,0.000163961467176039,0.00115100299930137
"ENSG00000186300",13.2924991306674,3.11622669067493,0.63584451691952,4.90092563158699,9.53861619612385e-07,3.01306977888671e-05
"ENSG00000186352",11.9383176307208,1.7259703006734,0.442872985205702,3.89721287667103,9.7306081403707e-05,0.000784586785460012
"ENSG00000186364",27.2091810159402,2.21601870613733,0.564164277420528,3.92796707418168,8.56669356870828e-05,0.000716672806973266
"ENSG00000186395",1169.8837123143,-2.9458525258097,0.590035014360707,-4.99267408562435,5.9548997322603e-07,2.07152619589114e-05
"ENSG00000186462",9.69790530051307,2.24687605904102,0.44605652290404,5.03720031805116,4.72390335472712e-07,1.7347982720734e-05
"ENSG00000186468",148.87916968309,-1.31222567392266,0.297365248297082,-4.41284138424839,1.02022742750057e-05,0.000164604012251046
"ENSG00000186480",270.673290176312,1.65933343583676,0.404525649098201,4.10192391888098,4.0972900740818e-05,0.000430045932727784
"ENSG00000186567",53.7094039935631,1.28354024677828,0.317514596672453,4.04246059938586,5.28932026017746e-05,0.000517687571743693
"ENSG00000186648",2.28339789328026,1.82078724203491,0.715877091607252,2.5434355469414,0.0109768306204239,0.0321486607637956
"ENSG00000186687",5.40705125305266,-1.31097981840265,0.476879973363456,-2.7490771087665,0.00597633252340104,0.0195639759734683
"ENSG00000186832",2977.21331047464,-3.70727644092494,0.139468367126299,-26.5814859477613,1.11134968069972e-155,1.83250448850576e-151
"ENSG00000186844",42.8150334987334,1.88166776062096,0.364848519064861,5.15739454128481,2.50409800418969e-07,1.05331816303785e-05
"ENSG00000186847",4273.68519196713,-3.99009223903328,0.334172741604302,-11.9402085875634,7.30397962971269e-33,3.76360375357289e-30
"ENSG00000186866",48.5338651909343,1.51106426342431,0.404902518280408,3.73192112966275,0.000190025003285102,0.00128625709325453
"ENSG00000186907",4.9106276637987,2.10936680201657,0.680727538356147,3.09869468056246,0.00194375218734674,0.00782674720809779
"ENSG00000187024",3.8524617143415,-1.24844627984602,0.484810291181837,-2.57512330607224,0.0100204356582702,0.0297331228305232
"ENSG00000187189",40.29534397074,1.69495634951877,0.314396916183601,5.39113541600056,7.00138877237251e-08,3.6883673951326e-06
"ENSG00000187223",8.692544379909,1.31126618093278,0.553811034210772,2.36771407561687,0.0178983620623816,0.0481251591084872
"ENSG00000187475",3.67549703937411,2.91724941997322,1.1115671005073,2.62444742979693,0.00867896893590731,0.0264524064296073
"ENSG00000187479",6.30488851032431,2.62153796355431,0.574191834045881,4.5656134554934,4.98035744651419e-06,0.000102775372298187
"ENSG00000187556",2.684601255962,3.45976620904674,1.05689422341895,3.27352173224556,0.00106216222518973,0.00484622342247312
"ENSG00000187583",14.4682229800188,-1.12451498758459,0.318361355083984,-3.53219688767796,0.000412122389269156,0.0023113898219929
"ENSG00000187605",42.7028495142889,1.46458425410666,0.290482163213251,5.04190769548719,4.60913618373925e-07,1.70403691779544e-05
"ENSG00000187607",5.64565204391035,1.17958044304389,0.445385993003058,2.64844530716034,0.00808629323584415,0.0249971670727098
"ENSG00000187630",5.69902254797468,-1.97364666334363,0.637778077940294,-3.09456648261967,0.00197100755620943,0.00791330499009917
"ENSG00000187796",1.61473568643711,2.42696845060312,0.90922020654287,2.66928565064693,0.00760127735150934,0.023771866080729
"ENSG00000187840",83.8355212588808,-1.01098298537742,0.284418092915252,-3.5545663604413,0.000378602955673929,0.00216838629249997
"ENSG00000187912",2.04695219174672,3.64025944531359,1.02165148503415,3.56311276265791,0.00036648315764124,0.00211291635886238
"ENSG00000187922",1.45941476006357,2.57299088175942,1.03873352795352,2.47704614563529,0.0132474772955969,0.0375345116680381
"ENSG00000188010",10.1070580878232,-1.31859646386026,0.479290366854119,-2.75114326314345,0.00593876645650183,0.0194680556861349
"ENSG00000188070",21.5866201471424,1.41011465102455,0.412950042710921,3.41473424186488,0.000638442707730685,0.00324400499955183
"ENSG00000188089",19.256686222762,-3.05666643363916,0.356515619189443,-8.57372375602688,1.00191586701227e-17,1.79571638382231e-15
"ENSG00000188100",125.181904538871,-1.10971591316786,0.446030678684172,-2.48798113269162,0.0128470548375594,0.0366090661799036
"ENSG00000188112",27.8787763150638,-1.09259001136454,0.255433828835593,-4.27738963294393,1.89097657743144e-05,0.000252676764872505
"ENSG00000188158",8.13088239317266,1.48027113161349,0.458941199039839,3.22540476799728,0.00125794678732544,0.0055312758869891
"ENSG00000188186",62.0785655145622,-1.24858895536545,0.295677500049983,-4.22280679170511,2.41278642490679e-05,0.000296677370322805
"ENSG00000188293",565.558864143266,-4.90526622665839,0.409599298144632,-11.9757681443251,4.76008291645162e-33,2.5319034583668e-30
"ENSG00000188295",11.9514740246768,1.05325986131182,0.369043375490022,2.8540272804336,0.00431688241613865,0.0149477266190068
"ENSG00000188352",12.2510443974056,-1.21526157760086,0.385822959188845,-3.14979072307111,0.00163387455886847,0.0068453241467739
"ENSG00000188368",3.37653644766007,2.52324715829748,0.832339119318276,3.03151335763738,0.00243331153834656,0.00937888591767096
"ENSG00000188372",2.0957280923128,-2.70160171507842,0.806178185881753,-3.35112232306752,0.000804847417636026,0.0038986865656288
"ENSG00000188373",50.004079037531,-4.48482106377636,0.943910173989662,-4.75132188142458,2.02091132219834e-06,5.23943503014598e-05
"ENSG00000188393",2.67157200976062,-4.53228981130077,1.54784050940319,-2.92813748171528,0.00340999226788418,0.0123143588491332
"ENSG00000188505",58.9396109502796,-1.06876378982323,0.286867507104954,-3.72563557514447,0.000194823704180121,0.0013101337920987
"ENSG00000188508",1925.03816709869,-1.86145121631708,0.233416944938202,-7.97479041982108,1.52639614381526e-15,2.26745459597926e-13
"ENSG00000188525",2.61241881654057,3.5156353893989,0.967112499772613,3.63518762318292,0.000277778397537948,0.00172282773778578
"ENSG00000188529",43.9554958723538,1.33269399500522,0.295684537951673,4.50714807151342,6.57047830645478e-06,0.000122142747232393
"ENSG00000188542",4.77110203297832,1.39664981098719,0.486062580018123,2.87339504912128,0.00406085976367414,0.0142074085812058
"ENSG00000188549",15.1553785858806,-1.31232667768082,0.290536592846447,-4.51690668230008,6.2749541608502e-06,0.000118996045118412
"ENSG00000188573",4.106452350858,1.64501797617103,0.608678295969418,2.702606593769,0.00687981210094481,0.021929484193404
"ENSG00000188624",198.976757554028,-2.56893073799591,0.669355787851484,-3.83791517847591,0.000124083325734992,0.000945039241590891
"ENSG00000188643",1240.02151980028,-1.61233092663595,0.309861864896204,-5.20338611908904,1.95689689239257e-07,8.67399808028525e-06
"ENSG00000188766",14.9769955564776,2.27636732151389,0.47588264894042,4.78346358410493,1.72300118913868e-06,4.68821231150291e-05
"ENSG00000188846",94.7902875056536,-1.1710402073234,0.282649319216623,-4.14308518615576,3.42664589241314e-05,0.000377434630060122
"ENSG00000188848",4.06737353065747,4.27900741521006,0.836282606866351,5.11670023993923,3.10927171573901e-07,1.25351543571688e-05
"ENSG00000188883",6.33702765847309,-2.51775562344852,0.714295528042437,-3.52480944455659,0.000423787522771844,0.00236155203210035
"ENSG00000188993",3.90298194634155,1.58139133123971,0.625591534630715,2.52783364815382,0.011476871678305,0.033352509182864
"ENSG00000188994",21.74666506173,1.33906897961659,0.265707281374369,5.03963975955142,4.66408926658444e-07,1.72049592654834e-05
"ENSG00000189001",964.098034288881,-1.23709745686541,0.233181597743119,-5.30529625338721,1.12490151672033e-07,5.52038723488138e-06
"ENSG00000189030",1.38298328572227,4.03020431914002,1.61743231822782,2.49172980762237,0.0127122700600926,0.0363091323438189
"ENSG00000189042",15.0194870634531,1.30860636831851,0.310987985209291,4.20790008153477,2.57754785153786e-05,0.000309324501630333
"ENSG00000189046",8.51129084564377,-1.1133594790224,0.38051790458665,-2.92590562914988,0.00343455105926963,0.0123786475226878
"ENSG00000189051",9.44844567906578,-1.27991622118591,0.458043424514349,-2.79431196407408,0.00520102780217007,0.0175091358574892
"ENSG00000189120",20.5511879840153,-1.19924685632593,0.385071478611043,-3.11434869352471,0.00184351481913988,0.00753106891313727
"ENSG00000189134",6.04336704100113,1.13159154680628,0.456254093122825,2.48017840028813,0.0131316662772126,0.0372745817257633
"ENSG00000189182",2.24013159856384,-3.16660190150337,1.19837140563331,-2.64242111136648,0.0082315638861526,0.0253299253020636
"ENSG00000189266",227.538160663601,1.39687008825761,0.354770398929618,3.93739188069841,8.23720260803418e-05,0.000696886781959341
"ENSG00000189280",56.1931221712156,-2.0370962325702,0.491875850932458,-4.1414845406792,3.45065134181994e-05,0.000379065889242299
"ENSG00000189298",7.56167662268768,1.25901605796057,0.393645599987169,3.19834911911021,0.00138216839256673,0.00596455760927317
"ENSG00000189334",1747.40847873769,-1.34816645629191,0.255381459730205,-5.27903026991921,1.29869351899136e-07,6.18906284238399e-06
"ENSG00000189337",2.90517672842737,-1.51037188921319,0.592938765675118,-2.54726453497012,0.0108571095763694,0.0318602740353721
"ENSG00000189410",125.988339752935,2.13578811802035,0.449176932294749,4.75489270365925,1.98551839170403e-06,5.18025518367213e-05
"ENSG00000189420",2.9894365082447,2.25871478249974,0.777956891628972,2.90339324299859,0.00369142800976722,0.0131207190121689
"ENSG00000189433",11.5836866320336,-1.69461504081138,0.345104796136619,-4.91043607559866,9.08740772727705e-07,2.88935804101269e-05
"ENSG00000196139",31.4214156549195,-1.73540208054401,0.435700156538037,-3.98301918074364,6.80452614064095e-05,0.000612778981611298
"ENSG00000196154",99.5527218980627,-1.96318988848006,0.460335999996873,-4.26468902821722,2.00180808725392e-05,0.000262209086911577
"ENSG00000196182",103.402265893417,1.23817177238103,0.319521553619482,3.87508059583225,0.000106589415057235,0.000836929935656548
"ENSG00000196230",421.661430589952,-1.62664112636354,0.325232502731464,-5.00147160170711,5.68943486251074e-07,1.99602322229659e-05
"ENSG00000196233",14.5611008027177,1.02631900062005,0.278865525369533,3.68033660403181,0.000232926276215891,0.00150942847653222
"ENSG00000196262",203.436192844874,-1.19722713261099,0.279055486508887,-4.29028344000276,1.78445221760982e-05,0.000243190540424029
"ENSG00000196337",6.45631767140645,1.62557157654343,0.475556105584141,3.4182540344986,0.000630242533395903,0.00321735886475698
"ENSG00000196338",12.724146914921,3.74369585959632,0.563073988313472,6.64867484077802,2.95743527477398e-11,3.06699058149359e-09
"ENSG00000196363",68.8455835194696,1.2106314501248,0.273085768083355,4.43315467745385,9.28641928189768e-06,0.000154983570383817
"ENSG00000196372",5.93885113986835,-1.8139211233177,0.523163122667992,-3.46721900822671,0.000525873236367786,0.00279910426095647
"ENSG00000196378",10.7924544932588,1.72242055115888,0.357635149362316,4.81613888967585,1.46362667667329e-06,4.15697870266858e-05
"ENSG00000196387",22.3069467506243,1.36426890044711,0.284910611389005,4.78841027996811,1.68107690504102e-06,4.61987951453689e-05
"ENSG00000196407",7.68305578660984,-3.78242600244091,0.856844093439519,-4.41436899828253,1.01305038363506e-05,0.000164249633979926
"ENSG00000196428",25.4100952738549,1.09970736404116,0.248507547483662,4.4252473422903,9.63318443069905e-06,0.000158592135681516
"ENSG00000196470",19.7895344815108,1.12679275579364,0.310004265693603,3.63476532580143,0.000278233784167473,0.00172408751113771
"ENSG00000196542",17.1689186208415,-1.92693855395693,0.530663661427086,-3.63118618066841,0.000282121563029251,0.00174163326573917
"ENSG00000196562",85.2567210703888,-1.13827156542312,0.321635578593879,-3.53901011324493,0.000401630465740955,0.00226786696492062
"ENSG00000196581",4.15908470377747,2.47725621126228,0.570768830103789,4.34020934677146,1.42347037703846e-05,0.000208451181589584
"ENSG00000196611",87.3993832841759,1.39121479924754,0.468100485974351,2.97204305684864,0.00295825194406022,0.0109812283443514
"ENSG00000196636",7.39450041299751,-2.21139261386285,0.536442665431533,-4.12232798836747,3.75062659456882e-05,0.000403418668740021
"ENSG00000196639",14.7762929610788,1.02478649951109,0.310774580294797,3.29752355723234,0.000975414919521755,0.00451786983370624
"ENSG00000196683",152.651191087709,-1.61256088753443,0.410624279967551,-3.92709580559108,8.59777398699056e-05,0.000718179813938639
"ENSG00000196689",13.7371236991358,1.27569545013995,0.344748396397163,3.70036659625329,0.000215288232378405,0.00141655533267659
"ENSG00000196705",21.9704837095473,1.07423054959896,0.298629026737847,3.5972074159488,0.000321651987653209,0.0019140092473525
"ENSG00000196712",24.6615742730564,1.52692425208534,0.326917066001994,4.67067770660842,3.00207642897506e-06,7.11224687318531e-05
"ENSG00000196734",25.112247050055,1.48406567130177,0.341856054833898,4.3412004857508,1.41706348209988e-05,0.000207882204237945
"ENSG00000196743",103.724339518728,-2.00962981105162,0.442278504759869,-4.54381071976974,5.52462698997151e-06,0.000109925846825302
"ENSG00000196754",924.558751952056,-1.19978271897166,0.393161078855621,-3.05163146480289,0.00227601355885378,0.00890316107837006
"ENSG00000196756",16.6188969942926,2.25971641150398,0.459608147870527,4.9166152122711,8.8053384926227e-07,2.81378345745844e-05
"ENSG00000196776",11.7683255042445,-1.03444831553125,0.317264808138138,-3.26052019952005,0.00111208045758187,0.00502661586213471
"ENSG00000196787",55.0563806919438,1.85952532557825,0.723592488871473,2.56985161423994,0.0101742084149732,0.0301081339832185
"ENSG00000196850",51.0889381107111,1.24345172640276,0.316542345715772,3.92823185659737,8.55726914500074e-05,0.000716466098730034
"ENSG00000196866",139.359056634744,2.20862483019659,0.726171839080245,3.0414630688433,0.00235431444765989,0.00914279108042013
"ENSG00000196878",861.932612258663,1.06285482793761,0.345655041493546,3.0749004074846,0.00210572856112938,0.00836054857800682
"ENSG00000196890",18.655131368591,4.2140577118611,0.522562791544224,8.06421310520052,7.37090851549536e-16,1.14659349539625e-13
"ENSG00000196975",38.2051953954965,-1.39755622454462,0.358574400364541,-3.89753485782535,9.71768382588716e-05,0.000784311740602317
"ENSG00000196976",32.2480352146636,-1.48949738855269,0.498921121550323,-2.98543662357749,0.00283173809892819,0.0105894044173432
"ENSG00000197019",116.838872100789,1.12006506115959,0.246602387540548,4.5419879034035,5.57262394660639e-06,0.000110574002714311
"ENSG00000197020",4.33037051541695,1.23321881680055,0.519678147661755,2.37304343534417,0.0176421891194511,0.0476193379469653
"ENSG00000197044",17.5557599892791,2.10795014285571,0.384933438003021,5.4761419371397,4.3469905635224e-08,2.48019125958204e-06
"ENSG00000197056",5.48634830078182,-1.06038119437077,0.429253249340386,-2.47029276074256,0.0135002516515793,0.0381239338042285
"ENSG00000197061",584.953486845954,9.97149571211645,0.606832992548285,16.4320263310717,1.12824963130148e-60,2.65767259579001e-57
"ENSG00000197063",321.595856562409,2.01016843210497,0.532793807487287,3.77288249948913,0.000161372297843568,0.00113760915739316
"ENSG00000197084",35.262638994201,1.16559727495378,0.331257795509581,3.51870141851519,0.000433664481495561,0.00240926335423865
"ENSG00000197110",1.44778532905834,3.61632487895126,1.50896806863734,2.39655493983843,0.0165500122035945,0.0451585555560269
"ENSG00000197111",180.338627239079,1.01782924136614,0.319683549309296,3.18386493006991,0.00145322805352974,0.00621153938893365
"ENSG00000197124",9.83058014109801,1.29041229283888,0.437763715037004,2.94773698347704,0.00320109290402174,0.0117153917332131
"ENSG00000197153",10.1331322130187,4.70449420174279,0.841340257377568,5.59166658256264,2.24900377502634e-08,1.46576376468021e-06
"ENSG00000197191",20.8556240312986,-1.15281730499071,0.432418751519715,-2.66597436151692,0.00767655470768294,0.0239460292423352
"ENSG00000197238",5.37427783725012,2.78756483969577,1.13814904667904,2.449208957148,0.0143170362940511,0.0399785963509922
"ENSG00000197256",14.064984844379,1.69440376424607,0.381077615611057,4.44634818429075,8.73423417434785e-06,0.000148167476646936
"ENSG00000197261",63.7202873177244,2.46117201726362,0.174975496388869,14.0658096022421,6.16136821983663e-45,7.81498465976048e-42
"ENSG00000197279",221.5589742116,2.07642821676025,0.484631851669115,4.28454755833495,1.83111437874776e-05,0.000247485614681736
"ENSG00000197332",2.14281185017855,2.11125693013838,0.718293734857215,2.93926680365389,0.00328989736431907,0.0119539703923
"ENSG00000197405",3.60737686152075,2.08302577823871,0.715201289559245,2.91250282773176,0.00358544954132298,0.0128271810559502
"ENSG00000197406",7.25054128156339,2.40263611226282,0.741421894967653,3.24057885067941,0.0011928727619848,0.00530312185828187
"ENSG00000197409",56.789065672914,1.91991181995953,0.687099576521902,2.79422646376545,0.00520240322117439,0.0175101912051326
"ENSG00000197442",4.36236448425606,-1.55950446909647,0.584607671352709,-2.66760862971225,0.00763931888463209,0.0238479229626464
"ENSG00000197448",81.9907050821492,-1.70393684998308,0.361341449121895,-4.715586474023,2.41015501981112e-06,6.0396726628671e-05
"ENSG00000197461",22.6886019121229,1.4816644568902,0.437477914069861,3.3868325902587,0.000707045179493076,0.00351582266726819
"ENSG00000197483",7.04257426747232,1.15404276918836,0.408354762322825,2.82607887960917,0.00471216586885758,0.0160933933329728
"ENSG00000197506",15.5025763457249,-1.53377320722204,0.378891129351018,-4.04805784144158,5.16443853704286e-05,0.000509613566949729
"ENSG00000197540",6.06505492639354,3.25947458589129,0.901333942435677,3.6162785316652,0.000298868788502894,0.00181311532510089
"ENSG00000197599",5.24575496934711,1.74531140535112,0.625906964581549,2.78845180532215,0.00529606267679506,0.0177782527438261
"ENSG00000197614",16.2963333724552,-1.72303963419811,0.408364987757336,-4.21936181076817,2.44994834042034e-05,0.000299017010993271
"ENSG00000197641",17.0524055938657,-2.53214727105736,0.529406043956371,-4.78299652972235,1.72701108366509e-06,4.69138150882267e-05
"ENSG00000197647",14.6629299811336,1.5960446776076,0.372534023544331,4.28429237797571,1.83321707875139e-05,0.000247566882977328
"ENSG00000197714",9.56153540278999,1.24936471670441,0.387903890648724,3.2208099656206,0.00127828878058063,0.00560130313659155
"ENSG00000197724",22.2978211865008,1.06030336400825,0.237267287631514,4.46881394646759,7.86545065044137e-06,0.000137756504722702
"ENSG00000197747",1731.22052654878,-1.4724726596361,0.298157908507472,-4.93856650325679,7.86989401682668e-07,2.5953336488691e-05
"ENSG00000197763",6.80774927529986,-1.26132633447516,0.435265724960344,-2.89783059438019,0.00375753490774936,0.013318571172373
"ENSG00000197779",7.19496936386637,1.12960162705317,0.390578819099863,2.89212208090667,0.00382649228568627,0.0135368013942675
"ENSG00000197808",8.29248336437655,1.29049180665287,0.407105804717493,3.16991748017052,0.00152482235258674,0.00646344364313697
"ENSG00000197818",23.4445281370602,1.61007994179419,0.420006723386121,3.83346230463555,0.00012635217072873,0.000958318146157723
"ENSG00000197837",49.6533428672964,3.69869765084227,0.752233588460798,4.9169536000253,8.79013755485268e-07,2.81378345745844e-05
"ENSG00000197857",21.5797695148735,1.84099496802971,0.355834598686308,5.17373795248244,2.29456576315279e-07,9.95660391279641e-06
"ENSG00000197894",64.0864868971039,-1.21964146468998,0.290683956150631,-4.19576464019904,2.71952539824568e-05,0.000321219586616569
"ENSG00000197903",331.31844442786,1.4885505361923,0.430422735284527,3.45834551515571,0.000543503871383169,0.00286870529296961
"ENSG00000197921",7.97580290260228,-1.47989888596595,0.506700877629405,-2.92065585694196,0.00349295434358539,0.0125644249937564
"ENSG00000197948",32.2871883912434,1.21574922010948,0.290583557491653,4.18381972677311,2.8665145503157e-05,0.000334012335589981
"ENSG00000197953",2.14220953490636,-2.07904611561744,0.880773770622464,-2.36047687267994,0.0182514563174228,0.0489187684034434
"ENSG00000197956",2738.4614649823,-1.4991850464015,0.314334955161758,-4.76938699238847,1.84787369827858e-06,4.93035427361093e-05
"ENSG00000197958",506.134932361054,-1.32188027216643,0.338741407063369,-3.90232857454932,9.52717089579273e-05,0.000774032367969188
"ENSG00000197961",64.3734120956892,1.92639357235171,0.377244152698003,5.10649020952182,3.28197606727952e-07,1.31032695819303e-05
"ENSG00000197976",129.572168958972,1.61567563717587,0.339434503173182,4.75990396401024,1.93685097044985e-06,5.10171496034305e-05
"ENSG00000198026",82.48484643361,1.71156607313959,0.473493007176089,3.61476525988707,0.000300619880928003,0.00182105849251354
"ENSG00000198034",428.00297457087,-1.27076664329768,0.293769992508748,-4.32571969807245,1.52034652443451e-05,0.000217235648539001
"ENSG00000198060",80.2779324622891,1.30576752049941,0.327668641654342,3.98502436457396,6.74732020837666e-05,0.000608291760065187
"ENSG00000198074",13.2700567275511,-2.4746022941287,0.618431744412094,-4.00141538090215,6.29647126898979e-05,0.000578427635759
"ENSG00000198146",45.8642982695172,-1.51428649084718,0.311865551715757,-4.85557472608369,1.20038075463342e-06,3.58570258390407e-05
"ENSG00000198160",27.1985504061867,1.10466353759028,0.224329238654764,4.92429584397743,8.46646669931291e-07,2.72663221494083e-05
"ENSG00000198198",48.7039517813219,2.25566307495396,0.546140713101833,4.13018663659556,3.62468852722668e-05,0.000393466024525614
"ENSG00000198205",2.54971941940466,2.13625106546286,0.744256374589383,2.87031611471445,0.00410061625424954,0.0143161256439383
"ENSG00000198221",2.2433748967008,2.23962021565492,0.768499521411073,2.91427665633762,0.00356513808092796,0.0127850286682082
"ENSG00000198265",35.5204623476969,1.33320216285196,0.355059552454374,3.75486915824714,0.000173432053950248,0.00119703689308733
"ENSG00000198315",25.4214119870574,1.09219601377706,0.278649497052829,3.9196051861884,8.86941453974222e-05,0.000733201879461988
"ENSG00000198342",5.24040209642286,3.49677948880153,0.659349246670714,5.30337981950839,1.13678053355769e-07,5.5621288480216e-06
"ENSG00000198355",202.953856156467,1.58077945039599,0.305671432945661,5.1714988056375,2.32223757166644e-07,1.00502297425743e-05
"ENSG00000198408",276.953131959288,1.41165021697255,0.31784967023395,4.44125116107094,8.94373306003181e-06,0.000150329474441248
"ENSG00000198435",544.121659551598,3.12284005515124,0.574522034570454,5.4355444478053,5.46293646804633e-08,3.00261198072053e-06
"ENSG00000198455",14.7154203647637,1.30232247011187,0.354398494320527,3.67474041504819,0.000238091360144454,0.00153344940777345
"ENSG00000198483",11.816802267722,-3.64209398356622,0.558659991317673,-6.51933920482807,7.06177950500835e-11,7.02783022568523e-09
"ENSG00000198517",69.5631829321399,1.54602230728922,0.319957272558053,4.83196488996423,1.35192100590292e-06,3.89717228432399e-05
"ENSG00000198551",18.2926205399202,1.10791130991083,0.27735564493234,3.99455114815167,6.48169282484254e-05,0.000591786450657966
"ENSG00000198563",255.792949260828,1.3703788782692,0.301777421004545,4.54102521556298,5.59813349873666e-06,0.000110946662572919
"ENSG00000198576",688.726900521961,7.02859370420903,0.646170838709788,10.8772994433532,1.47879292472969e-27,5.18804607146126e-25
"ENSG00000198589",20.9884787072935,-1.1097560146316,0.303966588547439,-3.65091446377307,0.000261308261873191,0.00164785349955878
"ENSG00000198590",2.57070072408221,2.61846669837829,0.788033897801245,3.322784344283,0.0008912378688315,0.00420235093484776
"ENSG00000198625",34.7177067316078,2.03891208719424,0.463455391305118,4.39937073868651,1.08565219744054e-05,0.000172086155820629
"ENSG00000198695",280.355463840068,1.50393859240773,0.336655667232741,4.46729028734279,7.92166044043102e-06,0.000138515651115872
"ENSG00000198719",51.9907858223686,4.5670827168075,0.686027537785963,6.65728774029536,2.78926796367207e-11,2.92944200337508e-09
"ENSG00000198720",6.56741355965512,1.08147139690534,0.439726508392627,2.45941824353175,0.0139162389773833,0.0390578492762678
"ENSG00000198729",62.7165651833637,-1.76808739418411,0.316667959898964,-5.58341107432603,2.35846394851207e-08,1.52504753125551e-06
"ENSG00000198743",53.1801548323536,1.3603140468456,0.327460151041371,4.15413613693027,3.26518743881436e-05,0.000366585436639703
"ENSG00000198768",7.36566113034775,3.42870896556689,0.60372782407989,5.67922966080354,1.35302710909102e-08,9.33475481246935e-07
"ENSG00000198774",8.20677763509879,2.3200713498688,0.42437519026487,5.46702871207138,4.57641947068716e-08,2.59314710144882e-06
"ENSG00000198783",39.8394466446804,1.37824617872992,0.224571754297608,6.13721962960416,8.39782486281422e-10,7.32654678110813e-08
"ENSG00000198830",110.079419021364,1.36014001393834,0.303287676862292,4.48465307924765,7.30326597475141e-06,0.000131323394392231
"ENSG00000198855",16.9709205803588,1.88509089003875,0.426784564153992,4.41696126891452,1.00098157664653e-05,0.000162933713892642
"ENSG00000198860",5.36389401126799,-1.26515332288691,0.441190675475269,-2.86758853532893,0.00413613060957446,0.0144309474441966
"ENSG00000198890",6.44070571205875,-1.27082994882702,0.469883391115721,-2.70456452144324,0.0068393985921449,0.0218344324077207
"ENSG00000198910",27.9416813017856,2.28132710514432,0.42172458098401,5.40951893252534,6.3194270282299e-08,3.37220169153666e-06
"ENSG00000198919",14.6297986128004,1.31017699062701,0.405763793713833,3.22891546984851,0.00124260617795189,0.00547111702756975
"ENSG00000198920",54.7338937210002,1.64061611758334,0.451177135624585,3.63630154997141,0.000276580537541449,0.00172095716359281
"ENSG00000198931",107.073483091288,-1.73230431559305,0.389785495155022,-4.44425033031076,8.81988636575073e-06,0.000148876556070727
"ENSG00000198932",6.96161790648264,1.75227164851703,0.462571779273695,3.7881075479104,0.000151799141338093,0.00109016378115149
"ENSG00000198937",56.2695114854598,-1.47867894816123,0.411290304971976,-3.59521955729538,0.000324118112858787,0.00192659825628282
"ENSG00000198948",5.75352722367633,-1.06271460109513,0.403693235367565,-2.63248057681106,0.00847638695190128,0.0259529674025508
"ENSG00000203446",2.45454140472176,2.43201916522956,0.851441786995482,2.85635401312817,0.004285370248945,0.0148635822538608
"ENSG00000203499",7.79807229343119,-1.64749603111036,0.408806089534255,-4.03001832234769,5.57725053918245e-05,0.000536351994378077
"ENSG00000203722",30.3798439071112,-2.23662090346038,0.425101506763425,-5.26138079464653,1.42977572697347e-07,6.69760567104134e-06
"ENSG00000203760",15.5747077067237,-1.25063929358762,0.494187728876671,-2.53069677879381,0.0113836211088464,0.0331282259907816
"ENSG00000203783",82.4152494849709,-1.18504789841085,0.295956092444822,-4.00413415591972,6.22450358150418e-05,0.000575635667725308
"ENSG00000203786",30.5691721002975,1.72951056787521,0.288455180393876,5.99576878984674,2.02525003072985e-09,1.64504176141402e-07
"ENSG00000203804",10.5821524239186,3.98073165191992,0.68101088142412,5.84532752780026,5.05572519861005e-09,3.85943762962413e-07
"ENSG00000203814",7.32308622433686,3.27452723198378,0.580937730537542,5.63662344491527,1.73416737499572e-08,1.15301152606066e-06
"ENSG00000203837",44.8229899450524,-2.20199382220302,0.235308431922967,-9.35790444995144,8.13337514533451e-21,1.94364090973073e-18
"ENSG00000203879",184.120498078368,1.27648947397411,0.320264400976906,3.98573637931789,6.72711683857929e-05,0.000607134261364717
"ENSG00000203907",1.34922924895138,2.72878060318355,0.996014414037757,2.73969991269635,0.00614953035908356,0.0200275737884513
"ENSG00000203965",5.22645419711865,1.97405173506263,0.49479845396505,3.98960772662815,6.61826563928328e-05,0.000600928315672588
"ENSG00000204116",4.97765036701038,1.35559819019029,0.496563444639716,2.72995969563134,0.00633420690846415,0.0204914447824508
"ENSG00000204172",5.72657794576426,1.21175978468409,0.470507565086746,2.57543103363425,0.010011523670852,0.0297120255235201
"ENSG00000204241",1.75650343213856,3.36092975115578,1.05109057805667,3.19756434062009,0.00138593489472333,0.00597768257365758
"ENSG00000204248",3.47685920100855,2.03153221622278,0.635104452260256,3.19873716676496,0.0013803094687256,0.00595965510076365
"ENSG00000204256",248.333292032017,1.02274456322858,0.248547733642118,4.11488187094563,3.87377749684497e-05,0.000412360988673187
"ENSG00000204262",49.1768351639723,-1.36493739347526,0.469265974397831,-2.90866474013328,0.00362975880430791,0.0129463752810368
"ENSG00000204272",37.3695147581346,-1.62422596801765,0.361764918406423,-4.4897276805401,7.13142852976172e-06,0.000129219917612353
"ENSG00000204282",11.878736783403,1.11107663363049,0.390537766717458,2.84499151764321,0.00444126057406257,0.0152980876552575
"ENSG00000204304",85.4382713918672,1.20208757419348,0.264489923247339,4.54492768357509,5.49541180456012e-06,0.000109834963933808
"ENSG00000204305",37.0790225109538,2.51865234906152,0.49077715595868,5.131967367433,2.86729219072139e-07,1.17826919242842e-05
"ENSG00000204348",27.0388659608565,1.04944924359391,0.260690623256901,4.0256501384007,5.6818113968433e-05,0.000543745723288155
"ENSG00000204385",145.356012447938,1.33592942106328,0.436428433669773,3.06105037618635,0.00220561981695985,0.00869744896531706
"ENSG00000204388",1217.60771437783,2.64555512666569,0.514670965170007,5.14028438692244,2.74322951469553e-07,1.1365103383873e-05
"ENSG00000204389",2660.18105031851,3.37068907662811,0.463293308830417,7.27549699592556,3.45147375231831e-13,4.18465813985123e-11
"ENSG00000204390",21.7825983360492,4.14172738617471,0.622813448688741,6.65002882467395,2.93035625217584e-11,3.05814204064098e-09
"ENSG00000204460",2.56856867227622,3.22372908341834,0.90138452698974,3.57641937141332,0.000348332687080109,0.00203675804158295
"ENSG00000204469",211.696415368627,1.06811476471302,0.30732736591773,3.47549513374266,0.000509911243801783,0.00273339613102978
"ENSG00000204516",33.2818088725552,1.45157613192009,0.38934034125608,3.72829624394188,0.000192778683704746,0.00130115747671206
"ENSG00000204569",159.51610623581,1.36009272004116,0.374057465732133,3.6360528652438,0.00027684753991693,0.00172196872338373
"ENSG00000204590",39.7092913032324,1.05849676516099,0.253784815538388,4.17084356648942,3.03474142736222e-05,0.000347740454452923
"ENSG00000204632",44.2706065736107,2.56083114299121,0.396031119351645,6.46623716637125,1.00473346500522e-10,9.69340043749505e-09
"ENSG00000204642",27.5146942569927,3.49363495272547,0.3784270398016,9.23199080741455,2.65647857856286e-20,5.91928044350311e-18
"ENSG00000204673",139.099793775855,1.84485107559016,0.486565000482776,3.79158195464054,0.000149690734166328,0.00107925252106191
"ENSG00000204681",23.2499245867154,1.18143578159535,0.297358715490957,3.97309955971771,7.09433784996144e-05,0.000631974807174577
"ENSG00000204842",19.1974999007939,1.1254112753002,0.275334029162667,4.0874398225412,4.3615976160409e-05,0.000446975656251699
"ENSG00000204866",20.5029142903518,-1.5679092254103,0.449797469350879,-3.48581157575878,0.000490646469510221,0.00265747403371835
"ENSG00000204920",18.4619464195591,1.28761992380288,0.308039948298863,4.18004200725816,2.91455251135396e-05,0.000336844951040617
"ENSG00000204922",20.0245225784109,-1.15817170026916,0.346615501194311,-3.34137306692435,0.000833651251016253,0.00399711412561995
"ENSG00000204946",12.6373984946377,1.06671166396046,0.325676111511543,3.27537582971496,0.00105521490537168,0.00482112457042771
"ENSG00000205076",104.359530947149,-2.45610506798228,0.462470829241078,-5.31083240863598,1.09125647176936e-07,5.38734370149847e-06
"ENSG00000205085",5.93267404823044,2.67711255208187,0.613977796640545,4.36027583852383,1.29898592053691e-05,0.000195965039741383
"ENSG00000205138",21.5027176239663,-1.0033465592934,0.392624883099375,-2.55548387909853,0.0106040272898645,0.0312343347593027
"ENSG00000205177",14.0864055757821,1.67938165700169,0.363797313808264,4.61625634181232,3.90724278107919e-06,8.6016723921515e-05
"ENSG00000205189",15.0329621821899,1.7244718382246,0.464913098830378,3.7092347850878,0.000207886588417734,0.00138080540793758
"ENSG00000205213",69.4609005038504,-1.00723333327916,0.310596447149417,-3.24290036967042,0.0011831957814878,0.00526754108522335
"ENSG00000205307",16.8300697949926,1.3858030791427,0.45794455132117,3.0261372804735,0.00247699813400277,0.00950852304041855
"ENSG00000205413",13.0412065924975,-1.81879178639326,0.321212377683616,-5.66227179509475,1.49381966300905e-08,1.01364577873894e-06
"ENSG00000205420",4797.00633336141,-2.46478087465063,0.564216367490664,-4.36850296564892,1.25101118810461e-05,0.000190470207577626
"ENSG00000205488",3.08209997913662,-1.81731643847703,0.603982537868499,-3.00888903988927,0.00262204859714926,0.00994821889516663
"ENSG00000205542",1010.62635802055,-1.21744058953777,0.249136255030326,-4.88664562044403,1.02568471205911e-06,3.17307977807555e-05
"ENSG00000205544",223.982692443627,-1.18172712915616,0.350543102401617,-3.37113216908276,0.000748599333737622,0.00368027859689912
"ENSG00000205560",39.8051378407366,1.20247372456584,0.274102072476252,4.38695597484043,1.14948044772377e-05,0.000179316774858253
"ENSG00000205629",30.0842694450097,-1.06574976341552,0.294543938020822,-3.61830486336534,0.000296538962715287,0.00180628292900917
"ENSG00000205707",9.05538223692363,-1.04502470578174,0.330953376007616,-3.15761911356871,0.00159063238152356,0.00670276957294711
"ENSG00000205853",7.07357472049014,5.13823022914124,0.807881691299356,6.36012708850621,2.01586889499239e-10,1.85696436924746e-08
"ENSG00000205890",27.8870745931239,6.14622446625274,0.712585818296998,8.62524107053033,6.39577850279452e-18,1.18494372733235e-15
"ENSG00000205903",26.1467188179707,1.20478958798323,0.278023347355436,4.33341156216993,1.4681627431171e-05,0.00021275050390988
"ENSG00000205978",15.094036092842,-1.62483850432436,0.429834913131218,-3.78014548071003,0.000156736749496238,0.00111349946680029
"ENSG00000205981",12.0186191184594,-1.1165998442587,0.346307515990153,-3.22430150285981,0.00126280368366371,0.0055467154874616
"ENSG00000206073",15.0251018913087,-2.41855515228867,0.363018911245246,-6.66233928142315,2.69502971500584e-11,2.84861185709816e-09
"ENSG00000206075",428.801313540502,-1.74463089874571,0.372173310014404,-4.68768407567482,2.76314132018137e-06,6.7116474492161e-05
"ENSG00000206344",5.71006188703824,2.90227910584234,0.840035265850973,3.45494912395406,0.000550396670768599,0.00289859172925692
"ENSG00000206573",17.0997823000524,1.32674406144282,0.2831111784018,4.68630051604627,2.78187704474978e-06,6.74564273395281e-05
"ENSG00000211445",204.286995402263,-2.04209672755443,0.462883294050881,-4.41168811620571,1.02567785862609e-05,0.000165160177840679
"ENSG00000211448",12.5905804927856,1.64328598380614,0.498533884265998,3.29623729834449,0.000979892094432193,0.00453478550241157
"ENSG00000213020",13.3630860090835,1.09618315862273,0.348913302140079,3.14170641216379,0.00167966367316661,0.00698295012890142
"ENSG00000213047",14.4964646076782,2.17382318223738,0.393690522094298,5.52165485385168,3.35821660974132e-08,1.98471805297579e-06
"ENSG00000213079",47.9202463946336,1.20668897704785,0.265352190244728,4.54749959265438,5.42870253881797e-06,0.000109273546603139
"ENSG00000213096",10.711317387045,1.18759166901017,0.347808112880436,3.41450249442118,0.000638986084434083,0.00324491578264047
"ENSG00000213123",13.1135934512389,-1.34392788950131,0.440411879189914,-3.05152506779179,0.00227682035937969,0.00890316107837006
"ENSG00000213190",24.1552345129842,-1.10654579056953,0.318623057899273,-3.47289928690392,0.000514868521329447,0.00275455826593967
"ENSG00000213199",17.0181605854613,1.46524309993404,0.509108318587797,2.87805766756756,0.00400131986485615,0.0140408093746783
"ENSG00000213341",39.5348547107831,1.13417842353897,0.234659039720692,4.83330377934277,1.34285633973441e-06,3.87782104831536e-05
"ENSG00000213398",45.1653150411663,1.30790392665072,0.405591109627802,3.224685885869,0.00126110955526762,0.00554075018833142
"ENSG00000213626",16.9974844686584,1.71118213025771,0.536274382068888,3.19087054588765,0.00141844820356639,0.00609241792878515
"ENSG00000213714",2.70100401432638,3.88194479014927,1.02822136258288,3.77539791664889,0.000159752439146509,0.00113085966230742
"ENSG00000213722",102.322010302315,2.16920602734232,0.44603765207289,4.86328007795143,1.15456294162857e-06,3.48018698870152e-05
"ENSG00000213760",2.84815405009065,2.02880955790112,0.708274496794583,2.86443965875214,0.00417747737737175,0.0145567253752077
"ENSG00000213780",50.8777975469952,1.11200057875951,0.290730830967877,3.82484573465267,0.000130853996447747,0.000982029327260037
"ENSG00000213782",16.4438901454305,4.35556271074507,0.612358165002922,7.11276987826935,1.13736835673037e-12,1.33957620243765e-10
"ENSG00000213901",7.26062684134044,1.06056627198045,0.421046271724642,2.51888294280882,0.0117727788032635,0.0340862773813894
"ENSG00000213923",122.715461062629,1.03224012772587,0.262537080670232,3.9317879405479,8.43164270423678e-05,0.000708249396587673
"ENSG00000213927",2.82864602581084,-1.71434043984529,0.668367103850441,-2.56496830853737,0.0103185229106505,0.0304750356929456
"ENSG00000213965",14.8638216629737,-1.07723002093218,0.325628402922728,-3.30815743118025,0.000939120009620992,0.00437310077340879
"ENSG00000213977",280.5754747117,-1.62506953045745,0.322963641116016,-5.03174142092883,4.86044543347846e-07,1.76918067886592e-05
"ENSG00000214013",5.53382893144152,-1.11945407519689,0.421497327869134,-2.65589839170809,0.00790974429686731,0.0245434274954921
"ENSG00000214049",11.1173519352088,1.27064558141033,0.436776879864236,2.90914111984426,0.00362423224277293,0.0129322582668433
"ENSG00000214114",26.6184567916176,-2.20046654077636,0.604660171006882,-3.6391789079015,0.00027350873773051,0.00170764315654615
"ENSG00000214212",3.22021306944963,1.85136629823008,0.66973183871683,2.76433968224834,0.00570381278540003,0.018840178088634
"ENSG00000214226",9.03534052963577,3.10173635057473,0.614727455548973,5.04570980615266,4.51840763998525e-07,1.67801854900263e-05
"ENSG00000214336",3.15747067047808,2.16010610608133,0.728200988260899,2.96635975630866,0.00301347762580283,0.0111410835362921
"ENSG00000214548",28.2378997259116,2.25060302140983,0.62406158068158,3.60637970847651,0.000310498695418796,0.00186514134381076
"ENSG00000214575",2.41224574768114,1.91730520136609,0.772344912537098,2.4824468579302,0.0130483529107464,0.0370700019202786
"ENSG00000214655",113.890556724022,1.16961872299603,0.309168005128671,3.78311695775004,0.000154876592985684,0.00110552387088353
"ENSG00000214736",382.726356942222,-1.24352595184039,0.286938251551052,-4.3337754555849,1.46573679217139e-05,0.00021275050390988
"ENSG00000214827",2.64581906491788,1.94941011971852,0.790857377575823,2.46493258455014,0.0137039032563055,0.0385669330590922
"ENSG00000214866",2.77765926503901,3.50363142030524,0.995937251320146,3.51792386082664,0.000434937135971307,0.00241551985012829
"ENSG00000214944",6.29614739594477,-1.44014162662429,0.414037884343201,-3.47828467172472,0.000504633694682113,0.00271215938448936
"ENSG00000215012",13.9945649793608,-1.01891294561672,0.328151123606106,-3.10501129607519,0.00190271757872481,0.00770100887471609
"ENSG00000215067",3.64537323076825,1.62732681463695,0.57017715933329,2.85407226157531,0.00431627122654716,0.0149477266190068
"ENSG00000215182",1.66098083206807,3.49730449354718,1.0464203893484,3.34216011953372,0.000831290919641674,0.00398695636241174
"ENSG00000215252",15.7225174399149,1.56826707803018,0.359145398243141,4.36666343409046,1.26158897375198e-05,0.000191903510961222
"ENSG00000215458",2.47169735306412,-3.42892381444867,0.938425250758768,-3.65391256434778,0.000258274251634544,0.00163504436548488
"ENSG00000215845",91.0001586660489,-1.37509463450331,0.303918055989931,-4.52455721995296,6.05220777364464e-06,0.000115905753751018
"ENSG00000217128",51.4660508414295,1.33902328157556,0.351015365542549,3.81471414935324,0.000136340660621862,0.00100912346226656
"ENSG00000217555",15.7279781137363,-1.6248097525278,0.582756679433469,-2.78814436602833,0.0053010914859926,0.017791511807965
"ENSG00000217702",2.04727951444007,3.15872260345042,1.05218831629838,3.00205063534907,0.00268167566060486,0.0101348040265215
"ENSG00000218416",3.16234005046988,2.21632329163574,0.766892877897509,2.89000374825745,0.00385237233065232,0.0136166703880228
"ENSG00000218537",3.58922495298259,2.27170702622724,0.708803182495578,3.20498987917765,0.00135067229793148,0.00584650847849237
"ENSG00000218891",13.1331611307018,1.09689336815023,0.304701603864601,3.59989364754921,0.000318347359773881,0.00189914240785511
"ENSG00000220201",11.0335656965464,2.12832444871315,0.517689819189147,4.11119626043008,3.93614436223859e-05,0.00041803751623725
"ENSG00000220205",120.403583998962,1.22816532243693,0.367088666118743,3.3456912070384,0.000820777466446596,0.0039514743486826
"ENSG00000221944",4.88699442889655,1.43209973400645,0.556177874580167,2.57489518993806,0.0100270466072152,0.0297473860212976
"ENSG00000221963",4.13927673557555,1.92446322492536,0.592592925151024,3.24752986957262,0.00116411444516499,0.00520474053316853
"ENSG00000221968",48.9110860158283,1.7455791649265,0.509198900049553,3.42808903310009,0.000607846076822668,0.00313309595521381
"ENSG00000221978",156.145016060189,1.11028488362857,0.278872665166707,3.9813327812708,6.85299244823928e-05,0.000616806727505554
"ENSG00000221983",199.229398196416,-1.15314875747818,0.281555678042258,-4.09563311063862,4.21016237140856e-05,0.000437698338888376
"ENSG00000221988",61.0235408611224,-1.04981910724952,0.268552035540413,-3.90918320591743,9.26087128838461e-05,0.000757452910090148
"ENSG00000221994",6.32127044213523,1.81010622622202,0.504418574754396,3.5885003384409,0.000332585561820132,0.00196841469090171
"ENSG00000222009",15.5740861320547,1.03185680269581,0.28193990900681,3.65984654790709,0.000252366331853841,0.00160357165546743
"ENSG00000222041",4.70444413001862,2.61249826137339,0.629675169550003,4.14896185796942,3.33986447885545e-05,0.00037099029314625
"ENSG00000223356",5.26663224794883,4.11637288132066,1.00461288349996,4.09747172162442,4.1768717448144e-05,0.000435901507596485
"ENSG00000223374",3.82872047678244,3.85207032223442,1.28551915332537,2.99650947422286,0.00273089751896474,0.0102878156705985
"ENSG00000223403",19.8981627071934,5.21627673862243,0.612613395682678,8.51479379227346,1.66887003459898e-17,2.95892451618308e-15
"ENSG00000223478",11.7492423112497,-2.55450689145028,0.721732297176827,-3.53941052858886,0.000401021682959303,0.00226608859846331
"ENSG00000223547",15.7045574927718,2.69590358121772,0.433049611362272,6.22539198854616,4.80353490121585e-10,4.23558753936621e-08
"ENSG00000223572",4.39995179564956,-3.00931056477922,0.584297232043861,-5.15030775390242,2.60059376536343e-07,1.08559976195133e-05
"ENSG00000223768",23.4684025960072,1.2415836071542,0.401374942102756,3.0933261569586,0.00197926476437568,0.00794452207881952
"ENSG00000223831",5.3678368512993,2.34843735831893,0.773657190101846,3.0355012379705,0.00240136237662295,0.00927960258451742
"ENSG00000224152",6.2171253747639,1.94887379116701,0.582793647675942,3.34402030450865,0.000825736937117512,0.00397303074296197
"ENSG00000224259",4.32261144016932,-3.2041495281175,0.66257746230741,-4.83588668554938,1.3255342059131e-06,3.84801646501781e-05
"ENSG00000224417",1.68831226941706,3.09575904919238,1.06115459907611,2.91734969804371,0.00353019741055496,0.012676268532805
"ENSG00000224420",6.18903412977815,2.39990976595432,0.689535476686747,3.48047322740522,0.000500528845405851,0.0026927308750072
"ENSG00000224660",19.7725373405636,1.30600776232739,0.30816323699977,4.23803882332778,2.25480784762675e-05,0.000282949213086129
"ENSG00000224854",1.23556482647707,3.70863336086638,1.23728544575671,2.99739512299705,0.0027229753278556,0.0102650069000939
"ENSG00000224877",35.8543419023915,-1.22898477805935,0.340267663732976,-3.61181772189729,0.000304058262315049,0.00183677534001254
"ENSG00000224975",48.9494643072223,2.87376300755505,0.635684607022519,4.52073713254668,6.1624671544687e-06,0.000117471584867092
"ENSG00000224984",3.79134808247993,-1.61261553574303,0.579831343585937,-2.78118034421853,0.00541616400304175,0.0181003502728325
"ENSG00000225075",9.20937064900906,2.06863625078322,0.618216737961459,3.34613433082458,0.000819466857649093,0.00394862332430622
"ENSG00000225083",3.49485279623048,4.37009999232513,0.903313022287948,4.83785784606134,1.31245951153948e-06,3.83708242655575e-05
"ENSG00000225450",11.3719495795483,2.18610458068289,0.611925203873843,3.5725029249385,0.000353585532603186,0.0020572589439287
"ENSG00000225578",4.64858836298291,3.86423228277152,0.903655862405201,4.27622111860852,1.90092422529957e-05,0.000253594980185797
"ENSG00000225697",42.7123004303129,1.29382111098005,0.382219878393484,3.3850178499824,0.000711736259915438,0.00353275713116967
"ENSG00000225828",20.0140528768026,1.69344239877486,0.531581555564476,3.18566808996339,0.00144420180419137,0.00618691700423787
"ENSG00000225857",2.67620139893131,4.33568936919996,1.19410358258404,3.63091563616076,0.000282417496668349,0.00174216958548996
"ENSG00000225880",4.65412420668162,2.10011331252832,0.692460814348577,3.03282621776074,0.00242275077289447,0.00934692033089774
"ENSG00000226005",5.82794952476606,-1.9573169148029,0.66887933823319,-2.92626308352274,0.00343060691670606,0.0123702739144944
"ENSG00000226179",17.6042029051211,2.36078057880128,0.476969041253844,4.94954677266961,7.43865003232876e-07,2.46792556102754e-05
"ENSG00000226312",4.35107237121794,3.41748382611249,0.765740125270685,4.4629812560814,8.08271259274239e-06,0.000139702146689444
"ENSG00000226380",3.39699795124165,2.31198484108708,0.895119163709352,2.58287939172955,0.00979795684099487,0.0292202044404349
"ENSG00000226479",32.4558631621595,1.03493440306316,0.316538709866303,3.26953503885921,0.00107724394686201,0.00490140050767321
"ENSG00000226696",4.97626893569126,1.40959386532456,0.53975695845889,2.61153440124092,0.00901369187675492,0.0272960083298093
"ENSG00000226763",1.84721209680177,2.86207305076807,0.957547055564658,2.98896334559802,0.00279925710902911,0.0104926006980634
"ENSG00000226979",3.27149531644467,2.15485059521048,0.804079842956964,2.67989629896221,0.00736449712279413,0.0231875487985015
"ENSG00000227403",3.17598810778063,-2.4134284242356,0.772268755969828,-3.12511467747362,0.00177735755257597,0.00731026407693319
"ENSG00000227471",7.07267376157273,3.1617389959399,0.581592680172416,5.43634592340912,5.43843239429184e-08,2.99914086118656e-06
"ENSG00000227676",5.6778858019758,2.98842485429391,0.766958259159116,3.89646348886103,9.76075141618251e-05,0.000785480869211486
"ENSG00000227740",1.9555814852385,2.86506691677418,1.01051294864436,2.83525997427126,0.00457884079700192,0.0157031002291524
"ENSG00000227741",1.52413829769702,2.8299256681582,1.02971352364232,2.74826503020776,0.00599115596153873,0.0196008275098833
"ENSG00000227908",2.68608305343627,3.12124682623067,0.924148430417765,3.37743020871625,0.00073166517624028,0.00361479996028536
"ENSG00000228013",14.7270267879754,3.43053893710409,0.648620521051392,5.28897687594481,1.23002438709643e-07,5.94776308470179e-06
"ENSG00000228107",6.50264653627833,1.8471989034821,0.604523044579174,3.05563025271929,0.00224588028345114,0.00881931888397855
"ENSG00000228126",3.20899427581296,3.14765711219123,1.05243570533926,2.99083079015888,0.00278219613229947,0.0104452714083529
"ENSG00000228242",3.26630651073539,4.45137216035723,0.89110696025082,4.99532868546364,5.87356441475691e-07,2.05188990751963e-05
"ENSG00000228288",21.9192397546707,-1.06530823879268,0.271636800666777,-3.92181116909679,8.78858569490728e-05,0.000730786634005679
"ENSG00000228393",16.7113029983852,2.57233687228598,0.582776659461344,4.4139325597967,1.01509592579538e-05,0.00016425826025947
"ENSG00000228474",597.913951296483,-1.56757865855185,0.342462560676827,-4.57737235700672,4.70852913012196e-06,9.90292561563534e-05
"ENSG00000228506",7.73747784856029,1.39216061097588,0.497675840618683,2.79732407593912,0.00515278200340429,0.0173679931427092
"ENSG00000228526",8.28730403377573,1.10828592225347,0.351989110159469,3.14863696138598,0.00164033836380359,0.00686303310240507
"ENSG00000228549",4.8648137917123,4.38225459673099,0.842507679497458,5.20144172376558,1.97748480507142e-07,8.74175521469778e-06
"ENSG00000228594",2.73315841552184,-1.64886754757885,0.647066070841342,-2.54822130518283,0.0108273760538429,0.0317899935455512
"ENSG00000228817",6.11632993413101,3.49854598015343,0.823833779111181,4.24666488418082,2.16976117992829e-05,0.000275421032300521
"ENSG00000228917",1.86730939000477,2.42325708840013,1.00766217551945,2.40483085231511,0.0161799528109681,0.044324844974257
"ENSG00000229124",4.32541575444274,1.67734980998496,0.629564706219562,2.66430089459301,0.00771485213902283,0.0240427512606969
"ENSG00000229152",6.673416162962,1.78718031838406,0.631491105380144,2.8300957894066,0.00465340697388467,0.0159290071813129
"ENSG00000229299",4.4174161388138,2.44645846659546,0.791555528007832,3.0906972158386,0.00199687146252428,0.00800739629026336
"ENSG00000229348",8.12513273478072,4.12157453350252,0.85581088541583,4.81598750815127,1.46473687079292e-06,4.15697870266858e-05
"ENSG00000229373",6.97141027025807,4.28375529270893,0.782707494224135,5.47299639305899,4.42489122445153e-08,2.51593211724074e-06
"ENSG00000229407",5.31202633018278,5.19746022371068,1.11868244667129,4.64605504374905,3.38342761061469e-06,7.76520107671403e-05
"ENSG00000229591",4.49165988716419,2.67553436950072,0.952931541198346,2.80768791233013,0.00498985583345217,0.0168982815440117
"ENSG00000229647",4.92322775574377,-1.83227136727229,0.503973309551841,-3.63565159611655,0.000277278875166563,0.0017220532476917
"ENSG00000230149",15.6512796465153,2.37527330587762,0.649252005215388,3.65847665744156,0.000253718844203012,0.00161030408855407
"ENSG00000230234",4.44793334948384,-2.06215345718406,0.689173576870565,-2.99221201507462,0.00276963841836812,0.0104171003376989
"ENSG00000230289",2.01702464653098,3.64767017591033,1.26870838803923,2.87510527265272,0.00403892808953384,0.0141547046266362
"ENSG00000230325",2.48687945917648,2.33239470530727,0.946484447473117,2.46427155938399,0.0137292048899641,0.0386183656483484
"ENSG00000230415",6.88067179802045,2.21984438276457,0.624216293701269,3.55621025142116,0.000376243010907798,0.00215937034697483
"ENSG00000230532",27.2352741120943,4.03547682393479,0.708921477223627,5.69241721909607,1.25253329921177e-08,8.75128032656903e-07
"ENSG00000230753",4.6234494858012,3.70512592242327,1.16803831627164,3.17209279079987,0.00151344641485355,0.00642844356891297
"ENSG00000230844",7.72169065640447,1.81795347033123,0.471401967690707,3.85648256675078,0.000115030297629323,0.000889650364732599
"ENSG00000230937",24.9026893010243,-2.97381163687781,0.265086792551391,-11.2182565123507,3.31746266766976e-29,1.33418638846846e-26
"ENSG00000231125",3.73667336578795,3.01048094555127,0.893842066741004,3.3680233427899,0.000757091857562275,0.00370765893654421
"ENSG00000231131",2.26734857957193,-1.66198510090521,0.69975616975507,-2.37509174300948,0.0175445888551988,0.0474094928930471
"ENSG00000231290",18.0242011296766,4.2950172260765,0.456973464120545,9.3988328935956,5.51716331897944e-21,1.35779859651719e-18
"ENSG00000231365",12.1967568677419,1.18531798969271,0.420905121791237,2.81611681190378,0.0048607989645224,0.0165230787413663
"ENSG00000231500",747.882536767512,-1.40336196773471,0.35889165188329,-3.91026640037612,9.21943838636199e-05,0.000755187876565936
"ENSG00000231638",23.1249725769671,5.3352820102112,0.566284000738402,9.42156586316106,4.44410275547297e-21,1.12736631284606e-18
"ENSG00000231767",9.14471761071718,-1.80251478152075,0.576551836862923,-3.12637072033005,0.00176978297956357,0.0072827430871035
"ENSG00000231826",2.48101614072061,-1.78851886432525,0.718856646941947,-2.48800490603196,0.0128461960907797,0.0366090661799036
"ENSG00000231966",33.5857650545232,3.06234478605671,0.730566988459703,4.19173714995422,2.76826614903883e-05,0.000325643544898639
"ENSG00000232070",5.63025467390561,1.53309456123055,0.573510770603146,2.67317483788184,0.00751370787610085,0.0235539028838454
"ENSG00000232533",68.4407929633125,1.11425159936412,0.422071039094018,2.639962224738,0.0082915268663773,0.0254818070531485
"ENSG00000232611",1.1733352766385,2.86736242009139,1.07880438395104,2.65790764548982,0.00786274364266987,0.0244205650638507
"ENSG00000232618",1.5595423079949,3.03212627302044,0.994300135956372,3.04950805433007,0.00229216486734426,0.00895203848830874
"ENSG00000232656",6.81424876586679,3.61931738406956,0.680799852694512,5.31627227847481,1.05914627109692e-07,5.27621234565473e-06
"ENSG00000232671",7.95579329974612,2.42026576380764,0.741911877498818,3.2622011282081,0.00110550677097744,0.00500238780094593
"ENSG00000232710",1.44687423353109,3.33546275588811,1.17101892587379,2.84834231299829,0.00439476260092347,0.0151664379503196
"ENSG00000232810",2.74499019328682,2.7103343873492,0.962813988765492,2.81501351140978,0.00487751831607986,0.0165744148083515
"ENSG00000232832",6.80787992959815,5.13652576398897,0.855061670426456,6.00719917830858,1.8875557917602e-09,1.54845310698179e-07
"ENSG00000232874",2.50237507234123,2.95215552549075,1.15792577572318,2.54952051969565,0.0107871162837458,0.0317048907515562
"ENSG00000232931",5.8939394230492,1.85502146936671,0.531041860234137,3.49317371807344,0.00047731588921362,0.00260054607129535
"ENSG00000233016",35.4883486153069,1.02367864741469,0.29867463686084,3.42740400783226,0.000609381707986507,0.00313904872945627
"ENSG00000233056",57.388632349544,1.74946461877483,0.600749002189024,2.91213903377299,0.00358962819767017,0.0128387928239982
"ENSG00000233421",4.18104813864726,4.16578034116367,0.850663019247001,4.89709820094351,9.72622391614979e-07,3.05477535530274e-05
"ENSG00000233429",89.4595119293216,1.8461866507034,0.212315244898332,8.69549735624236,3.45313851268733e-18,6.6986824630237e-16
"ENSG00000233559",3.4385673604417,2.21780417847895,0.829968786044857,2.67215371923528,0.0075366115140179,0.0236077483386477
"ENSG00000233621",6.81624041083197,-1.33048006578377,0.434666282161851,-3.06092310442511,0.00220655755315947,0.00869804625724277
"ENSG00000233785",2.13526893924765,2.96074077854126,1.25191990764823,2.36496021866374,0.0180320077385603,0.048393518164245
"ENSG00000233901",3.10413895015871,-2.59685026050016,0.675161092294774,-3.84626763914052,0.000119930757820246,0.000918930420863397
"ENSG00000233930",12.8391098698907,3.7067299300241,0.884426929083144,4.19110930268342,2.77593879638606e-05,0.000326247005086313
"ENSG00000233937",7.55884258806973,1.25314049717672,0.430438889534168,2.9113087308001,0.00359918192658516,0.0128539984378303
"ENSG00000234199",7.1056443495231,4.24732359873766,0.7068823895159,6.00852937027671,1.87213704993286e-09,1.54348339081715e-07
"ENSG00000234456",2.82906207422322,1.84677345214369,0.703011247065367,2.62694723569902,0.00861546922779921,0.0263123674934583
"ENSG00000234721",2.24750720277719,3.67040869503974,1.2086028909525,3.03690213097795,0.00239023048442418,0.00924742150578845
"ENSG00000234745",395.434738021763,1.70514530707988,0.447785323342102,3.80795264648988,0.000140122096274677,0.00102824799531515
"ENSG00000234912",3.36766533395743,2.0423283108023,0.672760894449567,3.03574171396105,0.0023994481186852,0.00927655334794847
"ENSG00000235098",3.28736283686835,-1.62121991815381,0.610493761794616,-2.65558801680143,0.00791702701113192,0.0245614032712238
"ENSG00000235109",4.07448969673257,-1.33335268968012,0.512945537400821,-2.59940401555384,0.00933857907380564,0.0280659295058322
"ENSG00000235262",5.95223622881202,3.95945367303047,1.01393397124916,3.90504094477913,9.4209432915677e-05,0.000767879060477804
"ENSG00000235385",6.79215488168555,2.09284280831092,0.566118936492084,3.69682530190399,0.000218312463396486,0.00143396965875765
"ENSG00000235437",13.0845569415408,1.57332003913494,0.470093317971996,3.34682493663665,0.000817428152080153,0.00394225586418533
"ENSG00000235448",5.82157528443091,2.97823687427976,0.630839037832071,4.72107256474601,2.34604215310978e-06,5.90593726146979e-05
"ENSG00000235499",28.5028385108074,1.5856946074624,0.372846282732341,4.25294466084497,2.10977727588995e-05,0.00027157000391998
"ENSG00000235942",38.6599166809689,1.94413953983619,0.306490922840209,6.34322061423588,2.25010846075387e-10,2.04983637620831e-08
"ENSG00000235947",2.75738503130896,3.13290011192083,1.07010281362124,2.92766271805141,0.00341520303118293,0.0123277764407126
"ENSG00000235954",4.78359930340773,1.62566710421977,0.549479219375208,2.95855975421282,0.0030908031223735,0.0113759492600037
"ENSG00000236255",4.88776175474452,1.36034433451927,0.499186712250891,2.72512128454965,0.00642778703362714,0.0207331338805708
"ENSG00000236256",1.88197125774666,2.94279340754464,1.00893613190968,2.91672913128268,0.00353722808391948,0.012693221735745
"ENSG00000236453",51.7238460714942,6.53327525868796,0.678311150245507,9.63167899617058,5.8761376415852e-22,1.56276828342094e-19
"ENSG00000236740",2.1809727942171,-2.90816415818002,0.88750083598254,-3.27680159868293,0.00104990115742712,0.00480216926069787
"ENSG00000236754",4.30132952533444,3.6545807069997,0.798918377523435,4.57441061542298,4.77562433064895e-06,0.000100057057614164
"ENSG00000236810",3.60979449635752,-1.33134742796602,0.547261083488243,-2.43274639497478,0.0149847922374997,0.0415133711533031
"ENSG00000237017",2.0677893747905,2.12696853096817,0.828797782574241,2.56632990059628,0.0102781022385265,0.0303828662264367
"ENSG00000237101",2.55186939899669,-3.62698764005779,1.02454363456524,-3.54010070210125,0.000399974381307255,0.0022624965946399
"ENSG00000237190",19.6739155139488,-1.16988963444997,0.330920515292884,-3.53525871133904,0.000407376100319062,0.00229178591544218
"ENSG00000237200",22.1977214862531,6.08501324927808,0.809362192447853,7.51828205722635,5.55006673794555e-14,7.38024600338583e-12
"ENSG00000237289",4.53717443720393,-2.57732245781405,0.556864671449675,-4.62827431861418,3.68725390891789e-06,8.27782065843846e-05
"ENSG00000237330",18.6929309237846,2.83674794549911,0.382728527100025,7.41190620671382,1.24496798464834e-13,1.56704405334858e-11
"ENSG00000237338",78.5697895390036,7.23310502839761,0.750375041126405,9.63931984936471,5.45481925568828e-22,1.47450024109908e-19
"ENSG00000237399",6.24310262725421,4.21562490499174,0.664459892449395,6.34443847235339,2.23238181283081e-10,2.04498576176484e-08
"ENSG00000237596",2.29550916149951,3.74460426834638,0.983426144078327,3.80771275087043,0.00014025805793518,0.00102878786356458
"ENSG00000237651",18.8939135542734,-1.27353967285191,0.352972198398657,-3.60804527560422,0.00030851266076186,0.00185523897275795
"ENSG00000237781",32.0852061523724,2.44472901899741,0.85686907206894,2.85309517951736,0.00432956518319565,0.014985348510855
"ENSG00000237883",4.48786786801094,-1.5863250977941,0.604705783667449,-2.62330068710981,0.00870823803113252,0.0265269050240798
"ENSG00000238120",5.36867407128806,2.19332062466802,0.719070025835144,3.05021840135897,0.00228675010174979,0.00893512379804557
"ENSG00000238266",25.0097346293722,1.40577661105193,0.338329851075701,4.15504752708737,3.2521993352269e-05,0.000366044469887757
"ENSG00000239305",71.7970981351334,1.64482278007309,0.420919008668091,3.9076942266822,9.31811281585644e-05,0.000761379396534474
"ENSG00000239569",55.1029614709455,2.66241983272202,0.464834966304868,5.7276668618252,1.01821268130109e-08,7.20571197509602e-07
"ENSG00000239628",2.91704070960435,4.3360431519393,1.25440909797754,3.45664198301034,0.000546950986097883,0.00288320805938874
"ENSG00000239653",7.94646599898034,1.68385528237265,0.457035292548747,3.68430033703153,0.000229331708468187,0.00149228513848932
"ENSG00000239665",8.34268018464096,2.40337714649046,0.524558737183756,4.5817121632435,4.61184387371781e-06,9.72438537515766e-05
"ENSG00000239672",35.0284177505091,-1.08706822905081,0.277242587597965,-3.92100015538447,8.81822060333779e-05,0.000732512037926634
"ENSG00000239704",12.8946322514123,1.12278404550815,0.324207126684743,3.46316892225489,0.000533853128944107,0.00282940644619259
"ENSG00000239857",18.5752392561791,1.97311995882995,0.516146328306708,3.82279181429625,0.000131949179638249,0.000988060864239366
"ENSG00000240053",33.2463440244603,1.61930424081031,0.377526965794996,4.28924126625071,1.79284534375459e-05,0.000243854053689715
"ENSG00000240184",5.20651767028885,-2.64295824007781,0.545766746800003,-4.84265165581135,1.28117781648689e-06,3.76565793512519e-05
"ENSG00000240386",37.8597987431694,1.72027819196448,0.400703313579774,4.29314690860923,1.76158363147919e-05,0.000241213883160693
"ENSG00000240476",4.57537325868542,2.80386119156372,0.7548743095235,3.71434178669241,0.000203733284534169,0.00136015599778122
"ENSG00000240707",4.12937127653595,3.81688000285503,0.90962369813171,4.19610879828062,2.71539845280471e-05,0.000320962043643705
"ENSG00000240731",28.0826836634023,1.28980600226042,0.433037410091352,2.97850941328217,0.00289654132207846,0.0108032277447979
"ENSG00000240972",639.539559230791,-1.50721079583669,0.317846002929181,-4.7419529644754,2.11667773617912e-06,5.43643289592795e-05
"ENSG00000241106",12.4477640696972,1.6079298581892,0.362029796016214,4.44142961679647,8.93631770940801e-06,0.000150329474441248
"ENSG00000241343",85.0326013193836,-1.29688750101943,0.32130526502533,-4.0363095230238,5.42985707856844e-05,0.000527284531027768
"ENSG00000241468",162.854736992627,-1.77266906440877,0.368643119065255,-4.80863190639124,1.51966738264415e-06,4.26184057527822e-05
"ENSG00000241697",6.65098387674543,1.03986732813126,0.431441624906816,2.41021558445097,0.0159430965972237,0.0437413843247291
"ENSG00000241794",33.5796190376859,-2.18693934191234,0.423354670789604,-5.16573807449308,2.39491973199085e-07,1.02838102762492e-05
"ENSG00000241837",109.295565607131,-1.28674951456049,0.3310757994824,-3.88657073870147,0.000101670308751139,0.000808726918889022
"ENSG00000241990",6.90070153395239,-2.27063264558519,0.770529121919036,-2.94684857585925,0.00321030366251533,0.0117367056094026
"ENSG00000242028",5.43255669766024,2.31420618491281,0.678578490877236,3.41037362077466,0.000648739420469248,0.003287358421671
"ENSG00000242265",212.547889690979,1.92856694875364,0.622039984039205,3.10039064728689,0.00193265562333089,0.00778586820745249
"ENSG00000242498",7.04181915661658,-1.34324873371441,0.424788330658585,-3.16216015546346,0.00156603409288352,0.00661598372245356
"ENSG00000242578",1.15683520768667,3.16629919244361,1.2697508429035,2.49363818905081,0.0126441355784885,0.0361771909688872
"ENSG00000242689",7.75508364911959,2.03076789499524,0.52189617092286,3.89113392306417,9.97768396327269e-05,0.000797633284289794
"ENSG00000242802",55.3393926111878,1.4669697367487,0.393877221770132,3.72443405118975,0.000195753875248311,0.00131478030507919
"ENSG00000242866",1.15198742990009,3.35938529656972,1.02758238367325,3.26921261978147,0.00107847228021677,0.00490428279881256
"ENSG00000243179",3.04441212076269,3.07127740411971,1.05243279329859,2.91826463758656,0.00351985484906336,0.0126418833818788
"ENSG00000243317",16.9489029392556,-1.33966273142222,0.343104218354242,-3.90453588081236,9.44063854764614e-05,0.000769063460113254
"ENSG00000243335",17.3335178827199,1.04140656960431,0.389129262056058,2.67624841190762,0.00744514396817339,0.0233700702248641
"ENSG00000243364",20.4369223870484,-1.02694381056937,0.309201476906096,-3.3212771842007,0.000896064978212842,0.00421907921923231
"ENSG00000243566",3.52561622056052,-1.71496980629307,0.582149766990314,-2.94592543626596,0.00321990009282978,0.0117618370914201
"ENSG00000243667",5.03173857938292,-1.43682946807968,0.479484927503669,-2.99661029088069,0.00272999464590891,0.0102878156705985
"ENSG00000243678",226.594375980309,-1.40710813335702,0.330477189897849,-4.25780712366852,2.0644193906087e-05,0.000267611724306186
"ENSG00000243708",43.1236280790423,-1.09580493957276,0.341764779143936,-3.20631324947401,0.00134447542149397,0.0058247649041025
"ENSG00000243716",8.24551822344796,2.15867815148325,0.446060091438953,4.83943350439518,1.30209747584352e-06,3.81354978315875e-05
"ENSG00000243789",23.1225136842663,-1.06143269497166,0.302904480306223,-3.5041828826652,0.00045801070179791,0.00251486462269256
"ENSG00000243819",3.64176788184233,3.98520260334964,0.88026098729592,4.52729663232244,5.97430500751603e-06,0.000114947859123608
"ENSG00000243960",7.12898054342279,1.8034909324123,0.612699023659611,2.94351853482672,0.00324504391438115,0.0118300970825184
"ENSG00000243989",59.9841918423424,-1.14976208539909,0.337801016625877,-3.40366674109947,0.00066487818911872,0.00335367894168815
"ENSG00000244020",1.43320530777111,-2.68124763128522,0.907551626234504,-2.95437477470004,0.00313303274956063,0.0115108237539005
"ENSG00000244165",19.7798270853738,1.5631786322725,0.337546322169411,4.63100478247237,3.63895466652617e-06,8.20977810246558e-05
"ENSG00000244187",424.40652425872,-1.67303637807842,0.418652198017311,-3.99624410429883,6.43553756146538e-05,0.000588630535367871
"ENSG00000244405",15.5098498032996,1.35894563884961,0.360028812518442,3.77454690179832,0.000160298748589237,0.00113246189609594
"ENSG00000244462",67.6362064940661,1.33955977424187,0.259715991277251,5.15778704135266,2.49885594441224e-07,1.05331816303785e-05
"ENSG00000244509",60.4887372164843,-1.48584976196138,0.3385643025984,-4.38867816411192,1.14041687516794e-05,0.00017857866908494
"ENSG00000244754",18.3915356393444,1.13783110400249,0.263319599786579,4.32110296736249,1.55251200561171e-05,0.000220494146946868
"ENSG00000244879",8.3978541140521,1.44831601825179,0.38181842338472,3.79320621936691,0.000148714551762501,0.00107409296715369
"ENSG00000245025",4.17350067691816,1.80897132988921,0.557081326420964,3.2472302410694,0.00116534075981951,0.00520739940072194
"ENSG00000245317",25.519105819592,4.45921347459061,0.477676625021634,9.33521391043292,1.00787525760036e-20,2.37412216036748e-18
"ENSG00000245522",10.1562121891129,3.41837085195515,0.558686562216096,6.11858434252612,9.44103088205632e-10,8.1504271316349e-08
"ENSG00000245532",285.885456889261,1.39881966076978,0.310083349450921,4.51110858821259,6.44896944559435e-06,0.000120700405435193
"ENSG00000245694",7.24228843083635,1.87519572497895,0.447325673424029,4.19201453523865,2.76488277040882e-05,0.000325643544898639
"ENSG00000245848",125.522398018516,-1.52391892162809,0.318767627857323,-4.78065772196345,1.74722618979197e-06,4.72295289237372e-05
"ENSG00000245910",58.0864832165432,-1.24521706809318,0.333899982594925,-3.7293115693385,0.000192003624343617,0.00129698802204092
"ENSG00000246089",11.2943141520396,1.42952381707947,0.46331707847812,3.08541144603411,0.00203270744032168,0.0081195041142113
"ENSG00000246130",2.99271390148162,3.40019611602277,0.834870983019559,4.07272043846218,4.64671862842891e-05,0.00046948372220689
"ENSG00000246273",5.89106236839223,1.03454768621912,0.434254038690652,2.38235593464704,0.0172022614375751,0.0466296381463384
"ENSG00000246350",4.04920623216475,4.45098254631537,0.886733606970553,5.01952617034755,5.17990886040235e-07,1.86549778754463e-05
"ENSG00000246560",20.9305666122316,1.4460675431362,0.408994327494348,3.53566650177119,0.000406747830651917,0.00228903241625238
"ENSG00000246985",3.00895828072932,1.62548180961432,0.679502697866701,2.39216387913915,0.0167493618007228,0.045621098092676
"ENSG00000247049",2.7824960912529,3.00161491041583,1.21482009052453,2.47083081176226,0.0134799576708372,0.0380861929462705
"ENSG00000247092",4.77211785958781,1.36466914184549,0.50914497756481,2.68031543465785,0.00735528132016685,0.0231629552498532
"ENSG00000247271",2.36920848601026,-2.15956725897431,0.776297115258883,-2.78188237019808,0.00540446245842771,0.018079566134513
"ENSG00000247315",42.8978012721379,1.32895393107653,0.329038502418099,4.0389009836541,5.37022271547073e-05,0.000522923925183635
"ENSG00000247679",5.99421295601979,2.02445703946643,0.517722790928121,3.91031083610823,9.2177424343903e-05,0.000755187876565936
"ENSG00000247982",4.3627966070029,3.47354697967118,0.743232691617871,4.67356592201287,2.96014632146413e-06,7.04532114200487e-05
"ENSG00000248112",3.10687045855534,2.28970444212725,0.902318372817684,2.53757931912342,0.011162207027488,0.0325931701215246
"ENSG00000248323",9.8077979561397,3.38678514816033,0.759542132960509,4.45898259120856,8.23496084988373e-06,0.000141887428896273
"ENSG00000248476",14.2159290587264,3.34739070364676,0.605479938901981,5.52849151322362,3.22996048132632e-08,1.94375249549597e-06
"ENSG00000248734",3.89379423965381,2.56019289041184,0.712810073954755,3.59169010646494,0.000328540384818155,0.00194937114259322
"ENSG00000249087",8.99404851683472,2.0346894854548,0.490846391598119,4.14526727767147,3.39417568972586e-05,0.00037460885507289
"ENSG00000249731",3.52668051527341,4.02950267929774,1.01765149797933,3.95960963777759,7.50723738008528e-05,0.000654264467020223
"ENSG00000249898",1.68891484450921,2.91152849792853,1.02982771468591,2.82719959504734,0.0046957049853706,0.0160438208669241
"ENSG00000250067",34.087776620185,1.89324008626042,0.477645141651451,3.96369589296892,7.37982524778246e-05,0.000647610103835471
"ENSG00000250091",2.86482611360489,3.34628724794065,0.806007141057841,4.15168436789385,3.30037231086488e-05,0.000368948061246448
"ENSG00000250410",7.36434634580023,2.72237965596109,0.725952227462192,3.75008100116736,0.000176777457752461,0.00121494603797665
"ENSG00000250506",43.6574916957522,2.05344220478588,0.503350666161577,4.079546015991,4.51237373330451e-05,0.000459287225237396
"ENSG00000250722",1016.56621143119,-1.75100398955426,0.4570521703993,-3.83108122651404,0.000127581375083693,0.000963673434184733
"ENSG00000251136",4.27631969307961,1.82957490062617,0.562596714051717,3.25201846176794,0.00114588578665561,0.0051483680480012
"ENSG00000251192",6.23944741808311,1.35427496401144,0.469398975037283,2.88512552440889,0.00391257626025365,0.0137821982386931
"ENSG00000251322",12.0553767159701,1.33806806173608,0.41205787304826,3.24728187290179,0.0011651293567979,0.00520739940072194
"ENSG00000251369",23.7321443323833,1.04853785401056,0.279046252981833,3.75757725755531,0.000171566405728082,0.00118963770565616
"ENSG00000251410",3.71852447442594,3.0829379320518,0.814624686674358,3.78448871300188,0.000154024897180877,0.00110182929701322
"ENSG00000251442",3.47543245926139,-1.98049298844983,0.624704648211583,-3.17028694138842,0.00152288469374449,0.00646187486236563
"ENSG00000251493",10.5580166643084,1.19769837620452,0.348921497950478,3.43257260799249,0.000597883767833101,0.00309719142624224
"ENSG00000251555",1.53478033328028,2.99182818632722,1.27238297929864,2.35135822704605,0.0187050161646814,0.0499719720575876
"ENSG00000251611",1.81833029945148,-3.37474883350144,1.2288032506934,-2.74637036612419,0.00602586948015571,0.0196831540923707
"ENSG00000251867",2.99021022314414,1.75542761499311,0.684221468475903,2.56558394594561,0.0103002294052954,0.0304373624845728
"ENSG00000253161",51.908144689545,1.76745744780224,0.237012760633529,7.45722484763214,8.83638380390943e-14,1.14726876017845e-11
"ENSG00000253200",24.7705102189865,2.03783655866523,0.560133330519017,3.63812765217343,0.000274627307664613,0.00171332942719705
"ENSG00000253352",224.539779143751,1.29062663697527,0.36153330751094,3.56986924900749,0.000357159451957762,0.00207220344944811
"ENSG00000253368",162.22284047888,-1.33546190192589,0.34818558287234,-3.83548879568495,0.000125314819416836,0.000952658394358783
"ENSG00000253392",2.70390095916301,2.68601596266337,0.823452444649778,3.26189566879695,0.00110669866745494,0.00500640722295323
"ENSG00000253476",30.9326361878933,1.69879443015245,0.653431661066809,2.59980428156627,0.00932769427535413,0.0280460158472491
"ENSG00000253729",36.9444968137697,-1.05692629199524,0.272283107363657,-3.88171819481855,0.000103721030301766,0.000820701718847535
"ENSG00000253746",38.027419080442,1.618807084628,0.277455013556382,5.83448489136436,5.39569967675443e-09,4.0999858050693e-07
"ENSG00000254165",2.62353358352896,2.38041937359883,1.00241211173182,2.37469135272745,0.0175636298356583,0.0474376236462195
"ENSG00000254207",5.08376820562064,2.51174430361626,1.02293936964337,2.45541854987156,0.0140720638040132,0.039428081574235
"ENSG00000254418",17.1214131973922,2.26283581355597,0.816737248762097,2.77057991047387,0.00559565678593107,0.018546679018761
"ENSG00000254484",3.44438314074689,3.90547860418624,1.25025439068352,3.12374716160853,0.00178563824159979,0.00733334718947419
"ENSG00000254531",10.7428260571251,-1.38254965660843,0.500599038586285,-2.76179047509323,0.00574853560153804,0.018961312969346
"ENSG00000254554",8.89516498779025,2.2944942497838,0.661871901422372,3.46667420818575,0.000526940148076399,0.00280371607022644
"ENSG00000254614",11.1529912517462,-1.21629852796373,0.388785299303559,-3.12845812365467,0.0017572604936399,0.00724205655576814
"ENSG00000254648",5.39703390661359,4.20086478406938,0.82840278174916,5.07104137820411,3.95644729488496e-07,1.51363943028673e-05
"ENSG00000254665",2.41671830770177,2.80670805520082,0.894649748278714,3.13721437981831,0.00170561365269818,0.00706274824694635
"ENSG00000254676",4.05317465373678,2.14312689592503,0.712668989381919,3.00718415962467,0.0026367996976548,0.00999039297211169
"ENSG00000254685",5.65066428676409,-1.79300357379484,0.488245914535862,-3.67233707526117,0.000240342378745419,0.0015445369868474
"ENSG00000254694",7.86636058821491,2.22641908747218,0.856489614204615,2.59947003506839,0.0093367829649151,0.0280659295058322
"ENSG00000254726",3.13083849535075,1.78236431226416,0.673934116946886,2.64471595582486,0.00817595166335635,0.0251953275472861
"ENSG00000254812",2.39599100794983,2.88603861992455,0.936922605636761,3.08033833591101,0.00206765568749653,0.00824312732860984
"ENSG00000254858",28.7208374780394,-1.02033070361437,0.380137796418205,-2.68410748215067,0.00727237223959281,0.0229500757624203
"ENSG00000254966",8.47738487687076,1.19870054355959,0.451481410820848,2.65503853498688,0.00792993491860098,0.0245896614900888
"ENSG00000255002",1.443159590882,3.11465413741948,1.05314127455152,2.95748938217796,0.0031015543065821,0.0114053365212382
"ENSG00000255026",124.725565193518,2.21114588067958,0.685847796850153,3.22396002558376,0.0012643104716681,0.00555037682836404
"ENSG00000255176",3.01189954073486,3.71560478994055,0.879404529039488,4.22513720050868,2.38795246876869e-05,0.000294282124495717
"ENSG00000255181",1.42706352350449,2.46405695925807,1.04460014073817,2.35885183541794,0.0183315732514701,0.0491015775411778
"ENSG00000255310",11.0037494516596,1.31246535195154,0.399769186044662,3.28305781878074,0.00102687601938741,0.00470991896625285
"ENSG00000255326",6.88690937935973,4.43590634779428,1.00962122942945,4.39363418526873,1.11471330806289e-05,0.00017603523600675
"ENSG00000255363",9.15371430615955,1.89398280868939,0.769333881072423,2.46184765195737,0.0138223366004748,0.0388339594829152
"ENSG00000255389",1.54218873452802,2.42844730557275,0.926590460094816,2.62084211974755,0.00877128720698244,0.0266844565970357
"ENSG00000255423",10.1964016698477,2.77844190291264,0.592347754893029,4.69055867935954,2.72460074446742e-06,6.6458493602845e-05
"ENSG00000255501",13.4422177665918,-1.14348604758765,0.32173779361286,-3.55409302322617,0.000379285032512959,0.00217078476261929
"ENSG00000255920",5.32727097280171,4.15421856532231,0.797492456553587,5.20910076475836,1.89758043908312e-07,8.44597229433301e-06
"ENSG00000255966",3.63835808398871,4.62946748081523,1.29386701063312,3.57800874647071,0.000346221868448046,0.00202801150580456
"ENSG00000256084",5.99950887706157,4.52360119324524,1.34411630294527,3.36548346548063,0.000764096465705167,0.00373530584732063
"ENSG00000256087",51.8929911224738,1.66528388918954,0.409141385170706,4.07019174678389,4.69744586369548e-05,0.000473738133617583
"ENSG00000256223",8.26664610272172,1.46917680236329,0.404640824081306,3.63081704793109,0.00028252540915763,0.00174216958548996
"ENSG00000256269",11.7375581427665,-1.11367931374352,0.353795222528255,-3.14780766621171,0.00164499891249694,0.00687738008827637
"ENSG00000256525",43.7933560276278,2.26429658811461,0.581918312168749,3.8910901079497,9.97948611492416e-05,0.000797633284289794
"ENSG00000256812",53.8500615245165,-4.23039204560466,0.534962558912438,-7.90782826784161,2.61917779617026e-15,3.82191351159747e-13
"ENSG00000257002",1.40280255003958,3.03571459923967,1.21946603498545,2.48938019768291,0.0127966038272069,0.036506751875816
"ENSG00000257084",55.6850158836153,-1.49955797139708,0.533361237503253,-2.81152409653304,0.00493073972920122,0.0167221241042367
"ENSG00000257365",15.123250751269,-1.07530705915479,0.320794843489045,-3.35200855306615,0.000802275401581337,0.00388851237409602
"ENSG00000257475",3.9632803313442,3.37428939107008,0.941690637381479,3.58322495427249,0.000339378093474577,0.00199655479193597
"ENSG00000257497",9.4178696040022,2.07115763600541,0.540913712226095,3.82899821023523,0.000128665942543283,0.000970083551255686
"ENSG00000257591",8.59192171695052,1.66983492745334,0.468350720366688,3.56535146598252,0.000363368909009881,0.00209863045207143
"ENSG00000257696",3.94977285929776,2.44334895633432,0.968813220735807,2.52200207845906,0.011668901876724,0.0338449468857171
"ENSG00000258099",4.6217998483213,2.18901475647443,0.76018902821295,2.87956636472426,0.00398222476455143,0.0139767782338631
"ENSG00000258365",2.03793942674,3.67740363769112,1.02150012885662,3.60000310700624,0.000318213377970098,0.00189903018072709
"ENSG00000258441",73.6396130697056,2.97966354242168,0.601938107017827,4.95011614596687,7.41692055205745e-07,2.46792556102754e-05
"ENSG00000258643",4.82538120915647,1.74644128368111,0.558431759621309,3.12740322087954,0.00176357871535756,0.00726627921977281
"ENSG00000258659",6.63897057658135,-1.75521774936487,0.550156901340741,-3.19039485842563,0.0014207852811666,0.00610086679717605
"ENSG00000258667",5.93248758099469,4.43172760946579,0.904008350998866,4.90230826360071,9.47170470481012e-07,3.00344113226181e-05
"ENSG00000258717",11.8195730787366,4.83654638091208,1.09912885673054,4.4003451927364,1.08078809665173e-05,0.00017201848383871
"ENSG00000258727",11.2299634292011,1.04442757245753,0.387677745286197,2.69406120200812,0.00705872020470335,0.0223958509631236
"ENSG00000258738",4.27732426556985,2.03218643206106,0.653425184049317,3.11005220133616,0.00187054282856121,0.00760250941586046
"ENSG00000258813",2.13668077181377,2.85698151211326,1.04613832231101,2.73097873501273,0.00631465459650279,0.0204482206680547
"ENSG00000258839",15.5270245782916,2.49671648341849,0.50442015411137,4.94967630271815,7.43370128372153e-07,2.46792556102754e-05
"ENSG00000258890",29.9627655669819,1.62254414362288,0.320781927262472,5.05809088893988,4.23474601093312e-07,1.58894533422958e-05
"ENSG00000258944",18.4273724554327,2.79732708679183,0.513065782436534,5.4521801736756,4.97560053757886e-08,2.76237970586323e-06
"ENSG00000258947",202.561098176018,2.65015174507903,0.642002698809251,4.12794486688978,3.66019841132515e-05,0.000396277160895209
"ENSG00000259001",814.585127677986,2.6133833714299,0.758690213153611,3.44459876524172,0.000571907653459158,0.00298991290357897
"ENSG00000259322",5.62885952835489,3.9061370710971,1.41152393748756,2.76731904245976,0.00565194131486794,0.0187025607748058
"ENSG00000259353",9.74355419288524,2.52259571230183,0.850001757721676,2.96775352449075,0.00299984776537112,0.0111031402476329
"ENSG00000259366",23.5848437178014,1.68872771198602,0.365611600068867,4.61891174040412,3.85757885879625e-06,8.5264903220766e-05
"ENSG00000259407",4.29099641328647,1.81214458618652,0.560209120067382,3.2347645214497,0.001217430911073,0.00538760555359171
"ENSG00000259644",3.30136587586176,2.40883445567087,0.896604205879855,2.6866196253307,0.00721790970116077,0.02280439031662
"ENSG00000259659",6.76490238562797,2.69104699961471,0.77028313111732,3.49358163369261,0.000476587248656044,0.00259894725524566
"ENSG00000259775",4.74203741799694,2.88209388155562,0.923411784984524,3.12113612628836,0.00180154735824659,0.00738764346931808
"ENSG00000259802",6.37727517137885,1.57682567992374,0.557679384806969,2.82747708249881,0.00469163734389655,0.0160332452152353
"ENSG00000259877",2.62041122069509,1.95782923423696,0.728610497753212,2.68707250344902,0.00720813047018673,0.0227891268446607
"ENSG00000259932",1.27469161049516,3.30966526891954,1.37225454584507,2.41184500276613,0.0158720274001069,0.0436117080153911
"ENSG00000259940",1.94877277640408,2.45865471127783,0.930976971450966,2.64094041708241,0.00826762578704468,0.02541478031368
"ENSG00000260025",20.4407901348185,-2.87744085018247,0.885727273920934,-3.24867590160641,0.00115943497990893,0.00519226599231894
"ENSG00000260032",365.096705015289,1.05897833712767,0.303326517015428,3.4912158275757,0.0004808276626619,0.00261403472787078
"ENSG00000260035",8.10730164523791,5.17986773507057,0.935018084029606,5.53985834450081,3.02716410782105e-08,1.84870033236523e-06
"ENSG00000260060",1.90346501267946,2.86081819382983,1.09969214241151,2.60147188790159,0.00928246725804556,0.0279462464532441
"ENSG00000260077",6.43391024053678,2.20776935627476,0.738712354509425,2.98867257708303,0.00280192215082761,0.0105002032602265
"ENSG00000260179",2.26422539221104,3.34020356911607,1.06149990643716,3.1466828671961,0.00165133963282422,0.00689864180533026
"ENSG00000260186",3.02842847784134,3.96402093175346,0.910438352798777,4.35396962305868,1.33694240644568e-05,0.000198960679962842
"ENSG00000260231",19.3242798642599,2.0016646576968,0.508234961702677,3.93846312931891,8.20051925003042e-05,0.000695925691784619
"ENSG00000260233",5.65176322876402,2.31566658872297,0.632579712926785,3.66067159822272,0.000251555013590697,0.00160111930093282
"ENSG00000260239",84.2196775894426,6.92547783334145,0.606063917951304,11.4269759809359,3.06601143997052e-30,1.33040691141247e-27
"ENSG00000260260",23.8483422884651,-1.27021661719257,0.376669307537338,-3.37223286255321,0.000745613785587588,0.00366888263519956
"ENSG00000260265",4.63535272735583,-1.40232183049879,0.54262196571237,-2.5843440168475,0.0097564424959249,0.0291385582893146
"ENSG00000260350",2.32165052461724,3.30897247389609,0.971358617144689,3.40654050470342,0.000657917873912043,0.00332671199722039
"ENSG00000260366",10.1620138193067,2.79355979072269,0.860094471690845,3.24796854609573,0.00116232118809695,0.00519954261273214
"ENSG00000260368",6.24785120652262,3.35041656121591,0.669201386537218,5.00658938941032,5.54029385909408e-07,1.96375449805746e-05
"ENSG00000260418",18.7139359076947,1.63480267230574,0.518267822958382,3.15435880810416,0.00160851189620253,0.00677119036417755
"ENSG00000260428",12.5402198968191,1.29415790336653,0.541739972755833,2.38889129185565,0.0168993018963649,0.0459216527635401
"ENSG00000260442",2.05198492137647,-1.91598761675529,0.791118952916362,-2.42187045284687,0.0154408539565458,0.0425902042304254
"ENSG00000260476",1.64245184865249,3.56809352226348,1.08862653257053,3.27761028737586,0.00104689824221421,0.00479375315630938
"ENSG00000260563",11.9322937694827,2.19319106339803,0.608663149101696,3.60329201239615,0.000314212189033394,0.00187855140861916
"ENSG00000260633",1.11700364785939,3.01634007810865,1.1488125932365,2.62561543620517,0.00864924752714258,0.0263796559977493
"ENSG00000260672",1.51485451883941,2.82962304414665,1.12671126974518,2.51140032067541,0.0120253241744513,0.0346835001421248
"ENSG00000260698",1.37456240117792,2.70080908241254,1.0087994773998,2.67725067559901,0.00742290755323705,0.0233224700162587
"ENSG00000260708",59.3694688330863,2.06956922457693,0.503597648906828,4.10956887719671,3.96398472266868e-05,0.000420605817838377
"ENSG00000260805",6.15292237500189,2.58283571126342,0.600312231561707,4.30248723159312,1.68891406574984e-05,0.000234415017088798
"ENSG00000260806",2.28051208622401,2.4544631376435,0.85727842475109,2.86308749500624,0.00419534695417481,0.0146037999534376
"ENSG00000260807",4.22821990995753,3.50660044386689,0.764753316588195,4.58527000511869,4.53400128882685e-06,9.60940196034266e-05
"ENSG00000260852",35.0149000139896,2.54689935475861,0.569151953840061,4.47490224284519,7.64462810028829e-06,0.000135540078221133
"ENSG00000260942",16.2577322386481,4.30007509902289,0.534774230709247,8.04091680580775,8.91687837967832e-16,1.37411595890202e-13
"ENSG00000260948",21.102216024646,2.06691907211771,0.505265091937917,4.09076167164082,4.29958793826382e-05,0.000442546226679352
"ENSG00000260996",49.1672808873399,6.91136499844356,0.726977617762131,9.50698457501202,1.96269292643062e-21,5.05669432248665e-19
"ENSG00000261026",18.0936574982869,4.67386433970425,0.592773111165042,7.8847441823368,3.15180523613466e-15,4.55878215251091e-13
"ENSG00000261087",12.9672781178024,1.95789434939007,0.367422442520781,5.32872825066838,9.89028474816774e-08,4.95686641983398e-06
"ENSG00000261094",2.74373165972974,2.76481417259917,0.773533967711027,3.57426342993129,0.000351215194806042,0.00205129428240958
"ENSG00000261101",10.9484508250533,1.79278683765629,0.574643235142361,3.11982588155266,0.00180957971231604,0.00741475210134951
"ENSG00000261114",5.77103439658532,2.76982964253579,0.809376791705061,3.42217576649408,0.000621221407117197,0.00318475796259852
"ENSG00000261236",18.4508336953371,-1.05612015684821,0.299406861754128,-3.52737459208764,0.000419702527405214,0.00234831183385971
"ENSG00000261270",9.36525662539154,2.7024072472085,0.674405598415328,4.00709491967212,6.14701636655348e-05,0.000570389155138438
"ENSG00000261286",6.38139536469519,1.18284898303297,0.463845193957694,2.55009429534125,0.0107693786554819,0.0316704627519601
"ENSG00000261324",12.7168858730027,3.00407632947868,0.738394173502219,4.06839116190515,4.73388638174254e-05,0.000476248032633024
"ENSG00000261441",19.8988383029143,4.69286796724775,0.618842795150384,7.58329579664468,3.36885592493505e-14,4.55504686290672e-12
"ENSG00000261481",2.68099739272713,2.85600494197819,1.19801777247853,2.38394204792931,0.0171282994406243,0.0464444218839752
"ENSG00000261488",27.5160692399836,2.27446152555766,0.508855149434052,4.46976222621961,7.83066008668104e-06,0.000137507725419897
"ENSG00000261490",7.11310128852795,2.29028110756885,0.520333427582507,4.40156443188669,1.07473142366675e-05,0.000171385362135793
"ENSG00000261618",4.42917507986112,3.96684845095347,0.888697439094058,4.46366589623269,8.05691634624416e-06,0.000139702146689444
"ENSG00000261644",33.0580404379323,6.39574093551134,0.681049928759114,9.39100154839529,5.94323946973412e-21,1.44114817083009e-18
"ENSG00000261652",2.85022237370534,-2.00517045074045,0.761155161130309,-2.63437805212119,0.00842915767101797,0.0258302502837647
"ENSG00000261654",1.72269301780429,2.92413850532305,1.03878044511151,2.8149726143614,0.004878139066343,0.0165744148083515
"ENSG00000261692",2.16052782082024,3.3875308963321,1.22676505348836,2.76135262143269,0.00575624896807955,0.0189715749019916
"ENSG00000261799",5.23280395972477,1.17151393648917,0.445731716864981,2.6282938641408,0.00858143476873132,0.026227855032736
"ENSG00000261888",9.03522890896194,4.42883829098745,0.632254412674797,7.00483571518455,2.47275813461376e-12,2.83147978344765e-10
"ENSG00000261889",23.3460557126766,5.68027995211946,0.734311336226519,7.7355198971996,1.0298139192424e-14,1.45133347986222e-12
"ENSG00000262001",3.57293437809456,2.27959264354439,0.801715825743963,2.84339234719361,0.00446360855175341,0.0153654366200129
"ENSG00000262180",6.90527291518357,4.67842743237038,1.40464130027654,3.33069192216497,0.00086630421683115,0.00411894181987567
"ENSG00000262202",13.5859016200053,3.79054561522207,0.859197524139165,4.41172781429955,1.02548978120342e-05,0.000165160177840679
"ENSG00000262211",2.31219247765005,2.75570246376655,1.14630442122305,2.40398834092112,0.0162172904990458,0.0444197513353433
"ENSG00000262227",7.68783765637893,1.325805830501,0.521757828752399,2.54103677499426,0.0110524293746642,0.0323241411775165
"ENSG00000262434",5.0444442095941,2.8212446580656,1.08054061452894,2.61095660832288,0.00902893491234861,0.027332129203179
"ENSG00000262533",68.6755489977246,7.39588315851915,0.685331518668169,10.7916868800837,3.7680874091261e-27,1.26799986304245e-24
"ENSG00000262678",3.50505559073787,2.1604322937988,0.806980012292439,2.67718191391323,0.00742443120785225,0.0233228131427464
"ENSG00000262766",14.2569803668438,3.01834071305855,0.537805901585879,5.61232352445014,1.99627758549707e-08,1.31666484429045e-06
"ENSG00000262814",103.680183007807,-1.29473606114963,0.301420052388974,-4.29545430334812,1.74335947116526e-05,0.000239751912594194
"ENSG00000263050",69.7868041637017,6.9277231509612,0.670548034233494,10.3314345837734,5.07951493626954e-25,1.49564503185979e-22
"ENSG00000263167",5.68872871834163,4.58938984056106,0.968086854766025,4.74067984496108,2.13002284891075e-06,5.45371844032443e-05
"ENSG00000263220",1.73335465255279,3.53752760636423,1.32041727819403,2.67909824021888,0.00738207319090692,0.0232251487969594
"ENSG00000263528",3.69833848294807,-1.23864262075623,0.524983853823157,-2.35939183983642,0.0183049160829429,0.0490461100571409
"ENSG00000263567",8.57933976654059,3.51655861699779,1.18892617059039,2.95776029158442,0.00309882998127248,0.011402432101292
"ENSG00000263574",6.00614199379942,4.29308129017768,0.889688735459697,4.82537444734474,1.39740473766836e-06,4.00727073381107e-05
"ENSG00000263683",3.73198523711841,3.17811887930369,1.05256694316505,3.01939833845355,0.00253277279436138,0.00967853779982035
"ENSG00000263823",7.76891027995562,1.76092430004267,0.485982488504447,3.62343158796052,0.000290720123407859,0.00178001167375484
"ENSG00000263843",4.95983893579986,2.84415811905049,0.703014329473205,4.04566165981527,5.21755449193014e-05,0.000513188772149995
"ENSG00000263956",6.70718725128641,1.12308115031564,0.409196643996538,2.74460010069178,0.0060584674396343,0.0197778795510057
"ENSG00000264112",20.7178200163713,1.56381334293346,0.32673960887984,4.78611499932523,1.70040650014732e-06,4.65747554500484e-05
"ENSG00000264230",14.5503905324488,-2.45781323078869,0.32779888796826,-7.49793034998543,6.4833332127237e-14,8.55229450756809e-12
"ENSG00000264269",6.13638815323477,1.81976509314402,0.643581386139387,2.82756016928976,0.0046904200094421,0.0160324078639492
"ENSG00000264522",28.4668953499892,1.46420514104802,0.361754827446973,4.04750684705831,5.17660681855498e-05,0.000509936241885836
"ENSG00000264635",6.51194767149173,3.58042250305492,0.730512650785442,4.90124640443293,9.52305220059841e-07,3.01306977888671e-05
"ENSG00000265107",6.66299215415451,-1.4574502045151,0.511973391949251,-2.84673037199473,0.00441707566031819,0.0152306902055597
"ENSG00000265190",10.5128269256616,-2.15448050170086,0.354451487456829,-6.07835085460959,1.21424846680894e-09,1.02675604970321e-07
"ENSG00000265254",7.71750964826892,3.36513908572239,0.908372622072629,3.70458004122159,0.000211741241570853,0.0014004818821748
"ENSG00000265750",2.11150795668255,2.2085680350218,0.869243859439367,2.54079221962667,0.0110601626087426,0.0323410216803611
"ENSG00000266236",4.41152304482341,4.20367058675937,0.912218137627096,4.60818571059566,4.06197786569419e-06,8.85060748411428e-05
"ENSG00000266498",39.9343263227735,5.73173262834732,0.690328532170302,8.30290558949883,1.01595607146292e-16,1.70939792472981e-14
"ENSG00000266897",7.40215383053445,3.70041916290657,0.862182398164106,4.29192148991453,1.77133583102402e-05,0.000241984726741964
"ENSG00000266980",13.0902817263787,2.92478187145764,0.753266652695193,3.88279749407829,0.00010326156248488,0.000818202740900135
"ENSG00000266993",8.88145365971691,3.750851373757,0.67811544655156,5.53128732405568,3.1788912239457e-08,1.92002701068281e-06
"ENSG00000267064",1.96021937968955,3.23874813358076,1.00489836789456,3.22296088545402,0.0012687287735057,0.00556532821131564
"ENSG00000267139",39.2911593189816,1.22424315615494,0.24169046999293,5.0653348317406,4.07683127623144e-07,1.54535335433977e-05
"ENSG00000267169",12.959572362633,2.6244251825852,0.731564497292309,3.58741463302117,0.000333973022159454,0.0019745002374999
"ENSG00000267263",1.44738498088315,3.78561285717763,1.26723213139338,2.98730813668304,0.00281445891844368,0.010537605155817
"ENSG00000267270",8.3649212199837,2.98706079047381,0.773731336887528,3.86059171713245,0.000113112772140594,0.000876052841628111
"ENSG00000267308",2.57840305891382,2.67977401725651,1.08903298241302,2.460691329402,0.0138669611976739,0.0389415871182898
"ENSG00000267322",2.87382969361854,1.97768337466171,0.815342404820305,2.42558630946906,0.0152836810784093,0.0422273152315501
"ENSG00000267328",3.51009201496419,3.54542202602919,1.02347483618254,3.46410278073204,0.000532003199880372,0.0028242758412194
"ENSG00000267348",1.18442464592425,2.79145139918364,1.07389413613188,2.59937297845608,0.00933942356713574,0.0280659295058322
"ENSG00000267368",22.2525102427829,-1.80630372637504,0.473810471477049,-3.81229169702414,0.000137684250911117,0.00101648055714366
"ENSG00000267454",5.41137941292531,1.24134302687637,0.468400689690422,2.65017335413577,0.00804504796065463,0.024892999779177
"ENSG00000267475",18.6012475612669,1.69228617326366,0.571588137977845,2.96067406026059,0.00306966610456859,0.0113115707474892
"ENSG00000267504",10.7648187114905,4.07373864180144,0.73136079053603,5.5700807242014,2.54621337397992e-08,1.6210236418361e-06
"ENSG00000267519",12.8757128167305,3.18194493100606,0.48809905870906,6.51905565936097,7.07513989607465e-11,7.02783022568523e-09
"ENSG00000267632",11.369461603035,2.70041137914024,0.531138869229602,5.08419085023299,3.69196567985466e-07,1.43916837104311e-05
"ENSG00000267688",19.5883994086204,1.70174690515569,0.44207045653329,3.84949249606219,0.000118362809463869,0.000909876160955588
"ENSG00000267855",78.7147766068029,-1.7719761613052,0.403547034900879,-4.39100280278466,1.12829086060572e-05,0.000177692340024142
"ENSG00000267898",30.8903632378812,4.54356200021785,0.781642982561368,5.81283540130948,6.1423450515988e-09,4.58285645048926e-07
"ENSG00000267904",5.3094694758362,1.25116590465827,0.493475082169776,2.53541860544809,0.0112313025590826,0.0327717125989584
"ENSG00000267919",8.48065039160696,3.65466274437474,0.681796817370762,5.36033998877899,8.30654730634844e-08,4.24045382459379e-06
"ENSG00000267922",6.32181651492827,2.72460001330723,0.839411823885884,3.24584421588709,0.00117102901054737,0.00522573676723019
"ENSG00000268006",3.90589452854658,3.32453417720747,0.80558598138818,4.12685207292046,3.67762790023732e-05,0.000397197940108982
"ENSG00000268093",2.45924699168567,3.21171488932008,1.06980793558343,3.00214158307634,0.00268087458260496,0.0101340992646889
"ENSG00000268205",16.2146595027001,1.05973753725158,0.304561825716287,3.47954815006519,0.000502260104928738,0.00270028264433321
"ENSG00000268223",1.33159622165596,3.19347430647775,1.06064753125659,3.01087233257812,0.00260498354203194,0.00989485685891837
"ENSG00000268307",12.4672318396275,-1.22879706276603,0.459242889587005,-2.67570187939346,0.00745729459835301,0.0234037553544429
"ENSG00000268320",7.12343944913656,4.01746452915523,1.38178966743509,2.90743564222226,0.00364405319117083,0.0129858198260239
"ENSG00000268584",3.32137436005225,1.85457481882878,0.755519955685544,2.45469997830299,0.0141002213693486,0.0394935536197025
"ENSG00000268621",3.88208677868583,-1.92340418532929,0.562783898569103,-3.41766029593172,0.00063161887960322,0.00322139304230668
"ENSG00000268655",2.53298225036942,3.4764635596982,1.02172181518557,3.40255391245298,0.000667591825648389,0.00336427922161256
"ENSG00000268858",52.078731246892,1.59431400282797,0.473448945555506,3.36744651729519,0.000758677404305848,0.00371211623726977
"ENSG00000268896",2.58297179147594,3.38294868277575,1.23954391707371,2.72918824107674,0.00634904502850419,0.0205233098363077
"ENSG00000268945",3.48129103239797,3.62173901374612,1.01662050502549,3.56252799923143,0.000367300719792405,0.00211615009387036
"ENSG00000268947",4.37219687335996,1.68848080481994,0.666350176091542,2.53392415189814,0.0112793142985769,0.0328885258124198
"ENSG00000268970",2.00100879125274,3.05515717828919,1.19811326750005,2.54997358026424,0.0107731082709701,0.0316752592139619
"ENSG00000269053",7.52045412744272,4.03735938175441,1.03853289939265,3.88756040768233,0.000101256792985336,0.000806581284799614
"ENSG00000269068",4.37630085563715,3.49552510792793,0.997142811129985,3.50554110094493,0.000455680139063613,0.00250380831920061
"ENSG00000269246",2.33536279128896,-4.52906151308781,1.45853849166548,-3.10520534011834,0.00190146970012775,0.00769784774991568
"ENSG00000269275",3.1516695579862,3.08279615388177,1.05243889247894,2.92919254116548,0.00339843837970285,0.0122780128051973
"ENSG00000269318",2.0925435748552,3.54781290671334,0.978362976855923,3.62627469624273,0.000287539472756162,0.00176516692713193
"ENSG00000269352",21.1485429631509,1.1904949382195,0.389399851744805,3.0572557562238,0.00223373597594908,0.00877999344634669
"ENSG00000269688",29.2411001584178,2.98857735374156,0.653400892361811,4.57388012272056,4.78773839878555e-06,0.000100057057614164
"ENSG00000269729",15.5471253360689,-3.42954008838372,0.81455240276466,-4.21033696143253,2.54990084732875e-05,0.000307533963249806
"ENSG00000269821",1.85133909364053,2.15698604783113,0.899505120661905,2.39796972611329,0.016486227752151,0.0450217637305761
"ENSG00000269826",2.80015001485424,2.9518680491595,1.1739583422427,2.51445723663441,0.0119215759522418,0.0344264213443984
"ENSG00000269855",9.21971665488667,-1.3860667119294,0.454728141827052,-3.04812168950072,0.00230276655943756,0.00898539649986725
"ENSG00000269900",579.731372069903,2.61803278412039,0.689141529892031,3.79897694531712,0.000145294605732688,0.00105679874456387
"ENSG00000269918",5.61706076317163,1.13085751464359,0.457671295643622,2.47089455993361,0.0134775550312982,0.0380859305760199
"ENSG00000269925",7.58831501999301,2.93519080358753,0.603235826081015,4.86574350640994,1.14027320573728e-06,3.45162547841429e-05
"ENSG00000269929",9.14544619604171,1.70731305714251,0.459656385070813,3.71432468381678,0.000203747062558046,0.00136015599778122
"ENSG00000269938",3.07440314206448,3.69723990020647,1.09903568811652,3.36407628995438,0.000768003104994787,0.00374995652894849
"ENSG00000269971",3.28083102354128,4.17367489122505,0.95417427212841,4.37412222603228,1.21922057431375e-05,0.000187185549812472
"ENSG00000269993",158.69022934751,7.65367138828791,0.606151454974033,12.6266650446558,1.50523535366558e-36,1.07912285854747e-33
"ENSG00000270012",5.55822360027482,2.69678615087998,0.652860419481205,4.13072391955232,3.61622662919984e-05,0.000393065002563456
"ENSG00000270022",47.228799451086,6.08848185003332,0.670723559581629,9.0774832090751,1.11114364004035e-19,2.34892916418274e-17
"ENSG00000270039",2.08547236064109,-3.25201810914808,1.03102632403536,-3.15415623572046,0.00160962888409245,0.0067741630091374
"ENSG00000270066",34.5180093702858,5.99772555396566,0.656815829101647,9.13151798148498,6.75454459995496e-20,1.4654695514297e-17
"ENSG00000270069",32.1555261902252,2.21069389038867,0.313175747755076,7.05895621303851,1.6775791949341e-12,1.94800023558228e-10
"ENSG00000270083",3.40841599119368,2.09799583817242,0.888518828509084,2.36122833963216,0.0182145115703769,0.0488356229729993
"ENSG00000270103",59.4490250946605,5.50899658666084,1.35832540656513,4.05572667641676,4.99786761718298e-05,0.00049644481409476
"ENSG00000270108",8.31447694838726,1.89575657791539,0.574035304255517,3.30250868520022,0.000958241204116978,0.00445208205541979
"ENSG00000270127",3.21183573135628,1.69016835621451,0.622309146274189,2.71596258279936,0.0066083386194939,0.0212035212097363
"ENSG00000270141",24.5054634468045,5.26253702363014,0.73751945454132,7.13545519541993,9.64673790913729e-13,1.15264537234612e-10
"ENSG00000270177",2.91961085770724,3.55086613047574,0.945015041349618,3.75747048999833,0.000171639600588697,0.00118964496599707
"ENSG00000270179",1.88716258309987,-2.16618401130651,0.84068778078692,-2.57668073785831,0.00997540394161124,0.0296184645144093
"ENSG00000270195",18.6159933216043,6.06094843354744,0.703424696801279,8.6163429591095,6.91264972609244e-18,1.26647423703931e-15
"ENSG00000270210",3.60307388942735,1.9432899559039,0.735662474309928,2.64155101526248,0.00825273774455436,0.0253737446708851
"ENSG00000270419",3.45552221267338,2.76848962466301,0.959103683113587,2.88653841436154,0.00389505195696733,0.0137380773729271
"ENSG00000270482",5.7103937017071,2.9780708698418,0.844627324199796,3.52589927476385,0.000422047453850757,0.00235443368591953
"ENSG00000270589",1.81188834398245,2.15118549809912,0.873329657080153,2.46319987035741,0.013770312911186,0.0387075843151289
"ENSG00000270629",4.13507610913669,1.54889478224117,0.570059581874954,2.71707525228641,0.00658616310316732,0.0211488302644841
"ENSG00000270640",5.36897241483366,3.54025049795919,0.964270214686121,3.67142990008415,0.000241197237068545,0.0015484205342673
"ENSG00000271344",9.1978025570793,2.69433746359128,0.681464129589119,3.95374803544803,7.69364287593113e-05,0.000664538907182967
"ENSG00000271383",4.09890118397925,2.38039903848339,0.610091934273598,3.90170547217215,9.55173341011664e-05,0.000775472832099523
"ENSG00000271425",2.04907846890485,2.28055570463085,0.813597967884211,2.80304990259686,0.00506218359755301,0.017115100541327
"ENSG00000271503",1.69989549443822,2.80268579118667,0.93398030069026,3.00079754264125,0.00269273533804551,0.0101672802814363
"ENSG00000271555",6.14613184170256,4.06588049922959,1.07216447669785,3.79221713421439,0.000149308275407991,0.00107752795080789
"ENSG00000271743",1.56498809140455,3.32461206555856,1.04541975498777,3.18016954404832,0.00147188908162943,0.00627942537308868
"ENSG00000271795",3.34683394596037,2.71243939599873,0.788184019649584,3.44137831823163,0.000578758715895741,0.00301672831550741
"ENSG00000271862",3.1485556645939,2.50401469018473,0.765641967884566,3.27047731866528,0.0010736615178479,0.00488914796127978
"ENSG00000272030",38.3526157694581,1.19757428879569,0.408672631238802,2.93040002499188,0.00338525904606712,0.0122394595302772
"ENSG00000272047",10.061563344585,-1.46208561209643,0.441009061024927,-3.31531875716675,0.000915386788995208,0.00428679714960011
"ENSG00000272056",1.74103946702386,3.79364871372506,1.06858338846751,3.55016628057979,0.00038498789989243,0.00219550989096818
"ENSG00000272077",7.67641354705911,1.54959861700218,0.507155576892841,3.05546993389289,0.00224708131398616,0.00881983427429608
"ENSG00000272088",3.79649254608279,2.18859876975122,0.79191045041932,2.76369476951889,0.00571509726341462,0.018869891625239
"ENSG00000272109",2.10215233058256,3.56976544698203,1.01244730984641,3.52587775409622,0.000422081749989577,0.00235443368591953
"ENSG00000272123",2.1025257458024,2.40134130168055,1.00472112943294,2.39005753072582,0.0168457337749191,0.0458138387291179
"ENSG00000272141",128.909261830297,6.1496086491969,0.405669255309346,15.1591686298915,6.58981926105802e-52,1.20732810883984e-48
"ENSG00000272145",3.56202947808392,1.96266270500187,0.787404223257684,2.49257325148938,0.01268211681555,0.0362355612842842
"ENSG00000272159",2.79089595373518,3.82461904797543,0.88545034508803,4.31940545191746,1.56450117503724e-05,0.000222005678788202
"ENSG00000272217",11.5396723500059,1.89770160768638,0.625888324159978,3.03201311549203,0.00242928648460899,0.0093677513668657
"ENSG00000272256",8.15760159640388,4.38104879455611,0.774834427741919,5.65417415346876,1.56597371017806e-08,1.05393226559698e-06
"ENSG00000272263",3.66342094177831,2.42532813439581,0.872745820968654,2.77896275882931,0.00545327767175652,0.0181875193223287
"ENSG00000272333",44.9402769478827,1.06079458853513,0.298704620433662,3.55131630369514,0.000383309459966234,0.00218774305482286
"ENSG00000272391",20.6984397358969,1.19211385430485,0.307670164618661,3.87464886555512,0.00010677855302357,0.000838015973729484
"ENSG00000272398",574.541692957152,-1.35673176064844,0.286719120636646,-4.73191936985535,2.22406761403645e-06,5.65063958210278e-05
"ENSG00000272455",7.70956691463977,1.66268075741102,0.449163379495381,3.70172822031703,0.000214135924133853,0.0014113788233282
"ENSG00000272468",130.933768276872,2.88154181848071,0.908949114366705,3.17019046824022,0.00152339043334824,0.00646235782235122
"ENSG00000272512",11.4006086716593,2.38246970585179,0.514564839314398,4.63006704660617,3.65547350679869e-06,8.23430364120267e-05
"ENSG00000272589",7.78189045177631,1.31973551628935,0.43797847964988,3.01324283637029,0.00258472000889485,0.00982694217815705
"ENSG00000272666",6.0278015843412,-2.09971440314661,0.625920295466029,-3.35460348283366,0.000794788196104381,0.00386130305408519
"ENSG00000272669",37.9615450148396,1.54277994895639,0.579951706284024,2.66018692977314,0.00780972940650757,0.0242879343990764
"ENSG00000272677",2.41564032313744,2.47747863279611,1.03102463441196,2.40292864991449,0.0162643604654976,0.0445338823838575
"ENSG00000272695",7.70153287921405,3.21314935388364,0.651501922121129,4.93191078150994,8.14291102056899e-07,2.6482930930604e-05
"ENSG00000272734",289.377094979985,4.9914022115725,0.684793731793357,7.28891340535619,3.12464795427943e-13,3.8164681568973e-11
"ENSG00000272791",2.40486505220712,3.43581884616187,1.23986317716255,2.7711274190954,0.00558625620091035,0.0185298287058561
"ENSG00000272799",2.36045376910118,2.94863613660618,1.21786895611064,2.42114401702371,0.0154717463581834,0.0426611414214192
"ENSG00000272812",6.46039398137534,3.46092734573386,0.746173301171897,4.63823530042998,3.51396600491145e-06,7.99197040758413e-05
"ENSG00000272836",3.08282199133249,3.3520690873646,1.17188227712592,2.86041452524197,0.00423087586556049,0.0147148095649076
"ENSG00000272886",62.1579407165789,1.45982166156131,0.344223744502624,4.24090924834552,2.22616138412262e-05,0.000280421505445362
"ENSG00000272888",30.7626485241947,1.23276279087903,0.261829051155503,4.70827352976535,2.49823719980566e-06,6.20943620236925e-05
"ENSG00000272894",8.98963279487318,1.5447714215068,0.629770102921334,2.45291323665735,0.0141704513161141,0.0396565804058733
"ENSG00000272899",11.5244474731989,3.77141430018286,0.587223814367568,6.42244780934952,1.34100234279181e-10,1.2635307217311e-08
"ENSG00000272906",13.2290999410768,3.10927258131693,0.706545602915194,4.40066793776386,1.07918166955163e-05,0.000171928758929824
"ENSG00000272913",2.9569088432746,-2.10281787134386,0.711821232590033,-2.95413760515761,0.00313544164688698,0.0115171078894006
"ENSG00000272994",9.73049975694463,3.00368491074893,0.520419641474409,5.77165939056248,7.8494660220619e-09,5.77811809097226e-07
"ENSG00000273001",11.8259362605856,2.58596327675982,0.714660004416799,3.61845249598108,0.000296369884965986,0.00180592868928461
"ENSG00000273002",1.68862752072377,2.38817826681919,1.00517031792741,2.37589413875992,0.0175064845468261,0.0473220366709206
"ENSG00000273017",6.75112399802769,3.05711574890531,0.730485005045664,4.18504928614408,2.85104234895575e-05,0.000332917856564235
"ENSG00000273038",26.3840875620301,1.94301544034593,0.48206401179896,4.03061708152618,5.56306095553026e-05,0.000535489270844942
"ENSG00000273055",2.51018023074532,2.87219900179597,0.901936881330736,3.18447893777032,0.00145014863494499,0.00620489356955035
"ENSG00000273096",6.43683659521988,4.56372652339988,1.31261725062988,3.47681437312355,0.000507408984263248,0.0027261866215434
"ENSG00000273110",1.88817044288309,3.30112174586797,1.19716417302749,2.75745116688535,0.00582539136897259,0.0191611566493096
"ENSG00000273113",5.13723764429148,3.38176963969554,0.802112560133647,4.21607865002397,2.48587092813221e-05,0.000301615347564179
"ENSG00000273129",2.59321926210032,2.56106614608035,0.875953642136298,2.92374621542112,0.00345846589048223,0.0124531806652756
"ENSG00000273136",5.07508982655793,1.1607543354632,0.479650468549004,2.42000042025313,0.0155204891641117,0.0427883875316901
"ENSG00000273142",11.6238845173922,1.38278355371974,0.376574371515426,3.6720065365975,0.000240653525516897,0.00154582624941492
"ENSG00000273210",9.38439768884412,3.2022024901568,0.911212742019151,3.51422049154082,0.000441046554910268,0.00244450979627408
"ENSG00000273216",3.820803642624,2.37946039834965,0.736555920254756,3.23052239879717,0.00123564222256378,0.0054462722822385
"ENSG00000273254",2.60818001669066,3.26992242704021,1.1059850756459,2.95657011929439,0.00311081490418052,0.0114342904491825
"ENSG00000273295",2.25199363934343,2.1659736791215,0.785170319415939,2.75860361193059,0.0058048899815451,0.0191051558694006
"ENSG00000273306",17.2561397687099,2.42934919882777,0.505343368198895,4.80732379547448,1.52964135886337e-06,4.28221670055994e-05
"ENSG00000273356",2.92667968460616,3.96444598569928,1.01264864014479,3.91492747685165,9.04313856299424e-05,0.000744073412002056
"ENSG00000273373",2.26493143307526,2.05855446334549,0.846315135540622,2.43237344683727,0.0150002324322814,0.0415247932620808
"ENSG00000273391",5.62896987924521,1.94847583879246,0.714326710672129,2.72770961757693,0.00637757226566455,0.0205993710261592
"ENSG00000273450",8.78429598016952,2.66813765738119,0.644179369003106,4.14191727610005,3.4441457489006e-05,0.000378603461690813
"ENSG00000273454",4.76448255888493,2.14257085489946,0.903178704598423,2.37225572745551,0.0176798492906997,0.0476921257412322
"ENSG00000273466",21.0958193688929,1.73736683642555,0.479916876402731,3.6201411574608,0.000294442340693122,0.00179683928781972
"ENSG00000273483",1.45053162228655,4.25881632374248,1.28314967131946,3.319033171994,0.000903296982771555,0.00424464632343123
"ENSG00000273542",4.58524260519283,4.67889258557896,1.00450418195196,4.65791250016191,3.19431918745959e-06,7.44994753635378e-05
"ENSG00000273559",105.957365809311,1.71012360903387,0.372721003233822,4.58821368851341,4.47054903543239e-06,9.499340598614e-05
"ENSG00000273568",16.8036964423159,1.51275504552943,0.471964452744006,3.20523089553515,0.00134954174461118,0.00584364333689435
"ENSG00000273599",3.65089738710668,3.74082097477574,0.835502359919559,4.47733142864599,7.55818649852312e-06,0.000134296268506625
"ENSG00000273604",27.9808934565103,1.25376446594864,0.326532967385165,3.83962598321581,0.000123221886118626,0.000940215492924585
"ENSG00000273703",11.376067290224,4.29728635119968,1.20744766100169,3.55898354023453,0.00037229286017502,0.00214042432755436
"ENSG00000273759",5.92014022046016,1.7441674600444,0.578576732807946,3.01458278762718,0.00257332970395419,0.00979945346154749
"ENSG00000273760",11.2872852204147,-2.95007454125674,0.451638391388462,-6.53193926270836,6.49234860764404e-11,6.52758147508796e-09
"ENSG00000273802",871.751902294399,2.50063398049082,0.76073746494815,3.287118218453,0.00101218332458564,0.00465732053957176
"ENSG00000273893",6.01241451300425,2.31156913918428,0.866766812836725,2.66688699307609,0.00765574093677592,0.0238946644532459
"ENSG00000274204",9.16021636606147,3.2570311939881,0.818205183192996,3.98070222591078,6.87119805940368e-05,0.000617477103395408
"ENSG00000274213",29.2738760369348,2.00078012698122,0.327518666008644,6.1089041164097,1.00317570756233e-09,8.6152938760392e-08
"ENSG00000274227",3.13717421838175,2.33725473975301,0.843547507954956,2.77074464415087,0.00559282685015185,0.0185441628659067
"ENSG00000274290",25.5765585150147,3.77918805327016,0.742032007642504,5.09302565704268,3.52393988350059e-07,1.38678388398666e-05
"ENSG00000274370",5.63821139013026,3.37603229205839,0.744859912070916,4.53243923769786,5.83064509413434e-06,0.000113107655243742
"ENSG00000274460",2.38372628045308,2.42684830102917,0.886305428092216,2.73816251611253,0.00617835362553543,0.0201055600812026
"ENSG00000274512",5.89709188882724,1.61115305862826,0.489207253779952,3.2933956849155,0.000989850643501474,0.0045757351445741
"ENSG00000274528",4.78595746565569,1.53242570885522,0.620184602675301,2.47091866235436,0.0134766467206286,0.0380859305760199
"ENSG00000274561",11.8847066053259,1.85918689402166,0.514355001475169,3.61459865013368,0.000300813260585538,0.00182156072486042
"ENSG00000274618",39.1978332714794,5.59039914792355,0.705995492094779,7.9184629512805,2.40464570161292e-15,3.5401966940978e-13
"ENSG00000274641",6.6612206980279,3.65137429246115,1.13470061889113,3.21791865772437,0.00129124431236129,0.00564282723288343
"ENSG00000274678",12.309656562363,4.56048135882298,0.99002271442708,4.60644113752693,4.09618941009284e-06,8.8988230807669e-05
"ENSG00000274712",2.72738524786535,1.83111740917554,0.652462681634482,2.80647071582456,0.0050087464908341,0.0169448545111538
"ENSG00000274737",3.13497268933084,4.08637395342652,0.919641396886111,4.44344281071177,8.85306962769878e-06,0.000149109565976634
"ENSG00000274750",16.2415235078049,1.23531329873945,0.379873133150475,3.25191015351466,0.00114632251412499,0.00514892725017896
"ENSG00000274818",8.20054155948283,3.83699820427921,0.925673935536808,4.1450861442416,3.396859849684e-05,0.000374654328170164
"ENSG00000274828",8.21120502938975,1.26309030410015,0.428602124789248,2.94699963216756,0.00320873585134543,0.01173405310553
"ENSG00000274925",3.56825602722173,2.84997536939136,0.804823047004214,3.54112047362436,0.000398431608434611,0.00225531712718102
"ENSG00000274943",11.410403438994,3.48043140241472,0.66139971952376,5.26222086232633,1.42325648384573e-07,6.68606158465308e-06
"ENSG00000274997",97.6043694366248,7.48767227889503,0.582322838989393,12.8582837174817,7.72733760382471e-38,6.0674318928317e-35
"ENSG00000275055",6.06503441819035,1.59033990343446,0.657592003078916,2.41842950642392,0.0155876655249723,0.042959220598574
"ENSG00000275056",5.42042067654148,4.38244215903749,0.977623073200307,4.48275238092663,7.36864152577806e-06,0.000132127789851035
"ENSG00000275092",3.72966334688505,2.20294153258792,0.781183620505403,2.82000476554114,0.00480229362898403,0.0163706883705432
"ENSG00000275126",34.3966561270129,6.11095431691253,0.682852821875289,8.94915290842656,3.58220655641047e-19,7.20329315959174e-17
"ENSG00000275180",7.18137565116998,1.34908541523122,0.533153752791249,2.53038716912013,0.011393672386086,0.0331344057570322
"ENSG00000275198",1.87940939959535,2.63105636113536,0.960883588258092,2.73816349169309,0.00617833529674499,0.0201055600812026
"ENSG00000275202",3.48843049832294,2.02730558775834,0.732484890753036,2.7677097689676,0.00564517031651257,0.0186839047268117
"ENSG00000275216",44.3609343044622,1.38130666342834,0.411559158113733,3.35627730836843,0.000789993133589365,0.00384140276607344
"ENSG00000275221",14.0464944065628,2.32786292806043,0.75759662557389,3.07269442534415,0.0021213559205269,0.0084179590781533
"ENSG00000275379",11.8285424434747,4.50216408509958,0.872718163507693,5.15878352640691,2.48559490080345e-07,1.05331816303785e-05
"ENSG00000275576",3.42317105998112,3.70812856258156,1.13522558729169,3.26642440418211,0.00108914883257948,0.00494465173469247
"ENSG00000275645",8.00354451300695,1.78627364984248,0.584613573213526,3.05547755250296,0.00224702422575555,0.00881983427429608
"ENSG00000275703",2.47663091003005,3.37833917147644,1.17633977697498,2.87190762193217,0.00408002215658793,0.0142653700890539
"ENSG00000275713",9.97229185925116,1.1593093944075,0.378046824055611,3.06657620336724,0.00216525608686692,0.00856801238693272
"ENSG00000275714",44.1089195266796,5.11256737448983,0.567945545508734,9.00186191250127,2.21921570554827e-19,4.51761083565251e-17
"ENSG00000275759",4.16329200121149,3.06482794819842,0.811208973281887,3.77809916943982,0.000158029952722514,0.00112123747437243
"ENSG00000275764",13.4863467227874,1.44530975248982,0.416178043652114,3.47281596070445,0.000515028390678149,0.00275455826593967
"ENSG00000275765",6.01141973613673,1.7166262694826,0.589817989029301,2.91043389895204,0.00360927303492821,0.0128872462262736
"ENSG00000275832",30.3081211516303,1.51051333413231,0.216380714966976,6.98081312081275,2.93476482367952e-12,3.33733359845873e-10
"ENSG00000275888",3.24517341245437,3.19566829640988,1.30453909945447,2.44965313630404,0.0142993890355121,0.0399428469941656
"ENSG00000275894",13.4445989337952,4.42006247611699,0.681876671537273,6.48220222309714,9.03933691022502e-11,8.92512732411379e-09
"ENSG00000275895",3.48735952359297,3.62358870653805,0.875184315023039,4.14037208429936,3.46742922976173e-05,0.000379824726596294
"ENSG00000275902",1.49991096845332,3.66880522917838,1.44648656770825,2.53635623799194,0.0112012723313213,0.0327014482066495
"ENSG00000276045",30.5005923567907,-1.02892221828591,0.274705949813368,-3.7455403459042,0.000180005913880807,0.00123107321193722
"ENSG00000276071",1.40532425624638,2.68286537247469,1.05821704437615,2.53526947683623,0.0112360853920858,0.0327798676627923
"ENSG00000276107",4.95577562140144,2.70279096659116,0.674974174027599,4.00428797218047,6.22045533225501e-05,0.000575584107595695
"ENSG00000276180",20.5691564138129,2.66257834976307,0.974705062280157,2.73167592208295,0.00630130897893954,0.0204170335534946
"ENSG00000276216",9.70930289502053,2.82777457152359,0.853541104365545,3.31299167323118,0.000923037279298911,0.00431282564419375
"ENSG00000276248",4.94644708369297,1.51787809182138,0.504717653816161,3.00738062230383,0.00263509598896665,0.00998827796489454
"ENSG00000276384",4.06526806123925,2.46590763489196,0.810209904752931,3.04354170496586,0.00233811030395168,0.00909598546389271
"ENSG00000276390",5.42110177077847,2.37147672945555,0.73798831268671,3.21343399168746,0.00131157941672729,0.00571679434375264
"ENSG00000276410",34.0274807665309,5.28791073439768,0.804070322545932,6.57642818808999,4.81883564963162e-11,4.90480129794912e-09
"ENSG00000276445",9.91329464957083,3.52700213299916,0.828490784663958,4.25714105489988,2.07057725027796e-05,0.000267784707828367
"ENSG00000276523",2.42114387196489,3.85155797255587,1.29376325044327,2.97701915032464,0.00291065828588797,0.0108436160135578
"ENSG00000276600",11.7477420534125,-3.04164912087677,0.598788813145083,-5.07966924916448,3.78092552426715e-07,1.46064242261334e-05
"ENSG00000276603",17.3807257010756,2.54863850517951,0.752358017041439,3.38753418911084,0.000705239268789476,0.0035089590534308
"ENSG00000276814",3.10603307743436,2.89596033912448,0.880222073934695,3.29003375952526,0.00100175363190127,0.00461910392517339
"ENSG00000276831",3.79004650595882,4.61563871815948,1.26308621840431,3.65425467470507,0.000257930151121252,0.00163388792233512
"ENSG00000276850",9.44524909751083,-1.18773024930142,0.358040302583066,-3.3173088077867,0.000908890980644424,0.00426242985774912
"ENSG00000276867",3.71054766649843,3.06386777965189,1.18888897425958,2.57708486325229,0.00996374852038861,0.0295968743204266
"ENSG00000276900",24.4111971878308,2.89594776973896,0.638275740716453,4.53714215503211,5.70216719086189e-06,0.000112065595721242
"ENSG00000276903",16.5899871594897,4.88757111193442,0.884781132664107,5.52404536161137,3.31281872307589e-08,1.97044166786918e-06
"ENSG00000276952",1.75320769439796,3.10020417891615,0.989320638625814,3.13366977082617,0.00172635020388753,0.00713055651046257
"ENSG00000276966",73.8458515824264,3.6638142188729,0.738069290267183,4.96405184064303,6.90375028870413e-07,2.34230326153174e-05
"ENSG00000276997",4.83811165528022,1.871909600368,0.556289909449677,3.36498931325184,0.000765466237837715,0.00373978453206106
"ENSG00000277075",409.653277317568,2.39741904502811,0.651463825911553,3.68004937445843,0.000233188798390634,0.00150963882868597
"ENSG00000277157",74.6357609964225,3.21113476059806,0.825188946462313,3.89139332799426,9.96702071755477e-05,0.000797410017524311
"ENSG00000277224",25.1425834444259,3.51317578505917,0.775060440343043,4.53277654514818,5.82133879310988e-06,0.000113060135877019
"ENSG00000277258",38.7205058922875,1.18974302925362,0.296104342019885,4.0179857584585,5.86977438345544e-05,0.00055369971286497
"ENSG00000277310",15.1274311533056,3.39659277596651,0.896705422222056,3.7878579651606,0.000151951669279531,0.0010907393842828
"ENSG00000277363",2.46284169597526,1.76288571928389,0.71254919494993,2.47405474846936,0.0133589223170703,0.0378090061939876
"ENSG00000277462",8.00550827780809,1.70219604640214,0.420847228166465,4.04468874327203,5.23926847728997e-05,0.000514534234199133
"ENSG00000277476",10.8284193332189,2.49249476034089,0.571143804105141,4.36404061888773,1.27681853527287e-05,0.000193684092254962
"ENSG00000277558",2.24400846123921,2.8766047720892,1.06831157920781,2.69266460092317,0.00708835366278016,0.0224768968356889
"ENSG00000277595",9.13998770904148,2.53266887108859,0.757491565750719,3.3434944831083,0.000827303389795714,0.00397824601759741
"ENSG00000277775",7.12786933238514,4.0365943333882,0.744138546790094,5.42451987039296,5.81105259006714e-08,3.16542098432629e-06
"ENSG00000277791",248.48530280538,-1.01774932879434,0.250760752864443,-4.05864680644233,4.9357899918961e-05,0.000492157820749083
"ENSG00000277831",4.00369497739457,5.63401887071788,1.45278792642208,3.87807385252252,0.000105286758526757,0.000829862983435803
"ENSG00000277895",2.53316121509896,3.07848017583206,1.01589316304366,3.03031882467719,0.00244295705795192,0.00940946482797692
"ENSG00000277938",2.68286448814524,2.1924640554712,0.764938301794019,2.86619724797305,0.0041543530997715,0.0144853305692815
"ENSG00000277959",9.56807558514266,3.97034791995838,0.660409190418733,6.01195134404622,1.8330334490888e-09,1.51883862020228e-07
"ENSG00000277972",12.057622194787,-1.38939705043826,0.393173315863929,-3.53380301861357,0.000409626240710936,0.00229895407865304
"ENSG00000278000",56.5383375916956,3.02660400480627,0.685727648645363,4.4137114943305,1.01613354131637e-05,0.00016426496041927
"ENSG00000278129",7.71018561697428,1.28248527515387,0.368320296198111,3.48198372012617,0.000497713950174349,0.00268459447969409
"ENSG00000278224",12.4431702334269,1.5212168360238,0.348793443588027,4.36136878140565,1.29251302624267e-05,0.000195345987990059
"ENSG00000278341",15.4802752155211,4.57810630845747,0.566194764201581,8.08574469054527,6.17854960973386e-16,9.70267662046683e-14
"ENSG00000278463",121.910224341841,3.65206465359443,1.23909982014708,2.94735306568033,0.0032050702959784,0.0117232484716921
"ENSG00000278492",1.96136493183616,4.12364284390181,1.60338314535186,2.5718387123228,0.010116000709231,0.0299735374114124
"ENSG00000278540",29.3520321924622,-1.01393042669824,0.244620676023701,-4.14490893893208,3.39948775099178e-05,0.000374693539612991
"ENSG00000278588",4.56126085784362,3.02694888370193,1.11861485534266,2.70597951497317,0.00681032468629211,0.0217669012894496
"ENSG00000278615",1.78541983738924,2.95967080636568,1.03315805106623,2.86468348507885,0.00417426243844339,0.0145485971987937
"ENSG00000278705",156.365089836252,7.96548332786338,0.609244772559929,13.0743564600381,4.61452622060526e-39,4.00468015008211e-36
"ENSG00000278709",1.74362012430159,2.79894839524035,1.00821305659622,2.77614773675889,0.00550072070390181,0.0182902568434436
"ENSG00000278828",12.6060169114952,2.53001756908036,0.535001397296501,4.72899245098272,2.25636772178731e-06,5.71861313347406e-05
"ENSG00000279342",1.43921272361625,2.76791729114057,1.01138932562715,2.73674758177246,0.00620498839600693,0.0201643779388566
"ENSG00000279529",3.27465294889558,1.9583460501158,0.773767150239105,2.53092425739532,0.0113762411807581,0.0331125932620513
"ENSG00000280109",2.20233681657172,3.47730165614832,0.964790782152461,3.60420281834619,0.000313112484858509,0.00187531411105818
"ENSG00000280213",3.23150995827685,3.16757242225904,0.816912902831326,3.87749099234521,0.000105539233768567,0.000831455530630625
"ENSG00000280587",10.1160212810971,2.1342290211967,0.414102000721473,5.1538727595576,2.55161110043205e-07,1.06785572170112e-05
"ENSG00000280693",3.15253798594094,-2.26900913158163,0.661459312504388,-3.43030793986527,0.000602896611128255,0.00311342380861065
"ENSG00000281026",3.16048605900054,2.19424595522684,0.697283851440329,3.14684751510356,0.00165041007626722,0.00689650576471623
"ENSG00000281183",26.4307923710441,2.13612411774526,0.508842897247763,4.19800321336734,2.69278811631816e-05,0.00031922833101407
"ENSG00000281195",4.73502766440171,2.48036550291768,0.649290892169346,3.82011442456944,0.000133389777709802,0.000992986024675816
"ENSG00000281491",8.32172201610916,2.42341693801052,0.772776118329,3.13598839370289,0.00171275981779324,0.00708587450484953
"ENSG00000281756",3.40271365431372,4.13505929784417,0.941828815825444,4.39045740410914,1.13112472327313e-05,0.000177799004404678
"ENSG00000282221",12.1795517276197,-1.7024952521989,0.506407159096851,-3.36190992093242,0.000774053703133569,0.00377223662017062
"ENSG00000282386",5.63499227452492,2.05228772362693,0.669761460937205,3.06420695027023,0.00218247878008135,0.00861934404629219
"ENSG00000282508",2.49777379406734,1.89092812706402,0.773801364872048,2.44368673009087,0.0145380440876496,0.040492873135347
"ENSG00000282885",352.851905882738,3.0304911415101,0.575535101424426,5.26551922551684,1.3979368831191e-07,6.58588036164311e-06
"ENSG00000282977",21.974266363432,3.90325100507329,0.777210793962968,5.0221266037374,5.11024787334461e-07,1.85601051065153e-05
"ENSG00000283000",35.1446947754739,2.79407925953982,0.348911845065367,8.00798052303542,1.16607366302797e-15,1.76398060822644e-13
"ENSG00000283439",2.41957670419715,4.32443690653827,1.13358314616738,3.81483874487645,0.000136271889979723,0.00100912346226656
"ENSG00000283633",9.45089035849151,1.21542402393879,0.409662604728029,2.96689033832047,0.0030082823423135,0.0111268657564844
"ENSG00000283992",30.1586474914419,-1.69133127200302,0.348388460614485,-4.85472816470401,1.20551996545193e-06,3.59454226226706e-05
"ENSG00000284642",8.8441616767789,1.8713851871805,0.539045291742091,3.47166595432555,0.000517239520002076,0.00276548717422641
"ENSG00000284753",13.8239363935464,-1.22622099410229,0.400097961635933,-3.06480190273521,0.0021781421542277,0.00860867353333187
"ENSG00000284981",6.08545676700115,-1.47686043522534,0.495885189051577,-2.97823058206268,0.00289917787249423,0.0108106159971862
"ENSG00000285373",1.3488989273878,2.54751029122804,1.01107925828399,2.51959504693202,0.0117489915384676,0.0340293556082544
"ENSG00000285583",18.9672304920935,1.42513068398463,0.492519676669298,2.89355075846348,0.00380912718458307,0.0134840485501482
"ENSG00000285646",3.81753432809307,2.97890433643909,0.892018235603078,3.33951058122158,0.000839261536459996,0.00401467463727556
"ENSG00000285669",1.90238821050422,1.97385094542719,0.776306879293171,2.54261684145371,0.0110025808130356,0.0322011989751765
"ENSG00000285685",3.28049411348349,3.12918667114953,0.934252216383208,3.34940245928837,0.000809860651712577,0.00391673047267694
"ENSG00000285737",5.84296869701158,3.17995654021771,0.73850894973606,4.30591469657099,1.66297135599556e-05,0.000231607447449128
"ENSG00000285744",4.7718917018461,3.88795730783064,0.968819314443714,4.01308814746645,5.99295211097386e-05,0.000562103454822799
"ENSG00000285796",2.70222365808166,2.95527712979444,0.903751395292745,3.27001113933236,0.0010754324932531,0.00489450907569703
"ENSG00000285898",1.20059747549564,2.98743821701568,1.11699441575963,2.67453281311529,0.00748334526206202,0.0234702650277465
"ENSG00000285906",8.26943050280343,1.62512667979357,0.465471034173945,3.49135941977061,0.000480569291644854,0.00261349177108575
"ENSG00000286010",3.0073652660015,-2.74197364488164,0.70247737973538,-3.90329101545523,9.48934893518212e-05,0.000771547705089833
"ENSG00000286207",4.11319400653348,3.14752616525579,0.722410909853559,4.35697484952688,1.31872414252548e-05,0.00019767674896457
"ENSG00000286230",3.72337024668569,2.52772979664245,0.869419830727366,2.90737536378452,0.00364475554338278,0.0129858198260239
"ENSG00000286342",10.7684068811246,-2.70468693066713,0.604790595175702,-4.47210481155278,7.7453446468063e-06,0.000136873906042648
"ENSG00000286380",6.55580770748284,4.23454975644521,0.843719824826821,5.01890512921677,5.19668040793644e-07,1.86549778754463e-05
"ENSG00000286393",5.8208113194363,4.16512180420249,0.912872734617484,4.56265330999044,5.05111845359738e-06,0.000103262833529269
"ENSG00000286408",3.29289422262029,2.82595957836459,0.979722360409048,2.88444940379304,0.00392098760127,0.0138059287972114
"ENSG00000286451",4.82784349050214,-1.46361679006312,0.600890622946877,-2.43574576498677,0.0148611254124944,0.0412299960899696
"ENSG00000286522",5.16060309528458,2.95374932760789,0.967156043577823,3.05405663049058,0.00225769458358726,0.00885114468569225
"ENSG00000286562",3.55200183294105,4.19703572384231,1.43137732081449,2.93216586766521,0.00336606916583528,0.0121797486230981
"ENSG00000286570",3.63529068279221,4.18953391563754,1.26939087939968,3.30042856272835,0.000965372870677439,0.00448142828395278
"ENSG00000286592",2.49903123178128,3.76022772386634,1.04920627097777,3.58387843065611,0.000338529696068834,0.00199571546602753
"ENSG00000286741",4.96147011611164,3.17773800586139,0.7771708142419,4.08885401719717,4.33509554125251e-05,0.000445366918253661
"ENSG00000286755",7.83641365059457,5.11401875777602,0.952905240857018,5.36676527581757,8.01612675733517e-08,4.12663529891232e-06
"ENSG00000286913",1.75222855799823,2.613804028718,0.956328442976167,2.73316562726467,0.00627287795005596,0.0203409015768875
"ENSG00000286948",18.8672274015101,5.52803768907696,0.863275008578418,6.40356506807739,1.51790120927404e-10,1.42208369543862e-08
"ENSG00000287001",30.1113038026502,6.27740786706253,0.691901542406955,9.07268951189929,1.16114794257406e-19,2.42356562343084e-17
"ENSG00000287078",2.53377136879474,1.86811037065938,0.74027834511192,2.5235242702891,0.0116185040165716,0.033716563310322
"ENSG00000287080",57.1599541041046,6.63672663965812,0.641857563804203,10.3398744735875,4.65146407372276e-25,1.39450892930208e-22
"ENSG00000287168",9.55722708747914,1.78878994710542,0.647436749303794,2.76287984738116,0.00572938530634239,0.018909494458823
"ENSG00000287175",7.00121810172894,4.01440674687663,0.747984622588193,5.3669642739257,8.00729096555682e-08,4.12663529891232e-06
"ENSG00000287512",3.07164562039131,3.37749419024688,1.04386679811382,3.23556051054572,0.00121404150016752,0.00537693534683378
"ENSG00000287553",45.3665247919259,6.3438271241507,0.594419735434399,10.6723023244083,1.37184405914763e-26,4.43536013554612e-24
"ENSG00000287562",4.18322416243587,2.05312977259288,0.616331936199369,3.33120783137342,0.000864700175918235,0.00411449282465115
"ENSG00000287601",8.85645174759767,4.68721134173996,0.820119249801809,5.71528023866367,1.09523379439061e-08,7.6848127811518e-07
"ENSG00000287620",1.62434337805492,2.73607063871974,1.0009954579818,2.73334970393991,0.00626937287369244,0.0203409015768875
"ENSG00000287697",4.12909249307422,2.58832396579856,0.756727833093607,3.42041597071584,0.000625254487168121,0.00320028976792903
"ENSG00000287737",11.4552539789549,2.50754794390344,0.659362828607206,3.80298651229735,0.00014296214193367,0.00104259299351804
"ENSG00000287766",6.20223848428725,4.72445270433965,1.16235176199117,4.06456363626653,4.81224084433025e-05,0.000482952156312608
"ENSG00000287839",6.3381364591552,-1.18075353639246,0.403059823496796,-2.92947465254334,0.00339535504113184,0.0122695615325932
"ENSG00000287895",1.35209190844625,-3.56303392259367,1.43741288401774,-2.47878251420327,0.0131831662909932,0.0373950161658672
"ENSG00000287906",15.8982537139585,1.62802108076345,0.406108622791516,4.00883160168511,6.10199092672214e-05,0.000567808850963439
"ENSG00000288007",3.82916171704505,3.61083991563614,0.886581903810908,4.07276518967419,4.64582558462932e-05,0.00046948372220689
"ENSG00000288056",2.24094630733676,2.97430353358949,0.935295693189661,3.18006760348286,0.00147240697885201,0.00628001000369654
