ID,baseMean,log2FoldChange,lfcSE,pvalue,padj
ENSG00000000003,6.797568815,-2.70450082,0.952978183,0.00063994,0.002142008
ENSG00000000419,203.6403105,0.890534258,0.17467498,2.21E-07,1.32E-06
ENSG00000001036,17.11447936,-2.347370432,0.612778356,2.29E-05,0.00010239
ENSG00000001167,59.46581902,0.642907506,0.289613982,0.020455722,0.045076678
ENSG00000001497,21.98107858,-1.11357943,0.424869156,0.004101852,0.011187571
ENSG00000001617,43.28520678,-2.769287498,0.362888844,3.64E-15,4.36E-14
ENSG00000001630,131.5269846,-0.911055078,0.183732515,4.44E-07,2.56E-06
ENSG00000002330,34.7954423,-2.108028732,0.429172965,1.84E-07,1.11E-06
ENSG00000002549,19.75618011,-2.235101064,0.514632214,2.58E-06,1.34E-05
ENSG00000002834,60.09962147,-0.669472404,0.267699383,0.009408546,0.023001138
ENSG00000003056,114.0590656,0.664472454,0.197145869,0.000573735,0.001939688
ENSG00000003393,37.97997432,0.905795784,0.351485795,0.006007113,0.015579975
ENSG00000003756,329.4520657,4.180963107,0.197574192,9.28E-100,9.33E-98
ENSG00000004059,164.9476585,-0.6724578,0.171105803,6.52E-05,0.000269834
ENSG00000004142,120.1023774,-0.861249475,0.202658491,1.39E-05,6.45E-05
ENSG00000004455,35.1765893,-1.127123489,0.347168863,0.000557507,0.001891911
ENSG00000004478,463.2118476,1.74562109,0.111870112,1.98E-55,9.90E-54
ENSG00000004700,535.5616253,4.555833879,0.169838997,4.20E-159,8.34E-157
ENSG00000004777,8.918150201,3.229949901,1.050383245,0.000369606,0.001307253
ENSG00000004779,81.62333391,-1.497935432,0.280500359,3.09E-08,2.05E-07
ENSG00000004864,36.11804361,-1.364954525,0.356306787,4.83E-05,0.000205287
ENSG00000004961,110.9153676,0.782678954,0.209683599,0.000133708,0.000520378
ENSG00000005001,72.74185816,2.705491372,0.362307915,1.65E-14,1.88E-13
ENSG00000005007,106.896141,1.215205524,0.212777628,5.27E-09,3.84E-08
ENSG00000005020,15.97297979,-1.336175321,0.547734673,0.005173405,0.013672369
ENSG00000005022,392.1436011,-2.315749854,0.140363329,7.00E-62,3.95E-60
ENSG00000005075,47.66313564,-0.792568262,0.315162777,0.007980593,0.019989446
ENSG00000005238,151.9240852,2.324064439,0.196660597,6.74E-33,1.93E-31
ENSG00000005243,10.52580508,-1.275402456,0.651641257,0.017537157,0.039535735
ENSG00000005339,84.68687422,2.752028767,0.274781811,2.34E-24,4.71E-23
ENSG00000005469,7.102626766,-3.448784583,1.071041993,0.000150979,0.00058081
ENSG00000005483,59.79104463,2.07136063,0.295795827,5.81E-13,6.03E-12
ENSG00000005513,16.86399667,7.984079054,2.491682035,2.54E-09,1.91E-08
ENSG00000005700,25.3871716,-0.867391569,0.406168507,0.019852756,0.043921757
ENSG00000005812,43.26739689,1.224913039,0.332206228,0.000101546,0.000404509
ENSG00000005889,34.3641527,2.291093949,0.416298954,7.53E-09,5.37E-08
ENSG00000005893,93.57807331,-0.907691221,0.221347904,2.63E-05,0.000116209
ENSG00000006007,54.02002869,-1.659577422,0.31267819,3.24E-08,2.14E-07
ENSG00000006015,5.344933594,-3.065217983,1.195184213,0.001289694,0.004020404
ENSG00000006062,20.86414495,1.466209915,0.522572455,0.001659354,0.005037201
ENSG00000006118,22.62825471,1.436477494,0.476264059,0.000872689,0.002833939
ENSG00000006125,137.8987972,1.387195318,0.187131365,4.98E-14,5.54E-13
ENSG00000006128,9.020778182,2.578807039,2.335352283,0.012032073,0.028617676
ENSG00000006194,41.3740981,1.625847231,0.351616636,1.16E-06,6.33E-06
ENSG00000006327,979.1847969,1.942608091,0.098208014,1.09E-87,9.29E-86
ENSG00000006432,44.59727576,1.608078405,0.332308437,4.16E-07,2.41E-06
ENSG00000006451,84.14039189,-0.635226292,0.220607563,0.003076738,0.008677673
ENSG00000006453,99.60169049,1.253329103,0.224589452,1.07E-08,7.53E-08
ENSG00000006459,45.51260326,0.869332327,0.316668537,0.003825815,0.010527899
ENSG00000006555,11.59634169,-3.453253756,0.8029199,2.64E-06,1.37E-05
ENSG00000006625,132.8929823,-2.108389272,0.226696304,2.82E-21,4.86E-20
ENSG00000006652,132.6351286,2.529999714,0.228503048,3.58E-29,8.85E-28
ENSG00000006704,52.46261279,0.68243391,0.283644323,0.012011891,0.02857437
ENSG00000006744,26.42763524,-1.553947326,0.428651764,8.65E-05,0.000348373
ENSG00000006757,11.60804925,-1.868315557,0.724131184,0.001967777,0.005859225
ENSG00000007080,63.07262608,-1.608685577,0.301715981,2.94E-08,1.95E-07
ENSG00000007168,160.2306345,0.585127192,0.164163825,0.000299484,0.001079815
ENSG00000007202,76.42964058,-1.420640794,0.243623927,2.10E-09,1.60E-08
ENSG00000007376,12.94287788,-1.60728682,0.683584267,0.004688339,0.012553235
ENSG00000007384,134.3624607,3.145810514,0.249264951,3.25E-37,1.09E-35
ENSG00000007392,42.93395841,1.619857388,0.34748349,9.31E-07,5.14E-06
ENSG00000007520,58.84021362,-2.61651705,0.32558609,1.44E-16,1.88E-15
ENSG00000007545,43.61382829,2.026649108,0.363314006,5.66E-09,4.11E-08
ENSG00000007944,28.45455011,2.344711614,0.450199443,3.55E-08,2.34E-07
ENSG00000008056,3.092100924,4.851985053,2.616322123,0.000804507,0.002634387
ENSG00000008128,35.18690005,2.261623926,0.417162164,1.23E-08,8.58E-08
ENSG00000008256,62.67070348,0.794446288,0.261867454,0.001680218,0.005095195
ENSG00000008282,83.76778133,-1.670786379,0.247787824,4.54E-12,4.38E-11
ENSG00000008283,19.02364481,-1.85494693,0.508642653,6.10E-05,0.00025385
ENSG00000008294,162.4402346,1.998028562,0.183672468,3.58E-28,8.40E-27
ENSG00000008300,32.02874936,5.770879915,0.859874454,2.30E-11,2.11E-10
ENSG00000008311,35.4706033,2.866519053,0.480834058,4.39E-10,3.55E-09
ENSG00000008324,58.06771425,1.246311929,0.330492389,6.99E-05,0.000287527
ENSG00000008382,4.347047846,-2.198250603,1.253673546,0.009494073,0.023175012
ENSG00000008394,20.32494671,-3.068031164,0.564573769,7.62E-09,5.42E-08
ENSG00000008405,233.9471329,5.996842216,0.390533348,5.62E-53,2.69E-51
ENSG00000008441,9.502398208,-2.360204004,0.763360432,0.000303628,0.001093393
ENSG00000008516,117.5621633,8.563340486,1.259876526,6.78E-14,7.50E-13
ENSG00000008517,63.7434192,7.098652266,0.974891795,2.09E-12,2.08E-11
ENSG00000008735,20.47896825,1.667663161,0.48591308,0.000165866,0.000631871
ENSG00000008838,43.29044461,0.820910333,0.322136414,0.007138528,0.018153474
ENSG00000008988,398.5364739,-1.165421596,0.121858685,5.87E-22,1.06E-20
ENSG00000009954,84.6432539,1.550035142,0.244313873,7.63E-11,6.69E-10
ENSG00000010244,181.5356232,2.383299152,0.192434885,6.59E-36,2.10E-34
ENSG00000010256,93.22232476,-1.347604796,0.224591102,8.02E-10,6.35E-09
ENSG00000010270,23.45485714,1.330273206,0.462254415,0.001516031,0.004641041
ENSG00000010278,200.6570767,-1.869245124,0.1615907,1.67E-31,4.52E-30
ENSG00000010295,1.801529784,2.69988944,3.258881247,0.013935376,0.032441196
ENSG00000010322,67.79737592,1.462451126,0.282395858,8.05E-08,5.09E-07
ENSG00000010379,2.35434241,2.730568062,2.834462279,0.01286582,0.030338653
ENSG00000010438,74.5894168,-2.552176296,0.296089354,1.05E-18,1.56E-17
ENSG00000010810,47.0121226,1.830022318,0.334425415,1.19E-08,8.30E-08
ENSG00000010818,62.1795711,1.972632274,0.283472076,8.16E-13,8.39E-12
ENSG00000011021,28.5523822,1.984403371,0.451396788,2.59E-06,1.34E-05
ENSG00000011114,34.21423558,0.772757342,0.346065946,0.017485573,0.039444008
ENSG00000011132,28.84362357,1.952192795,0.45804733,4.79E-06,2.38E-05
ENSG00000011243,130.8293239,1.761085904,0.206056341,3.51E-18,5.09E-17
ENSG00000011275,79.4411786,1.950818333,0.28964058,4.24E-12,4.11E-11
ENSG00000011304,239.9755236,1.026234245,0.140848722,1.83E-13,1.96E-12
ENSG00000011566,35.43958072,1.328311916,0.376141988,0.000161191,0.000615517
ENSG00000011638,48.58171374,-1.56466494,0.359695582,4.11E-06,2.06E-05
ENSG00000012061,161.2498301,1.572432461,0.17798924,3.47E-19,5.31E-18
ENSG00000012211,12.00075718,-2.380371759,0.705220696,0.000117595,0.000462836
ENSG00000012660,130.4377527,1.763907933,0.19714534,1.03E-19,1.61E-18
ENSG00000012817,56.24001897,2.373388967,0.341066107,7.25E-13,7.47E-12
ENSG00000013275,249.7943641,1.205838278,0.152495875,1.25E-15,1.54E-14
ENSG00000013364,45.28127581,-1.055905629,0.311496701,0.00036396,0.001290436
ENSG00000013374,24.12038366,-0.994768653,0.417767645,0.009027374,0.022208014
ENSG00000013375,32.88614455,1.395078243,0.372529248,6.66E-05,0.000275309
ENSG00000013441,612.9791552,3.72472078,0.133979229,9.83E-171,2.26E-168
ENSG00000013503,10.03109205,-2.411398268,0.832025023,0.000526957,0.001797065
ENSG00000013523,8.250455517,-1.839063363,0.792294077,0.004131985,0.011250685
ENSG00000013563,9.84246172,-2.042200954,0.727489217,0.000952961,0.003060356
ENSG00000013583,9.040726625,-2.015628515,0.753466394,0.001349797,0.00418536
ENSG00000013588,31.17330865,3.284085334,0.492513242,4.89E-12,4.71E-11
ENSG00000013810,35.386806,3.203568344,0.423832,6.37E-15,7.52E-14
ENSG00000014216,121.0309843,-1.222020166,0.198329713,3.30E-10,2.70E-09
ENSG00000014641,46.59508244,-2.098609398,0.330279286,4.28E-11,3.83E-10
ENSG00000014824,16.37398911,-1.715794572,0.531143771,0.000316677,0.001136991
ENSG00000014914,37.01773276,1.707268895,0.363314583,7.25E-07,4.06E-06
ENSG00000014919,18.25776934,-2.093681643,0.551066877,2.88E-05,0.000126632
ENSG00000015479,5.436750467,4.678265263,2.40234914,0.00046653,0.001609185
ENSG00000016402,5.488494966,-4.739643647,1.639115548,0.000205073,0.000764535
ENSG00000016864,11.91627487,-1.565868562,0.656209989,0.004607699,0.012387307
ENSG00000017483,31.4286294,-1.012285912,0.362151379,0.002747791,0.00787102
ENSG00000017797,38.32104103,-1.97247914,0.346662239,2.84E-09,2.13E-08
ENSG00000018236,14.44623571,-2.800495478,0.640748598,1.75E-06,9.31E-06
ENSG00000018510,15.97587044,-1.091796154,0.501633934,0.013557774,0.031674179
ENSG00000019144,9.720683067,2.626194197,0.859182651,0.000397648,0.001396542
ENSG00000019549,45.11680741,-0.883372004,0.316993662,0.003286281,0.009205909
ENSG00000019995,45.85707863,0.711828117,0.300728478,0.013009358,0.030620206
ENSG00000020577,20.34582307,2.137132509,0.525506197,9.65E-06,4.58E-05
ENSG00000021355,149.9549649,0.9196752,0.244272528,0.000104128,0.000414111
ENSG00000021826,3.566873995,-2.76108951,1.436671773,0.00664413,0.01704287
ENSG00000022556,14.10573058,-1.580660845,0.581608037,0.001815354,0.005445687
ENSG00000022840,174.2109333,1.476786009,0.175864136,1.69E-17,2.36E-16
ENSG00000023191,110.1985225,-1.636298775,0.20187828,1.59E-16,2.07E-15
ENSG00000023287,76.94954009,1.17319623,0.248366829,1.12E-06,6.12E-06
ENSG00000023330,274.8854209,2.075798166,0.149328739,1.40E-44,5.61E-43
ENSG00000023445,7.699589295,3.4568565,1.037972065,0.000160092,0.000612451
ENSG00000023608,47.07894855,1.6123608,0.314558554,9.12E-08,5.72E-07
ENSG00000023697,26.88157155,-2.136557936,0.435600092,1.83E-07,1.11E-06
ENSG00000023892,21.32266648,-1.267165191,0.467489124,0.002611961,0.007522114
ENSG00000023902,10.48385157,3.203386468,0.99334072,0.000263836,0.000962547
ENSG00000023909,38.40683683,2.605216805,0.483855879,1.48E-08,1.02E-07
ENSG00000024048,59.59383151,1.607846406,0.28859985,7.18E-09,5.14E-08
ENSG00000024422,108.664905,-1.434986135,0.208985169,2.41E-12,2.38E-11
ENSG00000025156,45.56175371,2.054470998,0.349647733,9.54E-10,7.48E-09
ENSG00000025770,39.2871127,1.981041759,0.36479156,1.33E-08,9.23E-08
ENSG00000025772,168.3399323,1.841557992,0.176078107,2.97E-26,6.44E-25
ENSG00000025796,37.00381338,-0.740846034,0.337476236,0.019638505,0.04354089
ENSG00000026025,88.69903863,3.820106632,0.331561979,2.30E-31,6.17E-30
ENSG00000026508,181.8088399,-1.742874069,0.158686092,1.33E-28,3.19E-27
ENSG00000026652,26.01423859,4.596985837,0.674125423,3.40E-12,3.31E-11
ENSG00000026950,12.23687161,2.746597061,0.758311797,4.48E-05,0.000191527
ENSG00000027001,13.54432327,-1.857429952,0.593237268,0.000369153,0.001306288
ENSG00000027697,82.36256901,-1.754413946,0.262326254,6.10E-12,5.84E-11
ENSG00000028277,6.390586228,4.724515144,1.451213861,7.59E-05,0.000309435
ENSG00000028839,25.760921,1.625014303,0.443544462,7.37E-05,0.000301353
ENSG00000029363,64.95427784,0.936397836,0.262486511,0.000219605,0.000813477
ENSG00000029364,73.4240216,1.201737817,0.251251077,8.03E-07,4.46E-06
ENSG00000029725,51.66438834,0.886801877,0.294405716,0.001625768,0.004943535
ENSG00000030110,83.59539386,-1.08771316,0.250771032,7.56E-06,3.65E-05
ENSG00000030582,257.5913415,-1.414639797,0.140293078,2.48E-24,4.96E-23
ENSG00000031003,15.73132356,1.090830146,0.557779264,0.022991518,0.049860294
ENSG00000032219,29.21048277,1.168022626,0.395200025,0.001435667,0.004421194
ENSG00000032389,11.0558966,-1.428947388,0.650177925,0.00843292,0.020937702
ENSG00000033011,6.950704341,-2.694293605,0.936754853,0.000520129,0.00177587
ENSG00000033030,35.05270193,1.925626908,0.389734459,1.91E-07,1.15E-06
ENSG00000033050,48.05284081,-1.081686544,0.302479147,0.000178063,0.000673326
ENSG00000033100,72.13118553,1.224223042,0.270399703,2.74E-06,1.41E-05
ENSG00000033178,40.99594796,1.322126655,0.342360393,4.44E-05,0.000189726
ENSG00000033327,33.52220335,1.191703442,0.357420115,0.000388472,0.001367299
ENSG00000033627,70.02894846,1.244357024,0.258984038,6.98E-07,3.91E-06
ENSG00000034152,55.4205931,0.938328049,0.277475176,0.000434288,0.001511294
ENSG00000034510,4009.443208,-2.162300122,0.073802527,7.32E-191,1.93E-188
ENSG00000034693,27.04191024,-3.531004756,0.538894107,7.76E-12,7.37E-11
ENSG00000034713,137.3220877,0.965979491,0.186523731,1.34E-07,8.26E-07
ENSG00000035141,30.42327892,-1.687017067,0.409236524,1.02E-05,4.82E-05
ENSG00000035687,21.30403805,-1.489230305,0.53240426,0.001524311,0.004664419
ENSG00000036054,59.86032665,0.629790594,0.268878788,0.015285879,0.035094266
ENSG00000036257,57.16427096,1.351872044,0.287710888,1.04E-06,5.73E-06
ENSG00000037757,15.33215831,-1.922275798,0.563395754,0.00013791,0.000535804
ENSG00000038219,41.62814402,0.946149707,0.32017793,0.001828808,0.005478102
ENSG00000038358,100.4246557,2.343082918,0.254907483,7.99E-21,1.34E-19
ENSG00000038382,59.52499182,1.832232775,0.299701442,2.65E-10,2.20E-09
ENSG00000039068,157.5739632,-2.1044606,0.18561574,1.85E-30,4.81E-29
ENSG00000039123,35.6929468,-0.925001161,0.348685622,0.004683466,0.012551655
ENSG00000039523,118.8834716,3.882329937,0.310116634,1.26E-36,4.16E-35
ENSG00000039560,9.548378757,-1.233222632,0.65817822,0.022199259,0.048381288
ENSG00000039650,29.76124494,0.935835467,0.409838984,0.012793574,0.030195754
ENSG00000040199,27.43996695,3.265432197,0.572052161,2.41E-09,1.82E-08
ENSG00000041353,16.95260913,-2.936696318,0.600352779,1.37E-07,8.42E-07
ENSG00000041802,75.22441743,1.036109703,0.244926315,1.29E-05,6.03E-05
ENSG00000041988,29.59089976,1.749675296,0.411677931,5.81E-06,2.84E-05
ENSG00000042429,21.75272872,1.475150974,0.477695707,0.000667599,0.002228293
ENSG00000042445,69.21060182,-1.34079663,0.259501758,9.37E-08,5.87E-07
ENSG00000042493,140.1884162,-2.268250524,0.196385917,1.46E-31,3.95E-30
ENSG00000042753,108.943611,-2.919638329,0.259833278,3.48E-30,9.00E-29
ENSG00000043039,2.147608368,-0.871572669,1.612611063,0.022826307,0.049546535
ENSG00000043514,9.780838679,-1.348294243,0.68032993,0.015254946,0.035028802
ENSG00000044090,18.60862093,-1.212539332,0.483360732,0.005016604,0.013311421
ENSG00000044574,1354.182993,-0.205842635,0.069019682,0.002840935,0.008105661
ENSG00000046604,141.9450041,0.946264865,0.193924903,6.63E-07,3.72E-06
ENSG00000046651,52.37873992,1.480397344,0.317686124,1.13E-06,6.16E-06
ENSG00000047056,49.39503242,2.560121403,0.361956321,2.94E-13,3.11E-12
ENSG00000047315,173.9940276,1.0072131,0.175184482,5.17E-09,3.77E-08
ENSG00000047346,35.69817312,2.191657463,0.40734346,1.57E-08,1.08E-07
ENSG00000047578,20.17137652,1.175576669,0.461385082,0.004797559,0.012805281
ENSG00000047849,93.65848292,-1.230287871,0.210573927,2.32E-09,1.76E-08
ENSG00000047932,27.52335489,-1.48136328,0.429793605,0.000181011,0.00068292
ENSG00000048052,42.21725695,3.557194729,0.448953954,4.74E-16,6.00E-15
ENSG00000048140,68.75002178,0.596918638,0.267975873,0.021192336,0.046480615
ENSG00000048162,153.293747,2.020020052,0.196196739,1.71E-25,3.63E-24
ENSG00000048405,37.68817326,0.882380407,0.349369945,0.007133081,0.018142808
ENSG00000048544,61.7207166,-1.192792473,0.283516567,1.19E-05,5.59E-05
ENSG00000048649,44.40739865,1.611962443,0.329821014,3.20E-07,1.87E-06
ENSG00000048828,54.49962321,-0.800038196,0.273880018,0.002345361,0.006842802
ENSG00000049245,112.540217,-1.275489929,0.206604327,2.90E-10,2.40E-09
ENSG00000049246,46.52044223,3.748079723,0.430441651,6.10E-19,9.20E-18
ENSG00000049283,22.20878771,-1.132044988,0.425071674,0.003564736,0.009901665
ENSG00000049656,71.76405535,0.669118863,0.246443178,0.005040776,0.013363316
ENSG00000049759,150.6637624,4.701552449,0.303267199,1.36E-54,6.67E-53
ENSG00000050130,18.65137384,-1.460554469,0.514254647,0.001427809,0.004401072
ENSG00000050165,16.47003316,-2.056044658,0.535716736,2.47E-05,0.000110046
ENSG00000050327,57.24452403,1.769596553,0.306745609,2.25E-09,1.71E-08
ENSG00000050344,3.849733941,-1.78498642,1.231462312,0.022243082,0.048454917
ENSG00000050393,20.02084773,-1.364973177,0.474568814,0.001420444,0.004380838
ENSG00000050405,150.6227872,-1.763055257,0.178975119,1.87E-23,3.60E-22
ENSG00000050820,34.84050852,1.593955439,0.420859445,4.76E-05,0.000202569
ENSG00000051009,39.84884433,0.79835436,0.34307864,0.013277753,0.031135524
ENSG00000051108,178.4046219,1.044650913,0.162336665,6.95E-11,6.10E-10
ENSG00000051128,150.7277795,1.268161529,0.186414217,4.58E-12,4.42E-11
ENSG00000051382,8.636297189,-2.204122966,0.820310187,0.001269751,0.003962498
ENSG00000051596,22.15895041,-2.831326834,0.531277218,1.43E-08,9.90E-08
ENSG00000051620,37.03419834,-0.937448297,0.34598673,0.003933407,0.010787071
ENSG00000052344,204.667646,0.807500895,0.155309147,1.40E-07,8.62E-07
ENSG00000052723,16.42935249,-1.340340494,0.526139918,0.003849296,0.010582459
ENSG00000052749,38.14199393,1.101567184,0.338582007,0.000571262,0.001932682
ENSG00000052802,195.3583527,-1.875460796,0.184336033,6.39E-25,1.32E-23
ENSG00000052841,40.06399642,1.198470029,0.343404138,0.000219089,0.00081198
ENSG00000053254,4.963927981,-2.345830172,1.069363425,0.00368956,0.010197523
ENSG00000053371,26.06234011,-2.790311604,0.483580441,1.14E-09,8.86E-09
ENSG00000053372,41.05509508,-1.466223239,0.347647071,8.50E-06,4.07E-05
ENSG00000053438,2.136199437,3.625886599,3.482430624,0.007911144,0.019842952
ENSG00000053501,19.49310265,0.987240844,0.473391295,0.019429513,0.04314359
ENSG00000053747,130.1334332,-1.044232202,0.196079746,5.61E-08,3.63E-07
ENSG00000054116,81.24464664,-0.681488646,0.238163089,0.003157714,0.008887016
ENSG00000054118,190.8207632,0.822904904,0.162161826,2.67E-07,1.58E-06
ENSG00000054148,40.40296082,-1.798601714,0.418538087,4.12E-06,2.06E-05
ENSG00000054267,58.27901137,2.415915116,0.319523457,7.83E-15,9.19E-14
ENSG00000054277,15.23611453,-1.817122526,0.559888903,0.000263524,0.000961891
ENSG00000054611,13.1689771,-1.496267352,0.617512337,0.004451241,0.012007073
ENSG00000054967,68.21444899,3.898131559,0.485847335,2.89E-16,3.70E-15
ENSG00000055044,140.4902197,0.975059537,0.188184464,1.30E-07,8.01E-07
ENSG00000055070,132.1654447,0.498768698,0.180001144,0.004859343,0.012958248
ENSG00000055208,166.8498228,1.453336985,0.173808375,2.35E-17,3.24E-16
ENSG00000055211,34.97882164,-0.899352746,0.379906182,0.010556685,0.025498048
ENSG00000055483,67.59893777,2.618455009,0.304889878,1.70E-18,2.50E-17
ENSG00000055609,98.2631823,3.203973944,0.278716296,2.70E-31,7.18E-30
ENSG00000055732,34.7418573,3.746800933,0.622624879,5.31E-10,4.26E-09
ENSG00000055917,177.9466439,1.601328948,0.171052386,2.65E-21,4.57E-20
ENSG00000055950,22.92281561,-1.624464438,0.4422626,6.76E-05,0.000278915
ENSG00000056050,15.8046319,-2.339671835,0.674102939,7.73E-05,0.000314275
ENSG00000056097,100.7801396,1.215429596,0.220174727,1.57E-08,1.08E-07
ENSG00000056558,6.861020982,1.9226995,0.919377912,0.006519188,0.016758004
ENSG00000056586,86.69177553,1.629309143,0.238970163,2.64E-12,2.59E-11
ENSG00000056972,21.98693655,-1.17957334,0.434741322,0.002902958,0.008253453
ENSG00000057019,64.5234604,1.053155872,0.257559675,2.35E-05,0.000104898
ENSG00000057149,169.280395,-2.14081129,0.215688861,6.11E-24,1.20E-22
ENSG00000057608,119.6504414,-1.735708664,0.218674868,5.90E-16,7.42E-15
ENSG00000057704,19.58657901,-1.415232855,0.481548546,0.001119133,0.00353436
ENSG00000057757,120.2697567,0.510302125,0.22428818,0.019666193,0.043595602
ENSG00000058085,369.2937527,-0.866234552,0.112822544,1.07E-14,1.23E-13
ENSG00000058272,40.19035996,0.820720069,0.32688081,0.007962563,0.019961551
ENSG00000058668,150.5041658,-1.451226263,0.179508906,2.25E-16,2.91E-15
ENSG00000058799,29.83606187,-1.958045737,0.411481443,4.28E-07,2.47E-06
ENSG00000058804,11.4417198,-2.009671617,0.681284548,0.000594686,0.002003035
ENSG00000059145,11.24267949,1.308947418,0.629918064,0.013255281,0.031101766
ENSG00000059378,42.36628461,2.545803807,0.370328977,1.09E-12,1.11E-11
ENSG00000059573,47.90258018,-1.381488091,0.311351798,3.48E-06,1.77E-05
ENSG00000059588,4.409707007,-1.976747178,1.095802651,0.010690227,0.025769018
ENSG00000059728,181.6681915,3.006813124,0.193883125,5.25E-55,2.61E-53
ENSG00000059758,49.81355162,1.293755356,0.315637325,1.74E-05,7.94E-05
ENSG00000060140,8.714000028,2.154468354,0.897865855,0.003076009,0.008677305
ENSG00000060339,152.8445586,1.358752414,0.177201218,7.26E-15,8.54E-14
ENSG00000060491,53.49605309,1.276161972,0.316104251,2.30E-05,0.000103069
ENSG00000060558,92.468148,-1.445159963,0.219438569,1.66E-11,1.54E-10
ENSG00000060982,14.37867886,5.07097705,1.069129886,1.29E-06,6.95E-06
ENSG00000061794,51.98867707,-2.098197814,0.320225064,1.20E-11,1.12E-10
ENSG00000061936,48.92241162,2.079709382,0.33503332,1.24E-10,1.06E-09
ENSG00000062038,67.68002933,-2.095444211,0.270527522,2.06E-15,2.50E-14
ENSG00000062194,102.5655613,2.236187695,0.246473844,2.40E-20,3.88E-19
ENSG00000062282,15.33173092,-2.627669722,0.599177336,1.70E-06,9.06E-06
ENSG00000062370,19.32265618,1.235520612,0.51289188,0.006497587,0.016708409
ENSG00000062485,71.51191631,-0.821538945,0.245469935,0.000543095,0.001848182
ENSG00000062582,29.61318677,-1.59208399,0.405845416,2.56E-05,0.00011356
ENSG00000062650,87.28342552,1.141421063,0.233072857,4.86E-07,2.78E-06
ENSG00000062716,114.1009218,0.990047457,0.206790577,9.89E-07,5.44E-06
ENSG00000063169,13.96922858,1.492279434,0.608581225,0.004358204,0.01178905
ENSG00000063177,345.2124507,-0.735421998,0.118679508,4.22E-10,3.42E-09
ENSG00000063241,4.670475233,-1.753793077,1.031937172,0.015766574,0.036020826
ENSG00000063244,241.3159479,1.152937141,0.14689808,2.13E-15,2.58E-14
ENSG00000063322,47.01273926,1.03832187,0.302864176,0.000328277,0.001176598
ENSG00000063854,11.76150352,-1.756284737,0.706717394,0.002972716,0.008425314
ENSG00000064102,30.85536665,-1.579718693,0.397230514,2.09E-05,9.42E-05
ENSG00000064115,65.57995048,-3.044493218,0.298903169,3.21E-25,6.71E-24
ENSG00000064195,20.78972202,-1.706027882,0.481348796,0.000100541,0.000400723
ENSG00000064199,3.45687748,-1.956650892,1.305223938,0.01881208,0.041901079
ENSG00000064300,23.90618239,9.092545495,2.585797602,1.04E-11,9.78E-11
ENSG00000064313,42.6490965,1.025349745,0.326243434,0.000912487,0.002948631
ENSG00000064393,30.31677228,0.911395406,0.376105242,0.009147518,0.022453987
ENSG00000064419,119.3170155,1.040836182,0.191749491,3.19E-08,2.11E-07
ENSG00000064490,19.71312037,-2.088103819,0.513862357,9.55E-06,4.53E-05
ENSG00000064545,12.25176709,-1.379294854,0.629535641,0.009053464,0.022260851
ENSG00000064547,38.08788028,1.480513774,0.413255688,0.000115229,0.000454264
ENSG00000064601,86.10414808,0.923430708,0.224569891,2.43E-05,0.000108421
ENSG00000064607,95.10233746,1.966479979,0.245727693,3.06E-16,3.91E-15
ENSG00000064652,12.74312877,-1.367933931,0.617889503,0.008768948,0.021645818
ENSG00000064666,78.58556928,-1.272868147,0.242062315,6.21E-08,3.99E-07
ENSG00000064932,66.69898175,1.620955846,0.295833601,1.34E-08,9.32E-08
ENSG00000064961,47.67288456,0.702827101,0.299652669,0.013954621,0.032480777
ENSG00000065000,107.0080108,1.157068654,0.222846927,1.04E-07,6.48E-07
ENSG00000065029,16.25839005,1.217311301,0.543916314,0.010270404,0.024889003
ENSG00000065060,22.62505096,1.109970775,0.460451555,0.007500668,0.018921545
ENSG00000065150,78.51779354,0.791312355,0.232127584,0.000450033,0.001558221
ENSG00000065183,12.1015135,-1.811287256,0.622069128,0.000799563,0.002623537
ENSG00000065268,32.61437571,-0.882725839,0.353188198,0.007560079,0.019051505
ENSG00000065357,55.834334,-1.329856083,0.287988574,1.60E-06,8.53E-06
ENSG00000065361,38.10399474,-1.558160155,0.351921705,3.00E-06,1.54E-05
ENSG00000065427,112.9841341,-1.578380896,0.202092711,1.89E-15,2.31E-14
ENSG00000065491,89.41753947,2.208169,0.252693939,4.91E-19,7.43E-18
ENSG00000065518,86.37087756,-1.077313291,0.234125616,2.19E-06,1.15E-05
ENSG00000065526,73.67039352,2.091692068,0.263616754,4.68E-16,5.94E-15
ENSG00000065548,257.5669256,1.134283426,0.147617601,7.95E-15,9.32E-14
ENSG00000065600,13.41493487,-1.372539559,0.57998283,0.005982789,0.015530797
ENSG00000065621,4.968242467,-1.763966844,1.025457824,0.015117834,0.034756045
ENSG00000065802,28.17514304,2.124870184,0.458220856,7.66E-07,4.27E-06
ENSG00000065809,19.6194249,3.26128352,0.601848475,9.86E-09,6.94E-08
ENSG00000065833,71.69817811,-2.059862942,0.27285267,9.38E-15,1.09E-13
ENSG00000065923,10.87983226,1.35628655,0.669196943,0.014164287,0.032905323
ENSG00000065978,380.0638002,-0.568318247,0.108909341,1.45E-07,8.90E-07
ENSG00000066027,51.43483454,-0.647561759,0.2963157,0.02201437,0.048043417
ENSG00000066084,95.99950973,1.127424988,0.214633494,7.69E-08,4.88E-07
ENSG00000066117,67.99602601,1.422560219,0.280319903,1.44E-07,8.80E-07
ENSG00000066136,40.17886044,0.821519469,0.32914806,0.008279364,0.020609453
ENSG00000066248,12.41085484,3.63453237,0.979279576,4.80E-05,0.000204263
ENSG00000066322,399.0857839,-0.676638095,0.128691652,1.12E-07,6.97E-07
ENSG00000066422,58.3514255,1.109938996,0.293070396,7.72E-05,0.000314052
ENSG00000066455,68.06537683,-0.592797778,0.255681672,0.016303803,0.037084856
ENSG00000066583,19.90612937,-2.310894136,0.525044262,1.84E-06,9.77E-06
ENSG00000066654,23.22952699,-0.867861626,0.411012087,0.020667163,0.045487236
ENSG00000066697,77.1566794,2.11981982,0.293910099,1.15E-13,1.25E-12
ENSG00000066735,12.36694564,2.593779787,0.970958804,0.001688441,0.005116916
ENSG00000066855,15.78458539,-1.199727649,0.565760499,0.013405927,0.031390334
ENSG00000067048,274.175946,2.895870631,0.180520669,1.27E-58,6.79E-57
ENSG00000067057,251.2113017,2.005980224,0.143824552,8.12E-45,3.26E-43
ENSG00000067082,602.3688878,1.588709144,0.095206269,5.52E-63,3.20E-61
ENSG00000067167,96.63312047,-0.784528046,0.232218631,0.000503825,0.001725086
ENSG00000067182,70.92163481,-1.451548323,0.262925553,1.27E-08,8.82E-08
ENSG00000067225,479.0703696,-1.62176004,0.102691896,1.07E-56,5.42E-55
ENSG00000067248,45.94865558,-0.675605603,0.299128923,0.017743352,0.039907385
ENSG00000067334,75.54668286,0.531335576,0.230373483,0.017798942,0.040026197
ENSG00000067365,18.16980454,1.305071221,0.536003053,0.005629403,0.014724074
ENSG00000067369,72.71595226,2.561765238,0.289641028,1.77E-19,2.75E-18
ENSG00000067560,481.5926966,-1.281347174,0.099952705,5.70E-38,1.95E-36
ENSG00000067596,39.75630352,1.014833934,0.329019506,0.001118319,0.00353256
ENSG00000067704,79.29351496,-2.131492616,0.260024589,5.23E-17,7.01E-16
ENSG00000067798,21.89044827,3.360158799,0.563835389,4.39E-10,3.55E-09
ENSG00000067955,40.41934458,0.869895073,0.332597195,0.005583243,0.014619414
ENSG00000068001,12.88743787,-1.344831273,0.584516868,0.007324851,0.018549116
ENSG00000068305,53.77973986,1.025587331,0.291600128,0.000241703,0.000888064
ENSG00000068308,118.3233216,1.717317395,0.20807673,4.52E-17,6.11E-16
ENSG00000068323,211.8401509,2.10074062,0.174960197,7.52E-34,2.25E-32
ENSG00000068366,57.39065898,1.476876475,0.304295666,3.59E-07,2.08E-06
ENSG00000068383,35.91280438,1.733190631,0.435760899,1.93E-05,8.73E-05
ENSG00000068400,45.00786044,1.493677007,0.326865983,1.70E-06,9.04E-06
ENSG00000068438,34.16153201,-0.802137979,0.343125273,0.012748171,0.030113134
ENSG00000068489,9.24344219,-1.454607828,0.681876293,0.009362922,0.022904898
ENSG00000068697,264.5635986,-1.488842933,0.152181225,4.64E-23,8.82E-22
ENSG00000068745,297.0130439,2.707244016,0.154500615,1.06E-69,7.05E-68
ENSG00000068784,7.10697795,-1.628829991,0.796891199,0.00931324,0.022798936
ENSG00000068878,102.6815559,2.007014686,0.225705544,9.67E-20,1.52E-18
ENSG00000068912,32.25429609,-1.99777351,0.437622522,1.05E-06,5.77E-06
ENSG00000068976,5.02884536,5.851264457,2.510404478,4.89E-05,0.000207356
ENSG00000069248,23.27761304,-1.245677141,0.427992541,0.001454647,0.004472035
ENSG00000069275,68.88184616,-1.206966265,0.247420699,4.95E-07,2.83E-06
ENSG00000069329,50.19188091,-1.04828077,0.290695929,0.000164652,0.00062774
ENSG00000069345,106.8071584,0.621277298,0.211507249,0.002626332,0.007557491
ENSG00000069399,25.68741188,2.761933666,0.509649294,1.10E-08,7.67E-08
ENSG00000069431,3.687388312,4.580853863,2.589595824,0.001155909,0.0036386
ENSG00000069812,25.9293943,-3.123745229,0.496030339,4.04E-11,3.64E-10
ENSG00000069849,159.0806697,-1.608414577,0.174611648,1.02E-20,1.70E-19
ENSG00000069869,34.94361909,1.157888596,0.373960723,0.000913854,0.002951731
ENSG00000069943,6.343735533,-1.719365883,0.936192462,0.013622733,0.031814438
ENSG00000069956,141.9557334,-0.389038081,0.172288522,0.021855478,0.047747031
ENSG00000070018,34.71504591,1.532257625,0.397272402,3.80E-05,0.000163903
ENSG00000070019,2.181763228,-2.101307894,1.937319039,0.019842998,0.043920301
ENSG00000070061,41.837785,-0.719046885,0.312149408,0.015200118,0.034925057
ENSG00000070087,42.00301154,-1.819119658,0.36183599,1.23E-07,7.61E-07
ENSG00000070190,95.58873367,0.633985575,0.222416243,0.003429906,0.009568395
ENSG00000070214,11.47732673,-2.455903819,0.680075742,4.74E-05,0.000201534
ENSG00000070404,156.8056665,1.002270994,0.18082145,1.72E-08,1.18E-07
ENSG00000070413,38.94725852,-1.527736001,0.336546704,1.93E-06,1.02E-05
ENSG00000070423,29.12640848,-0.88153526,0.391444394,0.014658759,0.033842289
ENSG00000070495,150.6598308,3.711561029,0.249024489,6.70E-51,3.11E-49
ENSG00000070501,9.697208795,-1.587017111,0.675064349,0.004806201,0.012825985
ENSG00000070540,19.45897591,-1.871166964,0.504442948,4.69E-05,0.000199653
ENSG00000070610,70.04877619,1.396743724,0.272813301,1.18E-07,7.31E-07
ENSG00000070614,61.14591758,-1.015804588,0.267701379,8.20E-05,0.000331588
ENSG00000070669,37.09885228,8.663074789,2.47964776,2.22E-11,2.04E-10
ENSG00000070718,8.2834601,-1.383113772,0.755995227,0.02013549,0.044482722
ENSG00000070731,8.443753025,-1.676176387,0.752585157,0.005976252,0.015516608
ENSG00000070756,454.6111917,-0.809211466,0.102908243,2.66E-15,3.22E-14
ENSG00000070761,75.06231107,1.312477147,0.262142043,2.29E-07,1.37E-06
ENSG00000070770,109.0775402,2.01520104,0.232486632,1.12E-18,1.67E-17
ENSG00000070778,33.3891352,1.247963172,0.409711086,0.00097861,0.003132938
ENSG00000070785,13.48934263,-1.902897374,0.604850415,0.000347925,0.001239046
ENSG00000070950,14.3755988,1.142759128,0.530483704,0.013609031,0.0317888
ENSG00000070961,51.46635492,0.865543866,0.29626896,0.00222767,0.00654426
ENSG00000071051,30.13901165,-1.1168522,0.392176506,0.002082606,0.006160599
ENSG00000071054,104.9659463,1.258746803,0.208091163,6.55E-10,5.22E-09
ENSG00000071082,210.074096,-2.179417423,0.164479345,8.83E-41,3.27E-39
ENSG00000071243,17.04090167,2.153995357,0.631871118,0.000124983,0.000489256
ENSG00000071462,68.61369583,1.46673756,0.272449871,2.63E-08,1.76E-07
ENSG00000071553,51.3506581,-0.805693816,0.289962669,0.003635757,0.010070175
ENSG00000071859,89.79022561,0.624328058,0.2344549,0.006139283,0.015882939
ENSG00000071967,25.12856201,-3.976733206,0.555746684,1.45E-13,1.56E-12
ENSG00000071994,19.66686033,-1.315388991,0.479669503,0.00228265,0.006682728
ENSG00000072042,68.99982726,-1.468088717,0.256684555,3.92E-09,2.90E-08
ENSG00000072071,16.72426896,1.164206682,0.492275507,0.007828427,0.019666139
ENSG00000072110,107.2480954,-0.636439262,0.197404212,0.001000357,0.003192677
ENSG00000072121,24.9481842,1.116014471,0.425053577,0.004119642,0.011225521
ENSG00000072134,31.76469207,-0.882571182,0.358334404,0.008401823,0.020878393
ENSG00000072210,11.83592754,-2.065946308,0.644039029,0.000249631,0.000914776
ENSG00000072364,279.498874,2.323727566,0.148754099,4.11E-56,2.07E-54
ENSG00000072415,29.98919149,1.009145467,0.384143192,0.004638715,0.012455624
ENSG00000072422,3.133743616,-2.093317833,1.505512228,0.020803232,0.045762627
ENSG00000072506,131.5027517,-1.29096457,0.185516307,1.45E-12,1.45E-11
ENSG00000072518,66.7211658,0.930646234,0.259713539,0.000205438,0.000765699
ENSG00000072682,35.92234936,2.005054779,0.394348906,8.59E-08,5.40E-07
ENSG00000072778,774.2535985,1.594782839,0.09479488,5.37E-64,3.16E-62
ENSG00000072786,48.21245814,3.803683938,0.436742249,6.95E-19,1.04E-17
ENSG00000072803,68.65448278,0.552805381,0.244890289,0.01995473,0.044120398
ENSG00000072832,8.472627321,2.468207845,1.031534294,0.00322694,0.009055445
ENSG00000072864,18.73659047,-1.788758905,0.516684537,0.000129065,0.000504278
ENSG00000073008,99.47631634,1.639698519,0.239408724,2.36E-12,2.33E-11
ENSG00000073146,3.730647661,5.136445937,2.535948323,0.000332077,0.001188744
ENSG00000073282,34.26747032,-2.383149346,0.38573204,1.15E-10,9.83E-10
ENSG00000073536,5.364513359,-1.621966218,0.962775219,0.019492815,0.043276954
ENSG00000073605,16.41078515,1.60382485,0.554751361,0.00109207,0.003457942
ENSG00000073614,71.45027034,1.816214716,0.266303198,2.54E-12,2.49E-11
ENSG00000073712,28.09873754,1.997215599,0.46287799,3.68E-06,1.86E-05
ENSG00000073737,63.39949193,0.814499254,0.273551079,0.0019755,0.005876178
ENSG00000073756,82.77518945,0.894330335,0.264175987,0.000446515,0.001548631
ENSG00000073792,213.1531484,1.84365386,0.165985148,3.21E-29,7.98E-28
ENSG00000073803,17.70828235,1.341766401,0.527347872,0.003968649,0.010858298
ENSG00000073969,23.60752915,-1.142250283,0.41853437,0.002873859,0.008181965
ENSG00000074054,55.19009437,0.677062623,0.274322531,0.01027187,0.024889003
ENSG00000074071,66.73746215,-2.430533756,0.354707731,1.16E-12,1.18E-11
ENSG00000074181,78.64349442,-1.127706096,0.244201644,1.94E-06,1.02E-05
ENSG00000074201,29.21594819,-2.417991674,0.447641669,1.10E-08,7.67E-08
ENSG00000074410,41.24834957,-3.968574545,0.440507145,2.89E-20,4.67E-19
ENSG00000074657,43.35821672,2.084190904,0.363609402,2.25E-09,1.71E-08
ENSG00000074755,36.64861742,1.654511901,0.369193738,2.21E-06,1.16E-05
ENSG00000074800,601.1136306,-1.586221828,0.093417926,3.39E-65,2.04E-63
ENSG00000074842,72.70549134,-1.022300515,0.269084237,7.98E-05,0.000323184
ENSG00000074935,8.452765512,1.358087999,0.747165621,0.021896278,0.047814523
ENSG00000075089,11.67153892,-1.150817382,0.595390256,0.021820625,0.047692475
ENSG00000075142,39.80028474,-1.536054851,0.360931434,6.60E-06,3.21E-05
ENSG00000075151,43.02384106,-0.929148843,0.309173347,0.001577687,0.00481148
ENSG00000075188,19.7237278,-1.757807606,0.544919672,0.000296249,0.001069215
ENSG00000075223,38.36444647,-0.932572655,0.319558584,0.002023278,0.006002266
ENSG00000075239,13.6569285,-1.597220281,0.574834525,0.001483765,0.00455189
ENSG00000075240,11.13331561,-1.518890175,0.689369913,0.007452844,0.018814013
ENSG00000075292,64.18058258,1.419586959,0.270139993,5.53E-08,3.59E-07
ENSG00000075336,11.30875632,-1.156686909,0.588260614,0.020177803,0.044559187
ENSG00000075391,52.40649723,2.093786633,0.321209668,1.61E-11,1.49E-10
ENSG00000075413,80.74900079,1.056984117,0.232122513,2.84E-06,1.46E-05
ENSG00000075415,162.2739115,0.469807996,0.168439263,0.004672476,0.0125338
ENSG00000075420,27.33251602,1.463565542,0.423529855,0.000188883,0.00071021
ENSG00000075426,154.9413541,0.434224573,0.162455549,0.006801304,0.017405952
ENSG00000075539,32.64485443,1.0394215,0.363940578,0.002264019,0.006633549
ENSG00000075568,28.40242431,1.015517581,0.388170203,0.004750524,0.012691436
ENSG00000075618,108.9901947,-1.636256498,0.207314022,9.03E-16,1.13E-14
ENSG00000075624,1165.091469,-1.991092866,0.075938363,3.49E-152,6.65E-150
ENSG00000075651,6.637899281,-3.776281756,1.140205292,0.000125542,0.000491311
ENSG00000075785,1083.787474,1.091020213,0.070627043,3.22E-54,1.57E-52
ENSG00000075856,75.12150829,2.501409527,0.288829935,8.74E-19,1.31E-17
ENSG00000075914,19.80830428,-2.021990799,0.532131316,3.00E-05,0.000131778
ENSG00000075945,29.53984861,-0.817237014,0.383329839,0.020921114,0.045983263
ENSG00000075975,45.36079248,-0.912972825,0.320095593,0.002599493,0.007490679
ENSG00000076003,7.764848099,-2.257528298,0.862911148,0.001339024,0.004156284
ENSG00000076043,75.96793456,-0.819711456,0.241231146,0.000450315,0.001558824
ENSG00000076053,34.51045618,1.900921861,0.397805186,4.36E-07,2.51E-06
ENSG00000076108,154.2053508,1.638864211,0.180837139,4.08E-20,6.51E-19
ENSG00000076248,22.52811466,-1.869786581,0.504539493,4.69E-05,0.000199551
ENSG00000076382,23.18724421,2.002364634,0.490867767,9.86E-06,4.67E-05
ENSG00000076513,83.31730544,0.972789806,0.230515627,1.48E-05,6.83E-05
ENSG00000076554,21.2302337,-2.015751769,0.516828127,2.04E-05,9.20E-05
ENSG00000076604,65.46897917,2.102594945,0.308894759,2.23E-12,2.21E-11
ENSG00000076650,26.11362682,1.663846269,0.467208892,0.000104513,0.000415526
ENSG00000076944,100.6196274,2.330859019,0.265011674,2.79E-19,4.29E-18
ENSG00000076984,42.83858796,0.916904471,0.32290813,0.002743167,0.007859332
ENSG00000077044,14.62065871,3.044121272,0.793657819,2.60E-05,0.000115274
ENSG00000077150,248.6912088,4.256647181,0.225532379,4.74E-80,3.65E-78
ENSG00000077152,8.838446263,-2.136156751,0.799942432,0.001167221,0.003669424
ENSG00000077232,8.996595529,-1.641414552,0.719118648,0.005564883,0.014579249
ENSG00000077238,60.46867778,0.978988011,0.278193683,0.000251336,0.000920189
ENSG00000077348,10.68055039,-1.730390358,0.713891019,0.00332242,0.00929995
ENSG00000077380,88.95466962,-0.690384647,0.225953981,0.001690347,0.00512055
ENSG00000077454,46.54473263,2.119894282,0.371024035,2.43E-09,1.84E-08
ENSG00000077458,21.45459231,1.480753081,0.551836064,0.002335999,0.006818234
ENSG00000077463,69.45577974,2.196186484,0.306122993,1.48E-13,1.59E-12
ENSG00000077522,7.373378568,6.405471433,2.498745383,6.33E-06,3.08E-05
ENSG00000077549,125.1512822,-1.476859392,0.201084832,7.33E-14,8.08E-13
ENSG00000077684,12.04840128,2.447127618,0.724856404,0.000132159,0.000515117
ENSG00000077713,21.37678571,-2.26396463,0.529641933,3.37E-06,1.71E-05
ENSG00000077782,23.83556156,6.208204765,1.287674266,6.12E-08,3.94E-07
ENSG00000078018,30.92814223,-2.500830309,0.429705144,9.37E-10,7.37E-09
ENSG00000078070,30.35959353,0.841685405,0.380484364,0.017043992,0.038580116
ENSG00000078114,8.73369772,-2.880460716,0.824454142,6.57E-05,0.000271817
ENSG00000078246,51.50897955,1.272065833,0.303689285,1.19E-05,5.59E-05
ENSG00000078304,19.43800068,-1.084543722,0.465617427,0.009425779,0.023035491
ENSG00000078399,21.13873738,-1.172172944,0.499056008,0.007968768,0.019973647
ENSG00000078596,9.849852152,-3.336186068,0.896560924,2.40E-05,0.000106965
ENSG00000078618,71.21428354,-1.228188447,0.246678018,2.90E-07,1.71E-06
ENSG00000078668,73.6239562,-1.96282487,0.27218953,1.32E-13,1.43E-12
ENSG00000078687,6.294872479,2.593926659,1.082407552,0.0028024,0.0080116
ENSG00000078747,63.73762868,0.733248579,0.275457454,0.005606085,0.014668614
ENSG00000078804,117.9234251,4.158588353,0.335119429,6.79E-36,2.16E-34
ENSG00000078808,86.29915423,0.623429774,0.219638975,0.003630616,0.010060607
ENSG00000079134,22.73706055,1.79732806,0.469340802,3.30E-05,0.000143591
ENSG00000079215,15.49654585,1.417977686,0.547066637,0.003176381,0.008927406
ENSG00000079246,153.6489334,-0.946127084,0.169371758,1.41E-08,9.75E-08
ENSG00000079313,33.71651174,0.987113349,0.363780749,0.003683917,0.010185815
ENSG00000079387,33.06133614,1.655434431,0.378269852,3.53E-06,1.79E-05
ENSG00000079432,57.98850384,2.050827798,0.308277387,6.32E-12,6.04E-11
ENSG00000079459,129.9475849,-2.215040743,0.198774846,1.56E-29,3.93E-28
ENSG00000079462,8.479025661,-2.015778871,0.780638949,0.001711948,0.005175566
ENSG00000079739,24.73821343,-2.445906326,0.475888855,4.65E-08,3.05E-07
ENSG00000079785,102.3598791,-1.535983086,0.211881184,1.41E-13,1.53E-12
ENSG00000079999,35.12474806,-1.558577341,0.409328732,4.25E-05,0.000182537
ENSG00000080007,8.391205704,2.322340246,0.96213963,0.002487929,0.007206484
ENSG00000080031,14.1034316,6.941725159,2.410135879,1.85E-07,1.12E-06
ENSG00000080345,24.88593744,1.216742493,0.435718983,0.002254084,0.006611402
ENSG00000080371,26.55396934,1.44108516,0.412159366,0.000165249,0.000629685
ENSG00000080546,14.28792341,-1.858293513,0.568531597,0.000234182,0.0008624
ENSG00000080573,7.037476554,2.21251381,1.074720588,0.007318805,0.018540289
ENSG00000080603,103.8030097,2.151082212,0.249254513,1.35E-18,1.99E-17
ENSG00000080802,45.77363137,2.007101737,0.3450466,1.42E-09,1.10E-08
ENSG00000080819,14.72428987,-1.729326076,0.662810561,0.002159163,0.006361075
ENSG00000080822,293.3672949,2.438141941,0.147738514,7.09E-62,3.98E-60
ENSG00000080823,9.546547578,3.298661301,0.935606289,7.29E-05,0.00029845
ENSG00000080824,5213.502058,2.000068505,0.05644974,7.25E-276,2.84E-273
ENSG00000080845,132.2429652,2.20018987,0.215004972,3.08E-25,6.46E-24
ENSG00000080854,19.15848964,2.683461904,0.634375226,4.58E-06,2.29E-05
ENSG00000081026,13.53838331,1.197997714,0.575696972,0.01505022,0.034619092
ENSG00000081041,45.48392558,5.842704625,0.7539675,1.11E-14,1.28E-13
ENSG00000081177,15.28179844,-1.08372662,0.540529768,0.02054178,0.0452319
ENSG00000081181,24.00435625,0.955726219,0.431317056,0.014800364,0.03412568
ENSG00000081277,538.3591863,-3.738829606,0.126052763,2.93E-194,7.87E-192
ENSG00000081307,11.65026237,-1.572256808,0.630467236,0.003460089,0.009644291
ENSG00000081320,27.77067562,2.055995507,0.445464297,8.20E-07,4.55E-06
ENSG00000081692,5.242872473,-2.672924923,1.168264123,0.003099986,0.008736433
ENSG00000081870,7.429069669,-2.4904489,0.91709513,0.000948437,0.003049826
ENSG00000081923,14.24796481,-1.436598895,0.595279504,0.004912788,0.013082912
ENSG00000082213,15.95793384,-2.61364204,0.618568701,3.95E-06,1.98E-05
ENSG00000082258,70.80724803,2.178117321,0.288812037,1.03E-14,1.19E-13
ENSG00000082269,17.07095928,-1.115304134,0.482383403,0.009430741,0.023043728
ENSG00000082397,7.634464579,1.466271946,0.809860108,0.019251357,0.042780793
ENSG00000082438,10.36765569,-1.357319774,0.630178359,0.010219504,0.024781538
ENSG00000082458,6.271156234,-2.080480211,0.930158429,0.004220461,0.01146787
ENSG00000082641,134.9876846,-1.819932874,0.18867391,1.32E-22,2.47E-21
ENSG00000082781,28.62597236,-1.304613275,0.411964361,0.000595685,0.002005469
ENSG00000082898,135.6651045,1.984624079,0.197489037,2.20E-24,4.43E-23
ENSG00000083099,7.137605572,-1.728617304,0.838567942,0.008409586,0.020890514
ENSG00000083168,26.87786367,1.518961978,0.415244884,8.37E-05,0.000337912
ENSG00000083312,41.07077167,-1.142254375,0.32696238,0.000226719,0.000837259
ENSG00000083720,42.3529768,-0.912119154,0.330178873,0.003395041,0.009486321
ENSG00000083799,288.9988317,4.468161814,0.207182413,1.14E-103,1.24E-101
ENSG00000083814,34.77689697,4.296982586,0.66404577,3.65E-11,3.29E-10
ENSG00000083844,29.14091701,1.964514241,0.437587532,1.68E-06,8.96E-06
ENSG00000083845,197.9640414,-2.330939738,0.165936258,1.48E-45,5.95E-44
ENSG00000083857,121.4172034,-0.94733992,0.182813279,1.32E-07,8.12E-07
ENSG00000083896,219.7128646,2.688902421,0.170217428,5.89E-57,3.02E-55
ENSG00000083937,168.9984533,1.026803772,0.175453876,2.77E-09,2.08E-08
ENSG00000084073,68.29247039,-1.256722637,0.267055251,1.09E-06,5.94E-06
ENSG00000084090,33.30262259,-1.874013604,0.384381182,2.65E-07,1.57E-06
ENSG00000084092,23.33478936,-1.868811382,0.487026442,2.80E-05,0.000123335
ENSG00000084093,51.1739361,1.694241038,0.317958063,2.92E-08,1.94E-07
ENSG00000084207,1180.961624,-3.047305431,0.075368954,0,0
ENSG00000084234,176.0400379,-0.496437913,0.152235086,0.000957117,0.0030716
ENSG00000084463,95.97939019,1.751970032,0.226128994,2.69E-15,3.26E-14
ENSG00000084623,571.9897439,0.644408682,0.102705798,2.83E-10,2.34E-09
ENSG00000084636,21.900623,-1.058815489,0.438363179,0.007725026,0.019423228
ENSG00000084652,106.5517691,1.138622258,0.216310052,6.95E-08,4.44E-07
ENSG00000084733,303.4679062,-1.996456723,0.140111453,1.01E-46,4.24E-45
ENSG00000084754,133.5936321,-1.492076872,0.180538987,4.88E-17,6.57E-16
ENSG00000085063,228.7317545,0.816548225,0.146658138,1.76E-08,1.20E-07
ENSG00000085117,42.00455548,-3.27347853,0.411126581,2.17E-16,2.80E-15
ENSG00000085231,49.12006137,1.516100253,0.322662236,8.80E-07,4.87E-06
ENSG00000085365,12.91436793,-2.173989814,0.648302785,0.000145525,0.000561772
ENSG00000085377,14.30412871,-2.177263866,0.599951188,5.22E-05,0.000220417
ENSG00000085449,34.84134792,-0.776429498,0.342851557,0.015714733,0.035913721
ENSG00000085465,106.4989079,5.383021401,0.462051459,1.55E-31,4.19E-30
ENSG00000085491,16.85004783,-1.424240188,0.543800712,0.002862312,0.008153902
ENSG00000085552,6.727614862,-1.52773627,0.847496524,0.017625854,0.039661594
ENSG00000085563,61.02240546,8.698939773,2.482668368,1.32E-11,1.23E-10
ENSG00000085719,50.25145603,-1.54400981,0.296408267,6.13E-08,3.94E-07
ENSG00000085733,306.5239102,0.612189001,0.122820051,4.99E-07,2.85E-06
ENSG00000085760,34.44994343,-1.262320483,0.36076144,0.000194194,0.00072876
ENSG00000085831,13.67742968,-2.089963276,0.639168076,0.000208391,0.000775909
ENSG00000085832,34.51367449,-0.75142614,0.352273593,0.022624125,0.049171549
ENSG00000085871,14.85745038,-3.858105797,0.757484882,5.22E-08,3.39E-07
ENSG00000085872,69.71726438,2.246974011,0.29268212,3.34E-15,4.02E-14
ENSG00000086015,30.49938329,0.937014136,0.381608305,0.008151133,0.02034271
ENSG00000086061,2518.348313,3.470452678,0.073588041,0,0
ENSG00000086232,39.96995345,-1.710256362,0.348737623,2.59E-07,1.54E-06
ENSG00000086544,266.1781384,1.156488227,0.135917398,8.93E-18,1.27E-16
ENSG00000086570,25.62390505,-2.861831357,0.466364148,1.23E-10,1.05E-09
ENSG00000086619,5.224597416,2.133820682,1.137978695,0.010303427,0.024952938
ENSG00000086712,38.39174437,1.207680562,0.347113018,0.000225901,0.000834875
ENSG00000086758,138.8044526,1.359180673,0.185467021,9.55E-14,1.05E-12
ENSG00000087008,13.76567053,-1.685795423,0.604431775,0.001300113,0.004049669
ENSG00000087074,1943.118627,4.403561646,0.097792627,0,0
ENSG00000087076,30.18930923,1.413579661,0.549085643,0.003226141,0.009054955
ENSG00000087077,240.1488613,1.129418621,0.161443525,1.35E-12,1.36E-11
ENSG00000087085,76.35668925,7.255106804,0.831082135,1.25E-17,1.76E-16
ENSG00000087087,184.3381539,2.724909982,0.191515372,1.09E-46,4.57E-45
ENSG00000087088,237.3135397,2.049272923,0.161223626,1.15E-37,3.90E-36
ENSG00000087095,32.477442,1.945384469,0.415280683,6.83E-07,3.83E-06
ENSG00000087152,101.7485722,1.09474955,0.217000462,2.39E-07,1.42E-06
ENSG00000087191,73.06301628,-0.727798947,0.236081254,0.001494552,0.0045811
ENSG00000087206,49.2931377,1.826870338,0.32487094,5.01E-09,3.67E-08
ENSG00000087274,86.85086082,1.413607515,0.241691409,1.99E-09,1.52E-08
ENSG00000087302,27.94376594,-1.928139513,0.422284199,1.12E-06,6.15E-06
ENSG00000087460,256.3512501,1.093421353,0.13903746,1.98E-15,2.42E-14
ENSG00000087470,35.6407866,-0.807184577,0.337107341,0.011065083,0.026566475
ENSG00000087502,24.7428288,-1.128191136,0.429915082,0.003964693,0.010854368
ENSG00000087589,2.788249264,3.040623364,2.636429705,0.008860898,0.021857888
ENSG00000087842,10.80487878,-2.422709509,0.708086257,9.09E-05,0.000364742
ENSG00000088002,111.1271925,-2.450115817,0.224848759,2.21E-28,5.25E-27
ENSG00000088038,189.4566568,3.487325593,0.24571493,2.16E-46,8.96E-45
ENSG00000088205,32.8012058,-1.345991877,0.382645737,0.000164746,0.000627935
ENSG00000088247,190.7284995,1.798394229,0.173099516,7.68E-26,1.64E-24
ENSG00000088280,10.5262483,-1.952936071,0.686212319,0.000875784,0.002843353
ENSG00000088298,23.05975464,-1.879559915,0.504398046,4.22E-05,0.000181446
ENSG00000088356,94.115598,0.859467908,0.244237796,0.000282806,0.001025551
ENSG00000088387,45.22177448,0.811491805,0.317346693,0.00703096,0.017930598
ENSG00000088448,21.37898842,3.314480117,0.568733701,9.60E-10,7.52E-09
ENSG00000088726,164.3511497,-1.097165863,0.172519435,1.05E-10,9.09E-10
ENSG00000088808,37.35677934,2.099042351,0.411360143,7.61E-08,4.83E-07
ENSG00000088832,185.7392854,-2.748728686,0.174630637,1.38E-56,6.98E-55
ENSG00000088854,24.86921021,1.579633745,0.46517271,0.000211347,0.000785901
ENSG00000088888,28.44005436,-1.220022715,0.424923859,0.001728743,0.005218304
ENSG00000088899,27.56056781,2.385952121,0.470245462,7.13E-08,4.55E-07
ENSG00000088986,459.4444465,-0.866065725,0.103359887,3.40E-17,4.64E-16
ENSG00000089006,41.31329036,0.834582332,0.325647484,0.006758849,0.017306478
ENSG00000089009,277.7267715,-1.259070776,0.132305363,8.04E-22,1.43E-20
ENSG00000089048,105.7100444,1.355479026,0.214587783,1.09E-10,9.36E-10
ENSG00000089050,10.71000588,-1.897574546,0.730088257,0.001785867,0.005371697
ENSG00000089053,27.04536568,-1.302231631,0.399566968,0.000448644,0.001554153
ENSG00000089060,22.71187408,1.672985036,0.461168777,8.04E-05,0.00032538
ENSG00000089063,22.36503798,-2.138756879,0.545056522,1.54E-05,7.09E-05
ENSG00000089127,7.036686773,-3.939224675,1.126027694,6.58E-05,0.000271992
ENSG00000089157,417.6359753,-2.400419048,0.111474452,1.40E-103,1.49E-101
ENSG00000089159,150.4355559,1.024123585,0.194924283,8.45E-08,5.32E-07
ENSG00000089195,54.83863889,0.686030072,0.290025407,0.013481907,0.031537643
ENSG00000089220,250.3090644,-2.555667627,0.152918229,1.80E-63,1.05E-61
ENSG00000089234,50.76618716,0.803476372,0.294918685,0.00437255,0.011814614
ENSG00000089248,44.44212767,-1.395790417,0.314181422,3.25E-06,1.66E-05
ENSG00000089280,182.2970758,2.131655022,0.180756634,9.06E-33,2.57E-31
ENSG00000089327,23.56833737,-1.504707267,0.46281363,0.000358132,0.001272263
ENSG00000089351,14.81613697,1.391055473,0.641796671,0.010146105,0.024625477
ENSG00000089356,192.5719908,-3.120869237,0.182637139,2.56E-66,1.57E-64
ENSG00000089639,38.95731859,1.298129636,0.370539961,0.000188963,0.00071033
ENSG00000089682,8.941973675,-1.664647474,0.76994441,0.007292073,0.018485508
ENSG00000089692,9.808228108,7.153951683,2.514401679,3.98E-07,2.31E-06
ENSG00000089693,220.0325029,-0.557775159,0.146269384,0.000115011,0.000453901
ENSG00000089723,13.60854103,-1.315771855,0.570717541,0.007429275,0.018777431
ENSG00000089737,117.7886142,0.978209006,0.193769943,2.75E-07,1.62E-06
ENSG00000089818,32.20703816,1.152940356,0.385982566,0.00131457,0.004088268
ENSG00000089876,62.73092327,-1.762718436,0.288770947,2.88E-10,2.39E-09
ENSG00000089902,118.5113351,0.915262091,0.203444229,4.40E-06,2.20E-05
ENSG00000089916,55.25999647,2.023343501,0.324658277,1.10E-10,9.50E-10
ENSG00000090013,79.10007398,-0.770284224,0.254957396,0.001730378,0.005221455
ENSG00000090020,83.83811959,1.79707097,0.268467929,5.81E-12,5.56E-11
ENSG00000090054,87.66791785,1.027920829,0.22264783,2.26E-06,1.18E-05
ENSG00000090060,92.63393683,1.447466498,0.224284503,4.07E-11,3.65E-10
ENSG00000090061,61.56778227,1.864134065,0.307045439,3.29E-10,2.70E-09
ENSG00000090238,68.9525868,0.729212288,0.260426732,0.003715158,0.010254572
ENSG00000090263,11.86229667,-1.968916083,0.62777997,0.000336609,0.001203185
ENSG00000090266,41.3471663,-1.590608742,0.328466014,3.93E-07,2.28E-06
ENSG00000090273,224.0130191,1.3904267,0.150039081,8.03E-21,1.35E-19
ENSG00000090316,85.13736096,2.78857925,0.264739634,1.09E-26,2.41E-25
ENSG00000090372,149.3973858,2.641722449,0.218376303,1.98E-34,6.06E-33
ENSG00000090432,93.42533593,0.800838164,0.230424718,0.000350088,0.001245828
ENSG00000090487,53.68149462,-0.730027999,0.281649648,0.006875367,0.017589279
ENSG00000090512,2.248807592,-2.836547113,4.94705061,0.012081875,0.028717261
ENSG00000090530,23.0802141,-1.079493721,0.415691084,0.004556244,0.012265182
ENSG00000090581,54.31907747,1.325964584,0.312589548,8.87E-06,4.23E-05
ENSG00000090615,84.22118758,2.38334966,0.273204072,5.58E-19,8.42E-18
ENSG00000090621,85.3070939,0.883119403,0.226032502,6.04E-05,0.000251546
ENSG00000090661,22.47968723,-1.702767977,0.46780672,7.11E-05,0.000291858
ENSG00000090674,57.80020408,2.558876473,0.357367326,1.42E-13,1.53E-12
ENSG00000090776,110.2937573,-0.991798294,0.206130275,8.52E-07,4.72E-06
ENSG00000090857,13.56366569,1.165388152,0.58700411,0.019611339,0.043487317
ENSG00000090861,158.9065679,0.694430961,0.184033817,0.00012262,0.000481437
ENSG00000090863,23.46910999,-0.893660348,0.415397898,0.018321314,0.040971834
ENSG00000090924,21.87256448,2.957283021,0.588904159,9.23E-08,5.79E-07
ENSG00000090975,12.58828294,1.561866094,0.668854921,0.005506624,0.014458009
ENSG00000090989,77.55436048,0.681105647,0.251983527,0.005175097,0.013674345
ENSG00000091009,96.43553035,2.173859337,0.249359921,6.36E-19,9.58E-18
ENSG00000091136,12.10479473,-2.206609917,0.650908446,0.000115889,0.000456493
ENSG00000091317,65.28555492,-1.029263669,0.256935353,3.36E-05,0.000146311
ENSG00000091409,186.1246173,-0.486851187,0.154930049,0.001457404,0.004478611
ENSG00000091483,94.96945481,-1.114516289,0.233782971,9.36E-07,5.16E-06
ENSG00000091490,21.44920192,-1.200127761,0.472304367,0.004649779,0.01247985
ENSG00000091527,194.51524,0.538706706,0.152326331,0.000345695,0.00123262
ENSG00000091732,42.19732632,1.939652658,0.359088164,1.61E-08,1.10E-07
ENSG00000092010,59.00547611,-0.84220759,0.26659459,0.001022676,0.003258879
ENSG00000092036,9.486176509,-2.180511519,0.79709834,0.000964255,0.003092449
ENSG00000092068,14.62096308,-2.271056596,0.581539846,1.66E-05,7.60E-05
ENSG00000092199,388.0005102,1.453817266,0.116264958,2.73E-36,8.87E-35
ENSG00000092203,115.7526311,1.175983239,0.201308546,2.53E-09,1.90E-08
ENSG00000092295,121.6266405,-2.813747429,0.241084241,2.75E-32,7.62E-31
ENSG00000092330,66.98742295,-1.390124801,0.264797576,5.72E-08,3.69E-07
ENSG00000092439,23.70821967,1.341540391,0.459187581,0.001317092,0.00409523
ENSG00000092531,33.23512693,0.761167224,0.35163183,0.021027372,0.046155787
ENSG00000092820,1002.341541,-0.555880798,0.074394692,6.36E-14,7.06E-13
ENSG00000092841,581.3901901,-0.539503487,0.091415014,3.02E-09,2.26E-08
ENSG00000092929,16.67675457,3.001890828,0.696830205,2.79E-06,1.44E-05
ENSG00000092978,22.93754505,1.545033208,0.459080078,0.000240094,0.000882729
ENSG00000093010,35.18460453,-2.046184102,0.370706266,7.49E-09,5.34E-08
ENSG00000093144,14.44511595,-2.014185153,0.596206358,0.000145327,0.000561157
ENSG00000093183,31.00087129,1.109793142,0.376007203,0.001570837,0.004792608
ENSG00000094631,15.48100413,1.094144151,0.536334653,0.01888892,0.042052822
ENSG00000094796,20.21952151,-1.612350975,0.615528235,0.002154067,0.006347353
ENSG00000094804,19.77512631,1.386391405,0.477973422,0.001308552,0.004072175
ENSG00000094914,22.13160967,-1.065058046,0.434450683,0.006959538,0.017776346
ENSG00000094975,46.55905479,1.435358101,0.31155506,1.48E-06,7.96E-06
ENSG00000095139,273.2949838,0.81146545,0.133413907,8.13E-10,6.43E-09
ENSG00000095203,12.04628843,-1.694141397,0.621956187,0.001591077,0.004848231
ENSG00000095261,41.76906547,-0.761785929,0.307056915,0.008998109,0.022151073
ENSG00000095319,89.44505522,1.354229229,0.237316689,4.65E-09,3.41E-08
ENSG00000095383,35.2846304,-1.807712047,0.371586485,2.92E-07,1.72E-06
ENSG00000095397,19.27014376,2.171284614,0.570628921,2.90E-05,0.000127813
ENSG00000095564,168.3670307,1.859522866,0.183516136,1.07E-24,2.17E-23
ENSG00000095574,61.34181564,2.320804412,0.308965731,1.23E-14,1.42E-13
ENSG00000095585,11.31874198,-3.57461877,0.900066865,8.38E-06,4.01E-05
ENSG00000095739,22.78351266,2.416709359,0.523495114,6.40E-07,3.61E-06
ENSG00000095752,221.5906541,7.954524129,0.704080435,2.31E-28,5.48E-27
ENSG00000095787,132.9334907,1.90115786,0.204061153,3.06E-21,5.26E-20
ENSG00000095951,34.52012904,1.343718254,0.364607174,8.93E-05,0.00035845
ENSG00000096060,42.14533798,-1.733749103,0.335041955,6.15E-08,3.95E-07
ENSG00000096063,46.64146714,-1.698351047,0.316414242,2.23E-08,1.50E-07
ENSG00000096070,57.55577537,2.05820553,0.30638509,4.26E-12,4.13E-11
ENSG00000096080,56.08399411,-1.703420332,0.333640667,8.88E-08,5.58E-07
ENSG00000096092,22.61621635,-1.735943656,0.514872057,0.000184894,0.000696841
ENSG00000096384,6238.630071,2.795912484,0.059932534,0,0
ENSG00000096401,98.85384479,1.585184141,0.228286117,1.24E-12,1.25E-11
ENSG00000096696,1215.599299,-2.788012809,0.088695736,1.76E-217,5.54E-215
ENSG00000096717,87.92264093,2.636814478,0.279796084,8.11E-22,1.44E-20
ENSG00000096746,387.3414796,2.467013996,0.133795112,2.57E-76,1.85E-74
ENSG00000097021,46.09209007,-1.178703571,0.306165867,5.44E-05,0.000228884
ENSG00000097033,50.1943935,-0.710175513,0.291588741,0.010660261,0.025705341
ENSG00000097096,8.452530005,1.637800231,0.842716441,0.012307035,0.02918537
ENSG00000099194,534.3877419,-3.398104017,0.1136221,2.16E-197,6.01E-195
ENSG00000099203,13.42845981,-1.726128136,0.669107051,0.002238165,0.006568428
ENSG00000099204,82.98165682,-2.437858619,0.251776333,6.24E-23,1.18E-21
ENSG00000099219,21.34085242,-2.773812193,0.524626578,1.87E-08,1.27E-07
ENSG00000099246,51.1587207,-1.293050742,0.287846719,2.90E-06,1.49E-05
ENSG00000099260,7.754258207,-4.09234882,1.134913247,4.30E-05,0.000184349
ENSG00000099284,30.67013811,-1.604690704,0.433066447,6.06E-05,0.000252451
ENSG00000099290,90.8779948,2.296174071,0.254081379,3.26E-20,5.24E-19
ENSG00000099326,45.20978035,2.45853063,0.408841213,3.49E-10,2.85E-09
ENSG00000099331,68.65453851,2.272862852,0.302374232,1.21E-14,1.39E-13
ENSG00000099337,37.06534064,-2.336777126,0.376309836,1.01E-10,8.74E-10
ENSG00000099338,2.575826364,3.61548635,2.668763481,0.00491332,0.013082912
ENSG00000099381,46.04648596,2.330174116,0.353849767,9.04E-12,8.54E-11
ENSG00000099385,19.0853298,-0.995417397,0.481115546,0.019809138,0.04385206
ENSG00000099617,1.747742282,1.889606354,3.12580042,0.022051274,0.048102207
ENSG00000099624,25.72463443,-2.55435708,0.502324312,5.42E-08,3.51E-07
ENSG00000099625,70.16860821,3.380422175,0.389489865,8.55E-19,1.28E-17
ENSG00000099783,232.0088692,1.783054785,0.156241143,9.40E-31,2.47E-29
ENSG00000099785,12.89039712,-2.013459834,0.620352864,0.000226262,0.000835785
ENSG00000099795,125.3192657,-2.40305948,0.261998633,7.63E-21,1.29E-19
ENSG00000099797,93.53643855,1.087728872,0.216896403,2.79E-07,1.65E-06
ENSG00000099800,67.77054924,-2.233546954,0.284997131,8.69E-16,1.09E-14
ENSG00000099814,160.1295151,1.920101804,0.194792744,1.69E-23,3.27E-22
ENSG00000099821,19.13747893,-1.059979965,0.489990306,0.014626173,0.033793998
ENSG00000099822,34.98199021,6.486203629,1.003487899,2.65E-10,2.20E-09
ENSG00000099849,32.11473655,-0.97223848,0.420940799,0.011312165,0.027056517
ENSG00000099860,770.4715313,6.300976497,0.195898496,4.90E-227,1.61E-224
ENSG00000099869,2.891519998,4.980934813,2.679882088,0.000803085,0.002631869
ENSG00000099875,380.4229481,1.442997353,0.1232207,4.57E-32,1.26E-30
ENSG00000099889,31.43181941,3.382727352,0.592135055,2.48E-09,1.87E-08
ENSG00000099899,17.81291287,-1.505190791,0.51543724,0.001085415,0.003442895
ENSG00000099901,31.82033521,-1.500097849,0.382301669,2.79E-05,0.000123043
ENSG00000099917,61.57520858,1.710422844,0.301539177,4.22E-09,3.11E-08
ENSG00000099940,27.37415621,-1.177455239,0.420291645,0.002206767,0.006488119
ENSG00000099942,255.3040535,1.829169978,0.152261957,8.27E-34,2.46E-32
ENSG00000099977,26.99859042,-1.194199099,0.421654111,0.001973133,0.005872758
ENSG00000099985,5.546910454,6.362239038,2.627220347,2.89E-05,0.000127082
ENSG00000099992,60.54332136,1.699239651,0.295029371,2.47E-09,1.86E-08
ENSG00000099995,65.55988266,0.635008157,0.25979913,0.011283514,0.026992447
ENSG00000100003,22.26153257,-1.689673773,0.48874795,0.000141629,0.000549662
ENSG00000100014,21.43288737,-1.26116569,0.456636864,0.002291492,0.006704547
ENSG00000100034,17.3297763,-2.122478316,0.553623271,2.49E-05,0.000110571
ENSG00000100060,11.77373072,2.320311949,0.786105726,0.000566455,0.001920006
ENSG00000100068,8.966057201,2.026883039,0.842897123,0.003214887,0.009028619
ENSG00000100075,62.12381998,-1.472217617,0.270290646,1.79E-08,1.22E-07
ENSG00000100078,4.761966962,-3.455023631,1.381840526,0.001589011,0.004842955
ENSG00000100083,38.22072586,0.980560113,0.343086639,0.002402394,0.006993701
ENSG00000100092,20.94709752,-1.086829852,0.449974792,0.007411477,0.018735716
ENSG00000100097,74.21880493,-1.873029277,0.263669815,3.00E-13,3.18E-12
ENSG00000100100,18.19223356,-1.268692946,0.486562103,0.003486268,0.00971352
ENSG00000100104,12.69472099,-1.26611113,0.592011374,0.011817979,0.028154711
ENSG00000100109,69.47515954,1.404174024,0.270277338,7.80E-08,4.94E-07
ENSG00000100129,63.80763087,-1.678207969,0.267797571,1.06E-10,9.11E-10
ENSG00000100138,90.56884788,-1.568991252,0.219865181,3.09E-13,3.27E-12
ENSG00000100139,76.06379088,-1.736942492,0.251419862,1.35E-12,1.36E-11
ENSG00000100147,2.904883137,-4.130683846,3.068389193,0.004364243,0.011796572
ENSG00000100151,40.54441784,0.826928801,0.332286203,0.008376295,0.020822103
ENSG00000100170,26.02978818,-2.591910176,0.473890355,7.23E-09,5.16E-08
ENSG00000100197,5.021824705,2.18944649,1.0866816,0.006758675,0.017306478
ENSG00000100201,408.758186,1.708118988,0.12006472,1.95E-46,8.12E-45
ENSG00000100207,55.99459741,0.697117877,0.272298984,0.007629947,0.019200841
ENSG00000100211,21.27583352,-1.783451201,0.516674264,0.000130943,0.000510641
ENSG00000100216,71.77706364,-1.822461423,0.269661335,3.53E-12,3.44E-11
ENSG00000100219,277.3214083,0.667689225,0.136814729,7.65E-07,4.26E-06
ENSG00000100221,101.5421378,2.004416775,0.244252881,5.52E-17,7.37E-16
ENSG00000100225,63.37545329,1.073971275,0.270903717,3.88E-05,0.000167564
ENSG00000100226,58.9613786,1.560932562,0.294901899,4.42E-08,2.90E-07
ENSG00000100227,120.5972168,0.659145437,0.19475983,0.000557452,0.001891911
ENSG00000100239,59.1075314,0.845855094,0.290804666,0.00236662,0.006899266
ENSG00000100243,77.08270063,-0.769098518,0.237023141,0.000830775,0.002711206
ENSG00000100253,4.290020759,5.768643605,2.551131738,8.15E-05,0.000329907
ENSG00000100258,48.66414109,1.082918207,0.321413559,0.000384688,0.001356619
ENSG00000100263,43.77371493,2.080355915,0.386206695,1.60E-08,1.10E-07
ENSG00000100266,71.94622703,1.241082136,0.252661393,4.07E-07,2.35E-06
ENSG00000100271,2.579109843,-2.059183341,1.957172339,0.020818322,0.045778179
ENSG00000100288,86.67361212,1.542327155,0.27082473,4.18E-09,3.09E-08
ENSG00000100292,40.76532564,0.953671313,0.355328281,0.004180388,0.011371785
ENSG00000100294,9.344897264,-1.912320361,0.803175169,0.003088299,0.008706886
ENSG00000100300,182.3432878,-3.095712263,0.212798028,8.42E-49,3.70E-47
ENSG00000100304,35.14366245,-2.561385717,0.386415062,5.62E-12,5.39E-11
ENSG00000100316,451.557214,-1.850309689,0.105668604,3.17E-69,2.07E-67
ENSG00000100320,64.21366513,0.799046828,0.258044661,0.001349448,0.00418536
ENSG00000100324,7.99816701,-1.981499761,0.899712425,0.004620841,0.012411385
ENSG00000100330,118.4942357,2.122313654,0.222885228,4.02E-22,7.32E-21
ENSG00000100347,11.32250631,-2.09924786,0.656157461,0.000258548,0.00094492
ENSG00000100348,58.02754068,-2.597495059,0.307325325,4.72E-18,6.78E-17
ENSG00000100364,38.38708414,-1.733043932,0.34548542,1.43E-07,8.77E-07
ENSG00000100379,17.18465663,-1.607652875,0.548394092,0.000925399,0.002984359
ENSG00000100380,167.7192778,0.828635565,0.167293992,5.00E-07,2.85E-06
ENSG00000100393,135.0816787,2.33683569,0.211991238,6.01E-29,1.47E-27
ENSG00000100401,227.1031839,1.186741679,0.14911275,8.44E-16,1.06E-14
ENSG00000100413,5.877720749,-1.891488645,0.918833244,0.00706983,0.018023088
ENSG00000100425,121.1874249,2.459843361,0.223819317,8.46E-29,2.05E-27
ENSG00000100427,9.449567734,5.66206977,1.430455788,3.91E-06,1.97E-05
ENSG00000100439,18.01532336,-1.333552558,0.494304168,0.002509157,0.007259259
ENSG00000100442,68.6785345,-1.798648407,0.273688776,1.30E-11,1.21E-10
ENSG00000100461,23.51617011,1.496278907,0.433186929,0.000180694,0.000681899
ENSG00000100485,45.33214102,1.453761568,0.336596342,5.65E-06,2.78E-05
ENSG00000100503,11.40657205,-1.716530679,0.649273654,0.001983617,0.005895478
ENSG00000100504,88.71640525,-2.732749049,0.24388915,6.44E-30,1.65E-28
ENSG00000100519,61.07433984,1.239914445,0.285355119,6.22E-06,3.03E-05
ENSG00000100522,31.09015178,-1.208933078,0.378857817,0.000615368,0.002065491
ENSG00000100528,39.84461228,-1.038544185,0.320045339,0.000614521,0.002063603
ENSG00000100554,142.9847985,0.618199831,0.176536569,0.000373909,0.001320861
ENSG00000100558,73.688987,-1.726165189,0.259030218,7.87E-12,7.47E-11
ENSG00000100564,10.48369116,-1.509563061,0.739134383,0.011069191,0.026567527
ENSG00000100567,40.55658669,-2.384442795,0.383391737,8.69E-11,7.60E-10
ENSG00000100568,23.18269326,-2.20969122,0.470440835,4.96E-07,2.83E-06
ENSG00000100591,409.5901113,1.68308961,0.112894337,9.16E-51,4.24E-49
ENSG00000100600,42.15313381,0.828875736,0.311513022,0.005127935,0.013564578
ENSG00000100601,35.44935264,0.940453224,0.34392895,0.003656699,0.010118287
ENSG00000100603,250.0212322,1.397065766,0.139171797,4.10E-24,8.14E-23
ENSG00000100612,52.39042,-1.924538847,0.308085996,1.01E-10,8.74E-10
ENSG00000100625,30.46319831,4.609123379,0.63739109,1.59E-13,1.71E-12
ENSG00000100632,216.538807,-0.527818896,0.154684116,0.000550098,0.001869377
ENSG00000100644,231.1667606,-0.731684274,0.135405531,4.81E-08,3.14E-07
ENSG00000100647,38.19528885,1.338520499,0.358938538,7.56E-05,0.000308345
ENSG00000100650,836.4340221,2.255728955,0.09957871,2.40E-114,2.95E-112
ENSG00000100664,366.4546669,2.223591363,0.138642776,1.42E-58,7.56E-57
ENSG00000100697,43.62049405,1.006518458,0.319329141,0.000894995,0.002899222
ENSG00000100714,9.704977839,-2.719203429,0.773296882,6.42E-05,0.000265665
ENSG00000100731,29.49511459,1.823654278,0.415935829,3.03E-06,1.55E-05
ENSG00000100739,26.84082185,3.414710931,0.513215349,4.52E-12,4.37E-11
ENSG00000100749,11.5159632,-1.853213205,0.662676462,0.001088374,0.003450012
ENSG00000100764,34.63834882,0.89693585,0.347141893,0.00595548,0.015473775
ENSG00000100796,87.52259825,0.679264603,0.217396466,0.001376709,0.004255014
ENSG00000100804,239.8137516,-1.567302775,0.15724825,6.93E-24,1.36E-22
ENSG00000100811,88.50710652,0.890706941,0.218229468,2.82E-05,0.000124262
ENSG00000100813,287.5212764,2.8556697,0.169408627,1.71E-64,1.02E-62
ENSG00000100823,82.8120171,-0.904858546,0.243185726,0.000120631,0.000473883
ENSG00000100836,234.5411801,2.688607372,0.18474205,9.94E-49,4.35E-47
ENSG00000100842,14.45532752,-3.098315199,0.694726103,1.22E-06,6.62E-06
ENSG00000100867,19.31584998,7.423612537,2.438884271,2.10E-08,1.42E-07
ENSG00000100902,36.9883046,-0.817086645,0.331260954,0.008864905,0.021864048
ENSG00000100906,973.7399403,4.927143108,0.137325372,1.45E-282,6.58E-280
ENSG00000100911,71.14730796,0.713048706,0.248238243,0.003013777,0.008521673
ENSG00000100934,30.25854328,-0.907826885,0.392680565,0.012222308,0.029008198
ENSG00000100941,610.7737347,2.806189676,0.109192499,2.12E-146,3.74E-144
ENSG00000100949,32.51438991,-1.36229506,0.381734033,0.000133414,0.000519452
ENSG00000100979,46.3117399,-2.425139669,0.349072649,6.26E-13,6.48E-12
ENSG00000100991,175.1284655,0.918503179,0.164443874,1.49E-08,1.03E-07
ENSG00000100994,97.01625452,-1.38220971,0.221843075,1.82E-10,1.54E-09
ENSG00000101000,36.31208494,-3.210395191,0.475819931,1.89E-12,1.88E-11
ENSG00000101040,23.01161105,-2.212256473,0.502762339,1.96E-06,1.03E-05
ENSG00000101079,19.84268973,-2.234745789,0.564617084,1.40E-05,6.48E-05
ENSG00000101084,166.0092084,-1.243686745,0.175168639,5.72E-13,5.94E-12
ENSG00000101104,37.74386993,1.940450384,0.411968522,6.20E-07,3.50E-06
ENSG00000101109,44.90578695,1.436786167,0.333728289,6.11E-06,2.98E-05
ENSG00000101126,58.68919417,0.860549768,0.270381611,0.000944813,0.003038846
ENSG00000101146,82.23746847,1.726666579,0.256979806,5.15E-12,4.95E-11
ENSG00000101150,224.6389738,0.907510283,0.140242901,6.32E-11,5.57E-10
ENSG00000101158,66.5333563,0.855509087,0.254032743,0.000499324,0.001710888
ENSG00000101160,67.3604972,0.702781447,0.283614512,0.00976273,0.023782692
ENSG00000101166,160.5498658,0.501508688,0.162817676,0.00178153,0.005361996
ENSG00000101182,271.9195526,-0.730651756,0.136466503,6.48E-08,4.15E-07
ENSG00000101189,49.52692112,1.133252168,0.312919512,0.000145206,0.00056084
ENSG00000101191,43.68123955,1.736421774,0.341316967,1.03E-07,6.42E-07
ENSG00000101199,55.64434224,0.998378396,0.299770723,0.000487427,0.001675673
ENSG00000101213,57.15500901,-1.916786342,0.312205541,2.05E-10,1.72E-09
ENSG00000101216,78.00324228,2.574277196,0.297591713,9.56E-19,1.43E-17
ENSG00000101220,11.99752892,-2.065320791,0.646595106,0.000256688,0.000938596
ENSG00000101224,18.54394524,-1.061049785,0.47979772,0.013001605,0.030610164
ENSG00000101236,47.91985119,2.207064844,0.358656767,1.65E-10,1.40E-09
ENSG00000101255,112.8433965,-0.545747356,0.234876213,0.016689587,0.037837047
ENSG00000101294,18.81144584,-1.60301126,0.491029485,0.000315679,0.001133689
ENSG00000101298,5.188210439,-1.66939122,1.009135425,0.019953064,0.044120398
ENSG00000101311,18.8977843,-1.766086658,0.507960025,0.000123857,0.000485766
ENSG00000101346,17.36131539,-1.524773297,0.514781434,0.000932437,0.003003043
ENSG00000101363,62.03732165,-0.816887544,0.283602606,0.002622027,0.007546601
ENSG00000101367,309.256891,0.849827094,0.125421318,8.43E-12,7.98E-11
ENSG00000101384,26.16330571,-1.360072947,0.399219783,0.000240129,0.000882729
ENSG00000101413,37.96674112,0.913429486,0.327363754,0.003165725,0.008907485
ENSG00000101417,5.089555482,-3.732049833,1.346326288,0.00077516,0.002548664
ENSG00000101421,423.7062632,1.41064767,0.107657302,1.23E-39,4.43E-38
ENSG00000101439,55.66576619,-2.735057992,0.314543586,5.22E-19,7.89E-18
ENSG00000101444,61.2296987,-2.547502336,0.294039925,7.57E-19,1.14E-17
ENSG00000101447,38.48072618,2.822909925,0.395485592,1.50E-13,1.61E-12
ENSG00000101460,33.06677197,1.07961261,0.39503187,0.003125406,0.00880636
ENSG00000101464,13.47774523,-1.127442176,0.543607544,0.016411404,0.037299817
ENSG00000101474,109.6508414,-0.771166837,0.206351121,0.000129701,0.000506217
ENSG00000101493,48.8737132,2.000242349,0.327728672,2.46E-10,2.05E-09
ENSG00000101544,175.0756629,3.280976533,0.211858114,8.67E-55,4.27E-53
ENSG00000101557,46.9607658,-0.904720344,0.310291532,0.002153959,0.006347353
ENSG00000101558,99.10715566,1.325558903,0.225703285,1.79E-09,1.37E-08
ENSG00000101577,19.02953008,3.207865836,0.66184968,2.36E-07,1.41E-06
ENSG00000101608,154.170687,-1.130753586,0.171746445,2.32E-11,2.13E-10
ENSG00000101654,56.96852882,0.939442805,0.27768301,0.000434085,0.001511294
ENSG00000101665,20.33132902,2.296782387,0.533740787,3.23E-06,1.65E-05
ENSG00000101745,43.31006825,1.486614058,0.343310969,5.18E-06,2.56E-05
ENSG00000101751,10.32775076,1.462391199,0.694583491,0.010506355,0.025402909
ENSG00000101752,153.8644076,3.086844091,0.218928319,7.10E-46,2.88E-44
ENSG00000101782,215.4903186,1.940635189,0.168032785,1.97E-31,5.31E-30
ENSG00000101888,21.11890284,1.899265015,0.491859559,2.61E-05,0.000115609
ENSG00000101911,19.67968111,-2.655472581,0.561797711,3.44E-07,2.00E-06
ENSG00000101928,23.20782693,-0.905725054,0.42367919,0.018688743,0.041688027
ENSG00000101935,37.41137461,-0.716013635,0.329528115,0.021197888,0.046485752
ENSG00000101997,18.63151009,-1.294059071,0.50917006,0.00411782,0.011222669
ENSG00000102003,12.7267392,8.01045467,2.543457508,5.76E-09,4.18E-08
ENSG00000102007,271.0814656,-1.801255632,0.152573753,9.47E-33,2.68E-31
ENSG00000102024,260.6170426,-1.798801341,0.160579428,1.02E-29,2.59E-28
ENSG00000102034,45.67770813,1.522090598,0.34901079,4.33E-06,2.16E-05
ENSG00000102038,34.1362355,0.94468728,0.38737079,0.008486805,0.021060658
ENSG00000102054,30.41383405,-1.085896087,0.373169834,0.001779285,0.005357464
ENSG00000102057,16.05906077,4.059718996,0.854579662,5.14E-07,2.93E-06
ENSG00000102081,22.17056058,1.359382641,0.446835156,0.000864223,0.002808336
ENSG00000102100,62.12959198,0.751547795,0.26482144,0.003248691,0.009107657
ENSG00000102119,102.5551878,0.61580688,0.21887922,0.003925477,0.010769341
ENSG00000102144,197.2012802,-2.968185157,0.180016911,7.34E-62,4.10E-60
ENSG00000102189,46.24196756,0.676750985,0.301415549,0.018674949,0.041666143
ENSG00000102195,484.2862992,13.12057879,2.691981861,5.63E-25,1.17E-23
ENSG00000102218,42.89706359,0.95818178,0.329270729,0.002087134,0.006172733
ENSG00000102225,78.8045801,1.860202899,0.259805562,2.63E-13,2.80E-12
ENSG00000102241,41.39194697,-1.867125487,0.338140312,8.15E-09,5.78E-08
ENSG00000102243,7.433519253,-3.461106295,1.085109086,0.000163116,0.000622378
ENSG00000102265,177.1517235,-1.321544912,0.208258195,9.09E-11,7.93E-10
ENSG00000102287,36.8145505,1.584568324,0.368474756,5.43E-06,2.68E-05
ENSG00000102302,40.64138006,1.66659292,0.389685758,5.54E-06,2.73E-05
ENSG00000102317,133.5517067,0.65085288,0.17852951,0.000211529,0.000786378
ENSG00000102401,72.1146809,1.508642735,0.268592131,6.70E-09,4.82E-08
ENSG00000102471,61.35386377,-1.645614945,0.268573247,2.74E-10,2.27E-09
ENSG00000102531,49.64756394,1.477635133,0.314914684,1.13E-06,6.19E-06
ENSG00000102543,4.254629395,-1.657610604,1.06153713,0.022592145,0.049111885
ENSG00000102575,7.592084518,-3.762452129,1.069703766,7.26E-05,0.000297861
ENSG00000102606,31.24408419,0.926507673,0.376308322,0.008105597,0.020250008
ENSG00000102738,26.74481899,-1.615034583,0.536957198,0.000698607,0.002321208
ENSG00000102743,8.427828282,-1.592968524,0.764176851,0.009024001,0.02220349
ENSG00000102753,52.66263547,-0.780859243,0.289025532,0.004692687,0.012562415
ENSG00000102760,11.11821416,3.931052145,1.14138034,0.000156676,0.000600175
ENSG00000102763,5.642820832,-1.673515583,0.901506483,0.013430327,0.031432218
ENSG00000102780,21.00615911,1.28297576,0.506911129,0.004455103,0.012015253
ENSG00000102786,42.57686833,2.200421676,0.371153789,6.50E-10,5.18E-09
ENSG00000102858,22.46019246,1.443033883,0.465968038,0.000669533,0.00223332
ENSG00000102882,60.11587343,-0.935375753,0.260948011,0.000201821,0.000753574
ENSG00000102890,31.83751142,-1.545674664,0.3990297,3.35E-05,0.000146
ENSG00000102893,9.457705659,-1.330168346,0.660300059,0.014429994,0.033411959
ENSG00000102898,73.1385525,-0.970184402,0.2461827,4.71E-05,0.000200514
ENSG00000102901,67.55758018,1.115934542,0.275926901,2.65E-05,0.000117037
ENSG00000102908,125.4518981,3.07840342,0.257061084,9.61E-34,2.86E-32
ENSG00000102921,32.04506479,-1.661672242,0.373387461,2.44E-06,1.27E-05
ENSG00000102931,107.6551996,-0.645710193,0.221399711,0.002728617,0.007822287
ENSG00000102984,28.01700032,2.810483443,0.505421535,4.59E-09,3.37E-08
ENSG00000103021,5.242008557,-1.679333114,0.936481898,0.014715668,0.033952019
ENSG00000103024,11.67086681,-1.962902027,0.77865469,0.001994494,0.005925374
ENSG00000103034,44.03397193,3.304299984,0.391702808,5.68E-18,8.14E-17
ENSG00000103035,271.5124975,0.376452681,0.128808366,0.003199818,0.008989789
ENSG00000103042,32.03239278,1.177632675,0.381197761,0.000909655,0.002940135
ENSG00000103044,30.79589045,-2.037852489,0.38846181,3.27E-08,2.16E-07
ENSG00000103051,35.30328263,-1.015009711,0.352146567,0.002114538,0.006242306
ENSG00000103061,20.41970313,-1.306781085,0.488797073,0.002836327,0.008098997
ENSG00000103064,40.00016661,1.495958657,0.34115178,3.98E-06,2.00E-05
ENSG00000103067,67.51987777,-1.348830595,0.266853604,1.71E-07,1.04E-06
ENSG00000103091,26.06363276,0.901487732,0.398035771,0.013934155,0.032441196
ENSG00000103111,65.67463056,2.145330128,0.287092044,1.80E-14,2.05E-13
ENSG00000103126,39.91254327,1.232004089,0.354387796,0.000222432,0.000823315
ENSG00000103145,10.8349192,-1.2821789,0.655373585,0.016931938,0.038350455
ENSG00000103152,26.3332954,-2.085146702,0.46912799,1.73E-06,9.20E-06
ENSG00000103154,4.317667784,5.159849839,2.499557763,0.000263911,0.000962575
ENSG00000103168,35.4091404,0.820456916,0.37809734,0.019498539,0.043276954
ENSG00000103187,28.73116477,-0.844886179,0.369514999,0.013836054,0.032241077
ENSG00000103194,99.89750905,1.257630006,0.217248782,3.18E-09,2.37E-08
ENSG00000103202,29.75275337,-2.483957258,0.446505924,4.39E-09,3.23E-08
ENSG00000103249,98.55601716,2.582921034,0.277799823,2.76E-21,4.77E-20
ENSG00000103254,6.932148787,-1.637941975,0.994863697,0.02012563,0.044477888
ENSG00000103257,239.9374046,0.876580981,0.150759073,4.04E-09,2.99E-08
ENSG00000103260,12.28454518,-2.213540587,0.654086637,0.000120319,0.000472787
ENSG00000103264,31.45221507,1.257786312,0.398373934,0.00066577,0.002223329
ENSG00000103266,73.09681738,-1.963714591,0.265486348,3.25E-14,3.66E-13
ENSG00000103269,13.82817934,3.491367983,0.863376778,1.18E-05,5.54E-05
ENSG00000103275,111.5514509,1.993335074,0.216792601,9.57E-21,1.59E-19
ENSG00000103316,14.0457823,4.426249024,1.076281188,1.74E-05,7.93E-05
ENSG00000103326,47.43021261,1.96412917,0.365383846,1.91E-08,1.30E-07
ENSG00000103335,177.1080746,2.167006988,0.202210798,1.86E-27,4.21E-26
ENSG00000103363,193.704195,-1.452416202,0.167456767,1.50E-18,2.21E-17
ENSG00000103365,36.2879929,1.441677346,0.386231237,6.73E-05,0.000277622
ENSG00000103415,63.86619016,-1.406669946,0.286237531,3.29E-07,1.92E-06
ENSG00000103423,27.42252054,-0.986059704,0.399257784,0.007226919,0.018346037
ENSG00000103479,21.85757953,-2.106248116,0.491795617,3.66E-06,1.85E-05
ENSG00000103490,22.0878352,-3.435965913,0.58527833,5.50E-10,4.41E-09
ENSG00000103496,88.39075687,1.168097433,0.251811327,1.69E-06,8.98E-06
ENSG00000103502,45.1923068,-1.697400768,0.32935364,7.15E-08,4.56E-07
ENSG00000103507,23.17526324,-1.087788913,0.456029941,0.0080593,0.02014825
ENSG00000103510,26.03295214,0.976476796,0.429870617,0.012565234,0.029734367
ENSG00000103549,81.21347246,0.950572218,0.244612754,6.24E-05,0.000259007
ENSG00000103550,6.718764578,-2.632134058,0.989289918,0.001049381,0.003338834
ENSG00000103569,24.25460768,-1.888255271,0.470951253,1.34E-05,6.23E-05
ENSG00000103591,56.56248531,-1.114416477,0.278385498,3.12E-05,0.000136659
ENSG00000103647,6.625647417,4.50551614,2.330195748,0.000485353,0.001669338
ENSG00000103653,25.67645428,-1.521571983,0.430442903,0.000127806,0.000499631
ENSG00000103723,8.532592922,7.152691962,2.516882012,3.52E-07,2.05E-06
ENSG00000103769,101.6561359,-1.863380388,0.216698003,2.04E-18,2.99E-17
ENSG00000103855,32.13733231,0.826836637,0.378537239,0.018553001,0.041451543
ENSG00000103932,37.12824863,1.011955236,0.340810823,0.001634037,0.004967638
ENSG00000103942,21.06668308,1.395055554,0.484160726,0.001404721,0.00433604
ENSG00000103994,38.71576494,1.192371837,0.340872039,0.000215096,0.000798001
ENSG00000104064,42.6949,2.428448147,0.374430496,1.75E-11,1.62E-10
ENSG00000104067,101.5854682,0.847420922,0.205097281,2.41E-05,0.000107409
ENSG00000104140,74.54212384,-3.272186712,0.343136855,1.81E-22,3.34E-21
ENSG00000104142,32.98731358,-0.856376319,0.378540974,0.014604463,0.033754609
ENSG00000104147,2.798246494,-4.519584497,3.346098187,0.003868094,0.0106301
ENSG00000104164,36.07791057,1.012320314,0.365834166,0.003051489,0.008614848
ENSG00000104177,16.29682397,4.25748959,0.907481334,1.07E-06,5.85E-06
ENSG00000104218,12.61122095,1.407471844,0.625174064,0.00787003,0.019753517
ENSG00000104219,10.05329621,2.771268085,1.017988951,0.001259589,0.003933328
ENSG00000104221,15.13747345,-1.175347904,0.571465659,0.016037178,0.036581338
ENSG00000104228,30.61470457,-1.057359348,0.387638002,0.003228483,0.009058018
ENSG00000104267,243.2592866,-1.568761293,0.143413974,2.42E-28,5.73E-27
ENSG00000104320,8.002244093,-2.458371395,0.836005444,0.00046925,0.001617027
ENSG00000104325,17.23244991,-2.932206919,0.624796969,3.51E-07,2.04E-06
ENSG00000104332,19.01012624,-3.137908352,0.57449648,6.47E-09,4.67E-08
ENSG00000104341,59.41484793,-2.521727723,0.297426796,3.85E-18,5.57E-17
ENSG00000104361,20.4669175,-2.259177412,0.529085072,3.57E-06,1.81E-05
ENSG00000104365,30.92510163,1.529118111,0.408188116,5.94E-05,0.000247962
ENSG00000104388,53.10394562,-1.000095346,0.28743782,0.000279692,0.001015275
ENSG00000104412,10.26768702,-1.572014789,0.661387068,0.004614382,0.012398637
ENSG00000104413,139.5856879,-2.301286339,0.19889439,1.27E-31,3.47E-30
ENSG00000104419,278.2441206,-1.628062031,0.141055979,2.68E-31,7.16E-30
ENSG00000104442,21.66101913,-1.901504813,0.475026294,1.42E-05,6.56E-05
ENSG00000104497,31.43413962,1.837626271,0.430681,4.85E-06,2.41E-05
ENSG00000104517,159.7516664,2.195373187,0.185683391,6.89E-33,1.97E-31
ENSG00000104549,97.79532375,-1.345821308,0.212300636,9.33E-11,8.12E-10
ENSG00000104611,12.4108121,-1.992708529,0.675125734,0.000602593,0.002024958
ENSG00000104613,17.40743869,-1.924822181,0.542412321,8.24E-05,0.000333012
ENSG00000104635,77.98172522,2.04262437,0.285550567,1.99E-13,2.12E-12
ENSG00000104643,22.83437462,1.164204821,0.446188044,0.004267942,0.011575163
ENSG00000104660,12.97193184,-2.326940267,0.666497217,7.64E-05,0.000311008
ENSG00000104695,197.7939834,1.330357097,0.157521325,1.35E-17,1.90E-16
ENSG00000104714,13.28235303,1.945541897,0.614834167,0.000340537,0.001215124
ENSG00000104722,266.2090516,9.250634372,1.264339834,7.08E-16,8.87E-15
ENSG00000104723,18.35198137,-1.164145862,0.485773602,0.007105019,0.018093708
ENSG00000104728,31.31030342,1.773190236,0.424039526,7.86E-06,3.78E-05
ENSG00000104756,131.3023396,0.718348843,0.197684764,0.000203234,0.00075807
ENSG00000104763,11.07719705,-2.569068366,0.701616012,3.57E-05,0.000154677
ENSG00000104765,60.69712358,-0.757769012,0.274051556,0.004024745,0.010995406
ENSG00000104783,9.818249591,6.050456243,2.400026455,8.74E-06,4.17E-05
ENSG00000104805,54.44102218,-0.78654972,0.291433369,0.004687101,0.012553235
ENSG00000104808,37.55814431,3.511492325,0.505198149,6.15E-13,6.38E-12
ENSG00000104812,29.95510846,-1.833504343,0.437972256,6.89E-06,3.34E-05
ENSG00000104823,66.162479,-2.667688656,0.293162275,1.40E-20,2.30E-19
ENSG00000104824,169.0048648,1.25618533,0.165050147,1.31E-14,1.50E-13
ENSG00000104825,201.8529006,3.172120478,0.21634946,1.66E-49,7.51E-48
ENSG00000104826,7.011634613,3.500855602,1.776796765,0.002841221,0.008105661
ENSG00000104852,469.1278847,2.606856236,0.133482827,1.06E-85,8.86E-84
ENSG00000104853,113.8945303,1.354048148,0.207017895,2.50E-11,2.28E-10
ENSG00000104856,106.8880957,4.67861549,0.364554735,4.19E-38,1.43E-36
ENSG00000104859,64.91901549,2.698369173,0.326289703,2.51E-17,3.45E-16
ENSG00000104879,8.598802335,6.903387605,2.546564,2.14E-06,1.12E-05
ENSG00000104881,127.4248866,0.593355059,0.190454603,0.001492683,0.00457634
ENSG00000104884,14.48487019,1.174722969,0.550135956,0.013690139,0.031942188
ENSG00000104885,21.87101144,1.53766919,0.47040099,0.000336452,0.00120292
ENSG00000104892,60.85280882,-1.193039779,0.286947065,1.47E-05,6.77E-05
ENSG00000104897,59.04598601,1.10146074,0.283160917,5.12E-05,0.000216662
ENSG00000104899,14.56891898,7.586942331,2.469165496,1.63E-08,1.12E-07
ENSG00000104904,627.2935239,2.327574765,0.106329257,5.48E-107,6.15E-105
ENSG00000104907,73.73380737,0.931508981,0.272925782,0.000387664,0.001364824
ENSG00000104936,56.65022176,2.975509309,0.369845163,1.52E-16,1.97E-15
ENSG00000104946,35.63001611,1.991692512,0.400848174,1.56E-07,9.51E-07
ENSG00000104957,39.76042367,1.268309427,0.3569993,0.000161156,0.000615517
ENSG00000104960,187.1496409,3.465633565,0.214406526,1.72E-59,9.35E-58
ENSG00000104967,2.595533335,3.99394669,2.633723764,0.002981929,0.008444813
ENSG00000104969,96.34008012,1.431331643,0.216313153,1.39E-11,1.29E-10
ENSG00000104979,105.6662394,-2.317275006,0.295115025,6.82E-16,8.55E-15
ENSG00000104980,108.3796013,2.199195094,0.247789959,1.54E-19,2.41E-18
ENSG00000105063,88.14071626,1.242709237,0.240616897,1.09E-07,6.78E-07
ENSG00000105085,29.58657368,1.84450612,0.42081026,2.97E-06,1.52E-05
ENSG00000105127,23.31898594,-0.892286666,0.419661932,0.0194961,0.043276954
ENSG00000105131,33.91596025,-2.634417049,0.449101381,6.41E-10,5.11E-09
ENSG00000105135,15.03381951,-1.158483345,0.5190414,0.010947102,0.02633561
ENSG00000105141,158.4308921,-3.232938125,0.209081943,8.06E-55,3.98E-53
ENSG00000105146,15.06977595,3.733346922,0.892098788,5.78E-06,2.83E-05
ENSG00000105176,27.90142209,-1.422801759,0.417980058,0.000224852,0.000831211
ENSG00000105193,369.5758924,-1.903733121,0.133000492,4.35E-47,1.84E-45
ENSG00000105202,63.06921116,-2.281427422,0.277640298,3.95E-17,5.36E-16
ENSG00000105204,21.76246712,1.322444909,0.462715319,0.001612341,0.004908892
ENSG00000105219,8.013862178,3.259236874,1.101431544,0.000475671,0.001637983
ENSG00000105220,32.50653378,-2.384714073,0.407496925,8.86E-10,6.97E-09
ENSG00000105223,25.17279048,-1.677677642,0.424938326,2.14E-05,9.62E-05
ENSG00000105227,4.183530278,2.151219869,1.355307674,0.017448162,0.039371886
ENSG00000105229,44.92498076,1.584133405,0.340379413,1.02E-06,5.58E-06
ENSG00000105245,41.59822538,2.309107951,0.40268144,2.06E-09,1.57E-08
ENSG00000105248,54.97616807,1.621778271,0.331938877,3.14E-07,1.84E-06
ENSG00000105254,43.629701,-0.762980162,0.302168742,0.007974516,0.019981136
ENSG00000105258,27.00611281,-1.966735599,0.43048559,1.08E-06,5.92E-06
ENSG00000105287,66.92470741,1.06178482,0.261393401,2.62E-05,0.000115849
ENSG00000105298,76.87671551,3.219632333,0.319538261,1.18E-24,2.40E-23
ENSG00000105321,47.96430634,1.648834703,0.351566747,8.14E-07,4.52E-06
ENSG00000105325,57.9163081,1.860973403,0.298821658,1.21E-10,1.03E-09
ENSG00000105327,21.72385419,2.10429434,0.486928593,3.12E-06,1.60E-05
ENSG00000105329,66.12297136,1.599088596,0.290017195,1.15E-08,8.05E-08
ENSG00000105357,12.00216122,-1.162017376,0.571604729,0.017262434,0.039001411
ENSG00000105364,28.47616891,-1.343492729,0.417971558,0.000482766,0.001660834
ENSG00000105369,3.247308,2.982273809,2.147306056,0.007992818,0.020013143
ENSG00000105372,456.3206191,-1.697203435,0.115730277,3.13E-49,1.41E-47
ENSG00000105373,63.80071412,0.833886242,0.257692071,0.000807208,0.002640843
ENSG00000105376,7.126639937,3.311193663,1.47720256,0.00212117,0.006258056
ENSG00000105379,11.9549207,-2.46587781,0.665797175,3.35E-05,0.000146
ENSG00000105393,59.51155227,-0.684955371,0.270521234,0.00843054,0.020937702
ENSG00000105397,49.02431726,1.36446188,0.329210297,1.32E-05,6.13E-05
ENSG00000105401,324.4275504,0.517120823,0.136733875,0.00013523,0.000525953
ENSG00000105404,57.00976325,-2.556518156,0.336585487,4.93E-15,5.86E-14
ENSG00000105419,5.940043941,5.088064053,2.391646878,0.000166352,0.000633554
ENSG00000105427,559.6957332,-0.437927853,0.145446419,0.002308189,0.006747946
ENSG00000105443,86.44643067,2.157270561,0.268772039,2.31E-16,2.98E-15
ENSG00000105447,41.44607278,1.04526689,0.33313745,0.000907927,0.002935859
ENSG00000105472,3.422704733,-2.169608712,1.522590267,0.018671088,0.041666143
ENSG00000105497,10.56212409,1.479242585,0.715617136,0.011081785,0.026593345
ENSG00000105499,8.655076687,6.793969542,2.471822864,9.64E-07,5.30E-06
ENSG00000105514,35.18437464,-2.859302537,0.406785675,3.14E-13,3.32E-12
ENSG00000105518,103.7587053,1.551832797,0.223160735,1.17E-12,1.19E-11
ENSG00000105520,110.200728,1.808557662,0.225456333,2.83E-16,3.63E-15
ENSG00000105523,11.55071581,4.042615807,0.914502692,1.92E-06,1.02E-05
ENSG00000105552,28.86682558,1.494671035,0.412813844,9.82E-05,0.000392237
ENSG00000105556,30.38699842,1.74906448,0.412890421,6.16E-06,3.00E-05
ENSG00000105559,15.86625326,2.398252696,0.652155159,4.41E-05,0.000188793
ENSG00000105568,85.48812858,-1.41535897,0.22821148,2.09E-10,1.75E-09
ENSG00000105576,112.1129141,0.934752166,0.202342109,2.41E-06,1.26E-05
ENSG00000105583,230.7609723,-0.513684177,0.180486677,0.003769785,0.010391489
ENSG00000105612,15.36081357,-2.007561561,0.660372746,0.000459729,0.001587996
ENSG00000105613,3.612277948,4.219765935,2.550142729,0.001821502,0.005460048
ENSG00000105619,36.32694417,0.951188884,0.37823952,0.006770308,0.017332755
ENSG00000105640,209.9777002,-1.503439873,0.162747478,8.70E-21,1.45E-19
ENSG00000105643,12.21399383,1.634764023,0.704192546,0.005280252,0.013916646
ENSG00000105647,15.0566315,-1.84652492,0.568664644,0.000260365,0.000950843
ENSG00000105650,1.879451182,2.842135326,3.783640749,0.012902955,0.030414258
ENSG00000105655,37.48163299,4.964747226,0.665347701,3.84E-14,4.31E-13
ENSG00000105656,90.889651,2.859738218,0.286465324,3.16E-24,6.31E-23
ENSG00000105676,17.34870007,-1.193991425,0.539842194,0.010900513,0.026232246
ENSG00000105677,102.281319,-2.243003997,0.232892575,1.14E-22,2.13E-21
ENSG00000105700,85.32411951,0.941832299,0.243479248,6.68E-05,0.000276121
ENSG00000105701,210.1922144,-0.997047869,0.166843942,1.32E-09,1.02E-08
ENSG00000105717,6.059236577,2.365313222,1.174176533,0.006539383,0.01679501
ENSG00000105722,147.7616337,2.488093483,0.200083854,3.23E-36,1.04E-34
ENSG00000105723,132.7663946,1.332413749,0.188209179,6.09E-13,6.32E-12
ENSG00000105737,6.302689593,5.998405569,2.475927599,2.28E-05,0.000102131
ENSG00000105755,47.70085891,-2.166311301,0.330492854,1.08E-11,1.02E-10
ENSG00000105767,26.80231894,-1.218771499,0.417351412,0.001477238,0.004535711
ENSG00000105784,25.24611048,6.923620438,1.296594814,2.48E-09,1.87E-08
ENSG00000105821,91.29489541,2.717896775,0.29836744,1.54E-20,2.52E-19
ENSG00000105825,54.03348152,5.320323619,0.640128699,6.81E-17,9.04E-16
ENSG00000105854,21.00227866,-1.843254788,0.483095213,3.20E-05,0.000139592
ENSG00000105856,146.6571673,2.183645775,0.19645626,2.30E-29,5.75E-28
ENSG00000105866,7.176894843,2.616088846,1.061643483,0.002427017,0.007062542
ENSG00000105879,55.43279844,1.871219308,0.311510207,4.92E-10,3.95E-09
ENSG00000105887,248.0856651,0.588040432,0.135818574,1.24E-05,5.82E-05
ENSG00000105953,91.25367914,-1.656358111,0.224082486,4.47E-14,4.99E-13
ENSG00000105971,52.5958166,-1.81349535,0.307651701,9.93E-10,7.77E-09
ENSG00000105974,166.7889653,-1.849926541,0.171471562,9.70E-28,2.23E-26
ENSG00000105976,128.1045178,1.662536228,0.200728678,3.73E-17,5.06E-16
ENSG00000105991,47.37316105,1.979477856,0.35563932,6.17E-09,4.46E-08
ENSG00000105993,92.65276408,2.275997527,0.244156474,2.43E-21,4.21E-20
ENSG00000106049,18.82704647,-1.734654118,0.536458084,0.000296175,0.001069215
ENSG00000106070,26.46289792,3.968511852,0.642785035,1.85E-10,1.56E-09
ENSG00000106089,65.53378872,3.445091853,0.374987688,8.05E-21,1.35E-19
ENSG00000106105,336.7853245,0.874700321,0.122260212,5.33E-13,5.57E-12
ENSG00000106123,9.868889086,-3.030499178,0.827444173,3.02E-05,0.000132402
ENSG00000106153,335.5504338,-0.882399066,0.138843281,1.35E-10,1.15E-09
ENSG00000106178,136.5822031,9.446313386,1.269398272,2.30E-16,2.96E-15
ENSG00000106211,3117.745473,-0.987720622,0.076236252,1.23E-38,4.27E-37
ENSG00000106244,94.4547441,-1.774395084,0.235388468,1.33E-14,1.53E-13
ENSG00000106245,138.7598165,1.116551896,0.202220151,1.73E-08,1.18E-07
ENSG00000106258,20.2617934,1.734171218,0.489131508,0.000101586,0.000404556
ENSG00000106261,113.0611117,1.139806656,0.210444499,3.10E-08,2.05E-07
ENSG00000106266,31.40210574,2.191914314,0.452463897,2.67E-07,1.58E-06
ENSG00000106268,6.868521312,-1.808143954,0.917317861,0.00850343,0.021091071
ENSG00000106278,10.04449268,-2.617296854,0.796613031,0.000132462,0.000516019
ENSG00000106305,40.90563246,-2.022978843,0.361370583,4.67E-09,3.42E-08
ENSG00000106328,3.262890823,4.105459269,2.54051609,0.002111276,0.006235552
ENSG00000106330,9.404055579,-2.519807479,0.765131594,0.000147216,0.000567996
ENSG00000106346,24.67376142,1.998885118,0.472480478,5.20E-06,2.57E-05
ENSG00000106348,25.29789052,-1.33756039,0.451869027,0.001136919,0.003585932
ENSG00000106355,13.2526282,-1.255521874,0.569960508,0.010275835,0.024894445
ENSG00000106367,130.7164959,-2.223640624,0.206037632,7.48E-28,1.73E-26
ENSG00000106392,22.41356221,0.925103613,0.429869284,0.017964936,0.040299344
ENSG00000106397,76.09134908,3.99255281,0.380408439,2.44E-26,5.34E-25
ENSG00000106399,7.45830257,-1.471188454,0.869149551,0.021531969,0.047139841
ENSG00000106404,67.70863085,4.546563365,0.464838429,4.02E-23,7.65E-22
ENSG00000106462,29.84535664,1.38512114,0.39915178,0.00018995,0.000713484
ENSG00000106524,37.62789755,2.604970138,0.427666018,2.09E-10,1.75E-09
ENSG00000106588,53.96930167,-0.756069467,0.282289619,0.005143246,0.013602595
ENSG00000106605,57.29062242,-1.492545908,0.326652154,1.64E-06,8.75E-06
ENSG00000106608,45.66173593,1.401813504,0.332221836,9.27E-06,4.41E-05
ENSG00000106615,71.34685809,0.877179458,0.270417311,0.000750597,0.002479161
ENSG00000106624,5.704747576,3.089773354,1.522844294,0.003585841,0.009950744
ENSG00000106628,41.49596982,-1.961902244,0.342163537,2.25E-09,1.71E-08
ENSG00000106635,61.26478088,0.944157657,0.278406526,0.000418573,0.001462934
ENSG00000106636,362.4242799,1.601070333,0.123150754,3.75E-39,1.32E-37
ENSG00000106665,22.78590171,2.037569749,0.54956644,4.82E-05,0.00020461
ENSG00000106682,263.8585965,0.366980621,0.124224297,0.002929055,0.00831622
ENSG00000106701,6.447129111,1.952239936,1.088774608,0.01424793,0.033067805
ENSG00000106733,7.566195973,-2.518222181,0.888485841,0.000685439,0.002282172
ENSG00000106771,12.74420684,-1.455963565,0.585148146,0.00388994,0.01068608
ENSG00000106785,10.84715871,-2.934698577,0.787732208,2.89E-05,0.000127174
ENSG00000106789,21.99828892,-1.182848294,0.457889917,0.004234597,0.011499805
ENSG00000106853,50.90483331,-1.9950682,0.343466214,1.34E-09,1.04E-08
ENSG00000106992,42.42040065,-0.882040981,0.3443299,0.006349624,0.016374454
ENSG00000107020,23.74130417,-2.942980559,0.507021546,9.61E-10,7.52E-09
ENSG00000107077,26.89026963,1.463390499,0.425925143,0.000203746,0.000759783
ENSG00000107104,34.74202431,-1.987106264,0.368431702,1.52E-08,1.05E-07
ENSG00000107140,64.35785627,2.518353801,0.347141453,7.61E-14,8.37E-13
ENSG00000107159,5.212776294,-6.588993334,2.84122687,3.73E-05,0.000161303
ENSG00000107164,74.37833225,1.112190121,0.248904445,4.07E-06,2.04E-05
ENSG00000107165,3.684134546,-5.559670722,3.020260439,0.000764437,0.00252085
ENSG00000107186,56.10959724,4.254858972,0.495785538,3.49E-18,5.07E-17
ENSG00000107201,15.15711539,-1.357515909,0.55720443,0.004996208,0.013274328
ENSG00000107223,251.681209,-2.094591912,0.175679398,1.83E-33,5.36E-32
ENSG00000107263,32.2128016,1.230376907,0.398775393,0.000882447,0.002862417
ENSG00000107281,53.12835468,1.635412471,0.384692987,6.36E-06,3.10E-05
ENSG00000107290,165.7818355,3.296500417,0.20701526,8.05E-58,4.21E-56
ENSG00000107371,27.50009639,-0.920572239,0.427024685,0.017556461,0.039548468
ENSG00000107372,110.1497758,1.636251828,0.219196127,2.68E-14,3.03E-13
ENSG00000107404,138.1053503,0.452533623,0.19200239,0.016351523,0.037181227
ENSG00000107438,123.8620761,-2.75379315,0.218942862,5.01E-37,1.66E-35
ENSG00000107443,32.014846,1.085778358,0.387311461,0.002771427,0.007932449
ENSG00000107485,62.34990989,-0.835810847,0.281360945,0.001915412,0.005715055
ENSG00000107521,74.25440544,1.219009888,0.258851051,1.14E-06,6.20E-06
ENSG00000107554,31.93467209,0.959139047,0.355209086,0.003958975,0.010842814
ENSG00000107566,74.68041139,0.976103973,0.238720901,2.51E-05,0.000111617
ENSG00000107581,344.9385641,0.510636593,0.111571474,4.09E-06,2.05E-05
ENSG00000107625,51.87459616,-0.887779977,0.291530957,0.0014348,0.004419464
ENSG00000107643,20.97658217,1.705073038,0.496224432,0.000160873,0.000614789
ENSG00000107738,6.742965397,-1.473806058,0.848516451,0.02123056,0.046543302
ENSG00000107798,20.08461908,-3.603028167,0.595786295,2.13E-10,1.78E-09
ENSG00000107819,71.25351419,0.653915145,0.277416771,0.014124028,0.032827596
ENSG00000107833,91.91465024,-1.62582765,0.2612974,1.44E-10,1.22E-09
ENSG00000107854,115.1206776,0.763137397,0.19565843,6.90E-05,0.000283978
ENSG00000107862,163.3429972,1.911704656,0.191851321,5.53E-24,1.09E-22
ENSG00000107863,91.83329973,2.21973256,0.271556324,6.83E-17,9.06E-16
ENSG00000107874,34.70456817,-2.259660224,0.441472278,5.27E-08,3.42E-07
ENSG00000107897,17.30769734,-1.629872771,0.544784396,0.000749512,0.002476709
ENSG00000107902,4.10025239,-6.0959872,2.810686255,0.000109187,0.000433396
ENSG00000107929,81.27638112,2.15351905,0.264472721,8.80E-17,1.16E-15
ENSG00000107937,120.5647536,0.80041735,0.193525874,2.48E-05,0.000110264
ENSG00000107938,20.72458857,1.077503798,0.456736922,0.00888873,0.021915343
ENSG00000107949,42.27927916,0.731185328,0.306803188,0.012266402,0.029093775
ENSG00000107957,33.67847108,-2.109772188,0.372497205,3.02E-09,2.26E-08
ENSG00000107959,128.5095497,1.27528508,0.19162195,1.26E-11,1.18E-10
ENSG00000107960,7.713255378,-2.334250822,0.866840748,0.001090217,0.003454138
ENSG00000108039,33.47885896,-0.941058343,0.358912466,0.005032293,0.01334715
ENSG00000108055,88.25128533,0.883858494,0.23543174,0.000110889,0.00043919
ENSG00000108091,24.92879119,-1.744347186,0.42988194,1.27E-05,5.93E-05
ENSG00000108106,19.53862606,1.418030734,0.512989467,0.001951124,0.005813225
ENSG00000108107,110.0543662,-1.785761316,0.202714739,3.49E-19,5.33E-18
ENSG00000108179,631.1247872,1.770259214,0.103177712,1.53E-66,9.55E-65
ENSG00000108187,7.865254566,1.716938193,0.976634102,0.017625618,0.039661594
ENSG00000108242,12.48129578,-3.190980035,0.721241907,1.31E-06,7.04E-06
ENSG00000108244,196.1861019,-0.500197483,0.182956416,0.00537151,0.014134011
ENSG00000108256,148.718529,1.434177349,0.182635403,1.57E-15,1.93E-14
ENSG00000108298,1113.668473,-1.557163161,0.091975277,9.30E-65,5.59E-63
ENSG00000108349,49.3285583,0.873505998,0.30112436,0.002358244,0.006877618
ENSG00000108352,49.03037845,-2.717787868,0.341721009,2.76E-16,3.55E-15
ENSG00000108379,27.63944828,4.435666071,0.71555662,2.39E-10,1.99E-09
ENSG00000108439,13.31049568,-2.745399428,0.649924576,3.54E-06,1.79E-05
ENSG00000108468,61.65435855,-1.069331341,0.281782392,7.73E-05,0.000314371
ENSG00000108479,6.23082277,-3.244624147,1.175605246,0.000739663,0.002448633
ENSG00000108506,49.99824604,3.528176622,0.40411778,4.90E-19,7.43E-18
ENSG00000108509,51.53169627,1.017248245,0.32126052,0.000846255,0.002757994
ENSG00000108510,151.8073487,2.622704314,0.201178013,1.49E-39,5.34E-38
ENSG00000108515,61.3358784,7.343940572,0.973983676,3.69E-13,3.88E-12
ENSG00000108518,615.5008767,-0.433472002,0.085102848,2.91E-07,1.71E-06
ENSG00000108523,100.1044529,-1.312238138,0.211904481,2.46E-10,2.05E-09
ENSG00000108528,28.86709976,-2.22683748,0.437845968,6.98E-08,4.46E-07
ENSG00000108551,90.28374392,7.129914298,0.730335012,6.78E-22,1.21E-20
ENSG00000108561,102.3441098,-1.952415841,0.221958689,3.48E-19,5.33E-18
ENSG00000108592,65.22424847,0.669935391,0.254107001,0.00637942,0.01643958
ENSG00000108599,51.28285766,0.915800992,0.299874975,0.001376208,0.004254375
ENSG00000108604,67.99621839,-1.808612121,0.268515889,4.43E-12,4.28E-11
ENSG00000108639,75.9714659,-0.846889402,0.240438246,0.000276389,0.001003792
ENSG00000108654,2117.170387,2.606378536,0.070407168,9.17E-301,4.28E-298
ENSG00000108669,106.1496288,1.901656219,0.243113386,1.38E-15,1.70E-14
ENSG00000108671,130.0856003,1.276963271,0.188591303,5.65E-12,5.41E-11
ENSG00000108679,25.7656884,-0.900668849,0.41565744,0.017425305,0.0393387
ENSG00000108786,6.237665489,-1.796178684,1.026661566,0.01600618,0.036522138
ENSG00000108788,37.30267782,-1.557278147,0.367595394,7.20E-06,3.49E-05
ENSG00000108799,42.89180465,1.652907734,0.344958063,4.98E-07,2.85E-06
ENSG00000108821,24.61491347,1.625616459,0.438692537,6.13E-05,0.000254794
ENSG00000108826,34.19929478,-0.863306564,0.352913161,0.008947206,0.022033255
ENSG00000108828,166.4766813,-1.613226628,0.16779079,2.19E-22,4.02E-21
ENSG00000108829,182.5473051,0.535068783,0.173707017,0.001783874,0.005367932
ENSG00000108848,247.4081133,2.307976888,0.158783042,1.51E-48,6.57E-47
ENSG00000108854,49.3404216,1.90402928,0.343370697,7.39E-09,5.27E-08
ENSG00000108861,96.9247304,0.869592874,0.218995403,4.60E-05,0.000196495
ENSG00000108883,21.92212004,-1.144263002,0.441847259,0.00428838,0.011619712
ENSG00000108946,124.5473304,0.603735669,0.18263955,0.000771138,0.002539476
ENSG00000108953,770.6170937,0.651718861,0.089981748,3.64E-13,3.83E-12
ENSG00000108960,15.21787946,1.103926688,0.55309073,0.020498095,0.045155807
ENSG00000109016,6.731225541,-1.680740085,0.819697684,0.008693763,0.021496873
ENSG00000109046,157.7802387,1.164202014,0.184048582,1.25E-10,1.07E-09
ENSG00000109062,43.15343373,-1.219308647,0.356406652,0.000265491,0.000967853
ENSG00000109079,90.58324728,-0.854838225,0.220373794,7.02E-05,0.000288474
ENSG00000109083,33.5210381,0.96111269,0.36857995,0.00515232,0.013624105
ENSG00000109084,15.89794089,1.399369904,0.533697101,0.002944212,0.008352703
ENSG00000109101,20.18257645,-3.003433929,0.556137507,8.83E-09,6.24E-08
ENSG00000109107,25.06731179,-2.367516903,0.455026883,3.29E-08,2.18E-07
ENSG00000109111,113.6419206,1.777191806,0.214876757,3.91E-17,5.32E-16
ENSG00000109113,72.30012457,1.278023964,0.288187166,3.93E-06,1.98E-05
ENSG00000109118,13.21465363,1.636006257,0.600340923,0.00173347,0.0052293
ENSG00000109182,105.9530856,-2.57432459,0.242942105,5.07E-27,1.14E-25
ENSG00000109184,36.14151279,2.064558272,0.407624709,9.36E-08,5.86E-07
ENSG00000109193,3.623717368,-3.187371355,1.789086735,0.004675522,0.012539647
ENSG00000109220,151.7806411,1.911497196,0.214217858,1.89E-19,2.93E-18
ENSG00000109255,16.61703552,-4.391140873,0.899528944,1.18E-07,7.33E-07
ENSG00000109270,136.7257135,1.529171086,0.18907288,1.96E-16,2.53E-15
ENSG00000109320,134.1947486,3.029945993,0.233529703,2.99E-39,1.06E-37
ENSG00000109321,960.3935984,0.360768072,0.081459135,8.63E-06,4.13E-05
ENSG00000109323,11.21568522,1.29726948,0.609618546,0.011880079,0.028284041
ENSG00000109332,374.5405612,2.435279583,0.131540046,1.64E-76,1.19E-74
ENSG00000109390,59.37930774,-0.850347136,0.27448997,0.001243743,0.00388804
ENSG00000109475,187.9770851,-1.705274298,0.158318635,1.43E-27,3.26E-26
ENSG00000109536,99.0514094,1.22441192,0.218476259,9.64E-09,6.80E-08
ENSG00000109572,35.49664238,-2.018394231,0.363852235,6.28E-09,4.54E-08
ENSG00000109606,195.9528495,1.540057048,0.165357714,4.31E-21,7.33E-20
ENSG00000109670,49.02170034,1.453010659,0.320968306,2.14E-06,1.12E-05
ENSG00000109685,21.58604165,1.810294364,0.49473473,6.45E-05,0.000266942
ENSG00000109686,19.88842366,-2.158231799,0.530242945,8.84E-06,4.22E-05
ENSG00000109736,185.029923,1.262169071,0.218238582,3.37E-09,2.51E-08
ENSG00000109756,40.60169457,1.915884855,0.383549166,1.44E-07,8.84E-07
ENSG00000109771,2.753170279,3.886777046,2.593385992,0.003183093,0.008944535
ENSG00000109787,71.87404155,-1.493793284,0.258915315,2.77E-09,2.08E-08
ENSG00000109846,813.7484264,2.222743021,0.087403345,2.35E-143,4.10E-141
ENSG00000109854,77.62912441,-1.027133135,0.26237107,4.90E-05,0.000207837
ENSG00000109861,45.95873614,-3.284447809,0.36867753,7.02E-20,1.11E-18
ENSG00000109917,66.27953169,1.154901558,0.264531464,6.19E-06,3.02E-05
ENSG00000109919,79.7047604,-2.302461408,0.260979963,2.11E-19,3.26E-18
ENSG00000109920,326.6950271,3.587955531,0.177900549,3.77E-91,3.37E-89
ENSG00000109929,30.35241988,-1.737925571,0.391443726,2.37E-06,1.23E-05
ENSG00000109956,9.142398066,6.983784838,2.471855415,4.14E-07,2.39E-06
ENSG00000109971,8775.986216,2.914891745,0.050872317,0,0
ENSG00000110002,24.12377143,-2.867947014,0.508992291,2.41E-09,1.82E-08
ENSG00000110011,24.14291343,1.436388536,0.442219294,0.000397449,0.001396521
ENSG00000110013,4.583093298,-2.559379256,1.158907275,0.003238033,0.009081294
ENSG00000110025,31.57172934,2.102945805,0.414595185,8.00E-08,5.06E-07
ENSG00000110046,70.77108787,2.076864421,0.289299602,1.63E-13,1.75E-12
ENSG00000110048,112.0718,0.679476058,0.206798257,0.000764109,0.00252034
ENSG00000110066,67.80543668,1.784798486,0.284247746,9.52E-11,8.28E-10
ENSG00000110074,17.39366392,1.083046739,0.50117403,0.014430072,0.033411959
ENSG00000110075,98.19143424,1.496632152,0.223540884,7.59E-12,7.22E-11
ENSG00000110092,52.28041633,-1.818476778,0.314674248,1.91E-09,1.46E-08
ENSG00000110104,27.45841363,-1.10178874,0.388103521,0.002188523,0.006439711
ENSG00000110107,75.53875119,-1.290463142,0.247625606,7.89E-08,5.00E-07
ENSG00000110108,30.63852599,-2.205040308,0.450125186,1.71E-07,1.04E-06
ENSG00000110169,7.854056335,6.100797732,2.413700578,8.26E-06,3.96E-05
ENSG00000110171,23.75565039,2.53127616,0.51718611,1.85E-07,1.12E-06
ENSG00000110172,114.9275654,2.786800661,0.253838351,9.35E-29,2.26E-27
ENSG00000110218,50.81887597,-1.276699562,0.303350079,1.07E-05,5.04E-05
ENSG00000110315,20.93831107,-1.963409252,0.473269221,7.19E-06,3.48E-05
ENSG00000110321,713.1036832,0.797257537,0.08771012,6.32E-20,1.00E-18
ENSG00000110328,15.06421243,-1.112124482,0.545738761,0.01828942,0.040913148
ENSG00000110330,41.649407,-0.696440508,0.323348532,0.022714606,0.049341057
ENSG00000110344,68.6146869,0.926506428,0.256649647,0.000189606,0.000712561
ENSG00000110367,87.93833865,0.785095685,0.221026699,0.000275222,0.000999802
ENSG00000110395,94.37906023,2.326879312,0.253379749,8.88E-21,1.48E-19
ENSG00000110400,51.82948143,-2.629387514,0.31814716,2.25E-17,3.10E-16
ENSG00000110422,57.94515138,0.624775934,0.275085668,0.018150988,0.040628583
ENSG00000110429,57.51255815,1.793076539,0.296897485,4.24E-10,3.43E-09
ENSG00000110492,101.1475635,3.127411399,0.28653029,1.63E-28,3.89E-27
ENSG00000110514,41.32861154,1.51426295,0.334721798,2.04E-06,1.07E-05
ENSG00000110619,124.6698839,3.203604524,0.264050421,1.31E-34,4.02E-33
ENSG00000110660,49.68826096,-0.788544896,0.305082872,0.006572958,0.016878246
ENSG00000110696,79.75725859,0.912995733,0.233724855,5.89E-05,0.000246292
ENSG00000110700,424.991141,-1.353265905,0.104239347,6.59E-39,2.31E-37
ENSG00000110713,72.72056843,0.855154951,0.249532378,0.000400387,0.001403778
ENSG00000110717,24.58925288,-1.292513975,0.422596768,0.000854958,0.002780727
ENSG00000110721,32.20578274,3.487780622,0.544106277,3.13E-11,2.84E-10
ENSG00000110768,46.95482608,0.748061696,0.299760274,0.008909954,0.021960193
ENSG00000110851,103.1297456,1.452607602,0.219451056,1.36E-11,1.27E-10
ENSG00000110871,26.18001534,-0.935459292,0.440919617,0.018693395,0.041688027
ENSG00000110876,9.973860258,3.655100364,1.024196843,7.03E-05,0.00028889
ENSG00000110906,91.37660282,1.854369246,0.237875373,1.66E-15,2.03E-14
ENSG00000110917,53.66382842,-1.584783281,0.284730033,8.08E-09,5.74E-08
ENSG00000110925,56.94624526,0.921906924,0.28656421,0.000793151,0.002603088
ENSG00000110944,8.079073207,6.693673994,2.593181895,8.25E-06,3.96E-05
ENSG00000110955,588.5464555,-1.89379263,0.103553372,2.42E-75,1.73E-73
ENSG00000110958,282.1584045,0.363022529,0.130188949,0.005104269,0.01351185
ENSG00000111011,435.14591,4.021117914,0.159565791,8.79E-141,1.48E-138
ENSG00000111142,58.40718959,-0.712357086,0.265310721,0.005221164,0.013778468
ENSG00000111144,36.34492565,-1.952053927,0.367308837,2.44E-08,1.64E-07
ENSG00000111145,22.00052603,-2.195020948,0.515712648,3.90E-06,1.96E-05
ENSG00000111203,14.01008254,1.781103845,0.592640275,0.00063276,0.002120919
ENSG00000111229,166.8257837,-1.092942377,0.178160071,4.42E-10,3.57E-09
ENSG00000111237,65.70460899,-1.219461722,0.266337395,2.12E-06,1.12E-05
ENSG00000111261,5.487261414,-1.97029702,0.98594356,0.007495969,0.018912987
ENSG00000111266,52.01165528,1.775474556,0.301611821,1.06E-09,8.24E-09
ENSG00000111319,16.36780977,-1.561381211,0.5262038,0.000848774,0.002764337
ENSG00000111321,39.46978361,-0.991272449,0.346483371,0.002323363,0.006788196
ENSG00000111328,29.77684026,-0.918569157,0.375569087,0.008386866,0.020844802
ENSG00000111331,9.877635815,-2.860177553,0.771961054,2.79E-05,0.000123009
ENSG00000111335,5.407326576,-3.354005435,1.266444425,0.000850409,0.002769039
ENSG00000111348,33.64230111,-2.90414768,0.446893558,1.08E-11,1.02E-10
ENSG00000111371,191.8402636,0.558020519,0.161365939,0.000452187,0.001564184
ENSG00000111405,20.3479758,-1.336224077,0.54280477,0.004758253,0.01270974
ENSG00000111424,20.12566779,-1.240516176,0.44815078,0.002272708,0.006656312
ENSG00000111450,24.82486398,2.264480729,0.550392277,7.98E-06,3.84E-05
ENSG00000111481,93.80249182,-0.765045737,0.219786059,0.000353237,0.001256108
ENSG00000111540,114.4218636,-1.231774142,0.196735162,1.75E-10,1.48E-09
ENSG00000111596,32.22631262,0.932056713,0.369015969,0.006727473,0.017241122
ENSG00000111639,153.0044095,-1.006484532,0.183695451,2.43E-08,1.63E-07
ENSG00000111640,2047.678938,-1.922038096,0.0619644,4.58E-212,1.41E-209
ENSG00000111641,127.660922,1.905246392,0.201123168,6.92E-22,1.24E-20
ENSG00000111642,146.438607,1.002971323,0.1851052,3.44E-08,2.27E-07
ENSG00000111652,45.50597321,-2.662124634,0.354505083,9.88E-15,1.15E-13
ENSG00000111667,61.13694535,-1.895287196,0.287491726,1.06E-11,9.97E-11
ENSG00000111669,350.9436114,-2.050738628,0.137837189,1.03E-50,4.74E-49
ENSG00000111671,7.321578039,-1.880664672,0.822764113,0.00425186,0.011540194
ENSG00000111674,41.47565311,2.776576985,0.590242259,5.84E-07,3.31E-06
ENSG00000111676,111.9553447,1.465298626,0.212572296,2.01E-12,1.99E-11
ENSG00000111678,55.10282053,0.829751159,0.284067759,0.002333969,0.006814821
ENSG00000111684,15.52569517,-1.765810167,0.559984156,0.00038435,0.001355759
ENSG00000111696,12.51895929,2.285374929,0.746620931,0.000432709,0.001507609
ENSG00000111716,146.177016,-2.896415091,0.200280299,3.08E-48,1.33E-46
ENSG00000111725,29.66609523,1.204760249,0.406597803,0.001349837,0.00418536
ENSG00000111727,39.39912281,1.845814515,0.372614991,1.87E-07,1.13E-06
ENSG00000111775,158.870291,-0.951235183,0.188951603,2.87E-07,1.69E-06
ENSG00000111785,17.03711254,2.856068633,0.636919707,1.25E-06,6.75E-06
ENSG00000111786,118.0937072,-0.51582172,0.1987504,0.008128251,0.020299599
ENSG00000111790,39.07176645,1.406177687,0.375674547,6.68E-05,0.000275976
ENSG00000111799,41.9652286,1.88739763,0.361376375,4.50E-08,2.95E-07
ENSG00000111801,6.408007612,1.638446127,0.870146477,0.013384459,0.031354814
ENSG00000111802,90.20520911,0.535732205,0.224592783,0.014430828,0.033411959
ENSG00000111832,16.93541157,-1.608012498,0.538345498,0.000781931,0.002569175
ENSG00000111843,99.72722445,-2.607924402,0.241985599,7.47E-28,1.73E-26
ENSG00000111845,43.44847335,-1.398220869,0.339066274,1.36E-05,6.31E-05
ENSG00000111846,9.31717988,1.508982055,0.772945404,0.01408061,0.032742449
ENSG00000111860,5.313503593,1.939994457,1.159554531,0.016535673,0.037546894
ENSG00000111863,31.58485193,-1.320744677,0.379589447,0.00019356,0.000726664
ENSG00000111875,16.50907053,-1.180303082,0.510185955,0.008566919,0.021223093
ENSG00000111886,2.496865208,2.828307556,2.766842883,0.011544587,0.027548718
ENSG00000111897,346.4747515,1.536128116,0.126852476,3.23E-34,9.86E-33
ENSG00000111906,15.51534029,-1.708708287,0.588891732,0.000922676,0.002976241
ENSG00000111907,16.8078521,-2.219707881,0.551522859,1.05E-05,4.93E-05
ENSG00000111911,28.47573698,-1.782014909,0.442257407,1.37E-05,6.38E-05
ENSG00000111981,72.17675071,4.664938323,0.446664322,5.94E-26,1.27E-24
ENSG00000112033,79.70508478,-0.596269769,0.225089495,0.006574385,0.016878917
ENSG00000112062,30.61982353,-2.115089647,0.402315606,3.05E-08,2.03E-07
ENSG00000112078,33.60185197,-1.045212423,0.379325506,0.003014492,0.008522032
ENSG00000112081,317.2087298,2.901293589,0.156824429,4.15E-77,3.03E-75
ENSG00000112096,14.12620037,1.345313268,0.5313144,0.004025321,0.010995406
ENSG00000112110,736.5931978,2.903645425,0.101576316,1.49E-180,3.54E-178
ENSG00000112118,18.07002461,-1.572130161,0.534841668,0.000927909,0.002990457
ENSG00000112130,18.6460537,-1.064608371,0.511301314,0.017610434,0.039645381
ENSG00000112149,93.97272169,5.263099548,0.481003592,4.73E-28,1.10E-26
ENSG00000112182,4.940360149,2.520822438,1.148451276,0.004254426,0.011544994
ENSG00000112183,6.761507825,6.090318705,2.437455235,1.10E-05,5.20E-05
ENSG00000112186,22.62398917,1.186608472,0.4544242,0.003924601,0.010769039
ENSG00000112200,22.20679942,1.622245254,0.480664499,0.000215195,0.000798163
ENSG00000112208,8.52970854,2.536612725,0.959636171,0.001424061,0.004391058
ENSG00000112210,7.371786407,-1.748347918,0.806108325,0.00644583,0.01659005
ENSG00000112234,5.409413318,-2.201087014,1.039756777,0.004975624,0.013222067
ENSG00000112242,44.2120596,2.033828716,0.363914361,5.26E-09,3.83E-08
ENSG00000112282,43.32736825,1.223489646,0.323900453,7.08E-05,0.000290768
ENSG00000112297,149.9323164,1.714914347,0.177928744,1.64E-22,3.04E-21
ENSG00000112304,14.38636427,-2.72283541,0.666066067,6.03E-06,2.94E-05
ENSG00000112306,2057.3157,-2.358831531,0.080953803,1.80E-187,4.64E-185
ENSG00000112308,285.7894581,1.940782639,0.155523798,2.73E-36,8.87E-35
ENSG00000112339,37.08495896,0.907625389,0.348249773,0.005516537,0.01448141
ENSG00000112343,10.08580046,-1.31964817,0.640957934,0.013440839,0.031451737
ENSG00000112357,11.87288267,-2.563623744,0.758079179,9.80E-05,0.000391228
ENSG00000112378,1624.948419,-2.831354459,0.098792872,1.56E-181,3.77E-179
ENSG00000112473,184.0740208,0.888888326,0.159368872,1.59E-08,1.09E-07
ENSG00000112511,266.2301081,4.991939738,0.262462025,4.50E-81,3.52E-79
ENSG00000112514,92.30041325,-0.731536833,0.217823979,0.00056666,0.001920252
ENSG00000112531,33.94422239,1.654341948,0.377833384,3.53E-06,1.79E-05
ENSG00000112561,14.34471522,2.025440777,0.651573837,0.000386032,0.001360696
ENSG00000112562,2.21585867,3.624327209,3.330993106,0.007533164,0.018993595
ENSG00000112599,9.017896399,1.606299718,0.734790169,0.007281929,0.018463025
ENSG00000112640,39.9845766,-1.325331787,0.345198921,4.81E-05,0.000204501
ENSG00000112651,17.15178732,-1.990216817,0.563892388,8.34E-05,0.000336857
ENSG00000112655,97.05711929,2.306724018,0.269543245,2.50E-18,3.67E-17
ENSG00000112667,33.96911217,-3.415236854,0.526969103,1.03E-11,9.69E-11
ENSG00000112685,30.32284519,-1.259946021,0.385289994,0.000441448,0.001533996
ENSG00000112695,159.3917747,-0.61359438,0.171777144,0.000282433,0.001024457
ENSG00000112701,35.58237206,1.311165398,0.361540629,0.000109242,0.000433494
ENSG00000112715,64.41051282,0.787665641,0.278540745,0.003209424,0.009015025
ENSG00000112739,77.04381298,1.312865932,0.248573844,5.40E-08,3.50E-07
ENSG00000112759,9.96518816,-1.526322694,0.679047317,0.006630375,0.017013616
ENSG00000112763,55.05694054,1.837361937,0.309517051,7.83E-10,6.20E-09
ENSG00000112773,12.02382064,1.691238571,0.62197956,0.001648686,0.005007964
ENSG00000112855,33.39418259,-0.767768547,0.35909345,0.021738455,0.047527228
ENSG00000112874,14.36201342,-2.762304905,0.691805492,9.24E-06,4.40E-05
ENSG00000112877,11.25557531,1.424175786,0.730715412,0.015616819,0.035723781
ENSG00000112941,58.40879577,2.064605056,0.308784552,5.31E-12,5.10E-11
ENSG00000112972,446.6822658,1.770052901,0.11481261,3.60E-54,1.75E-52
ENSG00000112983,32.27354605,1.185135799,0.379546963,0.000813295,0.002659557
ENSG00000113013,289.270553,1.66143521,0.138068395,7.18E-34,2.16E-32
ENSG00000113048,14.805222,-2.609572096,0.626848288,4.90E-06,2.43E-05
ENSG00000113140,13.00847619,-2.072615001,0.619107225,0.000149769,0.000576769
ENSG00000113161,152.0948866,-1.385776014,0.179351679,4.44E-15,5.30E-14
ENSG00000113163,23.69108377,1.110838957,0.422715026,0.004114028,0.011216557
ENSG00000113194,120.4172953,1.139660204,0.19474934,2.46E-09,1.86E-08
ENSG00000113240,47.08258598,2.528729555,0.368546768,1.31E-12,1.31E-11
ENSG00000113312,126.6597764,-0.87346945,0.201377982,9.28E-06,4.41E-05
ENSG00000113318,5.061308576,-1.754250284,0.993230949,0.014359827,0.033300816
ENSG00000113356,10.73061128,-2.26131648,0.709836234,0.000242301,0.000889808
ENSG00000113368,2.278438445,-2.130983664,2.174610276,0.018691997,0.041688027
ENSG00000113369,85.63788426,2.475112865,0.249300974,5.78E-24,1.14E-22
ENSG00000113407,344.7258341,2.120945944,0.142164749,5.49E-51,2.56E-49
ENSG00000113430,86.28951494,2.833203855,0.287490034,1.09E-23,2.13E-22
ENSG00000113504,56.20192976,5.151340319,0.561664374,2.92E-20,4.72E-19
ENSG00000113522,26.08086822,-0.850423971,0.396718959,0.019576529,0.043423429
ENSG00000113552,84.20540139,0.759741828,0.232644648,0.000773619,0.00254591
ENSG00000113558,70.28012123,-0.793785275,0.252663631,0.001157807,0.003643782
ENSG00000113575,249.3457732,1.321715444,0.137780934,3.76E-22,6.86E-21
ENSG00000113580,58.71920316,1.126093975,0.276820537,2.37E-05,0.000106054
ENSG00000113583,43.95549399,-1.321137478,0.326824043,2.07E-05,9.35E-05
ENSG00000113594,6.38351836,5.197320159,2.374710125,0.000109946,0.000436167
ENSG00000113615,45.86944911,1.540548268,0.326693682,7.88E-07,4.38E-06
ENSG00000113643,108.1515369,-0.70602552,0.192204596,0.000179875,0.000678985
ENSG00000113648,42.93166269,-0.683989704,0.309409465,0.019905206,0.044024344
ENSG00000113649,90.5281574,1.586508131,0.234762808,4.61E-12,4.44E-11
ENSG00000113719,16.3148198,-1.779805199,0.53828044,0.000230601,0.000850511
ENSG00000113732,205.6930871,-0.85285425,0.202810189,1.68E-05,7.67E-05
ENSG00000113739,62.2330352,3.661815428,0.602670712,4.46E-10,3.60E-09
ENSG00000113742,84.80036962,2.14493837,0.250609175,2.63E-18,3.86E-17
ENSG00000113758,73.97603932,0.718339239,0.271042665,0.005791903,0.015089376
ENSG00000113790,4.844282346,-2.865808431,1.21693991,0.002285383,0.006689377
ENSG00000113810,32.15481854,1.297439075,0.384209609,0.000295366,0.001066825
ENSG00000113811,97.38850286,0.994648039,0.217255779,2.71E-06,1.40E-05
ENSG00000113812,26.84844786,-0.869712597,0.391964556,0.016065445,0.036616975
ENSG00000113845,60.21435382,-2.429234753,0.300259663,1.05E-16,1.38E-15
ENSG00000113916,28.76217523,-1.665537383,0.411386445,1.38E-05,6.42E-05
ENSG00000113924,4.165124361,4.846776123,2.590403335,0.000746334,0.00246846
ENSG00000113946,3.594510201,-2.815380081,1.677587063,0.007873246,0.019758163
ENSG00000113971,13.24585629,1.185469033,0.609219078,0.020953918,0.046027418
ENSG00000114019,72.59016129,0.547365642,0.23789059,0.017860182,0.040120298
ENSG00000114021,11.24892332,-1.705393747,0.636616002,0.001822178,0.005460501
ENSG00000114023,54.6785533,-3.638037198,0.356994632,3.22E-25,6.73E-24
ENSG00000114054,8.397076421,-1.569707045,0.727481715,0.007918866,0.019858881
ENSG00000114107,13.2235618,1.409559785,0.650763016,0.009726312,0.023697963
ENSG00000114125,57.52350559,-0.868223992,0.294383012,0.002014442,0.005977279
ENSG00000114127,43.48870898,1.644547446,0.337757166,3.43E-07,2.00E-06
ENSG00000114268,14.8647382,1.287595185,0.590266442,0.010637344,0.025671457
ENSG00000114302,39.37387488,-1.044290179,0.333985497,0.000921551,0.002973938
ENSG00000114315,420.3864198,2.521417219,0.130592192,9.44E-84,7.64E-82
ENSG00000114353,48.32134798,-1.93730683,0.327667905,8.35E-10,6.59E-09
ENSG00000114374,26.2929382,1.429933398,0.430894108,0.000320447,0.001149101
ENSG00000114378,24.76277067,-1.251059331,0.430418654,0.001468349,0.004509373
ENSG00000114391,350.756563,-1.333762747,0.118543332,9.19E-30,2.34E-28
ENSG00000114395,7.519238114,-1.604420457,0.915817461,0.017584798,0.03959998
ENSG00000114416,90.03236668,1.960354046,0.241146806,1.15E-16,1.51E-15
ENSG00000114450,10.55875996,-1.815379868,0.725661747,0.002718499,0.007797914
ENSG00000114491,12.63534648,-1.608188618,0.600122475,0.001962297,0.00584411
ENSG00000114529,79.41181449,3.591590728,0.34416356,3.96E-26,8.53E-25
ENSG00000114554,65.29848536,1.314110034,0.291972354,2.79E-06,1.44E-05
ENSG00000114631,2.092737386,-1.994804634,5.066232778,0.014857144,0.034240242
ENSG00000114638,24.97650001,-3.6957456,0.607593403,1.35E-10,1.15E-09
ENSG00000114686,69.9745903,-1.768399774,0.260102548,2.87E-12,2.81E-11
ENSG00000114738,111.3933611,-1.730930922,0.206935852,1.78E-17,2.48E-16
ENSG00000114742,71.79187123,2.365530445,0.283552934,1.49E-17,2.09E-16
ENSG00000114745,20.74496803,-1.127820915,0.463071652,0.006728562,0.017241122
ENSG00000114771,5.182219956,-4.449852399,1.655507177,0.000405531,0.001420783
ENSG00000114779,22.62489111,-3.081092882,0.528827713,7.56E-10,5.99E-09
ENSG00000114784,159.0156561,1.773466482,0.186484236,5.28E-22,9.53E-21
ENSG00000114796,22.63567867,2.225639309,0.498679389,1.61E-06,8.62E-06
ENSG00000114850,75.68331178,-1.185628289,0.25426331,1.45E-06,7.79E-06
ENSG00000114857,36.99444895,1.172556531,0.360632586,0.000549647,0.001868283
ENSG00000114859,4.916012037,2.041805693,1.147492464,0.012941349,0.030494831
ENSG00000114902,23.6071267,-1.99534258,0.480406035,6.75E-06,3.28E-05
ENSG00000114923,75.39316302,3.846152577,0.402545202,3.16E-22,5.79E-21
ENSG00000114933,62.92712846,3.540247678,0.373232836,5.20E-22,9.40E-21
ENSG00000114942,304.5239568,-2.183269341,0.13499438,1.58E-59,8.63E-58
ENSG00000114956,90.22110889,-1.087965248,0.246023183,4.99E-06,2.47E-05
ENSG00000114982,29.51795605,1.32125211,0.395668685,0.000329892,0.001182093
ENSG00000114988,51.10406444,1.326810403,0.315359526,1.04E-05,4.91E-05
ENSG00000115009,54.34009562,5.461429535,0.554526329,3.39E-23,6.48E-22
ENSG00000115041,1.704352227,2.177091827,3.058035923,0.019710857,0.043681237
ENSG00000115053,262.3005754,-0.447943848,0.125702015,0.000318855,0.001143675
ENSG00000115073,29.97365506,-1.371868466,0.429193794,0.000501107,0.001716186
ENSG00000115107,14.40653407,-1.939291066,0.614071416,0.000336073,0.00120216
ENSG00000115112,22.0010009,0.951343134,0.431854451,0.015362352,0.035253068
ENSG00000115128,304.5014082,-0.719506125,0.141988291,2.96E-07,1.74E-06
ENSG00000115129,29.86085704,-1.353262465,0.459270613,0.001147027,0.003615358
ENSG00000115137,13.46200173,1.61117744,0.622718784,0.002635444,0.007579191
ENSG00000115159,16.02212571,-1.031573944,0.511457433,0.021362466,0.046811216
ENSG00000115207,30.41692743,-0.972048601,0.364343883,0.004255934,0.011546923
ENSG00000115221,10.45973996,-4.047974154,0.951571408,3.41E-06,1.73E-05
ENSG00000115226,22.23738689,1.481479761,0.534470651,0.001790282,0.005382743
ENSG00000115233,85.96396771,0.570047448,0.222305516,0.008458558,0.020994159
ENSG00000115234,34.51417114,-1.97524512,0.382846956,5.67E-08,3.66E-07
ENSG00000115255,3.16478193,-5.055989166,2.904948738,0.001155142,0.003636976
ENSG00000115268,270.8019247,-1.624704577,0.140439638,1.81E-31,4.89E-30
ENSG00000115282,11.78814826,-1.760841543,0.661712215,0.001818714,0.005453506
ENSG00000115289,82.15719402,1.05844797,0.270483292,4.84E-05,0.000205558
ENSG00000115295,34.54205545,-1.166718998,0.358754604,0.000524927,0.001790563
ENSG00000115306,26.56799055,-1.914007734,0.410051755,6.94E-07,3.89E-06
ENSG00000115307,227.3824316,0.600679911,0.15146588,5.99E-05,0.00024985
ENSG00000115339,50.09318125,-1.661083985,0.32418182,8.68E-08,5.46E-07
ENSG00000115364,14.08137428,-1.836719426,0.587078697,0.000396037,0.001392574
ENSG00000115365,32.3685542,-2.385209053,0.405764593,7.17E-10,5.69E-09
ENSG00000115380,35.53712743,-1.339159933,0.406800858,0.000364608,0.001292102
ENSG00000115414,14.29269676,-2.030352075,0.582767448,9.78E-05,0.000390824
ENSG00000115415,38.98499459,-3.037637038,0.405011074,9.52E-15,1.11E-13
ENSG00000115419,97.04772901,1.49771088,0.244999863,3.53E-10,2.88E-09
ENSG00000115446,125.1155096,1.608202375,0.217613515,4.66E-14,5.19E-13
ENSG00000115464,54.22305852,1.168629909,0.299848212,4.64E-05,0.000197961
ENSG00000115484,543.2937838,1.184381031,0.111538058,1.18E-26,2.60E-25
ENSG00000115520,71.66928269,1.023431258,0.266362955,6.74E-05,0.00027817
ENSG00000115524,365.4111484,2.385337937,0.136569142,6.18E-69,4.02E-67
ENSG00000115539,36.69291765,-1.566071269,0.36485845,5.49E-06,2.71E-05
ENSG00000115541,357.5332271,1.384164328,0.126836395,3.95E-28,9.23E-27
ENSG00000115561,32.70028577,-2.39433818,0.392590157,1.82E-10,1.54E-09
ENSG00000115568,31.35608579,1.47600634,0.421974717,0.000158358,0.00060646
ENSG00000115590,11.17614791,2.031339479,0.710180681,0.000825623,0.002697434
ENSG00000115596,9.718144934,6.32761707,2.486565912,9.72E-06,4.60E-05
ENSG00000115602,204.8346534,8.247305198,0.803972327,2.21E-23,4.26E-22
ENSG00000115607,2.782539354,3.819464847,3.245975714,0.006794889,0.017392611
ENSG00000115657,21.14603645,0.995679068,0.495573782,0.022878391,0.049637264
ENSG00000115677,268.8652653,0.661375376,0.127860297,1.84E-07,1.11E-06
ENSG00000115687,7.493729524,2.421896504,0.854296815,0.000707063,0.002346613
ENSG00000115694,32.71685171,-1.373275012,0.399912784,0.000220348,0.000816019
ENSG00000115738,66.00714757,4.150900166,0.390082125,3.46E-27,7.80E-26
ENSG00000115758,1202.752894,4.056674189,0.097494845,0,0
ENSG00000115806,57.2725089,-1.28278968,0.300357262,8.11E-06,3.90E-05
ENSG00000115816,91.65423409,0.728626114,0.211613396,0.000418792,0.001462994
ENSG00000115825,19.09424822,1.010918533,0.493183059,0.020442397,0.04506088
ENSG00000115839,132.7362555,0.925513569,0.18214179,2.38E-07,1.42E-06
ENSG00000115844,12.98641472,2.715896703,0.77635079,7.61E-05,0.000310049
ENSG00000115866,61.96339711,-0.815616839,0.267746067,0.001524252,0.004664419
ENSG00000115875,150.0153099,1.299749269,0.177267387,9.85E-14,1.08E-12
ENSG00000115884,461.6112294,-3.187128547,0.138260213,1.50E-118,2.00E-116
ENSG00000115944,34.8100251,-1.453307672,0.369829937,2.91E-05,0.000127858
ENSG00000115963,122.4609693,-0.490828287,0.186205449,0.007236534,0.018360788
ENSG00000115966,43.412521,2.058522485,0.363131467,3.36E-09,2.51E-08
ENSG00000115977,21.50758032,2.242787906,0.51966324,3.22E-06,1.65E-05
ENSG00000115998,27.35192371,1.358463859,0.452615151,0.000986937,0.003157501
ENSG00000116005,20.69553647,-2.738889886,0.523948563,2.54E-08,1.70E-07
ENSG00000116016,97.68664838,-0.505042482,0.205965962,0.012243868,0.029049845
ENSG00000116017,12.87164973,1.259499839,0.644774034,0.018817939,0.041907683
ENSG00000116106,7.708327146,-2.178165537,0.872239443,0.001802601,0.005415284
ENSG00000116120,32.87403435,-2.036490991,0.380040291,1.83E-08,1.25E-07
ENSG00000116128,22.42058282,1.365380033,0.493965763,0.002088924,0.006175503
ENSG00000116133,232.7744723,-2.927277277,0.158507777,5.85E-77,4.26E-75
ENSG00000116138,6.115990095,-1.712412966,0.941078201,0.014108682,0.032797193
ENSG00000116161,99.93475113,1.697270348,0.228615295,3.34E-14,3.76E-13
ENSG00000116171,19.48870252,-3.097088404,0.55799483,4.20E-09,3.10E-08
ENSG00000116199,20.11567288,-1.026110098,0.462292386,0.013264126,0.031112106
ENSG00000116209,44.48908343,-1.17831292,0.305813026,5.29E-05,0.000223222
ENSG00000116212,123.923964,0.538064633,0.191717174,0.00427147,0.011582564
ENSG00000116221,106.626708,-0.901462809,0.199566858,3.97E-06,2.00E-05
ENSG00000116237,32.99514803,-2.414515969,0.393820951,1.51E-10,1.28E-09
ENSG00000116251,48.29491297,-1.106431986,0.305263204,0.000143037,0.000553938
ENSG00000116273,93.1175195,1.945836668,0.244255861,4.03E-16,5.12E-15
ENSG00000116285,218.8346924,1.54854222,0.168549115,1.38E-20,2.28E-19
ENSG00000116288,106.6329637,-1.281227106,0.213319077,8.11E-10,6.42E-09
ENSG00000116350,91.10936753,1.793014491,0.240232074,2.26E-14,2.57E-13
ENSG00000116353,7.755342893,-2.110423045,0.824902174,0.001734676,0.005231848
ENSG00000116459,105.2524875,-0.966743999,0.220637147,6.79E-06,3.30E-05
ENSG00000116473,54.25117915,0.646838198,0.285289605,0.017983174,0.040327763
ENSG00000116478,74.34744769,-0.697536177,0.239898895,0.002726652,0.00781975
ENSG00000116489,174.0229103,-0.50068627,0.166465711,0.002254178,0.006611402
ENSG00000116539,135.3404638,2.758221705,0.22275356,6.23E-36,1.99E-34
ENSG00000116560,887.7808536,4.200996457,0.120469073,3.76E-267,1.36E-264
ENSG00000116584,46.63678833,1.486463546,0.346177536,6.15E-06,3.00E-05
ENSG00000116586,51.46854773,-2.561409801,0.33946371,7.43E-15,8.74E-14
ENSG00000116604,64.05597608,1.644582036,0.289884463,4.25E-09,3.14E-08
ENSG00000116649,58.55330837,-2.492661552,0.323544493,2.12E-15,2.57E-14
ENSG00000116652,7.08397667,4.599607172,1.421960121,8.59E-05,0.000346203
ENSG00000116661,34.86209682,-1.945558349,0.387901885,1.24E-07,7.65E-07
ENSG00000116663,22.72277518,-1.265020252,0.457471529,0.002230508,0.00654994
ENSG00000116667,6.726577869,-2.020711048,0.864124207,0.003304049,0.009252104
ENSG00000116679,109.9920273,2.256584371,0.230223357,2.25E-23,4.31E-22
ENSG00000116685,23.87682629,-1.600261059,0.43718249,7.29E-05,0.00029845
ENSG00000116688,170.0179992,0.371985503,0.155261087,0.015595622,0.035686568
ENSG00000116704,20.53281383,-1.568457571,0.471120147,0.000258772,0.000945502
ENSG00000116711,45.03753241,-2.150895213,0.321804104,4.57E-12,4.41E-11
ENSG00000116717,239.7551887,0.695739441,0.13302145,1.34E-07,8.27E-07
ENSG00000116729,29.83737196,-2.064699847,0.408192637,8.95E-08,5.62E-07
ENSG00000116731,57.3824422,1.817482257,0.297160249,2.56E-10,2.12E-09
ENSG00000116750,14.04371379,-1.757895538,0.584403814,0.000624826,0.002095781
ENSG00000116754,130.6825187,1.217700451,0.194047284,1.64E-10,1.39E-09
ENSG00000116761,15.02317887,1.912053322,0.697475665,0.001381528,0.004268089
ENSG00000116786,245.7912187,1.916957895,0.161847027,5.74E-33,1.65E-31
ENSG00000116791,36.36937754,-0.809118846,0.356262935,0.014993584,0.034521721
ENSG00000116793,6.74315571,2.282361437,1.006775626,0.003954523,0.010836771
ENSG00000116809,69.12223549,1.785709215,0.302155051,9.48E-10,7.44E-09
ENSG00000116857,22.61153355,-1.892219797,0.492549253,2.75E-05,0.000121431
ENSG00000116898,62.70585961,-1.782778813,0.276775092,3.19E-11,2.90E-10
ENSG00000116903,42.46944895,1.224270375,0.336074513,0.000122077,0.000479436
ENSG00000116906,50.07965006,-0.928558761,0.29764501,0.001083638,0.003439518
ENSG00000116918,10.86841032,-2.263217712,0.732116955,0.000335197,0.001199323
ENSG00000116954,121.2370146,1.425905597,0.205426745,1.52E-12,1.52E-11
ENSG00000116962,10.45752512,2.027760724,0.705793019,0.000762513,0.002515992
ENSG00000116977,61.48825005,1.182634778,0.268313673,5.06E-06,2.50E-05
ENSG00000117000,119.1804172,2.417440964,0.230263043,1.71E-26,3.76E-25
ENSG00000117020,13.9025871,6.459710641,2.366293177,9.42E-07,5.19E-06
ENSG00000117054,13.67817527,-1.368932875,0.583514771,0.006366778,0.016412843
ENSG00000117114,40.30046675,-2.025513468,0.357625794,3.17E-09,2.37E-08
ENSG00000117118,81.47551893,-0.709612408,0.243443769,0.0026085,0.007515139
ENSG00000117139,60.29459525,1.362187207,0.270369429,1.90E-07,1.14E-06
ENSG00000117143,127.1252209,0.66001478,0.188148753,0.000352961,0.001255436
ENSG00000117151,4.181945977,-1.881867694,1.125039742,0.015606325,0.035705418
ENSG00000117152,1.695799865,2.538888075,3.161896394,0.015525954,0.035549624
ENSG00000117226,7.975144709,-4.459382953,1.187403743,4.35E-05,0.000186427
ENSG00000117228,6.300414429,-4.161544323,1.387659348,0.000347882,0.001239046
ENSG00000117245,11.97019027,4.577514877,1.101179165,1.31E-05,6.12E-05
ENSG00000117318,95.36359643,-2.277997694,0.24287168,1.25E-21,2.21E-20
ENSG00000117360,72.18116373,1.406846819,0.267456598,5.59E-08,3.62E-07
ENSG00000117362,119.8709843,-1.080054896,0.203468941,6.10E-08,3.93E-07
ENSG00000117394,724.5972988,-0.728327304,0.098038768,9.01E-14,9.88E-13
ENSG00000117395,91.13725233,-0.72898,0.225042338,0.000880884,0.002857987
ENSG00000117399,25.79669034,-0.97984735,0.443641508,0.014368063,0.033307198
ENSG00000117408,75.58021927,0.96628286,0.243409126,4.29E-05,0.000184095
ENSG00000117410,173.3920566,1.196775475,0.178007905,8.52E-12,8.06E-11
ENSG00000117419,21.04441242,-1.588240085,0.517379888,0.000596035,0.002006179
ENSG00000117448,26.605701,-2.612305339,0.47716805,6.88E-09,4.94E-08
ENSG00000117472,20.81603512,-1.606399529,0.476241594,0.000211222,0.00078564
ENSG00000117500,51.11402066,0.965527091,0.31038545,0.001091527,0.003456981
ENSG00000117519,159.9786739,2.086670207,0.189587382,4.03E-29,9.94E-28
ENSG00000117523,134.947113,0.73316391,0.17844174,2.99E-05,0.000131191
ENSG00000117525,125.3809663,-1.127473306,0.206912825,2.51E-08,1.68E-07
ENSG00000117543,10.12221778,-2.656394593,0.770109556,7.91E-05,0.000320884
ENSG00000117569,11.15758662,3.518838748,0.961710008,6.18E-05,0.000256814
ENSG00000117592,176.7589502,-1.193149897,0.196640293,5.99E-10,4.78E-09
ENSG00000117593,10.77920687,-2.06474175,0.697809436,0.00056043,0.001900029
ENSG00000117595,307.9033687,-1.217984679,0.120354303,2.35E-24,4.71E-23
ENSG00000117614,108.1698302,1.964336929,0.22767796,1.52E-18,2.25E-17
ENSG00000117616,111.0734812,2.676840977,0.249515873,1.44E-27,3.28E-26
ENSG00000117691,60.58061233,-0.748055006,0.274883274,0.004433892,0.011969913
ENSG00000117713,50.80409964,1.666747617,0.30967741,2.24E-08,1.50E-07
ENSG00000117751,47.21861038,-0.804605622,0.293642426,0.00409018,0.011157838
ENSG00000117862,28.79267563,-1.823686591,0.420195218,3.43E-06,1.74E-05
ENSG00000117899,10.4628721,-2.072419716,0.689056336,0.000490818,0.001684931
ENSG00000117906,11.39572234,-1.4554432,0.617158986,0.005626975,0.014720614
ENSG00000117984,272.8274596,-1.935285787,0.169637125,8.48E-31,2.23E-29
ENSG00000118007,33.4532508,1.318871963,0.376130221,0.000179334,0.000677255
ENSG00000118058,76.32056981,3.794686416,0.35362025,1.71E-27,3.88E-26
ENSG00000118096,14.99850328,-1.81874421,0.584948734,0.000428548,0.001493473
ENSG00000118113,2.160387487,2.157414736,4.136158368,0.018042086,0.040434825
ENSG00000118160,13.35987734,7.313946918,2.448440444,5.27E-08,3.42E-07
ENSG00000118162,51.38998051,1.607080056,0.348557399,1.23E-06,6.66E-06
ENSG00000118181,493.3292226,-1.921779187,0.113280001,3.34E-65,2.02E-63
ENSG00000118200,133.4871984,0.777456234,0.1809251,1.27E-05,5.95E-05
ENSG00000118217,49.89141238,0.729665881,0.283189123,0.007208299,0.018308396
ENSG00000118242,22.14866483,-1.934588856,0.516829726,4.05E-05,0.000174371
ENSG00000118246,32.9854596,0.998193087,0.358511996,0.0029616,0.008397096
ENSG00000118263,17.2414979,-1.248553091,0.483884212,0.003894612,0.010694858
ENSG00000118292,19.92009683,1.070860763,0.529805469,0.020175828,0.044559187
ENSG00000118322,15.67922472,-2.557810096,0.589372847,2.16E-06,1.13E-05
ENSG00000118402,65.38794783,-1.794905209,0.375881907,4.29E-07,2.47E-06
ENSG00000118418,61.43383319,-2.500686723,0.332524215,8.58E-15,1.00E-13
ENSG00000118495,21.6060493,1.564846451,0.487759108,0.000406726,0.001424277
ENSG00000118496,29.94901119,1.661017142,0.410386029,1.50E-05,6.93E-05
ENSG00000118503,134.4311846,1.651980955,0.188690712,6.44E-19,9.68E-18
ENSG00000118508,62.05125417,-0.94323449,0.278695517,0.000416155,0.001454835
ENSG00000118514,9.969138613,3.671614569,1.039300906,7.66E-05,0.000311976
ENSG00000118515,42.69631102,0.730739598,0.301120398,0.010898557,0.0262319
ENSG00000118518,26.77752371,-1.018390326,0.404842371,0.006131327,0.015865192
ENSG00000118523,42.50851682,3.265462756,0.44610963,3.91E-14,4.39E-13
ENSG00000118564,55.50208978,-1.395412018,0.292331122,6.79E-07,3.81E-06
ENSG00000118620,22.43160066,1.224877552,0.473344772,0.004051856,0.011063715
ENSG00000118640,306.7795103,-1.480879069,0.14403941,3.02E-25,6.33E-24
ENSG00000118680,881.447739,-0.485535703,0.076062709,1.55E-10,1.31E-09
ENSG00000118705,237.5184234,-1.084995584,0.141673376,9.95E-15,1.15E-13
ENSG00000118707,47.93230553,4.6470625,0.553305974,1.81E-17,2.51E-16
ENSG00000118816,133.54645,0.513276985,0.186667508,0.005114528,0.013534057
ENSG00000118873,48.07804673,0.959361318,0.304699019,0.000958905,0.003076655
ENSG00000118894,5.940523069,-2.174390592,1.022712814,0.0050532,0.013393802
ENSG00000118898,127.8190263,-2.150205549,0.195520091,8.08E-29,1.96E-27
ENSG00000118961,6.630459461,-1.694839641,0.866036903,0.01064593,0.025683616
ENSG00000118985,152.6088093,0.698484205,0.167331551,2.26E-05,0.000101573
ENSG00000119013,123.9516289,-1.954363511,0.192383465,7.07E-25,1.46E-23
ENSG00000119041,52.86794308,0.799783323,0.291255008,0.004088191,0.011154514
ENSG00000119042,9.696587909,3.995974319,1.111409035,0.000103859,0.000413154
ENSG00000119048,175.6118002,2.034439558,0.187634571,5.43E-28,1.26E-26
ENSG00000119203,36.7395225,-1.043402218,0.345872109,0.001331177,0.004133701
ENSG00000119231,49.2214554,1.136492418,0.326779199,0.000216261,0.000801911
ENSG00000119314,63.68475753,-0.619225598,0.260767569,0.013760731,0.032075883
ENSG00000119318,198.9585162,-0.39871546,0.145765693,0.005754257,0.015002096
ENSG00000119326,71.36744672,2.894021342,0.31513791,7.49E-21,1.26E-19
ENSG00000119328,75.23362803,0.656796281,0.279117053,0.014385015,0.03333787
ENSG00000119383,32.46486934,-1.945433224,0.382712887,8.47E-08,5.33E-07
ENSG00000119392,33.38321436,-0.898290762,0.34715672,0.005777294,0.015056735
ENSG00000119403,16.46353419,2.069828622,0.596438965,0.000107779,0.000428041
ENSG00000119411,32.02523183,-1.777367143,0.439457881,1.31E-05,6.13E-05
ENSG00000119421,96.20414694,-2.487832896,0.367043898,1.80E-12,1.80E-11
ENSG00000119431,21.1167899,-2.269403669,0.506223694,1.36E-06,7.32E-06
ENSG00000119471,18.32518713,-2.857906086,0.572012937,8.16E-08,5.15E-07
ENSG00000119596,21.31747811,0.978963512,0.442799896,0.014602032,0.033754378
ENSG00000119616,43.03529198,0.698764926,0.307859845,0.01718159,0.038836937
ENSG00000119630,47.790822,2.303908922,0.336363998,1.44E-12,1.45E-11
ENSG00000119632,54.48057463,-2.023327521,0.317641001,4.05E-11,3.64E-10
ENSG00000119638,14.47554712,-1.529069934,0.563013414,0.001946411,0.005800378
ENSG00000119655,106.2823837,-2.389273087,0.229601329,4.19E-26,9.00E-25
ENSG00000119669,10.09828922,-2.066699011,0.735064694,0.000918342,0.002964244
ENSG00000119682,54.85238847,1.59235198,0.301210701,4.00E-08,2.63E-07
ENSG00000119688,21.27048917,1.695064862,0.530119394,0.000384812,0.001356725
ENSG00000119689,145.7706557,1.535324399,0.183549994,2.05E-17,2.85E-16
ENSG00000119705,31.38711416,-1.558075253,0.407248883,3.90E-05,0.000168109
ENSG00000119707,148.8099905,2.194808074,0.204104367,1.33E-27,3.05E-26
ENSG00000119718,34.04792549,-0.9264631,0.348892399,0.004597239,0.012364046
ENSG00000119725,65.72205078,1.057289494,0.258029109,2.24E-05,0.000100427
ENSG00000119760,64.95363961,1.079442629,0.277506121,5.28E-05,0.000222783
ENSG00000119772,19.96992313,3.072597223,0.677083127,1.20E-06,6.52E-06
ENSG00000119787,67.93196955,-0.838045522,0.260018539,0.000828941,0.00270583
ENSG00000119801,269.4806671,1.313190923,0.140149098,3.02E-21,5.20E-20
ENSG00000119812,31.78101954,-2.54933375,0.412389867,1.08E-10,9.31E-10
ENSG00000119844,85.18331194,1.325707215,0.229440309,3.15E-09,2.35E-08
ENSG00000119862,106.1145551,-1.693870503,0.217209484,1.78E-15,2.18E-14
ENSG00000119888,137.7044919,2.862476653,0.261982367,1.57E-28,3.77E-27
ENSG00000119900,7.658574283,-2.036473307,0.814779597,0.002256077,0.006615634
ENSG00000119912,21.67815619,-2.013899037,0.479858116,5.79E-06,2.83E-05
ENSG00000119922,25.41691421,5.228712303,0.799466258,3.28E-11,2.97E-10
ENSG00000119927,3.291834641,-1.839292721,1.266531406,0.022883492,0.049639139
ENSG00000119929,20.67729265,-1.936140506,0.510301187,3.18E-05,0.000138817
ENSG00000119938,32.56401535,2.525432554,0.436631152,1.28E-09,9.95E-09
ENSG00000119943,12.60448301,4.016024719,0.967518309,8.67E-06,4.15E-05
ENSG00000119950,14.07889768,-1.634327716,0.566421086,0.001044374,0.003323636
ENSG00000119953,57.22412017,1.73445934,0.311594252,7.56E-09,5.38E-08
ENSG00000119977,18.68604795,-2.413318031,0.538342278,1.26E-06,6.82E-06
ENSG00000119986,89.49656592,-1.258587631,0.254487578,3.26E-07,1.90E-06
ENSG00000120029,22.80924929,-1.381816497,0.452668883,0.000800211,0.002625069
ENSG00000120055,5.197629654,-2.341534672,1.193912572,0.007206151,0.018306152
ENSG00000120063,113.2366498,2.021363309,0.227037081,1.29E-19,2.03E-18
ENSG00000120071,26.46810533,2.203325375,0.456133484,2.85E-07,1.68E-06
ENSG00000120129,972.838212,2.899356241,0.100059724,2.55E-185,6.49E-183
ENSG00000120159,11.38356635,-1.274066211,0.629103697,0.015154245,0.034830709
ENSG00000120162,6.719580307,-1.489553833,0.788860682,0.015179947,0.034884245
ENSG00000120256,27.30721818,-1.776139391,0.405248299,2.98E-06,1.53E-05
ENSG00000120278,6.62564791,-2.202595088,0.93867237,0.002947701,0.008360961
ENSG00000120314,29.34966242,1.261283497,0.405614448,0.000774138,0.002547038
ENSG00000120334,10.26239416,1.776662555,0.745701581,0.003829141,0.010533046
ENSG00000120370,19.37547312,2.72939516,0.594490846,7.59E-07,4.24E-06
ENSG00000120437,42.76502331,-2.01146178,0.348102775,1.61E-09,1.24E-08
ENSG00000120438,368.5621501,1.477436199,0.113312641,2.51E-39,8.95E-38
ENSG00000120471,7.002096114,-1.95755895,0.894720473,0.004611333,0.012392744
ENSG00000120509,57.3998858,-2.538050588,0.332622535,3.73E-15,4.47E-14
ENSG00000120533,30.83975726,0.783028879,0.362446116,0.020644172,0.04544354
ENSG00000120549,84.3509013,2.448241777,0.276866282,2.02E-19,3.12E-18
ENSG00000120594,14.47102635,-3.072782997,0.65612238,3.71E-07,2.15E-06
ENSG00000120616,27.95139877,2.039110141,0.450328977,1.35E-06,7.26E-06
ENSG00000120656,26.62439333,-1.811957879,0.418922258,3.72E-06,1.88E-05
ENSG00000120662,22.85159659,1.359243385,0.475410053,0.001574073,0.00480147
ENSG00000120686,124.5318877,1.363870573,0.206139159,1.49E-11,1.39E-10
ENSG00000120690,228.5005184,1.357540082,0.148118586,2.00E-20,3.26E-19
ENSG00000120694,1890.950008,4.858586497,0.098744282,0,0
ENSG00000120697,21.09069493,-1.844332076,0.522344915,9.26E-05,0.00037069
ENSG00000120699,45.50788849,1.285321481,0.315151263,1.91E-05,8.67E-05
ENSG00000120708,20.293063,-2.58415693,0.528582166,1.52E-07,9.26E-07
ENSG00000120709,97.05784161,2.15462109,0.242425611,1.40E-19,2.19E-18
ENSG00000120725,18.91927433,-1.695376885,0.492591303,0.000149969,0.000577387
ENSG00000120733,88.70870589,1.376040099,0.232805468,1.36E-09,1.05E-08
ENSG00000120738,6576.462564,7.745892317,0.130014717,0,0
ENSG00000120742,46.21224568,-1.206162184,0.30634592,3.68E-05,0.000159271
ENSG00000120756,4.7028868,-2.052935583,1.100991252,0.009808023,0.023869496
ENSG00000120802,7.587637929,-1.876908355,0.830332665,0.00439365,0.011869412
ENSG00000120805,44.7413459,-0.749472931,0.311142998,0.011131515,0.026690567
ENSG00000120833,25.85669958,4.35925952,0.723827891,6.54E-10,5.21E-09
ENSG00000120837,19.70366465,1.038507253,0.478031067,0.01488506,0.034293663
ENSG00000120860,27.8102516,-1.254386172,0.415026119,0.001004088,0.003202466
ENSG00000120885,1413.377924,7.689072576,0.268877346,3.52E-179,8.23E-177
ENSG00000120889,396.5084446,3.558555948,0.153470938,1.12E-119,1.55E-117
ENSG00000120899,23.62759975,1.228993829,0.45824726,0.003079559,0.008683936
ENSG00000120910,46.57988083,0.858705575,0.328505377,0.005705965,0.014892282
ENSG00000120915,3.610824751,-3.631205123,2.032436193,0.003363712,0.009406442
ENSG00000120925,7.92191589,-2.783739823,0.908149093,0.000331059,0.001185687
ENSG00000120942,14.49417541,1.462822764,0.566934966,0.003145409,0.008859274
ENSG00000120948,321.4366999,1.907516774,0.139335993,2.81E-43,1.09E-41
ENSG00000120992,22.30273812,-2.145911532,0.486083198,1.99E-06,1.05E-05
ENSG00000121022,43.38895011,1.150990015,0.32185697,0.000167444,0.000637545
ENSG00000121064,16.48547589,-1.421693706,0.521209446,0.002099853,0.006206547
ENSG00000121067,27.34503578,1.210965648,0.404361985,0.001198382,0.003755968
ENSG00000121104,16.29116257,1.33092552,0.563535007,0.006237904,0.016106429
ENSG00000121236,2.548117765,-4.042547294,2.822174056,0.003619876,0.010035573
ENSG00000121274,49.47380241,2.374854968,0.341348612,6.85E-13,7.07E-12
ENSG00000121281,101.1814892,3.688173974,0.324475862,1.59E-30,4.13E-29
ENSG00000121297,10.73703828,1.932815929,0.74742626,0.002087616,0.006172897
ENSG00000121316,32.08384914,-3.75328974,0.513820819,3.45E-14,3.88E-13
ENSG00000121350,18.44465201,1.168022616,0.495002329,0.007989831,0.020009123
ENSG00000121390,56.87311596,1.989808812,0.320279427,1.23E-10,1.06E-09
ENSG00000121413,20.46157054,1.55625541,0.500699484,0.000570172,0.001930348
ENSG00000121417,34.78794147,1.613459905,0.376879086,5.59E-06,2.75E-05
ENSG00000121481,11.78140608,-1.316489353,0.641977951,0.013721466,0.032004965
ENSG00000121552,2062.98758,-3.202632412,0.137808519,1.77E-120,2.49E-118
ENSG00000121577,3.172249065,2.668003224,1.780025451,0.009590783,0.023387428
ENSG00000121578,14.4044702,-1.580745625,0.56956938,0.001530681,0.004681536
ENSG00000121653,6.743423446,2.47298677,1.051888986,0.00244611,0.00710525
ENSG00000121671,29.33125853,1.523167639,0.431922235,0.000137809,0.000535555
ENSG00000121691,24.05489101,-2.866026015,0.556240167,3.44E-08,2.27E-07
ENSG00000121716,32.08540233,0.920957074,0.401216065,0.012643794,0.029895843
ENSG00000121741,46.78418393,0.899826012,0.315256052,0.002653754,0.007628819
ENSG00000121742,100.0280112,-3.340245932,0.27257708,2.19E-35,6.84E-34
ENSG00000121749,19.92550745,1.200480277,0.483492267,0.005548287,0.01454893
ENSG00000121766,39.78036822,-2.044545772,0.367635013,5.73E-09,4.16E-08
ENSG00000121775,20.34094291,1.762916785,0.527171541,0.000199853,0.000747576
ENSG00000121851,10.92655861,-1.244273972,0.665190912,0.021458756,0.047007986
ENSG00000121858,6.48687532,-3.501829882,1.436727254,0.00116576,0.003665627
ENSG00000121900,98.9166927,-1.808965699,0.241373486,1.71E-14,1.95E-13
ENSG00000121903,14.38526593,1.640877288,0.665554529,0.003574908,0.00992611
ENSG00000121931,200.3016868,3.818874011,0.210787099,5.09E-74,3.56E-72
ENSG00000121957,17.44648579,-2.363968944,0.540773053,2.06E-06,1.08E-05
ENSG00000122008,17.94325881,1.061578854,0.523149491,0.020314217,0.044819422
ENSG00000122026,313.580982,-1.511186024,0.137867227,1.99E-28,4.74E-27
ENSG00000122033,38.93361424,-1.793847249,0.354659171,1.09E-07,6.80E-07
ENSG00000122034,37.10786986,-2.013269435,0.394612616,7.29E-08,4.65E-07
ENSG00000122035,17.1622703,2.800766789,0.784967109,4.41E-05,0.000188784
ENSG00000122042,84.7692488,2.427462582,0.26223635,4.20E-21,7.16E-20
ENSG00000122126,66.22244441,0.763701539,0.257016351,0.002115443,0.006243703
ENSG00000122140,30.04641761,-1.292285121,0.403181529,0.000528046,0.00179993
ENSG00000122218,159.5617678,1.243329974,0.170060872,1.23E-13,1.33E-12
ENSG00000122257,94.10331255,1.922551907,0.23313145,4.16E-17,5.64E-16
ENSG00000122299,56.90163053,1.082112846,0.292616487,0.000112956,0.000446275
ENSG00000122378,23.20575029,-3.137270551,0.512955553,1.40E-10,1.19E-09
ENSG00000122390,28.09519486,1.688490256,0.431482656,2.59E-05,0.000114731
ENSG00000122406,400.7392841,-1.857873442,0.108928708,1.11E-65,6.78E-64
ENSG00000122435,37.7269364,1.206500323,0.348619913,0.000242144,0.00088946
ENSG00000122481,20.85341945,-1.404787445,0.513056499,0.002104418,0.006218769
ENSG00000122482,34.77104669,0.760547572,0.351410728,0.021008691,0.046131386
ENSG00000122483,53.85162001,4.224855569,0.681742614,3.12E-10,2.57E-09
ENSG00000122490,29.93581907,-0.844517397,0.37651597,0.015516355,0.035533263
ENSG00000122515,36.6592866,0.865058125,0.356958982,0.009607455,0.023424137
ENSG00000122550,12.19836024,-1.523024185,0.616456449,0.003810339,0.010491292
ENSG00000122566,567.0845192,1.635643255,0.102066457,2.76E-58,1.45E-56
ENSG00000122641,24.01287511,2.300620714,0.526909158,2.44E-06,1.27E-05
ENSG00000122642,35.76198406,-0.976263316,0.359227041,0.003699591,0.010223297
ENSG00000122643,10.17460147,-1.249142165,0.676625109,0.022878135,0.049637264
ENSG00000122705,148.1989286,-1.027478533,0.188308917,2.73E-08,1.82E-07
ENSG00000122786,40.66006273,-2.22471484,0.347943317,3.13E-11,2.84E-10
ENSG00000122861,212.500688,0.625034803,0.159823353,7.40E-05,0.000302416
ENSG00000122873,12.51775604,-2.152669843,0.724888349,0.000492448,0.001689726
ENSG00000122877,9.410546595,2.063681971,0.909337395,0.003554661,0.009880941
ENSG00000122952,12.25631506,-2.421837971,0.707845364,9.09E-05,0.000364742
ENSG00000122965,43.16963904,0.683285138,0.311180135,0.020879572,0.045905891
ENSG00000123066,38.88680136,2.267107803,0.391284035,1.45E-09,1.12E-08
ENSG00000123091,164.7469778,0.415606296,0.16535832,0.010876091,0.026186531
ENSG00000123094,22.1035634,3.432374096,0.622868803,6.77E-09,4.87E-08
ENSG00000123095,4.41390784,2.876461314,1.387229312,0.005015964,0.013311421
ENSG00000123104,6.240064241,-2.184804099,0.953984248,0.003369108,0.009418794
ENSG00000123124,23.76055383,-1.23188919,0.451538247,0.002636154,0.007579728
ENSG00000123130,67.25164241,1.928027301,0.278870745,1.20E-12,1.21E-11
ENSG00000123131,37.46625992,-2.103915912,0.392739654,1.67E-08,1.14E-07
ENSG00000123136,230.5144973,3.105770167,0.184331184,1.78E-64,1.05E-62
ENSG00000123159,143.8107789,-1.331127665,0.193623977,2.48E-12,2.44E-11
ENSG00000123178,35.98135758,-0.97365058,0.369091385,0.004620506,0.012411385
ENSG00000123179,23.86939706,-3.491219938,0.564124837,8.21E-11,7.19E-10
ENSG00000123268,65.81285129,2.250127346,0.300543387,1.50E-14,1.72E-13
ENSG00000123297,15.28573371,-1.622500258,0.568223882,0.001165268,0.003665627
ENSG00000123342,91.35040363,10.41361087,2.581803501,5.42E-16,6.84E-15
ENSG00000123352,33.2119616,1.088754018,0.389645662,0.002574267,0.007428335
ENSG00000123353,53.01473394,-1.446232369,0.298764305,4.68E-07,2.68E-06
ENSG00000123358,49.08659204,7.138368501,0.988105544,2.60E-12,2.56E-11
ENSG00000123388,15.34423288,1.132455835,0.533867249,0.014915164,0.034352088
ENSG00000123395,88.48761916,1.06482085,0.242302799,5.99E-06,2.93E-05
ENSG00000123411,22.4400625,4.511578434,0.744620557,4.60E-10,3.71E-09
ENSG00000123415,13.65494166,-1.486070583,0.609233706,0.004363122,0.011795744
ENSG00000123416,137.47872,-1.596936532,0.181162167,3.80E-19,5.80E-18
ENSG00000123472,13.54755503,-1.275366969,0.610042823,0.013002978,0.030610164
ENSG00000123496,2.020539371,1.804231657,3.352635963,0.020356418,0.044898848
ENSG00000123505,79.91494836,0.685101714,0.233975354,0.00259258,0.007473734
ENSG00000123562,1068.494945,1.994305529,0.080374069,1.57E-136,2.52E-134
ENSG00000123575,42.74074487,0.991787549,0.327031896,0.001358499,0.004209517
ENSG00000123600,6.791074513,-2.934193099,1.000502174,0.000493172,0.001691808
ENSG00000123636,36.59035219,2.136490337,0.391556825,1.06E-08,7.43E-08
ENSG00000123643,31.65480611,1.389035186,0.407208293,0.000239484,0.000880803
ENSG00000123684,29.33457337,1.753939073,0.446476594,2.32E-05,0.000103912
ENSG00000123689,20.25127635,1.415043161,0.559264595,0.00379702,0.010458598
ENSG00000123728,74.32997521,1.189641615,0.26063187,2.33E-06,1.22E-05
ENSG00000123739,9.269559744,-2.189682482,0.802019233,0.001082715,0.003437341
ENSG00000123815,20.0295852,1.679502373,0.526632238,0.000386591,0.001362005
ENSG00000123892,103.4259573,-3.678347409,0.27594468,2.19E-41,8.23E-40
ENSG00000123908,64.52310404,2.350039531,0.30763809,4.61E-15,5.49E-14
ENSG00000123975,300.7884819,1.414325669,0.157097599,8.40E-20,1.32E-18
ENSG00000123983,57.41312408,-1.186887707,0.274684746,7.26E-06,3.51E-05
ENSG00000123989,51.78740393,-1.777115838,0.300644054,8.98E-10,7.07E-09
ENSG00000124067,85.84239798,2.822416653,0.30867102,1.19E-20,1.97E-19
ENSG00000124098,16.41581805,-3.364457398,0.693647476,1.50E-07,9.16E-07
ENSG00000124102,909.7885582,0.616752623,0.1101486,1.73E-08,1.18E-07
ENSG00000124103,6.333548095,4.303534381,1.600381808,0.000444856,0.001543988
ENSG00000124107,1857.539423,-1.214932349,0.116989082,1.34E-25,2.83E-24
ENSG00000124120,49.60066939,-0.675458495,0.297997132,0.017958182,0.040290437
ENSG00000124145,440.8027953,0.812704739,0.106888326,1.87E-14,2.13E-13
ENSG00000124151,72.45927075,0.836050565,0.247200673,0.000481674,0.001657473
ENSG00000124164,18.73389452,-1.138294677,0.492066466,0.009138188,0.022438691
ENSG00000124171,18.79907286,1.807372221,0.565061022,0.0003471,0.001236713
ENSG00000124172,70.25849926,-1.810088476,0.278184354,1.93E-11,1.78E-10
ENSG00000124193,425.0129181,2.932239232,0.140013509,4.41E-98,4.28E-96
ENSG00000124198,56.38553682,0.718184895,0.268449355,0.005463088,0.014351508
ENSG00000124201,93.42847504,2.178073363,0.241603234,4.31E-20,6.87E-19
ENSG00000124207,91.64023879,-1.292191892,0.218727626,1.45E-09,1.12E-08
ENSG00000124216,20.27014605,8.656299232,2.559652677,1.53E-10,1.30E-09
ENSG00000124222,112.8014362,0.744709121,0.202515385,0.000175026,0.000663103
ENSG00000124225,36.83677017,1.153158173,0.347224381,0.000426438,0.001487438
ENSG00000124226,152.8720303,2.529818291,0.206431474,3.01E-35,9.34E-34
ENSG00000124257,14.54951599,3.262762609,0.902353679,5.67E-05,0.000237672
ENSG00000124299,19.77897724,-1.543482337,0.488821046,0.000467179,0.001610655
ENSG00000124343,16.81661847,-3.075166624,0.605938392,5.49E-08,3.56E-07
ENSG00000124357,26.09357505,-1.24676804,0.399507966,0.000741451,0.002453991
ENSG00000124374,4.833229146,-1.718232742,0.980933149,0.01482146,0.034168881
ENSG00000124380,47.20907051,0.815551017,0.31916111,0.007024152,0.017919259
ENSG00000124422,114.9616591,0.717051097,0.196383632,0.000198929,0.000744507
ENSG00000124429,123.6283953,-2.007702556,0.24035501,1.44E-17,2.01E-16
ENSG00000124466,740.1480133,-2.169370786,0.111157618,1.64E-85,1.35E-83
ENSG00000124486,97.54428484,1.468345483,0.23479826,1.47E-10,1.25E-09
ENSG00000124532,11.62088515,-2.932382337,0.759015148,1.77E-05,8.06E-05
ENSG00000124535,44.06565903,-0.930919924,0.317039616,0.001972314,0.005871528
ENSG00000124541,51.93126146,-1.199660282,0.314092493,6.02E-05,0.000250831
ENSG00000124562,101.0713297,-1.562679045,0.231084394,4.35E-12,4.22E-11
ENSG00000124571,29.74893023,-1.260005661,0.393971249,0.000575541,0.001944885
ENSG00000124575,47.51217819,6.630476006,1.285079497,8.59E-09,6.09E-08
ENSG00000124608,7.008815826,-1.68447196,0.823191906,0.008881839,0.021902084
ENSG00000124610,13.58418576,6.512874638,2.433163447,2.31E-06,1.21E-05
ENSG00000124635,582.3297995,6.923039526,0.343588715,9.96E-90,8.74E-88
ENSG00000124688,95.80376527,1.334109352,0.239354589,1.02E-08,7.17E-08
ENSG00000124702,64.01795234,-1.124757099,0.291988276,5.65E-05,0.000237014
ENSG00000124733,40.31575494,-2.076567839,0.36312703,2.25E-09,1.71E-08
ENSG00000124767,210.2500053,-1.66785366,0.156393285,4.44E-27,9.97E-26
ENSG00000124783,25.42943341,-1.102027173,0.403705928,0.002994394,0.008475141
ENSG00000124787,8.717386383,-1.594259228,0.848158938,0.013024598,0.030646113
ENSG00000124788,24.87693378,1.410887424,0.436699377,0.000442912,0.00153761
ENSG00000124789,95.70274291,1.378538513,0.231423382,1.01E-09,7.90E-09
ENSG00000124802,25.37321584,-0.89842908,0.409412565,0.016467285,0.037403339
ENSG00000124831,93.94349258,0.77107802,0.239143381,0.000883656,0.002865696
ENSG00000124875,3.83247123,4.054569744,2.562001455,0.002378341,0.00692925
ENSG00000124942,664.3596748,-0.80469126,0.086501144,7.74E-21,1.30E-19
ENSG00000125037,41.26531231,-0.861203815,0.31203323,0.003652334,0.010108143
ENSG00000125046,1.916336108,2.280883066,3.262968086,0.018096703,0.040525867
ENSG00000125089,8.578687187,1.6359785,0.79080452,0.009482555,0.023154704
ENSG00000125107,151.8954606,0.765546292,0.173443907,7.36E-06,3.56E-05
ENSG00000125124,11.90916816,-2.450286085,0.699435583,7.20E-05,0.000295383
ENSG00000125144,698.4604048,-1.32772602,0.109970096,6.05E-34,1.82E-32
ENSG00000125148,725.56128,-0.816511556,0.114158524,5.55E-13,5.78E-12
ENSG00000125149,16.28275551,-1.126415667,0.510357689,0.012113543,0.028783083
ENSG00000125166,78.10869837,-1.811069124,0.248692459,8.53E-14,9.36E-13
ENSG00000125170,23.09023707,-1.624240775,0.456675216,0.000106288,0.000422236
ENSG00000125266,117.9781475,2.730099867,0.216823896,3.91E-37,1.30E-35
ENSG00000125304,63.23733907,-1.57114591,0.269028027,1.70E-09,1.31E-08
ENSG00000125347,6.65852931,6.074586451,2.457879213,1.44E-05,6.65E-05
ENSG00000125352,29.42826514,-1.282557002,0.401921418,0.000559039,0.001896202
ENSG00000125356,353.3057465,-1.861108263,0.143854383,6.71E-39,2.35E-37
ENSG00000125386,48.09544818,2.975345163,0.398041958,1.46E-14,1.68E-13
ENSG00000125398,47.21523541,-1.532284819,0.309153081,2.32E-07,1.39E-06
ENSG00000125447,82.7245646,1.613858686,0.263731543,3.06E-10,2.52E-09
ENSG00000125482,36.56768593,1.370866669,0.350475056,3.50E-05,0.000151855
ENSG00000125484,31.07541261,0.977829178,0.360820175,0.003805765,0.010480693
ENSG00000125505,118.7793786,1.906246296,0.229810451,2.70E-17,3.70E-16
ENSG00000125520,36.2985739,0.759442916,0.343678281,0.01872431,0.041744113
ENSG00000125531,5.373883941,2.112991093,1.504267195,0.017588269,0.039601638
ENSG00000125534,225.7728713,-2.226180089,0.18046554,1.09E-35,3.44E-34
ENSG00000125538,40.53957645,-1.917280598,0.349814316,9.60E-09,6.77E-08
ENSG00000125611,4.405754108,-2.245430868,1.177782342,0.007346072,0.018596349
ENSG00000125630,17.2128311,-1.453122796,0.500297566,0.001188834,0.003730887
ENSG00000125633,73.91385462,1.713506785,0.257524199,8.21E-12,7.78E-11
ENSG00000125648,18.67018079,-1.100888298,0.459119899,0.00765256,0.0192544
ENSG00000125652,17.2614268,-1.345623891,0.561073018,0.005519593,0.01448418
ENSG00000125656,18.05555194,-1.063886502,0.497872366,0.015460869,0.035438299
ENSG00000125686,123.5043853,1.607211903,0.201909325,5.59E-16,7.05E-15
ENSG00000125691,223.3877726,-1.824418395,0.150196682,1.58E-34,4.87E-33
ENSG00000125703,4.169614355,-2.960592525,1.426958468,0.004608455,0.012387307
ENSG00000125730,3.272445938,2.796299684,2.605524834,0.011117848,0.026666629
ENSG00000125735,7.264188331,4.77456536,2.413595699,0.000398993,0.001400586
ENSG00000125740,154.200395,8.42747753,0.811903304,6.06E-24,1.19E-22
ENSG00000125743,189.2413976,-1.704873946,0.174364306,3.93E-23,7.50E-22
ENSG00000125746,20.31306547,-1.090652057,0.451751676,0.007446396,0.018804294
ENSG00000125772,23.91333783,1.229648429,0.4480043,0.002551396,0.007371151
ENSG00000125775,165.4774256,-1.34415838,0.21565167,1.80E-10,1.52E-09
ENSG00000125779,24.17682143,1.063847008,0.420889525,0.005749194,0.014991597
ENSG00000125812,21.74764709,1.331295333,0.43820742,0.000905765,0.002930834
ENSG00000125817,40.26566876,-1.230500519,0.348259584,0.000176419,0.00066768
ENSG00000125821,15.6587851,-2.038013815,0.580380932,8.71E-05,0.000350712
ENSG00000125826,70.51338533,-0.922417329,0.260751149,0.000244911,0.000898256
ENSG00000125834,57.17325385,1.974208787,0.309409663,4.19E-11,3.75E-10
ENSG00000125835,454.0538059,0.606710337,0.110323673,3.14E-08,2.08E-07
ENSG00000125845,30.35375262,2.801973531,0.463009474,2.42E-10,2.02E-09
ENSG00000125848,36.15532227,-3.12312643,0.440783882,1.75E-13,1.88E-12
ENSG00000125868,180.6863896,-2.593421352,0.18148842,4.28E-47,1.82E-45
ENSG00000125871,34.6933487,-0.811601292,0.357871841,0.015047835,0.034619092
ENSG00000125877,65.51935769,-1.268675302,0.32685629,4.25E-05,0.000182537
ENSG00000125901,45.51218538,-2.69137055,0.365770995,2.87E-14,3.24E-13
ENSG00000125912,45.68849792,-1.047083677,0.327739361,0.000731895,0.002424024
ENSG00000125945,104.038279,2.832311707,0.240280412,8.14E-33,2.32E-31
ENSG00000125952,55.35925097,1.41041424,0.294904361,6.56E-07,3.69E-06
ENSG00000125962,22.54869203,1.673394939,0.499463107,0.000222735,0.000824016
ENSG00000125971,22.27712501,-1.095556467,0.445238424,0.006521597,0.016761221
ENSG00000125977,295.5341065,0.399094513,0.12655259,0.001486363,0.004557929
ENSG00000125995,144.8463762,-2.652986271,0.251221391,6.50E-27,1.45E-25
ENSG00000125998,91.6303105,-3.804420886,0.294054829,3.47E-39,1.23E-37
ENSG00000126001,14.78040427,1.244993725,0.571838998,0.011451046,0.027355731
ENSG00000126003,49.45450375,0.74777339,0.306596276,0.010409333,0.025179943
ENSG00000126005,19.35505415,-1.382132479,0.470941437,0.001160309,0.003650862
ENSG00000126012,381.3979727,2.946000823,0.155832885,1.59E-80,1.23E-78
ENSG00000126067,86.66188326,-1.403773794,0.228209624,2.93E-10,2.42E-09
ENSG00000126070,11.16723135,1.856391306,0.719145929,0.002224767,0.006537059
ENSG00000126088,23.24600463,-1.134831763,0.435082835,0.00411705,0.011222669
ENSG00000126107,33.01400401,-0.813239991,0.352711056,0.013550981,0.031668529
ENSG00000126214,49.25326979,0.986848077,0.315415697,0.001002038,0.003197335
ENSG00000126226,126.4231258,3.560850849,0.264058333,3.94E-42,1.49E-40
ENSG00000126233,34.31255995,-2.325118417,0.612438745,2.13E-05,9.60E-05
ENSG00000126247,141.1726881,-1.973782821,0.189516049,4.90E-26,1.05E-24
ENSG00000126249,12.57277058,-1.314039344,0.619352216,0.011609979,0.027691071
ENSG00000126254,113.0639831,0.478344852,0.207471282,0.018504207,0.041361674
ENSG00000126267,192.5475875,-2.319878642,0.211559541,9.45E-29,2.28E-27
ENSG00000126368,284.2988435,2.500118122,0.151557294,6.93E-62,3.92E-60
ENSG00000126391,54.64992936,-2.585130117,0.3329808,1.35E-15,1.67E-14
ENSG00000126432,584.3794308,-2.352857053,0.101865477,8.34E-119,1.13E-116
ENSG00000126453,94.96995169,3.562485563,0.295173307,2.99E-34,9.15E-33
ENSG00000126457,81.47831543,0.77421594,0.228358799,0.00048864,0.001679049
ENSG00000126458,91.50512795,-1.306599333,0.236558628,1.35E-08,9.33E-08
ENSG00000126461,203.0624405,2.71671787,0.187383308,2.36E-48,1.03E-46
ENSG00000126562,8.299783093,6.753050062,2.498845022,1.63E-06,8.68E-06
ENSG00000126602,36.86373034,-2.179843643,0.367175364,5.69E-10,4.56E-09
ENSG00000126603,18.20315047,3.417512108,0.77749019,2.49E-06,1.29E-05
ENSG00000126698,212.1546596,0.947331137,0.155584398,7.05E-10,5.61E-09
ENSG00000126709,106.4793759,-5.78944788,0.427104589,1.93E-42,7.37E-41
ENSG00000126756,71.3944347,-0.690836904,0.319014097,0.022040684,0.04808661
ENSG00000126759,5.080108603,5.80354026,2.518784033,5.77E-05,0.000241501
ENSG00000126767,135.6210911,2.425440817,0.232212306,3.29E-26,7.13E-25
ENSG00000126775,44.09549079,1.110477656,0.322057074,0.000280262,0.001017091
ENSG00000126803,20.11377755,1.201041792,0.481049773,0.005274929,0.013905147
ENSG00000126858,11.9330643,-1.779869638,0.638113202,0.001233335,0.003858002
ENSG00000126934,53.30134631,-0.732124151,0.289894098,0.008345931,0.020753748
ENSG00000127022,316.7728604,-0.364970758,0.119139488,0.002003484,0.005947201
ENSG00000127054,46.77207908,1.556975995,0.339186329,1.44E-06,7.74E-06
ENSG00000127124,8.586310552,7.035966822,2.494928748,4.61E-07,2.65E-06
ENSG00000127125,24.00458714,-2.111466255,0.476733481,1.88E-06,9.94E-06
ENSG00000127184,164.3079121,-2.044992336,0.176091594,7.60E-32,2.08E-30
ENSG00000127191,24.27224241,0.933730585,0.456310009,0.022324837,0.048603764
ENSG00000127314,18.90934371,1.566276337,0.518328692,0.000754492,0.002491457
ENSG00000127337,8.711094162,-1.974057663,0.833463868,0.003167448,0.008907485
ENSG00000127399,7.149412267,-2.029436279,0.977353897,0.006104014,0.015814301
ENSG00000127418,36.0823899,3.101005388,0.555821996,5.58E-09,4.05E-08
ENSG00000127452,35.89231726,1.39177171,0.37557811,7.78E-05,0.000315992
ENSG00000127481,180.0421793,1.882017507,0.183964711,3.48E-25,7.26E-24
ENSG00000127483,218.3330576,2.442421967,0.172029009,1.90E-46,7.93E-45
ENSG00000127511,81.6460138,1.79764959,0.257213442,7.70E-13,7.92E-12
ENSG00000127527,35.36156128,0.967278939,0.350711292,0.003294309,0.009226615
ENSG00000127528,10.68543563,1.908245515,0.719807233,0.001653968,0.005022957
ENSG00000127540,86.7022625,-2.662532641,0.306062455,4.69E-19,7.13E-18
ENSG00000127561,3.749798125,3.043301675,2.629344961,0.008756277,0.021618225
ENSG00000127603,53.92005364,-1.131964007,0.280876375,2.75E-05,0.000121713
ENSG00000127666,84.42661559,0.802963554,0.224029385,0.00023069,0.000850621
ENSG00000127804,39.73308555,1.287007493,0.348963279,9.42E-05,0.000376892
ENSG00000127824,430.6858353,-1.445465733,0.104324763,5.12E-44,2.03E-42
ENSG00000127870,246.4372215,0.694560917,0.144792724,1.23E-06,6.66E-06
ENSG00000127884,113.0478184,-1.347157649,0.212569373,9.20E-11,8.03E-10
ENSG00000127914,31.03240462,1.093472497,0.387102624,0.002344903,0.006842802
ENSG00000127947,102.2544426,0.54537702,0.213869593,0.009097294,0.022345856
ENSG00000127948,33.10282913,-1.05492602,0.351347402,0.001368543,0.004237012
ENSG00000127952,43.13515513,-1.365510808,0.339466036,2.17E-05,9.75E-05
ENSG00000127954,7.784334092,-1.895209493,0.816324405,0.003686566,0.010191193
ENSG00000127955,14.47091853,-1.468215623,0.537675415,0.001974086,0.005874386
ENSG00000127980,6.613767154,-1.925615343,0.889903827,0.005555003,0.014563906
ENSG00000127993,39.48594531,2.329797324,0.421858972,7.17E-09,5.13E-08
ENSG00000128016,1761.976517,2.946087513,0.082242752,1.62E-281,6.91E-279
ENSG00000128039,7.577853368,-3.498474655,0.988330053,5.74E-05,0.000240054
ENSG00000128050,29.76962533,-2.219939972,0.42311388,2.84E-08,1.90E-07
ENSG00000128165,38.30506931,4.859030017,0.761455209,1.19E-10,1.02E-09
ENSG00000128185,12.58426655,-2.246754602,0.99941824,0.002883116,0.008203482
ENSG00000128228,31.32473144,-1.341813224,0.498955083,0.002483284,0.007195908
ENSG00000128272,1796.288645,2.933894752,0.083104879,9.55E-274,3.55E-271
ENSG00000128283,56.79425505,-0.707956145,0.292870315,0.011259785,0.026940134
ENSG00000128294,8.10136934,-1.317392926,0.713329068,0.020813224,0.04577392
ENSG00000128298,11.51464807,1.273685227,0.673661149,0.020953794,0.046027418
ENSG00000128311,13.01030168,-2.419364681,0.676634998,5.11E-05,0.000216205
ENSG00000128340,32.32331114,-1.730603632,0.375812094,1.15E-06,6.27E-06
ENSG00000128342,60.69640312,5.365168315,0.586661566,4.82E-20,7.67E-19
ENSG00000128422,6494.128739,-3.341876817,0.069299036,0,0
ENSG00000128463,49.90003764,-1.07019669,0.287589912,0.000102504,0.000408101
ENSG00000128482,8.036360276,3.395218348,1.031157407,0.000186623,0.00070286
ENSG00000128510,600.7837546,2.541229211,0.107945377,2.36E-123,3.39E-121
ENSG00000128524,390.8705603,-1.822865139,0.158071763,2.20E-31,5.91E-30
ENSG00000128564,109.5074711,8.354071518,0.963102042,1.05E-16,1.38E-15
ENSG00000128578,17.38957314,1.058314331,0.500745316,0.016675585,0.037811224
ENSG00000128585,39.89154448,1.099880484,0.346404524,0.000746592,0.00246875
ENSG00000128591,135.0997674,10.33661939,2.537531659,4.88E-16,6.18E-15
ENSG00000128626,26.96050153,-1.616272617,0.420261633,3.41E-05,0.000148207
ENSG00000128641,67.06959917,-1.255204267,0.253268338,3.18E-07,1.86E-06
ENSG00000128654,59.27165781,-1.217252459,0.297234127,1.85E-05,8.41E-05
ENSG00000128656,3.289445176,3.804379897,2.52630628,0.003141007,0.008848594
ENSG00000128694,3.006334997,-2.057586499,1.525989989,0.022067715,0.048130821
ENSG00000128789,32.26302768,-1.106859939,0.390211136,0.002170723,0.00638993
ENSG00000128791,41.88247649,0.941755,0.326654348,0.002315402,0.0067663
ENSG00000128829,18.31140791,-1.220460383,0.508722997,0.006634558,0.017021332
ENSG00000128881,18.60809664,1.901847367,0.534397993,8.76E-05,0.000352565
ENSG00000128886,30.61955861,-1.538223556,0.425137189,9.05E-05,0.000363333
ENSG00000128908,109.0242375,2.949506455,0.252808692,3.32E-32,9.19E-31
ENSG00000128918,6.53544488,6.653837993,2.533862903,3.93E-06,1.98E-05
ENSG00000128944,11.48391184,-1.480948019,0.724387124,0.01096295,0.026369356
ENSG00000128951,19.51586243,-1.537151874,0.477841931,0.000387067,0.001363351
ENSG00000128965,71.89468009,3.071736455,0.405300482,7.69E-15,9.03E-14
ENSG00000128989,118.8477284,0.570558387,0.194859817,0.002841459,0.008105661
ENSG00000129055,47.60011141,-0.809611374,0.329842908,0.009234268,0.022636228
ENSG00000129071,25.31903364,-2.009728048,0.468906153,3.83E-06,1.93E-05
ENSG00000129084,85.74052181,-1.103296965,0.229877986,8.18E-07,4.55E-06
ENSG00000129103,31.47154841,-3.34407704,0.469312739,1.49E-13,1.61E-12
ENSG00000129128,34.78229344,-1.500509709,0.367407677,1.46E-05,6.74E-05
ENSG00000129151,21.96448897,-4.514880753,0.734536511,1.05E-10,9.07E-10
ENSG00000129194,206.8258612,-1.033311603,0.159522288,5.07E-11,4.51E-10
ENSG00000129197,44.43475646,1.733456999,0.345523648,1.48E-07,9.03E-07
ENSG00000129214,2.428111448,2.677606368,3.039392504,0.013679044,0.031921443
ENSG00000129226,72.05749552,-0.685728414,0.264539015,0.007085542,0.018053608
ENSG00000129235,38.21680657,-3.075755124,0.421783341,4.18E-14,4.68E-13
ENSG00000129245,124.3792732,1.468407733,0.200256841,8.37E-14,9.19E-13
ENSG00000129250,107.210156,-1.290713588,0.204176741,1.12E-10,9.59E-10
ENSG00000129315,51.00189354,0.845705198,0.300199194,0.003148571,0.00886473
ENSG00000129351,122.0972639,1.694559118,0.202513144,1.74E-17,2.43E-16
ENSG00000129354,72.53528684,-2.398670974,0.294093497,5.92E-17,7.91E-16
ENSG00000129355,36.70489083,1.009237328,0.370531701,0.003488406,0.009716286
ENSG00000129422,4.002886598,-1.674230754,1.093612952,0.022734483,0.049369424
ENSG00000129437,8.098605109,2.235121584,1.039442558,0.004568677,0.012294184
ENSG00000129451,126.8808084,-2.169911409,0.214043352,7.38E-25,1.52E-23
ENSG00000129455,81.88399925,-1.885655939,0.33773526,5.27E-09,3.84E-08
ENSG00000129460,100.0089365,2.715767667,0.250278841,3.51E-28,8.25E-27
ENSG00000129472,55.74679677,2.358906168,0.334160105,3.32E-13,3.50E-12
ENSG00000129474,60.98928585,-1.506310947,0.275851349,1.64E-08,1.13E-07
ENSG00000129484,70.35053458,2.52181033,0.284762541,1.52E-19,2.38E-18
ENSG00000129493,6.085729812,-1.740375265,0.902077149,0.010506769,0.025402909
ENSG00000129514,2.746124952,2.881257752,2.726590698,0.010776309,0.025954915
ENSG00000129515,68.66719817,-0.593893265,0.252913398,0.015062802,0.034642531
ENSG00000129559,83.22712087,-1.997321912,0.250558441,3.51E-16,4.47E-15
ENSG00000129562,233.0690799,-1.346188933,0.170130924,9.97E-16,1.24E-14
ENSG00000129566,28.85870336,1.954279023,0.433783693,1.58E-06,8.47E-06
ENSG00000129625,68.09727636,-1.720418948,0.266083769,2.84E-11,2.58E-10
ENSG00000129636,15.71883182,-1.709946577,0.547979943,0.000464277,0.001602557
ENSG00000129646,6.990662843,1.667803019,0.929305985,0.015704155,0.035895211
ENSG00000129657,64.58366364,1.661524759,0.273392982,3.87E-10,3.14E-09
ENSG00000129667,37.33341633,1.066603833,0.363387092,0.001708762,0.005170926
ENSG00000129691,14.55585816,-1.581933142,0.546834946,0.001069086,0.003394816
ENSG00000129749,4.933087621,2.850152577,1.357843956,0.004972497,0.013218607
ENSG00000129757,24.60549225,1.450036776,0.46558025,0.000613964,0.002062213
ENSG00000129824,315.4351051,-0.888031109,0.148602482,1.45E-09,1.12E-08
ENSG00000129925,31.23296125,1.470347846,0.409991634,0.000115485,0.000455152
ENSG00000129946,17.78987003,1.291452427,0.529778492,0.005630331,0.014724074
ENSG00000130021,6.505774938,-2.502831627,1.049324407,0.002488673,0.007207197
ENSG00000130024,33.62120554,1.634550367,0.38392532,5.95E-06,2.91E-05
ENSG00000130052,3.049047304,3.969326487,2.528960467,0.002508271,0.007258146
ENSG00000130055,6.647848299,-4.164623263,1.332654632,0.000263781,0.000962547
ENSG00000130066,3128.29705,2.137241392,0.055191241,0,0
ENSG00000130147,42.46271194,1.140594862,0.321178061,0.000186982,0.000703977
ENSG00000130158,76.84736919,2.394650329,0.291532115,4.14E-17,5.61E-16
ENSG00000130164,126.6309168,-0.749758434,0.198161615,0.000111935,0.000442845
ENSG00000130203,69.57318085,-2.9582266,0.365500254,7.15E-17,9.48E-16
ENSG00000130222,35.29403523,5.0680015,0.66639047,8.21E-15,9.61E-14
ENSG00000130227,36.42951793,-1.143089506,0.343541928,0.000410068,0.001434596
ENSG00000130244,12.85295986,1.114890036,0.560155577,0.020581731,0.045312978
ENSG00000130254,106.4188134,2.745807996,0.262752916,2.80E-26,6.09E-25
ENSG00000130255,295.7462695,-2.146215215,0.166300362,8.07E-39,2.82E-37
ENSG00000130294,5.41211151,5.955038497,2.479891661,2.61E-05,0.000115845
ENSG00000130311,61.23778354,1.574211351,0.291230207,2.08E-08,1.40E-07
ENSG00000130312,30.26105549,-1.941265713,0.421455584,8.88E-07,4.91E-06
ENSG00000130313,33.04718883,-1.499191425,0.401736513,6.18E-05,0.000256827
ENSG00000130338,24.53576114,1.514898782,0.441953613,0.000198245,0.00074233
ENSG00000130340,197.2055008,2.568146693,0.187067134,1.32E-43,5.19E-42
ENSG00000130347,3.521705857,-3.080828006,1.811847874,0.005571593,0.014591547
ENSG00000130349,9.610164322,-1.461756692,0.729115768,0.012336919,0.029251447
ENSG00000130382,52.60096112,1.062475744,0.298881489,0.000200783,0.000750474
ENSG00000130396,194.4935433,2.307801531,0.173550623,5.00E-41,1.86E-39
ENSG00000130402,331.5219793,-1.221502066,0.119217316,5.61E-25,1.16E-23
ENSG00000130429,52.95665113,-1.185798161,0.314036392,7.37E-05,0.000301533
ENSG00000130449,92.45658194,3.270229632,0.299173717,1.48E-28,3.54E-27
ENSG00000130479,99.70162984,5.021292679,0.447030696,1.58E-29,3.97E-28
ENSG00000130518,6.169476691,6.41568703,2.555983504,1.13E-05,5.30E-05
ENSG00000130520,55.66244167,-3.105803236,0.344914907,3.19E-20,5.14E-19
ENSG00000130522,159.7990252,1.279517917,0.204483608,1.65E-10,1.40E-09
ENSG00000130544,8.878788157,1.397854429,0.73564376,0.017549027,0.039537873
ENSG00000130545,163.1629187,1.60609913,0.200455076,3.60E-16,4.59E-15
ENSG00000130559,38.84370445,0.828960924,0.328662852,0.007608028,0.019157523
ENSG00000130560,29.51876196,-1.871043188,0.451689292,7.79E-06,3.75E-05
ENSG00000130584,6.917864577,6.030727865,2.437008243,1.38E-05,6.40E-05
ENSG00000130590,5.4650552,-1.925816615,1.00730604,0.009764665,0.023783406
ENSG00000130638,34.88205017,-1.277938339,0.382393153,0.000341659,0.001218827
ENSG00000130699,11.18791688,2.095853272,0.718336111,0.000700185,0.002325918
ENSG00000130703,55.21695228,1.227774153,0.288528687,9.36E-06,4.44E-05
ENSG00000130707,94.58320527,2.736709224,0.246985036,2.81E-29,7.00E-28
ENSG00000130723,142.1761823,1.852577875,0.195414755,6.81E-22,1.22E-20
ENSG00000130725,95.16854969,-0.468036076,0.20833573,0.021599796,0.047281185
ENSG00000130731,31.33624092,-2.488977694,0.449848963,5.43E-09,3.95E-08
ENSG00000130733,46.76175727,-0.753487786,0.293213846,0.007108771,0.018100053
ENSG00000130741,125.933446,-0.423418313,0.189009039,0.022788913,0.049472782
ENSG00000130749,48.00001548,3.018356375,0.374849709,1.46E-16,1.90E-15
ENSG00000130758,22.99192125,1.109347335,0.477115983,0.009316311,0.022802599
ENSG00000130766,252.1444647,3.05141388,0.189829745,6.78E-59,3.66E-57
ENSG00000130770,109.1483545,-2.038306623,0.223053798,1.41E-20,2.33E-19
ENSG00000130772,80.44982752,0.739390102,0.240989116,0.001570602,0.004792608
ENSG00000130779,103.8112873,0.471862815,0.19417119,0.013280794,0.031137613
ENSG00000130783,3.067380601,2.259557944,1.803457687,0.016428486,0.037332781
ENSG00000130787,79.81224237,1.059763718,0.254180045,1.64E-05,7.53E-05
ENSG00000130803,115.4080674,2.312178584,0.227965929,7.35E-25,1.51E-23
ENSG00000130811,182.6299126,1.771648102,0.177456542,5.09E-24,1.01E-22
ENSG00000130813,4.693772347,-2.18626679,1.180854135,0.008497997,0.021083866
ENSG00000130816,12.70416314,-1.144742034,0.568643879,0.018614681,0.041570108
ENSG00000130818,45.61679258,2.218148226,0.37082506,4.75E-10,3.82E-09
ENSG00000130821,72.47593251,1.853234634,0.286602909,2.66E-11,2.43E-10
ENSG00000130822,5.133033866,5.584936795,2.4614557,7.00E-05,0.000287887
ENSG00000130826,50.81889905,-1.324406235,0.302356469,4.76E-06,2.37E-05
ENSG00000130827,58.45597549,2.992129247,0.4049132,3.09E-14,3.49E-13
ENSG00000130856,26.34382339,1.84062691,0.473952533,2.62E-05,0.000116139
ENSG00000130935,83.64122627,1.060468803,0.245237101,8.24E-06,3.96E-05
ENSG00000130985,377.4419782,1.082296052,0.123830323,1.25E-18,1.85E-17
ENSG00000131013,160.4030359,2.588258762,0.199297449,2.67E-39,9.49E-38
ENSG00000131018,5.885079838,3.256339301,1.106548644,0.000497891,0.001706784
ENSG00000131023,30.54327684,1.459255799,0.401752358,9.75E-05,0.000389699
ENSG00000131051,477.6578833,3.474698582,0.143452848,2.58E-130,4.01E-128
ENSG00000131067,40.05949067,1.696986856,0.400798017,6.63E-06,3.23E-05
ENSG00000131069,31.67553872,-0.882902704,0.368232352,0.009928043,0.024132628
ENSG00000131080,11.74014385,2.154322087,0.713602634,0.000454192,0.001570366
ENSG00000131100,141.560548,-0.755967844,0.178912042,1.72E-05,7.84E-05
ENSG00000131115,21.28393719,1.409305722,0.491623326,0.001443065,0.004441143
ENSG00000131143,117.9959135,-0.483673672,0.188712613,0.008969619,0.022084694
ENSG00000131149,43.56842012,1.596807452,0.33804008,7.39E-07,4.13E-06
ENSG00000131165,216.2772168,1.135568181,0.158302509,3.92E-13,4.11E-12
ENSG00000131171,21.86355753,-4.203961728,0.645380091,1.23E-11,1.15E-10
ENSG00000131174,120.5187653,-0.948741453,0.210754002,4.01E-06,2.01E-05
ENSG00000131187,5.083916392,-1.602763014,0.991005911,0.021222987,0.046533744
ENSG00000131196,10.01580018,3.909336132,0.980540251,1.62E-05,7.41E-05
ENSG00000131236,348.1034665,-1.484457577,0.118409953,1.68E-36,5.49E-35
ENSG00000131238,24.21914789,-2.289195587,0.465929927,1.63E-07,9.93E-07
ENSG00000131263,78.46560705,2.207416026,0.274441015,1.93E-16,2.50E-15
ENSG00000131323,22.75148422,1.820743992,0.479594299,3.68E-05,0.000159317
ENSG00000131374,7.021908235,-2.443805927,0.892698386,0.000939468,0.00302349
ENSG00000131378,13.17442166,-1.459270819,0.609890779,0.005067496,0.013426778
ENSG00000131381,35.00470504,0.975352661,0.34791581,0.002849026,0.008124678
ENSG00000131398,2.013044951,2.348983843,3.020314067,0.017546327,0.039537873
ENSG00000131408,30.63399239,-0.95282227,0.384169724,0.007338225,0.018579735
ENSG00000131435,87.41997934,1.771271229,0.259871003,2.11E-12,2.09E-11
ENSG00000131459,6.344536625,3.863331655,1.262931615,0.000398526,0.001399285
ENSG00000131462,55.59091414,-1.92392412,0.317561286,3.20E-10,2.62E-09
ENSG00000131469,648.5379561,-1.768559009,0.087645188,5.38E-91,4.78E-89
ENSG00000131470,12.06928131,1.256208924,0.617146235,0.015031287,0.034591784
ENSG00000131471,46.53521731,5.944945248,0.752952547,3.92E-15,4.69E-14
ENSG00000131473,138.1663095,-1.727618962,0.182677709,8.96E-22,1.58E-20
ENSG00000131475,59.49280108,-1.440251945,0.28993974,2.41E-07,1.43E-06
ENSG00000131480,81.53440477,5.193119171,0.460651623,1.13E-29,2.87E-28
ENSG00000131495,44.51924663,-2.337606625,0.350195775,4.26E-12,4.13E-11
ENSG00000131503,111.3866731,1.25456032,0.20068205,1.79E-10,1.51E-09
ENSG00000131504,180.9744441,0.867976698,0.157335696,2.35E-08,1.58E-07
ENSG00000131508,109.7097757,0.453618309,0.201312075,0.021685563,0.047441508
ENSG00000131558,13.66357589,-2.511531665,0.628267449,9.92E-06,4.69E-05
ENSG00000131584,49.1905638,1.300502036,0.3183209,1.82E-05,8.29E-05
ENSG00000131626,56.76413914,1.407816316,0.301858005,1.19E-06,6.46E-06
ENSG00000131652,663.3345936,5.844105663,0.232668807,2.61E-139,4.29E-137
ENSG00000131711,57.11658701,4.04648705,0.482057044,1.52E-17,2.13E-16
ENSG00000131724,13.58790789,-1.238747236,0.586858909,0.012994703,0.030605612
ENSG00000131746,129.8652344,-2.864759553,0.223381865,1.69E-38,5.84E-37
ENSG00000131747,10.48748118,-1.559702353,0.654957593,0.004512997,0.012160066
ENSG00000131748,33.15584667,1.072671381,0.371879631,0.001995956,0.0059285
ENSG00000131759,40.54323407,3.347496608,0.44156999,5.62E-15,6.66E-14
ENSG00000131779,30.28731883,-1.703691996,0.471457068,7.53E-05,0.000306946
ENSG00000131788,52.19940764,-1.094550273,0.286592847,6.78E-05,0.000279503
ENSG00000131791,84.50773573,1.117507698,0.250399972,4.12E-06,2.06E-05
ENSG00000131931,89.07583907,3.170387462,0.29892299,5.18E-27,1.16E-25
ENSG00000131966,42.23230873,-1.589775438,0.337456316,7.51E-07,4.19E-06
ENSG00000131981,289.3994968,-1.244889253,0.13698149,4.54E-20,7.22E-19
ENSG00000132002,4292.362121,4.467602493,0.069474167,0,0
ENSG00000132003,72.05944552,3.37597746,0.351649075,1.56E-22,2.90E-21
ENSG00000132005,24.5033414,2.261676171,0.500188657,1.18E-06,6.42E-06
ENSG00000132010,8.908593777,1.708209681,0.755081752,0.005653209,0.014773231
ENSG00000132017,66.23099899,1.389996523,0.273093776,1.38E-07,8.45E-07
ENSG00000132153,53.7833213,0.966197419,0.305492531,0.000906945,0.002933994
ENSG00000132155,93.11355351,1.411445032,0.229700437,3.07E-10,2.53E-09
ENSG00000132164,4.536175788,-2.162027956,1.156537803,0.008530243,0.021146707
ENSG00000132254,103.4988924,1.714438898,0.225607174,8.66E-15,1.01E-13
ENSG00000132256,17.43441366,-1.112320267,0.480190567,0.009391096,0.022962356
ENSG00000132274,9.882566877,-1.242894666,0.646130326,0.019190479,0.042671704
ENSG00000132275,19.9504576,1.10942125,0.465328962,0.008007423,0.020039316
ENSG00000132305,41.48650039,-1.973928628,0.351875182,4.46E-09,3.28E-08
ENSG00000132313,20.52325182,-1.407101724,0.47250601,0.000994444,0.003177306
ENSG00000132323,33.18719138,1.299619268,0.387207006,0.000339252,0.001211137
ENSG00000132326,25.52532123,3.646306249,0.595979018,2.10E-10,1.76E-09
ENSG00000132357,18.71900336,1.004971092,0.459756564,0.015018765,0.034568704
ENSG00000132359,33.50373017,0.873205081,0.369266668,0.011130268,0.026690567
ENSG00000132383,29.42110065,-2.552335055,0.424678258,3.09E-10,2.54E-09
ENSG00000132394,10.07526788,-1.655390417,0.77058248,0.007167896,0.018215362
ENSG00000132405,45.33482542,-2.099846063,0.348398133,3.40E-10,2.77E-09
ENSG00000132424,151.7828284,1.775047794,0.189462108,2.06E-21,3.59E-20
ENSG00000132432,60.33864624,-1.40729552,0.299734889,9.82E-07,5.40E-06
ENSG00000132436,5.52498508,-1.717248406,0.980320578,0.015494674,0.035497354
ENSG00000132463,40.48960193,-0.876383566,0.350535968,0.007574966,0.019082378
ENSG00000132466,90.90030722,0.781745868,0.216225649,0.000213967,0.00079483
ENSG00000132467,184.3708505,0.591574557,0.169501829,0.000399583,0.001401638
ENSG00000132470,117.4026925,-0.856153489,0.192372752,5.68E-06,2.79E-05
ENSG00000132471,129.69718,1.419534552,0.193601577,8.68E-14,9.52E-13
ENSG00000132475,433.2070321,1.045490464,0.102400431,9.32E-25,1.91E-23
ENSG00000132507,470.8661478,-0.819503808,0.108186046,2.46E-14,2.79E-13
ENSG00000132510,345.7214107,4.599831459,0.200031839,1.35E-117,1.74E-115
ENSG00000132535,6.039994273,2.153396426,1.121523346,0.009475551,0.023141505
ENSG00000132541,10.22050789,-2.275515478,0.805839641,0.000645885,0.002160409
ENSG00000132549,23.34145656,1.228233029,0.44493424,0.002440516,0.007091846
ENSG00000132589,28.36197255,-0.930114678,0.402822233,0.011807325,0.028133958
ENSG00000132612,45.62526628,-1.129914319,0.314131602,0.000156067,0.00059832
ENSG00000132646,59.03929805,-2.609419854,0.297176874,2.64E-19,4.07E-18
ENSG00000132664,14.9050652,-1.248951852,0.590787116,0.012729571,0.030079013
ENSG00000132669,5.453621623,-2.450798772,1.012967159,0.002122923,0.006261953
ENSG00000132670,39.43244595,-0.784191501,0.327560001,0.011230309,0.026882934
ENSG00000132676,56.00748369,-0.729337331,0.269369622,0.004908007,0.013073574
ENSG00000132680,181.7009967,2.366027223,0.181653697,1.92E-39,6.89E-38
ENSG00000132698,170.2849054,-3.049374346,0.191595869,7.31E-58,3.83E-56
ENSG00000132716,176.1719008,2.236100085,0.185397745,3.57E-34,1.08E-32
ENSG00000132740,31.56320039,1.372273389,0.396272062,0.000203029,0.0007575
ENSG00000132746,96.40283967,-3.02675578,0.259095871,2.20E-32,6.14E-31
ENSG00000132780,27.38024798,0.823160936,0.374975257,0.01811995,0.040571653
ENSG00000132793,46.16650867,-0.859985963,0.320693665,0.004640812,0.012458094
ENSG00000132819,29.63172966,2.38209588,0.522716559,9.09E-07,5.02E-06
ENSG00000132823,179.4825619,2.572773684,0.193861234,6.10E-41,2.27E-39
ENSG00000132842,24.31192638,-1.169404006,0.407520488,0.001809887,0.005432662
ENSG00000132849,44.64088314,0.738930338,0.308814147,0.011889573,0.028301992
ENSG00000132906,9.681273068,2.335315243,0.830909909,0.00088464,0.002868245
ENSG00000132950,46.79132642,1.50469791,0.339449437,3.17E-06,1.62E-05
ENSG00000132952,38.88787629,1.706456625,0.362079386,7.02E-07,3.93E-06
ENSG00000132963,231.580278,-0.370609446,0.164355266,0.022146545,0.048295478
ENSG00000133026,20.86827926,-1.064358488,0.442077397,0.007830013,0.019666712
ENSG00000133027,10.96506039,-2.185515724,0.762979193,0.000633933,0.002123868
ENSG00000133030,46.49634827,0.986509851,0.303605216,0.000659791,0.002203868
ENSG00000133048,4.678096724,-2.524148137,1.340611936,0.008929359,0.022004274
ENSG00000133056,8.209857461,-1.871432475,0.75311616,0.002587608,0.007462372
ENSG00000133065,88.24698348,2.659687679,0.274464034,6.34E-23,1.20E-21
ENSG00000133101,19.00967311,3.069658734,1.104376457,0.001450365,0.004460463
ENSG00000133103,9.67011779,-1.283261434,0.67637175,0.019849547,0.04392137
ENSG00000133104,47.32383351,0.784372821,0.313786592,0.008661416,0.021427868
ENSG00000133112,1273.060424,-0.640001738,0.06563209,1.42E-22,2.65E-21
ENSG00000133131,45.51784163,1.173489462,0.311506769,7.77E-05,0.000315695
ENSG00000133134,34.34951252,0.989230729,0.378739427,0.004932449,0.013121783
ENSG00000133135,16.37434584,-2.455014699,0.590675248,5.55E-06,2.74E-05
ENSG00000133142,114.5694042,-1.321763642,0.209303221,1.11E-10,9.52E-10
ENSG00000133193,45.5438585,-0.776103129,0.314045934,0.009181598,0.022522368
ENSG00000133195,5.079368404,-2.685857759,1.123742579,0.0020463,0.006066836
ENSG00000133226,84.96781972,2.16729385,0.267979369,1.32E-16,1.73E-15
ENSG00000133265,43.80569935,-1.277762057,0.331066909,4.65E-05,0.000198252
ENSG00000133275,41.94308683,-0.874217375,0.325171261,0.004495189,0.012114337
ENSG00000133315,4.692653013,-2.96070771,1.376916204,0.004182368,0.011375035
ENSG00000133316,100.0330155,2.265149396,0.265744037,3.40E-18,4.95E-17
ENSG00000133318,60.24329629,-0.780142829,0.272348598,0.002854998,0.008137868
ENSG00000133398,257.4675873,2.280214615,0.161092045,4.00E-46,1.64E-44
ENSG00000133466,10.50646741,-1.671292916,0.653153385,0.002521738,0.007291008
ENSG00000133641,21.30484317,-1.190793892,0.448827846,0.00340425,0.009508786
ENSG00000133657,103.3908291,2.295006506,0.255405383,5.50E-20,8.74E-19
ENSG00000133678,33.97982428,-2.26511657,0.390207257,1.16E-09,9.05E-09
ENSG00000133704,15.62405417,-1.439567587,0.520524078,0.001838136,0.005502627
ENSG00000133706,57.79452014,-0.967556912,0.264775259,0.000147969,0.000570295
ENSG00000133710,245.349061,-1.850659244,0.159182978,7.54E-32,2.07E-30
ENSG00000133773,47.64772749,1.113330188,0.317849789,0.000228236,0.000842217
ENSG00000133794,63.42978115,2.242899787,0.32306153,8.23E-13,8.46E-12
ENSG00000133818,74.18849361,1.221919784,0.269771714,2.69E-06,1.39E-05
ENSG00000133835,19.56461445,-3.032660731,0.555491167,6.83E-09,4.91E-08
ENSG00000133858,123.440472,1.98959562,0.218919909,2.54E-20,4.11E-19
ENSG00000133872,236.4055694,0.591256466,0.140665124,2.21E-05,9.95E-05
ENSG00000133884,31.99231023,1.132296962,0.367089456,0.000977364,0.003129639
ENSG00000133935,50.13290203,-3.205096764,0.403795761,2.72E-16,3.49E-15
ENSG00000133961,121.2770651,1.555412445,0.206302768,1.60E-14,1.83E-13
ENSG00000133983,56.91191874,-1.49933373,0.400663857,5.67E-05,0.000237641
ENSG00000134001,134.3012497,0.467694397,0.177463313,0.007403171,0.018717988
ENSG00000134049,23.18807628,-0.896401825,0.411728326,0.017089497,0.03867103
ENSG00000134057,34.18514603,-0.736550488,0.336409179,0.0197142,0.043681961
ENSG00000134058,196.7524924,1.339021433,0.163716642,1.20E-16,1.56E-15
ENSG00000134086,48.92526638,0.776742407,0.317025165,0.009802418,0.023867329
ENSG00000134186,107.0577258,1.934360977,0.23233991,2.16E-17,2.99E-16
ENSG00000134202,15.48381586,-1.746824652,0.574321282,0.000576086,0.001946271
ENSG00000134215,6.449330097,-1.829521661,0.870933653,0.006453976,0.016605111
ENSG00000134243,15.82870123,-1.468209195,0.528817351,0.00171067,0.005174536
ENSG00000134247,57.53235709,-2.47574817,0.295934627,1.06E-17,1.49E-16
ENSG00000134259,19.03778174,1.869373534,0.57635449,0.000255069,0.000932912
ENSG00000134262,18.6334618,1.824643721,0.530884573,0.000144777,0.000559629
ENSG00000134278,46.60449963,0.679998304,0.311926232,0.021876876,0.04777936
ENSG00000134283,30.51258643,1.015845873,0.372403632,0.003432091,0.009571781
ENSG00000134285,17.9364823,1.894486159,0.563233077,0.00017937,0.000677255
ENSG00000134287,148.2308615,-1.073839219,0.17503245,4.70E-10,3.78E-09
ENSG00000134308,343.842481,-1.298073349,0.121906285,7.43E-27,1.65E-25
ENSG00000134313,34.6269747,0.896122143,0.348083466,0.006127161,0.01586008
ENSG00000134318,35.91676561,1.248915217,0.373790965,0.000371352,0.001313109
ENSG00000134324,41.18070499,1.81167847,0.380031878,5.06E-07,2.89E-06
ENSG00000134330,11.61620519,-1.371058832,0.668843416,0.013114093,0.030836645
ENSG00000134333,417.3701984,-3.157621345,0.130571772,7.95E-130,1.22E-127
ENSG00000134352,91.49455026,2.46616828,0.260999229,6.95E-22,1.24E-20
ENSG00000134419,124.626115,-1.223072977,0.186149246,2.29E-11,2.10E-10
ENSG00000134440,153.3117817,-1.385402403,0.182804617,1.36E-14,1.56E-13
ENSG00000134480,12.71784879,-1.686661358,0.650237837,0.002334358,0.006814821
ENSG00000134590,107.0128193,-2.077905687,0.218940103,4.91E-22,8.90E-21
ENSG00000134644,274.0865538,2.493508747,0.1524981,8.08E-61,4.46E-59
ENSG00000134684,104.735449,1.210442884,0.220812501,1.97E-08,1.33E-07
ENSG00000134716,3.435245348,-2.163270327,1.464353546,0.01465862,0.033842289
ENSG00000134748,54.82309632,1.335937939,0.31583452,9.28E-06,4.41E-05
ENSG00000134757,380.1188097,-3.320769177,0.141355164,6.37E-123,9.04E-121
ENSG00000134758,23.46996942,1.152832972,0.467770771,0.006158076,0.015920182
ENSG00000134760,359.5611804,-4.432394382,0.192585985,3.29E-118,4.34E-116
ENSG00000134762,152.2795688,-2.736047449,0.194071349,5.86E-46,2.39E-44
ENSG00000134765,328.1413342,-4.509460779,0.189603668,5.19E-126,7.59E-124
ENSG00000134779,14.0586731,-2.29034688,0.60170998,2.47E-05,0.000110105
ENSG00000134815,114.7709451,3.688472718,0.293640593,6.71E-37,2.22E-35
ENSG00000134824,11.92479908,-2.284577939,0.681362555,0.000138838,0.00053912
ENSG00000134825,26.44625342,-1.92721866,0.441564799,2.81E-06,1.44E-05
ENSG00000134851,29.00907454,-1.077317922,0.399507523,0.003414897,0.009534846
ENSG00000134882,32.53337498,-2.380825296,0.400454358,5.10E-10,4.09E-09
ENSG00000134884,262.3114392,1.930092268,0.155519265,6.35E-36,2.03E-34
ENSG00000134899,24.09916965,-1.106673504,0.442328679,0.005735403,0.014961022
ENSG00000134910,55.39746017,-0.750190547,0.273649106,0.004355367,0.011783579
ENSG00000134954,80.9767408,2.281552377,0.275172892,2.41E-17,3.32E-16
ENSG00000134955,22.55956758,-1.132813524,0.445294505,0.005001389,0.01328322
ENSG00000134996,93.75123155,-1.922647297,0.273071595,4.42E-13,4.63E-12
ENSG00000135018,290.3654191,1.652090776,0.138343399,2.34E-33,6.80E-32
ENSG00000135047,171.2947906,-1.727317356,0.184665916,2.38E-21,4.14E-20
ENSG00000135048,88.05506974,2.503977896,0.289253294,1.01E-18,1.51E-17
ENSG00000135052,29.26030813,0.882832574,0.375999909,0.011502492,0.027457317
ENSG00000135069,76.80297105,-1.620827402,0.278255131,1.75E-09,1.34E-08
ENSG00000135097,6.556890497,4.060379581,2.322790929,0.001210163,0.003791252
ENSG00000135164,56.86702526,1.165776231,0.308121958,7.38E-05,0.000301533
ENSG00000135218,2.374967146,-2.293584894,2.168875446,0.015890439,0.036275193
ENSG00000135245,10.06072436,-1.754800277,0.925998138,0.010978406,0.026397761
ENSG00000135253,3.105009511,2.304401666,2.437141833,0.017438669,0.039362732
ENSG00000135269,139.0353959,0.833249167,0.186713004,5.59E-06,2.75E-05
ENSG00000135317,15.01256769,-1.624091926,0.56614544,0.001117062,0.0035295
ENSG00000135334,198.664849,1.687274286,0.171437608,2.22E-23,4.27E-22
ENSG00000135336,10.27204006,-2.670347908,0.777572065,8.22E-05,0.000332213
ENSG00000135338,8.470529901,1.554015591,0.821266589,0.014726546,0.033971705
ENSG00000135341,66.28669605,0.766691768,0.254103072,0.001803738,0.005417573
ENSG00000135365,28.15315723,1.760721372,0.440478325,1.73E-05,7.91E-05
ENSG00000135373,133.7802381,0.97125787,0.189242919,1.72E-07,1.04E-06
ENSG00000135378,28.29641252,-1.723169507,0.393448265,3.14E-06,1.61E-05
ENSG00000135387,78.76690434,-1.129142161,0.230188306,4.65E-07,2.67E-06
ENSG00000135390,68.38818346,-1.870915677,0.26963319,9.59E-13,9.79E-12
ENSG00000135392,33.78496648,0.985179816,0.354773306,0.003067504,0.008656686
ENSG00000135404,409.3786959,0.254313151,0.11036787,0.020445441,0.04506088
ENSG00000135406,1.850008762,3.070439703,3.316608457,0.010983234,0.026402031
ENSG00000135407,8.253999877,3.843196035,1.031215507,3.79E-05,0.000163515
ENSG00000135409,3.581835062,4.944172958,2.678185878,0.00085297,0.00277613
ENSG00000135424,10.81504208,4.731985155,1.101604901,7.44E-06,3.60E-05
ENSG00000135437,18.35708026,4.406872016,0.914186807,5.63E-07,3.20E-06
ENSG00000135446,46.523626,-1.107873861,0.314902471,0.000214387,0.000795982
ENSG00000135452,21.4921346,-1.152982897,0.45184104,0.004774103,0.012747375
ENSG00000135473,31.82712862,1.452974954,0.371262869,3.15E-05,0.0001378
ENSG00000135476,18.18644678,3.017131507,0.624271444,2.35E-07,1.40E-06
ENSG00000135519,1.72752266,2.255560284,3.492562189,0.017813358,0.040046178
ENSG00000135541,11.68071843,2.280572148,0.679911556,0.000141925,0.000550367
ENSG00000135587,14.61751924,-2.198441244,0.651303149,0.000126928,0.0004966
ENSG00000135596,92.96516159,2.428168371,0.265948471,1.38E-20,2.28E-19
ENSG00000135604,25.6834972,2.588522241,0.492729813,2.58E-08,1.72E-07
ENSG00000135617,16.55568924,-1.749280654,0.570059069,0.000523853,0.001787744
ENSG00000135624,234.6931279,-0.952344524,0.135375786,1.19E-12,1.21E-11
ENSG00000135625,17.77335528,8.397304796,2.558777199,6.02E-10,4.80E-09
ENSG00000135655,39.93372126,1.137618179,0.331642135,0.000293507,0.001060905
ENSG00000135686,42.48056055,1.332451741,0.324148926,1.58E-05,7.26E-05
ENSG00000135698,43.22377337,-1.36273032,0.328631023,1.27E-05,5.95E-05
ENSG00000135709,22.60246087,1.12469988,0.440124129,0.004936111,0.013129114
ENSG00000135720,147.0775143,0.746760079,0.178691287,2.15E-05,9.70E-05
ENSG00000135736,5.395023369,1.733599421,1.07844608,0.020751617,0.045659233
ENSG00000135740,6.920053914,6.076565161,2.492962211,2.15E-05,9.70E-05
ENSG00000135750,89.02566016,0.578485968,0.22123034,0.007350062,0.018603199
ENSG00000135766,22.93853337,-1.037134484,0.455155875,0.011420416,0.027292892
ENSG00000135821,72.95011388,1.427959997,0.254553357,7.57E-09,5.39E-08
ENSG00000135823,36.7326106,-0.804902573,0.332561662,0.010186483,0.024719336
ENSG00000135828,4.836360816,-2.220002136,1.179885506,0.009192745,0.022545892
ENSG00000135829,236.2047004,1.966323705,0.15793877,3.47E-36,1.12E-34
ENSG00000135837,31.92520839,0.855524717,0.356376678,0.010306438,0.024956057
ENSG00000135845,11.32682588,-1.325783444,0.632775615,0.012260986,0.029085695
ENSG00000135862,101.266591,1.374000539,0.217918935,1.14E-10,9.78E-10
ENSG00000135870,39.43524916,2.188337335,0.392295208,5.23E-09,3.81E-08
ENSG00000135899,5.601390201,-1.837097987,0.971940716,0.010640652,0.025675161
ENSG00000135919,101.043081,1.994180528,0.260388179,4.81E-15,5.73E-14
ENSG00000135924,140.857486,1.660982475,0.187853806,2.97E-19,4.56E-18
ENSG00000135926,222.2153276,-2.200113693,0.15297817,1.36E-47,5.82E-46
ENSG00000135930,33.18132234,-0.78896771,0.338003054,0.01313822,0.030878336
ENSG00000135940,118.2469052,-2.331803418,0.230895704,9.88E-25,2.02E-23
ENSG00000135945,29.39365629,1.200968229,0.382280093,0.000750505,0.002479161
ENSG00000135956,26.77638137,-1.025236326,0.398055117,0.005124022,0.013556703
ENSG00000135972,46.40245266,-0.683189796,0.312435053,0.021047312,0.046189295
ENSG00000135999,35.63244026,1.924253735,0.382955269,1.23E-07,7.60E-07
ENSG00000136002,34.25933516,-1.737463411,0.376231553,1.04E-06,5.72E-06
ENSG00000136003,102.8662102,1.694162195,0.219425795,3.44E-15,4.13E-14
ENSG00000136021,72.32560793,0.788066246,0.245852898,0.000936815,0.003015802
ENSG00000136026,104.6259884,-2.138294811,0.240569724,1.27E-19,1.99E-18
ENSG00000136045,52.07711246,-1.665644954,0.320705573,5.97E-08,3.85E-07
ENSG00000136051,39.28729653,-0.869105001,0.336572532,0.006188887,0.01599127
ENSG00000136052,20.40177173,4.076289575,0.748252951,1.50E-08,1.04E-07
ENSG00000136068,126.7568986,-0.9895947,0.184334556,4.81E-08,3.14E-07
ENSG00000136108,22.23982033,-1.879456106,0.450829606,7.09E-06,3.43E-05
ENSG00000136111,8.207711405,-1.657354793,0.737569824,0.005776605,0.015056735
ENSG00000136141,19.72023251,0.970920578,0.456251072,0.017992581,0.040342611
ENSG00000136143,14.47230029,-1.117292123,0.529647153,0.015385248,0.035288832
ENSG00000136155,96.72190765,-2.257864619,0.233941439,8.92E-23,1.68E-21
ENSG00000136156,61.99233789,-2.525859247,0.286496435,1.92E-19,2.97E-18
ENSG00000136159,26.22191886,-1.970305323,0.496683134,1.49E-05,6.85E-05
ENSG00000136193,55.05689385,-0.905806266,0.294699953,0.001300201,0.004049669
ENSG00000136197,10.07425332,-1.691249774,0.704070124,0.003884812,0.010674019
ENSG00000136235,270.5397689,-2.801163799,0.147118339,1.27E-81,1.00E-79
ENSG00000136238,181.6505457,-0.890326498,0.168127127,7.54E-08,4.79E-07
ENSG00000136240,83.67094228,-1.19625438,0.235510386,1.77E-07,1.07E-06
ENSG00000136244,2.204272508,3.609835052,3.083490107,0.006909538,0.017664215
ENSG00000136247,13.46785238,-1.445933785,0.607362619,0.005245149,0.013836721
ENSG00000136261,20.25019519,-1.465200495,0.476286126,0.000666774,0.002226167
ENSG00000136271,51.82977723,-0.76237135,0.289145692,0.00592163,0.015407943
ENSG00000136273,48.83151699,0.921080158,0.319124124,0.002397094,0.006981077
ENSG00000136279,23.25392075,-0.922377866,0.427239303,0.017543245,0.039537149
ENSG00000136295,56.68470591,0.819166077,0.301362241,0.004360217,0.011790091
ENSG00000136367,8.911202622,3.479662536,1.011582425,0.000117275,0.000461702
ENSG00000136379,15.31286051,-2.813379453,0.6655405,3.30E-06,1.68E-05
ENSG00000136425,8.63910892,-2.643623174,0.860946322,0.000293723,0.001061419
ENSG00000136448,88.79035869,0.576724053,0.213429026,0.005684458,0.014844174
ENSG00000136450,287.0834556,1.588607532,0.143111214,4.10E-29,1.01E-27
ENSG00000136451,132.9885855,4.503995803,0.310721694,4.41E-48,1.90E-46
ENSG00000136478,20.06098377,-1.426913016,0.454931909,0.000571252,0.001932682
ENSG00000136485,62.89492038,0.844039575,0.270686828,0.00119589,0.003749708
ENSG00000136518,32.7965058,-1.534072205,0.393966613,3.10E-05,0.00013564
ENSG00000136521,16.00539212,-1.328723328,0.509430302,0.00326869,0.009158403
ENSG00000136522,161.4741144,1.087003305,0.182798697,1.47E-09,1.13E-08
ENSG00000136527,96.38822641,2.145952968,0.245164962,4.78E-19,7.25E-18
ENSG00000136536,142.7348275,0.497598984,0.180499307,0.005155704,0.013628074
ENSG00000136603,145.165473,3.861678482,0.262476159,1.23E-49,5.57E-48
ENSG00000136628,115.9645929,-1.139780594,0.199137591,5.15E-09,3.76E-08
ENSG00000136643,38.59866812,0.870598593,0.332247024,0.005486706,0.014408325
ENSG00000136688,48.4076572,-0.805724166,0.315145513,0.006983517,0.01782816
ENSG00000136689,147.886284,-2.552429419,0.206221609,5.45E-36,1.75E-34
ENSG00000136695,41.50095986,-2.631587742,0.387010391,1.51E-12,1.51E-11
ENSG00000136709,34.51803997,0.940801742,0.350721204,0.00424984,0.011536872
ENSG00000136710,10.72974936,-1.711908684,0.660904264,0.002189923,0.00644252
ENSG00000136770,21.21668263,-1.283321537,0.471217475,0.002460867,0.007140953
ENSG00000136783,23.29114597,-2.057327777,0.463211265,1.82E-06,9.66E-06
ENSG00000136802,99.10702694,-1.120813865,0.215253712,9.75E-08,6.10E-07
ENSG00000136810,830.7697168,-1.723988149,0.08088887,1.90E-101,1.99E-99
ENSG00000136813,88.76633971,0.736230468,0.219231765,0.000580172,0.001957793
ENSG00000136816,22.14594745,-1.468935541,0.450411393,0.000360146,0.001278165
ENSG00000136819,25.4293719,-1.193270478,0.451064669,0.003430217,0.009568395
ENSG00000136824,8.814657332,-1.589976745,0.714176434,0.006505943,0.016726927
ENSG00000136826,180.3552995,-1.094420691,0.166839861,2.78E-11,2.53E-10
ENSG00000136827,39.20287739,-0.900896275,0.360448513,0.007450764,0.018812043
ENSG00000136830,155.1373103,-1.744137823,0.183683536,6.09E-22,1.09E-20
ENSG00000136848,16.77213692,-1.49988704,0.512632667,0.001057162,0.003362852
ENSG00000136861,16.0699157,-1.21018924,0.504819019,0.006805503,0.017413621
ENSG00000136866,2.650506224,2.220562916,1.820062476,0.017163579,0.038808342
ENSG00000136867,99.31614687,-1.212939449,0.216448844,9.60E-09,6.77E-08
ENSG00000136870,40.87437143,1.247985551,0.371486721,0.000337108,0.001204373
ENSG00000136874,12.64501561,-2.063777918,0.643711088,0.000265026,0.0009664
ENSG00000136888,282.7283829,-0.849779181,0.132426933,9.51E-11,8.27E-10
ENSG00000136891,45.85219848,0.965539517,0.309919436,0.001064443,0.003382298
ENSG00000136897,46.52761182,0.712575283,0.304318307,0.014211099,0.03299819
ENSG00000136936,12.26342206,-1.578868936,0.695418719,0.005997997,0.015561456
ENSG00000136937,33.27039155,-0.792836098,0.35689689,0.017330385,0.039148826
ENSG00000136938,131.7572794,-0.885464063,0.215000214,2.41E-05,0.000107409
ENSG00000136940,12.77019849,-1.300077279,0.582615162,0.00915683,0.022469224
ENSG00000136942,643.2528528,-1.695336068,0.094267445,6.83E-73,4.73E-71
ENSG00000136943,38.54255139,-1.074545442,0.382316659,0.002438835,0.007088384
ENSG00000136950,148.0122938,0.960754795,0.178901633,4.69E-08,3.07E-07
ENSG00000136997,69.15209455,-1.654508344,0.272946756,3.87E-10,3.14E-09
ENSG00000137033,7.121927379,-4.404989927,1.296468795,0.000113784,0.000449424
ENSG00000137038,27.4860437,-2.34452333,0.440568766,1.80E-08,1.23E-07
ENSG00000137054,20.60119522,-1.56576109,0.512329745,0.000646371,0.002161536
ENSG00000137073,40.0488418,0.834860437,0.334809402,0.008203236,0.020459134
ENSG00000137075,24.13360202,1.19963139,0.461743827,0.004068375,0.011104632
ENSG00000137076,118.5876793,1.600201633,0.202017021,7.79E-16,9.76E-15
ENSG00000137094,85.20902601,3.025455843,0.295569644,2.58E-25,5.43E-24
ENSG00000137106,15.91179676,-2.226966718,0.581465758,2.36E-05,0.00010539
ENSG00000137133,5.062869965,-2.146013943,1.084298441,0.006683267,0.017140225
ENSG00000137154,975.2592824,-1.735780566,0.081468474,2.87E-101,2.97E-99
ENSG00000137168,52.4671063,-1.990685946,0.316343663,6.96E-11,6.11E-10
ENSG00000137171,30.71592542,2.895086625,0.486976224,4.89E-10,3.93E-09
ENSG00000137177,30.89253237,-1.143922075,0.361388143,0.000719893,0.002387006
ENSG00000137185,36.40210889,2.573376475,0.424250315,2.41E-10,2.02E-09
ENSG00000137193,148.9302122,-1.564797855,0.199779803,1.55E-15,1.90E-14
ENSG00000137203,40.60568996,-1.188163849,0.32771108,0.000130668,0.000509717
ENSG00000137210,15.04752328,-1.627862699,0.560528253,0.000985457,0.00315416
ENSG00000137216,76.05053839,0.553448589,0.241519814,0.01829628,0.040922172
ENSG00000137221,85.08759527,4.985120273,0.459594726,1.27E-27,2.91E-26
ENSG00000137266,29.28702873,-1.56408257,0.39069989,1.92E-05,8.68E-05
ENSG00000137267,174.1568125,-0.589034698,0.177368132,0.000721758,0.002392642
ENSG00000137288,15.2533737,-1.340794288,0.521839869,0.003645241,0.01009044
ENSG00000137309,415.476256,0.266423568,0.108686566,0.013749915,0.032055831
ENSG00000137331,822.8645859,2.133167474,0.114469038,3.89E-78,2.92E-76
ENSG00000137337,18.50599024,1.24746667,0.486470635,0.004301779,0.011651656
ENSG00000137343,33.15076173,2.812141547,0.470130334,3.90E-10,3.16E-09
ENSG00000137393,14.6276344,-2.481875972,0.599141406,5.26E-06,2.60E-05
ENSG00000137409,547.2915043,2.671094847,0.114861117,2.08E-120,2.89E-118
ENSG00000137411,60.08881969,3.183382772,0.354036932,4.41E-20,7.02E-19
ENSG00000137434,4.718691009,-2.367702762,1.392182953,0.012498859,0.029582131
ENSG00000137440,804.7667148,-3.465106533,0.096835452,4.78E-281,1.98E-278
ENSG00000137449,66.64938691,0.904062492,0.252267531,0.000211107,0.000785414
ENSG00000137460,15.55735411,-1.179891496,0.502933422,0.008020111,0.020059328
ENSG00000137474,14.77878936,4.398740639,0.927520327,7.60E-07,4.24E-06
ENSG00000137496,26.61754707,3.998998162,0.650642016,2.09E-10,1.75E-09
ENSG00000137504,71.63604726,1.644477331,0.268512029,2.93E-10,2.42E-09
ENSG00000137509,5.128006635,-2.243013481,1.042705513,0.004444574,0.011993558
ENSG00000137522,38.03738443,1.480414291,0.372902326,2.43E-05,0.000108251
ENSG00000137547,55.27591944,-1.782738603,0.342661803,4.83E-08,3.15E-07
ENSG00000137563,24.24288378,-3.531028908,0.543468331,1.16E-11,1.09E-10
ENSG00000137571,8.527153255,6.581883751,2.476443655,2.43E-06,1.26E-05
ENSG00000137575,111.9290761,1.293269377,0.204418154,1.09E-10,9.36E-10
ENSG00000137648,4.583029857,-2.647308487,1.235419885,0.004006618,0.010952582
ENSG00000137656,39.32014935,0.895805497,0.350692722,0.006529749,0.016773247
ENSG00000137699,225.1489785,-3.456810531,0.176373609,2.03E-86,1.71E-84
ENSG00000137709,6.080315984,-2.321044495,0.975991259,0.002654457,0.007629324
ENSG00000137720,5.827570934,-1.666857576,0.888931723,0.012723233,0.030068943
ENSG00000137747,23.10972096,-1.199233766,0.440804056,0.00277028,0.007932079
ENSG00000137752,18.03284588,-3.447057079,0.631233909,6.25E-09,4.51E-08
ENSG00000137767,64.05412294,-2.393430894,0.289072185,2.19E-17,3.03E-16
ENSG00000137770,18.66079802,1.875266277,0.55139881,0.000158609,0.000607258
ENSG00000137806,48.33755217,-1.515898453,0.325024751,1.02E-06,5.61E-06
ENSG00000137814,34.97535037,1.083649874,0.348831935,0.000956129,0.003069109
ENSG00000137817,42.23454805,1.096350227,0.341446581,0.000673468,0.002244892
ENSG00000137818,528.2751844,-2.250296539,0.13032095,1.32E-67,8.40E-66
ENSG00000137819,3.277681399,-2.133383734,1.661750405,0.018738335,0.041762519
ENSG00000137843,9.262301343,-1.741840483,0.721828797,0.003611056,0.010014957
ENSG00000137857,63.13293655,-1.780377548,0.273589902,2.07E-11,1.91E-10
ENSG00000137942,101.314243,2.624202083,0.282641431,3.28E-21,5.62E-20
ENSG00000137944,37.6177899,-1.293281136,0.381106047,0.000274021,0.000996188
ENSG00000137947,120.3921194,1.544187571,0.210384143,7.31E-14,8.07E-13
ENSG00000137975,169.9935643,-4.080175687,0.225862179,8.46E-74,5.89E-72
ENSG00000137992,6.064674968,-1.448139185,0.838287024,0.021916921,0.047852385
ENSG00000138018,34.13555829,-1.313082483,0.349027233,6.75E-05,0.000278598
ENSG00000138029,85.5704494,-0.742095166,0.216722784,0.000442728,0.001537338
ENSG00000138036,4.787717451,-3.3796631,1.373106689,0.001817555,0.00545116
ENSG00000138050,33.44780341,1.99362698,0.422432228,5.31E-07,3.03E-06
ENSG00000138061,10.39743277,1.721264276,0.714695174,0.003723727,0.010274308
ENSG00000138071,249.2807927,-1.133732242,0.145567201,3.43E-15,4.12E-14
ENSG00000138073,25.36648048,-2.255294748,0.459196619,1.65E-07,1.00E-06
ENSG00000138081,80.78974332,1.825731096,0.259669819,5.61E-13,5.83E-12
ENSG00000138085,46.25091034,-2.782745285,0.35352914,5.60E-16,7.05E-15
ENSG00000138107,94.9666827,-1.565669003,0.217200652,1.90E-13,2.04E-12
ENSG00000138119,89.7112286,-1.894690441,0.240705057,8.64E-16,1.08E-14
ENSG00000138152,6.690588664,-1.936190091,1.055053144,0.009489605,0.023168013
ENSG00000138166,179.0330858,1.458700697,0.190303526,6.74E-15,7.95E-14
ENSG00000138271,281.0175798,1.035573665,0.140716851,1.06E-13,1.15E-12
ENSG00000138279,152.2325259,-1.486774609,0.174715796,6.09E-18,8.70E-17
ENSG00000138326,157.3698938,-2.420134841,0.183919008,2.70E-40,9.88E-39
ENSG00000138347,7.081502597,2.214529469,1.07261309,0.007234989,0.018360084
ENSG00000138356,38.42496026,2.931718085,0.430948794,1.91E-12,1.90E-11
ENSG00000138363,41.65251427,-2.048669181,0.369261818,6.24E-09,4.51E-08
ENSG00000138382,40.79090222,-2.032963436,0.431722751,5.14E-07,2.93E-06
ENSG00000138385,86.39557037,-0.820599453,0.2442571,0.000528995,0.001802741
ENSG00000138386,58.85858551,1.204217991,0.285903246,1.17E-05,5.50E-05
ENSG00000138413,24.81444851,-3.085289126,0.491801595,5.16E-11,4.59E-10
ENSG00000138430,45.67226316,-0.873461117,0.33039576,0.00508661,0.013470028
ENSG00000138434,140.0299396,0.647380808,0.172803315,0.000142811,0.000553213
ENSG00000138442,8.668960954,-1.303874595,0.69203217,0.019847664,0.04392137
ENSG00000138448,119.985791,1.931109633,0.207372717,3.12E-21,5.35E-20
ENSG00000138463,14.25936065,-1.587004018,0.55965438,0.001273287,0.003972677
ENSG00000138593,41.61177249,0.979806414,0.325009289,0.001462667,0.004492877
ENSG00000138604,4.849245197,-2.050257037,1.102856942,0.009923232,0.024124983
ENSG00000138621,5.830669239,-2.446930644,1.098257281,0.003520176,0.009796685
ENSG00000138623,23.68200909,1.55136051,0.498905925,0.000575336,0.001944647
ENSG00000138629,39.26411954,-1.755350533,0.354714098,1.96E-07,1.18E-06
ENSG00000138641,40.26627952,-1.218224715,0.340534065,0.00015338,0.000588797
ENSG00000138668,117.2160152,1.356696699,0.201893868,7.48E-12,7.13E-11
ENSG00000138674,68.50705389,-0.878290274,0.245788942,0.000222114,0.000822351
ENSG00000138678,46.57796721,4.263332643,0.638724985,1.18E-11,1.11E-10
ENSG00000138685,4.566482485,2.895845827,1.322537299,0.004265903,0.011571802
ENSG00000138698,28.78173698,-1.454073942,0.400675075,9.62E-05,0.000384852
ENSG00000138744,5.531017725,-2.561368337,1.079999111,0.002399653,0.006987127
ENSG00000138758,16.94799156,-1.440631463,0.519316758,0.00179151,0.005385315
ENSG00000138760,14.57679077,-1.441682248,0.552356016,0.002888918,0.008216761
ENSG00000138764,30.46763895,0.824324656,0.368228098,0.016267809,0.037019939
ENSG00000138768,75.84404376,-1.576231597,0.273930251,2.73E-09,2.05E-08
ENSG00000138772,152.9419233,-0.669877141,0.167854004,5.05E-05,0.000213921
ENSG00000138777,23.45148966,-2.296471097,0.472968339,2.09E-07,1.25E-06
ENSG00000138780,6.898681353,-1.626391596,0.874325323,0.013540592,0.031659151
ENSG00000138801,38.10386192,-2.468780637,0.397973529,8.89E-11,7.76E-10
ENSG00000138834,118.316509,2.800669116,0.270740788,8.38E-26,1.78E-24
ENSG00000138942,107.9507329,1.475190939,0.210866534,9.61E-13,9.80E-12
ENSG00000139044,40.26939907,-0.852721581,0.320944754,0.005014485,0.013311421
ENSG00000139112,124.9609799,3.59780936,0.284994309,2.97E-37,9.94E-36
ENSG00000139146,39.44144379,0.784617343,0.334908699,0.013054912,0.030712448
ENSG00000139154,37.88614422,1.448533712,0.360625637,2.10E-05,9.47E-05
ENSG00000139163,26.79826245,1.521385478,0.439538909,0.000174968,0.000663103
ENSG00000139168,42.5447994,-1.987346236,0.371395122,1.95E-08,1.32E-07
ENSG00000139173,13.65331349,-1.967338826,0.617813826,0.000287114,0.001040132
ENSG00000139182,35.2155177,1.454387492,0.445967429,0.00038151,0.001346397
ENSG00000139190,7.9462373,2.523215422,1.03793188,0.002840289,0.008105661
ENSG00000139219,5.892521119,6.468291682,2.547668415,8.48E-06,4.06E-05
ENSG00000139263,9.910477831,-2.855366893,0.796819159,5.00E-05,0.00021194
ENSG00000139291,4.554224977,-3.144395339,1.363255316,0.002840026,0.008105661
ENSG00000139324,22.3238941,-1.351742898,0.467332225,0.001380477,0.00426575
ENSG00000139350,17.31234864,-2.056908105,0.546780536,3.48E-05,0.000151176
ENSG00000139354,17.99068412,2.466674393,0.593141863,6.04E-06,2.95E-05
ENSG00000139372,111.7012091,1.760418022,0.221654665,5.43E-16,6.85E-15
ENSG00000139405,13.16269146,-2.251603389,0.673788218,0.000144037,0.000557364
ENSG00000139428,7.101118903,-2.468371263,0.904331196,0.000935915,0.003013574
ENSG00000139433,493.5797945,-2.502759657,0.130039261,1.87E-83,1.49E-81
ENSG00000139437,8.296120695,-2.360334106,0.838497309,0.000772237,0.002541939
ENSG00000139496,128.263877,2.888462293,0.228851578,2.91E-37,9.78E-36
ENSG00000139514,180.5427866,2.232455464,0.186079829,1.55E-33,4.58E-32
ENSG00000139517,60.75879809,1.160624298,0.301586097,5.66E-05,0.000237145
ENSG00000139531,15.09710842,2.18719656,0.617686433,7.72E-05,0.000314052
ENSG00000139572,6.692084486,4.455006076,1.460542107,0.000160542,0.000613851
ENSG00000139574,15.01909681,2.660397435,0.868877534,0.000268814,0.000978734
ENSG00000139579,19.93115464,-2.106253597,0.513216609,7.59E-06,3.67E-05
ENSG00000139597,4.397700043,4.74017611,2.440535587,0.000491559,0.001687076
ENSG00000139620,96.97413199,1.744389152,0.241052931,1.36E-13,1.47E-12
ENSG00000139625,5.1693512,-2.023656071,1.073807713,0.009900547,0.024073874
ENSG00000139626,8.3917165,1.88226703,0.799377349,0.00381592,0.010504662
ENSG00000139629,26.19624046,-2.175336216,0.432976572,9.72E-08,6.09E-07
ENSG00000139641,100.1870441,0.754482298,0.213129049,0.000289953,0.00104963
ENSG00000139644,300.9330871,-0.575643096,0.120880341,1.69E-06,8.98E-06
ENSG00000139645,96.71287804,0.886834455,0.226816788,5.92E-05,0.000247274
ENSG00000139679,100.2058275,3.061882972,0.275733503,1.89E-29,4.74E-28
ENSG00000139684,61.68417388,-1.520529779,0.281237159,2.17E-08,1.46E-07
ENSG00000139697,57.95387903,1.690393425,0.293211964,2.34E-09,1.77E-08
ENSG00000139718,29.1300405,1.547755801,0.429472926,9.97E-05,0.000397483
ENSG00000139722,65.94587266,1.095502213,0.262326917,1.53E-05,7.02E-05
ENSG00000139746,28.58778267,0.835201931,0.385584306,0.019198769,0.042683582
ENSG00000139793,13.99528595,-2.268243044,0.609699845,3.52E-05,0.000152609
ENSG00000139880,11.43232943,1.730878306,0.671872061,0.002428561,0.007065616
ENSG00000139890,6.22608445,6.199565438,2.494038827,1.36E-05,6.33E-05
ENSG00000139914,2.869564177,1.967811048,3.774179875,0.01787397,0.040132592
ENSG00000139921,15.89532254,-2.525364387,0.610527903,5.65E-06,2.78E-05
ENSG00000139926,40.56949031,-0.960820496,0.313902488,0.001263084,0.003942544
ENSG00000139946,1.889452979,2.579444856,2.935750314,0.014946,0.034417634
ENSG00000139971,3.070316587,3.055255366,2.628290748,0.008683315,0.021474706
ENSG00000139988,70.55181718,-3.810639382,0.359162327,3.47E-27,7.82E-26
ENSG00000139998,10.99607629,2.94671136,0.98900731,0.000606254,0.00203679
ENSG00000140006,6.719763528,-1.629454599,0.831118778,0.01106904,0.026567527
ENSG00000140105,50.99712651,-0.847553778,0.293013373,0.002447232,0.007107083
ENSG00000140153,49.36038552,2.079344394,0.332730798,9.39E-11,8.17E-10
ENSG00000140157,50.75080559,-1.129948038,0.321079183,0.000209626,0.000780105
ENSG00000140254,88.75221079,-1.572152293,0.22806478,1.81E-12,1.81E-11
ENSG00000140259,125.1570411,0.880693324,0.201655996,8.20E-06,3.94E-05
ENSG00000140262,60.17731594,1.613389814,0.295053989,1.45E-08,1.00E-07
ENSG00000140263,10.97585322,-2.144124888,0.672502818,0.000245693,0.000900895
ENSG00000140265,32.09651697,0.985661135,0.378595281,0.005241105,0.013828571
ENSG00000140320,97.69199455,2.74413836,0.276331848,5.23E-24,1.03E-22
ENSG00000140350,25.08600401,-2.210468391,0.449798552,1.71E-07,1.04E-06
ENSG00000140374,46.78423653,-1.63620076,0.317550173,7.62E-08,4.83E-07
ENSG00000140391,16.3775112,-2.036827694,0.546286285,3.93E-05,0.000169307
ENSG00000140395,19.34281626,-1.123996874,0.459781848,0.006614472,0.016975816
ENSG00000140400,41.1187737,1.344280584,0.359272269,7.28E-05,0.00029845
ENSG00000140403,1787.094963,6.52355553,0.148650653,0,0
ENSG00000140450,761.311804,1.682963958,0.086582882,1.20E-84,9.74E-83
ENSG00000140465,27.52040939,2.756038716,0.482107987,1.72E-09,1.32E-08
ENSG00000140479,5.555052057,-1.665726813,0.907490131,0.014036907,0.032656557
ENSG00000140511,21.41914049,4.546949387,0.768961952,9.25E-10,7.27E-09
ENSG00000140521,71.64336031,0.634057678,0.258624838,0.011135651,0.026695559
ENSG00000140545,52.95542154,1.052573103,0.290519874,0.000156248,0.000598853
ENSG00000140553,39.14282628,-1.00804948,0.324263846,0.001023006,0.003259213
ENSG00000140575,173.7715057,-0.802773644,0.154408704,1.38E-07,8.48E-07
ENSG00000140577,20.06471867,1.487884482,0.492034715,0.000811062,0.002652854
ENSG00000140598,78.74007798,1.115273558,0.238086147,1.42E-06,7.65E-06
ENSG00000140612,40.46485374,-1.011228355,0.321813539,0.000909067,0.002938889
ENSG00000140632,79.2167084,0.761530469,0.231924528,0.000726449,0.002406538
ENSG00000140688,25.60997415,-1.204460848,0.407213201,0.001313656,0.004086303
ENSG00000140691,18.14453028,1.923439942,0.537270248,7.73E-05,0.000314292
ENSG00000140743,29.83859625,1.083387472,0.388865872,0.002659092,0.00764113
ENSG00000140750,25.5824003,1.01332696,0.417501565,0.008031989,0.020083439
ENSG00000140829,189.9685448,3.008945599,0.190506071,6.23E-57,3.17E-55
ENSG00000140830,30.93918177,1.874196362,0.43106823,3.36E-06,1.71E-05
ENSG00000140848,12.46226022,1.948043983,0.73236695,0.001716235,0.005185953
ENSG00000140854,10.05472017,-1.657012834,0.686863342,0.003783604,0.010423627
ENSG00000140931,35.85070256,2.326701088,0.465571818,1.19E-07,7.38E-07
ENSG00000140939,27.68022384,-1.027889468,0.424515394,0.007847233,0.019703126
ENSG00000140941,215.2684213,2.494207947,0.171195319,6.42E-49,2.83E-47
ENSG00000140945,8.578708563,-2.883629865,0.846291775,8.62E-05,0.00034719
ENSG00000140948,17.6881881,1.062713317,0.483800968,0.013652966,0.031865724
ENSG00000140950,22.78281349,-1.596355384,0.466371223,0.000177089,0.000669865
ENSG00000140961,66.81847324,3.288765173,0.401840355,6.15E-17,8.20E-16
ENSG00000140983,78.66016246,1.278629252,0.283745765,2.80E-06,1.44E-05
ENSG00000140988,664.3197679,-1.998174905,0.098705523,8.58E-92,7.72E-90
ENSG00000140990,95.07631864,-3.089967684,0.25980199,1.82E-33,5.36E-32
ENSG00000140992,27.64153609,0.842253984,0.398974378,0.021735309,0.047527228
ENSG00000140993,7.452901225,1.826953141,1.01161997,0.014238392,0.033050965
ENSG00000140995,60.07164432,0.7109988,0.269971592,0.006207219,0.016032916
ENSG00000141002,73.96146576,1.47176285,0.271590064,2.16E-08,1.46E-07
ENSG00000141034,26.32237979,-1.111877901,0.391779697,0.002162605,0.00636992
ENSG00000141068,11.47494365,1.682005018,0.659110552,0.002704176,0.007758365
ENSG00000141084,34.83447549,1.205650131,0.382597616,0.000716485,0.00237625
ENSG00000141086,8.50048787,3.224680235,1.057892782,0.000397604,0.001396542
ENSG00000141101,49.66395705,-2.28853528,0.379898706,3.06E-10,2.53E-09
ENSG00000141179,6.833323682,-1.811913082,1.01765063,0.01511936,0.034756045
ENSG00000141219,15.89829247,-1.193819493,0.526861627,0.009586894,0.02338188
ENSG00000141232,170.9974758,-0.514910519,0.160784174,0.001170353,0.003677671
ENSG00000141258,46.52921017,1.639310652,0.362009253,1.83E-06,9.72E-06
ENSG00000141279,84.06341394,0.599566192,0.219003144,0.005039534,0.013362469
ENSG00000141295,12.12656164,-1.848930414,0.764018844,0.002925258,0.008308698
ENSG00000141298,22.68835802,1.529342984,0.458544357,0.000271555,0.000987582
ENSG00000141349,6.196853163,-2.476703446,1.071434486,0.002937151,0.008335936
ENSG00000141378,17.65640055,-1.074936834,0.480242024,0.011982151,0.028508306
ENSG00000141380,49.12066059,-0.679967187,0.294258243,0.015487716,0.035490129
ENSG00000141384,26.23655344,3.068824172,0.559744559,7.62E-09,5.42E-08
ENSG00000141385,28.59965991,-1.288311101,0.417077644,0.000779905,0.002563101
ENSG00000141401,23.71817685,-3.570504579,0.570834253,5.11E-11,4.54E-10
ENSG00000141424,154.7044177,-1.773005112,0.172722336,2.81E-25,5.90E-24
ENSG00000141428,25.40165243,-0.927822445,0.438951631,0.019112167,0.042510627
ENSG00000141429,39.25307323,-2.038763629,0.358180606,2.71E-09,2.04E-08
ENSG00000141441,12.33020782,-2.069625551,0.639465246,0.00022623,0.000835785
ENSG00000141448,3.857237166,2.585095858,2.516950287,0.013173029,0.0309501
ENSG00000141449,15.93256297,3.32880734,1.069033121,0.000597203,0.002009645
ENSG00000141452,51.92134334,0.857022419,0.306987528,0.003360566,0.009399459
ENSG00000141497,7.539058597,3.560934661,1.17680595,0.000557862,0.001892652
ENSG00000141503,146.4642662,-0.591523653,0.174610636,0.000577546,0.001950295
ENSG00000141504,288.6035238,2.281542368,0.170558371,1.78E-41,6.69E-40
ENSG00000141505,6.479285847,5.802839813,2.435983602,2.91E-05,0.000128029
ENSG00000141524,31.43456765,1.411920237,0.434479394,0.000415914,0.001454342
ENSG00000141526,31.94776514,1.396145043,0.482119667,0.00138793,0.00428695
ENSG00000141543,106.0574286,1.198964972,0.206288131,2.97E-09,2.22E-08
ENSG00000141551,214.9191371,3.158697392,0.197526911,2.63E-58,1.39E-56
ENSG00000141552,24.05132238,-1.676960404,0.467507012,8.83E-05,0.000354924
ENSG00000141556,7.961747604,-1.352687577,0.714948228,0.018135019,0.040599116
ENSG00000141560,28.33928711,-0.873713498,0.385829521,0.014144266,0.032869359
ENSG00000141579,100.1913145,-3.187592309,0.286067365,9.60E-30,2.44E-28
ENSG00000141644,335.9609474,2.954343989,0.143300581,4.37E-95,4.14E-93
ENSG00000141664,28.0613705,1.980960974,0.456883692,3.38E-06,1.72E-05
ENSG00000141682,271.1342562,3.53938573,0.178638844,2.81E-88,2.42E-86
ENSG00000141736,31.2003441,-1.430843036,0.388092893,7.96E-05,0.000322464
ENSG00000141738,63.53219026,0.603825291,0.272463573,0.021240044,0.046557045
ENSG00000141759,21.98599,-1.336093956,0.442738461,0.000939621,0.00302349
ENSG00000141867,61.78553368,2.591154949,0.325220565,3.06E-16,3.91E-15
ENSG00000141959,36.97480406,-1.505809669,0.36772171,1.40E-05,6.48E-05
ENSG00000141968,6.299279338,1.859204242,1.09131347,0.017866979,0.040123116
ENSG00000141971,10.7235886,-2.779219083,0.78441932,5.57E-05,0.00023409
ENSG00000142046,7.15573081,-1.664744643,0.963092183,0.018277002,0.040898004
ENSG00000142089,148.7161087,-3.509976976,0.243580204,5.45E-48,2.34E-46
ENSG00000142102,323.7113218,6.158138095,0.328647738,4.67E-78,3.49E-76
ENSG00000142156,25.1742002,3.593546428,0.562775801,3.36E-11,3.04E-10
ENSG00000142168,143.247547,-0.637751965,0.177692596,0.00026102,0.000952994
ENSG00000142173,24.21239601,8.586455773,2.512696786,8.88E-11,7.76E-10
ENSG00000142186,90.0180281,1.378779715,0.242202209,4.91E-09,3.59E-08
ENSG00000142192,309.5319593,-1.520928201,0.122850223,1.55E-35,4.86E-34
ENSG00000142227,53.88148392,2.406206998,0.42056577,2.01E-09,1.53E-08
ENSG00000142273,72.57444546,-1.045034821,0.286773291,0.000142243,0.000551307
ENSG00000142327,17.9100866,1.374120489,0.512579817,0.002572345,0.00742575
ENSG00000142330,27.51849194,2.624761161,0.48028881,8.67E-09,6.14E-08
ENSG00000142396,53.58464162,1.251182345,0.293095654,8.64E-06,4.13E-05
ENSG00000142409,33.81564561,1.480258884,0.378218559,3.08E-05,0.000134888
ENSG00000142507,217.1949522,-0.722642289,0.144288073,4.02E-07,2.33E-06
ENSG00000142528,32.43449645,2.029870568,0.418920118,2.89E-07,1.70E-06
ENSG00000142534,1552.05893,-1.448484831,0.07328254,2.11E-87,1.79E-85
ENSG00000142541,905.4938478,-1.838434766,0.087149719,2.29E-99,2.27E-97
ENSG00000142627,335.7152024,2.061303688,0.139062344,2.38E-50,1.09E-48
ENSG00000142657,72.4302168,-0.797939574,0.230795546,0.000365838,0.001296144
ENSG00000142669,1076.071839,-2.637823876,0.088591333,1.12E-195,3.07E-193
ENSG00000142675,105.4922874,3.025906624,0.276979126,1.58E-28,3.77E-27
ENSG00000142676,740.8017664,-1.159603506,0.080427835,2.09E-47,8.91E-46
ENSG00000142677,17.80054147,-2.261547394,0.532637001,3.80E-06,1.92E-05
ENSG00000142686,31.1065987,1.665784478,0.423099604,2.42E-05,0.000107824
ENSG00000142751,48.74146485,1.036246017,0.307540565,0.000408114,0.001428103
ENSG00000142765,21.29411335,-1.95952616,0.500694826,1.95E-05,8.85E-05
ENSG00000142864,96.88715317,-1.398599409,0.216095285,3.70E-11,3.34E-10
ENSG00000142867,107.8820577,2.476513918,0.241547167,2.21E-25,4.66E-24
ENSG00000142871,213.2107408,2.374025566,0.172596122,1.90E-43,7.43E-42
ENSG00000142892,6.590237019,-2.499434173,0.973031287,0.001328206,0.004128015
ENSG00000142937,692.4797743,-1.902815977,0.089285818,1.91E-101,1.99E-99
ENSG00000142949,119.3773816,-0.576532317,0.190913251,0.002077588,0.006152041
ENSG00000142973,5.151678738,-2.850911971,1.212490263,0.001890689,0.00564652
ENSG00000143033,25.31757485,1.313688815,0.438970779,0.001067728,0.00339125
ENSG00000143061,35.10844661,-2.561912926,0.409254066,6.04E-11,5.33E-10
ENSG00000143067,22.46552991,2.78939053,0.537116907,3.53E-08,2.33E-07
ENSG00000143093,44.88229778,1.046034389,0.331284507,0.000845781,0.002757072
ENSG00000143107,15.89278412,7.784491657,2.508582287,1.09E-08,7.61E-08
ENSG00000143110,24.25586342,4.781837543,0.747523392,5.57E-11,4.94E-10
ENSG00000143126,22.895569,-1.758921443,0.438486708,1.53E-05,7.04E-05
ENSG00000143149,42.35941464,-2.487150479,0.401498581,9.23E-11,8.05E-10
ENSG00000143155,38.94475485,-1.512151777,0.376703812,1.90E-05,8.64E-05
ENSG00000143162,90.9330886,-2.100266619,0.247474417,4.36E-18,6.28E-17
ENSG00000143190,14.58417747,2.030133492,0.617756465,0.000214178,0.00079541
ENSG00000143198,10.47415978,-1.893553001,0.715643707,0.001724699,0.005208268
ENSG00000143217,114.4889543,-1.521839386,0.217526792,8.74E-13,8.94E-12
ENSG00000143252,14.70917792,-1.204166494,0.521157682,0.008431579,0.020937702
ENSG00000143256,676.2582949,1.17061608,0.097485299,1.69E-33,4.98E-32
ENSG00000143258,67.58611448,2.878266438,0.316045699,1.46E-20,2.41E-19
ENSG00000143294,64.24111555,1.117483162,0.267286531,1.46E-05,6.74E-05
ENSG00000143303,47.29317335,1.504619206,0.315878928,6.50E-07,3.66E-06
ENSG00000143314,55.3270666,-1.396870819,0.278530291,1.97E-07,1.19E-06
ENSG00000143320,480.120153,-1.367638686,0.108549337,8.42E-37,2.78E-35
ENSG00000143321,440.8915408,-0.39464181,0.108699269,0.000248841,0.000912207
ENSG00000143322,347.1677453,3.988518793,0.195488546,4.86E-93,4.46E-91
ENSG00000143333,12.92320762,3.304294595,0.793733256,4.49E-06,2.24E-05
ENSG00000143337,49.69918788,1.111400969,0.303596753,0.000124314,0.000487033
ENSG00000143353,7.911630777,-2.326611228,0.854238161,0.00095298,0.003060356
ENSG00000143363,11.55855015,-1.549089861,0.665548953,0.005217794,0.013774597
ENSG00000143368,276.5472582,1.496234003,0.136937028,3.13E-28,7.37E-27
ENSG00000143369,71.93128551,-0.656063255,0.268514012,0.011063508,0.026566475
ENSG00000143379,33.07646231,1.265619189,0.372465678,0.000285836,0.001036022
ENSG00000143382,22.3103194,-2.140809891,0.482657653,1.80E-06,9.57E-06
ENSG00000143384,1876.794453,2.679717034,0.069861095,0,0
ENSG00000143390,13.13785805,-2.31139367,0.662372896,7.81E-05,0.000317056
ENSG00000143398,326.3618197,2.510212562,0.137652634,6.33E-75,4.49E-73
ENSG00000143409,17.17401265,-3.060163953,0.629830935,1.59E-07,9.68E-07
ENSG00000143418,88.42182137,0.599902144,0.244350948,0.011214058,0.026852912
ENSG00000143437,48.71047468,0.912405701,0.309622346,0.00195522,0.005824231
ENSG00000143442,71.34094359,3.636421391,0.357548338,5.40E-25,1.12E-23
ENSG00000143479,24.47876187,2.503567449,0.537309466,6.16E-07,3.48E-06
ENSG00000143499,13.3624353,-1.89258024,0.617390991,0.000473382,0.001630487
ENSG00000143507,38.40298201,2.161441394,0.386787031,5.14E-09,3.76E-08
ENSG00000143514,91.33790909,2.465991317,0.257887513,2.21E-22,4.06E-21
ENSG00000143520,23.87157113,-1.046994867,0.415045125,0.005940284,0.015442606
ENSG00000143537,89.89604075,-2.251844095,0.241259168,2.04E-21,3.56E-20
ENSG00000143545,70.33986454,-0.595957817,0.241908151,0.010928471,0.026295157
ENSG00000143546,1005.812163,-3.040163037,0.132580143,5.20E-117,6.66E-115
ENSG00000143553,38.59945275,-1.161272974,0.372465293,0.000827384,0.002701968
ENSG00000143556,51.36225074,1.392521168,0.483694496,0.001343112,0.004168081
ENSG00000143569,213.8982223,1.683620336,0.159212717,1.19E-26,2.63E-25
ENSG00000143570,117.1098312,1.024234071,0.209762573,5.89E-07,3.34E-06
ENSG00000143590,47.12560288,-1.599063602,0.322799767,2.16E-07,1.29E-06
ENSG00000143614,39.93460133,1.786691141,0.365188281,2.69E-07,1.59E-06
ENSG00000143621,512.3452134,1.509309895,0.115047514,8.99E-40,3.26E-38
ENSG00000143622,109.5441095,1.03582069,0.212748286,6.26E-07,3.53E-06
ENSG00000143643,7.914759107,-2.136698965,0.819781182,0.001557101,0.004757719
ENSG00000143742,68.61780542,-0.77582502,0.253603241,0.001534228,0.004689808
ENSG00000143751,59.79202378,1.509094536,0.283219588,3.40E-08,2.25E-07
ENSG00000143753,164.8793507,-1.823626347,0.174440139,3.67E-26,7.94E-25
ENSG00000143756,74.29753495,0.819915194,0.24025365,0.000442457,0.001536767
ENSG00000143761,617.7935673,1.122163982,0.086657274,1.25E-38,4.35E-37
ENSG00000143776,20.18715231,1.331438933,0.507342256,0.00325177,0.009114525
ENSG00000143797,68.6977775,-1.549624722,0.265555216,1.81E-09,1.39E-08
ENSG00000143799,21.01832385,-0.975692654,0.451544719,0.016232542,0.036951298
ENSG00000143816,162.3527192,7.437073438,0.710529357,1.10E-24,2.24E-23
ENSG00000143819,13.48217023,-1.201182887,0.589822203,0.016200541,0.036884251
ENSG00000143850,17.91608749,4.051664327,0.835135344,3.44E-07,2.00E-06
ENSG00000143862,148.6281111,1.116067458,0.1924604,3.51E-09,2.61E-08
ENSG00000143870,131.210328,-2.143557785,0.223660258,1.86E-22,3.43E-21
ENSG00000143878,162.9299066,0.60167545,0.164669154,0.000206412,0.000768935
ENSG00000143882,60.61880619,-1.666387282,0.298395119,6.86E-09,4.93E-08
ENSG00000143947,468.0260706,-1.660781121,0.109001492,5.85E-53,2.79E-51
ENSG00000143970,53.29452365,1.471697405,0.294811704,2.14E-07,1.28E-06
ENSG00000144021,44.30774474,-0.937873073,0.325429553,0.002302782,0.006734858
ENSG00000144036,42.40795431,-0.841273147,0.315399962,0.004920034,0.013091161
ENSG00000144048,47.67266898,-0.815975239,0.302382912,0.004607384,0.012387307
ENSG00000144063,10.01136278,-3.397362953,0.850165013,8.73E-06,4.17E-05
ENSG00000144115,21.59065134,2.010850991,0.544389784,4.93E-05,0.000209017
ENSG00000144118,197.7597584,0.535382943,0.160453161,0.000743712,0.002460349
ENSG00000144120,8.321836179,-1.802524341,0.817282342,0.005304827,0.013976327
ENSG00000144134,8.009793164,3.552146459,1.040191613,0.000117819,0.000463593
ENSG00000144136,684.2518919,3.82637657,0.137922356,5.31E-170,1.20E-167
ENSG00000144224,135.7642608,0.508229069,0.18689319,0.005640493,0.014747985
ENSG00000144228,35.68709452,0.861251625,0.352357622,0.009095898,0.022345856
ENSG00000144233,120.4992848,2.485920799,0.223322618,1.69E-29,4.27E-28
ENSG00000144306,9.854464244,-2.732398447,0.838460285,0.000144939,0.000560105
ENSG00000144320,11.0357738,-1.795286845,0.692134539,0.002111389,0.006235552
ENSG00000144366,13.04683888,1.706485235,0.630544249,0.001717013,0.005187221
ENSG00000144381,895.2342665,2.758066545,0.096207524,1.52E-181,3.72E-179
ENSG00000144445,19.1148355,2.468615483,0.577459648,3.55E-06,1.80E-05
ENSG00000144455,11.33990178,-2.09580279,0.681296002,0.000366785,0.001298861
ENSG00000144485,15.71074436,1.971840047,0.600117288,0.00021458,0.000796494
ENSG00000144504,5.877434829,2.120341206,0.97785528,0.005057726,0.013403344
ENSG00000144560,20.71016184,-1.201653267,0.469841222,0.004443358,0.011992512
ENSG00000144566,191.9935107,0.89919128,0.161992079,1.81E-08,1.23E-07
ENSG00000144579,18.19375811,-1.148957924,0.529754809,0.013117153,0.030838832
ENSG00000144583,9.530460975,2.984426002,1.000027004,0.000578771,0.001953976
ENSG00000144589,44.17650452,1.982771318,0.361569176,9.93E-09,6.99E-08
ENSG00000144597,166.0947392,2.405975704,0.192513666,1.43E-36,4.69E-35
ENSG00000144647,9.785059745,-2.041020589,0.754634402,0.00121589,0.003807546
ENSG00000144655,339.869253,5.152422305,0.23870604,1.06E-103,1.16E-101
ENSG00000144677,26.33266382,-1.894422189,0.445496158,4.87E-06,2.42E-05
ENSG00000144713,368.2876424,-1.312099527,0.117340061,1.96E-29,4.91E-28
ENSG00000144744,42.07087939,-0.962350835,0.311273937,0.001141591,0.003599159
ENSG00000144746,48.97002043,-1.69317793,0.3304948,8.24E-08,5.19E-07
ENSG00000144802,112.7216521,4.079418879,0.287260775,2.24E-46,9.28E-45
ENSG00000144821,10.21250437,6.567185608,2.426179527,1.30E-06,7.01E-06
ENSG00000144827,8.158296783,-2.296219236,0.823541102,0.000832817,0.002715421
ENSG00000144840,38.2425932,1.261899528,0.337406008,7.86E-05,0.000318876
ENSG00000144848,29.38520059,-0.79288654,0.360978111,0.018462483,0.041281153
ENSG00000144867,28.48520958,-1.593655778,0.413954411,3.48E-05,0.000150988
ENSG00000144935,9.820622618,1.871178999,0.742176219,0.002532541,0.007319598
ENSG00000145016,29.71233052,1.244780072,0.40488632,0.000899237,0.002911663
ENSG00000145022,15.31328347,-2.415514661,0.592604272,7.48E-06,3.61E-05
ENSG00000145029,8.136493071,-1.824286653,0.838179553,0.005711411,0.014903808
ENSG00000145040,8.715494976,2.770235457,0.892755992,0.000268093,0.000976355
ENSG00000145041,54.07892455,1.44821827,0.30182935,5.82E-07,3.30E-06
ENSG00000145050,173.1950646,-1.570940035,0.174647175,7.55E-20,1.19E-18
ENSG00000145107,45.77177002,-0.817004357,0.35172647,0.013194874,0.030991366
ENSG00000145147,11.03884028,2.283135936,0.742978983,0.000387674,0.001364824
ENSG00000145191,156.8808903,3.142939637,0.221415673,1.76E-46,7.38E-45
ENSG00000145217,12.68400112,7.600261941,2.496396746,2.70E-08,1.80E-07
ENSG00000145241,24.00365612,2.465066988,0.537464197,8.49E-07,4.71E-06
ENSG00000145246,33.31880556,-2.656080465,0.400184964,5.09E-12,4.89E-11
ENSG00000145247,78.21474795,-1.103744794,0.261221856,1.20E-05,5.63E-05
ENSG00000145283,25.47731847,-2.111121361,0.458374793,7.87E-07,4.38E-06
ENSG00000145284,12.99479455,-2.796535417,0.66886749,4.25E-06,2.12E-05
ENSG00000145293,56.96345721,-1.151636576,0.301443037,6.38E-05,0.00026418
ENSG00000145337,91.72980392,-2.363724029,0.278428045,3.45E-18,5.02E-17
ENSG00000145349,24.1202008,-1.260436989,0.40787448,0.00080206,0.002629943
ENSG00000145391,19.02740817,-2.008041996,0.508711392,1.67E-05,7.65E-05
ENSG00000145425,362.3552057,-1.261605964,0.124637068,1.93E-24,3.88E-23
ENSG00000145431,14.26446264,1.294343926,0.578885305,0.009335229,0.022841183
ENSG00000145439,8.347314372,-1.63651494,0.756796618,0.007218301,0.018327372
ENSG00000145494,61.31445681,-1.87848602,0.300739756,1.02E-10,8.79E-10
ENSG00000145495,119.1226401,2.897177947,0.243323399,1.97E-33,5.75E-32
ENSG00000145506,4.431717577,2.648117246,1.364366039,0.007371992,0.018655442
ENSG00000145545,7.466515104,-2.025388249,0.814573382,0.002260989,0.006626011
ENSG00000145555,52.00035131,1.565664611,0.302094642,7.13E-08,4.55E-07
ENSG00000145592,183.370568,-1.744094024,0.160765927,5.54E-28,1.29E-26
ENSG00000145604,10.2919336,-2.699780483,0.792737031,8.79E-05,0.000353468
ENSG00000145632,194.5440942,-0.487858147,0.162254801,0.002299023,0.006725222
ENSG00000145730,38.88810335,-1.492277835,0.329110553,1.94E-06,1.02E-05
ENSG00000145734,61.79622394,1.620268841,0.28959118,7.05E-09,5.05E-08
ENSG00000145740,16.68660308,-1.43593782,0.527820177,0.002117843,0.006249516
ENSG00000145780,87.99209109,2.031716436,0.244567375,3.07E-17,4.19E-16
ENSG00000145782,29.49628979,1.18616208,0.385201382,0.000930091,0.002996821
ENSG00000145824,77.06156622,-5.723597388,0.473034801,3.45E-34,1.05E-32
ENSG00000145868,34.84191098,0.926218718,0.344244249,0.004223223,0.01147322
ENSG00000145882,3.671181978,-2.297538002,1.43800388,0.014547003,0.033643285
ENSG00000145908,22.00898627,1.44934904,0.507379946,0.001450345,0.004460463
ENSG00000145911,24.30912992,2.842647735,0.559337661,6.54E-08,4.19E-07
ENSG00000145912,76.55086642,-2.963190382,0.294611953,1.17E-24,2.38E-23
ENSG00000145919,93.54386809,0.796630744,0.225838945,0.000291474,0.001054874
ENSG00000145934,23.31912244,-3.250676168,0.531478362,1.28E-10,1.09E-09
ENSG00000146007,97.53438853,-1.467901017,0.232350966,9.32E-11,8.12E-10
ENSG00000146066,150.5833236,-1.680216891,0.273075559,2.06E-10,1.73E-09
ENSG00000146067,75.0047226,1.905798022,0.280249023,2.70E-12,2.64E-11
ENSG00000146070,4.009678093,-2.017849116,1.339108517,0.015392995,0.035301008
ENSG00000146072,22.25238952,-2.601208991,0.508182769,4.68E-08,3.06E-07
ENSG00000146083,61.2474772,1.728418408,0.306059107,4.48E-09,3.30E-08
ENSG00000146094,7.752620346,1.667361528,0.792794371,0.00828834,0.020627486
ENSG00000146112,226.8441186,1.674758109,0.152804434,1.87E-28,4.45E-27
ENSG00000146232,64.98758218,2.892230771,0.335822401,1.29E-18,1.92E-17
ENSG00000146247,50.41282697,2.156425543,0.333905589,2.30E-11,2.11E-10
ENSG00000146278,111.2007775,0.679648134,0.198892113,0.00048649,0.001672852
ENSG00000146386,105.2119852,-0.729590003,0.225542382,0.000889489,0.002883324
ENSG00000146409,8.957978276,-2.406294831,0.83237703,0.00056683,0.001920378
ENSG00000146416,14.82190318,-2.111371715,0.572925772,4.24E-05,0.000182337
ENSG00000146425,81.06553096,-0.555116511,0.233906868,0.014501584,0.033548958
ENSG00000146453,17.78150952,5.609393347,1.046133937,7.77E-08,4.92E-07
ENSG00000146457,85.07537812,2.429737457,0.256084514,4.53E-22,8.22E-21
ENSG00000146463,55.89969994,1.274865721,0.285286833,3.42E-06,1.74E-05
ENSG00000146592,65.37607124,5.337440636,0.531031682,6.04E-24,1.19E-22
ENSG00000146648,55.88793985,-1.379857223,0.275249019,2.05E-07,1.23E-06
ENSG00000146676,43.38394654,1.3549842,0.326681864,1.32E-05,6.14E-05
ENSG00000146701,89.09907984,-2.132644627,0.256899561,2.04E-17,2.83E-16
ENSG00000146733,13.80247363,-1.387964045,0.635800661,0.009319763,0.022807195
ENSG00000146757,17.11212666,2.215053013,0.639808064,0.000105081,0.000417671
ENSG00000146802,4.782428588,-2.398478269,1.096010242,0.003968659,0.010858298
ENSG00000146826,29.34447485,0.818719912,0.38760151,0.022281877,0.048532127
ENSG00000146830,103.7390785,2.885601564,0.274730413,1.47E-26,3.23E-25
ENSG00000146842,10.97734786,-1.281966278,0.616043304,0.013368993,0.031324114
ENSG00000146872,39.30090772,2.254609351,0.396941615,2.81E-09,2.11E-08
ENSG00000146904,29.94011412,-2.228704114,0.417482883,1.83E-08,1.25E-07
ENSG00000146963,82.43974109,0.726433946,0.233236065,0.001369144,0.004237789
ENSG00000147003,4.848901457,2.053288057,1.147586114,0.010993365,0.026416185
ENSG00000147010,31.73090182,-1.401309558,0.370596922,5.49E-05,0.000230994
ENSG00000147050,70.7170861,2.387505467,0.29102101,4.80E-17,6.46E-16
ENSG00000147065,249.5740811,-0.435747368,0.133776741,0.000970402,0.003110785
ENSG00000147123,45.34500121,-0.919248462,0.335007616,0.003561875,0.009895617
ENSG00000147133,33.71993388,1.780274333,0.382085851,8.52E-07,4.72E-06
ENSG00000147140,232.0141457,1.422410854,0.158797478,1.27E-19,1.99E-18
ENSG00000147155,61.43711954,-1.346737166,0.319070492,9.27E-06,4.41E-05
ENSG00000147162,518.6521777,2.951809553,0.124522393,6.48E-125,9.39E-123
ENSG00000147168,2.525636857,2.322274036,2.818072656,0.017865288,0.040123116
ENSG00000147174,246.1639478,7.694947183,0.516755819,3.15E-49,1.41E-47
ENSG00000147180,10.75442005,2.912356958,0.846709699,0.000102992,0.000409817
ENSG00000147274,88.11011072,0.936300191,0.223970468,1.75E-05,7.96E-05
ENSG00000147383,64.00475614,-1.735172179,0.286242045,3.76E-10,3.05E-09
ENSG00000147394,116.7356529,-2.593212676,0.221805173,2.32E-32,6.48E-31
ENSG00000147400,41.27711804,-2.850755098,0.427096479,3.25E-12,3.17E-11
ENSG00000147403,227.1326839,-1.969701926,0.144497971,6.60E-43,2.55E-41
ENSG00000147416,291.937836,1.52160269,0.132332643,4.69E-31,1.24E-29
ENSG00000147419,17.41133453,-2.391942249,0.568982911,4.27E-06,2.14E-05
ENSG00000147421,34.07448397,2.462623808,0.440960088,4.45E-09,3.28E-08
ENSG00000147437,62.47514748,3.690326959,0.391273461,8.65E-22,1.53E-20
ENSG00000147439,37.05818833,1.351169251,0.382221088,0.000158995,0.000608576
ENSG00000147509,28.72208186,-0.974954961,0.401213557,0.00822433,0.02049204
ENSG00000147535,29.98671552,0.846280668,0.389594268,0.018735925,0.041762519
ENSG00000147548,31.0858899,0.951885522,0.369140582,0.005683349,0.014843956
ENSG00000147586,30.54557995,-1.026783087,0.42745924,0.008228816,0.020497723
ENSG00000147592,10.70510733,-2.364152918,0.732563194,0.000200183,0.000748427
ENSG00000147604,356.1185447,-1.451037278,0.128334779,4.31E-30,1.11E-28
ENSG00000147669,74.18899078,-0.968651125,0.282058986,0.000338589,0.001209068
ENSG00000147676,183.6470328,-1.817839869,0.180296245,1.66E-24,3.35E-23
ENSG00000147677,77.49254306,-0.744386742,0.229120403,0.000831887,0.002714001
ENSG00000147684,35.75606413,-0.95182161,0.333305185,0.002444385,0.007101664
ENSG00000147687,6.985382351,-1.730323517,0.82014943,0.007396693,0.018708143
ENSG00000147697,35.20902498,-2.585021476,0.403956843,2.40E-11,2.20E-10
ENSG00000147789,20.44501237,1.105917584,0.460458443,0.007721246,0.019417096
ENSG00000147799,13.61535395,1.229849849,0.575061564,0.012592235,0.02978366
ENSG00000147853,30.83666152,-1.887688377,0.406904904,8.49E-07,4.71E-06
ENSG00000147854,42.44530943,2.037631467,0.376026266,1.38E-08,9.56E-08
ENSG00000147872,51.5778194,-0.933431957,0.297076281,0.00098583,0.003154654
ENSG00000147883,67.96268399,-3.540262679,0.312126664,1.16E-30,3.04E-29
ENSG00000147889,13.45100682,-1.354433968,0.575716877,0.006291032,0.016234159
ENSG00000147896,8.857770323,-2.074163089,0.903359304,0.003169401,0.008911248
ENSG00000147955,71.8697317,-3.071325083,0.294300504,2.46E-26,5.36E-25
ENSG00000148110,69.58617435,-1.050033376,0.264019149,3.73E-05,0.000161189
ENSG00000148143,15.55202167,2.263777875,0.575926793,1.57E-05,7.21E-05
ENSG00000148153,30.18721591,0.958894232,0.394372939,0.008409305,0.020890514
ENSG00000148175,58.12954466,-1.727082687,0.283742059,3.19E-10,2.62E-09
ENSG00000148180,48.339475,-2.017772363,0.315572972,3.53E-11,3.19E-10
ENSG00000148200,8.422927769,3.298013597,1.018200547,0.000233414,0.000859791
ENSG00000148218,7.168031463,-2.882969435,0.942247578,0.000306724,0.001103718
ENSG00000148248,202.804865,0.578123856,0.14613751,6.32E-05,0.000262057
ENSG00000148290,24.8632263,-1.536627578,0.467053232,0.000299882,0.001080711
ENSG00000148291,42.5880681,-0.825083868,0.325513875,0.007299719,0.01850165
ENSG00000148300,29.07497258,-2.146973836,0.460460173,6.15E-07,3.47E-06
ENSG00000148303,806.3291556,-2.149579639,0.092889483,3.56E-119,4.87E-117
ENSG00000148334,23.0327047,-1.943024454,0.479828168,1.14E-05,5.36E-05
ENSG00000148339,45.81226668,1.077005444,0.316770162,0.000349799,0.001245107
ENSG00000148341,57.05434895,-1.078071739,0.291215919,0.000114174,0.000450719
ENSG00000148343,47.96976812,1.478733599,0.340405903,4.97E-06,2.46E-05
ENSG00000148344,12.18218125,-1.427868305,0.697357772,0.011452379,0.027355731
ENSG00000148346,21.59956224,1.03526296,0.5005445,0.018925073,0.042122782
ENSG00000148356,61.10631841,1.263098788,0.281860966,3.28E-06,1.67E-05
ENSG00000148358,40.37315,-0.919615536,0.314459226,0.002054558,0.006086333
ENSG00000148362,17.45972182,-1.753267483,0.618055368,0.001037568,0.003303427
ENSG00000148384,27.94429607,1.80330732,0.47936858,4.36E-05,0.000186687
ENSG00000148396,67.21926197,0.843485811,0.257238242,0.000687344,0.002286935
ENSG00000148400,122.6666523,1.412871473,0.190211361,4.05E-14,4.54E-13
ENSG00000148444,21.77635209,-2.077469198,0.516848058,1.12E-05,5.24E-05
ENSG00000148450,15.5571203,-2.36913617,0.636959186,3.19E-05,0.000139024
ENSG00000148481,15.69351414,-1.596542062,0.613489551,0.002432588,0.007074487
ENSG00000148484,35.22088206,-3.324086594,0.435432565,3.40E-15,4.09E-14
ENSG00000148516,17.91255103,5.991932373,1.310402873,2.29E-07,1.37E-06
ENSG00000148572,92.39499576,-0.900028865,0.254072339,0.000244421,0.000896685
ENSG00000148600,3.474005223,-1.759549321,1.199584286,0.022714585,0.049341057
ENSG00000148634,58.06789022,1.664314564,0.291567857,4.36E-09,3.21E-08
ENSG00000148671,137.157967,-1.021386802,0.224079039,2.83E-06,1.46E-05
ENSG00000148677,4.200469027,4.999290822,2.76285821,0.000991448,0.003169833
ENSG00000148737,8.191902707,1.77028759,0.82892101,0.006951087,0.017757893
ENSG00000148773,6.135949415,-1.977570297,0.918354597,0.005303135,0.013974413
ENSG00000148834,89.88780923,-2.418261467,0.259231327,1.87E-21,3.26E-20
ENSG00000148840,111.9617093,2.169223744,0.226111159,1.89E-22,3.48E-21
ENSG00000148841,43.48772586,-2.341808842,0.337176215,7.05E-13,7.27E-12
ENSG00000148908,30.77178599,-1.543406701,0.41570631,6.29E-05,0.000260882
ENSG00000148926,135.4112431,0.879741766,0.194354445,3.89E-06,1.96E-05
ENSG00000148943,47.77025937,1.341398867,0.337433717,2.82E-05,0.000124308
ENSG00000148985,17.1159138,-2.263837277,0.555967955,8.04E-06,3.87E-05
ENSG00000149016,38.86024283,1.072639016,0.343081382,0.000916846,0.002960073
ENSG00000149084,31.41205805,-0.902828237,0.367092727,0.008289457,0.020627486
ENSG00000149091,28.88618346,1.522536558,0.410717402,6.85E-05,0.000282249
ENSG00000149136,54.92484222,-0.743469865,0.275172327,0.004854106,0.012946666
ENSG00000149150,2.620960024,2.465741519,2.581547751,0.01537223,0.035268717
ENSG00000149179,4.417750249,-1.903121727,1.110503046,0.014459384,0.033467372
ENSG00000149187,122.1642693,2.043185151,0.22580839,3.64E-20,5.83E-19
ENSG00000149196,34.03427147,1.050380097,0.371675807,0.002429535,0.007067029
ENSG00000149201,3.220870433,4.792705608,2.588646509,0.000807174,0.002640843
ENSG00000149218,42.03178254,-3.016595436,0.402054514,8.79E-15,1.02E-13
ENSG00000149231,10.01808325,2.231206894,0.814263201,0.00117824,0.003700046
ENSG00000149257,334.0266018,3.838839229,0.170415686,5.72E-113,6.90E-111
ENSG00000149273,285.6075901,-2.391308455,0.136328714,1.28E-69,8.44E-68
ENSG00000149289,33.24314196,2.015940054,0.414408191,2.67E-07,1.58E-06
ENSG00000149313,15.47075071,-1.507021713,0.541834324,0.001620489,0.004931626
ENSG00000149357,82.41977813,-0.736053497,0.242606882,0.001726564,0.005212812
ENSG00000149418,145.0649737,-0.410145939,0.181577165,0.021509904,0.047098655
ENSG00000149480,188.6412453,1.399799012,0.167315589,2.40E-17,3.31E-16
ENSG00000149527,32.63497848,-1.404587712,0.380101204,8.01E-05,0.000324282
ENSG00000149532,131.1520404,2.325250629,0.209588889,2.74E-29,6.85E-28
ENSG00000149547,105.5245506,-2.798043945,0.236750362,4.83E-33,1.39E-31
ENSG00000149573,82.25948755,-3.674979445,0.289646847,1.05E-37,3.57E-36
ENSG00000149582,16.40458637,2.78020852,0.643625686,2.67E-06,1.38E-05
ENSG00000149599,1.695262304,2.537808046,3.16152737,0.015538631,0.035568323
ENSG00000149600,25.52468988,-2.221402832,0.494450528,1.35E-06,7.25E-06
ENSG00000149634,18.79215731,3.719127832,0.941025481,2.15E-05,9.69E-05
ENSG00000149657,69.57149541,1.109591633,0.275481938,2.81E-05,0.000123922
ENSG00000149658,119.1921119,1.514101372,0.211071595,2.49E-13,2.65E-12
ENSG00000149716,27.64269812,1.000099638,0.407422653,0.008210958,0.020470845
ENSG00000149743,14.42897565,-2.435392075,0.655861337,3.37E-05,0.000146632
ENSG00000149781,32.45407439,5.820815827,0.86622499,2.07E-11,1.90E-10
ENSG00000149792,56.0005683,-0.947265954,0.279640512,0.000420832,0.001469055
ENSG00000149806,310.1154288,-1.254061447,0.131709451,7.54E-22,1.34E-20
ENSG00000149809,34.33878151,-1.656314463,0.376705911,3.14E-06,1.61E-05
ENSG00000149823,27.58232357,-0.938953225,0.386916196,0.008642682,0.021388828
ENSG00000149923,239.079834,1.454017782,0.15665224,6.23E-21,1.05E-19
ENSG00000149930,89.82625627,2.300884368,0.276296784,1.66E-17,2.31E-16
ENSG00000149932,32.81481792,-1.974145643,0.440643667,1.56E-06,8.34E-06
ENSG00000150054,11.7050411,-2.053100065,0.683881757,0.000509759,0.001742519
ENSG00000150093,207.8248964,-0.365078492,0.142883972,0.009799463,0.023864147
ENSG00000150316,112.9722432,0.723387237,0.1947275,0.000150628,0.000579614
ENSG00000150347,69.73285172,2.410192757,0.293660973,4.57E-17,6.18E-16
ENSG00000150401,25.27512722,1.895964659,0.487367182,2.38E-05,0.000106245
ENSG00000150403,27.64610599,0.934451185,0.411723439,0.0132387,0.031079179
ENSG00000150433,3.453232129,-2.916310399,1.661153019,0.005995226,0.015559189
ENSG00000150456,4.539381633,-1.964554832,1.415361825,0.01816207,0.040647106
ENSG00000150457,54.79819059,2.626508852,0.346770773,6.96E-15,8.21E-14
ENSG00000150556,15.14296305,-2.423171621,0.603094914,9.23E-06,4.40E-05
ENSG00000150593,81.96571019,-1.860142844,0.238021648,1.37E-15,1.68E-14
ENSG00000150687,7.452874415,-3.151815434,0.961597282,0.000132209,0.000515175
ENSG00000150722,5.656313522,1.604913925,0.977279666,0.021475755,0.047030995
ENSG00000150753,208.7723997,0.336479176,0.14311371,0.017811194,0.040046178
ENSG00000150768,18.25112826,-1.859159273,0.54459384,0.000141679,0.00054971
ENSG00000150776,28.01760529,1.189509681,0.404280889,0.001450575,0.004460463
ENSG00000150779,57.23935441,-2.128810144,0.336169205,4.59E-11,4.09E-10
ENSG00000150782,84.16574659,-1.723901689,0.243235815,4.01E-13,4.20E-12
ENSG00000150938,45.37559606,-0.957368784,0.30474332,0.000975277,0.003124163
ENSG00000150991,3723.586835,2.435461642,0.061876117,0,0
ENSG00000151012,42.33186576,1.211870003,0.422309156,0.00182165,0.005460048
ENSG00000151014,78.99249576,1.851591959,0.260492515,3.11E-13,3.29E-12
ENSG00000151116,17.66147187,-1.53163589,0.512396722,0.000832006,0.002714001
ENSG00000151117,47.61469197,-1.141779008,0.305094427,8.69E-05,0.000349995
ENSG00000151176,29.41117308,-0.826895989,0.383693323,0.019699219,0.043662129
ENSG00000151239,63.10940154,-1.355425218,0.264977575,1.25E-07,7.73E-07
ENSG00000151247,16.24513635,1.016051444,0.491083589,0.019525279,0.043329661
ENSG00000151304,29.1046805,1.150520449,0.395448475,0.001687876,0.005116276
ENSG00000151327,14.67474032,-1.230694102,0.55278422,0.010105038,0.02453403
ENSG00000151332,105.3780481,2.791950776,0.264928982,9.96E-27,2.21E-25
ENSG00000151366,53.78923528,-1.533900035,0.297341667,8.10E-08,5.12E-07
ENSG00000151422,96.28732861,2.819828006,0.283650019,5.24E-24,1.03E-22
ENSG00000151458,54.46784417,1.146594672,0.290801507,3.96E-05,0.000170622
ENSG00000151465,79.45525682,-1.267809487,0.270343178,1.16E-06,6.33E-06
ENSG00000151491,12.06876455,3.419589219,0.959862221,8.93E-05,0.00035845
ENSG00000151500,10.69674454,-2.216299678,0.741538369,0.000447104,0.001549932
ENSG00000151553,26.04245266,1.091471476,0.435884605,0.005995875,0.015559189
ENSG00000151576,19.97177169,1.269776692,0.46680726,0.002595715,0.007481281
ENSG00000151632,12.37100416,-1.681404521,0.616346449,0.001583097,0.004825946
ENSG00000151690,29.37643631,-1.331458006,0.401785616,0.000351239,0.001249616
ENSG00000151715,89.43530399,-2.239838696,0.237566971,8.01E-22,1.42E-20
ENSG00000151718,44.77699052,2.305624204,0.379372621,2.55E-10,2.12E-09
ENSG00000151726,67.37555535,-2.038226542,0.264738389,2.99E-15,3.61E-14
ENSG00000151746,7.656043563,1.862006218,0.819890915,0.004697197,0.012569843
ENSG00000151748,36.47660129,1.052442592,0.371264046,0.002366401,0.006899266
ENSG00000151835,24.29459577,2.964039745,0.52242033,2.40E-09,1.82E-08
ENSG00000151914,40.48781211,-2.390170323,0.351555358,1.88E-12,1.87E-11
ENSG00000151923,61.61111712,0.871113178,0.26362125,0.000614688,0.002063686
ENSG00000151929,802.8372324,2.769700303,0.10022702,5.92E-169,1.30E-166
ENSG00000152082,51.70198215,-1.762122382,0.353268249,1.53E-07,9.32E-07
ENSG00000152102,150.5687193,0.814112922,0.179048221,3.75E-06,1.90E-05
ENSG00000152147,5.13184857,-1.803706313,0.996510838,0.012579103,0.029762322
ENSG00000152193,30.19925319,0.92361411,0.40123943,0.012362152,0.029296885
ENSG00000152217,9.97547644,2.386672306,0.763031527,0.000299752,0.001080509
ENSG00000152223,49.51289223,1.462756152,0.317732492,1.29E-06,6.99E-06
ENSG00000152234,61.10312809,-2.514754297,0.291501885,1.09E-18,1.62E-17
ENSG00000152240,7.126789219,-1.909352166,0.960711961,0.007608228,0.019157523
ENSG00000152242,36.39477052,1.149417342,0.345876039,0.000425378,0.00148421
ENSG00000152332,88.2082932,1.331710303,0.251881516,6.49E-08,4.16E-07
ENSG00000152377,19.27048997,2.457165787,0.544674931,1.16E-06,6.34E-06
ENSG00000152413,41.41419863,1.996599985,0.406459242,2.15E-07,1.29E-06
ENSG00000152422,47.76029397,2.394149491,0.355787262,3.23E-12,3.16E-11
ENSG00000152433,13.57422121,2.702388329,0.698139905,1.77E-05,8.08E-05
ENSG00000152443,57.79502048,2.7018625,0.345530402,1.05E-15,1.30E-14
ENSG00000152454,47.71182588,2.885896002,0.430491853,3.25E-12,3.17E-11
ENSG00000152464,35.89191761,-0.771810748,0.363718801,0.022626383,0.049171549
ENSG00000152484,107.3180586,2.256989241,0.240968356,1.63E-21,2.85E-20
ENSG00000152492,41.71298299,1.226848967,0.336155914,0.000115645,0.000455656
ENSG00000152503,6.532937112,4.415226277,1.453906364,0.000169554,0.000644901
ENSG00000152518,111.3894892,-2.104050547,0.218352362,1.25E-22,2.33E-21
ENSG00000152520,45.86776277,1.838705491,0.346316763,2.92E-08,1.95E-07
ENSG00000152556,22.11861069,-0.884287941,0.413808422,0.019214529,0.042712063
ENSG00000152558,95.51506797,-2.238101281,0.253504523,1.98E-19,3.06E-18
ENSG00000152661,195.8120722,-2.887813822,0.178904696,1.86E-59,1.01E-57
ENSG00000152683,10.562109,-2.245581394,0.699439427,0.00022728,0.000838904
ENSG00000152684,31.63523784,-1.251632596,0.397390612,0.000682562,0.002273638
ENSG00000152766,33.77327546,-2.52550625,0.39107548,1.70E-11,1.57E-10
ENSG00000152778,9.807587167,-1.390157601,0.768540648,0.021049942,0.046189295
ENSG00000152782,2.930035874,-2.324893684,1.538632378,0.014831878,0.034187454
ENSG00000152784,4.509309839,3.132416082,1.558363795,0.003549441,0.009868647
ENSG00000152795,824.1943057,3.028348101,0.11014544,3.88E-167,8.26E-165
ENSG00000152939,17.00768729,-1.087350574,0.533952717,0.018794874,0.041869197
ENSG00000152942,13.16864369,-1.48801426,0.592237649,0.003570162,0.009914835
ENSG00000152944,52.18316764,0.711794693,0.289785173,0.010259995,0.024870248
ENSG00000153006,28.32909827,0.980166543,0.378555428,0.005337898,0.014055785
ENSG00000153044,5.391304603,-2.898484083,1.191103364,0.001931055,0.005756984
ENSG00000153046,89.1745194,0.738157706,0.215088615,0.00043331,0.001508978
ENSG00000153094,5.074582126,1.857862615,1.014534648,0.012212411,0.028989461
ENSG00000153130,17.70655754,-2.355692068,0.566211072,5.62E-06,2.76E-05
ENSG00000153187,132.2975535,1.480855229,0.198596617,3.27E-14,3.69E-13
ENSG00000153207,33.19869033,0.822434582,0.358094466,0.014045852,0.032672119
ENSG00000153214,28.29340584,-1.085088689,0.383131029,0.002270953,0.006652518
ENSG00000153294,52.66684616,-2.745359664,0.329316226,1.13E-17,1.60E-16
ENSG00000153317,61.02566786,2.19168553,0.312825041,5.48E-13,5.70E-12
ENSG00000153391,45.49288901,0.881695983,0.329481918,0.004639032,0.012455624
ENSG00000153406,10.08543605,-3.204376201,0.829577736,1.64E-05,7.51E-05
ENSG00000153443,43.88796842,2.079316722,0.36838513,3.80E-09,2.82E-08
ENSG00000153487,48.97406545,4.059984034,0.478969688,5.48E-18,7.86E-17
ENSG00000153531,12.04258174,4.695168786,1.093459305,7.77E-06,3.75E-05
ENSG00000153561,46.661309,1.178643765,0.295572385,3.14E-05,0.000137129
ENSG00000153714,12.21846715,-1.940653128,0.647491437,0.000518365,0.001770683
ENSG00000153814,18.35819242,1.725322432,0.605930551,0.001148213,0.003617519
ENSG00000153815,30.6227818,1.047176227,0.373294495,0.002619687,0.007541365
ENSG00000153823,4.644702996,-1.905761814,1.033450922,0.010395918,0.025151694
ENSG00000153827,221.6872371,1.907446094,0.155191759,2.62E-35,8.16E-34
ENSG00000153879,180.1831697,1.453739986,0.173653918,2.28E-17,3.14E-16
ENSG00000153885,40.69422044,0.761633643,0.338540188,0.017028419,0.038550892
ENSG00000153914,35.1497683,1.482177558,0.37811149,3.04E-05,0.000133511
ENSG00000153922,68.99920028,2.226468662,0.285700289,1.39E-15,1.71E-14
ENSG00000153933,9.365821309,1.97679231,0.846175969,0.003952792,0.010834076
ENSG00000153936,7.652670839,-1.70918441,0.803593678,0.007375673,0.018661497
ENSG00000153956,5.852369508,1.736660511,0.965221597,0.015004718,0.034541863
ENSG00000153975,140.2225877,2.046906461,0.226269214,3.42E-20,5.49E-19
ENSG00000154001,28.06335402,0.817117431,0.387312153,0.022500287,0.048928315
ENSG00000154059,12.90225749,-1.608572246,0.612325563,0.002257382,0.006618118
ENSG00000154079,13.05684439,-2.194633075,0.735239739,0.000445059,0.001544322
ENSG00000154102,9.935436189,-2.377008659,0.784223113,0.000372938,0.00131775
ENSG00000154124,52.75090706,2.133690169,0.31278266,1.94E-12,1.93E-11
ENSG00000154144,67.80860278,2.162852439,0.308984381,5.48E-13,5.70E-12
ENSG00000154174,43.10361512,-0.796625417,0.321543433,0.008786675,0.021684989
ENSG00000154222,31.53447391,0.863867098,0.38172087,0.014735624,0.03398723
ENSG00000154227,42.79163624,-2.858170298,0.406191832,2.70E-13,2.87E-12
ENSG00000154263,2.494671464,3.908715929,2.703729167,0.003703371,0.010227887
ENSG00000154265,12.34800494,1.677408716,0.632093756,0.002048962,0.006073484
ENSG00000154310,23.06151163,4.622256773,0.737091859,1.32E-10,1.13E-09
ENSG00000154328,46.01234795,2.915781989,0.36996654,5.56E-16,7.01E-15
ENSG00000154380,26.29940073,-1.319555602,0.402570237,0.000399275,0.001401237
ENSG00000154447,32.86964587,1.899955206,0.4028561,5.97E-07,3.38E-06
ENSG00000154511,17.58501184,-1.848545596,0.515362823,7.44E-05,0.000303807
ENSG00000154518,59.82383313,-1.858038121,0.282166456,1.15E-11,1.08E-10
ENSG00000154553,13.41686722,7.370343035,2.482538869,6.45E-08,4.14E-07
ENSG00000154719,84.16776381,-1.202462798,0.245870551,4.59E-07,2.64E-06
ENSG00000154723,100.2546735,-1.767167122,0.215342275,6.14E-17,8.19E-16
ENSG00000154734,59.00227029,1.991388188,0.295098606,3.54E-12,3.45E-11
ENSG00000154743,3.498590959,-2.340463976,1.40906273,0.01324229,0.031082567
ENSG00000154803,241.002058,4.396465967,0.249727462,6.49E-70,4.35E-68
ENSG00000154813,43.47328687,0.968899101,0.31604322,0.001262875,0.003942544
ENSG00000154845,97.02150442,0.555780546,0.205169294,0.005715122,0.014910804
ENSG00000154856,5.969676776,-5.005185619,1.531836068,5.97E-05,0.000249023
ENSG00000154914,12.82717954,1.947369472,0.731087686,0.001692317,0.005125444
ENSG00000155066,44.8334209,-1.570494107,0.32395969,3.79E-07,2.20E-06
ENSG00000155090,163.9282873,1.043039025,0.16143315,5.83E-11,5.15E-10
ENSG00000155097,95.50373516,1.901848778,0.239806319,5.87E-16,7.38E-15
ENSG00000155115,82.14654677,-2.185293832,0.264158885,2.59E-17,3.55E-16
ENSG00000155229,28.42688289,-1.310753885,0.401409702,0.00043306,0.001508471
ENSG00000155254,11.87227474,-1.637014569,0.667507652,0.003628555,0.01005771
ENSG00000155256,67.30300024,1.523358853,0.289070419,4.79E-08,3.13E-07
ENSG00000155265,19.24074167,1.347566891,0.475015367,0.001655857,0.005027638
ENSG00000155304,100.7360634,2.877709239,0.264508381,2.72E-28,6.42E-27
ENSG00000155324,18.74850074,-2.055597841,0.536712883,2.56E-05,0.000113391
ENSG00000155329,38.61259447,1.053124035,0.352883165,0.001477856,0.004536646
ENSG00000155367,24.20330028,1.528660738,0.47940945,0.000448422,0.001553756
ENSG00000155368,199.482197,-3.114912213,0.190159665,3.88E-61,2.15E-59
ENSG00000155393,7.763604791,-3.300870761,1.028269132,0.000174895,0.000663103
ENSG00000155438,72.76363871,-0.957594736,0.278298628,0.000336326,0.001202767
ENSG00000155463,36.30988649,-1.754463671,0.358385725,2.62E-07,1.55E-06
ENSG00000155465,2.020087625,2.383076212,2.811102245,0.01716825,0.038812842
ENSG00000155545,61.35249778,1.973120442,0.298176424,8.67E-12,8.20E-11
ENSG00000155660,184.0379999,-1.456363509,0.157022447,6.49E-21,1.10E-19
ENSG00000155744,26.05885392,1.095640447,0.421567003,0.004705989,0.01258639
ENSG00000155827,17.25083139,-2.237388033,0.556769151,1.03E-05,4.83E-05
ENSG00000155876,139.3604587,-1.793448883,0.214405822,1.56E-17,2.19E-16
ENSG00000155903,30.59929067,1.173025459,0.407494212,0.001837111,0.00550183
ENSG00000155918,143.6825748,-0.758397837,0.215864933,0.000312508,0.001123972
ENSG00000155957,11.59611715,-2.339874144,0.699020909,0.000129901,0.000506863
ENSG00000155961,3.437846335,4.522446522,2.686998551,0.00163866,0.004979602
ENSG00000155962,53.33283661,3.336522556,0.392842862,3.33E-18,4.86E-17
ENSG00000155974,17.84762905,1.646108832,0.578079513,0.001223156,0.003828642
ENSG00000155980,50.76274575,6.449558849,0.83108086,2.32E-14,2.64E-13
ENSG00000156017,10.03012754,-1.644843673,0.721204976,0.005371491,0.014134011
ENSG00000156026,116.5680227,1.161039472,0.21026617,1.67E-08,1.14E-07
ENSG00000156030,20.80234118,1.784882273,0.471229764,3.87E-05,0.00016712
ENSG00000156110,45.35336361,-1.517998672,0.338517446,2.36E-06,1.23E-05
ENSG00000156171,24.81594904,-2.329608391,0.469573317,1.24E-07,7.66E-07
ENSG00000156253,8.554206865,-2.868912813,0.837976865,8.29E-05,0.000335053
ENSG00000156256,56.97625223,0.761312539,0.282580401,0.004962888,0.013195487
ENSG00000156261,284.2269341,0.366142145,0.125611536,0.003347428,0.009364521
ENSG00000156273,128.9833209,0.874747189,0.190170394,2.78E-06,1.43E-05
ENSG00000156299,19.9943255,-1.474751099,0.467026281,0.000516444,0.001764536
ENSG00000156304,101.1718898,2.434518541,0.249126872,3.01E-23,5.76E-22
ENSG00000156384,15.26759015,1.366912096,0.55311754,0.004659271,0.012500695
ENSG00000156411,40.78763315,-1.650753613,0.348203267,6.12E-07,3.46E-06
ENSG00000156427,3.90559876,4.301819704,2.67302145,0.002137909,0.006302306
ENSG00000156453,52.34240204,-1.384083228,0.295451732,1.06E-06,5.81E-06
ENSG00000156463,16.50473291,-2.468715154,0.570250443,2.33E-06,1.22E-05
ENSG00000156467,24.74125151,-1.923140953,0.430744999,1.80E-06,9.54E-06
ENSG00000156471,37.29073594,-1.554197401,0.345567582,2.19E-06,1.15E-05
ENSG00000156482,348.3436814,-1.043583994,0.113731353,2.44E-20,3.96E-19
ENSG00000156502,45.62050255,1.840522548,0.331237571,6.98E-09,5.00E-08
ENSG00000156504,21.19779903,1.126797157,0.45458173,0.006108425,0.015822898
ENSG00000156508,821.3279933,-0.446437028,0.084703726,1.23E-07,7.62E-07
ENSG00000156515,99.99763737,-1.994925552,0.218631169,1.69E-20,2.77E-19
ENSG00000156521,16.91973943,-2.037742038,0.560262616,5.37E-05,0.000226464
ENSG00000156531,10.18722884,-1.368991578,0.651748872,0.011381308,0.02720841
ENSG00000156535,28.09024805,-2.175987101,0.429095462,7.74E-08,4.91E-07
ENSG00000156587,18.43567412,-2.497235283,0.673829668,2.79E-05,0.000123043
ENSG00000156599,119.4172673,-0.685029119,0.195530861,0.000347025,0.001236713
ENSG00000156639,114.590305,0.895205531,0.210541852,1.35E-05,6.30E-05
ENSG00000156671,77.78009982,1.926157285,0.267492033,1.50E-13,1.61E-12
ENSG00000156675,27.30967539,-1.194119808,0.395917759,0.001106126,0.00349939
ENSG00000156709,29.44737163,-1.195539027,0.40331405,0.001310412,0.004077088
ENSG00000156711,51.28051996,-1.633438553,0.310985378,4.48E-08,2.94E-07
ENSG00000156802,23.07911882,0.984081398,0.415326233,0.009705072,0.023654173
ENSG00000156853,8.05264175,1.875772936,0.807925799,0.004152701,0.0113036
ENSG00000156858,57.94405399,1.257057664,0.299173534,1.08E-05,5.10E-05
ENSG00000156860,277.1198857,2.540269939,0.164889676,2.79E-54,1.37E-52
ENSG00000156873,100.9214651,3.911156344,0.328266898,2.21E-33,6.45E-32
ENSG00000156976,698.0927179,2.692742862,0.103922488,7.15E-149,1.33E-146
ENSG00000156983,55.15546414,2.484658178,0.336726653,3.13E-14,3.53E-13
ENSG00000156990,12.55142778,-1.732070183,0.610458779,0.001095751,0.00346884
ENSG00000157036,11.37795882,1.999271539,0.76563815,0.001930189,0.005755589
ENSG00000157077,25.28144036,-1.881394771,0.44627486,5.77E-06,2.83E-05
ENSG00000157106,72.38058722,1.748042375,0.274863345,5.92E-11,5.23E-10
ENSG00000157110,15.50632579,1.822064521,0.57278774,0.000355498,0.001263528
ENSG00000157181,75.50467057,1.88372709,0.270415478,8.43E-13,8.64E-12
ENSG00000157212,15.62774393,1.550753853,0.540677634,0.001228635,0.003844961
ENSG00000157227,86.7736248,-1.272709251,0.228026672,1.03E-08,7.20E-08
ENSG00000157326,10.71278269,-2.751507887,0.833672302,0.000111893,0.000442801
ENSG00000157349,7.075500459,-2.110553438,0.87183403,0.002611776,0.007522114
ENSG00000157379,43.6585873,-1.242093481,0.307285053,2.27E-05,0.000101847
ENSG00000157426,10.40694678,-1.898096283,0.785215758,0.002932227,0.008323594
ENSG00000157450,59.32958054,1.148882543,0.283108737,2.44E-05,0.000108502
ENSG00000157483,40.0685069,-1.572690528,0.333795724,7.76E-07,4.32E-06
ENSG00000157500,21.76016699,-1.318555094,0.479239936,0.002230418,0.00654994
ENSG00000157514,11.23726981,-1.741036073,0.683154516,0.002489669,0.007208639
ENSG00000157540,24.36452838,2.488878948,0.506194116,1.65E-07,1.00E-06
ENSG00000157551,3.204327044,-2.020491537,1.412871115,0.018001868,0.040357183
ENSG00000157557,220.334676,1.862058771,0.147660605,4.51E-37,1.50E-35
ENSG00000157600,15.85232218,-1.10810713,0.502322666,0.012482287,0.02955257
ENSG00000157601,4.977571077,-1.81283661,0.981571796,0.011238647,0.026898447
ENSG00000157625,34.3762637,1.703688312,0.392684621,4.05E-06,2.03E-05
ENSG00000157764,26.34798223,2.724404955,0.495764038,7.03E-09,5.04E-08
ENSG00000157778,34.56418733,-1.341304446,0.37247526,0.000123425,0.000484204
ENSG00000157796,14.33896831,1.315841554,0.585291446,0.008900901,0.021941614
ENSG00000157800,28.8779717,1.679744894,0.421991563,1.98E-05,8.95E-05
ENSG00000157870,11.24972035,-2.127872711,0.720106956,0.000555405,0.001886527
ENSG00000157881,36.43617386,0.901637628,0.367427877,0.008597479,0.021292053
ENSG00000158019,15.13127497,-1.574792461,0.672456153,0.004705362,0.01258639
ENSG00000158042,24.4442296,-3.674504226,0.58493556,4.38E-11,3.91E-10
ENSG00000158050,28.71473653,2.109795901,0.49255123,3.99E-06,2.01E-05
ENSG00000158055,98.62643252,-2.384866023,0.243004374,1.73E-23,3.35E-22
ENSG00000158089,5.886845808,-2.251772494,1.074932368,0.004889208,0.01302829
ENSG00000158092,18.3080752,-1.315779325,0.484699256,0.002460315,0.007140783
ENSG00000158109,72.26298284,-1.874017162,0.253236815,3.30E-14,3.71E-13
ENSG00000158122,15.43478663,1.41886401,0.641163193,0.008652472,0.021409397
ENSG00000158158,15.30233607,1.342090985,0.556079662,0.005599405,0.014653784
ENSG00000158201,33.06062184,1.385494784,0.404406931,0.000230257,0.000849456
ENSG00000158246,271.0913191,-0.323252304,0.138722701,0.018602037,0.04154828
ENSG00000158301,21.21057668,1.392668515,0.487189392,0.001511388,0.004627808
ENSG00000158315,18.63760299,-2.737594678,0.663851703,4.79E-06,2.38E-05
ENSG00000158373,691.4066124,3.565774768,0.132492637,2.36E-160,4.76E-158
ENSG00000158406,418.6446998,6.098989529,0.27043839,1.84E-112,2.21E-110
ENSG00000158411,31.27799841,1.020333118,0.381834405,0.003988309,0.010905688
ENSG00000158435,52.89372544,-1.58513032,0.311911056,1.16E-07,7.21E-07
ENSG00000158470,87.52094332,2.454309714,0.262993809,2.10E-21,3.65E-20
ENSG00000158480,26.23151987,1.762813723,0.439684285,1.60E-05,7.32E-05
ENSG00000158526,22.32918431,-1.316252049,0.444274087,0.001148173,0.003617519
ENSG00000158545,41.53131903,1.584362848,0.338260915,9.05E-07,5.00E-06
ENSG00000158552,49.28938395,0.921396271,0.30926048,0.00174459,0.00525956
ENSG00000158604,43.62734388,-0.880747091,0.317224476,0.003426815,0.00956259
ENSG00000158615,225.8270906,2.593090999,0.175724984,5.42E-50,2.47E-48
ENSG00000158623,19.9101244,-2.239931353,0.53317815,4.58E-06,2.29E-05
ENSG00000158710,553.9598401,-1.215995645,0.093043066,2.10E-39,7.49E-38
ENSG00000158716,22.36491072,-2.176965704,0.561134489,1.84E-05,8.37E-05
ENSG00000158717,23.35199582,3.912458734,0.673529132,1.39E-09,1.07E-08
ENSG00000158747,66.20241868,-0.590612357,0.252611592,0.015458046,0.035438299
ENSG00000158769,153.0622266,-0.463154559,0.163831575,0.004112358,0.011214113
ENSG00000158773,79.08623236,1.000901274,0.243871036,2.32E-05,0.000103815
ENSG00000158786,9.921487117,-2.325854221,0.745175136,0.000285695,0.00103577
ENSG00000158796,109.3111391,1.637724329,0.237509282,1.67E-12,1.67E-11
ENSG00000158825,126.3383122,-1.964232442,0.237079945,2.59E-17,3.56E-16
ENSG00000158828,45.94678246,-1.578638534,0.312744191,1.43E-07,8.75E-07
ENSG00000158850,108.5477201,2.061009523,0.242027711,3.84E-18,5.57E-17
ENSG00000158863,48.33288153,0.963125449,0.313969586,0.001255843,0.003923324
ENSG00000158864,75.63055049,-0.5768443,0.230532132,0.010093496,0.024514227
ENSG00000158882,12.69978787,-1.438752331,0.583578118,0.004244215,0.011523763
ENSG00000158887,1.934234508,2.018972801,3.227342729,0.020742142,0.045645321
ENSG00000158941,87.88899229,1.12860181,0.228953526,4.15E-07,2.40E-06
ENSG00000158987,23.89565877,1.629550008,0.469304655,0.000151337,0.000581882
ENSG00000159055,18.07383435,-1.339350063,0.530662461,0.004077509,0.011127464
ENSG00000159063,17.75501913,-1.015784105,0.496366802,0.020129448,0.044479536
ENSG00000159079,16.28572736,-2.491595131,0.578598412,2.78E-06,1.43E-05
ENSG00000159082,28.46651484,2.594736513,0.504122041,5.06E-08,3.29E-07
ENSG00000159086,76.35940581,2.383985042,0.300014658,4.05E-16,5.14E-15
ENSG00000159140,356.9562257,2.173077091,0.135535683,1.52E-58,8.08E-57
ENSG00000159164,2.526511827,4.265686288,2.739578584,0.002564414,0.00740433
ENSG00000159166,331.9406004,-3.246205192,0.159964777,1.88E-92,1.71E-90
ENSG00000159176,22.85210031,-2.104653966,0.465896998,1.26E-06,6.83E-06
ENSG00000159199,46.39032256,-2.048353915,0.344541171,5.71E-10,4.57E-09
ENSG00000159202,179.153466,0.511601029,0.170280741,0.002290738,0.006703694
ENSG00000159208,268.4200105,3.961528419,0.206837356,1.79E-82,1.41E-80
ENSG00000159214,12.2008067,1.984704557,0.732023726,0.001374591,0.00425119
ENSG00000159216,11.40367906,1.912470847,0.682511422,0.001097427,0.003472627
ENSG00000159228,66.56945471,-3.507445252,0.318364209,4.92E-29,1.21E-27
ENSG00000159256,77.68562859,1.297505629,0.251989441,1.12E-07,6.97E-07
ENSG00000159337,25.118512,-1.76801488,0.441819718,1.57E-05,7.20E-05
ENSG00000159346,233.2536466,-0.969227153,0.137588797,1.11E-12,1.12E-11
ENSG00000159348,99.39548453,-2.337315795,0.242336724,9.32E-23,1.75E-21
ENSG00000159352,75.74316785,-0.894582056,0.243646675,0.000148743,0.000573124
ENSG00000159377,215.9521647,-0.760424502,0.146461925,1.50E-07,9.16E-07
ENSG00000159388,182.177311,-1.565496023,0.154382661,1.19E-24,2.40E-23
ENSG00000159399,65.45739265,-0.886157945,0.282350993,0.001062146,0.003376483
ENSG00000159423,31.99831678,-2.360857461,0.394121499,3.64E-10,2.96E-09
ENSG00000159461,75.93034724,0.726893232,0.2379066,0.001667877,0.005060953
ENSG00000159516,166.3191454,1.678928118,0.198937765,9.48E-18,1.34E-16
ENSG00000159527,31.90403047,-2.261730186,0.432247854,2.96E-08,1.97E-07
ENSG00000159579,53.46756198,1.512491226,0.304219136,2.71E-07,1.60E-06
ENSG00000159588,29.92198101,4.100198356,0.648134826,6.85E-11,6.02E-10
ENSG00000159592,126.4746411,1.367814548,0.203773147,7.85E-12,7.45E-11
ENSG00000159593,34.47879755,-1.726487903,0.386687353,2.16E-06,1.13E-05
ENSG00000159596,52.91855938,-1.786772651,0.30814728,1.78E-09,1.36E-08
ENSG00000159685,9.134155425,-2.740631782,0.856002408,0.000202973,0.000757487
ENSG00000159692,39.02648757,0.844656935,0.340744653,0.00845393,0.020986269
ENSG00000159720,72.75568857,1.151941091,0.251353109,2.25E-06,1.18E-05
ENSG00000159753,3.188495172,3.127488894,2.568510879,0.007609588,0.019157523
ENSG00000159784,5.362075291,3.960123723,2.407438718,0.001890629,0.00564652
ENSG00000159788,14.59077363,-1.099454414,0.518610611,0.015355052,0.0352419
ENSG00000159792,8.961702616,-2.633622263,0.815603463,0.000172696,0.00065599
ENSG00000159840,221.6975284,1.680073203,0.167750273,4.06E-24,8.08E-23
ENSG00000159873,209.2903301,3.808018314,0.213532739,8.12E-72,5.57E-70
ENSG00000159884,15.08341583,-1.214669426,0.628609065,0.019805922,0.043851643
ENSG00000159885,21.95087972,2.422127692,0.551508009,2.02E-06,1.06E-05
ENSG00000159899,81.61368876,6.779509483,0.724638616,3.04E-20,4.90E-19
ENSG00000160014,92.78732681,-0.791895767,0.211916841,0.000128927,0.000503876
ENSG00000160049,22.88512077,-1.983468076,0.466289274,4.54E-06,2.26E-05
ENSG00000160058,78.93704568,0.55406654,0.230138832,0.013265618,0.031112106
ENSG00000160087,78.13742765,1.986887086,0.281797042,4.29E-13,4.49E-12
ENSG00000160113,33.78277728,-1.790906459,0.414590611,3.91E-06,1.97E-05
ENSG00000160117,3.022999888,2.377806936,1.893133712,0.014390057,0.033344219
ENSG00000160124,29.41030617,-0.90173915,0.409792084,0.01618942,0.036867346
ENSG00000160161,2.716840367,3.992313184,2.736950478,0.003506513,0.009760535
ENSG00000160179,8.987593861,-1.568200196,0.712997333,0.007031073,0.017930598
ENSG00000160188,12.36435094,3.119273822,0.784391386,1.03E-05,4.86E-05
ENSG00000160193,12.59005421,-1.331042608,0.597501404,0.008945267,0.022032658
ENSG00000160194,16.74794411,-1.781792765,0.537882101,0.000222577,0.000823642
ENSG00000160199,44.71334876,2.755391306,0.392607947,4.23E-13,4.44E-12
ENSG00000160208,24.18175016,-1.222639792,0.422015443,0.001568527,0.004787578
ENSG00000160209,61.04269838,1.03765503,0.275669256,9.16E-05,0.000367191
ENSG00000160211,33.59037767,-2.557918955,0.403965885,3.82E-11,3.44E-10
ENSG00000160213,403.2683895,-1.932054163,0.139530615,3.03E-44,1.20E-42
ENSG00000160256,19.666427,-1.283656944,0.481394818,0.002951793,0.008370928
ENSG00000160282,9.396129052,7.195676767,2.524961237,3.45E-07,2.01E-06
ENSG00000160294,53.9845392,1.010849835,0.289414297,0.000266794,0.000972188
ENSG00000160299,29.14926407,2.353161635,0.437354297,1.45E-08,1.00E-07
ENSG00000160305,27.76796313,0.994652903,0.417257608,0.009301902,0.022780826
ENSG00000160336,25.79248495,0.963362307,0.414377467,0.011137284,0.026695559
ENSG00000160352,9.499702801,1.633406409,0.746473375,0.007266052,0.018430946
ENSG00000160360,81.96914954,4.124755918,0.422446122,5.08E-23,9.65E-22
ENSG00000160410,64.93110495,1.162360592,0.277099327,1.32E-05,6.13E-05
ENSG00000160446,15.17322431,-3.161115953,0.702181888,8.41E-07,4.67E-06
ENSG00000160447,15.85199205,1.840746947,0.777684555,0.004359854,0.011790091
ENSG00000160469,20.63580133,6.024167394,1.305289478,1.86E-07,1.12E-06
ENSG00000160471,24.9191252,8.785568407,2.529823434,3.42E-11,3.09E-10
ENSG00000160472,10.89386814,6.290642745,2.471161153,9.45E-06,4.48E-05
ENSG00000160551,91.11494073,1.253537969,0.227154534,1.54E-08,1.06E-07
ENSG00000160563,26.31526836,0.937487711,0.406287842,0.012057348,0.028668375
ENSG00000160570,371.8377874,3.923893059,0.172794718,6.86E-115,8.56E-113
ENSG00000160584,44.10112757,2.496218917,0.378588617,8.13E-12,7.71E-11
ENSG00000160613,19.29830865,1.388219398,0.495952511,0.001824404,0.005466041
ENSG00000160633,157.628123,2.505583911,0.200538554,1.61E-36,5.28E-35
ENSG00000160679,132.2621385,1.662200477,0.201626823,5.16E-17,6.93E-16
ENSG00000160685,141.3915695,-1.416973941,0.182998347,3.57E-15,4.28E-14
ENSG00000160691,171.648329,-0.866242984,0.163904193,8.19E-08,5.17E-07
ENSG00000160695,53.59553896,1.201646446,0.302106248,3.20E-05,0.000139736
ENSG00000160703,25.01785687,-1.449144683,0.41725852,0.000170463,0.000648019
ENSG00000160710,69.24642293,-0.676948323,0.239537405,0.003547401,0.009864867
ENSG00000160712,215.265939,2.900141534,0.195019028,9.69E-51,4.47E-49
ENSG00000160741,139.0762435,2.717577733,0.227370423,1.12E-33,3.30E-32
ENSG00000160746,16.46911571,-2.225119184,0.553000424,1.01E-05,4.77E-05
ENSG00000160752,202.028675,-1.234502841,0.167517231,8.00E-14,8.79E-13
ENSG00000160781,35.9164406,1.000637365,0.396519436,0.006249064,0.016132368
ENSG00000160785,35.54181472,1.195174888,0.352295986,0.000314322,0.001129377
ENSG00000160789,238.8905992,-1.094294495,0.140252148,3.30E-15,3.98E-14
ENSG00000160799,52.16611562,1.630386598,0.313859016,7.21E-08,4.60E-07
ENSG00000160803,68.29934219,1.085891682,0.258662965,1.46E-05,6.72E-05
ENSG00000160818,30.2403465,-0.852879148,0.384408871,0.016662238,0.037792796
ENSG00000160886,251.7401297,5.727346983,0.306620067,7.60E-78,5.64E-76
ENSG00000160888,378.5484991,2.508544865,0.130030399,1.32E-83,1.06E-81
ENSG00000160908,18.53280835,1.043915732,0.493156861,0.016969228,0.038422895
ENSG00000160932,41.35498285,-2.450988037,0.357338658,1.15E-12,1.17E-11
ENSG00000160953,43.38981724,2.812755332,0.428914073,1.00E-11,9.48E-11
ENSG00000160961,9.706492564,1.783527811,0.756930644,0.004162774,0.011328129
ENSG00000160972,22.9829431,1.139280504,0.452279417,0.005518282,0.014483365
ENSG00000161011,1572.520893,3.904577895,0.096038332,0,0
ENSG00000161016,910.0022164,-1.970935394,0.087373943,2.54E-113,3.09E-111
ENSG00000161091,60.7320904,1.09446881,0.302378962,0.000152626,0.000586212
ENSG00000161179,32.69913266,-1.34615623,0.411651806,0.000396993,0.001395258
ENSG00000161202,107.199704,1.729999131,0.221713389,2.76E-15,3.34E-14
ENSG00000161203,147.2551861,-0.831430411,0.168687236,5.60E-07,3.18E-06
ENSG00000161217,53.88719645,-1.255510182,0.277608335,2.62E-06,1.35E-05
ENSG00000161243,8.795694766,-2.873824122,0.869672162,0.000133724,0.000520378
ENSG00000161249,624.4357661,-1.858582784,0.117178885,2.95E-57,1.53E-55
ENSG00000161267,5.490451175,-2.127563643,1.003740468,0.004999668,0.013281085
ENSG00000161513,13.50210993,-1.606535908,0.574942714,0.001391909,0.004297408
ENSG00000161526,74.98495633,1.795905267,0.265725825,3.89E-12,3.78E-11
ENSG00000161533,36.32824256,-0.901499018,0.340168014,0.004835733,0.012902415
ENSG00000161547,474.8034123,2.018712049,0.116620953,1.14E-67,7.29E-66
ENSG00000161594,7.269589994,4.923588986,2.353204038,0.000202003,0.000754061
ENSG00000161638,362.1372467,4.270864033,0.201169734,1.10E-100,1.12E-98
ENSG00000161647,26.27684053,3.197568545,0.623958586,6.69E-08,4.28E-07
ENSG00000161671,8.572531919,-1.956446007,0.75199097,0.001792938,0.00538737
ENSG00000161677,26.11433866,-1.273972777,0.470581721,0.002587276,0.007462372
ENSG00000161681,8.646521114,2.406375417,1.027424161,0.003756982,0.010360141
ENSG00000161791,4.903292007,5.148323288,2.428639702,0.000179106,0.000676611
ENSG00000161813,82.69552943,1.70614109,0.243743029,7.54E-13,7.77E-12
ENSG00000161835,6.492277868,5.530492969,2.451479948,7.49E-05,0.000305548
ENSG00000161847,45.81260484,2.360127964,0.386734465,1.95E-10,1.64E-09
ENSG00000161914,8.563988446,1.539192691,0.793339176,0.013485559,0.031541092
ENSG00000161920,16.18233499,-2.362645547,0.64422356,3.73E-05,0.000161394
ENSG00000161970,435.1364521,-1.896851852,0.121402223,1.29E-55,6.46E-54
ENSG00000161980,8.60406552,-1.917334574,0.791949195,0.002911811,0.008273749
ENSG00000161981,8.803458553,-1.568204951,0.727676456,0.007610088,0.019157523
ENSG00000161996,8.697210834,1.35638295,0.748742108,0.022185815,0.048364112
ENSG00000162040,7.815085284,-1.79066708,0.959763205,0.010689572,0.025769018
ENSG00000162069,19.55038983,-1.628753281,0.502929348,0.000327835,0.001175302
ENSG00000162073,15.8885268,-2.444961913,0.573966424,3.43E-06,1.74E-05
ENSG00000162076,14.77852678,-2.020067619,0.720065748,0.000859866,0.002794805
ENSG00000162086,21.26676806,1.755942881,0.516547248,0.000178213,0.000673589
ENSG00000162139,26.28330984,1.800169235,0.485625631,5.34E-05,0.000225302
ENSG00000162144,7.102001158,-1.701956013,0.810914586,0.007881679,0.019775899
ENSG00000162191,140.3522222,0.871150851,0.192500538,3.97E-06,2.00E-05
ENSG00000162194,16.98324675,4.580515802,0.919032453,2.52E-07,1.50E-06
ENSG00000162231,378.9180832,3.768890128,0.168123088,4.99E-112,5.92E-110
ENSG00000162236,167.7303696,2.038791907,0.187704377,4.60E-28,1.07E-26
ENSG00000162244,334.7419432,-2.251195457,0.132171574,9.06E-66,5.56E-64
ENSG00000162302,51.35986222,-0.901015985,0.290862629,0.001200231,0.003760948
ENSG00000162344,9.31900457,6.584599917,2.4691406,2.60E-06,1.34E-05
ENSG00000162366,10.49122259,-2.899675884,0.855407485,7.90E-05,0.000320377
ENSG00000162368,56.5628196,-3.015044312,0.330463407,1.12E-20,1.86E-19
ENSG00000162378,12.10598304,-1.465480032,0.65038038,0.007114709,0.018108805
ENSG00000162384,14.72094759,-1.120519461,0.551473987,0.018282152,0.040903209
ENSG00000162402,57.09496629,0.918121471,0.274535714,0.000506521,0.001733159
ENSG00000162407,21.29619918,2.407417882,0.525546884,8.60E-07,4.76E-06
ENSG00000162413,185.4898818,2.334982029,0.188888579,8.35E-36,2.63E-34
ENSG00000162430,30.5402268,-1.268959343,0.391884466,0.000505752,0.001731273
ENSG00000162441,29.33069155,-1.090566143,0.374575235,0.001763796,0.005314141
ENSG00000162458,117.021981,-1.315002565,0.201629577,3.07E-11,2.79E-10
ENSG00000162493,8.610936438,-2.109530902,0.842597227,0.001863622,0.005574312
ENSG00000162512,30.42663147,0.905038524,0.384326507,0.011000248,0.026428339
ENSG00000162517,101.8322649,-0.736147393,0.205583727,0.000242935,0.000891912
ENSG00000162545,49.30376186,1.659505782,0.336543458,2.43E-07,1.44E-06
ENSG00000162572,22.54460351,5.434426592,1.025274742,1.22E-07,7.58E-07
ENSG00000162576,2.764273823,3.90459161,2.805480902,0.004209042,0.011441137
ENSG00000162600,6.296189476,-2.900081958,1.204384298,0.001636402,0.004973782
ENSG00000162601,60.50335633,2.6051171,0.323805251,1.66E-16,2.16E-15
ENSG00000162613,296.9785652,2.590312015,0.150618439,6.10E-67,3.83E-65
ENSG00000162616,143.2318029,3.302955374,0.248383823,4.04E-41,1.51E-39
ENSG00000162623,42.75210656,1.294674753,0.324886557,2.77E-05,0.000122172
ENSG00000162627,22.88235515,-1.751060425,0.47037833,5.09E-05,0.00021524
ENSG00000162631,3.949890787,3.893112345,2.456815006,0.002386512,0.006951658
ENSG00000162642,54.03917008,1.729853829,0.336472894,7.63E-08,4.84E-07
ENSG00000162650,14.10821835,1.859632717,0.708847497,0.00187641,0.005607928
ENSG00000162695,39.08643929,2.736181496,0.433543485,4.94E-11,4.41E-10
ENSG00000162702,70.2597149,2.085090691,0.29361032,2.86E-13,3.04E-12
ENSG00000162704,34.09597811,-0.74904002,0.349149624,0.021652735,0.047389905
ENSG00000162729,33.87981412,-2.015701584,0.411400312,2.03E-07,1.22E-06
ENSG00000162733,14.29513869,4.892740662,1.068873347,2.67E-06,1.38E-05
ENSG00000162734,1112.667676,1.815113257,0.084222055,1.21E-103,1.30E-101
ENSG00000162735,43.01606369,-1.99387773,0.35268085,3.52E-09,2.61E-08
ENSG00000162757,23.97737549,-0.841532268,0.396885422,0.020943335,0.046018133
ENSG00000162771,3.387159572,4.6936618,2.578648631,0.000926314,0.002986647
ENSG00000162772,560.9602073,6.028406285,0.232994788,1.07E-147,1.96E-145
ENSG00000162775,103.3945434,3.373917838,0.312514754,7.37E-28,1.71E-26
ENSG00000162783,707.2236403,3.183393262,0.104825094,2.30E-203,6.52E-201
ENSG00000162813,23.14276436,-2.371952363,0.483220931,1.63E-07,9.90E-07
ENSG00000162851,43.4256394,0.857219605,0.338365462,0.007126204,0.018131687
ENSG00000162878,2.905870496,4.238203449,2.649962514,0.002231432,0.006551325
ENSG00000162885,26.93754644,1.690045444,0.423080235,1.72E-05,7.84E-05
ENSG00000162889,142.2454974,1.409470409,0.186712262,1.71E-14,1.95E-13
ENSG00000162910,18.15941037,-1.966227251,0.574477248,0.000127718,0.000499423
ENSG00000162923,159.5749781,1.999229954,0.1820195,1.15E-28,2.77E-27
ENSG00000162924,34.66027848,3.249571722,0.477066796,1.82E-12,1.82E-11
ENSG00000162931,13.76472481,2.207020117,0.75404188,0.000682809,0.002273936
ENSG00000162961,28.25393816,-2.324017497,0.441937994,2.63E-08,1.76E-07
ENSG00000162980,28.04361259,-1.95343016,0.403182429,2.81E-07,1.65E-06
ENSG00000162981,18.66714377,-1.442250664,0.470916578,0.000703629,0.002336069
ENSG00000162998,7.514795172,3.989964451,1.503100851,0.000577433,0.001950295
ENSG00000163026,61.95698724,2.992038485,0.344949506,7.56E-19,1.13E-17
ENSG00000163029,11.12611737,-1.473168127,0.623701939,0.005358426,0.014107274
ENSG00000163032,8.002149207,-4.143671082,1.23506515,8.53E-05,0.000343996
ENSG00000163041,17.20420503,1.467928244,0.539141207,0.002078963,0.00615456
ENSG00000163082,34.93957395,-2.058899637,0.387799887,2.23E-08,1.50E-07
ENSG00000163083,1.861965308,2.913809185,3.912267587,0.012339038,0.02925168
ENSG00000163121,3.901766596,4.943610053,2.751322515,0.001063283,0.003379353
ENSG00000163132,18.11280428,8.5798113,2.558902734,2.06E-10,1.73E-09
ENSG00000163141,72.50206467,-2.059352946,0.258895896,4.00E-16,5.08E-15
ENSG00000163166,105.3122866,0.881661067,0.216728854,3.08E-05,0.000134921
ENSG00000163170,14.94218708,-1.321798448,0.529432829,0.004493728,0.012112654
ENSG00000163171,28.10310688,1.421297578,0.420418217,0.000258948,0.000945906
ENSG00000163191,3877.396309,-2.600102261,0.058948167,0,0
ENSG00000163202,772.2259971,2.14069452,0.14274655,1.52E-51,7.18E-50
ENSG00000163207,1245.179847,-2.744889631,0.119318356,5.42E-118,7.08E-116
ENSG00000163214,10.63580889,-1.413890565,0.631554051,0.007858843,0.019728856
ENSG00000163216,328.0306033,-0.803100291,0.157941147,2.54E-07,1.51E-06
ENSG00000163218,18.9886332,-1.776163155,0.563799169,0.000367135,0.001299784
ENSG00000163220,2354.047322,-2.239826962,0.114777864,1.43E-85,1.19E-83
ENSG00000163235,43.18291029,-1.145461307,0.312346734,0.000118076,0.000464476
ENSG00000163249,48.57497113,1.385450938,0.330467772,1.07E-05,5.04E-05
ENSG00000163273,3.619255042,5.255229639,2.893125824,0.000998235,0.003186605
ENSG00000163281,5.969198958,-2.373145277,1.075456081,0.003958874,0.010842814
ENSG00000163297,16.85370289,1.96560707,0.580840414,0.000155341,0.000595693
ENSG00000163312,21.59426392,1.408670677,0.490002562,0.001390232,0.004293147
ENSG00000163320,98.20564895,2.378017446,0.242754959,2.39E-23,4.57E-22
ENSG00000163331,19.41316873,-6.256348643,1.114394669,1.28E-08,8.88E-08
ENSG00000163344,79.88602429,-1.847402669,0.267216324,1.17E-12,1.19E-11
ENSG00000163346,11.75997069,-1.59700157,0.623977061,0.002728152,0.007822287
ENSG00000163347,288.0721229,-2.595961156,0.142532401,6.85E-75,4.84E-73
ENSG00000163349,69.38919304,1.447883163,0.258694823,7.94E-09,5.64E-08
ENSG00000163374,246.3502618,3.403527969,0.190870452,7.01E-72,4.83E-70
ENSG00000163376,32.42236443,2.785956833,0.477178255,8.61E-10,6.78E-09
ENSG00000163378,15.11930465,1.156539144,0.541193732,0.014054022,0.032685872
ENSG00000163382,46.81303452,-3.511125607,0.398339504,1.92E-19,2.98E-18
ENSG00000163395,155.5886041,7.884031625,2.349000846,3.18E-10,2.61E-09
ENSG00000163399,223.330425,-0.700729812,0.142162944,6.22E-07,3.51E-06
ENSG00000163444,31.53328842,0.856904125,0.38090526,0.01524756,0.035017394
ENSG00000163453,46.47317046,-2.487607814,0.402680401,9.73E-11,8.45E-10
ENSG00000163466,248.655417,-1.574805426,0.135567687,1.11E-31,3.02E-30
ENSG00000163468,465.0880589,0.632524993,0.097514577,7.12E-11,6.24E-10
ENSG00000163472,128.9550484,-2.210692326,0.230581431,1.66E-22,3.07E-21
ENSG00000163481,94.38532263,0.942573378,0.232628451,3.04E-05,0.000133511
ENSG00000163491,2.81100454,2.86787203,2.564808169,0.010097009,0.024518646
ENSG00000163499,16.44274582,6.740304284,2.414526551,5.44E-07,3.10E-06
ENSG00000163507,52.01787583,3.216763978,0.430001706,1.50E-14,1.72E-13
ENSG00000163510,109.6485682,1.764566095,0.22957275,5.31E-15,6.30E-14
ENSG00000163512,53.56006198,1.412110693,0.29525601,6.49E-07,3.65E-06
ENSG00000163527,82.05697845,-1.155203054,0.232086047,3.18E-07,1.86E-06
ENSG00000163545,17.59392163,-1.054183601,0.497310041,0.016311436,0.0370959
ENSG00000163558,118.3857051,1.046427811,0.202065135,1.24E-07,7.68E-07
ENSG00000163565,107.8546443,0.642578687,0.197143318,0.000900167,0.002914022
ENSG00000163584,71.25371378,-1.613071815,0.263637653,2.94E-10,2.43E-09
ENSG00000163602,81.5684049,2.863386225,0.292523201,2.36E-23,4.53E-22
ENSG00000163605,80.55328359,1.566502521,0.259984971,5.83E-10,4.66E-09
ENSG00000163606,2.939757557,3.999645189,2.620658392,0.002884465,0.008205708
ENSG00000163608,43.84373965,1.720996523,0.352247156,2.98E-07,1.75E-06
ENSG00000163624,40.60663322,-2.169407488,0.35388954,1.79E-10,1.51E-09
ENSG00000163625,34.9134729,1.155440372,0.358142018,0.000590824,0.001990955
ENSG00000163629,43.61792253,-1.617997148,0.320188339,1.30E-07,7.99E-07
ENSG00000163634,71.95258019,-2.127359726,0.278928042,4.97E-15,5.90E-14
ENSG00000163635,36.87882393,0.933430667,0.351962039,0.004696018,0.012569009
ENSG00000163636,91.63181712,1.188845107,0.229709332,1.09E-07,6.79E-07
ENSG00000163655,12.46638111,-1.367233932,0.58745232,0.006690904,0.017156771
ENSG00000163659,128.8977263,1.550085813,0.192238115,2.55E-16,3.28E-15
ENSG00000163660,367.6523573,3.576150728,0.163414793,8.51E-107,9.48E-105
ENSG00000163681,35.11410373,0.893113644,0.353948227,0.00707656,0.018033896
ENSG00000163682,172.7523767,-1.17335505,0.160261082,1.16E-13,1.27E-12
ENSG00000163683,6.433171734,-2.460791432,0.94630284,0.001283186,0.004001839
ENSG00000163686,11.7949552,-1.404989642,0.668307822,0.01069251,0.025770232
ENSG00000163687,3.612690093,-2.099554267,1.585135585,0.017068421,0.038629374
ENSG00000163702,55.9415702,1.848205046,0.313475073,9.52E-10,7.46E-09
ENSG00000163703,39.4283715,1.326070538,0.360195585,9.18E-05,0.000367966
ENSG00000163719,34.91972068,1.268615043,0.383211217,0.000386263,0.001361179
ENSG00000163734,54.66557711,8.017833212,1.275603206,3.55E-12,3.46E-11
ENSG00000163739,94.31345168,5.623256458,0.497014543,9.75E-30,2.48E-28
ENSG00000163743,38.27409337,2.723801796,0.430753554,4.96E-11,4.42E-10
ENSG00000163794,3.812139811,2.878173063,1.963962523,0.008085448,0.020203157
ENSG00000163806,5.621655947,5.371774333,2.461623134,0.000124131,0.000486524
ENSG00000163811,102.5154333,0.521938442,0.202354322,0.008599166,0.021292053
ENSG00000163817,8.020435928,1.71926948,0.975947427,0.017512575,0.039492616
ENSG00000163832,12.8905853,-1.868184963,0.647187059,0.000832736,0.002715421
ENSG00000163840,4.159535511,-2.264032848,1.253376731,0.009557138,0.023317162
ENSG00000163848,31.9089932,1.30866434,0.38676474,0.000286189,0.001037042
ENSG00000163874,208.2068156,2.776976139,0.190384387,5.86E-49,2.59E-47
ENSG00000163877,67.7067877,2.879331726,0.315411858,1.30E-20,2.15E-19
ENSG00000163882,62.36101307,0.659770666,0.268092368,0.010696712,0.025776067
ENSG00000163884,7.703283472,5.829327197,2.42421644,2.30E-05,0.000103117
ENSG00000163898,6.552998095,-2.647727332,1.04254807,0.001360567,0.004214954
ENSG00000163900,12.01080508,-1.552017809,0.623648326,0.003529946,0.009818212
ENSG00000163902,155.7166707,-1.390575292,0.175941856,1.08E-15,1.34E-14
ENSG00000163918,7.769869335,-1.754872837,0.800387183,0.00607983,0.015757283
ENSG00000163923,14.5142222,-1.736583134,0.635440756,0.001436883,0.004423057
ENSG00000163931,56.42256441,-1.896190558,0.296897553,4.18E-11,3.75E-10
ENSG00000163932,116.0918927,1.827280018,0.212801616,2.45E-18,3.59E-17
ENSG00000163933,8.175284579,-1.913735851,0.789544573,0.002991791,0.008469429
ENSG00000163935,22.34323032,2.88053117,0.599017441,2.93E-07,1.72E-06
ENSG00000163938,104.7771182,-0.526072995,0.203167944,0.008220411,0.020490886
ENSG00000163945,13.95207249,1.493363429,0.623864101,0.00508991,0.013476303
ENSG00000163946,35.01739457,1.117251824,0.347816686,0.000646747,0.002162296
ENSG00000163950,125.196118,0.533765031,0.212053366,0.009968787,0.024227599
ENSG00000163960,127.1852537,2.624848549,0.224549058,2.69E-32,7.48E-31
ENSG00000163964,8.753718632,-2.127794856,0.790460302,0.001175357,0.003691794
ENSG00000163975,13.81019712,2.457805214,0.825669635,0.000582875,0.001965998
ENSG00000164022,68.71251795,1.54988227,0.274624443,5.80E-09,4.21E-08
ENSG00000164023,83.98959188,2.160388929,0.276076098,1.18E-15,1.46E-14
ENSG00000164024,54.25205184,-0.891664322,0.286103578,0.001125404,0.003552615
ENSG00000164032,282.8313253,0.883419997,0.142629742,3.88E-10,3.15E-09
ENSG00000164040,32.62718977,-1.139397091,0.357905942,0.000680946,0.002268776
ENSG00000164051,19.16727361,-1.923060371,0.547268722,9.15E-05,0.000366886
ENSG00000164054,39.93108919,-1.948991405,0.357621203,1.17E-08,8.14E-08
ENSG00000164062,40.66114778,-1.883327957,0.336141854,5.12E-09,3.74E-08
ENSG00000164070,63.92423652,0.580958399,0.250002487,0.016381805,0.037244235
ENSG00000164078,32.06634574,-1.136071266,0.389133825,0.001682659,0.005101528
ENSG00000164080,50.79162766,3.3375796,0.407081604,4.59E-17,6.20E-16
ENSG00000164086,115.371496,-1.398766649,0.201064279,1.37E-12,1.37E-11
ENSG00000164096,181.0115611,-3.040577961,0.191762356,2.05E-57,1.07E-55
ENSG00000164099,6.797713924,-1.758033329,0.850841472,0.007994979,0.020015092
ENSG00000164104,73.21653192,1.707226736,0.268643559,5.95E-11,5.26E-10
ENSG00000164111,391.1192617,1.279468586,0.121814126,3.72E-26,8.02E-25
ENSG00000164128,1.948104722,3.489201685,2.924979285,0.007021353,0.017915277
ENSG00000164163,123.6231195,0.727614736,0.197801378,0.000173705,0.00065948
ENSG00000164164,53.67948198,1.393394296,0.299166561,1.22E-06,6.62E-06
ENSG00000164182,58.03633475,-2.227618276,0.325961028,1.53E-12,1.53E-11
ENSG00000164190,101.5835194,2.173811731,0.240763932,3.88E-20,6.21E-19
ENSG00000164236,5.64660435,2.964259253,1.114975819,0.001193838,0.00374497
ENSG00000164244,14.82065521,-2.082187529,0.579543621,6.40E-05,0.000264991
ENSG00000164251,80.32075412,-2.502688405,0.291992157,1.64E-18,2.42E-17
ENSG00000164252,16.853826,-1.794561043,0.562761853,0.000343823,0.001226244
ENSG00000164258,84.59163444,-1.016378086,0.235529634,8.85E-06,4.22E-05
ENSG00000164294,4.238375685,-2.069696573,1.233820587,0.013912232,0.032397735
ENSG00000164300,20.26877499,-1.751362802,0.476260669,5.98E-05,0.000249393
ENSG00000164305,75.85240097,0.832095111,0.243405231,0.000419119,0.001463781
ENSG00000164309,41.69649496,5.048385525,0.685575777,1.33E-13,1.44E-12
ENSG00000164323,19.57695844,-1.141186185,0.484290612,0.008209127,0.020469804
ENSG00000164327,28.69990968,1.683268386,0.429452416,2.54E-05,0.000112859
ENSG00000164332,47.32180242,-1.509248786,0.314321513,5.31E-07,3.03E-06
ENSG00000164346,33.87279165,-0.928844789,0.345632955,0.004186719,0.01138473
ENSG00000164366,12.01528239,2.003383012,0.651249919,0.000427321,0.001489552
ENSG00000164402,40.8421856,-1.394078713,0.324951431,6.67E-06,3.24E-05
ENSG00000164404,63.11644983,10.07014934,2.58845008,7.66E-15,9.00E-14
ENSG00000164405,74.22982637,-2.746856776,0.285779235,1.05E-22,1.97E-21
ENSG00000164414,32.87311463,-1.284551556,0.384811483,0.000334439,0.001196904
ENSG00000164430,25.62200726,3.585096596,0.659391045,1.27E-08,8.84E-08
ENSG00000164442,55.49914248,-0.686831186,0.291503477,0.013542595,0.031659151
ENSG00000164463,44.62864988,3.789900743,0.475599179,3.78E-16,4.82E-15
ENSG00000164466,16.45282789,-1.564884563,0.565344681,0.001622042,0.004935317
ENSG00000164484,22.52628652,2.078642599,0.50364581,7.76E-06,3.74E-05
ENSG00000164488,2.345956619,3.672765877,3.700131743,0.008014178,0.020049292
ENSG00000164494,9.163893382,-1.935230523,0.741588412,0.001806324,0.005423092
ENSG00000164509,15.47026893,2.54195254,0.672321415,2.85E-05,0.000125481
ENSG00000164520,43.60005314,-3.661460757,0.428114188,1.49E-18,2.19E-17
ENSG00000164535,45.84692119,1.638890439,0.33706265,3.55E-07,2.06E-06
ENSG00000164542,32.80077364,2.68763442,0.445090685,2.89E-10,2.39E-09
ENSG00000164548,204.2293007,2.765585628,0.189277709,4.27E-49,1.89E-47
ENSG00000164587,193.2879301,-1.83963937,0.15453507,3.11E-33,9.02E-32
ENSG00000164597,15.80629993,-1.084969169,0.514532731,0.016175785,0.036845269
ENSG00000164603,27.24678586,1.229562348,0.419686512,0.001436182,0.00442184
ENSG00000164609,154.7849939,2.419256498,0.196380761,1.42E-35,4.47E-34
ENSG00000164611,45.24233554,-1.083490057,0.315661717,0.000301,0.00108447
ENSG00000164647,7.019533998,-2.2702981,0.958751094,0.002463306,0.007145168
ENSG00000164649,5.994226458,-1.841002308,0.980469796,0.011517772,0.027489261
ENSG00000164663,11.00380465,2.542475041,0.802185275,0.00027416,0.000996446
ENSG00000164687,262.3264628,-4.085692731,0.193282662,3.96E-100,4.01E-98
ENSG00000164695,57.04042956,0.855342217,0.290339232,0.002079289,0.00615456
ENSG00000164715,55.81315199,1.377521278,0.283455363,4.57E-07,2.63E-06
ENSG00000164733,167.0974725,-1.577490323,0.172427928,1.91E-20,3.10E-19
ENSG00000164751,13.90576856,-1.404938849,0.571289576,0.004542231,0.012232009
ENSG00000164754,134.6612924,1.060608621,0.185895,6.39E-09,4.61E-08
ENSG00000164758,40.00495974,0.802774755,0.366193043,0.018666785,0.041666143
ENSG00000164776,19.84401684,7.827762935,2.472986952,3.76E-09,2.79E-08
ENSG00000164794,3.204840527,3.442356561,2.510579213,0.004914758,0.013084336
ENSG00000164815,9.64540348,-2.568403497,0.802748202,0.000199669,0.00074708
ENSG00000164825,343.4850889,-2.060049543,0.24246649,3.75E-18,5.43E-17
ENSG00000164828,64.11610589,1.180995487,0.272740219,7.09E-06,3.44E-05
ENSG00000164849,3.174839384,3.558244137,2.818572759,0.005935883,0.015436707
ENSG00000164850,8.440978985,5.850703963,2.421629851,2.32E-05,0.000103834
ENSG00000164855,48.31703526,-1.822062485,0.323931161,4.73E-09,3.47E-08
ENSG00000164877,31.29262927,1.640669546,0.407695015,1.69E-05,7.70E-05
ENSG00000164885,6.922010584,-2.694531493,1.064377152,0.00133019,0.004132409
ENSG00000164897,32.20911308,-0.82039062,0.391267348,0.022700209,0.049324583
ENSG00000164902,49.33391942,-0.98613923,0.304661167,0.000671979,0.002240962
ENSG00000164904,4.43023185,-2.819984456,1.214616796,0.002517439,0.007281765
ENSG00000164919,72.92672856,-2.00156605,0.290749212,1.25E-12,1.26E-11
ENSG00000164924,403.0434744,-0.857977078,0.111552016,9.10E-15,1.06E-13
ENSG00000164930,56.88960573,-0.644563453,0.277827883,0.01564913,0.035792039
ENSG00000164933,14.59403836,-1.270531102,0.585939662,0.011222691,0.026869142
ENSG00000164949,117.4039756,6.709568911,0.653446698,3.47E-24,6.94E-23
ENSG00000164951,42.27895706,1.096076577,0.335331443,0.000546206,0.001857895
ENSG00000164970,52.24217749,0.671814738,0.292788639,0.01659898,0.037662219
ENSG00000164972,4.247982314,2.879473387,1.38876702,0.005032834,0.01334715
ENSG00000164975,12.77309397,-2.445171057,0.688582015,6.35E-05,0.000263121
ENSG00000164978,30.45390741,-2.64332883,0.488254743,8.91E-09,6.30E-08
ENSG00000165006,319.7627792,1.083009643,0.118068927,2.50E-20,4.05E-19
ENSG00000165025,6.006795586,-1.750294803,0.957918952,0.013308621,0.031192753
ENSG00000165030,185.794408,1.519206246,0.185392696,8.96E-17,1.18E-15
ENSG00000165097,25.90819069,-1.784083375,0.420428268,5.53E-06,2.73E-05
ENSG00000165113,11.80319212,4.99592796,1.341782249,1.37E-05,6.35E-05
ENSG00000165118,24.8374203,1.094676552,0.478036322,0.010394859,0.025151694
ENSG00000165119,612.8720268,0.801261193,0.086679094,1.53E-20,2.51E-19
ENSG00000165152,7.287667631,-2.826018479,0.968626918,0.000469948,0.001619044
ENSG00000165175,31.39875713,-1.539166327,0.38562164,2.09E-05,9.42E-05
ENSG00000165195,53.04281447,2.594767128,0.323527093,1.89E-16,2.45E-15
ENSG00000165219,43.8628684,1.115023076,0.319616723,0.00024337,0.000893282
ENSG00000165233,25.35075909,1.081161988,0.45180449,0.008161065,0.020363988
ENSG00000165240,5.603541962,-2.231785433,1.013552231,0.004125042,0.011234667
ENSG00000165264,31.02253196,-2.621688592,0.444808201,5.74E-10,4.59E-09
ENSG00000165272,525.5191767,-0.582739166,0.098892057,3.03E-09,2.27E-08
ENSG00000165283,140.6873317,-1.032259669,0.178326408,3.96E-09,2.93E-08
ENSG00000165304,14.5087812,-1.927187095,0.611361148,0.000330037,0.001182318
ENSG00000165338,10.27912507,3.437249636,0.902370186,2.69E-05,0.000119105
ENSG00000165389,44.04296593,-1.569351992,0.328817969,5.64E-07,3.20E-06
ENSG00000165458,104.5038736,2.926276079,0.280032982,2.77E-26,6.04E-25
ENSG00000165474,287.4410386,-3.911847971,0.181434701,5.06E-104,5.60E-102
ENSG00000165475,6.288421387,-1.837625188,0.890340291,0.007215948,0.018324611
ENSG00000165476,43.11294747,-1.117334496,0.327031159,0.000306135,0.001101874
ENSG00000165494,149.1808939,3.324757773,0.224601401,2.54E-50,1.16E-48
ENSG00000165502,581.6829555,-0.491302236,0.108112966,4.88E-06,2.42E-05
ENSG00000165512,20.07395031,1.173238142,0.492535157,0.00775144,0.019486259
ENSG00000165516,10.226126,-1.658741982,0.681348888,0.00363099,0.010060607
ENSG00000165526,36.83815145,1.150504901,0.374184656,0.000992126,0.0031706
ENSG00000165527,127.2091693,-1.492297422,0.193493275,4.22E-15,5.04E-14
ENSG00000165533,5.655636352,-1.690184861,0.966413427,0.015539034,0.035568323
ENSG00000165555,5.400019357,2.184699673,1.209320448,0.010523957,0.025435971
ENSG00000165609,27.79160465,-2.422038401,0.42337978,1.84E-09,1.41E-08
ENSG00000165626,11.06333146,2.917018487,0.839984986,9.26E-05,0.000370664
ENSG00000165629,98.23255922,-2.882091386,0.245847372,1.56E-32,4.38E-31
ENSG00000165630,93.41903419,1.153889485,0.242453785,9.48E-07,5.22E-06
ENSG00000165661,27.94849603,1.01052285,0.398479642,0.005998898,0.015561456
ENSG00000165672,40.23118395,-1.187331957,0.346030897,0.000270387,0.000983967
ENSG00000165675,12.20360379,-1.328920734,0.629583832,0.011649315,0.027780317
ENSG00000165678,236.7683147,-0.538192329,0.133973139,4.97E-05,0.00021062
ENSG00000165684,33.24540898,2.40296786,0.43701961,7.43E-09,5.30E-08
ENSG00000165698,3.854540234,-2.746909873,1.395274719,0.006410188,0.016510055
ENSG00000165699,40.31987478,2.330184162,0.384547578,2.80E-10,2.32E-09
ENSG00000165732,215.4258999,-0.460444763,0.148350859,0.001679242,0.005093303
ENSG00000165782,112.6386862,2.104661278,0.226377538,3.41E-21,5.82E-20
ENSG00000165794,19.83738343,-3.604644684,0.632835874,1.62E-09,1.24E-08
ENSG00000165795,32.72234808,-1.189601639,0.379085338,0.00075789,0.002502109
ENSG00000165799,580.4857253,2.84495213,0.138503209,1.66E-94,1.55E-92
ENSG00000165801,8.520216847,1.80847213,0.82255248,0.006073906,0.015744748
ENSG00000165804,50.23108028,1.493603495,0.325660965,1.56E-06,8.33E-06
ENSG00000165813,69.15905118,1.970475567,0.283368119,8.80E-13,9.00E-12
ENSG00000165832,14.16861351,-1.855692437,0.598800111,0.00043672,0.001518662
ENSG00000165861,86.12683487,2.108322116,0.256709388,4.69E-17,6.33E-16
ENSG00000165886,24.98560398,-1.173267546,0.425951494,0.002545305,0.007355021
ENSG00000165898,10.00648807,-1.508587581,0.717454644,0.009647792,0.023518524
ENSG00000165912,27.97860799,-1.331501946,0.470900606,0.001698759,0.005143879
ENSG00000165915,71.48715318,1.44712634,0.291395547,2.54E-07,1.51E-06
ENSG00000165916,126.3647924,-1.175333277,0.202561143,3.10E-09,2.32E-08
ENSG00000165917,2.541653509,3.539652117,2.873522246,0.006448077,0.016592883
ENSG00000165949,91.11755158,-3.745215703,0.284382975,1.79E-40,6.55E-39
ENSG00000165959,4.901195699,2.034280484,1.152739088,0.013290632,0.031155635
ENSG00000165997,69.31540353,1.208647442,0.269392035,3.33E-06,1.70E-05
ENSG00000166012,217.6825865,2.731729453,0.182432516,2.09E-51,9.81E-50
ENSG00000166016,24.94682724,1.399047864,0.456729186,0.000764809,0.002520941
ENSG00000166024,48.72893097,1.148756744,0.326939863,0.0002122,0.000788466
ENSG00000166025,60.20061707,-1.258027378,0.260382839,5.82E-07,3.30E-06
ENSG00000166033,42.36091664,-2.791280061,0.364275509,2.73E-15,3.30E-14
ENSG00000166037,44.66056544,1.225610117,0.372067702,0.000434255,0.001511294
ENSG00000166068,21.05839578,2.79849817,0.585775917,3.32E-07,1.93E-06
ENSG00000166073,16.6080662,4.959266656,1.04963826,1.54E-06,8.27E-06
ENSG00000166123,19.81041951,-1.031983722,0.478005779,0.015374043,0.035268717
ENSG00000166128,105.6811759,3.153666439,0.276637872,6.92E-31,1.83E-29
ENSG00000166136,151.2673861,-0.599266058,0.178420886,0.000633175,0.002121818
ENSG00000166145,128.3658393,-0.724011864,0.194227325,0.000142367,0.00055164
ENSG00000166169,7.798859442,-1.576499911,0.80822644,0.012764473,0.030146724
ENSG00000166171,16.74652474,-4.48195696,0.835658402,1.52E-08,1.05E-07
ENSG00000166173,21.94151027,2.111017187,0.539002599,1.97E-05,8.92E-05
ENSG00000166181,83.97182851,-1.014050477,0.227662435,4.69E-06,2.33E-05
ENSG00000166189,22.79591058,-1.83807687,0.510052357,7.29E-05,0.00029845
ENSG00000166199,20.70427916,-1.08171091,0.513976111,0.016078875,0.036637028
ENSG00000166225,52.62835836,1.873427331,0.318367703,1.03E-09,8.04E-09
ENSG00000166226,240.1321649,0.317984917,0.133950271,0.016254243,0.036994882
ENSG00000166228,80.96272606,-0.671559826,0.2386872,0.003702453,0.010227552
ENSG00000166257,4.194131013,5.40831917,2.502332263,0.000147574,0.000569073
ENSG00000166260,5.617512333,-1.888025561,0.972313759,0.009151164,0.022459127
ENSG00000166261,24.97312764,1.290837627,0.428321462,0.0010291,0.003277514
ENSG00000166272,25.73928271,-0.998216126,0.386785349,0.005257974,0.013868026
ENSG00000166275,11.60610884,-1.985955848,0.676979929,0.000654079,0.002185797
ENSG00000166295,26.04429268,-1.578406563,0.44017118,9.75E-05,0.000389699
ENSG00000166311,63.24029738,1.291721171,0.279347806,1.59E-06,8.50E-06
ENSG00000166313,32.03075651,3.192012639,0.513191499,1.01E-10,8.74E-10
ENSG00000166326,42.29423456,1.632666799,0.344629846,6.70E-07,3.76E-06
ENSG00000166340,231.846768,2.831110052,0.173537603,1.39E-60,7.66E-59
ENSG00000166343,7.011923455,2.250995781,1.124245871,0.006389194,0.016461839
ENSG00000166347,12.6951823,-3.910331055,0.805705586,1.85E-07,1.12E-06
ENSG00000166352,7.881180223,-2.816188521,0.943308282,0.000396193,0.001392785
ENSG00000166387,10.20811164,-2.403054079,0.729913824,0.000150387,0.000578843
ENSG00000166394,13.05639608,-1.539595913,0.596817393,0.002808033,0.008026119
ENSG00000166396,348.252657,-2.167761352,0.165292856,4.97E-40,1.80E-38
ENSG00000166398,33.40106688,0.966311031,0.360083701,0.004125326,0.011234667
ENSG00000166401,37.45353443,-0.739335976,0.335895939,0.01936618,0.043022751
ENSG00000166439,45.50964998,1.159376452,0.377321637,0.000997805,0.003185936
ENSG00000166441,202.4448801,-1.696172157,0.150381464,4.82E-30,1.24E-28
ENSG00000166446,19.93814548,3.231522426,0.652460393,1.43E-07,8.80E-07
ENSG00000166452,11.88235477,-2.172952826,0.726364015,0.000476367,0.001639989
ENSG00000166455,11.58282641,2.900424689,0.79069365,3.69E-05,0.000159546
ENSG00000166477,55.75322715,-1.214282246,0.283453878,8.26E-06,3.96E-05
ENSG00000166478,66.16424136,1.684013855,0.27717483,3.39E-10,2.77E-09
ENSG00000166479,12.18953003,-1.220463848,0.587931449,0.014578452,0.033705251
ENSG00000166484,40.08821953,1.361594332,0.343702055,2.91E-05,0.000127954
ENSG00000166508,59.42407523,1.391395832,0.292162398,7.29E-07,4.08E-06
ENSG00000166532,60.17803389,2.637872905,0.339860581,1.63E-15,2.00E-14
ENSG00000166535,240.7079209,-1.992078159,0.163734635,1.02E-34,3.16E-33
ENSG00000166557,10.84456342,-2.240736154,0.686317408,0.000186439,0.000702481
ENSG00000166592,837.93507,4.821736,0.144074022,2.45E-246,8.44E-244
ENSG00000166595,236.573029,-0.534762474,0.152236631,0.000378844,0.001337314
ENSG00000166598,888.8167193,-0.683488338,0.080300163,1.29E-17,1.81E-16
ENSG00000166669,4.803229083,1.953565135,1.078129762,0.012056973,0.028668375
ENSG00000166681,160.0695616,-3.432825465,0.206421781,5.92E-63,3.42E-61
ENSG00000166716,41.70581724,1.553078929,0.347894477,2.66E-06,1.38E-05
ENSG00000166747,135.1306138,2.19262451,0.202062707,4.13E-28,9.66E-27
ENSG00000166793,7.432634178,5.38736424,2.36015067,5.50E-05,0.000231114
ENSG00000166794,300.9230438,-1.713444887,0.131037698,1.37E-39,4.94E-38
ENSG00000166797,22.30662146,-2.004205929,0.505116849,1.52E-05,6.99E-05
ENSG00000166831,2.507155325,3.044021506,2.960696704,0.010206284,0.024759087
ENSG00000166847,49.65856242,0.768703528,0.287409006,0.005324449,0.014022923
ENSG00000166848,102.862806,1.184815166,0.21329622,1.34E-08,9.31E-08
ENSG00000166869,11.16674732,-4.196425042,1.000237064,3.77E-06,1.90E-05
ENSG00000166887,56.7780712,1.065381516,0.276230567,6.09E-05,0.000253366
ENSG00000166889,129.2292206,2.051554071,0.205954103,9.88E-24,1.92E-22
ENSG00000166900,159.2044051,2.019286401,0.189447922,2.14E-27,4.84E-26
ENSG00000166902,21.84250039,-2.741770495,0.556924306,1.27E-07,7.87E-07
ENSG00000166908,138.4348023,0.551599051,0.178626836,0.001702899,0.00515426
ENSG00000166913,112.0460813,-0.641719904,0.197471175,0.00090254,0.002921051
ENSG00000166925,81.23043387,1.046762801,0.243286014,9.23E-06,4.40E-05
ENSG00000166971,13.25452874,-1.267394041,0.578956499,0.010627842,0.0256528
ENSG00000166974,12.42977505,-1.689323236,0.603915731,0.001245136,0.003891555
ENSG00000166986,154.2034108,1.493710364,0.189728215,1.25E-15,1.54E-14
ENSG00000166987,58.70281508,1.551103254,0.304860565,1.22E-07,7.58E-07
ENSG00000167004,194.066077,-2.099067176,0.171033392,2.72E-35,8.45E-34
ENSG00000167074,35.53085005,1.891018213,0.376217449,1.26E-07,7.76E-07
ENSG00000167081,23.90104197,1.071930235,0.42680589,0.00596923,0.015506719
ENSG00000167085,105.0033391,-0.868542503,0.204912199,1.43E-05,6.63E-05
ENSG00000167088,26.92374422,-1.459619745,0.420851418,0.000170523,0.000648078
ENSG00000167106,28.23659898,-0.887317585,0.38249857,0.012236551,0.029037243
ENSG00000167107,8.060437609,-2.161563136,0.804920631,0.001195059,0.003747987
ENSG00000167110,152.8260398,1.701923931,0.186258214,1.88E-20,3.07E-19
ENSG00000167112,12.1780808,-1.405416132,0.606154388,0.006524936,0.016766826
ENSG00000167114,75.03415981,-1.594083176,0.271502595,1.36E-09,1.05E-08
ENSG00000167123,11.37713534,-1.404445579,0.644063542,0.009077781,0.022305492
ENSG00000167136,13.61314282,-1.663246237,0.605867112,0.001506866,0.004617868
ENSG00000167182,62.71168157,2.69898938,0.31968819,5.76E-18,8.25E-17
ENSG00000167202,8.579182175,-1.810519711,0.782730078,0.004367499,0.011803171
ENSG00000167207,9.022099429,-1.628074534,0.73150348,0.00640074,0.016488652
ENSG00000167220,9.126379852,-1.422508882,0.717223903,0.013740478,0.03204415
ENSG00000167232,20.87515468,1.276724259,0.484237371,0.00336943,0.009418794
ENSG00000167258,72.17499938,1.411196041,0.266550766,4.55E-08,2.98E-07
ENSG00000167272,18.75109919,-2.987363431,0.662196497,7.98E-07,4.44E-06
ENSG00000167280,105.8794334,4.230065987,0.33421451,2.99E-37,1.00E-35
ENSG00000167283,75.78416163,-1.69920464,0.24420134,9.80E-13,9.98E-12
ENSG00000167302,43.86937863,2.452066953,0.37787586,1.67E-11,1.54E-10
ENSG00000167323,18.47667908,-1.734219201,0.512189319,0.000178774,0.000675533
ENSG00000167325,44.75043552,-1.118461114,0.311554232,0.000160321,0.000613167
ENSG00000167378,41.00249776,2.397184254,0.403572962,5.79E-10,4.63E-09
ENSG00000167380,14.38354893,1.191064826,0.566689356,0.014633762,0.03380184
ENSG00000167395,29.1007735,0.950539261,0.380007413,0.007073679,0.018029727
ENSG00000167397,28.73441941,-2.266660588,0.460415718,1.55E-07,9.46E-07
ENSG00000167460,108.1380061,-2.379623558,0.216211089,7.03E-29,1.71E-27
ENSG00000167468,116.3995773,-1.116468362,0.193077355,3.75E-09,2.78E-08
ENSG00000167491,57.69782662,0.970363999,0.279144009,0.000295144,0.001066287
ENSG00000167508,43.16825669,-0.713732643,0.314742174,0.016939587,0.03836178
ENSG00000167515,12.71223203,-1.670631196,0.644205401,0.002260142,0.00662487
ENSG00000167522,36.6844527,1.00573666,0.354101019,0.002467255,0.007154017
ENSG00000167526,198.6029406,-2.057852066,0.165504998,3.72E-36,1.20E-34
ENSG00000167528,13.02077735,2.510553663,0.751642973,0.000151668,0.000582997
ENSG00000167548,66.2300771,1.909161571,0.298755627,4.10E-11,3.67E-10
ENSG00000167553,471.8623928,0.630471532,0.097513287,7.75E-11,6.79E-10
ENSG00000167555,15.09923686,1.199626791,0.573079398,0.014869728,0.03426379
ENSG00000167562,9.745783246,2.176434907,0.78999509,0.001113946,0.003521821
ENSG00000167565,111.7565264,2.664389757,0.245566437,3.74E-28,8.76E-27
ENSG00000167566,21.46500318,2.621189705,0.625133458,5.60E-06,2.75E-05
ENSG00000167588,12.81346272,7.367187854,2.476660108,6.13E-08,3.94E-07
ENSG00000167595,24.70688764,2.104073003,0.526128432,1.33E-05,6.20E-05
ENSG00000167601,39.30827916,3.620262804,0.493087078,4.31E-14,4.81E-13
ENSG00000167604,30.90365298,2.79768174,0.559653533,1.08E-07,6.75E-07
ENSG00000167615,626.6397418,3.334473557,0.13538842,1.00E-134,1.59E-132
ENSG00000167617,10.84737095,-2.420150719,0.923303977,0.001088626,0.003450056
ENSG00000167635,97.7898028,0.669332504,0.213994164,0.001360836,0.004214954
ENSG00000167641,1.950146846,-2.260242306,4.308108228,0.01619057,0.036867346
ENSG00000167642,216.2444175,-1.486821336,0.158730153,2.61E-21,4.52E-20
ENSG00000167644,377.2488712,-2.490110758,0.205263768,1.09E-34,3.35E-33
ENSG00000167645,10.54703407,-1.989667019,0.72634226,0.00112523,0.003552615
ENSG00000167656,396.0057639,-4.669079509,0.196263092,4.40E-126,6.50E-124
ENSG00000167658,1379.836144,0.188698675,0.073964482,0.010530151,0.025443029
ENSG00000167671,106.0577613,0.737776381,0.229256551,0.000944292,0.003037847
ENSG00000167680,1.923272579,2.152426701,2.851720903,0.020435995,0.045053777
ENSG00000167685,17.81299438,1.582835862,0.551834846,0.00117931,0.0037018
ENSG00000167700,20.34346679,-3.209961685,0.582609633,4.59E-09,3.37E-08
ENSG00000167702,132.7409597,0.780790319,0.201859065,7.77E-05,0.000315695
ENSG00000167703,5.479399768,2.071604774,0.969864027,0.00530616,0.013977296
ENSG00000167711,4.220274536,2.054104327,1.279913331,0.013848796,0.032265577
ENSG00000167716,17.01869693,1.640050516,0.545811044,0.000733817,0.002429834
ENSG00000167721,57.37261322,-1.090861659,0.274511326,3.63E-05,0.000157397
ENSG00000167723,203.73088,3.47185068,0.202588639,1.62E-66,1.01E-64
ENSG00000167741,19.92742515,-2.428542583,0.570048443,3.07E-06,1.57E-05
ENSG00000167747,29.30108642,-1.018337104,0.374243379,0.003436112,0.009581125
ENSG00000167754,741.3955895,-2.025400165,0.104126701,5.37E-85,4.39E-83
ENSG00000167755,35.69442475,1.779008937,0.41620067,5.06E-06,2.50E-05
ENSG00000167757,94.55490272,-1.699120126,0.230511871,4.89E-14,5.44E-13
ENSG00000167766,28.30665294,1.175969581,0.393666616,0.00128178,0.003998313
ENSG00000167767,170.3358708,-0.832026548,0.187571769,6.13E-06,2.99E-05
ENSG00000167768,1109.474328,-3.718643497,0.097521304,0,0
ENSG00000167769,19.35384323,-2.903864263,0.768396114,1.65E-05,7.56E-05
ENSG00000167778,40.62936806,-1.61102175,0.362243401,2.58E-06,1.34E-05
ENSG00000167779,6.893742652,-1.742249451,1.14922697,0.020117839,0.044467456
ENSG00000167785,21.31547422,1.488374134,0.502595501,0.000991912,0.0031706
ENSG00000167792,37.23953965,-1.780064075,0.350287494,9.87E-08,6.18E-07
ENSG00000167797,25.2481956,-0.918370054,0.424090754,0.017153797,0.038792387
ENSG00000167799,7.454908525,-3.988759908,1.175993993,8.60E-05,0.000346741
ENSG00000167815,79.48364251,-2.733100596,0.264918732,9.50E-26,2.02E-24
ENSG00000167861,15.7304635,2.787992829,0.703829408,1.28E-05,6.00E-05
ENSG00000167862,51.63012562,-1.404252607,0.333008697,8.88E-06,4.23E-05
ENSG00000167863,63.18370435,-2.294411852,0.293028182,8.86E-16,1.11E-14
ENSG00000167874,118.0311958,6.050164843,0.471321467,7.44E-38,2.53E-36
ENSG00000167880,108.5895203,-1.514069511,0.217511187,1.17E-12,1.18E-11
ENSG00000167881,91.24576724,0.682452037,0.21452613,0.001110922,0.003513026
ENSG00000167900,11.87550585,-2.006961813,0.733242724,0.001090391,0.003454138
ENSG00000167914,59.69359551,-1.038988498,0.313281337,0.000479767,0.001651303
ENSG00000167920,13.26091882,-1.340083324,0.591876128,0.008003842,0.020033818
ENSG00000167930,11.32919573,-1.877998501,0.651256177,0.000813591,0.002659923
ENSG00000167965,13.18998971,-2.004128929,0.62577397,0.000268001,0.000976267
ENSG00000167967,32.86310692,1.101467559,0.398649006,0.002785903,0.007970731
ENSG00000167978,835.0581945,2.916158511,0.107393069,2.19E-163,4.60E-161
ENSG00000167994,2.400836738,3.891772166,2.714309541,0.003827135,0.01052953
ENSG00000167996,987.4665147,-0.373775479,0.092178238,4.43E-05,0.000189555
ENSG00000168002,57.03852306,-2.140807478,0.315480702,2.31E-12,2.28E-11
ENSG00000168003,614.6731155,2.35529969,0.106291485,1.93E-109,2.22E-107
ENSG00000168005,61.94616658,3.163756804,0.38645968,5.42E-17,7.26E-16
ENSG00000168010,13.50700877,-1.713382784,0.599052679,0.001059741,0.003369576
ENSG00000168028,220.990865,-2.299011866,0.151605468,1.14E-52,5.42E-51
ENSG00000168032,17.65727866,-1.497454863,0.509078948,0.001003869,0.003202466
ENSG00000168036,281.4882761,1.190693265,0.134078226,3.32E-19,5.09E-18
ENSG00000168040,34.01890627,-1.427749201,0.400663456,0.00012733,0.000498037
ENSG00000168066,143.7400513,1.338204181,0.187435211,3.82E-13,4.02E-12
ENSG00000168071,8.018421285,2.018771993,0.814822669,0.002467346,0.007154017
ENSG00000168077,4.177329224,-2.583157176,1.287464239,0.005220798,0.013778468
ENSG00000168090,68.17768228,-1.651623483,0.277856964,8.15E-10,6.44E-09
ENSG00000168116,16.4208776,1.710955972,0.579214301,0.000792152,0.002600401
ENSG00000168118,26.92850675,-1.57951924,0.413310028,3.94E-05,0.000169593
ENSG00000168137,150.6826413,2.818272072,0.214640292,4.21E-40,1.53E-38
ENSG00000168143,72.44014339,-0.832969401,0.239931828,0.000339391,0.001211336
ENSG00000168148,5.596492656,5.193495041,2.792357406,0.00080666,0.002640243
ENSG00000168159,36.2807935,-2.309576311,0.429094643,1.25E-08,8.70E-08
ENSG00000168175,68.91850345,0.759062757,0.253043017,0.001923432,0.005737804
ENSG00000168209,1053.049988,0.372791254,0.104077296,0.000317761,0.001140598
ENSG00000168246,30.97307007,1.443956195,0.408422712,0.000141872,0.000550311
ENSG00000168256,54.72929704,1.858181159,0.305025496,2.83E-10,2.34E-09
ENSG00000168259,89.41561313,0.932678329,0.222891146,1.76E-05,8.02E-05
ENSG00000168264,150.3483141,-0.771614556,0.166740733,2.60E-06,1.35E-05
ENSG00000168268,22.63492041,-2.038223278,0.476215338,3.77E-06,1.90E-05
ENSG00000168282,34.37555248,-0.970817865,0.391521679,0.007271463,0.018439716
ENSG00000168283,43.24417619,1.734790431,0.356513067,3.18E-07,1.86E-06
ENSG00000168286,17.74546712,-1.030657146,0.499623621,0.019105152,0.042501551
ENSG00000168291,31.72153328,-0.974739226,0.377929276,0.005464282,0.014352042
ENSG00000168298,256.1482427,8.301862653,0.80149854,1.11E-23,2.16E-22
ENSG00000168310,13.35621583,-1.232328753,0.611747378,0.016558003,0.03758581
ENSG00000168348,1.856355458,2.77242635,3.39512046,0.013256913,0.031101766
ENSG00000168350,15.96613224,-2.084624097,0.576975971,5.96E-05,0.000248643
ENSG00000168374,331.9957529,0.633571238,0.12381342,2.54E-07,1.51E-06
ENSG00000168385,108.9598016,-0.525325427,0.190726818,0.004917285,0.01308625
ENSG00000168389,236.9249004,2.641219131,0.176434229,1.98E-51,9.30E-50
ENSG00000168393,14.00002676,-1.585192495,0.58803344,0.001907601,0.005692922
ENSG00000168395,13.94997569,1.524190162,0.580214527,0.00246323,0.007145168
ENSG00000168397,65.34346471,1.966675999,0.288474647,2.26E-12,2.24E-11
ENSG00000168439,733.2307736,2.608444289,0.107655479,1.32E-130,2.08E-128
ENSG00000168453,20.16130538,-1.998579895,0.495594309,1.15E-05,5.40E-05
ENSG00000168476,34.98969912,-1.557737351,0.401612897,3.16E-05,0.000137999
ENSG00000168477,3.907365462,2.893736421,1.603275497,0.005699902,0.01488182
ENSG00000168488,221.4396566,2.645981034,0.179778782,9.19E-50,4.17E-48
ENSG00000168496,19.57818548,-1.280442276,0.477242797,0.002787546,0.007973857
ENSG00000168497,1.835506934,-1.630173255,3.226959227,0.019610863,0.043487317
ENSG00000168517,11.8615791,2.292127364,0.759473911,0.000426611,0.001487438
ENSG00000168528,117.0009768,-1.97045031,0.212350252,4.20E-21,7.16E-20
ENSG00000168538,22.92789511,-1.579259135,0.460535728,0.000174983,0.000663103
ENSG00000168564,51.51951914,0.762287626,0.289300501,0.005862361,0.015261953
ENSG00000168569,6.145055365,-1.929410944,0.993157214,0.008295028,0.020637801
ENSG00000168575,44.48300596,-1.773547882,0.318427745,6.76E-09,4.86E-08
ENSG00000168653,424.0024984,-2.243823583,0.130195971,2.72E-67,1.72E-65
ENSG00000168679,3.748868446,4.723850342,2.540082296,0.000769274,0.002534491
ENSG00000168710,179.3213057,1.144803899,0.168222645,5.06E-12,4.87E-11
ENSG00000168758,15.16756353,1.487406558,0.630241822,0.005556259,0.01456456
ENSG00000168769,41.55612533,1.653794032,0.352911554,8.46E-07,4.69E-06
ENSG00000168781,38.22902087,1.421263702,0.354102148,2.21E-05,9.93E-05
ENSG00000168785,6.407271233,-1.576748146,0.84509278,0.014398546,0.033358551
ENSG00000168795,102.6034073,2.073146758,0.23491391,2.64E-19,4.07E-18
ENSG00000168813,19.45574008,2.307740173,0.551233539,5.52E-06,2.72E-05
ENSG00000168824,30.95180423,-3.423112106,0.481403301,1.64E-13,1.76E-12
ENSG00000168876,79.32933299,2.696052907,0.280627051,1.42E-22,2.65E-21
ENSG00000168884,62.61636772,1.292199093,0.275167534,1.13E-06,6.16E-06
ENSG00000168894,158.1389643,0.414823173,0.175889731,0.016571235,0.037609951
ENSG00000168906,438.3490593,2.29909056,0.121981518,6.79E-80,5.20E-78
ENSG00000168907,42.700108,-2.998365836,0.369882245,7.30E-17,9.67E-16
ENSG00000168916,5.499681406,4.0160099,1.489220079,0.000519524,0.001774222
ENSG00000168917,6.064415276,3.846874421,1.489606447,0.00074936,0.002476709
ENSG00000168918,17.71561993,-1.231548255,0.491059154,0.004720445,0.012615734
ENSG00000168936,17.23937757,-2.234725567,0.583174167,2.16E-05,9.71E-05
ENSG00000168938,29.96859649,-2.563896562,0.487140994,2.13E-08,1.43E-07
ENSG00000169016,18.59755896,2.044477498,0.576861443,8.36E-05,0.000337505
ENSG00000169018,67.7135623,-0.876431206,0.250890793,0.0002986,0.001076895
ENSG00000169019,23.65996412,-1.110578393,0.463886922,0.007562732,0.019054874
ENSG00000169020,171.2097871,-2.678049173,0.224400967,1.10E-33,3.26E-32
ENSG00000169035,599.334568,-1.544087916,0.114267789,3.94E-42,1.49E-40
ENSG00000169045,314.7280994,2.011141523,0.143266318,2.21E-45,8.90E-44
ENSG00000169057,19.89736957,2.199669157,0.523967334,5.31E-06,2.62E-05
ENSG00000169087,12.67056889,1.37760633,0.623712338,0.009030954,0.022213049
ENSG00000169093,45.07604298,1.885521015,0.338950673,6.54E-09,4.72E-08
ENSG00000169100,304.0172805,-1.920273646,0.178249858,1.10E-27,2.52E-26
ENSG00000169118,35.91530333,1.0880682,0.343786415,0.00078502,0.002578155
ENSG00000169129,28.32484642,-0.923856801,0.394303752,0.011116767,0.026666629
ENSG00000169136,40.9053131,1.03353336,0.328095453,0.000878866,0.002852719
ENSG00000169155,485.4321883,4.647654017,0.180631156,1.96E-146,3.51E-144
ENSG00000169174,18.53973377,-2.082953344,0.521928569,1.29E-05,6.03E-05
ENSG00000169180,192.5309863,2.627426575,0.179756573,4.13E-49,1.84E-47
ENSG00000169188,23.07591764,-2.593796837,0.510507647,5.63E-08,3.64E-07
ENSG00000169189,15.68601104,-1.668375348,0.555697963,0.000691087,0.002298332
ENSG00000169213,9.410478087,3.566303684,0.987228833,6.78E-05,0.00027946
ENSG00000169217,121.4463895,1.305709754,0.194178374,7.43E-12,7.09E-11
ENSG00000169220,13.03125753,-1.477071047,0.664054438,0.007679681,0.01931928
ENSG00000169221,40.00872834,1.313483696,0.350881379,7.33E-05,0.000299914
ENSG00000169223,206.3214043,0.6168781,0.157592273,7.43E-05,0.000303313
ENSG00000169230,236.3052189,-1.301255432,0.145623107,1.70E-19,2.65E-18
ENSG00000169241,83.10849643,-2.199904274,0.258865466,3.79E-18,5.50E-17
ENSG00000169242,102.1706804,-0.6272011,0.215984909,0.002911141,0.008273469
ENSG00000169246,5.442611987,3.501368924,1.510978576,0.001612775,0.004909181
ENSG00000169252,14.0160489,-1.795768803,0.587252556,0.000499566,0.001711311
ENSG00000169299,44.25237907,-2.878532282,0.353955589,6.27E-17,8.36E-16
ENSG00000169371,11.211004,-1.286811549,0.641638226,0.015679157,0.035849392
ENSG00000169375,21.90390129,0.950788112,0.445063933,0.018061506,0.040462108
ENSG00000169379,22.71418398,1.42752797,0.458825461,0.000637851,0.002135511
ENSG00000169429,1920.06706,10.78521385,0.504106392,5.91E-99,5.82E-97
ENSG00000169469,9304.707258,-2.656376143,0.085956892,1.58E-210,4.67E-208
ENSG00000169474,7907.33832,-2.333951638,0.152060821,5.36E-54,2.59E-52
ENSG00000169509,537.4919642,1.188756361,0.1512144,2.03E-15,2.48E-14
ENSG00000169550,23.86282039,-2.752432389,0.493443318,3.45E-09,2.57E-08
ENSG00000169554,2.157192014,3.886295704,2.844506886,0.00453142,0.012205164
ENSG00000169564,393.7281127,-0.62411053,0.114779877,4.20E-08,2.76E-07
ENSG00000169567,332.4671702,-1.593531004,0.123801781,2.10E-38,7.24E-37
ENSG00000169583,116.0469495,-2.846727036,0.244860504,4.20E-32,1.16E-30
ENSG00000169592,40.1637543,1.092588983,0.346117308,0.000803192,0.002631869
ENSG00000169594,78.99077556,-0.770650197,0.229091073,0.000537491,0.001830403
ENSG00000169599,19.81330282,-1.366822324,0.486540775,0.001738377,0.005241918
ENSG00000169612,83.53355763,0.968353928,0.241329065,3.55E-05,0.000154083
ENSG00000169635,16.1400776,1.663945656,0.608816824,0.001701823,0.005152079
ENSG00000169682,66.59559375,0.834950756,0.261203692,0.00092253,0.002976241
ENSG00000169689,24.11038701,-1.655995406,0.447680725,5.90E-05,0.000246482
ENSG00000169710,94.96052664,-1.261176231,0.220115354,4.50E-09,3.31E-08
ENSG00000169714,757.2079448,-0.623309817,0.083510053,6.90E-14,7.63E-13
ENSG00000169715,240.1370159,-0.970098556,0.153330357,1.51E-10,1.28E-09
ENSG00000169727,25.10380251,-1.707133823,0.436640245,2.41E-05,0.000107476
ENSG00000169738,26.09172752,-1.390135225,0.41909912,0.000318734,0.001143526
ENSG00000169740,19.53706432,-1.952221929,0.591601503,0.000201688,0.000753274
ENSG00000169764,56.64749649,-2.134333754,0.299973918,2.34E-13,2.50E-12
ENSG00000169813,158.2261951,-0.785552454,0.168414056,2.18E-06,1.14E-05
ENSG00000169857,21.58046912,-1.384579712,0.480567199,0.001375677,0.004253642
ENSG00000169860,14.72740341,1.780146487,0.564948711,0.000392879,0.00138214
ENSG00000169896,11.43357719,7.478081454,2.495783035,4.87E-08,3.17E-07
ENSG00000169902,26.7011577,0.980360266,0.424711375,0.0113593,0.027160281
ENSG00000169905,90.74125639,3.065746271,0.290110429,8.28E-27,1.84E-25
ENSG00000169914,45.50841877,2.80742618,0.424481435,7.62E-12,7.24E-11
ENSG00000169926,69.85599066,0.693260001,0.251853795,0.004411545,0.011915532
ENSG00000169951,73.59790875,4.758633863,0.488387989,9.17E-23,1.73E-21
ENSG00000169955,11.78940714,1.58995099,0.660162678,0.004351474,0.011777448
ENSG00000169957,74.01049977,0.75789889,0.264523372,0.002970694,0.008421232
ENSG00000169964,26.34597076,1.033214526,0.418409878,0.007007056,0.017881947
ENSG00000169976,239.5200535,-1.486571941,0.175031133,6.77E-18,9.64E-17
ENSG00000169981,35.33567996,0.901416378,0.361244348,0.007559042,0.019051505
ENSG00000169991,121.2652796,-2.274447411,0.239450269,3.72E-22,6.78E-21
ENSG00000169992,93.54663702,4.47016441,0.387571007,2.69E-31,7.16E-30
ENSG00000170004,168.7447358,2.470837417,0.193542268,4.13E-38,1.42E-36
ENSG00000170006,32.85988744,-2.973182186,0.417542646,1.57E-13,1.69E-12
ENSG00000170027,607.6295737,1.102719869,0.094623075,1.07E-31,2.93E-30
ENSG00000170037,117.0551572,3.488102986,0.275509749,2.06E-37,6.96E-36
ENSG00000170043,123.661326,-2.42411067,0.227796204,3.27E-27,7.39E-26
ENSG00000170128,2.521378251,3.529481609,3.889388274,0.008745131,0.021598072
ENSG00000170142,103.8739789,-0.770630348,0.220424938,0.00033145,0.001186794
ENSG00000170153,1.578989851,2.170249544,3.510327436,0.018674723,0.041666143
ENSG00000170175,59.73379889,2.911576337,0.351264632,2.08E-17,2.89E-16
ENSG00000170242,57.85996343,0.847230816,0.268742383,0.00106486,0.003382881
ENSG00000170248,155.7157415,0.518386169,0.163587267,0.001307253,0.004069007
ENSG00000170260,59.40494227,2.430985965,0.326119752,1.68E-14,1.92E-13
ENSG00000170266,18.36678081,-2.080017772,0.561726498,4.01E-05,0.00017276
ENSG00000170270,9.52277794,-2.526518922,0.903429736,0.000650469,0.002174238
ENSG00000170271,2.902194236,-2.299857578,1.610392797,0.015855206,0.03620047
ENSG00000170275,16.95814676,-2.295627696,0.547443713,4.89E-06,2.43E-05
ENSG00000170293,4.599493932,-2.058912342,1.464747742,0.021673743,0.047428714
ENSG00000170310,10.76093876,-2.448492234,0.743460455,0.000149765,0.000576769
ENSG00000170312,7.366430058,-1.478942114,0.757096502,0.013355284,0.031297058
ENSG00000170315,4370.518263,3.37849552,0.070845003,0,0
ENSG00000170322,80.63226167,2.374163873,0.292357582,9.09E-17,1.20E-15
ENSG00000170340,132.7844287,0.877535649,0.196638732,5.19E-06,2.57E-05
ENSG00000170345,2066.276386,6.658880504,0.162947811,0,0
ENSG00000170348,75.86596127,-2.314503469,0.251158515,5.80E-21,9.84E-20
ENSG00000170385,73.83028986,-0.63749059,0.247578011,0.007790615,0.01958134
ENSG00000170412,19.59456775,4.531483277,0.749624477,4.86E-10,3.91E-09
ENSG00000170421,52.29216016,0.982966186,0.346510316,0.002574253,0.007428335
ENSG00000170423,48.8576936,-1.395663197,0.336787296,1.23E-05,5.76E-05
ENSG00000170425,11.76004876,-1.796741858,0.75961469,0.003968505,0.010858298
ENSG00000170426,126.1615332,-1.797200477,0.237613142,9.65E-15,1.12E-13
ENSG00000170454,136.3472871,-4.439642917,0.272850895,2.43E-60,1.33E-58
ENSG00000170465,709.1423581,-4.582028717,0.127753339,1.66E-282,7.28E-280
ENSG00000170471,48.48642656,0.912065127,0.292993548,0.001152613,0.003630592
ENSG00000170473,30.56574081,-1.486651758,0.405948617,8.05E-05,0.000325899
ENSG00000170515,138.9312628,-2.260810671,0.189499208,1.60E-33,4.71E-32
ENSG00000170522,15.54465528,-2.263202407,0.582340243,1.76E-05,8.04E-05
ENSG00000170525,94.03742753,3.805557348,0.331592506,4.10E-31,1.09E-29
ENSG00000170537,14.10178799,1.295304661,0.649877956,0.016523181,0.037524414
ENSG00000170540,243.5229979,1.3797508,0.149394697,1.04E-20,1.72E-19
ENSG00000170542,11.00382928,1.527226092,0.723522608,0.009890246,0.024054701
ENSG00000170545,23.99315424,-1.682964325,0.451584986,5.14E-05,0.000217108
ENSG00000170549,5.095998822,1.744635534,1.053147579,0.018062643,0.040462108
ENSG00000170561,54.61245291,1.06332212,0.270817057,4.65E-05,0.000198252
ENSG00000170571,22.13304718,-2.662853411,0.511549091,3.03E-08,2.01E-07
ENSG00000170606,325.3737118,1.187637461,0.12881877,1.47E-20,2.42E-19
ENSG00000170632,10.24922666,-1.914102528,0.708612269,0.001427917,0.004401072
ENSG00000170677,50.79737834,0.838270956,0.29805692,0.003216207,0.009030575
ENSG00000170681,2.778230138,3.939870221,2.662328872,0.003331984,0.009323116
ENSG00000170689,3.301864813,3.078490104,2.602775626,0.008268887,0.020586911
ENSG00000170734,24.38654251,-2.039610017,0.460209396,1.88E-06,9.95E-06
ENSG00000170779,25.46086418,-1.930051948,0.43865629,2.42E-06,1.26E-05
ENSG00000170786,38.04137036,-2.534033694,0.376174473,2.75E-12,2.69E-11
ENSG00000170801,3.140741088,4.946580524,2.786057404,0.001165739,0.003665627
ENSG00000170802,33.13602777,1.451911134,0.379703751,4.87E-05,0.000206706
ENSG00000170832,53.17397619,0.842787867,0.280701489,0.001757401,0.005295976
ENSG00000170836,23.10229422,1.364760574,0.447964285,0.000846835,0.002759263
ENSG00000170852,73.46563329,2.211550092,0.285677548,2.08E-15,2.52E-14
ENSG00000170854,18.03820007,-2.12409292,0.574146067,4.16E-05,0.000179089
ENSG00000170855,79.39162306,-1.390074888,0.256306268,2.19E-08,1.47E-07
ENSG00000170860,39.03054725,-0.724062311,0.326574093,0.018723471,0.041744113
ENSG00000170871,70.65405634,1.860478763,0.285432568,1.93E-11,1.78E-10
ENSG00000170873,12.3198007,-2.657338349,0.678973807,1.31E-05,6.09E-05
ENSG00000170881,55.34395133,0.728207524,0.286699561,0.007972095,0.019978527
ENSG00000170889,161.0939593,-1.233407431,0.166496869,5.89E-14,6.53E-13
ENSG00000170892,42.04371257,0.963476262,0.30802124,0.001016797,0.003241571
ENSG00000170899,37.07870031,-3.693544213,0.436726784,3.97E-18,5.72E-17
ENSG00000170906,21.52291285,-2.359516117,0.499629238,3.92E-07,2.27E-06
ENSG00000170919,25.38392932,2.590500645,0.702919363,5.49E-05,0.000230909
ENSG00000170949,28.40315395,0.869740669,0.401400553,0.018479312,0.041312405
ENSG00000170955,10.81449095,-1.649109524,0.813539933,0.00952184,0.023234958
ENSG00000171044,12.8114988,2.904197051,0.819086754,7.53E-05,0.00030719
ENSG00000171056,33.56982958,0.858496863,0.355030638,0.009808253,0.023869496
ENSG00000171067,24.12941654,-1.383098418,0.456775348,0.000858249,0.002790176
ENSG00000171100,15.18505396,-1.444699213,0.541706991,0.002433859,0.007076763
ENSG00000171103,15.60882907,-1.080044263,0.508024769,0.015501284,0.035504365
ENSG00000171148,66.64019986,0.565094314,0.246635335,0.018088813,0.040514464
ENSG00000171150,20.47720853,1.44953594,0.47765359,0.000804161,0.002633999
ENSG00000171155,13.66705126,-2.582687662,0.801105071,0.000173126,0.000657453
ENSG00000171159,43.69531063,-3.095665918,0.41205555,7.98E-15,9.34E-14
ENSG00000171161,15.21680295,-1.41748781,0.58139645,0.004679545,0.012545791
ENSG00000171169,27.6349762,2.046372271,0.44971435,1.21E-06,6.54E-06
ENSG00000171202,59.92390087,-0.786154465,0.27587032,0.003011994,0.008518294
ENSG00000171204,28.72925587,-1.241958156,0.41837915,0.001211781,0.003795498
ENSG00000171206,17.88264293,1.417061781,0.513523224,0.001976528,0.00587803
ENSG00000171219,41.91902597,0.719461456,0.33429185,0.022434573,0.048813315
ENSG00000171222,18.48137251,-2.00038963,0.528122858,3.16E-05,0.00013813
ENSG00000171223,963.7087952,1.885448928,0.102375937,2.40E-76,1.73E-74
ENSG00000171246,3.764980262,5.332326836,2.665753149,0.00040713,0.001425348
ENSG00000171298,22.03336476,1.380291339,0.445926069,0.000708464,0.002350725
ENSG00000171307,34.40968628,-0.833116424,0.387163196,0.019742097,0.04373708
ENSG00000171311,14.96954207,-1.340864442,0.56244812,0.005974263,0.015515372
ENSG00000171314,56.4490344,-1.793539959,0.296430195,3.75E-10,3.05E-09
ENSG00000171401,14.57376663,-1.252861026,0.546821024,0.00813577,0.020314873
ENSG00000171443,15.88206309,-1.774836816,0.537919756,0.000227014,0.000838136
ENSG00000171448,12.11261315,1.22065403,0.62230278,0.019086116,0.042465729
ENSG00000171456,85.69309093,3.370727182,0.312444433,7.75E-28,1.79E-26
ENSG00000171467,18.03251717,1.871993644,0.542599485,0.000130975,0.000510641
ENSG00000171469,20.93396942,-1.589535048,0.485227628,0.000301159,0.001084773
ENSG00000171475,86.66647319,1.127818737,0.232880886,6.50E-07,3.66E-06
ENSG00000171476,48.7471094,-1.621121252,0.33070851,2.78E-07,1.64E-06
ENSG00000171497,151.5109945,1.33064323,0.214903142,2.47E-10,2.06E-09
ENSG00000171517,18.36151139,-2.324437809,0.534650963,2.40E-06,1.25E-05
ENSG00000171522,8.47849959,1.355880663,0.743336863,0.021002717,0.046127611
ENSG00000171530,73.50865385,-0.706263407,0.238485394,0.002245115,0.00658749
ENSG00000171552,63.62190263,-1.385691004,0.266234784,7.46E-08,4.74E-07
ENSG00000171606,259.2305686,4.6235184,0.231153864,1.81E-89,1.57E-87
ENSG00000171608,19.90174491,2.027006248,0.564088787,7.34E-05,0.000300229
ENSG00000171634,48.10718416,1.536381065,0.31484779,3.59E-07,2.09E-06
ENSG00000171681,60.79699022,2.376109569,0.305515053,1.54E-15,1.89E-14
ENSG00000171729,18.98641849,-1.08423081,0.476089853,0.010717252,0.025821265
ENSG00000171747,2.727711438,3.568421418,3.231887846,0.007466173,0.018844377
ENSG00000171786,10.30829332,7.041600546,2.468556795,3.03E-07,1.77E-06
ENSG00000171793,11.24873288,-1.839568015,0.658454258,0.001131842,0.003572161
ENSG00000171823,23.83056402,4.187802268,0.69929757,5.78E-10,4.62E-09
ENSG00000171858,513.8859884,-2.182043024,0.124621724,1.90E-69,1.25E-67
ENSG00000171863,171.042577,-1.002118339,0.159875415,2.09E-10,1.75E-09
ENSG00000171865,49.23908062,1.242854724,0.306130992,2.16E-05,9.73E-05
ENSG00000171867,667.9338873,-0.344811778,0.090274053,0.000124151,0.000486524
ENSG00000171903,31.3038162,8.975185754,2.525975565,7.45E-12,7.10E-11
ENSG00000171940,111.0124413,0.690215006,0.190246055,0.00021891,0.000811525
ENSG00000171954,37.3264368,-2.145213014,0.419284297,5.80E-08,3.74E-07
ENSG00000171960,32.15390353,-1.472608542,0.430322824,0.00019747,0.000740192
ENSG00000171970,60.95603723,2.307061146,0.290428036,3.79E-16,4.83E-15
ENSG00000171988,197.1948791,3.018130175,0.198281035,5.03E-53,2.42E-51
ENSG00000172005,9.886337909,7.910701617,2.764898153,2.15E-07,1.29E-06
ENSG00000172006,7.193734648,3.363413324,1.051074263,0.000176161,0.000667051
ENSG00000172037,128.840519,2.270727321,0.242836801,1.92E-21,3.35E-20
ENSG00000172046,64.1858032,1.011477944,0.265069133,7.65E-05,0.000311382
ENSG00000172053,45.03644721,-1.717379716,0.316840756,1.64E-08,1.13E-07
ENSG00000172059,43.65350414,3.243596807,0.389747525,1.39E-17,1.95E-16
ENSG00000172071,30.66336082,1.143661206,0.370862276,0.000975438,0.003124163
ENSG00000172081,24.04979539,-1.065192036,0.446168922,0.00822512,0.02049204
ENSG00000172086,19.58067358,-1.923521531,0.528208997,5.74E-05,0.00024019
ENSG00000172123,2.01898665,-2.862569122,2.959867433,0.012401487,0.029380487
ENSG00000172137,21.78004087,-1.257080667,0.519831518,0.005860131,0.015258893
ENSG00000172155,17.28713369,2.303466121,0.705783415,0.00018444,0.000695313
ENSG00000172172,21.32402915,-1.448906585,0.464577405,0.00058626,0.001976494
ENSG00000172183,21.44719279,1.877850033,0.500623765,4.27E-05,0.000183376
ENSG00000172216,403.8486909,0.948132688,0.110671525,6.64E-18,9.48E-17
ENSG00000172232,3.321939625,5.417370985,2.718918042,0.000436186,0.001517192
ENSG00000172262,22.68522691,0.937136976,0.427893398,0.016079303,0.036637028
ENSG00000172269,21.01349895,-1.052057282,0.466550254,0.011683809,0.027848816
ENSG00000172270,139.7368617,-1.758346968,0.188911602,3.61E-21,6.17E-20
ENSG00000172296,20.26322318,-3.49043142,0.601504044,8.74E-10,6.89E-09
ENSG00000172336,65.66253174,-1.525783848,0.332735052,1.42E-06,7.62E-06
ENSG00000172340,23.19260207,-2.587835255,0.514820998,7.59E-08,4.82E-07
ENSG00000172345,8.153570253,-1.643818513,0.751972502,0.006757941,0.017306478
ENSG00000172354,201.3326726,-0.381274878,0.14964813,0.009981852,0.02425528
ENSG00000172361,86.85291019,5.937305723,0.515199651,1.21E-30,3.16E-29
ENSG00000172380,156.6662015,-0.813007902,0.170894392,1.35E-06,7.27E-06
ENSG00000172425,7.164487011,6.223752528,2.658211412,5.94E-05,0.000247962
ENSG00000172428,58.83854188,-1.55422031,0.296771474,5.14E-08,3.35E-07
ENSG00000172432,118.8172589,1.313615896,0.225589023,2.56E-09,1.93E-08
ENSG00000172466,120.4492024,1.711823178,0.20614035,2.98E-17,4.07E-16
ENSG00000172469,4.541736258,-1.936361725,1.085796195,0.011602465,0.027677708
ENSG00000172493,40.24939149,0.90461196,0.326545434,0.003393546,0.009484374
ENSG00000172500,23.39221576,-0.981917288,0.413784324,0.009424119,0.023035321
ENSG00000172530,17.68046407,1.956787876,0.565062907,0.00011981,0.000470916
ENSG00000172531,130.5418326,-0.49107435,0.198025452,0.011330708,0.027096392
ENSG00000172534,122.8526883,3.21885313,0.272178472,4.95E-33,1.42E-31
ENSG00000172548,69.7897864,-2.02820958,0.267049869,6.61E-15,7.80E-14
ENSG00000172586,56.50632706,-2.042378522,0.328565116,1.07E-10,9.26E-10
ENSG00000172590,25.84920291,-1.553349494,0.446170943,0.000147343,0.000568336
ENSG00000172594,18.98514788,-2.579124088,0.652950486,1.02E-05,4.81E-05
ENSG00000172602,3.297901383,4.624778566,2.734341587,0.001600191,0.004874978
ENSG00000172613,15.61625573,1.195048324,0.545051855,0.012093571,0.028740342
ENSG00000172638,8.451091922,3.942527392,1.171492517,0.000186636,0.00070286
ENSG00000172661,65.90510827,2.272605091,0.287193896,5.21E-16,6.59E-15
ENSG00000172663,14.93894985,-1.527573645,0.580714633,0.002479902,0.007187547
ENSG00000172738,13.40588033,3.238483587,0.770183569,4.66E-06,2.32E-05
ENSG00000172757,181.6981737,-2.370218308,0.16586702,4.77E-47,2.01E-45
ENSG00000172766,35.78969827,3.29435799,0.477019273,8.71E-13,8.92E-12
ENSG00000172809,226.4339578,-1.460123875,0.157696915,7.29E-21,1.23E-19
ENSG00000172818,113.1865252,-0.990488732,0.200988733,4.75E-07,2.72E-06
ENSG00000172819,89.73843739,-1.278055831,0.224168617,5.07E-09,3.71E-08
ENSG00000172830,40.4390716,-1.612700927,0.35383282,1.58E-06,8.46E-06
ENSG00000172831,85.77389478,-2.477739344,0.258892304,1.81E-22,3.33E-21
ENSG00000172867,34.22035085,-3.399566393,0.457146302,1.25E-14,1.44E-13
ENSG00000172888,56.39028366,1.860681796,0.341250426,1.33E-08,9.24E-08
ENSG00000172893,71.40158562,-1.006090565,0.258391747,5.51E-05,0.000231392
ENSG00000172901,8.923181092,6.566038385,2.451012763,2.12E-06,1.11E-05
ENSG00000172936,72.33372132,-0.929087594,0.248542897,0.000111833,0.000442686
ENSG00000172939,162.5772244,0.61052135,0.166573032,0.000200135,0.000748427
ENSG00000172943,59.90712518,2.549719572,0.34814931,4.85E-14,5.40E-13
ENSG00000172977,101.4611336,2.130629556,0.237716637,7.15E-20,1.13E-18
ENSG00000172992,19.073664,-1.265496693,0.505684357,0.004714704,0.01260415
ENSG00000173039,116.0295087,1.723957536,0.209894621,6.35E-17,8.45E-16
ENSG00000173040,16.83755694,2.371282051,0.655396674,5.55E-05,0.000233224
ENSG00000173064,36.70089526,1.936474905,0.394039434,2.19E-07,1.31E-06
ENSG00000173110,2945.550104,12.14432979,0.70352501,1.25E-63,7.32E-62
ENSG00000173113,119.9343007,-1.729840218,0.225367405,4.49E-15,5.35E-14
ENSG00000173120,100.9561231,1.328661879,0.216282717,3.38E-10,2.76E-09
ENSG00000173141,21.24624465,-2.404624931,0.555652784,2.34E-06,1.22E-05
ENSG00000173145,124.7399471,2.481966319,0.224787679,4.72E-29,1.16E-27
ENSG00000173156,332.6280338,-2.487090183,0.13652553,7.02E-75,4.93E-73
ENSG00000173166,14.95511294,2.19650074,0.607582296,5.95E-05,0.000248325
ENSG00000173193,27.52137639,2.63860887,0.479766345,6.90E-09,4.95E-08
ENSG00000173210,19.47607824,1.176415074,0.472051343,0.005534112,0.014517018
ENSG00000173212,2.347428356,-2.159433983,2.242305112,0.017903045,0.040191642
ENSG00000173218,10.92511703,-2.082005802,0.71732363,0.000703725,0.002336069
ENSG00000173230,72.68174558,0.586830905,0.237625742,0.011029878,0.026495128
ENSG00000173239,46.7361213,-1.982047368,0.385373833,5.59E-08,3.62E-07
ENSG00000173264,44.06935325,2.345695064,0.380215462,1.28E-10,1.09E-09
ENSG00000173267,13.62050901,-2.086820648,0.622167009,0.000144208,0.000557877
ENSG00000173269,53.08103966,3.858471782,0.4065973,4.30E-22,7.82E-21
ENSG00000173272,11.74931152,-1.317079325,0.614907012,0.011047289,0.026532549
ENSG00000173273,40.72119233,1.840661307,0.355176128,5.78E-08,3.73E-07
ENSG00000173276,54.17046587,1.689124755,0.299801002,5.19E-09,3.79E-08
ENSG00000173281,13.8233993,-1.267191617,0.562091821,0.009044789,0.022243299
ENSG00000173334,216.7937703,3.156394627,0.177558711,2.06E-71,1.40E-69
ENSG00000173338,8.772160036,-2.292523098,0.836931202,0.000880288,0.002856695
ENSG00000173402,27.54872365,-2.117000117,0.451618789,5.45E-07,3.10E-06
ENSG00000173409,18.64483337,-2.884080143,0.574471148,7.93E-08,5.02E-07
ENSG00000173418,104.1588328,-1.936867057,0.238855163,1.19E-16,1.56E-15
ENSG00000173431,5.854535169,3.786296741,2.520143852,0.003166225,0.008907485
ENSG00000173432,16.14906175,-2.002092768,0.920623561,0.004123526,0.01123399
ENSG00000173436,20.08376024,-1.095887609,0.443597984,0.006366769,0.016412843
ENSG00000173442,48.17721888,-1.385413424,0.325748177,7.92E-06,3.81E-05
ENSG00000173451,14.97384147,2.095355752,0.623322103,0.00015636,0.000599125
ENSG00000173457,133.2464115,-0.462842668,0.184567392,0.010625183,0.02565066
ENSG00000173465,19.74288958,-1.333235421,0.522977037,0.003780309,0.010416532
ENSG00000173517,31.74920442,3.14023255,0.491592258,3.21E-11,2.91E-10
ENSG00000173530,171.3818086,3.30906527,0.246643452,1.16E-41,4.39E-40
ENSG00000173540,7.078929512,-1.556811569,0.791956679,0.012158706,0.028876178
ENSG00000173542,35.80598181,1.491716874,0.396027,5.68E-05,0.000237801
ENSG00000173545,156.6153919,0.84410334,0.182711609,2.65E-06,1.37E-05
ENSG00000173548,22.95332982,-1.698854968,0.454705734,5.05E-05,0.000213793
ENSG00000173559,22.50503771,1.237440269,0.48701923,0.004568716,0.012294184
ENSG00000173575,131.1841794,1.475349306,0.200712501,7.34E-14,8.08E-13
ENSG00000173598,17.86693159,1.537620331,0.52033824,0.000954159,0.003063463
ENSG00000173621,20.32167937,2.778012273,0.761609313,4.36E-05,0.000186897
ENSG00000173653,42.07428683,1.131596894,0.362950541,0.000856744,0.00278591
ENSG00000173660,186.7677272,-1.936961838,0.156367235,7.29E-36,2.30E-34
ENSG00000173674,35.09962152,-0.868045205,0.339405868,0.006600868,0.016943905
ENSG00000173726,71.81965759,-1.337242669,0.261255597,1.23E-07,7.62E-07
ENSG00000173744,66.16310709,1.156607139,0.263901904,5.71E-06,2.80E-05
ENSG00000173786,15.72157081,-1.580664814,0.568830529,0.001507609,0.004619166
ENSG00000173801,858.0744688,-2.592480265,0.095555644,7.01E-163,1.45E-160
ENSG00000173812,840.5207969,0.720979713,0.077485311,8.40E-21,1.41E-19
ENSG00000173818,13.39985098,1.751972369,0.643635301,0.00157917,0.004814987
ENSG00000173825,7.112780963,3.822868838,1.263599702,0.000439719,0.001528357
ENSG00000173889,35.05565404,1.957945711,0.393074326,1.53E-07,9.32E-07
ENSG00000173894,1.945152857,-2.729539479,4.761512588,0.012584101,0.029769283
ENSG00000173898,41.14006836,-1.435102573,0.323750723,3.32E-06,1.69E-05
ENSG00000173915,223.4954811,-1.768742456,0.160425683,7.91E-29,1.92E-27
ENSG00000173933,259.9480759,3.182925864,0.184799484,3.06E-67,1.93E-65
ENSG00000173991,7.924988655,3.619547238,1.199226292,0.000531909,0.001812244
ENSG00000174010,29.23200667,3.780274078,0.592558353,4.06E-11,3.65E-10
ENSG00000174013,26.99650909,-0.979380529,0.394214683,0.007129255,0.018136265
ENSG00000174021,296.3063631,0.524507632,0.13965163,0.000147865,0.000570046
ENSG00000174032,9.425848236,-2.234625122,0.790745083,0.000805852,0.002638196
ENSG00000174106,65.53733213,1.72784066,0.281393979,2.42E-10,2.02E-09
ENSG00000174132,26.21138537,-2.817445545,0.485636577,9.47E-10,7.44E-09
ENSG00000174233,43.6761274,1.530688494,0.354433236,5.17E-06,2.56E-05
ENSG00000174238,53.97646519,-0.827153227,0.287848878,0.002635089,0.007579191
ENSG00000174282,60.2499426,-1.228637143,0.289553027,9.83E-06,4.65E-05
ENSG00000174307,64.56961038,-2.295921016,0.319327154,1.17E-13,1.27E-12
ENSG00000174365,19.23202696,1.114872175,0.49730138,0.01144194,0.027339818
ENSG00000174405,92.99188406,1.528100866,0.224048834,3.15E-12,3.08E-11
ENSG00000174437,202.9093276,1.406443885,0.160185782,6.42E-19,9.66E-18
ENSG00000174444,651.6107031,-1.484996329,0.085074998,1.05E-68,6.78E-67
ENSG00000174485,15.94300247,1.912334998,0.581727132,0.000231685,0.000853855
ENSG00000174529,18.38980154,1.506093619,0.579649339,0.002794293,0.007990002
ENSG00000174547,21.89650911,-0.99110367,0.448831209,0.014161036,0.032903048
ENSG00000174564,176.3240724,-3.149359542,0.19123304,9.43E-62,5.25E-60
ENSG00000174574,302.2742432,1.071777747,0.139427974,8.25E-15,9.65E-14
ENSG00000174579,29.46446104,1.560170221,0.436825309,0.000110421,0.000437935
ENSG00000174652,97.76172355,2.918757067,0.268548986,3.10E-28,7.30E-27
ENSG00000174684,5.865119857,-3.329200822,1.160932176,0.000541786,0.001844162
ENSG00000174705,20.30725496,-2.111270071,0.500029297,4.82E-06,2.40E-05
ENSG00000174718,53.50178948,3.229122028,0.350465737,5.21E-21,8.86E-20
ENSG00000174738,44.6153085,2.009613645,0.335652788,4.92E-10,3.95E-09
ENSG00000174744,50.93975514,-1.775915696,0.302894025,1.19E-09,9.27E-09
ENSG00000174748,144.1054866,-1.703184827,0.177790148,2.83E-22,5.18E-21
ENSG00000174775,75.02533694,-0.726585866,0.250285457,0.002676985,0.007689495
ENSG00000174791,9.874198655,-2.240163252,0.78560564,0.000645416,0.002159341
ENSG00000174839,30.63918952,0.939038458,0.41177176,0.012789899,0.030192001
ENSG00000174842,6.193904934,-2.224385376,0.980405838,0.00366779,0.010145101
ENSG00000174851,53.30191237,-1.396796629,0.310529154,2.55E-06,1.32E-05
ENSG00000174871,3.391504619,2.712108384,1.661832503,0.008071105,0.020170798
ENSG00000174886,37.93547994,-0.953201321,0.355915636,0.004197037,0.011410646
ENSG00000174903,277.3029715,-0.720392906,0.132376251,3.94E-08,2.59E-07
ENSG00000174917,24.87524605,-3.286149794,0.564912556,7.62E-10,6.04E-09
ENSG00000174943,21.25233623,1.517251717,0.499971357,0.000771683,0.002540694
ENSG00000174950,8.6659562,-1.495571836,0.808444945,0.015721216,0.035922867
ENSG00000174953,38.35204614,1.296523126,0.358728291,0.000122957,0.000482497
ENSG00000174989,7.474812506,-1.495505441,0.783913305,0.014499624,0.033548958
ENSG00000174996,71.32748045,1.985520729,0.285384972,8.29E-13,8.52E-12
ENSG00000175003,12.24461727,5.094348147,1.106772353,1.99E-06,1.05E-05
ENSG00000175040,7.324944337,-1.551293078,0.885374512,0.017339525,0.039157256
ENSG00000175061,159.7782558,-2.039016218,0.177804396,4.33E-31,1.15E-29
ENSG00000175063,39.46244103,0.991305829,0.317147401,0.000995943,0.003181394
ENSG00000175066,4.972674003,-1.652436343,0.983696251,0.018752523,0.041787709
ENSG00000175073,29.14938596,1.637794144,0.41710563,2.54E-05,0.00011298
ENSG00000175104,34.97099736,1.377920086,0.360729706,5.11E-05,0.000216205
ENSG00000175105,59.34238233,2.304606184,0.319707188,1.17E-13,1.27E-12
ENSG00000175106,5.506458559,3.373510545,1.494357872,0.001977019,0.005878284
ENSG00000175110,23.55397083,-0.98003133,0.433111331,0.012486474,0.02955765
ENSG00000175121,43.39710914,-2.222998688,0.404640366,6.88E-09,4.94E-08
ENSG00000175130,41.37356713,0.920343848,0.364950243,0.006887272,0.017616622
ENSG00000175166,529.0016327,1.498092084,0.126848897,1.24E-32,3.49E-31
ENSG00000175182,11.9679487,-1.266040091,0.599751137,0.012778574,0.030170187
ENSG00000175183,79.20406039,2.83710114,0.293759048,8.54E-23,1.61E-21
ENSG00000175197,468.0693136,2.773147588,0.134864689,1.04E-94,9.80E-93
ENSG00000175213,29.2662712,1.015656885,0.387587918,0.004686986,0.012553235
ENSG00000175215,93.92528112,0.859876931,0.213760774,3.95E-05,0.00017022
ENSG00000175216,65.47508396,-0.822116111,0.250445605,0.000689707,0.00229427
ENSG00000175220,39.33563727,-1.061998737,0.323222538,0.000524562,0.001789741
ENSG00000175224,70.87176799,0.716502179,0.250213528,0.00309511,0.00872439
ENSG00000175265,36.57854771,2.077486405,0.422523636,2.01E-07,1.21E-06
ENSG00000175274,13.67585052,-1.255218755,0.586345231,0.012118788,0.02879082
ENSG00000175279,4.328706731,-1.686946796,1.042249313,0.020244651,0.044679552
ENSG00000175287,4.983486577,-3.415234706,1.529991856,0.002500301,0.00723653
ENSG00000175348,38.16897039,-2.159447184,0.36943869,1.02E-09,7.95E-09
ENSG00000175352,6.346142111,5.134526938,2.430287463,0.000189846,0.000713277
ENSG00000175376,51.65842337,1.2143389,0.305302379,3.13E-05,0.000137129
ENSG00000175390,24.53263873,-1.031216361,0.402710063,0.005401117,0.014204172
ENSG00000175416,508.4776017,-0.931594705,0.102376051,5.64E-20,8.94E-19
ENSG00000175470,166.5698813,4.575794812,0.268365742,1.17E-65,7.10E-64
ENSG00000175482,50.58104299,-1.090800859,0.306807326,0.000194274,0.000728778
ENSG00000175505,55.31564541,3.587726474,0.474049603,9.96E-15,1.15E-13
ENSG00000175564,2.158859392,2.007605436,1.926861167,0.022368968,0.048692522
ENSG00000175573,87.30653779,0.703855373,0.237018877,0.00223476,0.006559766
ENSG00000175581,9.756136179,-1.883228446,0.723710354,0.001867308,0.005584185
ENSG00000175582,102.2766966,-0.939194165,0.207093608,3.43E-06,1.74E-05
ENSG00000175592,496.0579349,3.38782157,0.126917048,1.15E-157,2.25E-155
ENSG00000175600,6.589349681,-1.972968139,0.959398887,0.006423576,0.016541593
ENSG00000175602,17.07699518,-1.51140358,0.545229797,0.001624703,0.004941335
ENSG00000175634,45.39268906,-1.085972848,0.300642378,0.000154374,0.000592298
ENSG00000175643,4.488078161,-1.911996859,1.103015456,0.012808068,0.030225037
ENSG00000175691,18.20232271,2.149859484,0.58528583,4.56E-05,0.000194908
ENSG00000175701,21.17492612,-2.500988808,0.551388967,9.55E-07,5.26E-06
ENSG00000175756,75.21861909,-1.826867592,0.267971917,2.37E-12,2.34E-11
ENSG00000175768,47.68283543,-1.659604758,0.314550728,3.78E-08,2.49E-07
ENSG00000175792,20.64793558,-2.635873471,0.522674918,6.92E-08,4.42E-07
ENSG00000175793,5120.979143,-2.716705153,0.07013333,0,0
ENSG00000175832,36.51233805,0.844032626,0.343835503,0.009009086,0.022174326
ENSG00000175854,16.95396543,-1.314057375,0.525210872,0.004473524,0.012060442
ENSG00000175866,143.1932383,2.643401216,0.238565965,2.93E-29,7.29E-28
ENSG00000175895,119.4445077,2.043994892,0.224297846,1.81E-20,2.96E-19
ENSG00000175906,36.91646519,-1.529931894,0.354202512,4.94E-06,2.45E-05
ENSG00000175984,66.14504827,0.629332859,0.25026392,0.009302695,0.022780826
ENSG00000176014,290.6930595,-0.349253197,0.129705514,0.006481868,0.01667095
ENSG00000176018,68.0340079,1.752706891,0.279284088,1.06E-10,9.16E-10
ENSG00000176046,72.22161283,-0.842706722,0.263361076,0.000891874,0.002890405
ENSG00000176076,9.218497684,6.810126094,2.559375445,3.88E-06,1.96E-05
ENSG00000176092,37.98862529,-0.819343656,0.332455741,0.008945442,0.022032658
ENSG00000176095,74.35968405,1.760663999,0.255555378,1.58E-12,1.58E-11
ENSG00000176101,48.8302111,-1.384065688,0.342430607,1.94E-05,8.78E-05
ENSG00000176105,149.6531731,1.078228009,0.179801422,1.08E-09,8.43E-09
ENSG00000176108,16.45075947,-1.699665796,0.5750955,0.000767627,0.002529639
ENSG00000176125,16.12993993,4.270432205,0.772985039,6.06E-09,4.39E-08
ENSG00000176153,16.04304865,-2.061091825,0.55344365,3.74E-05,0.00016149
ENSG00000176170,216.3908085,4.84555318,0.292253467,4.96E-62,2.82E-60
ENSG00000176194,6.972226665,-2.353121312,1.000310457,0.002333342,0.0068146
ENSG00000176261,19.30727379,-0.97289078,0.474856917,0.021137723,0.04637255
ENSG00000176340,491.9949662,-1.413991938,0.123278529,6.83E-31,1.80E-29
ENSG00000176386,80.91219887,2.066578479,0.321290556,2.74E-11,2.49E-10
ENSG00000176393,35.84846433,-2.659302032,0.403491641,6.73E-12,6.43E-11
ENSG00000176407,69.31301044,1.183732647,0.259142087,2.34E-06,1.22E-05
ENSG00000176428,5.928542127,3.344156765,1.518015506,0.002221731,0.006529462
ENSG00000176438,4.429091912,4.636848144,2.42609453,0.000572901,0.001937321
ENSG00000176444,60.33796682,0.994647452,0.278913099,0.000206328,0.000768818
ENSG00000176542,14.65508088,1.130260904,0.542262294,0.016448056,0.037365524
ENSG00000176593,9.650832992,2.942425235,0.994217075,0.000637709,0.002135511
ENSG00000176597,134.9791615,1.427844799,0.189737998,1.99E-14,2.26E-13
ENSG00000176619,41.48149732,-1.255156194,0.329168749,5.82E-05,0.000243561
ENSG00000176623,9.622462715,-1.905473064,0.737655911,0.001868732,0.005587289
ENSG00000176624,87.7113887,1.831632785,0.245069481,2.09E-14,2.37E-13
ENSG00000176658,32.69333079,-1.467109457,0.364443753,1.91E-05,8.67E-05
ENSG00000176731,33.32746107,-1.405781752,0.388098954,0.000102952,0.000409772
ENSG00000176788,186.277591,0.390914643,0.150688875,0.008944887,0.022032658
ENSG00000176840,47.70507332,9.582958282,2.579891381,2.44E-13,2.60E-12
ENSG00000176845,97.81809325,0.610520423,0.210194004,0.003020401,0.008535403
ENSG00000176853,54.58758438,0.812948319,0.284544977,0.002877381,0.008190382
ENSG00000176894,8.160101778,-1.925247468,0.812835352,0.003489851,0.009717892
ENSG00000176896,5.559358952,1.588240498,0.946606397,0.021010808,0.046131386
ENSG00000176903,83.85865869,1.162747164,0.254250559,2.34E-06,1.22E-05
ENSG00000176915,133.3752257,2.742506655,0.227247524,3.22E-34,9.85E-33
ENSG00000176928,12.37933993,-1.897303148,0.638255135,0.000621575,0.002085357
ENSG00000176974,7.350258608,-2.095775879,0.885982392,0.002998889,0.008484549
ENSG00000176986,200.0419492,0.822520794,0.158453858,1.44E-07,8.84E-07
ENSG00000176994,101.989938,2.272084656,0.248339056,1.23E-20,2.03E-19
ENSG00000177000,51.25858078,3.057583261,0.4010924,4.99E-15,5.92E-14
ENSG00000177042,82.86978949,2.708212818,0.292078025,3.14E-21,5.38E-20
ENSG00000177084,12.14296363,1.290978507,0.614761609,0.012986087,0.030590296
ENSG00000177098,2.964978039,-3.262140417,1.786812662,0.00417238,0.011352136
ENSG00000177106,184.4571399,0.814804293,0.172076646,1.59E-06,8.48E-06
ENSG00000177125,54.18435397,2.949329311,0.367187707,1.79E-16,2.33E-15
ENSG00000177156,102.0084322,-2.027086313,0.217681249,2.80E-21,4.83E-20
ENSG00000177169,79.95466121,2.10970396,0.304675117,9.46E-13,9.67E-12
ENSG00000177189,48.37712897,1.252600452,0.29832303,1.18E-05,5.52E-05
ENSG00000177191,8.189518395,-1.84705648,0.957732821,0.009447082,0.023079762
ENSG00000177239,15.10491392,-1.287217365,0.536597222,0.006114104,0.015831944
ENSG00000177283,25.44405863,5.28887352,0.808836434,3.09E-11,2.81E-10
ENSG00000177374,6.060073337,2.926284307,1.237602525,0.003217255,0.009031768
ENSG00000177383,38.42539146,-1.814994766,0.406094903,1.94E-06,1.02E-05
ENSG00000177410,52.67853783,-0.666298566,0.270771259,0.010432091,0.025230779
ENSG00000177463,39.54724352,1.966109958,0.366100282,1.90E-08,1.29E-07
ENSG00000177469,213.1039483,-0.639085932,0.144320465,7.51E-06,3.63E-05
ENSG00000177479,55.22661977,1.199540209,0.295701587,2.31E-05,0.000103326
ENSG00000177494,32.99440879,-2.834910822,0.44327634,2.20E-11,2.03E-10
ENSG00000177508,42.76301664,-1.1751436,0.323864565,0.000129353,0.000504995
ENSG00000177542,26.30108438,1.19979319,0.409256888,0.001482877,0.00455013
ENSG00000177556,22.16998253,-2.40010287,0.504392514,3.15E-07,1.84E-06
ENSG00000177595,15.6415693,1.203814218,0.560232889,0.01286669,0.030338653
ENSG00000177600,560.2107164,-2.062688336,0.099742485,1.12E-95,1.07E-93
ENSG00000177606,1850.075274,3.560528595,0.081889436,0,0
ENSG00000177628,35.10223432,-1.370144828,0.394380628,0.000188217,0.00070789
ENSG00000177646,24.5752472,-2.624593358,0.489863335,1.29E-08,8.98E-08
ENSG00000177666,123.8664749,2.34185389,0.218106639,1.34E-27,3.07E-26
ENSG00000177674,39.14138541,-2.071045594,0.411122507,9.35E-08,5.86E-07
ENSG00000177675,2.10007805,3.012980496,3.177417248,0.01109774,0.026627219
ENSG00000177688,9.533587822,4.630314255,1.562447567,0.000184003,0.000693844
ENSG00000177697,98.81533326,-1.261673763,0.224805942,8.75E-09,6.19E-08
ENSG00000177700,170.6037288,-2.28459843,0.22521323,6.09E-25,1.26E-23
ENSG00000177731,183.1779594,1.127207861,0.159572185,8.33E-13,8.55E-12
ENSG00000177733,63.69778577,1.269955042,0.277003656,1.97E-06,1.04E-05
ENSG00000177822,6.276839613,2.325472467,1.098187049,0.005888119,0.015326257
ENSG00000177830,12.33615203,-2.197295978,0.685419061,0.000224336,0.000829516
ENSG00000177879,58.16046663,-1.596311784,0.292594381,1.52E-08,1.05E-07
ENSG00000177885,54.69724422,-1.026860258,0.281775331,0.000145129,0.000560692
ENSG00000177951,32.51626287,-1.136437034,0.380295148,0.001306576,0.004067776
ENSG00000177954,637.9391423,-2.047778686,0.110365989,1.55E-77,1.15E-75
ENSG00000177971,33.31893785,-1.907226619,0.421778079,1.36E-06,7.29E-06
ENSG00000178035,181.606227,-0.958883306,0.155007498,3.67E-10,2.98E-09
ENSG00000178038,155.5008064,0.408457604,0.174593714,0.017569534,0.039571762
ENSG00000178057,26.36145894,-2.537289396,0.505281006,7.40E-08,4.71E-07
ENSG00000178074,11.65106765,-1.668476308,0.6945054,0.00398871,0.010905688
ENSG00000178078,83.19211831,0.989836913,0.234634473,1.41E-05,6.52E-05
ENSG00000178093,10.25718118,1.40039577,0.794268607,0.022458087,0.048857136
ENSG00000178096,61.334,0.922966108,0.309301448,0.001730508,0.005221455
ENSG00000178127,72.6156103,-1.039076349,0.258694306,3.17E-05,0.000138526
ENSG00000178163,43.89579602,1.704222672,0.347555236,2.78E-07,1.64E-06
ENSG00000178172,162.8265869,-2.372996018,0.317565973,1.21E-14,1.39E-13
ENSG00000178184,17.21815949,-2.836771736,0.588352655,2.07E-07,1.24E-06
ENSG00000178202,6.131833473,-2.002281381,0.959817118,0.006174093,0.015958741
ENSG00000178209,290.1813446,1.339834196,0.168836169,1.09E-15,1.35E-14
ENSG00000178233,2.090733107,3.289001673,3.243112632,0.009225421,0.022618371
ENSG00000178234,12.11684569,-1.5958356,0.65508482,0.003926198,0.010769341
ENSG00000178252,104.7284954,1.235281549,0.22502895,1.84E-08,1.25E-07
ENSG00000178297,2.191865219,2.719301083,3.65218971,0.013550386,0.031668529
ENSG00000178363,222.7438631,-4.582309611,0.238324371,1.93E-83,1.54E-81
ENSG00000178372,1005.133689,-2.975159442,0.150701616,1.06E-87,9.12E-86
ENSG00000178381,128.4842263,3.507554037,0.258529633,1.12E-42,4.32E-41
ENSG00000178425,5.344929838,-2.310254985,1.024987096,0.003423042,0.009553904
ENSG00000178449,30.98244118,-1.140564963,0.45622554,0.005426691,0.014261069
ENSG00000178467,10.22289281,2.039821543,0.830181236,0.00282681,0.008073414
ENSG00000178498,49.61992102,4.382400836,0.527744431,3.52E-17,4.79E-16
ENSG00000178502,12.21999676,1.704517955,0.71647204,0.004355205,0.011783579
ENSG00000178531,15.61630537,-2.214181213,0.596940267,3.74E-05,0.000161705
ENSG00000178537,20.7251112,-1.801728494,0.529788193,0.000164046,0.000625759
ENSG00000178573,13.06057605,-2.50778023,0.643454896,1.44E-05,6.64E-05
ENSG00000178585,64.93390866,-2.246614948,0.290270494,1.85E-15,2.26E-14
ENSG00000178607,21.92161499,1.795284268,0.492707324,6.88E-05,0.000283296
ENSG00000178623,3.613743928,5.42414317,2.631580703,0.000292737,0.001058557
ENSG00000178691,42.35040607,1.074106747,0.338486668,0.00077515,0.002548664
ENSG00000178726,18.27078426,-2.915878292,0.571742382,4.84E-08,3.15E-07
ENSG00000178741,104.9718129,-1.868131371,0.237921725,9.88E-16,1.23E-14
ENSG00000178764,14.65134958,1.121018462,0.572817464,0.022376884,0.048702433
ENSG00000178773,30.21435416,1.774666298,0.44651243,1.86E-05,8.46E-05
ENSG00000178776,13.38227438,-1.447537183,0.800434119,0.01754255,0.039537149
ENSG00000178802,3.730058017,-1.874902112,1.176063858,0.017130972,0.03875277
ENSG00000178896,26.97146941,-1.237880837,0.435891222,0.001810664,0.005433867
ENSG00000178913,700.1768487,2.82157712,0.107139374,4.39E-153,8.47E-151
ENSG00000178919,9.614424065,-2.113176047,0.746570941,0.000827262,0.002701968
ENSG00000178934,945.2012244,-3.097766591,0.100039725,2.46E-211,7.43E-209
ENSG00000178950,37.30502606,1.257215299,0.366232077,0.000254592,0.000931402
ENSG00000178952,125.3777683,-1.130936192,0.202084601,1.09E-08,7.60E-08
ENSG00000178977,5.681428292,3.407155111,1.286214776,0.001305398,0.00406498
ENSG00000178980,349.9688156,2.300691908,0.130148612,1.20E-70,8.09E-69
ENSG00000178982,68.42137717,-2.706235407,0.282445263,1.54E-22,2.86E-21
ENSG00000178988,134.9914852,0.63823205,0.188973864,0.000595128,0.00200406
ENSG00000178996,5.619233816,-2.345076318,0.995263588,0.002702246,0.007754365
ENSG00000179041,24.92878223,-2.640439949,0.551055148,2.34E-07,1.40E-06
ENSG00000179046,169.5930562,3.77158364,0.227625821,2.19E-62,1.26E-60
ENSG00000179051,88.55132297,-1.452366302,0.219580623,1.36E-11,1.27E-10
ENSG00000179085,30.37513802,-2.540514715,0.552936625,5.97E-07,3.38E-06
ENSG00000179091,86.20551975,-1.325219653,0.267593146,2.95E-07,1.73E-06
ENSG00000179094,292.1342198,3.099650077,0.186145554,4.56E-63,2.65E-61
ENSG00000179111,2.995704123,2.994976252,1.748824975,0.005940198,0.015442606
ENSG00000179115,78.58919821,-1.534434762,0.25627985,7.07E-10,5.62E-09
ENSG00000179119,84.71474505,1.543096173,0.238321447,3.53E-11,3.19E-10
ENSG00000179134,123.2891234,2.178572672,0.21856705,4.72E-24,9.34E-23
ENSG00000179141,3.496678263,4.71882794,2.948969764,0.002168219,0.006385156
ENSG00000179148,333.5738047,3.644269745,0.165886881,9.21E-108,1.04E-105
ENSG00000179152,6.213655711,-1.848462962,0.920981226,0.008622212,0.021342123
ENSG00000179178,22.26106408,-1.283205392,0.470529408,0.002484054,0.0071967
ENSG00000179195,88.18147116,0.924869921,0.231337142,3.95E-05,0.000170068
ENSG00000179218,553.5851271,-1.916091266,0.100878639,4.73E-81,3.68E-79
ENSG00000179271,35.46307696,-2.556288097,0.431196968,4.62E-10,3.72E-09
ENSG00000179331,11.83666751,7.940350541,2.556163852,1.15E-08,8.04E-08
ENSG00000179335,55.56925486,2.984169078,0.356364115,1.03E-17,1.45E-16
ENSG00000179344,6.21715977,-2.827795381,1.068697271,0.001058411,0.003366088
ENSG00000179361,100.6722489,5.846265951,0.567436561,1.06E-24,2.17E-23
ENSG00000179387,7.047890151,-3.365552552,1.090254717,0.000314825,0.001130903
ENSG00000179388,97.3847781,1.005541542,0.223836158,4.02E-06,2.02E-05
ENSG00000179431,42.06958787,1.167420794,0.339139195,0.000270641,0.000984645
ENSG00000179456,20.8869381,2.177096679,0.511133595,4.18E-06,2.09E-05
ENSG00000179477,34.09173655,-1.674552098,0.368222667,1.50E-06,8.02E-06
ENSG00000179526,27.4701789,-1.85534409,0.43066107,3.85E-06,1.94E-05
ENSG00000179532,8.10135675,1.710117539,0.849088446,0.010341486,0.02503255
ENSG00000179564,1.958795978,2.425222309,3.945388963,0.015692587,0.035874433
ENSG00000179593,36.46381437,-2.983201875,0.406280081,2.94E-14,3.32E-13
ENSG00000179598,13.17479284,3.12398395,0.77313002,9.47E-06,4.49E-05
ENSG00000179632,46.25990559,-1.570149278,0.332992824,7.63E-07,4.25E-06
ENSG00000179674,81.48347675,5.43785254,0.503435195,1.63E-27,3.71E-26
ENSG00000179743,5.214755294,2.172596278,1.336153982,0.01640524,0.037291661
ENSG00000179750,10.14413368,2.037639421,0.737908829,0.001097271,0.003472627
ENSG00000179818,3.328993059,2.353290046,1.650729753,0.013413308,0.031397462
ENSG00000179820,54.58314161,1.722775826,0.335794831,8.44E-08,5.32E-07
ENSG00000179832,42.88260672,1.271403083,0.356756103,0.000154549,0.000592814
ENSG00000179833,64.39438183,0.754768527,0.256156709,0.002313049,0.006760788
ENSG00000179862,23.95223342,-2.426533968,0.539607518,1.04E-06,5.69E-06
ENSG00000179889,74.74515637,1.115518069,0.256134275,6.80E-06,3.30E-05
ENSG00000179913,13.8433173,-1.619125322,0.708548906,0.005569444,0.014588558
ENSG00000179918,70.95103419,-0.703111429,0.263627345,0.005594125,0.014642612
ENSG00000179921,3.365705944,2.132297257,1.498282447,0.019763371,0.043770818
ENSG00000179941,17.01831942,-1.237152663,0.526027731,0.007312859,0.018528469
ENSG00000179950,109.3010109,1.195732778,0.212969285,9.42E-09,6.65E-08
ENSG00000179958,26.11583601,-2.433879573,0.531573878,7.36E-07,4.11E-06
ENSG00000180008,79.66433177,2.123139202,0.275930506,3.31E-15,3.99E-14
ENSG00000180011,8.072605025,-1.70578051,0.818963473,0.00832133,0.020696128
ENSG00000180043,19.59843166,8.342196529,2.513662892,4.41E-10,3.56E-09
ENSG00000180071,6.852670394,1.840919882,1.101974732,0.018859773,0.04199439
ENSG00000180089,11.90325612,2.180091949,0.759018058,0.000722147,0.002393382
ENSG00000180098,38.1781307,1.541397085,0.378524789,1.52E-05,6.99E-05
ENSG00000180104,38.1092181,1.036796956,0.353178118,0.00176568,0.005318712
ENSG00000180182,15.75159991,-1.384439933,0.542889241,0.003637261,0.010072201
ENSG00000180185,17.18953985,-2.172679616,0.619215774,7.78E-05,0.000315992
ENSG00000180190,26.71781792,1.029329239,0.445285365,0.010590251,0.025574854
ENSG00000180198,59.69729302,-0.617353124,0.27245994,0.018652811,0.041648836
ENSG00000180228,33.50920549,-1.136506146,0.368439764,0.000972385,0.003115895
ENSG00000180304,49.3516833,1.879449295,0.342488493,1.06E-08,7.41E-08
ENSG00000180316,9.694869247,-2.471205654,0.849964104,0.000506924,0.001734056
ENSG00000180329,32.39123116,-1.344929038,0.39405756,0.000239101,0.000879618
ENSG00000180357,51.18781683,1.282256065,0.298938252,7.64E-06,3.69E-05
ENSG00000180370,89.3483474,0.728653605,0.223597418,0.000854606,0.002780207
ENSG00000180448,10.14959763,2.214953596,1.00876114,0.005947481,0.015455765
ENSG00000180530,160.9233627,2.15832889,0.181700489,3.25E-33,9.43E-32
ENSG00000180573,239.1735823,2.14322702,0.177765952,3.70E-34,1.12E-32
ENSG00000180596,143.196039,3.040220474,0.25807741,7.53E-33,2.15E-31
ENSG00000180628,29.05859712,2.64471351,0.48579681,9.91E-09,6.97E-08
ENSG00000180667,211.1013325,3.140243609,0.209819545,2.48E-51,1.16E-49
ENSG00000180739,6.729696863,-3.670117959,1.27623423,0.000407405,0.001425966
ENSG00000180758,14.87102519,-1.925269974,0.645320203,0.000559911,0.001898716
ENSG00000180787,16.08303034,2.619735485,0.723525795,5.55E-05,0.000233013
ENSG00000180806,15.8524237,2.018052926,0.660049174,0.000454592,0.001571375
ENSG00000180817,65.41382433,-1.589969167,0.260506264,3.23E-10,2.65E-09
ENSG00000180871,8.841557856,-3.515554037,0.945940315,2.53E-05,0.000112623
ENSG00000180879,30.14620328,-2.917103204,0.446952068,1.02E-11,9.61E-11
ENSG00000180900,72.01233974,1.0943689,0.265032919,1.87E-05,8.49E-05
ENSG00000180914,13.88523415,4.834057576,1.065414132,3.21E-06,1.64E-05
ENSG00000180921,124.4515554,-0.510686353,0.198153741,0.008538256,0.021162949
ENSG00000180953,11.96205909,1.754626865,0.74274025,0.003977183,0.010878279
ENSG00000180957,175.4075698,1.67650401,0.176252244,5.69E-22,1.02E-20
ENSG00000180964,50.96221196,-2.470935584,0.341406331,7.43E-14,8.18E-13
ENSG00000180992,117.0684891,-0.606110633,0.256852622,0.014365835,0.033307198
ENSG00000181016,51.56408056,5.999436457,0.833568808,1.22E-12,1.23E-11
ENSG00000181019,44.32617245,-1.162633142,0.35482999,0.00048889,0.001679509
ENSG00000181026,85.77549488,1.969957635,0.253347076,1.86E-15,2.27E-14
ENSG00000181029,12.78494643,-1.567386516,0.611671078,0.002812307,0.0080351
ENSG00000181045,22.75934788,1.966792166,0.535193276,5.43E-05,0.000228676
ENSG00000181061,90.40265842,-2.454822364,0.262229372,1.35E-21,2.38E-20
ENSG00000181104,8.795093688,-2.307387049,0.773500391,0.000459579,0.001587996
ENSG00000181135,16.71034358,1.147688929,0.532347085,0.013554417,0.031671447
ENSG00000181163,310.6671914,-1.084397466,0.131898652,1.04E-16,1.37E-15
ENSG00000181192,5.365873099,-2.009888693,0.990454434,0.006745485,0.017281427
ENSG00000181218,228.6249561,3.640108847,0.220286289,3.79E-62,2.16E-60
ENSG00000181220,24.78778611,1.465267158,0.45399257,0.000420566,0.001468481
ENSG00000181222,161.254052,0.40892615,0.168950033,0.014106147,0.032796566
ENSG00000181323,6.174471371,6.089926144,2.756145864,0.000152851,0.000586922
ENSG00000181333,11.95358926,-1.405970386,0.619697999,0.007159579,0.01819742
ENSG00000181404,52.11241017,0.984749601,0.3325525,0.001718412,0.005190366
ENSG00000181444,32.75810074,1.224476301,0.411194524,0.001258247,0.003929987
ENSG00000181450,11.6209859,2.973108845,0.808401117,3.79E-05,0.000163715
ENSG00000181458,185.1294549,-2.672827781,0.195291955,1.83E-43,7.15E-42
ENSG00000181467,24.62362389,-1.043465014,0.407031851,0.00518436,0.013693821
ENSG00000181472,52.44817221,2.541959268,0.338123874,1.03E-14,1.19E-13
ENSG00000181481,13.64510331,-2.265534954,0.621415784,4.49E-05,0.000191934
ENSG00000181555,78.13651954,1.814807327,0.260678698,9.85E-13,1.00E-11
ENSG00000181610,16.23550224,-1.265033783,0.526425704,0.006199776,0.016016548
ENSG00000181649,554.4911858,2.107117186,0.11920958,1.45E-70,9.76E-69
ENSG00000181652,13.49520881,1.990576563,0.659187872,0.000541761,0.001844162
ENSG00000181690,10.04056795,1.890604976,0.787688206,0.003579013,0.009935603
ENSG00000181773,46.34021853,5.46836297,0.748977522,3.08E-13,3.26E-12
ENSG00000181788,55.42035999,-1.22832593,0.299414223,1.77E-05,8.07E-05
ENSG00000181789,80.83294192,-1.07324753,0.230251055,1.66E-06,8.83E-06
ENSG00000181804,4.875722145,-2.147447469,1.193400639,0.008715895,0.021536886
ENSG00000181817,29.33291282,-1.548281892,0.457010472,0.000206516,0.000769124
ENSG00000181827,27.30276487,0.929296913,0.408890801,0.013248344,0.031091737
ENSG00000181852,20.57516275,-0.973678402,0.469140145,0.020137033,0.044482722
ENSG00000181894,21.97359853,1.474504957,0.463784128,0.00048818,0.001677865
ENSG00000181904,14.25346069,-1.326961433,0.575932475,0.007431286,0.018779237
ENSG00000181924,43.62849174,-2.1165764,0.35847639,7.27E-10,5.77E-09
ENSG00000181929,40.44700296,-1.234864754,0.321752908,5.34E-05,0.000225302
ENSG00000181991,10.02758814,-1.358703749,0.666024379,0.013235636,0.031077025
ENSG00000182022,51.68262544,1.637599002,0.332358681,2.53E-07,1.50E-06
ENSG00000182054,18.67060843,-3.610467398,0.661655328,6.25E-09,4.51E-08
ENSG00000182087,264.9244842,1.818104465,0.154810088,2.05E-32,5.74E-31
ENSG00000182117,602.7978734,-1.046389458,0.102704122,1.25E-24,2.54E-23
ENSG00000182118,31.02409425,-2.218632108,0.438370287,7.47E-08,4.75E-07
ENSG00000182149,178.8944356,1.974876489,0.175923972,7.50E-30,1.92E-28
ENSG00000182150,13.02540377,2.233630762,0.673084088,0.000174728,0.000662668
ENSG00000182154,75.6335134,-1.970094524,0.344603379,2.29E-09,1.73E-08
ENSG00000182165,3.538387191,-1.807363784,1.261746996,0.021765385,0.047578922
ENSG00000182180,74.72393123,-1.391686074,0.260576389,3.56E-08,2.35E-07
ENSG00000182195,10.07096391,-3.10592904,0.79403577,1.29E-05,6.04E-05
ENSG00000182196,63.80399705,-1.085468812,0.276255934,4.34E-05,0.000186045
ENSG00000182208,39.63608185,0.865442688,0.329088325,0.005410041,0.014225059
ENSG00000182220,19.36651378,-2.07578182,0.494374868,5.32E-06,2.63E-05
ENSG00000182224,195.9105888,4.780091427,0.253870857,1.32E-79,1.00E-77
ENSG00000182308,6.024951773,2.574333754,1.09977689,0.003148547,0.00886473
ENSG00000182310,13.02893087,3.48014808,0.97012001,7.85E-05,0.000318526
ENSG00000182324,17.15440154,4.336245874,0.91012399,7.52E-07,4.20E-06
ENSG00000182325,34.63942995,1.016055619,0.40738988,0.006722735,0.017232288
ENSG00000182326,5.854147073,2.208017064,1.070485355,0.006116555,0.015835457
ENSG00000182378,48.5005597,1.602303162,0.328257695,3.26E-07,1.90E-06
ENSG00000182379,8.315729455,-2.483384579,0.889006207,0.000788655,0.002589505
ENSG00000182393,4.664546988,5.648681353,3.400087363,0.001786932,0.005373785
ENSG00000182446,94.55234992,1.353903312,0.229972999,1.59E-09,1.23E-08
ENSG00000182459,4.07060473,5.428315924,2.820267518,0.000634686,0.002125897
ENSG00000182472,22.60373072,3.575711417,0.616722068,1.32E-09,1.02E-08
ENSG00000182481,239.6485941,0.944394124,0.136087838,2.36E-12,2.33E-11
ENSG00000182511,3.535792481,4.907089428,2.558489597,0.000588598,0.001983914
ENSG00000182512,19.45773703,-1.037360417,0.455980813,0.011479744,0.027416576
ENSG00000182518,8.787848956,-2.205724314,0.848235851,0.001407551,0.004343848
ENSG00000182541,67.75501899,-1.451028964,0.251797917,2.92E-09,2.19E-08
ENSG00000182544,53.95208646,-1.400929825,0.309146606,2.13E-06,1.12E-05
ENSG00000182551,25.21257165,-2.324989283,0.439410661,2.14E-08,1.44E-07
ENSG00000182552,11.16198732,-2.187012439,0.696452079,0.000291878,0.001056072
ENSG00000182568,9.416856303,1.537154593,0.723004083,0.009212201,0.022589783
ENSG00000182580,43.76392397,-0.968558359,0.313382016,0.001136948,0.003585932
ENSG00000182585,122.0103727,-3.487316621,0.252462789,2.30E-44,9.15E-43
ENSG00000182628,20.06237509,-1.087907586,0.454385529,0.007905216,0.019831519
ENSG00000182636,5.418640757,-2.720813299,1.302761669,0.004066313,0.011101097
ENSG00000182670,15.86717142,-2.144208444,0.570799248,3.27E-05,0.000142554
ENSG00000182704,13.57996836,-1.763519465,0.625772095,0.001141639,0.003599159
ENSG00000182718,766.5670097,-1.27426772,0.083478626,5.51E-53,2.64E-51
ENSG00000182749,41.82307665,-1.910942376,0.360448686,2.77E-08,1.85E-07
ENSG00000182759,2.251844431,2.828201473,3.931689504,0.013746743,0.032053598
ENSG00000182774,511.7402349,-1.952470517,0.111231261,1.20E-69,7.98E-68
ENSG00000182782,9.554439702,-1.996468593,0.766194772,0.001539534,0.004705033
ENSG00000182795,102.045408,-1.012589079,0.215879877,1.54E-06,8.26E-06
ENSG00000182827,91.09703202,-0.507475421,0.222482725,0.019390912,0.043071085
ENSG00000182831,50.17756423,1.59005476,0.323717898,2.91E-07,1.71E-06
ENSG00000182870,4.053698811,5.858038651,2.601671555,8.98E-05,0.000360344
ENSG00000182872,218.6821971,2.579015319,0.19121672,3.26E-42,1.24E-40
ENSG00000182873,5.143241791,3.193845209,1.642447151,0.003737059,0.010307164
ENSG00000182899,353.3401965,-1.214779587,0.120710008,3.63E-24,7.24E-23
ENSG00000182903,48.6563671,1.83434576,0.345976005,3.00E-08,2.00E-07
ENSG00000182944,460.0313332,3.404193109,0.136381617,3.07E-138,5.00E-136
ENSG00000182963,20.93513955,3.041390649,0.607863469,1.03E-07,6.45E-07
ENSG00000182979,30.97420776,0.904329867,0.393574895,0.012777895,0.030170187
ENSG00000183010,13.00071236,-1.636064198,0.658716004,0.003417681,0.009540779
ENSG00000183020,43.14094972,1.258274877,0.331169721,6.25E-05,0.000259429
ENSG00000183049,5.401466073,-1.935301716,0.974420344,0.007976343,0.019982258
ENSG00000183087,83.24523237,1.705755514,0.240701402,4.00E-13,4.20E-12
ENSG00000183092,3.643461133,2.423428232,2.401364527,0.015091856,0.034703839
ENSG00000183111,36.75083373,-3.219662609,0.414438074,1.08E-15,1.34E-14
ENSG00000183161,4.723268522,-2.243008044,1.21690346,0.009364433,0.022904898
ENSG00000183172,27.09982641,-1.518115648,0.447593417,0.000211926,0.000787651
ENSG00000183186,13.83120174,1.380458115,0.615757209,0.008257915,0.020566667
ENSG00000183207,51.06775924,-1.655991492,0.297276565,7.40E-09,5.28E-08
ENSG00000183255,99.39050106,-0.551467557,0.210194949,0.00711823,0.018114582
ENSG00000183283,169.8954911,0.976607475,0.16233206,1.07E-09,8.36E-09
ENSG00000183291,92.34926099,-0.921601505,0.228422067,3.45E-05,0.000149878
ENSG00000183347,6.881845081,-2.630734178,1.135943687,0.002041675,0.006054363
ENSG00000183386,64.28894024,2.036781926,0.315283373,2.42E-11,2.21E-10
ENSG00000183397,11.88930707,3.270179504,0.890360172,3.07E-05,0.000134675
ENSG00000183401,13.42467937,1.878500221,0.688902771,0.001408522,0.00434592
ENSG00000183426,11.92232073,1.527887413,0.795861023,0.01488764,0.03429415
ENSG00000183495,23.73325411,1.554423501,0.467268858,0.000274649,0.000997972
ENSG00000183508,7.092119813,6.339276017,2.499180522,8.73E-06,4.17E-05
ENSG00000183527,25.11451661,-1.464917722,0.505660882,0.001153999,0.003634169
ENSG00000183569,5.467119937,5.870110916,2.503032044,4.25E-05,0.000182404
ENSG00000183576,33.57891457,-1.308416463,0.365814088,0.000136644,0.00053117
ENSG00000183578,7.010839931,-2.205959289,1.046111455,0.004272498,0.011583181
ENSG00000183598,25.43488516,5.705549212,1.338598927,1.09E-06,5.97E-06
ENSG00000183605,18.15087261,-2.191100755,0.599855781,4.63E-05,0.000197575
ENSG00000183615,16.07581361,5.986302648,1.376663396,6.45E-07,3.63E-06
ENSG00000183617,41.31577186,-1.072682015,0.372613115,0.001975015,0.005875945
ENSG00000183648,29.3804747,-2.106822622,0.445201799,4.17E-07,2.41E-06
ENSG00000183655,31.43329704,2.299079206,0.42302932,1.10E-08,7.68E-08
ENSG00000183671,5.793400657,-3.885334849,1.397475699,0.00067601,0.002252849
ENSG00000183684,124.4762941,0.767748799,0.206411812,0.000143998,0.00055736
ENSG00000183696,289.1343175,1.583319771,0.142486785,3.59E-29,8.86E-28
ENSG00000183709,3.400208889,2.09037061,5.991608248,0.014450125,0.033451288
ENSG00000183718,13.3328832,2.637591851,0.766121807,0.000110594,0.000438378
ENSG00000183723,43.41031641,0.80867732,0.365718561,0.017834944,0.040082257
ENSG00000183726,87.93603615,-1.277106204,0.229737587,1.16E-08,8.12E-08
ENSG00000183741,29.85154257,3.508650356,0.519928673,2.91E-12,2.85E-11
ENSG00000183742,5.80857034,-2.309457305,1.017258974,0.003058905,0.008634101
ENSG00000183760,19.00940484,1.262144046,0.579629291,0.011207689,0.026842101
ENSG00000183762,12.36361429,-1.739138761,0.628874608,0.001329144,0.004130046
ENSG00000183828,29.05146607,1.442984588,0.483793014,0.000948957,0.003050821
ENSG00000183853,58.50363458,1.933390973,0.319218729,3.45E-10,2.81E-09
ENSG00000183891,40.6723752,2.372357351,0.409362386,1.27E-09,9.87E-09
ENSG00000183955,45.76799521,1.35940383,0.332074626,1.53E-05,7.03E-05
ENSG00000183963,244.4800854,3.23034001,0.184523583,2.08E-69,1.36E-67
ENSG00000183978,24.0581713,-2.462622603,0.51478258,2.68E-07,1.58E-06
ENSG00000184007,77.72446878,0.563936581,0.249465602,0.019565798,0.043406275
ENSG00000184009,1268.225046,-1.830777392,0.086159124,9.15E-101,9.40E-99
ENSG00000184014,56.9965472,4.029360588,0.43559922,5.99E-21,1.02E-19
ENSG00000184047,3.518657328,2.224240035,1.638615515,0.016055207,0.036599402
ENSG00000184060,15.35526779,-1.330220332,0.553771368,0.005744515,0.014982093
ENSG00000184076,142.8527217,-1.549153341,0.228336873,3.69E-12,3.59E-11
ENSG00000184117,23.29517046,-3.308807825,0.534184751,8.42E-11,7.37E-10
ENSG00000184148,34.7149658,-1.194139494,0.439253946,0.00275579,0.007892373
ENSG00000184163,6.719863427,2.11072646,1.052542366,0.007446172,0.018804294
ENSG00000184178,14.83967649,-1.86097791,0.598882203,0.000405431,0.001420775
ENSG00000184205,528.6551542,6.240408951,0.230900437,7.07E-161,1.44E-158
ENSG00000184207,14.63531526,-1.447270782,0.599944506,0.005008596,0.013299921
ENSG00000184216,83.14574568,-1.616155904,0.239559567,4.86E-12,4.68E-11
ENSG00000184232,95.22479874,1.433537466,0.25329505,5.37E-09,3.91E-08
ENSG00000184260,180.3841834,7.457020966,0.724034818,4.59E-24,9.11E-23
ENSG00000184270,6.207847555,5.702705981,2.685389057,0.000232528,0.000856744
ENSG00000184277,18.88752352,2.263105424,0.53749749,4.92E-06,2.44E-05
ENSG00000184281,96.02586693,1.563158713,0.233841655,7.56E-12,7.19E-11
ENSG00000184292,903.718176,-1.918302088,0.091290761,1.17E-98,1.14E-96
ENSG00000184307,7.357423256,2.394250039,1.001535021,0.002773771,0.00793759
ENSG00000184357,23.75743673,8.227844594,2.535075731,3.38E-09,2.51E-08
ENSG00000184363,258.2319138,-1.853192646,0.176910784,2.74E-26,5.99E-25
ENSG00000184368,5.385880501,2.475850367,1.137191094,0.004594918,0.0123601
ENSG00000184371,53.05221822,5.201040054,0.575058998,7.88E-20,1.24E-18
ENSG00000184378,18.46380021,5.282335267,1.131124163,1.32E-06,7.08E-06
ENSG00000184381,13.37159669,2.839311492,0.724086009,1.43E-05,6.61E-05
ENSG00000184402,20.42303755,1.121487164,0.464925346,0.007386777,0.018686327
ENSG00000184436,6.320772497,-1.487609988,0.875464916,0.022584711,0.049103096
ENSG00000184454,2.255324499,2.970444606,2.852831923,0.010518818,0.025427793
ENSG00000184459,60.08186931,-1.632623241,0.336157137,3.37E-07,1.96E-06
ENSG00000184500,5.348930607,-3.256530721,1.162732634,0.000667718,0.002228293
ENSG00000184545,249.9050862,6.468125907,0.387693632,2.75E-62,1.57E-60
ENSG00000184557,27.04027847,6.103265683,1.015137594,3.13E-09,2.34E-08
ENSG00000184560,5.675180704,6.304866828,2.547650999,1.61E-05,7.39E-05
ENSG00000184575,85.95389763,-0.579610727,0.233031465,0.010656599,0.025700792
ENSG00000184584,3.617967427,-2.133578709,1.394644465,0.014697965,0.033921985
ENSG00000184619,4.531406007,1.848364924,1.160971421,0.020272496,0.044734188
ENSG00000184634,73.34561249,2.652244388,0.314729358,6.69E-18,9.55E-17
ENSG00000184677,118.1943145,2.887977823,0.254860292,1.87E-30,4.85E-29
ENSG00000184678,218.8380827,2.75262578,0.188249519,3.68E-49,1.65E-47
ENSG00000184697,98.71071005,8.013538439,1.260991922,2.36E-12,2.33E-11
ENSG00000184702,8.960121995,-1.354474446,0.714094881,0.017974246,0.040313985
ENSG00000184716,18.20650618,8.265099057,2.537014117,1.24E-09,9.61E-09
ENSG00000184719,3.026607503,-2.777872601,1.837730902,0.0085502,0.021188925
ENSG00000184731,157.9590683,1.979460666,0.186303621,5.49E-27,1.23E-25
ENSG00000184752,100.7164645,-1.617332299,0.245890725,1.44E-11,1.34E-10
ENSG00000184786,25.99875834,4.580981107,0.817222133,7.60E-09,5.41E-08
ENSG00000184831,6.155476866,-2.401352661,1.022589705,0.00259167,0.007472598
ENSG00000184840,180.3538034,-0.937170467,0.165016608,8.33E-09,5.91E-08
ENSG00000184863,66.90508312,2.563459483,0.304327793,7.06E-18,1.01E-16
ENSG00000184867,15.77701787,-1.051225702,0.522349839,0.020927253,0.045989774
ENSG00000184897,288.7583438,2.075913813,0.17282615,7.62E-34,2.28E-32
ENSG00000184916,21.71446903,1.396180201,0.515319165,0.002374057,0.006919226
ENSG00000184988,7.813748305,3.466469318,1.179911737,0.000722411,0.002393708
ENSG00000184992,8.651012011,-2.122525531,0.800033705,0.001409779,0.004348871
ENSG00000185015,9.695581011,3.241449051,0.996152957,0.000237454,0.000874005
ENSG00000185022,291.7775131,4.990234986,0.242809366,3.56E-94,3.28E-92
ENSG00000185033,23.00023129,-1.633224714,0.461734748,0.000112474,0.000444734
ENSG00000185049,40.37797896,1.27297016,0.343024072,8.71E-05,0.000350712
ENSG00000185104,15.79559397,-1.185056442,0.510838587,0.008506795,0.021095803
ENSG00000185127,65.99763744,1.583017126,0.305987255,7.25E-08,4.62E-07
ENSG00000185130,11.16455351,4.093939501,1.414360198,0.000461432,0.001593496
ENSG00000185133,14.56773082,4.306130947,0.861273724,1.48E-07,9.04E-07
ENSG00000185158,21.71052573,2.173559785,0.516169843,5.13E-06,2.54E-05
ENSG00000185189,58.39204446,0.662673781,0.299446693,0.020537151,0.045228585
ENSG00000185201,45.14168759,4.129131565,0.458928587,3.61E-20,5.78E-19
ENSG00000185236,46.99368967,-1.098071312,0.306878684,0.000174646,0.000662668
ENSG00000185238,19.61362877,-1.088695989,0.460201042,0.00849907,0.021083866
ENSG00000185246,66.37535093,1.371459052,0.290227498,8.78E-07,4.86E-06
ENSG00000185305,5.620392508,-4.502712829,1.501419339,0.000174724,0.000662668
ENSG00000185338,9.27840226,2.687122152,0.942539201,0.000761406,0.002513145
ENSG00000185340,8.180197834,-1.392495202,0.721594228,0.016043061,0.036588995
ENSG00000185359,165.7948267,2.401442997,0.199516671,4.54E-34,1.37E-32
ENSG00000185386,17.307803,1.523473327,0.647242441,0.005450056,0.014319871
ENSG00000185414,10.43459797,-2.358051778,0.776991919,0.000377008,0.001331483
ENSG00000185418,11.21660138,1.401597191,0.714067815,0.015222144,0.034970117
ENSG00000185475,37.10997949,-3.20984772,0.424583162,5.93E-15,7.02E-14
ENSG00000185479,3269.326697,-3.547335049,0.080114541,0,0
ENSG00000185504,8.695788053,-1.547719056,0.795746105,0.013098078,0.03080399
ENSG00000185507,29.59751392,1.017663082,0.421299231,0.008224459,0.02049204
ENSG00000185515,15.02820596,-3.218679115,0.706708204,7.40E-07,4.13E-06
ENSG00000185527,6.08307142,4.266221346,1.605110047,0.000495612,0.001699376
ENSG00000185561,17.02711562,1.32602429,0.544518278,0.005423791,0.014258623
ENSG00000185567,154.3230413,-2.726794228,0.189069507,6.07E-48,2.60E-46
ENSG00000185591,129.5016773,1.907609941,0.198401454,1.79E-22,3.31E-21
ENSG00000185608,22.73716664,-2.313585306,0.497942914,5.80E-07,3.29E-06
ENSG00000185614,9.25967762,-1.818557254,0.891782855,0.007143764,0.018163599
ENSG00000185619,47.32521079,0.887002582,0.305769551,0.002325711,0.006793685
ENSG00000185624,242.44759,-1.486745186,0.140979007,1.89E-26,4.15E-25
ENSG00000185633,72.44754256,-4.424572162,0.402787651,5.60E-29,1.37E-27
ENSG00000185640,25.07484049,-1.982702696,0.446905008,1.93E-06,1.02E-05
ENSG00000185658,40.58435349,1.346482634,0.34352814,3.50E-05,0.000151979
ENSG00000185668,5.0642183,-2.245054758,1.251234173,0.007814816,0.01963876
ENSG00000185669,2.076528963,1.289845421,2.414124112,0.020427637,0.045042209
ENSG00000185716,17.09273705,1.400052073,0.543447559,0.003406905,0.009514364
ENSG00000185728,185.5593851,2.720391965,0.186104663,4.23E-49,1.88E-47
ENSG00000185739,3.076847825,4.747851819,2.700858674,0.001232851,0.003857322
ENSG00000185761,19.39464007,1.662756852,0.604073493,0.001662339,0.005045205
ENSG00000185798,26.66463215,-1.009004344,0.394674857,0.005563496,0.014578253
ENSG00000185800,36.78931103,2.118397874,0.409029993,4.73E-08,3.10E-07
ENSG00000185803,41.91465084,-0.80984978,0.332849418,0.009882314,0.024041651
ENSG00000185864,4.64970525,1.920876112,1.174285202,0.017681864,0.039775267
ENSG00000185880,11.95416699,1.257693746,0.594380553,0.012888399,0.030384894
ENSG00000185883,448.8796466,1.329659666,0.106169834,2.37E-36,7.74E-35
ENSG00000185885,18.28224084,-3.536261077,0.706106191,5.58E-08,3.61E-07
ENSG00000185909,56.19458921,-2.267414281,0.358439521,4.43E-11,3.96E-10
ENSG00000185947,20.1436516,1.614324498,0.507034204,0.000423945,0.001479568
ENSG00000185950,40.15625425,2.384114023,0.379133595,6.22E-11,5.48E-10
ENSG00000185955,5.471018612,3.151319016,1.298084254,0.002374422,0.006919226
ENSG00000185963,91.82885856,-1.809212354,0.220024319,5.24E-17,7.01E-16
ENSG00000185966,257.9400531,2.01677927,0.187116495,1.01E-27,2.33E-26
ENSG00000186001,19.4035256,1.164739964,0.485206155,0.007266731,0.018430946
ENSG00000186010,95.48511705,-1.022568372,0.232276023,5.87E-06,2.87E-05
ENSG00000186056,8.029958239,2.566312665,1.052088219,0.002665452,0.007657885
ENSG00000186073,5.892003034,-1.642222507,0.871859683,0.01301791,0.030635354
ENSG00000186081,6721.934394,-3.333008798,0.048643862,0,0
ENSG00000186132,8.186549743,-2.877106349,0.98222841,0.000436193,0.001517192
ENSG00000186141,42.71574048,1.321571229,0.359343106,9.42E-05,0.000376892
ENSG00000186166,47.20098412,3.319172372,0.439857342,9.74E-15,1.13E-13
ENSG00000186174,60.68055205,-0.709740468,0.257974372,0.004300487,0.011650337
ENSG00000186184,42.36798606,1.124687636,0.317780638,0.000197876,0.00074114
ENSG00000186212,5.758850495,-2.472963691,1.098677573,0.002914908,0.008280925
ENSG00000186222,22.45825431,-1.500942781,0.482782767,0.000591514,0.001992814
ENSG00000186283,11.72122108,-2.432165185,0.698504676,7.37E-05,0.000301353
ENSG00000186298,87.5003601,0.637417914,0.225804047,0.003731319,0.010293294
ENSG00000186300,25.70456358,4.790142462,0.652984409,6.76E-14,7.48E-13
ENSG00000186310,2.931083442,3.267298182,2.631379092,0.006900166,0.017646486
ENSG00000186340,33.01026844,-0.792469467,0.345574481,0.014410077,0.033379925
ENSG00000186350,17.13649169,-1.318228655,0.494039972,0.002812445,0.0080351
ENSG00000186352,17.31758863,3.709274964,0.773921308,3.89E-07,2.25E-06
ENSG00000186364,41.64743292,5.678493974,0.766260093,1.19E-13,1.29E-12
ENSG00000186395,2415.493786,-4.110730475,0.099827315,0,0
ENSG00000186432,99.38679597,1.245827126,0.225395264,1.50E-08,1.03E-07
ENSG00000186462,19.49014881,2.517227341,0.608147644,5.91E-06,2.89E-05
ENSG00000186468,180.043876,-2.257644875,0.169292739,2.80E-41,1.05E-39
ENSG00000186480,418.7518403,3.729989249,0.174871921,1.24E-101,1.31E-99
ENSG00000186522,34.04211373,-1.809267579,0.396073271,1.25E-06,6.77E-06
ENSG00000186566,54.00371323,1.043563047,0.280986823,0.000110883,0.00043919
ENSG00000186567,66.77601557,2.854701431,0.336541562,4.07E-18,5.87E-17
ENSG00000186577,53.08086404,-1.383453984,0.303324359,1.93E-06,1.02E-05
ENSG00000186591,189.0919031,1.549660195,0.162846398,6.22E-22,1.12E-20
ENSG00000186594,321.5421475,1.985473375,0.150737333,3.17E-40,1.16E-38
ENSG00000186625,66.86900749,0.733982554,0.260959756,0.00358492,0.009950095
ENSG00000186635,33.23063943,-0.822453336,0.372779635,0.017525225,0.039514989
ENSG00000186660,183.7832096,1.467141094,0.168664122,1.24E-18,1.84E-17
ENSG00000186687,5.671457953,-2.186801662,1.089568779,0.006102782,0.015813938
ENSG00000186806,31.25253357,-1.142069813,0.38909878,0.001524932,0.004665332
ENSG00000186814,17.81347025,1.11817733,0.489459396,0.010296318,0.024939895
ENSG00000186832,6218.071336,-3.736275247,0.094298976,0,0
ENSG00000186834,131.1164627,0.599933487,0.183878919,0.000897131,0.002905493
ENSG00000186844,90.9019235,1.925938729,0.352149869,1.01E-08,7.12E-08
ENSG00000186847,8914.898212,-4.203062434,0.054413827,0,0
ENSG00000186866,55.68766322,3.48776833,0.410669125,3.96E-18,5.72E-17
ENSG00000186907,8.706607095,6.000984838,2.394334222,9.84E-06,4.66E-05
ENSG00000186908,9.173642451,1.48395039,0.735734284,0.012380352,0.029335215
ENSG00000187051,29.25216642,-0.847743608,0.387106167,0.017681339,0.039775267
ENSG00000187079,48.94200744,0.897092732,0.322524837,0.00332957,0.009318161
ENSG00000187091,60.4281846,-0.729132985,0.262088293,0.003844762,0.010572002
ENSG00000187134,73.46184772,1.086823047,0.395311445,0.003021128,0.008535791
ENSG00000187164,31.4353443,0.985042182,0.381302792,0.005425525,0.014260592
ENSG00000187187,1.926389947,2.097557718,2.659270877,0.021686142,0.047441508
ENSG00000187189,75.93813953,2.474484394,0.282586216,3.99E-19,6.07E-18
ENSG00000187223,18.40902029,1.223269508,0.612542702,0.01719455,0.038854101
ENSG00000187475,5.724455699,4.54234951,3.507064413,0.003956699,0.010840681
ENSG00000187479,12.83036072,2.620088027,0.76850965,0.000101122,0.000402928
ENSG00000187514,409.5846425,1.244745903,0.119941067,1.81E-25,3.82E-24
ENSG00000187531,62.0552946,1.851205781,0.292356037,6.39E-11,5.62E-10
ENSG00000187555,149.2849783,1.942975419,0.190082682,3.95E-25,8.22E-24
ENSG00000187556,5.264371798,5.740891712,2.587138885,0.000118818,0.000467267
ENSG00000187583,25.64033251,-1.426332452,0.44405486,0.000439562,0.001528177
ENSG00000187605,74.14722609,2.465745678,0.296260205,1.67E-17,2.34E-16
ENSG00000187607,9.292733038,1.369852658,0.705560737,0.016645255,0.037760191
ENSG00000187630,7.077488007,-2.184604979,0.995668808,0.003588364,0.009955836
ENSG00000187713,27.89625304,-1.255823757,0.465107295,0.002687974,0.007717997
ENSG00000187720,4.228834373,-1.666501246,1.055688294,0.021868148,0.047767504
ENSG00000187735,16.96515393,-1.37754316,0.525608888,0.002995043,0.008475321
ENSG00000187775,2.387514107,3.156231192,2.725246605,0.008373204,0.020817994
ENSG00000187778,55.47948496,0.926159524,0.294807507,0.00101525,0.003237352
ENSG00000187796,2.306658976,3.710389379,2.731563154,0.004770734,0.012740729
ENSG00000187837,234.2920886,1.382369719,0.191879662,2.28E-13,2.43E-12
ENSG00000187838,53.83016193,-1.259805621,0.298040863,1.02E-05,4.81E-05
ENSG00000187840,75.06487301,-2.037895328,0.304100949,4.43E-12,4.28E-11
ENSG00000187912,4.354335348,5.636789104,2.554149932,0.000117069,0.000461018
ENSG00000187922,2.755683891,3.314247812,2.742907174,0.007172012,0.018222623
ENSG00000187954,42.54490525,1.482134725,0.353946956,9.78E-06,4.63E-05
ENSG00000188010,11.78017439,-2.410746651,0.746379268,0.000182946,0.000690037
ENSG00000188042,21.96884748,-1.054213902,0.450296479,0.009313094,0.022798936
ENSG00000188070,25.05505997,3.7505124,0.686243208,1.27E-08,8.84E-08
ENSG00000188076,6.94397105,5.796991376,2.667361019,0.000144299,0.000558078
ENSG00000188089,40.19811483,-3.129288763,0.392881827,2.39E-16,3.07E-15
ENSG00000188100,262.2804486,-1.436925512,0.296655894,4.36E-07,2.51E-06
ENSG00000188112,42.02991174,-1.623312448,0.328535807,2.35E-07,1.40E-06
ENSG00000188157,130.7972937,1.034990122,0.229960649,3.78E-06,1.91E-05
ENSG00000188158,15.11655849,1.76387901,0.638579779,0.001459879,0.004485264
ENSG00000188186,59.51930995,-2.014054109,0.348918119,1.60E-09,1.23E-08
ENSG00000188211,14.77295817,1.364729688,0.602727495,0.008067357,0.02016491
ENSG00000188215,45.3355072,1.31244241,0.331415161,3.17E-05,0.000138552
ENSG00000188229,1893.263677,1.204085991,0.086314487,1.53E-44,6.12E-43
ENSG00000188243,29.09095478,-1.465500578,0.422569772,0.000171076,0.000650007
ENSG00000188290,210.3174765,2.642902725,0.240177443,6.71E-29,1.64E-27
ENSG00000188293,1178.927789,-5.230113015,0.152907261,1.78E-257,6.30E-255
ENSG00000188295,16.94642197,1.442089039,0.619440105,0.006112086,0.015829548
ENSG00000188313,7.408633915,-2.333230609,0.898617943,0.001371051,0.004242054
ENSG00000188342,52.76403163,-1.019929092,0.289523857,0.000234373,0.000862882
ENSG00000188352,7.118666155,-2.528100759,0.913588647,0.000804207,0.002633999
ENSG00000188368,5.190697266,4.402435611,1.597568753,0.000366569,0.001298414
ENSG00000188372,4.203921492,-2.287515612,1.236004964,0.0088193,0.021758981
ENSG00000188373,103.4710951,-5.520777734,0.891974386,3.53E-11,3.19E-10
ENSG00000188393,5.206884008,-6.581831276,2.905197628,6.30E-05,0.000261193
ENSG00000188428,13.60536078,-1.395571361,0.610386874,0.007043833,0.017959975
ENSG00000188486,203.2188926,2.274026737,0.179851882,2.63E-37,8.86E-36
ENSG00000188493,11.12220951,1.908648087,0.711710622,0.00156544,0.004779162
ENSG00000188505,121.851012,-1.111490124,0.205092315,3.02E-08,2.01E-07
ENSG00000188508,4038.969866,-1.936903099,0.102904773,1.09E-79,8.27E-78
ENSG00000188522,248.1641111,1.346959581,0.137702943,5.33E-23,1.01E-21
ENSG00000188525,5.531270275,5.534967444,2.472499804,8.34E-05,0.000336857
ENSG00000188529,70.1708359,2.429057864,0.294300014,3.08E-17,4.19E-16
ENSG00000188542,6.658792914,1.960864088,0.905236927,0.005670991,0.014814351
ENSG00000188549,29.37177389,-1.388570134,0.393597195,0.000152131,0.000584617
ENSG00000188566,35.94296951,1.680628906,0.395610974,6.12E-06,2.99E-05
ENSG00000188573,2.654609881,4.304244661,2.797470665,0.002697562,0.007742456
ENSG00000188624,413.4999016,-3.326711324,0.13910674,2.85E-127,4.30E-125
ENSG00000188643,1630.541374,-2.768569767,0.078240785,3.53E-275,1.34E-272
ENSG00000188647,31.89564343,1.69303288,0.393182604,4.77E-06,2.37E-05
ENSG00000188690,5.934959091,-1.618898973,0.903872692,0.016140195,0.036769985
ENSG00000188766,24.95638418,4.687075203,0.872139688,4.70E-08,3.07E-07
ENSG00000188818,5.112319242,2.071179137,1.264959606,0.018507982,0.041363726
ENSG00000188846,98.16088829,-1.992227084,0.227852735,5.18E-19,7.83E-18
ENSG00000188848,8.659148709,6.89232824,2.474341944,6.44E-07,3.63E-06
ENSG00000188883,2.620214741,-0.923742013,1.719472096,0.016856373,0.03819125
ENSG00000188895,70.02154424,0.659961366,0.242603944,0.005030936,0.013347006
ENSG00000188910,193.7735998,-1.114482754,0.167701308,1.57E-11,1.46E-10
ENSG00000188938,24.78996556,2.214533941,0.49955945,1.90E-06,1.01E-05
ENSG00000188976,52.78480887,-0.640147832,0.276320797,0.0158127,0.03611481
ENSG00000188986,63.34110603,-1.1867387,0.290702705,2.07E-05,9.34E-05
ENSG00000188993,3.297003716,4.685736327,2.654685046,0.001189928,0.003733512
ENSG00000188994,37.36825849,1.726746563,0.383842163,1.94E-06,1.02E-05
ENSG00000189001,2026.257114,-1.280212265,0.106894467,2.07E-33,6.04E-32
ENSG00000189030,2.551153101,3.729511912,4.048572776,0.008710389,0.021530631
ENSG00000189042,21.77923725,1.965280592,0.537102655,5.58E-05,0.000234454
ENSG00000189043,73.50285148,-1.32858008,0.24329996,1.95E-08,1.32E-07
ENSG00000189046,11.06526976,-1.783974141,0.726233104,0.002974559,0.008428193
ENSG00000189050,21.72907064,1.085316705,0.501428732,0.01436948,0.033307198
ENSG00000189051,19.87714511,-1.133242639,0.538028725,0.01503357,0.034591784
ENSG00000189060,658.3654404,0.384333699,0.091445128,2.35E-05,0.000105057
ENSG00000189067,84.81914048,-0.807684882,0.242516476,0.000585844,0.001975553
ENSG00000189091,84.26722178,0.968991876,0.23353136,1.98E-05,8.94E-05
ENSG00000189120,23.30680484,-2.40630377,0.473499438,6.45E-08,4.14E-07
ENSG00000189134,5.945473942,2.045514382,1.080976531,0.008787812,0.021684989
ENSG00000189143,76.55839344,-0.544507703,0.238790691,0.018674033,0.041666143
ENSG00000189159,109.7651377,-0.787876996,0.202738006,7.01E-05,0.000287998
ENSG00000189171,164.2225736,2.026612048,0.205880651,1.21E-23,2.34E-22
ENSG00000189180,12.63784703,-1.12960069,0.570485998,0.020334798,0.044857994
ENSG00000189182,4.677033808,-3.469397645,1.483415957,0.0020386,0.006046482
ENSG00000189266,440.5603973,2.866166281,0.136941545,5.81E-98,5.61E-96
ENSG00000189280,113.0845855,-3.403745919,0.328512603,4.07E-26,8.75E-25
ENSG00000189298,10.71381382,1.848094764,0.728075052,0.002496767,0.007227747
ENSG00000189334,2631.444719,-2.256072974,0.094188044,1.50E-127,2.28E-125
ENSG00000189410,263.5927548,3.058469463,0.178594715,1.65E-66,1.02E-64
ENSG00000189420,6.141661069,1.975472533,1.134164556,0.014634236,0.03380184
ENSG00000189433,22.2429901,-1.768492361,0.492098815,7.95E-05,0.000322418
ENSG00000196139,12.93720968,-3.169887168,0.713338569,1.25E-06,6.75E-06
ENSG00000196154,60.07830483,-3.018800005,0.430120571,2.58E-13,2.75E-12
ENSG00000196182,150.9020958,2.768109303,0.215375947,1.54E-38,5.33E-37
ENSG00000196230,393.8836173,-2.869383247,0.125306067,8.04E-117,1.02E-114
ENSG00000196233,17.61285556,1.772544976,0.548286854,0.00031372,0.001127491
ENSG00000196235,86.59874187,0.60495568,0.222078093,0.005155362,0.013628074
ENSG00000196262,218.0313077,-2.004051219,0.147671847,1.34E-42,5.15E-41
ENSG00000196290,23.78827719,-1.773521036,0.481821188,5.68E-05,0.000237686
ENSG00000196305,252.8764992,1.538133494,0.145205127,1.16E-26,2.56E-25
ENSG00000196313,18.8793894,1.733250796,0.524546612,0.000249668,0.000914776
ENSG00000196337,9.272000759,2.411948194,0.935181313,0.001860378,0.005565759
ENSG00000196338,24.73775159,5.093506605,0.87315009,4.00E-09,2.95E-08
ENSG00000196352,86.28388631,1.24336719,0.262342083,9.61E-07,5.29E-06
ENSG00000196361,2.016683269,3.133507919,3.077571776,0.009990278,0.024271683
ENSG00000196363,97.54473416,2.274345665,0.243069894,1.57E-21,2.75E-20
ENSG00000196371,5.960787533,3.844448662,2.371709826,0.002082253,0.006160599
ENSG00000196372,5.630647846,-3.317870606,1.13816186,0.000490804,0.001684931
ENSG00000196378,17.08426425,2.153441484,0.551493292,1.86E-05,8.45E-05
ENSG00000196387,37.82029754,1.916397735,0.370600237,5.64E-08,3.64E-07
ENSG00000196388,4.249035992,2.107572126,1.625201701,0.021028296,0.046155787
ENSG00000196407,15.36648641,-4.122998577,0.998332425,3.28E-06,1.68E-05
ENSG00000196411,25.52293213,-2.075202374,0.438721219,4.61E-07,2.65E-06
ENSG00000196419,251.5644405,-1.253364109,0.141624534,3.89E-19,5.93E-18
ENSG00000196428,34.12151494,1.862858867,0.390626249,4.67E-07,2.68E-06
ENSG00000196449,116.1681689,1.493856525,0.224075882,9.10E-12,8.59E-11
ENSG00000196470,31.89260869,1.986789462,0.417822515,4.63E-07,2.66E-06
ENSG00000196497,18.24661871,-0.988905762,0.477226078,0.019876966,0.043968602
ENSG00000196531,141.2502192,-0.855530414,0.17209706,4.40E-07,2.54E-06
ENSG00000196535,31.45253766,-1.14590136,0.371563829,0.00096584,0.003096849
ENSG00000196542,12.43984463,-2.935543737,0.739474472,8.82E-06,4.21E-05
ENSG00000196544,15.61294753,-1.355230511,0.60023996,0.007827833,0.019666139
ENSG00000196562,30.21949184,-1.843027487,0.390400855,5.55E-07,3.16E-06
ENSG00000196581,8.86175868,2.446466556,0.790666763,0.000313153,0.001126014
ENSG00000196588,45.62190625,1.899643242,0.35161767,1.61E-08,1.11E-07
ENSG00000196611,41.39220018,4.948854402,0.83786816,3.47E-09,2.58E-08
ENSG00000196636,6.903362555,-3.737026766,1.096577281,0.000100114,0.000399133
ENSG00000196639,31.55402032,0.989536733,0.38868592,0.005943354,0.015447812
ENSG00000196642,17.75927365,-1.252889886,0.490928825,0.004226971,0.01148125
ENSG00000196652,20.07944268,1.107490144,0.472074619,0.008713366,0.021534313
ENSG00000196683,111.9106591,-2.538101103,0.215811489,1.00E-32,2.84E-31
ENSG00000196689,16.63815744,2.467885988,0.672763654,4.53E-05,0.000193449
ENSG00000196700,50.30809622,1.078893191,0.318816213,0.000363348,0.001288897
ENSG00000196704,43.25950643,-1.170282855,0.308871429,6.99E-05,0.000287566
ENSG00000196705,32.37298833,2.162443182,0.437294552,1.65E-07,1.00E-06
ENSG00000196712,40.12604597,2.569953541,0.402273139,3.20E-11,2.90E-10
ENSG00000196734,53.30250816,1.485405987,0.370543473,2.03E-05,9.18E-05
ENSG00000196739,20.18464324,1.481375624,0.481071887,0.000667931,0.002228488
ENSG00000196743,126.5395844,-3.067953628,0.232674621,1.37E-40,5.06E-39
ENSG00000196754,1936.498796,-1.814874645,0.070400273,3.12E-147,5.65E-145
ENSG00000196756,29.80822399,3.440049695,0.553347687,1.04E-10,8.96E-10
ENSG00000196757,23.610964,0.951908209,0.424066398,0.013875253,0.032322018
ENSG00000196776,10.69346912,-2.065789793,0.699507738,0.000598002,0.0020114
ENSG00000196787,103.8337574,5.678167631,0.611541907,2.25E-20,3.65E-19
ENSG00000196792,85.98334864,1.83924864,0.254687876,1.42E-13,1.53E-12
ENSG00000196821,285.6912752,0.54390954,0.128189655,1.91E-05,8.68E-05
ENSG00000196850,85.04999004,2.531135966,0.268706854,8.72E-22,1.54E-20
ENSG00000196866,279.2164641,7.237903647,0.503377508,2.48E-46,1.02E-44
ENSG00000196878,1657.957842,2.482654638,0.080793909,5.20E-208,1.51E-205
ENSG00000196890,38.67273043,4.613202499,0.657064202,9.73E-13,9.91E-12
ENSG00000196924,313.8554969,-0.577856799,0.131848794,9.95E-06,4.71E-05
ENSG00000196937,29.74903117,0.808982069,0.382121359,0.022285691,0.048533133
ENSG00000196943,46.49940503,-0.990255756,0.301274269,0.000570557,0.0019312
ENSG00000196961,49.08289889,0.686817718,0.291349042,0.013627802,0.031817249
ENSG00000196975,17.77882118,-2.662465205,0.548587272,1.91E-07,1.15E-06
ENSG00000196976,16.18804848,-2.000677079,0.757449525,0.001330825,0.004133493
ENSG00000196998,53.71078099,1.719926595,0.328663449,4.80E-08,3.13E-07
ENSG00000197006,23.65418039,-1.177454745,0.431653881,0.00277075,0.007932079
ENSG00000197019,193.4729582,2.077415315,0.187398491,3.50E-29,8.66E-28
ENSG00000197020,5.192401746,1.798111819,1.130881675,0.021707369,0.047480771
ENSG00000197044,31.58219438,2.946677698,0.469038561,5.74E-11,5.08E-10
ENSG00000197061,1240.634113,14.53605024,2.718556013,9.74E-31,2.56E-29
ENSG00000197062,20.50406549,1.059169633,0.477236409,0.012937069,0.030489706
ENSG00000197063,616.4733777,4.935964935,0.170449208,8.64E-185,2.16E-182
ENSG00000197070,53.55069609,-0.752402158,0.308761236,0.010339917,0.02503255
ENSG00000197081,129.6013621,2.040129432,0.202685244,1.83E-24,3.70E-23
ENSG00000197084,74.61121554,1.16945525,0.328243521,0.000170136,0.000646947
ENSG00000197102,55.76032183,-0.695365747,0.267584699,0.006916032,0.017677695
ENSG00000197110,2.975586939,4.427381187,3.08562573,0.003661913,0.010130779
ENSG00000197111,278.2294045,2.134691224,0.151473392,9.28E-46,3.75E-44
ENSG00000197114,49.42486192,1.349053002,0.345005675,3.61E-05,0.000156501
ENSG00000197119,26.4722033,1.77194951,0.475444809,5.17E-05,0.000218358
ENSG00000197122,40.97878134,0.918915852,0.343909928,0.004457545,0.012019599
ENSG00000197124,10.48713713,3.101039881,0.865938062,5.62E-05,0.000235858
ENSG00000197150,25.30931782,1.072137538,0.447168755,0.008139519,0.020320731
ENSG00000197153,21.05315895,8.041441467,2.518666079,6.03E-09,4.37E-08
ENSG00000197157,79.58940101,-0.958223087,0.232357781,2.23E-05,1.00E-04
ENSG00000197170,115.5995907,1.035641889,0.218310249,1.18E-06,6.43E-06
ENSG00000197191,33.22925933,-1.417794905,0.466315949,0.000774443,0.002547462
ENSG00000197217,53.96590696,1.225807129,0.310221397,3.55E-05,0.000153919
ENSG00000197226,34.91174033,-1.023497232,0.351291991,0.001891272,0.00564652
ENSG00000197238,10.673979,3.901691495,1.517133452,0.00099109,0.003169387
ENSG00000197256,19.22939582,3.025236867,0.5909885,5.04E-08,3.28E-07
ENSG00000197261,135.2001102,2.49041287,0.211831635,1.26E-32,3.55E-31
ENSG00000197265,45.20864347,-1.68436043,0.367274881,1.25E-06,6.78E-06
ENSG00000197279,451.3305816,4.506688691,0.188575726,1.06E-126,1.58E-124
ENSG00000197283,18.31495143,1.288365924,0.512248245,0.004585023,0.012335773
ENSG00000197296,8.495975657,-1.424088106,0.729753245,0.014776602,0.034076317
ENSG00000197312,20.01399194,-1.469890465,0.473596359,0.000617321,0.002071568
ENSG00000197343,65.7052194,1.609655192,0.287639032,7.05E-09,5.05E-08
ENSG00000197362,10.13800694,-1.63202454,0.802471369,0.010123742,0.02457532
ENSG00000197372,18.36877324,1.36711723,0.503531773,0.002414312,0.007026982
ENSG00000197386,11.54782504,-1.355417736,0.601637153,0.008177983,0.020402687
ENSG00000197405,4.350363995,3.686756965,1.687566961,0.00183749,0.00550183
ENSG00000197406,2.445913575,3.399255458,4.801690936,0.009710829,0.023664223
ENSG00000197409,101.2081708,6.213950794,0.641538279,3.66E-22,6.68E-21
ENSG00000197429,8.885630017,-1.593944433,0.76446585,0.009015648,0.022186707
ENSG00000197442,2.969932759,-2.363489099,1.623111259,0.014570218,0.033691593
ENSG00000197448,31.83394653,-3.15912858,0.439398071,1.03E-13,1.13E-12
ENSG00000197451,274.6169759,-0.316492275,0.139828787,0.022413868,0.048775595
ENSG00000197461,36.61404615,2.852212642,0.4507506,4.49E-11,4.01E-10
ENSG00000197483,11.78841459,1.426359104,0.649231802,0.008738583,0.021585608
ENSG00000197506,32.21021981,-1.553022473,0.436753643,0.000113925,0.00044986
ENSG00000197530,23.30018891,0.92787861,0.441714303,0.020204995,0.044598832
ENSG00000197540,10.11456464,6.929761103,2.575116529,2.98E-06,1.53E-05
ENSG00000197565,32.58438096,1.190407864,0.354734618,0.00035858,0.001273546
ENSG00000197599,9.614157414,2.841792148,0.995847156,0.000656064,0.002191925
ENSG00000197601,75.75246172,1.4770136,0.262827786,6.86E-09,4.93E-08
ENSG00000197608,41.61939422,0.882459096,0.330584276,0.004743651,0.012675414
ENSG00000197614,26.68237407,-2.457354287,0.465272178,2.03E-08,1.37E-07
ENSG00000197622,193.9617606,-1.084150885,0.154059749,1.04E-12,1.06E-11
ENSG00000197632,241.7893039,-0.561945521,0.14333101,7.42E-05,0.000303113
ENSG00000197641,33.77514249,-3.155917351,0.471164462,2.61E-12,2.56E-11
ENSG00000197647,25.37384848,2.188720344,0.450890517,2.38E-07,1.42E-06
ENSG00000197694,147.1496787,0.712022625,0.178070189,4.80E-05,0.000204206
ENSG00000197696,33.54493565,1.179793175,0.375694777,0.000769477,0.002534583
ENSG00000197712,16.18863495,-1.423134419,0.547101073,0.003032414,0.008564336
ENSG00000197713,40.24912994,-1.321286313,0.341927846,4.46E-05,0.000190744
ENSG00000197714,17.11323499,1.556316222,0.570329021,0.001891211,0.00564652
ENSG00000197724,35.58414628,1.393198799,0.368942261,5.97E-05,0.000249023
ENSG00000197728,83.18039097,-1.601993611,0.268044751,6.96E-10,5.54E-09
ENSG00000197746,513.4081721,-1.205494601,0.096262205,2.77E-36,8.98E-35
ENSG00000197747,1203.733936,-2.451485573,0.088566056,1.95E-169,4.34E-167
ENSG00000197756,349.9365632,-1.492760028,0.11460659,2.96E-39,1.05E-37
ENSG00000197763,5.063844321,-2.105212988,1.077346449,0.007305242,0.018512409
ENSG00000197771,34.0345608,-1.195614016,0.367218618,0.000506542,0.001733159
ENSG00000197779,11.93566141,1.23016836,0.612926817,0.017153843,0.038792387
ENSG00000197780,312.7592393,1.743271183,0.134966603,1.07E-38,3.74E-37
ENSG00000197808,13.96284287,1.663266983,0.644698615,0.002560939,0.007395772
ENSG00000197818,31.51002437,3.56348653,0.514213864,8.40E-13,8.61E-12
ENSG00000197837,101.4278053,6.917200921,0.814136177,1.10E-16,1.44E-15
ENSG00000197857,32.6108499,3.233389895,0.463420452,5.35E-13,5.59E-12
ENSG00000197858,28.93701926,-1.76389255,0.414345842,5.33E-06,2.63E-05
ENSG00000197879,76.37792056,-0.601240466,0.241406528,0.010220673,0.024781538
ENSG00000197894,28.44766342,-2.411893273,0.433174435,4.54E-09,3.34E-08
ENSG00000197903,399.0021983,3.260821289,0.194009809,1.71E-64,1.02E-62
ENSG00000197905,11.80961724,1.309328308,0.672626849,0.017620441,0.039661594
ENSG00000197921,16.56431641,-1.38520225,0.628042005,0.008738594,0.021585608
ENSG00000197930,35.56555327,-1.172468077,0.353369804,0.000414192,0.001448672
ENSG00000197948,55.63563594,1.933185138,0.332378808,1.52E-09,1.17E-08
ENSG00000197956,3538.924566,-2.517049363,0.079461633,3.94E-221,1.27E-218
ENSG00000197958,573.7271769,-2.394693834,0.111006267,5.76E-104,6.32E-102
ENSG00000197961,120.8657047,3.371564396,0.284290889,4.21E-33,1.22E-31
ENSG00000197976,222.6808787,3.100031611,0.184454005,3.76E-64,2.22E-62
ENSG00000197982,49.25855593,-1.19266269,0.310027386,5.42E-05,0.000228405
ENSG00000197989,38.82409461,0.814435339,0.348136082,0.012702935,0.030025874
ENSG00000198000,40.16055655,1.004498205,0.331707232,0.001354604,0.004198344
ENSG00000198026,153.0058295,3.565469901,0.2693833,9.98E-41,3.69E-39
ENSG00000198034,499.8020229,-2.180346165,0.108599875,2.25E-90,1.99E-88
ENSG00000198040,18.23230756,1.457193018,0.527857512,0.001894255,0.00565426
ENSG00000198060,147.8102213,2.402808486,0.20892383,2.57E-31,6.88E-30
ENSG00000198074,14.1864899,-3.459808427,0.727617938,2.33E-07,1.39E-06
ENSG00000198113,16.20990204,-1.519496084,0.590803764,0.002944187,0.008352703
ENSG00000198146,77.36271739,-2.497484782,0.264454967,6.41E-22,1.15E-20
ENSG00000198156,1.854771825,1.823972666,3.38200593,0.020198983,0.044592357
ENSG00000198160,43.6342421,1.533137836,0.344473151,2.85E-06,1.47E-05
ENSG00000198171,63.62414273,-1.57026335,0.312235795,1.53E-07,9.34E-07
ENSG00000198176,73.42823752,-1.470750433,0.257144169,3.77E-09,2.79E-08
ENSG00000198198,94.37488449,4.675269967,0.408310033,1.04E-30,2.73E-29
ENSG00000198205,4.977431872,1.897498934,1.127954031,0.017334768,0.039152619
ENSG00000198218,127.2593809,1.767952917,0.205858755,2.50E-18,3.67E-17
ENSG00000198221,3.628875207,2.489601975,1.430426499,0.010608785,0.025615341
ENSG00000198242,253.035524,-1.486698517,0.139992023,8.48E-27,1.88E-25
ENSG00000198258,163.8543267,-1.579794049,0.165644288,4.69E-22,8.50E-21
ENSG00000198265,47.97901721,3.010043198,0.389332556,2.02E-15,2.46E-14
ENSG00000198315,40.51165918,1.790071358,0.399356465,1.96E-06,1.04E-05
ENSG00000198342,9.820744657,4.522979978,1.115629456,1.86E-05,8.44E-05
ENSG00000198355,332.5096215,2.992391896,0.160214916,1.15E-78,8.68E-77
ENSG00000198369,29.25330194,0.877407203,0.38680723,0.01420342,0.032990322
ENSG00000198408,504.3443401,2.866111133,0.124122224,1.00E-118,1.34E-116
ENSG00000198431,240.6558654,0.714026736,0.192079634,0.000151274,0.000581792
ENSG00000198435,1145.49323,5.430077421,0.138024582,0,0
ENSG00000198455,21.98961765,2.560945938,0.548433397,5.59E-07,3.18E-06
ENSG00000198467,17.77991523,1.111256441,0.513737674,0.013959269,0.032486374
ENSG00000198478,8.768993789,-1.651587202,0.743394349,0.006143193,0.015887378
ENSG00000198482,7.231370924,1.583822041,0.902268095,0.018778479,0.04183911
ENSG00000198483,24.29225239,-4.133751276,0.615377656,2.59E-12,2.54E-11
ENSG00000198492,171.3547405,1.485508294,0.173581093,4.16E-18,5.99E-17
ENSG00000198498,12.47994941,-1.273002367,0.598224865,0.012153805,0.028869275
ENSG00000198517,104.4716311,3.063531285,0.265118825,1.32E-31,3.58E-30
ENSG00000198551,31.01640578,1.46710111,0.408662185,0.000112463,0.000444734
ENSG00000198561,176.2546558,-0.843977879,0.151140285,1.54E-08,1.06E-07
ENSG00000198563,447.2262259,2.693692929,0.129007556,1.62E-97,1.56E-95
ENSG00000198576,1460.508546,9.311710327,0.414684317,2.44E-110,2.85E-108
ENSG00000198586,27.23070685,1.088893315,0.427581382,0.004973419,0.013218632
ENSG00000198589,16.16239043,-2.168262002,0.559241906,2.00E-05,9.04E-05
ENSG00000198590,4.232368571,5.265047748,2.490331526,0.000194218,0.00072876
ENSG00000198604,70.2109148,0.618368596,0.247945594,0.010082726,0.024492179
ENSG00000198612,30.46236383,-0.929230561,0.362213707,0.005974704,0.015515372
ENSG00000198625,60.87243252,4.251518965,0.44831371,8.33E-22,1.48E-20
ENSG00000198648,24.40530602,-1.614175546,0.471641916,0.000174506,0.000662346
ENSG00000198668,182.2306379,-0.425226123,0.153415572,0.005015267,0.013311421
ENSG00000198677,25.04042008,-1.358484014,0.413135463,0.000368189,0.001303196
ENSG00000198695,392.3197809,2.545056715,0.160875672,3.54E-57,1.82E-55
ENSG00000198715,21.07537536,-1.561234243,0.488604259,0.000404509,0.001417888
ENSG00000198719,107.6792328,6.413847587,0.509554965,4.80E-36,1.54E-34
ENSG00000198721,12.5722191,-2.251409445,0.6725171,0.0001404,0.000545036
ENSG00000198727,6176.933967,1.058019452,0.056817823,1.57E-77,1.15E-75
ENSG00000198728,107.1005091,-0.533857389,0.234391132,0.019066636,0.042428906
ENSG00000198729,128.03644,-2.143043145,0.205069616,2.99E-26,6.49E-25
ENSG00000198736,14.06388026,-1.281714249,0.596595408,0.011161853,0.026750023
ENSG00000198742,178.8708928,1.692045598,0.176823795,3.22E-22,5.89E-21
ENSG00000198743,86.83872443,2.713302677,0.28269669,1.52E-22,2.83E-21
ENSG00000198746,40.15118712,1.019055598,0.354960424,0.002201564,0.006475452
ENSG00000198755,597.9947801,-1.481948796,0.096609635,1.51E-53,7.26E-52
ENSG00000198763,11541.61432,1.386855918,0.054969675,9.34E-141,1.55E-138
ENSG00000198768,15.83523519,3.798253034,0.804804701,4.86E-07,2.78E-06
ENSG00000198774,16.94039272,2.240225081,0.571728831,1.64E-05,7.53E-05
ENSG00000198783,69.23897225,1.885155672,0.275487464,1.97E-12,1.96E-11
ENSG00000198786,2461.902896,0.273445561,0.060606474,6.28E-06,3.06E-05
ENSG00000198804,14762.24351,0.22981773,0.052530377,1.20E-05,5.63E-05
ENSG00000198805,185.1645169,1.177450772,0.163768302,3.29E-13,3.48E-12
ENSG00000198815,80.01314406,1.941788889,0.264689961,5.53E-14,6.14E-13
ENSG00000198830,202.7158567,2.496607286,0.184614764,1.95E-42,7.42E-41
ENSG00000198833,36.82622081,-1.416515981,0.356963862,2.62E-05,0.000116083
ENSG00000198836,56.0842123,0.666912689,0.274769672,0.011570642,0.027606343
ENSG00000198837,32.94214113,1.729166732,0.413395789,7.88E-06,3.79E-05
ENSG00000198853,19.61466751,1.045859836,0.490394751,0.016304019,0.037084856
ENSG00000198855,31.09664275,2.932882305,0.530214528,5.69E-09,4.13E-08
ENSG00000198856,78.92822934,-1.331492264,0.264350587,1.89E-07,1.14E-06
ENSG00000198858,92.016933,0.540627184,0.234807044,0.017857308,0.040120066
ENSG00000198860,6.671776624,-1.709062942,0.874229729,0.01083742,0.026097763
ENSG00000198862,44.84505076,1.019492847,0.316173296,0.000691546,0.00229933
ENSG00000198863,26.1266426,0.898378738,0.406342118,0.016023064,0.036554902
ENSG00000198886,17407.74278,0.460360261,0.047867082,5.53E-22,9.98E-21
ENSG00000198888,9591.904721,1.934711716,0.054460734,3.85E-277,1.55E-274
ENSG00000198890,4.779478949,-3.062383644,1.387604937,0.003529622,0.009818212
ENSG00000198894,11.76542684,-1.287924064,0.593973695,0.010881664,0.026195593
ENSG00000198900,259.6481516,1.374709884,0.145468352,1.40E-21,2.45E-20
ENSG00000198909,26.42923322,1.553238975,0.438208287,0.000124351,0.000487044
ENSG00000198910,57.52743644,2.558279563,0.358042235,1.85E-13,1.98E-12
ENSG00000198911,109.3697995,-0.54004471,0.204883159,0.007114079,0.018108805
ENSG00000198919,19.82664169,2.717945687,0.60399875,1.22E-06,6.63E-06
ENSG00000198920,106.2800068,3.066540435,0.317379855,1.05E-22,1.98E-21
ENSG00000198931,87.89664317,-3.376557476,0.286492744,6.97E-33,1.99E-31
ENSG00000198932,8.964192658,3.554899587,1.134686039,0.000451492,0.001562153
ENSG00000198933,48.54216029,2.093133445,0.365730401,2.29E-09,1.74E-08
ENSG00000198937,53.48246306,-2.487153665,0.468079953,1.51E-08,1.04E-07
ENSG00000198951,7.155784108,-2.556057785,0.954632244,0.00108742,0.003447742
ENSG00000198952,142.9641309,0.461712471,0.188041579,0.012449267,0.029479213
ENSG00000198954,20.40079143,-1.105881633,0.459816904,0.007504951,0.018929052
ENSG00000203446,5.237436297,2.613092763,1.330311653,0.007400991,0.018715744
ENSG00000203499,11.3361666,-2.293131328,0.726440383,0.000266815,0.000972188
ENSG00000203667,14.2810257,-1.316041157,0.584769226,0.008598479,0.021292053
ENSG00000203722,62.2452885,-2.498651673,0.44056419,2.00E-09,1.53E-08
ENSG00000203760,15.88316222,-2.281365128,0.638951763,5.63E-05,0.00023642
ENSG00000203783,169.0696069,-1.466039119,0.229863217,6.16E-11,5.43E-10
ENSG00000203785,444.7943864,0.464468565,0.178681035,0.008268728,0.020586911
ENSG00000203786,64.78199724,1.748450271,0.313165813,6.49E-09,4.68E-08
ENSG00000203804,21.2968186,7.272560133,2.422670435,3.96E-08,2.61E-07
ENSG00000203814,14.70801871,4.156543282,0.928052019,2.50E-06,1.30E-05
ENSG00000203837,93.94259172,-2.168746208,0.250057116,8.31E-19,1.24E-17
ENSG00000203879,274.204562,2.777340593,0.173125616,1.10E-58,5.91E-57
ENSG00000203896,26.74163184,2.187465455,0.485644485,1.34E-06,7.22E-06
ENSG00000203950,44.48659091,-1.620554697,0.352805914,1.28E-06,6.91E-06
ENSG00000203965,9.970203085,2.040717501,0.727908373,0.000951183,0.003055943
ENSG00000203993,16.01658966,1.818515366,0.573161977,0.000361455,0.001282496
ENSG00000204021,8.914639562,-2.063481674,1.099863238,0.007444386,0.018804294
ENSG00000204103,54.93265604,0.822541987,0.27368397,0.001780186,0.005359062
ENSG00000204116,8.236761407,1.576502993,0.800987381,0.012435898,0.029452372
ENSG00000204138,66.96184048,1.197632582,0.273856632,5.71E-06,2.80E-05
ENSG00000204160,71.36773471,0.655138515,0.24700879,0.006236398,0.01610541
ENSG00000204178,43.06306979,1.134875878,0.371942353,0.001084348,0.003441017
ENSG00000204220,33.07357613,-1.616977727,0.378500337,5.65E-06,2.78E-05
ENSG00000204228,15.69889706,-1.397431203,0.612689477,0.006945986,0.017747993
ENSG00000204231,51.63594515,0.740979397,0.311708745,0.012343157,0.029256656
ENSG00000204241,3.734218376,5.081437477,2.573728034,0.000447279,0.001550169
ENSG00000204248,3.80061918,5.178919967,2.562364807,0.000348743,0.001241651
ENSG00000204256,402.9265947,2.112778528,0.131592659,1.15E-58,6.15E-57
ENSG00000204262,3.931128078,-2.925599275,1.452601758,0.005106317,0.013514801
ENSG00000204264,27.71724076,0.935738674,0.401789932,0.011401916,0.027253175
ENSG00000204272,32.80538819,-2.661236149,0.403171389,6.40E-12,6.11E-11
ENSG00000204282,9.821753557,3.079592609,1.038053853,0.000547183,0.001860343
ENSG00000204304,137.0634883,2.27612182,0.207992156,1.51E-28,3.61E-27
ENSG00000204305,69.64480848,4.44491973,0.423400231,2.20E-26,4.82E-25
ENSG00000204315,23.61762445,-1.448605141,0.430200351,0.000251529,0.000920662
ENSG00000204316,50.71931234,0.795932449,0.311316884,0.007154884,0.018188679
ENSG00000204344,34.14059526,1.132452641,0.361383878,0.000828755,0.00270583
ENSG00000204348,34.94567213,1.910783909,0.394797596,3.16E-07,1.85E-06
ENSG00000204356,53.18514367,-1.057937333,0.276150072,6.70E-05,0.000276694
ENSG00000204385,22.99871453,4.883895703,0.884072386,1.98E-08,1.34E-07
ENSG00000204386,105.5250542,1.723281607,0.226784536,8.78E-15,1.02E-13
ENSG00000204387,213.3383337,1.220324578,0.142786842,5.97E-18,8.54E-17
ENSG00000204388,2496.418538,5.597992551,0.108359077,0,0
ENSG00000204389,5647.096861,5.625346864,0.077278475,0,0
ENSG00000204390,44.31235105,5.966832777,0.762814792,6.07E-15,7.18E-14
ENSG00000204392,39.74557832,-1.503778912,0.380280433,2.46E-05,0.000109593
ENSG00000204396,8.152028439,3.070621105,1.048102165,0.0006003,0.002017722
ENSG00000204428,3.877166701,2.962082422,1.624280013,0.005269875,0.013894354
ENSG00000204439,31.89515076,-0.978571039,0.376109377,0.005074307,0.013440657
ENSG00000204460,4.982062158,5.410922015,2.558887564,0.000208482,0.000776046
ENSG00000204463,186.3966584,1.18157487,0.170612756,2.11E-12,2.09E-11
ENSG00000204469,327.6307292,2.166083659,0.153223262,4.58E-46,1.87E-44
ENSG00000204498,49.37979194,1.103670627,0.352469338,0.000852359,0.002774765
ENSG00000204516,46.25755542,3.316225085,0.448762555,2.78E-14,3.14E-13
ENSG00000204525,252.0686126,1.38937012,0.139187462,7.58E-24,1.48E-22
ENSG00000204568,57.42351843,-0.974884732,0.27667102,0.000241076,0.000885985
ENSG00000204569,233.0337675,3.207608056,0.184427107,1.73E-68,1.11E-66
ENSG00000204574,116.1349909,0.991884016,0.206460271,9.09E-07,5.02E-06
ENSG00000204580,59.92222818,-0.605341556,0.268474342,0.018926162,0.042122782
ENSG00000204590,57.63725881,1.919472287,0.30233137,5.45E-11,4.84E-10
ENSG00000204592,332.2269556,0.528605751,0.113455365,2.70E-06,1.39E-05
ENSG00000204599,31.88816192,1.579950132,0.398267162,2.27E-05,0.000101639
ENSG00000204628,347.8680458,-1.673632826,0.118381862,6.63E-46,2.70E-44
ENSG00000204632,85.01981205,3.652332513,0.311823961,1.76E-32,4.93E-31
ENSG00000204642,57.31692401,3.888695732,0.435280899,9.65E-20,1.52E-18
ENSG00000204673,256.3606354,3.762034906,0.19339864,4.98E-85,4.09E-83
ENSG00000204681,43.78489461,1.307932283,0.369200668,0.00016308,0.000622378
ENSG00000204842,27.81451172,1.898801327,0.448681833,5.77E-06,2.83E-05
ENSG00000204843,39.84163615,-1.207065668,0.332207096,0.000124095,0.000486524
ENSG00000204859,20.88259867,1.498388005,0.525357689,0.001365389,0.004228151
ENSG00000204866,38.4853746,-2.135242004,0.37334396,2.07E-09,1.57E-08
ENSG00000204899,11.3128216,-1.474154664,0.673448187,0.008146323,0.02033421
ENSG00000204920,30.13410904,2.064135616,0.448337951,9.11E-07,5.03E-06
ENSG00000204922,14.17953267,-2.658970582,0.66216453,9.25E-06,4.40E-05
ENSG00000204946,17.65137415,1.918005294,0.58722876,0.000251323,0.000920189
ENSG00000205076,218.2616901,-3.071311556,0.194238494,3.49E-57,1.80E-55
ENSG00000205085,9.76986935,4.264968534,1.118397865,4.61E-05,0.000196698
ENSG00000205138,14.71550154,-1.600214516,0.812221889,0.010532149,0.025443029
ENSG00000205155,63.99311968,-1.557700353,0.299496066,6.18E-08,3.97E-07
ENSG00000205177,25.72500781,2.147798358,0.485467933,1.94E-06,1.03E-05
ENSG00000205189,17.79982545,4.716193111,0.901970485,8.20E-08,5.18E-07
ENSG00000205213,17.1103165,-1.846785032,0.520444781,8.89E-05,0.000357216
ENSG00000205250,130.5762383,1.824306138,0.2157789,7.62E-18,1.08E-16
ENSG00000205307,17.31157078,3.446201984,0.799215652,3.30E-06,1.68E-05
ENSG00000205323,83.38189053,0.734798191,0.230028076,0.001041205,0.003314278
ENSG00000205336,99.41767862,-1.175573378,0.214549396,2.04E-08,1.38E-07
ENSG00000205339,94.64544754,-0.714072535,0.208737298,0.000463244,0.001599373
ENSG00000205413,25.82455624,-1.904237431,0.444145433,4.03E-06,2.02E-05
ENSG00000205420,9973.723429,-3.755080309,0.074993534,0,0
ENSG00000205488,6.481152103,-1.511140521,0.829365324,0.016776139,0.038021364
ENSG00000205517,3.202695051,3.530437269,2.59118909,0.004916686,0.01308625
ENSG00000205542,674.1264989,-2.201242912,0.099571871,5.84E-109,6.66E-107
ENSG00000205544,59.91868211,-1.834055853,0.319868136,2.32E-09,1.76E-08
ENSG00000205560,51.10625134,2.432049562,0.370592999,1.04E-11,9.81E-11
ENSG00000205581,123.1207332,0.755836651,0.191310368,5.64E-05,0.000236628
ENSG00000205629,27.46409157,-2.1563252,0.482920772,1.51E-06,8.11E-06
ENSG00000205659,15.60090889,1.852550823,0.583537198,0.000346191,0.001234082
ENSG00000205707,10.09692646,-1.282627848,0.677810133,0.019797563,0.043839841
ENSG00000205765,73.77417837,1.317340083,0.247865241,4.51E-08,2.95E-07
ENSG00000205808,11.16337831,-1.225188958,0.619671709,0.018049278,0.040444683
ENSG00000205853,14.63185401,7.754339274,2.497182597,9.61E-09,6.78E-08
ENSG00000205885,16.73568635,1.350848787,0.645580968,0.012741855,0.030103126
ENSG00000205890,58.77056354,9.342231925,2.516813675,5.38E-13,5.61E-12
ENSG00000205903,44.15916715,1.873518515,0.367539611,8.94E-08,5.61E-07
ENSG00000205937,77.98723277,1.583860588,0.264726903,7.36E-10,5.84E-09
ENSG00000205978,13.5340614,-2.546253271,0.631453175,8.16E-06,3.92E-05
ENSG00000205981,9.481114225,-2.099352181,0.761407604,0.001022021,0.003257509
ENSG00000206073,31.47485056,-2.367407778,0.432417043,7.22E-09,5.16E-08
ENSG00000206075,896.7580523,-2.740687194,0.107955653,4.55E-143,7.75E-141
ENSG00000206344,9.967895747,4.722548119,2.330338861,0.000296107,0.001069215
ENSG00000206418,48.79283295,-1.102246705,0.30309985,0.000138057,0.000536232
ENSG00000206503,915.9569941,1.487789645,0.09569807,6.08E-55,3.01E-53
ENSG00000206527,60.87474139,-1.371134187,0.268728805,1.30E-07,8.01E-07
ENSG00000206561,2.222657047,3.087981462,3.473126494,0.010986241,0.026403447
ENSG00000206573,26.15242559,1.951835141,0.466417542,6.75E-06,3.28E-05
ENSG00000211445,70.12473025,-3.186799598,0.325417486,1.56E-23,3.02E-22
ENSG00000211448,12.90565712,4.614138683,1.085714944,9.70E-06,4.60E-05
ENSG00000211450,42.23265071,-1.334895774,0.345386858,4.30E-05,0.000184349
ENSG00000211460,37.42212756,-0.992041107,0.335170059,0.001711877,0.005175566
ENSG00000212747,3.87116892,-2.062243326,1.342170105,0.015933015,0.036366654
ENSG00000212907,8141.902636,0.601540429,0.057289061,7.76E-26,1.65E-24
ENSG00000213020,11.62858369,2.798690902,0.767000562,4.27E-05,0.00018331
ENSG00000213047,27.43957319,2.693123202,0.479652196,3.50E-09,2.60E-08
ENSG00000213079,76.79898219,2.107318911,0.27707798,6.23E-15,7.37E-14
ENSG00000213096,15.32437005,1.71791232,0.615207691,0.001353563,0.004196017
ENSG00000213123,18.03433027,-2.388363912,0.715198358,0.000119454,0.000469644
ENSG00000213190,18.21750704,-1.72188669,0.513205136,0.00019628,0.000735925
ENSG00000213199,26.02575516,4.111026038,0.761343092,1.81E-08,1.23E-07
ENSG00000213339,48.02930269,1.278605345,0.348039013,9.87E-05,0.000393882
ENSG00000213341,59.16676009,1.980585817,0.303277142,1.59E-11,1.47E-10
ENSG00000213398,58.18368753,3.371816207,0.420739547,2.35E-16,3.02E-15
ENSG00000213465,42.60620455,-1.32576454,0.320833597,1.40E-05,6.48E-05
ENSG00000213516,30.57035421,1.197637103,0.396789544,0.001117106,0.0035295
ENSG00000213533,10.07311696,-1.457806504,0.718132226,0.011660141,0.027801555
ENSG00000213585,169.7139907,-1.387925542,0.163950445,1.00E-17,1.42E-16
ENSG00000213588,24.5616177,0.863419006,0.413624863,0.022500943,0.048928315
ENSG00000213625,44.79800926,-1.213538162,0.314205291,5.01E-05,0.000212309
ENSG00000213626,18.35152511,4.577138294,0.920732544,2.65E-07,1.57E-06
ENSG00000213658,6.212774872,2.141151593,1.00088397,0.005190127,0.013705321
ENSG00000213672,14.44806003,-1.260838635,0.577275305,0.010748514,0.025892277
ENSG00000213676,54.33511055,-0.851518898,0.278850597,0.001456558,0.00447696
ENSG00000213699,24.19288238,-1.971800579,0.48076974,8.97E-06,4.27E-05
ENSG00000213714,4.710391972,3.839975303,1.916740068,0.002279365,0.00667446
ENSG00000213719,953.5342756,0.65648374,0.076491808,7.54E-18,1.07E-16
ENSG00000213722,126.9286496,4.151646384,0.286510809,2.57E-48,1.11E-46
ENSG00000213741,53.81069786,-1.559863066,0.288513253,2.10E-08,1.42E-07
ENSG00000213760,4.933675855,1.790821629,1.092966408,0.018542296,0.041434019
ENSG00000213780,74.17905789,2.213251136,0.310465029,1.95E-13,2.08E-12
ENSG00000213782,34.33933743,5.224208759,0.857161371,1.01E-09,7.89E-09
ENSG00000213793,9.795517248,1.706218425,0.75459986,0.005649853,0.014767124
ENSG00000213853,19.78868523,-1.516135742,0.486800085,0.00057259,0.001936721
ENSG00000213901,6.449923182,2.27425769,1.061417351,0.004958596,0.013186497
ENSG00000213903,19.85389422,-1.270886316,0.46906886,0.002615563,0.007530992
ENSG00000213923,196.5309838,2.122041162,0.181181592,2.56E-32,7.13E-31
ENSG00000213965,19.12405473,-1.730201357,0.554455084,0.000467027,0.001610516
ENSG00000213977,177.5834703,-2.855149676,0.221933938,9.39E-39,3.28E-37
ENSG00000214021,23.52399017,2.247918399,0.546535772,8.16E-06,3.92E-05
ENSG00000214022,58.1164251,1.459063661,0.283975361,1.00E-07,6.27E-07
ENSG00000214049,15.80465486,2.800498522,0.714201244,1.46E-05,6.75E-05
ENSG00000214078,190.0955386,1.327125946,0.163429761,1.97E-16,2.56E-15
ENSG00000214114,20.51226474,-3.192833547,0.638937839,6.64E-08,4.25E-07
ENSG00000214160,22.23056377,-1.380937759,0.45418864,0.000822233,0.002687571
ENSG00000214194,60.13770179,-1.0069885,0.263774231,7.44E-05,0.000303696
ENSG00000214212,2.501336853,3.451668921,3.488598999,0.008523031,0.021132447
ENSG00000214226,17.5170728,5.142191721,1.052680223,7.34E-07,4.11E-06
ENSG00000214253,115.7152347,-0.786040301,0.201556156,6.69E-05,0.000276121
ENSG00000214336,3.782759171,4.875262403,2.643741423,0.000854421,0.002780207
ENSG00000214401,1.951399767,-1.915884716,3.303247317,0.021464875,0.047014277
ENSG00000214517,64.85055733,1.775409934,0.279381124,5.74E-11,5.08E-10
ENSG00000214548,42.80084333,8.981561379,2.498866793,3.55E-12,3.46E-11
ENSG00000214575,2.984068501,3.706502555,2.597690003,0.004016944,0.010978738
ENSG00000214655,172.9556965,2.381170659,0.198585759,7.88E-34,2.35E-32
ENSG00000214717,27.89504366,0.999347493,0.410570376,0.008010508,0.020043572
ENSG00000214736,356.5840444,-1.966271891,0.176635712,1.92E-29,4.83E-28
ENSG00000214753,134.8005238,-0.546630032,0.195612719,0.004328037,0.011718394
ENSG00000214866,5.881839635,5.579765381,2.489377963,8.49E-05,0.00034244
ENSG00000214944,9.714739268,-1.677873501,0.688138983,0.003559753,0.009891618
ENSG00000215012,13.00317671,-2.200050627,0.665464013,0.000177015,0.000669762
ENSG00000215021,100.0167064,-1.310857092,0.230154992,5.05E-09,3.69E-08
ENSG00000215067,5.582911189,2.126508679,1.045556213,0.007095497,0.018075792
ENSG00000215182,3.527081153,5.1859441,2.577066938,0.000363785,0.001290133
ENSG00000215251,98.54753344,1.313898528,0.222636424,1.52E-09,1.17E-08
ENSG00000215252,26.07966317,2.527149202,0.539742315,5.73E-07,3.25E-06
ENSG00000215301,228.8149122,1.924369577,0.159636467,4.81E-34,1.45E-32
ENSG00000215458,5.165679317,-3.771877995,1.341673348,0.000695311,0.002311318
ENSG00000215788,47.39738817,0.660745624,0.302780875,0.021973479,0.047968637
ENSG00000215845,92.85359622,-2.314773053,0.271953675,3.02E-18,4.41E-17
ENSG00000216490,16.46565922,-1.206468522,0.506981472,0.006982264,0.01782816
ENSG00000217128,93.05037227,2.696233471,0.272196817,7.90E-24,1.54E-22
ENSG00000217555,10.26647058,-4.325119258,1.280610584,0.000129243,0.000504703
ENSG00000217702,4.150726591,4.238962613,2.537066518,0.001712083,0.005175566
ENSG00000218416,3.688790642,5.5080155,2.724293481,0.000384328,0.001355759
ENSG00000218537,7.459467651,2.053501985,0.986111104,0.006291858,0.016234159
ENSG00000218739,13.48408307,-1.923280719,0.648835551,0.000631701,0.002117857
ENSG00000218891,18.34225839,1.856500366,0.530224765,0.000109159,0.000433396
ENSG00000219200,225.1038013,0.918243475,0.142288289,6.77E-11,5.95E-10
ENSG00000220201,18.82020533,4.081271831,0.763059256,2.36E-08,1.58E-07
ENSG00000220205,203.4012739,2.64647421,0.192576171,9.62E-44,3.79E-42
ENSG00000221823,68.86955426,0.700339407,0.254140827,0.00433224,0.011727582
ENSG00000221869,73.67284844,-1.519354295,0.295052682,8.46E-08,5.32E-07
ENSG00000221914,94.05699998,1.150306258,0.224283545,1.45E-07,8.90E-07
ENSG00000221926,60.97526408,-0.968640566,0.276005927,0.000257306,0.00094062
ENSG00000221963,6.507191417,2.84921659,1.08988492,0.001447685,0.004454416
ENSG00000221968,75.34020333,4.628147137,0.501894184,1.53E-20,2.51E-19
ENSG00000221978,221.8221878,2.399893116,0.169393235,3.07E-46,1.26E-44
ENSG00000221983,171.4370978,-1.90040282,0.166808364,1.10E-30,2.88E-29
ENSG00000221988,35.16243936,-1.849142577,0.377929961,2.42E-07,1.44E-06
ENSG00000221994,11.20520604,1.814024279,0.761840536,0.003768936,0.010391127
ENSG00000222009,8.025578014,2.363957828,0.880665225,0.001179282,0.0037018
ENSG00000222041,8.883776248,3.150388138,1.008004975,0.000353811,0.001257839
ENSG00000222043,6.725634032,2.637987911,1.860700869,0.011195197,0.026816885
ENSG00000223356,9.939153862,4.705496765,1.658143347,0.000252266,0.000923126
ENSG00000223374,8.138614754,6.731344303,2.622390302,1.02E-05,4.80E-05
ENSG00000223403,40.6356761,9.368734504,2.549733571,6.32E-13,6.54E-12
ENSG00000223496,34.05063938,1.88218704,0.423550767,2.26E-06,1.18E-05
ENSG00000223547,28.70087611,3.587999703,0.550136459,1.45E-11,1.34E-10
ENSG00000223572,9.122027394,-2.868687859,0.807075512,4.96E-05,0.000210066
ENSG00000223768,29.90343992,3.307506341,0.563261601,8.30E-10,6.56E-09
ENSG00000223901,3.31776787,4.572919021,2.808881021,0.001982787,0.005894223
ENSG00000224051,32.81265589,-1.521836304,0.427220355,0.000112887,0.000446126
ENSG00000224152,11.56697652,1.94614769,0.813327834,0.003247775,0.009106851
ENSG00000224239,4.278351734,3.153642993,1.979681015,0.005842869,0.01521668
ENSG00000224259,8.775955517,-3.082288025,0.917770381,9.50E-05,0.000380107
ENSG00000224417,2.168406904,1.264782037,2.443582892,0.017500724,0.039472038
ENSG00000224420,11.06133762,4.837880469,1.146101829,8.43E-06,4.04E-05
ENSG00000224470,92.73358885,1.666490587,0.234290906,3.49E-13,3.68E-12
ENSG00000224621,18.72848141,4.649216389,1.144437008,1.59E-05,7.30E-05
ENSG00000224660,22.75023697,2.621786344,0.546314911,2.74E-07,1.62E-06
ENSG00000224877,28.38979408,-2.503422925,0.45881237,7.95E-09,5.65E-08
ENSG00000224975,99.29174945,5.300483042,0.518759392,1.36E-24,2.75E-23
ENSG00000224984,6.831868294,-1.503237324,0.930247325,0.022316806,0.048593586
ENSG00000225075,10.49119258,5.25198859,1.423431036,1.34E-05,6.22E-05
ENSG00000225083,7.335580614,6.731927663,2.515101177,2.33E-06,1.22E-05
ENSG00000225450,18.40669906,3.419863717,0.831826398,7.03E-06,3.41E-05
ENSG00000225578,8.090695864,6.056155523,2.452682411,1.55E-05,7.14E-05
ENSG00000225663,24.64661449,1.039926432,0.471120968,0.013444378,0.031454935
ENSG00000225697,39.29165643,3.103975839,0.450841406,9.48E-13,9.69E-12
ENSG00000225746,1.880925149,2.246679954,2.855053922,0.019248422,0.042780793
ENSG00000225828,30.6429578,4.142197471,0.646750213,4.19E-11,3.75E-10
ENSG00000225857,4.999561888,5.621726407,2.762449773,0.000371943,0.001314877
ENSG00000225880,8.640712062,2.315864423,1.102868441,0.006068753,0.015734205
ENSG00000225921,71.2152285,-1.212855967,0.252398977,7.08E-07,3.97E-06
ENSG00000226005,8.092792644,-2.739661058,0.923184144,0.000338455,0.001208888
ENSG00000226179,31.59183931,3.483987823,0.605913887,1.59E-09,1.22E-08
ENSG00000226312,9.213023987,4.031257251,1.149983415,0.000124839,0.000488823
ENSG00000226328,14.49895306,-1.192521966,0.608560919,0.019402649,0.043090545
ENSG00000226380,7.341667065,3.940167808,2.283800498,0.001333666,0.004140541
ENSG00000226386,15.30978747,2.596272938,1.373792461,0.004788886,0.01278449
ENSG00000226479,40.46155999,2.379411775,0.394586583,3.32E-10,2.71E-09
ENSG00000226763,2.775607768,3.86176335,2.626179976,0.003488603,0.009716286
ENSG00000226950,52.0760639,1.005587225,0.311835792,0.000700819,0.00232749
ENSG00000226979,4.484739811,5.207494264,2.699160049,0.0005982,0.002011598
ENSG00000227057,72.63362581,0.696651621,0.241969683,0.002974896,0.008428193
ENSG00000227078,6.98591018,4.512887543,1.552909867,0.000231122,0.000851999
ENSG00000227199,2.675805421,2.656090813,2.687614835,0.013212015,0.031026594
ENSG00000227345,23.6621007,-1.048458438,0.440892076,0.008622336,0.021342123
ENSG00000227359,11.28867792,2.142118619,1.017914945,0.00455381,0.012260908
ENSG00000227403,5.226491692,-3.604769192,1.624463951,0.001813561,0.005441433
ENSG00000227471,14.97433751,3.334176713,0.720819644,5.72E-07,3.24E-06
ENSG00000227540,4.810607828,-2.678784932,1.503126894,0.008298883,0.020643845
ENSG00000227543,4.62026618,4.884890608,2.493382611,0.000464643,0.001603438
ENSG00000227676,11.64008336,3.985276828,1.191605165,0.000187988,0.000707399
ENSG00000227740,3.294107464,4.08070968,2.858647225,0.003707577,0.01023755
ENSG00000227741,2.674881511,2.137552217,2.467903108,0.020887974,0.045917393
ENSG00000227908,5.707613948,5.070744221,2.412478368,0.000197759,0.000740893
ENSG00000227946,23.77290667,1.26387205,0.550050794,0.008203434,0.020459134
ENSG00000227959,15.76370655,3.771729494,1.075802467,0.000161699,0.000617297
ENSG00000228013,30.3064115,6.875265917,2.352417133,1.09E-07,6.81E-07
ENSG00000228037,5.637532108,2.93695327,3.331240403,0.011166428,0.026756558
ENSG00000228107,12.21979366,2.344046222,0.898594979,0.001432767,0.004414141
ENSG00000228109,12.57172665,2.285824302,0.841510258,0.001173601,0.003687079
ENSG00000228126,6.220643997,5.029649413,2.570056459,0.000498469,0.001708361
ENSG00000228242,6.587489195,6.310450999,2.472145126,7.21E-06,3.49E-05
ENSG00000228253,4348.877503,0.749355213,0.063935058,8.27E-32,2.26E-30
ENSG00000228288,27.77050513,-1.565899679,0.491216626,0.000406366,0.001423361
ENSG00000228300,25.25818359,-0.948246782,0.42019477,0.013123759,0.030849357
ENSG00000228393,31.75136554,4.340670359,0.717826939,3.63E-10,2.96E-09
ENSG00000228436,12.25009314,2.575731025,0.960484492,0.001237835,0.003871242
ENSG00000228474,394.9770982,-2.53213129,0.186551136,8.52E-43,3.28E-41
ENSG00000228506,12.92830627,2.243072324,0.719893684,0.000336861,0.001203786
ENSG00000228526,10.16199282,1.586423037,0.689084166,0.005662362,0.014794478
ENSG00000228549,9.298463906,6.626820224,2.440891893,1.30E-06,7.01E-06
ENSG00000228594,4.430404756,-1.774891971,1.19377829,0.020500755,0.045155807
ENSG00000228707,9.449444443,5.727439479,2.851252842,0.0004491,0.00155536
ENSG00000228716,2.235890232,-1.977238888,1.902014292,0.022886111,0.049639139
ENSG00000228737,3.796874669,3.809255045,2.732779264,0.004212898,0.011449469
ENSG00000228817,12.56333068,4.789291369,1.428954158,5.35E-05,0.000225604
ENSG00000228839,3.630338492,5.378907769,2.85978576,0.000747572,0.002471426
ENSG00000229124,4.532734994,4.562193654,2.486320117,0.000847886,0.002762066
ENSG00000229152,6.81563542,3.182340294,1.523531061,0.003714369,0.01025435
ENSG00000229299,4.74430817,3.579988137,1.872788444,0.003022786,0.008538809
ENSG00000229348,16.31762348,7.929402416,2.593687412,6.29E-08,4.04E-07
ENSG00000229373,14.79112705,7.118119449,2.419800471,8.45E-08,5.32E-07
ENSG00000229407,10.89176941,7.756473693,2.634363941,1.75E-07,1.06E-06
ENSG00000229591,7.524224954,3.801537854,1.885378997,0.002204375,0.006482403
ENSG00000229647,10.05285083,-1.533425577,0.674442209,0.006346382,0.016369007
ENSG00000229719,3.220903504,2.44079257,1.685564995,0.012166572,0.028890122
ENSG00000230149,25.13007997,5.099139911,0.901468845,8.70E-09,6.16E-08
ENSG00000230415,10.9913805,4.502780657,1.394888974,9.23E-05,0.000369819
ENSG00000230454,2.640614182,3.395240152,2.69163009,0.00636959,0.016417171
ENSG00000230483,4.529185325,3.194358555,4.204435317,0.010983829,0.026402031
ENSG00000230532,55.32075819,5.531693991,0.701817082,1.24E-15,1.53E-14
ENSG00000230732,3.770666461,2.13357692,1.592355011,0.017850213,0.040110349
ENSG00000230753,8.876252182,6.505208031,2.7661287,6.99E-05,0.000287499
ENSG00000230825,2.675184121,4.104055302,2.6625176,0.002732105,0.007829187
ENSG00000230844,12.79404609,2.678347174,0.792781589,0.000129125,0.000504379
ENSG00000230896,3.688331304,-4.000429859,3.183639711,0.005360983,0.01411144
ENSG00000230937,51.03735777,-3.035153622,0.344475809,1.72E-19,2.67E-18
ENSG00000231125,7.545228742,4.132641678,1.514182244,0.000446835,0.001549372
ENSG00000231194,15.39545399,4.124070036,1.038612906,9.10E-06,4.34E-05
ENSG00000231290,38.58085794,4.63307798,0.559297542,4.28E-17,5.79E-16
ENSG00000231346,3.905277775,3.122415388,2.558435271,0.007528998,0.018986397
ENSG00000231365,20.23534796,1.907753694,0.569309569,0.000192592,0.000723218
ENSG00000231500,940.5862996,-2.329736527,0.089502416,4.02E-150,7.55E-148
ENSG00000231638,49.12035364,6.20546929,0.742973024,1.19E-16,1.56E-15
ENSG00000231767,9.269837704,-2.222309584,1.164264592,0.00589986,0.015354057
ENSG00000231880,8.97168541,4.08765,1.456954266,0.000377314,0.001332238
ENSG00000231889,2.971514769,1.964589569,1.671556962,0.023055145,0.04999079
ENSG00000231925,62.7153319,0.70496438,0.266869844,0.006142998,0.015887378
ENSG00000231966,58.92795978,7.252202637,1.054429978,1.33E-11,1.24E-10
ENSG00000231970,7.698568834,2.494437623,1.239013213,0.004884533,0.013018229
ENSG00000232070,6.34704887,2.478179826,1.183873876,0.005190607,0.013705321
ENSG00000232112,163.7370482,-0.441666539,0.188033642,0.016671081,0.037806932
ENSG00000232388,94.92781714,-0.899573463,0.243300593,0.00013508,0.000525511
ENSG00000232442,11.85941811,-1.686323297,0.7799912,0.006428578,0.01655153
ENSG00000232527,8.236005231,-1.592594379,0.900659849,0.016599467,0.037662219
ENSG00000232533,53.84163032,3.338911975,0.48156912,6.59E-13,6.80E-12
ENSG00000232536,5.83554782,3.8776002,2.142261987,0.002849797,0.008124678
ENSG00000232618,2.766980698,3.826650086,2.635084028,0.003670728,0.010151288
ENSG00000232656,12.13131879,7.210642184,2.459133515,1.11E-07,6.91E-07
ENSG00000232671,13.08634673,3.547455686,1.169647727,0.000310422,0.001116748
ENSG00000232810,5.341493554,4.017792551,1.632484361,0.000892114,0.002890537
ENSG00000232832,14.46065892,8.294834632,2.569804697,1.73E-09,1.33E-08
ENSG00000232874,4.371637088,1.987425815,3.057104228,0.016446368,0.037365524
ENSG00000232931,9.79361664,2.656904685,0.93090518,0.000784243,0.002576189
ENSG00000233016,44.99860863,2.195004785,0.368461301,5.54E-10,4.44E-09
ENSG00000233056,11.41382964,7.246526963,2.476372775,1.11E-07,6.94E-07
ENSG00000233230,7.255569672,2.500787041,1.2926227,0.008560762,0.02121147
ENSG00000233421,8.219359114,6.42269388,2.483006346,5.62E-06,2.76E-05
ENSG00000233429,189.5343503,1.90199516,0.18998735,3.63E-24,7.24E-23
ENSG00000233461,12.30582794,-1.853319489,0.62787156,0.000686429,0.002284941
ENSG00000233559,6.330763341,2.268364752,1.51183872,0.013802775,0.032168709
ENSG00000233621,2.961307634,-2.250159421,1.529918905,0.016556662,0.03758581
ENSG00000233901,5.369995584,-2.871017342,1.097833925,0.001084981,0.00344227
ENSG00000233927,326.2729771,-1.675286181,0.126525201,1.52E-40,5.59E-39
ENSG00000233930,24.49015752,8.997847415,2.578866546,1.46E-11,1.36E-10
ENSG00000233937,11.07814944,2.391222416,0.812711474,0.000597761,0.002011056
ENSG00000234028,3.098350957,2.578178187,1.758653227,0.01053065,0.025443029
ENSG00000234127,57.40827795,0.619671945,0.266787711,0.015984498,0.036478414
ENSG00000234199,14.25627254,5.78876005,1.36639595,1.16E-06,6.30E-06
ENSG00000234456,3.671000485,4.202030283,2.463216642,0.001478782,0.004538525
ENSG00000234721,4.768113625,5.860619196,2.620375952,0.000105761,0.000420258
ENSG00000234745,679.5227695,3.150265107,0.123969858,2.60E-143,4.48E-141
ENSG00000234768,6.297011676,6.051521454,3.000508172,0.000453219,0.001567378
ENSG00000234776,7.724731815,3.538825999,1.535872685,0.001610308,0.004903734
ENSG00000234912,6.130425554,2.396790999,1.094743423,0.004880895,0.013010927
ENSG00000235098,2.21373174,-2.221806038,1.963364831,0.01737102,0.039222263
ENSG00000235173,10.68333075,-1.530163962,0.673763879,0.006155663,0.015916785
ENSG00000235245,17.75078695,1.485389076,0.668030638,0.007620992,0.019181638
ENSG00000235246,6.993254696,6.693830636,2.962191341,0.000115213,0.000454264
ENSG00000235262,12.39106946,6.568301786,2.490585229,3.69E-06,1.87E-05
ENSG00000235385,13.16240807,2.575163619,0.812429045,0.000237582,0.000874254
ENSG00000235437,22.93565019,2.675880487,0.575157874,6.06E-07,3.43E-06
ENSG00000235448,12.43384944,3.334424512,0.885940409,3.37E-05,0.000146735
ENSG00000235499,45.59731757,2.749273332,0.485062018,2.06E-09,1.57E-08
ENSG00000235643,8.87822265,5.529099496,2.500190794,0.000110771,0.000438963
ENSG00000235750,27.69609363,-0.876997135,0.400731233,0.017187909,0.038845157
ENSG00000235852,6.812044833,2.960426035,1.752136281,0.006043911,0.015672607
ENSG00000235942,81.97909319,1.983787388,0.310642474,3.99E-11,3.59E-10
ENSG00000235947,5.860252031,4.058911415,1.628136003,0.000800854,0.002626584
ENSG00000235954,6.742653427,2.540831339,1.077422788,0.003166943,0.008907485
ENSG00000236039,5.038778423,2.378830422,1.539966535,0.011869497,0.028263496
ENSG00000236255,5.478455418,2.902927764,1.260151256,0.003607302,0.010006462
ENSG00000236256,4.003364205,4.547615638,2.497865833,0.000907624,0.002935537
ENSG00000236444,2.586397785,2.682994071,2.674867065,0.012855533,0.030327162
ENSG00000236453,109.4711858,10.4654181,2.579344653,2.99E-16,3.82E-15
ENSG00000236617,5.011139989,2.14806569,1.868249635,0.020195063,0.044590501
ENSG00000236740,4.556301635,-2.844870548,1.274556299,0.002863973,0.008157026
ENSG00000236754,8.091123876,6.155979418,2.42083428,7.05E-06,3.42E-05
ENSG00000236901,5.034627607,2.048625034,1.142797146,0.012653224,0.029913254
ENSG00000237017,3.362685965,2.499195421,1.729529684,0.011496544,0.027447644
ENSG00000237101,4.477367598,-4.141539919,1.890130802,0.001345829,0.004175617
ENSG00000237190,14.08939638,-2.547303971,0.760425973,0.000115171,0.000454264
ENSG00000237200,44.02938105,9.061207064,2.540835654,1.43E-11,1.33E-10
ENSG00000237289,9.506774816,-2.445648196,0.753847578,0.000169108,0.000643542
ENSG00000237330,39.37376266,2.816958655,0.454761755,9.77E-11,8.48E-10
ENSG00000237338,166.1708656,11.597707,2.658717926,2.11E-19,3.25E-18
ENSG00000237399,12.27462156,5.982079335,1.359754048,5.05E-07,2.88E-06
ENSG00000237441,77.04614593,1.009433323,0.244627862,2.09E-05,9.42E-05
ENSG00000237596,4.601947544,5.077708351,2.491397257,0.000304701,0.001096983
ENSG00000237651,15.95943413,-1.995554802,0.54781982,5.43E-05,0.000228676
ENSG00000237760,7.995227061,4.739636737,2.783033645,0.001509583,0.004623257
ENSG00000237781,63.09359729,6.889776012,1.299789193,3.33E-09,2.48E-08
ENSG00000237883,6.622973697,-2.288500654,1.100435396,0.005378464,0.014149739
ENSG00000238120,10.96249315,2.418453343,0.950105931,0.001689484,0.005119004
ENSG00000238227,26.31635428,-1.08901036,0.411370238,0.003900176,0.010704048
ENSG00000238266,53.41790783,1.425639798,0.380953862,6.84E-05,0.000281873
ENSG00000239264,73.09208348,-1.618739206,0.253672188,5.35E-11,4.75E-10
ENSG00000239282,17.22758203,-1.045754944,0.503905274,0.017940731,0.04026376
ENSG00000239305,95.23930016,3.740826156,0.302264032,7.23E-36,2.29E-34
ENSG00000239306,59.99474653,0.684899636,0.268243378,0.00802096,0.020059328
ENSG00000239382,28.52619079,1.255390453,0.412942074,0.000990798,0.003169154
ENSG00000239569,112.6208165,3.439459078,0.338493116,4.78E-25,9.94E-24
ENSG00000239628,4.11697298,5.352056721,3.468744617,0.002519019,0.007284881
ENSG00000239653,12.78729196,2.117958167,0.698139332,0.000451346,0.001562019
ENSG00000239665,14.8825226,3.411343058,0.756621744,1.22E-06,6.61E-06
ENSG00000239672,40.96292803,-1.939513131,0.361669743,1.84E-08,1.25E-07
ENSG00000239704,18.93703324,1.860043804,0.532893158,0.000115183,0.000454264
ENSG00000239779,67.98870991,0.638515542,0.268375014,0.01349083,0.031548323
ENSG00000239789,21.59546827,-1.307120187,0.480976172,0.002436595,0.007083295
ENSG00000239857,33.18885471,4.178281929,0.635383657,1.46E-11,1.36E-10
ENSG00000240053,57.41596427,3.067746765,0.377849547,9.06E-17,1.19E-15
ENSG00000240184,10.64372642,-2.599871406,0.76813575,9.74E-05,0.000389276
ENSG00000240219,3.129547667,2.209378044,1.90355005,0.017443708,0.039367971
ENSG00000240344,10.90479673,-1.619081523,0.68726391,0.004702761,0.012582404
ENSG00000240386,80.5044336,1.756351906,0.39060614,1.77E-06,9.39E-06
ENSG00000240476,9.412389191,2.871416804,0.992423995,0.000489085,0.001679781
ENSG00000240707,8.746580466,6.255981027,2.443504792,5.91E-06,2.89E-05
ENSG00000240731,47.55518295,2.976734549,0.434001125,1.32E-12,1.33E-11
ENSG00000240771,3.697892695,2.319140118,1.672372668,0.014286856,0.03314752
ENSG00000240857,26.00796414,-1.287167725,0.450083282,0.001623604,0.004939031
ENSG00000240972,505.087889,-2.607062554,0.130514123,1.33E-89,1.16E-87
ENSG00000241106,26.01116899,1.710011134,0.468871669,7.27E-05,0.000297972
ENSG00000241258,72.27314842,1.138821884,0.272297916,1.43E-05,6.63E-05
ENSG00000241343,103.0847801,-2.17063623,0.236799515,9.66E-21,1.61E-19
ENSG00000241468,88.38466594,-2.892448117,0.256384637,2.43E-30,6.29E-29
ENSG00000241685,247.5005166,-1.004362207,0.150997295,1.69E-11,1.56E-10
ENSG00000241794,69.75934394,-2.261398941,0.417928695,1.01E-08,7.11E-08
ENSG00000241837,79.65869096,-1.993201555,0.24097259,2.97E-17,4.05E-16
ENSG00000241852,29.08416058,1.347692806,0.42085201,0.000521101,0.001778771
ENSG00000241878,103.7827396,2.1916396,0.247989925,2.18E-19,3.35E-18
ENSG00000241973,33.94695829,1.164837331,0.370047947,0.000764813,0.002520941
ENSG00000241990,14.62810776,-2.280682221,0.867137685,0.001115892,0.003527202
ENSG00000242028,8.504567977,6.334174269,2.440116542,4.45E-06,2.22E-05
ENSG00000242247,63.61172617,0.632614886,0.2867187,0.021261178,0.046596315
ENSG00000242265,7.791811845,6.758762931,2.523826887,2.39E-06,1.25E-05
ENSG00000242372,392.9419557,-0.989169294,0.11884159,5.01E-17,6.74E-16
ENSG00000242485,43.34162782,-1.289813997,0.311796128,1.44E-05,6.66E-05
ENSG00000242498,4.973781245,-2.794243351,1.153061662,0.002169391,0.006387309
ENSG00000242689,13.70829188,2.205342388,0.743661859,0.000493847,0.001693725
ENSG00000242732,3.071394315,4.129759003,2.625501428,0.002448781,0.007108761
ENSG00000242802,95.26168501,3.132879244,0.306127189,2.60E-25,5.46E-24
ENSG00000242861,4.799266391,-2.907960033,3.130279568,0.012422774,0.029426104
ENSG00000242866,1.988901604,2.60270997,2.912502587,0.014518672,0.033583127
ENSG00000243147,69.19371218,-0.743444696,0.271921403,0.004430191,0.011963663
ENSG00000243179,6.375782655,3.938670131,1.640459113,0.001029203,0.003277514
ENSG00000243317,21.65697829,-2.050123658,0.483822644,4.45E-06,2.22E-05
ENSG00000243335,24.3671844,2.886153618,0.60620584,4.06E-07,2.35E-06
ENSG00000243364,20.5919153,-1.574492124,0.52090426,0.000695547,0.002311573
ENSG00000243566,5.799399831,-1.812764089,0.973722081,0.01065347,0.025697526
ENSG00000243667,4.13679264,-2.387375529,1.352155477,0.008705483,0.021522178
ENSG00000243678,234.0695696,-2.357034075,0.156260926,3.70E-52,1.75E-50
ENSG00000243708,78.26634561,-1.640924987,0.249988083,1.57E-11,1.46E-10
ENSG00000243716,13.43898213,3.014361366,0.75755088,1.30E-05,6.09E-05
ENSG00000243725,77.67331603,0.989006683,0.257192021,6.93E-05,0.000285089
ENSG00000243789,19.18837045,-1.613293721,0.50411072,0.000372855,0.00131775
ENSG00000243819,7.177062111,6.135722044,2.491823378,1.72E-05,7.87E-05
ENSG00000243927,85.00944334,1.654267487,0.258352915,4.61E-11,4.11E-10
ENSG00000243960,12.21115239,2.622572504,0.95403684,0.000779529,0.002562446
ENSG00000243989,13.18664501,-2.237892304,0.622404777,5.64E-05,0.000236465
ENSG00000244038,134.9587982,-1.44874884,0.198965308,1.18E-13,1.28E-12
ENSG00000244165,31.58220734,2.515190576,0.476594824,2.58E-08,1.72E-07
ENSG00000244187,56.46386915,-2.69511031,0.370121238,4.57E-14,5.10E-13
ENSG00000244239,3.041476755,-2.923816182,3.112774933,0.012200771,0.028966578
ENSG00000244405,23.2741746,2.068865235,0.563666101,5.50E-05,0.000231114
ENSG00000244462,119.6480207,2.252997009,0.222229411,8.11E-25,1.67E-23
ENSG00000244491,12.1327079,5.389669519,1.417344504,8.17E-06,3.93E-05
ENSG00000244509,39.96661096,-2.447349857,0.411802736,4.45E-10,3.59E-09
ENSG00000244754,30.3407856,1.483997289,0.406247418,8.80E-05,0.000353568
ENSG00000244879,15.32717151,1.582059448,0.553859709,0.001240517,0.003878791
ENSG00000245025,4.053277938,5.323828789,2.508085594,0.000188059,0.000707481
ENSG00000245317,52.82239148,5.309237214,0.613540382,2.68E-18,3.92E-17
ENSG00000245522,19.58480572,4.556221929,0.818653949,9.39E-09,6.64E-08
ENSG00000245532,536.4740987,2.735325687,0.122350462,2.10E-111,2.47E-109
ENSG00000245694,14.56172658,1.709290794,0.597129738,0.001087238,0.003447742
ENSG00000245848,94.88463822,-2.340958644,0.249398653,1.13E-21,1.99E-20
ENSG00000245910,56.26727545,-2.168293979,0.337970981,2.66E-11,2.42E-10
ENSG00000246089,20.19138605,2.233651312,0.547681947,8.57E-06,4.10E-05
ENSG00000246130,5.138728141,5.913254514,2.564428077,6.29E-05,0.000260793
ENSG00000246223,1.937426445,-2.353485337,4.945600157,0.014342038,0.033264891
ENSG00000246350,8.14943542,6.446349309,2.453536373,3.50E-06,1.78E-05
ENSG00000246560,28.97638662,3.175200591,0.521645364,1.93E-10,1.62E-09
ENSG00000246695,2.352715704,2.62622601,2.702218296,0.013640729,0.031842295
ENSG00000246705,58.8232432,-0.72029918,0.287111614,0.008671052,0.02144804
ENSG00000246985,3.791808696,4.022496,2.481694812,0.002077052,0.006151711
ENSG00000247049,5.717890507,4.557957953,2.636273295,0.001369379,0.004237789
ENSG00000247092,7.795352975,1.548663215,0.82745996,0.015832068,0.036153343
ENSG00000247095,22.52429524,-2.427317248,0.731087582,0.000176279,0.000667327
ENSG00000247271,2.53815769,-4.751315928,2.922094668,0.001804834,0.005419741
ENSG00000247315,62.84930701,2.83301486,0.338156605,1.04E-17,1.47E-16
ENSG00000247556,18.56618707,-1.227199754,0.467823002,0.003555228,0.009880941
ENSG00000247596,61.76455512,-1.424371093,0.318310598,2.87E-06,1.47E-05
ENSG00000247679,8.583272292,3.120988826,0.96115913,0.000187316,0.000705051
ENSG00000247982,7.562082788,4.660630881,1.43826825,8.18E-05,0.000330793
ENSG00000248008,23.1978467,0.966168558,0.432350143,0.013911104,0.032397735
ENSG00000248098,15.59804033,-1.326484697,0.615193965,0.010209832,0.024763545
ENSG00000248323,21.34529865,6.117057117,2.30118291,1.79E-06,9.54E-06
ENSG00000248333,45.69261544,1.360067548,0.338596433,2.27E-05,0.000101891
ENSG00000248476,28.24478731,3.96657227,0.815942549,2.27E-07,1.36E-06
ENSG00000248734,6.682879398,2.747551433,1.124966077,0.001776245,0.005349422
ENSG00000248968,3.743508573,1.314569912,2.578589957,0.016298479,0.037083906
ENSG00000248994,1.660255713,2.018026782,2.836421855,0.022467704,0.048870716
ENSG00000249087,16.17991004,3.110930403,0.702368736,1.56E-06,8.33E-06
ENSG00000249731,7.503838119,6.704626803,2.552744045,4.84E-06,2.41E-05
ENSG00000249898,3.348409999,3.22883641,2.501535265,0.006329526,0.016328441
ENSG00000250067,51.46597122,4.395353926,0.519975898,8.30E-18,1.18E-16
ENSG00000250091,4.953006572,5.939071016,2.506447451,3.45E-05,0.000149972
ENSG00000250410,13.17643747,5.158542229,1.349734786,8.65E-06,4.14E-05
ENSG00000250479,20.92730047,-1.4873573,0.486100168,0.000686592,0.002284958
ENSG00000250506,70.44151206,4.54656585,0.42499626,3.55E-27,7.99E-26
ENSG00000250722,7.60775539,-3.473781361,0.987413033,6.25E-05,0.000259429
ENSG00000251131,2.190215375,2.933574985,2.880338683,0.010974666,0.026393152
ENSG00000251136,6.062815584,2.937224253,1.095934543,0.001167611,0.003669852
ENSG00000251143,1.901478875,2.240898229,3.482462995,0.017828105,0.040073107
ENSG00000251192,10.49580712,1.834658014,0.743156868,0.003009537,0.008513009
ENSG00000251322,18.43961428,2.779128321,0.649103123,3.40E-06,1.73E-05
ENSG00000251369,28.41089766,2.173570904,0.463649894,5.95E-07,3.37E-06
ENSG00000251410,6.298046517,5.149205764,2.418449264,0.000169423,0.000644574
ENSG00000251442,5.318558141,-2.204525981,1.150236399,0.006904092,0.017653409
ENSG00000251493,21.64433004,1.072336283,0.457950993,0.009459481,0.023106156
ENSG00000251562,725.6313685,2.176600378,0.176885816,1.63E-35,5.10E-34
ENSG00000251867,3.657150157,3.92940435,2.544513382,0.002731852,0.007829187
ENSG00000253161,110.2859331,1.830182278,0.250362157,7.22E-14,7.97E-13
ENSG00000253200,45.80708097,4.393867826,0.55716711,1.06E-15,1.32E-14
ENSG00000253258,2.557524227,1.04587025,1.890282837,0.022001279,0.048022086
ENSG00000253352,410.4738519,2.925462523,0.138515091,9.60E-100,9.59E-98
ENSG00000253368,97.31677115,-2.794776451,0.276954139,8.89E-25,1.82E-23
ENSG00000253392,3.952762268,5.025152379,2.532749674,0.000418675,0.001462936
ENSG00000253476,61.97936868,4.369051722,0.505955515,1.01E-18,1.50E-17
ENSG00000253729,32.19457373,-1.979443794,0.381861596,4.85E-08,3.16E-07
ENSG00000253746,80.79304158,1.612902165,0.30356383,3.23E-08,2.14E-07
ENSG00000254093,16.85886242,-1.434006884,0.502696247,0.001430031,0.004406651
ENSG00000254165,4.842235567,1.994281408,1.744432343,0.022188038,0.048364112
ENSG00000254207,8.396844703,6.351130619,2.855770099,0.000159233,0.000609329
ENSG00000254400,20.34625649,6.060351353,1.376219723,4.85E-07,2.78E-06
ENSG00000254418,30.3193438,4.119242134,0.972123135,1.99E-06,1.05E-05
ENSG00000254484,6.951551131,5.704393137,2.714469213,0.000269086,0.000979477
ENSG00000254531,8.27726784,-1.766726322,1.322358618,0.022769388,0.049437808
ENSG00000254548,48.90643892,1.9579335,0.46565081,5.69E-06,2.79E-05
ENSG00000254554,15.48143408,4.52485134,1.135655598,2.25E-05,0.000101103
ENSG00000254574,6.568944962,4.346473835,3.153357609,0.003644725,0.01009044
ENSG00000254577,23.74033141,2.238279256,1.208309326,0.006924015,0.017694978
ENSG00000254602,2.899097227,3.014927828,2.641586952,0.009055879,0.02226301
ENSG00000254614,15.82823449,-1.90563102,0.630008257,0.000533634,0.001817696
ENSG00000254648,11.55029049,7.0273525,2.459426606,3.13E-07,1.83E-06
ENSG00000254665,4.556528804,3.097180686,1.660408005,0.004516515,0.01216728
ENSG00000254676,7.653995149,2.720592261,1.041383155,0.001286975,0.00401279
ENSG00000254685,6.950243442,-3.078008862,0.998725701,0.000296762,0.001070798
ENSG00000254694,14.84219126,1.84447319,1.139378262,0.015495772,0.035497354
ENSG00000254772,697.5225678,-1.564775181,0.089590761,7.75E-69,5.01E-67
ENSG00000254812,3.59882303,4.311097479,2.837196109,0.002793973,0.007990002
ENSG00000254815,26.70372771,2.063014009,0.639382244,0.000292619,0.001058487
ENSG00000254858,9.538783533,-1.569227757,0.684030559,0.005527359,0.014501932
ENSG00000254986,28.53485243,-1.147146521,0.394065202,0.001641458,0.004987057
ENSG00000254999,333.3552366,-1.3688643,0.169101335,2.19E-16,2.83E-15
ENSG00000255002,2.978013339,4.311856901,2.598289088,0.00179274,0.00538737
ENSG00000255026,225.536383,7.024355689,0.544853747,1.21E-37,4.09E-36
ENSG00000255031,11.27914497,2.789269712,0.923888493,0.000459706,0.001587996
ENSG00000255112,175.8905737,0.53994566,0.159933528,0.000627698,0.002104924
ENSG00000255150,23.1501792,4.194849644,1.055000344,3.23E-05,0.00014098
ENSG00000255176,5.945516678,5.704647243,2.46483116,5.19E-05,0.000219121
ENSG00000255181,3.040656565,3.36808456,2.56525078,0.00578037,0.01506204
ENSG00000255302,43.92829134,-1.736919249,0.362022002,4.18E-07,2.41E-06
ENSG00000255310,14.35674902,2.564871779,0.664939313,1.87E-05,8.48E-05
ENSG00000255326,14.26648007,7.706537014,2.616653365,2.66E-07,1.57E-06
ENSG00000255343,3.999720919,3.244418114,5.20062793,0.009175469,0.022511147
ENSG00000255363,14.65049533,6.312731773,2.396512756,2.78E-06,1.43E-05
ENSG00000255389,2.329578815,3.949367053,2.787157892,0.003960044,0.010843692
ENSG00000255423,18.57782533,4.343576647,0.867092544,1.37E-07,8.42E-07
ENSG00000255501,27.21100427,-1.154329665,0.429098007,0.003149685,0.008866144
ENSG00000255717,122.5073682,1.020042778,0.207203862,4.85E-07,2.78E-06
ENSG00000255920,10.65260619,6.565984692,2.414106124,1.14E-06,6.22E-06
ENSG00000255946,4.355460979,4.559711003,3.263393856,0.003522328,0.009800789
ENSG00000255966,6.901245973,5.931651319,2.711367706,0.000168462,0.000641253
ENSG00000256043,2.09637638,-3.747572961,3.167222857,0.006466965,0.016635574
ENSG00000256084,12.33882834,7.800716378,2.723996712,8.42E-07,4.67E-06
ENSG00000256087,69.93038053,3.827656384,0.367429582,4.54E-26,9.73E-25
ENSG00000256092,9.243318064,1.557920967,0.858456931,0.016789487,0.03804566
ENSG00000256152,9.188522433,5.68339105,2.799171421,0.000399858,0.001402263
ENSG00000256223,9.362063429,2.851119842,0.881614763,0.000198365,0.000742588
ENSG00000256269,9.848029716,-1.919736944,0.742232002,0.001855773,0.005553129
ENSG00000256448,34.30723716,4.664153599,0.860595407,1.64E-08,1.12E-07
ENSG00000256525,82.14540427,4.607444808,0.408248441,5.54E-30,1.42E-28
ENSG00000256683,19.71883832,1.882570111,0.515377679,6.11E-05,0.000254321
ENSG00000256812,112.1862674,-4.616793864,0.338614657,2.87E-43,1.11E-41
ENSG00000257084,103.1178226,-2.807777539,0.472132884,3.17E-10,2.61E-09
ENSG00000257103,133.9206117,0.753763051,0.178198847,1.72E-05,7.85E-05
ENSG00000257365,11.4691547,-1.728930362,0.639985246,0.001604157,0.004886032
ENSG00000257475,7.631816865,4.747432504,2.395562337,0.000399577,0.001401638
ENSG00000257497,17.22051436,3.116878076,0.650274058,2.39E-07,1.42E-06
ENSG00000257591,10.0821685,2.358939196,0.944547442,0.001712923,0.005177024
ENSG00000257696,4.554857762,4.38554236,2.952086671,0.003019344,0.008534082
ENSG00000257702,9.133836194,2.727415571,1.105025208,0.002133025,0.006289187
ENSG00000257727,33.39006118,-1.010293229,0.363464947,0.002908601,0.008267872
ENSG00000257949,57.59777151,1.776360792,0.323114683,1.01E-08,7.08E-08
ENSG00000258177,4.172312882,4.822720409,3.157983563,0.002558747,0.007390916
ENSG00000258289,30.76838979,-1.026859702,0.371529388,0.002989576,0.008464816
ENSG00000258365,3.971468155,5.366712519,2.652760917,0.000369347,0.001306657
ENSG00000258441,144.563065,5.965707045,0.428575306,6.20E-44,2.45E-42
ENSG00000258454,10.05771052,4.155904822,1.115351511,2.93E-05,0.000128745
ENSG00000258559,13.24407947,2.247194448,0.856246674,0.001709157,0.005171041
ENSG00000258634,28.13383793,1.43382786,0.424260167,0.00025,0.000915759
ENSG00000258643,8.8731058,1.906515845,0.848245152,0.004656241,0.012494879
ENSG00000258659,6.07600115,-3.0333297,1.077486349,0.00059953,0.002015602
ENSG00000258667,12.37359716,7.594063168,2.56994734,1.78E-07,1.08E-06
ENSG00000258717,25.17855233,8.909826368,2.649579148,1.24E-09,9.64E-09
ENSG00000258727,14.86287428,2.422085619,0.718268865,0.000136194,0.000529564
ENSG00000258738,7.374167871,2.959922837,1.073369489,0.000972426,0.003115895
ENSG00000258839,24.41167232,5.055728197,0.883077467,6.60E-09,4.75E-08
ENSG00000258890,50.02482525,2.703030116,0.370003656,5.15E-14,5.72E-13
ENSG00000258944,35.80663991,3.513825573,0.547450196,2.12E-11,1.95E-10
ENSG00000258947,368.4665162,5.194876261,0.227052728,2.09E-116,2.63E-114
ENSG00000259001,1701.602336,7.434963962,0.362435438,2.57E-94,2.38E-92
ENSG00000259287,4.824944621,-3.31839246,2.516156231,0.005835677,0.015200685
ENSG00000259322,11.96903376,7.439064685,2.688455084,2.48E-06,1.29E-05
ENSG00000259353,15.82716657,5.760082931,1.419821586,2.50E-06,1.30E-05
ENSG00000259366,40.20686035,2.596793676,0.451668107,1.53E-09,1.18E-08
ENSG00000259442,2.853935437,1.277505051,2.501080945,0.016048633,0.036595938
ENSG00000259644,5.977269406,3.276261321,1.756304164,0.003899034,0.010702942
ENSG00000259659,13.60283511,3.313957129,1.112124766,0.0004266,0.001487438
ENSG00000259775,8.863261355,5.156067186,2.501631796,0.000287217,0.001040245
ENSG00000259802,9.89705282,3.012152296,0.969031781,0.0002978,0.001074275
ENSG00000259877,3.993712127,3.198578563,1.641075718,0.003702543,0.010227552
ENSG00000259891,2.49938053,2.38291686,2.991737163,0.016908811,0.038304066
ENSG00000259932,2.531597498,2.932092065,3.397835852,0.01166931,0.027818836
ENSG00000259939,16.14442888,1.848469237,0.809091443,0.004280468,0.011601936
ENSG00000259956,59.15395721,0.718280626,0.27852935,0.007233511,0.018359552
ENSG00000259969,3.426459765,3.56994341,2.726924516,0.005560777,0.014573766
ENSG00000260025,6.130252453,-6.162162983,3.043538036,0.000318678,0.001143526
ENSG00000260032,640.4093874,2.341267874,0.115438091,3.76E-92,3.40E-90
ENSG00000260035,17.06380134,8.460289537,2.595887745,2.18E-09,1.66E-08
ENSG00000260038,12.89461695,3.537711319,1.208985452,0.000313239,0.001126042
ENSG00000260060,3.860886928,3.985261578,2.609679643,0.002860184,0.008149443
ENSG00000260077,10.91229085,4.094186486,1.018184821,1.24E-05,5.80E-05
ENSG00000260179,4.163626131,4.88332974,2.62867376,0.000803027,0.002631869
ENSG00000260186,6.465458663,6.37478048,2.495312495,7.70E-06,3.72E-05
ENSG00000260231,38.42208815,3.096169179,0.505060334,1.68E-10,1.42E-09
ENSG00000260233,10.10745214,3.379750985,1.007566744,0.00016109,0.000615457
ENSG00000260239,178.696947,9.142043346,1.261189096,1.37E-15,1.69E-14
ENSG00000260257,5.695395648,3.636360307,1.570807331,0.001486197,0.004557929
ENSG00000260260,36.5316533,-1.852937652,0.500171133,4.57E-05,0.00019519
ENSG00000260350,3.996975197,5.184624029,2.667345621,0.000550668,0.001870877
ENSG00000260366,14.91301196,4.594118955,1.608200426,0.000359182,0.00127537
ENSG00000260368,11.86532916,5.229393981,1.361165826,7.71E-06,3.72E-05
ENSG00000260418,28.51277007,2.547721617,0.684762169,2.62E-05,0.000115849
ENSG00000260428,19.45954669,3.7288268,0.825030709,1.15E-06,6.28E-06
ENSG00000260476,3.000474353,3.604492027,2.95327575,0.006435175,0.01656557
ENSG00000260563,22.48655913,3.559026768,0.843658706,4.20E-06,2.10E-05
ENSG00000260581,4.02871576,-5.384749908,3.499218009,0.002080728,0.006157561
ENSG00000260672,3.210222229,4.011618667,2.622722278,0.002859041,0.008147789
ENSG00000260698,2.740943922,3.963694779,2.649654954,0.003175656,0.008927101
ENSG00000260708,118.216859,3.541069905,0.305019521,6.72E-32,1.85E-30
ENSG00000260805,12.22117227,3.168015876,0.904276201,8.67E-05,0.00034902
ENSG00000260806,3.545293229,2.70022715,1.82166576,0.009276242,0.022731425
ENSG00000260807,9.084210535,4.606588584,1.377571035,6.15E-05,0.000255855
ENSG00000260852,69.80416157,4.66120789,0.492624882,1.33E-21,2.34E-20
ENSG00000260911,10.84279133,2.062666762,0.896994449,0.003844147,0.010572002
ENSG00000260916,8.17056129,-2.099184665,0.805740072,0.001562976,0.004772648
ENSG00000260942,32.49236614,5.742203137,0.858511119,2.70E-11,2.46E-10
ENSG00000260948,36.26197675,4.139752458,0.597159719,1.25E-12,1.26E-11
ENSG00000260953,4.941565923,4.49843571,3.213912462,0.003475981,0.009686721
ENSG00000260996,103.5186032,10.7336587,2.622715977,7.71E-17,1.02E-15
ENSG00000261026,38.36790691,5.457928054,0.759556403,6.21E-13,6.43E-12
ENSG00000261087,21.98599267,2.624239248,0.508625325,4.24E-08,2.78E-07
ENSG00000261094,4.878455566,2.980142275,1.352156381,0.003858882,0.010606797
ENSG00000261101,15.95908075,3.663527385,0.930811112,1.08E-05,5.10E-05
ENSG00000261114,11.65833197,4.41663994,1.233617036,7.25E-05,0.000297235
ENSG00000261183,13.34012209,-1.637642644,0.619616983,0.002049435,0.006073641
ENSG00000261236,22.35533551,-1.752626725,0.478939938,6.26E-05,0.00025978
ENSG00000261270,18.06140378,3.40040454,0.892725736,1.72E-05,7.85E-05
ENSG00000261324,24.3057755,5.374042276,1.018408919,1.43E-07,8.80E-07
ENSG00000261430,7.535398335,4.059157064,2.924342691,0.003943239,0.010811986
ENSG00000261441,40.22721168,6.500414489,1.011564787,3.08E-10,2.54E-09
ENSG00000261481,5.401500545,3.474784931,2.730598023,0.005926843,0.015415967
ENSG00000261488,49.41020033,4.664242017,0.565212367,5.22E-17,7.01E-16
ENSG00000261490,10.49528681,3.473919914,0.879412538,1.21E-05,5.64E-05
ENSG00000261618,9.379294684,6.482316725,2.448789985,2.47E-06,1.28E-05
ENSG00000261644,70.26110238,10.32353262,2.592701225,1.27E-15,1.57E-14
ENSG00000261654,3.648256316,4.288729262,2.524917108,0.001531924,0.004683755
ENSG00000261692,3.689517735,3.676273924,4.390449228,0.008755842,0.021618225
ENSG00000261703,6.212599016,5.834939312,2.910858713,0.000465245,0.001605134
ENSG00000261765,4.859277062,3.844832581,3.661989806,0.007437556,0.018791801
ENSG00000261799,6.949354473,1.468778103,0.82217701,0.019356859,0.043008643
ENSG00000261888,18.05851526,6.273206949,1.321058865,8.32E-08,5.24E-07
ENSG00000261889,47.01923549,7.624763559,1.291155664,5.66E-11,5.01E-10
ENSG00000262001,6.935050048,2.929134862,1.490377453,0.004434158,0.011969913
ENSG00000262202,28.71442919,7.538919921,2.45494758,2.67E-08,1.79E-07
ENSG00000262211,3.301170157,4.054071037,2.916647251,0.004322697,0.011706125
ENSG00000262227,10.68802245,1.766855678,0.910286965,0.009566069,0.02333502
ENSG00000262265,2.373464799,2.076786706,2.837600703,0.021404986,0.046897291
ENSG00000262343,10.98694421,7.098705799,2.631068833,1.24E-06,6.69E-06
ENSG00000262434,8.431868653,6.556515762,2.599124664,1.45E-05,6.71E-05
ENSG00000262445,5.560169469,4.7712908,2.616397645,0.000930593,0.002997773
ENSG00000262468,1.803066059,2.402566582,3.018575161,0.017092861,0.038672598
ENSG00000262533,144.2969005,10.82961008,2.571074087,1.83E-17,2.54E-16
ENSG00000262678,6.172410105,1.829736604,1.209809824,0.019981091,0.044171939
ENSG00000262766,24.74929016,4.252742759,0.772876874,9.66E-09,6.81E-08
ENSG00000262814,74.5950113,-2.188675624,0.314621471,6.43E-13,6.64E-12
ENSG00000262903,23.54504406,2.158340852,0.607518808,7.17E-05,0.000294359
ENSG00000262919,19.68863036,-1.549624115,0.53690191,0.001132897,0.003574711
ENSG00000263001,33.88754083,-1.133681268,0.355093626,0.000673038,0.002243978
ENSG00000263050,146.3975726,8.663437257,1.262198258,3.92E-14,4.40E-13
ENSG00000263167,10.62826548,7.51075228,2.697422555,5.68E-07,3.23E-06
ENSG00000263220,2.944345918,2.50006754,4.053221875,0.014217257,0.033007197
ENSG00000263465,30.60815982,-1.296855463,0.374941446,0.000214747,0.000796908
ENSG00000263567,14.97062935,7.581176933,2.612971194,7.25E-08,4.62E-07
ENSG00000263574,12.74446656,7.197940546,2.486381943,1.97E-07,1.18E-06
ENSG00000263683,7.722080237,3.584777734,1.28458673,0.000546388,0.00185808
ENSG00000263786,9.580052865,2.422933874,0.974082502,0.002216932,0.006516683
ENSG00000263823,14.22373274,1.867503623,0.720045565,0.002053984,0.006085878
ENSG00000263843,9.74861356,3.428090448,1.068665459,0.000224155,0.000829058
ENSG00000263956,7.687812343,1.894292033,0.876122115,0.006183046,0.015979031
ENSG00000264112,27.5320628,2.703244901,0.477763381,2.65E-09,1.99E-08
ENSG00000264230,28.88388836,-2.528057015,0.449497703,2.88E-09,2.16E-08
ENSG00000264269,7.575079408,4.054114571,1.533986582,0.000567188,0.001921142
ENSG00000264522,46.31979739,3.01883223,0.396091832,4.76E-15,5.67E-14
ENSG00000264635,12.68929495,6.560577885,2.40697173,1.10E-06,6.04E-06
ENSG00000264924,3.869360162,4.675828106,3.42874625,0.003616537,0.010028238
ENSG00000265190,21.29459911,-2.150379245,0.497153041,2.80E-06,1.44E-05
ENSG00000265241,92.70115064,0.560997348,0.220384791,0.009111344,0.022376571
ENSG00000265254,2.57594203,0.82940414,1.566606125,0.022158918,0.048315183
ENSG00000265287,2.755534933,1.855461242,3.591579587,0.018561892,0.04146501
ENSG00000265354,152.1532976,-0.668137173,0.187870066,0.000288548,0.001044804
ENSG00000265401,9.764280468,2.847556234,1.333626851,0.002634372,0.007579119
ENSG00000265491,20.57155257,1.372972408,0.488485376,0.001785092,0.005370481
ENSG00000265681,621.0795372,-1.202156515,0.087544329,3.03E-43,1.17E-41
ENSG00000265800,9.759532638,2.874673429,1.432868797,0.005393119,0.014185716
ENSG00000265972,791.4988973,-0.793599356,0.095836095,8.47E-17,1.12E-15
ENSG00000266236,8.739840916,4.566436355,1.525285142,0.000175279,0.000663888
ENSG00000266338,18.40605721,1.189223862,0.543923615,0.011919745,0.028364489
ENSG00000266472,132.2805588,-1.386163579,0.194484549,3.85E-13,4.05E-12
ENSG00000266498,83.81119764,6.770894809,0.987111302,2.81E-11,2.55E-10
ENSG00000266897,14.69604774,5.582566323,1.406837257,3.91E-06,1.97E-05
ENSG00000266962,8.956744389,-1.990962929,0.847600188,0.003236878,0.009079814
ENSG00000266980,24.37484844,8.43653829,2.516971521,3.39E-10,2.77E-09
ENSG00000266993,17.78515447,5.544114951,1.336934512,1.93E-06,1.02E-05
ENSG00000267064,3.900088487,4.311695037,2.479741211,0.001291686,0.004025747
ENSG00000267073,3.427481576,-4.479037832,3.046813213,0.002981456,0.008444813
ENSG00000267090,9.195663401,5.299748857,2.695811814,0.00046908,0.001616824
ENSG00000267096,4.141153615,2.180175232,1.799206343,0.019558608,0.043396972
ENSG00000267138,12.05922297,1.863501596,1.092995441,0.014268832,0.033111008
ENSG00000267139,83.42146455,1.234292936,0.272815966,2.70E-06,1.39E-05
ENSG00000267169,24.87752379,5.770635918,1.018831911,2.02E-08,1.37E-07
ENSG00000267214,3.297766677,4.214944372,4.363153464,0.007105029,0.018093708
ENSG00000267270,15.02041327,5.652190426,1.331118826,1.19E-06,6.47E-06
ENSG00000267308,5.470941123,3.024052152,1.498055778,0.004688391,0.012553235
ENSG00000267317,21.97035552,1.481335642,0.527938904,0.001557515,0.004757978
ENSG00000267322,4.883674617,2.41424589,1.607573232,0.011850133,0.028222027
ENSG00000267328,6.790464842,5.569970406,2.607050094,0.00020148,0.000752692
ENSG00000267368,34.99987941,-3.075648457,0.500328493,9.81E-11,8.51E-10
ENSG00000267475,26.60088796,3.191080965,0.685585791,3.77E-07,2.18E-06
ENSG00000267481,7.046586274,1.684313012,0.904108671,0.012953653,0.030518857
ENSG00000267504,22.04548587,7.774548874,2.465177064,4.36E-09,3.21E-08
ENSG00000267519,27.04652314,3.154752144,0.599687975,3.07E-08,2.04E-07
ENSG00000267582,7.940279109,6.493307629,2.906549175,0.00015217,0.000584617
ENSG00000267632,19.30951496,4.490549255,0.927098087,4.78E-07,2.74E-06
ENSG00000267673,46.66558883,0.950897648,0.34344464,0.003265508,0.009151259
ENSG00000267688,41.62425479,1.790863508,0.472212467,3.63E-05,0.000157363
ENSG00000267796,30.87759196,1.125863898,0.406595491,0.002681295,0.007700346
ENSG00000267855,51.58242251,-3.201402639,0.352511906,1.58E-20,2.59E-19
ENSG00000267858,3.282911558,2.326295896,1.75418825,0.014615299,0.033774263
ENSG00000267898,64.12530265,8.448679566,1.287437871,3.67E-13,3.86E-12
ENSG00000267919,16.87506211,5.638987238,1.359349422,1.84E-06,9.78E-06
ENSG00000267922,12.50640768,2.141467726,1.04609401,0.005647851,0.014764558
ENSG00000268006,7.364679838,5.659014495,2.382574685,2.80E-05,0.000123498
ENSG00000268043,11.92552641,1.864261031,0.735965226,0.002580232,0.007444064
ENSG00000268093,4.97569882,5.34389479,2.635700326,0.000364316,0.001291383
ENSG00000268205,26.94713331,1.552922493,0.453886975,0.000195756,0.000734147
ENSG00000268223,2.551492266,4.504853736,2.745364222,0.001924217,0.005738963
ENSG00000268307,25.62887786,-1.18337806,0.530711897,0.010350501,0.025050185
ENSG00000268320,15.1205254,7.72788517,2.663572375,5.72E-07,3.24E-06
ENSG00000268584,6.51262992,2.210924904,1.237313868,0.013706762,0.03197582
ENSG00000268621,7.676010168,-1.818051849,0.838823666,0.005543688,0.014539505
ENSG00000268655,4.898959345,4.022999101,2.467719196,0.002002597,0.005945787
ENSG00000268670,35.89111302,4.752025143,0.845867726,5.94E-09,4.30E-08
ENSG00000268756,4.819930719,3.125436468,2.002512983,0.006129125,0.015862329
ENSG00000268858,96.21209818,3.550302921,0.385666905,8.97E-21,1.50E-19
ENSG00000268945,6.884180911,4.325311319,1.75862326,0.000742818,0.002457954
ENSG00000268947,6.275540105,4.08644312,1.555657206,0.000581718,0.001962552
ENSG00000268970,4.081049533,5.312119708,2.738925247,0.000578922,0.001954029
ENSG00000269044,11.52182832,1.545793116,0.704969933,0.007546072,0.019022827
ENSG00000269053,15.90685284,7.233986988,2.544494159,7.22E-07,4.04E-06
ENSG00000269068,7.005196207,6.554450242,2.545108044,6.83E-06,3.31E-05
ENSG00000269246,3.883972439,-1.316714051,2.753988876,0.013001681,0.030610164
ENSG00000269275,5.330690381,3.279978769,1.920053939,0.004678929,0.012545791
ENSG00000269318,3.974423977,5.208621016,2.598423147,0.000391952,0.001379215
ENSG00000269335,29.0648436,1.15154493,0.438297617,0.003947256,0.010820952
ENSG00000269352,32.1066316,2.698034123,0.519098131,3.92E-08,2.58E-07
ENSG00000269463,3.113618509,2.938094256,3.037550372,0.011248323,0.026917156
ENSG00000269688,55.75277994,6.11762218,0.775495123,3.20E-15,3.87E-14
ENSG00000269713,6.511174243,1.850729618,0.994903147,0.012845383,0.030308154
ENSG00000269729,32.42947612,-3.900465252,0.65542182,2.47E-10,2.06E-09
ENSG00000269807,4.485105529,3.476407946,2.397402086,0.005266982,0.013889256
ENSG00000269821,2.795450521,3.310413495,2.614455998,0.006529751,0.016773247
ENSG00000269825,27.54187473,1.344998107,0.423669457,0.000527856,0.001799706
ENSG00000269826,5.937497692,4.922626733,2.528173726,0.000507299,0.001734521
ENSG00000269855,18.87510168,-1.179195693,0.553472561,0.013386427,0.031354814
ENSG00000269858,74.23624948,1.706433731,0.282289869,4.46E-10,3.60E-09
ENSG00000269893,29.65955622,-1.117276495,0.374508674,0.00137162,0.004242911
ENSG00000269900,1204.210778,6.238873692,0.644180889,1.89E-23,3.65E-22
ENSG00000269906,10.58453937,1.794892418,1.062965575,0.014464163,0.033473084
ENSG00000269918,7.678604416,1.65231294,0.873082905,0.013180261,0.030962067
ENSG00000269925,13.59036186,3.412543335,0.816791883,5.63E-06,2.77E-05
ENSG00000269929,15.34651375,2.64297668,0.759600339,9.83E-05,0.000392405
ENSG00000269938,6.118980312,5.939593174,2.690337613,0.000143856,0.00055696
ENSG00000269951,5.468450964,5.047480785,2.549434745,0.00044191,0.001535233
ENSG00000269971,6.43173685,5.813234215,2.425229386,2.54E-05,0.000112908
ENSG00000269993,335.8543957,12.48787005,2.666862916,1.15E-22,2.15E-21
ENSG00000269997,6.669596027,2.765898127,1.521480855,0.007321032,0.018542687
ENSG00000270012,10.14279402,3.046478244,1.028088416,0.000569853,0.001929717
ENSG00000270020,2.245809487,2.792383195,3.168327152,0.012863664,0.030338653
ENSG00000270022,100.3692839,9.574943057,2.500290734,6.47E-14,7.17E-13
ENSG00000270039,2.915089082,-3.262921922,3.353118381,0.009891001,0.024054701
ENSG00000270048,4.513293848,3.274161648,3.472153299,0.009057701,0.02226371
ENSG00000270061,14.34439834,2.539803354,0.882686515,0.000557513,0.001891911
ENSG00000270066,70.05145014,6.623118616,0.978660518,5.47E-11,4.85E-10
ENSG00000270069,67.46812578,2.268787878,0.372175491,2.48E-10,2.06E-09
ENSG00000270083,4.792340612,3.357217969,2.01608875,0.004682813,0.012551655
ENSG00000270103,125.9298747,6.764565548,1.014581848,7.12E-11,6.24E-10
ENSG00000270108,14.49947076,1.754755384,0.82985587,0.007005389,0.017880845
ENSG00000270127,4.855768757,1.910663634,1.103754711,0.013170537,0.030949265
ENSG00000270141,50.83182471,8.945452231,2.520861065,2.41E-11,2.21E-10
ENSG00000270177,4.984281846,4.639098172,2.419647681,0.000555912,0.001887807
ENSG00000270195,38.73318525,7.472054199,1.2958054,1.47E-10,1.25E-09
ENSG00000270210,4.159716603,4.805396289,2.753632927,0.001297622,0.004043374
ENSG00000270482,11.66287739,5.076934556,2.302895097,9.19E-05,0.000368361
ENSG00000270589,3.288561093,2.511371455,1.7192094,0.011195309,0.026816885
ENSG00000270629,7.579116926,1.753009655,0.860868727,0.009382891,0.022946168
ENSG00000270640,9.74185996,6.04463917,2.473390075,2.20E-05,9.91E-05
ENSG00000270647,48.41556367,-1.112325298,0.289910997,6.17E-05,0.000256331
ENSG00000271303,446.0537311,1.156317839,0.126980994,4.00E-20,6.39E-19
ENSG00000271344,15.45592235,4.928577622,1.137832273,5.49E-06,2.71E-05
ENSG00000271383,7.782877497,2.143996926,0.861686232,0.002353843,0.006866165
ENSG00000271503,3.422480579,2.341778046,1.538668792,0.014704927,0.033932645
ENSG00000271553,4.390491545,2.289148879,1.513911968,0.015580732,0.035658133
ENSG00000271555,12.03662949,6.867651452,2.615878586,2.78E-06,1.43E-05
ENSG00000271743,2.86016765,3.732388077,2.698338897,0.004446113,0.011995476
ENSG00000271781,3.591896393,1.285327965,2.316330657,0.022728842,0.049364576
ENSG00000271795,5.521619218,5.342213175,2.465998465,0.000142085,0.000550842
ENSG00000271862,4.808013179,2.528621432,1.398011054,0.009501422,0.023189044
ENSG00000271991,4.287673096,3.976442885,2.606835679,0.002872432,0.008179511
ENSG00000272030,65.79936837,2.750767076,0.340931639,1.24E-16,1.62E-15
ENSG00000272047,6.740317421,-2.870586103,0.954913169,0.000357261,0.001269482
ENSG00000272056,2.5930357,3.464443373,3.183690087,0.007841788,0.019692871
ENSG00000272077,12.09310429,2.316134922,0.859671512,0.00110754,0.003503098
ENSG00000272088,3.629269028,2.349331336,2.696319966,0.014205432,0.032990322
ENSG00000272109,3.61958081,5.144485564,2.950584398,0.001322134,0.004110027
ENSG00000272123,3.14097358,3.530026238,2.969220136,0.006718806,0.017225267
ENSG00000272141,273.1037852,6.80256899,0.425083011,2.79E-57,1.45E-55
ENSG00000272145,6.286394547,3.113845879,1.568610376,0.003716019,0.010254993
ENSG00000272159,5.467337339,5.807088316,2.497189005,4.94E-05,0.00020926
ENSG00000272175,4.426948269,0.780704389,1.488766197,0.020804929,0.045762627
ENSG00000272217,18.20334055,4.481333772,0.959269838,9.01E-07,4.98E-06
ENSG00000272256,17.13752297,5.608518765,1.352939449,1.88E-06,9.94E-06
ENSG00000272263,6.042355694,3.647540672,1.707912319,0.002012154,0.005971714
ENSG00000272333,61.99470949,2.158799063,0.323095251,5.10E-12,4.90E-11
ENSG00000272345,7.17846937,1.956695983,1.201690398,0.016773471,0.038021268
ENSG00000272391,31.04416552,2.120272327,0.432379493,2.06E-07,1.23E-06
ENSG00000272398,379.8982435,-2.203620247,0.123631374,9.13E-72,6.24E-70
ENSG00000272434,5.517616261,1.607640771,2.861298763,0.017946609,0.040270712
ENSG00000272455,11.75313649,2.718488569,0.816952418,0.00014467,0.000559364
ENSG00000272457,5.967822953,4.065817445,2.426061411,0.001670662,0.00506834
ENSG00000272468,269.1671329,9.034637077,0.952938279,1.81E-19,2.81E-18
ENSG00000272512,17.93633217,5.356352976,1.316035176,2.96E-06,1.52E-05
ENSG00000272574,7.301729104,1.944685857,1.228047972,0.01431332,0.033203601
ENSG00000272589,10.10947357,2.376871348,0.865502459,0.000996979,0.003184
ENSG00000272666,12.63663363,-1.972011261,0.752046778,0.00150819,0.004619969
ENSG00000272669,60.55248941,4.564998407,0.541609976,1.10E-17,1.55E-16
ENSG00000272677,4.306101723,2.275597665,2.098954516,0.016053519,0.036599402
ENSG00000272695,15.07438934,4.252925303,0.875366214,1.87E-07,1.13E-06
ENSG00000272734,610.7910967,7.202567615,0.3229643,1.32E-109,1.53E-107
ENSG00000272735,4.248611392,2.056416002,2.798118947,0.021139862,0.04637255
ENSG00000272791,4.913023372,4.819944379,2.729784269,0.001196126,0.003749708
ENSG00000272799,4.362898454,4.541495598,3.044346985,0.002882894,0.008203482
ENSG00000272812,13.29809705,4.202960073,1.152159804,7.39E-05,0.000302191
ENSG00000272836,4.588966915,4.126112232,3.241464467,0.00471524,0.01260415
ENSG00000272886,102.5353256,2.894287449,0.2615735,3.41E-29,8.45E-28
ENSG00000272888,49.09471288,2.00834247,0.332259596,3.52E-10,2.87E-09
ENSG00000272894,5.653218792,3.312593619,1.495773886,0.002849809,0.008124678
ENSG00000272899,19.56006047,6.203312522,1.303299789,8.23E-08,5.19E-07
ENSG00000272906,25.47234975,5.080882377,0.947988816,3.22E-08,2.13E-07
ENSG00000272910,4.646034709,2.972400126,1.989279709,0.007704676,0.019378792
ENSG00000272913,5.781157066,-1.774948254,1.056963179,0.015775664,0.036035908
ENSG00000272994,19.40677882,3.406565545,0.732390437,6.77E-07,3.80E-06
ENSG00000273001,21.15334518,6.371333507,1.358815761,1.08E-07,6.75E-07
ENSG00000273002,2.77568652,2.695793165,3.022783827,0.013411587,0.031397462
ENSG00000273017,13.568624,3.385171215,1.037430997,0.000201174,0.000751743
ENSG00000273038,46.57556697,3.837725732,0.452010761,4.17E-18,6.00E-17
ENSG00000273055,4.47136766,2.610200935,1.553096074,0.009811354,0.023873031
ENSG00000273058,6.152306915,2.259889364,1.570313283,0.013624401,0.031814438
ENSG00000273096,12.32649812,4.338810718,2.803324728,0.00247178,0.007165441
ENSG00000273110,2.984065841,2.444456128,2.364689462,0.014685489,0.033898593
ENSG00000273113,10.15522534,5.199868268,1.480266027,2.55E-05,0.000113355
ENSG00000273129,5.056137845,3.558386628,1.632840435,0.001989928,0.005913023
ENSG00000273137,4.86813404,4.525876972,2.723344812,0.001752012,0.005280835
ENSG00000273142,14.88514642,2.591409781,0.697453919,3.41E-05,0.000148207
ENSG00000273145,2.991980719,3.59220292,2.801580018,0.005701822,0.01488415
ENSG00000273210,19.40895634,7.491267927,2.516049614,1.34E-07,8.23E-07
ENSG00000273216,5.180199773,3.946322287,1.550571328,0.000762617,0.002515992
ENSG00000273254,4.798148539,2.864369849,2.359175878,0.009147221,0.022453987
ENSG00000273271,7.019329004,3.17737106,1.528849553,0.003777365,0.010410401
ENSG00000273295,4.809028696,2.088586698,1.169754784,0.012077109,0.028710644
ENSG00000273306,32.18970862,3.196242129,0.638892461,7.41E-08,4.71E-07
ENSG00000273328,2.295831226,2.312847682,3.026842362,0.017917546,0.040217961
ENSG00000273356,5.888026194,5.527481228,2.538104982,0.000146944,0.000567098
ENSG00000273391,8.648349986,2.627702956,1.218516221,0.002901391,0.008250617
ENSG00000273416,5.820992075,2.803918468,2.421760387,0.009805708,0.023869496
ENSG00000273437,8.625392775,2.650608864,1.103453831,0.00210576,0.006221465
ENSG00000273450,16.26881887,4.580641937,0.986899375,9.24E-07,5.10E-06
ENSG00000273454,8.187401818,3.563351129,1.430309511,0.00155957,0.004763251
ENSG00000273466,34.02598936,3.546239761,0.586923564,2.56E-10,2.13E-09
ENSG00000273521,3.311598969,4.728620505,2.875698022,0.001888809,0.005643821
ENSG00000273542,9.12238496,6.466514312,2.526383268,9.31E-06,4.42E-05
ENSG00000273559,204.3182308,3.13555003,0.200951611,1.27E-55,6.39E-54
ENSG00000273568,27.00022315,2.483481347,0.648608205,1.89E-05,8.57E-05
ENSG00000273576,31.73088557,1.936575459,0.509706448,3.05E-05,0.000133555
ENSG00000273599,7.084188019,6.440891987,2.523941421,8.29E-06,3.98E-05
ENSG00000273604,38.06561867,2.689542364,0.418338794,2.27E-11,2.08E-10
ENSG00000273611,8.012162594,-1.563541257,0.789639969,0.011486679,0.027428613
ENSG00000273687,6.640171213,1.211865298,2.176870444,0.022040803,0.04808661
ENSG00000273703,23.74976389,8.517592943,2.667876952,2.16E-08,1.46E-07
ENSG00000273749,117.302614,0.986504768,0.196654459,3.10E-07,1.82E-06
ENSG00000273759,10.53959787,2.070390488,0.885555391,0.003503148,0.009753045
ENSG00000273760,22.11683206,-2.954049883,0.579565334,4.75E-08,3.10E-07
ENSG00000273802,1813.290659,7.421261276,0.226484339,1.18E-234,3.99E-232
ENSG00000273841,136.3782701,0.709636239,0.193303059,0.000178097,0.000673326
ENSG00000273893,10.39034402,3.822398223,1.111607401,8.78E-05,0.000353072
ENSG00000273899,36.70716461,0.89827365,0.370848248,0.009285319,0.022745968
ENSG00000274204,16.40648201,4.799533277,1.047380442,9.50E-07,5.23E-06
ENSG00000274213,60.68422722,1.956487072,0.369604168,2.68E-08,1.79E-07
ENSG00000274290,51.75629536,5.801934615,0.754304381,1.73E-14,1.98E-13
ENSG00000274370,10.66405078,5.383684091,1.434847453,9.97E-06,4.71E-05
ENSG00000274460,3.771238961,1.9892363,1.66039849,0.022232719,0.048446201
ENSG00000274512,10.19427963,1.869627137,0.781426737,0.003436766,0.009581125
ENSG00000274528,9.094527277,1.699646679,0.90346669,0.013057841,0.03071435
ENSG00000274561,18.45848389,3.25855441,0.745745992,1.62E-06,8.66E-06
ENSG00000274618,84.23757777,9.144457157,2.484114829,1.30E-12,1.31E-11
ENSG00000274641,13.37714262,5.020464571,1.774475303,0.000219169,0.00081207
ENSG00000274678,25.99226279,8.863664121,2.625219315,8.56E-10,6.75E-09
ENSG00000274737,4.909129405,4.813350103,2.450492583,0.000445794,0.001546501
ENSG00000274750,22.69254332,2.76406768,0.610723516,1.13E-06,6.17E-06
ENSG00000274818,15.80068363,8.02060075,2.613994639,5.76E-08,3.72E-07
ENSG00000274828,15.07816869,1.41045105,0.621835459,0.007493381,0.018909751
ENSG00000274859,4.999665842,4.695321388,3.217148488,0.002928692,0.00831622
ENSG00000274918,4.060288405,1.480630402,2.480503667,0.022235736,0.048446201
ENSG00000274925,6.184419963,3.312433421,1.478079834,0.002125942,0.006269581
ENSG00000274943,23.03853126,4.152682666,0.847523355,1.30E-07,8.00E-07
ENSG00000274997,206.4155705,9.715912197,1.267828079,2.95E-17,4.04E-16
ENSG00000275052,61.23066034,0.812584805,0.266112614,0.001530875,0.004681536
ENSG00000275055,10.32656998,3.103883975,1.095628698,0.000714815,0.002371253
ENSG00000275056,11.14414398,6.420045238,2.517101871,1.00E-05,4.74E-05
ENSG00000275066,32.56432624,1.829388915,0.395304991,9.55E-07,5.26E-06
ENSG00000275091,5.055813517,1.969043139,2.30834427,0.020361063,0.044902252
ENSG00000275092,6.940204119,3.822854945,1.504239631,0.0008228,0.002688815
ENSG00000275126,73.23378418,10.02423445,2.564501196,1.00E-14,1.16E-13
ENSG00000275180,11.5434166,1.868016036,0.849340458,0.005592366,0.014640655
ENSG00000275198,3.806768945,4.143808459,2.509871849,0.00184891,0.005533735
ENSG00000275216,87.48148379,2.383429761,0.310609389,3.59E-15,4.30E-14
ENSG00000275221,26.81022096,4.90938494,1.036136527,4.78E-07,2.74E-06
ENSG00000275234,131.203336,1.970634572,0.209712061,1.35E-21,2.37E-20
ENSG00000275342,18.104163,-1.067768401,0.475238546,0.011725195,0.027942862
ENSG00000275379,25.07613938,7.861282454,2.498680622,1.16E-08,8.11E-08
ENSG00000275437,3.786468739,2.003326162,1.655821056,0.021852537,0.047747031
ENSG00000275576,6.863687915,5.575076648,2.60598074,0.000197628,0.000740594
ENSG00000275645,11.46769996,3.615144428,1.009120182,4.66E-05,0.000198657
ENSG00000275713,9.981489388,3.327366704,0.985696594,0.00016078,0.000614598
ENSG00000275714,92.58051471,7.724984298,1.270402576,1.79E-11,1.65E-10
ENSG00000275759,7.627705991,3.469370457,1.218923754,0.000513429,0.001754649
ENSG00000275764,23.64114855,2.212443236,0.575393297,2.28E-05,0.000102296
ENSG00000275765,6.092794888,4.312104247,1.554087579,0.000360006,0.001277982
ENSG00000275832,62.70215477,1.559494209,0.281084861,9.67E-09,6.81E-08
ENSG00000275835,5.806186297,-2.347823949,1.052055021,0.003896755,0.010698712
ENSG00000275888,6.862928055,5.072583855,2.611841723,0.000544172,0.001851411
ENSG00000275894,27.74191683,6.65188923,1.329335077,1.90E-08,1.29E-07
ENSG00000275895,7.398017635,5.90541437,2.417347467,1.60E-05,7.34E-05
ENSG00000276023,186.1980908,-0.640202144,0.152264533,2.04E-05,9.22E-05
ENSG00000276045,15.58228261,-1.774631562,0.614380364,0.000867455,0.002818207
ENSG00000276107,9.833759591,2.658963752,0.954156157,0.00064523,0.002159218
ENSG00000276180,41.06114893,8.006475463,2.465122336,8.40E-10,6.63E-09
ENSG00000276216,20.22173713,5.485175533,1.393097264,4.65E-06,2.32E-05
ENSG00000276248,6.194126709,2.746070798,1.092783929,0.001943493,0.005792873
ENSG00000276259,2.061309732,1.49964113,2.8377748,0.02285149,0.049593761
ENSG00000276368,5.24803253,5.443885606,2.760099322,0.000507174,0.0017345
ENSG00000276384,6.836094371,2.393970739,1.339772689,0.00698313,0.01782816
ENSG00000276390,10.38436968,2.421134643,1.106980254,0.003894603,0.010694858
ENSG00000276410,71.55818179,6.862551528,1.019010483,4.47E-11,3.99E-10
ENSG00000276445,18.96829052,8.571530103,2.550096425,2.38E-10,1.99E-09
ENSG00000276523,4.303567977,4.284921507,3.179155424,0.004022648,0.010992252
ENSG00000276600,22.65836982,-3.758673208,0.571782641,7.06E-12,6.74E-11
ENSG00000276603,33.37027019,5.871924986,1.040387182,1.94E-08,1.32E-07
ENSG00000276791,3.280898513,2.936697426,2.520766748,0.009062808,0.022272481
ENSG00000276814,5.920354765,3.673037273,1.349663315,0.0009266,0.002986902
ENSG00000276831,7.655699674,6.686952121,2.726897614,3.08E-05,0.00013505
ENSG00000276850,8.257448589,-2.344496101,0.887938137,0.001219037,0.003816576
ENSG00000276867,7.687528923,3.255320522,1.612665625,0.003819054,0.010511292
ENSG00000276900,48.00543545,5.593947473,0.645932331,3.45E-18,5.02E-17
ENSG00000276903,34.57438424,8.638664895,2.569160155,8.45E-10,6.66E-09
ENSG00000276916,12.27648856,2.388750196,0.913593545,0.001252654,0.003914205
ENSG00000276966,152.4049957,7.755728312,0.805536757,8.27E-21,1.39E-19
ENSG00000276997,7.172544567,2.719372658,1.06809819,0.001874133,0.005602279
ENSG00000277075,842.667591,6.111129184,0.220912085,2.65E-168,5.73E-166
ENSG00000277157,155.944937,6.720344636,0.589986329,7.05E-30,1.80E-28
ENSG00000277224,51.82514372,6.138984764,0.838229642,4.92E-13,5.14E-12
ENSG00000277258,54.68267713,2.368941925,0.332796138,2.12E-13,2.26E-12
ENSG00000277310,28.32131119,6.988004946,1.473295939,6.56E-08,4.20E-07
ENSG00000277462,10.57800835,2.596979992,0.767777432,0.000112816,0.000445966
ENSG00000277476,17.95756269,5.183982602,1.059174992,6.77E-07,3.80E-06
ENSG00000277558,4.407359323,4.777288764,2.626304406,0.000949415,0.003051617
ENSG00000277595,15.99657846,4.162991398,1.08904003,1.48E-05,6.82E-05
ENSG00000277775,14.49246172,4.707832949,1.152328241,1.41E-05,6.55E-05
ENSG00000277791,156.4072826,-1.697591137,0.214196784,6.34E-16,7.97E-15
ENSG00000277879,5.189648935,1.920743749,1.170491697,0.017452452,0.039375428
ENSG00000277895,5.224943039,4.44612509,2.460894071,0.000961854,0.003085435
ENSG00000277938,3.721423197,2.919673891,1.659418959,0.005926427,0.015415967
ENSG00000277959,18.97249341,4.246800945,0.745271861,1.94E-09,1.48E-08
ENSG00000277972,8.128247144,-2.90902311,0.947929128,0.000292784,0.001058557
ENSG00000277999,5.612783124,4.591918855,3.170360517,0.003048205,0.008607256
ENSG00000278000,104.8933025,6.941958071,0.655110461,1.22E-25,2.59E-24
ENSG00000278129,10.16509654,1.650510204,0.691295165,0.004281018,0.011601936
ENSG00000278224,17.03344336,2.516301361,0.672720265,3.35E-05,0.000145914
ENSG00000278311,80.05782121,1.370820826,0.254702454,2.90E-08,1.93E-07
ENSG00000278341,31.18166239,6.17767417,0.996461542,1.30E-09,1.01E-08
ENSG00000278463,258.5297522,12.12932651,2.653832034,2.62E-21,4.53E-20
ENSG00000278464,2.156458924,2.720144051,3.817617313,0.014649126,0.033830836
ENSG00000278540,28.9121562,-1.857746749,0.406521177,1.19E-06,6.45E-06
ENSG00000278588,9.447135303,3.944542385,2.479935423,0.002306211,0.006743526
ENSG00000278611,6.815546638,2.012985076,1.220566127,0.01533212,0.035194848
ENSG00000278637,11.04439835,4.003596895,2.455873352,0.001997382,0.005931521
ENSG00000278705,331.8407143,10.29728671,1.271350423,4.48E-19,6.82E-18
ENSG00000278709,3.421972888,4.172631231,2.597561014,0.00218245,0.006423147
ENSG00000278730,44.00808741,1.792831233,0.358746966,1.55E-07,9.43E-07
ENSG00000278784,8.718796715,1.865057741,1.05973094,0.012639406,0.029890347
ENSG00000278828,24.27980531,3.839575001,0.739196212,6.07E-08,3.91E-07
ENSG00000278845,58.10985232,-0.948017918,0.27152467,0.000281061,0.001019735
ENSG00000278869,3.45670622,4.28461272,3.036184171,0.003635834,0.010070175
ENSG00000279342,2.220855974,2.087533197,2.651875439,0.021725117,0.047512415
ENSG00000279529,4.909095576,2.413102087,1.608885923,0.011905868,0.028336123
ENSG00000280109,4.679084116,5.421969998,2.492188264,0.000133038,0.000518127
ENSG00000280213,5.531275942,5.647821745,2.47538945,6.45E-05,0.000266892
ENSG00000280587,21.02413826,2.192697569,0.539814899,9.52E-06,4.52E-05
ENSG00000280670,3.989180979,1.892319841,1.249273166,0.020500986,0.045155807
ENSG00000280693,6.376872583,-2.18262357,0.991866143,0.004034327,0.011017927
ENSG00000281026,5.330861036,2.219867014,1.183078037,0.009282124,0.022741988
ENSG00000281183,51.7268309,3.324727322,0.459047544,9.25E-14,1.01E-12
ENSG00000281195,7.219570932,3.434789487,1.21376059,0.000914766,0.002954017
ENSG00000281491,15.07966416,6.891763403,2.444298539,5.31E-07,3.03E-06
ENSG00000281756,7.033400615,6.414818981,2.503036388,7.17E-06,3.47E-05
ENSG00000282221,4.502169583,-5.7599535,2.836653131,0.000271585,0.000987582
ENSG00000282386,7.853475074,2.729937258,1.429754049,0.005179648,0.013683872
ENSG00000282508,3.438787583,3.843073976,2.497803203,0.00281284,0.0080351
ENSG00000282885,688.4129958,6.191642126,0.272360918,8.61E-115,1.07E-112
ENSG00000282977,44.73093218,5.461832716,0.927639928,2.04E-09,1.55E-08
ENSG00000283000,74.43747077,2.843115276,0.349983125,6.45E-17,8.57E-16
ENSG00000283078,3.158492313,2.740362697,2.630259825,0.011848029,0.028221657
ENSG00000283154,3.660288943,2.378402405,1.807700336,0.01397635,0.032520897
ENSG00000283209,3.058751245,1.514583111,3.371569132,0.015678724,0.035849392
ENSG00000283439,5.047169541,6.337296089,2.63465542,3.13E-05,0.000137051
ENSG00000283633,20.11296065,1.146568516,0.50544194,0.010260695,0.024870248
ENSG00000283635,4.05539668,3.329187888,2.598657811,0.006286727,0.016226704
ENSG00000283907,5.988917032,2.86812584,1.390287976,0.00507459,0.013440657
ENSG00000283992,62.4079888,-1.752744726,0.283836582,1.73E-10,1.46E-09
ENSG00000284642,14.5112954,4.117368919,1.077750908,5.25E-05,0.000221614
ENSG00000284753,11.77043817,-3.176630043,0.808339911,1.33E-05,6.19E-05
ENSG00000284981,9.130756117,-1.811377729,0.809536357,0.004870929,0.012986751
ENSG00000285244,11.63691186,6.022607669,2.405949311,1.12E-05,5.26E-05
ENSG00000285480,6.919538907,3.86796024,1.912261591,0.002112622,0.00623792
ENSG00000285583,22.92307191,2.87630791,0.748952134,1.43E-05,6.60E-05
ENSG00000285623,4.023242864,4.452975598,3.033190457,0.003074302,0.008674179
ENSG00000285646,8.135460915,5.115447056,2.356372096,0.000122818,0.000482084
ENSG00000285650,2.71782778,4.019485224,3.030475576,0.004685561,0.012553235
ENSG00000285685,6.76585683,3.851668627,1.533693344,0.000870358,0.002827004
ENSG00000285737,11.70287912,3.623961842,1.14715405,0.000395721,0.001391799
ENSG00000285744,9.919406149,6.093230724,2.440860743,1.11E-05,5.21E-05
ENSG00000285796,5.284063655,4.298954031,2.383650584,0.00095062,0.00305481
ENSG00000285898,2.071398578,2.601860867,3.944605465,0.01546265,0.035438299
ENSG00000285906,16.67264013,1.436789694,0.59592831,0.004906019,0.013070682
ENSG00000286000,2.022703637,2.011222698,3.031112614,0.021830762,0.047707429
ENSG00000286010,6.289899164,-2.600462114,0.968008579,0.000913028,0.002949721
ENSG00000286035,2.57908065,3.911600902,2.937907806,0.004846906,0.012929846
ENSG00000286207,6.753777282,4.616102452,1.449725977,9.94E-05,0.000396599
ENSG00000286230,6.003025091,6.243444817,2.586537444,2.99E-05,0.000131319
ENSG00000286337,3.022587594,1.955482084,4.484062908,0.015229317,0.034981044
ENSG00000286342,20.09564694,-3.958666235,0.648921121,1.49E-10,1.27E-09
ENSG00000286380,13.97252789,6.988909004,2.446149849,3.31E-07,1.93E-06
ENSG00000286388,7.557942877,1.768611136,0.894344585,0.010188528,0.024720154
ENSG00000286393,10.983458,6.804253333,2.583997866,2.12E-06,1.11E-05
ENSG00000286408,6.274605776,2.435933606,1.673248405,0.013397572,0.031375844
ENSG00000286522,10.20885725,5.746004787,2.524318766,8.27E-05,0.000334185
ENSG00000286562,7.356804464,6.658274268,2.745236578,3.89E-05,0.000167929
ENSG00000286570,7.448084048,6.294695782,2.76918448,0.000110476,0.000438032
ENSG00000286592,5.313700319,6.022780473,2.564037856,4.63E-05,0.000197387
ENSG00000286741,10.5574442,4.269383829,1.375434533,0.000154179,0.000591709
ENSG00000286755,16.641883,8.538698136,2.603120665,1.06E-09,8.30E-09
ENSG00000286913,2.309853467,3.398695925,3.118293193,0.008127736,0.020299599
ENSG00000286948,40.09226819,7.886251106,1.338995476,5.49E-11,4.87E-10
ENSG00000286952,3.023307185,4.124671287,2.636072024,0.002522145,0.007291008
ENSG00000287001,63.56296125,9.76157815,2.545606592,4.30E-14,4.80E-13
ENSG00000287064,7.217131082,5.108676117,2.404365046,0.000164239,0.000626332
ENSG00000287078,3.893410791,3.228015177,1.618551401,0.003395553,0.009486321
ENSG00000287080,120.5074893,8.527569583,1.267344506,1.18E-13,1.28E-12
ENSG00000287089,2.240148566,1.777717426,3.449396217,0.019180122,0.042655224
ENSG00000287168,14.01343614,5.57136903,1.368394151,2.59E-06,1.34E-05
ENSG00000287175,13.03195288,7.667318028,2.506225996,2.54E-08,1.70E-07
ENSG00000287396,6.366420823,5.244938636,2.571408045,0.00027683,0.001005139
ENSG00000287454,2.029361828,2.122133137,3.269743394,0.019760119,0.043770312
ENSG00000287507,4.103042006,4.337332215,2.990715721,0.003305561,0.009254547
ENSG00000287512,6.434792152,5.158738687,2.481676408,0.0002441,0.000895735
ENSG00000287529,3.33082778,3.846243281,2.855730314,0.004711561,0.012598967
ENSG00000287553,94.33400397,8.302822803,1.267972945,4.85E-13,5.08E-12
ENSG00000287562,6.632381936,2.678559079,1.105680149,0.002448791,0.007108761
ENSG00000287601,17.60032128,7.883802876,2.532532204,1.82E-08,1.24E-07
ENSG00000287697,8.153338466,3.026403086,1.253586963,0.002697017,0.007742429
ENSG00000287737,20.92809696,7.371014908,2.408413914,1.74E-08,1.18E-07
ENSG00000287766,13.08812922,8.024152548,2.616266032,3.89E-08,2.56E-07
ENSG00000287769,3.618530262,2.247721024,1.625331128,0.015451163,0.035428796
ENSG00000287895,2.639534072,-3.61197291,3.549136942,0.007922253,0.019863934
ENSG00000287906,25.00678142,2.411751046,0.498415806,2.21E-07,1.32E-06
ENSG00000287979,4.238783891,2.909033178,2.521405823,0.009267624,0.022714149
ENSG00000288007,6.520631345,5.970334984,2.658666781,0.000111801,0.000442681
ENSG00000288056,4.574707191,3.137896501,1.623603345,0.003969128,0.010858298
ENSG00000288253,2.228733576,2.313928093,2.822576562,0.018020569,0.040392855
ENSG00000288380,10.96074448,1.613022927,0.668092097,0.00415298,0.0113036
